rank,title,title_english,title_japanese,type,members,score,year,image_url
1,Oyasumi Punpun,Goodnight Punpun,おやすみプンプン,Manga,529645,8.97,2007,https://cdn.myanimelist.net/images/manga/3/266834l.jpg
2,3-gatsu no Lion,March Comes in Like a Lion,3月のライオン,Manga,81793,8.86,2007,https://cdn.myanimelist.net/images/manga/2/52283l.jpg
3,Kokou no Hito,The Climber,孤高の人,Manga,161569,8.84,2007,https://cdn.myanimelist.net/images/manga/1/324690l.jpg
4,Uchuu Kyoudai,Space Brothers,宇宙兄弟,Manga,43391,8.77,2007,https://cdn.myanimelist.net/images/manga/3/166256l.jpg
5,Chihayafuru,Chihayafuru,ちはやふる,Manga,55663,8.59,2007,https://cdn.myanimelist.net/images/manga/1/245072l.jpg
6,Sakamichi no Apollon,,坂道のアポロン,Manga,34234,8.5,2007,https://cdn.myanimelist.net/images/manga/3/254787l.jpg
7,Ookami to Koushinryou,Spice & Wolf,狼と香辛料,Manga,46838,8.47,2007,https://cdn.myanimelist.net/images/manga/3/153861l.jpg
8,Onanie Master Kurosawa,Onani Master Kurosawa,オナニーマスター黒沢,Manga,161651,8.4,2007,https://cdn.myanimelist.net/images/manga/3/212092l.jpg
9,SKET Dance,,SKET DANCE,Manga,36317,8.39,2007,https://cdn.myanimelist.net/images/manga/1/173959l.jpg
10,Katanagatari,Katanagatari: Sword Tale,刀語,Light Novel,9123,8.38,2007,https://cdn.myanimelist.net/images/manga/2/167366l.jpg
10,Kiichi VS,,キーチVS,Manga,4930,8.38,2007,https://cdn.myanimelist.net/images/manga/2/269277l.jpg
12,The Breaker,The Breaker,브레이커,Manhwa,152132,8.37,2007,https://cdn.myanimelist.net/images/manga/2/270151l.jpg
13,Hana to Akuma,,花と悪魔,Manga,45977,8.28,2007,https://cdn.myanimelist.net/images/manga/3/262244l.jpg
14,Toaru Majutsu no Index Gaiden: Toaru Kagaku no Railgun,A Certain Scientific Railgun,とある魔術の禁書目録外伝 とある科学の超電磁砲〈レールガン〉,Manga,32176,8.27,2007,https://cdn.myanimelist.net/images/manga/1/149212l.jpg
15,Dengeki Daisy,Dengeki Daisy,電撃デイジー,Manga,122971,8.26,2007,https://cdn.myanimelist.net/images/manga/1/152369l.jpg
16,Sengoku Youko,Sengoku Youko,戦国妖狐,Manga,21732,8.17,2007,https://cdn.myanimelist.net/images/manga/3/260807l.jpg
16,Totally Captivated,Totally Captivated,완전무결하게 사로잡히다,Manhwa,19388,8.17,2007,https://cdn.myanimelist.net/images/manga/5/30115l.jpg
18,Sora no Otoshimono,,そらのおとしもの,Manga,47025,8.16,2007,https://cdn.myanimelist.net/images/manga/2/188988l.jpg
19,Baby Steps,Baby Steps,ベイビーステップ,Manga,28290,8.15,2007,https://cdn.myanimelist.net/images/manga/2/202589l.jpg
20,Byousoku 5 Centimeter,5 Centimeters per Second,秒速5センチメートル,Novel,6355,8.14,2007,https://cdn.myanimelist.net/images/manga/3/281622l.jpg
21,Higurashi no Naku Koro ni - Dai 1-wa: Onikakushi-hen,,ひぐらしのなく頃に 第一話~鬼隠し編~,Light Novel,2670,8.13,2007,https://cdn.myanimelist.net/images/manga/1/286726l.jpg
21,Higurashi no Naku Koro ni - Dai 3-wa: Tatarigoroshi-hen,,ひぐらしのなく頃に 第三話～祟殺し編～,Light Novel,1927,8.13,2007,https://cdn.myanimelist.net/images/manga/1/135193l.jpg
23,Rosario to Vampire: Season II,Rosario+Vampire: Season II,ロザリオとバンパイア SeasonⅡ,Manga,71891,8.12,2007,https://cdn.myanimelist.net/images/manga/1/270596l.jpg
24,Oresama Teacher,Oresama Teacher,俺様ティーチャー,Manga,40704,8.11,2007,https://cdn.myanimelist.net/images/manga/3/269703l.jpg
25,Seven Days,Seven Days: Monday–Sunday,セブンデイズ,Manga,59030,8.1,2007,https://cdn.myanimelist.net/images/manga/3/270524l.jpg
26,Kono Sekai no Katasumi ni,In This Corner of the World,この世界の片隅に,Manga,10599,8.09,2007,https://cdn.myanimelist.net/images/manga/3/45441l.jpg
26,Noblesse,Noblesse,노블레스,Manhwa,116046,8.09,2007,https://cdn.myanimelist.net/images/manga/2/266261l.jpg
28,Shoukoku no Altair,Altair: A Record of Battles,将国のアルタイル,Manga,16770,8.08,2007,https://cdn.myanimelist.net/images/manga/1/172104l.jpg
29,Higurashi no Naku Koro ni - Dai 2-wa: Watanagashi-hen,,ひぐらしのなく頃に 第二話～綿流し編～,Light Novel,2088,8.07,2007,https://cdn.myanimelist.net/images/manga/1/134167l.jpg
29,Sakura-gari,,櫻狩り,Manga,8425,8.07,2007,https://cdn.myanimelist.net/images/manga/3/260780l.jpg
31,Giant Killing,Giant Killing,GIANT KILLING,Manga,15128,8.05,2007,https://cdn.myanimelist.net/images/manga/3/147425l.jpg
31,The Legend of the Sun Knight,,吾命騎士,Light Novel,3474,8.05,2007,https://cdn.myanimelist.net/images/manga/3/34580l.jpg
33,Yamamoto Zenjirou to Moushimasu,,山本善次朗と申します,Manga,7355,8.04,2007,https://cdn.myanimelist.net/images/manga/2/66297l.jpg
34,Adekan,Adekan,艶漢,Manga,11583,8.02,2007,https://cdn.myanimelist.net/images/manga/3/175521l.jpg
34,Clover,,クローバー,Manga,13657,8.02,2007,https://cdn.myanimelist.net/images/manga/2/165401l.jpg
34,Toradora!,Toradora!,とらドラ!,Manga,42433,8.02,2007,https://cdn.myanimelist.net/images/manga/2/174090l.jpg
37,Seitokai Yakuindomo,,生徒会役員共,Manga,25590,8.01,2007,https://cdn.myanimelist.net/images/manga/1/135853l.jpg
38,Tengen Toppa Gurren Lagann,,天元突破グレンラガン,Manga,16243,8.0,2007,https://cdn.myanimelist.net/images/manga/3/268490l.jpg
39,Yuuutsu na Asa,Blue Morning,憂鬱な朝,Manga,5810,7.99,2007,https://cdn.myanimelist.net/images/manga/3/266667l.jpg
40,Bokura no Kiseki,,ボクラノキセキ,Manga,16241,7.98,2007,https://cdn.myanimelist.net/images/manga/3/157890l.jpg
40,Code Geass: Hangyaku no Lelouch,Code Geass: Lelouch of the Rebellion,コードギアス 反逆のルルーシュ,Light Novel,5223,7.98,2007,https://cdn.myanimelist.net/images/manga/1/197070l.jpg
40,Hidoku Shinaide,Don't Be Cruel,酷くしないで,Manga,15074,7.98,2007,https://cdn.myanimelist.net/images/manga/1/40680l.jpg
40,Toshokan Sensou: Love & War,Library Wars: Love & War,図書館戦争 LOVE＆WAR,Manga,8997,7.98,2007,https://cdn.myanimelist.net/images/manga/2/138477l.jpg
44,Hori-san to Miyamura-kun,,堀さんと宮村くん,Manga,16341,7.96,2007,https://cdn.myanimelist.net/images/manga/2/173355l.jpg
44,Karneval,Karneval,カーニヴァル,Manga,38234,7.96,2007,https://cdn.myanimelist.net/images/manga/3/172699l.jpg
44,Strobe Edge,Strobe Edge,ストロボ・エッジ,Manga,68793,7.96,2007,https://cdn.myanimelist.net/images/manga/1/255194l.jpg
47,Shiki,,屍鬼,Manga,24073,7.95,2007,https://cdn.myanimelist.net/images/manga/1/56519l.jpg
48,Kimi ni Todoke,,君に届け,Light Novel,4870,7.94,2007,https://cdn.myanimelist.net/images/manga/1/38690l.jpg
48,Psyren,Psyren,PSYЯEN -サイレン-,Manga,100552,7.94,2007,https://cdn.myanimelist.net/images/manga/2/160868l.jpg
50,Clannad: Tomoyo After,Tomoyo After ~Dear Shining Memories~,智代アフター ～Dear Shining Memories～,Manga,8558,7.93,2007,https://cdn.myanimelist.net/images/manga/1/6141l.jpg
50,Dai Densetsu no Yuusha no Densetsu,,大伝説の勇者の伝説,Light Novel,3480,7.93,2007,https://cdn.myanimelist.net/images/manga/3/126791l.jpg
50,Finder no Hyouteki,,ファインダーの標的,Light Novel,1955,7.93,2007,https://cdn.myanimelist.net/images/manga/3/24979l.jpg
50,Kiss yori mo Hayaku,,キスよりも早く,Manga,41798,7.93,2007,https://cdn.myanimelist.net/images/manga/5/111965l.jpg
50,Sasameki Koto,Whispered Words,ささめきこと,Manga,25079,7.93,2007,https://cdn.myanimelist.net/images/manga/2/217658l.jpg
55,Clannad: Hikaru Mimamoru Sakamichi de,Clannad Official Another Story,CLANNAD～光見守る坂道で～,Manga,4068,7.92,2007,https://cdn.myanimelist.net/images/manga/1/162583l.jpg
55,L Change the WorLd,,L Change the WorLd,Light Novel,22832,7.92,2007,https://cdn.myanimelist.net/images/manga/3/11590l.jpg
55,Satougashi no Dangan wa Uchinukenai: A Lollypop or A Bullet,,砂糖菓子の弾丸は撃ちぬけない A Lollypop or A Bullet,Manga,19527,7.92,2007,https://cdn.myanimelist.net/images/manga/2/335177l.jpg
55,Toaru Majutsu no Index SS,A Certain Magical Index SS,とある魔術の禁書目録 SS,Light Novel,5057,7.92,2007,https://cdn.myanimelist.net/images/manga/2/58243l.jpg
59,Deadman Wonderland,Deadman Wonderland,デッドマン・ワンダーランド,Manga,214753,7.91,2007,https://cdn.myanimelist.net/images/manga/4/271990l.jpg
60,Tobaku Haouden Zero,Gambling Emperor Legend Zero,賭博覇王伝 零,Manga,7276,7.9,2007,https://cdn.myanimelist.net/images/manga/3/24288l.jpg
61,Decoration Disorder Disconnection,Decoration Disorder Disconnection,デコレーション・ディスオーダー・ディスコネクション,Light Novel,3230,7.89,2007,https://cdn.myanimelist.net/images/manga/1/22535l.jpg
61,Me de Shireru Yoru no Junjou,,愛で痴れる夜の純情,Manga,3959,7.89,2007,https://cdn.myanimelist.net/images/manga/2/340276l.jpg
63,Jinrui wa Suitai Shimashita,,人類は衰退しました,Light Novel,2826,7.88,2007,https://cdn.myanimelist.net/images/manga/1/123725l.jpg
64,Baka to Test to Shoukanjuu,,バカとテストと召喚獣,Light Novel,9562,7.87,2007,https://cdn.myanimelist.net/images/manga/1/153247l.jpg
64,½ Prince,,½ 王子,Manhua,33222,7.87,2007,https://cdn.myanimelist.net/images/manga/4/79715l.jpg
66,Ilegenes: Kokuyou no Kiseki,Ilegenes: Track of a Black Gleam,イルゲネス～黒耀の軌跡～,Manga,8988,7.86,2007,https://cdn.myanimelist.net/images/manga/1/14440l.jpg
66,Koizora: Setsunai Koimonogatari,,恋空～切ナイ恋物語～,Manga,14691,7.86,2007,https://cdn.myanimelist.net/images/manga/2/14961l.jpg
66,Shinryaku! Ika Musume,,侵略!イカ娘,Manga,9172,7.86,2007,https://cdn.myanimelist.net/images/manga/2/53447l.jpg
66,Trace,,트레이스,Manhwa,11824,7.86,2007,https://cdn.myanimelist.net/images/manga/3/144971l.jpg
70,Hanazakari no Kimitachi e: After School,,花ざかりの君たちへ After School,Manga,4110,7.84,2007,https://cdn.myanimelist.net/images/manga/3/270293l.jpg
70,Sekaiichi Hatsukoi: Yoshino Chiaki no Baai,,世界一初恋 〜吉野千秋の場合〜,Light Novel,4591,7.84,2007,https://cdn.myanimelist.net/images/manga/1/44313l.jpg
72,Hanatsukihime,,花月姫,Manga,15912,7.83,2007,https://cdn.myanimelist.net/images/manga/2/185699l.jpg
73,Kiss/Hug,,キス/はぐ,Manga,16886,7.82,2007,https://cdn.myanimelist.net/images/manga/2/249692l.jpg
73,Moon: Subaru Solitude Standing,,MOON —昴 ソリチュード スタンディング—,Manga,2200,7.82,2007,https://cdn.myanimelist.net/images/manga/2/182530l.jpg
73,Otokogokoro,,オトコ心,Manga,8478,7.82,2007,https://cdn.myanimelist.net/images/manga/5/184240l.jpg
73,Umineko no Naku Koro ni - Episode 1: Legend of the Golden Witch,Umineko When They Cry Episode 1: Legend of the Golden Witch,うみねこのなく頃に - Episode 1: Legend of the Golden Witch,Manga,37829,7.82,2007,https://cdn.myanimelist.net/images/manga/3/248922l.jpg
77,Border,Border,BORDER-境界線-,Manga,2391,7.81,2007,https://cdn.myanimelist.net/images/manga/4/25554l.jpg
77,Kimi ni shika Kikoenai,,きみにしか聞こえない,Manga,13915,7.81,2007,https://cdn.myanimelist.net/images/manga/1/260785l.jpg
77,Shinrei Tantei Yakumo: Akai Hitomi wa Shitteiru,,心霊探偵 八雲 ～赤い瞳は知っている～,Manga,7356,7.81,2007,https://cdn.myanimelist.net/images/manga/1/110955l.jpg
80,Ore ni Koishite Dousunda,,俺に恋してどうすんだ,Manga,6428,7.8,2007,https://cdn.myanimelist.net/images/manga/1/268784l.jpg
80,Toaru Majutsu no Index,A Certain Magical Index,とある魔術の禁書目録,Manga,17976,7.8,2007,https://cdn.myanimelist.net/images/manga/1/279655l.jpg
82,K-On!,K-On!,けいおん!,Manga,38682,7.79,2007,https://cdn.myanimelist.net/images/manga/2/259427l.jpg
82,Kimi ga Koi ni Oboreru,You Will Drown in Love,きみが恋に溺れる,Manga,5333,7.79,2007,https://cdn.myanimelist.net/images/manga/3/282689l.jpg
84,Persona 3,Persona 3,ペルソナ3,Manga,14881,7.78,2007,https://cdn.myanimelist.net/images/manga/2/268756l.jpg
84,Zettai Heiwa Daisakusen,,絶対平和大作戦,Manga,17647,7.78,2007,https://cdn.myanimelist.net/images/manga/3/170640l.jpg
86,Touhou Bougetsushou: Cage in Lunatic Runagate.,,東方儚月抄 Cage in Lunatic Runagate.,Light Novel,2478,7.76,2007,https://cdn.myanimelist.net/images/manga/3/248835l.jpg
86,Warui Ko Demo Ii?,,悪いコでもイイ？,Manga,6226,7.76,2007,https://cdn.myanimelist.net/images/manga/1/186948l.jpg
88,RRR,,RRR ロックンロールリッキー,Manga,7791,7.75,2007,https://cdn.myanimelist.net/images/manga/5/137911l.jpg
89,Kon no Ki Konoha,,コンノキコノハ,One-shot,15944,7.74,2007,https://cdn.myanimelist.net/images/manga/2/9528l.jpg
89,Tekken Chinmi Legends,,鉄拳チンミLegends,Manga,1248,7.74,2007,https://cdn.myanimelist.net/images/manga/2/253329l.jpg
89,Tsugumomo,,つぐもも,Manga,33839,7.74,2007,https://cdn.myanimelist.net/images/manga/1/187764l.jpg
89,Warau Kanoko-sama,The Secret Notes of Lady Kanoko,笑うかのこ様,Manga,9617,7.74,2007,https://cdn.myanimelist.net/images/manga/3/186276l.jpg
93,Bloody Monday,Bloody Monday,BLOODY MONDAY,Manga,43851,7.73,2007,https://cdn.myanimelist.net/images/manga/2/57141l.jpg
94,Joou no Hana,,女王の花,Manga,7753,7.71,2007,https://cdn.myanimelist.net/images/manga/2/169614l.jpg
94,Mononoke,,モノノ怪,Manga,9628,7.71,2007,https://cdn.myanimelist.net/images/manga/1/21247l.jpg
94,Sayonara Piano Sonata,,さよならピアノソナタ,Light Novel,2546,7.71,2007,https://cdn.myanimelist.net/images/manga/1/147071l.jpg
97,Touhou Bougetsushou: Silent Sinner in Blue.,,東方儚月抄 Silent Sinner in Blue.,Manga,8035,7.7,2007,https://cdn.myanimelist.net/images/manga/5/16299l.jpg
98,Flat,,flat,Manga,8362,7.69,2007,https://cdn.myanimelist.net/images/manga/1/286720l.jpg
98,Maou: Juvenile Remix,Maoh: Juvenile Remix,魔王 JUVENILE REMIX,Manga,4580,7.69,2007,https://cdn.myanimelist.net/images/manga/2/186620l.jpg
98,March Story,March Story,マーチストーリー,Manga,5939,7.69,2007,https://cdn.myanimelist.net/images/manga/1/18827l.jpg
101,Gokujou no Koibito,,極上の恋人,Manga,4706,7.68,2007,https://cdn.myanimelist.net/images/manga/3/27150l.jpg
101,Kamisama no Memochou,,神様のメモ帳,Light Novel,4492,7.68,2007,https://cdn.myanimelist.net/images/manga/2/159505l.jpg
101,Suzumiya Haruhi-chan no Yuuutsu,The Melancholy of Suzumiya Haruhi-chan: The Untold Adventures of the SOS Brigade,涼宮ハルヒちゃんの憂鬱,Manga,3866,7.68,2007,https://cdn.myanimelist.net/images/manga/1/52663l.jpg
104,Gokusen Kanketsu-hen,,ごくせん 完結編,Manga,2319,7.67,2007,https://cdn.myanimelist.net/images/manga/3/171662l.jpg
104,Gosick,,GOSICK -ゴシック-,Manga,6523,7.67,2007,https://cdn.myanimelist.net/images/manga/2/148131l.jpg
104,Koko ni Iru yo!,I Am Here!,ココにいるよ！,Manga,34969,7.67,2007,https://cdn.myanimelist.net/images/manga/3/147283l.jpg
104,Ten no Ryuu Chi no Sakura,,天の竜*地の桜,Manga,4150,7.67,2007,https://cdn.myanimelist.net/images/manga/5/261602l.jpg
104,Torikagosou no Kyou mo Nemutai Juunin-tachi,,鳥籠荘の今日も眠たい住人たち,Manga,13420,7.67,2007,https://cdn.myanimelist.net/images/manga/2/157816l.jpg
109,Nyan Koi!,Nyan Koi!,にゃんこい!,Manga,10390,7.66,2007,https://cdn.myanimelist.net/images/manga/2/270766l.jpg
109,The Bride of the Water God,Bride of the Water God,하백의 신부,Manhwa,20744,7.66,2007,https://cdn.myanimelist.net/images/manga/2/15078l.jpg
109,Touhou Bougetsushou: Tsuki no Inaba to Chijou no Inaba,,東方儚月抄 ～ 月のイナバと地上の因幡,Manga,5010,7.66,2007,https://cdn.myanimelist.net/images/manga/2/209670l.jpg
112,Onanie Master Kurosawa: After the Juvenile,,オナニーマスター黒沢「after the juvenile」,Light Novel,14538,7.65,2007,https://cdn.myanimelist.net/images/manga/1/39735l.jpg
112,Puchi Puri,Petit Prince,プチ・プリ,Manga,3349,7.65,2007,https://cdn.myanimelist.net/images/manga/1/14371l.jpg
112,The Legend of Maian,,마이언 전기,Manhwa,10028,7.65,2007,https://cdn.myanimelist.net/images/manga/2/300446l.jpg
112,Tight-rope,,タイトロープ,Manga,14149,7.65,2007,https://cdn.myanimelist.net/images/manga/1/18821l.jpg
116,Junjou,,純情,Manga,1600,7.63,2007,https://cdn.myanimelist.net/images/manga/5/25928l.jpg
116,"Kyou, Koi wo Hajimemasu",,今日、恋をはじめます,Manga,48671,7.63,2007,https://cdn.myanimelist.net/images/manga/3/37974l.jpg
116,Shanaou Yoshitsune: Genpei no Kassen,,遮那王義経 源平の合戦,Manga,592,7.63,2007,https://cdn.myanimelist.net/images/manga/3/153875l.jpg
116,Yumemiru Taiyou,Dreamin' Sun,夢みる太陽,Manga,22381,7.63,2007,https://cdn.myanimelist.net/images/manga/1/170585l.jpg
120,Sengoku Strays,,戦國ストレイズ,Manga,6071,7.61,2007,https://cdn.myanimelist.net/images/manga/3/139721l.jpg
121,Gravity Eyes,Gravity Eyes,グーラビティ・アイズ,Manga,2053,7.6,2007,https://cdn.myanimelist.net/images/manga/3/17732l.jpg
122,He's Dedicated to Roses,,그놈에게 바치는 장미,Manhwa,10614,7.59,2007,https://cdn.myanimelist.net/images/manga/4/261100l.jpg
122,Hetakoi,,ヘタコイ,Manga,16414,7.59,2007,https://cdn.myanimelist.net/images/manga/1/337889l.jpg
122,Hoshi wa Utau,Twinkle Stars,星は歌う,Manga,8907,7.59,2007,https://cdn.myanimelist.net/images/manga/1/168887l.jpg
122,Keep Out,,KEEP OUT,Manga,4860,7.59,2007,https://cdn.myanimelist.net/images/manga/2/277212l.jpg
122,Muv-Luv Alternative,,マブラヴ オルタネイティヴ,Manga,4643,7.59,2007,https://cdn.myanimelist.net/images/manga/2/196056l.jpg
127,Ojousama wa Oyome-sama.,,お嬢様はお嫁様。,Manga,7954,7.58,2007,https://cdn.myanimelist.net/images/manga/2/187759l.jpg
128,Kurenai Ouji,Crimson Prince,紅心王子,Manga,6132,7.57,2007,https://cdn.myanimelist.net/images/manga/1/195744l.jpg
128,Servant x Service,Servant x Service,サーバント×サービス,Manga,6990,7.57,2007,https://cdn.myanimelist.net/images/manga/2/142555l.jpg
128,The Book: JoJo's Bizarre Adventure 4th Another Day,,“The Book” jojo's bizarre adventure 4th another day,Light Novel,4290,7.57,2007,https://cdn.myanimelist.net/images/manga/3/60351l.jpg
131,Vahlia no Hanamuko,,ヴァーリアの花婿,Manga,7737,7.56,2007,https://cdn.myanimelist.net/images/manga/2/193026l.jpg
132,Ano Hi no Kimi wo Dakishimeta nara,,あの日のきみを抱きしめたなら,Manga,7307,7.55,2007,https://cdn.myanimelist.net/images/manga/1/275494l.jpg
132,Koishitagari no Blue,,恋したがりのブルー,Manga,5106,7.55,2007,https://cdn.myanimelist.net/images/manga/2/261608l.jpg
132,Otona Keikenchi,Adult experience value,オトナ経験値,Manga,13608,7.55,2007,https://cdn.myanimelist.net/images/manga/1/15851l.jpg
132,Vampire Hunter D,Hideyuki Kikuchi's Vampire Hunter D,バンパイアハンターD,Manga,9087,7.55,2007,https://cdn.myanimelist.net/images/manga/2/76275l.jpg
136,Shuu 7,,週7,Manga,2924,7.54,2007,https://cdn.myanimelist.net/images/manga/2/264964l.jpg
136,The Legendary Moonlight Sculptor,,달빛조각사,Novel,632,7.54,2007,https://cdn.myanimelist.net/images/manga/3/267173l.jpg
136,Utsurowazarumono: Breath of Fire IV,,うつろわざるもの～ブレス オブ ファイアIV～,Manga,2260,7.54,2007,https://cdn.myanimelist.net/images/manga/2/195998l.jpg
139,Free Punch,,フリーパンチ,Manga,5231,7.52,2007,https://cdn.myanimelist.net/images/manga/1/27074l.jpg
139,Higurashi no Naku Koro ni: Kataribanashi-hen Comic Anthology EX.,,ひぐらしのなく頃に 語咄し編 コミックアンソロジーEX.,Manga,2471,7.52,2007,https://cdn.myanimelist.net/images/manga/3/31662l.jpg
141,Kinou Nani Tabeta?,What Did You Eat Yesterday?,きのう何食べた?,Manga,5690,7.5,2007,https://cdn.myanimelist.net/images/manga/3/161884l.jpg
141,My Life With You,,My Life With You,Manga,2251,7.5,2007,https://cdn.myanimelist.net/images/manga/2/338345l.jpg
141,Sword Art Online: Material Edition,,ソードアート・オンライン マテリアル・エディション,Light Novel,2002,7.5,2007,https://cdn.myanimelist.net/images/manga/2/68041l.jpg
141,Taiyou no Kikoushi,,太陽の貴公子,Manga,3437,7.5,2007,https://cdn.myanimelist.net/images/manga/3/90393l.jpg
145,Yanagida-kun to Mizuno-san,Love & Hate,柳田君と水野さん,Manga,3207,7.49,2007,https://cdn.myanimelist.net/images/manga/1/48625l.jpg
146,Anata no Tame Nara Dokomade mo,,あなたのためならどこまでも,Manga,3782,7.48,2007,https://cdn.myanimelist.net/images/manga/2/28921l.jpg
146,Dear Green,,ディア グリーン,One-shot,6394,7.48,2007,https://cdn.myanimelist.net/images/manga/1/25117l.jpg
146,Hadashi de Bara wo Fume,Stepping on Roses,裸足でバラを踏め,Manga,20079,7.48,2007,https://cdn.myanimelist.net/images/manga/1/16663l.jpg
146,Kanashii Kotoba,,愛シイコトバ,Manga,1798,7.48,2007,https://cdn.myanimelist.net/images/manga/1/299825l.jpg
146,NON Tea Room,,ノン ティー ルーム,Manga,3210,7.48,2007,https://cdn.myanimelist.net/images/manga/2/26811l.jpg
151,Evyione,,에뷔오네 (Evyione),Manhwa,1690,7.47,2007,https://cdn.myanimelist.net/images/manga/2/35409l.jpg
151,Kabu no Isaki,,カブのイサキ,Manga,5586,7.47,2007,https://cdn.myanimelist.net/images/manga/2/52905l.jpg
151,Koi no Kamisama,,恋の神様 古味直志短編集,Manga,18235,7.47,2007,https://cdn.myanimelist.net/images/manga/3/149631l.jpg
151,Kure-nai,,紅 kure-nai,Manga,13975,7.47,2007,https://cdn.myanimelist.net/images/manga/3/147269l.jpg
151,Replica,,Replica,Manga,2981,7.47,2007,https://cdn.myanimelist.net/images/manga/2/213012l.jpg
151,Sugiru Juunana no Haru,,過ぎる十七の春,Manga,3642,7.47,2007,https://cdn.myanimelist.net/images/manga/3/22545l.jpg
157,Hatsuai,,,Manga,1648,7.46,2007,https://cdn.myanimelist.net/images/manga/3/90623l.jpg
157,Pink Lady,,핑크레이디,Manhwa,4506,7.46,2007,https://cdn.myanimelist.net/images/manga/1/113049l.jpg
159,Coelacanth,,シーラカンス,Manga,9574,7.45,2007,https://cdn.myanimelist.net/images/manga/3/14696l.jpg
159,Kidou Senshi Gundam: Giren Ansatsu Keikaku,,機動戦士ガンダムギレン暗殺計画,Manga,847,7.45,2007,https://cdn.myanimelist.net/images/manga/5/291953l.jpg
159,Koiito Kinenbi,,恋糸記念日,Manga,2403,7.45,2007,https://cdn.myanimelist.net/images/manga/1/103533l.jpg
159,Mai Favorite,,舞FAVORITE,Manga,3275,7.45,2007,https://cdn.myanimelist.net/images/manga/2/49361l.jpg
159,Miwaku no Ringo,,魅惑ノリンゴ,Manga,4743,7.45,2007,https://cdn.myanimelist.net/images/manga/1/130081l.jpg
159,Sengoku Basara 2,Sengoku Basara: Samurai Legends,戦国BASARA2,Manga,1009,7.45,2007,https://cdn.myanimelist.net/images/manga/4/76809l.jpg
159,Sister Breeder,,シスターブリーダー,Manga,3242,7.45,2007,https://cdn.myanimelist.net/images/manga/1/176860l.jpg
166,Crash!,,CRASH! クラッシュ,Manga,7397,7.44,2007,https://cdn.myanimelist.net/images/manga/2/115205l.jpg
166,Grand Sun,Grand Sun,グランドサン,Manga,4443,7.44,2007,https://cdn.myanimelist.net/images/manga/2/264375l.jpg
166,Itou Junji no Neko Nikki: Yon & Muu,Junji Ito's Cat Diary: Yon & Mu,伊藤潤二の猫日記よん&むー,Manga,28242,7.44,2007,https://cdn.myanimelist.net/images/manga/1/182059l.jpg
166,Papillon: Hana to Chou,Papillon,パピヨン -花と蝶-,Manga,8007,7.44,2007,https://cdn.myanimelist.net/images/manga/3/129871l.jpg
166,Pig Bride,Pig Bride,정체불명 새색시,Manhwa,3855,7.44,2007,https://cdn.myanimelist.net/images/manga/5/30366l.jpg
166,Shakugan no Shana X: Eternal Song - Harukanaru Uta,,灼眼のシャナX Eternal song -遥かなる歌-,Manga,1423,7.44,2007,https://cdn.myanimelist.net/images/manga/3/133567l.jpg
172,Aishiteru,I Love You,愛してる,Manga,4302,7.43,2007,https://cdn.myanimelist.net/images/manga/2/280064l.jpg
172,Hatsukoi Limited.,,初恋限定。〈ハツコイリミテッド〉,Manga,15701,7.43,2007,https://cdn.myanimelist.net/images/manga/3/191732l.jpg
172,La Satanica,La Satanica,ラ・サタニカ,Manga,3126,7.43,2007,https://cdn.myanimelist.net/images/manga/2/5459l.jpg
172,Uchi no Tantei Shirimasen ka?,Do You Know My Detective?,ウチの探偵知りませんか？,Manga,2896,7.43,2007,https://cdn.myanimelist.net/images/manga/4/277507l.jpg
176,Best of Best: Itou Junji Tanpenshuu,Venus in the Blind Spot,伊藤潤二短編集 BEST OF BEST,Manga,20855,7.42,2007,https://cdn.myanimelist.net/images/manga/1/237325l.jpg
176,Bokura wa Itsumo,,僕らはいつも,Manga,8994,7.42,2007,https://cdn.myanimelist.net/images/manga/1/219796l.jpg
176,Bokutachi wa Shitte Shimatta,,僕達は知ってしまった,Manga,13234,7.42,2007,https://cdn.myanimelist.net/images/manga/3/6266l.jpg
176,By Hero,,By ヒーロー,One-shot,6170,7.42,2007,https://cdn.myanimelist.net/images/manga/3/82078l.jpg
176,Ratman,Ratman,RATMAN,Manga,14803,7.42,2007,https://cdn.myanimelist.net/images/manga/1/147451l.jpg
181,Corset ni Tsubasa,,コルセットに翼,Manga,918,7.41,2007,https://cdn.myanimelist.net/images/manga/2/151873l.jpg
181,Gekijouban Naruto: Shippuuden,,劇場版NARUTO 疾風伝,Light Novel,1211,7.41,2007,https://cdn.myanimelist.net/images/manga/1/228881l.jpg
181,Gunjou,,羣青,Manga,7765,7.41,2007,https://cdn.myanimelist.net/images/manga/2/30960l.jpg
181,Kotonoha no Hana,,言ノ葉ノ花,Light Novel,896,7.41,2007,https://cdn.myanimelist.net/images/manga/2/34585l.jpg
185,Honey Blonde,Honey Blonde,ハニーブロンド,Manga,3079,7.4,2007,https://cdn.myanimelist.net/images/manga/2/48017l.jpg
185,Kizu,,傷,Manga,5796,7.4,2007,https://cdn.myanimelist.net/images/manga/1/260801l.jpg
185,Mimizuku to Yoru no Ou,,ミミズクと夜の王,Light Novel,935,7.4,2007,https://cdn.myanimelist.net/images/manga/3/96897l.jpg
185,Work In,,ワーキン,Manga,4314,7.4,2007,https://cdn.myanimelist.net/images/manga/3/29352l.jpg
189,Cuticle Tantei Inaba,Cuticle Detective Inaba,キューティクル探偵因幡,Manga,2987,7.39,2007,https://cdn.myanimelist.net/images/manga/1/72809l.jpg
189,Kaizoku to Ningyo,Pirate and Mermaid,海賊と人魚,Manga,1894,7.39,2007,https://cdn.myanimelist.net/images/manga/3/264122l.jpg
189,Kare wa Tomodachi,,彼はトモダチ,Manga,6383,7.39,2007,https://cdn.myanimelist.net/images/manga/3/195724l.jpg
189,Panorama Toukitan,The Strange Tale of Panorama Island,パノラマ島綺譚,Manga,5336,7.39,2007,https://cdn.myanimelist.net/images/manga/1/14356l.jpg
189,Tsumi to Batsu: A Falsified Romance,Crime and Punishment: A Falsified Romance,罪と罰 A Falsified Romance,Manga,7335,7.39,2007,https://cdn.myanimelist.net/images/manga/5/30048l.jpg
189,Umi no Misaki,,海の御先,Manga,21808,7.39,2007,https://cdn.myanimelist.net/images/manga/1/56947l.jpg
189,Yoru no Gakkou e Oide yo!,,夜の学校へおいでよ！,Manga,2892,7.39,2007,https://cdn.myanimelist.net/images/manga/3/201076l.jpg
196,Angraecum,,アングレカム,Manga,1184,7.38,2007,https://cdn.myanimelist.net/images/manga/2/171392l.jpg
196,Dragon Crisis!,,ドラゴンクライシス!,Light Novel,1515,7.38,2007,https://cdn.myanimelist.net/images/manga/2/36756l.jpg
196,Kiken Junai D.N.A.,,危険純愛D.N.A.,Manga,3894,7.38,2007,https://cdn.myanimelist.net/images/manga/1/119493l.jpg
196,Kongou Banchou,,金剛番長,Manga,10315,7.38,2007,https://cdn.myanimelist.net/images/manga/2/202645l.jpg
196,Koukaku no Regios: Missing Mail,Chrome Shelled Regios: Missing Mail,鋼殻のレギオス MISSING MAIL,Manga,2235,7.38,2007,https://cdn.myanimelist.net/images/manga/2/117221l.jpg
196,Tsuki to Mizuumi,,月と湖,Manga,1055,7.38,2007,https://cdn.myanimelist.net/images/manga/3/264374l.jpg
196,Witchcraft,Witchcraft,Witchcraft,Manga,7059,7.38,2007,https://cdn.myanimelist.net/images/manga/2/156926l.jpg
203,Beast & Feast,,beast & feast,Manga,4676,7.37,2007,https://cdn.myanimelist.net/images/manga/3/253577l.jpg
203,Dokidoki Renai,Doki Doki Crush,ドキドキレンアイ,Manga,3128,7.37,2007,https://cdn.myanimelist.net/images/manga/3/276729l.jpg
203,Lucky Star Pocket Travelers,Lucky Star Pocket Travelers,らき☆すた ポケットとらべら～ず,Manga,2795,7.37,2007,https://cdn.myanimelist.net/images/manga/1/287281l.jpg
203,Renai Shinan!,,恋愛至難!,Manga,3552,7.37,2007,https://cdn.myanimelist.net/images/manga/1/9303l.jpg
203,Ryuurouden: Chuugen Ryouran-hen,,龍狼伝 中原繚乱編,Manga,469,7.37,2007,https://cdn.myanimelist.net/images/manga/1/193331l.jpg
203,Sugarmilk,Sugarmilk,シュガーミルク,Manga,2799,7.37,2007,https://cdn.myanimelist.net/images/manga/1/6251l.jpg
203,"Yondemasu yo, Azazel-san.",,よんでますよ、アザゼルさん。,Manga,3196,7.37,2007,https://cdn.myanimelist.net/images/manga/3/193454l.jpg
203,Yuru Koi,All Love,ゆる恋,Manga,2797,7.37,2007,https://cdn.myanimelist.net/images/manga/1/52415l.jpg
211,Fairy Tail S,Fairy Tail S: Tales from Fairy Tail,FAIRY TAIL S,Manga,17344,7.36,2007,https://cdn.myanimelist.net/images/manga/2/198591l.jpg
211,Heart♡Strings,,ハート♡ストリングス,Manga,2933,7.36,2007,https://cdn.myanimelist.net/images/manga/1/134659l.jpg
211,Koi*Oto,,恋＊音,Manga,1727,7.36,2007,https://cdn.myanimelist.net/images/manga/4/83971l.jpg
211,Konna Otoko wa Aisareru,,こんな男は愛される,Manga,3238,7.36,2007,https://cdn.myanimelist.net/images/manga/3/13394l.jpg
211,Ouchi e Kaerou,,おうちへ帰ろう。,Manga,3764,7.36,2007,https://cdn.myanimelist.net/images/manga/2/264967l.jpg
211,Sengoku Basara Series Official Anthology Comic: Gakuen Basara,,戦国BASARAシリーズ オフィシャルアンソロジーコミック 学園BASARA,Manga,748,7.36,2007,https://cdn.myanimelist.net/images/manga/2/150857l.jpg
217,.hack//GU,.hack//G.U.,.hack//G.U.,Light Novel,1936,7.35,2007,https://cdn.myanimelist.net/images/manga/4/15485l.jpg
217,Boy of the Female Wolf,,암컷늑대의 BOY,Manhwa,7268,7.35,2007,https://cdn.myanimelist.net/images/manga/3/272722l.jpg
217,Darling,,DARLING,Manga,3175,7.35,2007,https://cdn.myanimelist.net/images/manga/1/149204l.jpg
217,Diamond Life,LOVE MONEY BABY,ダイヤモンド・ライフ,Manga,2233,7.35,2007,https://cdn.myanimelist.net/images/manga/5/158802l.jpg
217,Show Princess,,泡沫之夏,Manhua,1545,7.35,2007,https://cdn.myanimelist.net/images/manga/5/37839l.jpg
217,Utsukushii Koto,,美しいこと,Light Novel,692,7.35,2007,https://cdn.myanimelist.net/images/manga/1/249242l.jpg
223,Houkago Kiss,"""Kiss me!"" After school",放課後キッス,Manga,5212,7.34,2007,https://cdn.myanimelist.net/images/manga/3/137797l.jpg
224,Animal♂Jungle,,アニマル♂ジャングル,Manga,8951,7.33,2007,https://cdn.myanimelist.net/images/manga/2/82030l.jpg
224,Fortune Arterial,Fortune Arterial,FORTUNE ARTERIAL,Manga,6069,7.33,2007,https://cdn.myanimelist.net/images/manga/3/188883l.jpg
224,Helen ESP,,ヘレンesp,Manga,3700,7.33,2007,https://cdn.myanimelist.net/images/manga/2/18998l.jpg
224,Hoshi-iro no Okurimono,,星色のおくりもの,Manga,4825,7.33,2007,https://cdn.myanimelist.net/images/manga/5/126437l.jpg
224,Kataomoi no Mukougawa,,片想いの向こう側,Manga,2669,7.33,2007,https://cdn.myanimelist.net/images/manga/4/264367l.jpg
224,Love Letter of Flowers,Love Letter of Flowers,ラブレター・オブ・フラワーズ,Manga,2915,7.33,2007,https://cdn.myanimelist.net/images/manga/4/10351l.jpg
224,Sarasah,Sarasah,사라사,Manhwa,2116,7.33,2007,https://cdn.myanimelist.net/images/manga/3/312776l.jpg
224,Usotsuki Mii-kun to Kowareta Maa-chan,,嘘つきみーくんと壊れたまーちゃん,Light Novel,1683,7.33,2007,https://cdn.myanimelist.net/images/manga/3/196813l.jpg
232,Bara to Yaban,Rose and Savage,バラと野蛮,Manga,2934,7.32,2007,https://cdn.myanimelist.net/images/manga/1/82050l.jpg
232,Front Mission: Dog Life & Dog Style,,フロントミッション ドッグ ライフ アンド ドッグ スタイル,Manga,3198,7.32,2007,https://cdn.myanimelist.net/images/manga/3/9610l.jpg
232,Pokémon DP: Pocket Monsters Diamond Pearl Monogatari,Pokémon Diamond and Pearl Adventure!,ポケモンDP―ポケットモンスターダイヤモンド・パール物語,Manga,3993,7.32,2007,https://cdn.myanimelist.net/images/manga/2/303976l.jpg
232,Romance Papa,Romance Papa,로맨스 파파,Manhwa,719,7.32,2007,https://cdn.myanimelist.net/images/manga/4/30307l.jpg
232,Sekai wa Temee de Mawatteru,You Make My Head Spin; The Whole World Revolves Around You; You are turning the world,世界はテメェでまわってる,Manga,3206,7.32,2007,https://cdn.myanimelist.net/images/manga/2/22580l.jpg
232,Shoujo Shounen Gakkyuu-dan,,少女少年学級団,Manga,1321,7.32,2007,https://cdn.myanimelist.net/images/manga/1/208096l.jpg
232,Teisou Kannen Zero,,貞操観念ZERO,Manga,3038,7.32,2007,https://cdn.myanimelist.net/images/manga/2/135677l.jpg
239,Ashita mo Tanin,,明日も他人,Manga,2685,7.31,2007,https://cdn.myanimelist.net/images/manga/2/179743l.jpg
239,C³,,C³ -シーキューブ-,Light Novel,2053,7.31,2007,https://cdn.myanimelist.net/images/manga/2/175624l.jpg
239,Dear Waltz,Dear Waltz,Dear Waltz 디어 왈츠,Manhwa,860,7.31,2007,https://cdn.myanimelist.net/images/manga/1/124227l.jpg
239,Geshuku Biyori,,下宿日和,Manga,1682,7.31,2007,https://cdn.myanimelist.net/images/manga/2/276305l.jpg
239,Kabushikigaisha Love Cotton,,株式会社ラブコットン,Manga,942,7.31,2007,https://cdn.myanimelist.net/images/manga/3/22691l.jpg
239,Kyoushi mo Iroiro Aru Wake de,,教師も色々あるわけで,Manga,2305,7.31,2007,https://cdn.myanimelist.net/images/manga/3/275466l.jpg
239,Love Luck,Love Luck,ラブラック,Manga,3381,7.31,2007,https://cdn.myanimelist.net/images/manga/3/10030l.jpg
239,Lucky☆Star: Comic à la carte,,らき☆すたコミックアラカルト,Manga,1315,7.31,2007,https://cdn.myanimelist.net/images/manga/3/79465l.jpg
239,Megane Ouji,Four-Eyed Prince,メガネ王子,Manga,2055,7.31,2007,https://cdn.myanimelist.net/images/manga/2/126575l.jpg
239,Momoiro Heaven!,Peach Heaven,桃色ヘヴン!,Manga,10844,7.31,2007,https://cdn.myanimelist.net/images/manga/2/174042l.jpg
239,"Nee, Sensei?","Hey, Sensei?",ねえ、先生?,Manga,4942,7.31,2007,https://cdn.myanimelist.net/images/manga/2/19587l.jpg
239,Ochibure Shinshi ni Ai no Uta,A Love Song for the Miserable,落ちぶれ紳士に愛の唄,Manga,1783,7.31,2007,https://cdn.myanimelist.net/images/manga/3/27464l.jpg
239,Orokamono wa Aka wo Kirau,Red Blinds The Foolish,愚か者は赤を嫌う,Manga,952,7.31,2007,https://cdn.myanimelist.net/images/manga/3/65291l.jpg
252,Asobi ja Nai no,,遊びじゃないの,Manga,4175,7.3,2007,https://cdn.myanimelist.net/images/manga/3/275496l.jpg
252,Kimi wa Boku no Toriko Nare,,君は僕の虜なれ,Manga,2527,7.3,2007,https://cdn.myanimelist.net/images/manga/1/134173l.jpg
252,Kinkyori Renai,Love's Reach,近キョリ恋愛,Manga,7114,7.3,2007,https://cdn.myanimelist.net/images/manga/3/166815l.jpg
252,Koi Kyokusei,,恋極星,Manga,839,7.3,2007,https://cdn.myanimelist.net/images/manga/1/269122l.jpg
252,Ookami Lover,,オオカミラバー,One-shot,3836,7.3,2007,https://cdn.myanimelist.net/images/manga/3/111263l.jpg
252,Toradora Spin-off!,,とらドラ・スピンオフ！,Light Novel,2902,7.3,2007,https://cdn.myanimelist.net/images/manga/2/148449l.jpg
258,Akuma no Himitsu♥,The Devil's Secret,アクマのひみつ♥,Manga,4975,7.29,2007,https://cdn.myanimelist.net/images/manga/2/330135l.jpg
258,Angel Voice,,ANGEL VOICE,Manga,1972,7.29,2007,https://cdn.myanimelist.net/images/manga/1/138559l.jpg
258,Freezing,Freezing,フリージング,Manga,42691,7.29,2007,https://cdn.myanimelist.net/images/manga/3/281008l.jpg
258,Hokuto no Ken - Toki Gaiden,Fist of the North Star: The Silver Saint - Toki's Story,銀の聖者 北斗の拳 トキ外伝,Manga,1635,7.29,2007,https://cdn.myanimelist.net/images/manga/5/75553l.jpg
258,Ochanigosu.,A Badboy Drinks Tea!,お茶にごす。,Manga,8315,7.29,2007,https://cdn.myanimelist.net/images/manga/3/51657l.jpg
258,Ring x Mama,Ring x Mama,リン×ママ,Manga,6208,7.29,2007,https://cdn.myanimelist.net/images/manga/2/55503l.jpg
264,Alterna,Alterna,オルタナ,Manga,830,7.28,2007,https://cdn.myanimelist.net/images/manga/1/152374l.jpg
264,Doukyuusei,Classmate,同級生,Manga,483,7.28,2007,https://cdn.myanimelist.net/images/manga/1/150626l.jpg
264,Honey Crush,,HONEY CRUSH,Manga,1829,7.28,2007,https://cdn.myanimelist.net/images/manga/1/170597l.jpg
264,Hoshiyomi no Yogensha,,星よみの予言者,Manga,1682,7.28,2007,https://cdn.myanimelist.net/images/manga/2/14537l.jpg
264,Kimi no Iru Basho - Real x Fake,,キミのいる場所－REAL×FAKE－,Manga,671,7.28,2007,https://cdn.myanimelist.net/images/manga/3/37734l.jpg
264,M☆G☆Darling,,M☆G☆ダーリン,Manga,791,7.28,2007,https://cdn.myanimelist.net/images/manga/2/10717l.jpg
264,Red Garden,Red Garden,レッド ガーデン,Manga,3447,7.28,2007,https://cdn.myanimelist.net/images/manga/2/7164l.jpg
264,"Sawatte, Tokashite.",,さわって、とかして。,Manga,2448,7.28,2007,https://cdn.myanimelist.net/images/manga/2/17905l.jpg
264,Shounenha Karyuudo,,少年羽狩人,Manga,1829,7.28,2007,https://cdn.myanimelist.net/images/manga/1/172748l.jpg
264,Suki ni Naru made Matte,,好きになるまで待って,Manga,8937,7.28,2007,https://cdn.myanimelist.net/images/manga/3/36415l.jpg
274,Bitter: Kare no Hisoyaka na Seppun,BITTER: His Clandestine Kiss,BITTER ～彼の密やかな接吻～,Manga,2819,7.27,2007,https://cdn.myanimelist.net/images/manga/3/30157l.jpg
274,Black Paradox,Black Paradox,ブラックパラドクス,Manga,30743,7.27,2007,https://cdn.myanimelist.net/images/manga/2/260342l.jpg
274,Boys Love,,ボーイズラブ,Manga,2293,7.27,2007,https://cdn.myanimelist.net/images/manga/4/296226l.jpg
274,Brandish,,Brandish,Manga,2903,7.27,2007,https://cdn.myanimelist.net/images/manga/1/66001l.jpg
274,Butterfly Kiss,,バタフラト キス,Manga,1649,7.27,2007,https://cdn.myanimelist.net/images/manga/1/10953l.jpg
274,Dou Danjo!?,,どう男女!?,Manga,2073,7.27,2007,https://cdn.myanimelist.net/images/manga/2/21936l.jpg
274,Eien no Shichigatsu,,永遠の七月,Manga,2012,7.27,2007,https://cdn.myanimelist.net/images/manga/3/278321l.jpg
274,Itoshii Akuma,,いとしい悪魔,Manga,2839,7.27,2007,https://cdn.myanimelist.net/images/manga/3/161598l.jpg
274,Kibun wa Joujou!,Feel So Nice!,気分は上々!,Manga,2725,7.27,2007,https://cdn.myanimelist.net/images/manga/3/299982l.jpg
274,Lamento: Beyond the Void,,ラメント,Manga,1918,7.27,2007,https://cdn.myanimelist.net/images/manga/1/21441l.jpg
274,Mouryou no Hako,,魍魎の匣,Manga,2776,7.27,2007,https://cdn.myanimelist.net/images/manga/1/120949l.jpg
274,Nononono,,ノノノノ,Manga,8432,7.27,2007,https://cdn.myanimelist.net/images/manga/2/261006l.jpg
274,Peace Maker,,PEACE MAKER,Manga,4332,7.27,2007,https://cdn.myanimelist.net/images/manga/2/176064l.jpg
274,Sangen Tonari no Tooi Hito,,3軒隣の遠い人,Manga,5071,7.27,2007,https://cdn.myanimelist.net/images/manga/2/6384l.jpg
274,Seiken no Blacksmith,The Sacred Blacksmith,聖剣の刀鍛冶（ブラックスミス）,Light Novel,3314,7.27,2007,https://cdn.myanimelist.net/images/manga/1/171156l.jpg
289,Arashi no Ato,After a Storm,嵐のあと,Manga,4977,7.26,2007,https://cdn.myanimelist.net/images/manga/3/275288l.jpg
289,Chocolate Cosmos,Chocolate Cosmos,チョコレートコスモス,Manga,16707,7.26,2007,https://cdn.myanimelist.net/images/manga/2/180605l.jpg
289,Di[e]ce,,di[e]ce-ダイス-,Manga,5783,7.26,2007,https://cdn.myanimelist.net/images/manga/3/172705l.jpg
289,Houkago Play,Afterschool Play,放課後プレイ,Manga,6444,7.26,2007,https://cdn.myanimelist.net/images/manga/3/246901l.jpg
289,Love Like Crazy,,사랑에 미쳐라,Manhwa,2198,7.26,2007,https://cdn.myanimelist.net/images/manga/3/18772l.jpg
289,Matsuri Special,,まつりスペシャル,Manga,3728,7.26,2007,https://cdn.myanimelist.net/images/manga/2/250014l.jpg
289,Ojousama wa H ga Osuki,My lady is crazy about making love!,お嬢様はHがお好き,Manga,2022,7.26,2007,https://cdn.myanimelist.net/images/manga/3/172564l.jpg
289,S no Yuiitsu! M no Zettai,"Only S, Absolutely M",Sの唯一Mの絶対,Manga,7491,7.26,2007,https://cdn.myanimelist.net/images/manga/1/16856l.jpg
289,Winter Flowers,,,One-shot,2677,7.26,2007,https://cdn.myanimelist.net/images/manga/2/5738l.jpg
289,Zi Bu Yu,,子不语,Manhua,835,7.26,2007,https://cdn.myanimelist.net/images/manga/1/165398l.jpg
299,7-genme wa Himitsu.,,7限目はヒミツ。,Manga,17255,7.25,2007,https://cdn.myanimelist.net/images/manga/2/171442l.jpg
299,Gamble Fish,,GAMBLE FISH,Manga,16179,7.25,2007,https://cdn.myanimelist.net/images/manga/3/164909l.jpg
299,Goshuushou-sama Ninomiya-kun,,ご愁傷さま二ノ宮くん,Manga,1103,7.25,2007,https://cdn.myanimelist.net/images/manga/2/22269l.jpg
299,Love Knot,Love Knot,ラブノット,Manga,2096,7.25,2007,https://cdn.myanimelist.net/images/manga/3/323320l.jpg
299,Tsuki ni Hoero,,月に吠えろ,Manga,3122,7.25,2007,https://cdn.myanimelist.net/images/manga/2/24860l.jpg
299,Unbalance na Netsu,,アンバランスな熱,Manga,2815,7.25,2007,https://cdn.myanimelist.net/images/manga/3/319158l.jpg
305,Koi no Shizuku,,恋の雫,Manga,3493,7.24,2007,https://cdn.myanimelist.net/images/manga/1/11111l.jpg
305,Macross Frontier,Macross Frontier,マクロスフロンティア,Manga,1190,7.24,2007,https://cdn.myanimelist.net/images/manga/3/78143l.jpg
305,Sasagu Omoi wa Hana Meguri,,捧ぐ想いは花めぐり,One-shot,1698,7.24,2007,https://cdn.myanimelist.net/images/manga/1/22022l.jpg
308,Gurenki,Creo the Crimson Crises,紅蓮紀,Manga,2688,7.23,2007,https://cdn.myanimelist.net/images/manga/3/296882l.jpg
308,Hagoromo Mishin,,羽衣ミシン,Manga,2184,7.23,2007,https://cdn.myanimelist.net/images/manga/2/34781l.jpg
308,Hayate no Gotoku!,Hayate The Combat Butler,ハヤテのごとく！,Light Novel,587,7.23,2007,https://cdn.myanimelist.net/images/manga/1/171802l.jpg
308,Romeo x Juliet,Romeo x Juliet,Romeo×Juliet ロミオ×ジュリエット,Manga,5960,7.23,2007,https://cdn.myanimelist.net/images/manga/1/21749l.jpg
308,Sengoku Basara Ranse Ranbu,Devil Kings,,Manga,1238,7.23,2007,https://cdn.myanimelist.net/images/manga/2/9675l.jpg
308,Shinigami Lovers,Death God's Lover - The chain of destiny which tied together-,死神ラヴァーズ,Manga,7936,7.23,2007,https://cdn.myanimelist.net/images/manga/1/172771l.jpg
308,Urahara to Dilemma,Opposite & Dilemma,裏腹とジレンマ,Manga,2577,7.23,2007,https://cdn.myanimelist.net/images/manga/1/74317l.jpg
315,AAA,,AAA,Manga,12903,7.22,2007,https://cdn.myanimelist.net/images/manga/3/166430l.jpg
315,Akanai Tobira,The Door to the Closed Mind,あかないとびら,Manga,5810,7.22,2007,https://cdn.myanimelist.net/images/manga/1/81906l.jpg
315,Amai*Suppai*Horonigai,,あまい＊すっぱい＊ほろにがい,Manga,1913,7.22,2007,https://cdn.myanimelist.net/images/manga/2/208996l.jpg
315,Clannad,,CLANNAD,Manga,897,7.22,2007,https://cdn.myanimelist.net/images/manga/2/246602l.jpg
315,Doors of Chaos,Doors of Chaos,グレンツェン・テューア,Manga,2429,7.22,2007,https://cdn.myanimelist.net/images/manga/1/33629l.jpg
315,Dr. wa Ijiwaru na Kisu de,,Dr.はいじわるなキスで,Manga,1031,7.22,2007,https://cdn.myanimelist.net/images/manga/4/38417l.jpg
315,Evangelion: ANIMA,Neon Genesis Evangelion: ANIMA,エヴァンゲリオン ANIMA,Novel,4309,7.22,2007,https://cdn.myanimelist.net/images/manga/3/244538l.jpg
315,Helvetica Standard,Helvetica Standard,Helvetica Standard,Manga,4382,7.22,2007,https://cdn.myanimelist.net/images/manga/3/190967l.jpg
315,Kanchigai Musume to Buchigire Ouji,Misunderstand Girl & Angry Prince,かんちがい娘とブチギレ王子,Manga,1506,7.22,2007,https://cdn.myanimelist.net/images/manga/1/22830l.jpg
315,Koisuru Futari no Mitsu na Yarikata,Lovers' Way,恋するふたりの蜜なやりかた,Manga,726,7.22,2007,https://cdn.myanimelist.net/images/manga/1/263479l.jpg
315,Kuimonodokoro Akira,Dining Bar Akira,くいもの処明楽,Manga,1909,7.22,2007,https://cdn.myanimelist.net/images/manga/3/24171l.jpg
315,Maou no Amai Keiyaku,,魔王の甘い契約,Manga,1107,7.22,2007,https://cdn.myanimelist.net/images/manga/2/22549l.jpg
315,Nobody Knows,,Nobody Knows,Manga,701,7.22,2007,https://cdn.myanimelist.net/images/manga/1/28691l.jpg
315,Shinigamihime no Saikon,,死神姫の再婚,Light Novel,670,7.22,2007,https://cdn.myanimelist.net/images/manga/3/111357l.jpg
315,Tableau Numéro 20,Tableau Numéro 20,作品ナンバー20,Manga,1041,7.22,2007,https://cdn.myanimelist.net/images/manga/2/265103l.jpg
315,Tonari no Shugoshin,,となりの守護神,Manga,4960,7.22,2007,https://cdn.myanimelist.net/images/manga/1/39913l.jpg
315,Yasashii Ori,Gentle Cage,優しい檻,Light Novel,368,7.22,2007,https://cdn.myanimelist.net/images/manga/1/7693l.jpg
332,Ai Ore!: Danshikou no Hime to Joshikou no Ouji,Ai Ore! Love Me!,愛俺! ~男子校の姫と女子校の王子~,Manga,6302,7.21,2007,https://cdn.myanimelist.net/images/manga/2/12007l.jpg
332,Hannune Banhada! Season 2,,한눈에 반하다! Season2,Manhwa,517,7.21,2007,https://cdn.myanimelist.net/images/manga/1/30327l.jpg
332,Haru Koi,Spring Love,ハルコイ,Manga,1317,7.21,2007,https://cdn.myanimelist.net/images/manga/2/32829l.jpg
332,Himikoi,Secret love,ひみこい,Manga,2601,7.21,2007,https://cdn.myanimelist.net/images/manga/3/261593l.jpg
332,Hyakujuu Kingdom,,百獣キングダム,Manga,6314,7.21,2007,https://cdn.myanimelist.net/images/manga/5/261594l.jpg
332,Jin to Neko wa Yobu to Konai,,ジンと猫は呼ぶと来ない,Manga,2364,7.21,2007,https://cdn.myanimelist.net/images/manga/2/32226l.jpg
332,Kidou Senshi Gundam 00,Mobile Suit Gundam 00,機動戦士ガンダム00,Manga,1010,7.21,2007,https://cdn.myanimelist.net/images/manga/2/185781l.jpg
332,Koukyuu no Arika,Endless Comfort,恒久の在り処,Manga,2323,7.21,2007,https://cdn.myanimelist.net/images/manga/1/323328l.jpg
332,Maker Hikoushiki Hatsune Mix,Unofficial Hatsune Miku Mix,メーカー非公式 初音みっくす,Manga,10244,7.21,2007,https://cdn.myanimelist.net/images/manga/1/157197l.jpg
332,Motto Itte♥,,もっとイッて♥,Manga,1893,7.21,2007,https://cdn.myanimelist.net/images/manga/2/130395l.jpg
332,Oyome ni Ikenai!,,お嫁にいけない!,Manga,860,7.21,2007,https://cdn.myanimelist.net/images/manga/3/166209l.jpg
332,Samurai Usagi,,サムライうさぎ,Manga,1750,7.21,2007,https://cdn.myanimelist.net/images/manga/1/117635l.jpg
332,Tengen Toppa Gurren Lagann,,天元突破グレンラガン,Light Novel,664,7.21,2007,https://cdn.myanimelist.net/images/manga/3/172016l.jpg
345,Ashita Dorobou,,明日泥棒,Manga,8277,7.2,2007,https://cdn.myanimelist.net/images/manga/2/275027l.jpg
345,Butterfly Baby,Butterfly Baby,バタフライベイビー,Manga,943,7.2,2007,https://cdn.myanimelist.net/images/manga/2/20126l.jpg
345,House Backer,,ハウスバッカー,Manga,3973,7.2,2007,https://cdn.myanimelist.net/images/manga/1/247298l.jpg
345,Katekyou Hitman Reborn! Secret Bullet,,家庭教師〈かてきょー〉ヒットマンREBORN！隠し弾〈シークレット・ブレット〉,Light Novel,1885,7.2,2007,https://cdn.myanimelist.net/images/manga/2/26013l.jpg
345,Really? Really! Remember Memories,,Really？Really！－REMEMBER MEMORIES－,Manga,698,7.2,2007,https://cdn.myanimelist.net/images/manga/2/138943l.jpg
345,Rules dj - Song Birds,Song Birds,,Doujinshi,792,7.2,2007,https://cdn.myanimelist.net/images/manga/1/17262l.jpg
345,Wolf Guy: Ookami no Monshou,,ウルフガイ -狼の紋章-,Manga,29600,7.2,2007,https://cdn.myanimelist.net/images/manga/1/248873l.jpg
352,99% Cacao,99% Cacao,99％カカオ,Manga,5220,7.19,2007,https://cdn.myanimelist.net/images/manga/1/10855l.jpg
352,Hadaka no Ouji-sama: Love Kingdom,,裸の王子,Manga,1662,7.19,2007,https://cdn.myanimelist.net/images/manga/4/35642l.jpg
352,Let's☆Lagoon,,レッツ☆ラグーン,Manga,10966,7.19,2007,https://cdn.myanimelist.net/images/manga/2/215200l.jpg
352,Nephilim John,,네피림존,Manhwa,2451,7.19,2007,https://cdn.myanimelist.net/images/manga/4/39184l.jpg
352,Roman,,Roman,Manga,831,7.19,2007,https://cdn.myanimelist.net/images/manga/2/171207l.jpg
352,Tonari no Nanige-san,,となりのなにげさん,Manga,771,7.19,2007,https://cdn.myanimelist.net/images/manga/3/142305l.jpg
358,Houkago Orange,,放課後オレンジ,Manga,1684,7.18,2007,https://cdn.myanimelist.net/images/manga/2/156066l.jpg
358,Innocents Shounen Juujigun,,インノサン少年十字軍,Manga,2934,7.18,2007,https://cdn.myanimelist.net/images/manga/1/166912l.jpg
358,Love Love♥Rumble,,ラブラブ♥らんぶる,Manga,967,7.18,2007,https://cdn.myanimelist.net/images/manga/1/172907l.jpg
358,Morphine,,モルヒネ,Manga,850,7.18,2007,https://cdn.myanimelist.net/images/manga/2/27879l.jpg
358,Okujou no Bye-Bye,,屋上のバイバイ,One-shot,3892,7.18,2007,https://cdn.myanimelist.net/images/manga/1/95933l.jpg
358,Papa★I Love You,,パパ★アイラブユー,Manga,7032,7.18,2007,https://cdn.myanimelist.net/images/manga/2/14643l.jpg
364,Crystal Harem,Crystal Harem,クリスタルハーレム,Manga,1016,7.17,2007,https://cdn.myanimelist.net/images/manga/3/23875l.jpg
364,Da Capo II: Imaginary Future,Da Capo II: Imaginary Future,D.C.II～ダ・カーポII イマジナリーフューチャー～,Manga,582,7.17,2007,https://cdn.myanimelist.net/images/manga/2/15453l.jpg
364,Hanged Doll,,교수인형,Manhwa,3366,7.17,2007,https://cdn.myanimelist.net/images/manga/1/266331l.jpg
364,Kawaii Akuma,Cute Devil,かわいい悪魔,Manga,6396,7.17,2007,https://cdn.myanimelist.net/images/manga/3/161597l.jpg
364,Kaze ga Tsuyoku Fuiteiru,,風が強く吹いている,Manga,1817,7.17,2007,https://cdn.myanimelist.net/images/manga/3/115975l.jpg
364,Kidou Senshi Gundam 00F,Mobile Suit Gundam 00F,機動戦士ガンダム 00F,Manga,1567,7.17,2007,https://cdn.myanimelist.net/images/manga/5/15641l.jpg
364,Little Little,,リトル・リトル,Manga,2209,7.17,2007,https://cdn.myanimelist.net/images/manga/3/122523l.jpg
364,Luck Stealer,,Luck Stealer,Manga,4585,7.17,2007,https://cdn.myanimelist.net/images/manga/3/156075l.jpg
364,Midnight☆Children,Midnight Children,ミッドナイト☆チルドレン,Manga,2993,7.17,2007,https://cdn.myanimelist.net/images/manga/1/12049l.jpg
364,Seirei no Moribito,,精霊の守り人,Manga,2542,7.17,2007,https://cdn.myanimelist.net/images/manga/2/208051l.jpg
364,Sweet Black,Sweet Black,スイートブラック,Manga,6243,7.17,2007,https://cdn.myanimelist.net/images/manga/1/264342l.jpg
364,Yuigonjou yori Ai wo Komete,,遺言状より愛を込めて,Manga,490,7.17,2007,https://cdn.myanimelist.net/images/manga/3/6453l.jpg
376,Kawaii Anata,,かわいいあなた,Manga,3008,7.16,2007,https://cdn.myanimelist.net/images/manga/3/15215l.jpg
376,Kiss x Miss,,Kiss×Miss,One-shot,4547,7.16,2007,https://cdn.myanimelist.net/images/manga/4/6831l.jpg
376,Name of Love,,ネーム・オブ・ラブ,Manga,1464,7.16,2007,https://cdn.myanimelist.net/images/manga/1/5745l.jpg
376,Oka no Ue no Rakuen,The Paradise on the Hill,丘の上の楽園,Manga,1063,7.16,2007,https://cdn.myanimelist.net/images/manga/3/86141l.jpg
376,Shortcut Love,Shortcut Love,ショートカット・ラブ!!,Manga,1754,7.16,2007,https://cdn.myanimelist.net/images/manga/5/315033l.jpg
376,Stranger: Mukou Hadan,Sword of the Stranger,ストレンヂア 無皇刃譚,Manga,1151,7.16,2007,https://cdn.myanimelist.net/images/manga/3/136099l.jpg
382,Black Sun Doreiou,Black Sun,BLACK SUN 奴隷王,Manga,3137,7.15,2007,https://cdn.myanimelist.net/images/manga/1/9080l.jpg
382,Code Geass: Hangyaku no Lelouch Koushiki Comic Anthology For Girls - Knight,Code Geass: Knight,コ－ドギアス反逆のルル－シュ公式コミックアンソロジー For Girls -Knight-,Manga,2350,7.15,2007,https://cdn.myanimelist.net/images/manga/4/136295l.jpg
382,Drop,,ドロップ,Manga,3662,7.15,2007,https://cdn.myanimelist.net/images/manga/5/75539l.jpg
382,Haru Natsu Aki Fuyu dj - HaruNatsuAkiFuyu,,はるなつあきふゆ,Doujinshi,1317,7.15,2007,https://cdn.myanimelist.net/images/manga/3/105887l.jpg
382,Himitsu no Shitsuji-kun,"The secret butler; The Person That She Likes; Think Of You, Clavier; Would You Like To Adopt And Raise A Beauty?",ひみつの執事くん; 我的秘密管家,Manga,3809,7.15,2007,https://cdn.myanimelist.net/images/manga/4/29737l.jpg
382,Karin Airmail,Chibi Vampire Airmail,かりん airmail 影崎由那短編集,Manga,1905,7.15,2007,https://cdn.myanimelist.net/images/manga/2/196060l.jpg
382,Otomental,,オトメンタル,Manga,4762,7.15,2007,https://cdn.myanimelist.net/images/manga/3/98501l.jpg
389,101-ninme no Alice,Alice the 101st,101人目のアリス,Manga,746,7.14,2007,https://cdn.myanimelist.net/images/manga/3/150999l.jpg
389,Boushiya Ellipsis,,帽子屋エリプシス,Manga,702,7.14,2007,https://cdn.myanimelist.net/images/manga/5/25763l.jpg
389,Guin Saga,,グイン・サーガ,Manga,2055,7.14,2007,https://cdn.myanimelist.net/images/manga/2/274405l.jpg
389,Himekei♥Doll,,姫系♥ドール,Manga,3212,7.14,2007,https://cdn.myanimelist.net/images/manga/1/32722l.jpg
389,Ikusen no Yoru,Night of a Thousand Nights,幾千の夜,Manga,1195,7.14,2007,https://cdn.myanimelist.net/images/manga/5/130101l.jpg
389,Kimi ga Aruji de Shitsuji ga Ore de,,君が主で執事が俺で,Manga,1666,7.14,2007,https://cdn.myanimelist.net/images/manga/1/11101l.jpg
389,Tsumaranai Otoko,,つまらない男,Manga,3659,7.14,2007,https://cdn.myanimelist.net/images/manga/5/130163l.jpg
396,.hack//4-koma,.hack//4koma,ドットハックヨンコマ,Manga,2160,7.13,2007,https://cdn.myanimelist.net/images/manga/1/162030l.jpg
396,Ai dano Koi dano,The Which Is Love?,愛だの恋だの,Manga,6893,7.13,2007,https://cdn.myanimelist.net/images/manga/1/182534l.jpg
396,Gokujou Danshi to Kurashitemasu.,,極上男子と暮らしてます。,Manga,1801,7.13,2007,https://cdn.myanimelist.net/images/manga/3/21587l.jpg
396,Hachune Miku no Nichijou: Roipara!,Hatsune Miku Presents: Hachune Miku's Everyday Vocaloid Paradise,はちゅねミクの日常 ろいぱら！,Manga,1170,7.13,2007,https://cdn.myanimelist.net/images/manga/1/189748l.jpg
396,Hada no Ue no Renai Jijou,,肌の上の恋愛情,Manga,2438,7.13,2007,https://cdn.myanimelist.net/images/manga/2/25521l.jpg
396,Open Air,Open Air,,Manga,624,7.13,2007,https://cdn.myanimelist.net/images/manga/1/146993l.jpg
396,Torokeru You na Kiss wo Kanadete,,とろけるようなキスを奏でて,Manga,2275,7.13,2007,https://cdn.myanimelist.net/images/manga/3/130393l.jpg
396,Utsushimi no Hana,,うつしみの花,Manga,562,7.13,2007,https://cdn.myanimelist.net/images/manga/3/17231l.jpg
404,Corporate House e Youkoso,Welcome to the Corporate House,コーポラスへようこそ,Manga,901,7.12,2007,https://cdn.myanimelist.net/images/manga/1/302786l.jpg
404,Ice Forest,,アイス フォレスト,Manga,643,7.12,2007,https://cdn.myanimelist.net/images/manga/5/20139l.jpg
404,Innocent World,,イノセント・ワールド,Manga,1675,7.12,2007,https://cdn.myanimelist.net/images/manga/2/262087l.jpg
404,Tsukiyo no Toratsugumi,,月夜のとらつぐみ,Manga,1687,7.12,2007,https://cdn.myanimelist.net/images/manga/1/113533l.jpg
404,Tsukushite Agemasu,,つくしてあげます,Manga,5601,7.12,2007,https://cdn.myanimelist.net/images/manga/3/29771l.jpg
409,Anata e no Crescendo,Crescendo to You,あなたへのクレッシェンド,Manga,2596,7.11,2007,https://cdn.myanimelist.net/images/manga/2/264350l.jpg
409,Billion Princess,,百億公主,Manhua,2282,7.11,2007,https://cdn.myanimelist.net/images/manga/1/179027l.jpg
409,Blind Love,,ブラインドラブ,Manga,1749,7.11,2007,https://cdn.myanimelist.net/images/manga/1/22602l.jpg
409,Chu Berozu,,チューベろーず,Manga,1462,7.11,2007,https://cdn.myanimelist.net/images/manga/3/52089l.jpg
409,Fuan no Tane+,,不安の種+(プラス),Manga,7437,7.11,2007,https://cdn.myanimelist.net/images/manga/3/138393l.jpg
409,Kudan no Kuroneko,,件の黒猫,Manga,1735,7.11,2007,https://cdn.myanimelist.net/images/manga/3/13984l.jpg
409,Shirogane no Ou,,しろがねの王,Manga,1210,7.11,2007,https://cdn.myanimelist.net/images/manga/3/21428l.jpg
409,Sweetheart Devil,Sweetheart Devil,すいーとハートデビル,One-shot,1866,7.11,2007,https://cdn.myanimelist.net/images/manga/1/6413l.jpg
417,Fujoshi Kanojo.,My Girlfriend's a Geek,腐女子彼女。,Manga,7948,7.1,2007,https://cdn.myanimelist.net/images/manga/1/184337l.jpg
417,Juhou Kaikin!! Hyde & Closer,Hyde & Closer,呪法解禁!! ハイド&クローサー,Manga,3456,7.1,2007,https://cdn.myanimelist.net/images/manga/2/57175l.jpg
417,Koutetsu no Daitenshi,,鋼鉄の大天使,Manga,1347,7.1,2007,https://cdn.myanimelist.net/images/manga/1/13983l.jpg
417,Muse no Gakuen de Aou,,ミューズの学園で逢おう,Manga,1430,7.1,2007,https://cdn.myanimelist.net/images/manga/5/12066l.jpg
417,Olimpos,Olympos,オリンポス,Manga,10688,7.1,2007,https://cdn.myanimelist.net/images/manga/3/21405l.jpg
417,Soukoku no Garou - Hokuto no Ken Rei Gaiden,,蒼黒の餓狼 －北斗の拳レイ外伝－,Manga,1876,7.1,2007,https://cdn.myanimelist.net/images/manga/3/130531l.jpg
417,Suki Nante Ienai,,好きなんていえない,Manga,1354,7.1,2007,https://cdn.myanimelist.net/images/manga/3/130771l.jpg
417,The Girl's Winter,The Girl's Winter,,Manhwa,726,7.1,2007,https://cdn.myanimelist.net/images/manga/1/4464l.jpg
417,Yuuwaku Recipe,Temptation Recipe,誘惑レシピ,Manga,959,7.1,2007,https://cdn.myanimelist.net/images/manga/1/15296l.jpg
426,3-gatsu no Yume,March Dream,3月の夢,Manga,591,7.09,2007,https://cdn.myanimelist.net/images/manga/4/264341l.jpg
426,Ichiroh!,,イチロー！,Manga,691,7.09,2007,https://cdn.myanimelist.net/images/manga/1/20572l.jpg
426,Kizoku no Aoi Seppun,The Aristocrat's Blue Kiss,貴族の青い接吻,Manga,1714,7.09,2007,https://cdn.myanimelist.net/images/manga/2/9940l.jpg
426,Lonesome Eden,,沙夢,Manhua,1016,7.09,2007,https://cdn.myanimelist.net/images/manga/1/21278l.jpg
426,Misshitsu no Toriko,Caged Slave,密室の虜,Light Novel,590,7.09,2007,https://cdn.myanimelist.net/images/manga/1/7689l.jpg
426,Okusan no Mousouteki Nichijou,Oku-san's Daily Fantasies,奥さんの妄想的日常,Manga,2070,7.09,2007,https://cdn.myanimelist.net/images/manga/2/267688l.jpg
426,Rotte no Omocha!,,ロッテのおもちゃ!,Manga,10063,7.09,2007,https://cdn.myanimelist.net/images/manga/1/158386l.jpg
426,Sousoukyoku Nightmare,Nightmare of the Funeral March,葬送曲ナイトメア,Manga,900,7.09,2007,https://cdn.myanimelist.net/images/manga/1/20940l.jpg
426,Square na Kankei,,スクエアな関係,Manga,1310,7.09,2007,https://cdn.myanimelist.net/images/manga/2/135869l.jpg
426,Takarazora,,宝空,One-shot,1978,7.09,2007,https://cdn.myanimelist.net/images/manga/1/22767l.jpg
426,Ubukawa: Hajimete no Kare,Very Cute: First Boyfriend,ウブかわ～初めての彼～,Manga,788,7.09,2007,https://cdn.myanimelist.net/images/manga/3/18192l.jpg
437,Anta nante Okotowari!,,アンタなんてお断り!,Manga,3772,7.08,2007,https://cdn.myanimelist.net/images/manga/3/175068l.jpg
437,Bye-bye Love-Letter,,バイバイ ラブレター,One-shot,2203,7.08,2007,https://cdn.myanimelist.net/images/manga/3/19025l.jpg
437,Carbonard Crown,,カルボナードクラウン,Manga,571,7.08,2007,https://cdn.myanimelist.net/images/manga/1/27751l.jpg
437,Fate/kaleid liner Prisma☆Illya,Fate/Kaleid Liner Prisma Illya,Fate/kaleid liner プリズマ☆イリヤ,Manga,11741,7.08,2007,https://cdn.myanimelist.net/images/manga/5/271563l.jpg
437,Honnou Chocolat,,本能ショコラ,Manga,1824,7.08,2007,https://cdn.myanimelist.net/images/manga/2/203732l.jpg
437,Kingdom Hearts Another Report,,キングダムハーツ アナザーレポート,Manga,1084,7.08,2007,https://cdn.myanimelist.net/images/manga/3/203230l.jpg
437,Kyouran Kazoku Nikki,,狂乱家族日記,Manga,607,7.08,2007,https://cdn.myanimelist.net/images/manga/1/125383l.jpg
437,Natsu-iro Danshi,,夏色男子,Manga,936,7.08,2007,https://cdn.myanimelist.net/images/manga/3/90013l.jpg
437,Surf Junkie,,サーフジャンキー,Manga,1110,7.08,2007,https://cdn.myanimelist.net/images/manga/2/26398l.jpg
437,Wanko to Nyanko,Dog x Cat,わんことにゃんこ,Manga,485,7.08,2007,https://cdn.myanimelist.net/images/manga/2/5919l.jpg
447,Boshi W Soukan,,母姉W相姦,Manga,980,7.07,2007,https://cdn.myanimelist.net/images/manga/2/49095l.jpg
447,"Eien no Ai wo, Waga Hanayome ni",Eternal Love,永遠の愛を、我が花嫁に,Light Novel,399,7.07,2007,https://cdn.myanimelist.net/images/manga/2/7690l.jpg
447,"Kaichou, Suki tte Ittemo Ii desu ka?",,会長、スキって言ってもいいですか?,Manga,6780,7.07,2007,https://cdn.myanimelist.net/images/manga/1/94815l.jpg
447,Kandachime,,神太刀女,Manga,5104,7.07,2007,https://cdn.myanimelist.net/images/manga/3/52913l.jpg
447,Kuro Hakubutsukan: Springald,Black Museum Springald,黒博物館 スプリンガルド,Manga,2327,7.07,2007,https://cdn.myanimelist.net/images/manga/3/161363l.jpg
447,Loveletter from...,,Loveletter from･･･,Manga,523,7.07,2007,https://cdn.myanimelist.net/images/manga/1/45543l.jpg
447,Magician,Magician,마술사,Manhwa,824,7.07,2007,https://cdn.myanimelist.net/images/manga/3/262587l.jpg
447,Mayonaka ni Kiss,Kiss in the Midnight,真夜中にkiss,Manga,1605,7.07,2007,https://cdn.myanimelist.net/images/manga/1/207205l.jpg
447,Onozomi no Mama ni,,お望みのままに,Manga,1812,7.07,2007,https://cdn.myanimelist.net/images/manga/3/27670l.jpg
447,PuiPui!,,ぷいぷい！,Manga,1034,7.07,2007,https://cdn.myanimelist.net/images/manga/2/119517l.jpg
447,Zero no Tsukaima Gaiden: Tabitha no Bouken,,ゼロの使い魔外伝 タバサの冒険,Manga,1805,7.07,2007,https://cdn.myanimelist.net/images/manga/3/173855l.jpg
458,Beach Stars,,ビーチスターズ,Manga,5262,7.06,2007,https://cdn.myanimelist.net/images/manga/3/258254l.jpg
458,Dakishimenasai!,Please Hold Me!,抱きしめなさいっ!,Manga,769,7.06,2007,https://cdn.myanimelist.net/images/manga/2/108443l.jpg
458,Eden no Trill,Trill on Eden,楽園のトリル,Manga,721,7.06,2007,https://cdn.myanimelist.net/images/manga/2/261618l.jpg
458,Hakoniwa Angel,,箱庭エンジェル,Manga,951,7.06,2007,https://cdn.myanimelist.net/images/manga/1/172991l.jpg
458,Honenuki ni Saretai,,ホネヌキにされたい,Manga,1786,7.06,2007,https://cdn.myanimelist.net/images/manga/1/5932l.jpg
458,Kanamemo,,かなめも,Manga,1892,7.06,2007,https://cdn.myanimelist.net/images/manga/2/56023l.jpg
458,Meteor,,メテオド,Manga,1137,7.06,2007,https://cdn.myanimelist.net/images/manga/1/285553l.jpg
458,One Fine Day,One Fine Day,나나이랑 그루's One Fine Day,Manhwa,566,7.06,2007,https://cdn.myanimelist.net/images/manga/2/31137l.jpg
466,Bakusou!! Platinum Idol,,爆走！！ プラチナアイドル,Manga,744,7.05,2007,https://cdn.myanimelist.net/images/manga/1/35540l.jpg
466,Code Geass: Hangyaku no Lelouch Koushiki Comic Anthology For Boys - Queen,Code Geass: Queen,コードギアス 反逆のルルーシュ 公式コミックアンソロジー For Boys -Queen-,Manga,2854,7.05,2007,https://cdn.myanimelist.net/images/manga/3/140001l.jpg
466,Morita-san wa Mukuchi,Morita-san wa Mukuchi,森田さんは無口,Manga,1159,7.05,2007,https://cdn.myanimelist.net/images/manga/3/194970l.jpg
466,Nemurenu Chou,,眠れぬ蝶,Manga,1384,7.05,2007,https://cdn.myanimelist.net/images/manga/4/264371l.jpg
470,Danshi Kinshi!!,,男子禁止っ！！,Manga,1782,7.04,2007,https://cdn.myanimelist.net/images/manga/3/126429l.jpg
470,Death Sweeper,,デス・スウィーパー,Manga,5774,7.04,2007,https://cdn.myanimelist.net/images/manga/1/253920l.jpg
470,Ga-Rei: Tsuina no Shou,,喰霊 ～追儺の章～,Manga,4601,7.04,2007,https://cdn.myanimelist.net/images/manga/5/84895l.jpg
470,Himawari,,ひまわり,Manga,430,7.04,2007,https://cdn.myanimelist.net/images/manga/2/33099l.jpg
470,Kusuriyubi Hime,Ring Finger Princess,くすりゆびひめ,Manga,2400,7.04,2007,https://cdn.myanimelist.net/images/manga/3/7456l.jpg
470,Let's Akuma Tech Kyoushitsu,,Let’sアクマテク教室,Manga,627,7.04,2007,https://cdn.myanimelist.net/images/manga/5/264372l.jpg
470,MM!,,えむえむっ!,Light Novel,1550,7.04,2007,https://cdn.myanimelist.net/images/manga/5/81137l.jpg
470,Mori no Animal Company,,森のアニマルカンパニー,Manga,1370,7.04,2007,https://cdn.myanimelist.net/images/manga/3/34079l.jpg
470,Tokyo Shinjuu,,東京・心中,Manga,1377,7.04,2007,https://cdn.myanimelist.net/images/manga/3/88701l.jpg
470,Vampire no Shouzou,Vampire's Portrait,吸血鬼〈ヴァンパイア〉の肖像,Manga,1885,7.04,2007,https://cdn.myanimelist.net/images/manga/1/98733l.jpg
470,Yuri Hime Wildrose,,百合姫 Wildrose,Manga,5578,7.04,2007,https://cdn.myanimelist.net/images/manga/1/4195l.jpg
470,kaiyorihito/kaiyorishiki,,隗ヨリヒトカイヨリ式,Manga,1255,7.04,2007,https://cdn.myanimelist.net/images/manga/3/21437l.jpg
482,Bambi no Tegami,Letter from Bambi,バンビの手紙,Manga,2516,7.03,2007,https://cdn.myanimelist.net/images/manga/2/65649l.jpg
482,Code Geass: Nightmare of Nunnally,Code Geass: Nightmare of Nunnally,コードギアス ナイトメア・オブ・ナナリー,Manga,9537,7.03,2007,https://cdn.myanimelist.net/images/manga/3/307361l.jpg
482,Doubt,Doubt,Doubt,Manga,90847,7.03,2007,https://cdn.myanimelist.net/images/manga/1/196163l.jpg
482,Ginchou Kidan,,銀蝶奇談,Manga,1790,7.03,2007,https://cdn.myanimelist.net/images/manga/2/2449l.jpg
482,H2O: Footprints in the Sand,,H₂O -FOOTPRINTS IN THE SAND-,Manga,1349,7.03,2007,https://cdn.myanimelist.net/images/manga/2/122403l.jpg
482,Kaze no Stigma: Kouen no Miko,,風の聖痕 紅炎の御子,Manga,4533,7.03,2007,https://cdn.myanimelist.net/images/manga/3/24737l.jpg
482,Koi wo Kanaderu Kisetsu: Crescendo Memory,,恋を奏でる季節 クレッシェンド メモリー,Manga,1341,7.03,2007,https://cdn.myanimelist.net/images/manga/1/167297l.jpg
482,Nanahikari,,ななひかり,Manga,881,7.03,2007,https://cdn.myanimelist.net/images/manga/1/26529l.jpg
482,Rakuen no Jouken,The Conditions of Paradise,楽園の条件,Manga,3583,7.03,2007,https://cdn.myanimelist.net/images/manga/3/79337l.jpg
482,The Silvery Crow,,しろがねの鴉,Manga,4046,7.03,2007,https://cdn.myanimelist.net/images/manga/1/157088l.jpg
492,24-jikan Kiss Dekinai,Cannot Kiss for 24hours,24時間KISSできない,Manga,4129,7.02,2007,https://cdn.myanimelist.net/images/manga/3/334361l.jpg
492,Flower*Flower,,flower＊flower,Manga,2329,7.02,2007,https://cdn.myanimelist.net/images/manga/3/36058l.jpg
492,Kamisama Onegai!,,神様おねがい!,One-shot,2144,7.02,2007,https://cdn.myanimelist.net/images/manga/2/22032l.jpg
492,Koi-Moyou,,KOI－MOYOU,Manga,690,7.02,2007,https://cdn.myanimelist.net/images/manga/2/13762l.jpg
492,Koisuru Maid Shounen,,恋するメイド少年,Manga,1064,7.02,2007,https://cdn.myanimelist.net/images/manga/2/71453l.jpg
492,Lesson to You,,レッスン とぅゆ～,Manga,746,7.02,2007,https://cdn.myanimelist.net/images/manga/3/110391l.jpg
492,Okuretekita Renjou,,遅れてきた恋情,Manga,1331,7.02,2007,https://cdn.myanimelist.net/images/manga/2/294510l.jpg
492,Ouji to Kotori,,王子と小鳥,Manga,1134,7.02,2007,https://cdn.myanimelist.net/images/manga/2/30471l.jpg
492,Renai no Kamisama ni Ie,,恋愛の神様に言え,Manga,332,7.02,2007,https://cdn.myanimelist.net/images/manga/2/153710l.jpg
492,Tsumetai Kousha no Toki wa Tomaru,A School Frozen in Time,冷たい校舎の時は止まる,Manga,3330,7.02,2007,https://cdn.myanimelist.net/images/manga/2/243111l.jpg
492,Wagaya no Oinari-sama.,,我が家のお稲荷さま。,Manga,1381,7.02,2007,https://cdn.myanimelist.net/images/manga/2/128341l.jpg
503,After Friend,,アフターフレンド,One-shot,4005,7.01,2007,https://cdn.myanimelist.net/images/manga/2/17306l.jpg
503,Aoi Honoo,,アオイホノオ,Manga,2202,7.01,2007,https://cdn.myanimelist.net/images/manga/3/137959l.jpg
503,Hidoi Otoko.,,酷い男。,Manga,1089,7.01,2007,https://cdn.myanimelist.net/images/manga/1/278787l.jpg
503,Hikari to Yami no Logic,,光と闇の論理学,Manga,1140,7.01,2007,https://cdn.myanimelist.net/images/manga/2/162218l.jpg
503,Ichinensei ni Nacchattara,,一年生になっちゃったら,Manga,4823,7.01,2007,https://cdn.myanimelist.net/images/manga/2/52155l.jpg
503,Kimi wo Mukaeni,To Meet You,君を迎えに,Manga,1389,7.01,2007,https://cdn.myanimelist.net/images/manga/2/17029l.jpg
503,Mamotte Agemasu,,守ってあげます,Manga,4133,7.01,2007,https://cdn.myanimelist.net/images/manga/2/212480l.jpg
503,Nettori Yome Haha Uzukizakari,Mother of Fierce Nymphomaniac,ねっとり嫁母疼き発情り,Manga,856,7.01,2007,https://cdn.myanimelist.net/images/manga/3/181979l.jpg
503,Onihime VS,,鬼姫VS,Manga,16136,7.01,2007,https://cdn.myanimelist.net/images/manga/2/183911l.jpg
503,Pure Girl,,PURE GIRL,Manga,1164,7.01,2007,https://cdn.myanimelist.net/images/manga/3/176705l.jpg
503,Utahime,Utahime: The Songstress,歌姫,Manga,2300,7.01,2007,https://cdn.myanimelist.net/images/manga/1/21106l.jpg
514,Boku no Tsukuru Sekai,The World I Create,幻燈師シリーズ ボクの創る世界,Manga,849,7.0,2007,https://cdn.myanimelist.net/images/manga/2/249321l.jpg
514,Darker than Black: Kuro no Keiyakusha,Darker than Black,DARKER THAN BLACK -黒の契約者-,Manga,18125,7.0,2007,https://cdn.myanimelist.net/images/manga/2/31140l.jpg
514,Hanamai Koeda de Aimashou,,花舞小枝で会いましょう,Manga,1465,7.0,2007,https://cdn.myanimelist.net/images/manga/2/276302l.jpg
514,Hisho Ikuseichuu dj - Kawaii Hisho no Sodatekata,My Lovely secretary dj - Sweet Private Secretary Raising,秘書育成中。可愛い秘書の育て方,Doujinshi,364,7.0,2007,https://cdn.myanimelist.net/images/manga/3/19500l.jpg
514,Maid in Heaven,Maid in Heaven,メイドインヘヴン,Manga,873,7.0,2007,https://cdn.myanimelist.net/images/manga/2/307721l.jpg
514,Oh! My Prince,,Oh! my プリンス,Manga,672,7.0,2007,https://cdn.myanimelist.net/images/manga/2/261604l.jpg
514,Playboy Amour.,,プレイボーイ・アムール。,Manga,1399,7.0,2007,https://cdn.myanimelist.net/images/manga/3/11767l.jpg
521,"Brand ""Peace""",Brand,ブランド 「Peace」,Manga,1460,6.99,2007,https://cdn.myanimelist.net/images/manga/4/19226l.jpg
521,Fujunna Renai,,不純な恋愛,Manga,1297,6.99,2007,https://cdn.myanimelist.net/images/manga/2/5546l.jpg
521,Hanashite Nante Agenai yo,,はなしてなんてあげないよ,Manga,1843,6.99,2007,https://cdn.myanimelist.net/images/manga/4/261616l.jpg
521,Koiiro Omoi,,コイイロオモイ,Manga,1103,6.99,2007,https://cdn.myanimelist.net/images/manga/3/82732l.jpg
521,Lost Man,,LOST MAN,Manga,1514,6.99,2007,https://cdn.myanimelist.net/images/manga/3/135585l.jpg
521,"Onegai, Sensei",,お願い、せんせい,Manga,2853,6.99,2007,https://cdn.myanimelist.net/images/manga/3/161808l.jpg
521,Sakoku Renai,Isle of Forbidden Love,鎖国恋愛,Manga,986,6.99,2007,https://cdn.myanimelist.net/images/manga/3/162429l.jpg
521,Terebi-kun no Kimochi,,テレビくんの気持ち,Manga,2003,6.99,2007,https://cdn.myanimelist.net/images/manga/1/88765l.jpg
529,Aijin,,愛人,Manga,2002,6.98,2007,https://cdn.myanimelist.net/images/manga/1/171677l.jpg
529,Hitozuma Life,Wife Life,ヒトヅマライフ,Manga,2082,6.98,2007,https://cdn.myanimelist.net/images/manga/1/156759l.jpg
529,Isshou Tsuzukerarenai Shigoto,,一生続けられない仕事,Manga,617,6.98,2007,https://cdn.myanimelist.net/images/manga/1/338020l.jpg
529,Koibana!: Koiseyo Hanabi,,コイバナ！ ―恋せよ花火―,Manga,9662,6.98,2007,https://cdn.myanimelist.net/images/manga/3/191476l.jpg
529,Mehyou to Chuujitsu na Geboku,,女豹と忠実な下僕,Manga,1477,6.98,2007,https://cdn.myanimelist.net/images/manga/4/19405l.jpg
529,Mousou Cinderella,,妄想シンデレラ,Manga,776,6.98,2007,https://cdn.myanimelist.net/images/manga/1/46213l.jpg
529,Sairuiu,,洒涙雨,Manga,650,6.98,2007,https://cdn.myanimelist.net/images/manga/1/85165l.jpg
529,Te Tsunagi Gokko,Holding Hands Together,手つなぎごっこ,Manga,1246,6.98,2007,https://cdn.myanimelist.net/images/manga/2/20626l.jpg
529,Ware wa Kenou!!,,われは剣王っ!!,Manga,1265,6.98,2007,https://cdn.myanimelist.net/images/manga/2/34816l.jpg
529,Watashi no Mahoutsukai-sama,,わたしのまほう使いさま,One-shot,1005,6.98,2007,https://cdn.myanimelist.net/images/manga/5/111231l.jpg
539,Gangster Hero,,건달 히어로,Manhwa,987,6.97,2007,https://cdn.myanimelist.net/images/manga/3/335991l.jpg
539,Iro wo mo Kaori wo mo,,色をも香をも,Manga,880,6.97,2007,https://cdn.myanimelist.net/images/manga/4/346475l.jpg
539,Koi Gokoro Gekokujou,,恋ゴコロ下克上,One-shot,2856,6.97,2007,https://cdn.myanimelist.net/images/manga/5/122441l.jpg
539,Koi Tsukiyo no Himegoto,,恋月夜のひめごと,Manga,2092,6.97,2007,https://cdn.myanimelist.net/images/manga/1/81536l.jpg
539,Marriage Royale,,マリッジロワイヤル,Manga,1337,6.97,2007,https://cdn.myanimelist.net/images/manga/3/154212l.jpg
539,Momoiro Tengu,Pink Tengu,桃色天狗,Manga,1335,6.97,2007,https://cdn.myanimelist.net/images/manga/3/27139l.jpg
539,Ping,Ping,핑,Manhwa,4883,6.97,2007,https://cdn.myanimelist.net/images/manga/2/53241l.jpg
539,Toshokan Sensou: Spitfire!,,図書館戦争SPITFIRE!,Manga,812,6.97,2007,https://cdn.myanimelist.net/images/manga/1/119583l.jpg
547,Hanazakari de Koi Shiteru,,花ざかりで恋してる,Manga,1217,6.96,2007,https://cdn.myanimelist.net/images/manga/1/10950l.jpg
547,Heart no Ousama,King of Hearts,ハートの王様,Manga,1789,6.96,2007,https://cdn.myanimelist.net/images/manga/5/149137l.jpg
547,Hisho Ikuseichuu dj - Hisho to Oishii Gohan,My Lovely Secretary dj - The Secretary and the Delicious Meal,秘書育成中。秘書とおいしいごはん,Doujinshi,510,6.96,2007,https://cdn.myanimelist.net/images/manga/2/19499l.jpg
547,Honey Coming: Sweet Love Lesson,,Honey Coming ～すうぃーとLOVEレッスン～,Manga,1197,6.96,2007,https://cdn.myanimelist.net/images/manga/2/14975l.jpg
547,Kaitou Drugers!: Junjou★Koi Dorobou,,怪盗ドラッガーズ！純情★恋泥棒,Manga,579,6.96,2007,https://cdn.myanimelist.net/images/manga/2/17412l.jpg
547,Megalomania,,MEGALOMANIA メガロマニア,Manga,1144,6.96,2007,https://cdn.myanimelist.net/images/manga/2/9214l.jpg
553,Aruhi Totsuzen Koi wa Kuru?!,,ある日突然恋はクル!?,Manga,1291,6.95,2007,https://cdn.myanimelist.net/images/manga/3/40491l.jpg
553,Chokujou Lovers,,直情ラバーズ,Manga,930,6.95,2007,https://cdn.myanimelist.net/images/manga/1/310864l.jpg
553,Hira Hira,,ひらひら,Manga,606,6.95,2007,https://cdn.myanimelist.net/images/manga/3/70085l.jpg
553,Juicy,,ジューシー,Manga,470,6.95,2007,https://cdn.myanimelist.net/images/manga/2/68795l.jpg
553,Seigi Kenkyuukai Serenade,Serenade of the Justice Laboratory,正義研究会セレナード,Manga,617,6.95,2007,https://cdn.myanimelist.net/images/manga/1/173760l.jpg
553,Uminari,,海鳴り,Manga,831,6.95,2007,https://cdn.myanimelist.net/images/manga/5/39736l.jpg
559,Bannin,,番人,Manga,1762,6.94,2007,https://cdn.myanimelist.net/images/manga/2/186871l.jpg
559,Gesshi,,月刺,Manga,808,6.94,2007,https://cdn.myanimelist.net/images/manga/2/161776l.jpg
559,Hello Baby,,ハロー ベイビー,One-shot,9895,6.94,2007,https://cdn.myanimelist.net/images/manga/5/12135l.jpg
559,Innai Kansen,Nosocomial Infection,院内感染,Manga,958,6.94,2007,https://cdn.myanimelist.net/images/manga/4/33915l.jpg
559,Kimi ni Furetara.,If You Touch Me,君に触れたら。,Manga,3726,6.94,2007,https://cdn.myanimelist.net/images/manga/3/6267l.jpg
559,Majimoji Rurumo,,まじもじるるも,Manga,2217,6.94,2007,https://cdn.myanimelist.net/images/manga/2/122543l.jpg
559,Smoker,,SMOKER,Manga,964,6.94,2007,https://cdn.myanimelist.net/images/manga/1/330029l.jpg
566,.hack//Link: Tasogare no Kishidan,.hack//Link,.hack//Link 黄昏の騎士団,Manga,2729,6.93,2007,https://cdn.myanimelist.net/images/manga/5/126089l.jpg
566,Ai ga Love shite You Nano sa,,アイがラブしてユーなのさ,Manga,1834,6.93,2007,https://cdn.myanimelist.net/images/manga/2/34462l.jpg
566,Bitansan Renai,,微炭酸恋愛,Manga,1302,6.93,2007,https://cdn.myanimelist.net/images/manga/3/24975l.jpg
566,Escape,,,One-shot,5743,6.93,2007,https://cdn.myanimelist.net/images/manga/2/3809l.jpg
566,Green Light,Green Light,グリーン ライト,Light Novel,578,6.93,2007,https://cdn.myanimelist.net/images/manga/3/30590l.jpg
566,Kidou Senshi Gundam: Orera Renpou Gurentai,,機動戦士ガンダム オレら連邦愚連隊,Manga,492,6.93,2007,https://cdn.myanimelist.net/images/manga/1/147345l.jpg
566,L'Etoile Solitaire,L'Etoile Solitaire,恋の初心者マーク,Manga,655,6.93,2007,https://cdn.myanimelist.net/images/manga/1/5491l.jpg
566,Mahoutsukai no Koi,,魔法使いの恋,Manga,1968,6.93,2007,https://cdn.myanimelist.net/images/manga/3/24118l.jpg
566,Mai-HiME Destiny,,舞-HiME Destiny,Light Novel,630,6.93,2007,https://cdn.myanimelist.net/images/manga/4/94673l.jpg
566,Mou Speed de Karera wa,,猛スピードで彼らは,Manga,1083,6.93,2007,https://cdn.myanimelist.net/images/manga/2/112139l.jpg
566,Pet Diary,,펫다이어리,Manhwa,1094,6.93,2007,https://cdn.myanimelist.net/images/manga/2/73541l.jpg
566,Pink♥♥Innocent,Pink♥♥Innocent,ピンク♥♥イノセント,Manga,2160,6.93,2007,https://cdn.myanimelist.net/images/manga/1/264343l.jpg
566,Rockman ZX,,ロックマン ゼクス,Manga,794,6.93,2007,https://cdn.myanimelist.net/images/manga/1/207091l.jpg
566,Rules Booklet - Another Day on the Planet,Rules Booklet - Another Day on the Planet,,Manga,848,6.93,2007,https://cdn.myanimelist.net/images/manga/1/6712l.jpg
566,Wagahai wa Yome de Aru.,,吾輩は嫁である。,Manga,2241,6.93,2007,https://cdn.myanimelist.net/images/manga/3/111047l.jpg
581,Kuchibiru no Yukue,Cigarette Kisses,くちびるの行方,Manga,844,6.92,2007,https://cdn.myanimelist.net/images/manga/3/31443l.jpg
581,Mecha Mucha H,,めちゃむちゃＨ,Manga,507,6.92,2007,https://cdn.myanimelist.net/images/manga/2/49437l.jpg
581,Order wa Boku de Yoroshii desu ka?,,オーダーは僕でよろしいですか？,Manga,2340,6.92,2007,https://cdn.myanimelist.net/images/manga/1/38363l.jpg
581,Stay Gold: Koi no Lesson A to Z,,ステイゴールド ~恋のレッスンAtoZ~,Manga,1940,6.92,2007,https://cdn.myanimelist.net/images/manga/5/315861l.jpg
581,Tribal 12,,TRIBAL12,Manga,848,6.92,2007,https://cdn.myanimelist.net/images/manga/2/199627l.jpg
581,Zanbara!,,斬バラ!,Manga,1058,6.92,2007,https://cdn.myanimelist.net/images/manga/2/21413l.jpg
587,Amaenaide yo!! MS,,あまえないでよっ!! MS,Manga,1125,6.91,2007,https://cdn.myanimelist.net/images/manga/4/151129l.jpg
587,Atsumare! Gakuen Tengoku,,あつまれ! 学園・天国,Manga,2361,6.91,2007,https://cdn.myanimelist.net/images/manga/1/173163l.jpg
587,Con Con x Honey,,コンコン×ハニー,Manga,746,6.91,2007,https://cdn.myanimelist.net/images/manga/4/29752l.jpg
587,Hakodate Youjin Buraichou Himegami,,箱館妖人無頼帖 ヒメガミ,Manga,2267,6.91,2007,https://cdn.myanimelist.net/images/manga/2/13249l.jpg
587,Harem♥Tune,,は～れむ♥ちゅーん,Manga,439,6.91,2007,https://cdn.myanimelist.net/images/manga/1/186629l.jpg
587,Hoozuki no Shima,,鬼燈の島 -ホオズキノシマ-,Manga,10748,6.91,2007,https://cdn.myanimelist.net/images/manga/2/179297l.jpg
587,"Hoshii no wa, Anata dake",,ほしいのは、あなただけ,Manga,352,6.91,2007,https://cdn.myanimelist.net/images/manga/2/36423l.jpg
587,I do I do,,,Manhwa,932,6.91,2007,https://cdn.myanimelist.net/images/manga/2/32725l.jpg
587,Mononoke-zoushi,,もののけ草紙,Manga,1797,6.91,2007,https://cdn.myanimelist.net/images/manga/1/144453l.jpg
587,Ne-to-ge,Lovers in cyber world,ね・と・げ,Manga,952,6.91,2007,https://cdn.myanimelist.net/images/manga/3/168977l.jpg
587,Nokemono to Hanayome the Manga,,ノケモノと花嫁 THE MANGA,Manga,1368,6.91,2007,https://cdn.myanimelist.net/images/manga/1/25957l.jpg
587,Otonage.,,大人気。,Manga,852,6.91,2007,https://cdn.myanimelist.net/images/manga/2/159624l.jpg
587,Yomeiro Choice,,ヨメイロちょいす,Manga,12724,6.91,2007,https://cdn.myanimelist.net/images/manga/2/184556l.jpg
600,Black Dog,,血黑犬,Manhua,1336,6.9,2007,https://cdn.myanimelist.net/images/manga/1/124731l.jpg
600,Blue Nathanael,,Blue Nathanael,Doujinshi,962,6.9,2007,https://cdn.myanimelist.net/images/manga/2/25235l.jpg
600,Girl in Heels,Girl in Heels,하이힐을 신은 소녀,Manhwa,1541,6.9,2007,https://cdn.myanimelist.net/images/manga/4/30194l.jpg
600,Ojousama Gomeirei wo,,お嬢様ご命令を,Manga,1223,6.9,2007,https://cdn.myanimelist.net/images/manga/1/189880l.jpg
604,Aoi Destruction!,Aoi Destruction!,葵DESTRUCTION!,Manga,2856,6.89,2007,https://cdn.myanimelist.net/images/manga/3/9493l.jpg
604,Asoberu Karada,A Body For Play,あそべるカラダ,Manga,1169,6.89,2007,https://cdn.myanimelist.net/images/manga/1/145941l.jpg
604,Ganota no Onna,,ガンオタの女,Manga,1521,6.89,2007,https://cdn.myanimelist.net/images/manga/2/59411l.jpg
604,Go! Tenba Cheerleaders,Go! Tenba Cheerleaders,ごてんばチアリーダーズ,Manga,1893,6.89,2007,https://cdn.myanimelist.net/images/manga/2/155466l.jpg
604,"Hinyari Rouka, Mangekyou",,,Manga,2271,6.89,2007,https://cdn.myanimelist.net/images/manga/3/58215l.jpg
604,Honey Syrup,,Honey Syrup ハニーシロップ,Manga,528,6.89,2007,https://cdn.myanimelist.net/images/manga/2/145999l.jpg
604,Maken-Ki!,,マケン姫っ!,Manga,19471,6.89,2007,https://cdn.myanimelist.net/images/manga/2/156367l.jpg
604,S.P.Y.,,S．P．Y～スイムパラダイスヘヨウコソ～,Manga,6138,6.89,2007,https://cdn.myanimelist.net/images/manga/5/89527l.jpg
604,Sora ni Saitara,,天に咲いたら,One-shot,715,6.89,2007,https://cdn.myanimelist.net/images/manga/2/272615l.jpg
604,Ukkari Cherry,,うっかりチェリー,Manga,1709,6.89,2007,https://cdn.myanimelist.net/images/manga/1/112865l.jpg
614,Amayaka na Suuhai,Sweet Admiration,甘やかな崇拝,Light Novel,286,6.88,2007,https://cdn.myanimelist.net/images/manga/1/7695l.jpg
614,Blue Drop: Maiorita Tenshi,,BLUE DROP 〜舞い降りた天使〜,Manga,1726,6.88,2007,https://cdn.myanimelist.net/images/manga/2/9325l.jpg
614,Coral: Tenohira no Umi,,コーラル 手のひらの海,Manga,562,6.88,2007,https://cdn.myanimelist.net/images/manga/2/171132l.jpg
614,Hitozuma,Another's Wife,ひとづま,Manga,1417,6.88,2007,https://cdn.myanimelist.net/images/manga/3/65737l.jpg
614,Kakumeika no Gogo,,革命家の午後,Manga,4117,6.88,2007,https://cdn.myanimelist.net/images/manga/5/26437l.jpg
614,Kawaii Hito.: Cute,,可愛いひと。Cute,Manga,1137,6.88,2007,https://cdn.myanimelist.net/images/manga/3/275461l.jpg
614,Koibito no Hirakikata,,恋人のヒラキカタ,Manga,702,6.88,2007,https://cdn.myanimelist.net/images/manga/1/12643l.jpg
614,Kyo→dai dakara Nanda yo!?,,キョ→ダイだからなんだよっ!?,Manga,3569,6.88,2007,https://cdn.myanimelist.net/images/manga/4/98625l.jpg
614,Marugoto☆Ore no Mono,,まるごと☆オレのモノ,Manga,1685,6.88,2007,https://cdn.myanimelist.net/images/manga/2/267862l.jpg
614,Negative Happy Chainsaw Edge,Negative Happy Chainsaw Edge,ネガティブハッピー・チェーンソーエッヂ,Manga,12763,6.88,2007,https://cdn.myanimelist.net/images/manga/3/11388l.jpg
614,Otona♡Pink,,otona♡pink,Manga,4726,6.88,2007,https://cdn.myanimelist.net/images/manga/1/208997l.jpg
614,Reinouryokusha Odagiri Kyouko no Uso,,霊能力者小田霧響子の嘘,Manga,821,6.88,2007,https://cdn.myanimelist.net/images/manga/3/309260l.jpg
614,Shinigami Alice,Alice in Death World,死神アリス,Manga,3197,6.88,2007,https://cdn.myanimelist.net/images/manga/4/38581l.jpg
614,Tales of Innocence,,テイルズ オブ イノセンス,Manga,1403,6.88,2007,https://cdn.myanimelist.net/images/manga/1/146691l.jpg
614,Tantei Gakuen Q Premium,,探偵学園Qプレミアム,Manga,461,6.88,2007,https://cdn.myanimelist.net/images/manga/2/221912l.jpg
614,Yoo Ah Dok-Jon,,유아독존,Manhwa,2454,6.88,2007,https://cdn.myanimelist.net/images/manga/2/14147l.jpg
630,Cold,Cold ~Absolute Zero Lover~,COLD~絶対零度の恋人たち,Manga,860,6.87,2007,https://cdn.myanimelist.net/images/manga/3/21135l.jpg
630,Hazama ni Aru Sorane,,狭間にある空音,Manga,466,6.87,2007,https://cdn.myanimelist.net/images/manga/3/7736l.jpg
630,Henai Prince,,偏愛プリンス,Manga,1660,6.87,2007,https://cdn.myanimelist.net/images/manga/3/24429l.jpg
630,Hisho Ikuseichuu dj - Kawaii Hishosan,Sweet Private Secretary,秘書育成中。可愛い秘書さん,Doujinshi,686,6.87,2007,https://cdn.myanimelist.net/images/manga/3/11939l.jpg
630,Kon Kon KoKon,Kon Kon KoKon,こんこんここん,Manga,983,6.87,2007,https://cdn.myanimelist.net/images/manga/3/5212l.jpg
630,Oh Imouto,,大妹,Manga,813,6.87,2007,https://cdn.myanimelist.net/images/manga/3/152403l.jpg
630,Pupipo!,,プピポー!,Manga,1282,6.87,2007,https://cdn.myanimelist.net/images/manga/5/91871l.jpg
637,Bucchigiri Cabin Attendant,,ぶっちぎりCA,Manga,525,6.86,2007,https://cdn.myanimelist.net/images/manga/3/35943l.jpg
637,Gekijouban Pocket Monsters Diamond & Pearl: Dialga vs. Palkia vs. Darkrai,Pokémon: The Rise of Darkrai,劇場版ポケットモンスターダイヤモンド&パール ディアルガvsパルキアvsダークライ,Manga,1416,6.86,2007,https://cdn.myanimelist.net/images/manga/1/338645l.jpg
637,Ice Eagle Fire Hawk,Ice Eagle Fire Hawk,アイス・イーグル ファイヤー・ホーク,Manga,786,6.86,2007,https://cdn.myanimelist.net/images/manga/2/10598l.jpg
637,Manabi no Sono,,まなびの園,Manga,575,6.86,2007,https://cdn.myanimelist.net/images/manga/3/49917l.jpg
637,Midare Somenishi - Adesugata Emaki,Midare Somenishi - Alluring Scrolls,乱れそめにし ～艶姿絵巻～,Doujinshi,599,6.86,2007,https://cdn.myanimelist.net/images/manga/2/15607l.jpg
637,Omoisugoshi mo Koi no Uchi,,思い過ごしも恋の内,Manga,1431,6.86,2007,https://cdn.myanimelist.net/images/manga/1/24778l.jpg
637,Suki dakedo!,,好きだけどっ,Manga,1123,6.86,2007,https://cdn.myanimelist.net/images/manga/3/12559l.jpg
644,#000000: Ultra Black,,#000000―ultra black―,Manga,1893,6.85,2007,https://cdn.myanimelist.net/images/manga/3/146285l.jpg
644,Kamisama Game,The God Game,神様ゲーム,Manga,1299,6.85,2007,https://cdn.myanimelist.net/images/manga/4/342076l.jpg
644,Lovely♥Lesson: Hair Make-hen,,ラブリー♥レッスン ヘアメイク編,Manga,388,6.85,2007,https://cdn.myanimelist.net/images/manga/2/150438l.jpg
644,"Sakka, Dorei wo Kau.",Author's Pet,作家、ドレイを飼う。,Manga,1882,6.85,2007,https://cdn.myanimelist.net/images/manga/3/172882l.jpg
644,Sensei to Himitsu,Teacher & Secret,先生と秘密,Manga,1138,6.85,2007,https://cdn.myanimelist.net/images/manga/3/339423l.jpg
644,Shirayuki Poppu,White Snow Pop,白雪ポップ,One-shot,1637,6.85,2007,https://cdn.myanimelist.net/images/manga/1/24743l.jpg
644,SiraYuki PaniMix!,,白雪ぱにみくす!,Manga,491,6.85,2007,https://cdn.myanimelist.net/images/manga/3/111601l.jpg
651,Embalming: The Another Tale of Frankenstein,,エンバーミング -THE ANOTHER TALE OF FRANKENSTEIN-,Manga,3257,6.84,2007,https://cdn.myanimelist.net/images/manga/3/89677l.jpg
651,Hinnyuu Kyonyuu History,,貧乳巨乳ヒストリー,One-shot,3813,6.84,2007,https://cdn.myanimelist.net/images/manga/1/48713l.jpg
651,Houkago Host Club,,放課後ホストクラブ,Manga,930,6.84,2007,https://cdn.myanimelist.net/images/manga/1/264962l.jpg
651,Kaitou Joker,Mysterious Joker,怪盗ジョーカー,Manga,597,6.84,2007,https://cdn.myanimelist.net/images/manga/1/128849l.jpg
651,Koibana: Kono Yuuwaku niwa Katenai! Best 6,,コイバナ～この誘惑には勝てない! ベスト6～,Manga,3999,6.84,2007,https://cdn.myanimelist.net/images/manga/2/264352l.jpg
651,Koishite Nanbo!,,恋してナンボ！,Manga,1583,6.84,2007,https://cdn.myanimelist.net/images/manga/5/264377l.jpg
651,Loli Gabuu,,ろり☆がぶぅ,Manga,519,6.84,2007,https://cdn.myanimelist.net/images/manga/4/327051l.jpg
651,Miterannee yo,They are not seen.,見てらんねえよ,Manga,1960,6.84,2007,https://cdn.myanimelist.net/images/manga/3/176450l.jpg
651,Momoiro Geshuku Utopian,,桃色下宿ゆ～とぴあん,Manga,470,6.84,2007,https://cdn.myanimelist.net/images/manga/2/48139l.jpg
651,Noel no Kimochi,,ノエルの気持ち,Manga,1162,6.84,2007,https://cdn.myanimelist.net/images/manga/1/52183l.jpg
651,Otome no Renai Jouji,,乙女の戀愛情事,Manga,452,6.84,2007,https://cdn.myanimelist.net/images/manga/2/49137l.jpg
651,Saikyou Koibana: Sweet & Erotic Best 5,,最強コイバナ ～スイート&エロティックベスト5～,Manga,5094,6.84,2007,https://cdn.myanimelist.net/images/manga/3/5780l.jpg
651,Sengoku Rance,,戦国ランス,Manga,1614,6.84,2007,https://cdn.myanimelist.net/images/manga/1/186070l.jpg
651,Shooting Star Astromance,Shooting Star Astromance,流星アストロマンス,Manga,1333,6.84,2007,https://cdn.myanimelist.net/images/manga/3/264369l.jpg
651,Special Order,Special Order,感じるすぺしゃるオーダー,Manga,647,6.84,2007,https://cdn.myanimelist.net/images/manga/1/261620l.jpg
651,Teiou no Amai Wana,,帝王の甘い罠,Manga,1177,6.84,2007,https://cdn.myanimelist.net/images/manga/2/161821l.jpg
651,Tista,Tista,ティスタ,Manga,7417,6.84,2007,https://cdn.myanimelist.net/images/manga/1/252513l.jpg
668,Black Blood Brothers ver.C,,,Manga,1447,6.83,2007,https://cdn.myanimelist.net/images/manga/3/4838l.jpg
668,Haru yo Koi,,春よ恋,Manga,1078,6.83,2007,https://cdn.myanimelist.net/images/manga/1/22827l.jpg
668,Let's Fight Ghost,,싸우자귀신아,Manhwa,578,6.83,2007,https://cdn.myanimelist.net/images/manga/3/45713l.jpg
668,Miku-4,,みくよん,Manga,1569,6.83,2007,https://cdn.myanimelist.net/images/manga/2/229506l.jpg
668,PLDK,,PLDK,Manga,1066,6.83,2007,https://cdn.myanimelist.net/images/manga/3/50555l.jpg
668,Reverse/End,Black Gate,リバース/エンド,Manga,428,6.83,2007,https://cdn.myanimelist.net/images/manga/1/264368l.jpg
674,99% Love,,99%ラブ,One-shot,6748,6.82,2007,https://cdn.myanimelist.net/images/manga/5/10376l.jpg
674,Anata ga Fureru Tabi ni,,あなたが触れるたびに,Manga,803,6.82,2007,https://cdn.myanimelist.net/images/manga/1/48055l.jpg
674,Dong Meng,,憧梦,Manhua,419,6.82,2007,https://cdn.myanimelist.net/images/manga/1/276998l.jpg
674,Imouto no Ana,,妹の穴,Manga,689,6.82,2007,https://cdn.myanimelist.net/images/manga/3/175592l.jpg
674,K.O.SEN,,K.O.SEN,Manga,813,6.82,2007,https://cdn.myanimelist.net/images/manga/3/178866l.jpg
674,Moe Moe Darling,,燃え萌えダーリン,Manga,1680,6.82,2007,https://cdn.myanimelist.net/images/manga/1/186628l.jpg
674,Princess Propose,,ぷりプロ～Princess+Propose～,Manga,409,6.82,2007,https://cdn.myanimelist.net/images/manga/2/176708l.jpg
674,Yoiko no Gohoubi♡,,良い子のご褒美♡,Manga,1016,6.82,2007,https://cdn.myanimelist.net/images/manga/3/90361l.jpg
682,Dr. Rabbit,,Dr.ラビット,One-shot,1467,6.81,2007,https://cdn.myanimelist.net/images/manga/2/82100l.jpg
682,Futari Awasete Puramai Zero,,二人あわせてプライマイゼロ,One-shot,1414,6.81,2007,https://cdn.myanimelist.net/images/manga/2/22273l.jpg
682,Gift,,Gift,Manga,656,6.81,2007,https://cdn.myanimelist.net/images/manga/2/180178l.jpg
682,"Hangah, Lee",,"항아, 籬(리)",Manhwa,1018,6.81,2007,https://cdn.myanimelist.net/images/manga/3/321009l.jpg
682,Kannou Shousetsuka no Neko,The Erotic Novelist’s Cat,官能小説家の猫,Manga,549,6.81,2007,https://cdn.myanimelist.net/images/manga/3/329630l.jpg
682,Koibi,Fire of Love,恋火,Manga,775,6.81,2007,https://cdn.myanimelist.net/images/manga/3/153673l.jpg
682,Machi de Uwasa no Tengu no Ko,Spiritual Princess,町でうわさの天狗の子〈Spiritual Princess〉,Manga,1160,6.81,2007,https://cdn.myanimelist.net/images/manga/2/21317l.jpg
682,Ojousama no Himitsu,The Secret of the Young Lady,おじょうさまのひみつ,Manga,925,6.81,2007,https://cdn.myanimelist.net/images/manga/2/212044l.jpg
682,Ore wa Mada Honki Dashitenai dake,I'll Give It My All...Tomorrow,俺はまだ本気出してないだけ,Manga,2325,6.81,2007,https://cdn.myanimelist.net/images/manga/2/150683l.jpg
682,Otome-Kikan Gretel,,オトメキカングレーテル,Manga,833,6.81,2007,https://cdn.myanimelist.net/images/manga/5/19096l.jpg
682,Tsuioku no Venus! - Renai Zensen Chuuihou,Scandalous Seiryo University: Class Reunion,追憶のビーナス！ －恋愛前線注意報ー,Manga,349,6.81,2007,https://cdn.myanimelist.net/images/manga/2/270521l.jpg
682,Tsuyoku Yowaku Kitsuku,,つよくよわくきつく,Manga,412,6.81,2007,https://cdn.myanimelist.net/images/manga/1/20503l.jpg
694,Ashita Naku,I'll Cry Tomorrow,明日泣く,One-shot,1350,6.8,2007,https://cdn.myanimelist.net/images/manga/2/302677l.jpg
694,Gin no Kajitsu,,銀の果実,Manga,853,6.8,2007,https://cdn.myanimelist.net/images/manga/2/91231l.jpg
694,Kidou Senshi Gundam SEED Frame Astrays,,機動戦士ガンダムSEED Frame Astrays,Manga,432,6.8,2007,https://cdn.myanimelist.net/images/manga/1/282836l.jpg
694,Kimi wa Candy,You're Candy,君はキャンディ,Manga,409,6.8,2007,https://cdn.myanimelist.net/images/manga/3/261621l.jpg
694,Kuroneko Kouhiiten,,黒猫珈琲店,Manga,533,6.8,2007,https://cdn.myanimelist.net/images/manga/3/6451l.jpg
694,Love Trial,,らぶ・TRIAL,Manga,1219,6.8,2007,https://cdn.myanimelist.net/images/manga/2/11804l.jpg
694,Okutsuki Mura no Yukaisou,,奥津城村の愉快葬,Manga,2272,6.8,2007,https://cdn.myanimelist.net/images/manga/4/338333l.jpg
694,Shinseiki Evangelion: Gakuen Datenroku,Neon Genesis Evangelion: Campus Apocalypse,新世紀エヴァンゲリオン 学園堕天録,Manga,8310,6.8,2007,https://cdn.myanimelist.net/images/manga/4/335215l.jpg
694,Shiroi Ori,White Cage,白い檻,Manga,762,6.8,2007,https://cdn.myanimelist.net/images/manga/4/340908l.jpg
694,Takuhai Spirits!!,,宅配スピリッツ!!,Manga,243,6.8,2007,https://cdn.myanimelist.net/images/manga/3/34604l.jpg
694,Tengoku e Ikebaii,The Way to Heaven,天国へ行けばいい,Manga,825,6.8,2007,https://cdn.myanimelist.net/images/manga/3/6386l.jpg
694,Wise Ass,,ワイズアス,Manga,699,6.8,2007,https://cdn.myanimelist.net/images/manga/1/169792l.jpg
706,AneDol: Oneechan wa Idol,,アネドル～お姉ちゃんはアイドル～,Manga,376,6.79,2007,https://cdn.myanimelist.net/images/manga/3/93667l.jpg
706,Biyaku Kyoushi ~ Jikkenshitsu no Himegoto,,媚薬教師～実験室のヒメゴト～,Manga,1710,6.79,2007,https://cdn.myanimelist.net/images/manga/4/346137l.jpg
706,Dokuhebi-san ni Gochuui wo,Beware of the Poison Boy,毒ヘビさんにご注意を,One-shot,855,6.79,2007,https://cdn.myanimelist.net/images/manga/2/28380l.jpg
706,Kimi no Unaji ni Kanpai! dj - UnaPAI,,うなPAI,Doujinshi,1715,6.79,2007,https://cdn.myanimelist.net/images/manga/1/252970l.jpg
706,Sanjuuichiya,Thirty-One Nights,三十一夜,Manga,411,6.79,2007,https://cdn.myanimelist.net/images/manga/2/18595l.jpg
706,Takuramakan Doubutsuen,,たくらまかん動物園,Manga,682,6.79,2007,https://cdn.myanimelist.net/images/manga/2/24467l.jpg
706,Yogoto Akuma to Kiss wo Suru,,夜ごと悪魔とKissをする,Manga,2275,6.79,2007,https://cdn.myanimelist.net/images/manga/2/92087l.jpg
713,Alice in Wonderland,,不思議の国のアリス,Manga,1212,6.78,2007,https://cdn.myanimelist.net/images/manga/3/21307l.jpg
713,Amamidokoro,,あまみドコロ,Manga,482,6.78,2007,https://cdn.myanimelist.net/images/manga/2/167961l.jpg
713,Hana Shinobu no Koi,,花忍の恋,Manga,830,6.78,2007,https://cdn.myanimelist.net/images/manga/2/9627l.jpg
713,Hoo ni Shizumu,,頬に沈む,Manga,764,6.78,2007,https://cdn.myanimelist.net/images/manga/2/26247l.jpg
713,Kitsune to Atori,,狐とアトリ―武田日向短編集,Manga,857,6.78,2007,https://cdn.myanimelist.net/images/manga/3/16084l.jpg
713,Tsuyameku Hishatai,,艶めく被写体,Manga,713,6.78,2007,https://cdn.myanimelist.net/images/manga/1/9531l.jpg
719,Agmaui Sinbu Mandeulgi,Devil's Bride,악마의 신부 만들기,Manhwa,1392,6.77,2007,https://cdn.myanimelist.net/images/manga/3/320803l.jpg
719,Ane Haha,Motherly Elder Sister,姉母,Manga,1168,6.77,2007,https://cdn.myanimelist.net/images/manga/2/21292l.jpg
719,Emono no Kimochi,,獲物のキモチ,Manga,950,6.77,2007,https://cdn.myanimelist.net/images/manga/3/276296l.jpg
719,Fortune Arterial: Character's Prelude,,FORTUNE ARTERIAL―Character's Prelude,Manga,944,6.77,2007,https://cdn.myanimelist.net/images/manga/2/153995l.jpg
719,Hiiro no Kakera: Mezame no Toki,,緋色の欠片 目覚めの刻,Manga,1235,6.77,2007,https://cdn.myanimelist.net/images/manga/3/16641l.jpg
719,Ikemasen Ojousama!,,いけませんお嬢様!,Manga,1338,6.77,2007,https://cdn.myanimelist.net/images/manga/1/175412l.jpg
719,Korekara Doushiyou?,,これからどうしよう？,Manga,411,6.77,2007,https://cdn.myanimelist.net/images/manga/1/115281l.jpg
719,Oniichan Lab.,,お兄ちゃんLab.,Manga,569,6.77,2007,https://cdn.myanimelist.net/images/manga/2/272955l.jpg
719,Xing Gui Shi Tian Kong De Dao Lu,,星轨是天空的道路,Manhua,785,6.77,2007,https://cdn.myanimelist.net/images/manga/3/178593l.jpg
728,Hizamazuite Ai ni Kogarero,On Bended Knee,跪いて愛に焦がれろ,Manga,1558,6.76,2007,https://cdn.myanimelist.net/images/manga/4/298871l.jpg
728,Mei no Naisho,,メイのないしょ,Manga,2214,6.76,2007,https://cdn.myanimelist.net/images/manga/1/12921l.jpg
728,Melancholy Melancholic Melancholinist,,メランコリメランコリックメランコリニスト,Manga,382,6.76,2007,https://cdn.myanimelist.net/images/manga/1/84005l.jpg
728,Moriguchi Orito no Teiougaku,Orito Moriguchi's Kingcraft,森口織人の帝王学,Manga,4297,6.76,2007,https://cdn.myanimelist.net/images/manga/3/56305l.jpg
728,Nikushokujuu no Table Manners,,肉食獣のテーブルマナー,Manga,786,6.76,2007,https://cdn.myanimelist.net/images/manga/2/13735l.jpg
728,Oidemase Nyan Nyan,,おいでませにゃんにゃん,Manga,416,6.76,2007,https://cdn.myanimelist.net/images/manga/3/69349l.jpg
728,Stand by Me,,スタンド バイ ミー,Manga,618,6.76,2007,https://cdn.myanimelist.net/images/manga/2/54195l.jpg
728,Tsunbaka,,ツンバカ,Manga,3094,6.76,2007,https://cdn.myanimelist.net/images/manga/1/66635l.jpg
728,Tsutaeru Toiki,,伝える吐息,Manga,428,6.76,2007,https://cdn.myanimelist.net/images/manga/3/77823l.jpg
728,Yajuu Shugi,,野獣主義,Manga,640,6.76,2007,https://cdn.myanimelist.net/images/manga/2/26295l.jpg
738,"""Musume."" no Iru Fuuzoku Building",,「娘。」のいる風俗ビル,Manga,850,6.75,2007,https://cdn.myanimelist.net/images/manga/1/156925l.jpg
738,Ani+Imouto=Love?,,兄+妹=LOVE?,Manga,613,6.75,2007,https://cdn.myanimelist.net/images/manga/3/70077l.jpg
738,Aoi Sora ga Areba Sore De Ii,Blue Sky,青い空があればそれでいい,Manga,706,6.75,2007,https://cdn.myanimelist.net/images/manga/1/22572l.jpg
738,BioPlanet WoO,BioPlanet WoO,生物彗星WoO,Manga,657,6.75,2007,https://cdn.myanimelist.net/images/manga/4/317250l.jpg
738,Kimama ni Tanteigyou,,気ままに探偵業,Manga,623,6.75,2007,https://cdn.myanimelist.net/images/manga/1/82742l.jpg
738,Tatoe Toraware no Koi demo,,たとえ囚われの恋でも,Manga,1210,6.75,2007,https://cdn.myanimelist.net/images/manga/5/146665l.jpg
744,Belmonde Le VisiteuR,,ベルモンド Le VisiteuR,Manga,998,6.74,2007,https://cdn.myanimelist.net/images/manga/3/154488l.jpg
744,Crookclock,,クルッククロック,Manga,1861,6.74,2007,https://cdn.myanimelist.net/images/manga/1/14641l.jpg
744,Ginga Tetsudou no Yoru,Night on the Galactic Railroad,銀河鉄道の夜,Manga,399,6.74,2007,https://cdn.myanimelist.net/images/manga/2/72319l.jpg
744,Roumantei no Juunin: Shinonome,,浪漫亭の住人～東雲～,Manga,817,6.74,2007,https://cdn.myanimelist.net/images/manga/2/10831l.jpg
744,Ten yori Takaku,,天より高く,Manga,644,6.74,2007,https://cdn.myanimelist.net/images/manga/2/29542l.jpg
749,Aoi Sekai no Chuushin de,World War Blue,蒼い世界の中心で,Manga,1640,6.73,2007,https://cdn.myanimelist.net/images/manga/3/193358l.jpg
749,Gekkou no Carnevale,,月光のカルネヴァーレ,Manga,1037,6.73,2007,https://cdn.myanimelist.net/images/manga/1/15939l.jpg
749,Jii Shien Iinkai,The Onanie Supporting Committee,自慰支援委員会,Manga,524,6.73,2007,https://cdn.myanimelist.net/images/manga/3/81378l.jpg
749,Kuroneko to Waltz,,黒猫とワルツ,One-shot,1328,6.73,2007,https://cdn.myanimelist.net/images/manga/1/2821l.jpg
753,"A-kun (17) no Sensou: I, the Tycoon?",,"A君(17)の戦争 I, THE TYCOON?",Manga,975,6.72,2007,https://cdn.myanimelist.net/images/manga/2/120741l.jpg
753,Allison,,アリソン,Manga,811,6.72,2007,https://cdn.myanimelist.net/images/manga/2/104857l.jpg
753,Asemizu Onna,,汗水女,Manga,394,6.72,2007,https://cdn.myanimelist.net/images/manga/2/128033l.jpg
753,Bijin Dorobou,,美人泥棒,One-shot,3169,6.72,2007,https://cdn.myanimelist.net/images/manga/1/111699l.jpg
753,Cerebrum no Hitsugi: Haitoku no Han Megami,Coffin of Cerebrum,セレブラムの柩 ―背徳の半女神―,Manga,431,6.72,2007,https://cdn.myanimelist.net/images/manga/1/114129l.jpg
753,Fiancé wa Monster!?,,フィアンセはモンスター！？,Manga,1259,6.72,2007,https://cdn.myanimelist.net/images/manga/3/264356l.jpg
753,Gokkun Otome,Drinking virgin,ごっくん処女〈おとめ〉,Manga,1214,6.72,2007,https://cdn.myanimelist.net/images/manga/2/119799l.jpg
753,Mizuho Ambivalence,,みずほアンビバレンツ,Manga,1650,6.72,2007,https://cdn.myanimelist.net/images/manga/4/38173l.jpg
753,Netsu wo Samase!,,熱を冷ませ!,Manga,1307,6.72,2007,https://cdn.myanimelist.net/images/manga/1/171441l.jpg
753,"Ready, Go!",,レディー・ゴー！,Manga,391,6.72,2007,https://cdn.myanimelist.net/images/manga/2/13336l.jpg
753,The King Of Debt,The King Of Debt,借金大王,Manga,704,6.72,2007,https://cdn.myanimelist.net/images/manga/3/6021l.jpg
753,Tonari no 801-chan: Fujoshi-teki♥High School Life,,となりの801ちゃん ～腐女子的♥高校生活〈ハイスクールライフ〉～,Manga,613,6.72,2007,https://cdn.myanimelist.net/images/manga/3/172813l.jpg
753,Traumeister,,トラウマイスタ,Manga,874,6.72,2007,https://cdn.myanimelist.net/images/manga/5/75551l.jpg
753,Tsukiya,,,Manga,410,6.72,2007,https://cdn.myanimelist.net/images/manga/3/7256l.jpg
767,Ar Tonelico II,,アルトネリコ 2,Manga,854,6.71,2007,https://cdn.myanimelist.net/images/manga/1/17786l.jpg
767,Bokura no Ibasho,,僕らの居場所 ～WaT・小池徹平ストーリー～,One-shot,1112,6.71,2007,https://cdn.myanimelist.net/images/manga/3/34339l.jpg
767,Butterfly Read Book,,蝴蝶爱看书,Manhua,628,6.71,2007,https://cdn.myanimelist.net/images/manga/1/67321l.jpg
767,Double Cast,,ダブルキャスト,Manga,1297,6.71,2007,https://cdn.myanimelist.net/images/manga/2/253088l.jpg
767,Kanashi no Homura: Yumemaboroshi no Gotoku,,愛しの焔～ゆめまぼろしのごとく～,Manga,633,6.71,2007,https://cdn.myanimelist.net/images/manga/2/198716l.jpg
767,Tsumetai Otoko,,冷たい男,Manga,652,6.71,2007,https://cdn.myanimelist.net/images/manga/3/271110l.jpg
767,Unmei no Tori: Takahashi Rumiko Kessakushuu,,高橋留美子傑作集 運命の鳥,Manga,1045,6.71,2007,https://cdn.myanimelist.net/images/manga/1/109883l.jpg
774,Ah! Little Flower,,あッ！りとるふらわ～,Manga,669,6.7,2007,https://cdn.myanimelist.net/images/manga/3/182187l.jpg
774,Ano Hi Bokura wa Koutei de,,あの日僕らは校庭で,Manga,752,6.7,2007,https://cdn.myanimelist.net/images/manga/2/275458l.jpg
774,Boku no Yasashii Oniisan,My Gentle Brother,僕のやさしいお兄さん,Manga,545,6.7,2007,https://cdn.myanimelist.net/images/manga/2/15152l.jpg
774,Hakui no Shihaisha,A Dictator In A White Coat,白衣の支配者,Manga,2297,6.7,2007,https://cdn.myanimelist.net/images/manga/1/276297l.jpg
774,Kidou Senshi Gundam: Acguy Hokubei Oudan 2250 Miles,,機動戦士ガンダム アッガイ北米横断2250マイル,Manga,412,6.7,2007,https://cdn.myanimelist.net/images/manga/3/147403l.jpg
774,Noroshi wo Agero!,,狼煙をあげろ!,One-shot,930,6.7,2007,https://cdn.myanimelist.net/images/manga/1/164230l.jpg
774,Queen's Blade: Hide & Seek,,クイーンズブレイド -Hide&Seek-,Manga,1531,6.7,2007,https://cdn.myanimelist.net/images/manga/4/26099l.jpg
774,Uchi no Darling Gaikokujin,My Darling Is a Foreigner,うちのダーリン外国人,Manga,1325,6.7,2007,https://cdn.myanimelist.net/images/manga/1/296290l.jpg
782,Akiba Romance!,Akiba Romance!,あきば浪漫ス!,Manga,1723,6.69,2007,https://cdn.myanimelist.net/images/manga/1/155398l.jpg
782,Boku no Shiranai Kanojo no Kao,,僕の知らない彼女の淫貌,Manga,801,6.69,2007,https://cdn.myanimelist.net/images/manga/1/49153l.jpg
782,Cream Caramel Ichigo Milk,,クリームキャラメル苺みるく,Manga,440,6.69,2007,https://cdn.myanimelist.net/images/manga/1/22128l.jpg
782,Gekiryuuchi,,激流血～OVER BLEED～,Manga,9889,6.69,2007,https://cdn.myanimelist.net/images/manga/3/49033l.jpg
782,Hajimete Koi wo Shita.,It fell in love for the first time.,初めて恋をした。,Manga,4033,6.69,2007,https://cdn.myanimelist.net/images/manga/3/191494l.jpg
782,Hard na Choukyoushi,A Hard Trainer,ハードな調教師,Manga,907,6.69,2007,https://cdn.myanimelist.net/images/manga/2/306427l.jpg
782,Harem Castle,,,Manga,567,6.69,2007,https://cdn.myanimelist.net/images/manga/1/48039l.jpg
782,Koakuma to Meromero Tengoku,,小悪魔とメロメロ天国,Manga,1528,6.69,2007,https://cdn.myanimelist.net/images/manga/3/45929l.jpg
782,Koisuru Yajuu,,恋する野獣,Manga,583,6.69,2007,https://cdn.myanimelist.net/images/manga/1/19634l.jpg
782,Love Rental,,Love Rental,Doujinshi,2301,6.69,2007,https://cdn.myanimelist.net/images/manga/5/21491l.jpg
782,Obake Ningyou,Monster Prop,お化け人形,One-shot,409,6.69,2007,https://cdn.myanimelist.net/images/manga/2/300911l.jpg
782,R18!,,R18!,Manga,638,6.69,2007,https://cdn.myanimelist.net/images/manga/2/159422l.jpg
782,Sakiccho dake demo,,さきっちょだけでも,Manga,648,6.69,2007,https://cdn.myanimelist.net/images/manga/1/40529l.jpg
782,Satou-kun to Tanaka-san: The Blood Highschool,,佐藤くんと田中さん-The blood highschool,Manga,1160,6.69,2007,https://cdn.myanimelist.net/images/manga/3/157892l.jpg
782,Virgin★Break,,バージン★ブレイク,Manga,957,6.69,2007,https://cdn.myanimelist.net/images/manga/1/6022l.jpg
797,Anata wo Aishiteyamazu,You are loved Earnestly,あなたを愛してやまず,Manga,256,6.68,2007,https://cdn.myanimelist.net/images/manga/3/186408l.jpg
797,Ikenie no Koiwazurai,,いけにえの恋わずらい,Manga,1423,6.68,2007,https://cdn.myanimelist.net/images/manga/4/111709l.jpg
797,Pink Cherry♥Pie,,ピンクチェリー♥ぱい,Manga,538,6.68,2007,https://cdn.myanimelist.net/images/manga/3/94437l.jpg
797,Seme♥Chichi,,せめ♥ちち,Manga,465,6.68,2007,https://cdn.myanimelist.net/images/manga/2/172687l.jpg
797,Sono Me de Katare,Tell All with the Eyes,その目で語れ,Manga,462,6.68,2007,https://cdn.myanimelist.net/images/manga/2/162427l.jpg
797,Étoile: Sanjuushi Seira,,ÉTOILE -三銃士星羅-,Manga,399,6.68,2007,https://cdn.myanimelist.net/images/manga/3/15465l.jpg
803,Akarui Kazoku Keikaku,Merry Family Plan,あかるい家族計画,Manga,1109,6.67,2007,https://cdn.myanimelist.net/images/manga/2/165368l.jpg
803,Amato Amaro,,アマート・アマーロ,Manga,1280,6.67,2007,https://cdn.myanimelist.net/images/manga/1/19338l.jpg
803,Ayashii Kazoku Keikaku,Doubtful Family Planning,あやしい家族計画,Manga,640,6.67,2007,https://cdn.myanimelist.net/images/manga/3/79347l.jpg
803,Fudanshism,,フダンシズム －腐男子主義－,Manga,1516,6.67,2007,https://cdn.myanimelist.net/images/manga/1/62511l.jpg
803,Gad Sfortunato,,ガッド スフォルトゥナート,Manga,702,6.67,2007,https://cdn.myanimelist.net/images/manga/2/165628l.jpg
803,Puru Puru Milk Pudding,,ぷるぷるみるくぷりん,Manga,400,6.67,2007,https://cdn.myanimelist.net/images/manga/2/53851l.jpg
803,Totsugeki Tonari no Oniichan,,突撃となりのお兄ちゃん,Manga,481,6.67,2007,https://cdn.myanimelist.net/images/manga/3/25126l.jpg
803,Urahara,,うらはら,Manga,344,6.67,2007,https://cdn.myanimelist.net/images/manga/2/66341l.jpg
811,Akikan!,,アキカン!,Light Novel,891,6.66,2007,https://cdn.myanimelist.net/images/manga/2/154247l.jpg
811,Alto,,アルト,Manga,1003,6.66,2007,https://cdn.myanimelist.net/images/manga/2/57471l.jpg
811,Lollipop Dragoon,Lollipop Dragoon,ロリポップ・ドラグーン,Manga,1007,6.66,2007,https://cdn.myanimelist.net/images/manga/2/181313l.jpg
811,Mori no Animal Company Anikan,,森のアニマルカンパニー アニカン,Doujinshi,666,6.66,2007,https://cdn.myanimelist.net/images/manga/1/6938l.jpg
811,Nage Yari no Yoru,,投げやりの夜,Manga,704,6.66,2007,https://cdn.myanimelist.net/images/manga/1/6381l.jpg
811,Shinreigari: Another Side,,神霊狩 ANOTHER SIDE,Manga,1246,6.66,2007,https://cdn.myanimelist.net/images/manga/2/99699l.jpg
817,Alice Quartet Obbligato,,Alice Quartet OBBLIGATO,Manga,942,6.65,2007,https://cdn.myanimelist.net/images/manga/1/14814l.jpg
817,Happy Boys,Happy Boys,ハッピィ★ボーイズ,Manga,363,6.65,2007,https://cdn.myanimelist.net/images/manga/5/264348l.jpg
817,Hataraku! Oneesan,,はたらく！おねえさん,Manga,353,6.65,2007,https://cdn.myanimelist.net/images/manga/2/49841l.jpg
817,Himitsu Shoujo,,秘蜜少女,Manga,1187,6.65,2007,https://cdn.myanimelist.net/images/manga/1/156604l.jpg
817,Kawaita Yoru no Machi wo Oyogu,Swimming in the Dry Street at Night,乾いた夜の街を泳ぐ,Manga,681,6.65,2007,https://cdn.myanimelist.net/images/manga/3/18602l.jpg
817,Kono Negai ga Kanau nara,If this wish is fulfilled,この願いが叶うなら,Manga,981,6.65,2007,https://cdn.myanimelist.net/images/manga/2/174392l.jpg
817,Kunshu no Ai wa Yoru ni Hana Saku,Love of the Monarch Blooms at Night,君主の愛は夜に華咲く,Manga,1746,6.65,2007,https://cdn.myanimelist.net/images/manga/2/4200l.jpg
817,Lose Control,,lose control,Manga,1451,6.65,2007,https://cdn.myanimelist.net/images/manga/2/174373l.jpg
817,Witchcraft Troops,,마법병단,Manhwa,912,6.65,2007,https://cdn.myanimelist.net/images/manga/2/55081l.jpg
817,Zodiac Game,,ZODIAC GAME,Manga,1483,6.65,2007,https://cdn.myanimelist.net/images/manga/2/10562l.jpg
827,Boku no Watashi no Yusha Gaku,,ぼくのわたしの勇者学,Manga,1302,6.64,2007,https://cdn.myanimelist.net/images/manga/2/178864l.jpg
827,I Love Nee,,あい・らぶ・ねぇ,Manga,295,6.64,2007,https://cdn.myanimelist.net/images/manga/2/36273l.jpg
827,Jealoussic Park♥,,じぇらしっくぱぁく♥,Manga,322,6.64,2007,https://cdn.myanimelist.net/images/manga/3/132551l.jpg
827,Kyokan Hunter,,巨漢ハンター,Manga,831,6.64,2007,https://cdn.myanimelist.net/images/manga/2/47167l.jpg
827,Mitsuiro Pancake,Honey Colored Pancakes,蜜色パンケーキ,Manga,496,6.64,2007,https://cdn.myanimelist.net/images/manga/1/11384l.jpg
827,Monk!,,몽크!,Manhwa,880,6.64,2007,https://cdn.myanimelist.net/images/manga/3/19152l.jpg
827,Parabellum,,Parabellum,Manga,436,6.64,2007,https://cdn.myanimelist.net/images/manga/2/211446l.jpg
827,Todoroke!! Monzetsu Screamer,Roar!! Monzetsu Screamer,,Manga,428,6.64,2007,https://cdn.myanimelist.net/images/manga/3/33771l.jpg
835,Boku no Aijin,,ボクノアイジン,Manga,575,6.63,2007,https://cdn.myanimelist.net/images/manga/3/48361l.jpg
835,Bousou Shojo,,暴想処女,Manga,5555,6.63,2007,https://cdn.myanimelist.net/images/manga/3/53505l.jpg
835,Harapeko Mitsuba-Chinko,,はらぺこみつばちんこ,One-shot,2064,6.63,2007,https://cdn.myanimelist.net/images/manga/1/4330l.jpg
835,Oujisama Sama no Jijou.,,王子様サマの事情。,One-shot,662,6.63,2007,https://cdn.myanimelist.net/images/manga/2/111259l.jpg
835,Read Me!,Read Me!,,Manga,271,6.63,2007,https://cdn.myanimelist.net/images/manga/5/22920l.jpg
835,Ruri no Kaze ni Hana wa Nagareru,,瑠璃の風に花は流れる,Manga,2007,6.63,2007,https://cdn.myanimelist.net/images/manga/3/21584l.jpg
835,Sora☆Miyo,,そら☆みよ,Manga,628,6.63,2007,https://cdn.myanimelist.net/images/manga/3/31567l.jpg
835,Sweet Tale,,SWEET TALE,Manga,2369,6.63,2007,https://cdn.myanimelist.net/images/manga/2/82076l.jpg
835,Tamashizume,,魂シズメ,Manga,785,6.63,2007,https://cdn.myanimelist.net/images/manga/2/20602l.jpg
835,VITA Sexualis,,VITAセクスアリス,Manga,1960,6.63,2007,https://cdn.myanimelist.net/images/manga/5/260843l.jpg
845,Ai★Kaimasse!,,愛★買いまっせ！,One-shot,3317,6.62,2007,https://cdn.myanimelist.net/images/manga/1/15068l.jpg
845,Blast,,블래스트,Manhwa,2322,6.62,2007,https://cdn.myanimelist.net/images/manga/2/30980l.jpg
845,Daisuki Daisuki,,大好き・大好き,Manga,373,6.62,2007,https://cdn.myanimelist.net/images/manga/4/276379l.jpg
845,"Giocatore, Hokaku Keikaku.",,ジョカトーレ、捕獲計画。,Manga,2103,6.62,2007,https://cdn.myanimelist.net/images/manga/1/278243l.jpg
845,Hokenshitsu de Dakishimete,Embrace in the School Infirmary,保健室で抱きしめて,Manga,331,6.62,2007,https://cdn.myanimelist.net/images/manga/2/34933l.jpg
845,Kigeki wa Koi de Shinka Suru,,喜劇は恋で進化する,Manga,1198,6.62,2007,https://cdn.myanimelist.net/images/manga/2/24117l.jpg
845,Nettai Shoujo,,熱帯少女,Manga,3320,6.62,2007,https://cdn.myanimelist.net/images/manga/5/90079l.jpg
845,"Sweet Life, Please!!",,スイート☆ライフ、プリーズ!!,Manga,660,6.62,2007,https://cdn.myanimelist.net/images/manga/2/50033l.jpg
845,Virgin Killer,,ヴァージンきらぁ,Manga,602,6.62,2007,https://cdn.myanimelist.net/images/manga/1/57577l.jpg
854,Akuma na Kuchibiru,Devilish Lips,悪魔なクチビル,Manga,1575,6.61,2007,https://cdn.myanimelist.net/images/manga/3/203961l.jpg
854,Bitoku no Fukou,,美徳乃不幸,Manga,351,6.61,2007,https://cdn.myanimelist.net/images/manga/2/93861l.jpg
854,Blassreiter Genetic,,ブラスレイタージェネティック,Manga,1075,6.61,2007,https://cdn.myanimelist.net/images/manga/3/17784l.jpg
854,Hana no Iro,,花のいろ,Manga,597,6.61,2007,https://cdn.myanimelist.net/images/manga/1/65629l.jpg
854,Kanpeki na Koibito,,完璧な恋人,Manga,1198,6.61,2007,https://cdn.myanimelist.net/images/manga/5/278217l.jpg
854,Mousou Catalogue,,妄想カタログ,Manga,812,6.61,2007,https://cdn.myanimelist.net/images/manga/1/21544l.jpg
854,Romance no Kaori,,ロマンスの香り,Doujinshi,549,6.61,2007,https://cdn.myanimelist.net/images/manga/1/332557l.jpg
854,Yoshinatsu,,ヨシナツ,One-shot,656,6.61,2007,https://cdn.myanimelist.net/images/manga/3/81518l.jpg
862,3-banme no Kareshi,,3番目の彼氏,Manga,972,6.6,2007,https://cdn.myanimelist.net/images/manga/2/264347l.jpg
862,Ai no Kotoba,,アイノコトバ,Manga,1943,6.6,2007,https://cdn.myanimelist.net/images/manga/2/261622l.jpg
862,Ameiro Banyuu Inryoku,Candy,飴イロ蛮優引力,Manga,626,6.6,2007,https://cdn.myanimelist.net/images/manga/3/73837l.jpg
862,Deco-Deco Kiss,,デコデコ・キッス,One-shot,1184,6.6,2007,https://cdn.myanimelist.net/images/manga/2/130399l.jpg
862,Fantasm,,ファンタズム,Manga,914,6.6,2007,https://cdn.myanimelist.net/images/manga/1/164283l.jpg
862,Kokui no Mure,,黒衣の群れ,One-shot,484,6.6,2007,https://cdn.myanimelist.net/images/manga/2/12211l.jpg
862,Parabellum,,Parabellum -パラベラム-,Manga,532,6.6,2007,https://cdn.myanimelist.net/images/manga/1/149884l.jpg
862,Seitoubatsutai Rei & Saki C-R-O-S-S,,聖討伐隊レイ&サキ Ｃ－Ｒ－Ｏ－Ｓ－Ｓ,Manga,295,6.6,2007,https://cdn.myanimelist.net/images/manga/3/34557l.jpg
862,Suki to Itte,,好きと言って,One-shot,703,6.6,2007,https://cdn.myanimelist.net/images/manga/1/316052l.jpg
862,Trusty Bell: Chopin no Yume,,トラスティベル～ショパンの夢～,Manga,920,6.6,2007,https://cdn.myanimelist.net/images/manga/3/17535l.jpg
862,Tsundere! - Megane Café e Youkoso,,ツンデレ！～眼鏡カフェへようこそ～,Manga,1661,6.6,2007,https://cdn.myanimelist.net/images/manga/1/125565l.jpg
862,Yuuwaku no Bansan,,誘惑の晩餐,Manga,2292,6.6,2007,https://cdn.myanimelist.net/images/manga/1/230206l.jpg
874,"Attakaku, Shite.",,あったかく、して。,Manga,453,6.59,2007,https://cdn.myanimelist.net/images/manga/1/63501l.jpg
874,Gakuen Deka Love♥Mission,,学園刑事ラブ♥ミッション,Manga,554,6.59,2007,https://cdn.myanimelist.net/images/manga/2/211718l.jpg
874,Hajimete...,,はじめて。。。,One-shot,1365,6.59,2007,https://cdn.myanimelist.net/images/manga/1/15070l.jpg
874,Koisuru Houkago,,恋する放課後,Manga,402,6.59,2007,https://cdn.myanimelist.net/images/manga/3/25973l.jpg
874,Oneechan Dorobou,,お姉ちゃん泥棒,One-shot,1593,6.59,2007,https://cdn.myanimelist.net/images/manga/3/7101l.jpg
874,Rakuen no Pet,,楽園のペット,Manga,1212,6.59,2007,https://cdn.myanimelist.net/images/manga/2/16096l.jpg
874,Yona Yona,,よなよな,Manga,379,6.59,2007,https://cdn.myanimelist.net/images/manga/1/94181l.jpg
881,Airyouran Gakuen,Blooming Love Academy,愛繚乱学園,Manga,1640,6.58,2007,https://cdn.myanimelist.net/images/manga/2/15503l.jpg
881,Chiisana Ai no Negai,Little Hope of Love,小さな愛の願い,Manga,237,6.58,2007,https://cdn.myanimelist.net/images/manga/2/65915l.jpg
881,Eien no Aida ni Miru Yume,,永遠の間に見る夢,One-shot,1412,6.58,2007,https://cdn.myanimelist.net/images/manga/2/12562l.jpg
881,Futamata,,フタ股,Manga,406,6.58,2007,https://cdn.myanimelist.net/images/manga/3/60085l.jpg
881,Getter Robo Hien: The Earth Suicide,,ゲッターロボ飛焔 ~THE EARTH SUICIDE~,Manga,1076,6.58,2007,https://cdn.myanimelist.net/images/manga/1/278234l.jpg
881,Happy,Happy,"ハッピーエンドな片想い,",Manga,525,6.58,2007,https://cdn.myanimelist.net/images/manga/2/18607l.jpg
881,Hitomi no Catoblepas,,瞳のカトブレパス,Manga,2429,6.58,2007,https://cdn.myanimelist.net/images/manga/1/255334l.jpg
881,Ken yori Tsuyoshi,,剣より強し,Manga,281,6.58,2007,https://cdn.myanimelist.net/images/manga/2/49721l.jpg
881,Purupuru Monzetsu License,,プルプル悶絶ライセンス,Manga,356,6.58,2007,https://cdn.myanimelist.net/images/manga/1/33765l.jpg
881,Shinzui,,真髄,Doujinshi,598,6.58,2007,https://cdn.myanimelist.net/images/manga/3/94327l.jpg
881,Spilt Milk,,スピルトミルク,Manga,508,6.58,2007,https://cdn.myanimelist.net/images/manga/2/64333l.jpg
892,Hatsukoi no Yamai,Sickness of the First Love,初恋の病,Manga,828,6.57,2007,https://cdn.myanimelist.net/images/manga/1/29814l.jpg
892,Knee-Socks Shoujo de ○○○,In the knee-socks girl ○○○,ニーソ少女で○○○,Manga,535,6.57,2007,https://cdn.myanimelist.net/images/manga/3/176618l.jpg
892,Komatsu-kun Biyori,,小松くん日和,Manga,432,6.57,2007,https://cdn.myanimelist.net/images/manga/3/112047l.jpg
892,Misumisou,Liverleaf,ミスミソウ,Manga,17618,6.57,2007,https://cdn.myanimelist.net/images/manga/1/80887l.jpg
892,Shachou to Hisho,,社長と秘書,One-shot,696,6.57,2007,https://cdn.myanimelist.net/images/manga/2/113289l.jpg
892,Yunatama,,ユナタマ,One-shot,1457,6.57,2007,https://cdn.myanimelist.net/images/manga/3/3704l.jpg
898,Houkago Canon,,放課後カノン,Manga,390,6.56,2007,https://cdn.myanimelist.net/images/manga/2/150574l.jpg
898,Kago no Naka,,籠の中,One-shot,1798,6.56,2007,https://cdn.myanimelist.net/images/manga/3/82718l.jpg
898,Kinjirareta Koi ni Ochite,,禁じられた恋に堕ちて,Manga,289,6.56,2007,https://cdn.myanimelist.net/images/manga/1/84235l.jpg
898,Nakayoshi Wanko,,なかよしわんこ,Manga,432,6.56,2007,https://cdn.myanimelist.net/images/manga/2/26326l.jpg
898,Route 225,,ルート225,Manga,1466,6.56,2007,https://cdn.myanimelist.net/images/manga/5/40367l.jpg
898,Weekend Lovers,Weekend Lovers,欲張りな週末,Manga,758,6.56,2007,https://cdn.myanimelist.net/images/manga/3/6023l.jpg
904,Bed Room Tour!,,ベッドルームツアー!,Manga,2213,6.55,2007,https://cdn.myanimelist.net/images/manga/1/16571l.jpg
904,Chu-Bra!!,,ちゅーぶら!!,Manga,2101,6.55,2007,https://cdn.myanimelist.net/images/manga/1/208072l.jpg
904,Hana*Koi dj - Lovely Rabbit,,ラブ・ラビ,Doujinshi,259,6.55,2007,https://cdn.myanimelist.net/images/manga/2/22934l.jpg
904,Koakuma Meringue,The Pretty Little devil Meringue,こあくまメレンゲ,Manga,1243,6.55,2007,https://cdn.myanimelist.net/images/manga/3/156766l.jpg
904,Koisuru Kimochi wa Zettai Fukujuu!?,Total Surrender,恋する気持ちは絶対服従！？,Manga,345,6.55,2007,https://cdn.myanimelist.net/images/manga/2/307452l.jpg
904,Love Automation,,LOVEオートメーション,One-shot,754,6.55,2007,https://cdn.myanimelist.net/images/manga/3/19357l.jpg
904,Region,,レギオン,Manga,1561,6.55,2007,https://cdn.myanimelist.net/images/manga/2/288891l.jpg
904,Setsuna no Rakuen,,セツナの楽園,Manga,918,6.55,2007,https://cdn.myanimelist.net/images/manga/3/261619l.jpg
904,Yokujou Boshi,,欲情母子,Manga,588,6.55,2007,https://cdn.myanimelist.net/images/manga/1/94237l.jpg
913,Canaria Child,,カナリアチャイルド,Manga,1726,6.54,2007,https://cdn.myanimelist.net/images/manga/2/17083l.jpg
913,Dragonaut: The Resonance,,ドラゴノーツ -ザ・レゾナンス-,Manga,1990,6.54,2007,https://cdn.myanimelist.net/images/manga/3/45373l.jpg
913,Love Sync Dream,,LOVE SYNC DREAM,Manga,680,6.54,2007,https://cdn.myanimelist.net/images/manga/2/179466l.jpg
913,Manyuu Hikenchou,,魔乳秘剣帖,Manga,3081,6.54,2007,https://cdn.myanimelist.net/images/manga/2/64993l.jpg
913,Wasuretai Itoshii Hito,,忘れたい愛しい人,One-shot,808,6.54,2007,https://cdn.myanimelist.net/images/manga/3/21387l.jpg
918,Abnormal,,アブノーマル,Doujinshi,653,6.53,2007,https://cdn.myanimelist.net/images/manga/2/42111l.jpg
918,Ame to Muchi,Carrot and Stick,飴と鞭,Manga,457,6.53,2007,https://cdn.myanimelist.net/images/manga/5/39602l.jpg
918,Aragau Netsujou,Fervent Resistance,抗う熱情,Manga,880,6.53,2007,https://cdn.myanimelist.net/images/manga/2/275465l.jpg
918,Crush,Crush,CRUSH,Doujinshi,431,6.53,2007,https://cdn.myanimelist.net/images/manga/3/20465l.jpg
918,Heaven,,,Manga,1311,6.53,2007,https://cdn.myanimelist.net/images/manga/1/11119l.jpg
918,Kichi no Oshigoto,The Mission of the Base,基地のお仕事,Manga,377,6.53,2007,https://cdn.myanimelist.net/images/manga/1/348237l.jpg
918,Maid de Rhapsody,,メイドdeラプソディー,Manga,255,6.53,2007,https://cdn.myanimelist.net/images/manga/1/59903l.jpg
918,Nousatsu Cream,Love for Dessert,悩殺クリーム,Manga,785,6.53,2007,https://cdn.myanimelist.net/images/manga/4/3103l.jpg
918,Senshuuraku Made Matte,Please Wait Until The Final Performance,千秋楽まで待って,Manga,543,6.53,2007,https://cdn.myanimelist.net/images/manga/1/22386l.jpg
918,Yama Hime no Mi: Satomi,,山姫の実 智美,Doujinshi,286,6.53,2007,https://cdn.myanimelist.net/images/manga/3/48613l.jpg
918,Yume no Atosaki,,夢のアトサキ,Manga,1130,6.53,2007,https://cdn.myanimelist.net/images/manga/2/61659l.jpg
929,Akane Shinchi Hanaya Sange,,茜新地花屋散華,Manga,1021,6.52,2007,https://cdn.myanimelist.net/images/manga/3/28526l.jpg
929,Eien wo Sagashite,,永遠をさがして,Manga,329,6.52,2007,https://cdn.myanimelist.net/images/manga/3/254773l.jpg
929,Hanayashiki no Juunin-tachi,,花やしきの住人たち,Manga,1981,6.52,2007,https://cdn.myanimelist.net/images/manga/2/138481l.jpg
929,Hiiragi Shougakkou Renai Club,,柊小学校 恋愛くらぶ,Manga,1682,6.52,2007,https://cdn.myanimelist.net/images/manga/2/203908l.jpg
929,Kanojo no Honnou,Her Instinct,彼女の本能,Manga,2589,6.52,2007,https://cdn.myanimelist.net/images/manga/2/264340l.jpg
929,Marshmallow Fiancée,,ましゅまろフィアンセ,Manga,284,6.52,2007,https://cdn.myanimelist.net/images/manga/3/175999l.jpg
929,Osananajimi to Natsu no Gogo,,幼馴染と夏の午後,One-shot,374,6.52,2007,https://cdn.myanimelist.net/images/manga/2/101631l.jpg
936,Konohana Link,,コノハナリンク,Manga,614,6.51,2007,https://cdn.myanimelist.net/images/manga/3/12402l.jpg
936,Mama wa Doukyuusei,,ママは同級生,Manga,5719,6.51,2007,https://cdn.myanimelist.net/images/manga/3/53873l.jpg
936,Manatsu no Zanshou,Midsummer Afterglow,真夏の残照,One-shot,1074,6.51,2007,https://cdn.myanimelist.net/images/manga/3/2398l.jpg
936,Shanai Renai Style,Manners of Love in Company,社内恋愛スタイル,Manga,413,6.51,2007,https://cdn.myanimelist.net/images/manga/2/22719l.jpg
936,Triangle,Triangle,トライアングル,One-shot,589,6.51,2007,https://cdn.myanimelist.net/images/manga/4/22034l.jpg
936,Trickster,,トリックスター,Doujinshi,292,6.51,2007,https://cdn.myanimelist.net/images/manga/3/25674l.jpg
936,Wagamama na Butler,,わがままな執事,Manga,1187,6.51,2007,https://cdn.myanimelist.net/images/manga/3/32182l.jpg
936,Yomigaeru Kiro,,よみがえる岐路,One-shot,508,6.51,2007,https://cdn.myanimelist.net/images/manga/2/71503l.jpg
936,Yuri Hime Selection,,百合姫Selection,Manga,3083,6.51,2007,https://cdn.myanimelist.net/images/manga/2/146105l.jpg
945,17-sai,,17歳,Manga,4059,6.5,2007,https://cdn.myanimelist.net/images/manga/4/64341l.jpg
945,18 Rin,Rinko Eighteen,18倫,Manga,1577,6.5,2007,https://cdn.myanimelist.net/images/manga/1/188982l.jpg
945,Kokkyou no Chou,Wild Butterfly,国境の蝶,Manga,397,6.5,2007,https://cdn.myanimelist.net/images/manga/1/186293l.jpg
945,Netsu-Ai Shisen: Hitomi de Okashite,,熱・愛視線～瞳で犯して～,Manga,1532,6.5,2007,https://cdn.myanimelist.net/images/manga/1/182515l.jpg
945,Shinjou Mayu: The Best Selection,,新條まゆ The Best Selection,Manga,424,6.5,2007,https://cdn.myanimelist.net/images/manga/1/16020l.jpg
945,Shitsuji Choukyou Curriculum,,執事調教カリキュラム,Manga,486,6.5,2007,https://cdn.myanimelist.net/images/manga/3/5980l.jpg
945,"Susume! Riku, Kai, Kuu!!",,進め！陸、海、空!!,Manga,234,6.5,2007,https://cdn.myanimelist.net/images/manga/2/26147l.jpg
952,Bokura no Mura ni wa Mizuumi ga Atta,,ぼくらの村には湖があった,Manga,266,6.49,2007,https://cdn.myanimelist.net/images/manga/4/261623l.jpg
953,Muddy,,MUDDY,Manga,924,6.48,2007,https://cdn.myanimelist.net/images/manga/2/190912l.jpg
953,Oresama Tengoku! Rojiura no Ningyo,,俺様天国!路地裏の人魚,Manga,505,6.48,2007,https://cdn.myanimelist.net/images/manga/3/14278l.jpg
955,Andalusia no Yuuwaku,The Spaniard's Woman,アンダルシアの誘惑,Manga,408,6.47,2007,https://cdn.myanimelist.net/images/manga/1/47053l.jpg
955,Dai Jigoku-jou Chidaruma Rikishi,,大地獄城・血だるま力士,Manga,536,6.47,2007,https://cdn.myanimelist.net/images/manga/2/36447l.jpg
955,Ecchi Max!!,,えっちーMAX!!,Manga,424,6.47,2007,https://cdn.myanimelist.net/images/manga/3/150138l.jpg
955,Ecchi Mix!!,,えっちーみっくす!!,Manga,572,6.47,2007,https://cdn.myanimelist.net/images/manga/2/165108l.jpg
955,Hanakisou,,花帰葬,Manga,728,6.47,2007,https://cdn.myanimelist.net/images/manga/3/26760l.jpg
955,Indecent,,インディセント,Manga,587,6.47,2007,https://cdn.myanimelist.net/images/manga/1/53979l.jpg
955,Koisuru Wakusei,,恋する惑星,Manga,767,6.47,2007,https://cdn.myanimelist.net/images/manga/1/261611l.jpg
955,Kyuuketsuki ni Aisareru Houhou,How to Seduce a Vampire,吸血鬼に愛される方法,Manga,725,6.47,2007,https://cdn.myanimelist.net/images/manga/3/24705l.jpg
963,Dororo Bon,,どろろ梵,Manga,741,6.46,2007,https://cdn.myanimelist.net/images/manga/3/273528l.jpg
963,Epitaph,,EPITAPH -エピタフ-,Manga,1571,6.46,2007,https://cdn.myanimelist.net/images/manga/5/40160l.jpg
963,Hakoniwa,,箱庭,Manga,622,6.46,2007,https://cdn.myanimelist.net/images/manga/2/178316l.jpg
963,Oretachi ni Ai wa Nai,,オレたちに愛はない,Manga,1172,6.46,2007,https://cdn.myanimelist.net/images/manga/3/46205l.jpg
963,Saikou no Kimi,,最高の君,Manga,413,6.46,2007,https://cdn.myanimelist.net/images/manga/3/337602l.jpg
963,Toxic,,トキシック,One-shot,1233,6.46,2007,https://cdn.myanimelist.net/images/manga/3/4452l.jpg
963,Watashi ni Uso wo Tsuite,,私にウソをついて,One-shot,2453,6.46,2007,https://cdn.myanimelist.net/images/manga/2/27526l.jpg
970,"10, 20, and 30","10, 20, and 30",10 20 그리고 30,Manhwa,505,6.45,2007,https://cdn.myanimelist.net/images/manga/3/30288l.jpg
970,Ayakashi Tennen Beans,,あやかし天然ビーンズ,Manga,974,6.45,2007,https://cdn.myanimelist.net/images/manga/3/271862l.jpg
970,Devil Loli,,デビロリ,Manga,399,6.45,2007,https://cdn.myanimelist.net/images/manga/1/48575l.jpg
970,Kenritsu Seishidou Center,,県立性指導センタ－,Manga,368,6.45,2007,https://cdn.myanimelist.net/images/manga/3/64435l.jpg
970,Koi Hame,,こいはめ,Manga,456,6.45,2007,https://cdn.myanimelist.net/images/manga/2/150901l.jpg
970,Koi to Uso to Pride to,,恋と嘘とプライドと,Manga,631,6.45,2007,https://cdn.myanimelist.net/images/manga/2/296491l.jpg
970,Renai Saiban no Yukue,whereabouts of love judgement,恋愛裁判の行方,Manga,674,6.45,2007,https://cdn.myanimelist.net/images/manga/2/30399l.jpg
977,Ai wa Noroi no Nihon Ningyou♥,,あいは呪いの日本人形♥,Manga,644,6.44,2007,https://cdn.myanimelist.net/images/manga/2/291010l.jpg
977,Champagne wa Koi no Biyaku,One Night with the Tycoon,シャンパンは恋の媚薬,Manga,486,6.44,2007,https://cdn.myanimelist.net/images/manga/1/41581l.jpg
977,Chuuousen Cinema Paradise,,中央線シネマパラダイス,One-shot,805,6.44,2007,https://cdn.myanimelist.net/images/manga/2/15040l.jpg
977,Houkago Strawberry Vibe,,放課後ストロベリーバイブ,Manga,595,6.44,2007,https://cdn.myanimelist.net/images/manga/1/46127l.jpg
977,Inagawa-san no Kaidan Tamatebako,Mr. Inagawa's Ghost Story Treasure Box,稲川さんの怪談玉手箱,One-shot,406,6.44,2007,https://cdn.myanimelist.net/images/manga/2/280644l.jpg
977,Love Healing,,Love Healing,Doujinshi,1296,6.44,2007,https://cdn.myanimelist.net/images/manga/1/21492l.jpg
977,Ryouki Keiji Marusai,,猟奇刑事マルサイ,Manga,541,6.44,2007,https://cdn.myanimelist.net/images/manga/1/286730l.jpg
984,Flush/Splash,,Flush/Splash,One-shot,289,6.43,2007,https://cdn.myanimelist.net/images/manga/2/19183l.jpg
984,Iinchou no Yu-da-n♥,,委員長のYU・DA・N♥,Manga,402,6.43,2007,https://cdn.myanimelist.net/images/manga/3/48969l.jpg
984,Junai★Login,,純愛★ログイン,Manga,337,6.43,2007,https://cdn.myanimelist.net/images/manga/3/15347l.jpg
984,Momoiro Salesman,,桃色せえるすまん,One-shot,1448,6.43,2007,https://cdn.myanimelist.net/images/manga/2/10676l.jpg
984,Nejimakiboshi to Aoi Sora,,ねじまき星とアオイソラ,Manga,978,6.43,2007,https://cdn.myanimelist.net/images/manga/2/173805l.jpg
984,Subarashii Shitsuren,Marvelous Heartbreak,素晴らしい失恋,Manga,323,6.43,2007,https://cdn.myanimelist.net/images/manga/1/27024l.jpg
990,Amai Kuchibiru,,あまいくちびる,Manga,1447,6.42,2007,https://cdn.myanimelist.net/images/manga/2/133115l.jpg
990,Diabolic Garden,,Diabolic Garden,Manga,1561,6.42,2007,https://cdn.myanimelist.net/images/manga/2/195375l.jpg
990,Kumabachi no Koto,The Thing about Bees,くまばちのこと,One-shot,1983,6.42,2007,https://cdn.myanimelist.net/images/manga/3/4017l.jpg
990,Maid in Japan,,メイドいんジャパン,Manga,1147,6.42,2007,https://cdn.myanimelist.net/images/manga/1/173176l.jpg
990,Raspberry Field no Majo,,ラズベリーフィールドの魔女,Manga,705,6.42,2007,https://cdn.myanimelist.net/images/manga/2/17223l.jpg
990,Rose of the Rhine,Rose of the Rhine,ラインの薔薇,Manga,296,6.42,2007,https://cdn.myanimelist.net/images/manga/1/347800l.jpg
996,Beastie Girls,,BEASTIE GIRLS -ビースティ・ガールズ-,Manga,429,6.41,2007,https://cdn.myanimelist.net/images/manga/1/34429l.jpg
996,Mebius Gear,,メビウスギア,Manga,564,6.41,2007,https://cdn.myanimelist.net/images/manga/2/31527l.jpg
996,Renai Club,,レンアイ☆倶楽部,Manga,361,6.41,2007,https://cdn.myanimelist.net/images/manga/1/264965l.jpg
996,XXX Lesson,XXX Lesson,,Manga,749,6.41,2007,https://cdn.myanimelist.net/images/manga/2/16130l.jpg
1000,Imoutotachi no Sasayaki,,妹たちの囁き,Manga,407,6.4,2007,https://cdn.myanimelist.net/images/manga/2/49127l.jpg
1000,Les Chuu Life,,れずちゅ～らいふ,Doujinshi,332,6.4,2007,https://cdn.myanimelist.net/images/manga/2/125353l.jpg
1000,Otonosama Gorankou,,お殿様ご乱行,Manga,437,6.4,2007,https://cdn.myanimelist.net/images/manga/2/19194l.jpg
1000,Para☆Izo,,ぱら☆いぞ,Manga,732,6.4,2007,https://cdn.myanimelist.net/images/manga/3/39915l.jpg
1000,Saishou Kouyakusuu,,最小公約数,Doujinshi,467,6.4,2007,https://cdn.myanimelist.net/images/manga/3/43957l.jpg
1000,Shukumei no Partner,Man of Ice,宿命のパートナー,Manga,404,6.4,2007,https://cdn.myanimelist.net/images/manga/2/41760l.jpg
1000,Tama Hiyo,,たま日和〈ひよ〉,Manga,3587,6.4,2007,https://cdn.myanimelist.net/images/manga/1/112291l.jpg
1007,10-nenbun Okasu,He Violates Her for Ten Years,10年分犯す,Manga,444,6.39,2007,https://cdn.myanimelist.net/images/manga/2/182277l.jpg
1007,Harvest Moon: Island of Happiness,Harvest Moon: Island of Happiness,牧場物語キミと育つ島,Manga,369,6.39,2007,https://cdn.myanimelist.net/images/manga/2/13831l.jpg
1007,Mama-goto,,ママごと,Manga,596,6.39,2007,https://cdn.myanimelist.net/images/manga/3/21311l.jpg
1007,Suit wo Nuidara,When you take off the suit,スーツを脱いだら,Manga,395,6.39,2007,https://cdn.myanimelist.net/images/manga/3/136673l.jpg
1011,Don't Cry My Baby,,ドント・クライ・マイ・ベイビー,Manga,295,6.38,2007,https://cdn.myanimelist.net/images/manga/3/29472l.jpg
1011,Hisuiiro no Kaze,Wind of the Green Jade,翡翠色の風,Manga,349,6.38,2007,https://cdn.myanimelist.net/images/manga/1/16246l.jpg
1011,Minus Literacy,Minus Literacy,マイナスりてらしー,Manga,837,6.38,2007,https://cdn.myanimelist.net/images/manga/3/32052l.jpg
1011,Prince Bubble,,泡沫王子,Manhua,538,6.38,2007,https://cdn.myanimelist.net/images/manga/2/79049l.jpg
1011,Yozora no Ouji to Asayake no Hime,,名もなき国の 恋の歌,Manga,887,6.38,2007,https://cdn.myanimelist.net/images/manga/1/32415l.jpg
1016,Honnou Honey,,本能ハニィ,Manga,811,6.37,2007,https://cdn.myanimelist.net/images/manga/1/261627l.jpg
1017,Hachimitsu no Aji,A Taste of Honey,蜂蜜の味,Manga,386,6.36,2007,https://cdn.myanimelist.net/images/manga/2/36790l.jpg
1017,Hanauta Apartment,,ハナウタアパート,Doujinshi,548,6.36,2007,https://cdn.myanimelist.net/images/manga/3/107555l.jpg
1017,Kamisama wa Do-Binbou,,神様はど貧乏,One-shot,580,6.36,2007,https://cdn.myanimelist.net/images/manga/3/3846l.jpg
1017,Nayameru Hime to Mayoeru Ouji,,悩める姫と迷える王子,Manga,320,6.36,2007,https://cdn.myanimelist.net/images/manga/3/109541l.jpg
1017,Okusama wa Seitokaichou,My wife is capitan of student council.,奥さまは生徒会長,Manga,1534,6.36,2007,https://cdn.myanimelist.net/images/manga/3/159918l.jpg
1017,Zenra Inkou Sengen!!,,全裸淫交宣言!!,Manga,349,6.36,2007,https://cdn.myanimelist.net/images/manga/3/275395l.jpg
1023,Okan,Raped Mother,母姦。【おかん】,Manga,369,6.35,2007,https://cdn.myanimelist.net/images/manga/3/176655l.jpg
1023,RAPPA,Rappa,RAPPA -乱波-,Manga,2175,6.35,2007,https://cdn.myanimelist.net/images/manga/3/27059l.jpg
1025,Chibi Geass: 4-koma no Lelouch,,ちびぎあす4コマのるるーしゅ,Manga,594,6.34,2007,https://cdn.myanimelist.net/images/manga/5/43727l.jpg
1025,Jounetsu Kakumei,,情熱革命,Manga,1072,6.34,2007,https://cdn.myanimelist.net/images/manga/2/40528l.jpg
1025,Kimagure na Boku no Neko,,気まぐれな僕の猫,One-shot,537,6.34,2007,https://cdn.myanimelist.net/images/manga/1/12212l.jpg
1025,Kodomo ga Neta Ato de,,子供が寝た後で,One-shot,2245,6.34,2007,https://cdn.myanimelist.net/images/manga/1/81892l.jpg
1029,Ganso Ylva-chan,,元祖ユルヴァちゃん,Manga,958,6.33,2007,https://cdn.myanimelist.net/images/manga/2/36648l.jpg
1029,Kono Uta wa Kimi no Tameni,,このうたは君の為に,Manga,778,6.33,2007,https://cdn.myanimelist.net/images/manga/1/34490l.jpg
1029,Mazinger Angel Z,,マジンガーエンジェルZ,Manga,432,6.33,2007,https://cdn.myanimelist.net/images/manga/2/80317l.jpg
1029,Name Neko,,なめねこ,One-shot,288,6.33,2007,https://cdn.myanimelist.net/images/manga/3/59695l.jpg
1029,Shoulder Tackle Yasuzaki-man,,ショルダータックル ヤスザキマン,One-shot,293,6.33,2007,https://cdn.myanimelist.net/images/manga/3/134379l.jpg
1034,Ark Angels,,Ark Angels,Manhwa,1149,6.32,2007,https://cdn.myanimelist.net/images/manga/1/286805l.jpg
1034,Mikarun X,,ミカるんX,Manga,1016,6.32,2007,https://cdn.myanimelist.net/images/manga/2/222021l.jpg
1034,Mondlicht: Tsuki no Tsubasa,,モントリヒト -月の翼-,Manga,2204,6.32,2007,https://cdn.myanimelist.net/images/manga/1/32689l.jpg
1034,Sayuki no Sato,,沙雪の里,Manga,400,6.32,2007,https://cdn.myanimelist.net/images/manga/2/48089l.jpg
1034,Tadashii Hentai Seiyoku,,正しい変態性欲,Manga,491,6.32,2007,https://cdn.myanimelist.net/images/manga/1/62301l.jpg
1034,Tsumetai Kemono ni Kawarete,,,Manga,574,6.32,2007,https://cdn.myanimelist.net/images/manga/1/3416l.jpg
1034,Yakusoku no Yubi,,約束の指,One-shot,391,6.32,2007,https://cdn.myanimelist.net/images/manga/3/167561l.jpg
1041,Aigan Masochist,,愛玩マゾヒスト,Manga,398,6.31,2007,https://cdn.myanimelist.net/images/manga/1/48069l.jpg
1041,Angel Profile,,エンジェル・プロファイル,Manga,325,6.31,2007,https://cdn.myanimelist.net/images/manga/1/20462l.jpg
1041,Awayuki no Namida,,淡雪の涙,One-shot,1853,6.31,2007,https://cdn.myanimelist.net/images/manga/4/15093l.jpg
1041,M Haha Musume Choukyou Nikki,,Ｍ母娘調教日記,Manga,429,6.31,2007,https://cdn.myanimelist.net/images/manga/3/64897l.jpg
1041,The Record of War in Crodia,,크로디아 전기,Manhwa,462,6.31,2007,https://cdn.myanimelist.net/images/manga/1/61277l.jpg
1046,Anata ja Nai to,,あなたじゃないと,Manga,1177,6.3,2007,https://cdn.myanimelist.net/images/manga/1/295647l.jpg
1046,Cassiopeia Dolce,,カシオペア・ドルチェ,Manga,455,6.3,2007,https://cdn.myanimelist.net/images/manga/5/19095l.jpg
1046,Hikkoshite Kimashita. Otonari ni,I've Moved Next Door to You,引っ越してきました。お隣に,Manga,531,6.3,2007,https://cdn.myanimelist.net/images/manga/3/207557l.jpg
1046,Maharaja no Yuuwaku,Temptation of Maharaja,マハラジャの誘惑,Manga,574,6.3,2007,https://cdn.myanimelist.net/images/manga/1/170891l.jpg
1046,Roll,Roll,,One-shot,750,6.3,2007,https://cdn.myanimelist.net/images/manga/1/27447l.jpg
1051,Femme Fatale: Unmei no Onna,,ファムファタル～運命の女～,Manga,1611,6.29,2007,https://cdn.myanimelist.net/images/manga/2/100371l.jpg
1051,Uzakoi,,ウザ恋,Manga,962,6.29,2007,https://cdn.myanimelist.net/images/manga/3/209490l.jpg
1051,Yusuraume,,ゆすらうめ,Doujinshi,348,6.29,2007,https://cdn.myanimelist.net/images/manga/3/42671l.jpg
1054,Aoi no Yuuwaku,,碧いの誘惑,Manga,1387,6.28,2007,https://cdn.myanimelist.net/images/manga/2/56215l.jpg
1054,Hoteri,,八宝備仁画集 紅蝶〈ほてり〉,Manga,660,6.28,2007,https://cdn.myanimelist.net/images/manga/3/194257l.jpg
1056,Dennou Coil,,電脳コイル,Manga,974,6.27,2007,https://cdn.myanimelist.net/images/manga/1/15441l.jpg
1056,Ero-Isu,,エロいす,Manga,467,6.27,2007,https://cdn.myanimelist.net/images/manga/5/60765l.jpg
1058,Kage no Matsuri,,影の祭,One-shot,807,6.26,2007,https://cdn.myanimelist.net/images/manga/3/12002l.jpg
1058,Moero! Ii Otoko,,萌えろ!いい男,Manga,539,6.26,2007,https://cdn.myanimelist.net/images/manga/1/32768l.jpg
1058,Usagi no Koi,,うさぎの恋,One-shot,728,6.26,2007,https://cdn.myanimelist.net/images/manga/2/26854l.jpg
1061,Mighty♡Heart,,マイティ♡ハート,Manga,766,6.25,2007,https://cdn.myanimelist.net/images/manga/3/165141l.jpg
1061,Resort Lover,,りぞらば,One-shot,378,6.25,2007,https://cdn.myanimelist.net/images/manga/2/99977l.jpg
1063,Baba Yaga,,バーバ・ヤガー,Manga,1408,6.24,2007,https://cdn.myanimelist.net/images/manga/3/196854l.jpg
1063,Biohazard Umbrella Chronicles: Houkai e no Jokyoku,,バイオハザード アンブレラ・クロニクルズ -崩壊への序曲,Manga,2144,6.24,2007,https://cdn.myanimelist.net/images/manga/2/320504l.jpg
1063,"Kaidan to Odorou, Soshite Anata wa Kaidan de Odoru",,"怪談と踊ろう, そしてあなたは階段で踊る",Manga,1060,6.24,2007,https://cdn.myanimelist.net/images/manga/1/96271l.jpg
1063,Otona no Jouken,,おとなのじょうけん,One-shot,364,6.24,2007,https://cdn.myanimelist.net/images/manga/1/41483l.jpg
1067,"Ashita, Kare no Bed de.",,明日、彼のベッドで。,Manga,289,6.23,2007,https://cdn.myanimelist.net/images/manga/4/195479l.jpg
1068,Gesu to Abazure,Sleazebag and Bitch,下衆とあばずれ,Manga,553,6.22,2007,https://cdn.myanimelist.net/images/manga/1/190892l.jpg
1068,Sekai Seifuku Sekirara Jogakukan,,世界制服セキララ女学館,Manga,1109,6.22,2007,https://cdn.myanimelist.net/images/manga/2/167948l.jpg
1068,Tsuttsukumon!,,憑っつくもん！,One-shot,375,6.22,2007,https://cdn.myanimelist.net/images/manga/3/111171l.jpg
1071,19-sai no Hisoka na Yabou,,19歳の密かな欲望,Manga,833,6.21,2007,https://cdn.myanimelist.net/images/manga/4/65699l.jpg
1071,Ai Death Gun,,Aiデス・ガン,Manga,445,6.21,2007,https://cdn.myanimelist.net/images/manga/1/60475l.jpg
1071,Aratama Tribe,,荒魂トライブ,Manga,1050,6.21,2007,https://cdn.myanimelist.net/images/manga/5/24401l.jpg
1071,Blue Drop: Tenshi no Bokura,,ブルー ドロップ～天使の僕ら～,Manga,2780,6.21,2007,https://cdn.myanimelist.net/images/manga/3/54125l.jpg
1071,El Cazador,,エル・カザド,Manga,1482,6.21,2007,https://cdn.myanimelist.net/images/manga/1/167606l.jpg
1071,Etsuraku no Tobira,The Door of Sexual Pleasure,悦楽の扉,Manga,472,6.21,2007,https://cdn.myanimelist.net/images/manga/1/169400l.jpg
1071,Princess Hanaka,Princess Hanaka,プリンセス花＊花,Manga,1452,6.21,2007,https://cdn.myanimelist.net/images/manga/2/36089l.jpg
1078,Boku no Kareshi,,ぼくの彼氏,Manga,449,6.2,2007,https://cdn.myanimelist.net/images/manga/1/85813l.jpg
1078,Kyonyuu Oyako Zukan,,巨乳母娘図姦,Doujinshi,373,6.2,2007,https://cdn.myanimelist.net/images/manga/2/94577l.jpg
1078,Tenko,,テンコ,One-shot,669,6.2,2007,https://cdn.myanimelist.net/images/manga/2/221689l.jpg
1081,Anti Love Sentai: Hayata☆Joe,,不恋愛〈アンチラブ〉戦隊ハヤタ☆ジョー,One-shot,732,6.19,2007,https://cdn.myanimelist.net/images/manga/2/27508l.jpg
1081,Kimi wa Machigatteiru,,,One-shot,293,6.19,2007,https://cdn.myanimelist.net/images/manga/2/15981l.jpg
1081,Love Capsule,,ラブカプセル,Manga,934,6.19,2007,https://cdn.myanimelist.net/images/manga/1/264358l.jpg
1081,Suki♥Doki,,,Manga,1933,6.19,2007,https://cdn.myanimelist.net/images/manga/2/15571l.jpg
1085,Ningen Shikkaku,,人間失格,Manga,1246,6.18,2007,https://cdn.myanimelist.net/images/manga/2/145639l.jpg
1085,Samishii Toki Wa,Moments of Loneliness,さみしいときは,One-shot,348,6.18,2007,https://cdn.myanimelist.net/images/manga/2/18610l.jpg
1087,Aoi Shiro: Kaeishou,,アオイシロ －花影抄－,Manga,1070,6.17,2007,https://cdn.myanimelist.net/images/manga/3/13200l.jpg
1087,Death God 4,Death God,,Manga,628,6.17,2007,https://cdn.myanimelist.net/images/manga/1/10473l.jpg
1087,Hen Koi!,,ヘンコイ!,Manga,16321,6.17,2007,https://cdn.myanimelist.net/images/manga/3/161684l.jpg
1087,Isuzu no Counter,,五十鈴のカウンター,Manga,791,6.17,2007,https://cdn.myanimelist.net/images/manga/1/14340l.jpg
1091,Armored Core: Tower City Blade,,ARMORED CORE TOWER CITY BLADE,Manga,578,6.16,2007,https://cdn.myanimelist.net/images/manga/3/287929l.jpg
1091,Horan,,ホラン,One-shot,959,6.16,2007,https://cdn.myanimelist.net/images/manga/1/84433l.jpg
1093,Egoism,,エゴイズム,Manga,626,6.14,2007,https://cdn.myanimelist.net/images/manga/3/6010l.jpg
1093,Tsukasa Blog,,ツカサブログ,Doujinshi,340,6.14,2007,https://cdn.myanimelist.net/images/manga/3/152823l.jpg
1093,Watashi no Kidou,,わたしの軌道,One-shot,649,6.14,2007,https://cdn.myanimelist.net/images/manga/1/12569l.jpg
1093,Yagyuu Hijouken Samon,,柳生非情剣 SAMON,Manga,889,6.14,2007,https://cdn.myanimelist.net/images/manga/1/50175l.jpg
1097,Becchin to Mandara,Velveteen & Mandala,べっちんとまんだら,Manga,6072,6.13,2007,https://cdn.myanimelist.net/images/manga/3/27905l.jpg
1098,Pushu~ke~!! Psyche!,,ぷしゅ～け～！！,One-shot,969,6.12,2007,https://cdn.myanimelist.net/images/manga/3/27507l.jpg
1099,Blue Line,,BLUE LINE,One-shot,766,6.11,2007,https://cdn.myanimelist.net/images/manga/3/15686l.jpg
1100,Futanari.Elf,,FUTANARI.ELF,Doujinshi,527,6.1,2007,https://cdn.myanimelist.net/images/manga/2/160350l.jpg
1101,One Missed Call,,ONE MISSED CALL,Manga,1351,6.09,2007,https://cdn.myanimelist.net/images/manga/1/155659l.jpg
1102,Hiki,,ヒキ,Manga,2723,6.08,2007,https://cdn.myanimelist.net/images/manga/3/27686l.jpg
1102,Nan✩Supo,,なん✩スポ,One-shot,436,6.08,2007,https://cdn.myanimelist.net/images/manga/1/29341l.jpg
1104,Gyakusou Shoujo: Owaranai Natsuyasumi,,逆走少女―終わらない夏休み,Manga,1614,6.06,2007,https://cdn.myanimelist.net/images/manga/3/18818l.jpg
1104,Parasol,,ぱらそる,One-shot,369,6.06,2007,https://cdn.myanimelist.net/images/manga/2/99975l.jpg
1106,Iinari! Aibration,,いいなり！あいぶれーしょん,Manga,2004,6.05,2007,https://cdn.myanimelist.net/images/manga/3/50929l.jpg
1106,Karakasa no Saien,,唐傘の才媛,Manga,2365,6.05,2007,https://cdn.myanimelist.net/images/manga/2/195800l.jpg
1106,Leona Explosion,,レオナEXPLOSION,Manga,1841,6.05,2007,https://cdn.myanimelist.net/images/manga/3/58573l.jpg
1106,Petit Eva: Evangelion@School,,ぷちえゔぁ〜EVANGELION@SCHOOL〜,Manga,1333,6.05,2007,https://cdn.myanimelist.net/images/manga/3/41714l.jpg
1106,Sotsugyou Zanshushiki,,卒業斬首式,Doujinshi,866,6.05,2007,https://cdn.myanimelist.net/images/manga/2/102169l.jpg
1111,Aishite Baby,,あいしてベイビー,Manga,1236,6.04,2007,https://cdn.myanimelist.net/images/manga/3/295648l.jpg
1111,Tenshun,Ephemeral,転瞬,One-shot,458,6.04,2007,https://cdn.myanimelist.net/images/manga/3/25242l.jpg
1113,Maid wo Nerae!,,メイドをねらえ! ~中林校長の野望~,Manga,759,6.03,2007,https://cdn.myanimelist.net/images/manga/2/85787l.jpg
1113,eco,eco,,Doujinshi,305,6.03,2007,https://cdn.myanimelist.net/images/manga/3/24797l.jpg
1115,Petit Eva Bokura Tanken Doukoukai,,ぷちえヴぁ ぼくら探検同好会,Manga,686,6.02,2007,https://cdn.myanimelist.net/images/manga/2/41715l.jpg
1116,Elevator Action,,エレベーターアクション,One-shot,439,6.01,2007,https://cdn.myanimelist.net/images/manga/1/48131l.jpg
1117,Thirsty,,THIRSTY,One-shot,297,5.99,2007,https://cdn.myanimelist.net/images/manga/2/152917l.jpg
1118,Toutetsu,,饕餮,One-shot,1412,5.96,2007,https://cdn.myanimelist.net/images/manga/3/98485l.jpg
1119,Fortune Ring,,フォーチュン・リング,One-shot,228,5.95,2007,https://cdn.myanimelist.net/images/manga/2/157151l.jpg
1120,Pink de Pink,,ピンクDEピンク,Manga,4170,5.93,2007,https://cdn.myanimelist.net/images/manga/2/96891l.jpg
1120,Wings,,WINGS,Manhua,938,5.93,2007,https://cdn.myanimelist.net/images/manga/2/77669l.jpg
1122,Yuutai Nova,,ユウタイノヴァ,Manga,7630,5.92,2007,https://cdn.myanimelist.net/images/manga/2/63189l.jpg
1123,Sensei yori mo Amaku,,先生よりも甘く,One-shot,908,5.91,2007,https://cdn.myanimelist.net/images/manga/2/153801l.jpg
1123,Suzuran Techou,,スズラン手帖,Manga,1017,5.91,2007,https://cdn.myanimelist.net/images/manga/3/105837l.jpg
1125,Eroguro,,エログロ,Manga,386,5.9,2007,https://cdn.myanimelist.net/images/manga/2/53833l.jpg
1125,Service Time Lover,,サービスタイムLOVER,Manga,882,5.9,2007,https://cdn.myanimelist.net/images/manga/1/330691l.jpg
1127,Agake.,,あがけ。,Manga,421,5.88,2007,https://cdn.myanimelist.net/images/manga/3/49935l.jpg
1127,Fate/tiger Colosseum Upper,,Fate/tiger colossum UPPER,One-shot,550,5.88,2007,https://cdn.myanimelist.net/images/manga/1/169571l.jpg
1129,Ingyaku Kanzokutou,,淫虐監獄島,Manga,1109,5.85,2007,https://cdn.myanimelist.net/images/manga/3/42023l.jpg
1130,Amanin Shoujo Azuki,,甘忍少女あずき,Manga,2463,5.84,2007,https://cdn.myanimelist.net/images/manga/1/18389l.jpg
1131,Yappari♥Idol,,やっぱり♥アイドル,One-shot,489,5.81,2007,https://cdn.myanimelist.net/images/manga/1/12745l.jpg
1132,Terror,,,One-shot,2574,5.79,2007,https://cdn.myanimelist.net/images/manga/3/7023l.jpg
1133,Portball!,,ポトボる!,One-shot,970,5.77,2007,https://cdn.myanimelist.net/images/manga/1/24514l.jpg
1134,Ai to Sei Haru no Kemikaru X,,愛と性春のケミカルX,One-shot,489,5.76,2007,https://cdn.myanimelist.net/images/manga/2/48963l.jpg
1135,Cocoa Riron,,ココアリロン,One-shot,441,5.67,2007,https://cdn.myanimelist.net/images/manga/3/136425l.jpg
1136,Subarashiki Kono Sekai,,すばらしきこのせかい,Manga,3243,5.55,2007,https://cdn.myanimelist.net/images/manga/1/11540l.jpg
1137,Endless Eden,,エンドレスエデン,Manga,2378,5.52,2007,https://cdn.myanimelist.net/images/manga/1/200168l.jpg
1138,Collector,Collector,Collector,One-shot,678,5.49,2007,https://cdn.myanimelist.net/images/manga/1/10439l.jpg
1139,Life is Dead,,ライフ・イズ・デッド,Manga,323,5.44,2007,https://cdn.myanimelist.net/images/manga/1/27269l.jpg
1140,Gakkou Youkai Kikou: You,,学校妖怪紀行 ~葉~,One-shot,723,5.43,2007,https://cdn.myanimelist.net/images/manga/3/34985l.jpg
1141,Test Flight Girls,,Test Flight Girls,One-shot,545,5.3,2007,https://cdn.myanimelist.net/images/manga/2/179785l.jpg
1142,Nyanderful,,Nyanderful ニャンダフル,One-shot,298,5.22,2007,https://cdn.myanimelist.net/images/manga/3/3363l.jpg
1143,Matsuri no Yoru,,マツリノ夜,One-shot,274,5.12,2007,https://cdn.myanimelist.net/images/manga/3/3282l.jpg
1143,Yarisugi Companion to Atashi Monogatari,,やりすぎコンパニオンとアタシ物語,Manga,2540,5.12,2007,https://cdn.myanimelist.net/images/manga/3/36239l.jpg
1145,Boku no Pico,,ぼくのぴこ コミック,Doujinshi,4728,5.06,2007,https://cdn.myanimelist.net/images/manga/3/48811l.jpg
