rank,title,title_english,title_japanese,type,members,score,year,image_url
1,Kaguya-sama wa Kokurasetai: Tensai-tachi no Renai Zunousen,Kaguya-sama: Love Is War,かぐや様は告らせたい～天才たちの恋愛頭脳戦～,Manga,309604,8.88,2015,https://cdn.myanimelist.net/images/manga/3/188896l.jpg
2,Black Clover,Black Clover,ブラッククローバー,Manga,249817,7.84,2015,https://cdn.myanimelist.net/images/manga/2/166254l.jpg
3,Wotaku ni Koi wa Muzukashii,Wotakoi: Love Is Hard for Otaku,ヲタクに恋は難しい,Manga,152651,8.34,2015,https://cdn.myanimelist.net/images/manga/3/155740l.jpg
4,Tensei shitara Slime Datta Ken,That Time I Got Reincarnated as a Slime,転生したらスライムだった件,Manga,151281,8.36,2015,https://cdn.myanimelist.net/images/manga/3/167639l.jpg
5,Enen no Shouboutai,Fire Force,炎炎ノ消防隊,Manga,134740,7.8,2015,https://cdn.myanimelist.net/images/manga/3/178996l.jpg
6,Tomo-chan wa Onnanoko!,Tomo-chan Is a Girl!,トモちゃんは女の子！,Manga,131376,7.88,2015,https://cdn.myanimelist.net/images/manga/3/169710l.jpg
7,Yagate Kimi ni Naru,Bloom into You,やがて君になる,Manga,126323,8.65,2015,https://cdn.myanimelist.net/images/manga/1/232311l.jpg
8,Youkoso Jitsuryoku Shijou Shugi no Kyoushitsu e,Classroom of the Elite,ようこそ実力至上主義の教室へ,Light Novel,98722,8.74,2015,https://cdn.myanimelist.net/images/manga/2/177958l.jpg
9,Totsukuni no Shoujo,"The Girl From the Other Side: Siúil, a Rún",とつくにの少女,Manga,92825,8.32,2015,https://cdn.myanimelist.net/images/manga/1/173926l.jpg
10,Happiness,Happiness,ハピネス,Manga,89424,7.44,2015,https://cdn.myanimelist.net/images/manga/2/161562l.jpg
11,Dragon Ball Super,Dragon Ball Super,ドラゴンボール超〈スーパー〉,Manga,83912,7.36,2015,https://cdn.myanimelist.net/images/manga/2/176933l.jpg
12,Vanitas no Karte,The Case Study of Vanitas,ヴァニタスの手記〈カルテ〉,Manga,76690,8.47,2015,https://cdn.myanimelist.net/images/manga/2/176009l.jpg
13,Shimanami Tasogare,Our Dreams at Dusk: Shimanami Tasogare,しまなみ誰そ彼,Manga,71626,8.46,2015,https://cdn.myanimelist.net/images/manga/2/174018l.jpg
14,SQ: Begin W/Your Name!,,SQ从你的名字开始,Manhua,70386,8.36,2015,https://cdn.myanimelist.net/images/manga/3/165495l.jpg
15,Kishuku Gakkou no Juliet,Boarding School Juliet,寄宿学校のジュリエット,Manga,70222,8.26,2015,https://cdn.myanimelist.net/images/manga/3/188967l.jpg
16,"Kumo desu ga, Nani ka?","So I'm a Spider, So What?",蜘蛛ですが、なにか？,Manga,68899,7.79,2015,https://cdn.myanimelist.net/images/manga/3/180081l.jpg
17,Platinum End,Platinum End,プラチナエンド,Manga,67843,6.58,2015,https://cdn.myanimelist.net/images/manga/1/172090l.jpg
18,Gleipnir,Gleipnir,グレイプニル,Manga,51131,6.91,2015,https://cdn.myanimelist.net/images/manga/3/174385l.jpg
19,Tsubaki-chou Lonely Planet,Tsubaki-chou Lonely Planet,椿町ロンリープラネット,Manga,50871,7.99,2015,https://cdn.myanimelist.net/images/manga/3/164273l.jpg
20,Naruto Gaiden: Nanadaime Hokage to Akairo no Hanatsuzuki,Naruto: The Seventh Hokage and the Scarlet Spring,NARUTO外伝 七代目火影と緋色の花つ月,Manga,50484,7.16,2015,https://cdn.myanimelist.net/images/manga/2/161762l.jpg
21,Tsuki ga Michibiku Isekai Douchuu,Tsukimichi: Moonlit Fantasy,月が導く異世界道中,Manga,47799,7.78,2015,https://cdn.myanimelist.net/images/manga/2/183227l.jpg
22,Hajimete no Gal,,はじめてのギャル,Manga,47333,6.65,2015,https://cdn.myanimelist.net/images/manga/2/178631l.jpg
23,Ao Ashi,Aoashi,アオアシ,Manga,46275,8.68,2015,https://cdn.myanimelist.net/images/manga/1/185325l.jpg
24,Nande Koko ni Sensei ga!?,"Why the Hell Are You Here, Teacher!?",なんでここに先生が!?,Manga,41777,6.83,2015,https://cdn.myanimelist.net/images/manga/3/189194l.jpg
25,"Kuzumi-kun, Kuuki Yometemasu ka?","Kuzumi-kun, Can't You Read the Room?",久住くん、空気読めてますか?,Manga,41634,7.54,2015,https://cdn.myanimelist.net/images/manga/1/171213l.jpg
26,Innocent Rouge,Innocent Rouge,イノサン Rouge,Manga,37924,8.42,2015,https://cdn.myanimelist.net/images/manga/1/167646l.jpg
27,Isekai Maou to Shoukan Shoujo no Dorei Majutsu,How NOT to Summon a Demon Lord,異世界魔王と召喚少女の奴隷魔術,Manga,36121,6.96,2015,https://cdn.myanimelist.net/images/manga/3/200741l.jpg
28,Bokutachi ga Yarimashita,,僕たちがやりました,Manga,35746,8.01,2015,https://cdn.myanimelist.net/images/manga/3/168953l.jpg
29,Machida-kun no Sekai,The world of Machida-kun,町田くんの世界,Manga,34972,8.33,2015,https://cdn.myanimelist.net/images/manga/3/168062l.jpg
30,"Omoi, Omoware, Furi, Furare","Love Me, Love Me Not",思い、思われ、ふり、ふられ,Manga,33505,7.77,2015,https://cdn.myanimelist.net/images/manga/1/167944l.jpg
31,Violet Evergarden,,ヴァイオレット・エヴァーガーデン,Light Novel,32964,8.67,2015,https://cdn.myanimelist.net/images/manga/3/279888l.jpg
32,"Kumo desu ga, Nani ka?","So I'm a Spider, So What?",蜘蛛ですが、なにか？,Light Novel,31134,8.38,2015,https://cdn.myanimelist.net/images/manga/2/170075l.jpg
33,Happy Sugar Life,Happy Sugar Life,ハッピーシュガーライフ,Manga,30514,7.2,2015,https://cdn.myanimelist.net/images/manga/1/165713l.jpg
34,"Konya wa Tsuki ga Kirei desu ga, Toriaezu Shine","Can You Just Die, My Darling?",今夜は月が綺麗ですが、とりあえず死ね,Manga,29069,6.55,2015,https://cdn.myanimelist.net/images/manga/1/167328l.jpg
35,Seishun Buta Yarou wa Bunny Girl Senpai no Yume wo Minai,Rascal Does Not Dream of Bunny Girl Senpai,青春ブタ野郎はバニーガール先輩の夢を見ない,Manga,29052,7.93,2015,https://cdn.myanimelist.net/images/manga/2/184333l.jpg
36,Arifureta Shokugyou de Sekai Saikyou,Arifureta: From Commonplace to World's Strongest,ありふれた職業で世界最強,Light Novel,28647,7.66,2015,https://cdn.myanimelist.net/images/manga/1/159433l.jpg
37,Taishou Otome Otogibanashi,,大正処女御伽話,Manga,28467,8.26,2015,https://cdn.myanimelist.net/images/manga/2/173765l.jpg
38,RWBY,RWBY,RWBY,Manga,26717,7.14,2015,https://cdn.myanimelist.net/images/manga/2/196046l.jpg
39,Boku to Kimi no Taisetsu na Hanashi,Our Precious Conversations,僕と君の大切な話,Manga,25601,7.87,2015,https://cdn.myanimelist.net/images/manga/3/174432l.jpg
40,Hatsukoi Zombie,,初恋ゾンビ,Manga,25055,7.51,2015,https://cdn.myanimelist.net/images/manga/2/188797l.jpg
41,Kyokou Suiri,In/Spectre,虚構推理,Manga,24809,7.81,2015,https://cdn.myanimelist.net/images/manga/3/167329l.jpg
42,Komi-san wa Comyushou desu.,,古見さんはコミュ症です。,One-shot,23001,7.34,2015,https://cdn.myanimelist.net/images/manga/3/165402l.jpg
43,Honzuki no Gekokujou: Shisho ni Naru Tame ni wa Shudan wo Erandeiraremasen,Ascendance of a Bookworm: I'll Do Anything to Become a Librarian!,本好きの下剋上 ～司書になるためには手段を選んでいられません～,Light Novel,22968,8.83,2015,https://cdn.myanimelist.net/images/manga/1/149552l.jpg
44,Yuru Camp△,Laid-Back Camp,ゆるキャン△,Manga,22829,8.41,2015,https://cdn.myanimelist.net/images/manga/1/168083l.jpg
45,Amano Megumi wa Sukidarake!,,天野めぐみはスキだらけ！,Manga,22710,6.78,2015,https://cdn.myanimelist.net/images/manga/1/188835l.jpg
46,Kawaii Joushi wo Komarasetai,I want to annoy the pretty boss.,可愛い上司を困らせたい,Manga,22471,7.12,2015,https://cdn.myanimelist.net/images/manga/3/188965l.jpg
47,Koroshi Ai,Love of Kill,殺し愛,Manga,21887,7.54,2015,https://cdn.myanimelist.net/images/manga/2/192048l.jpg
48,Maou no Hajimekata the Comic,How to Build a Dungeon: Book of the Demon King,魔王の始め方 THE COMIC,Manga,21117,6.74,2015,https://cdn.myanimelist.net/images/manga/3/187041l.jpg
49,Satsuriku no Tenshi,Angels of Death,殺戮の天使,Manga,21002,7.67,2015,https://cdn.myanimelist.net/images/manga/1/172199l.jpg
50,Hataraku Saibou,Cells at Work!,はたらく細胞,Manga,20808,7.75,2015,https://cdn.myanimelist.net/images/manga/3/200497l.jpg
51,Honey Lemon Soda,Honey Lemon Soda,ハニーレモンソーダ,Manga,20740,7.7,2015,https://cdn.myanimelist.net/images/manga/1/179110l.jpg
52,Somali to Mori no Kamisama,Somali and the Forest Spirit,ソマリと森の神様,Manga,20389,7.72,2015,https://cdn.myanimelist.net/images/manga/1/171808l.jpg
53,Diamond no Ace Act II,Ace of the Diamond Act II,ダイヤのA〈エース〉 act II,Manga,20321,8.58,2015,https://cdn.myanimelist.net/images/manga/3/167576l.jpg
54,Koushaku Reijou no Tashinami,Accomplishments of the Duke's Daughter,公爵令嬢の嗜み,Manga,20268,7.7,2015,https://cdn.myanimelist.net/images/manga/1/183410l.jpg
55,Criminale!,,クリミナーレ！,Manga,19647,7.32,2015,https://cdn.myanimelist.net/images/manga/3/188830l.jpg
56,Shoujo Fujuubun,Imperfect Girl,少女不十分,Manga,19632,7.61,2015,https://cdn.myanimelist.net/images/manga/3/177186l.jpg
57,Rokudenashi Majutsu Koushi to Akashic Records,Akashic Records of Bastard Magical Instructor,ロクでなし魔術講師と禁忌教典〈アカシックレーコド〉,Manga,18576,7.35,2015,https://cdn.myanimelist.net/images/manga/1/167611l.jpg
58,Deatte 5-byou de Battle,Battle in 5 Seconds,出会って5秒でバトル,Manga,18563,7.23,2015,https://cdn.myanimelist.net/images/manga/2/185911l.jpg
59,Himekishi ga Classmate! The Comic,,姫騎士がクラスメート！ THE COMIC,Manga,18338,6.14,2015,https://cdn.myanimelist.net/images/manga/1/188903l.jpg
60,Isekai Tensei Soudouki,Multi-Mind Mayhem,異世界転生騒動記,Manga,18094,7.3,2015,https://cdn.myanimelist.net/images/manga/1/186481l.jpg
61,Niehime to Kemono no Ou,Sacrificial Princess and the King of Beasts,贄姫と獣の王,Manga,17929,7.99,2015,https://cdn.myanimelist.net/images/manga/2/269710l.jpg
62,Jackass!,Jackass!,ジャッカス！,Manga,17784,7.87,2015,https://cdn.myanimelist.net/images/manga/3/181602l.jpg
63,Bokura no Shokutaku,Our Dining Table,僕らの食卓,Manga,17582,8.21,2015,https://cdn.myanimelist.net/images/manga/1/196394l.jpg
64,Shingeki no Kyojin: Lost Girls,Attack on Titan: Lost Girls,進撃の巨人 LOST GIRLS,Manga,17568,7.64,2015,https://cdn.myanimelist.net/images/manga/1/177247l.jpg
65,Gantz:G,,GANTZ：G,Manga,16691,6.34,2015,https://cdn.myanimelist.net/images/manga/3/192968l.jpg
66,Honzuki no Gekokujou: Shisho ni Naru Tame ni wa Shudan wo Erandeiraremasen Dai 1-bu - Hon ga Nai nara Tsukureba Ii!,"Ascendance of a Bookworm: I'll Do Anything to Become a Librarian! Part 1 - If There Aren't Any Books, I'll Just Have to Make Some!",本好きの下剋上 ～司書になるためには手段を選んでいられません～ 第一部「本がないなら作ればいい！」,Manga,16627,7.83,2015,https://cdn.myanimelist.net/images/manga/2/171435l.jpg
67,"Isekai de ""Kuro no Iyashi Te"" tte Yobareteimasu",The Black Healer,異世界で『黒の癒し手』って呼ばれています,Manga,16574,6.87,2015,https://cdn.myanimelist.net/images/manga/3/186483l.jpg
68,Haru no Noroi,Haru's Curse,春の呪い,Manga,16392,7.57,2015,https://cdn.myanimelist.net/images/manga/2/189273l.jpg
69,Koiwazurai no Ellie,Lovesick Ellie,恋わずらいのエリー,Manga,16382,7.86,2015,https://cdn.myanimelist.net/images/manga/1/168117l.jpg
70,Infection,,インフェクション,Manga,16372,6.11,2015,https://cdn.myanimelist.net/images/manga/1/188897l.jpg
71,Smokin' Parade,Smokin' Parade,スモーキン’パレヱド,Manga,16014,7.06,2015,https://cdn.myanimelist.net/images/manga/2/174453l.jpg
72,Boku no Kanojo ga Majimesugiru Shojo Bitch na Ken,My girlfriend is faithful virgin bitch,僕の彼女がマジメ過ぎる処女ビッチな件,Manga,15945,6.43,2015,https://cdn.myanimelist.net/images/manga/1/188803l.jpg
73,Kanojo wa Rokurokubi,,彼女はろくろ首,Manga,15346,7.17,2015,https://cdn.myanimelist.net/images/manga/2/190959l.jpg
74,Yondaime Ooyamato Tatsuyuki,Fourth Generation Head: Tatsuyuki Oyamato,四代目・大和辰之,Manga,14953,7.7,2015,https://cdn.myanimelist.net/images/manga/2/275331l.jpg
75,Ane Naru Mono,Ane Naru Mono: The Elder-Sister Like One,姉なるもの,Doujinshi,14776,7.86,2015,https://cdn.myanimelist.net/images/manga/2/177909l.jpg
76,"Kouritsuchuu Madoushi, Daini no Jinsei de Madou wo Kiwameru",Master Magic Efficiently,効率厨魔導師、第二の人生で魔導を極める,Manga,14537,6.69,2015,https://cdn.myanimelist.net/images/manga/1/186472l.jpg
77,Short Cake Cake,Shortcake Cake,ショートケーキケーキ,Manga,14481,7.51,2015,https://cdn.myanimelist.net/images/manga/3/176987l.jpg
78,"Hachi-nan tte, Sore wa Nai deshou!",,八男って、それはないでしょう！,Manga,14421,6.6,2015,https://cdn.myanimelist.net/images/manga/3/167068l.jpg
79,Fruits Basket: Another,Fruits Basket: Another,フルーツバスケット another,Manga,14381,7.15,2015,https://cdn.myanimelist.net/images/manga/1/181877l.jpg
80,Charlotte,,Charlotte,Manga,14233,7.84,2015,https://cdn.myanimelist.net/images/manga/1/188823l.jpg
81,Queen's Quality,Queen's Quality,クイーンズ・クオリティ,Manga,14212,7.89,2015,https://cdn.myanimelist.net/images/manga/1/172099l.jpg
82,Sekai no Owari no Encore,,世界の終わりの世界録〈アンコール〉,Manga,14199,7.12,2015,https://cdn.myanimelist.net/images/manga/3/175306l.jpg
83,Re:Zero kara Hajimeru Isekai Seikatsu: Dai-3 Shou - Truth of Zero,"Re:ZERO -Starting Life in Another World-, Chapter 3: Truth of Zero",Re：ゼロから始める異世界生活 第三章 Truth of Zero,Manga,14163,8.18,2015,https://cdn.myanimelist.net/images/manga/3/188948l.jpg
84,Watashi no Shounen,My Boy,私の少年,Manga,14108,7.8,2015,https://cdn.myanimelist.net/images/manga/1/186835l.jpg
85,Asobi Asobase,Asobi Asobase,あそびあそばせ,Manga,14066,7.74,2015,https://cdn.myanimelist.net/images/manga/1/180830l.jpg
86,"Sayounara Ryuusei, Konnichiwa Jinsei","Goodbye, Dragon Life","さようなら竜生, こんにちは人生",Manga,13992,6.66,2015,https://cdn.myanimelist.net/images/manga/3/193539l.jpg
87,Shousetsu Akatsuki no Yona: Onaji Tsuki no Shita de,,小説・暁のヨナ 同じ月の下で,Light Novel,13843,8.37,2015,https://cdn.myanimelist.net/images/manga/2/153038l.jpg
88,Naruto Shinden Series,Naruto: Itachi's Story,NARUTO -ナルト- 真伝シリーズ,Light Novel,13764,8.36,2015,https://cdn.myanimelist.net/images/manga/2/190847l.jpg
89,Neon Sign Amber,,ネオンサイン・アンバー,Manga,13362,7.78,2015,https://cdn.myanimelist.net/images/manga/1/189001l.jpg
90,Kimi no Suizou wo Tabetai,I Want to Eat Your Pancreas,君の膵臓をたべたい,Novel,13280,8.68,2015,https://cdn.myanimelist.net/images/manga/2/248632l.jpg
91,Midara na Ao-chan wa Benkyou ga Dekinai,Ao-chan Can't Study!,淫らな青ちゃんは勉強ができない,Manga,13059,7.02,2015,https://cdn.myanimelist.net/images/manga/3/179091l.jpg
92,What Does the Fox Say?,What Does the Fox Say?,What Does The Fox Say?,Manhwa,12750,7.79,2015,https://cdn.myanimelist.net/images/manga/1/198540l.jpg
93,Escape Journey,Escape Journey,エスケープジャーニー,Manga,12409,7.73,2015,https://cdn.myanimelist.net/images/manga/2/165587l.jpg
94,Suijin no Hanayome,The Water Dragon's Bride,水神の生贄〈はなよめ〉,Manga,12218,7.66,2015,https://cdn.myanimelist.net/images/manga/2/167987l.jpg
95,"Gun-Ota ga Mahou Sekai ni Tensei shitara, Gendai Heiki de Guntai Harem wo Tsukucchaimashita!?",,軍オタが魔法世界に転生したら、現代兵器で軍隊ハーレムを作っちゃいました!?,Manga,12148,6.31,2015,https://cdn.myanimelist.net/images/manga/2/188791l.jpg
96,Sekirara ni Kiss,"A Kiss, For Real",セキララにキス,Manga,12123,7.12,2015,https://cdn.myanimelist.net/images/manga/1/165026l.jpg
97,Otome Game no Hametsu Flag shika Nai Akuyaku Reijou ni Tensei shiteshimatta...,My Next Life as a Villainess: All Routes Lead to Doom!,乙女ゲームの破滅フラグしかない悪役令嬢に転生してしまった…,Light Novel,11984,7.87,2015,https://cdn.myanimelist.net/images/manga/1/190469l.jpg
98,Gosu,Gosu,고수,Manhwa,11952,7.95,2015,https://cdn.myanimelist.net/images/manga/1/261692l.jpg
99,Jigoku no Enra,Enra in Hell,地獄のエンラ,Manga,11950,7.32,2015,https://cdn.myanimelist.net/images/manga/2/162750l.jpg
100,Fairy Tail Gaiden,,FAIRY TAIL外伝,Manga,11894,7.19,2015,https://cdn.myanimelist.net/images/manga/2/171669l.jpg
101,Fate/strange Fake,,Fate/strange Fake,Light Novel,11749,8.43,2015,https://cdn.myanimelist.net/images/manga/3/171596l.jpg
102,"Suki ni Naranai yo, Senpai","I won't ever like you, My senpai.",好きにならないよ、センパイ,Manga,11645,6.76,2015,https://cdn.myanimelist.net/images/manga/2/160767l.jpg
103,Pygmalion,,PYGMALION-ピグマリオン-,Manga,11516,6.18,2015,https://cdn.myanimelist.net/images/manga/3/175855l.jpg
104,Harem Manga no Shujinkou daga Gay nanode Mainichi ga Tsurai,,ハーレム漫画の主人公だが同性愛者〈ゲイ〉なので毎日がつらい,One-shot,11445,7.08,2015,https://cdn.myanimelist.net/images/manga/1/160228l.jpg
105,Imouto sae Ireba Ii.,A Sister's All You Need.,妹さえいればいい。,Light Novel,11222,8.01,2015,https://cdn.myanimelist.net/images/manga/2/270515l.jpg
106,Kakegurui Twin,Kakegurui Twin,賭ケグルイ双〈ツイン〉,Manga,11116,7.8,2015,https://cdn.myanimelist.net/images/manga/2/169926l.jpg
107,The Legendary Moonlight Sculptor,The Legendary Moonlight Sculptor,달빛조각사,Manhwa,10893,7.48,2015,https://cdn.myanimelist.net/images/manga/1/261859l.jpg
108,Chikyuu no Owari wa Koi no Hajimari,I'm in Love and It's the End of the World,地球のおわりは恋のはじまり,Manga,10849,7.16,2015,https://cdn.myanimelist.net/images/manga/3/175853l.jpg
108,Coffee & Vanilla,,コーヒー＆バニラ,Manga,10849,7.13,2015,https://cdn.myanimelist.net/images/manga/3/171393l.jpg
110,Kakushigoto,Kakushigoto: My Dad's Secret Ambition,かくしごと,Manga,10800,7.69,2015,https://cdn.myanimelist.net/images/manga/1/179093l.jpg
111,After Hours,After Hours,アフターアワーズ,Manga,10792,7.03,2015,https://cdn.myanimelist.net/images/manga/2/165028l.jpg
112,"Doukyonin wa Hiza, Tokidoki, Atama no Ue.",,同居人はひざ、時々、頭のうえ。,Manga,10693,7.98,2015,https://cdn.myanimelist.net/images/manga/2/179355l.jpg
113,Cheese in the Trap Season 4,,치즈인더트랩 시즌4,Manhwa,10594,8.21,2015,https://cdn.myanimelist.net/images/manga/2/204021l.jpg
114,Orange,,orange,Light Novel,10527,8.07,2015,https://cdn.myanimelist.net/images/manga/3/179402l.jpg
115,Spirit Migration,,スピリット・マイグレーション,Manga,10519,7.12,2015,https://cdn.myanimelist.net/images/manga/1/196182l.jpg
116,Fate/strange Fake,,Fate/strange Fake,Manga,10461,8.03,2015,https://cdn.myanimelist.net/images/manga/2/145617l.jpg
117,Osake wa Fuufu ni Natte kara,,お酒は夫婦になってから,Manga,10450,7.24,2015,https://cdn.myanimelist.net/images/manga/3/195485l.jpg
118,Super Secret,Super Secret,슈퍼 시크릿,Manhwa,10329,7.86,2015,https://cdn.myanimelist.net/images/manga/1/209393l.jpg
119,Boku no Hero Academia Smash!,My Hero Academia: Smash!!,僕のヒーローアカデミアすまっしゅ!!,Manga,10264,6.83,2015,https://cdn.myanimelist.net/images/manga/1/175313l.jpg
120,Akaiito no Shikkou Yuuyo,The Red String of Fate,赤い糸の執行猶予,Manga,10203,7.65,2015,https://cdn.myanimelist.net/images/manga/2/194052l.jpg
121,Spirit Fingers,Spirit Fingers,스피릿 핑거스,Manhwa,10163,8.47,2015,https://cdn.myanimelist.net/images/manga/2/206123l.jpg
122,Signal 100,,シグナル100,Manga,10073,6.38,2015,https://cdn.myanimelist.net/images/manga/3/184766l.jpg
123,Takane no Hana nara Ochitekoi!!,"Lofty Flower, Fall for Me!!",高嶺の花なら落ちてこい!!,Manga,10055,7.38,2015,https://cdn.myanimelist.net/images/manga/3/176337l.jpg
124,"Gozen 0-ji, Kiss shi ni Kite yo",Kiss Me at the Stroke of Midnight,午前0時、キスしに来てよ,Manga,9803,7.55,2015,https://cdn.myanimelist.net/images/manga/3/161176l.jpg
125,Fate/stay night: Heaven's Feel,,Fate/stay night [Heaven's Feel],Manga,9735,8.07,2015,https://cdn.myanimelist.net/images/manga/1/159383l.jpg
126,Witch of Mine,Witch of Mine,나의 마녀,Manhwa,9717,8.14,2015,https://cdn.myanimelist.net/images/manga/3/228265l.jpg
127,Isekai wa Smartphone to Tomo ni.,In Another World with My Smartphone,異世界はスマートフォンとともに。,Light Novel,9555,7.41,2015,https://cdn.myanimelist.net/images/manga/3/175220l.jpg
128,Color Recipe,,カラーレシピ,Manga,9546,7.42,2015,https://cdn.myanimelist.net/images/manga/1/210391l.jpg
129,Hai to Gensou no Grimgar,Grimgar of Fantasy and Ash,灰と幻想のグリムガル,Manga,9523,7.23,2015,https://cdn.myanimelist.net/images/manga/2/169852l.jpg
130,Boku ni Hana no Melancholy,,僕に花のメランコリー,Manga,9486,7.17,2015,https://cdn.myanimelist.net/images/manga/3/175323l.jpg
131,Ashitaba-san Chi no Mukogurashi,,明日葉さんちのムコ暮らし,Manga,9290,6.69,2015,https://cdn.myanimelist.net/images/manga/1/182361l.jpg
132,"Isekai Izakaya ""Nobu""",Otherworldly Izakaya Nobu,異世界居酒屋「のぶ」,Manga,9278,7.66,2015,https://cdn.myanimelist.net/images/manga/1/170880l.jpg
133,Okitegami Kyouko no Bibouroku,The Memorandum of Kyoko Okitegami,掟上今日子の備忘録,Manga,9197,7.52,2015,https://cdn.myanimelist.net/images/manga/1/167490l.jpg
134,Seirei Gensouki,Seirei Gensouki: Spirit Chronicles,精霊幻想記,Light Novel,9152,7.71,2015,https://cdn.myanimelist.net/images/manga/3/164868l.jpg
135,Hidamari ga Kikoeru: Koufukuron,I Hear the Sunspot: Theory of Happiness,ひだまりが聴こえる -幸福論-,Manga,9139,8.1,2015,https://cdn.myanimelist.net/images/manga/2/240672l.jpg
136,Zannen Onna Kanbu Black General-san,Precarious Woman Executive Miss Black General,残念女幹部ブラックジェネラルさん,Manga,9132,7.6,2015,https://cdn.myanimelist.net/images/manga/1/184654l.jpg
137,Legend,,レジェンド,Manga,9118,6.84,2015,https://cdn.myanimelist.net/images/manga/3/180328l.jpg
138,Back Street Girls,Back Street Girls,Back Street Girls ～ゴクドルズ～,Manga,9042,6.87,2015,https://cdn.myanimelist.net/images/manga/1/188817l.jpg
139,Good Night World,,グッド・ナイト・ワールド,Manga,9008,7.13,2015,https://cdn.myanimelist.net/images/manga/2/175852l.jpg
140,Radiation House,,ラジエーションハウス,Manga,8971,7.62,2015,https://cdn.myanimelist.net/images/manga/3/180240l.jpg
141,Kou-1 desu ga Isekai de Joushu Hajimemashita,"I'm a High Schooler, But I Became an Owner of a Castle in Another World",高1ですが異世界で城主はじめました,Manga,8867,6.69,2015,https://cdn.myanimelist.net/images/manga/2/168477l.jpg
142,Kakao 79%,Kakao 79%,カカオ79%,Manga,8816,7.39,2015,https://cdn.myanimelist.net/images/manga/3/207049l.jpg
143,"Tensei shichatta yo (Iya, Gomen)","Accidentally Summoned (Oops, sorry.)",転生しちゃったよ （いや、ごめん）,Manga,8786,6.63,2015,https://cdn.myanimelist.net/images/manga/1/186478l.jpg
144,Daughter of the Emperor,Daughter of the Emperor,황제의 외동딸,Manhwa,8484,6.85,2015,https://cdn.myanimelist.net/images/manga/2/222277l.jpg
145,Kimi wa Kawaii Onnanoko,My Sweet Girl,きみはかわいい女の子,Manga,8441,7.6,2015,https://cdn.myanimelist.net/images/manga/1/269039l.jpg
146,"Itadakimasu, Gochisousama","Bon Appetit, My Love",いただきます、ごちそうさま,Manga,8383,7.2,2015,https://cdn.myanimelist.net/images/manga/2/171701l.jpg
147,Bungou Stray Dogs Wan!,Bungo Stray Dogs: Wan!,文豪ストレイドッグス わん!,Manga,8368,8.28,2015,https://cdn.myanimelist.net/images/manga/2/184355l.jpg
148,"Tadaima, Okaeri",,ただいま、おかえり,Manga,8351,8.21,2015,https://cdn.myanimelist.net/images/manga/2/189551l.jpg
149,Monogatari Series: Off Season,,〈物語〉シリーズ オフシーズン,Light Novel,8308,8.57,2015,https://cdn.myanimelist.net/images/manga/2/181555l.jpg
150,Im,Im: The Great Priest Imhotep,Im～イム～,Manga,8021,7.56,2015,https://cdn.myanimelist.net/images/manga/2/160713l.jpg
151,Naruto Hiden Series,,NARUTO秘伝シリーズ,Light Novel,8014,7.75,2015,https://cdn.myanimelist.net/images/manga/1/175457l.jpg
152,Ani no Yome to Kurashiteimasu.,Living with My Brother's Wife,兄の嫁と暮らしています。,Manga,8009,7.71,2015,https://cdn.myanimelist.net/images/manga/1/181118l.jpg
153,Ueno-san wa Bukiyou,"How clumsy you are, Miss Ueno.",上野さんは不器用,Manga,7886,6.91,2015,https://cdn.myanimelist.net/images/manga/3/184589l.jpg
154,"Hoshi to Kuzu: Don't Worry, Be Happy!",,"ほしとくず-Don't worry,Be happy!-",Manga,7713,7.19,2015,https://cdn.myanimelist.net/images/manga/1/180422l.jpg
155,Yarichin☆Bitch-bu dj - Wa!,,輪っ!,Doujinshi,7628,7.19,2015,https://cdn.myanimelist.net/images/manga/2/174738l.jpg
156,"Kashikomarimashita, Destiny","Yes, My Destiny",かしこまりました、デスティニー,Manga,7531,7.92,2015,https://cdn.myanimelist.net/images/manga/2/190141l.jpg
157,Yuusha-tachi,Heroes,勇者たち,Manga,7519,6.82,2015,https://cdn.myanimelist.net/images/manga/3/215135l.jpg
158,World Teacher: Isekaishiki Kyouiku Agent,World Teacher: Special Agent in Another World,ワールド・ティーチャー 異世界式教育エージェント,Light Novel,7464,7.16,2015,https://cdn.myanimelist.net/images/manga/1/163365l.jpg
159,Mahou Shoujo Madoka★Magica: Majuu-hen,Puella Magi Madoka Magica: Wraith Arc,魔法少女まどか★マギカ [魔獣編],Manga,7452,7.88,2015,https://cdn.myanimelist.net/images/manga/4/260579l.jpg
160,Koi ni mo Naranai.,,こいにもならない。,Manga,7423,7.52,2015,https://cdn.myanimelist.net/images/manga/1/200929l.jpg
161,Ayakashi Ko,,あやかしこ,Manga,7422,7.79,2015,https://cdn.myanimelist.net/images/manga/3/169990l.jpg
162,Mahou Shoujo Tokushusen Asuka,Magical Girl Spec-Ops Asuka,魔法少女特殊戦あすか,Manga,7355,7.07,2015,https://cdn.myanimelist.net/images/manga/3/271849l.jpg
163,Odd Girl Out,Odd Girl Out,소녀의 세계,Manhwa,7286,7.98,2015,https://cdn.myanimelist.net/images/manga/2/222276l.jpg
164,Game: Suit no Sukima,Game: Between the Suits,GAME ～スーツの隙間～,Manga,7277,7.25,2015,https://cdn.myanimelist.net/images/manga/3/180431l.jpg
165,Re:Zero kara Hajimeru Isekai Seikatsu Ex,Re:ZERO -Starting Life in Another World- Ex,Re:ゼロから始める異世界生活Ex,Light Novel,7250,8.38,2015,https://cdn.myanimelist.net/images/manga/2/170079l.jpg
166,"Uchi no Ko no Tame naraba, Ore wa Moshikashitara Maou mo Taoseru kamo Shirenai.","If It's for My Daughter, I'd Even Defeat a Demon Lord",うちの娘の為ならば、俺はもしかしたら魔王も倒せるかもしれない。,Light Novel,7249,7.71,2015,https://cdn.myanimelist.net/images/manga/2/179864l.jpg
167,Quanzhi Gaoshou,The King's Avatar,全职高手,Manhua,7236,7.71,2015,https://cdn.myanimelist.net/images/manga/1/220436l.jpg
168,Marry Me!,Marry Me!,マリーミー！,Manga,7116,7.66,2015,https://cdn.myanimelist.net/images/manga/2/186497l.jpg
169,Val x Love,Val x Love,戦×恋（ヴァルラヴ）,Manga,6999,6.57,2015,https://cdn.myanimelist.net/images/manga/3/271920l.jpg
170,Kekkon shitemo Koishiteru,I'm in love with you forever,結婚しても恋してる,Manga,6947,7.4,2015,https://cdn.myanimelist.net/images/manga/3/173474l.jpg
171,Ashita wa Docchi da!,,明日はどっちだ！,Manga,6930,7.84,2015,https://cdn.myanimelist.net/images/manga/2/186033l.jpg
172,Toshishita no Otokonoko,,年下の男の子,Manga,6914,7.15,2015,https://cdn.myanimelist.net/images/manga/2/166587l.jpg
173,Unbalance x3,,언밸런스×3,Manhwa,6895,6.94,2015,https://cdn.myanimelist.net/images/manga/2/179122l.jpg
174,Ogeha,,オゲハ,Manga,6871,6.44,2015,https://cdn.myanimelist.net/images/manga/1/173379l.jpg
175,Ore no Himegutsu wo Haitekure,Put on my princess shoes.,俺の姫靴を履いてくれ,Manga,6838,6.79,2015,https://cdn.myanimelist.net/images/manga/3/277374l.jpg
176,Fureru to Kikoeru,"If I touch you, I can hear your inside words.",ふれるときこえる,Manga,6832,6.97,2015,https://cdn.myanimelist.net/images/manga/2/188785l.jpg
177,Eiyuu Kyoushitsu: Honoo no Empress,Class Room✿For Heroes: Empress of Flame,英雄教室─炎の女帝〈エンプレス〉─,Manga,6819,6.51,2015,https://cdn.myanimelist.net/images/manga/2/166832l.jpg
178,Ani Tomo,,兄友,Manga,6793,7.29,2015,https://cdn.myanimelist.net/images/manga/2/270288l.jpg
179,Kumika no Mikaku,The Many Flavors of Kumika,クミカのミカク,Manga,6767,7.66,2015,https://cdn.myanimelist.net/images/manga/1/182439l.jpg
180,Abarenbo Honey,,あばれんぼハニー,Manga,6760,7.22,2015,https://cdn.myanimelist.net/images/manga/1/183095l.jpg
181,Peach Boy Riverside,Peach Boy Riverside,ピーチボーイリバーサイド,Manga,6625,6.86,2015,https://cdn.myanimelist.net/images/manga/2/173055l.jpg
182,Kenja no Mago,,賢者の孫,Light Novel,6605,7.24,2015,https://cdn.myanimelist.net/images/manga/1/161912l.jpg
183,"Dragon Ball Z: Fukkatsu no ""F""",,ドラゴンボールZ 復活の「F」,Manga,6597,6.55,2015,https://cdn.myanimelist.net/images/manga/2/154240l.jpg
184,Corpse Party,,コープスパーティー,Manga,6523,6.92,2015,https://cdn.myanimelist.net/images/manga/2/166018l.jpg
185,Sesuji wo Pin! to: Shikakou Kyougi Dance-bu e Youkoso,Straighten Up! Welcome to Shika High's Competitive Dance Club,背すじをピン！と～鹿高競技ダンス部へようこそ～,Manga,6499,7.5,2015,https://cdn.myanimelist.net/images/manga/2/167380l.jpg
186,Hana to Hina wa Houkago,Hana & Hina After School,ハナとヒナは放課後,Manga,6422,7.6,2015,https://cdn.myanimelist.net/images/manga/2/174495l.jpg
187,Jinrou Game: Beast Side,,人狼ゲーム ビーストサイド,Manga,6334,6.72,2015,https://cdn.myanimelist.net/images/manga/1/195261l.jpg
188,Shinmai Shimai no Futari Gohan,,新米姉妹のふたりごはん,Manga,6319,7.57,2015,https://cdn.myanimelist.net/images/manga/1/169608l.jpg
189,Shokugeki no Souma: L'étoile,,食戟のソーマ L'etoile-エトワール-,Manga,6312,7.44,2015,https://cdn.myanimelist.net/images/manga/3/182528l.jpg
190,Tatoe Hai ni Nattemo,Though You May Burn to Ash,たとえ灰になっても,Manga,6288,7.11,2015,https://cdn.myanimelist.net/images/manga/3/181617l.jpg
191,Yumi's Cells,Yumi's Cells,유미의 세포들,Manhwa,6251,7.97,2015,https://cdn.myanimelist.net/images/manga/1/250618l.jpg
192,Gamers!,,ゲーマーズ!,Light Novel,6207,7.42,2015,https://cdn.myanimelist.net/images/manga/2/176451l.jpg
193,Ultimate Antihero,,アルティメット・アンチヒーロー,Manga,6093,6.34,2015,https://cdn.myanimelist.net/images/manga/1/178146l.jpg
194,Gokiburi Buster,,ゴキブリバスター,One-shot,6084,7.01,2015,https://cdn.myanimelist.net/images/manga/2/153083l.jpg
195,Kekkai Sensen: Back 2 Back,,血界戦線 Back 2 Back,Manga,5960,8.06,2015,https://cdn.myanimelist.net/images/manga/3/171019l.jpg
196,Oh! Holy,Oh! Holy,오!주예수여,Manhwa,5959,7.5,2015,https://cdn.myanimelist.net/images/manga/2/261816l.jpg
197,"No Game No Life, desu!","No Game No Life, Please!",ノーゲーム・ノーライフ、です！,Manga,5941,7.18,2015,https://cdn.myanimelist.net/images/manga/3/171257l.jpg
198,Blood Bank,Blood Bank,블러드 뱅크,Manhwa,5912,7.57,2015,https://cdn.myanimelist.net/images/manga/1/259371l.jpg
198,Caramel Honey,,からめるハニー,Manga,5912,7.05,2015,https://cdn.myanimelist.net/images/manga/2/203984l.jpg
200,Ex-Arm,,EX-ARM エクスアーム,Manga,5897,6.36,2015,https://cdn.myanimelist.net/images/manga/2/163539l.jpg
201,"Chikotan, Kowareru",,ちこたん、こわれる,Manga,5875,6.75,2015,https://cdn.myanimelist.net/images/manga/3/188828l.jpg
202,Aoba-kun ni Kikitai Koto,Aoba-kun's Confessions,青葉くんに聞きたいこと,Manga,5855,6.75,2015,https://cdn.myanimelist.net/images/manga/2/177744l.jpg
203,"Yamete kudasai, Mabushii desu.","Don't close, you are dazzling.",やめてください、まぶしいです。,Manga,5822,7.38,2015,https://cdn.myanimelist.net/images/manga/3/160702l.jpg
204,Orenchi no Maid-san,Maid-san in My House,俺んちのメイドさん,Manga,5760,7.36,2015,https://cdn.myanimelist.net/images/manga/1/190610l.jpg
205,Boruto: Naruto the Movie Tokubetsu Bangai-hen - Naruto ga Hokage ni Natta Hi,,BORUTO -NARUTO THE MOVIE- 特別番外編 ナルトが火影になった日,One-shot,5746,7.05,2015,https://cdn.myanimelist.net/images/manga/2/171855l.jpg
206,Kuroneko Kareshi no Afurekata,,クロネコ彼氏のあふれ方,Manga,5732,7.82,2015,https://cdn.myanimelist.net/images/manga/3/166745l.jpg
207,Dance Dance Danseur,,ダンス・ダンス・ダンスール,Manga,5728,7.68,2015,https://cdn.myanimelist.net/images/manga/2/190277l.jpg
208,Zankyou,,残響,Manga,5716,6.84,2015,https://cdn.myanimelist.net/images/manga/3/164688l.jpg
209,Kengan Ashura 0,,ケンガンアシュラ0,Manga,5707,7.19,2015,https://cdn.myanimelist.net/images/manga/3/225037l.jpg
210,Imawa no Michi no Alice,Alice on Border Road,今際の路のアリス,Manga,5706,6.66,2015,https://cdn.myanimelist.net/images/manga/2/173026l.jpg
211,Boruto: Naruto the Movie,,BORUTO -NARUTO THE MOVIE-,Light Novel,5633,7.46,2015,https://cdn.myanimelist.net/images/manga/1/164766l.jpg
212,Ouji ga Watashi wo Akiramenai!,The Prince's Romance Gambit,王子が私をあきらめない!,Manga,5628,7.22,2015,https://cdn.myanimelist.net/images/manga/1/192530l.jpg
213,Gaikotsu Shotenin Honda-san,Skull-face Bookseller Honda-san,ガイコツ書店員本田さん,Manga,5622,7.01,2015,https://cdn.myanimelist.net/images/manga/1/191311l.jpg
214,Houkago Edge,After School Edge,放課後エッジ,Manga,5597,6.93,2015,https://cdn.myanimelist.net/images/manga/3/171809l.jpg
215,Hyakunichikan!!,,ひゃくにちかん!!,Manga,5583,7.64,2015,https://cdn.myanimelist.net/images/manga/1/179271l.jpg
216,Emperor to Issho,The Emperor and I,エンペラーといっしょ,Manga,5576,7.38,2015,https://cdn.myanimelist.net/images/manga/2/179830l.jpg
217,Soushi Souai,Mutual Love,そうしそうあい,Manga,5529,6.89,2015,https://cdn.myanimelist.net/images/manga/2/189400l.jpg
218,Kurui Naku no wa Boku no Ban,Wails of the Bound,狂い鳴くのは僕の番,Manga,5507,7.35,2015,https://cdn.myanimelist.net/images/manga/3/192063l.jpg
219,Levius/est,Levius/est,Levius/est,Manga,5449,7.56,2015,https://cdn.myanimelist.net/images/manga/3/170654l.jpg
220,Hensoku-kei Quadrangle,Anomaly System Quadrangle,変則系クアドラングル,Manga,5428,6.81,2015,https://cdn.myanimelist.net/images/manga/1/165854l.jpg
221,Yuri na Watashi to Akuma na Kanojo(?),,百合な私と悪魔な彼女(?),Manga,5376,6.15,2015,https://cdn.myanimelist.net/images/manga/1/166915l.jpg
222,Beelzebub-jou no Okinimesu mama.,As Miss Beelzebub Likes,ベルゼブブ嬢のお気に召すまま。,Manga,5370,7.62,2015,https://cdn.myanimelist.net/images/manga/1/173943l.jpg
223,Unlucky Boy Undead Girl,,アンラッキーボーイ アンデッドガール,One-shot,5305,7.2,2015,https://cdn.myanimelist.net/images/manga/3/151937l.jpg
224,Shiri Fechi nanka ni Sukarete Tamaru ka,Your Butt Fetish Is a Pain in My Ass,尻フェチなんかに好かれてたまるか,Manga,5274,6.77,2015,https://cdn.myanimelist.net/images/manga/2/192467l.jpg
225,Nogi Wakaba wa Yuusha de Aru,,乃木若葉は勇者である,Light Novel,5227,8.17,2015,https://cdn.myanimelist.net/images/manga/1/194780l.jpg
226,"Gaikotsu Kishi-sama, Tadaima Isekai e Odekakechuu",Skeleton Knight in Another World,骸骨騎士様、只今異世界へお出掛け中,Light Novel,5208,7.25,2015,https://cdn.myanimelist.net/images/manga/3/174965l.jpg
227,Plastic Memories: Say to Good-bye,,プラスティック・メモリーズ Say to good-bye,Manga,5188,7.83,2015,https://cdn.myanimelist.net/images/manga/1/157957l.jpg
228,"Kocchi Muite, Ai",,こっちむいて、愛,Manga,5185,7.38,2015,https://cdn.myanimelist.net/images/manga/2/174080l.jpg
229,Fate/stay night: Garden of Avalon,,Fate/stay night Garden of Avalon,Light Novel,5150,8.16,2015,https://cdn.myanimelist.net/images/manga/1/298135l.jpg
230,Gesshoku Kitan,Total Eclipse of the Eternal Heart,月食奇譚,Manga,5145,7.16,2015,https://cdn.myanimelist.net/images/manga/2/200625l.jpg
231,Koneko Hiroimashita,,子猫拾いました,Manga,5140,7.38,2015,https://cdn.myanimelist.net/images/manga/3/175453l.jpg
232,Jiken-Jaken!,,じけんじゃけん！,Manga,5075,6.71,2015,https://cdn.myanimelist.net/images/manga/2/191674l.jpg
233,Kuma Kuma Kuma Bear,Kuma Kuma Kuma Bear,くま クマ 熊 ベアー,Light Novel,5055,7.7,2015,https://cdn.myanimelist.net/images/manga/1/251371l.jpg
234,Kenka Banchou Otome: Koi no Battle Royal,Kenka Bancho Otome: Love's Battle Royale,喧嘩番長 乙女～恋のバトルロワイヤル～,Manga,5017,7.22,2015,https://cdn.myanimelist.net/images/manga/2/190412l.jpg
235,Chihou Kishi Hans no Junan,The Ordeals of Regional Knight Hans,地方騎士ハンスの受難,Manga,4978,6.91,2015,https://cdn.myanimelist.net/images/manga/3/188827l.jpg
236,"2DK, G Pen, Mezamashidokei.","2DK, Gpen, Alarm clock.",2DK、Gペン、目覚まし時計。,Manga,4944,7.29,2015,https://cdn.myanimelist.net/images/manga/2/158983l.jpg
237,Sweet Heart Trigger,,スイートハート・トリガー,Manga,4920,6.88,2015,https://cdn.myanimelist.net/images/manga/3/186556l.jpg
238,Samon-kun wa Summoner,Samon the Summoner,左門くんはサモナー,Manga,4918,7.13,2015,https://cdn.myanimelist.net/images/manga/2/171382l.jpg
239,Rouge,,ROUGE,Manga,4895,7.49,2015,https://cdn.myanimelist.net/images/manga/1/180660l.jpg
240,Hang Out Crisis,,ハングアウトクライシス,Manga,4889,7.17,2015,https://cdn.myanimelist.net/images/manga/2/180657l.jpg
241,Hanakoi Tsurane,,花恋つらね,Manga,4844,7.83,2015,https://cdn.myanimelist.net/images/manga/3/179134l.jpg
242,Baccano!,Baccano!,BACCANO!,Manga,4781,7.48,2015,https://cdn.myanimelist.net/images/manga/1/172600l.jpg
243,Nude Model: Yamaguchi Tsubasa Tanpenshuu,Nude Model and Other Stories,山口つばさ短編集 ヌードモデル,Manga,4774,7.04,2015,https://cdn.myanimelist.net/images/manga/2/274556l.jpg
244,Misoshiru de Kanpai!,,味噌汁でカンパイ!,Manga,4705,7.37,2015,https://cdn.myanimelist.net/images/manga/3/190094l.jpg
245,Rengoku Dead Role,,煉獄デッドロール,Manga,4703,6.85,2015,https://cdn.myanimelist.net/images/manga/2/178626l.jpg
246,Tokyo Alien Brothers,Tokyo Alien Bros.,トーキョーエイリアンブラザーズ,Manga,4699,7.54,2015,https://cdn.myanimelist.net/images/manga/2/175315l.jpg
247,Hadakeru Kaibutsu,,はだける怪物,Manga,4665,7.75,2015,https://cdn.myanimelist.net/images/manga/1/204365l.jpg
248,Ikenie Touhyou,,生贄投票,Manga,4644,5.77,2015,https://cdn.myanimelist.net/images/manga/2/190058l.jpg
249,Kono Subarashii Sekai ni Shukufuku wo! Spin-off: Kono Kamen no Akuma ni Soudan wo!,,この素晴らしい世界に祝福を！スピンオフ この仮面の悪魔に相談を！,Light Novel,4623,7.99,2015,https://cdn.myanimelist.net/images/manga/1/175150l.jpg
250,"Wakabaryou de, Kimi to",,若葉寮で、君と,Manga,4574,7.29,2015,https://cdn.myanimelist.net/images/manga/1/161100l.jpg
251,"Atashi, Kiss shita.",I kissed you just now.,あたし、キスした。,Manga,4566,7.04,2015,https://cdn.myanimelist.net/images/manga/2/171402l.jpg
252,"Kowagaranaide, Soba ni Ite",,こわがらないで、そばにいて,Manga,4555,7.77,2015,https://cdn.myanimelist.net/images/manga/3/186908l.jpg
253,Kudan no Gotoshi,,クダンノゴトシ,Manga,4493,5.57,2015,https://cdn.myanimelist.net/images/manga/2/168681l.jpg
254,Mahouka Koukou no Rettousei: Raihousha-hen,,魔法科高校の劣等生 来訪者編,Manga,4491,7.65,2015,https://cdn.myanimelist.net/images/manga/2/180909l.jpg
255,Renjou Desperado,Renjoh Desperado,恋情デスペラード,Manga,4468,7.0,2015,https://cdn.myanimelist.net/images/manga/1/196096l.jpg
256,Biao Ren,Blades of the Guardians,镖人,Manhua,4462,7.71,2015,https://cdn.myanimelist.net/images/manga/2/225139l.jpg
257,Mods,Mods,MODS,Manga,4446,7.45,2015,https://cdn.myanimelist.net/images/manga/1/182646l.jpg
258,Jigokuren: Death Life,Love in Hell: Death Life,地獄恋 DEATH LIFE,Manga,4436,6.52,2015,https://cdn.myanimelist.net/images/manga/3/188892l.jpg
259,Watashi no Fushidara,,わたしのふしだら,Manga,4414,6.04,2015,https://cdn.myanimelist.net/images/manga/2/195205l.jpg
260,Splatoon,Splatoon,Splatoon,Manga,4411,6.59,2015,https://cdn.myanimelist.net/images/manga/2/181437l.jpg
261,Kitto Kiss wo Suru Toki,,きっとキスをするとき,Manga,4409,7.26,2015,https://cdn.myanimelist.net/images/manga/2/189902l.jpg
262,Gilgamesh,,애늙은이,Manhwa,4368,7.86,2015,https://cdn.myanimelist.net/images/manga/3/226439l.jpg
263,Hana to Junketsu,The Vampire and the Virgin Rose,花と純潔,Manga,4355,7.4,2015,https://cdn.myanimelist.net/images/manga/3/181260l.jpg
264,Fudanshi Koukou Seikatsu,The High School Life of a Fudanshi,腐男子高校生活,Manga,4336,7.17,2015,https://cdn.myanimelist.net/images/manga/2/166484l.jpg
265,Kaimetsuou to 12-nin no Hoshi no Miko,The Vanisher King and His 12 Starlight Maidens,怪滅王と12人の星の巫女,Manga,4295,6.86,2015,https://cdn.myanimelist.net/images/manga/3/188978l.jpg
266,Imouto sae Ireba Ii. @comic,,妹さえいればいい。@comic,Manga,4283,6.92,2015,https://cdn.myanimelist.net/images/manga/3/181158l.jpg
267,Tsuki ga Kirei desu ne,,月が綺麗ですね,Manga,4256,7.52,2015,https://cdn.myanimelist.net/images/manga/2/175958l.jpg
268,Mononoke◇Sharing,Mononoke Sharing,もののけ◇しぇありんぐ,Manga,4244,6.89,2015,https://cdn.myanimelist.net/images/manga/1/165503l.jpg
269,Taki Anna no Honshou wa S nano ka M nano ka Ore dake ga Shitteiru.,"Nature of Anna Taki is S or M either of whether, it is only I know.",瀧晏名の本性はSなのかMなのか俺だけが知っている。,Manga,4213,6.29,2015,https://cdn.myanimelist.net/images/manga/3/180452l.jpg
270,Sangatsu wa Oresama ni Narimasu,,三月は俺様になります,Manga,4205,6.77,2015,https://cdn.myanimelist.net/images/manga/1/169984l.jpg
271,Inma no Mikata!,Succubi Ally!,淫魔のミカタ!,Manga,4183,7.72,2015,https://cdn.myanimelist.net/images/manga/1/215143l.jpg
272,Wizdoms no Kemono-tachi,The Wize Wize Beasts of the Wizarding Wizdoms,ウィズダムズのけものたち,Manga,4168,7.4,2015,https://cdn.myanimelist.net/images/manga/3/225449l.jpg
273,Chuuko demo Koi ga Shitai!,,中古でも恋がしたい!,Light Novel,4154,7.17,2015,https://cdn.myanimelist.net/images/manga/1/329607l.jpg
274,Nanashi no Asterism,Nameless Asterism,ななしのアステリズム,Manga,4098,6.86,2015,https://cdn.myanimelist.net/images/manga/3/175568l.jpg
275,Black Kanojo,,ブラック彼女,Manga,4092,5.81,2015,https://cdn.myanimelist.net/images/manga/2/188808l.jpg
276,Koi wa Hito no Hoka,,恋は人の外,Manga,4059,6.6,2015,https://cdn.myanimelist.net/images/manga/3/270291l.jpg
277,B Group no Shounen X,"The Boy Who belongs to Group ""B"" Cross",Bグループの少年X〈クロス〉,Manga,4056,6.14,2015,https://cdn.myanimelist.net/images/manga/1/186474l.jpg
278,Tiny Evil,,Tiny Evil,Doujinshi,4043,7.44,2015,https://cdn.myanimelist.net/images/manga/1/202071l.jpg
279,Bakuman. Bangai-hen,,バクマン。 番外編,Manga,4037,7.4,2015,https://cdn.myanimelist.net/images/manga/2/164254l.jpg
280,Abigaile no Kemono-tachi,Beasts of Abigaile,薔薇監獄〈アビゲイル〉の獣たち,Manga,3999,7.54,2015,https://cdn.myanimelist.net/images/manga/3/179212l.jpg
281,Konyakusei,,婚約生,Manga,3995,7.41,2015,https://cdn.myanimelist.net/images/manga/2/166585l.jpg
282,U12,Under Twelve,U12,Manga,3985,4.75,2015,https://cdn.myanimelist.net/images/manga/3/163667l.jpg
283,Reiri,,レイリ,Manga,3980,7.57,2015,https://cdn.myanimelist.net/images/manga/3/185926l.jpg
284,Shigatsu wa Kimi no Uso: Coda,,四月は君の嘘 Coda,Manga,3936,7.68,2015,https://cdn.myanimelist.net/images/manga/2/182483l.jpg
285,10th: You and I fell in love with the same person.,,10th You and I fell in love with the same person.,Manga,3935,7.14,2015,https://cdn.myanimelist.net/images/manga/2/232876l.jpg
286,Seirou Opera,,青楼オペラ,Manga,3913,7.52,2015,https://cdn.myanimelist.net/images/manga/2/166673l.jpg
287,Hana to Shinobi,A Springtime with Ninjas,花と忍び,Manga,3884,6.62,2015,https://cdn.myanimelist.net/images/manga/2/192272l.jpg
288,Masou Gakuen HxH,Hybrid x Heart Magias Academy Ataraxia,魔装学園H×H〈ハイブリットハート〉,Manga,3874,6.68,2015,https://cdn.myanimelist.net/images/manga/3/179498l.jpg
289,Kotarou wa Hitorigurashi,,コタローは1人暮らし,Manga,3838,7.87,2015,https://cdn.myanimelist.net/images/manga/2/215292l.jpg
290,Isekai no Shikisai,H.P. Lovecraft's the Colour Out of Space,異世界の色彩 ラヴクラフト傑作集,Manga,3832,7.29,2015,https://cdn.myanimelist.net/images/manga/1/189234l.jpg
291,I Am a Hero in Osaka,,アイアムアヒーロー in OSAKA,Manga,3809,6.4,2015,https://cdn.myanimelist.net/images/manga/1/172730l.jpg
291,Romantic Joutou,,ロマンティック上等,Manga,3809,6.67,2015,https://cdn.myanimelist.net/images/manga/1/171332l.jpg
293,Classi9,,Classi9,Manga,3801,7.64,2015,https://cdn.myanimelist.net/images/manga/2/165910l.jpg
294,Owari no Seraph: Kyuuketsuki Mikaela no Monogatari,,終わりのセラフ 吸血鬼ミカエラの物語,Light Novel,3718,7.86,2015,https://cdn.myanimelist.net/images/manga/1/168724l.jpg
295,Fuku wo Kiru nara Konna Fuu ni,Do it this way if you wear the clothes.,服を着るならこんなふうに,Manga,3715,6.99,2015,https://cdn.myanimelist.net/images/manga/1/193712l.jpg
296,Kageki Shoujo!!,Kageki Shojo!!,かげきしょうじょ!!,Manga,3699,7.87,2015,https://cdn.myanimelist.net/images/manga/2/167045l.jpg
297,Torokase Orgasm,,とろかせおるがずむ,Manga,3695,7.54,2015,https://cdn.myanimelist.net/images/manga/3/241626l.jpg
298,Dousoukai,,同窓会,One-shot,3643,7.4,2015,https://cdn.myanimelist.net/images/manga/3/178382l.jpg
299,Pornographer,,ポルノグラファー,Manga,3627,7.16,2015,https://cdn.myanimelist.net/images/manga/3/179117l.jpg
300,Koushaku Reijou no Tashinami,Accomplishments of the Duke's Daughter,公爵令嬢の嗜み,Light Novel,3623,7.76,2015,https://cdn.myanimelist.net/images/manga/3/167558l.jpg
301,Pendulum: Juujin Omegaverse,Pendulum: The Beastmen Omegaverse Saga,ペンデュラム―獣人オメガバース―,Manga,3605,7.19,2015,https://cdn.myanimelist.net/images/manga/2/196398l.jpg
302,Kuro-senpai to Kuroyashiki no Yami ni Mayowanai,,黒先輩と黒屋敷の闇に迷わない,Manga,3600,6.11,2015,https://cdn.myanimelist.net/images/manga/1/186465l.jpg
303,Nanai Sanami ga Kirattekurenai,,奈々伊さなみが嫌ってくれない,One-shot,3599,6.37,2015,https://cdn.myanimelist.net/images/manga/2/167082l.jpg
304,Gal to Otaku wa Wakariaenai.,Gal and Otaku Can't Understand Each Other,ギャルとオタクはわかりあえない。,Manga,3589,6.6,2015,https://cdn.myanimelist.net/images/manga/1/194964l.jpg
305,Harukana Receive,Harukana Receive,はるかなレシーブ,Manga,3576,6.72,2015,https://cdn.myanimelist.net/images/manga/2/190034l.jpg
306,Kagamigami,Kagamigami,カガミガミ,Manga,3568,6.6,2015,https://cdn.myanimelist.net/images/manga/1/256311l.jpg
307,Yuusha-sama ni Ikinari Kyuukon sareta no desu ga,,勇者様にいきなり求婚されたのですが,Manga,3537,6.38,2015,https://cdn.myanimelist.net/images/manga/3/186480l.jpg
308,S Watari-san to M Mura-kun,,S渡さんとM村くん,Manga,3533,6.07,2015,https://cdn.myanimelist.net/images/manga/1/173576l.jpg
309,Monster Musume no Iru Nichijou 4-koma Anthology,Monster Musume: I ♥ Monster Girls,モンスター娘のいる日常 4コマアンソロジー,Manga,3512,7.4,2015,https://cdn.myanimelist.net/images/manga/2/170085l.jpg
310,Bakemono no Ko,The Boy and The Beast,バケモノの子,Manga,3455,7.57,2015,https://cdn.myanimelist.net/images/manga/3/186224l.jpg
311,Adam to Eve,Adam and Eve,アダムとイブ,Manga,3453,6.31,2015,https://cdn.myanimelist.net/images/manga/1/178501l.jpg
312,7th,Seventh,セブンス,Light Novel,3341,7.72,2015,https://cdn.myanimelist.net/images/manga/3/169375l.jpg
313,Sabita Yoru demo Koi wa Sasayaku dj - Azami,,薊,Doujinshi,3295,7.46,2015,https://cdn.myanimelist.net/images/manga/3/174032l.jpg
314,Kurohyou to 16-sai,Black Panther and Sweet 16,黒豹と16歳,Manga,3277,6.71,2015,https://cdn.myanimelist.net/images/manga/3/194824l.jpg
315,Majitora!,Magical Trans!,まじとら！,Manga,3268,6.82,2015,https://cdn.myanimelist.net/images/manga/1/217932l.jpg
316,Ghost Heights Kanri Kumiai,,ゴーストハイツ管理組合,One-shot,3267,6.08,2015,https://cdn.myanimelist.net/images/manga/2/158827l.jpg
317,Akita Imokko! Ebina-chan,,秋田妹！えびなちゃん,Manga,3252,7.04,2015,https://cdn.myanimelist.net/images/manga/2/187219l.jpg
318,Yu☆Gi☆Oh! Arc-V,Yu-Gi-Oh! Arc-V,遊☆戯☆王ARC-V,Manga,3248,6.87,2015,https://cdn.myanimelist.net/images/manga/3/176014l.jpg
319,5 Seconds,,5Seconds,Manga,3247,6.53,2015,https://cdn.myanimelist.net/images/manga/3/200546l.jpg
320,Oita ga Sugiruwa Koneko-chan,,おいたが過ぎるわ子猫ちゃん,Manga,3242,7.2,2015,https://cdn.myanimelist.net/images/manga/2/185096l.jpg
321,"Kedamonozakari, Koizakari",,けだものざかり、恋ざかり,Manga,3232,6.91,2015,https://cdn.myanimelist.net/images/manga/1/166607l.jpg
321,Tensei shitara Dragon no Tamago datta: Saikyou Igai Mezasanee,Reincarnated as a Dragon Hatchling,転生したらドラゴンの卵だった～最強以外目指さねぇ～,Light Novel,3232,7.23,2015,https://cdn.myanimelist.net/images/manga/1/181128l.jpg
323,Iyayoiyayo mo Kiss no Uchi,,いやよいやよもキスのうち,Manga,3226,7.1,2015,https://cdn.myanimelist.net/images/manga/3/180807l.jpg
324,Dungeon Seeker,,ダンジョンシーカー,Light Novel,3221,7.14,2015,https://cdn.myanimelist.net/images/manga/2/186695l.jpg
325,Yukidoke no Koi,,雪解けの恋,Manga,3202,7.68,2015,https://cdn.myanimelist.net/images/manga/1/190481l.jpg
326,Futsuu no Koiko-chan,What an average way Koiko goes!,ふつうの恋子ちゃん,Manga,3190,7.18,2015,https://cdn.myanimelist.net/images/manga/2/179262l.jpg
327,Sword Art Online Alternative: Gun Gale Online,Sword Art Online Alternative: Gun Gale Online,ソードアート・オンライン オルタナティブ ガンゲイル・オンライン,Manga,3175,7.21,2015,https://cdn.myanimelist.net/images/manga/2/184352l.jpg
328,Biohazard: Heavenly Island,,バイオハザード ～ヘヴンリーアイランド～,Manga,3167,6.54,2015,https://cdn.myanimelist.net/images/manga/1/164464l.jpg
329,"Senpai, Sore Hitokuchi Kudasai!",,先輩、ソレひとくちください！,Manga,3124,6.51,2015,https://cdn.myanimelist.net/images/manga/2/188939l.jpg
330,Kore wa Koi ni Fukumaremasu ka,,これは恋に含まれますか,Manga,3123,7.22,2015,https://cdn.myanimelist.net/images/manga/1/180732l.jpg
331,Charai Hayama ni Kyun to Kita,,チャラい羽山にきゅんときた,Manga,3111,6.7,2015,https://cdn.myanimelist.net/images/manga/3/174283l.jpg
331,Oounabara to Wadanohara,Wadanohara and the Great Blue Sea,大海原と大海原,Manga,3111,7.25,2015,https://cdn.myanimelist.net/images/manga/2/170675l.jpg
333,Zettai naru Isolator,The Isolator,絶対ナル孤独者≪アイソレータ≫,Manga,3103,6.86,2015,https://cdn.myanimelist.net/images/manga/2/302210l.jpg
334,Air Gear - Trick:358,,エア・ギア TRICK：358,One-shot,3101,7.34,2015,https://cdn.myanimelist.net/images/manga/2/170169l.jpg
335,Okujou no Yurirei-san Side A: Mou Hitotsu no Yuritopia,Kindred Spirits on the Roof,屋上の百合霊さんSIDE A もうひとつのユリトピア,Manga,3099,6.96,2015,https://cdn.myanimelist.net/images/manga/3/156112l.jpg
336,Ookami Papa wa Hitsujizura shite Yattekuru,Dirty Daddy Wolf in Sheep's Clothing,狼パパは羊ヅラしてやってくる,Manga,3092,7.34,2015,https://cdn.myanimelist.net/images/manga/1/208209l.jpg
337,Crack Star,,クラックスター,Manga,3087,6.84,2015,https://cdn.myanimelist.net/images/manga/2/194624l.jpg
338,Getsuyoubi kara Kataomoi,Sweet butterfly,月曜日から片想い,Manga,3077,6.4,2015,https://cdn.myanimelist.net/images/manga/2/166773l.jpg
338,Tokimeichatte Gomen ne?,,ときめいちゃってゴメンね?,Manga,3077,6.93,2015,https://cdn.myanimelist.net/images/manga/1/168274l.jpg
340,Last Embryo,,ラストエンブリオ,Light Novel,3071,7.74,2015,https://cdn.myanimelist.net/images/manga/1/157180l.jpg
341,Kabe ni Mary.com,,壁にメリー.com,Manga,3046,6.25,2015,https://cdn.myanimelist.net/images/manga/3/175571l.jpg
342,Mangaka to Yakuza,The Artist and the Beast,漫画家とヤクザ,Manga,3042,6.94,2015,https://cdn.myanimelist.net/images/manga/1/204236l.jpg
343,Gift±,,ギフト±,Manga,3028,7.12,2015,https://cdn.myanimelist.net/images/manga/3/161383l.jpg
344,Ryuuou no Oshigoto!,The Ryuo's Work is Never Done!,りゅうおうのおしごと！,Light Novel,3020,7.63,2015,https://cdn.myanimelist.net/images/manga/3/201836l.jpg
345,Anime Prison School wo Tsukutta Otoko-tachi,,アニメ監獄学園を創った男たち,Manga,3012,7.16,2015,https://cdn.myanimelist.net/images/manga/2/173981l.jpg
346,Koro-sensei Q!,,殺せんせーQ!,Manga,3009,7.09,2015,https://cdn.myanimelist.net/images/manga/1/186156l.jpg
347,Kyuuketsuki Sugu Shinu,The Vampire Dies in No Time,吸血鬼すぐ死ぬ,Manga,3004,7.34,2015,https://cdn.myanimelist.net/images/manga/3/219690l.jpg
348,Kurayami Dance,Dance in the Dark,暗闇ダンス,Manga,2993,7.58,2015,https://cdn.myanimelist.net/images/manga/2/172510l.jpg
349,Tomodachi wo Tsukurou.,,ともだちをつくろう。,Manga,2965,7.28,2015,https://cdn.myanimelist.net/images/manga/2/202121l.jpg
350,Black-Box,,BLACK-BOX,Manga,2955,6.9,2015,https://cdn.myanimelist.net/images/manga/3/171756l.jpg
351,Void,Void,VOID,Manga,2949,7.24,2015,https://cdn.myanimelist.net/images/manga/3/178729l.jpg
352,Tales of Zestiria: Michibiki no Toki,Tales of Zestiria,テイルズ オブ ゼスティリア 導きの刻,Manga,2925,7.55,2015,https://cdn.myanimelist.net/images/manga/2/160092l.jpg
352,Zettai Zetsubou Shoujo: Danganronpa Another Episode,,絶対絶望少女 ダンガンロンパ Another Episode,Manga,2925,7.16,2015,https://cdn.myanimelist.net/images/manga/2/167044l.jpg
354,Nekogahara,Nekogahara: Stray Cat Samurai,猫ヶ原,Manga,2919,6.52,2015,https://cdn.myanimelist.net/images/manga/2/175772l.jpg
355,Koi no Choujikuuhou,Super Dimensional Love Gun,恋の超時空砲,Manga,2908,6.88,2015,https://cdn.myanimelist.net/images/manga/2/199116l.jpg
356,Oujisama ni wa Doku ga Aru.,The Prince's Black Poison,王子様には毒がある。,Manga,2902,6.99,2015,https://cdn.myanimelist.net/images/manga/2/163932l.jpg
357,Chao Hua Xi Shi,Flower Time,朝花惜时,Manhua,2899,7.39,2015,https://cdn.myanimelist.net/images/manga/1/206367l.jpg
358,1/2 Cigarette,,1/2シガレット,Manga,2865,6.96,2015,https://cdn.myanimelist.net/images/manga/1/190478l.jpg
359,Xi Xing Ji,,西行纪,Manhua,2858,7.55,2015,https://cdn.myanimelist.net/images/manga/3/199761l.jpg
360,Naraku no Adu,,ナラクノアドゥ,Manga,2843,6.91,2015,https://cdn.myanimelist.net/images/manga/1/177769l.jpg
361,Happy Life Hajimaru,Happy life will begin.,ハピラハジマル,Manga,2841,6.9,2015,https://cdn.myanimelist.net/images/manga/2/175969l.jpg
362,Major 2nd,,MAJOR 2nd,Manga,2800,7.47,2015,https://cdn.myanimelist.net/images/manga/2/157412l.jpg
363,Ousama Game: Rinjou,,王様ゲーム 臨場,Manga,2798,6.36,2015,https://cdn.myanimelist.net/images/manga/3/159498l.jpg
364,Hazureta Minna no Atama no Neji,,外れたみんなの頭のネジ,Manga,2797,6.35,2015,https://cdn.myanimelist.net/images/manga/2/203441l.jpg
365,Hotarubi no Tomoru Koro ni,,蛍火の灯る頃に,Manga,2788,6.5,2015,https://cdn.myanimelist.net/images/manga/2/183788l.jpg
366,Fushidara na Hanatsumi Otoko,,ふしだらな花摘み男,Manga,2776,7.26,2015,https://cdn.myanimelist.net/images/manga/2/208269l.jpg
367,Valkyrie Drive: Mermaid,,VALKYRIE DRIVE -MERMAID-,Manga,2768,6.56,2015,https://cdn.myanimelist.net/images/manga/2/173954l.jpg
368,Ubau Mono Ubawareru Mono,Bereave or Bereaved,奪う者 奪われる者,Light Novel,2752,7.27,2015,https://cdn.myanimelist.net/images/manga/1/167732l.jpg
369,Kuroko no Basket: Replace Plus,,黒子のバスケ Replace PLUS,Manga,2722,7.56,2015,https://cdn.myanimelist.net/images/manga/1/157861l.jpg
370,Kokoro ga Sakebitagatterunda.,,心が叫びたがってるんだ。,Manga,2707,7.42,2015,https://cdn.myanimelist.net/images/manga/1/163995l.jpg
371,Wakeari Kiss.,,ワケありキス。,One-shot,2701,6.78,2015,https://cdn.myanimelist.net/images/manga/1/269646l.jpg
372,Kamiki Kyoudai Okotowari,Beware the Kamiki Brothers!,神木兄弟おことわり,Manga,2683,6.74,2015,https://cdn.myanimelist.net/images/manga/1/165922l.jpg
373,Guomin Laogong: Touwen 55-ci,Bringing Home the Dream Husband: 55 Stolen Kisses,国民老公 偷吻55次,Manhua,2663,7.09,2015,https://cdn.myanimelist.net/images/manga/1/196067l.jpg
374,Watashi no Shumi tte Hen desu ka?,,私のシュミってヘンですか?,Manga,2655,7.08,2015,https://cdn.myanimelist.net/images/manga/1/286731l.jpg
375,Yuuutsu-kun to Succubus-san,,憂鬱くんとサキュバスさん,Manga,2652,6.96,2015,https://cdn.myanimelist.net/images/manga/3/196155l.jpg
376,Tenseisha wa Cheat wo Nozomanai,,転生者はチートを望まない,Manga,2643,7.0,2015,https://cdn.myanimelist.net/images/manga/3/186479l.jpg
377,Isekai Shokudou,Restaurant to Another World,異世界食堂,Light Novel,2637,7.67,2015,https://cdn.myanimelist.net/images/manga/1/219344l.jpg
378,Sasen mo Warukunai,,左遷も悪くない,Manga,2628,6.96,2015,https://cdn.myanimelist.net/images/manga/1/186475l.jpg
379,Kakurenbo Honey,,かくれんぼハニー,Manga,2627,7.23,2015,https://cdn.myanimelist.net/images/manga/1/186752l.jpg
380,Kemono Friends: Youkoso Japari Park e!,Kemono Friends: Welcome to Japari Park,けものフレンズ ようこそジャパリパークへ！,Manga,2621,6.91,2015,https://cdn.myanimelist.net/images/manga/1/187856l.jpg
381,Isekai Shihai no Skill Taker: Zero kara Hajimeru Dorei Harem,,異世界支配のスキルテイカー~ゼロから始める奴隷ハーレム~,Light Novel,2610,6.85,2015,https://cdn.myanimelist.net/images/manga/1/158165l.jpg
382,Kuhime,,喰姫―クヒメ―,Manga,2602,6.22,2015,https://cdn.myanimelist.net/images/manga/2/180796l.jpg
383,Hana to Alice: Satsujin Jiken,The Case of Hana & Alice,花とアリス 殺人事件,Manga,2591,6.76,2015,https://cdn.myanimelist.net/images/manga/3/165436l.jpg
384,Hajimete no Hitozuma,She's Somebody's Spouse,初めてのヒトヅマ,Manga,2583,7.31,2015,https://cdn.myanimelist.net/images/manga/1/243071l.jpg
385,Appli Trap,,アプリトラップ,Manga,2581,6.0,2015,https://cdn.myanimelist.net/images/manga/3/164791l.jpg
386,Ginga Eiyuu Densetsu,,銀河英雄伝説,Manga,2571,7.11,2015,https://cdn.myanimelist.net/images/manga/2/173521l.jpg
387,Isekai Ryouridou,Cooking with Wild Game,異世界料理道,Light Novel,2570,7.09,2015,https://cdn.myanimelist.net/images/manga/2/176668l.jpg
388,Narrow: Place Collection,,NARROW PLACE COLLECTION,Doujinshi,2518,7.11,2015,https://cdn.myanimelist.net/images/manga/3/173468l.jpg
389,Toaru Idol no Accelerator-sama,,とある偶像〈アイドル〉の一方通行〈アクセラレータ〉さま,Manga,2506,7.6,2015,https://cdn.myanimelist.net/images/manga/2/186274l.jpg
390,Mitsuyokon: Tsukumogami no Yomegoryou,,蜜夜婚～付喪神の嫁御寮～,Manga,2468,7.33,2015,https://cdn.myanimelist.net/images/manga/3/174498l.jpg
391,Koisuru Shirokuma,A Polar Bear in Love,恋するシロクマ,Manga,2451,7.24,2015,https://cdn.myanimelist.net/images/manga/1/193632l.jpg
391,"Rainy Days, Yesterday",,レイニーデイズ、イエスタデイ,Manga,2451,7.48,2015,https://cdn.myanimelist.net/images/manga/3/159642l.jpg
393,Himekishi ga Classmate!,A classmate is a princess knight!,姫騎士がクラスメート!,Light Novel,2450,6.64,2015,https://cdn.myanimelist.net/images/manga/2/176543l.jpg
393,"Saraba, Yoki Hi",,さらば、佳き日,Manga,2450,6.96,2015,https://cdn.myanimelist.net/images/manga/3/175918l.jpg
395,Oshi ga Budoukan Ittekuretara Shinu,"If My Favorite Pop Idol Made It to the Budokan, I Would Die",推しが武道館いってくれたら死ぬ,Manga,2444,7.44,2015,https://cdn.myanimelist.net/images/manga/3/172133l.jpg
396,Okosama Box,,おこさまボックス,Manga,2435,7.09,2015,https://cdn.myanimelist.net/images/manga/1/168528l.jpg
397,Survival: Shounen S no Kiroku,,サバイバル～少年Sの記録～,Manga,2434,6.89,2015,https://cdn.myanimelist.net/images/manga/2/171356l.jpg
398,Fashion Model: Norowareta Framing,Fashion Model: Cursed Frame,ファッションモデル・呪われたフレーミング,One-shot,2430,6.71,2015,https://cdn.myanimelist.net/images/manga/2/237163l.jpg
399,Haken no Kouki Altina,Altina the Sword princess,覇剣の皇姫アルティーナ,Manga,2421,6.55,2015,https://cdn.myanimelist.net/images/manga/3/159593l.jpg
400,Shin Chimoguri Ringo to Kingyobachi Otoko,,新・血潜り林檎と金魚鉢男,Manga,2420,7.06,2015,https://cdn.myanimelist.net/images/manga/1/194906l.jpg
401,Shoujo Shikkaku,,少女失格,Manga,2406,5.3,2015,https://cdn.myanimelist.net/images/manga/1/164276l.jpg
402,If You Hate Me So,If You Hate Me So,그렇게 내가 싫다면,Manhwa,2397,6.49,2015,https://cdn.myanimelist.net/images/manga/2/334116l.jpg
403,Mama Naranai Onna-tachi,,ママならないオンナたち,Manga,2384,7.41,2015,https://cdn.myanimelist.net/images/manga/1/200057l.jpg
404,Kodomo no Kamisama,,コドモの神様,One-shot,2381,7.35,2015,https://cdn.myanimelist.net/images/manga/3/223095l.jpg
405,Mononobe Koshoten Kaikitan,,もののべ古書店怪奇譚,Manga,2375,7.19,2015,https://cdn.myanimelist.net/images/manga/2/169988l.jpg
406,Koe Koi,,こえ恋,Manga,2369,7.17,2015,https://cdn.myanimelist.net/images/manga/3/179163l.jpg
407,Lingua Franca!!,,リンガフランカ!!,Manga,2367,7.36,2015,https://cdn.myanimelist.net/images/manga/2/180227l.jpg
408,Amentia,,아멘티아,Manhwa,2359,6.71,2015,https://cdn.myanimelist.net/images/manga/2/179124l.jpg
409,Love and Leashes,Love and Leashes,모럴센스,Manhwa,2354,7.41,2015,https://cdn.myanimelist.net/images/manga/2/181951l.jpg
410,Kimi to Eureka,Eureka Moment with You,きみとユリイカ,Manga,2347,6.71,2015,https://cdn.myanimelist.net/images/manga/3/174497l.jpg
411,Anti Romance,Anti-Romance,アンチロマンス,Manga,2340,7.16,2015,https://cdn.myanimelist.net/images/manga/1/259097l.jpg
412,Like a Sugar,Like a Sugar,ライクアシュガー,Manga,2339,6.74,2015,https://cdn.myanimelist.net/images/manga/1/223820l.jpg
413,My Student Can't Be a Psychopath,My Student Can't Be a Psychopath,내 학생이 싸이코패스일 리가 없어,Manhwa,2332,7.12,2015,https://cdn.myanimelist.net/images/manga/3/229238l.jpg
414,Love Comedy no Baka,Stupid Love Comedy,ラブコメのバカ,Manga,2320,6.42,2015,https://cdn.myanimelist.net/images/manga/2/167023l.jpg
415,Koi ga Odoru New Town,,恋が踊るニュータウン,Manga,2313,7.45,2015,https://cdn.myanimelist.net/images/manga/2/162341l.jpg
416,Natsume-kun wa Nandemo Shitteru,Natsume-kun Knows Everything,なつめくんはなんでもしってる,Manga,2309,6.49,2015,https://cdn.myanimelist.net/images/manga/2/190083l.jpg
417,Eiyuu Kyoushitsu,Classroom for Heroes,英雄教室,Light Novel,2293,7.04,2015,https://cdn.myanimelist.net/images/manga/2/281792l.jpg
418,Hyakuren no Haou to Seiyaku no Valkyria,The Master of Ragnarok & Blesser of Einherjar,百錬の覇王と聖約の戦乙女〈ヴァルキュリア〉,Manga,2290,6.14,2015,https://cdn.myanimelist.net/images/manga/1/167643l.jpg
419,Oya no Kao ga Mitemitai,,親の顔がみてみたいっ,Manga,2272,6.92,2015,https://cdn.myanimelist.net/images/manga/3/170684l.jpg
420,Mononofu,Mononofu,ものの歩,Manga,2270,6.88,2015,https://cdn.myanimelist.net/images/manga/2/171383l.jpg
421,Cylcia=Code,,シルシア＝コード,Manga,2263,6.42,2015,https://cdn.myanimelist.net/images/manga/2/200195l.jpg
422,Saiaku no Jinsei,,最悪の人生,Manga,2257,6.82,2015,https://cdn.myanimelist.net/images/manga/2/200233l.jpg
423,Seikaku Kuzu de Nani ga Warui,What's Wrong with Being a Jerk?,性格クズでなにが悪い,Manga,2249,7.21,2015,https://cdn.myanimelist.net/images/manga/2/206383l.jpg
424,Haifuri,,はいふり,Manga,2237,7.28,2015,https://cdn.myanimelist.net/images/manga/2/176327l.jpg
425,Shakunetsu Kabaddi,Burning Kabaddi,灼熱カバディ,Manga,2220,7.18,2015,https://cdn.myanimelist.net/images/manga/3/193677l.jpg
426,Tang Yin Zai Yi Jie,Don's Adventure in Another World,唐寅在异界,Manhua,2208,6.69,2015,https://cdn.myanimelist.net/images/manga/2/216580l.jpg
427,Kibou no Shima,An Island Named Desire,キボウノシマ,Manga,2205,4.97,2015,https://cdn.myanimelist.net/images/manga/2/211727l.jpg
428,Salman,,サーマン,Manga,2203,6.84,2015,https://cdn.myanimelist.net/images/manga/3/196556l.jpg
429,Gendai Majo no Shuushoku Jijou,,現代魔女の就職事情,Manga,2190,6.73,2015,https://cdn.myanimelist.net/images/manga/2/167986l.jpg
430,Maou no Hajimekata,How to book on the Devil,魔王の始め方,Light Novel,2189,6.96,2015,https://cdn.myanimelist.net/images/manga/2/177050l.jpg
431,Samenai Machi no Kissaten,,さめない街の喫茶店,Manga,2183,7.32,2015,https://cdn.myanimelist.net/images/manga/3/220103l.jpg
432,Dance with Devils: Blight,,Dance with Devils -Blight-,Manga,2179,6.69,2015,https://cdn.myanimelist.net/images/manga/1/171062l.jpg
433,Oboreru Triangle,Wallow in Love Triangle,溺れるトライアングル,Manga,2172,6.36,2015,https://cdn.myanimelist.net/images/manga/3/182354l.jpg
434,Usotsuki na Pierce,,嘘つきなピアス,One-shot,2171,6.88,2015,https://cdn.myanimelist.net/images/manga/2/153713l.jpg
435,Motokare←Retry,,モトカレ←リトライ,Manga,2168,6.89,2015,https://cdn.myanimelist.net/images/manga/2/161182l.jpg
436,Sayonara Koibito Mata Kite Tomodachi,,さよなら恋人またきて友だち,Manga,2162,6.24,2015,https://cdn.myanimelist.net/images/manga/2/201078l.jpg
436,Wonderland,Wonderland,ワンダーランド,Manga,2162,6.5,2015,https://cdn.myanimelist.net/images/manga/2/167641l.jpg
438,Asa to Mitya,,朝とミーチャ,Manga,2159,7.21,2015,https://cdn.myanimelist.net/images/manga/1/180684l.jpg
439,Manga de Wakaru! Fate/Grand Order,Learning with Manga! Fate/Grand Order,マンガで分かる! Fate/Grand Order,Manga,2142,7.78,2015,https://cdn.myanimelist.net/images/manga/2/223914l.jpg
440,Trinity Seven: Levi Ninden,,トリニティセブン レヴィ忍伝,Manga,2139,7.2,2015,https://cdn.myanimelist.net/images/manga/2/175690l.jpg
441,Kin no Tamago,Golden Eggs,金のタマゴ,Manga,2136,6.59,2015,https://cdn.myanimelist.net/images/manga/3/190995l.jpg
442,Hanabatake no Ibérico,,花畑のイベリコ,One-shot,2132,6.93,2015,https://cdn.myanimelist.net/images/manga/3/157179l.jpg
443,Fate/Extra CCC,,Fate/EXTRA CCC,Manga,2119,7.09,2015,https://cdn.myanimelist.net/images/manga/3/180280l.jpg
443,Ichimai Goshi Fetish,Bodysuit Fetish,一枚越しフェティッシュ,Manga,2119,7.18,2015,https://cdn.myanimelist.net/images/manga/3/183303l.jpg
445,S Rare Soubi no Niau Kanojo,,Sレア装備の似合う彼女,Manga,2116,6.04,2015,https://cdn.myanimelist.net/images/manga/1/190608l.jpg
446,Kuro no Souzou Shoukanshi,The Black Create Summoner,黒の創造召喚師,Manga,2113,6.27,2015,https://cdn.myanimelist.net/images/manga/2/190245l.jpg
447,Unbalance School Life,,あんばらんすスク～ルライフ,Manga,2101,5.76,2015,https://cdn.myanimelist.net/images/manga/2/185833l.jpg
448,Kawaii Obaka-kun,,かわいいおバカくん,Manga,2097,6.74,2015,https://cdn.myanimelist.net/images/manga/1/208174l.jpg
449,Saikyou Yankee to Makeinu na Ore,The worst Yankee and loser dog me,最凶ヤンキーと負け犬な俺,Manga,2085,6.52,2015,https://cdn.myanimelist.net/images/manga/2/223111l.jpg
450,Aka Ihon,,赤異本,Manga,2084,6.16,2015,https://cdn.myanimelist.net/images/manga/2/222778l.jpg
451,Goshujinsama to Watashi,,ご主人様とわたし,Doujinshi,2082,7.22,2015,https://cdn.myanimelist.net/images/manga/3/172525l.jpg
452,Oni-Deka!,,おにでか！,Manga,2072,6.57,2015,https://cdn.myanimelist.net/images/manga/3/186231l.jpg
453,Do S Obake ga Nekasete Kurenai,The Sadistic Ghost Doesn't Allow Me to Sleep.,ドSおばけが寝かせてくれない,Manga,2061,7.2,2015,https://cdn.myanimelist.net/images/manga/1/219545l.jpg
454,Kanojo no Kuchizuke,,彼女のくちづけビ,Doujinshi,2058,7.23,2015,https://cdn.myanimelist.net/images/manga/2/163649l.jpg
455,"Kono, Hikyoumono!!",,この、卑怯ものっ!!,Doujinshi,2051,6.67,2015,https://cdn.myanimelist.net/images/manga/3/164851l.jpg
456,Isekai Shoukan wa Nidome desu,,異世界召喚は二度目です,Light Novel,2039,6.65,2015,https://cdn.myanimelist.net/images/manga/1/198853l.jpg
457,Koitomo Triangle,,恋友トライアングル,Manga,2027,6.6,2015,https://cdn.myanimelist.net/images/manga/2/198541l.jpg
458,Amaeru Kubiwa,,甘える首輪,Manga,2020,6.34,2015,https://cdn.myanimelist.net/images/manga/3/182415l.jpg
459,Choujin Koukousei-tachi wa Isekai demo Yoyuu de Ikinuku you desu!,High School Prodigies Have It Easy Even in Another World!,超人高校生たちは異世界でも余裕で生き抜くようです!,Light Novel,2019,6.75,2015,https://cdn.myanimelist.net/images/manga/2/176212l.jpg
460,Bukiyou na Bokura no Sukima,The distance between clumsy two boys,不器用な僕らの隙間,Manga,2009,6.87,2015,https://cdn.myanimelist.net/images/manga/2/190078l.jpg
461,Grisaia no Rakuen: Sanctuary Fellows,,グリザイアの楽園 サンクチュアリフェローズ,Manga,1999,7.24,2015,https://cdn.myanimelist.net/images/manga/3/165662l.jpg
462,Seventeen Maple,,セブンティーン・メイプル,One-shot,1998,6.68,2015,https://cdn.myanimelist.net/images/manga/1/178381l.jpg
463,Razoku no Hanayome,,裸族の花嫁,Manga,1994,7.16,2015,https://cdn.myanimelist.net/images/manga/2/169934l.jpg
464,Free Kisses,,Free Kisses,Manga,1983,6.91,2015,https://cdn.myanimelist.net/images/manga/3/203976l.jpg
465,Battle Studies,,バトルスタディーズ,Manga,1980,7.93,2015,https://cdn.myanimelist.net/images/manga/1/160199l.jpg
466,Hidoku Shinaide dj - Boku no Brief ni Itazura,,ぼくのブリーフに穴〈いたずら〉,Doujinshi,1976,7.47,2015,https://cdn.myanimelist.net/images/manga/2/167454l.jpg
467,Persona Q: Shadow of the Labyrinth - Side:P3,Persona Q Shadow of the Labyrinth Side: P3,PERSONA Q SHADOW OF THE LABYRINTH Side:P3,Manga,1974,6.84,2015,https://cdn.myanimelist.net/images/manga/2/163821l.jpg
468,Lady Justice,,レディ・ジャスティス,Manga,1972,5.71,2015,https://cdn.myanimelist.net/images/manga/3/163657l.jpg
469,Hanayome to Exorcist,The Bride & the Exorcist Knight,花嫁と祓魔の騎士〈エクソシスト〉,Manga,1969,7.07,2015,https://cdn.myanimelist.net/images/manga/3/173691l.jpg
470,Sengoku Vamp,,戦国ヴァンプ,Manga,1944,6.65,2015,https://cdn.myanimelist.net/images/manga/2/182274l.jpg
471,Persona Q: Shadow of the Labyrinth - Side:P4,Persona Q Shadow of the Labyrinth Side: P4,PERSONA Q SHADOW OF THE LABYRINTH Side:P4,Manga,1935,7.22,2015,https://cdn.myanimelist.net/images/manga/1/163820l.jpg
472,Yi Ren Zhi Xia,The Outcast,一人之下,Manhua,1931,7.03,2015,https://cdn.myanimelist.net/images/manga/1/206016l.jpg
473,Takashima Kouichirou no Risou no Koibito,Kohichiro Takashima's Perfect Lover,高島孝一郎の理想の恋人,Manga,1921,7.01,2015,https://cdn.myanimelist.net/images/manga/2/179358l.jpg
474,Wonder Rabbit Girl,,ワンダーラビットガール,Manga,1910,6.46,2015,https://cdn.myanimelist.net/images/manga/2/163538l.jpg
475,Oyasuminasai no Ato wa,"After a ""Good Night""",おやすみなさいの後は,Manga,1906,6.66,2015,https://cdn.myanimelist.net/images/manga/1/189427l.jpg
476,Mayonaka no Occult Koumuin,Midnight occult civil servants,真夜中のオカルト公務員,Manga,1904,7.17,2015,https://cdn.myanimelist.net/images/manga/3/219186l.jpg
477,Kuzu to Kinka no Qualidea,Qualidea of Scum And a Gold Coin,クズと金貨のクオリディア,Light Novel,1902,7.12,2015,https://cdn.myanimelist.net/images/manga/2/160750l.jpg
478,Harmony,,ハーモニー,Manga,1899,7.16,2015,https://cdn.myanimelist.net/images/manga/3/174755l.jpg
479,No.9,,No.9,One-shot,1896,6.59,2015,https://cdn.myanimelist.net/images/manga/3/235180l.jpg
480,"Makkurayami de Kimi to,",,まっくらやみで君と、,Manga,1891,7.41,2015,https://cdn.myanimelist.net/images/manga/2/179445l.jpg
481,Tanaka: Nenrei Equal Kanojo Inaireki no Mahoutsukai,Tanaka The Wizard,田中～年齢イコール彼女いない歴の魔法使い～,Light Novel,1883,6.79,2015,https://cdn.myanimelist.net/images/manga/2/166494l.jpg
482,Canaria-tachi no Fune,,カナリアたちの舟,Manga,1879,6.59,2015,https://cdn.myanimelist.net/images/manga/3/180666l.jpg
483,Mai no Mushigurashi,,麻衣の虫ぐらし,Manga,1862,7.33,2015,https://cdn.myanimelist.net/images/manga/3/203915l.jpg
483,Yuunagi Marbled,Yuunagi Marbled,夕凪マーブレット,Manga,1862,7.1,2015,https://cdn.myanimelist.net/images/manga/3/200500l.jpg
485,Naa-tan to Goshujin-tama,,なぁたんとご主人たま,One-shot,1860,5.29,2015,https://cdn.myanimelist.net/images/manga/2/267498l.jpg
486,Oyasumi Jack the Ripper,,おやすみジャック・ザ・リッパー,Manga,1856,6.59,2015,https://cdn.myanimelist.net/images/manga/1/172002l.jpg
487,Friend Line,,フレンドライン,Manga,1847,7.19,2015,https://cdn.myanimelist.net/images/manga/1/225094l.jpg
488,Hana ni Kuchizuke,,花にくちづけ,Manga,1842,7.14,2015,https://cdn.myanimelist.net/images/manga/1/193256l.jpg
489,Peach Love,Peach Love,피치러브,Manhwa,1839,6.93,2015,https://cdn.myanimelist.net/images/manga/1/259639l.jpg
490,"Nee, ...Shiyo♥",Hey... Let’s Do It,ねぇ、…しよ♥,Manga,1836,7.23,2015,https://cdn.myanimelist.net/images/manga/3/200494l.jpg
491,Rift,,リフト,Manga,1829,7.28,2015,https://cdn.myanimelist.net/images/manga/1/191242l.jpg
492,High School DxD EX,,ハイスクールD×D EX,Light Novel,1825,7.86,2015,https://cdn.myanimelist.net/images/manga/2/196965l.jpg
493,Akuma mo Fumu wo Osoreru Tokoro,Where satans fear to tread,悪魔も踏むを恐れるところ,Manga,1823,6.88,2015,https://cdn.myanimelist.net/images/manga/1/165907l.jpg
494,Hajimari wa Naka kara,It Starts from the Inside,はじまりはナカから,Manga,1821,6.88,2015,https://cdn.myanimelist.net/images/manga/3/251006l.jpg
495,Kimi to dake wa Koi ni Ochinai,You're the last one I fall in love with!,キミとだけは恋に堕ちない,Manga,1814,6.47,2015,https://cdn.myanimelist.net/images/manga/3/177116l.jpg
496,Gakkougurashi! Anthology Comic: Kai,,がっこうぐらし! アンソロジーコミック 壊,Manga,1811,7.07,2015,https://cdn.myanimelist.net/images/manga/2/164003l.jpg
497,Twin Role,,ツイン ロール,Manga,1805,6.76,2015,https://cdn.myanimelist.net/images/manga/2/206966l.jpg
498,Tonde Hi ni Iru Natsu no Neko,,飛んで火に入る夏のネコ,Manga,1804,7.08,2015,https://cdn.myanimelist.net/images/manga/1/192811l.jpg
499,Azfareo no Sobayounin,Chamberlain of the Azfareo,蒼竜〈アズファレオ〉の側用人,Manga,1796,6.65,2015,https://cdn.myanimelist.net/images/manga/1/222050l.jpg
500,Girls & Panzer: Little Army II,,ガールズ&パンツァー リトルアーミーII,Manga,1792,7.57,2015,https://cdn.myanimelist.net/images/manga/1/205709l.jpg
501,Chou to Hana no Kankeisei,,蝶と花の関係性,Manga,1787,6.93,2015,https://cdn.myanimelist.net/images/manga/1/227277l.jpg
502,Ikinokore! Shachiku-chan,Survive! Shachiku-chan,いきのこれ！社畜ちゃん,Manga,1784,6.83,2015,https://cdn.myanimelist.net/images/manga/3/180715l.jpg
503,Hana Nochi Hare: HanaDan Next Season,Boys Over Flowers Season 2,花のち晴れ～花男 Next Season～,Manga,1783,7.16,2015,https://cdn.myanimelist.net/images/manga/2/159810l.jpg
503,Shisha no Teikoku,The Empire of Corpses,屍者の帝国,Manga,1783,6.77,2015,https://cdn.myanimelist.net/images/manga/2/172647l.jpg
505,Yomekura,,ヨメクラ,Manga,1773,6.58,2015,https://cdn.myanimelist.net/images/manga/2/176085l.jpg
506,Moritat,Moritat,모리타트,Manhwa,1767,6.94,2015,https://cdn.myanimelist.net/images/manga/1/259772l.jpg
507,Junjou Shounen,,純情娼年,Manga,1765,6.31,2015,https://cdn.myanimelist.net/images/manga/3/171329l.jpg
508,Sazan to Suisei no Shoujo,Sazan & Comet Girl,サザンと彗星の少女,Manga,1762,7.4,2015,https://cdn.myanimelist.net/images/manga/3/226138l.jpg
509,A World That I Rule,The World I Rule,내가 지배하는 세상,Manhwa,1761,5.49,2015,https://cdn.myanimelist.net/images/manga/1/263492l.jpg
510,Yasashii Koi ga Sodatsu made,,やさしい恋が育つまで,Manga,1755,7.21,2015,https://cdn.myanimelist.net/images/manga/3/187940l.jpg
511,Sadosuto na Fujiwara-kun,,Sストな藤原くん,Manga,1754,6.39,2015,https://cdn.myanimelist.net/images/manga/3/189614l.jpg
512,FullMaPla,,ふるまぷら,Manga,1751,6.85,2015,https://cdn.myanimelist.net/images/manga/1/174044l.jpg
513,Shikabanechou Undead,,屍町アンデッド,Manga,1749,6.25,2015,https://cdn.myanimelist.net/images/manga/1/200832l.jpg
514,Sensei nante Kirai desu.,,先生なんて嫌いです。,Manga,1748,6.82,2015,https://cdn.myanimelist.net/images/manga/2/196978l.jpg
515,Joshi BL,,女子BL,Manga,1747,6.75,2015,https://cdn.myanimelist.net/images/manga/1/183275l.jpg
516,Bishounen Series,Pretty Boy Detective Club,美少年シリーズ,Novel,1745,7.4,2015,https://cdn.myanimelist.net/images/manga/2/243502l.jpg
517,Kuro-chan Chi no Oshiire ga Tsukaenai Wake,,クロちゃん家の押入れが使えない理由〈わけ〉,Manga,1744,6.59,2015,https://cdn.myanimelist.net/images/manga/3/206305l.jpg
518,Iimon Warumon,,いいもんわるもん,Manga,1737,7.05,2015,https://cdn.myanimelist.net/images/manga/3/190460l.jpg
519,Danganronpa Togami,,ダンガンロンパ十神,Light Novel,1733,6.45,2015,https://cdn.myanimelist.net/images/manga/3/182138l.jpg
520,Kabeana Heaven Hole,,壁穴ヘブンホール,Manga,1728,6.21,2015,https://cdn.myanimelist.net/images/manga/3/191062l.jpg
521,Kunkou Schale,,君香シャーレ,Manga,1725,6.86,2015,https://cdn.myanimelist.net/images/manga/1/189286l.jpg
522,Konna Nichijou,Such a Perfect Day,こんな日常,Manga,1718,7.01,2015,https://cdn.myanimelist.net/images/manga/3/203340l.jpg
523,Tamashii Insert: Fushigi App de Ano Ko ni Hyoui,,魂インサート～不思議アプリであの娘に憑依～,Manga,1712,7.29,2015,https://cdn.myanimelist.net/images/manga/1/204294l.jpg
524,Hengoku no Calendula,Love in Limbo,辺獄のカレンデュラ,Manga,1709,7.41,2015,https://cdn.myanimelist.net/images/manga/1/194441l.jpg
525,Futsutsuka na Yome desu ga!,The Delinquent Housewife!,ふつつかなヨメですが！,Manga,1697,6.41,2015,https://cdn.myanimelist.net/images/manga/2/174654l.jpg
526,Zettai Zetsubou Shoujo: Danganronpa Another Episode - Genocider Mode,,絶対絶望少女 ダンガンロンパ Another Episode ジェノサイダーモード,Manga,1682,6.94,2015,https://cdn.myanimelist.net/images/manga/1/167796l.jpg
527,Yoku Oni,Yokuoni: Ogres of Greed,欲鬼,Manga,1678,7.08,2015,https://cdn.myanimelist.net/images/manga/3/167251l.jpg
528,Wortenia Senki,Record of Wortenia War,ウォルテニア戦記,Light Novel,1671,7.13,2015,https://cdn.myanimelist.net/images/manga/1/186318l.jpg
529,Magazine Ohanami!!,,マガジンOHANAMI!!,One-shot,1663,5.94,2015,https://cdn.myanimelist.net/images/manga/1/158913l.jpg
530,Rojiura Kurashi,,ロヂウラくらし,Manga,1655,7.26,2015,https://cdn.myanimelist.net/images/manga/3/189399l.jpg
531,Himitsu ni Shiro yo!!,Keep it Secret!!,ヒミツにしろよ!!,Manga,1653,7.06,2015,https://cdn.myanimelist.net/images/manga/1/208372l.jpg
532,"Seifuku wo Matoeba, Umaku Uso ga Tsuketa no ni.",,制服をまとえば、うまく嘘がつけたのに。,Manga,1652,6.92,2015,https://cdn.myanimelist.net/images/manga/2/200074l.jpg
533,Sunrise!,,さんらいず!,Manga,1651,6.79,2015,https://cdn.myanimelist.net/images/manga/2/161780l.jpg
534,Getter Robo Devolution: Uchuu Saigo no 3-punkan,Getter Robo Devolution,ゲッターロボ DEVOLUTION ～宇宙最後の3分間～,Manga,1647,6.81,2015,https://cdn.myanimelist.net/images/manga/1/286719l.jpg
535,10-manbun no 1,,10万分の1,Manga,1638,7.31,2015,https://cdn.myanimelist.net/images/manga/2/186351l.jpg
536,Stand Up!,Stand Up!,어쩌라GO!,Manhwa,1636,6.31,2015,https://cdn.myanimelist.net/images/manga/3/259839l.jpg
537,Jouka-kei Kareshi,,浄化系彼氏,Manga,1614,6.35,2015,https://cdn.myanimelist.net/images/manga/3/190431l.jpg
538,Sanchoume Zouhyou Monogatari,,三丁目雑兵物語,Manga,1613,7.31,2015,https://cdn.myanimelist.net/images/manga/3/229466l.jpg
539,K: Missing Kings,,K MISSING KINGS,Manga,1612,7.38,2015,https://cdn.myanimelist.net/images/manga/2/165916l.jpg
540,Yandere Hitotsu Yane no Shita,,ヤンデレひとつ屋根の下,Manga,1606,6.67,2015,https://cdn.myanimelist.net/images/manga/1/194564l.jpg
541,Hissatsu! Pai-pai Talk,,必撮！パイパイトーク,Manga,1605,6.06,2015,https://cdn.myanimelist.net/images/manga/2/195263l.jpg
542,Ensemble Stars!,,あんさんぶるスターズ！,Manga,1604,7.18,2015,https://cdn.myanimelist.net/images/manga/3/185370l.jpg
543,Her Pet,Her Pet,그녀의 암캐,Manhwa,1601,6.36,2015,https://cdn.myanimelist.net/images/manga/2/259809l.jpg
544,Yappari Taro-kun wa Kou Miete Igai to xxx desu.,,やっぱりタローくんはこう見えて意外と×××です。,Manga,1600,7.19,2015,https://cdn.myanimelist.net/images/manga/2/171325l.jpg
545,Gyakusatsu Kikan,Genocidal Organ,虐殺器官,Manga,1580,6.58,2015,https://cdn.myanimelist.net/images/manga/1/174756l.jpg
546,Kiryuu-sensei wa Renai ga Wakaranai.,Miss Kiryuu doesn't know what love is.,桐生先生は恋愛がわからない。,Manga,1573,6.95,2015,https://cdn.myanimelist.net/images/manga/2/194857l.jpg
547,Shuumatsu no Tenki,A Catastrophe Report,終末の天気,Manga,1572,5.61,2015,https://cdn.myanimelist.net/images/manga/3/167943l.jpg
548,Hannari Girori no Yoriko-san,,はんなりギロリの頼子さん,Manga,1570,6.76,2015,https://cdn.myanimelist.net/images/manga/1/191752l.jpg
549,Hime no Dameshi,,ヒメの惰飯,Manga,1569,6.13,2015,https://cdn.myanimelist.net/images/manga/3/188801l.jpg
550,Akachan Ryuu no Osewagakari ni Ninmei saremashita,Baby Dragon Sitter,赤ちゃん竜のお世話係に任命されました,Manga,1566,6.16,2015,https://cdn.myanimelist.net/images/manga/3/227713l.jpg
551,Bakemono no Ko,The Boy and The Beast,バケモノの子,Light Novel,1555,7.65,2015,https://cdn.myanimelist.net/images/manga/3/158218l.jpg
552,Hagure Idol Jigoku-hen Gaiden: Princess Sarah,,はぐれアイドル地獄変外伝 プリンセス・セーラ,Manga,1551,5.6,2015,https://cdn.myanimelist.net/images/manga/1/239303l.jpg
552,Noboru Kotera-san,Kotera-san climbs!,のぼる小寺さん,Manga,1551,6.2,2015,https://cdn.myanimelist.net/images/manga/2/163648l.jpg
554,"Motto Musunde, Hiraite Hayaku",Tie Me Down and Open Me Up,もっと結んで、ひらいてはやく,Manga,1548,6.65,2015,https://cdn.myanimelist.net/images/manga/3/207457l.jpg
555,Batsu Game,,×ゲーム,Manga,1539,7.1,2015,https://cdn.myanimelist.net/images/manga/3/207493l.jpg
555,Tsubasa: WoRLD CHRoNiCLE - Niraikanai-hen Shucchouban,,ツバサ WoRLD CHRoNiCLE ニライカナイ編 出張版,Manga,1539,7.2,2015,https://cdn.myanimelist.net/images/manga/3/151903l.jpg
557,"4-gatsu no Kimi, Spica.",,4月の君、スピカ。,Manga,1537,6.92,2015,https://cdn.myanimelist.net/images/manga/2/158517l.jpg
557,Kyou kara Mongen 7:00 desu,,今日から門限7：00です,Manga,1537,6.97,2015,https://cdn.myanimelist.net/images/manga/3/180532l.jpg
557,Youkai Ningen,,溶解人間,Manga,1537,5.37,2015,https://cdn.myanimelist.net/images/manga/1/177033l.jpg
560,Mori no Takuma-san,,森のたくまさん,Manga,1533,7.03,2015,https://cdn.myanimelist.net/images/manga/2/178244l.jpg
560,Terra Formars Gaiden: Asimov,,テラフォーマーズ外伝 アシモフ,Manga,1533,6.9,2015,https://cdn.myanimelist.net/images/manga/3/174427l.jpg
562,Shichisei no Subaru,Seven Senses of the Re'Union,七星のスバル,Light Novel,1532,,2015,https://cdn.myanimelist.net/images/manga/3/212033l.jpg
563,Hitozuma A-san to Musuko no Yuujin N-kun,Married wife A and son's friend N-kun,人妻Aさんと息子の友人Nくん,Manga,1526,6.99,2015,https://cdn.myanimelist.net/images/manga/1/248067l.jpg
564,Ashita no 3600-byou,,明日の3600秒,Manga,1521,7.15,2015,https://cdn.myanimelist.net/images/manga/1/164937l.jpg
565,Houjou no Reizoku Elf,,豊穣の隷属エルフ,Doujinshi,1517,6.87,2015,https://cdn.myanimelist.net/images/manga/1/202922l.jpg
566,Gaitou Alice,,骸盗アリス,Manga,1514,6.92,2015,https://cdn.myanimelist.net/images/manga/1/157409l.jpg
567,Kemono/Jingai BL,,獣・人外BL,Manga,1501,6.59,2015,https://cdn.myanimelist.net/images/manga/1/169793l.jpg
568,Idol-kun wa Koi wo Shiranai,Idol-kun Does Not Know Love,アイドルくんは恋を知らないっ,Manga,1499,6.64,2015,https://cdn.myanimelist.net/images/manga/1/205612l.jpg
569,Senken Shounen Syndrome: sora Tanpenshuu,,先見少年シンドローム -sora短編集-,Manga,1494,7.04,2015,https://cdn.myanimelist.net/images/manga/3/224686l.jpg
569,"Sidonia no Kishi: Tsumugi, ""Blame!"" ni Hamaru. no Maki",,シドニアの騎士 つむぎ、『ブラム!』にハマる。の巻,Manga,1494,6.74,2015,https://cdn.myanimelist.net/images/manga/3/178652l.jpg
571,Shirobako: Introduction,,SHIROBAKO イントロダクション,Light Novel,1493,6.94,2015,https://cdn.myanimelist.net/images/manga/2/147343l.jpg
572,Charlotte the 4-koma: Seishun wo Kakenukero!,,Charlotte The 4コマ せーしゅんを駆け抜けろ！,Manga,1483,7.09,2015,https://cdn.myanimelist.net/images/manga/2/188824l.jpg
573,K: Return of Kings,,K RETURN OF KINGS,Manga,1478,7.15,2015,https://cdn.myanimelist.net/images/manga/2/180444l.jpg
574,Gakkougurashi! Anthology Comic: On,,がっこうぐらし! アンソロジーコミック 穏,Manga,1477,7.01,2015,https://cdn.myanimelist.net/images/manga/3/164004l.jpg
575,Hebi no Seikatsu,,蛇のセイカツ,Manga,1473,6.11,2015,https://cdn.myanimelist.net/images/manga/2/189401l.jpg
576,Tonari no Seki no Kobayashi-san.,My Seat Partner Kobayashi,となりの席の小林さん。,Manga,1471,6.81,2015,https://cdn.myanimelist.net/images/manga/2/205463l.jpg
577,Mayoiga no Oneesan,,マヨヒガのお姉さん,Doujinshi,1466,7.32,2015,https://cdn.myanimelist.net/images/manga/1/192915l.jpg
578,Yumeoi,,ユメ負イ,One-shot,1461,5.99,2015,https://cdn.myanimelist.net/images/manga/1/164832l.jpg
579,Nikujo no Susume,,肉女のススメ,Manga,1453,6.55,2015,https://cdn.myanimelist.net/images/manga/1/178413l.jpg
580,Chiaki-senpai no Iutoori,,千秋センパイの言うとおり,Manga,1451,6.61,2015,https://cdn.myanimelist.net/images/manga/3/230907l.jpg
580,Kao ni Dasenai Yoshizawa-kun,,顔に出せない吉沢くん,Manga,1451,7.24,2015,https://cdn.myanimelist.net/images/manga/3/169989l.jpg
582,Golosseum,Golosseum,ゴロセウム,Manga,1445,6.43,2015,https://cdn.myanimelist.net/images/manga/3/203499l.jpg
583,Kyuuketsu Baito Kirishima-kun,,吸血バイト霧島くん,Manga,1442,6.66,2015,https://cdn.myanimelist.net/images/manga/1/191119l.jpg
584,Nanatsu no Taizai Production,,七つの大罪プロダクション,Manga,1440,6.61,2015,https://cdn.myanimelist.net/images/manga/1/180367l.jpg
585,Boku to René to Aoarashi,,僕とルネと青嵐,Manga,1436,6.76,2015,https://cdn.myanimelist.net/images/manga/2/180212l.jpg
586,Shussan no Shikata ga Wakaranai!,I Don't Know How to Give Birth!,出産の仕方がわからない!,Manga,1434,7.0,2015,https://cdn.myanimelist.net/images/manga/3/234131l.jpg
587,Ryuuou no Oshigoto!,,りゅうおうのおしごと！,Manga,1428,7.03,2015,https://cdn.myanimelist.net/images/manga/2/170997l.jpg
588,Boku no Pet ni Narinasai.,,ボクのペットになりなさい。,One-shot,1423,6.48,2015,https://cdn.myanimelist.net/images/manga/2/157415l.jpg
588,Nyx no Lantern,,ニュクスの角灯〈ランタン〉,Manga,1423,7.55,2015,https://cdn.myanimelist.net/images/manga/2/226009l.jpg
590,Working!!: Re:Order,,WORKING!! Re:オーダー,Manga,1421,6.88,2015,https://cdn.myanimelist.net/images/manga/2/188969l.jpg
591,Kurenai no Assassin,Assassin of Crimson,紅の暗殺者〈アサシン〉,One-shot,1417,6.42,2015,https://cdn.myanimelist.net/images/manga/3/259163l.jpg
592,Yuuki Yuuna wa Yuusha de Aru: Sonogo no Sonoko,,結城友奈は勇者である その後の園子,Light Novel,1416,7.57,2015,https://cdn.myanimelist.net/images/manga/3/157398l.jpg
593,Fukushoku Joshi,,ふくしょくじょし,Doujinshi,1411,5.96,2015,https://cdn.myanimelist.net/images/manga/2/159814l.jpg
594,Muteki no Hito,,無敵の人,Manga,1394,6.81,2015,https://cdn.myanimelist.net/images/manga/1/174381l.jpg
595,Fushigi Yuugi: Byakko Ibun,,ふしぎ遊戯 白虎異聞,One-shot,1391,7.04,2015,https://cdn.myanimelist.net/images/manga/3/269311l.jpg
596,Hakidame to Tsuru,Jewel and Dunghill,はきだめと鶴,Manga,1390,7.04,2015,https://cdn.myanimelist.net/images/manga/1/196984l.jpg
596,"Jinrou e no Tensei, Maou no Fukukan",Der Werwolf: The Annals of Veight,人狼への転生、魔王の副官,Light Novel,1390,7.3,2015,https://cdn.myanimelist.net/images/manga/2/166549l.jpg
598,High☆Speed!,,ハイ☆スピード!,Manga,1381,7.06,2015,https://cdn.myanimelist.net/images/manga/3/162274l.jpg
599,Fate/Labyrinth,,Fate/Labyrinth,Light Novel,1374,6.61,2015,https://cdn.myanimelist.net/images/manga/3/169878l.jpg
600,Mousou Shoujo,,妄想ショウジョ,Manga,1371,6.94,2015,https://cdn.myanimelist.net/images/manga/3/215108l.jpg
601,Hidoku Shinaide Plus+,Don't Be Cruel: plus+,酷くしないでplus+,Manga,1369,7.59,2015,https://cdn.myanimelist.net/images/manga/1/163036l.jpg
602,Renai Kowai,,れんあいこわい,Manga,1367,6.8,2015,https://cdn.myanimelist.net/images/manga/1/189257l.jpg
603,Gion no Tsugai,,ギオンのツガイ,Manga,1364,5.83,2015,https://cdn.myanimelist.net/images/manga/1/167985l.jpg
604,Persona 4: The Ultimax Ultra Suplex Hold,Persona 4 Arena Ultimax,ペルソナ4 ジ・アルティマックス ウルトラスープレックスホールド,Manga,1360,7.41,2015,https://cdn.myanimelist.net/images/manga/2/211092l.jpg
605,Pandamic,,PANDAMIC,Manga,1358,4.99,2015,https://cdn.myanimelist.net/images/manga/3/167485l.jpg
606,Tatakau Panya to Automaton Waitress,The Combat Baker and Automaton Waitress,戦うパン屋と機械じかけの看板娘〈オートマタンウェイトレス〉,Light Novel,1352,7.14,2015,https://cdn.myanimelist.net/images/manga/3/177739l.jpg
607,Doutei Danshi Kousei Iinkai,Virginity Boy Rebirth Committee,童貞男子更生委員会,Manga,1351,7.27,2015,https://cdn.myanimelist.net/images/manga/1/189898l.jpg
608,Shuraba Maker,,シュラバメイカー,Manga,1347,6.35,2015,https://cdn.myanimelist.net/images/manga/3/205334l.jpg
609,IDOLiSH7,,アイドリッシュセブン,Manga,1343,7.14,2015,https://cdn.myanimelist.net/images/manga/1/168683l.jpg
610,Yumemiru Otome,Dreaming Maiden,夢見ル乙女,Manga,1341,7.04,2015,https://cdn.myanimelist.net/images/manga/3/191004l.jpg
611,"Omiai Aite wa Oshiego, Tsuyoki na, Mondaiji.",My Matchmaking Partner Is My Student and a Troublemaker,お見合い相手は教え子、強気な、問題児。,Manga,1340,6.86,2015,https://cdn.myanimelist.net/images/manga/1/224131l.jpg
612,Momo to Manji,Momo and Manji,百と卍,Manga,1334,7.49,2015,https://cdn.myanimelist.net/images/manga/3/208469l.jpg
613,Shousetsuka no Shitsukekata,How does the novelist educate him?,小説家の躾け方,Manga,1331,6.09,2015,https://cdn.myanimelist.net/images/manga/1/208186l.jpg
614,Oukoku e Tsuzuku Michi,Road of the kingdom,王国へ続く道,Light Novel,1327,6.9,2015,https://cdn.myanimelist.net/images/manga/1/177272l.jpg
615,Gohan no Otomo,Side Dish Which Matches Rice Well,ごはんのおとも,Manga,1322,7.58,2015,https://cdn.myanimelist.net/images/manga/2/215623l.jpg
615,Sick Resume:Extra,,sick resume:extra,One-shot,1322,7.09,2015,https://cdn.myanimelist.net/images/manga/3/178358l.jpg
617,Lip ni Shadow,,リップにシャドウ,Manga,1317,6.61,2015,https://cdn.myanimelist.net/images/manga/2/166605l.jpg
618,"Itsumo no Jikan, Itsumo no Basho de.","At usual time, a usual place.",いつもの時間、いつもの場所で。,Manga,1314,7.61,2015,https://cdn.myanimelist.net/images/manga/3/200352l.jpg
618,Yukibana no Tora,,雪花の虎,Manga,1314,7.16,2015,https://cdn.myanimelist.net/images/manga/3/163505l.jpg
620,Shokugeki no Souma: Fratelli Aldini,,食戟のソーマ～Fratelli Aldini～,Light Novel,1312,7.14,2015,https://cdn.myanimelist.net/images/manga/2/165003l.jpg
621,Miraiken de Ai wo Tsumugeba,,未来圏で愛を紡げば,Manga,1311,6.95,2015,https://cdn.myanimelist.net/images/manga/1/203788l.jpg
622,Designs,,ディザインズ,Manga,1306,7.28,2015,https://cdn.myanimelist.net/images/manga/1/173083l.jpg
622,Liar,,liar,Manga,1306,6.3,2015,https://cdn.myanimelist.net/images/manga/3/196917l.jpg
624,Chuukan Kanriroku Tonegawa,,中間管理録 トネガワ,Manga,1302,7.21,2015,https://cdn.myanimelist.net/images/manga/1/197783l.jpg
625,Magazine Boys' Valentine!,,マガジンボーイズバレンタイン!,One-shot,1299,6.25,2015,https://cdn.myanimelist.net/images/manga/3/150492l.jpg
626,Saishuu Densha,The Last Train,最終電車,Manga,1297,7.17,2015,https://cdn.myanimelist.net/images/manga/3/225997l.jpg
627,Nanoha Yougashiten no Ii Shigoto,,なのは洋菓子店のいい仕事,Manga,1296,6.76,2015,https://cdn.myanimelist.net/images/manga/2/160832l.jpg
628,Koi to wa Yosou ga Tsukanai Mono de,,恋とは予想がつかないもので,One-shot,1289,6.9,2015,https://cdn.myanimelist.net/images/manga/4/337735l.jpg
629,Okujou no Yurirei-san Side B: Nakayoshi Quiz,Kindred Spirits on the Roof,屋上の百合霊さんSIDE B 仲良しクイズ,Manga,1286,7.04,2015,https://cdn.myanimelist.net/images/manga/3/156113l.jpg
630,Orihara Izaya to Series,,折原臨也と シリーズ,Light Novel,1284,7.43,2015,https://cdn.myanimelist.net/images/manga/2/278721l.jpg
631,Ageku no Hate no Kanon,And he arrived at the Kanon.,あげくの果てのカノン,Manga,1283,6.51,2015,https://cdn.myanimelist.net/images/manga/2/207330l.jpg
632,Paradigm Shift,,パラダイムシフト,Manga,1281,6.55,2015,https://cdn.myanimelist.net/images/manga/3/181955l.jpg
632,World's End Sabotage,,ワールズエンドサボタージ,One-shot,1281,6.4,2015,https://cdn.myanimelist.net/images/manga/1/156912l.jpg
634,Strange and Beautiful,,이상하고 아름다운,Manhwa,1276,7.1,2015,https://cdn.myanimelist.net/images/manga/2/211254l.jpg
635,A Painter Behind the Curtain,A Painter Behind the Curtain,대리화가,Manhwa,1271,7.7,2015,https://cdn.myanimelist.net/images/manga/2/253877l.jpg
635,Kiss yori mo Hayaku: Future,,キスよりも早く Future,Manga,1271,6.93,2015,https://cdn.myanimelist.net/images/manga/3/209576l.jpg
635,"Sayounara Ryuusei, Konnichiwa Jinsei","Good Bye, Dragon Life.",さようなら竜生、こんにちは人生,Light Novel,1271,6.83,2015,https://cdn.myanimelist.net/images/manga/1/189267l.jpg
638,Luger Code 1951,,ルガーコード1951,Manga,1269,6.53,2015,https://cdn.myanimelist.net/images/manga/1/170557l.jpg
639,Bleach: Beginning of the Revive of Tomorrow,,BLEACH Beginning of the revive of Tomorrow,Light Novel,1260,6.9,2015,https://cdn.myanimelist.net/images/manga/1/229356l.jpg
640,Ore to Aitsu no Jikangai xx,Our After-Hours XXX,オレとアイツの時間外××,Manga,1256,6.75,2015,https://cdn.myanimelist.net/images/manga/3/225129l.jpg
641,Ad Astra Per Aspera,,アド アストラ ペル アスペラ,Manga,1254,7.1,2015,https://cdn.myanimelist.net/images/manga/1/172690l.jpg
641,Seishun Away,,青春アウェー,Manga,1254,6.9,2015,https://cdn.myanimelist.net/images/manga/1/196694l.jpg
641,Shuuen no Elysion,The End of Elysion,終焉のエリュシオン,Manga,1254,6.73,2015,https://cdn.myanimelist.net/images/manga/1/166266l.jpg
644,Zetsubou no Trigger,,絶望のトリガー,One-shot,1253,6.58,2015,https://cdn.myanimelist.net/images/manga/1/166305l.jpg
645,Household Affairs,,"그집, 사정",Manhwa,1252,6.12,2015,https://cdn.myanimelist.net/images/manga/1/263423l.jpg
646,Kamisama Hajimemashita: Kurama-yama Yawa,,神様はじめました 鞍馬山夜話,Light Novel,1249,7.25,2015,https://cdn.myanimelist.net/images/manga/2/154677l.jpg
647,Golden Gold,Golden Gold,ゴールデンゴールド,Manga,1239,7.2,2015,https://cdn.myanimelist.net/images/manga/1/179482l.jpg
647,Taki Takanosuke no Sanpo Jikan,,瀧鷹之介の散歩時間,Manga,1239,7.23,2015,https://cdn.myanimelist.net/images/manga/2/165921l.jpg
649,Jashin Average,Average of Evil Gods,邪神アベレージ,Light Novel,1238,7.38,2015,https://cdn.myanimelist.net/images/manga/2/191047l.jpg
650,Bright Light Sprout,,ブライトライトスプラウト,Manga,1233,6.69,2015,https://cdn.myanimelist.net/images/manga/3/202522l.jpg
651,Aku Yori Aku,,悪より悪,Manga,1232,6.25,2015,https://cdn.myanimelist.net/images/manga/2/199974l.jpg
652,DNA wa Oshietekurenai,DNA Doesn't Tell Us,DNAは教えてくれない,Manga,1230,6.81,2015,https://cdn.myanimelist.net/images/manga/3/187854l.jpg
653,Elf Tensei kara no Cheat Kenkokuki,,エルフ転生からのチート建国記,Light Novel,1229,6.86,2015,https://cdn.myanimelist.net/images/manga/1/176390l.jpg
654,Koi wa Nanairo Shichihenge!?,,恋はナナイロ七変化!?,Manga,1228,7.1,2015,https://cdn.myanimelist.net/images/manga/2/222195l.jpg
655,"Hana ni, Kamitsuku",,花に、かみつく,Manga,1223,6.51,2015,https://cdn.myanimelist.net/images/manga/1/165654l.jpg
655,Nivawa to Saitou,,ニヴァウァと斎藤,Manga,1223,6.83,2015,https://cdn.myanimelist.net/images/manga/1/205023l.jpg
657,Shinmai Maou no Testament: Light!,The Testament of Sister New Devil,新妹魔王の契約者〈テスタメント〉 LIGHT!,Light Novel,1220,6.87,2015,https://cdn.myanimelist.net/images/manga/1/163494l.jpg
658,AI no Idenshi,,AIの遺電子,Manga,1215,6.69,2015,https://cdn.myanimelist.net/images/manga/1/194488l.jpg
659,ChäoS;Child,,ChäoS；Child,Manga,1208,7.18,2015,https://cdn.myanimelist.net/images/manga/3/290245l.jpg
660,Sex Friends,,セックスフレンズ,Manga,1206,6.29,2015,https://cdn.myanimelist.net/images/manga/3/182333l.jpg
661,MarudaSister,,まるだしすたー,Manga,1200,7.15,2015,https://cdn.myanimelist.net/images/manga/2/197777l.jpg
662,Aldnoah.Zero 2nd Season,,ALDNOAH.ZERO 2nd Season,Manga,1197,6.76,2015,https://cdn.myanimelist.net/images/manga/1/160919l.jpg
662,Shin Ikkitousen,,真・一騎当千,Manga,1197,,2015,https://cdn.myanimelist.net/images/manga/3/182686l.jpg
664,Otometic Syndrome,,乙女的〈おとめてぃっく〉シンドローム,Manga,1196,6.68,2015,https://cdn.myanimelist.net/images/manga/2/198447l.jpg
664,"Que Sera, Sera!","Que Sera, Sera!",케세라세라,Manhwa,1196,7.26,2015,https://cdn.myanimelist.net/images/manga/3/259451l.jpg
666,Melty Blood: Rojiura Nightmare,,MELTY BLOOD 路地裏ナイトメア,Manga,1195,6.73,2015,https://cdn.myanimelist.net/images/manga/1/190248l.jpg
667,Ultra Battle Satellite,Ultra Battle Satellite,Ultra Battle Satellite,Manga,1194,6.67,2015,https://cdn.myanimelist.net/images/manga/3/166253l.jpg
668,Umisaki Lilac,,海咲ライラック,Manga,1192,7.12,2015,https://cdn.myanimelist.net/images/manga/2/234541l.jpg
669,Best Blue,Best Blue,ベストブルー,Manga,1191,6.16,2015,https://cdn.myanimelist.net/images/manga/3/167379l.jpg
669,Trans Star,,トランススター,One-shot,1191,6.45,2015,https://cdn.myanimelist.net/images/manga/1/161922l.jpg
671,Bokura to Usagi no Koi wa Sensou,,僕らとうさぎの恋は戦争,Manga,1189,6.16,2015,https://cdn.myanimelist.net/images/manga/1/190884l.jpg
672,Kitto Aishiteshimaunda.,,きっと愛してしまうんだ。,Manga,1188,7.23,2015,https://cdn.myanimelist.net/images/manga/1/194948l.jpg
673,Studio Men,,STUDIO MEN,Doujinshi,1183,6.4,2015,https://cdn.myanimelist.net/images/manga/3/174226l.jpg
674,Vengeance,Vengeance,벤전스,Manhwa,1181,7.2,2015,https://cdn.myanimelist.net/images/manga/1/265744l.jpg
675,Brave Star☆Romantics,,ブレイブスター☆ロマンティクス,Manga,1180,6.54,2015,https://cdn.myanimelist.net/images/manga/2/179653l.jpg
676,Little Witch Academia: Tsukiyo no Oukan,,リトルウィッチアカデミア 月夜の王冠,Manga,1178,6.76,2015,https://cdn.myanimelist.net/images/manga/3/173360l.jpg
677,"Ore ga Ojousama Gakkou ni ""Shomin Sample"" Toshite Spin-off sareta Ken",,俺がお嬢様学校に「庶民サンプル」としてスピンオフされた件,Manga,1174,6.66,2015,https://cdn.myanimelist.net/images/manga/1/173130l.jpg
678,Ani ni Aisaresugite Komattemasu,,兄に愛されすぎて困ってます,Manga,1173,6.64,2015,https://cdn.myanimelist.net/images/manga/3/167642l.jpg
678,Zassou-tachi yo Taishi wo Idake,,雑草たちよ 大志を抱け,Manga,1173,7.22,2015,https://cdn.myanimelist.net/images/manga/1/192792l.jpg
680,Kageki no Kuni no Alice,,歌劇の国のアリス,Manga,1167,6.74,2015,https://cdn.myanimelist.net/images/manga/3/271864l.jpg
681,Guruguru Circus,,グるグルサーカス,One-shot,1166,6.19,2015,https://cdn.myanimelist.net/images/manga/2/224177l.jpg
682,Sennetsu,Latent Heat,潜熱,Manga,1162,6.58,2015,https://cdn.myanimelist.net/images/manga/3/198121l.jpg
683,Kyuuai Étranger,Courting Étranger,求愛エトランゼ,Manga,1159,7.38,2015,https://cdn.myanimelist.net/images/manga/1/219661l.jpg
684,Nagareboshi ni Negau hodo Bokura wa Sunao ja Nai,,流れ星に願うほど僕らは素直じゃない,Manga,1155,6.21,2015,https://cdn.myanimelist.net/images/manga/1/171715l.jpg
684,White Note Pad,,WHITE NOTE PAD,Manga,1155,6.2,2015,https://cdn.myanimelist.net/images/manga/3/169607l.jpg
686,Boku to Uchuujin,,僕と宇宙人,Manga,1154,6.55,2015,https://cdn.myanimelist.net/images/manga/1/198624l.jpg
687,Touken Ranbu Online Anthology Comic: Touken Danshi Makuaigeki,,刀剣乱舞-ONLINE-アンソロジーコミック～刀剣男士幕間劇～,Manga,1152,7.26,2015,https://cdn.myanimelist.net/images/manga/2/164842l.jpg
688,Hatsukoi Rhapsody,First love rhapsody,初恋ラプソディ,One-shot,1150,6.77,2015,https://cdn.myanimelist.net/images/manga/2/154694l.jpg
689,Ai wa Chittomo Raku ja Nai,,愛はちっとも楽じゃない,Manga,1149,6.75,2015,https://cdn.myanimelist.net/images/manga/2/193234l.jpg
690,Feng Ni Tianxia,Phoenix Goes Against the World,凤逆天下,Manhua,1148,6.97,2015,https://cdn.myanimelist.net/images/manga/1/228825l.jpg
691,My Dear Maid,,マイ・ディア・メイド,Manga,1144,7.35,2015,https://cdn.myanimelist.net/images/manga/1/212907l.jpg
692,Sugar Dog,,シュガードッグ,Manga,1139,6.69,2015,https://cdn.myanimelist.net/images/manga/3/197381l.jpg
693,Eto Irokoi-zoushi,,十二支〈えと〉色恋草子,Manga,1136,7.48,2015,https://cdn.myanimelist.net/images/manga/1/220671l.jpg
693,Ijimekko to Nakimushi-kun,The Bully and The Crybaby,いじめっ子と泣き虫くん,Manga,1136,6.65,2015,https://cdn.myanimelist.net/images/manga/1/215250l.jpg
693,Soushikikan to Watashi no Jijou,,総指揮官と私の事情,Manga,1136,6.16,2015,https://cdn.myanimelist.net/images/manga/1/224367l.jpg
696,Kimi wa Nanimo Shiranai,You don't know anything,君はなにも知らない,Manga,1133,6.59,2015,https://cdn.myanimelist.net/images/manga/3/163553l.jpg
696,Sakurako-san no Ashimoto ni wa Shitai ga Umatteiru,A Corpse is Buried Under Sakurako's Feet.,櫻子さんの足下には死体が埋まっている,Manga,1133,,2015,https://cdn.myanimelist.net/images/manga/2/167608l.jpg
698,xxxHOLiC Tokubetsu-hen,,『xxxHOLiC』特別編 inspired by スガシカオ『あなたひとりだけ 幸せになることは 許されないのよ』,One-shot,1127,7.03,2015,https://cdn.myanimelist.net/images/manga/2/168889l.jpg
699,Mononoke: Zashiki Warashi,,モノノ怪 ―座敷童子―,Manga,1123,7.31,2015,https://cdn.myanimelist.net/images/manga/3/167934l.jpg
700,"Aru Hi, Hyouhen shita Shinyuu ni Kokuhaku Saremashita.",,ある日、豹変した親友に告白されました。,Manga,1122,6.66,2015,https://cdn.myanimelist.net/images/manga/2/190602l.jpg
700,Tenjin,,天神-TENJIN-,Manga,1122,7.19,2015,https://cdn.myanimelist.net/images/manga/1/168686l.jpg
702,Genjui Toteku,,幻獣医トテク,One-shot,1121,6.76,2015,https://cdn.myanimelist.net/images/manga/3/189512l.jpg
703,Onna Kyoushi to Boku no Himitsu,,女教師と僕の秘密,Manga,1119,7.24,2015,https://cdn.myanimelist.net/images/manga/2/178206l.jpg
704,Tamayura Kitsune,,たまゆらきつね,Manga,1118,6.88,2015,https://cdn.myanimelist.net/images/manga/1/186928l.jpg
705,Animeta!,Animeta!,アニメタ!,Manga,1114,7.03,2015,https://cdn.myanimelist.net/images/manga/1/179107l.jpg
705,Momoiro Ome-Chen★,,桃色男女ちぇん★,Manga,1114,6.23,2015,https://cdn.myanimelist.net/images/manga/2/171959l.jpg
707,Heart Mark Motto Oome.,,はーとまーくもっと多め。,Manga,1113,6.9,2015,https://cdn.myanimelist.net/images/manga/1/288145l.jpg
708,Boku ga Boku de Aru Tame ni.,To be what I am.,僕が僕であるために。,Manga,1111,6.65,2015,https://cdn.myanimelist.net/images/manga/2/176008l.jpg
708,Tight-rope dj - Ittousei no Yoru,,一等星の夜,Doujinshi,1111,7.09,2015,https://cdn.myanimelist.net/images/manga/3/165928l.jpg
710,Monster Musume no Otoshikata,How to Conquer Monster Girls,モンスター娘の堕とし方,Manga,1110,7.4,2015,https://cdn.myanimelist.net/images/manga/1/243418l.jpg
711,Gourmet no Fukurami,,グルメのふくらみ,Manga,1105,6.41,2015,https://cdn.myanimelist.net/images/manga/1/223105l.jpg
712,Duel!,,DUEL!,Manga,1096,6.24,2015,https://cdn.myanimelist.net/images/manga/3/159650l.jpg
713,Kai Hana: Ochita Elf Tsuma,,快華-堕ちたエルフ妻-,Doujinshi,1095,6.68,2015,https://cdn.myanimelist.net/images/manga/2/174882l.jpg
713,Kitaru Harekake no Asu yo,,来たる晴れかけの明日よ,Manga,1095,7.5,2015,https://cdn.myanimelist.net/images/manga/3/220854l.jpg
715,Happy if You Died,,죽어도 좋아♡,Manhwa,1094,6.93,2015,https://cdn.myanimelist.net/images/manga/2/206365l.jpg
716,Kidou Senshi Gundam: Tekketsu no Orphans,Mobile Suit Gundam: Iron-Blooded Orphans,機動戦士ガンダム 鉄血のオルフェンズ,Manga,1093,7.54,2015,https://cdn.myanimelist.net/images/manga/2/173952l.jpg
716,Otonari wa 1-ken de 2-do Oishii,You may love either of the neighbors!,お隣は1軒で2度おいしい,Manga,1093,6.89,2015,https://cdn.myanimelist.net/images/manga/1/162811l.jpg
716,Suzume Favorite,,雀フェイバリット,Manga,1093,7.39,2015,https://cdn.myanimelist.net/images/manga/3/205636l.jpg
719,Just Be Friends,,Just Be Friends,Manga,1089,6.57,2015,https://cdn.myanimelist.net/images/manga/3/192129l.jpg
719,The Sweetest Man,The Sweetest Man,달콤한 남자,Manhwa,1089,7.07,2015,https://cdn.myanimelist.net/images/manga/3/260389l.jpg
721,Iwaihime,,祝姫,Manga,1080,6.32,2015,https://cdn.myanimelist.net/images/manga/3/172112l.jpg
722,Gokuto Jihen,,獄都事変,Manga,1078,7.14,2015,https://cdn.myanimelist.net/images/manga/3/170023l.jpg
723,Futakaku Kankei.,,双角カンケイ。,Manga,1077,6.66,2015,https://cdn.myanimelist.net/images/manga/2/187803l.jpg
724,Iya yo Iya yo mo?,,イヤよイヤよも?,Manga,1076,6.19,2015,https://cdn.myanimelist.net/images/manga/3/226707l.jpg
724,Prince of Stride: Galaxy Rush,,プリンス・オブ・ストライド GALAXY RUSH,Manga,1076,,2015,https://cdn.myanimelist.net/images/manga/3/170901l.jpg
724,Skin,,SKIN,Manga,1076,6.48,2015,https://cdn.myanimelist.net/images/manga/2/181587l.jpg
727,He Loves You,,ヒーラブズユー,Manga,1072,6.35,2015,https://cdn.myanimelist.net/images/manga/2/174204l.jpg
727,Mahou Shoujo no Kareinaru Yosei,The Life After Retirement of Magical Girls,魔法少女のカレイなる余生,Manga,1072,6.76,2015,https://cdn.myanimelist.net/images/manga/2/215883l.jpg
729,3-kai Mawatte Suki to Ie,,3回まわって好きと言え,Manga,1067,6.58,2015,https://cdn.myanimelist.net/images/manga/1/224349l.jpg
730,Tsumasaki Kara Aisarete,,つま先から愛されて,Manga,1064,6.39,2015,https://cdn.myanimelist.net/images/manga/3/183396l.jpg
731,Sakaki-san Satisfaction,Sakaki-san Satisfaction,榊さんサティスファクション,One-shot,1063,6.98,2015,https://cdn.myanimelist.net/images/manga/1/160244l.jpg
732,"Isekai ni Tensei Shitanda kedo Ore, Tensai tte Kanchigai Saretenai?","Me, a Genius? I Was Reborn into Another World and I Think They've Got the Wrong Idea!",異世界に転生したんだけど俺、天才って勘違いされてない？,Light Novel,1062,7.06,2015,https://cdn.myanimelist.net/images/manga/2/207071l.jpg
733,Appetite,Appetite,식욕,Manhwa,1061,6.96,2015,https://cdn.myanimelist.net/images/manga/1/259501l.jpg
734,3-gatsu no Lion Shouwa Ibun: Shakunetsu no Toki,,3月のライオン昭和異聞 灼熱の時代,Manga,1059,6.94,2015,https://cdn.myanimelist.net/images/manga/3/173990l.jpg
735,Goinkyo Maou no Hinichijou,,ご隠居魔王の非日常,Manga,1058,6.5,2015,https://cdn.myanimelist.net/images/manga/2/174642l.jpg
735,Himitsu ja Nai kedo: Yukimura Shuuji ni Tsuite no Kansatsu,,ヒミツじゃないけど ～幸村修二についての観察～,Manga,1058,7.41,2015,https://cdn.myanimelist.net/images/manga/1/179083l.jpg
737,Miss Guillotine,Miss Guillotine,징벌 소녀,Manhwa,1057,7.23,2015,https://cdn.myanimelist.net/images/manga/1/261743l.jpg
737,Otoko Yamome mo Hana wa Saku,,男やもめも花は咲く,Manga,1057,7.52,2015,https://cdn.myanimelist.net/images/manga/1/227608l.jpg
739,Shitayomi Danshi to Toukou Joshi,,下読み男子と投稿女子,Light Novel,1056,7.51,2015,https://cdn.myanimelist.net/images/manga/2/158448l.jpg
740,Watashi ga Iutoori ni Naru,,私が言うとおりになる,Manga,1055,6.45,2015,https://cdn.myanimelist.net/images/manga/2/166584l.jpg
741,Daraku no Ou,Sloth Devil,堕落の王,Light Novel,1047,7.59,2015,https://cdn.myanimelist.net/images/manga/2/215099l.jpg
741,Yama to Shokuyoku to Watashi,,山と食欲と私,Manga,1047,6.82,2015,https://cdn.myanimelist.net/images/manga/2/185831l.jpg
743,Shikabane Shoujo to Kakanai Gaka,,しかばね少女と描かない画家,Manga,1046,6.68,2015,https://cdn.myanimelist.net/images/manga/3/200834l.jpg
744,Yuuwaku Office,,誘惑オフィス,Manga,1043,7.13,2015,https://cdn.myanimelist.net/images/manga/1/181397l.jpg
745,A.,,A．【アンサー】,Manga,1040,6.52,2015,https://cdn.myanimelist.net/images/manga/1/174437l.jpg
746,"Kemonokko Tsuushin: Risou no Kemomusume, Anata ni Otodoke♥",Animal Girl Hotline,けものっ娘通信～理想のケモ娘、あなたにお届け♥～,Manga,1039,7.28,2015,https://cdn.myanimelist.net/images/manga/3/248094l.jpg
747,Aiiro Ningyo,,藍色人魚,Doujinshi,1037,6.86,2015,https://cdn.myanimelist.net/images/manga/3/180195l.jpg
748,Boku no Kawaii Stalker,,僕のかわいいストーカー,Manga,1036,6.64,2015,https://cdn.myanimelist.net/images/manga/1/224030l.jpg
748,Zatsuon,The Noise,雑音,Manga,1036,6.67,2015,https://cdn.myanimelist.net/images/manga/3/200869l.jpg
750,Bakuman.,,バクマン。,Light Novel,1035,7.24,2015,https://cdn.myanimelist.net/images/manga/3/165948l.jpg
751,Ichibanboshi Kirari,,いちばん星キラリ,Manga,1033,6.82,2015,https://cdn.myanimelist.net/images/manga/1/172315l.jpg
751,Shunkan Lyle,,瞬間ライル,Manga,1033,6.62,2015,https://cdn.myanimelist.net/images/manga/1/178177l.jpg
751,"Yuukyuu no Gusha Asley no, Kenja no Susume","The Principle of a Philosopher by Eternal Fool ""Asley""",悠久の愚者アズリーの、賢者のすゝめ,Light Novel,1033,7.04,2015,https://cdn.myanimelist.net/images/manga/3/163367l.jpg
754,Konna Mirai wa Kiitenai!!,,こんな未来は聞いてない!!,Manga,1030,6.93,2015,https://cdn.myanimelist.net/images/manga/3/179275l.jpg
755,Hitorijime,You're All Mine,ひとりじめ,Manga,1026,6.92,2015,https://cdn.myanimelist.net/images/manga/3/247314l.jpg
756,"Sex Friend Ijou, Koibito Miman!",More than sex friends but less than lover,セフレ以上、恋人未満！,Manga,1024,6.46,2015,https://cdn.myanimelist.net/images/manga/3/197018l.jpg
756,Watashi no Tomodachi ga Sekaiichi Kawaii,,わたしの友達が世界一かわいい,Manga,1024,6.28,2015,https://cdn.myanimelist.net/images/manga/2/223953l.jpg
758,Shinyaku Märchen,,新約Märchen,Manga,1022,7.12,2015,https://cdn.myanimelist.net/images/manga/3/177838l.jpg
758,Shoujo wa Irozuku Yuri ni Koi wo Suru,Girls in Bloom,少女は色づく百合に恋をする,Manga,1022,7.25,2015,https://cdn.myanimelist.net/images/manga/2/282442l.jpg
760,Punch Line Max,,パンチラインMAX,Manga,1014,,2015,https://cdn.myanimelist.net/images/manga/1/194340l.jpg
761,Wakarazuya no Renai Houteishiki,love equation of blockhead,わからずやの恋愛方程式,Manga,1008,6.86,2015,https://cdn.myanimelist.net/images/manga/3/229794l.jpg
762,Boku no High Spec Kareshi-sama,My High-Spec Darling,僕のハイスペック彼氏様,Manga,1006,6.71,2015,https://cdn.myanimelist.net/images/manga/1/192468l.jpg
762,Hamedori no Yatsu♥,,HAMEDORI no YATSU♥,Doujinshi,1006,7.06,2015,https://cdn.myanimelist.net/images/manga/1/243646l.jpg
764,Ookami-san to Eroi Koto,There's a Wolf in My Bed,オオカミさんとえろいこと,Manga,1005,6.28,2015,https://cdn.myanimelist.net/images/manga/1/220955l.jpg
764,Shinwa Densetsu no Eiyuu no Isekaitan,The Mythical Hero's Otherworld Chronicles,神話伝説の英雄の異世界譚,Light Novel,1005,6.92,2015,https://cdn.myanimelist.net/images/manga/2/177672l.jpg
766,Boku Girl: Boku no Arbeit,,ボクガール ボクのアルバイト,Light Novel,1004,7.17,2015,https://cdn.myanimelist.net/images/manga/2/164142l.jpg
767,Kai to AlternaRock,,貝とオルタナロック,Manga,1002,6.36,2015,https://cdn.myanimelist.net/images/manga/3/220264l.jpg
767,Saenai Heroine no Sodatekata: Girls Side,,冴えない彼女〈ヒロイン〉の育てかた Girls Side,Light Novel,1002,7.22,2015,https://cdn.myanimelist.net/images/manga/1/191811l.jpg
769,Mushroom,,マッシュルーム,Manga,1001,6.17,2015,https://cdn.myanimelist.net/images/manga/3/161649l.jpg
770,From Green Kitchen,,フロム・グリーンキッチン,Manga,1000,7.3,2015,https://cdn.myanimelist.net/images/manga/1/215911l.jpg
770,Mahou Shoujo nante Mou Ii desukara.,,魔法少女なんてもういいですから。,Manga,1000,6.51,2015,https://cdn.myanimelist.net/images/manga/2/171342l.jpg
772,Drug Candy,Drug Candy,드러그캔디,Manhwa,998,6.72,2015,https://cdn.myanimelist.net/images/manga/2/260293l.jpg
773,Ahiru no Oujisama,The Duck Prince,アヒルの王子様,Manga,996,6.72,2015,https://cdn.myanimelist.net/images/manga/2/224390l.jpg
774,Douluo Dalu Waichuan: Shenjie Chuanshuo,,斗罗大陆外传神界传说,Manhua,994,6.84,2015,https://cdn.myanimelist.net/images/manga/3/224581l.jpg
774,Occultic;Nine,,Occultic;Nine,Manga,994,,2015,https://cdn.myanimelist.net/images/manga/3/175557l.jpg
776,Adashino-san wa Sude ni Shinderu.,,化野さんはすでに死んでる。,Manga,991,6.61,2015,https://cdn.myanimelist.net/images/manga/1/187982l.jpg
776,Satori-kun to Tsundere-kun,,サトリ君とツンデレ君,Manga,991,6.74,2015,https://cdn.myanimelist.net/images/manga/1/185398l.jpg
778,Caste Heaven dj - Cachuto Heaven,,かーちゅとへぶん,Doujinshi,988,6.56,2015,https://cdn.myanimelist.net/images/manga/3/173020l.jpg
779,Hisshou Dungeon Unei Houhou,,必勝ダンジョン運営方法,Light Novel,984,6.71,2015,https://cdn.myanimelist.net/images/manga/2/179006l.jpg
779,Kimi wo Sasou Uzuki Ana,,キミを誘う疼き穴,Manga,984,6.83,2015,https://cdn.myanimelist.net/images/manga/3/193679l.jpg
781,Ore no Pantsu ga Hitojichi ni Torareteimasu,My Underwear Is Being Held Hostage,俺のパンツが人質に取られています,Manga,983,6.27,2015,https://cdn.myanimelist.net/images/manga/3/222312l.jpg
782,Car Graffiti JK,,カーグラフィティJK,Manga,982,6.74,2015,https://cdn.myanimelist.net/images/manga/3/164605l.jpg
783,Saseyo Eroika,,させよエロイカ,Manga,979,6.22,2015,https://cdn.myanimelist.net/images/manga/1/166326l.jpg
783,Ātrail: Nisekai-teki Nichijou to Senmetsu Element,,ĀTRAIL －ニセカヰ的日常と殲滅エレメント－,Manga,979,6.4,2015,https://cdn.myanimelist.net/images/manga/2/171981l.jpg
785,Love Muchi!,,らぶむち！,Manga,976,7.05,2015,https://cdn.myanimelist.net/images/manga/2/205869l.jpg
785,Uchi no Ani no Renai Jijou,,うちの兄の恋愛事情,Manga,976,6.95,2015,https://cdn.myanimelist.net/images/manga/1/196734l.jpg
787,Gunjou ni Siren,,群青にサイレン,Manga,968,6.85,2015,https://cdn.myanimelist.net/images/manga/1/168246l.jpg
788,Minpou Kaisei: Nihon wa Ipputasaisei ni Natta,,民法改正～日本は一夫多妻制になった～,Manga,967,6.38,2015,https://cdn.myanimelist.net/images/manga/2/173864l.jpg
789,Dai-3 no Gideon,,第3のギデオン,Manga,963,6.82,2015,https://cdn.myanimelist.net/images/manga/1/167645l.jpg
789,Kimi no Kureru Mazui Ame: Fuyumushi Kaiko Sakuhinshuu,Bad candy you give me,君のくれるまずい飴 冬虫カイコ作品集,Manga,963,6.63,2015,https://cdn.myanimelist.net/images/manga/2/220925l.jpg
791,"Tensei shichatta yo (Iya, Gomen)",,転生しちゃったよ （いや、ごめん）,Light Novel,960,6.89,2015,https://cdn.myanimelist.net/images/manga/3/192865l.jpg
792,Watashi no Joushi,He is my boss.,わたしの上司,Manga,959,7.05,2015,https://cdn.myanimelist.net/images/manga/3/165623l.jpg
793,Lady & Oldman,,レディ＆オールドマン,Manga,955,7.16,2015,https://cdn.myanimelist.net/images/manga/3/180386l.jpg
794,Fate/mahjong night Seihai Sensou,,Fate/mahjong night 聖牌戦争,Manga,954,6.33,2015,https://cdn.myanimelist.net/images/manga/1/185284l.jpg
795,Junjou→←Haraguro Kareshi,,純情→←腹黒カレシ,Manga,953,6.13,2015,https://cdn.myanimelist.net/images/manga/1/192087l.jpg
796,Little Bitch Planet,,LITTLE BITCH PLANET リトルビッチプラネト,Doujinshi,946,7.08,2015,https://cdn.myanimelist.net/images/manga/3/155775l.jpg
797,Housekishou Richard-shi no Nazo Kantei,The Case Files of Jeweler Richard,宝石商リチャード氏の謎鑑定,Novel,945,7.61,2015,https://cdn.myanimelist.net/images/manga/3/258023l.jpg
798,Kakushigoto,I Have a Secret,か「」く「」し「」ご「」と「,Novel,943,7.12,2015,https://cdn.myanimelist.net/images/manga/3/248754l.jpg
798,Soukyuu Boys,,送球ボーイズ,Manga,943,6.86,2015,https://cdn.myanimelist.net/images/manga/2/193676l.jpg
800,Takunomi.,,たくのみ。,Manga,939,,2015,https://cdn.myanimelist.net/images/manga/1/200199l.jpg
801,Netorare Kataomoi,,ネトラレ片思い,Manga,938,6.93,2015,https://cdn.myanimelist.net/images/manga/1/203536l.jpg
802,Retsujou Love Cross,Lust vs. Love,劣情ラブクロス,Manga,937,6.75,2015,https://cdn.myanimelist.net/images/manga/4/207999l.jpg
803,Cremators,,クリメイターズ,One-shot,936,6.43,2015,https://cdn.myanimelist.net/images/manga/2/170162l.jpg
804,Yuta-san wa Mama Naranai!,,ゆたさんはままならない！,Manga,935,6.73,2015,https://cdn.myanimelist.net/images/manga/3/196157l.jpg
805,Shitsukekata wa Nijuumaru,,躾け方＝にじゅうまる,Manga,934,6.75,2015,https://cdn.myanimelist.net/images/manga/3/179360l.jpg
806,Rifle Is Beautiful,,ライフル・イズ・ビューティフル,Manga,931,6.37,2015,https://cdn.myanimelist.net/images/manga/2/201996l.jpg
807,Mujikaku Love Factor,Unawareness Love factor,無自覚ラブファクター,Manga,930,6.56,2015,https://cdn.myanimelist.net/images/manga/2/181868l.jpg
808,Ao no Kanata no Four Rhythm,,蒼の彼方のフォーリズム,Manga,927,6.89,2015,https://cdn.myanimelist.net/images/manga/3/172316l.jpg
809,Akai Ringo no Nakami Jijou,,赤い林檎の中身事情,Manga,924,6.63,2015,https://cdn.myanimelist.net/images/manga/1/231800l.jpg
810,Boku wa Kimi no Iinari,Wrapped Around Your Little Finger,僕は君のいいなり,Manga,918,6.56,2015,https://cdn.myanimelist.net/images/manga/2/228463l.jpg
811,Gate: Teikoku no Bara Kishidan - Piña Co Lada 14-sai,,ゲート 帝国の薔薇騎士団 ピニャ・コ・ラーダ14歳,Manga,917,6.59,2015,https://cdn.myanimelist.net/images/manga/3/179298l.jpg
812,Bocchan to Maid,,坊っちゃんとメイド,Manga,912,6.89,2015,https://cdn.myanimelist.net/images/manga/2/189895l.jpg
813,HaruChika,,ハルチカ,Manga,908,,2015,https://cdn.myanimelist.net/images/manga/3/170383l.jpg
814,Hunky Dory,,ハンキー・ドリー,Manga,906,6.53,2015,https://cdn.myanimelist.net/images/manga/2/178500l.jpg
814,Q.E.D. iff: Shoumei Shuuryou,,Q.E.D. iff ―証明終了―,Manga,906,7.55,2015,https://cdn.myanimelist.net/images/manga/3/160095l.jpg
816,Ginrou Blood Bone,"Silver Wolf, Blood, Bone",銀狼ブラッドボーン,Manga,905,6.82,2015,https://cdn.myanimelist.net/images/manga/2/163836l.jpg
816,Navy Blue no Hoshizora,Under the Navy Blue Starry Sky,ネイビーブルーの星空,One-shot,905,6.71,2015,https://cdn.myanimelist.net/images/manga/2/338400l.jpg
816,Toaru Majutsu no Heavy na Zashiki Warashi ga Kantan na Satsujinki no Konkatsu Jijou,,とある魔術のヘヴィーな座敷童が簡単な殺人妃の婚活事情,Light Novel,905,6.98,2015,https://cdn.myanimelist.net/images/manga/3/149877l.jpg
819,Baby★Love Sitter,Baby★Love Sitter,ベイビー★ラブシッター,Manga,903,7.15,2015,https://cdn.myanimelist.net/images/manga/2/227220l.jpg
820,Osaekirenai Kono Kimochi,,おさえきれないこの情欲〈キモチ〉,Manga,890,6.83,2015,https://cdn.myanimelist.net/images/manga/3/201358l.jpg
821,Naruto: Fuu no Sho - Sugao no Shinjitsu...!!,,NARUTO―ナルト― 風の書：素顔の真実…!!,One-shot,889,6.55,2015,https://cdn.myanimelist.net/images/manga/2/270509l.jpg
822,Kirakira-kun to Imaichi-kun,"You're a Shining Star, I'm a Clumsy Boy",キラキラくんとイマイチくん,Manga,888,6.55,2015,https://cdn.myanimelist.net/images/manga/2/229050l.jpg
823,Monochrome: Teito Ninpouchou,,モノクローム～帝都忍法帖～,Manga,887,6.57,2015,https://cdn.myanimelist.net/images/manga/2/167331l.jpg
824,Karin wo Idaita Shoujo,A Girl Holding the Sun,火輪を抱いた少女,Light Novel,886,7.73,2015,https://cdn.myanimelist.net/images/manga/2/176441l.jpg
824,Misanthrope na Kanojo,,ミザントロープな彼女,Manga,886,6.13,2015,https://cdn.myanimelist.net/images/manga/3/192857l.jpg
824,Tensei Oujo wa Kyou mo Flag wo Tatakioru,The Reincarnated Princess Spends Another Day Skipping Story Routes,転生王女は今日も旗〈フラグ〉を叩き折る,Light Novel,886,7.05,2015,https://cdn.myanimelist.net/images/manga/1/193986l.jpg
827,Lian Shi Yingcaose,Love Like Cherry Blossoms,恋是樱草色,Manhua,885,7.73,2015,https://cdn.myanimelist.net/images/manga/3/268903l.jpg
828,Anata to Taberu Shiawase wo: Maki to Hanazawa,,あなたと食べるしあわせを ‐槙と花澤‐,Manga,882,7.5,2015,https://cdn.myanimelist.net/images/manga/3/246855l.jpg
828,Ano Ko wa Sore wo Gaman Dekinai,The Boy Can't Help It,あのこはソレを我慢できない,Manga,882,6.64,2015,https://cdn.myanimelist.net/images/manga/1/226844l.jpg
830,Guyabano Holiday,Guyabano Holiday,グヤバノ・ホリデー,Manga,879,7.47,2015,https://cdn.myanimelist.net/images/manga/3/239055l.jpg
831,Pretty Wimps,,Pretty Wimps,Manga,877,6.4,2015,https://cdn.myanimelist.net/images/manga/2/238028l.jpg
832,PCP: Kotou no Kodomotachi,,PCP-完全犯罪党- 孤島の子供たち,Light Novel,873,,2015,https://cdn.myanimelist.net/images/manga/3/164984l.jpg
832,Take to Kota to Aoto,"Take, Kota & Aoto",タケトコタトアオト,Manga,873,7.08,2015,https://cdn.myanimelist.net/images/manga/2/246133l.jpg
834,Mashuri no Hako,A Box of Mashuri,マシュリの匣,Manga,870,5.46,2015,https://cdn.myanimelist.net/images/manga/2/173979l.jpg
834,Touken Ranbu Gakuen,,刀剣乱舞学園 ～刀剣乱舞－ONLINE－ アンソロジーコミック～,Manga,870,6.89,2015,https://cdn.myanimelist.net/images/manga/2/168991l.jpg
834,Undead Girl Murder Farce,,アンデッドガール・マーダーファルス,Novel,870,,2015,https://cdn.myanimelist.net/images/manga/3/284250l.jpg
837,Navigatoria ni Koi,My Beloved North Star,ナビガトリアに恋,Manga,863,7.0,2015,https://cdn.myanimelist.net/images/manga/1/236950l.jpg
838,Achira Kochira Bokura,Here and There and Us,あちらこちらぼくら,Manga,861,7.41,2015,https://cdn.myanimelist.net/images/manga/3/224243l.jpg
839,Alien 9 Next,,エイリアン9ネクスト,Doujinshi,859,5.06,2015,https://cdn.myanimelist.net/images/manga/3/223530l.jpg
840,Yoru no Sakana,,夜の魚,Manga,856,6.74,2015,https://cdn.myanimelist.net/images/manga/3/220192l.jpg
841,Valkyrie Drive: Bhikkhunism,,ヴァルキリードライヴ ビクニズム,Manga,853,6.15,2015,https://cdn.myanimelist.net/images/manga/3/186049l.jpg
842,Cyborg 009 VS Devilman: Breakdown,,サイボーグ009 VS デビルマン ―BREAKDOWN―,Manga,852,5.99,2015,https://cdn.myanimelist.net/images/manga/1/176612l.jpg
842,Sougo Tairitsu Frustration,Polarity Frustration,相互対立フラストレーション,One-shot,852,6.62,2015,https://cdn.myanimelist.net/images/manga/2/224683l.jpg
844,Zekkyou Gakkyuu: Tensei,,絶叫学級 転生,Manga,850,,2015,https://cdn.myanimelist.net/images/manga/1/175285l.jpg
845,Toaru Majutsu no Heavy na Zashiki Warashi ga Kantan na Satsujinki no Konkatsu Jijou,,とある魔術のヘヴィーな座敷童が簡単な殺人妃の婚活事情,Manga,848,7.11,2015,https://cdn.myanimelist.net/images/manga/3/169853l.jpg
846,Houshin shinai Engi,,封神しない演義,Manga,847,6.7,2015,https://cdn.myanimelist.net/images/manga/2/174648l.jpg
847,"Onegai, Sore wo Yamenaide","Please, I Just Want It More",お願い、それをやめないで,Manga,846,6.88,2015,https://cdn.myanimelist.net/images/manga/1/161178l.jpg
848,Last Waltz,,ラストワルツ,Manga,845,6.33,2015,https://cdn.myanimelist.net/images/manga/2/169652l.jpg
849,Gal-Bitch Shounen no Insei,,ギャルビッチ少年の淫性,Doujinshi,844,6.95,2015,https://cdn.myanimelist.net/images/manga/1/171502l.jpg
850,Arachnid x Caterpillar x Killing Bites: Onna 6-nin (?) Onsen Monogatari,,アラクニド×キャタピラー×キリングバイツ 女6人(？)温泉物語,One-shot,843,5.78,2015,https://cdn.myanimelist.net/images/manga/2/151421l.jpg
851,Himouto! Umaru-chan N,,干物妹！うまるちゃんN,Light Novel,842,7.1,2015,https://cdn.myanimelist.net/images/manga/2/171219l.jpg
852,Makura Uo,,枕魚,Manga,840,7.26,2015,https://cdn.myanimelist.net/images/manga/3/167219l.jpg
853,Dessert Eagle,Desert Eagle,デザートイーグル,Manga,838,6.83,2015,https://cdn.myanimelist.net/images/manga/1/167492l.jpg
854,Bakemono Ecchi,Monster Smash,ばけものえっち,Manga,837,7.19,2015,https://cdn.myanimelist.net/images/manga/3/211477l.jpg
855,Youkai Niisan,Yokai Rental Shop,妖飼兄さん,Manga,836,6.84,2015,https://cdn.myanimelist.net/images/manga/3/202968l.jpg
856,Kuro Ookami to Gingitsune,,黒狼と銀狐,Manga,834,7.19,2015,https://cdn.myanimelist.net/images/manga/3/157574l.jpg
857,Hoshikuzu Gakuen C Course,,星くず学園Cコース,Manga,833,7.04,2015,https://cdn.myanimelist.net/images/manga/1/174438l.jpg
858,Bokura no Himitsu.,,ぼくらのヒミツ。,Manga,831,6.83,2015,https://cdn.myanimelist.net/images/manga/3/179101l.jpg
859,Soredemo Ore no Mono ni Naru,You'll Be Mine Anyway,それでも俺のものになる,Manga,830,6.64,2015,https://cdn.myanimelist.net/images/manga/2/192568l.jpg
860,Kirari Books Meisouchuu!,,きらりブックス迷走中！,Manga,824,6.22,2015,https://cdn.myanimelist.net/images/manga/1/244623l.jpg
861,Masaki no Pan,,聖樹のパン,Manga,822,6.72,2015,https://cdn.myanimelist.net/images/manga/2/181879l.jpg
862,"Log Horizon: Kanami, Go! East!",,ログ・ホライズン カナミ、ゴー！イースト！,Manga,820,,2015,https://cdn.myanimelist.net/images/manga/2/179136l.jpg
862,Vampire Killer,,ヴァンパイアキラー,One-shot,820,6.04,2015,https://cdn.myanimelist.net/images/manga/1/187927l.jpg
864,"Kouritsuchuu Madoushi, Daini no Jinsei de Madou wo Kiwameru",,効率厨魔導師、第二の人生で魔導を極める,Light Novel,819,6.99,2015,https://cdn.myanimelist.net/images/manga/2/181767l.jpg
865,Daikousha Nagi,,大攻者ナギ,Manga,818,6.06,2015,https://cdn.myanimelist.net/images/manga/2/169101l.jpg
865,Kawaii Senpai no Kaigoroshikata,,可愛い先輩の飼い殺し方,Manga,818,6.09,2015,https://cdn.myanimelist.net/images/manga/3/224143l.jpg
867,18-sai no Himitsu,,18歳のひみつ,One-shot,817,6.35,2015,https://cdn.myanimelist.net/images/manga/1/191791l.jpg
867,Drop Frame,,ドロップフレーム,Manga,817,6.91,2015,https://cdn.myanimelist.net/images/manga/3/161648l.jpg
869,Chitei Ryokou,,地底旅行,Manga,813,7.12,2015,https://cdn.myanimelist.net/images/manga/1/174739l.jpg
870,Toshishita Kareshi ni Hirowaremashita,,年下彼氏に拾われました,Manga,812,6.83,2015,https://cdn.myanimelist.net/images/manga/3/212070l.jpg
871,Zettai Fukujuu Idol,,絶対服従アイドル,Manga,803,5.81,2015,https://cdn.myanimelist.net/images/manga/3/165815l.jpg
872,Ari no Ou,King of the Ants,蟻の王,Manga,801,6.9,2015,https://cdn.myanimelist.net/images/manga/3/182271l.jpg
872,Lien no Tou yori,,リヤンの塔より,One-shot,801,6.63,2015,https://cdn.myanimelist.net/images/manga/3/168149l.jpg
874,Dolls,,ドールズ,Manga,800,7.15,2015,https://cdn.myanimelist.net/images/manga/3/246542l.jpg
874,Kamigoroshi no Eiyuu to Ermenhilde,,神殺しの英雄と七つの誓約〈エルメンヒルデ〉,Light Novel,800,7.03,2015,https://cdn.myanimelist.net/images/manga/1/163818l.jpg
876,Concrete Revolutio: Choujin Gensou,Concrete Revolutio: The Complete Saga,コンクリート・レボルティオ～超人幻想～,Manga,799,6.07,2015,https://cdn.myanimelist.net/images/manga/2/166270l.jpg
876,Kuronou Syndrome,Black Brain Syndrome,黒脳シンドローム,Manga,799,,2015,https://cdn.myanimelist.net/images/manga/3/229577l.jpg
878,Kirakira☆Study: Zettai Goukaku Sengen,Kirakira☆Study: Pass the University Absolutely,きらきら☆スタディー ～絶対合格宣言～,Manga,798,6.98,2015,https://cdn.myanimelist.net/images/manga/2/234913l.jpg
878,Why Did Men Stop Wearing High Heels?,Why Did Men Stop Wearing High Heels?,그 남자의 하이힐,Manhwa,798,7.15,2015,https://cdn.myanimelist.net/images/manga/3/259673l.jpg
880,Ore no Kaikata Shikarikata,"How to Keep Me, and How to Scold",俺の飼い方叱り方,Manga,797,6.84,2015,https://cdn.myanimelist.net/images/manga/1/190893l.jpg
881,Gunjou Noise,Deep Blue Static,群青ノイズ,Manga,792,7.13,2015,https://cdn.myanimelist.net/images/manga/1/216524l.jpg
882,Saigo no Worst,,最後のWORST,Manga,789,6.93,2015,https://cdn.myanimelist.net/images/manga/3/162905l.jpg
883,Sunggi's Study Group,Sunggi's Study Group,나성기의 스터디,Manhwa,788,6.2,2015,https://cdn.myanimelist.net/images/manga/3/265660l.jpg
884,Beyblade Burst,,ベイブレードバースト,Manga,783,7.37,2015,https://cdn.myanimelist.net/images/manga/2/172319l.jpg
885,Ore no 100-wame!!,,俺の100話目!!,Manga,780,6.17,2015,https://cdn.myanimelist.net/images/manga/3/177473l.jpg
886,Kyuuhankagai Fukurokouji,,旧繁華街袋小路,Manga,779,6.43,2015,https://cdn.myanimelist.net/images/manga/1/236537l.jpg
886,Wagamama mo Kimi no Tame Nara Ikura demo,,わがままもキミのためならいくらでも,Manga,779,6.66,2015,https://cdn.myanimelist.net/images/manga/1/208342l.jpg
888,Heroine Voice,,ヒロインボイス,Manga,776,6.58,2015,https://cdn.myanimelist.net/images/manga/3/174706l.jpg
889,Ikemen no Senpai ga Jitsu wa Doutei de Junjou deshita,,イケメンの先輩が実は童貞で純情でした,Manga,775,6.5,2015,https://cdn.myanimelist.net/images/manga/2/205406l.jpg
890,Ai Midarete,,愛淫レテ,Doujinshi,774,6.51,2015,https://cdn.myanimelist.net/images/manga/2/174886l.jpg
890,Color Chart wo Kimi ni,Color Chart to You,カラーチャートをキミに,Manga,774,6.74,2015,https://cdn.myanimelist.net/images/manga/3/233969l.jpg
892,Sakura*Nadeshiko,,サクラ＊ナデシコ,Manga,773,6.26,2015,https://cdn.myanimelist.net/images/manga/2/174782l.jpg
892,Sensei Punch!,,先生パンチ!,Manga,773,6.25,2015,https://cdn.myanimelist.net/images/manga/2/228192l.jpg
892,Subete ga F ni Naru,The Perfect Insider,すべてがFになる -THE PERFECT INSIDER-,Manga,773,,2015,https://cdn.myanimelist.net/images/manga/2/166579l.jpg
895,Koi to Yobu ni wa Hayasugiru,,恋と呼ぶには早すぎる,Manga,768,6.66,2015,https://cdn.myanimelist.net/images/manga/2/256692l.jpg
896,Naruto: Rai no Sho - Ai wo Utareta Kemono!!,,NARUTO―ナルト― 雷の書：愛を射たれた獣!!,One-shot,761,6.38,2015,https://cdn.myanimelist.net/images/manga/2/270512l.jpg
897,Dagashi Kashi: Mou Hitotsu no Natsuyasumi,,だがしかし もうひとつの夏休み,Light Novel,758,,2015,https://cdn.myanimelist.net/images/manga/3/168408l.jpg
898,Konomi ja Nakato,,好みじゃなかと,Manga,757,7.41,2015,https://cdn.myanimelist.net/images/manga/1/222173l.jpg
899,Doutei-sama no Omou ga Mama,,童貞様の思うがまま,Manga,752,6.56,2015,https://cdn.myanimelist.net/images/manga/3/225116l.jpg
900,Midori-kun wa Junjou,,緑くんは純情,Manga,751,6.54,2015,https://cdn.myanimelist.net/images/manga/2/179448l.jpg
901,Himekishi-san to Orc,The Princess Knight and the Kind Orc,姫騎士さんとオーク,Manga,746,6.28,2015,https://cdn.myanimelist.net/images/manga/2/207575l.jpg
902,Anemone,,姉もね,One-shot,745,6.61,2015,https://cdn.myanimelist.net/images/manga/3/161431l.jpg
903,Crisis Girls,Crisis Girls,クライシス・ガールズ,Manga,742,6.67,2015,https://cdn.myanimelist.net/images/manga/2/179089l.jpg
904,Souen no Historia: Shintaku Shoujo no Biblion,,創炎のヒストリア 神託少女の創世録〈ビブリオン〉,Light Novel,741,,2015,https://cdn.myanimelist.net/images/manga/2/159010l.jpg
905,K: Dream of Green,,K -ドリーム・オブ・グリーン-,Manga,739,7.1,2015,https://cdn.myanimelist.net/images/manga/2/176948l.jpg
905,Ohayou Sex,,おはようせっくす,Doujinshi,739,7.07,2015,https://cdn.myanimelist.net/images/manga/2/204512l.jpg
907,Inferno,,インフェルノ,Manga,737,6.91,2015,https://cdn.myanimelist.net/images/manga/2/173142l.jpg
908,Chouchou Nannan: 2nd,,喋喋喃喃：2nd,Doujinshi,736,6.81,2015,https://cdn.myanimelist.net/images/manga/3/155525l.jpg
908,Egao wo Sakasete,Let your Smile Bloom,笑顔を咲かせて,Manga,736,6.86,2015,https://cdn.myanimelist.net/images/manga/1/186118l.jpg
908,Hatsukoi wo Kojirasesugiruna,Getting Over My First Love,初恋をこじらせすぎるな,Manga,736,6.54,2015,https://cdn.myanimelist.net/images/manga/3/223360l.jpg
911,Usagi to Kame Series,,兎と亀シリーズ,Doujinshi,734,6.65,2015,https://cdn.myanimelist.net/images/manga/2/232444l.jpg
912,Grimoire x Reverse: Tensei Kijin Romantan,,グリモワール×リバース～転生鬼神浪漫譚～,Manga,732,6.63,2015,https://cdn.myanimelist.net/images/manga/1/173956l.jpg
912,Kichijouji dake ga Sumitai Machi desu ka?,Is Kichijoji the Only Place to Live?,吉祥寺だけが住みたい街ですか？,Manga,732,,2015,https://cdn.myanimelist.net/images/manga/3/189242l.jpg
914,Honjitsu no Burger,Today's Burger,本日のバーガー,Manga,731,,2015,https://cdn.myanimelist.net/images/manga/1/200526l.jpg
915,"Makikomarete Isekai Teni suru Yatsu wa, Taitei Cheat",He is a matchless warrior in different-dimension world!!,巻き込まれて異世界転移する奴は、大抵チート,Light Novel,729,6.56,2015,https://cdn.myanimelist.net/images/manga/3/172829l.jpg
916,Midnight Make Love,,ミッドナイト・メイク・ラブ,Manga,724,6.2,2015,https://cdn.myanimelist.net/images/manga/3/203979l.jpg
917,Jisatsuya Honpo,,自殺屋本舗,One-shot,718,6.56,2015,https://cdn.myanimelist.net/images/manga/2/200423l.jpg
918,Hajimari no Ao,,はじまりの青,One-shot,715,6.43,2015,https://cdn.myanimelist.net/images/manga/2/163758l.jpg
918,Sweet HR: Minami-sensei no Himitsu no Houkago,,スウィートHR ～南先生のヒミツの放課後～,Manga,715,6.84,2015,https://cdn.myanimelist.net/images/manga/1/166967l.jpg
920,Heart of the Girl,,ハートオブtheガール,Manga,714,6.44,2015,https://cdn.myanimelist.net/images/manga/1/200542l.jpg
921,Eiyuu to Shounen,,英雄と少年,One-shot,712,6.27,2015,https://cdn.myanimelist.net/images/manga/3/157084l.jpg
921,Isekai Konyoku Monogatari,Mixed Bathing in Another Dimension,異世界混浴物語,Light Novel,712,6.89,2015,https://cdn.myanimelist.net/images/manga/1/176624l.jpg
923,Ayatsuri Ningyou na Mainichi no Naka de,,あやつり人形な毎日のなかで,Doujinshi,711,6.52,2015,https://cdn.myanimelist.net/images/manga/2/156735l.jpg
923,"Sore wa Are da, Ai Kamo ne",,それはアレだ、愛かもね,Manga,711,6.78,2015,https://cdn.myanimelist.net/images/manga/2/225017l.jpg
925,Shikkoku no Ten,Pitch-Black Ten,漆黒の天,Manga,710,6.43,2015,https://cdn.myanimelist.net/images/manga/1/176125l.jpg
926,Itokoi,Threads of Love,いとこい,Manga,709,6.94,2015,https://cdn.myanimelist.net/images/manga/1/219506l.jpg
927,"3-byou, Sude ni Koi.",,3秒、すでに恋。,Manga,708,6.38,2015,https://cdn.myanimelist.net/images/manga/2/170058l.jpg
928,Durarara!! 18 Shiryaku,,デュラララ!! 十八史略,Light Novel,707,,2015,https://cdn.myanimelist.net/images/manga/3/167393l.jpg
928,Juuni Taisen,Juni Taisen: Zodiac War,十二大戦,Novel,707,6.89,2015,https://cdn.myanimelist.net/images/manga/3/257254l.jpg
930,"Nidome no Natsu, Nidoto Aenai Kimi",,二度めの夏、二度と会えない君,Light Novel,706,7.2,2015,https://cdn.myanimelist.net/images/manga/1/160874l.jpg
931,Gay Naru! Tadaima Irekawarichuu,I'll Be Gay! Body Switcharoo,ゲイナル! 只今入れ替わり中,Manga,705,7.1,2015,https://cdn.myanimelist.net/images/manga/3/209416l.jpg
932,Heian Koi Emaki: Ayanashi no Kimi,,平安恋絵巻 あやなしの君,Manga,704,6.06,2015,https://cdn.myanimelist.net/images/manga/1/180396l.jpg
933,Himeiden,,悲鳴伝,Manga,702,,2015,https://cdn.myanimelist.net/images/manga/2/177163l.jpg
934,Sports Girl,,스포츠걸이 좋아!,Manhwa,699,6.6,2015,https://cdn.myanimelist.net/images/manga/3/263909l.jpg
934,"Watashi no, Oniichan",,私の、お兄ちゃん,Doujinshi,699,6.93,2015,https://cdn.myanimelist.net/images/manga/2/193641l.jpg
936,Koi Furu Colorful: Zenbu Kimi to Hajimete,,恋降るカラフル～ぜんぶキミとはじめて～,Manga,698,6.83,2015,https://cdn.myanimelist.net/images/manga/3/165824l.jpg
936,Reincarnation: Ubawareta Shoujo no Karada,Reincarnation,reincarnation ～奪ワレタ少女ノカラダ～,Manga,698,6.54,2015,https://cdn.myanimelist.net/images/manga/2/203584l.jpg
938,Kyoukai Meikyuu to Ikai no Majutsushi,Boundary Labyrinth and Magician of Alien World,境界迷宮と異界の魔術師,Light Novel,693,6.58,2015,https://cdn.myanimelist.net/images/manga/2/156949l.jpg
939,Kamisama no Joker,,神様のジョーカー,Manga,692,6.54,2015,https://cdn.myanimelist.net/images/manga/2/167936l.jpg
940,Cherry Blossoms,Cherry Blossoms,올해의 벚꽃도 함께,Manhwa,685,6.64,2015,https://cdn.myanimelist.net/images/manga/3/279438l.jpg
940,Kuchibiru ni Uta wo: 15-nengo no Kimi e,,くちびるに歌を～15年後の君へ～,One-shot,685,6.72,2015,https://cdn.myanimelist.net/images/manga/2/152888l.jpg
940,Man in the Window,,Man In The Window,Manga,685,6.92,2015,https://cdn.myanimelist.net/images/manga/3/195304l.jpg
943,Miracle! Hero-nim,,미라클! 용사님,Manhwa,684,6.7,2015,https://cdn.myanimelist.net/images/manga/3/228446l.jpg
943,Miracle☆Gift,,ミラクル☆ギフト,One-shot,684,6.52,2015,https://cdn.myanimelist.net/images/manga/1/187923l.jpg
943,Stay by Me,,すていばいみぃ,Doujinshi,684,7.01,2015,https://cdn.myanimelist.net/images/manga/3/203188l.jpg
946,Cheat Majutsu de Unmei wo Nejifuseru,,チート魔術で運命をねじ伏せる,Light Novel,682,,2015,https://cdn.myanimelist.net/images/manga/1/211095l.jpg
947,Diamond no Brass!!: Seidou Koukou Suisougaku-bu,,ダイヤのB〈ブラス〉!! 青道高校吹奏楽部,Manga,681,7.05,2015,https://cdn.myanimelist.net/images/manga/1/191529l.jpg
947,Gokuri,,ごくりっ,Manga,681,,2015,https://cdn.myanimelist.net/images/manga/1/182353l.jpg
949,Hina wa Mitsu-iro no Koi ni Torawareru,,ひなは蜜色の恋にとらわれる,Manga,680,6.63,2015,https://cdn.myanimelist.net/images/manga/2/223172l.jpg
949,Young Good Boyfriend,Young Good Boyfriend,YOUNG GOOD BOYFRIEND,Manga,680,7.24,2015,https://cdn.myanimelist.net/images/manga/2/224269l.jpg
951,Giant Cinderella,,ジャイアントシンデレラ,One-shot,677,6.43,2015,https://cdn.myanimelist.net/images/manga/3/178415l.jpg
952,Stalker Danshi,,ストーカー男子,Manga,676,6.41,2015,https://cdn.myanimelist.net/images/manga/3/171521l.jpg
952,Ulysses: Jehanne Darc to Renkin no Kishi,,ユリシーズ ジャンヌ・ダルクと錬金の騎士,Light Novel,676,,2015,https://cdn.myanimelist.net/images/manga/2/202379l.jpg
954,That Summer,,그 해 여름,Manhwa,675,7.2,2015,https://cdn.myanimelist.net/images/manga/3/228279l.jpg
954,Usagi-kun no Shitsukekata.,,うさぎくんのしつけ方。,Manga,675,6.8,2015,https://cdn.myanimelist.net/images/manga/2/164580l.jpg
956,Koibito Kakin,,恋人課金,Manga,672,6.38,2015,https://cdn.myanimelist.net/images/manga/1/224785l.jpg
956,Marry Marry Me!,,マリーマリーミー！,Manga,672,6.51,2015,https://cdn.myanimelist.net/images/manga/1/205516l.jpg
958,Manjuu Kowai of the Dead,,まんじゅうこわいオブザデッド,One-shot,670,5.77,2015,https://cdn.myanimelist.net/images/manga/1/165437l.jpg
959,Lupin III (2015),Lupin the Third Italiano,ルパン三世,Manga,667,,2015,https://cdn.myanimelist.net/images/manga/2/171362l.jpg
959,Shingan no Yuusha,Hero of God Eye,神眼の勇者,Light Novel,667,,2015,https://cdn.myanimelist.net/images/manga/1/190367l.jpg
961,Kekkai Sensen: Only a Paper Moon,,血界戦線 オンリー・ア・ペイパームーン,Light Novel,666,7.31,2015,https://cdn.myanimelist.net/images/manga/2/158347l.jpg
962,Kedamono Bitch,,ケダモノビッチ,Manga,665,6.6,2015,https://cdn.myanimelist.net/images/manga/2/227227l.jpg
962,Shitsuji Kanzaki no Yuuutsu,The Melancholy of Butler Kanzaki,執事・神崎の憂鬱,Manga,665,6.09,2015,https://cdn.myanimelist.net/images/manga/2/200433l.jpg
964,Akakute Amai,,赤くて甘い,Manga,664,6.7,2015,https://cdn.myanimelist.net/images/manga/1/269051l.jpg
965,Houkago Nijigenme!,,放課後にじげんめ！,Manga,660,6.27,2015,https://cdn.myanimelist.net/images/manga/1/202409l.jpg
965,Kore wa Kitto Yume no Naka no Kiss,,これはきっと夢の中のキス,Manga,660,6.89,2015,https://cdn.myanimelist.net/images/manga/1/225135l.jpg
965,Maruko to Suugaku Ouji,Maruko and the Prince of Mathematics,マルコと数学王子,Manga,660,6.69,2015,https://cdn.myanimelist.net/images/manga/2/193254l.jpg
968,Momentum,Momentum,모멘텀,Manhwa,658,7.77,2015,https://cdn.myanimelist.net/images/manga/2/253508l.jpg
969,Akazukin-chan wa Ookami-san wo Nakasetai!,Red Riding Hood and the Big Sad Wolf,赤ずきんちゃんは狼さんを泣かせたい！,Manga,657,6.37,2015,https://cdn.myanimelist.net/images/manga/2/198118l.jpg
970,Kingyo no Koi,Love of golden fish,金魚の恋,Manga,656,6.4,2015,https://cdn.myanimelist.net/images/manga/3/190241l.jpg
971,Arbos Anima,Plant Hunter,アルボスアニマ,Manga,655,6.82,2015,https://cdn.myanimelist.net/images/manga/2/161400l.jpg
972,Terra Formars Gaiden: Onizuka Keiji,,テラフォーマーズ外伝 鬼塚慶次,Manga,650,6.5,2015,https://cdn.myanimelist.net/images/manga/2/178115l.jpg
973,Muttsuri Bitch,,むっつりびっち,Manga,649,6.95,2015,https://cdn.myanimelist.net/images/manga/1/199092l.jpg
973,Ten Ten Shiro Shiro,,天点白城,Manga,649,6.74,2015,https://cdn.myanimelist.net/images/manga/3/172540l.jpg
975,Usa-chan Ookami,,ウサチャンオオカミ,Manga,647,6.65,2015,https://cdn.myanimelist.net/images/manga/3/224302l.jpg
975,Yuujou wo Oeru to Iukoto,,友情を終えるということ,Doujinshi,647,6.28,2015,https://cdn.myanimelist.net/images/manga/1/171527l.jpg
977,Bad Prince Honey Party,,バッドプリンス・ハニーパーティ,Manga,646,6.45,2015,https://cdn.myanimelist.net/images/manga/2/246505l.jpg
978,Kareshi to Ore to Ore no Kouhai,,彼氏と俺と俺の後輩,One-shot,645,6.41,2015,https://cdn.myanimelist.net/images/manga/1/170509l.jpg
978,Trick or Kiss,,トリック・オア・キス,One-shot,645,6.21,2015,https://cdn.myanimelist.net/images/manga/1/166737l.jpg
980,Mei☆Company,,めい☆コン,Manga,643,6.42,2015,https://cdn.myanimelist.net/images/manga/3/179301l.jpg
981,Yobidasareta Satsurikusha,Summoned Slaughter,呼び出された殺戮者,Light Novel,638,7.07,2015,https://cdn.myanimelist.net/images/manga/3/179868l.jpg
982,Psycho-Pass Legend: Shikkoukan Kougami Shinya - Utopia Hound,,PSYCHO-PASS LEGEND 執行官 狡噛慎也 理想郷の猟犬〈ユートピア・ハウンド〉,Light Novel,634,,2015,https://cdn.myanimelist.net/images/manga/4/155107l.jpg
983,Noru ka Soru ka,,伸るか反るか,Manga,633,6.54,2015,https://cdn.myanimelist.net/images/manga/1/215118l.jpg
984,I Have a Boyfriend,I Have a Boyfriend,남친 있어요,Manhwa,632,7.25,2015,https://cdn.myanimelist.net/images/manga/2/264619l.jpg
985,Bluesteel Blasphemer,Bluesteel Blasphemer,蒼鋼の冒涜者〈ブルースチール・ブラスフェマ〉,Light Novel,631,6.35,2015,https://cdn.myanimelist.net/images/manga/3/176152l.jpg
985,Kimagure To Amagami,Play-biting a Moody Boy,気まぐれと甘噛み,Manga,631,6.41,2015,https://cdn.myanimelist.net/images/manga/2/222171l.jpg
987,Boku no Sex Star,You're My Sex Star,僕のセックススター,Manga,630,6.37,2015,https://cdn.myanimelist.net/images/manga/2/223887l.jpg
987,No Fatigue: 24-jikan Tatakaeru Otoko no Tenseitan,,NO FATIGUE ～24時間戦える男の転生譚～,Light Novel,630,,2015,https://cdn.myanimelist.net/images/manga/2/161081l.jpg
989,Watashitachi no Himitsu Jijou,,私たちのヒミツ事情,Manga,629,6.88,2015,https://cdn.myanimelist.net/images/manga/2/220840l.jpg
990,Shiranui-san wa Oni ga Mienai,,不知火さんは鬼が視えない,Manga,626,6.6,2015,https://cdn.myanimelist.net/images/manga/2/161147l.jpg
990,Sweet Bitter Room,,スウィート・ビタールーム,Manga,626,6.47,2015,https://cdn.myanimelist.net/images/manga/3/192656l.jpg
992,Kimi ga Shuuchakueki,,きみが終着駅,Manga,625,6.66,2015,https://cdn.myanimelist.net/images/manga/2/171524l.jpg
992,Toshokan Sensou: Love & War Bessatsu-hen,,図書館戦争LOVE＆WAR 別冊編,Manga,625,7.35,2015,https://cdn.myanimelist.net/images/manga/3/165816l.jpg
992,Zantei Boyfriend♥,,暫定ボーイフレンド♥,Manga,625,6.59,2015,https://cdn.myanimelist.net/images/manga/2/227616l.jpg
995,Dance Dance,,DanceDance,One-shot,624,5.56,2015,https://cdn.myanimelist.net/images/manga/3/161471l.jpg
995,Kore mo Oshigoto desu!,Just Another Hard Day At Work!,これもお仕事です!,Manga,624,6.78,2015,https://cdn.myanimelist.net/images/manga/1/228604l.jpg
995,Yasashii Anata...,You who are gentle,やさしいあなた…,Manga,624,7.1,2015,https://cdn.myanimelist.net/images/manga/3/191023l.jpg
998,Drip Your Heart,,Drip your heart,One-shot,616,6.04,2015,https://cdn.myanimelist.net/images/manga/1/183270l.jpg
999,Damage Danshi,,ダメージ男子,One-shot,612,6.43,2015,https://cdn.myanimelist.net/images/manga/1/196165l.jpg
999,Mahoutsukai to Hoshifuru Niwa,,魔法使いと星降る庭,Manga,612,6.42,2015,https://cdn.myanimelist.net/images/manga/1/174593l.jpg
999,Rainman,,レインマン,Manga,612,,2015,https://cdn.myanimelist.net/images/manga/1/185361l.jpg
1002,Boku wa Ai wo Shoumei Shiyou to Omou.,,ぼくは愛を証明しようと思う。,Manga,610,,2015,https://cdn.myanimelist.net/images/manga/3/216688l.jpg
1002,Mizuha ni Oshioki!,,瑞葉におしおき！,Manga,610,7.07,2015,https://cdn.myanimelist.net/images/manga/2/277766l.jpg
1004,Mahoutsukai no Konyakusha,Fiancee of the Wizard,魔法使いの婚約者,Light Novel,609,6.89,2015,https://cdn.myanimelist.net/images/manga/2/172291l.jpg
1005,Ashley Goeth no Yukue,,アシュリー＝ゲートの行方,One-shot,608,6.65,2015,https://cdn.myanimelist.net/images/manga/2/234265l.jpg
1006,Fanaticism,,Fanaticism,Manga,605,6.83,2015,https://cdn.myanimelist.net/images/manga/2/190917l.jpg
1007,Futago no Teikoku,,双子の帝國,Manga,604,,2015,https://cdn.myanimelist.net/images/manga/3/194336l.jpg
1008,Dhaldot no Akujiki Musume,,ダールドットの悪食娘,Manga,603,6.94,2015,https://cdn.myanimelist.net/images/manga/3/160707l.jpg
1008,Sore ni Namae wo Tsukeru Nara,,それに名前をつけるなら,Manga,603,7.1,2015,https://cdn.myanimelist.net/images/manga/3/225694l.jpg
1010,Oshama na Yousei,,おしゃまな幼性,Manga,602,6.56,2015,https://cdn.myanimelist.net/images/manga/1/203538l.jpg
1011,Akuma de JK!,,アクマでJK!,Manga,601,6.78,2015,https://cdn.myanimelist.net/images/manga/1/300895l.jpg
1012,Manazashi Temptation,,まなざしテンプテーション,Manga,600,6.96,2015,https://cdn.myanimelist.net/images/manga/3/234620l.jpg
1012,Yume demo Nakanaide,"please don't cry anymore, even if it is a dream.",夢でも泣かないで,Manga,600,6.56,2015,https://cdn.myanimelist.net/images/manga/1/224562l.jpg
1014,"""Suki"" da nante Zettai ni Iwanai","I'll Never Say ""I Love You""",「好き」だなんて絶対に言わない,Manga,598,6.84,2015,https://cdn.myanimelist.net/images/manga/3/207806l.jpg
1014,Ai to Ao no Kyoukai,In between indigo and blue,アイとアオの境界,Manga,598,,2015,https://cdn.myanimelist.net/images/manga/2/225901l.jpg
1016,JK Shousetsukappoi!,She looks like a novelist!,JK小説家っぽい！,Manga,595,6.31,2015,https://cdn.myanimelist.net/images/manga/1/190612l.jpg
1017,The Red Book,The Red Book,빨간책,Manhwa,594,6.07,2015,https://cdn.myanimelist.net/images/manga/2/264878l.jpg
1018,Koi no Tsuki,Love and fortune,恋のツキ,Manga,591,,2015,https://cdn.myanimelist.net/images/manga/1/183234l.jpg
1019,BanG Dream! Star Beat,,BanG Dream! 星の鼓動〈スタービート〉,Manga,590,7.1,2015,https://cdn.myanimelist.net/images/manga/2/208258l.jpg
1019,Nekokaburi no Ikegaya-kun,,猫かぶりの池ヶ谷くん,Manga,590,6.51,2015,https://cdn.myanimelist.net/images/manga/3/203951l.jpg
1021,Einstein no Kaibutsu,,アインシュタインの怪物,Manga,589,,2015,https://cdn.myanimelist.net/images/manga/3/186770l.jpg
1022,Ghost Writer,,ゴーストライター,Manga,588,6.31,2015,https://cdn.myanimelist.net/images/manga/3/167050l.jpg
1022,Manga Reportage: Chuunen Doutei,,漫画ルポ 中年童貞,Manga,588,7.27,2015,https://cdn.myanimelist.net/images/manga/3/222083l.jpg
1022,Shigoto suru yori Kimi to Netai.,I'd Rather Sleep with You Than Work,仕事するより君と寝たい。,Manga,588,6.73,2015,https://cdn.myanimelist.net/images/manga/2/240050l.jpg
1025,Short Pants to Iroiro♡,Short pants and various,ショートパンツと色イロ♡,Manga,587,6.96,2015,https://cdn.myanimelist.net/images/manga/1/194259l.jpg
1026,Fushidara na Kimi no Koe,,ふしだらなキミの声,Manga,586,6.5,2015,https://cdn.myanimelist.net/images/manga/2/170959l.jpg
1027,Ijiwaru Connect,,イジワルコネクト,Manga,585,6.89,2015,https://cdn.myanimelist.net/images/manga/2/245888l.jpg
1028,Junai Caricature,,純愛カリカチュア,Manga,582,6.4,2015,https://cdn.myanimelist.net/images/manga/3/206588l.jpg
1029,Baka na Imouto wo Rikou ni Suru no wa Ore no xx dake na Ken ni Tsuite,,バカな妹を利口にするのは俺の××だけな件について,Light Novel,580,7.0,2015,https://cdn.myanimelist.net/images/manga/3/163357l.jpg
1030,Aoi Tori yori,,青い鳥より,Manga,579,7.05,2015,https://cdn.myanimelist.net/images/manga/1/212988l.jpg
1030,Uchuu no Profile,,宇宙のプロフィル,Manga,579,6.99,2015,https://cdn.myanimelist.net/images/manga/1/181733l.jpg
1032,Hitozuma x Netorare,,人妻×寝取られ,Manga,577,6.57,2015,https://cdn.myanimelist.net/images/manga/2/193678l.jpg
1033,Megami Sugiru Mama ga Tonari no Oyaji ni Tanetsuke Press Sareteita Ken,,女神すぎるママが隣のオヤジに種付けプレスされていた件,Doujinshi,576,6.24,2015,https://cdn.myanimelist.net/images/manga/2/156711l.jpg
1034,Kokuhakubiyori,,告白びより,Manga,575,6.73,2015,https://cdn.myanimelist.net/images/manga/2/190465l.jpg
1035,Kyousei Haramase Gouhouka!!!,,強制孕ませ合法化っ！！！,Manga,573,6.54,2015,https://cdn.myanimelist.net/images/manga/1/161138l.jpg
1036,Dosukebe Elf no Ishukan Nikki,,ドスケベエルフの異種姦日記,Doujinshi,571,6.81,2015,https://cdn.myanimelist.net/images/manga/3/189177l.jpg
1036,Doushiyoumonai,,どうしようもない,Manga,571,6.33,2015,https://cdn.myanimelist.net/images/manga/3/195480l.jpg
1038,Suki ja Nai tte Hyakkai Tonaeta,,好きじゃないって百回唱えた,Manga,569,5.9,2015,https://cdn.myanimelist.net/images/manga/3/190573l.jpg
1039,Hentai Mansion: Ero Ojisan-tachi ni Omocha ni Sarete,,変態マンション～エロオジさん達に玩具にされて～,Light Novel,568,,2015,https://cdn.myanimelist.net/images/manga/3/193815l.jpg
1040,Ai-sensei wa Wakaranai,I don't know the love,アイ先生はわからない,Manga,567,,2015,https://cdn.myanimelist.net/images/manga/2/175775l.jpg
1041,Secret Crush,Secret Crush,비밀스러운 짝사랑,Manhwa,566,6.84,2015,https://cdn.myanimelist.net/images/manga/1/259792l.jpg
1042,"Onnakishi-san, JUSCO Ikou yo","Why not go to JUSCO with me, Valkyrie?",女騎士さん、ジャスコ行こうよ,Manga,565,,2015,https://cdn.myanimelist.net/images/manga/3/171666l.jpg
1043,Canon no Ato ni,,カノンのあとに,One-shot,563,6.72,2015,https://cdn.myanimelist.net/images/manga/2/162995l.jpg
1043,Oli-Oli Soup,,オリオリスープ,Manga,563,6.87,2015,https://cdn.myanimelist.net/images/manga/2/205423l.jpg
1045,Amiami Romance,,編み編みロマンス,One-shot,561,6.53,2015,https://cdn.myanimelist.net/images/manga/1/170763l.jpg
1045,Hatsukoi Hajimemashita.,Just Begun to Fall in First Love,初恋はじめました。,Manga,561,6.82,2015,https://cdn.myanimelist.net/images/manga/3/163541l.jpg
1045,Juuza no Ulna,Ulna at the Emplacement,銃座のウルナ,Manga,561,,2015,https://cdn.myanimelist.net/images/manga/2/173946l.jpg
1045,Sei Valentine,,性バレンタイン,One-shot,561,6.24,2015,https://cdn.myanimelist.net/images/manga/3/153616l.jpg
1049,Himo Otoko to Fubin na Boku,,ヒモ男と不憫なボク,Manga,558,6.45,2015,https://cdn.myanimelist.net/images/manga/3/184322l.jpg
1050,IS: Infinite Stratos - Black Bunny / White Bitter,,IS〈インフィニット・ストラトス〉 ブラック・バニー／ホワイト・ビター,Manga,557,6.7,2015,https://cdn.myanimelist.net/images/manga/1/180848l.jpg
1051,Christmas no Mahou,Miracle of Christmas,クリスマスの魔法,One-shot,556,6.63,2015,https://cdn.myanimelist.net/images/manga/3/170056l.jpg
1052,Ivory Dark,,IVORY DARK,Manga,555,,2015,https://cdn.myanimelist.net/images/manga/3/160094l.jpg
1052,Koi to Kedama to Otonarisan,,恋と毛玉とお隣さん,Manga,555,6.77,2015,https://cdn.myanimelist.net/images/manga/3/220827l.jpg
1054,Mizu no Ue no Tsuki,,水の上の月,One-shot,554,6.07,2015,https://cdn.myanimelist.net/images/manga/1/167451l.jpg
1055,Iwata no Kuse ni Choushi ni Noruna!,,岩田のくせに調子に乗るな!,Manga,553,6.66,2015,https://cdn.myanimelist.net/images/manga/3/226895l.jpg
1056,Mariage: Kami no Shizuku Saishuushou,Drops of God: Mariage,マリアージュ 〜神の雫 最終章〜,Manga,552,,2015,https://cdn.myanimelist.net/images/manga/3/166226l.jpg
1056,Nodohame,,ノドハメ,Manga,552,6.81,2015,https://cdn.myanimelist.net/images/manga/2/246694l.jpg
1058,Yami Shibai,Horror Theatre Yamishibai,闇芝居,Manga,551,,2015,https://cdn.myanimelist.net/images/manga/2/245698l.jpg
1059,Boku to Ane no Kekkon,,ぼくと姉の結婚,Manga,550,7.22,2015,https://cdn.myanimelist.net/images/manga/2/177808l.jpg
1059,Lolippoi no,,ろりっぽいの,Manga,550,6.62,2015,https://cdn.myanimelist.net/images/manga/1/198358l.jpg
1061,Imitation Happy Life,Imitation Happy Life,イミテーションハッピーライフ,Manga,549,6.32,2015,https://cdn.myanimelist.net/images/manga/3/221771l.jpg
1061,Petitx,,ぷ痴っくす,Manga,549,6.91,2015,https://cdn.myanimelist.net/images/manga/3/189518l.jpg
1063,Karakara,,カラカラ,One-shot,548,6.36,2015,https://cdn.myanimelist.net/images/manga/5/156456l.jpg
1063,Uchuu de Ichiban Kimi ga Suki,I Love You the Most in the Entire Universe,宇宙でいちばん君が好,Manga,548,6.35,2015,https://cdn.myanimelist.net/images/manga/3/221610l.jpg
1065,Ryuu to Hidarite,,龍と左手,One-shot,547,6.55,2015,https://cdn.myanimelist.net/images/manga/1/166327l.jpg
1066,Efu no Shichinin,,衛府の七忍,Manga,546,,2015,https://cdn.myanimelist.net/images/manga/3/203753l.jpg
1067,Connect,,コネクト,Manga,545,,2015,https://cdn.myanimelist.net/images/manga/1/213565l.jpg
1068,Binan Koukou Chikyuu Bouei-bu Love! Novel!,,美男高校地球防衛部 LOVE! NOVEL!,Light Novel,544,,2015,https://cdn.myanimelist.net/images/manga/1/147443l.jpg
1068,"Boku wa Ashita, Kinou no Kimi to Date suru",,ぼくは明日、昨日のきみとデートする,Manga,544,,2015,https://cdn.myanimelist.net/images/manga/3/189169l.jpg
1068,Hinemosu Notari Nikki,,ひねもすのたり日記,Manga,544,,2015,https://cdn.myanimelist.net/images/manga/1/225322l.jpg
1068,Itoshi no Anneli,Dear Annel,いとしのアネリ,Manga,544,6.93,2015,https://cdn.myanimelist.net/images/manga/2/190689l.jpg
1068,Kenen.,,けんえん。,Manga,544,7.45,2015,https://cdn.myanimelist.net/images/manga/1/195376l.jpg
1073,Irony Dress ni Sayonara dj - Sayonara made no et cetera,,さよならまでのエトセトラ,Doujinshi,543,6.86,2015,https://cdn.myanimelist.net/images/manga/3/193694l.jpg
1073,Kyuuyaku Märchen,,旧約Märchen,Manga,543,,2015,https://cdn.myanimelist.net/images/manga/2/180310l.jpg
1075,Doukyonin ga Fuantei deshite,,同居人が不安定でして,Manga,542,6.75,2015,https://cdn.myanimelist.net/images/manga/2/310807l.jpg
1075,Isekai Majutsushi wa Mahou wo Tonaenai,The another world's wizard does not chant.,異世界魔術師は魔法を唱えない,Light Novel,542,,2015,https://cdn.myanimelist.net/images/manga/2/231100l.jpg
1075,JC na Shoujo no Ehon,,JCな少女の絵本,Doujinshi,542,6.28,2015,https://cdn.myanimelist.net/images/manga/1/199077l.jpg
1075,Ultra Kaijuu Gijinka Keikaku feat. POP Comic Code,Ultra Kaiju Anthropomorphic Project feat. POP Comic code,ウルトラ怪獣擬人化計画 feat.POP Comic code,Manga,542,,2015,https://cdn.myanimelist.net/images/manga/1/196822l.jpg
1079,Non Non Biyori 4-koma Anthology Comic,,のんのんびより 4コマアンソロジーコミック,Manga,540,,2015,https://cdn.myanimelist.net/images/manga/2/167483l.jpg
1080,Hikoi,Immoral Love,秘恋〈ひこい〉,Manga,538,6.01,2015,https://cdn.myanimelist.net/images/manga/3/224753l.jpg
1080,Love x Devil (Kari): Minarai Akuma to Mittsu no Negai,,らぶ×デビ（仮）～見習い悪魔と3つの願い～,Manga,538,6.5,2015,https://cdn.myanimelist.net/images/manga/1/196405l.jpg
1080,Tilea no Nayamigoto: Isekai Jashin Tensei Kitan,,ティレアの悩み事~異世界邪神転生綺譚~,Light Novel,538,,2015,https://cdn.myanimelist.net/images/manga/2/177829l.jpg
1083,Kamachi Kazuma Toaru Majutsu no Index 10-shuunen: Shokuhou Misaki Figure-hen,,鎌池和馬とある魔術の禁書目録10周年 ―食蜂操祈フィギュア編―,Light Novel,537,6.81,2015,https://cdn.myanimelist.net/images/manga/2/172545l.jpg
1083,Toaru Yuusha no 004,,とある勇者の004,Manga,537,6.54,2015,https://cdn.myanimelist.net/images/manga/2/170036l.jpg
1085,Kakuriyo no Yadomeshi,,かくりよの宿飯,Novel,536,,2015,https://cdn.myanimelist.net/images/manga/1/258164l.jpg
1085,Okukoi Escape,,臆恋エスケープ,Manga,536,6.72,2015,https://cdn.myanimelist.net/images/manga/3/225775l.jpg
1087,Heavy Object A,,ヘヴィーオブジェクトA〈エース〉,Manga,535,,2015,https://cdn.myanimelist.net/images/manga/2/185070l.jpg
1087,Houkago Assault x Girls,Assault Girls After School,放課後アサルト×ガールズ,Manga,535,,2015,https://cdn.myanimelist.net/images/manga/3/175564l.jpg
1089,Hirotta Otoko wa Incubus,Don't Eat Too Much!: I Picked up an Incubus!?,拾った男は悪魔〈インキュバス〉,Manga,534,6.84,2015,https://cdn.myanimelist.net/images/manga/1/235221l.jpg
1089,Starmyu,,高校星歌劇－スタミュ－,Manga,534,,2015,https://cdn.myanimelist.net/images/manga/1/171215l.jpg
1091,Tenkousei JK Elf,,転校生 JKエルフ,Doujinshi,533,6.6,2015,https://cdn.myanimelist.net/images/manga/2/173466l.jpg
1092,100-manen no Onna-tachi,Women of a million yen,100万円の女たち,Manga,532,,2015,https://cdn.myanimelist.net/images/manga/1/176868l.jpg
1092,Konjiki no Word Master Gaiden,,金色の文字使い〈ワードマスター〉外伝,Light Novel,532,7.15,2015,https://cdn.myanimelist.net/images/manga/1/176787l.jpg
1092,Studio Pulp,,スタジオパルプ,Manga,532,,2015,https://cdn.myanimelist.net/images/manga/3/210492l.jpg
1095,Family Affair,,Family Affair,Manga,530,,2015,https://cdn.myanimelist.net/images/manga/2/256507l.jpg
1096,Oyobi desu ka!? Hacka Doll,,召喚〈および〉ですか!? ハッカドール,Manga,529,,2015,https://cdn.myanimelist.net/images/manga/2/164007l.jpg
1097,Daidai no Recipe,,橙のレシピ,Manga,528,6.55,2015,https://cdn.myanimelist.net/images/manga/2/193633l.jpg
1097,Neji no Hitobito,,ねじの人々,Manga,528,,2015,https://cdn.myanimelist.net/images/manga/1/166180l.jpg
1099,Chuu kurai ga Suki♡,,ちゅうくらいがすき♡,Manga,527,6.88,2015,https://cdn.myanimelist.net/images/manga/2/213275l.jpg
1099,Humanitas,,HUMANITAS,Manga,527,6.89,2015,https://cdn.myanimelist.net/images/manga/2/186146l.jpg
1101,Buddy Strike,Buddy Strike,バディストライク,Manga,526,6.29,2015,https://cdn.myanimelist.net/images/manga/2/175561l.jpg
1102,Uwa Youjo Tsuyoi,,うわようじょつよい,Manga,525,,2015,https://cdn.myanimelist.net/images/manga/2/229618l.jpg
1103,Tengen Toppa Gurren Lagann: Kessen! Otokogumi-hen,,天元突破グレンラガン 決戦！男組編,Manga,522,,2015,https://cdn.myanimelist.net/images/manga/2/176934l.jpg
1104,Box: Hako no Naka ni Nanika Iru,,BOX～箱の中に何かいる～,Manga,521,6.54,2015,https://cdn.myanimelist.net/images/manga/1/205430l.jpg
1105,Blue Thermal: Aonagi Daigaku Taiikukai Koukuu-bu,,ブルーサーマル－青凪大学体育会航空部－,Manga,520,,2015,https://cdn.myanimelist.net/images/manga/3/166786l.jpg
1106,Valkyrie Drive: Siren - Breakout,,ヴァルキリードライヴ セイレーン -ブレイクアウト-,Manga,518,,2015,https://cdn.myanimelist.net/images/manga/2/186051l.jpg
1107,Glass no Hana to Kowasu Sekai,Vitreous Flower & Destroy the World,ガラスの花と壊す世界,Manga,516,,2015,https://cdn.myanimelist.net/images/manga/3/171056l.jpg
1107,Qualidea Code: Itsuka Sekai wo Sukuu Tame ni,,いつか世界を救うために ―クオリディア・コード―,Light Novel,516,,2015,https://cdn.myanimelist.net/images/manga/2/177281l.jpg
1107,Tonari no Yarou ga Konomi na Ken,The Guy Next Door's Just My Type,となりのヤロウが好みな件,Manga,516,6.74,2015,https://cdn.myanimelist.net/images/manga/1/199837l.jpg
1110,Ore no Shibou Flag ga Todomaru Tokoro wo Shiranai,,俺の死亡フラグが留まるところを知らない,Light Novel,514,7.43,2015,https://cdn.myanimelist.net/images/manga/2/253826l.jpg
1111,Gate! Yonkoma,,げーと! よんコマ,Manga,513,,2015,https://cdn.myanimelist.net/images/manga/1/149801l.jpg
1111,Honto no Bokura,Our True Figure,ホントノ僕ラ,Manga,513,5.76,2015,https://cdn.myanimelist.net/images/manga/1/221102l.jpg
1113,Kirschblüte,,桜ノ国～キルシュブリューテ～,Light Novel,509,,2015,https://cdn.myanimelist.net/images/manga/2/162098l.jpg
1113,Koi desu ga Koi ja Nai,,故意ですが恋じゃない,Manga,509,6.47,2015,https://cdn.myanimelist.net/images/manga/1/237997l.jpg
1115,Delivery na Shoujo no Ehon,,デリバリーな少女の絵本,Doujinshi,508,6.66,2015,https://cdn.myanimelist.net/images/manga/3/201410l.jpg
1115,Himitsu no Juliet,Juliet's Secret,ひみつのジュリエット,Manga,508,7.0,2015,https://cdn.myanimelist.net/images/manga/3/174436l.jpg
1117,Uchuu Senkan Tiramisù,Space Battle Ship Tiramisù,宇宙戦艦ティラミス,Manga,505,,2015,https://cdn.myanimelist.net/images/manga/2/200288l.jpg
1118,Boku no Dannasama,,ボクの旦那様,Manga,504,7.03,2015,https://cdn.myanimelist.net/images/manga/3/246471l.jpg
1118,Tough: Ryuu wo Tsugu Otoko,,TOUGH 龍を継ぐ男,Manga,504,,2015,https://cdn.myanimelist.net/images/manga/3/192214l.jpg
1120,Bikini Warriors,,ビキニ・ウォリアーズ,Manga,502,,2015,https://cdn.myanimelist.net/images/manga/2/240674l.jpg
1120,Daiku no Magia,Magia the Ninth,第九のマギア,Manga,502,6.44,2015,https://cdn.myanimelist.net/images/manga/2/166855l.jpg
1120,Ginga: The Last Wars,,銀牙～THE LAST WARS～,Manga,502,6.95,2015,https://cdn.myanimelist.net/images/manga/2/163819l.jpg
1123,Mazu wa Oishii Gohan wo Tabeyou,,まずは美味しいご飯を食べよう,Manga,501,6.73,2015,https://cdn.myanimelist.net/images/manga/2/256348l.jpg
1123,Toutiao Dou Shi Ta,,头条都是他,Manhua,501,7.14,2015,https://cdn.myanimelist.net/images/manga/2/193709l.jpg
1125,Pokémon the Movie XY: Ring no Choumajin Hoopa,,ポケモン・ザ・ムービーXY 光輪〈リング〉の超魔神 フーパ,Manga,500,6.42,2015,https://cdn.myanimelist.net/images/manga/2/167450l.jpg
1126,Akuma to Keiyaku,A Contract with the Devil,アクマと契約,Manga,499,6.82,2015,https://cdn.myanimelist.net/images/manga/3/224202l.jpg
1127,Renai Saibaihou,,恋愛栽培法,One-shot,495,6.67,2015,https://cdn.myanimelist.net/images/manga/3/268657l.jpg
1127,Twindle no Hakoniwa,The Miniature Garden of Twindle,ツインドルの箱庭,Manga,495,7.1,2015,https://cdn.myanimelist.net/images/manga/3/197088l.jpg
1129,Obaachan to Game,,おばあちゃんとゲーム,Manga,493,,2015,https://cdn.myanimelist.net/images/manga/3/201804l.jpg
1130,Aoi Kajitsu to Shiroi Hada,Immature Fruits and White Skin,蒼い果実と白い肌,Manga,491,6.79,2015,https://cdn.myanimelist.net/images/manga/1/248066l.jpg
1130,Hajimetedarake no Watashitachi,,初めてだらけの私達,Manga,491,6.72,2015,https://cdn.myanimelist.net/images/manga/1/230772l.jpg
1132,Kodomo Otona,,こども・おとな,Manga,488,6.97,2015,https://cdn.myanimelist.net/images/manga/1/228897l.jpg
1132,Suisai,,吹彩―SUISAI―,Manga,488,6.59,2015,https://cdn.myanimelist.net/images/manga/1/172317l.jpg
1134,Daikousha Nagi,,大攻者ナギ,One-shot,485,6.06,2015,https://cdn.myanimelist.net/images/manga/2/162321l.jpg
1134,Girls & Panzer: 4-koma Anthology Comic,,ガールズ&パンツァー 4コマアンソロジーコミック,Manga,485,,2015,https://cdn.myanimelist.net/images/manga/2/168916l.jpg
1136,Hanekoi Lion,,羽恋らいおん,Manga,484,,2015,https://cdn.myanimelist.net/images/manga/2/166583l.jpg
1136,Infini-T Force: Mirai no Byousen,Infini-T Force: Arc to the Future,Infini-T Force 未来の描線,Manga,484,,2015,https://cdn.myanimelist.net/images/manga/1/175310l.jpg
1136,Onnanokogare!,,オンナノコガレ!,Manga,484,,2015,https://cdn.myanimelist.net/images/manga/2/246628l.jpg
1136,Shounen to Kusuriuri,,少年と薬売り,Manga,484,6.8,2015,https://cdn.myanimelist.net/images/manga/2/224274l.jpg
1140,33-sai Dokushin Onna Kishi Taichou.,33 Years Old Single Female Knight Captain.,33歳独身女騎士隊長。,Manga,483,,2015,https://cdn.myanimelist.net/images/manga/1/235519l.jpg
1140,Binbou Himanashi Koiseyo Botan,,貧乏暇なし恋せよぼたん,One-shot,483,6.44,2015,https://cdn.myanimelist.net/images/manga/2/172942l.jpg
1140,Roommates,,고백을 못하고,Manhwa,483,7.09,2015,https://cdn.myanimelist.net/images/manga/1/225357l.jpg
1143,Log Horizon 4-koma Anthology,,ログ・ホライズン 4コマアンソロジー,Manga,482,,2015,https://cdn.myanimelist.net/images/manga/2/166339l.jpg
1144,Inbi na Doukutsu no Sono Oku de,,淫靡な洞窟のその奥で,Light Novel,480,,2015,https://cdn.myanimelist.net/images/manga/1/207289l.jpg
1145,Atarashii Kanojo ga Flag wo Oraretara,,新しい彼女がフラグをおられたら,Manga,479,,2015,https://cdn.myanimelist.net/images/manga/3/171361l.jpg
1145,Crime Girls,,クライムガールズ,Manga,479,7.14,2015,https://cdn.myanimelist.net/images/manga/1/192911l.jpg
1147,Gemini,,GEMINI,Manga,477,6.55,2015,https://cdn.myanimelist.net/images/manga/3/235660l.jpg
1147,Shizuru-san no Memochou,,しづるさんのメモ帳,One-shot,477,6.34,2015,https://cdn.myanimelist.net/images/manga/1/170503l.jpg
1147,Uso ni mo Koi ga Iru,There's Love Hidden in Lies,嘘にも恋がいる,Manga,477,6.27,2015,https://cdn.myanimelist.net/images/manga/3/281057l.jpg
1147,Zero kara Hajimeru Mahou no Sho Nano!,,ゼロから始める魔法の書 なの！,Manga,477,,2015,https://cdn.myanimelist.net/images/manga/3/184353l.jpg
1151,Zenra de Suiei no Jugyou!!,,全裸で水泳の授業!!,Doujinshi,475,6.55,2015,https://cdn.myanimelist.net/images/manga/3/192987l.jpg
1152,Ai no Jikken,,愛の実験,Manga,474,6.59,2015,https://cdn.myanimelist.net/images/manga/3/212616l.jpg
1152,Hitotsu no Futon ni Yarou ga Futari.,,ひとつの布団にヤローが2人。,Manga,474,6.49,2015,https://cdn.myanimelist.net/images/manga/3/195392l.jpg
1154,Sensei no Iu Koto Kikinasai!,Listen to Your Teacher!,先生の言うことききなさい!,Manga,473,6.5,2015,https://cdn.myanimelist.net/images/manga/3/239310l.jpg
1155,Hajimete no Ecchi,"My First ""H""",はじめてえっち,Manga,470,6.64,2015,https://cdn.myanimelist.net/images/manga/3/191014l.jpg
1156,Yuri Kuma Arashi,,ユリ熊嵐,Light Novel,469,,2015,https://cdn.myanimelist.net/images/manga/3/150094l.jpg
1157,Aishitagari Monomanie,,愛したがりモノマニー,Manga,468,6.55,2015,https://cdn.myanimelist.net/images/manga/2/224780l.jpg
1158,Kaisei no Caricature,,廻生のカリカチュア,Manga,467,,2015,https://cdn.myanimelist.net/images/manga/2/173941l.jpg
1159,Hitsugikatsugi no Kuro.: Tsuioku Tabi no Wa,Shoulder-a-Coffin Kuro Side Story: Nostalgic Travelogue,棺担ぎのクロ。～追憶旅話～,Manga,466,7.4,2015,https://cdn.myanimelist.net/images/manga/3/216938l.jpg
1159,Savile Row no Yuuwaku,Temptation on the Savile Row,サヴィル・ロウの誘惑,Manga,466,6.74,2015,https://cdn.myanimelist.net/images/manga/3/225546l.jpg
1161,Yokujou,,欲情,Manga,465,6.56,2015,https://cdn.myanimelist.net/images/manga/1/225083l.jpg
1162,Ohayou Sex Bangai-hen,,おはようせっくす 番外編,Doujinshi,464,6.69,2015,https://cdn.myanimelist.net/images/manga/2/189548l.jpg
1163,Rakuen Tsuihou 2.0: Rakuen Zankyou - Godspeed You,,楽園追放 2.0：楽園残響 -Godspeed You-,Light Novel,462,,2015,https://cdn.myanimelist.net/images/manga/3/169877l.jpg
1164,Izure Shinwa no Ragnarok,A Ragnarok to be a Mythology,いづれ神話の放課後戦争〈ラグナロク〉,Light Novel,461,,2015,https://cdn.myanimelist.net/images/manga/1/213008l.jpg
1164,Marmaid Lovers,,マーメイド・ラヴァーズ,Manga,461,,2015,https://cdn.myanimelist.net/images/manga/3/198952l.jpg
1166,Kagerou Daze Koushiki Anthology Comic: Spicy,,カゲロウデイズ公式アンソロジーコミック -SPICY-,Manga,460,,2015,https://cdn.myanimelist.net/images/manga/3/155883l.jpg
1166,"Wake Up, Girls!",,"Wake Up, Girls!",Manga,460,,2015,https://cdn.myanimelist.net/images/manga/3/170580l.jpg
1166,Watashi no Orc-san,,わたしのオークさん,Doujinshi,460,6.58,2015,https://cdn.myanimelist.net/images/manga/1/205866l.jpg
1169,Chiller,Chiller,2015 소름,Manhwa,458,6.84,2015,https://cdn.myanimelist.net/images/manga/1/282119l.jpg
1169,Kitan Jojishi Mother Goose,,奇譚叙事詩 マザーグース,One-shot,458,6.74,2015,https://cdn.myanimelist.net/images/manga/2/165305l.jpg
1171,"Senpai, Ano ne.",,先輩、あのね。,Manga,457,6.38,2015,https://cdn.myanimelist.net/images/manga/3/177775l.jpg
1171,Sword & Wizards: Haken no Koutei to Shichisei no Himekishi,Sword & Wizards. The Emperor of Sword & Seven Lady Knights,ソード&ウィザーズ 覇剣の皇帝と七星の姫騎士,Light Novel,457,,2015,https://cdn.myanimelist.net/images/manga/3/177727l.jpg
1173,K: Dog & Cat,,K ドッグ＆キャット,Manga,455,,2015,https://cdn.myanimelist.net/images/manga/1/177112l.jpg
1174,Gray to Blue no Ai made,Between Gray and Blue,グレーとブルーのあいまで,Manga,454,6.8,2015,https://cdn.myanimelist.net/images/manga/2/224309l.jpg
1175,Shinkon-san!,,新婚さん!,Manga,453,6.42,2015,https://cdn.myanimelist.net/images/manga/3/230410l.jpg
1175,Tong: Vanity,,통 : 유아독존,Manhwa,453,7.44,2015,https://cdn.myanimelist.net/images/manga/1/222165l.jpg
1175,Torimania,,トリマニア,Manga,453,,2015,https://cdn.myanimelist.net/images/manga/2/203956l.jpg
1175,Vanishing Starlight,,ヴァニシング・スターライト,Manga,453,,2015,https://cdn.myanimelist.net/images/manga/3/181788l.jpg
1179,Qualidea Code: Sonna Sekai wa Kowashiteshimae,,そんな世界は壊してしまえ ―クオリディア・コード―,Light Novel,452,,2015,https://cdn.myanimelist.net/images/manga/1/179331l.jpg
1180,"Neko, Hajimemashita: Nyantomo Kininaru Nyao",My New Life as a Cat,ねこ、はじめました ～ニャンとも気になるニャオ～,Manga,450,,2015,https://cdn.myanimelist.net/images/manga/3/226140l.jpg
1181,Uirabu.: Uiuishii Koi no Ohanashi,,ういらぶ。 －初々しい恋のおはなし－,Manga,449,,2015,https://cdn.myanimelist.net/images/manga/2/165819l.jpg
1182,Nyohan desu yo♥ Returns,Sins of the Flesh♥ Returns,女犯ですよ♥リターンズ,One-shot,448,6.59,2015,https://cdn.myanimelist.net/images/manga/2/161265l.jpg
1183,Digimon Story: Cyber Sleuth,,デジモンストーリーサイバースルゥース,One-shot,446,6.57,2015,https://cdn.myanimelist.net/images/manga/3/220599l.jpg
1183,Taimadou Gakuen 35 Shiken Shoutai: Another Mission,"Antimagic Academy ""The 35th Test Platoon""",対魔導学園35試験小隊Another Mission,Light Novel,446,,2015,https://cdn.myanimelist.net/images/manga/2/167513l.jpg
1185,Daily Witch,Daily Witch,데일리 위치,Manhwa,444,6.67,2015,https://cdn.myanimelist.net/images/manga/3/263618l.jpg
1185,Takaga Fukuen,,たかが復縁,Manga,444,6.58,2015,https://cdn.myanimelist.net/images/manga/1/223991l.jpg
1187,Ane Komori: Melonbooks Gentei Kakioroshi Shousasshi,,あねこもり メロンブックス限定描き下ろし小冊子,One-shot,442,6.24,2015,https://cdn.myanimelist.net/images/manga/1/161186l.jpg
1187,Jumping,,Jumping ジャンピング,Manga,442,6.93,2015,https://cdn.myanimelist.net/images/manga/1/180901l.jpg
1189,Crows Respect,,クローズ リスペクト,Manga,441,,2015,https://cdn.myanimelist.net/images/manga/2/227065l.jpg
1189,Igarashi-kun to Nakahara-kun,,五十嵐くんと中原くん,Manga,441,,2015,https://cdn.myanimelist.net/images/manga/1/205465l.jpg
1189,Kuro no Souzou Shoukanshi,The Black Create Summoner,黒の創造召喚師,Light Novel,441,,2015,https://cdn.myanimelist.net/images/manga/1/187264l.jpg
1192,Isekai Cheat Sensou,Cheat Magician War in the Different World,異世界チート戦争,Light Novel,440,,2015,https://cdn.myanimelist.net/images/manga/3/174454l.jpg
1192,Mamanaranai Mon de,We can not have our own way,ままならないもんで,Manga,440,6.46,2015,https://cdn.myanimelist.net/images/manga/3/203869l.jpg
1192,Watashi no Kairos,,わたしのカイロス,Manga,440,,2015,https://cdn.myanimelist.net/images/manga/1/179161l.jpg
1195,Gate featuring The Starry Heavens,,ゲート featuring The Starry Heavens,Manga,439,,2015,https://cdn.myanimelist.net/images/manga/2/179300l.jpg
1196,The iDOLM@STER Cinderella Girls,,THE IDOLM@STER CINDERELLA GIRLS,Manga,437,,2015,https://cdn.myanimelist.net/images/manga/3/171686l.jpg
1197,Yajuu-sensei no Maid-san,Maid and the Beast,野獣先生のメイドさん,Manga,435,,2015,https://cdn.myanimelist.net/images/manga/1/180080l.jpg
1198,Futari Hyakkei: Kaze no Owari Haru no Hajimari,,ふたり百景～風邪のおわり春のはじまり～,One-shot,433,7.1,2015,https://cdn.myanimelist.net/images/manga/3/264667l.jpg
1198,Kokage-kun wa Majo.,,木陰くんは魔女。,Manga,433,,2015,https://cdn.myanimelist.net/images/manga/1/184309l.jpg
1198,Wan Piece,,わんぴいす,Doujinshi,433,6.46,2015,https://cdn.myanimelist.net/images/manga/3/160448l.jpg
1201,Change-R,,CHANGE-R,Manga,432,6.3,2015,https://cdn.myanimelist.net/images/manga/3/166783l.jpg
1202,Hidan no Aria AA,Aria the Scarlet Ammo Double A,緋弾のアリアAA,Light Novel,431,,2015,https://cdn.myanimelist.net/images/manga/1/150285l.jpg
1202,Noda-ke no Oshie ni Yori,On teachings of the Noda Family,野田家の教えにより,Manga,431,6.36,2015,https://cdn.myanimelist.net/images/manga/3/203848l.jpg
1202,Tasogarebashi Ekimae Omokage Shokudou,,たそがれ橋駅前おもかげ食堂,Manga,431,,2015,https://cdn.myanimelist.net/images/manga/3/188936l.jpg
1205,Bitch na Ano Ko no Iutoori!,Bossy Bottoms on Top!,ビッチなあの子の言うとおり!,Manga,430,6.91,2015,https://cdn.myanimelist.net/images/manga/3/227873l.jpg
1206,Bishoku Tantei Akechi Gorou,,美食探偵 明智五郎,Manga,429,,2015,https://cdn.myanimelist.net/images/manga/3/196757l.jpg
1206,Classroom☆Crisis,,Classroom☆Crisis,Manga,429,,2015,https://cdn.myanimelist.net/images/manga/2/174451l.jpg
1206,"Suki desu, Sensei",,好きです、先生,Manga,429,6.4,2015,https://cdn.myanimelist.net/images/manga/1/204766l.jpg
1206,Ushiro: Fukigen na Shinigami.,,うしろ ふきげんな死神。,Manga,429,,2015,https://cdn.myanimelist.net/images/manga/3/196562l.jpg
1210,Imouto no Iiwake,,妹のイイワケ,One-shot,428,6.78,2015,https://cdn.myanimelist.net/images/manga/1/184447l.jpg
1210,Soukan no Replica,Replica of Mother,相姦のレプリカ,Manga,428,6.78,2015,https://cdn.myanimelist.net/images/manga/1/193703l.jpg
1212,Devily-man,Devily Man,デビリーマン,Manga,427,6.41,2015,https://cdn.myanimelist.net/images/manga/3/163930l.jpg
1212,Ero Manga! H mo Manga mo Step-up♪,,えろまんが! Hもマンガもステップアップ♪,Light Novel,427,,2015,https://cdn.myanimelist.net/images/manga/3/165269l.jpg
1212,Ouroboros Record,,ウロボロス・レコード,Light Novel,427,,2015,https://cdn.myanimelist.net/images/manga/2/167518l.jpg
1212,Teacup Toy Boy,Teacup Toy Boy,ティーカップトイボーイ,Manga,427,6.22,2015,https://cdn.myanimelist.net/images/manga/1/236516l.jpg
1216,Houkago Dorei Club+1,,放課後奴隷倶楽部＋1,Manga,425,6.71,2015,https://cdn.myanimelist.net/images/manga/1/161244l.jpg
1216,Kaizou Ningen Roggy,Cyborg Roggy,改造人間ロギイ,Manga,425,,2015,https://cdn.myanimelist.net/images/manga/1/157707l.jpg
1216,No.9,,No.9,One-shot,425,6.67,2015,https://cdn.myanimelist.net/images/manga/1/241896l.jpg
1216,Re:teen: Mayu no Naka de Mou Ichido 10-dai no Kimi to Au,,re：teen 繭の中でもう一度10代のキミと会う,Manga,425,6.71,2015,https://cdn.myanimelist.net/images/manga/2/169609l.jpg
1220,Tsukiyogarasu to Seinaru Yoru: Shikkoku no Kiseki,,月夜烏と聖なる夜 ―漆黒の奇跡―,One-shot,424,6.21,2015,https://cdn.myanimelist.net/images/manga/3/169924l.jpg
1220,Yaritaku Nattara Sokuhame ssho!,"When You're Feeling Horny, You Start Fucking!",ヤリたくなったら即ハメっしょ!,One-shot,424,6.67,2015,https://cdn.myanimelist.net/images/manga/2/161871l.jpg
1222,Memento: Archivez,,MEMENTO -archivez-,Manga,422,,2015,https://cdn.myanimelist.net/images/manga/1/171982l.jpg
1223,Awatenbou no Yoreyore Santa Claus,,あわてんぼうのよれよれサンタクロース,One-shot,421,6.41,2015,https://cdn.myanimelist.net/images/manga/2/170047l.jpg
1224,Beautiful Gunbari,,뷰티풀 군바리,Manhwa,420,,2015,https://cdn.myanimelist.net/images/manga/1/228271l.jpg
1225,Isekai de Miryou Cheat wo Tsukatte Dorei Harem wo Tsukuttemita,,異世界で魅了チートを使って奴隷ハーレムをつくってみた,Light Novel,419,,2015,https://cdn.myanimelist.net/images/manga/3/168342l.jpg
1226,Nagato Yuki-chan no Shoushitsu: Toaru Ichinichi,,長門有希ちゃんの消失 とある一日,Light Novel,418,,2015,https://cdn.myanimelist.net/images/manga/2/153401l.jpg
1227,Nanako-san-teki na Nichijou Revival,,菜々子さん的な日常REVIVAL,Manga,417,,2015,https://cdn.myanimelist.net/images/manga/1/182345l.jpg
1228,Gedara,,ゲダラ,One-shot,416,6.55,2015,https://cdn.myanimelist.net/images/manga/3/224790l.jpg
1228,"Saikyou Gamer, Isekai nite Jikkyou Play-chuu",Strongest Gamer: Let's Play in Another World,最強ゲーマー、異世界にて実況プレイ中,Light Novel,416,,2015,https://cdn.myanimelist.net/images/manga/1/165440l.jpg
1228,Serenade,Serenade,세레나데,Manhwa,416,6.86,2015,https://cdn.myanimelist.net/images/manga/2/272212l.jpg
1228,Usotsuki-tachi no Nagai Yoru,The Liar's Long Night,嘘つき達の長い夜,Manga,416,6.58,2015,https://cdn.myanimelist.net/images/manga/1/212085l.jpg
1232,Double Section,Double Section,ダブルセクション,Manga,415,6.75,2015,https://cdn.myanimelist.net/images/manga/2/222267l.jpg
1233,Gekitotsu no Hexennacht,,OBSTACLEシリーズ 激突のヘクセンナハト,Light Novel,414,,2015,https://cdn.myanimelist.net/images/manga/1/161810l.jpg
1233,Kare to Koi nante,,彼と恋なんて,Manga,414,,2015,https://cdn.myanimelist.net/images/manga/1/175316l.jpg
1233,Peta Girl,,ぺたがーる,Manga,414,,2015,https://cdn.myanimelist.net/images/manga/3/225348l.jpg
1236,"Log Horizon Gaiden: Kushiyatama, Ganbaru!",,ログ・ホライズン 外伝 櫛八玉、がんばる!,Light Novel,412,,2015,https://cdn.myanimelist.net/images/manga/1/165460l.jpg
1236,Tachibana-san Chi no Dansei Jijou,,橘さん家ノ男性事情,Light Novel,412,,2015,https://cdn.myanimelist.net/images/manga/3/169482l.jpg
1238,Parallel World Kanojo,,パラレルワールド彼女,Manga,411,6.64,2015,https://cdn.myanimelist.net/images/manga/1/199166l.jpg
1238,Saiindoku: Sister to Vampire,,催淫毒～シスターとヴァンパイア～,Manga,411,6.63,2015,https://cdn.myanimelist.net/images/manga/2/205424l.jpg
1240,Toaru Kekkon,A Certain Marriage,とある結婚,Manga,409,,2015,https://cdn.myanimelist.net/images/manga/1/192198l.jpg
1240,Tomodachi Gokko,Play at Friendship,ともだちごっこ,Manga,409,6.74,2015,https://cdn.myanimelist.net/images/manga/1/204652l.jpg
1242,Danzi,Danzi,단지,Manhwa,408,,2015,https://cdn.myanimelist.net/images/manga/3/222200l.jpg
1243,Gakkou de Ikou!,Wild at School!,学校でイこう！,Manga,406,6.87,2015,https://cdn.myanimelist.net/images/manga/1/197103l.jpg
1244,Grimoire no Niwa,Garden of grimoire,グリモワールの庭,Manga,405,6.79,2015,https://cdn.myanimelist.net/images/manga/2/177835l.jpg
1244,Gyakuten Majo Saiban: Chijo na Majo ni Sabakarechau,,逆転魔女裁判 痴女な魔女に裁かれちゃう,Light Novel,405,,2015,https://cdn.myanimelist.net/images/manga/1/165990l.jpg
1244,Ikenie no Haha,The mother who makes sacrifices for her son,いけにえの母,Manga,405,6.41,2015,https://cdn.myanimelist.net/images/manga/3/161187l.jpg
1244,"Isekai Izakaya ""Nobu"": Shinobu to Taishou Koto Gohan",,異世界居酒屋｢のぶ｣ しのぶと大将の古都ごはん,Manga,405,,2015,https://cdn.myanimelist.net/images/manga/1/176168l.jpg
1244,Madowanai Hoshi,,惑わない星,Manga,405,,2015,https://cdn.myanimelist.net/images/manga/3/173945l.jpg
1244,Ore no Pet wa Seijo-sama,My Pet Is a Saintess,俺のペットは聖女さま,Light Novel,405,,2015,https://cdn.myanimelist.net/images/manga/1/190023l.jpg
1244,Orokamono ga Koi wo Shitara.,If Fools Fall in Love.,おろかものが恋をしたら。,Manga,405,6.59,2015,https://cdn.myanimelist.net/images/manga/1/226944l.jpg
1251,Seifuku Robinson,,制服ロビンソン,Manga,404,,2015,https://cdn.myanimelist.net/images/manga/1/175771l.jpg
1252,Eros no Shushi,Seeds of Eros,エロスの種子,Manga,403,,2015,https://cdn.myanimelist.net/images/manga/1/196766l.jpg
1253,Chou Chorosugi!,,超ちょろすぎっ！,Manga,401,6.67,2015,https://cdn.myanimelist.net/images/manga/3/280423l.jpg
1254,Ai no Jidai: Ichigoichie,,藍の時代－一期一会－,Manga,399,6.79,2015,https://cdn.myanimelist.net/images/manga/2/169871l.jpg
1255,Chaos Dragon: Sekiryuu Seneki,,ケイオスドラゴン 赤竜戦役,Light Novel,398,,2015,https://cdn.myanimelist.net/images/manga/1/159843l.jpg
1255,Zhengrong Youxi,Facelift Game,整容游戏,Manhua,398,6.63,2015,https://cdn.myanimelist.net/images/manga/1/225029l.jpg
1257,Okashi na Tensei,Treat of Reincarnation,おかしな転生,Light Novel,397,,2015,https://cdn.myanimelist.net/images/manga/1/266167l.jpg
1257,Tsuzuki wa Asa made,,続きは朝まで,Manga,397,6.63,2015,https://cdn.myanimelist.net/images/manga/2/207176l.jpg
1257,Yacchimonee,,やっちもねぇ,Manga,397,6.21,2015,https://cdn.myanimelist.net/images/manga/2/179457l.jpg
1260,Awa ni mo Narenai Koi naraba,A Love That Won't Float Away,泡にもなれない恋ならば,Manga,396,6.55,2015,https://cdn.myanimelist.net/images/manga/1/222387l.jpg
1261,Odoru Ecstasy,To Dance In Ecstasy,踊るエクスタシー,Manga,394,6.39,2015,https://cdn.myanimelist.net/images/manga/2/225036l.jpg
1261,Re:Incarnation,,り：いんかねーしょん,Manga,394,6.67,2015,https://cdn.myanimelist.net/images/manga/1/183091l.jpg
1263,Sekihan-chan to Sumomo-kun,,赤飯ちゃんとすもも君,Manga,393,,2015,https://cdn.myanimelist.net/images/manga/2/159127l.jpg
1263,Youkai Banchou,,妖怪番長,Manga,393,5.97,2015,https://cdn.myanimelist.net/images/manga/1/187879l.jpg
1265,Mercy,,MERCY,One-shot,392,6.2,2015,https://cdn.myanimelist.net/images/manga/2/189906l.jpg
1265,Overlord: Prologue,,オーバーロード プロローグ,Light Novel,392,,2015,https://cdn.myanimelist.net/images/manga/3/266202l.jpg
1267,Juukan Kyoushitsu,Bestiality Class,獣姦教室,Manga,390,6.45,2015,https://cdn.myanimelist.net/images/manga/1/203430l.jpg
1267,Soredemo Kimi ga,,それでも君が,Manga,390,,2015,https://cdn.myanimelist.net/images/manga/3/202128l.jpg
1269,Kidou Senshi Gundam Thunderbolt Gaiden,Mobile Suit Gundam Thunderbolt,機動戦士ガンダム サンダーボルト 外伝,Manga,389,,2015,https://cdn.myanimelist.net/images/manga/1/179768l.jpg
1269,Romeo ga Rival,Romeo Is Rival,ロメオがライバル,Manga,389,,2015,https://cdn.myanimelist.net/images/manga/2/207326l.jpg
1269,Trade: Ore wa Kyou kara Joshikousei,,TRADE～俺は今日から女子高生～,Manga,389,,2015,https://cdn.myanimelist.net/images/manga/2/173976l.jpg
1272,Futari Oni,,ふたり鬼,One-shot,388,6.76,2015,https://cdn.myanimelist.net/images/manga/2/156741l.jpg
1272,Umi to Futari no Enbun Noudo,Salinity of Sea and Them,海と二人の塩分濃度,Manga,388,6.7,2015,https://cdn.myanimelist.net/images/manga/2/231333l.jpg
1274,Joukamachi no Dandelion Anthology Comic,Castle Town Dandelion Anthology Comic,城下町のダンデライオン アンソロジーコミック,Manga,387,,2015,https://cdn.myanimelist.net/images/manga/3/163787l.jpg
1275,Tengai-san wa Angai Futsuu,She is more ordinary than I expected.,天賀井さんは案外ふつう,Manga,386,,2015,https://cdn.myanimelist.net/images/manga/1/172303l.jpg
1276,Hi♪ Nancy yo♥,,ハァーイ♪ Nancyよ♥,Doujinshi,385,6.37,2015,https://cdn.myanimelist.net/images/manga/1/174294l.jpg
1276,Matenai Inu no Shitsukekata,How to Train an Impatient Dog,待てない犬の躾け方,Manga,385,6.7,2015,https://cdn.myanimelist.net/images/manga/2/254854l.jpg
1278,Namachichi Maratoro Pikun,Boobies & Twitchy Sticky Weenies,ナマチチマラトロピクン,Manga,384,,2015,https://cdn.myanimelist.net/images/manga/3/192905l.jpg
1279,"BL Mangaka, Shucchou Host wo Kau",The Boys Love Comic Artist Buys a Delivery Host,BL漫画家、出張ホストを買う,Manga,383,6.23,2015,https://cdn.myanimelist.net/images/manga/3/239203l.jpg
1279,"Tenkousei, Ridatsu suru",,転校生、離脱する,One-shot,383,6.59,2015,https://cdn.myanimelist.net/images/manga/3/170422l.jpg
1279,Yaneura no Benjirou-san,,屋根裏の弁次郎さん,Manga,383,6.85,2015,https://cdn.myanimelist.net/images/manga/1/227641l.jpg
1282,Dungeon no Maou wa Saijaku!?,,ダンジョンの魔王は最弱っ! ?,Light Novel,382,,2015,https://cdn.myanimelist.net/images/manga/1/181916l.jpg
1283,Amamizu Linda,,雨水リンダ,Manga,381,,2015,https://cdn.myanimelist.net/images/manga/1/180747l.jpg
1283,Ctrl+Z,Ctrl+Z,컨트롤제트,Manhwa,381,6.49,2015,https://cdn.myanimelist.net/images/manga/2/263818l.jpg
1283,Monmon Mononoke,,もんもんモノノ怪,Manga,381,,2015,https://cdn.myanimelist.net/images/manga/3/167024l.jpg
1286,Ane no Himitsu to Boku no Jisatsu,,姉の秘密と僕の自殺,Manga,380,6.64,2015,https://cdn.myanimelist.net/images/manga/1/179890l.jpg
1286,Chijoku no Seifuku,,恥辱の制服,Light Novel,380,,2015,https://cdn.myanimelist.net/images/manga/3/169008l.jpg
1286,Hontou wa Suki nanoni,"I Really Love You, But...",本当は好きなのに,Manga,380,6.6,2015,https://cdn.myanimelist.net/images/manga/3/240682l.jpg
1289,Jorougumo no Kotowari,,絡新婦の理,Manga,378,,2015,https://cdn.myanimelist.net/images/manga/1/165918l.jpg
1289,One-Room Hero,One-Room Hero,원룸히어로,Manhwa,378,,2015,https://cdn.myanimelist.net/images/manga/2/259877l.jpg
1289,Real de Level-age shitara Hobo Cheat na Jinsei ni Natta,,リアルでレベル上げしたらほぼチートな人生になった,Light Novel,378,,2015,https://cdn.myanimelist.net/images/manga/1/177288l.jpg
1289,Touken Ranbu Online Anthology Comic: 4-koma Ranbu!,,「刀剣乱舞-ONLINE-」アンソロジーコミック『4コマらんぶっ』,Manga,378,,2015,https://cdn.myanimelist.net/images/manga/2/171870l.jpg
1293,Sailor Ace,,セーラーエース,Manga,377,,2015,https://cdn.myanimelist.net/images/manga/2/167049l.jpg
1294,Aijou no Injoku Elf,,愛嬢の淫辱エルフ,Manga,376,,2015,https://cdn.myanimelist.net/images/manga/3/297250l.jpg
1295,Deep,,Deep,Doujinshi,375,6.68,2015,https://cdn.myanimelist.net/images/manga/1/172698l.jpg
1296,Nekozuki Danshi wa Neko-moku Otoko to Koi ni Ochiru no ka?,Will a Guy Who Likes Cats Fall in Love with a Guy with Cat Eyes?,猫好き男子はネコ目オトコと恋におちるのか?,Manga,373,6.52,2015,https://cdn.myanimelist.net/images/manga/1/236342l.jpg
1296,Toro Lover♥,Melty♥lover,トロラヴァ♥,Manga,373,,2015,https://cdn.myanimelist.net/images/manga/2/199159l.jpg
1298,Isekai Teni shita node Cheat wo Ikashite Mahou Kenshi Yaru Koto ni Suru,"I've transferred to the different world, so I become a magic swordsman by cheating.",異世界転移したのでチートを生かして魔法剣士やることにする,Light Novel,372,,2015,https://cdn.myanimelist.net/images/manga/3/165933l.jpg
1299,Dream Land,The Dream Land,ドリームランド,Manga,370,6.45,2015,https://cdn.myanimelist.net/images/manga/2/237889l.jpg
1299,Gokusai no Ie,,極彩の家,Manga,370,,2015,https://cdn.myanimelist.net/images/manga/1/209032l.jpg
1299,Satsubatsu Share Life,,殺伐シェアライフ,Manga,370,,2015,https://cdn.myanimelist.net/images/manga/3/181339l.jpg
1302,Only Sense Online: Hakugin no Muse,Only Sense Online: The Silver Muse,Only Sense Online―オンリーセンス・オンライン― 白銀の女神〈ミューズ〉,Light Novel,369,,2015,https://cdn.myanimelist.net/images/manga/1/187232l.jpg
1303,Mumyou no Uzu,,無明の渦,Manga,368,6.45,2015,https://cdn.myanimelist.net/images/manga/2/187874l.jpg
1303,"Yurufuwa Kouhai-kun wa, Tama ni Gouin",My Lover Is Smooth and Sometimes Strong,ゆるふわ後輩くんは、たまに強引,Manga,368,6.29,2015,https://cdn.myanimelist.net/images/manga/2/246163l.jpg
1305,K: R:B,,K R:B,Light Novel,367,,2015,https://cdn.myanimelist.net/images/manga/2/231050l.jpg
1306,"Good Night, I Love You",,グッドナイト、アイラブユー,Manga,366,,2015,https://cdn.myanimelist.net/images/manga/3/193809l.jpg
1307,Ama + Devi,,あま＋でび,Doujinshi,365,6.52,2015,https://cdn.myanimelist.net/images/manga/1/248676l.jpg
1307,Arikai Annu,,蟻飼いアンヌ,One-shot,365,6.42,2015,https://cdn.myanimelist.net/images/manga/1/172236l.jpg
1309,Daikirai no Saki kara Miteru,,大嫌いの先から見てる,Manga,364,,2015,https://cdn.myanimelist.net/images/manga/3/208337l.jpg
1309,Seijun Bitch Club,Pure Bitch Club,清純ビッチクラブ,One-shot,364,6.64,2015,https://cdn.myanimelist.net/images/manga/1/156851l.jpg
1311,Himitsu no Ibitsu,Smells Like Teen xxx,ヒミツのイビツSmells Like Teen ×××,Manga,363,,2015,https://cdn.myanimelist.net/images/manga/1/178043l.jpg
1311,Yukino-kun no Suki na Hito,,雪乃くんの好きな人,One-shot,363,6.19,2015,https://cdn.myanimelist.net/images/manga/1/160848l.jpg
1313,Oniku Mate,,おにくめいとっ,One-shot,362,6.49,2015,https://cdn.myanimelist.net/images/manga/3/160263l.jpg
1314,Shinsotsu Nanafushigi,,しんそつ七不思議,Manga,361,,2015,https://cdn.myanimelist.net/images/manga/2/178357l.jpg
1314,The Real Antismoking Campaign Manhwa,,본격금연권장만화,Manhwa,361,6.53,2015,https://cdn.myanimelist.net/images/manga/1/276251l.jpg
1316,Luck & Logic: Paradox Twin,,ラクエンロジック パラドクスツイン,Manga,358,,2015,https://cdn.myanimelist.net/images/manga/2/210728l.jpg
1317,Heijitsu no Tanoshimikata,,平日の愉しみ方,Doujinshi,356,6.61,2015,https://cdn.myanimelist.net/images/manga/2/242694l.jpg
1317,Neteiru Imouto: Ijiru Ani,,寝ている妹～弄る兄～,Doujinshi,356,6.6,2015,https://cdn.myanimelist.net/images/manga/3/189517l.jpg
1317,Senketsu no Elf,Elvenblood,鮮血のエルフ,Light Novel,356,,2015,https://cdn.myanimelist.net/images/manga/1/177578l.jpg
1320,High & Low: The Story of S.W.O.R.D.,,HiGH&LOW THE STORY OF S.W.O.R.D.,Manga,355,,2015,https://cdn.myanimelist.net/images/manga/3/192858l.jpg
1320,Zoo to Issho!,,ZOOと一緒！,One-shot,355,6.11,2015,https://cdn.myanimelist.net/images/manga/2/189279l.jpg
1322,Nichiyoubi ni Pound Cake,Pound Cake on Sunday,日曜日にパウンドケーキ,Manga,354,6.63,2015,https://cdn.myanimelist.net/images/manga/1/221978l.jpg
1323,Avengers: Zombies Assemble,Avengers: Zombies Assemble,アベンジャーズ／ゾンビ・アセンブル,Manga,353,,2015,https://cdn.myanimelist.net/images/manga/3/174531l.jpg
1324,Kare Baka: Wagahai no Kare wa Baka de R,,カレバカ～吾輩ノ彼ハ馬鹿でR～,Manga,351,,2015,https://cdn.myanimelist.net/images/manga/1/155587l.jpg
1324,Onna nanode Shouganai,That's Life When You're a Woman,女なのでしょうがない,Manga,351,,2015,https://cdn.myanimelist.net/images/manga/3/179160l.jpg
1326,Chishiki no Kakushiaji,,知識の隠し味,Doujinshi,350,,2015,https://cdn.myanimelist.net/images/manga/1/207711l.jpg
1326,Hoshi no Suna: Ameno Sayaka Tanpenshuu,,星の砂 雨野さやか短編集,Manga,350,6.97,2015,https://cdn.myanimelist.net/images/manga/3/225508l.jpg
1328,Kidou Senshi Gundam Gaiden: The Blue Destiny (2015),Mobile Suit Gundam Side Story: The Blue Destiny,機動戦士ガンダム外伝 ザ・ブルー・ディスティニー,Manga,349,,2015,https://cdn.myanimelist.net/images/manga/2/177619l.jpg
1329,Hanshin Tigers Sousetsu 80-shuunen Kinen Zoukangou,,阪神タイガース創設80周年記念増刊号,Manga,348,,2015,https://cdn.myanimelist.net/images/manga/3/174312l.jpg
1329,Summer Porn,,SUMMER PORN,Doujinshi,348,6.03,2015,https://cdn.myanimelist.net/images/manga/3/189572l.jpg
1331,Hanbiraki-san,With Her Eyes Half Open!,半開きさん,One-shot,347,6.21,2015,https://cdn.myanimelist.net/images/manga/3/269316l.jpg
1331,Isekai nara NEET ga Hataraku to Omotta?,Why you expected another world to motivate a NEET?,異世界ならニートが働くと思った？,Light Novel,347,,2015,https://cdn.myanimelist.net/images/manga/3/162767l.jpg
1331,Shoujo M,,少女M,Doujinshi,347,6.99,2015,https://cdn.myanimelist.net/images/manga/1/246903l.jpg
1334,Chikuhei no Hanayome,Orc's Bride,畜兵の花嫁,Doujinshi,345,5.77,2015,https://cdn.myanimelist.net/images/manga/1/255655l.jpg
1334,Ryakudatsu Mama Hunter,Plunder Mama Hunter,略奪ママハンター,Manga,345,,2015,https://cdn.myanimelist.net/images/manga/1/193681l.jpg
1336,Boukoku Maou no Hoshihiko-kun,,亡国魔王の星彦くん,Manga,344,6.63,2015,https://cdn.myanimelist.net/images/manga/1/193319l.jpg
1336,Kimashi!,,キマシ!,Manga,344,,2015,https://cdn.myanimelist.net/images/manga/2/227312l.jpg
1336,Shuugoku no Vanitas,,囚獄のヴァニタス,Manga,344,,2015,https://cdn.myanimelist.net/images/manga/1/175577l.jpg
1339,Calling,,Calling,One-shot,342,6.49,2015,https://cdn.myanimelist.net/images/manga/2/197638l.jpg
1339,Dust Box 2.5,,ダストボックス2.5,Manga,342,,2015,https://cdn.myanimelist.net/images/manga/2/187409l.jpg
1341,UNCOntrollable,,UNCOntrollable,Manga,341,,2015,https://cdn.myanimelist.net/images/manga/3/167929l.jpg
1342,17,Seventeen,17,Manga,340,6.66,2015,https://cdn.myanimelist.net/images/manga/2/232396l.jpg
1343,Savage Mind: Hanshoku no Okite,,Savage Mind 繁殖の掟,Doujinshi,339,6.21,2015,https://cdn.myanimelist.net/images/manga/3/156733l.jpg
1343,T-Dragon,,T-DRAGON【ティードラゴン】,Manga,339,,2015,https://cdn.myanimelist.net/images/manga/1/215360l.jpg
1343,"Zenbu, Ω na Ore no Sei.",,ぜんぶ、Ωな俺のせい。,Manga,339,6.31,2015,https://cdn.myanimelist.net/images/manga/3/255557l.jpg
1346,Fukumen Danshi,,覆面男子,Manga,337,,2015,https://cdn.myanimelist.net/images/manga/3/177459l.jpg
1347,Isekai wo Seigyo Mahou de Kirihirake!,Carve the Another World by Controlling Magic,異世界を制御魔法で切り開け！,Light Novel,335,,2015,https://cdn.myanimelist.net/images/manga/2/187943l.jpg
1347,More than Words,,モアザンワーズ,Manga,335,,2015,https://cdn.myanimelist.net/images/manga/3/203805l.jpg
1347,Nein: 9th Story,,Nein ～9th Story～,Manga,335,,2015,https://cdn.myanimelist.net/images/manga/3/190236l.jpg
1347,Tsukumo-kun no Ai wa Machigatteiru,,九十九くんの愛はまちがっている,Manga,335,,2015,https://cdn.myanimelist.net/images/manga/3/176989l.jpg
1347,Yuuwaku Okusama,,誘惑奥サマ,One-shot,335,6.49,2015,https://cdn.myanimelist.net/images/manga/3/192799l.jpg
1352,Hakoiri no Musume,,ハコイリのムスメ,Manga,334,,2015,https://cdn.myanimelist.net/images/manga/3/165069l.jpg
1353,Aozora Rubber,,青空ラバー,Manga,333,,2015,https://cdn.myanimelist.net/images/manga/1/174535l.jpg
1353,Senka no Maihime,Battle Divas,戦華の舞姫,Light Novel,333,,2015,https://cdn.myanimelist.net/images/manga/2/185321l.jpg
1353,Yomigaeri no Maou,Revived the Devil,蘇りの魔王,Light Novel,333,,2015,https://cdn.myanimelist.net/images/manga/1/155138l.jpg
1356,S Ane,,エスアネ,One-shot,330,6.31,2015,https://cdn.myanimelist.net/images/manga/3/156758l.jpg
1356,Sweet Pain,,スウィート・ペイン,Manga,330,6.68,2015,https://cdn.myanimelist.net/images/manga/3/232456l.jpg
1358,Boku no Bimama wo Tomodachi ga Dakitai Toiu no de Mechakucha Sex Sasete Mita,,ボクの美ママを友達が抱きたいというのでメチャクチャSEXさせてみた,Doujinshi,329,6.35,2015,https://cdn.myanimelist.net/images/manga/2/156712l.jpg
1358,Hatsujou Ookami wa Sensei ga Osuki♡,The Wolf in Heat Likes His Professor♡,発情オオカミは先生がお好き♡,Manga,329,,2015,https://cdn.myanimelist.net/images/manga/1/255175l.jpg
1358,Kimi ga Tonari ni Iru nante,,君が隣にいるなんて,Manga,329,,2015,https://cdn.myanimelist.net/images/manga/2/177776l.jpg
1358,Six Sex,,Six Sex,Manga,329,,2015,https://cdn.myanimelist.net/images/manga/2/227901l.jpg
1362,Over Shorter,,OVER SHORTER,Doujinshi,328,6.68,2015,https://cdn.myanimelist.net/images/manga/1/195976l.jpg
1363,Tsuranaru Stella,Shining Stars in Line,つらなるステラ,Manga,327,,2015,https://cdn.myanimelist.net/images/manga/3/209199l.jpg
1363,Unhinged,Unhinged,극소수,Manhwa,327,,2015,https://cdn.myanimelist.net/images/manga/1/272539l.jpg
1365,Maid kara Haha ni Narimashita,Became a Mother From a Maid,メイドから母になりました,Light Novel,326,,2015,https://cdn.myanimelist.net/images/manga/2/203535l.jpg
1366,Jinrou Kyoushitsu,,人狼教室,Manga,325,6.37,2015,https://cdn.myanimelist.net/images/manga/1/180504l.jpg
1366,Suki Kirai wa Iwanai yo,Am I In Love or Just Hungry?,好き嫌いは言わないよ,Manga,325,6.57,2015,https://cdn.myanimelist.net/images/manga/3/191462l.jpg
1368,Santa Claus wa Blue,,サンタクロースはブルー,One-shot,323,6.59,2015,https://cdn.myanimelist.net/images/manga/1/170261l.jpg
1369,Taniku-chan,The Little Succulents,タニクちゃん,Manga,322,,2015,https://cdn.myanimelist.net/images/manga/1/257722l.jpg
1370,Knee High Sex,,にーはいせっくす,Manga,321,,2015,https://cdn.myanimelist.net/images/manga/2/178276l.jpg
1370,My First Lady,,マイ・ファーストレディ,Manga,321,,2015,https://cdn.myanimelist.net/images/manga/2/181819l.jpg
1370,Tokyo Inroaded: Closed Eden,,東京侵域：クローズドエデン,Light Novel,321,,2015,https://cdn.myanimelist.net/images/manga/3/153642l.jpg
1373,Kyou mo Senpai to Katakoichuu.,,今日もセンパイと片恋中。,Manga,320,,2015,https://cdn.myanimelist.net/images/manga/2/170879l.jpg
1373,Oshiri Sawaritagaru Hito Nan nano,,お尻触りたがる人なんなの,Manga,320,5.77,2015,https://cdn.myanimelist.net/images/manga/3/157855l.jpg
1375,Aka,,丹,Manga,319,,2015,https://cdn.myanimelist.net/images/manga/3/250112l.jpg
1375,"Lady!? Steady, Go!!",,"Lady!? Steady,GO!!",Light Novel,319,,2015,https://cdn.myanimelist.net/images/manga/3/166125l.jpg
1375,Mesugaki dakedo Hatsuiku Ii node Semen Kyouiku Shitemita,,メスガキだけど発育いいのでザーメン教育してみた,Manga,319,6.57,2015,https://cdn.myanimelist.net/images/manga/2/250303l.jpg
1378,Noumen Joshi no Hanako-san,Noh Masked High Shool Girl Hanako,能面女子の花子さん,Manga,318,,2015,https://cdn.myanimelist.net/images/manga/1/175580l.jpg
1378,Re:pair,,Re:pair リ：パア,One-shot,318,6.76,2015,https://cdn.myanimelist.net/images/manga/2/160440l.jpg
1380,Juuai Kantsuu,,獣愛姦通,Manga,317,6.62,2015,https://cdn.myanimelist.net/images/manga/1/239467l.jpg
1380,Nekokan.Batch,,猫缶.バッチ,One-shot,317,5.84,2015,https://cdn.myanimelist.net/images/manga/1/183305l.jpg
1382,Itazura na Te wa Gaman ga Dekinai,My Mischievous Hands Can't Resist,いたずらな手は我慢ができない,Manga,316,6.44,2015,https://cdn.myanimelist.net/images/manga/2/244920l.jpg
1382,RPG Comic,RPG Comic,롤플레잉겜만화,Manhwa,316,,2015,https://cdn.myanimelist.net/images/manga/1/260145l.jpg
1384,Houkago no Sasayaki,Whispers After Class,放課後のささやき,Manga,314,,2015,https://cdn.myanimelist.net/images/manga/2/228668l.jpg
1384,Mama-shibori x Ane-ijiri,,ママしぼり×あねいじり,Manga,314,,2015,https://cdn.myanimelist.net/images/manga/2/193376l.jpg
1384,Prison Hearts,Imprisoned Hearts,プリズンハーツ,Manga,314,,2015,https://cdn.myanimelist.net/images/manga/2/179150l.jpg
1387,Ikujinashi no Koi,,いくじなしの恋,Manga,312,6.59,2015,https://cdn.myanimelist.net/images/manga/1/223669l.jpg
1387,Tsukumo no Hanashi,,つくものはなし,Manga,312,,2015,https://cdn.myanimelist.net/images/manga/2/189829l.jpg
1389,Josouko Hatten-kei,,女装子ハッテン系,Doujinshi,311,6.68,2015,https://cdn.myanimelist.net/images/manga/1/180716l.jpg
1390,"Ecchi, Hame, Zettai♥","Sex, Fit in, Absolutely♥",エッチ、ハメ、ゼッタイ♥,Manga,310,,2015,https://cdn.myanimelist.net/images/manga/1/199091l.jpg
1390,Graphite,,グラファイト,Doujinshi,310,6.45,2015,https://cdn.myanimelist.net/images/manga/1/239373l.jpg
1390,Sagishi,Cavalier with the Truth,詐騎士,Manga,310,,2015,https://cdn.myanimelist.net/images/manga/3/186473l.jpg
1393,I See Your Money,I See Your Money,너의 돈이 보여,Manhwa,309,6.65,2015,https://cdn.myanimelist.net/images/manga/1/267157l.jpg
1393,"Itsuka, Kimi ga Tonari de Mezametara",If you wake up next to me sometime.,いつか、キミが隣で目覚めたら,Manga,309,,2015,https://cdn.myanimelist.net/images/manga/1/196383l.jpg
1395,Red Dragon,,レッドドラゴン,Manga,308,,2015,https://cdn.myanimelist.net/images/manga/3/182776l.jpg
1395,Wagaya wa Kiseki de Afureteru,,わが家は奇跡であふれてる,Manga,308,,2015,https://cdn.myanimelist.net/images/manga/1/182936l.jpg
1397,Dekisokonai no Monster Trainer,,できそこないの魔獣錬磨師〈モンスタートレーナー〉,Light Novel,307,,2015,https://cdn.myanimelist.net/images/manga/1/176331l.jpg
1397,Hi-Fi Rendezvous,,ハイ・ファイ・ランデブー,Manga,307,,2015,https://cdn.myanimelist.net/images/manga/2/237207l.jpg
1397,Kuyashii kedo Kimi ga Suki,,悔しいけどキミが好き,Manga,307,6.47,2015,https://cdn.myanimelist.net/images/manga/3/233141l.jpg
1397,Shinsetsu★Sekaishi Taizen,,真説★世界史大全,Manga,307,,2015,https://cdn.myanimelist.net/images/manga/3/233430l.jpg
1401,Irregular's Rebellion,,イレギュラーズ・リベリオン,Light Novel,306,,2015,https://cdn.myanimelist.net/images/manga/2/199808l.jpg
1401,"Umi no Mukou, Tsuki no Uragawa",,海の向こう、月の裏側,One-shot,306,6.37,2015,https://cdn.myanimelist.net/images/manga/2/199017l.jpg
1403,Boku no Neechan wa Chouzetsu Kami Body Tensai Chijo,,ボクの姉ちゃんは超絶神BODY天才痴女,Doujinshi,305,6.59,2015,https://cdn.myanimelist.net/images/manga/2/172207l.jpg
1403,Himesama to Dorei-chan,,姫様と奴隷ちゃん,Doujinshi,305,6.67,2015,https://cdn.myanimelist.net/images/manga/2/237288l.jpg
1403,Nyaa to Naitara,This Boy Is a Bottom,にゃあと鳴いたら,Manga,305,6.58,2015,https://cdn.myanimelist.net/images/manga/1/245415l.jpg
1403,Play,,PLAY,Doujinshi,305,,2015,https://cdn.myanimelist.net/images/manga/3/189607l.jpg
1407,Esoragoto.,,えそらごと。,Manga,304,,2015,https://cdn.myanimelist.net/images/manga/2/165624l.jpg
1408,Cigar Holic,,シガーホリック,Manga,303,,2015,https://cdn.myanimelist.net/images/manga/1/190696l.jpg
1408,Kagerou Daze Koushiki Anthology Comic: Fantasy,,カゲロウデイズ公式アンソロジーコミック FANTASY,Manga,303,,2015,https://cdn.myanimelist.net/images/manga/2/186554l.jpg
1408,Seiyaku no Frontline,Front line of the oath,誓約のフロントライン,Manga,303,,2015,https://cdn.myanimelist.net/images/manga/3/175770l.jpg
1408,Sekai no Oto ga Shinai,No Sound World,世界の音がしない,Manga,303,6.55,2015,https://cdn.myanimelist.net/images/manga/3/207178l.jpg
1412,Classroom☆Crisis,,Classroom☆Crisis,Light Novel,302,,2015,https://cdn.myanimelist.net/images/manga/2/159758l.jpg
1412,Global☆Panic,,グローバル☆ぱにっく,One-shot,302,6.46,2015,https://cdn.myanimelist.net/images/manga/1/184905l.jpg
1412,Run Over,,ラン・オーバー,Light Novel,302,,2015,https://cdn.myanimelist.net/images/manga/2/201111l.jpg
1412,Wo Jia Da Shixiong Naozi You Keng,,我家大师兄脑子有坑,Manhua,302,,2015,https://cdn.myanimelist.net/images/manga/1/289586l.jpg
1416,Bokura no Koi wo Kimi wa Shiranai,You Don't Know Our Love Affair,ぼくらの恋をきみは知らない,Manga,301,,2015,https://cdn.myanimelist.net/images/manga/1/223388l.jpg
1417,Aiko no Maa-chan,,あいこのまーちゃん,Manga,300,,2015,https://cdn.myanimelist.net/images/manga/1/165761l.jpg
1418,Amasawa-kun to Kamuna-chan,Amasawa-kun & Kamuna-chan,天沢君とカムナちゃん,Manga,298,,2015,https://cdn.myanimelist.net/images/manga/3/227400l.jpg
1418,Eirun Last Code: Kakuu Sekai yori Senjou e,Eirun Last Code: From the Fictional World to the Battlefield,エイルン・ラストコード ～架空世界より戦場へ～,Light Novel,298,,2015,https://cdn.myanimelist.net/images/manga/3/167959l.jpg
1418,Meitantei Conan: Ijigen no Sniper,Detective Conan the Movie: Dimensional Sniper,名探偵コナン 異次元の狙撃手〈スナイパー〉,Manga,298,,2015,https://cdn.myanimelist.net/images/manga/3/240664l.jpg
1418,Oneechan no Imouto,,お姉ちゃんの妹,Manga,298,6.45,2015,https://cdn.myanimelist.net/images/manga/2/168919l.jpg
1418,Yagi-kun to Mei-san,,ヤギくんとメイさん,Manga,298,,2015,https://cdn.myanimelist.net/images/manga/3/179780l.jpg
1423,Haha no Hi to Musume no Hi,,母の日と娘の日,Doujinshi,297,6.39,2015,https://cdn.myanimelist.net/images/manga/1/190970l.jpg
1423,Houkago no Oshaberi,,放課後のおしゃべり,Doujinshi,297,6.25,2015,https://cdn.myanimelist.net/images/manga/2/194105l.jpg
1423,Lucid Dream,Lucid Dream,루시드 드림,Manhwa,297,6.93,2015,https://cdn.myanimelist.net/images/manga/2/268422l.jpg
1426,Loli Tissue,,ろりティッシュ,Manga,296,,2015,https://cdn.myanimelist.net/images/manga/3/178563l.jpg
1427,Ideologue!,,いでおろーぐ！,Light Novel,294,,2015,https://cdn.myanimelist.net/images/manga/1/176589l.jpg
1428,Babylon,,バビロン,Novel,293,,2015,https://cdn.myanimelist.net/images/manga/1/270891l.jpg
1428,Suki Dakara Kiss shita no?,,好きだからキスしたの?,Manga,293,6.57,2015,https://cdn.myanimelist.net/images/manga/1/231097l.jpg
1430,Harukanaru Toki no Naka de 6,,遙かなる時空の中で6,Manga,292,,2015,https://cdn.myanimelist.net/images/manga/1/193235l.jpg
1430,Mayonaka no Orphée,Orpheus of Midnight,真夜中のオルフェ,Manga,292,,2015,https://cdn.myanimelist.net/images/manga/1/224689l.jpg
1430,Watashitachi no Futekisetsu na Kankei,,わたしたちの不適切な関係,Manga,292,,2015,https://cdn.myanimelist.net/images/manga/2/265118l.jpg
1433,"""Suki!"" made 0-byou",,『スキ！』まで0秒,Manga,291,,2015,https://cdn.myanimelist.net/images/manga/3/180888l.jpg
1433,Amaenaide yo!! R,,あまえないでよっ!! R （りたーんず♥）,Manga,291,,2015,https://cdn.myanimelist.net/images/manga/3/173763l.jpg
1433,Himitsu wa Kiss de Abakareru,Kiss and Tell,秘密はキスで暴かれる,Manga,291,,2015,https://cdn.myanimelist.net/images/manga/2/223419l.jpg
1433,Koisuru Little,Little Love Story,恋するリトル,Manga,291,,2015,https://cdn.myanimelist.net/images/manga/1/175567l.jpg
1433,Nekottake!,Cat + Crazy,ねこったけ!,Manga,291,,2015,https://cdn.myanimelist.net/images/manga/3/220839l.jpg
1433,Oya ni Naisho no Iedex,,親にナイショの家出ックス,Doujinshi,291,,2015,https://cdn.myanimelist.net/images/manga/3/194177l.jpg
1439,Achilleus: Argos no Gunshin,,アキレウス アルゴスの軍神,Manga,290,,2015,https://cdn.myanimelist.net/images/manga/2/205871l.jpg
1439,Hatsujou Switch: Otosareta Shoujo-tachi,,発情スイッチ～堕とされた少女達～,Manga,290,,2015,https://cdn.myanimelist.net/images/manga/3/231533l.jpg
1439,Kanojo to Kare no Shuumatsu,Her and His Weekend,彼女と彼の週末,Manga,290,6.62,2015,https://cdn.myanimelist.net/images/manga/3/203351l.jpg
1439,Machi no Tom & Sawyer,,都会〈まち〉のトム＆ソーヤ,Manga,290,,2015,https://cdn.myanimelist.net/images/manga/3/179088l.jpg
1439,"Suisei no Gargantia: Haruka, Kaikou no Tenchi",,翠星のガルガンティア ～遥か、邂逅の天地～,Light Novel,290,,2015,https://cdn.myanimelist.net/images/manga/2/171268l.jpg
1444,Isekai C-Mart Hanjouki,Welcom to [C] mart in Another World,異世界Cマート繁盛記,Light Novel,289,,2015,https://cdn.myanimelist.net/images/manga/2/169596l.jpg
1444,Murabito Tensei: Saikyou no Slow Life,,村人転生 最強のスローライフ,Light Novel,289,,2015,https://cdn.myanimelist.net/images/manga/1/212210l.jpg
1446,Sentimental Letter,,センチメンタルレター,Manga,288,,2015,https://cdn.myanimelist.net/images/manga/1/178504l.jpg
1446,Smile,,スマイル,Manga,288,,2015,https://cdn.myanimelist.net/images/manga/2/179730l.jpg
1446,Wakabayashi-kun ga Nekasetekurenai,Wakabayashi-kun won't let me nap.,若林くんが寝かせてくれない,Manga,288,,2015,https://cdn.myanimelist.net/images/manga/2/173440l.jpg
1449,30 Days with You,30 Days with You,30일의 당신에게,Manhwa,287,,2015,https://cdn.myanimelist.net/images/manga/3/265116l.jpg
1449,Tsuntsun Amaama,,ツンツンアマアマ,One-shot,287,,2015,https://cdn.myanimelist.net/images/manga/1/161302l.jpg
1451,Aisaretatte Nugimasen.,,愛されたって脱ぎません。,Manga,286,6.55,2015,https://cdn.myanimelist.net/images/manga/1/208307l.jpg
1451,Aitai,Cirrus: A Longing to Love,靉靆,Doujinshi,286,6.63,2015,https://cdn.myanimelist.net/images/manga/1/160275l.jpg
1451,Matome★Groggy Heaven,,まとめ★グロッキーヘブン,Manga,286,,2015,https://cdn.myanimelist.net/images/manga/3/170473l.jpg
1451,Paco Paco Princess,,パコパコぷりんせす,Manga,286,6.6,2015,https://cdn.myanimelist.net/images/manga/2/243811l.jpg
1455,Gendai Irozato Enkobanashi,,現代色里艶小噺,Manga,285,,2015,https://cdn.myanimelist.net/images/manga/2/225133l.jpg
1455,Oogata Shinjin no Kyouikugakari,Trainer of Super Rookie,大型新人の教育係,Manga,285,,2015,https://cdn.myanimelist.net/images/manga/2/231803l.jpg
1455,Tokyo 7th Sisters Comic Anthology,,Tokyo 7th シスターズ コミックアンソロジー,Manga,285,,2015,https://cdn.myanimelist.net/images/manga/1/164656l.jpg
1458,Gakuen Rankou,,学園乱交,Manga,284,,2015,https://cdn.myanimelist.net/images/manga/2/287815l.jpg
1458,Manga no Kamisama,God of Manga,マンガの神様,Light Novel,284,,2015,https://cdn.myanimelist.net/images/manga/3/177047l.jpg
1460,Capture,Capture,캡쳐,Manhwa,283,,2015,https://cdn.myanimelist.net/images/manga/1/270722l.jpg
1461,Hokenshitsu no JK-san,,保健室のJKさん,Doujinshi,282,,2015,https://cdn.myanimelist.net/images/manga/1/161714l.jpg
1461,Oudou Rakudo no Vigilante,Vigilante the Kingcraft Paradise,王道楽土のビジランテ,Manga,282,,2015,https://cdn.myanimelist.net/images/manga/3/169611l.jpg
1463,Dekoboko Animation,,凸凹アニメーション,Manga,280,,2015,https://cdn.myanimelist.net/images/manga/3/164062l.jpg
1463,Kazoku Soukanzu,,家族挿姦図,Manga,280,,2015,https://cdn.myanimelist.net/images/manga/2/184462l.jpg
1463,Ningyou Touge,,人形峠,Manga,280,,2015,https://cdn.myanimelist.net/images/manga/2/246561l.jpg
1463,Suki desu... Kanari.,I'm Rather... Fond of You.,好きです…かなり。,Manga,280,,2015,https://cdn.myanimelist.net/images/manga/2/246926l.jpg
1467,"Nemureru Hiru wa, Kimi no Shita",,眠れる昼は、キミの下,Manga,279,6.11,2015,https://cdn.myanimelist.net/images/manga/2/229760l.jpg
1467,Sayonara Limit,,さよならリミット,One-shot,279,6.17,2015,https://cdn.myanimelist.net/images/manga/2/166265l.jpg
1467,Sister Island,,姉妹島〈シスターアイランド〉,Manga,279,,2015,https://cdn.myanimelist.net/images/manga/3/284217l.jpg
1470,Neechan no Sakauramix,,姉ちゃんの逆恨みっくす,One-shot,278,6.42,2015,https://cdn.myanimelist.net/images/manga/1/237222l.jpg
1470,Saikai Haou no Musou Shihai,Lowest Overlord Matchless Rule,最下位覇王の無双支配,Light Novel,278,,2015,https://cdn.myanimelist.net/images/manga/2/159451l.jpg
1470,Sensei ni wa Kanawanai,I'm No Match For Him,せんせいには敵わない,Manga,278,,2015,https://cdn.myanimelist.net/images/manga/1/278976l.jpg
1470,Thunder Girl,,サンダーガール,One-shot,278,6.45,2015,https://cdn.myanimelist.net/images/manga/3/171158l.jpg
1474,Harenchi.,Shameless,はれんち。,Manga,277,,2015,https://cdn.myanimelist.net/images/manga/3/249477l.jpg
1474,Milky♡Clinic,,ミルキー♡クリニック,One-shot,277,,2015,https://cdn.myanimelist.net/images/manga/2/191838l.jpg
1476,Banjou no Polaris,,盤上のポラリス,Manga,276,6.7,2015,https://cdn.myanimelist.net/images/manga/3/173469l.jpg
1476,Colorful Macchiato!: Mahou Shoujo wa Tatakawanai.,,カラフル・マキアート！―魔法少女は戦わない。―,Manga,276,,2015,https://cdn.myanimelist.net/images/manga/3/219771l.jpg
1476,Oren's,,OREN'S オーレンズ,Manga,276,,2015,https://cdn.myanimelist.net/images/manga/2/217098l.jpg
1479,One Room Maid,,ワンルームメイド,One-shot,275,,2015,https://cdn.myanimelist.net/images/manga/3/182142l.jpg
1479,Playboy na Ore ga Onna ni saremashita!!,"I'm a Playboy, and Now I'm Forced to be ""Bottom""",プレイボーイな俺がオンナにされましたっ!!,Manga,275,6.02,2015,https://cdn.myanimelist.net/images/manga/3/244918l.jpg
1481,Psycho Bank,,サイコバンク,Manga,274,,2015,https://cdn.myanimelist.net/images/manga/2/211051l.jpg
1481,Tachibanakan CeLeb Life,,橘館Ce Lebらいふ,Manga,274,,2015,https://cdn.myanimelist.net/images/manga/1/245207l.jpg
1483,Osananajimi wa Do S Danshi!,,幼なじみはドS男子!,Manga,273,,2015,https://cdn.myanimelist.net/images/manga/2/171960l.jpg
1483,Rūnin: The Ronin in the Ruined City,,Rūnin-The RONIN in the Ruined City-,Manga,273,,2015,https://cdn.myanimelist.net/images/manga/2/157720l.jpg
1485,Daily Sisters,,デイリーシスターズ,Manga,272,,2015,https://cdn.myanimelist.net/images/manga/1/242794l.jpg
1485,News x It,,NEWS×it,Manga,272,,2015,https://cdn.myanimelist.net/images/manga/1/165909l.jpg
1485,Usakame,,うさかめ,Manga,272,,2015,https://cdn.myanimelist.net/images/manga/2/170693l.jpg
1485,"y+[08:15-09:37(Mon)] Imakara Atashi..., ●●saremasu. Anthurium Without Dying Forever...",,y+【08:15-09:37(mon)】 今からアタシ…、●●されます。 Anthurium without dying forever…,One-shot,272,,2015,https://cdn.myanimelist.net/images/manga/1/153590l.jpg
1489,Mondaiji Uehara,,もんだいじ上原,Doujinshi,271,,2015,https://cdn.myanimelist.net/images/manga/3/190227l.jpg
1490,Ankoku Kishi wo Nugasanaide,,暗黒騎士を脱がさないで,Light Novel,270,,2015,https://cdn.myanimelist.net/images/manga/3/167512l.jpg
1490,Etten no Sora,The Sky of Etten,越天の空,Manga,270,,2015,https://cdn.myanimelist.net/images/manga/1/194337l.jpg
1490,Kono Machi ga Bokura no Sekai,,この町がぼくらのセカイ,Manga,270,,2015,https://cdn.myanimelist.net/images/manga/1/179452l.jpg
1493,Hotondo Byouki♡,,ほとんどビョーキ♡,One-shot,269,6.48,2015,https://cdn.myanimelist.net/images/manga/1/160416l.jpg
1493,Koizome Marking,Love Juice Marking,恋染まーきんぐ,Manga,269,,2015,https://cdn.myanimelist.net/images/manga/3/249507l.jpg
1495,Nyan Nyan Shichau zo!,,にゃんにゃんシちゃうゾ!,Manga,268,,2015,https://cdn.myanimelist.net/images/manga/2/234619l.jpg
1495,Oneesan no Junai Karte,,お姉さんの潤愛カルテ,Manga,268,,2015,https://cdn.myanimelist.net/images/manga/1/206581l.jpg
1497,Osananajimi ga Yokkyuu Fuman de Komatteiru.,My Childhood Friend Is Frustrated by His Desire for Me,幼馴染が欲求不満で困っている。,Manga,267,,2015,https://cdn.myanimelist.net/images/manga/3/246601l.jpg
1498,0.000000001% Derenai Shiroi Neko,,0.000000001%デレない白い猫,Light Novel,266,,2015,https://cdn.myanimelist.net/images/manga/2/159875l.jpg
1498,Boku wa Chikyuu to Utau: BokuTama Jisedai-hen II,,ぼくは地球と歌う ―ぼく地球 次世代編II―,Manga,266,,2015,https://cdn.myanimelist.net/images/manga/2/172978l.jpg
1498,Fat You Want,,ファット・ユー・ウォント,Manga,266,,2015,https://cdn.myanimelist.net/images/manga/2/238182l.jpg
1498,"Hatsukoi ni, Tejou",,ハツコイに、手錠,Manga,266,,2015,https://cdn.myanimelist.net/images/manga/1/180890l.jpg
1498,Tou no Kanri wo Shitemiyou,,塔の管理をしてみよう,Light Novel,266,,2015,https://cdn.myanimelist.net/images/manga/2/227836l.jpg
1503,Doutei Dou Deshou dj - Another,How do you like cherry boy? another,童貞どうでしょう another,Doujinshi,265,6.59,2015,https://cdn.myanimelist.net/images/manga/3/170333l.jpg
1503,Yokujou Aquarium,The Lust Aquarium,欲情アクアリウム,Manga,265,6.25,2015,https://cdn.myanimelist.net/images/manga/2/252967l.jpg
1505,Fei Ren Zai,,非人哉,Manhua,264,,2015,https://cdn.myanimelist.net/images/manga/3/281301l.jpg
1505,Zecchou! Otoko no Ko Massage,,絶頂！男の娘マッサージ,Doujinshi,264,,2015,https://cdn.myanimelist.net/images/manga/3/160340l.jpg
1507,Do S Onna Kyoushi no Shinro Soudanshitsu,,ドS女教師の進路相談室,One-shot,263,,2015,https://cdn.myanimelist.net/images/manga/3/180325l.jpg
1507,Morishita Arai no Renai Jijou,We've Got Chemistry,モリシタアライの恋愛事情,Doujinshi,263,,2015,https://cdn.myanimelist.net/images/manga/1/238531l.jpg
1507,Ojou to Nanahiki no Inu,Ojou with 7 Dogs,お嬢と七匹の犬,Manga,263,,2015,https://cdn.myanimelist.net/images/manga/1/238281l.jpg
1507,Seesaw x Game,,シーソー×ゲーム,Manga,263,,2015,https://cdn.myanimelist.net/images/manga/3/167270l.jpg
1507,Watashi wa Teki ni Narimasen!,I Refuse to Be Your Enemy!,私は敵になりません！,Light Novel,263,,2015,https://cdn.myanimelist.net/images/manga/2/242482l.jpg
1512,Four Billion Nights,,フォービリオンナイツ～久正人傑作短編集～,Manga,262,,2015,https://cdn.myanimelist.net/images/manga/3/155069l.jpg
1512,Oda Nobuna no Yabou: Azuchi Nikki,,織田信奈の野望 安土日記,Light Novel,262,,2015,https://cdn.myanimelist.net/images/manga/1/164533l.jpg
1512,Selector Infected WIXOSS: Mayu no Oheya,,selector infected WIXOSS ～まゆのおへや～,Manga,262,,2015,https://cdn.myanimelist.net/images/manga/3/184852l.jpg
1515,Folie à Deux,Folie à Deux,Folie à Deux,One-shot,260,,2015,https://cdn.myanimelist.net/images/manga/3/165251l.jpg
1515,Kokugensou wo Item Cheat de Ikinuku,,酷幻想をアイテムチートで生き抜く,Light Novel,260,,2015,https://cdn.myanimelist.net/images/manga/3/181857l.jpg
1515,Kyou wa Nani Shiyou ka?,,きょうはナニしよっか？,Manga,260,,2015,https://cdn.myanimelist.net/images/manga/1/245233l.jpg
1515,Schwarzesmarken: Sekiei no Bernhard,,シュヴァルツェスマーケン 隻影のベルンハルト,Light Novel,260,,2015,https://cdn.myanimelist.net/images/manga/2/165491l.jpg
1519,Magical★Companion,,まじかる★こんぱにおん,Doujinshi,259,6.33,2015,https://cdn.myanimelist.net/images/manga/1/189318l.jpg
1519,Marshmallow Days,,ましゅまろでぃず,Manga,259,,2015,https://cdn.myanimelist.net/images/manga/2/203250l.jpg
1521,Semegui Danshi,,攻め喰い男子,Manga,258,,2015,https://cdn.myanimelist.net/images/manga/2/197065l.jpg
1522,Toshi to Infrastructure: Kago Shintarou Sakuhinshuu,Cities and Infrastructure: Shintaro Kago Collection,駕籠真太郎作品集 都市とインフラストラクチャー,Manga,257,,2015,https://cdn.myanimelist.net/images/manga/3/300762l.jpg
1523,Hello to Happiness,,ハロートゥハピネス,Manga,256,,2015,https://cdn.myanimelist.net/images/manga/2/262425l.jpg
1523,Otokujuku Gaiden: Kurenai!! Onnajuku,,男塾外伝 紅!! 女塾,Manga,256,,2015,https://cdn.myanimelist.net/images/manga/3/165441l.jpg
1523,Sakasama no Kimi,,さかさまのきみ,One-shot,256,6.45,2015,https://cdn.myanimelist.net/images/manga/1/173726l.jpg
1526,B's-LOVEY Anthology: Omegaverse,,B's-LOVEY アンソロジー オメガバース,Manga,255,,2015,https://cdn.myanimelist.net/images/manga/3/239371l.jpg
1526,Hourou Yuusha wa Kinka to Odoru,,放浪勇者は金貨と踊る,Light Novel,255,,2015,https://cdn.myanimelist.net/images/manga/1/186696l.jpg
1528,Ekidare,,エキダレ,Manga,254,,2015,https://cdn.myanimelist.net/images/manga/2/190918l.jpg
1528,Ensemble Stars!,,あんさんぶるスターズ!,Light Novel,254,,2015,https://cdn.myanimelist.net/images/manga/3/236963l.jpg
1528,La paix Corpo no Yuuutsu,,ラペコーポの憂鬱,Manga,254,,2015,https://cdn.myanimelist.net/images/manga/1/190923l.jpg
1528,Nakadashi 100-nin Dekiru kana,,中出し100人できるかな,Manga,254,,2015,https://cdn.myanimelist.net/images/manga/2/250739l.jpg
1532,Kemono Direct,,獣DIRECT,Manga,253,,2015,https://cdn.myanimelist.net/images/manga/1/168656l.jpg
1532,Kimi ga Suki,Irresistible love for you,キミが好き,Manga,253,,2015,https://cdn.myanimelist.net/images/manga/1/182410l.jpg
1532,Shaving,,Shaving,Doujinshi,253,,2015,https://cdn.myanimelist.net/images/manga/3/202743l.jpg
1535,Kaiou Dante,"""Dante"" Ocean King",海王ダンテ,Manga,252,,2015,https://cdn.myanimelist.net/images/manga/1/186405l.jpg
1535,Yojouhan Monogatari,,四畳半物語,Doujinshi,252,,2015,https://cdn.myanimelist.net/images/manga/1/197293l.jpg
1537,Midara Ane to Jukunikuzuma,,淫ら姉と熟肉妻,Manga,251,,2015,https://cdn.myanimelist.net/images/manga/1/192646l.jpg
1538,School Resort!,,すくりぞ！,Manga,250,,2015,https://cdn.myanimelist.net/images/manga/1/203529l.jpg
1538,Zettai Toudo,,絶対糖度,Manga,250,,2015,https://cdn.myanimelist.net/images/manga/1/168028l.jpg
1540,"""Eiyuu"" Kaitai",,「英雄」解体,Light Novel,249,,2015,https://cdn.myanimelist.net/images/manga/3/189240l.jpg
1540,Alice mare,,アリスメア,Light Novel,249,,2015,https://cdn.myanimelist.net/images/manga/1/208567l.jpg
1540,Hajirai Shoujo,,恥じらい少女,One-shot,249,6.37,2015,https://cdn.myanimelist.net/images/manga/1/156730l.jpg
1540,Imouto Life,,いもーとらいふ,Light Novel,249,,2015,https://cdn.myanimelist.net/images/manga/1/183795l.jpg
1540,Isekai Tensei ni Kansha wo,Thanks to the Parallel World,異世界転生に感謝を,Light Novel,249,,2015,https://cdn.myanimelist.net/images/manga/1/204932l.jpg
1540,"No Damage, No High School Life.",,No Damage，No High School Life.,One-shot,249,,2015,https://cdn.myanimelist.net/images/manga/1/156707l.jpg
1540,Nyuugi Senyou Shimai,,乳技専用姉妹,Doujinshi,249,,2015,https://cdn.myanimelist.net/images/manga/1/258514l.jpg
1547,Ginga wa Kanojo hodo ni,,銀河は彼女ほどに,Manga,248,,2015,https://cdn.myanimelist.net/images/manga/2/162259l.jpg
1547,Okyakusama wa Kamisama desu.,,お客様は神様です。,Manga,248,,2015,https://cdn.myanimelist.net/images/manga/1/169301l.jpg
1547,Zettai Zetsubou Shoujo: Danganronpa Another Episode Comic Anthology,,絶対絶望少女 ダンガンロンパ Another Episode コミックアンソロジー,Manga,248,,2015,https://cdn.myanimelist.net/images/manga/2/283288l.jpg
1550,4D,Fourth dimension,4D,Manga,247,,2015,https://cdn.myanimelist.net/images/manga/3/170161l.jpg
1550,99-banme no Kyuuketsuhime,Ninety-ninth Vampire Princess,99番目の吸血姫,Light Novel,247,,2015,https://cdn.myanimelist.net/images/manga/3/165208l.jpg
1550,Demon Busters: Ecchi na Ecchi na Demon Taiji,Daemon Busters,デーモンバスターズ ～えっちなえっちなデーモン退治～,Light Novel,247,,2015,https://cdn.myanimelist.net/images/manga/3/164955l.jpg
1550,Shinjou Kokyuu,,心情呼吸,Manga,247,,2015,https://cdn.myanimelist.net/images/manga/2/236698l.jpg
1554,Shousetsu Heartcatch Precure!,,小説 ハートキャッチプリキュア!,Novel,246,,2015,https://cdn.myanimelist.net/images/manga/2/175458l.jpg
1555,"""Ryuushutsu"" JSJC Naisho no Jian",,【流出】JSJCナイショの事案,Manga,245,,2015,https://cdn.myanimelist.net/images/manga/3/190922l.jpg
1555,Dragonsitter,Dragonsitter,드래곤 시터,Manhwa,245,,2015,https://cdn.myanimelist.net/images/manga/3/257752l.jpg
1555,Koi ni Tsuite Hanasou ka,Let's Talk Love,恋について話そうか,Manga,245,,2015,https://cdn.myanimelist.net/images/manga/1/161179l.jpg
1555,Shindai Kyuusha,,寝台鳩舎,Manga,245,,2015,https://cdn.myanimelist.net/images/manga/1/269300l.jpg
1555,Xing Meng Ouxiang Jihua,Star Dream Idol Project,星梦偶像计划,Manhua,245,,2015,https://cdn.myanimelist.net/images/manga/3/253311l.jpg
1555,Yumiko-sensei wa 2 Ana Dorei,,由美子先生は2穴奴隷,One-shot,245,,2015,https://cdn.myanimelist.net/images/manga/3/160909l.jpg
1561,Hitokui Dungeon e Youkoso!,Welcome to the Maneater Dungeon,人食いダンジョンへようこそ！,Light Novel,244,,2015,https://cdn.myanimelist.net/images/manga/1/213273l.jpg
1561,Hoshi ni Ochiru Efude,,星に落ちる絵筆,Manga,244,,2015,https://cdn.myanimelist.net/images/manga/1/221965l.jpg
1561,Itoshi no Mitsuyoku Circus,Sultry Circus of Lust,愛しの蜜欲サーカス,Manga,244,,2015,https://cdn.myanimelist.net/images/manga/3/233270l.jpg
1561,Taimanin Asagi: Kessen Arena-hen,,対魔忍アサギ 決戦アリーナ編,Manga,244,,2015,https://cdn.myanimelist.net/images/manga/2/193117l.jpg
1565,Double Trap,,ダブルトラップ,Doujinshi,243,,2015,https://cdn.myanimelist.net/images/manga/3/259196l.jpg
1565,Ore no Tame ni Onna ni Natte Kureru Ojisan.,,俺のために女になってくれるおじさん。,Doujinshi,243,6.14,2015,https://cdn.myanimelist.net/images/manga/2/160239l.jpg
1567,Enshoku no Mandara,,焔色のまんだら,Manga,242,6.87,2015,https://cdn.myanimelist.net/images/manga/3/254160l.jpg
1567,Sora no Kain,Skyward Saga of Kain,空のカイン,Manga,242,,2015,https://cdn.myanimelist.net/images/manga/1/181314l.jpg
1569,Dream Dust Box!,,Dream 射st Box！ ドリーム射ストボックス,Doujinshi,241,,2015,https://cdn.myanimelist.net/images/manga/3/160367l.jpg
1569,Gundam Build Fighters,,ガンダムビルドファイターズ,Light Novel,241,,2015,https://cdn.myanimelist.net/images/manga/2/172282l.jpg
1569,Isekai Cheat Kaitakuki,,異世界チート開拓記,Light Novel,241,,2015,https://cdn.myanimelist.net/images/manga/1/190356l.jpg
1569,Kochira Joshi Shain Senyou Seishori-ka,Sex Industry Division for Women's employees dedicated,こちら女子社員専用性処理課,Manga,241,,2015,https://cdn.myanimelist.net/images/manga/3/182002l.jpg
1569,Smoking,,スモーキング,Manga,241,,2015,https://cdn.myanimelist.net/images/manga/2/195378l.jpg
1569,Yandere Imouto ni Aisaresugite Kozukuri Kankin Seikatsu,,ヤンデレ妹に愛されすぎて子作り監禁生活,Light Novel,241,,2015,https://cdn.myanimelist.net/images/manga/1/168882l.jpg
1575,Five Senses,,five senses,Manga,240,,2015,https://cdn.myanimelist.net/images/manga/1/236952l.jpg
1575,Heroine e no Chikamichi,,勝ち組への近道,One-shot,240,,2015,https://cdn.myanimelist.net/images/manga/3/156751l.jpg
1575,Imouto to Sono Yuujin ga Ero Sugite Ore no Kokan ga Yabai,,妹とその友人がエロすぎて俺の股間がヤバイ,Light Novel,240,,2015,https://cdn.myanimelist.net/images/manga/2/178128l.jpg
1575,Junjou Mission,Pure Mission,純情ミッション,One-shot,240,,2015,https://cdn.myanimelist.net/images/manga/2/177630l.jpg
1575,Prince Prince,,プリンスプリンス,Manga,240,,2015,https://cdn.myanimelist.net/images/manga/3/167271l.jpg
1575,Sweets Concerto: Amami Danshi no Hinichijou,Sweets Concerto: Sweets Boys of Extra Ordinary,スイーツコンチェルト-甘味男子の非日常-,Manga,240,,2015,https://cdn.myanimelist.net/images/manga/2/241874l.jpg
1581,Chii Size,,ちいサイズ,Manga,239,,2015,https://cdn.myanimelist.net/images/manga/3/199080l.jpg
1581,Hontou ni Atta Shougeki no Kyoufu Taiken,,本当にあった衝撃の恐怖体験,Manga,239,,2015,https://cdn.myanimelist.net/images/manga/1/166829l.jpg
1581,Hoshino-san Chi no Aru to Kana,Aru and Kana of the Hoshino's,星野さん家のアルとカナ,Manga,239,,2015,https://cdn.myanimelist.net/images/manga/1/180490l.jpg
1581,Naraku no Hitsuji,,奈落の羊,Manga,239,,2015,https://cdn.myanimelist.net/images/manga/3/176869l.jpg
1581,Shoujo Konkatsu Jidai,Looking for the one,少女婚活時代,Manga,239,,2015,https://cdn.myanimelist.net/images/manga/2/205163l.jpg
1581,With Me?: Koko de wa Nai Dokoka e,,－with me?－ここではないどこかへ,Manga,239,,2015,https://cdn.myanimelist.net/images/manga/2/197971l.jpg
1587,Car Life♥Car Sex,,カーライフ♥カーセックス,Manga,238,,2015,https://cdn.myanimelist.net/images/manga/1/199262l.jpg
1587,Darenimo Ienai Koto,I can't tell anyone,だれにもいえないコト,Manga,238,,2015,https://cdn.myanimelist.net/images/manga/1/193762l.jpg
1587,Doomed,Doomed,천박한 년,Manhwa,238,,2015,https://cdn.myanimelist.net/images/manga/2/269819l.jpg
1587,Elf to Sensha to Boku no Mainichi,,エルフと戦車と僕の毎日,Light Novel,238,,2015,https://cdn.myanimelist.net/images/manga/2/195597l.jpg
1587,Go! Princess Precure,,Go! プリンセスプリキュア,Manga,238,,2015,https://cdn.myanimelist.net/images/manga/3/227326l.jpg
1587,Kanpeki na Machi,A Perfect City,かんぺきな街,Manga,238,,2015,https://cdn.myanimelist.net/images/manga/3/300089l.jpg
1593,Iyarashi Hazukashi.,A Girl's Horny and Embarrassed.,いやらしはずかし。,Manga,237,,2015,https://cdn.myanimelist.net/images/manga/1/201838l.jpg
1593,Tales of Zestiria: Alisha After Episode - Hitomi ni Utsuru Mono,,テイルズ オブ ゼスティリア アリーシャ アフターエピソード ～瞳にうつるもの～,Manga,237,,2015,https://cdn.myanimelist.net/images/manga/3/234498l.jpg
1593,Tsunagare Kamarete Koi wo Suru,,繋がれ咬まれて恋をする,Manga,237,,2015,https://cdn.myanimelist.net/images/manga/1/224931l.jpg
1596,After Service,Working Overtime,アフターサービス,Manga,236,,2015,https://cdn.myanimelist.net/images/manga/1/260557l.jpg
1596,Hyakuma no Aruji,Lord of the Misfits,百魔の主,Light Novel,236,,2015,https://cdn.myanimelist.net/images/manga/1/199364l.jpg
1596,Noushou Sakuretsu Girl,,脳漿炸裂ガール,Manga,236,,2015,https://cdn.myanimelist.net/images/manga/3/162204l.jpg
1599,Kurofune Raishuu Girl!,,黒船来襲少女〈ガール〉！,Manga,235,,2015,https://cdn.myanimelist.net/images/manga/3/202241l.jpg
1599,Sword Gai Evolve,,ソードガイ・ヱヴォルヴ 装刀凱 Evolve,Manga,235,,2015,https://cdn.myanimelist.net/images/manga/1/179171l.jpg
1599,Warai no Kamigami: Saishuukai,,笑いの神々～最終回～,One-shot,235,5.94,2015,https://cdn.myanimelist.net/images/manga/3/158845l.jpg
1599,Yu☆Gi☆Oh! Arc-V: Saikyou Duelist Yuuya!!,,遊☆戯☆王ARC-V 最強デュエリスト遊矢!!,Manga,235,,2015,https://cdn.myanimelist.net/images/manga/3/235995l.jpg
1603,Gakusei: Shougaku Seido,,ガクセイ～娼学性奴～,Manga,234,,2015,https://cdn.myanimelist.net/images/manga/2/192913l.jpg
1603,Hoshi Furu Yoru wa Koi no Tsuzuki wo,"On the Night of Falling Stars, Love Keeps On",星降る夜は恋のつづきを,Manga,234,,2015,https://cdn.myanimelist.net/images/manga/3/245216l.jpg
1603,Niku♥Netsu Body,,肉♥熱BODY,Manga,234,,2015,https://cdn.myanimelist.net/images/manga/2/153780l.jpg
1606,GM ga Isekai ni Login Shimashita.,The Game Master Has Logged into a Different World,GMが異世界にログインしました。,Light Novel,233,,2015,https://cdn.myanimelist.net/images/manga/2/203355l.jpg
1606,Kairaku Gakuen,,快楽学園,Manga,233,,2015,https://cdn.myanimelist.net/images/manga/2/189678l.jpg
1606,Shoujo wa Shoka no Umi de Nemuru,A girl sleeps in the ocean of magdala.,少女は書架の海で眠る,Light Novel,233,,2015,https://cdn.myanimelist.net/images/manga/2/159137l.jpg
1609,Double x Cross,,ダブル×クロス,Manga,232,,2015,https://cdn.myanimelist.net/images/manga/3/208719l.jpg
1609,Hachi,,Hachi,Manga,232,,2015,https://cdn.myanimelist.net/images/manga/1/223905l.jpg
1611,Aisasete Kudasai,Please let me love,愛させてください,Manga,231,,2015,https://cdn.myanimelist.net/images/manga/1/170960l.jpg
1611,Grendel,,グレンデル,Manga,231,,2015,https://cdn.myanimelist.net/images/manga/1/192812l.jpg
1611,Hoozuki no Reitetsu: Shiro no Ashiato,,鬼灯の冷徹～シロの足跡～,Manga,231,,2015,https://cdn.myanimelist.net/images/manga/2/186022l.jpg
1611,Kissa Hitozuma Nikudorei,,喫茶・人妻肉奴隷,Manga,231,,2015,https://cdn.myanimelist.net/images/manga/3/198357l.jpg
1611,Nine: Kimi ga Iru Machi de Koi wo Shita,,9～キミがいる街で恋をした～,Manga,231,,2015,https://cdn.myanimelist.net/images/manga/3/173476l.jpg
1611,Shisen,,視線,One-shot,231,,2015,https://cdn.myanimelist.net/images/manga/2/238910l.jpg
1617,Ojamajo Doremi 19,,おジャ魔女どれみ19,Light Novel,230,,2015,https://cdn.myanimelist.net/images/manga/3/183276l.jpg
1617,Swap Slave,,スワップスレイブ,Manga,230,,2015,https://cdn.myanimelist.net/images/manga/1/248617l.jpg
1619,Akagi Familia,,AKAGI FAMILIA,Manga,229,,2015,https://cdn.myanimelist.net/images/manga/1/178050l.jpg
1620,Bokura wa Minna Uso Bakari,The Endless Lies We Tell,ぼくらはみんなうそばかり,Manga,228,,2015,https://cdn.myanimelist.net/images/manga/2/227622l.jpg
1620,Hokuou Kizoku to Moukinzuma no Yukiguni Karigurashi,,北欧貴族と猛禽妻の雪国狩り暮らし,Light Novel,228,,2015,https://cdn.myanimelist.net/images/manga/3/255749l.jpg
1620,Koukan Jouken,,貢姦情献,Manga,228,,2015,https://cdn.myanimelist.net/images/manga/2/199157l.jpg
1620,Rengoku Game,,煉獄ゲーム,Manga,228,,2015,https://cdn.myanimelist.net/images/manga/3/162228l.jpg
1624,3-shimai no Omocha 2: Boku ga Geinou 3-shimai no Seidorei ni Natta Kekka,,僕が芸能3姉妹の性奴隷になった結果 3姉妹のオモチャ2,Manga,227,,2015,https://cdn.myanimelist.net/images/manga/1/179889l.jpg
1624,Nyu-nyu Wave,,柔乳うぇ～ぶ,Manga,227,,2015,https://cdn.myanimelist.net/images/manga/3/190924l.jpg
1624,Oni Shimin,,鬼市民,One-shot,227,5.57,2015,https://cdn.myanimelist.net/images/manga/1/174088l.jpg
1624,Uchi no Shitsuji ga Iukoto ni wa,,うちの執事が言うことには,Manga,227,,2015,https://cdn.myanimelist.net/images/manga/3/190060l.jpg
1624,Wakuwaku♥Bitch Album,,わくわく♥ビッチアルバム,Doujinshi,227,,2015,https://cdn.myanimelist.net/images/manga/3/205418l.jpg
1624,Wandervogel,Wandervogel,ワンダーフォーゲル,Manga,227,,2015,https://cdn.myanimelist.net/images/manga/2/224993l.jpg
1630,Hissatsu Erokawa Ougi!,,必殺エロかわ奥義！,One-shot,226,,2015,https://cdn.myanimelist.net/images/manga/1/156708l.jpg
1630,Kuu Ai,,喰愛,One-shot,226,6.59,2015,https://cdn.myanimelist.net/images/manga/2/246349l.jpg
1630,Love Barometer,Love Barometer,순정 바로미터,Manhwa,226,,2015,https://cdn.myanimelist.net/images/manga/2/266970l.jpg
1630,"Maou-sama, Isekai de Yuusha to Naru",The brave is lucifer,魔王さま、異世界で勇者となる,Light Novel,226,,2015,https://cdn.myanimelist.net/images/manga/2/158936l.jpg
1630,Seikan Inma Esthetic: Sakusei Course Hajimemashita,Erogenous Esthetic By Succubus Girls,性感淫魔エステ 搾精コースはじめました,Light Novel,226,,2015,https://cdn.myanimelist.net/images/manga/1/157988l.jpg
1630,Sleeping Princess and Dreaming Devil,,잠자는 공주와 꿈꾸는 악마,Manhwa,226,,2015,https://cdn.myanimelist.net/images/manga/2/270872l.jpg
1630,Soukou Akki Muramasa: Youkou Hibun Hagane,,装甲悪鬼村正 妖甲秘聞 鋼,Light Novel,226,,2015,https://cdn.myanimelist.net/images/manga/2/157046l.jpg
1637,12-fun no Étude,,12分のエチュード,Manga,225,,2015,https://cdn.myanimelist.net/images/manga/2/164277l.jpg
1637,Gal to Boku,,ギャルとボク,One-shot,225,,2015,https://cdn.myanimelist.net/images/manga/1/160425l.jpg
1637,Kanpeki Ojousama no Watakushi ga Dogeza de Mazo Ochisuru Choroin na Wakenai desu wa!,,完璧お嬢様の私が土下座でマゾ堕ちするちょろインなワケないですわ！,Light Novel,225,,2015,https://cdn.myanimelist.net/images/manga/2/167939l.jpg
1637,Kyoto Teramachi Sanjou no Holmes,Holmes of Kyoto,京都寺町三条のホームズ,Novel,225,,2015,https://cdn.myanimelist.net/images/manga/3/277724l.jpg
1637,"Potion, Wagami wo Tasukeru",I Saved Myself with a Potion!,ポーション、わが身を助ける,Light Novel,225,,2015,https://cdn.myanimelist.net/images/manga/3/177279l.jpg
1637,Tsuioku no Apeiron,,追憶のアペイロン,Manga,225,,2015,https://cdn.myanimelist.net/images/manga/2/163692l.jpg
1643,Kimochi Ii Musume,She feels so good,きもちいーむすめ,Manga,224,,2015,https://cdn.myanimelist.net/images/manga/2/247119l.jpg
1644,Sabishigariya no Loliferatu,Lonely Nosferatu,さびしがりやのロリフェラトゥ,Light Novel,223,,2015,https://cdn.myanimelist.net/images/manga/2/159202l.jpg
1644,Selector Stirred WIXOSS,,selector stirred WIXOSS,Manga,223,,2015,https://cdn.myanimelist.net/images/manga/1/196503l.jpg
1644,Yakushoku Distopiary: Kougyoku no Toubatsushi to Inochikurai no Boku,,役職ディストピアリ～紅玉の討伐士と命喰らいの僕～,Light Novel,223,,2015,https://cdn.myanimelist.net/images/manga/1/197769l.jpg
1647,Chincopation,,チンコペーション,Manga,222,,2015,https://cdn.myanimelist.net/images/manga/2/239728l.jpg
1647,Nohara Hiroshi: Hiru Meshi no Ryuugi,Style of Hiroshi Nohara Lunch,野原ひろし 昼メシの流儀,Manga,222,,2015,https://cdn.myanimelist.net/images/manga/2/215693l.jpg
1649,"Kyou, Tonari ni wa Kimi ga Inai.","Today, you don't stay next to me.",今日、となりには君がいない。,Light Novel,221,,2015,https://cdn.myanimelist.net/images/manga/2/160755l.jpg
1649,Uchi no Neko ga Mata Hen na Koto Shiteru.,My Cat Is Such a Weirdo,うちの猫がまた変なことしてる。,Manga,221,,2015,https://cdn.myanimelist.net/images/manga/2/282022l.jpg
1651,Bokura wa Satsuibiyori,,ぼくらは殺意日和,Light Novel,220,,2015,https://cdn.myanimelist.net/images/manga/2/158789l.jpg
1651,Tensei Maou no Isekai Slow Life: Oide yo Maoumura!,,転生魔王の異世界スローライフ おいでよ魔王村！,Light Novel,220,,2015,https://cdn.myanimelist.net/images/manga/1/166837l.jpg
1651,Yorishiroshi,,ヨリシロシ,Manga,220,,2015,https://cdn.myanimelist.net/images/manga/1/160057l.jpg
1654,Angula Blue,Angula Blue,アングラ・ブルー,Manga,219,,2015,https://cdn.myanimelist.net/images/manga/1/239384l.jpg
1654,Iyasare Pai ni Tsutsumarete,,癒され乳〈ぱい〉に包まれて,Manga,219,,2015,https://cdn.myanimelist.net/images/manga/2/227817l.jpg
1654,Tamako Teishoku: Chuumon no Iranai Omise,,たまこ定食 注文のいらないお店,Manga,219,,2015,https://cdn.myanimelist.net/images/manga/1/254003l.jpg
1657,Boku wa Kimi no Mono,,僕はキミのもの,Manga,218,,2015,https://cdn.myanimelist.net/images/manga/1/181489l.jpg
1657,Kita no Toride nite,,北の砦にて,Light Novel,218,,2015,https://cdn.myanimelist.net/images/manga/2/152165l.jpg
1657,Shousetsu Futari wa Precure,,小説 ふたりはプリキュア,Novel,218,,2015,https://cdn.myanimelist.net/images/manga/2/180944l.jpg
1660,All That We Hope to Be,All That We Hope to Be,우바우,Manhwa,217,,2015,https://cdn.myanimelist.net/images/manga/2/265282l.jpg
1660,Anehama,,姉浜,Doujinshi,217,,2015,https://cdn.myanimelist.net/images/manga/2/160297l.jpg
1660,Boku no You ni Juujun na Otouto,,僕のように従順な弟,One-shot,217,6.27,2015,https://cdn.myanimelist.net/images/manga/3/250083l.jpg
1660,Grimoire x Reverse: Tensei Kijin Romantan,,グリモワール×リバース～転生鬼神浪漫譚～,Light Novel,217,,2015,https://cdn.myanimelist.net/images/manga/2/176487l.jpg
1660,Wrapping,,WRAPPING,Doujinshi,217,,2015,https://cdn.myanimelist.net/images/manga/2/190750l.jpg
1665,Ii ne! Hikaru Genji-kun,,いいね!光源氏くん,Manga,216,,2015,https://cdn.myanimelist.net/images/manga/1/221293l.jpg
1665,Paicchu♥,,パイッチュ♥️,Manga,216,,2015,https://cdn.myanimelist.net/images/manga/2/227924l.jpg
1665,Sekitou,,赤橙,Manga,216,,2015,https://cdn.myanimelist.net/images/manga/2/163939l.jpg
1665,Suki dakara H shitemasu.,,好きだからHしてます。,Manga,216,,2015,https://cdn.myanimelist.net/images/manga/3/301542l.jpg
1665,Tenkuu Kangoku no Majutsu Garou,,天空監獄の魔術画廊,Light Novel,216,,2015,https://cdn.myanimelist.net/images/manga/2/198705l.jpg
1670,Ayakashiou no Hanayome,,妖王の花嫁,Manga,215,,2015,https://cdn.myanimelist.net/images/manga/3/201941l.jpg
1670,B no Shokutaku,,Bの食卓,Manga,215,,2015,https://cdn.myanimelist.net/images/manga/1/177993l.jpg
1670,Dungeon+Harem+Master,,ダンジョン＋ハーレム＋マスター,Light Novel,215,,2015,https://cdn.myanimelist.net/images/manga/2/189953l.jpg
1670,Kyonyuu Fantasy 2 if,,巨乳ファンタジー2IF,Light Novel,215,,2015,https://cdn.myanimelist.net/images/manga/3/166144l.jpg
1670,Noble Witches: Dai-506 Tougou Sentou Koukuudan,,ノーブルウィッチーズ 第506統合戦闘航空団,Light Novel,215,,2015,https://cdn.myanimelist.net/images/manga/1/163952l.jpg
1670,Shiro ga Ite,,シロがいて,Manga,215,,2015,https://cdn.myanimelist.net/images/manga/2/209995l.jpg
1670,Shota Koutei Kyoudai ni Torawareta Bakunyuu Onna Kishi,,ショタ皇帝兄弟に捕われた爆乳女騎士,Doujinshi,215,,2015,https://cdn.myanimelist.net/images/manga/2/238765l.jpg
1670,Tantei Team KZ Jiken Note,,探偵チームKZ事件ノート,Manga,215,,2015,https://cdn.myanimelist.net/images/manga/1/171076l.jpg
1678,100-en Shop Tenin ga Isekai Trip shita Kekka.,,100円ショップ店員が異世界トリップした結果。,Light Novel,214,,2015,https://cdn.myanimelist.net/images/manga/1/166738l.jpg
1678,Mangaka-san no Oishii Sashiire,,漫画家さんのおいしいさしいれ,Manga,214,,2015,https://cdn.myanimelist.net/images/manga/2/234307l.jpg
1678,Tabishi Kawaran!!,,たびしカワラん!!,Manga,214,,2015,https://cdn.myanimelist.net/images/manga/3/240370l.jpg
1681,Michigaeru,,みちがえる,One-shot,213,,2015,https://cdn.myanimelist.net/images/manga/2/164833l.jpg
1681,Oshi ni Yowai Onna,,押しに弱い巨乳〈おんな〉,Manga,213,,2015,https://cdn.myanimelist.net/images/manga/2/251234l.jpg
1681,Sakusaku Meat Pie,,搾々みーとぱい,Manga,213,,2015,https://cdn.myanimelist.net/images/manga/3/256767l.jpg
1684,Hitonatsu no Litre Girl,,ひと夏のリットルガール,Doujinshi,212,,2015,https://cdn.myanimelist.net/images/manga/3/195628l.jpg
1685,Archimedes no Taisen,The Great War of Archimedes,アルキメデスの大戦,Manga,211,,2015,https://cdn.myanimelist.net/images/manga/1/177755l.jpg
1685,Gakusei Papa to Oishii Otoko,,学生パパとおいしい男,Manga,211,,2015,https://cdn.myanimelist.net/images/manga/2/225683l.jpg
1685,Nonbiri VRMMO-ki,,のんびりVRMMO記,Light Novel,211,,2015,https://cdn.myanimelist.net/images/manga/2/206355l.jpg
1685,Q3,"The Answer is, Please Wait a Little.",Q3 [キュースリー],Manga,211,,2015,https://cdn.myanimelist.net/images/manga/1/197693l.jpg
1685,"Seishun, Shikkaku.",,青春、失格。,Manga,211,,2015,https://cdn.myanimelist.net/images/manga/3/186827l.jpg
1685,Sono Yubisaki de Korogashite,Please Caress It at the Finger-tip.,その指先でころがして,Manga,211,,2015,https://cdn.myanimelist.net/images/manga/1/256695l.jpg
1685,Usability,,ウサビリティ,Doujinshi,211,,2015,https://cdn.myanimelist.net/images/manga/3/243838l.jpg
1692,Koto Koto: Yukichi no Koto,,古都こと ―ユキチのこと―,Manga,210,,2015,https://cdn.myanimelist.net/images/manga/1/203195l.jpg
1692,Nanatsuboshi Tea Time,,ななつぼしティータイム,Manga,210,,2015,https://cdn.myanimelist.net/images/manga/1/190611l.jpg
1694,Chiisana Koukishin,,ちいさな好奇心,Manga,209,,2015,https://cdn.myanimelist.net/images/manga/3/244423l.jpg
1694,Sukizuki Machine Gun!,,好き好きマシンガン！,Manga,209,,2015,https://cdn.myanimelist.net/images/manga/2/199081l.jpg
1694,Zoku in the Apartment,,続 IN THE APARTMENT,Manga,209,,2015,https://cdn.myanimelist.net/images/manga/1/203803l.jpg
1697,Senpai Totte,,センパイ撮って,One-shot,208,,2015,https://cdn.myanimelist.net/images/manga/3/160995l.jpg
1697,Yuutousei no Mondai,,優等生の問題,One-shot,208,6.51,2015,https://cdn.myanimelist.net/images/manga/3/316181l.jpg
1699,Asahina Hinata wa Sega-kun ga Suki,Hinata Asahina Loves Sega-kun,朝日奈ひなたは瀬賀くんが好き,Manga,207,,2015,https://cdn.myanimelist.net/images/manga/3/205462l.jpg
1699,Bocchi Tenseiki,,ぼっち転生記,Light Novel,207,,2015,https://cdn.myanimelist.net/images/manga/2/190360l.jpg
1699,Boku dake ga Inai Machi: Another Record,,僕だけがいない街 Another Record,Novel,207,,2015,https://cdn.myanimelist.net/images/manga/3/287162l.jpg
1699,Dokusaisha Zeke,"The Dictator ""Zeke""",独裁者ジーク,Manga,207,,2015,https://cdn.myanimelist.net/images/manga/3/166784l.jpg
1699,Juujin Kareshi no Dokusenyoku,Desire to monopolize of beast lover,獣人カレシの独占欲,Manga,207,,2015,https://cdn.myanimelist.net/images/manga/2/224989l.jpg
1699,"Kantai Collection: Zui no Umi, Ootori no Sora",,艦隊これくしょん ‐艦これ‐ 瑞の海、鳳の空,Light Novel,207,,2015,https://cdn.myanimelist.net/images/manga/2/161636l.jpg
1699,Kidou Senshi Gundam Seed Astray: Tenkuu no Princess,Mobile Suit Gundam Seed Astray: Princess of the Sky,機動戦士ガンダムSEED ASTRAY 天空の皇女〈プリンセス〉,Manga,207,,2015,https://cdn.myanimelist.net/images/manga/1/186923l.jpg
1699,Psycho-Pass Genesis,,PSYCHO-PASS GENESIS,Novel,207,,2015,https://cdn.myanimelist.net/images/manga/1/271166l.jpg
1707,Hokenshitsu no Sensei,,保健室の先生,One-shot,206,,2015,https://cdn.myanimelist.net/images/manga/2/154903l.jpg
1707,Jimiko Catalog,,地味子カタログ,Doujinshi,206,,2015,https://cdn.myanimelist.net/images/manga/3/199548l.jpg
1707,Only☆You: Anata to Watashi no Futari Bocchi Keikaku,,オンリー☆ユー ～あなたと私の二人ぼっち計画～,Manga,206,,2015,https://cdn.myanimelist.net/images/manga/2/176301l.jpg
1707,Shuumatsu no Waltz,Waltz for the End,終末のワルツ,Manga,206,,2015,https://cdn.myanimelist.net/images/manga/2/222676l.jpg
1711,Kakinzumi Girlfriend,Billed Girlfriend,課金済ガールフレンド,Manga,205,,2015,https://cdn.myanimelist.net/images/manga/1/200505l.jpg
1711,Senpai Dakkan,,先輩奪姦,Doujinshi,205,,2015,https://cdn.myanimelist.net/images/manga/2/200594l.jpg
1711,Super Natural/Jam,Super Natural/Jam,SUPER NATURAL/JAM,Manga,205,,2015,https://cdn.myanimelist.net/images/manga/3/209919l.jpg
1714,Futamebore,,ふためぼれ,Manga,204,,2015,https://cdn.myanimelist.net/images/manga/1/183604l.jpg
1714,Koto Koto: Chihiro no Koto,,古都こと ―チヒロのこと―,Manga,204,,2015,https://cdn.myanimelist.net/images/manga/3/203197l.jpg
1714,Shoutotsu! ★★ Sakusen,,衝突!★★作戦,Manga,204,,2015,https://cdn.myanimelist.net/images/manga/1/237109l.jpg
1714,"Yoku Mite, Sensei",,よく見て、先生,Manga,204,,2015,https://cdn.myanimelist.net/images/manga/3/180980l.jpg
1718,Moira,,Moira,Manga,203,,2015,https://cdn.myanimelist.net/images/manga/1/276372l.jpg
1718,Purichii Shota Kami Kururu-sama,,ぷりちーショタ神くるるサマ,One-shot,203,,2015,https://cdn.myanimelist.net/images/manga/3/161543l.jpg
1720,Chiiko Basketball!,,ちーこばすけっと！,Manga,202,,2015,https://cdn.myanimelist.net/images/manga/1/189595l.jpg
1720,Oppai ni Kiite,listen to my tits,おっぱいに聞いて,One-shot,202,,2015,https://cdn.myanimelist.net/images/manga/3/154881l.jpg
1722,Deban desu yo! Kaguya-sama,,出番ですよ! カグヤさま,Light Novel,201,,2015,https://cdn.myanimelist.net/images/manga/2/175722l.jpg
1722,Shousetsu Love So Life: Sakura no Hana no Saku Koro ni,,小説・LOVE SO LIFE 桜の花の咲く頃に,Light Novel,201,,2015,https://cdn.myanimelist.net/images/manga/1/229549l.jpg
1724,Hoiku no Ousama,,ほいくの王さま,Manga,200,,2015,https://cdn.myanimelist.net/images/manga/2/172159l.jpg
1724,Urahon,,浦本,Doujinshi,200,,2015,https://cdn.myanimelist.net/images/manga/1/173580l.jpg
1726,Akibattalion,,アキバタリアン,Manga,199,,2015,https://cdn.myanimelist.net/images/manga/2/183497l.jpg
1726,Daifugou no Akunaki Ai,The Legacies of Powerful Men,大富豪の飽くなき愛,Manga,199,,2015,https://cdn.myanimelist.net/images/manga/3/223452l.jpg
1728,Hitorigurashi no OL wo Kakimashita,,ひとり暮らしのOLを描きました,Manga,198,,2015,https://cdn.myanimelist.net/images/manga/3/182648l.jpg
1728,"Inukare, Kaihajimemashita.",Life as a Dog-Man Owner,犬彼、飼い始めました。,Manga,198,,2015,https://cdn.myanimelist.net/images/manga/2/240282l.jpg
1730,Gakuen Yuri Stories: Mittsu no Koibana,,学園百合ストーリーズ 3つの恋花,Light Novel,197,,2015,https://cdn.myanimelist.net/images/manga/3/168809l.jpg
1730,Karamawari,,からまわり,One-shot,197,,2015,https://cdn.myanimelist.net/images/manga/3/182141l.jpg
1730,Sono Suki no Yukue,Where Love Goes,その好きの行方,Manga,197,,2015,https://cdn.myanimelist.net/images/manga/1/224934l.jpg
1730,"Zenryaku, Zenshin no Kimi",,前略、前進の君,Manga,197,6.41,2015,https://cdn.myanimelist.net/images/manga/1/270214l.jpg
1734,Kanna.zip,,kanna.zip,Doujinshi,196,,2015,https://cdn.myanimelist.net/images/manga/2/189609l.jpg
1735,Oneesan wa Suki desu ka?,30 Days With A Frivolous Guy,オネエさんは好きですか?,Manga,195,,2015,https://cdn.myanimelist.net/images/manga/2/246239l.jpg
1736,Akatsuki no Tyrant,,暁の暴君〈タイラント〉,Manga,194,,2015,https://cdn.myanimelist.net/images/manga/3/173866l.jpg
1736,Suck Sex Stories,,サクセックスストーリーズ,Manga,194,,2015,https://cdn.myanimelist.net/images/manga/3/246793l.jpg
1738,Kawaii Imouto to Ikenai Koto Shiteimasu!,,可愛い妹とイケない事しています！,Manga,193,,2015,https://cdn.myanimelist.net/images/manga/3/293418l.jpg
1738,Oshioki Suru yo,Punishing Ejaculation Management,おしおきするよ,Manga,193,,2015,https://cdn.myanimelist.net/images/manga/1/199399l.jpg
1738,Saiyuukin,,西遊筋,Manga,193,,2015,https://cdn.myanimelist.net/images/manga/2/174580l.jpg
1738,Winwin?,,WINWIN？,One-shot,193,,2015,https://cdn.myanimelist.net/images/manga/3/156740l.jpg
1742,Hana Yanagi,,花やなぎ,Manga,192,,2015,https://cdn.myanimelist.net/images/manga/1/266378l.jpg
1742,My (Imouto) Doll,,MY（妹）ドール,One-shot,192,,2015,https://cdn.myanimelist.net/images/manga/3/155943l.jpg
1742,Onigiri Chisa,,おにぎりちさ,Manga,192,,2015,https://cdn.myanimelist.net/images/manga/3/170073l.jpg
1742,Overwrite,Overwrite,オーバーライト,One-shot,192,,2015,https://cdn.myanimelist.net/images/manga/3/160281l.jpg
1742,Shinkai Shoujo,The Deep Sea Girl,深海少女,Manga,192,,2015,https://cdn.myanimelist.net/images/manga/2/233525l.jpg
1747,Love Dester,,ラブデスター,Manga,191,,2015,https://cdn.myanimelist.net/images/manga/2/157860l.jpg
1747,Yawaniku Shoujo Love Porno,,柔肉少女ラブポルノ,Manga,191,,2015,https://cdn.myanimelist.net/images/manga/2/203576l.jpg
1749,Atsumu-jima no Megami-sama,Goddess of Atsumu Island,愛紡島の女神サマ,Manga,190,,2015,https://cdn.myanimelist.net/images/manga/1/202240l.jpg
1749,"He, Him & Us","He, Him & Us",사수생도 연애를 한다,Manhwa,190,,2015,https://cdn.myanimelist.net/images/manga/3/267444l.jpg
1749,"Risou no Are, Sagashitemasu",Looking for the Perfect Fit,理想のアレ、探してます,Manga,190,,2015,https://cdn.myanimelist.net/images/manga/1/187944l.jpg
1749,Winged Mermaids,,ウイングドマーメイズ,Manga,190,,2015,https://cdn.myanimelist.net/images/manga/1/178180l.jpg
1753,Hoiku no Kishi to Monster Children,,保育の騎士とモンスター娘〈チルドレン〉,Light Novel,189,,2015,https://cdn.myanimelist.net/images/manga/3/176561l.jpg
1753,Kimusume.,,生乙女〈キムスメ〉。,Manga,189,,2015,https://cdn.myanimelist.net/images/manga/3/202396l.jpg
1753,Melty Dinner,,Melty Dinner,One-shot,189,,2015,https://cdn.myanimelist.net/images/manga/1/161660l.jpg
1753,Sagurare Otome: Kairaku Ochi Shojo,,サグラレ堕メ-快楽堕ち少女-,Manga,189,,2015,https://cdn.myanimelist.net/images/manga/2/256801l.jpg
1753,Sengoku Gonbee,,センゴク権兵衛,Manga,189,,2015,https://cdn.myanimelist.net/images/manga/3/181644l.jpg
1753,Watashi to Anata no Najimi no Kankei,Familiar relation between you and me,私とあなたの馴染みの関係,Manga,189,,2015,https://cdn.myanimelist.net/images/manga/1/156210l.jpg
1759,Anekouji Naoko to Giniro no Shinigami,,姉小路直子と銀色の死神,Manga,188,,2015,https://cdn.myanimelist.net/images/manga/2/176088l.jpg
1759,Emi-chan (21) wa Mushoku,Emi-chan (21) Is Unemployed,エミちゃん（21）は無職,One-shot,188,,2015,https://cdn.myanimelist.net/images/manga/1/173115l.jpg
1759,Flower Knight Girl,,フラワーナイトガール,Light Novel,188,,2015,https://cdn.myanimelist.net/images/manga/3/165739l.jpg
1759,Me wo Ubau wa Hana no Kanbase,,目を奪うは花の顔〈かんばせ〉,Manga,188,,2015,https://cdn.myanimelist.net/images/manga/2/298792l.jpg
1759,Sinners,,SINNERS 罪魂使,Manhua,188,,2015,https://cdn.myanimelist.net/images/manga/3/190056l.jpg
1759,Usagi ga Nihiki,,兎が二匹,Manga,188,,2015,https://cdn.myanimelist.net/images/manga/1/233434l.jpg
1765,36.5°C no Tenshi,Warmth of the Eve,36.5℃の天使,Manga,187,,2015,https://cdn.myanimelist.net/images/manga/3/205870l.jpg
1765,Fire Emblem: Kakusei - 4-koma Kings,,ファイアーエムブレム 覚醒 4コマKINGS,Manga,187,,2015,https://cdn.myanimelist.net/images/manga/3/241804l.jpg
1765,Navagraha: DefenD 9 Triggers,,ナヴァグラハ -DefenD 9 Triggers-,Manga,187,,2015,https://cdn.myanimelist.net/images/manga/3/172437l.jpg
1768,Danouryoku JK Narumogawa-san,,駄能力JK成毛川さん,Manga,186,,2015,https://cdn.myanimelist.net/images/manga/1/182417l.jpg
1769,Douse Horu nara Fukai Ana.,"If You're Gonna Plow, Go Deep.",どうせ掘るなら深い穴。,Manga,185,,2015,https://cdn.myanimelist.net/images/manga/2/248042l.jpg
1769,Girlfriend (Kari): Dengeki Comic Anthology,,ガールフレンド(仮) 電撃コミックアンソロジー,Manga,185,,2015,https://cdn.myanimelist.net/images/manga/3/154598l.jpg
1769,Nikuana Kugai,,肉穴苦界,Manga,185,,2015,https://cdn.myanimelist.net/images/manga/1/203539l.jpg
1772,Koi wa Isogaba Maware Migi: Anzai Karin Tanpenshuu,,恋は急がば回れ右 ―安斎かりん短編集―,Manga,184,,2015,https://cdn.myanimelist.net/images/manga/2/283749l.jpg
1772,Shinobi no Ban,,忍のBAN,Manga,184,,2015,https://cdn.myanimelist.net/images/manga/1/166195l.jpg
1774,God Eater: Side by Side,,GOD EATER -side by side-,Manga,183,,2015,https://cdn.myanimelist.net/images/manga/3/227573l.jpg
1774,Love Joutou!,Love Is All!,ラブ上等!,Manga,183,,2015,https://cdn.myanimelist.net/images/manga/1/229082l.jpg
1774,Schwarz Liebhaber,Schwarz Liebhaber,Schwarz Liebhaber シュヴァルツ リープハーバー,One-shot,183,,2015,https://cdn.myanimelist.net/images/manga/1/160435l.jpg
1774,Sousou no Limit,Limit of Funeral,葬送のリミット,Manga,183,,2015,https://cdn.myanimelist.net/images/manga/1/174020l.jpg
1778,Dr. Ashura,Dr. Ashura,Dr.アシュラ,Manga,182,,2015,https://cdn.myanimelist.net/images/manga/1/168580l.jpg
1778,Enkou Shoujo: Rikujoubu Yukki no Baai,,円交少女～陸上部ゆっきーの場合～,Light Novel,182,,2015,https://cdn.myanimelist.net/images/manga/2/165832l.jpg
1778,"Sono Gokudou, Tennen ni Tsuki",,その極道、天然につき,Manga,182,,2015,https://cdn.myanimelist.net/images/manga/1/170080l.jpg
1778,The Retired Hero,The Retired Hero,은퇴한 히어로,Manhwa,182,,2015,https://cdn.myanimelist.net/images/manga/2/266815l.jpg
1782,Akai Ringo wa Taberaretai,,赤い林檎は食べられたい,Manga,181,,2015,https://cdn.myanimelist.net/images/manga/1/243723l.jpg
1782,Cerpat,,cerpat,Doujinshi,181,,2015,https://cdn.myanimelist.net/images/manga/1/190504l.jpg
1782,Isekai Tensei de One Shota Harem wo Kizukou,Let's make one-shota harem,異世界転生でおねショタハーレムを築こう,Light Novel,181,,2015,https://cdn.myanimelist.net/images/manga/1/159610l.jpg
1782,Kuro Genji Monogatari: Hana to Miruramu,,黒源氏物語～花とみるらむ～,Manga,181,,2015,https://cdn.myanimelist.net/images/manga/3/170779l.jpg
1782,Level 1 Rakudai Eiyuu no Isekai Kouryaku,,レベル1落第英雄の異世界攻略,Light Novel,181,,2015,https://cdn.myanimelist.net/images/manga/1/176978l.jpg
1782,"Senpai, Oshiete Kudasai",Senpai teach me about love,先パイ、教えてください,Manga,181,,2015,https://cdn.myanimelist.net/images/manga/1/180682l.jpg
1788,Lego Lego Let's: Lego Ninjago!!,,レゴレゴレッツ レゴ ニンジャゴー!!,Manga,180,,2015,https://cdn.myanimelist.net/images/manga/1/338507l.jpg
1788,Tamakou Shakou Dance-bu e Youkoso,Welcome to Tama High school Ballroom dancing club,たま高社交ダンス部へようこそ,Light Novel,180,,2015,https://cdn.myanimelist.net/images/manga/1/159573l.jpg
1788,Uchuujin no Shiwaza desu!,,宇宙人のしわざです！,Manga,180,,2015,https://cdn.myanimelist.net/images/manga/1/183777l.jpg
1791,Dechau!,,でちゃう！,Manga,179,,2015,https://cdn.myanimelist.net/images/manga/1/232475l.jpg
1791,G'Day,G'Day,그다이,Manhwa,179,,2015,https://cdn.myanimelist.net/images/manga/2/239008l.jpg
1791,Heisei Umare 3,Natural Born Heisei 3,平成生まれ3,Manga,179,,2015,https://cdn.myanimelist.net/images/manga/1/236299l.jpg
1791,Himoxile,,ヒモザイル,Manga,179,,2015,https://cdn.myanimelist.net/images/manga/1/162588l.jpg
1791,Kimi kara Uketsugu Brave Chronicle,Brave Chronicle: The Ruinmaker,君から受け継ぐ英雄系譜〈ブレイブ・クロニクル〉,Light Novel,179,,2015,https://cdn.myanimelist.net/images/manga/2/166842l.jpg
1791,Moving,Moving,무빙,Manhwa,179,,2015,https://cdn.myanimelist.net/images/manga/1/265507l.jpg
1791,Oyatsu no Jikan,,おやつの時間,Manga,179,,2015,https://cdn.myanimelist.net/images/manga/3/227960l.jpg
1791,"Watashi, Kimi yori Daibu Toshiue yo?",,私、キミよりだいぶ年上よ？,Manga,179,,2015,https://cdn.myanimelist.net/images/manga/2/203480l.jpg
1799,GJ-bu Weekly,,GJ部ういーくりー,Light Novel,178,,2015,https://cdn.myanimelist.net/images/manga/3/160566l.jpg
1799,Haruyuri,,ハルユリ,Manga,178,,2015,https://cdn.myanimelist.net/images/manga/3/188255l.jpg
1799,Hero and Daughter: Lv1 kara Hajimeru Yuusha Dakkan Sakusen,,Hero and Daughter Lv1からはじめる勇者奪還作戦,Light Novel,178,,2015,https://cdn.myanimelist.net/images/manga/2/176542l.jpg
1799,Ichiyou Raifuku: Touhou Project Haniwa Sakuhinshuu,,一葉来福 東方Project 葉庭作品集,Manga,178,,2015,https://cdn.myanimelist.net/images/manga/2/228526l.jpg
1799,Miminari to Memai to Okan ni Tsuite,,耳鳴りとめまいと悪寒について,Manga,178,,2015,https://cdn.myanimelist.net/images/manga/3/234613l.jpg
1799,Saimin☆Gakuen,,催眠☆学園,Light Novel,178,,2015,https://cdn.myanimelist.net/images/manga/2/159772l.jpg
1799,Sanchoku♥Hounyuu Musume,,産直♥豊乳ムスメ,Manga,178,,2015,https://cdn.myanimelist.net/images/manga/3/202231l.jpg
1799,Shiki,The four seasons.,四季,Manga,178,,2015,https://cdn.myanimelist.net/images/manga/2/165353l.jpg
1799,Yojouhan no Exorcist,,四畳半の祓魔師〈エクソシスト〉,Manga,178,,2015,https://cdn.myanimelist.net/images/manga/2/222559l.jpg
1808,Girl Sex Family,,ガールセックスふぁみりー,Doujinshi,177,,2015,https://cdn.myanimelist.net/images/manga/1/189914l.jpg
1808,Ishukan Orgasm,Human-Alien Sex Orgasm,異種姦オーガズム,Manga,177,,2015,https://cdn.myanimelist.net/images/manga/3/203575l.jpg
1808,K: Ao no Jikenbo,,K 青の事件簿,Light Novel,177,,2015,https://cdn.myanimelist.net/images/manga/2/170197l.jpg
1808,Suki na Hito no Suki na Hito,,好きなヒトの好きなひと,Manga,177,,2015,https://cdn.myanimelist.net/images/manga/3/240827l.jpg
1812,Ashita wa Kyouso-sama,,あしたは教祖さま,One-shot,176,,2015,https://cdn.myanimelist.net/images/manga/3/174227l.jpg
1812,Juunen Ai,Decade of Love,十年愛,Manga,176,,2015,https://cdn.myanimelist.net/images/manga/1/226854l.jpg
1812,Mikagura Gakuen Kumikyoku: Koushiki Anthology Comic,,ミカグラ学園組曲 公式アンソロジーコミック,Manga,176,,2015,https://cdn.myanimelist.net/images/manga/2/155033l.jpg
1812,Paraiso,,ぱらいそ,Manga,176,,2015,https://cdn.myanimelist.net/images/manga/3/178163l.jpg
1812,Tiger Brother,,호랑이형님,Manhwa,176,,2015,https://cdn.myanimelist.net/images/manga/2/269581l.jpg
1817,Amaama♡,,あまあま♡,Manga,175,,2015,https://cdn.myanimelist.net/images/manga/1/193749l.jpg
1817,Kimi no Ashiato wa Barairo,Your Footprints are Rosy,君の足跡はバラ色,Manga,175,,2015,https://cdn.myanimelist.net/images/manga/2/266875l.jpg
1817,Koihana Etches,,恋花えっちーず,Manga,175,,2015,https://cdn.myanimelist.net/images/manga/2/154886l.jpg
1817,Nishiogikubo Run Through,Dry Run in Nishi-Ogikubo,西荻窪ランスルー,Manga,175,,2015,https://cdn.myanimelist.net/images/manga/3/179320l.jpg
1821,Fairy Tail: Ooedo Fairy Tail,,FAIRY TAIL 大江戸フェアリーテイル,Light Novel,174,,2015,https://cdn.myanimelist.net/images/manga/2/300659l.jpg
1821,Iinari! Saimin Kanojo: Reizoku Sennou Namahame Seikatsu,,いいなり！催眠彼女 隷属洗脳・生ハメ性活,Light Novel,174,,2015,https://cdn.myanimelist.net/images/manga/3/158941l.jpg
1821,Jouzu ni Pyuppyu Dekiru kana?,,じょうずにぴゅっぴゅできるかな？,Manga,174,,2015,https://cdn.myanimelist.net/images/manga/2/250146l.jpg
1821,Onsengai no Medusa,,温泉街のメデューサ,Manga,174,,2015,https://cdn.myanimelist.net/images/manga/3/165147l.jpg
1821,Yamiabaki Kurau Miko,,ヤミアバキクラウミコ,Manga,174,,2015,https://cdn.myanimelist.net/images/manga/1/174571l.jpg
1826,Circus no Musume Olga,,サーカスの娘オルガ,Manga,173,,2015,https://cdn.myanimelist.net/images/manga/2/224852l.jpg
1826,Conveni Ojousama,,コンビニお嬢さま,Manga,173,,2015,https://cdn.myanimelist.net/images/manga/2/202117l.jpg
1826,Danmatsu no Millennion,,断末のミレニヲン,Light Novel,173,,2015,https://cdn.myanimelist.net/images/manga/3/176324l.jpg
1826,Juusha no Kyuujitsu,Holiday of Retinue,従者の休日,Manga,173,,2015,https://cdn.myanimelist.net/images/manga/1/240828l.jpg
1830,Yogaritagari+,,よがりたがり+,Doujinshi,172,,2015,https://cdn.myanimelist.net/images/manga/3/173579l.jpg
1831,Maken no Hime wa Ero Ero desu,,魔剣の姫はエロエロです,Light Novel,171,,2015,https://cdn.myanimelist.net/images/manga/3/163359l.jpg
1831,"Oniichan, Gacha",,お兄ちゃん、ガチャ,Manga,171,,2015,https://cdn.myanimelist.net/images/manga/2/162157l.jpg
1831,Oreta Ryuukotsu,The Broken Keel,折れた竜骨,Manga,171,,2015,https://cdn.myanimelist.net/images/manga/1/199282l.jpg
1831,Ryokuyou no Quester Lyric: Tamashii no Chouso,Questers' lyric of green sunlight,緑陽のクエスタ・リリカ 魂の彫塑,Light Novel,171,,2015,https://cdn.myanimelist.net/images/manga/3/165205l.jpg
1831,Sha Yu Hai Zhi Ge,Pharaoh's Concubine,砂与海之歌,Manhua,171,,2015,https://cdn.myanimelist.net/images/manga/2/314314l.jpg
1831,Shinshoku Syndrome,,侵食症候群〈シンドローム〉,Manga,171,,2015,https://cdn.myanimelist.net/images/manga/2/225317l.jpg
1831,Tantei Higurashi Tabito no Sagashimono,,探偵・日暮旅人の探し物,Manga,171,,2015,https://cdn.myanimelist.net/images/manga/3/166133l.jpg
1838,Ametsuchi Hoshi Sora,,あめつちほしそら,Manga,170,,2015,https://cdn.myanimelist.net/images/manga/3/172944l.jpg
1838,Ginga Rocket ni Ohagaki Kudasai,Send a Letter for Galaxy Rocket,銀河ロケットにお葉書ください,Manga,170,,2015,https://cdn.myanimelist.net/images/manga/3/166043l.jpg
1838,Honey Bed Talk,Honey Bed Talk,허니 베드톡,Manhwa,170,,2015,https://cdn.myanimelist.net/images/manga/3/266469l.jpg
1838,Miotsukushi,,澪つくし,Manga,170,,2015,https://cdn.myanimelist.net/images/manga/1/196160l.jpg
1838,Otome Game de Shinitakunai n desu,,乙女ゲームで死にたくないんです,Light Novel,170,,2015,https://cdn.myanimelist.net/images/manga/1/194542l.jpg
1838,Sakura-san Goshimei desu yo,,佐倉さんご指名ですよ,Manga,170,,2015,https://cdn.myanimelist.net/images/manga/2/296384l.jpg
1838,Tamatsubushi,,たまつぶし,Manga,170,,2015,https://cdn.myanimelist.net/images/manga/3/348459l.jpg
1845,Amano-ke Yotsugo wa Ketsuekigata ga Zenin Chigau.,,天野家四つ子は血液型が全員違う。,Manga,169,,2015,https://cdn.myanimelist.net/images/manga/3/174431l.jpg
1845,Kachou Fuugetsu: Touhou Project Hitori Sakuhinshuu,,火鳥風傑 東方Project 火鳥作品集,Manga,169,,2015,https://cdn.myanimelist.net/images/manga/2/228525l.jpg
1845,Koakuma wa Shoudoubutsu,Sweet Devils as My Pets.,こあくまは小動物,Manga,169,,2015,https://cdn.myanimelist.net/images/manga/1/256745l.jpg
1848,After Black,,アフターブラック,Light Novel,168,,2015,https://cdn.myanimelist.net/images/manga/1/160170l.jpg
1848,Bokutachi Motto Ijiritai♥,,ぼくたちもっといじりたい♥,Manga,168,,2015,https://cdn.myanimelist.net/images/manga/1/295991l.jpg
1848,Nakanaide yo Baby,Baby Please Please Don't Cry,泣かないでよベイビー,Manga,168,,2015,https://cdn.myanimelist.net/images/manga/1/209401l.jpg
1848,The Sock Monster Season 3,The Sock Monster,양말도깨비 시즌 3,Manhwa,168,,2015,https://cdn.myanimelist.net/images/manga/1/205784l.jpg
1852,Cang Lan Jue,Love Between Fairy and Devil,苍兰诀,Novel,167,,2015,https://cdn.myanimelist.net/images/manga/2/310043l.jpg
1852,Gunslinger Stratos: Gigantomakhia,,ガンスリンガーストラトス：ギガントマキア,Manga,167,,2015,https://cdn.myanimelist.net/images/manga/1/174573l.jpg
1852,Juumin Zenin Ninshin Kibou!? Joshiryou Kanrinin,Residents of this women's dormitory hopes to become pregnant.,住民全員妊娠希望!? 女子寮管理人,Manga,167,,2015,https://cdn.myanimelist.net/images/manga/3/201346l.jpg
1852,Shippuu Windmill!,,疾風ういんどみる！,Manga,167,,2015,https://cdn.myanimelist.net/images/manga/3/203068l.jpg
1856,Akatsuki no Battlogica,,暁の戦闘論者〈バトロジカ〉,Light Novel,166,,2015,https://cdn.myanimelist.net/images/manga/3/160563l.jpg
1856,Fire Emblem if: Anya Oukoku Comic Anthology,,ファイアーエムブレムif 暗夜王国 コミックアンソロジー,Manga,166,,2015,https://cdn.myanimelist.net/images/manga/3/236730l.jpg
1856,"Hakuchouki: Douyatte Goku wo Yaburi, Dousureba Kimi ga Warau no ka",,白蝶記 ―どうやって獄を破り、どうすれば君が笑うのか―,Light Novel,166,,2015,https://cdn.myanimelist.net/images/manga/2/186617l.jpg
1856,Kanojo-tachi wa Abakareta,,彼女たちは暴かれた,Manga,166,,2015,https://cdn.myanimelist.net/images/manga/1/199403l.jpg
1856,"Koyoi, Tsuma ga.","Tonight, My wife will...",今宵、妻が。,Manga,166,,2015,https://cdn.myanimelist.net/images/manga/2/226615l.jpg
1856,Nama de Naka wo Ippai ni Shite.,Please! Fill Vagina with Sperm,ナマで膣内〈なか〉をいっぱいにして。,Manga,166,,2015,https://cdn.myanimelist.net/images/manga/1/248801l.jpg
1856,Okazaki ni Sasagu,,岡崎に捧ぐ,Manga,166,,2015,https://cdn.myanimelist.net/images/manga/1/169513l.jpg
1863,Danshou no Grimm,,断章のグリム,Manga,165,,2015,https://cdn.myanimelist.net/images/manga/2/185968l.jpg
1863,Doctor Fish,,ドクターフィッシュ,One-shot,165,,2015,https://cdn.myanimelist.net/images/manga/1/160418l.jpg
1863,Manman Girls,,まんまんガールズ,Manga,165,,2015,https://cdn.myanimelist.net/images/manga/2/276855l.jpg
1863,Shinya no Dame Koi Zukan,,深夜のダメ恋図鑑,Manga,165,,2015,https://cdn.myanimelist.net/images/manga/3/273388l.jpg
1867,Gakuen Rule Kaikaku,,学園ルール改革,One-shot,164,,2015,https://cdn.myanimelist.net/images/manga/1/185181l.jpg
1867,Hoshikuzu to Hatsukoi: Hyakunen-sou Monogatari,,星屑と初恋 百年荘恋物語,Manga,164,,2015,https://cdn.myanimelist.net/images/manga/3/212144l.jpg
1867,Kamisama no Yokogao,"God, Look Back at Me Please",神様の横顔,Manga,164,,2015,https://cdn.myanimelist.net/images/manga/3/244780l.jpg
1867,Kinnikuman Choujin Retsuden: Wolfman no Maki - Dohyojou no Mononofu,,キン肉マン 超人列伝 ウルフマンの巻 －土俵上の士〈もののふ〉－,One-shot,164,,2015,https://cdn.myanimelist.net/images/manga/3/148731l.jpg
1867,Otonashi Hitozuma no Himitsu,,おとなし人妻の秘密,One-shot,164,,2015,https://cdn.myanimelist.net/images/manga/3/193525l.jpg
1867,Sex Chu♥,,せっくちゅ♥,Manga,164,,2015,https://cdn.myanimelist.net/images/manga/1/243200l.jpg
1873,1 Meter kara Hajimaru Koi,,1メートルから始まる恋,One-shot,163,,2015,https://cdn.myanimelist.net/images/manga/3/230794l.jpg
1873,Bocchi ga Harem Guild wo Tsukuru made,,ぼっちがハーレムギルドを創るまで,Light Novel,163,,2015,https://cdn.myanimelist.net/images/manga/3/176156l.jpg
1873,Digital Eden Attracts Humanity,,Digital Eden Attracts Humanity,Light Novel,163,,2015,https://cdn.myanimelist.net/images/manga/3/176341l.jpg
1873,Hajimete no Kurabekko,First Comparison,はじめてのくらべっこ,One-shot,163,,2015,https://cdn.myanimelist.net/images/manga/3/171369l.jpg
1873,Hokenshitsu no Sagara-sensei,,保健室の相楽先生,Manga,163,,2015,https://cdn.myanimelist.net/images/manga/3/274532l.jpg
1873,Ojisan to Issho♡,Uncle and together♥,おじさんといっしょ♡,Manga,163,,2015,https://cdn.myanimelist.net/images/manga/2/204287l.jpg
1873,Oretoku Shuugaku Ryokou,,俺得修学旅行,Manga,163,,2015,https://cdn.myanimelist.net/images/manga/1/203279l.jpg
1873,Platinum Sonata,The Flame on the Edge,プラチナソナタ,Manga,163,,2015,https://cdn.myanimelist.net/images/manga/3/168116l.jpg
1873,Suiteki Shoujo,Water Drop Girl,水滴少女,Manga,163,,2015,https://cdn.myanimelist.net/images/manga/2/199095l.jpg
1882,Bonnou Midnight,The Lustful Midnight,煩悩ミッドナイト,Manga,162,,2015,https://cdn.myanimelist.net/images/manga/3/176012l.jpg
1882,Isekai Ryouri Battle,Cooking Battle in Another World,異世界料理バトル,Light Novel,162,,2015,https://cdn.myanimelist.net/images/manga/2/169646l.jpg
1882,Kitto Muchuu ni Naru,You'll Be Crazy About Me!,きっと夢中になる,Manga,162,,2015,https://cdn.myanimelist.net/images/manga/3/247000l.jpg
1882,Murakami Kaizoku no Musume,,村上海賊の娘,Manga,162,,2015,https://cdn.myanimelist.net/images/manga/3/208831l.jpg
1882,Reijou-tachi no Nichijou,,隷嬢たちの日常,Manga,162,,2015,https://cdn.myanimelist.net/images/manga/2/154974l.jpg
1882,Witch Hunt Curtain Call,,ウィッチハント・カーテンコール,Light Novel,162,,2015,https://cdn.myanimelist.net/images/manga/2/161094l.jpg
1888,Curious Recipe,Curious Recipe,수상한 레시피,Manhwa,161,,2015,https://cdn.myanimelist.net/images/manga/2/334334l.jpg
1888,Days of the Sock Monster,The Sock Monster,양말 도깨비 나날,Manhwa,161,,2015,https://cdn.myanimelist.net/images/manga/1/205785l.jpg
1888,Hirameki☆Chuunyuu♥,,ひらめき☆チューニュー♥,One-shot,161,,2015,https://cdn.myanimelist.net/images/manga/2/155788l.jpg
1888,"Hoshigarisugi da yo, Sumida-kun!",,欲しがりすぎだよ、墨田くん!,Manga,161,,2015,https://cdn.myanimelist.net/images/manga/1/246077l.jpg
1888,Houkago Hoken Taiiku,,放課後保健体育,One-shot,161,,2015,https://cdn.myanimelist.net/images/manga/2/200990l.jpg
1888,Koi to Terrarium,,恋とテラリウム,One-shot,161,,2015,https://cdn.myanimelist.net/images/manga/1/249792l.jpg
1888,Mesukousei,,牝高生,Manga,161,,2015,https://cdn.myanimelist.net/images/manga/1/245608l.jpg
1888,Minami-sensei no Tadashii Seikyouiku Jugyou,,美波先生の正しい性教育授業,Manga,161,,2015,https://cdn.myanimelist.net/images/manga/3/210721l.jpg
1888,Seishun wa Zombie deshita,,青春はゾンビでした,Manga,161,,2015,https://cdn.myanimelist.net/images/manga/3/190433l.jpg
1888,The Shop with No Name,The Shop with No Name,이름 없는 가게,Manhwa,161,,2015,https://cdn.myanimelist.net/images/manga/3/269760l.jpg
1888,Tsugou ga Yokute Kawaii Mesu.,Convenient and Cute Girl,都合が良くて可愛いメス。,Manga,161,,2015,https://cdn.myanimelist.net/images/manga/3/253883l.jpg
1899,Akai-san wa Kyou mo Tsunderu.,,紅井さんは今日も詰んでる。,Manga,160,,2015,https://cdn.myanimelist.net/images/manga/2/183736l.jpg
1899,Colosseum,,コロシアム,Light Novel,160,,2015,https://cdn.myanimelist.net/images/manga/2/176220l.jpg
1899,Kentauros wa Hitori ja Dekinai,,ケンタウロスはひとりじゃデキない,Manga,160,,2015,https://cdn.myanimelist.net/images/manga/1/248061l.jpg
1902,"Aa Yuusha, Kimi no Kurushimu Kao ga Mitainda",,ああ勇者、君の苦しむ顔が見たいんだ,Light Novel,159,,2015,https://cdn.myanimelist.net/images/manga/3/175981l.jpg
1902,Re-Kan! Anthology Comic,,レーカン! アンソロジーコミック,Manga,159,,2015,https://cdn.myanimelist.net/images/manga/3/158102l.jpg
1904,Avarth,,アヴァルト,Manga,158,,2015,https://cdn.myanimelist.net/images/manga/1/177209l.jpg
1904,Boku no Kioku wa Kimi no Naka,My memory is inside of you,ボクの記憶はキミの中,Manga,158,,2015,https://cdn.myanimelist.net/images/manga/2/206560l.jpg
1904,Nez,,nez[ネ],Manga,158,,2015,https://cdn.myanimelist.net/images/manga/2/196407l.jpg
1904,Sand Storm Slugger,,SAND STORM SLUGGER,Manga,158,,2015,https://cdn.myanimelist.net/images/manga/1/202389l.jpg
1904,Shoraku no Kongen: Touhou Project Mizutaki Sakuhinshuu,,諸楽ノ根源 東方Project 水炊き作品集,Manga,158,,2015,https://cdn.myanimelist.net/images/manga/1/228527l.jpg
1904,Watashitachi no Seiai Hakusho,Father and Daughter Sex White Paper,父と娘〈わたしたち〉の性愛白書,Manga,158,,2015,https://cdn.myanimelist.net/images/manga/1/237515l.jpg
1910,2015: Space Series,2015: Space Series,2015 우주특집 단편,Manhwa,157,,2015,https://cdn.myanimelist.net/images/manga/3/282259l.jpg
1910,Boku ga Shinu made Tsukiatte,,僕が死ぬまでつきあって,One-shot,157,,2015,https://cdn.myanimelist.net/images/manga/2/219761l.jpg
1910,Imoype,,妹イプ,One-shot,157,,2015,https://cdn.myanimelist.net/images/manga/3/154899l.jpg
1910,Inma no Table Manners,Incubus Table Manners,淫魔のテーブルマナー,Manga,157,,2015,https://cdn.myanimelist.net/images/manga/3/264467l.jpg
1910,Kinou Nani Tabeta? dj - Kenji to Shiro-san,,ケンジとシロさん,Doujinshi,157,,2015,https://cdn.myanimelist.net/images/manga/3/222057l.jpg
1910,Koisuru Doubutsu,The Animals in Love,恋スル動物,Manga,157,,2015,https://cdn.myanimelist.net/images/manga/3/232628l.jpg
1910,Torokeru Onnanoko,Melting Girls,とろけるおんなのこ,Manga,157,,2015,https://cdn.myanimelist.net/images/manga/1/332907l.jpg
1917,Macaroni Switch,,まかろにスイッチ,Manga,156,,2015,https://cdn.myanimelist.net/images/manga/3/196456l.jpg
1917,Suru nara Suru yo ne?,,するならするよね?,One-shot,156,,2015,https://cdn.myanimelist.net/images/manga/2/237686l.jpg
1917,Sweet Days,,スイートデイズ,Manga,156,,2015,https://cdn.myanimelist.net/images/manga/3/245452l.jpg
1917,Watashi wa Pen de Sekai wo Kaeru,,私はペンで世界を変える,Manga,156,,2015,https://cdn.myanimelist.net/images/manga/2/166181l.jpg
1917,Wild Pitch!!!,,WILD PITCH!!!,Manga,156,,2015,https://cdn.myanimelist.net/images/manga/1/176821l.jpg
1917,Yozakura Vanpanella,,夜桜ヴァンパネルラ,Light Novel,156,,2015,https://cdn.myanimelist.net/images/manga/3/177962l.jpg
1923,Anaboko☆Obenki-chan,Princess of Sex-Machine,あなぼこ☆お便姫ちゃん,Manga,155,,2015,https://cdn.myanimelist.net/images/manga/2/193375l.jpg
1923,Binkan Idol to Kaikan Ghost,Virgin idol and bitch ghost,敏感アイドルと快感ゴースト,Manga,155,,2015,https://cdn.myanimelist.net/images/manga/2/194256l.jpg
1923,Momo x Oni Conquest,,もも×おにコンクエスト,One-shot,155,,2015,https://cdn.myanimelist.net/images/manga/3/160302l.jpg
1923,Oppai no Yure ni Gochuui Kudasai,Watch Out For Those Pillowy Pecs,雄っぱいの揺れにご注意ください,Manga,155,,2015,https://cdn.myanimelist.net/images/manga/3/281756l.jpg
1923,Punitto Complex,,ぷにっとこんぷれっくす,Manga,155,,2015,https://cdn.myanimelist.net/images/manga/3/243016l.jpg
1923,Renai Shokudou,,恋愛食堂,One-shot,155,,2015,https://cdn.myanimelist.net/images/manga/2/234581l.jpg
1923,Shiyan Pin Jiating,,實驗品家庭,Manhua,155,,2015,https://cdn.myanimelist.net/images/manga/2/267212l.jpg
1923,Strange Fruit,,ストレンヂフルーツ,Manga,155,,2015,https://cdn.myanimelist.net/images/manga/1/171116l.jpg
1931,Ayakashi no Hana,,妖の華,Manga,154,,2015,https://cdn.myanimelist.net/images/manga/1/197348l.jpg
1931,Irony Dress ni Sayonara dj - Koromogae,,ころもがえ,Doujinshi,154,,2015,https://cdn.myanimelist.net/images/manga/1/233487l.jpg
1931,Kaasan no Umoretai Karada,,義母〈かあ〉さんの埋もれたい肉〈カラダ〉,Manga,154,,2015,https://cdn.myanimelist.net/images/manga/3/248491l.jpg
1931,Muzousa Pinto Focus,,無造作ピントフォーカス,One-shot,154,,2015,https://cdn.myanimelist.net/images/manga/3/155099l.jpg
1931,Pretty Max,,プリマックス,Manga,154,,2015,https://cdn.myanimelist.net/images/manga/3/167503l.jpg
1931,Rokujou Hitoma Maid-tsuki: ♥♥Zouryouchuu♥♥,,六畳ひと間メイドつき～♥♥増量ちゅう♥♥～,Manga,154,,2015,https://cdn.myanimelist.net/images/manga/2/193639l.jpg
1931,Tomodachi,Friend,ともだち,One-shot,154,,2015,https://cdn.myanimelist.net/images/manga/2/179525l.jpg
1938,Argate Online,,アルゲートオンライン,Light Novel,153,,2015,https://cdn.myanimelist.net/images/manga/1/198564l.jpg
1938,Ijimekko ni Fukushuu da☆,,いじめっ子に復讐だ☆,Doujinshi,153,,2015,https://cdn.myanimelist.net/images/manga/2/196126l.jpg
1938,Misako 34-sai: Shufu de Joshikousei,,ミサコ34歳 主婦で女子校生,Manga,153,,2015,https://cdn.myanimelist.net/images/manga/1/192054l.jpg
1938,Uso Drop,,嘘ドロップ,Manga,153,,2015,https://cdn.myanimelist.net/images/manga/3/157118l.jpg
1942,Furo Girl!,,ふろがーる！,Manga,152,,2015,https://cdn.myanimelist.net/images/manga/1/215158l.jpg
1942,Katakoi Miboujin,,片恋未亡人,Manga,152,,2015,https://cdn.myanimelist.net/images/manga/3/172242l.jpg
1942,Kemono no Otonarisan,,けもののおとなりさん,Doujinshi,152,,2015,https://cdn.myanimelist.net/images/manga/3/161699l.jpg
1942,Nireko Sketch,,にれこスケッチ,Manga,152,,2015,https://cdn.myanimelist.net/images/manga/1/204232l.jpg
1942,Otome x Soushitsu,Shrine Maiden's Lost Purity,巫女〈オトメ〉×喪失,Doujinshi,152,,2015,https://cdn.myanimelist.net/images/manga/2/190502l.jpg
1942,Sleeping Bug,Sleeping Bug,スリーピング・バグ,Manga,152,,2015,https://cdn.myanimelist.net/images/manga/1/247450l.jpg
1948,Closet,,クローゼット,Manga,151,,2015,https://cdn.myanimelist.net/images/manga/2/250921l.jpg
1948,Gangsta. Original Novel,,GANGSTA.―オリジナルノベル―,Novel,151,,2015,https://cdn.myanimelist.net/images/manga/2/304632l.jpg
1948,HareBare Harenchi,,ハレバレハレンチ,Manga,151,,2015,https://cdn.myanimelist.net/images/manga/1/160366l.jpg
1948,Haru wa Na nomi no,,はるはなのみの,Manga,151,,2015,https://cdn.myanimelist.net/images/manga/2/180426l.jpg
1948,Hinata Study.,,ひなたすたでい。,Manga,151,,2015,https://cdn.myanimelist.net/images/manga/1/263099l.jpg
1948,Jinx Game,,ジンクスゲーム,Light Novel,151,,2015,https://cdn.myanimelist.net/images/manga/1/176699l.jpg
1948,Risou no Imouto,,理想の妹,Doujinshi,151,,2015,https://cdn.myanimelist.net/images/manga/3/210393l.jpg
1948,Zaru Soba (Kawaii),,ざるそば（かわいい）,Light Novel,151,,2015,https://cdn.myanimelist.net/images/manga/2/169013l.jpg
1956,Sachi no Otera Gohan,,サチのお寺ごはん,Manga,150,,2015,https://cdn.myanimelist.net/images/manga/3/204650l.jpg
1957,18-kin Otome Game no Sekai de Harem Shuuchaku Saremashita,,18禁乙女ゲームの世界でハーレム執着されました,Light Novel,149,,2015,https://cdn.myanimelist.net/images/manga/1/182086l.jpg
1957,Hokuou Joshi Åsa ga Mitsuketa Nihon no Fushigi,,北欧女子オーサが見つけた日本の不思議,Manga,149,,2015,https://cdn.myanimelist.net/images/manga/1/226622l.jpg
1957,Kotoko wa Isshou Yokkyuu Fuman,,琴子は一生欲求不満,Manga,149,,2015,https://cdn.myanimelist.net/images/manga/2/193338l.jpg
1957,"Nyota H.: Ore, Onna no Karada de Gikei to Koi wo Shiteimasu",Female Pleasure.: I Turned into a Girl and Now I'm Addicted to My Step-Brother,にょたえっち。~俺、女のカラダで義兄と恋をしています~,Manga,149,,2015,https://cdn.myanimelist.net/images/manga/1/295939l.jpg
1957,Raijin to Ryman,Raijin and Office Worker,雷神とリーマン,Manga,149,,2015,https://cdn.myanimelist.net/images/manga/2/165571l.jpg
1957,Schoolgirl Strikers: Novel Channel,,スクールガールストライカーズ Novel Channel,Light Novel,149,,2015,https://cdn.myanimelist.net/images/manga/3/160954l.jpg
1957,Sunao ni Narenai,,素直になれない,One-shot,149,,2015,https://cdn.myanimelist.net/images/manga/2/156743l.jpg
1964,A Bitch and a Punk,,연놈,Manhwa,148,,2015,https://cdn.myanimelist.net/images/manga/2/264058l.jpg
1964,Baiyaku Kakebachou Kuzuryuu (2015),,買厄懸場帖 九頭竜 KUZURYU,Manga,148,,2015,https://cdn.myanimelist.net/images/manga/3/171061l.jpg
1964,My Sweet♡Devil,,まいすうぃーと♡でびる,Manga,148,,2015,https://cdn.myanimelist.net/images/manga/3/246338l.jpg
1964,One Piece Card Battle Hobby Saikyou Kizuna Boost,,ONE PIECE カードバトルホビー最強キズナブースト,One-shot,148,,2015,https://cdn.myanimelist.net/images/manga/1/308149l.jpg
1964,Wakatte Hoshii no!,I Want You to Understand!,わかってほしいのっ!,One-shot,148,,2015,https://cdn.myanimelist.net/images/manga/2/162012l.jpg
1969,"""Chikatetsu ni Noru"" Series: Kyo Girls Days - Uzumasa Moe no Tsukumo Gikyoku",,「地下鉄に乗るっ」シリーズ 京・ガールズデイズ ~太秦萌の九十九戯曲~,Light Novel,147,,2015,https://cdn.myanimelist.net/images/manga/3/170942l.jpg
1969,107-goushitsu Tsuushin,,107号室通信,Manga,147,,2015,https://cdn.myanimelist.net/images/manga/2/267377l.jpg
1969,Akizuki-san wa Otona ni Narenai,Akizuki Never Grow Up,秋月さんは大人になれない,Manga,147,,2015,https://cdn.myanimelist.net/images/manga/2/209045l.jpg
1969,Ane-juu,,あね充,One-shot,147,,2015,https://cdn.myanimelist.net/images/manga/3/158994l.jpg
1969,Delicious,Delicious,딜리셔스,Manhwa,147,,2015,https://cdn.myanimelist.net/images/manga/1/283375l.jpg
1969,Nanimo Iuna,,何も言うな,Manga,147,,2015,https://cdn.myanimelist.net/images/manga/1/220500l.jpg
1969,Silent World,,SILENTWORLD,Light Novel,147,,2015,https://cdn.myanimelist.net/images/manga/1/176862l.jpg
1969,Touhou Project Niji Sousaku Series: Yatte Yare Gensoukyou,,東方Project二次創作シリーズ やってやれ幻想郷,Manga,147,,2015,https://cdn.myanimelist.net/images/manga/3/307197l.jpg
1977,Okaasan Futari Itemo Ii kana!?,,お母さん二人いてもいいかな!?,Manga,146,,2015,https://cdn.myanimelist.net/images/manga/1/175505l.jpg
1977,PriPri Chii-chan!!,,プリプリちぃちゃん!!,Manga,146,,2015,https://cdn.myanimelist.net/images/manga/2/180508l.jpg
1977,Yahari Dungeon ni Harem wo Motomeru no wa Machigatteiru.,,やはりダンジョンにハーレムを求めるのはまちがっている。,Light Novel,146,,2015,https://cdn.myanimelist.net/images/manga/2/169478l.jpg
1977,Yuureisen Chronicle,The Ghost Ship Chronicle,幽霊船クロニクル,Manga,146,,2015,https://cdn.myanimelist.net/images/manga/2/176808l.jpg
1981,Aramitama,,ARAMITAMA,Manga,145,,2015,https://cdn.myanimelist.net/images/manga/3/175774l.jpg
1981,Hakobune no Biosophia,,方舟のビオソフィア,One-shot,145,,2015,https://cdn.myanimelist.net/images/manga/2/245634l.jpg
1981,Irokoimushi,A Touch of the Love Bug,色恋蟲,Manga,145,,2015,https://cdn.myanimelist.net/images/manga/2/254923l.jpg
1981,Ishibashi Boueitai (Kojin),Ishibashi Defense Corps Individual,石橋防衛隊（個人）,Manga,145,,2015,https://cdn.myanimelist.net/images/manga/2/276078l.jpg
1981,Leo Attiel Den: Kubinashi-kou no Shouzou,,レオ・アッティール伝 首なし公の肖像,Light Novel,145,,2015,https://cdn.myanimelist.net/images/manga/2/176974l.jpg
1981,Unmei ni Aisarete Gomennasai.,I'm sorry!!! I'm loved by destiny.,運命に愛されてごめんなさい。,Light Novel,145,,2015,https://cdn.myanimelist.net/images/manga/1/177878l.jpg
1987,Boku no Kanojo wa Shojo Bitch Seitokaichou!?,,僕の彼女は処女ビッチ生徒会長！？,Light Novel,144,,2015,https://cdn.myanimelist.net/images/manga/3/168801l.jpg
1987,Grimoire no Tate,Shield of Grimoire,魔術楽譜〈グリモワール〉の盾,Light Novel,144,,2015,https://cdn.myanimelist.net/images/manga/3/176484l.jpg
1987,Kuro no Seikentsukai: Sekai Saikyou no Mahoutsukai no Deshi,,黒の星眷使い ～界最強の魔法使いの弟子～,Light Novel,144,,2015,https://cdn.myanimelist.net/images/manga/2/199715l.jpg
1987,Kyoukai no Micrina,Micrina of Border,境界のミクリナ,Manga,144,,2015,https://cdn.myanimelist.net/images/manga/2/179087l.jpg
1987,MM Materials,,エムエムマテリアルズ,Manga,144,,2015,https://cdn.myanimelist.net/images/manga/3/199477l.jpg
1987,Ore no Ibukuro wa Kanojo ni Nigirareteiru.,,俺の胃袋は彼女に握られている。,Light Novel,144,,2015,https://cdn.myanimelist.net/images/manga/2/165836l.jpg
1987,Soul Gluttony,,ソウル・グラトニー,Light Novel,144,,2015,https://cdn.myanimelist.net/images/manga/2/161043l.jpg
1987,Tenohira Sherbet,,てのひらシャーベット,Manga,144,,2015,https://cdn.myanimelist.net/images/manga/1/174455l.jpg
1987,Watashi datte Motete Mitai,,私だってモテてみたい,Manga,144,,2015,https://cdn.myanimelist.net/images/manga/1/287306l.jpg
1987,Yuri Mau Oasis: Lulu to Biki to Houseki no Majo,,百合舞うオアシス ルルと美姫と宝石の魔女,Light Novel,144,,2015,https://cdn.myanimelist.net/images/manga/1/166323l.jpg
1997,36-do,36°C,36度,Manga,143,,2015,https://cdn.myanimelist.net/images/manga/1/234246l.jpg
1997,Ake no Squall,,あけのスコール,One-shot,143,,2015,https://cdn.myanimelist.net/images/manga/3/192770l.jpg
1997,Dono Ana demo Kimochi Ii♥,,どの穴でも気持ちいい♥,Manga,143,,2015,https://cdn.myanimelist.net/images/manga/2/243652l.jpg
1997,"Koboreru,",,こぼれる、,Manga,143,,2015,https://cdn.myanimelist.net/images/manga/1/255820l.jpg
1997,Love Suton,,ラブストン,Manga,143,,2015,https://cdn.myanimelist.net/images/manga/3/220990l.jpg
1997,Mangetsu no Yoru ni,,満月の夜に,One-shot,143,,2015,https://cdn.myanimelist.net/images/manga/2/151774l.jpg
1997,Mofa Hunyue,Magic Marriage,魔法婚約,Manhua,143,,2015,https://cdn.myanimelist.net/images/manga/3/267326l.jpg
1997,Owaru Sekai de Kimi ni Koisuru,The last love in this world,終わる世界でキミに恋する,Manga,143,,2015,https://cdn.myanimelist.net/images/manga/3/217630l.jpg
1997,Shousetsu Dragon Providence: Hanayome Harem no Tsukurikata!?,,小説ドラゴンプロヴィデンス 花嫁ハーレムの作り方! ?,Light Novel,143,,2015,https://cdn.myanimelist.net/images/manga/2/168343l.jpg
1997,"Yandere Kanojo ga Ippai Sugiru! Seitokaichou, Osananajimi, Gimai, Gibo",,ヤンデレ彼女がいっぱいすぎる! 生徒会長、幼なじみ、義妹、義母,Light Novel,143,,2015,https://cdn.myanimelist.net/images/manga/2/169453l.jpg
2007,100% Pascal-sensei,,100%パスカル先生,Manga,142,,2015,https://cdn.myanimelist.net/images/manga/2/190075l.jpg
2007,Daiichi Souko nite,At the First Storehouse,第一倉庫にて,Manga,142,,2015,https://cdn.myanimelist.net/images/manga/1/231649l.jpg
2007,Fire Emblem if: Byakuya Oukoku Comic Anthology,,ファイアーエムブレムif 白夜王国 コミックアンソロジー,Manga,142,,2015,https://cdn.myanimelist.net/images/manga/2/236733l.jpg
2007,Himegoto Blue,,ひめごとブルー,Doujinshi,142,,2015,https://cdn.myanimelist.net/images/manga/3/241985l.jpg
2007,Hitodenashi no Kokoro,,ひとでなしの恋恋ロ,Manga,142,,2015,https://cdn.myanimelist.net/images/manga/1/240164l.jpg
2007,Sora wa Sekai no Hitotsu Yane,The Sky Is but One Roof of the World,空は世界のひとつ屋根,Manga,142,,2015,https://cdn.myanimelist.net/images/manga/1/318321l.jpg
2007,Tanetsuke! Press Press Press,,種付け！ プレス プレス プレス,Manga,142,,2015,https://cdn.myanimelist.net/images/manga/2/246795l.jpg
2007,Tenohira ni Suisei,,てのひらに彗星,Manga,142,,2015,https://cdn.myanimelist.net/images/manga/3/151267l.jpg
2007,Torikago no Naka no Kimi,You in the Cage,鳥籠の中のキミ,Manga,142,,2015,https://cdn.myanimelist.net/images/manga/2/226452l.jpg
2007,White Epic,,백서사시,Manhwa,142,,2015,https://cdn.myanimelist.net/images/manga/3/305185l.jpg
2017,Food Fighter Tabelu,,フードファイタータベル,Manga,141,,2015,https://cdn.myanimelist.net/images/manga/2/172739l.jpg
2017,Tomodachizukuri,,トモダチヅクリ,Manga,141,,2015,https://cdn.myanimelist.net/images/manga/1/202813l.jpg
2017,Yoi dewa Nai ka,,よいではないか,Light Novel,141,,2015,https://cdn.myanimelist.net/images/manga/1/153659l.jpg
2017,YuReRururu,,ゆれるるる,Manga,141,,2015,https://cdn.myanimelist.net/images/manga/3/180533l.jpg
2021,CV. Ore!,,CV.オレ！,Manga,140,,2015,https://cdn.myanimelist.net/images/manga/3/179349l.jpg
2021,Daishou Lovers,,大小らばーず,One-shot,140,,2015,https://cdn.myanimelist.net/images/manga/3/246164l.jpg
2021,Idore! Green♥Rhapsody,,アイドれ! グリーン♥ラプソディ,Manga,140,,2015,https://cdn.myanimelist.net/images/manga/1/180995l.jpg
2021,Otomodachi Robo Choco,,おともだちロボ チョコ,Light Novel,140,,2015,https://cdn.myanimelist.net/images/manga/3/159205l.jpg
2021,Taikutsu na Joou,,退屈な女王,Doujinshi,140,,2015,https://cdn.myanimelist.net/images/manga/2/199005l.jpg
2026,M to M,,MtoM,One-shot,139,,2015,https://cdn.myanimelist.net/images/manga/3/161237l.jpg
2027,Classroom☆Crisis: Another Crisis,,Classroom☆Crisis あなざーくらいしす,Light Novel,138,,2015,https://cdn.myanimelist.net/images/manga/1/159757l.jpg
2027,Ikebukuro Wotome Road Senki,Go to the Ikebukuro Otome St.,池袋ヲトメ道〈ロード〉戦記,Manga,138,,2015,https://cdn.myanimelist.net/images/manga/2/180488l.jpg
2027,Mama wa Saimin Chuudoku!,,ママは催眠中毒,Doujinshi,138,,2015,https://cdn.myanimelist.net/images/manga/2/156705l.jpg
2027,Meikyuu Toshi no Antique Shop,Antique shop of the Dungeon city,迷宮都市のアンティークショップ,Light Novel,138,,2015,https://cdn.myanimelist.net/images/manga/3/177090l.jpg
2031,Cosplay tte Asobo.,,コスッてあそぼ。,Doujinshi,137,,2015,https://cdn.myanimelist.net/images/manga/2/195846l.jpg
2031,Lock Up Boy,,ロックアップボーイ,Manga,137,,2015,https://cdn.myanimelist.net/images/manga/3/256261l.jpg
2031,Reajuu na Kanojo,A Rare Type of Girl,レア充なカノジョ,Manga,137,,2015,https://cdn.myanimelist.net/images/manga/2/222688l.jpg
2031,Sonna Riyuu de Yararechau?,,そんな理由で犯〈や〉られちゃう?,Manga,137,,2015,https://cdn.myanimelist.net/images/manga/2/266193l.jpg
2035,Ai no Shirabe wo Koushaku to,,愛のしらべを公爵と,Manga,136,,2015,https://cdn.myanimelist.net/images/manga/3/186198l.jpg
2035,Dragon Seekers,,DRAGON SEEKERS,Manga,136,,2015,https://cdn.myanimelist.net/images/manga/2/193630l.jpg
2035,GMF,,GMF,Doujinshi,136,,2015,https://cdn.myanimelist.net/images/manga/3/166676l.jpg
2035,Isekai ni Class-goto Teni shita Saki de Harem Life!?,,異世界にクラスごと転移した先でハーレムライフ! ?,Light Novel,136,,2015,https://cdn.myanimelist.net/images/manga/3/163780l.jpg
2035,Sakare Seishun!! Ragai Katsudou,,サカれ性春!!裸外活動,Manga,136,,2015,https://cdn.myanimelist.net/images/manga/3/249578l.jpg
2035,Sakurai Die Energy,,櫻井大エネルギー,Manga,136,,2015,https://cdn.myanimelist.net/images/manga/2/162094l.jpg
2035,Ushiro,,うしろ,Manga,136,,2015,https://cdn.myanimelist.net/images/manga/1/169928l.jpg
2035,Yuri-iro Coordinate: Futari no Kiss Moyou,,百合色コーディネート ふたりのキス模様,Light Novel,136,,2015,https://cdn.myanimelist.net/images/manga/2/168873l.jpg
2043,Etotama: Gaiden Novel,,えとたま ～外伝のべる～,Light Novel,135,,2015,https://cdn.myanimelist.net/images/manga/3/156100l.jpg
2043,Hentai Play,,へんたいプレイ,Manga,135,,2015,https://cdn.myanimelist.net/images/manga/1/247227l.jpg
2043,Kokono-sama Fascinates,,ここの様ファシネイツ,Manga,135,,2015,https://cdn.myanimelist.net/images/manga/3/164013l.jpg
2043,Kyou no Ani Imouto,,きょうのあにいもうと,Manga,135,,2015,https://cdn.myanimelist.net/images/manga/3/165355l.jpg
2043,Mama no Koibito!?,,ママの恋人！？,One-shot,135,,2015,https://cdn.myanimelist.net/images/manga/2/160651l.jpg
2043,Omatsuri Mae ni,,お祭り前に,One-shot,135,,2015,https://cdn.myanimelist.net/images/manga/3/245428l.jpg
2043,Sokuhame♥Sukebe Hole,,即ハメ♥スケベ穴〈ホール〉,Manga,135,,2015,https://cdn.myanimelist.net/images/manga/2/247789l.jpg
2050,"Bishoujo to wa, Kiru Koto to Mitsuketari",,美少女とは、斬る事と見つけたり,Light Novel,134,,2015,https://cdn.myanimelist.net/images/manga/3/176149l.jpg
2050,Daigaku Circle no Risou to Genjitsu,,大学サークルの理想と現実,One-shot,134,,2015,https://cdn.myanimelist.net/images/manga/3/160847l.jpg
2050,Elysion: Futatsu no Rakuen wo Meguru Monogatari,,Elysion 二つの楽園を廻る物語,Manga,134,,2015,https://cdn.myanimelist.net/images/manga/2/166264l.jpg
2050,Kocchi wo Mite yo Oniichan,,こっちを見てよおにいちゃん,Doujinshi,134,,2015,https://cdn.myanimelist.net/images/manga/3/236890l.jpg
2050,Oneesan no Heya ni Hitoban dake,,おねーさんの部屋に一晩だけ,Doujinshi,134,,2015,https://cdn.myanimelist.net/images/manga/1/238743l.jpg
2050,Otokojuku Gaiden: Daigouin Jaki,,男塾外伝 大豪院邪鬼,Manga,134,,2015,https://cdn.myanimelist.net/images/manga/1/215903l.jpg
2050,Secret Star,,시크릿 스타,Manhwa,134,,2015,https://cdn.myanimelist.net/images/manga/2/276070l.jpg
2050,The Magical Girl Is Not In Love,,마법소녀에게 사랑은 없다,Manhwa,134,,2015,https://cdn.myanimelist.net/images/manga/3/179126l.jpg
2058,Motoyan,,元ヤン,Manga,133,,2015,https://cdn.myanimelist.net/images/manga/3/202386l.jpg
2058,Mugi no Wakusei,Planet of the Wheat,麦の惑星,Manga,133,,2015,https://cdn.myanimelist.net/images/manga/1/296471l.jpg
2058,Real Onigokko JK,,リアル鬼ごっこ JK,Manga,133,,2015,https://cdn.myanimelist.net/images/manga/3/171693l.jpg
2058,Teppai no Jan!,Iron Tile Jan,鉄牌のジャン!,Manga,133,,2015,https://cdn.myanimelist.net/images/manga/1/205175l.jpg
2058,The iDOLM@STER Million Live!: Comic Anthology,,アイドルマスターミリオンライブ! コミックアンソロジー,Manga,133,,2015,https://cdn.myanimelist.net/images/manga/1/152995l.jpg
2058,xxx shitai kurai Kawaii Kimi ga,,×××したいくらい可愛い君が,Manga,133,,2015,https://cdn.myanimelist.net/images/manga/3/154702l.jpg
2064,Avabel Online,,アヴァベルオンライン,Light Novel,132,,2015,https://cdn.myanimelist.net/images/manga/3/169897l.jpg
2064,Hidai! Kakuchou! Nikubenki Kaizou Shinryou,,肥大！拡張！肉便器改造診療,Doujinshi,132,,2015,https://cdn.myanimelist.net/images/manga/1/249551l.jpg
2064,Junai Practice,The Practice of Charming Love,潤愛ぷらくてぃす,Manga,132,,2015,https://cdn.myanimelist.net/images/manga/3/197104l.jpg
2064,Kenja no Tsurugi,Sword of Philosopher,賢者の剣,Light Novel,132,,2015,https://cdn.myanimelist.net/images/manga/3/164596l.jpg
2064,Kimomen Teihen Shoku demo Kyokon nara Harem Guild no Omo ni Nareru!?,,キモメン底辺職でも巨根ならハーレムギルドの主になれる! ?,Light Novel,132,,2015,https://cdn.myanimelist.net/images/manga/2/161495l.jpg
2064,Kuroneko Series,,黒猫シリーズ,Manga,132,,2015,https://cdn.myanimelist.net/images/manga/2/189491l.jpg
2064,Shojo Bitch,,処女ビッチ,One-shot,132,,2015,https://cdn.myanimelist.net/images/manga/3/160293l.jpg
2071,Cardfight!! Vanguard G: Stride Generation,,カードファイト!! ヴァンガードG ストライドジェネレーション,Manga,131,,2015,https://cdn.myanimelist.net/images/manga/1/227055l.jpg
2071,Consumua and Sudutist!,Consumua and Sudutist!,소비러와 존잘님!,Manhwa,131,,2015,https://cdn.myanimelist.net/images/manga/1/268389l.jpg
2071,"Ori no Naka, Watashi wa Midara ni Kowasareru.",They're Breaking Me Up in the Prison,檻の中、私は淫らに壊される。,Manga,131,,2015,https://cdn.myanimelist.net/images/manga/1/234718l.jpg
2071,Otori,The Bait,囮,Doujinshi,131,,2015,https://cdn.myanimelist.net/images/manga/2/255656l.jpg
2071,Saisei no Phantasma,The phantasma reconstructs the world.,再世のファンタズマ,Manga,131,,2015,https://cdn.myanimelist.net/images/manga/1/174440l.jpg
2071,Sekai Seifuku wa Mata Ashita,,世界征服はまた明日,Manga,131,,2015,https://cdn.myanimelist.net/images/manga/3/224542l.jpg
2071,Tokyo Dragon Strike,,東京ドラゴンストライク,Light Novel,131,,2015,https://cdn.myanimelist.net/images/manga/3/161753l.jpg
2071,Watashi ni Mawashite♥: Ura Kairanban,,私にマワして♥裏回覧板,Manga,131,,2015,https://cdn.myanimelist.net/images/manga/3/239458l.jpg
2079,Daekix,,唾液っくす,Manga,130,,2015,https://cdn.myanimelist.net/images/manga/1/287896l.jpg
2079,Haigo ni Megane,,背後にメガネ,Manga,130,,2015,https://cdn.myanimelist.net/images/manga/1/196161l.jpg
2079,Nnekon,,んねこん,Manga,130,,2015,https://cdn.myanimelist.net/images/manga/2/280179l.jpg
2079,Sensei (Kari) no Oshigoto♥,The Job of a (Temporary) Teacher,センセー(仮)のお仕事♥,Manga,130,,2015,https://cdn.myanimelist.net/images/manga/1/249416l.jpg
2079,VRMMO no Sekai de Sex Cheat de Musou Harem!?,,VRMMOの世界でセックスチートで無双ハーレム! ?,Light Novel,130,,2015,https://cdn.myanimelist.net/images/manga/2/162704l.jpg
2079,Youkai no Shiikuin-san,The Yokai Caretaker,妖怪の飼育員さん,Manga,130,,2015,https://cdn.myanimelist.net/images/manga/2/189208l.jpg
2079,"Zenryaku, Love Hotel yori",,前略、ラブホテルより,One-shot,130,,2015,https://cdn.myanimelist.net/images/manga/1/246713l.jpg
2086,Boku no Kanojo ga Kusogaki ni Netorareta Hanashi,,僕の彼女がクソガキに寝取られた話,Manga,129,,2015,https://cdn.myanimelist.net/images/manga/3/244783l.jpg
2086,Grimoire wa Oshiete Kurenai,,魔導書姫〈グリモワール〉は教えてくれない,Light Novel,129,,2015,https://cdn.myanimelist.net/images/manga/1/164188l.jpg
2086,Hameai Pink,,ハメアイピンク,Doujinshi,129,,2015,https://cdn.myanimelist.net/images/manga/3/245752l.jpg
2086,Isekai de Ikiteiku Houhou,How to Live in a Different World,異世界で生きていく方法,Light Novel,129,,2015,https://cdn.myanimelist.net/images/manga/1/215995l.jpg
2086,Musaboru Onna,,貪る女,Manga,129,,2015,https://cdn.myanimelist.net/images/manga/2/226566l.jpg
2086,Shiawasex,Happinessex,しあわせっくす,Manga,129,,2015,https://cdn.myanimelist.net/images/manga/1/283773l.jpg
2086,Shinjuu BL,,心中BL,Manga,129,,2015,https://cdn.myanimelist.net/images/manga/2/247057l.jpg
2086,Villains Tail,,ヴィランズテイル,Light Novel,129,,2015,https://cdn.myanimelist.net/images/manga/2/158174l.jpg
2086,Youkai Watch Busters,,妖怪ウォッチバスターズ,Manga,129,,2015,https://cdn.myanimelist.net/images/manga/3/165201l.jpg
2095,"Aru Hi, Burikko Akuyaku Reijou ni Narimashite.",,ある日、ぶりっ子悪役令嬢になりまして。,Light Novel,128,,2015,https://cdn.myanimelist.net/images/manga/2/233513l.jpg
2095,Guns & Girls,,ガンズ&ガールズ,Manga,128,,2015,https://cdn.myanimelist.net/images/manga/2/293674l.jpg
2095,Mukade,,百足－ムカデ－,Manga,128,,2015,https://cdn.myanimelist.net/images/manga/1/169135l.jpg
2095,Nagisa nite,,なぎさにて,Manga,128,,2015,https://cdn.myanimelist.net/images/manga/1/199267l.jpg
2095,One Shota! Otouto no Osewa wa Oneechan ni Omakase,,おねショタ! 弟のお世話はお姉ちゃんにお任せ,Light Novel,128,,2015,https://cdn.myanimelist.net/images/manga/3/168871l.jpg
2095,"Senpai no Idenshi, Ore ni Choudai?","Dude, Can I Have Some of Your DNA?",先輩の遺伝子、オレにちょうだい?,Manga,128,,2015,https://cdn.myanimelist.net/images/manga/3/208564l.jpg
2101,Dragon-san wa Tomodachi ga Hoshii!,Dragon wants a Friend!,ドラゴンさんは友達が欲しい！,Light Novel,127,,2015,https://cdn.myanimelist.net/images/manga/3/210754l.jpg
2101,EseS to S,,EseS to S,One-shot,127,,2015,https://cdn.myanimelist.net/images/manga/2/170980l.jpg
2101,Koi Tsunagi,The Love That Binds,恋つなぎ,Manga,127,,2015,https://cdn.myanimelist.net/images/manga/3/236471l.jpg
2101,"My Ex, Client","My Ex, Client",주님과 나,Manhwa,127,,2015,https://cdn.myanimelist.net/images/manga/3/298599l.jpg
2101,Oboreru Hakuchuumu,Drowning in a Daydream,溺れる白昼夢,Manga,127,,2015,https://cdn.myanimelist.net/images/manga/2/247415l.jpg
2101,Ookina Noichi to Chiisana Hinayuki,Tall Noichi and Short Hinayuki love and cherish each other dearly.,大きなノイチと小さなヒナユキ,Manga,127,,2015,https://cdn.myanimelist.net/images/manga/2/256792l.jpg
2101,Yuutai to Doukyo Hajimemashita.,,幽体と同居はじめました。,Manga,127,,2015,https://cdn.myanimelist.net/images/manga/2/174158l.jpg
2108,Erokute New Game!,New Erotic Game!,エロくてニューゲーム！,Light Novel,126,,2015,https://cdn.myanimelist.net/images/manga/1/159391l.jpg
2108,Idol wa Tengoku wo Shiranai.,Idol don't know heaven.,アイドルは天国を知らない。,Manga,126,,2015,https://cdn.myanimelist.net/images/manga/3/175249l.jpg
2108,Junjou Dummy Heroine,Silly Naive Heroine,純情ダミーヒロイン,Manga,126,,2015,https://cdn.myanimelist.net/images/manga/3/248015l.jpg
2108,Kogitsune Konkon Koimusubi,,こぎつねこんこん恋結び,Light Novel,126,,2015,https://cdn.myanimelist.net/images/manga/2/174180l.jpg
2108,Mu Town no Kodomotachi,Children of Mu-Town,ムー・タウンの子供たち,Doujinshi,126,,2015,https://cdn.myanimelist.net/images/manga/2/282575l.jpg
2108,Not Evil!,,ノットイーヴィル！,Manga,126,,2015,https://cdn.myanimelist.net/images/manga/3/195321l.jpg
2108,One More Lovely♥,,わんもぁらぶりぃ♥,Doujinshi,126,,2015,https://cdn.myanimelist.net/images/manga/3/290787l.jpg
2108,Yuusha ga Shuraba Sugite Sekai wo Sukutteru Baai ja Nai,,勇者が修羅場すぎて世界を救ってる場合じゃない,Light Novel,126,,2015,https://cdn.myanimelist.net/images/manga/1/165427l.jpg
2108,Yuusha to Yuusha to Yuusha to Yuusha,"A Hero, Heros and A Hero.",勇者と勇者と勇者と勇者,Light Novel,126,,2015,https://cdn.myanimelist.net/images/manga/3/165734l.jpg
2117,Bishoujo darake no Isekai ni Otoko ga Ore Hitori dake!?,,美少女だらけの異世界に男がおれ一人だけ! ?,Light Novel,125,,2015,https://cdn.myanimelist.net/images/manga/2/163778l.jpg
2117,Magicalo Magical,,マジカロマジカル,Manga,125,,2015,https://cdn.myanimelist.net/images/manga/3/157721l.jpg
2117,Marginal Operation: Kuuhaku no Ichinen,,マージナル・オペレーション 空白の一年,Light Novel,125,,2015,https://cdn.myanimelist.net/images/manga/2/164168l.jpg
2117,Nasu to Altair,,茄子とアルタイル,Manga,125,,2015,https://cdn.myanimelist.net/images/manga/1/161404l.jpg
2117,Niko to Fukigen na Shitsuji,,ニコと不機嫌な執事,Manga,125,,2015,https://cdn.myanimelist.net/images/manga/2/180886l.jpg
2117,Sakitama,,さきたま,Manga,125,,2015,https://cdn.myanimelist.net/images/manga/3/209194l.jpg
2117,Seiken no Sword Labyrinth,Sword Labyrinth of Sacred-sword,聖剣のソードラビリンス,Light Novel,125,,2015,https://cdn.myanimelist.net/images/manga/1/159453l.jpg
2117,Shousetsu IDOLiSH7: Ryuusei ni Inoru,,小説 アイドリッシュセブン 流星に祈る,Light Novel,125,,2015,https://cdn.myanimelist.net/images/manga/3/259007l.jpg
2117,iDOLM@STER SideM: Dramatic Stage,,アイドルマスターSideM ドラマチックステージ,Manga,125,,2015,https://cdn.myanimelist.net/images/manga/3/183851l.jpg
2126,Akuma ga Kitarite AV Satsuei!?,,悪魔が来たりてＡＶ撮影！？,Light Novel,124,,2015,https://cdn.myanimelist.net/images/manga/1/169469l.jpg
2126,Hitozuma Miyuki-san ni Otto Kounin de Mainichi Tanetsuke Sex,,人妻美由紀さんに夫公認で毎日種付けセックス,Doujinshi,124,,2015,https://cdn.myanimelist.net/images/manga/1/251233l.jpg
2126,Igano Kabamaru★Sorikara,,伊賀野カバ丸★そりから,Manga,124,,2015,https://cdn.myanimelist.net/images/manga/3/171991l.jpg
2126,Raichi!!,,らいち!!,Manga,124,,2015,https://cdn.myanimelist.net/images/manga/1/180428l.jpg
2130,Cheat Onna Kishi datte Logout Sureba Ijiri Houdai,,チート女騎士だってログアウトすれば弄り放題,Light Novel,123,,2015,https://cdn.myanimelist.net/images/manga/2/158706l.jpg
2130,Chigitte Kudasai Maou Heika.,,契ってください魔王陛下。,Light Novel,123,,2015,https://cdn.myanimelist.net/images/manga/2/160011l.jpg
2130,Gomennasai,I'm Sorry,ごめんなさいっ,One-shot,123,,2015,https://cdn.myanimelist.net/images/manga/2/166447l.jpg
2133,"Aisare World: I really, truly surrender to you. - Fuyumihara Hisamabu no Kaiketsu Nisshi",,"アイサレワールド‐I really, truly surrender to you．‐ 冬美原久真部の解決日誌",Light Novel,122,,2015,https://cdn.myanimelist.net/images/manga/3/162514l.jpg
2133,Hoshikuzu Neverland Garden,,星屑ネバーランドガーデン,Manga,122,,2015,https://cdn.myanimelist.net/images/manga/2/169612l.jpg
2133,Ikki-kun no Heroine,,一喜くんのヒロイン,Manga,122,,2015,https://cdn.myanimelist.net/images/manga/3/167991l.jpg
2133,Kachikomi Bride!,Love comedy by a yankee girl & a horny boy,カチコミブライド！,Light Novel,122,,2015,https://cdn.myanimelist.net/images/manga/1/164591l.jpg
2133,Kagi no Nai Torikago,,鍵のない鳥籠,Manga,122,,2015,https://cdn.myanimelist.net/images/manga/5/157368l.jpg
2133,Koi wo Sasete wa Kurenakute,,恋をさせてはくれなくて,One-shot,122,,2015,https://cdn.myanimelist.net/images/manga/3/247968l.jpg
2133,"Koi wo Shite wa Ikenai Game, Furaretemo Kimi ni Koi wo Suru","In the game allowing of no love, I'll continue to love you any number of times.",恋をしてはいけないゲーム、振られてもきみに恋をする,Light Novel,122,,2015,https://cdn.myanimelist.net/images/manga/2/176782l.jpg
2133,Manga Shin-Shirakawa Genjin: Uupa!,,まんが 新白河原人 ウーパ!,Manga,122,,2015,https://cdn.myanimelist.net/images/manga/1/212264l.jpg
2133,Onegai! Onigami-sama♥,Please! Fearful God♥,おねがい! 鬼神さま♥,One-shot,122,,2015,https://cdn.myanimelist.net/images/manga/3/244807l.jpg
2133,Saikyou Majutsushi no Ijou Naru Toubou Seikatsu,,最凶魔術師の異常なる逃亡生活,Light Novel,122,,2015,https://cdn.myanimelist.net/images/manga/3/190663l.jpg
2133,Senkou Girl,,センコウガール,Manga,122,,2015,https://cdn.myanimelist.net/images/manga/1/194370l.jpg
2133,Tenkuu no Hachi,The Big Bee,天空の蜂,Manga,122,,2015,https://cdn.myanimelist.net/images/manga/1/163899l.jpg
2133,"Watashi, Uwaki Shitemashita",I've Been Cheating on You Both,私、浮気してました,One-shot,122,,2015,https://cdn.myanimelist.net/images/manga/1/168420l.jpg
2146,Allie yo Juu wo Ute!,,アリィよ銃を撃て!,One-shot,121,,2015,https://cdn.myanimelist.net/images/manga/1/150093l.jpg
2146,Azawarai no Taenai Shokuba desu.,,嘲笑いの絶えない職場です。,Doujinshi,121,,2015,https://cdn.myanimelist.net/images/manga/2/189911l.jpg
2146,Hajimete no Hito,My First One,はじめてのひと,Manga,121,,2015,https://cdn.myanimelist.net/images/manga/2/179112l.jpg
2146,Hakudaku no Sono,,白濁の苑,Manga,121,,2015,https://cdn.myanimelist.net/images/manga/2/203582l.jpg
2146,Hamatta Ore ga Warui no ka!?,,ハマった俺が悪いのか!?,Manga,121,,2015,https://cdn.myanimelist.net/images/manga/1/201190l.jpg
2146,Haruranman no Kou,,春爛漫の候,One-shot,121,,2015,https://cdn.myanimelist.net/images/manga/2/160725l.jpg
2146,Here We Go Again,Here We Go Again,살아말아,Manhwa,121,,2015,https://cdn.myanimelist.net/images/manga/2/331360l.jpg
2146,Honeypot,,ハニーポット,Manga,121,,2015,https://cdn.myanimelist.net/images/manga/1/199405l.jpg
2146,"Kekkyoku, Ninja to Dragon wa Docchi ga Tsuyoi no?",NINJA vs. DRAGON Which Wins?,結局、ニンジャとドラゴンはどっちが強いの?,Light Novel,121,,2015,https://cdn.myanimelist.net/images/manga/3/176759l.jpg
2146,Look at Me,,Look at Me,Doujinshi,121,,2015,https://cdn.myanimelist.net/images/manga/2/247123l.jpg
2146,Ore no Nioi wa Hatsujou Switch,,俺のニオイは発情スイッチ,Light Novel,121,,2015,https://cdn.myanimelist.net/images/manga/1/165322l.jpg
2146,Senka no Kanojo,,戦渦のカノジョ,Manga,121,,2015,https://cdn.myanimelist.net/images/manga/2/167461l.jpg
2158,Ano Ko wa Yariman,,あの娘はヤリマン,Manga,120,,2015,https://cdn.myanimelist.net/images/manga/2/170778l.jpg
2158,Egoist Blue,,エゴイストブルー,Manga,120,,2015,https://cdn.myanimelist.net/images/manga/2/176339l.jpg
2158,Femme Fatale no Musuko-tachi,Blood Brothers,ファム・ファタールの息子たち,Manga,120,,2015,https://cdn.myanimelist.net/images/manga/3/223455l.jpg
2158,Gakudan!,,がくだん!,Manga,120,,2015,https://cdn.myanimelist.net/images/manga/3/168287l.jpg
2158,Kanojo-tachi ga Tojiru Sekai,,彼女たちが綴じる世界,Light Novel,120,,2015,https://cdn.myanimelist.net/images/manga/1/185806l.jpg
2158,Kimi ga Suki Dakara,,君が好きだから,Manga,120,,2015,https://cdn.myanimelist.net/images/manga/3/227258l.jpg
2158,Kyokon Tensei: Onna dake no Isekai de Himekishi-tachi wo Tanetsuke Shihai! Subete no Min ga Niku Onaho desu. Harami Ana ni Seishi-sama Omegumi Kudasai♪,,巨根転生～女だけの異世界で姫騎士たちを種付け支配！全ての民が肉オナホです。孕み穴に精子様お恵みください♪～,Light Novel,120,,2015,https://cdn.myanimelist.net/images/manga/3/169419l.jpg
2158,Nakashite Mitaku Narimashita,,泣かしてみたくなりました,Manga,120,,2015,https://cdn.myanimelist.net/images/manga/3/195557l.jpg
2158,Narusawa-kun wa Oishii Kao ni Koishiteru,,鳴沢くんはおいしい顔に恋してる,Manga,120,,2015,https://cdn.myanimelist.net/images/manga/3/163746l.jpg
2158,Neko to Jiichan,,ねことじいちゃん,Manga,120,,2015,https://cdn.myanimelist.net/images/manga/2/228437l.jpg
2158,Touken Ranbu Online Anthology: Shutsujin Junbichuu!,,刀剣乱舞-ONLINE- アンソロジー 出陣準備中!,Manga,120,,2015,https://cdn.myanimelist.net/images/manga/3/248022l.jpg
2169,Are You Going to Eat?,,밥 먹고 갈래요?,Manhwa,119,,2015,https://cdn.myanimelist.net/images/manga/2/263564l.jpg
2169,Asteroid Rape,,隕星姦辱,Doujinshi,119,,2015,https://cdn.myanimelist.net/images/manga/3/189270l.jpg
2169,Choukyou-kei Danshi: Ookami-sama to Koneko-chan,,調教系男子 オオカミ様と子猫ちゃん,Light Novel,119,,2015,https://cdn.myanimelist.net/images/manga/1/166047l.jpg
2169,Fukanzen Maou no Cheat-goroshi,Legend of Cheat-Breaker,不完全魔王のチート殺し,Light Novel,119,,2015,https://cdn.myanimelist.net/images/manga/2/158172l.jpg
2169,Ore no Yome ni Kareshi wa Hairimasu ka?,,俺の嫁にカレシは入りますか?,Manga,119,,2015,https://cdn.myanimelist.net/images/manga/3/222465l.jpg
2169,Zenbu Ecchi na Hanashi,,ぜんぶえっちな話,Manga,119,,2015,https://cdn.myanimelist.net/images/manga/2/199099l.jpg
2175,Fukushuu no Miboujin,The Widow Takes Her Husband's Revenge.,復讐の未亡人,Manga,118,,2015,https://cdn.myanimelist.net/images/manga/2/296475l.jpg
2175,"Isekai Madou Koshoten: Cheat Maryoku Aru kedo, Mattari Tenin suru Koto ni Shita",,異世界魔導古書店~チート魔力あるけど、まったり店員することにした~,Light Novel,118,,2015,https://cdn.myanimelist.net/images/manga/3/169372l.jpg
2175,Renai-gokko,,れんあいごっこ,Manga,118,,2015,https://cdn.myanimelist.net/images/manga/2/152046l.jpg
2175,Sankaku Yanemachi Apartment,,さんかく屋根街アパート,Manga,118,,2015,https://cdn.myanimelist.net/images/manga/1/185439l.jpg
2175,Satsu Recruit,,サツリクルート,Manga,118,,2015,https://cdn.myanimelist.net/images/manga/3/204435l.jpg
2180,Boshi Soukan Danchi: 101-goushitsu Kangofu Mama,,母子相姦団地〜101号室看護婦ママ〜,One-shot,117,,2015,https://cdn.myanimelist.net/images/manga/3/251536l.jpg
2180,Class Marugoto Jingai Tensei,,クラスまるごと人外転生,Light Novel,117,,2015,https://cdn.myanimelist.net/images/manga/2/167863l.jpg
2180,Kanojo to Kanojo no Shitagi Jijou.,,姉〈かのじょ〉と妹〈カノジョ〉の下着事情。,Light Novel,117,,2015,https://cdn.myanimelist.net/images/manga/1/162834l.jpg
2180,Ken to Mahou no Fantasy,,犬と魔法のファンタジー,Light Novel,117,,2015,https://cdn.myanimelist.net/images/manga/2/159842l.jpg
2180,Kozukuri Children,Child Making Child,仔づくりチルドレン,Manga,117,,2015,https://cdn.myanimelist.net/images/manga/1/237813l.jpg
2180,Mannaka♥Namaiki,,まんナカ♥なまイキ,Manga,117,,2015,https://cdn.myanimelist.net/images/manga/3/203545l.jpg
2180,Shiawase Afro Tanaka,,しあわせアフロ田中,Manga,117,,2015,https://cdn.myanimelist.net/images/manga/3/207884l.jpg
2180,Suki ni Tsukatte Ii yo,You can make love and fall in love.,好きに使っていいよ,Manga,117,,2015,https://cdn.myanimelist.net/images/manga/3/203577l.jpg
2180,Tairiku Eiyuu Senki,Legend of the Continental Heros,大陸英雄戦記,Light Novel,117,,2015,https://cdn.myanimelist.net/images/manga/1/166562l.jpg
2189,HaHa,,HaHa,Manga,116,,2015,https://cdn.myanimelist.net/images/manga/1/171864l.jpg
2189,Heavy Object EX: Gunshin Taguru Sanshimai,,ヘヴィーオブジェクトEX 軍神手繰る三姉妹,Light Novel,116,,2015,https://cdn.myanimelist.net/images/manga/2/255732l.jpg
2191,Ahiru no Ballet,,アヒルのバレエ,Manga,115,,2015,https://cdn.myanimelist.net/images/manga/3/164804l.jpg
2191,Dokuritsu Gakuen Kokka no Heroic Slayer,,独立学園国家の召喚術科生〈ヒロイックスレイヤー〉,Light Novel,115,,2015,https://cdn.myanimelist.net/images/manga/2/176342l.jpg
2191,Douzaki Kachou wa Hameraretai,Manager Douzaki Wants to Be Screwed,同崎課長はハメられたい,Manga,115,,2015,https://cdn.myanimelist.net/images/manga/2/265899l.jpg
2191,Hi♥Lite,,HI♥LITE,One-shot,115,,2015,https://cdn.myanimelist.net/images/manga/2/169946l.jpg
2191,"Karasu to Kuma, Soshite Sakana.",The little crow and the bear and the sweetfish.,カラスと熊そしてサカナ,Manga,115,,2015,https://cdn.myanimelist.net/images/manga/1/224813l.jpg
2191,Lolipism,,ロリピズム,Manga,115,,2015,https://cdn.myanimelist.net/images/manga/2/244124l.jpg
2191,Magaku no Haou to Kahou no Juuhime,,魔学の覇王と科法の銃姫,Light Novel,115,,2015,https://cdn.myanimelist.net/images/manga/2/177002l.jpg
2191,Nekoze ga Nobitara,,猫背が伸びたら,Manga,115,,2015,https://cdn.myanimelist.net/images/manga/2/301808l.jpg
2191,Otoko no Ko Onnanoko,,おとこのこおんなのこ,One-shot,115,,2015,https://cdn.myanimelist.net/images/manga/1/161393l.jpg
2191,Sonic Girl,,ソニックガール,Doujinshi,115,,2015,https://cdn.myanimelist.net/images/manga/3/189962l.jpg
2191,Toukei Deathtopia: Owaranu Shouwa no Ayakashi Kitan,,東亰ですとぴあ 〜終わらぬ昭和のあやかし奇譚〜,Light Novel,115,,2015,https://cdn.myanimelist.net/images/manga/1/178463l.jpg
2202,Bokutachi no Hyakumonogatari,,僕たちの百物語,One-shot,114,,2015,https://cdn.myanimelist.net/images/manga/1/164834l.jpg
2202,Gakunen Top no Ojousama ga 1-nen de Hensachi wo 40 Sagete Gal ni Natteita Hanashi,,学年トップのお嬢様が1年で偏差値を40下げてギャルになっていた話,Light Novel,114,,2015,https://cdn.myanimelist.net/images/manga/3/167100l.jpg
2202,Isekai de Haramase Harem wo Tsukurou!,,異世界で孕ませハーレムをつくろう!,Light Novel,114,,2015,https://cdn.myanimelist.net/images/manga/3/165834l.jpg
2202,"Kashidashi Tsuma, Marina no ""Netorase"" Houkoku: Binkan Tsuma to Zetsurin Daigakusei",,"貸し出し妻、満里奈の""ネトラセ""報告 敏感妻と絶倫大学生",Light Novel,114,,2015,https://cdn.myanimelist.net/images/manga/2/168150l.jpg
2202,Konda Teru no Gouhou Recipe,Teru Konda's Legal Recipes,紺田照の合法レシピ,Manga,114,,2015,https://cdn.myanimelist.net/images/manga/1/204923l.jpg
2202,Kuwasemono to Koi,I Fall in Love to the Scammer,くわせ者と恋,Manga,114,,2015,https://cdn.myanimelist.net/images/manga/2/193961l.jpg
2202,Nama-Iki Ecchi ja Dame desu ka?,,なまイキえっちじゃダメですか？,Manga,114,,2015,https://cdn.myanimelist.net/images/manga/1/197106l.jpg
2202,Reverse Twins,,リバースツインズ,Light Novel,114,,2015,https://cdn.myanimelist.net/images/manga/1/160934l.jpg
2202,Sayonara Nocturne,,さよならノクターン,Manga,114,,2015,https://cdn.myanimelist.net/images/manga/3/173439l.jpg
2202,Tokio to Nanami,,トキオトナナミ,Manga,114,,2015,https://cdn.myanimelist.net/images/manga/1/188583l.jpg
2212,Idainaru Daigensui no Tenshin,The Great Marshal's Turnover,偉大なる大元帥の転身,Light Novel,113,,2015,https://cdn.myanimelist.net/images/manga/2/164592l.jpg
2212,Joushitsu na Otoko to H,Sex with a High-grade Man,上質な男とH,Manga,113,,2015,https://cdn.myanimelist.net/images/manga/2/287122l.jpg
2212,Naimitsu,,ないみつ,Manga,113,,2015,https://cdn.myanimelist.net/images/manga/1/247526l.jpg
2212,Tensozoro,,天そぞろ,Manga,113,,2015,https://cdn.myanimelist.net/images/manga/3/240239l.jpg
2212,"Watashi to Koneko to, Tokidoki, Kimi to.",,私と仔猫と、ときどき、君と。,Manga,113,,2015,https://cdn.myanimelist.net/images/manga/2/178392l.jpg
2217,Ikkitousen Will Drive,Radical over speed will drive!,一騎当戦ウィルドライヴ,Light Novel,112,,2015,https://cdn.myanimelist.net/images/manga/1/160666l.jpg
2217,Keishichou Battou-ka,,警視庁抜刀課,Manga,112,,2015,https://cdn.myanimelist.net/images/manga/3/171631l.jpg
2217,Maken no Gunshi to Arks Legion,The Odysseus of Magic Sword and Arks Legion,魔剣の軍師と虹の兵団〈アルクス・レギオン〉,Light Novel,112,,2015,https://cdn.myanimelist.net/images/manga/1/177040l.jpg
2217,Makumakuran Hakase no Kiken na Oyuugi,Dr. Makumakuran and Other Stories,マクマクラン博士の危険なお遊戯,Manga,112,,2015,https://cdn.myanimelist.net/images/manga/3/169579l.jpg
2217,Ore ga♀de Kanojo ga♂ni!? Kiyowa Bishounen to Kanpeki Bishoujo ga Change!,,俺が♀で彼女が♂に！？気弱美少年と完璧美少女がChange！,Light Novel,112,,2015,https://cdn.myanimelist.net/images/manga/2/166090l.jpg
2217,Otoko no Ko Milkshake,,男の娘ミルクせーき,Manga,112,,2015,https://cdn.myanimelist.net/images/manga/1/160426l.jpg
2217,Tsugounoii Kankei kara Hajimaru Isekai Harem,,都合のいい関係から始まる異世界ハーレム,Light Novel,112,,2015,https://cdn.myanimelist.net/images/manga/1/162247l.jpg
2217,Tsuiraku Jinsei: Seiso Ojousama no Yakukime Takobeya Baishun Life,,墜落人生～清楚お嬢様のヤクキメタコ部屋売春ライフ～,Light Novel,112,,2015,https://cdn.myanimelist.net/images/manga/3/158947l.jpg
2225,3-nen Rule,,三年ルール,Doujinshi,111,,2015,https://cdn.myanimelist.net/images/manga/1/168908l.jpg
2225,Hatsujou Switch wa Mujikaku de,,発情スイッチは無自覚で,One-shot,111,,2015,https://cdn.myanimelist.net/images/manga/3/192750l.jpg
2225,Kaidan BL,,怪談BL,Manga,111,,2015,https://cdn.myanimelist.net/images/manga/3/238600l.jpg
2225,Mon♥Musu Honey,,モン♥娘HONEY,Manga,111,,2015,https://cdn.myanimelist.net/images/manga/1/243653l.jpg
2225,Netorare Minoru,,ネトラレミノル,Manga,111,,2015,https://cdn.myanimelist.net/images/manga/3/179103l.jpg
2225,Ore wa Ryouri to Kaji de Maou wo Honenuki ni Suru: Isekai kara Hajimaru Shufu Musou,,俺は料理と家事で魔王を骨抜きにする ～異世界から始まる主夫無双～,Light Novel,111,,2015,https://cdn.myanimelist.net/images/manga/1/163626l.jpg
2225,See You at the Crosswalk,See You at the Crosswalk,건널목에서 만나요,Manhwa,111,,2015,https://cdn.myanimelist.net/images/manga/1/268434l.jpg
2225,Sekiguchi Tsubaki wa Warawanai,Sekiguchi Tsubaki Doesn't Smile,関口つばきは笑わない,One-shot,111,,2015,https://cdn.myanimelist.net/images/manga/3/161960l.jpg
2225,Shoujo mo Shojo mo Shoujo no Uchi,,しょうじょもしょじょもしょじょのうち,Manga,111,,2015,https://cdn.myanimelist.net/images/manga/3/198356l.jpg
2234,Aka to Kuro no Nali Knights Series,,赤と黒の針騎士〈ナーリ・ナイツ〉シリーズ,Light Novel,110,,2015,https://cdn.myanimelist.net/images/manga/3/167630l.jpg
2234,Girl Versus Girl!,,ガール・バースス・ガール!,One-shot,110,,2015,https://cdn.myanimelist.net/images/manga/2/167930l.jpg
2234,Hagure Makenshi to Kyoumei Shoujotai,,はぐれ魔剣士と共鳴少女隊,Light Novel,110,,2015,https://cdn.myanimelist.net/images/manga/1/176516l.jpg
2234,"Kare no Hatsukoi wa, Doku ka Aruiwa.","His First Love, Poison Or.",彼の初恋は、毒か或いは。,Manga,110,,2015,https://cdn.myanimelist.net/images/manga/3/233925l.jpg
2234,Kimomen demo Kyokon nara School Caste no Chouten ni Tateru!?,,キモメンでも巨根ならスクールカーストの頂点に立てる！？,Light Novel,110,,2015,https://cdn.myanimelist.net/images/manga/3/169421l.jpg
2234,Kurai Chikamichi,,暗いチカミチ,Doujinshi,110,,2015,https://cdn.myanimelist.net/images/manga/2/189316l.jpg
2234,Mesujiru Shibori Nama!,,牝汁搾り 生っ！,Manga,110,,2015,https://cdn.myanimelist.net/images/manga/3/243963l.jpg
2234,Paranoma,,ぱらのま,Manga,110,,2015,https://cdn.myanimelist.net/images/manga/2/225089l.jpg
2242,4-banme no Iinazuke Kouho,,4番目の許婚候補,Manga,109,,2015,https://cdn.myanimelist.net/images/manga/2/249728l.jpg
2242,"Akuma no Pen de Sukihoudai! Target wa Osananajimi, Onna Kyoushi, Seitokaichou, Bijin Rijichou",,悪魔のペンで好き放題! ターゲットは幼なじみ、女教師、生徒会長、美人理事長,Light Novel,109,,2015,https://cdn.myanimelist.net/images/manga/3/169455l.jpg
2242,Hidoi Koto Shinaide,,ひどいことしないで,Manga,109,,2015,https://cdn.myanimelist.net/images/manga/1/199154l.jpg
2242,Houshin Engi,Chinese Romance,封神演戯,Light Novel,109,,2015,https://cdn.myanimelist.net/images/manga/2/176572l.jpg
2242,Kakehiki no Inside Bet,,駆け引きのインサイド・ベット,Light Novel,109,,2015,https://cdn.myanimelist.net/images/manga/3/165894l.jpg
2242,Kataomoi Limited,Unrequited Love Limited,片思いリミテッド,Manga,109,,2015,https://cdn.myanimelist.net/images/manga/2/269009l.jpg
2242,Kimomen demo Kyokon nara Mizugi Gal to Riajuu na Natsu ga Sugoseru!,,キモメンでも巨根なら水着ギャルとリア充な夏がすごせる！,Light Novel,109,,2015,https://cdn.myanimelist.net/images/manga/2/170184l.jpg
2242,Koubi no Jikan,Time of the copulation,交尾の時間,Manga,109,,2015,https://cdn.myanimelist.net/images/manga/3/228094l.jpg
2242,Kyuuai Shoujo,,求愛少女,Manga,109,,2015,https://cdn.myanimelist.net/images/manga/1/197105l.jpg
2242,Oshikake Shoujo,,おしかけ少女,Doujinshi,109,,2015,https://cdn.myanimelist.net/images/manga/3/190930l.jpg
2242,Saiyaku Sensen no Overload,Overload of Disaster Front,災厄戦線のオーバーロード,Light Novel,109,,2015,https://cdn.myanimelist.net/images/manga/2/177409l.jpg
2242,Sasaki-san to Miyamoto-kun,,佐々木さんと宮本くん,Manga,109,,2015,https://cdn.myanimelist.net/images/manga/3/178391l.jpg
2242,Shoujo Keiji Alice,,少女刑事アリス,Manga,109,,2015,https://cdn.myanimelist.net/images/manga/1/178302l.jpg
2242,Sono Mugen no Saki e,Over The Infinite,その無限の先へ,Light Novel,109,,2015,https://cdn.myanimelist.net/images/manga/1/164871l.jpg
2242,Tarou to Tayura,,多朗と多由良,Manga,109,,2015,https://cdn.myanimelist.net/images/manga/3/173732l.jpg
2257,(Hawawa!) Ikemen-san ni Kyuuai sarechaimashita!,Hawawa! The Good Looking Guy Love Me!,（はわわっ）イケメンさんに求愛されちゃいました！,Manga,108,,2015,https://cdn.myanimelist.net/images/manga/1/235147l.jpg
2257,Chotto Mate Yakyuubu! Kenritsu Shingen Koukou Yakyuubu no Nichijou,,ちょっとまて野球部！－県立神弦高校野球部の日常－,Manga,108,,2015,https://cdn.myanimelist.net/images/manga/3/194482l.jpg
2257,Hatred,,HATRED,Manga,108,,2015,https://cdn.myanimelist.net/images/manga/3/175308l.jpg
2257,K-sensei no Himitsu no Netsujou,,K先生の秘密の熱情,Manga,108,,2015,https://cdn.myanimelist.net/images/manga/3/255648l.jpg
2257,Kanzen Jikan Teishi: Muriyari Jikan wo Tomerareta Sekai de Hamerareru Onna-tachi,,完全時間停止～無理やり時間を止められた世界でハメられる女たち～,Light Novel,108,,2015,https://cdn.myanimelist.net/images/manga/3/167138l.jpg
2257,Lilith no Yasashii Parade,Last flowers for Lilith,魔女〈リリス〉のやさしい葬列〈パレード〉,Manga,108,,2015,https://cdn.myanimelist.net/images/manga/3/160098l.jpg
2257,Ojou to Shinonome,,お嬢と東雲,Manga,108,,2015,https://cdn.myanimelist.net/images/manga/1/205473l.jpg
2257,Okusama no Inkou Settai,,奥様の淫交接待,One-shot,108,,2015,https://cdn.myanimelist.net/images/manga/1/160341l.jpg
2257,Tensei shitara Koji ni Natta! Mamono ni Sodaterareta Mamonotsukai (Kenshi),,転生したら孤児になった! 魔物に育てられた魔物使い(剣士),Light Novel,108,,2015,https://cdn.myanimelist.net/images/manga/2/177816l.jpg
2257,"Tsurugi to Mahou no Sekai desu ga, Ore no Kikai Heiki wa Kyou mo Muteki desu.",,剣と魔法の世界ですが、俺の機械兵器は今日も無敵です。,Light Novel,108,,2015,https://cdn.myanimelist.net/images/manga/1/165731l.jpg
2267,Ai to Iu Na no Moto ni,Unwanted Wedding,愛という名のもとに,Manga,107,,2015,https://cdn.myanimelist.net/images/manga/3/225649l.jpg
2267,Bon no Kuni,,盆の国,Manga,107,,2015,https://cdn.myanimelist.net/images/manga/3/231254l.jpg
2267,Carbonator,,カーボネーター,One-shot,107,,2015,https://cdn.myanimelist.net/images/manga/2/230251l.jpg
2267,"Cheat na Maou no Douguya wa, Kyou mo Baito ga Hatarakanai!?",,チートな魔王の道具屋は、今日もJKJC〈バイト〉が働かない!?,Light Novel,107,,2015,https://cdn.myanimelist.net/images/manga/1/162090l.jpg
2267,Harapeko Sweets!,,腹ペコスイーツ!,One-shot,107,,2015,https://cdn.myanimelist.net/images/manga/1/164044l.jpg
2267,Junjou Bitch Harem,Innocent Bitch Harem,純情ビッチハーレム,Manga,107,,2015,https://cdn.myanimelist.net/images/manga/2/256763l.jpg
2267,Keysar;Blades,,ケイサル;ブレイズ,Light Novel,107,,2015,https://cdn.myanimelist.net/images/manga/3/159352l.jpg
2267,Manguri♥Goshigoshi,,まんぐり♥ごしごし,Manga,107,,2015,https://cdn.myanimelist.net/images/manga/3/191468l.jpg
2267,Maou Install,Install the Devil,魔王インストール,Manga,107,,2015,https://cdn.myanimelist.net/images/manga/3/179092l.jpg
2267,Naked Sweets,,ネイキッドスイーツ,Manga,107,,2015,https://cdn.myanimelist.net/images/manga/2/285411l.jpg
2267,Nitta-kun Chuuihou,,新田くん注意報,Manga,107,,2015,https://cdn.myanimelist.net/images/manga/3/282989l.jpg
2267,Ohayou kara Oyasumi made,Good Morning→Good Night,おはようから おやすみまで,Manga,107,,2015,https://cdn.myanimelist.net/images/manga/2/191439l.jpg
2267,Saitai Shucchou,,妻体出張,One-shot,107,,2015,https://cdn.myanimelist.net/images/manga/1/285549l.jpg
2267,Sexual Urge!,Sexual Urge!,せくしゃら～じっ!,One-shot,107,,2015,https://cdn.myanimelist.net/images/manga/3/237857l.jpg
2267,Watashi no Oshikko Fubunritsu: Shousui Awaremi no Rei Hakusho,,私のおしっこ不文律～小水憐れみの令白書～,Manga,107,,2015,https://cdn.myanimelist.net/images/manga/2/177604l.jpg
2282,Amadeus Code,,アマデウスコード,Manga,106,,2015,https://cdn.myanimelist.net/images/manga/1/147845l.jpg
2282,Daigo Tokusou,,第伍特捜,Manga,106,,2015,https://cdn.myanimelist.net/images/manga/3/166193l.jpg
2282,Haremono Mizufuusen,,はれもの水風船,Manga,106,,2015,https://cdn.myanimelist.net/images/manga/1/183397l.jpg
2282,Kaineko no Ubaikata,How to Steal a House Cat,飼い猫の奪い方,Manga,106,,2015,https://cdn.myanimelist.net/images/manga/3/254456l.jpg
2282,Mangaka Tantei Hiyoko,Cartoonist & Detective Hiyoko,漫画家探偵ひよこ,Manga,106,,2015,https://cdn.myanimelist.net/images/manga/3/161653l.jpg
2282,Marimari Marigold,,まりまりマリーゴールド,Manga,106,,2015,https://cdn.myanimelist.net/images/manga/3/165908l.jpg
2282,Miko-teki Renai no Susume,,巫女的恋愛ノススメ,Manga,106,,2015,https://cdn.myanimelist.net/images/manga/2/199482l.jpg
2282,Mucchiri Gyakure,,ムッチリ逆レ,Manga,106,,2015,https://cdn.myanimelist.net/images/manga/2/250577l.jpg
2282,Rikai Dekinai Kare to no Koto,What I Don't Understand About Him,理解できない彼との事,Manga,106,,2015,https://cdn.myanimelist.net/images/manga/2/254365l.jpg
2282,Sono Shimai wa Tabun Koisuru Ashi nano da,,その姉妹はたぶん恋する葦なのだ,Manga,106,,2015,https://cdn.myanimelist.net/images/manga/2/176728l.jpg
2282,Standard Heroes,,표준규격전사,Manhwa,106,,2015,https://cdn.myanimelist.net/images/manga/1/265223l.jpg
2282,Tate no Koujo to Ken no Douke,,紅盾〈たて〉の皇女と剣の道化,Light Novel,106,,2015,https://cdn.myanimelist.net/images/manga/3/156687l.jpg
2282,Youmuin-san wa Yuusha ja Arimasen node,,用務員さんは勇者じゃありませんので,Light Novel,106,,2015,https://cdn.myanimelist.net/images/manga/1/215309l.jpg
2295,9-banme no Musashi: Silent Black,,9番目のムサシ サイレント ブラック,Manga,105,,2015,https://cdn.myanimelist.net/images/manga/3/190182l.jpg
2295,Boku wo Suki ni Natte Kudasai,,僕をスキになってください,Manga,105,,2015,https://cdn.myanimelist.net/images/manga/1/246025l.jpg
2295,Ejipuri!,,えじぷり!,Manga,105,,2015,https://cdn.myanimelist.net/images/manga/3/283144l.jpg
2295,Futsuu no Kankei,Normal Relationship,フツウの関係,One-shot,105,,2015,https://cdn.myanimelist.net/images/manga/3/237856l.jpg
2295,Imakara Atashi...... Kowasaremasu.,,今からアタシ……調教〈コワ〉されます。,Light Novel,105,,2015,https://cdn.myanimelist.net/images/manga/2/167942l.jpg
2295,Isekai ni Tensei shita Ore wa Zettai Junshu no Chikara de Maou Houou Yuusha to Harem Sekai Touitsu!,,異世界に転生した俺は絶対順守の力で魔王・法王・勇者とハーレム世界統一!,Light Novel,105,,2015,https://cdn.myanimelist.net/images/manga/3/166324l.jpg
2295,Joou Heika no Hokyuusen,Queen's Logistics,女王陛下の補給線,Manga,105,,2015,https://cdn.myanimelist.net/images/manga/3/186855l.jpg
2295,Mahou Jika Hatsuden,My Private Magic Generator,魔法自家発電,Manga,105,,2015,https://cdn.myanimelist.net/images/manga/1/162237l.jpg
2295,"Ore no Love Comedy Heroine wa, Pantsu ga Hakenai.",,オレのラブコメヒロインは、パンツがはけない。,Light Novel,105,,2015,https://cdn.myanimelist.net/images/manga/1/199941l.jpg
2295,Saisho no Seifuku,,最初ノ制服,One-shot,105,,2015,https://cdn.myanimelist.net/images/manga/3/160412l.jpg
2295,Shinjuiro no Zanzou: Kazoku ga Neshizumatta Ato de,,真珠色の残像～家族が寝静まった後で～,Manga,105,,2015,https://cdn.myanimelist.net/images/manga/3/291674l.jpg
2295,Suki Suki Daisuki,,すきすき大好き,Doujinshi,105,,2015,https://cdn.myanimelist.net/images/manga/2/190862l.jpg
2295,Yuminari,The Bow,ゆみなり,Manga,105,,2015,https://cdn.myanimelist.net/images/manga/1/235880l.jpg
2308,Bishoujo Senshi Datta Hito.,"Once a Pretty Soldier, Now a Worker.",美少女戦士だった人。,Manga,104,,2015,https://cdn.myanimelist.net/images/manga/3/230703l.jpg
2308,Dekai Chichi Dakara tte Choushi ni Notteiru Onna wo Seiyoku Shori ni Tsukau Koto ni Shita,,でかい乳だからって調子に乗っている女を性欲処理に使うことにした,Light Novel,104,,2015,https://cdn.myanimelist.net/images/manga/3/168375l.jpg
2308,Himitsu no Hakoniwa,Tracing His Silhouette,ひみつの箱庭,Manga,104,,2015,https://cdn.myanimelist.net/images/manga/1/277669l.jpg
2308,Ingoku no Kyotou: Kemono-tachi no Kyouen,,淫獄の巨塔～獣たちの叫宴～,Manga,104,,2015,https://cdn.myanimelist.net/images/manga/2/194252l.jpg
2308,Neko Nante Itsumo Kimagure,The Cat Is Always Capricious,ネコなんていつも気まぐれ,Manga,104,,2015,https://cdn.myanimelist.net/images/manga/3/253979l.jpg
2308,Salaryman Kintarou: 50-sai,,サラリーマン金太郎 五十歳,Manga,104,,2015,https://cdn.myanimelist.net/images/manga/1/176553l.jpg
2308,Shimashima Lion,,しましまライオン,Manga,104,,2015,https://cdn.myanimelist.net/images/manga/1/235792l.jpg
2308,Subliminal Rape,,サブリミナル・レイプ,One-shot,104,,2015,https://cdn.myanimelist.net/images/manga/2/160325l.jpg
2316,Ari Jigoku,,蟻地獄,Manga,103,,2015,https://cdn.myanimelist.net/images/manga/1/203683l.jpg
2316,Coffee-ten Talleyrand no Jikenbo,,珈琲店タレーランの事件簿,Manga,103,,2015,https://cdn.myanimelist.net/images/manga/3/162051l.jpg
2316,Kyousei Chijoku Sousa: Roshutsu Iinchou Saotome Miki to Roshutsu Osananajimi Tachibana Yukina,,強制恥辱操作 露出委員長・早乙女美姫と露出幼なじみ・橘雪奈,Light Novel,103,,2015,https://cdn.myanimelist.net/images/manga/1/164988l.jpg
2316,Namaiki Do S Doll,super sadistic doll,生意気ドSドール,Manga,103,,2015,https://cdn.myanimelist.net/images/manga/2/230775l.jpg
2316,Onnanoko wa Sono Yubi no Ugoki ni Yowai n desu,,女のコはその指の動きに弱いんです,Manga,103,,2015,https://cdn.myanimelist.net/images/manga/3/245863l.jpg
2316,Ore no Kanojo wa Sekai Isan,My Girlfriend is World Heritage,俺の彼女は世界遺産,Light Novel,103,,2015,https://cdn.myanimelist.net/images/manga/2/160888l.jpg
2316,ReaJuu Bishoujo-tachi wo Haramase Ninshin!,,リア充美少女たちを孕ませ妊娠！,Manga,103,,2015,https://cdn.myanimelist.net/images/manga/2/155779l.jpg
2316,Y no Hakobune,,Yの箱船,Manga,103,,2015,https://cdn.myanimelist.net/images/manga/2/227146l.jpg
2316,Yuri no Kishi to Bara no Hime,,百合の騎士と薔薇の姫,Light Novel,103,,2015,https://cdn.myanimelist.net/images/manga/1/162062l.jpg
2316,Yuri-iro Alice to Shiro Usagi,,百合色アリスと白ウサギ,Light Novel,103,,2015,https://cdn.myanimelist.net/images/manga/2/158705l.jpg
2316,Yuutousei no Kusaka-san,,優等生の久坂さん,One-shot,103,,2015,https://cdn.myanimelist.net/images/manga/2/158894l.jpg
2327,"Ane to Princess wa Kirawaretakunai.: Ore no Love Comedy 18-kin Flag, Matashitemo Kanri Dekizu",,姉とプリンセスは嫌われたくない。 －俺のラブコメ18禁フラグ、またしても管理できず－,Light Novel,102,,2015,https://cdn.myanimelist.net/images/manga/1/167139l.jpg
2327,Arata naru Teki Hajimemashita,Started a new enemy,新たなる敵 はじめました,Light Novel,102,,2015,https://cdn.myanimelist.net/images/manga/3/176147l.jpg
2327,Cheat dakedo Yadoya Hajimemashita.,,チートだけど宿屋はじめました。,Light Novel,102,,2015,https://cdn.myanimelist.net/images/manga/3/201101l.jpg
2327,Dorobou Neko ni wa Nusumenai,,泥棒猫には盗めない,Manga,102,,2015,https://cdn.myanimelist.net/images/manga/1/289525l.jpg
2327,Hajimete no Seifuku,,初めての制服,Doujinshi,102,,2015,https://cdn.myanimelist.net/images/manga/1/190931l.jpg
2327,Hajimete no Yakusoku,,はじめての約束,One-shot,102,,2015,https://cdn.myanimelist.net/images/manga/1/166427l.jpg
2327,"Onna Kishi, Keiri ni Naru.",,女騎士、経理になる。,Manga,102,,2015,https://cdn.myanimelist.net/images/manga/2/173823l.jpg
2327,Sakuranbocchi,,サクランボッチ,Manga,102,,2015,https://cdn.myanimelist.net/images/manga/1/314872l.jpg
2327,Shounen x Shoujo Shousetsuka: Danshi Koukousei no Kakushigoto,,少年×少女小説家 男子高校生のかくシごと,Manga,102,,2015,https://cdn.myanimelist.net/images/manga/2/168235l.jpg
2327,Yuuraku-chou Obake Dagashiya,,幽落町おばけ駄菓子屋,Manga,102,,2015,https://cdn.myanimelist.net/images/manga/1/222206l.jpg
2337,Christina Senki: Houshi no Himekishi to Kokkyou no Shounin,,クリスティナ戦記 奉仕の姫騎士と国境の商人,Light Novel,101,,2015,https://cdn.myanimelist.net/images/manga/2/163358l.jpg
2337,Inochigake no Game ni Makikomareta node Kirai na Yatsu wo Norinori de Katappashi kara Koroshiteyaru Koto ni Shita,,命がけのゲームに巻き込まれたので嫌いな奴をノリノリで片っ端から殺してやることにした,Light Novel,101,,2015,https://cdn.myanimelist.net/images/manga/1/167865l.jpg
2337,Isekai no Ou ni Natte Ohimesama Harem! Subete no Onna wa Ore no Mono!,,異世界の王になってお姫さまハーレム！～すべての女は俺のもの！～,Light Novel,101,,2015,https://cdn.myanimelist.net/images/manga/2/158211l.jpg
2337,Nisekoi Kareshi wa Junkyouju!?,,偽恋カレシは准教授?!,Light Novel,101,,2015,https://cdn.myanimelist.net/images/manga/2/194367l.jpg
2337,Otomurai-san,,おとむらいさん,Manga,101,,2015,https://cdn.myanimelist.net/images/manga/3/200578l.jpg
2337,Seifuku Otome Sou,,制服乙女想,Manga,101,,2015,https://cdn.myanimelist.net/images/manga/3/244806l.jpg
2337,Smartphone♥Kareshi,,スマホ♥彼氏,One-shot,101,,2015,https://cdn.myanimelist.net/images/manga/1/238966l.jpg
2337,Tensei! Isekai yori Ai wo Komete,,転生！異世界より愛をこめて,Light Novel,101,,2015,https://cdn.myanimelist.net/images/manga/3/159206l.jpg
2337,Yotsuya Kaidan!,,四谷快談!,Manga,101,,2015,https://cdn.myanimelist.net/images/manga/2/296055l.jpg
2346,Akaname DeliHeal,,AKANAME デリヘル,One-shot,100,,2015,https://cdn.myanimelist.net/images/manga/3/242616l.jpg
2346,Artemisia no Gourmet Vamp,,アルテミジアの嗜血礼賛〈グルメ・ヴァンプ〉,Light Novel,100,,2015,https://cdn.myanimelist.net/images/manga/3/164198l.jpg
2346,Isekai Majutsushi no Harem Musou,,異世界魔術師のハーレム無双,Light Novel,100,,2015,https://cdn.myanimelist.net/images/manga/3/167938l.jpg
2346,Kimusume Renai Kinshirei,,鬼娘恋愛禁止令,Manga,100,,2015,https://cdn.myanimelist.net/images/manga/2/175718l.jpg
2346,Oreta Seiken to Teikan no Kenki,,折れた聖剣と帝冠の剣姫,Light Novel,100,,2015,https://cdn.myanimelist.net/images/manga/1/171105l.jpg
2346,Oyako Sankan,,母娘惨姦,Manga,100,,2015,https://cdn.myanimelist.net/images/manga/1/210671l.jpg
2346,Sugoi Hitozuma,,すごい人妻,Doujinshi,100,,2015,https://cdn.myanimelist.net/images/manga/1/199701l.jpg
2346,Sumedo Jigoku no Inferno,,住めど地獄のインフェルノ,Manga,100,,2015,https://cdn.myanimelist.net/images/manga/1/168918l.jpg
2354,Boku mo Sekai mo Shinitakunai no ni,,ボクも世界も死にたくないのに,Light Novel,99,,2015,https://cdn.myanimelist.net/images/manga/3/167074l.jpg
2354,Jingi Soukoku no Aion,,神器繰刻のアイオーン,Light Novel,99,,2015,https://cdn.myanimelist.net/images/manga/2/167729l.jpg
2354,Kanojo no Sukima wa Boku no Katachi,Her gap is my shape,彼女のスキマは僕のカタチ,Manga,99,,2015,https://cdn.myanimelist.net/images/manga/2/244603l.jpg
2354,Kung Fu Master,,KUNG-FU MASTER,One-shot,99,,2015,https://cdn.myanimelist.net/images/manga/2/228637l.jpg
2354,Lamperius no Kyuuketsuki,Vampire Princess of the lamperius family,ランペリウスの吸血姫,Light Novel,99,,2015,https://cdn.myanimelist.net/images/manga/3/158351l.jpg
2354,Love & Hate,,LOVE & HATE,Manga,99,,2015,https://cdn.myanimelist.net/images/manga/3/202557l.jpg
2354,Majime-kei Kuzu no Nichijou,Everyday of serious type scum,まじめ系クズの日常,Manga,99,,2015,https://cdn.myanimelist.net/images/manga/3/167501l.jpg
2354,"Motto, Ippai, Zenbu, Choudai!",,もっと、いっぱい、ぜんぶ、ちょうだい！,Manga,99,,2015,https://cdn.myanimelist.net/images/manga/1/171328l.jpg
2354,Nora Ryman to NEET Neechan,,のらりーまんとにーと姉ちゃん,One-shot,99,,2015,https://cdn.myanimelist.net/images/manga/3/238484l.jpg
2354,Saiin VR Control,,催淫VRコントロール,Manga,99,,2015,https://cdn.myanimelist.net/images/manga/1/247479l.jpg
2354,"Saikin Mote Sugite Onnanoko no Teisou ga Yurui node, Ore Konomi ni Choukyou Shitemita",,最近モテすぎて女の子の貞操がユルいので、俺好みに調教してみた,Light Novel,99,,2015,https://cdn.myanimelist.net/images/manga/3/156214l.jpg
2354,SxS Seiyaku,SxS Oath,SxS誓約,One-shot,99,,2015,https://cdn.myanimelist.net/images/manga/3/162014l.jpg
2354,Youhei Monogatari: Junsui naru Rebellion,,傭兵物語〜純粋なる叛逆者〈リベリオン〉〜,Light Novel,99,,2015,https://cdn.myanimelist.net/images/manga/1/181906l.jpg
2367,Chou Kyonyuu no Kanojo ga Ore no Kyokon ni Zettai Fukujuu de Dosukebe ni!?,,超巨乳のカノジョが俺の巨根に絶対服従でドスケベに! ?,Light Novel,98,,2015,https://cdn.myanimelist.net/images/manga/2/154608l.jpg
2367,Contrast 88,,コントラスト88,Manga,98,,2015,https://cdn.myanimelist.net/images/manga/1/181947l.jpg
2367,Damasare Spiral,,ダマサレスパイラル,Manga,98,,2015,https://cdn.myanimelist.net/images/manga/2/270613l.jpg
2367,Fushidara,,父子だら,Manga,98,,2015,https://cdn.myanimelist.net/images/manga/1/164995l.jpg
2367,Garçon,,ギャルソン,Manga,98,,2015,https://cdn.myanimelist.net/images/manga/3/225528l.jpg
2367,Gokudou wa Meganekko ga Gohoubi,Gangsters Love a Guy in Glasses,極道はめがねっコがご褒美,Manga,98,,2015,https://cdn.myanimelist.net/images/manga/3/281710l.jpg
2367,Hakoiri Oujo no Sainan Series,Misadventures of The Innocent Princess,箱入り王女の災難シリース,Light Novel,98,,2015,https://cdn.myanimelist.net/images/manga/3/157516l.jpg
2367,Hijitsuzaisei Shoujo,Nonexistent girl,非実在性少女,Manga,98,,2015,https://cdn.myanimelist.net/images/manga/1/243336l.jpg
2367,Kinryou Rock 0: Moonage Daydreams,Kinryo Rock 0: Moonage Daydream,禁猟六区 volume.0 MOONAGE DAYDREAMS,Manga,98,,2015,https://cdn.myanimelist.net/images/manga/2/292247l.jpg
2367,Kottou Kutsu Koubou Aschenputtel no Raikyakubo,,骨董靴工房アッシェンプッテルの来客簿,Light Novel,98,,2015,https://cdn.myanimelist.net/images/manga/2/171881l.jpg
2367,"Mahou Shoujo Kasumi: Monzetsu, Isekai no Futanari Jigoku",,魔法少女カスミ 悶絶、異世界のフタナリ地獄,Light Novel,98,,2015,https://cdn.myanimelist.net/images/manga/2/171074l.jpg
2367,Mononoke Banchou Muramasa,,もののけ番長ムラマサ,One-shot,98,,2015,https://cdn.myanimelist.net/images/manga/1/194864l.jpg
2367,Naka made Yasashiku Hotte,,中まで優しく掘って,Manga,98,,2015,https://cdn.myanimelist.net/images/manga/3/184709l.jpg
2367,Ohimesama mo Elf mo Maid mo Minna de Haramase Harem!!,,お姫様もエルフもメイドもみんなで孕ませハーレム! !,Light Novel,98,,2015,https://cdn.myanimelist.net/images/manga/3/169600l.jpg
2367,Part-Time Manaka-san,,パートタイム マナカさん,Manga,98,,2015,https://cdn.myanimelist.net/images/manga/1/240353l.jpg
2367,Shoujiki Baka wa Love Comedy hodo Amakunai Seishun ni Idomu,The honest person challenges it as love comedy in the youth that is not sweet,正直バカはラブコメほど甘くない青春に挑む,Light Novel,98,,2015,https://cdn.myanimelist.net/images/manga/2/167730l.jpg
2367,Shoujo Kairo,,少女回路,Manga,98,,2015,https://cdn.myanimelist.net/images/manga/2/196626l.jpg
2367,Tetsugaku-san to Kiben-kun,,哲学さんと詭弁くん,Manga,98,,2015,https://cdn.myanimelist.net/images/manga/2/192095l.jpg
2385,Chikan Yuuguu Ressha: Tanezuke Mugen Loop - Eien ni Tomaranai Gakuen Toshi Kanjousen,,痴漢優遇列車 ~種付け無限ループ 永遠に止まらない学園都市環状線~,Light Novel,97,,2015,https://cdn.myanimelist.net/images/manga/1/166059l.jpg
2385,Daseiism,,堕性イズム,Manga,97,,2015,https://cdn.myanimelist.net/images/manga/3/310844l.jpg
2385,Houkago Spats,,放課後スパッツ,One-shot,97,,2015,https://cdn.myanimelist.net/images/manga/3/160292l.jpg
2385,"Ibara Koushaku no Hanayome: Kake wo Shimashou, Danna-sama",,棘公爵の花嫁 賭けをしましょう、旦那様,Light Novel,97,,2015,https://cdn.myanimelist.net/images/manga/1/165891l.jpg
2385,Ichi kara Hajimeru Saikyou Yuusha Ikusei,,イチから始める最強勇者育成,Light Novel,97,,2015,https://cdn.myanimelist.net/images/manga/3/176585l.jpg
2385,Kohaku no Riddle,Riddle the Guardian of Amber,琥珀のRiddle,Light Novel,97,,2015,https://cdn.myanimelist.net/images/manga/1/171923l.jpg
2385,Manabi Straight! Sakra,,まなびストレート! SAKRA,Manga,97,,2015,https://cdn.myanimelist.net/images/manga/3/163938l.jpg
2385,Nisshoku Stereo Sound,,日食ステレオサウンド,One-shot,97,,2015,https://cdn.myanimelist.net/images/manga/2/297652l.jpg
2385,Otonari wa Tenshi to Akuma,"The Angel, the Devil, and Me",おとなりは天使と悪魔,Manga,97,,2015,https://cdn.myanimelist.net/images/manga/1/271755l.jpg
2385,Planet Brobdingnag,,プラネット・ブロブディンナグ,Manga,97,,2015,https://cdn.myanimelist.net/images/manga/1/181638l.jpg
2385,Riot Girl,,ライオット・ガール,Manga,97,,2015,https://cdn.myanimelist.net/images/manga/3/169983l.jpg
2385,Shiotaiou no Shiota-kun,"Super salt boy ""Shiota""!!",塩対応の塩田くん,Manga,97,,2015,https://cdn.myanimelist.net/images/manga/2/205478l.jpg
2385,Sukuwanakya Dame desu ka? Isekai,,救わなきゃダメですか? 異世界,Light Novel,97,,2015,https://cdn.myanimelist.net/images/manga/3/267299l.jpg
2385,SxS Seiyaku: Zenjitsu-hen,SxS Oath: Day Before Arc,S×S誓約～前日編～,One-shot,97,,2015,https://cdn.myanimelist.net/images/manga/1/162013l.jpg
2385,Yurizuki-kun to Yurizukizuki-kun,,百合好きくんと百合好き好きくん,Manga,97,,2015,https://cdn.myanimelist.net/images/manga/3/301238l.jpg
2400,Asgard Buou Senki,Record of Asgard Emperor War,アスガルド武皇戦記,Light Novel,96,,2015,https://cdn.myanimelist.net/images/manga/2/162432l.jpg
2400,Botsuraku Ojousama wa Iinari Maid!?,,没落お嬢様は言いなりメイド!?,Light Novel,96,,2015,https://cdn.myanimelist.net/images/manga/3/161141l.jpg
2400,Cue,,Cue,Manga,96,,2015,https://cdn.myanimelist.net/images/manga/1/174456l.jpg
2400,Dragon no Oukan,The Crown of Dragon,ドラゴンの王冠,Manga,96,,2015,https://cdn.myanimelist.net/images/manga/3/172731l.jpg
2400,Full Charge!! Kaden-chan,,フルチャージ!!家電ちゃん,Manga,96,,2015,https://cdn.myanimelist.net/images/manga/2/228173l.jpg
2400,Gendai Mahou no Iranai Majutsushi: Geboku to Ikiru Second Life,,現代魔法のいらない魔術師 下僕と生きる第二の伝説〈セカンドライフ〉,Light Novel,96,,2015,https://cdn.myanimelist.net/images/manga/1/162089l.jpg
2400,Ginen no Nanatsu Hime to Nanaka no Ouji,,銀炎の七ツ姫と七禍の王子,Light Novel,96,,2015,https://cdn.myanimelist.net/images/manga/3/164470l.jpg
2400,Inma Daikan,,淫魔墮姦,One-shot,96,,2015,https://cdn.myanimelist.net/images/manga/2/245849l.jpg
2400,Kaiane,,飼い姉,Manga,96,,2015,https://cdn.myanimelist.net/images/manga/2/180134l.jpg
2400,Katei no Jijou de Osowaretemasu,Brothers with Benefit,家庭の事情で襲われてます,Manga,96,,2015,https://cdn.myanimelist.net/images/manga/1/224932l.jpg
2400,Mitsuyaku Room Share,,密約ルームシェア,Light Novel,96,,2015,https://cdn.myanimelist.net/images/manga/1/174336l.jpg
2400,Neko Neko Nihonshi,,ねこねこ日本史,Manga,96,,2015,https://cdn.myanimelist.net/images/manga/1/171488l.jpg
2400,Onee Shikkaku: Kedamono ni Hyouhen shita Gozen 3-ji,Life with My Roomie: He Turned into a Beast at 3 A.M.,オネエ失格～ケダモノに豹変した午前3時～,Manga,96,,2015,https://cdn.myanimelist.net/images/manga/3/288603l.jpg
2400,S to S no Furachi na Doumei,,ＳとＳの不埒な同盟,Light Novel,96,,2015,https://cdn.myanimelist.net/images/manga/1/177325l.jpg
2400,Shikai Ryuuou to Kyokutou no Avalon,Shikai Ryuuou & Eastern Avalon,熾界龍皇と極東の七柱特区〈アヴァロン〉,Light Novel,96,,2015,https://cdn.myanimelist.net/images/manga/1/177611l.jpg
2400,Tanetsuke de Hame Ana Kagu ni Naru Namaiki Ojousama-tachi,,種付けでハメ穴家具になる生意気お嬢様たち,Light Novel,96,,2015,https://cdn.myanimelist.net/images/manga/2/166776l.jpg
2400,Tenjou no All-wand,,天杖のアルワンド,One-shot,96,,2015,https://cdn.myanimelist.net/images/manga/3/190880l.jpg
2400,Whip!,,ホイップ!,Manga,96,,2015,https://cdn.myanimelist.net/images/manga/3/217409l.jpg
2400,Yoi Hajime,,宵はじめ,Manga,96,,2015,https://cdn.myanimelist.net/images/manga/1/247751l.jpg
2400,Yokohama Dungeon,,横浜ダンジョン,Light Novel,96,,2015,https://cdn.myanimelist.net/images/manga/1/177950l.jpg
2400,Yorube,,依る辺,One-shot,96,,2015,https://cdn.myanimelist.net/images/manga/3/246678l.jpg
2421,Akihabara∧Denpatou,,アキハバラ∧デンパトウ,Light Novel,95,,2015,https://cdn.myanimelist.net/images/manga/1/189521l.jpg
2421,Harem Fake,,ハーレムフェイク,Light Novel,95,,2015,https://cdn.myanimelist.net/images/manga/1/165261l.jpg
2421,Harem e no Kiyoku Tadashiki Route,His noble and righteous route to the Harem,楽園〈ハレム〉への清く正しき道程〈ルート〉,Light Novel,95,,2015,https://cdn.myanimelist.net/images/manga/1/170550l.jpg
2421,Isekai Saikyou wa Ooyasan Deshita,The Owner is Strongest in the Parallel Universe,異世界最強は大家さんでした,Light Novel,95,,2015,https://cdn.myanimelist.net/images/manga/2/176665l.jpg
2421,Night King,,Night King,Manga,95,,2015,https://cdn.myanimelist.net/images/manga/2/195325l.jpg
2421,Red x F x Hood,,Red×F×Hood,One-shot,95,,2015,https://cdn.myanimelist.net/images/manga/2/203436l.jpg
2421,Senritsu no Majutsushi to Goteijuu,,戦慄の魔術師と五帝獣,Light Novel,95,,2015,https://cdn.myanimelist.net/images/manga/2/179754l.jpg
2421,Shen Zhi Xiang,Rites of Returning,神之鄉,Manhua,95,,2015,https://cdn.myanimelist.net/images/manga/3/283149l.jpg
2421,Wagamama na Ane no Fujitsu na Kajitsu,A Freewheeling Sex Life of Egoistic Sister.,わがままな姉の不実な果実,Doujinshi,95,,2015,https://cdn.myanimelist.net/images/manga/2/203783l.jpg
2430,Hangyoji,,半魚児,One-shot,94,,2015,https://cdn.myanimelist.net/images/manga/1/225784l.jpg
2430,Manga de Wakaru Hontou wa Ecchi na Butsurigaku,,マンガでわかる 本当はエッチな物理学,Manga,94,,2015,https://cdn.myanimelist.net/images/manga/3/248300l.jpg
2430,Maou to Yuusha ga Futekisetsu na Kankei.,Lucifer and the Brave in inappropriate relationship,魔王と勇者が不適切な関係。,Light Novel,94,,2015,https://cdn.myanimelist.net/images/manga/1/158170l.jpg
2430,Nanoka no Kuigami,,七日の喰い神,Light Novel,94,,2015,https://cdn.myanimelist.net/images/manga/1/164329l.jpg
2430,Sekai Saikyou wa Kazoku to Nakayoku Dekasegichuu!,,世界最強は家族と仲良く出稼ぎ中!,Light Novel,94,,2015,https://cdn.myanimelist.net/images/manga/2/167731l.jpg
2435,Hidarikiki Datta kara Isekai ni Tsureteikareta,,左利きだったから異世界に連れて行かれた,Light Novel,93,,2015,https://cdn.myanimelist.net/images/manga/3/167556l.jpg
2435,Isekai de Bishoujo ni Tanetsuke wo Suru Onnanoko Bokujou no Kanrinin ni Narimashita,Onnanoko farm in the different world,異世界で美少女に種付けをする女の子牧場の管理人になりました,Light Novel,93,,2015,https://cdn.myanimelist.net/images/manga/2/169006l.jpg
2435,Kiritani-san Cho! Sore Kuunsuka!?,,桐谷さん ちょっそれ食うんすか!?,Manga,93,,2015,https://cdn.myanimelist.net/images/manga/2/202751l.jpg
2435,Love Word,Sex Word,ラブワード,One-shot,93,,2015,https://cdn.myanimelist.net/images/manga/3/166123l.jpg
2435,Marunouchi of the Dead,,丸ノ内 OF THE DEAD,Light Novel,93,,2015,https://cdn.myanimelist.net/images/manga/1/152619l.jpg
2435,Ookami Tantei to Nekomimi Joshu,,狼探偵とネコミミ助手,Light Novel,93,,2015,https://cdn.myanimelist.net/images/manga/1/156959l.jpg
2435,Yamegoku: Yakuza Yamete Itadakimasu,,ヤメゴク～ヤクザやめて頂きます～,Manga,93,,2015,https://cdn.myanimelist.net/images/manga/1/157977l.jpg
2442,Anegurui♥,,姉ぐるい♥,Manga,92,,2015,https://cdn.myanimelist.net/images/manga/1/273339l.jpg
2442,Ba Ma Laizi Er Ciyuan,Otaku's Offspring,爸妈来自二次元,Manhua,92,,2015,https://cdn.myanimelist.net/images/manga/2/322497l.jpg
2442,Dahlia,,DAHLIA,Manga,92,,2015,https://cdn.myanimelist.net/images/manga/1/176806l.jpg
2442,Denpa na Megami no Iru Nichijou,,電波な女神のいる日常,Light Novel,92,,2015,https://cdn.myanimelist.net/images/manga/2/158454l.jpg
2442,Glass Top!,,ぐらすとっぷ！,Manga,92,,2015,https://cdn.myanimelist.net/images/manga/1/258236l.jpg
2442,Isekai Harem ga Ore ni Kyuukyoku no Sentaku wo Semattekita,,異世界ハーレムが俺に究極の選択を迫ってきた,Light Novel,92,,2015,https://cdn.myanimelist.net/images/manga/1/162841l.jpg
2442,Okaasan (10-sai) to Boku.,My Mother Is 10 Years Old.,おかあさん（10さい）と僕。,Manga,92,,2015,https://cdn.myanimelist.net/images/manga/3/311439l.jpg
2442,Shinshi na Orc wo Mezashimasu,,紳士なオークを目指します,Light Novel,92,,2015,https://cdn.myanimelist.net/images/manga/1/169029l.jpg
2442,Shitsuraku Noah,,失楽ノア,Light Novel,92,,2015,https://cdn.myanimelist.net/images/manga/1/157949l.jpg
2442,Tantou Henshuu Botsuko-san,,担当編集ボツ子さん,Manga,92,,2015,https://cdn.myanimelist.net/images/manga/2/190035l.jpg
2442,Web Shousetsuka ni Narou yo.,,WEB小説家になろうよ。,Light Novel,92,,2015,https://cdn.myanimelist.net/images/manga/3/164458l.jpg
2442,Yonaki no Sirene,The Siren of Nocturne,夜鳴きのシィレエヌ,Manga,92,,2015,https://cdn.myanimelist.net/images/manga/3/184392l.jpg
2442,Zenbu Marugoto Omae ga Warui,,ぜんぶまるごとお前がわるい,Manga,92,,2015,https://cdn.myanimelist.net/images/manga/1/227897l.jpg
2455,89-banme no Ongaku,,89番目のおんがく,Manga,91,,2015,https://cdn.myanimelist.net/images/manga/2/162235l.jpg
2455,Amayado Bus Teiryuujo,,雨宿バス停留所,Light Novel,91,,2015,https://cdn.myanimelist.net/images/manga/2/169959l.jpg
2455,Chikazuite,,ちかづいて,One-shot,91,,2015,https://cdn.myanimelist.net/images/manga/2/246679l.jpg
2455,Danshiryou no Otoko no Ko,,男子寮のオトコの娘,Manga,91,,2015,https://cdn.myanimelist.net/images/manga/1/190619l.jpg
2455,Dol:Men X,,ドルメンX,Manga,91,,2015,https://cdn.myanimelist.net/images/manga/3/208077l.jpg
2455,Hatsukoi no Toge wa Amaku,,初恋の棘は甘く,Light Novel,91,,2015,https://cdn.myanimelist.net/images/manga/2/167632l.jpg
2455,Hiyoko Bakudan,Chick Bomb,ヒヨコ爆弾,One-shot,91,,2015,https://cdn.myanimelist.net/images/manga/1/232577l.jpg
2455,Hyakko to Konin.,,白狐と狐姻。,Light Novel,91,,2015,https://cdn.myanimelist.net/images/manga/3/167591l.jpg
2455,Hyougaki Sedai Shojo Okashi-tai Rachikkusu!!,,氷河期世代処女おかし隊らちっくす!!,Manga,91,,2015,https://cdn.myanimelist.net/images/manga/1/210730l.jpg
2455,Kokuchou no Psychedelica,Psychedelica of the black butterfly,黒蝶のサイケデリカ,Light Novel,91,,2015,https://cdn.myanimelist.net/images/manga/2/180791l.jpg
2455,Kyoufu Collector,Horror Collector,恐怖コレクター,Novel,91,,2015,https://cdn.myanimelist.net/images/manga/2/283282l.jpg
2455,Nagiko no Hanashi,Nagiko's Story,凪子の話,Manga,91,,2015,https://cdn.myanimelist.net/images/manga/2/226505l.jpg
2455,Nise Bitch: Riajuu Buttemo Pure de Ichizu na Osananajimi ni H na Kozukuri Lesson,,ニセビッチ～リア充ぶってもピュアで一途な幼なじみにHな子作りレッスン～,Light Novel,91,,2015,https://cdn.myanimelist.net/images/manga/1/159368l.jpg
2455,Rapaz Theme Park,,ラパス・テーマパーク,Manga,91,,2015,https://cdn.myanimelist.net/images/manga/2/228236l.jpg
2455,Sasuga desu Yuusha-sama!,,さすがです勇者さま!,Light Novel,91,,2015,https://cdn.myanimelist.net/images/manga/2/165425l.jpg
2455,Tokyo Ikai no Barista,,東京異界のバリスタ,Light Novel,91,,2015,https://cdn.myanimelist.net/images/manga/2/168005l.jpg
2455,Uchi no Class no Joshi ga Yabai,,うちのクラスの女子がヤバい,Manga,91,,2015,https://cdn.myanimelist.net/images/manga/1/175776l.jpg
2472,3-punkan demo Ikemasu ka? Haruka Kanata no Chousen,,３分間でも逝けますか？~はるかかなたの挑戦~,Light Novel,90,,2015,https://cdn.myanimelist.net/images/manga/2/169777l.jpg
2472,Gensui Koutei ni Sasagerareta Hanayome,,元帥皇帝に捧げられた花嫁,Light Novel,90,,2015,https://cdn.myanimelist.net/images/manga/3/192037l.jpg
2472,Hibino Kyoudai,Hibino Brothers,日々野兄弟,Manga,90,,2015,https://cdn.myanimelist.net/images/manga/1/187202l.jpg
2472,Isekai Shuugaku Ryokou,Field Trip to Another World,異世界修学旅行,Light Novel,90,,2015,https://cdn.myanimelist.net/images/manga/2/207045l.jpg
2472,Junai no Shizuku,,純愛のしずく,One-shot,90,,2015,https://cdn.myanimelist.net/images/manga/2/248023l.jpg
2472,Kurosaki Mayu no Hitomi ni Utsuru Utsukushii Sekai,Beautiful world in the eyes of her.,黒崎麻由の瞳に映る美しい世界,Light Novel,90,,2015,https://cdn.myanimelist.net/images/manga/1/178701l.jpg
2472,Nama Musume,Natural Color Girls,なまむすめ,Manga,90,,2015,https://cdn.myanimelist.net/images/manga/3/247279l.jpg
2472,Riajuu Classmate Haramase Saimin,,リア充クラスメイト孕ませ催眠,Light Novel,90,,2015,https://cdn.myanimelist.net/images/manga/3/166235l.jpg
2472,Seireii wa Yuusha no Hentai wo Iyaseru no ka!?,Abnormal hero with magical medical girl.,精霊医は勇者の変態を癒せるのか！？,Light Novel,90,,2015,https://cdn.myanimelist.net/images/manga/3/162527l.jpg
2472,Senaka no Kokuhaku,,せなかの告白,Manga,90,,2015,https://cdn.myanimelist.net/images/manga/2/247640l.jpg
2472,"Shokugyou, Shounin",,職業、商人,Light Novel,90,,2015,https://cdn.myanimelist.net/images/manga/2/166778l.jpg
2472,Trapper na Ore to Ponkotsu Party ga Wana toka Tsukutte Musou suru,,不遇職〈トラッパー〉な俺とポンコツパーティが罠とか作って無双する,Light Novel,90,,2015,https://cdn.myanimelist.net/images/manga/2/160182l.jpg
2472,Tutti!,,tutti!,Manga,90,,2015,https://cdn.myanimelist.net/images/manga/2/163515l.jpg
2485,A Boy. A Girl.,,a Boy. a Girl.,Manga,89,,2015,https://cdn.myanimelist.net/images/manga/2/248756l.jpg
2485,Atashira Yuuutsu Chuugakusei: Kyouizon,,あたしら憂鬱中学生 共依存,Light Novel,89,,2015,https://cdn.myanimelist.net/images/manga/3/159869l.jpg
2485,Choujuu Kakin Vanguard,,超重課金バンガード,One-shot,89,,2015,https://cdn.myanimelist.net/images/manga/3/282017l.jpg
2485,Himitsu no☆Omorashism!,,ヒミツの☆おもらしずむ！,Manga,89,,2015,https://cdn.myanimelist.net/images/manga/3/199176l.jpg
2485,Holmes Meets Lupin,,ホームズ みーつ ルパン,Manga,89,,2015,https://cdn.myanimelist.net/images/manga/3/164019l.jpg
2485,Ippai Asonda yo,,いっぱい遊んだよ,Manga,89,,2015,https://cdn.myanimelist.net/images/manga/1/192909l.jpg
2485,Kokumei no Golem,,刻命のゴーレム,Manga,89,,2015,https://cdn.myanimelist.net/images/manga/1/168718l.jpg
2485,Kyuuketsuhime to Mini Maid ni Shiborarete Konya mo Nemurenai,,吸血姫とミニメイドに搾られて今夜も眠れない,Light Novel,89,,2015,https://cdn.myanimelist.net/images/manga/1/168872l.jpg
2485,Saimin wo Tsukatte Isekai de Bishoujo Harem!?,,催眠を使って異世界で美少女ハーレム! ?,Light Novel,89,,2015,https://cdn.myanimelist.net/images/manga/1/169599l.jpg
2485,Survival P-Game,Survival xxx Game,サバイバルPゲーム,Light Novel,89,,2015,https://cdn.myanimelist.net/images/manga/2/164461l.jpg
2485,Tanetsuke Kyoushitsu: Ima kara Minna ni Sensei no Tokunou Seishi de Harande Moraimasu,,種付け教室～今からみんなに先生の特濃精子で孕んでもらいます～,Light Novel,89,,2015,https://cdn.myanimelist.net/images/manga/1/166155l.jpg
2485,Undead,,UNDEAD (アンデッド),One-shot,89,,2015,https://cdn.myanimelist.net/images/manga/1/184432l.jpg
2485,Unlock City,,アンロック・シティ,Light Novel,89,,2015,https://cdn.myanimelist.net/images/manga/1/166248l.jpg
2485,Yomei Ichinen no Ars Magna,,余命一年の勇者〈アルス・マグナ〉,Light Novel,89,,2015,https://cdn.myanimelist.net/images/manga/2/177953l.jpg
2499,"Amai Amai, Bokura no Eden",,甘い甘い、僕らの楽園〈エデン〉,Manga,88,,2015,https://cdn.myanimelist.net/images/manga/2/250928l.jpg
2499,Arthro Colossus,,アースロコロッサス,Manga,88,,2015,https://cdn.myanimelist.net/images/manga/1/171679l.jpg
2499,Chuudere!,,ちゅうでれ！,Manga,88,,2015,https://cdn.myanimelist.net/images/manga/3/240701l.jpg
2499,"Doujin Katsudou, Hajimemashita!?",,ドージン活動、はじめました!?,Manga,88,,2015,https://cdn.myanimelist.net/images/manga/3/205527l.jpg
2499,"Gay Bar de Arbeit, Hajimemashita.",A Straight Bartender in a Gay Bar!?,ゲイバーでアルバイト、はじめました。,Manga,88,,2015,https://cdn.myanimelist.net/images/manga/1/299453l.jpg
2499,Goshiki no Majo,,五色の魔女,Light Novel,88,,2015,https://cdn.myanimelist.net/images/manga/3/160505l.jpg
2499,Kami Eshi Nisshi,,神えしにっし,Manga,88,,2015,https://cdn.myanimelist.net/images/manga/2/171381l.jpg
2499,"Kono Haru, Kanojo ga Dekimashita.",I Found a Girlfriend in this Spring,この春、彼女ができました。,Manga,88,,2015,https://cdn.myanimelist.net/images/manga/1/304537l.jpg
2499,Saimin Seikatsu: Kousoku Dakara Shikatanai!?,,催眠生活～校則だから仕方ない!?～,Light Novel,88,,2015,https://cdn.myanimelist.net/images/manga/1/172926l.jpg
2499,Shinshoku Reconquista,Erosion Reconquista,侵蝕レコンキスタ,Light Novel,88,,2015,https://cdn.myanimelist.net/images/manga/3/159204l.jpg
2499,Strange Girl wa Amai Tenohira no Ue de Odoru,Mysterious girls are unhappy marionettes on the sweet dance floor.,ストレンジガールは甘い手のひらの上で踊る,Light Novel,88,,2015,https://cdn.myanimelist.net/images/manga/1/161048l.jpg
2510,Agape,,アガペー,One-shot,87,,2015,https://cdn.myanimelist.net/images/manga/1/170501l.jpg
2510,Akatsuki no Joou to Chiri no Yuusha,Queen of the dawn and hero of dust,暁の女王と塵の勇者,Light Novel,87,,2015,https://cdn.myanimelist.net/images/manga/2/163625l.jpg
2510,"Akemashite, Goshuushousama desu",Happy Condolences,あけまして、ご愁傷様です,Manga,87,,2015,https://cdn.myanimelist.net/images/manga/3/268395l.jpg
2510,B's-LOVEY Anthology: Kuzu Otoko,,B's-LOVEYアンソロジー クズ男,Manga,87,,2015,https://cdn.myanimelist.net/images/manga/3/221900l.jpg
2510,Bocchi Album,,ぼっちアルバム,Manga,87,,2015,https://cdn.myanimelist.net/images/manga/2/182525l.jpg
2510,Breath of Fire 6: Botanical Chronicle,,ブレス オブ ファイア 6 ボタニカル・クロニクル,Manga,87,,2015,https://cdn.myanimelist.net/images/manga/2/176856l.jpg
2510,Chounyuusai,,超乳祭,Manga,87,,2015,https://cdn.myanimelist.net/images/manga/2/293235l.jpg
2510,Dondohare,,どんどはれ,One-shot,87,,2015,https://cdn.myanimelist.net/images/manga/3/190856l.jpg
2510,Gensou Shinwa no Dreadnought,Dreadnought of Funeral Mythology,幻葬神話のドレッドノート,Light Novel,87,,2015,https://cdn.myanimelist.net/images/manga/1/162266l.jpg
2510,Hakushaku-ke Jochuu Den,Maids of the Count's House,伯爵家女中伝,Light Novel,87,,2015,https://cdn.myanimelist.net/images/manga/1/171159l.jpg
2510,Hyra no SP: Ryuubatsuchou Chousa Shikkoubu Dai-3-ka,Hyra's SP: Anomalous Inhuman Subjugation Agency Third Division,ハイラのSP -龍伐庁調査執行部第3課-,Manga,87,,2015,https://cdn.myanimelist.net/images/manga/1/167060l.jpg
2510,"Isekai de Fuuzoku Keiei wo Hajimeta ga, Bishoujo-tachi wa Ore dake to Sex Shitai Rashii",,異世界で風俗経営を始めたが、美少女達は俺だけとSEXしたいらしい,Light Novel,87,,2015,https://cdn.myanimelist.net/images/manga/1/168383l.jpg
2510,"K, the Cleanskin","K, the Cleanskin",청소부K,Manhwa,87,,2015,https://cdn.myanimelist.net/images/manga/1/289917l.jpg
2510,Kochira de Omeshiagari desu ka?,,こちらでお召し上がりですか？,Manga,87,,2015,https://cdn.myanimelist.net/images/manga/1/180798l.jpg
2510,Kurohyou no Chigiri,,黒豹の契り,Light Novel,87,,2015,https://cdn.myanimelist.net/images/manga/1/167559l.jpg
2510,Manga de Tsuzuru Yuri na Hibi,,まんがで綴る百合な日々,Manga,87,,2015,https://cdn.myanimelist.net/images/manga/2/154342l.jpg
2510,"Tama-run! Mechakucha na Seishun Love Comedy ni Makikomareta kedo, Umarete Kite Yokatta.",,たまらん！ メチャクチャな青春ラブコメに巻き込まれたけど、生まれてきてよかった。,Light Novel,87,,2015,https://cdn.myanimelist.net/images/manga/1/158475l.jpg
2510,Toshishita Itoko wa Gouin Ouji,"My Cousin, The Pushy Prince",年下イトコは強淫王子,Manga,87,,2015,https://cdn.myanimelist.net/images/manga/2/267996l.jpg
2510,Wakeari Rankou♪Haraminex!,,ワケあり乱高♪孕峰ックス!,Manga,87,,2015,https://cdn.myanimelist.net/images/manga/2/228242l.jpg
2510,Yoru to Neru,,ヨルとネル,Manga,87,,2015,https://cdn.myanimelist.net/images/manga/3/257918l.jpg
2510,h na h to A-ko no Noroi,,hなhとA子の呪い,Manga,87,,2015,https://cdn.myanimelist.net/images/manga/3/175950l.jpg
2531,Dusty☆Vampire Girl,,ダスティー☆ヴァンパイアガール,Light Novel,86,,2015,https://cdn.myanimelist.net/images/manga/2/161728l.jpg
2531,"Ero Mangaka, Isekai de Netorare Hitori Tatsu",,エロ漫画家、異世界で寝取られ独り勃つ,Light Novel,86,,2015,https://cdn.myanimelist.net/images/manga/3/158309l.jpg
2531,Full Blade Ignition,,フルブレイド・イグニッション,Light Novel,86,,2015,https://cdn.myanimelist.net/images/manga/1/160493l.jpg
2531,Hanamachi Hero,,花街ヒイロヲ,Manga,86,,2015,https://cdn.myanimelist.net/images/manga/1/177989l.jpg
2531,Hijikata-san wa Usodarake,,土方さんは嘘だらけ,Manga,86,,2015,https://cdn.myanimelist.net/images/manga/2/173800l.jpg
2531,Mahou Kishi Pure Knights: Kyokon ni wa Katenakatta no Otome no Ana Sasagemasu♪ Seigi no Heroine wa Haramase Harem Niku Benki♪,,魔法騎士ピュアナイツ ～巨根には勝てなかったの オトメの穴捧げます♪正義のヒロインは孕ませハーレム肉便器♪～,Light Novel,86,,2015,https://cdn.myanimelist.net/images/manga/2/166154l.jpg
2531,Making AV: A Sneak Peek,Making AV: A Sneak Peek,두근두근 AV엿보기,Manhwa,86,,2015,https://cdn.myanimelist.net/images/manga/1/304735l.jpg
2531,Mama ni Naisho no Hatsujouki,,ママにないしょの発情期,Manga,86,,2015,https://cdn.myanimelist.net/images/manga/3/246041l.jpg
2531,Meikyuu!,,メイキュー！,Light Novel,86,,2015,https://cdn.myanimelist.net/images/manga/3/186204l.jpg
2531,Mononoke Gradation,,モノノケグラデーション,Light Novel,86,,2015,https://cdn.myanimelist.net/images/manga/3/177142l.jpg
2531,Ojousama Sanshimai ni Peropero Saretsuzuketeru to Imouto ga Shitsukenaoshi ni Kimashita,,お嬢さま三姉妹にぺろぺろされ続けてると妹がしつけ直しにきました,Light Novel,86,,2015,https://cdn.myanimelist.net/images/manga/1/158213l.jpg
2531,Outaishihi ni nante Naritakunai!!,,王太子妃になんてなりたくない!!,Light Novel,86,,2015,https://cdn.myanimelist.net/images/manga/2/241430l.jpg
2531,Sekai wa Boku no Mono,,世界はボクのもの,Manga,86,,2015,https://cdn.myanimelist.net/images/manga/3/174924l.jpg
2531,Taishou Hatsukoi Yousaiten,,大正初恋洋裁店,Manga,86,,2015,https://cdn.myanimelist.net/images/manga/1/227047l.jpg
2531,Tayutau Shushi,,たゆたう種子,Manga,86,,2015,https://cdn.myanimelist.net/images/manga/3/235173l.jpg
2531,Tensei Joushuu no Dorei Harem,,転生城主の奴隷ハーレム,Light Novel,86,,2015,https://cdn.myanimelist.net/images/manga/3/161156l.jpg
2531,Tokyo X Day,,Tokyo X Day,One-shot,86,,2015,https://cdn.myanimelist.net/images/manga/3/288420l.jpg
2531,W Maid no Harem Gohoushi!! Anata no Seishori wa Watashitachi ni Omakase Kudasai!,,Wメイドのハーレムご奉仕！！～あなたの性処理は私たちにお任せ下さい！～,Light Novel,86,,2015,https://cdn.myanimelist.net/images/manga/3/163171l.jpg
2549,After 5 no Joou-tachi,,アフター5の女王たち,Manga,85,,2015,https://cdn.myanimelist.net/images/manga/2/236324l.jpg
2549,Grimoire Coat no Otome-tachi,Maidens of Grimoire Coat,グリモアコートの乙女たち,Light Novel,85,,2015,https://cdn.myanimelist.net/images/manga/1/158167l.jpg
2549,Haken Chronicle,"Live by the sword, die by the sword.",破剣クロニクル,Light Novel,85,,2015,https://cdn.myanimelist.net/images/manga/2/176523l.jpg
2549,Ittou Ryoudan no Amber Kiss,,一刀両断のアンバー・キス,Light Novel,85,,2015,https://cdn.myanimelist.net/images/manga/2/165729l.jpg
2549,JK Rinkan Haramiochi,,JK輪姦孕み堕ち,Manga,85,,2015,https://cdn.myanimelist.net/images/manga/3/192649l.jpg
2549,Kare to Kare no Ijiwaru na Kyori dj - Zero Kyori,,ゼロ距離,Doujinshi,85,,2015,https://cdn.myanimelist.net/images/manga/2/248405l.jpg
2549,Mirai ni Nani ga Attemo,,みらいにナニがあっても,Doujinshi,85,,2015,https://cdn.myanimelist.net/images/manga/3/202418l.jpg
2549,Onna Yuusha ga Ore no Class de Bocchi ni Natteru,Hero girl is a loner in my class.,女勇者が俺のクラスでぼっちになってる,Light Novel,85,,2015,https://cdn.myanimelist.net/images/manga/3/160647l.jpg
2549,Princess Shimai no Isekai AV Satsuei,,プリンセス姉妹の異世界AV撮影,Light Novel,85,,2015,https://cdn.myanimelist.net/images/manga/1/168359l.jpg
2549,Satou-kun no Makai Koukou Hakusho,,佐藤君の魔界高校白書,Manga,85,,2015,https://cdn.myanimelist.net/images/manga/2/285231l.jpg
2549,Shoujo Fukkyuu Recovery Q,,少女復旧リカバリーQ,One-shot,85,,2015,https://cdn.myanimelist.net/images/manga/2/160821l.jpg
2549,Shoushika Taisaku de Nakadashi Kyokashou wo Itadakimashita,,少子化対策で中出し許可証をいただきました,Light Novel,85,,2015,https://cdn.myanimelist.net/images/manga/3/165833l.jpg
2549,The Emperor's Woman,The Emperor's Woman,군주의 여인,Manhwa,85,,2015,https://cdn.myanimelist.net/images/manga/2/292537l.jpg
2549,Tsubasa-kun wa Akanuketai noni,,翼くんはあかぬけたいのに,Manga,85,,2015,https://cdn.myanimelist.net/images/manga/2/200539l.jpg
2549,Youkan no Oyako: Mitsuhada no W Houshuu,,洋館の母娘 蜜肌のW報酬,Light Novel,85,,2015,https://cdn.myanimelist.net/images/manga/2/165260l.jpg
2564,Daimaou ga Taosenai,Noboby beat Daimaoh!,大魔王が倒せない,Light Novel,84,,2015,https://cdn.myanimelist.net/images/manga/1/176318l.jpg
2564,Damasare Kids,,だまされキッズ,Manga,84,,2015,https://cdn.myanimelist.net/images/manga/3/247117l.jpg
2564,"Honey Wolf, Come Here.","Honey Wolf, Come Here.",ハニーウルフ、カムヒアー。,Manga,84,,2015,https://cdn.myanimelist.net/images/manga/3/268137l.jpg
2564,Ryuugoroshi no Gunshi: Toaru Sagishi no Eiyuutan,Strategist of Dragon Suppression,竜殺しの軍師 ~とある詐欺師の英雄譚~,Light Novel,84,,2015,https://cdn.myanimelist.net/images/manga/3/169373l.jpg
2564,Tora no Oujisama,,虎の王子様,Light Novel,84,,2015,https://cdn.myanimelist.net/images/manga/1/153658l.jpg
2564,Wakadanna Zukan,,若旦那図鑑,Manga,84,,2015,https://cdn.myanimelist.net/images/manga/2/176151l.jpg
2570,Aku no Joou no Kiseki,,悪の女王の軌跡,Light Novel,83,,2015,https://cdn.myanimelist.net/images/manga/3/221836l.jpg
2570,Bakunyuu Bunny Usami Maria: Bien Tantei no Kaiin Jikenbo,,爆乳バニー宇佐美マリア 美艶探偵の怪淫事件簿,Light Novel,83,,2015,https://cdn.myanimelist.net/images/manga/3/158770l.jpg
2570,Bravely Archive: D's Report,,ブレイブリーアーカイブ ディーズレポート,Light Novel,83,,2015,https://cdn.myanimelist.net/images/manga/1/175841l.jpg
2570,Densou Shinkai Ragnarok,Digital Myth Ragnarok,電想神界ラグナロク,Light Novel,83,,2015,https://cdn.myanimelist.net/images/manga/3/176335l.jpg
2570,Himekishi to Camping Car,,姫騎士とキャンピングカー,Light Novel,83,,2015,https://cdn.myanimelist.net/images/manga/1/162936l.jpg
2570,"Murakami Haruki no ""Hotaru""/Orwell no ""1984-nen""",,村上春樹の「螢」・オーウェルの「一九八四年」,Manga,83,,2015,https://cdn.myanimelist.net/images/manga/1/268663l.jpg
2570,Médecin du Mage no Shinryou Kiroku,,魔法医師〈メディサン・ドゥ・マージ〉の診療記録,Light Novel,83,,2015,https://cdn.myanimelist.net/images/manga/3/185977l.jpg
2570,Nakimushi na Sadistic,,泣き虫なサディスティック,Manga,83,,2015,https://cdn.myanimelist.net/images/manga/2/312351l.jpg
2570,Oz to Elsa,,オズとエルザ,Manga,83,,2015,https://cdn.myanimelist.net/images/manga/1/176305l.jpg
2570,Shinwa Taisen Gilgamesh Knight,,神話大戦ギルガメッシュナイト,Light Novel,83,,2015,https://cdn.myanimelist.net/images/manga/2/177676l.jpg
2570,Tantei Miimi no Oshare Jikenbo,,探偵ミーミのおしゃれ事件簿,Manga,83,,2015,https://cdn.myanimelist.net/images/manga/2/174963l.jpg
2570,Teach & Destroy,,ティーチ＆デストロイ,Manga,83,,2015,https://cdn.myanimelist.net/images/manga/2/247491l.jpg
2570,Uchuujin no Mura e Youkoso,Welcome to the village that aliens live,宇宙人の村へようこそ,Light Novel,83,,2015,https://cdn.myanimelist.net/images/manga/3/161697l.jpg
2570,Uza Nee!!,,ウザ姉!!,Manga,83,,2015,https://cdn.myanimelist.net/images/manga/2/180797l.jpg
2584,Betsuni Inou toka Iran desu,,べつに異能とかいらんです,Light Novel,82,,2015,https://cdn.myanimelist.net/images/manga/3/149939l.jpg
2584,Moeru Macchan Itetsuku Hama-chan,,燃えるマッちゃん凍てつくハマちゃん,One-shot,82,,2015,https://cdn.myanimelist.net/images/manga/1/173743l.jpg
2584,Muchi Bitch,,ムチビッチ,Manga,82,,2015,https://cdn.myanimelist.net/images/manga/3/315042l.jpg
2584,Outlaw Wonderland Zero,,アウトロー・ワンダーランド-0-,Light Novel,82,,2015,https://cdn.myanimelist.net/images/manga/1/176863l.jpg
2584,Ryuuguuchou wa Umi no Soko,,龍宮町は海の底,Manga,82,,2015,https://cdn.myanimelist.net/images/manga/3/190958l.jpg
2584,Sister-in-Law!,,しすたー・いん・らう！,Manga,82,,2015,https://cdn.myanimelist.net/images/manga/2/222982l.jpg
2584,Wakasama wa Kannou Shousetsuka,,若様は官能小説家,Light Novel,82,,2015,https://cdn.myanimelist.net/images/manga/3/167560l.jpg
2584,Yankee Nishimiya-san wa Choroi,,ヤンキー西宮さんはちょろい,Manga,82,,2015,https://cdn.myanimelist.net/images/manga/3/283284l.jpg
2592,Are wa Choukouritsu no Mochako da yo!,It is very high rates Mochako!,あれは超高率のモチャ子だよ!,Light Novel,81,,2015,https://cdn.myanimelist.net/images/manga/1/176148l.jpg
2592,Isekai ni Tensei shita kara Harem Kishidan wo Tsukuttemita,,異世界に転生したからハーレム騎士団をつくってみた,Light Novel,81,,2015,https://cdn.myanimelist.net/images/manga/1/166321l.jpg
2592,Jigoku no Sata mo Ryuu Shidai,,地獄の沙汰も龍次第,One-shot,81,,2015,https://cdn.myanimelist.net/images/manga/1/191190l.jpg
2592,Jiyuujizai ni Ero Saimin: Dame Dame no Ore demo Bishoujo Taimashi to Yarimakuri!,,自由自在にエロ催眠～ダメダメの俺でも美少女退魔士と犯りまくり！～,Light Novel,81,,2015,https://cdn.myanimelist.net/images/manga/1/166370l.jpg
2592,Livitium Koukoku no Butakusahime,,リビティウム皇国のブタクサ姫,Light Novel,81,,2015,https://cdn.myanimelist.net/images/manga/2/172826l.jpg
2592,Madousho Sakka ni Narou!,,魔導書作家になろう!,Light Novel,81,,2015,https://cdn.myanimelist.net/images/manga/1/164015l.jpg
2592,Makenshi Leane: Futari no Hime ga Haramishi Toki,Leane of Evil Blade,魔剣士リーネ 二人の姫が孕みし刻,Light Novel,81,,2015,https://cdn.myanimelist.net/images/manga/3/168004l.jpg
2592,Mismarca Koukoku shinai Monogatari,,ミスマルカ興国しない物語,Light Novel,81,,2015,https://cdn.myanimelist.net/images/manga/2/153709l.jpg
2592,Ookami-san Chi no Katei no Jijou,,狼さんちの家庭の事情,Light Novel,81,,2015,https://cdn.myanimelist.net/images/manga/1/165893l.jpg
2592,Poolside,,プールサイド,One-shot,81,,2015,https://cdn.myanimelist.net/images/manga/2/252687l.jpg
2592,Rokkashaku to Neji no Teikoku,,六花爵と螺子の帝国,Light Novel,81,,2015,https://cdn.myanimelist.net/images/manga/1/152782l.jpg
2592,Saredo Bokura no Maku wa Agaru.,"However, the show must go on.",されど僕らの幕は上がる。,Light Novel,81,,2015,https://cdn.myanimelist.net/images/manga/3/177423l.jpg
2592,Second Virgin,,セカンドバージン,Manga,81,,2015,https://cdn.myanimelist.net/images/manga/5/166629l.jpg
2592,Sei Gyaku Rape Gakuen: Ore no Seieki wo Nekosogi Shibori Tsukusu Onnatachi,,聖・逆レイプ学園~俺の精液を根こそぎ絞り尽くすオンナたち~,Light Novel,81,,2015,https://cdn.myanimelist.net/images/manga/1/163356l.jpg
2592,Tensei Kunitori Sex Gassen!!,,天精国取りセックス合戦！！,Light Novel,81,,2015,https://cdn.myanimelist.net/images/manga/1/166291l.jpg
2592,Ubukata-kun no Yokoshima na Nichijou,,生形くんのよこしまな日常,Manga,81,,2015,https://cdn.myanimelist.net/images/manga/3/175893l.jpg
2592,Wash Out,,WASH OUT,Doujinshi,81,,2015,https://cdn.myanimelist.net/images/manga/2/181695l.jpg
2592,Youkai no Chintai Jijou,,妖怪の賃貸事情,Manga,81,,2015,https://cdn.myanimelist.net/images/manga/3/182431l.jpg
2592,"Zenbu Oshiete, Sensei.","Please Tell Me, Teacher",全部教えて、先生。,Manga,81,,2015,https://cdn.myanimelist.net/images/manga/1/335216l.jpg
2611,Hone to Issho no Isekai Seikatsu,The life with bones in another world,骨といっしょの異世界生活,Light Novel,80,,2015,https://cdn.myanimelist.net/images/manga/1/203533l.jpg
2611,Hyoujou no Crown,,氷上のクラウン,Manga,80,,2015,https://cdn.myanimelist.net/images/manga/3/173826l.jpg
2611,Kaizokuou to Ningyo-hime: Doumou na Hasha ni Mi mo Kokoro mo Ubawarete,Pirate King and Mermaid Princess,海賊王と人魚姫 獰猛な覇者に身も心も奪われて,Light Novel,80,,2015,https://cdn.myanimelist.net/images/manga/1/173650l.jpg
2611,Kyuukyoku Zannen Ougi: Stealth Master,,究極残念奥義―賢者無双〈ステルスマスター〉,Light Novel,80,,2015,https://cdn.myanimelist.net/images/manga/1/160758l.jpg
2611,RPG: Role Playing Gangster - Aruiwa Boka ga Lupin ni Natta Riyuu,,RPG ロールプレイング・ギャングスター ~或いは僕がルパンになった理由~,Light Novel,80,,2015,https://cdn.myanimelist.net/images/manga/2/169615l.jpg
2611,Succu Ochishichau zo! Oneechan wa Senyou Succubus,,サキュ堕ちしちゃうぞ！~おねえちゃんは専用サキュバス~,Light Novel,80,,2015,https://cdn.myanimelist.net/images/manga/2/169771l.jpg
2611,Tatoeba Love to Kamisama Days.,,たとえばラブとカミサマーデイズ。,Light Novel,80,,2015,https://cdn.myanimelist.net/images/manga/2/159520l.jpg
2611,Tokyo Share Story,,東京シェアストーリー,Manga,80,,2015,https://cdn.myanimelist.net/images/manga/3/166187l.jpg
2611,Uchi no Shachou no Hamedere Inkatsu,Our President is Hamedere in Licentious sex life.,弊社〈ウチ〉の社長のハメデレ淫活,Manga,80,,2015,https://cdn.myanimelist.net/images/manga/3/257342l.jpg
2620,"Cheat Nouryoku de Musou ni Natta node, Bishoujo wo Katappashi kara Harem ni Irete Kozukuri shimashita!",,チート能力で無双になったので、美少女を片っ端からハーレムに入れて子作りしました!,Light Novel,79,,2015,https://cdn.myanimelist.net/images/manga/1/168373l.jpg
2620,Chu x Pet: Seitokai ni Shihai sareru Tsun-Ama Sex Ane Life,,CHU×ペット 生徒会に支配されるツン甘セックス姉ライフ,Light Novel,79,,2015,https://cdn.myanimelist.net/images/manga/2/159774l.jpg
2620,Fukigen na Kajitsu-tachi,Displeased Fruits,不機嫌な果実たち,Manga,79,,2015,https://cdn.myanimelist.net/images/manga/3/317233l.jpg
2620,Manmaru Potager,,まんまるポタジェ,Manga,79,,2015,https://cdn.myanimelist.net/images/manga/3/199534l.jpg
2620,Maou ga Meikyuu kara Derare Nakunari ni Tasuke wo Motometa you desu,,魔王が迷宮から出られなくなり勇者に助けを求めたようです,Light Novel,79,,2015,https://cdn.myanimelist.net/images/manga/1/156097l.jpg
2620,Nekodo-san wa Neko wo Kabutteiru,,猫戸さんは猫をかぶっている,Manga,79,,2015,https://cdn.myanimelist.net/images/manga/1/195204l.jpg
2620,Nyotai-ka Sex wa Saikou no Kairaku!! Bishoujo ni Natta Ore wa Harama Sex ni Hamarimashita,,女体化セックスは最高の快楽！！～美少女になった俺は孕まセックスにハマりました～,Light Novel,79,,2015,https://cdn.myanimelist.net/images/manga/2/158212l.jpg
2620,Rakka Ryuusui: Touhou Project Suichuu Hanabi Sakuhinshuu,,楽花流水 東方Project 水中花火作品集,Manga,79,,2015,https://cdn.myanimelist.net/images/manga/1/282122l.jpg
2620,Roommate 101,Roommate 101,그놈학 개론,Manhwa,79,,2015,https://cdn.myanimelist.net/images/manga/1/304218l.jpg
2620,Ryuu wa Jindai no Shirube to Naru ka,Knights meet dragons beyond the ancient far age.,竜は神代の導標となるか,Light Novel,79,,2015,https://cdn.myanimelist.net/images/manga/1/179304l.jpg
2620,Sephirot,,天牢都市〈セフィロト〉,Light Novel,79,,2015,https://cdn.myanimelist.net/images/manga/3/166836l.jpg
2620,Vampire Revive: Shokubutsu-kei Danshi to Hitodenashi Nakama no Junan,,ヴァンパイア リヴァイヴ～植物系男子と人でなし仲間の受難～,Light Novel,79,,2015,https://cdn.myanimelist.net/images/manga/1/158778l.jpg
2632,An Element,,アンエレメント,One-shot,78,,2015,https://cdn.myanimelist.net/images/manga/2/315569l.jpg
2632,Armed Waker,,アームドウェイカー,Light Novel,78,,2015,https://cdn.myanimelist.net/images/manga/1/162607l.jpg
2632,Boku no Lunch wo Jamasuruna!,,僕のランチを邪魔するな！,Manga,78,,2015,https://cdn.myanimelist.net/images/manga/3/182435l.jpg
2632,Chindere!: Namaiki Datta Imouto ga Ore no Kahanshin ni Kyoumi wo Mochihajimeta Ken,,チンデレ! 生意気だった妹が俺の下半身に興味を持ちはじめた件,Light Novel,78,,2015,https://cdn.myanimelist.net/images/manga/2/164186l.jpg
2632,Haru wa Megurite,Haru Is Around the Corner,ハルはめぐりて,Manga,78,,2015,https://cdn.myanimelist.net/images/manga/1/314722l.jpg
2632,Hitotsu Tobashi Renai: Risa Jigoku-hen,,ひとつ飛ばし恋愛 〜りさ地獄変〜,Light Novel,78,,2015,https://cdn.myanimelist.net/images/manga/3/178461l.jpg
2632,Kagami no Mae de Aimashou,,鏡の前で会いましょう,Manga,78,,2015,https://cdn.myanimelist.net/images/manga/3/185401l.jpg
2632,Onore Free!,,おのれフリー！,Manga,78,,2015,https://cdn.myanimelist.net/images/manga/1/176099l.jpg
2632,Saihate ni Circus,,最果てにサーカス,Manga,78,,2015,https://cdn.myanimelist.net/images/manga/1/167339l.jpg
2632,Saikin no Smartphone Game wa Kokuminteki Idol wo Dosukebe ni Dekiru Rashii!?,,最近のスマホゲームは国民的アイドルをドスケベにできるらしい！？,Light Novel,78,,2015,https://cdn.myanimelist.net/images/manga/3/156331l.jpg
2632,Sekai Ninja Taikai Kiroku,World Ninja Record,世界忍者大会記録,Manga,78,,2015,https://cdn.myanimelist.net/images/manga/2/227310l.jpg
2632,Sui mo Amai mo,,すいもあまいも,Manga,78,,2015,https://cdn.myanimelist.net/images/manga/3/178656l.jpg
2632,Tenshi wa Yoru ni Tsukurareru,,天使は夜につくられる,Manga,78,,2015,https://cdn.myanimelist.net/images/manga/3/193959l.jpg
2645,Apricot Red,,アプリコット・レッド,Light Novel,77,,2015,https://cdn.myanimelist.net/images/manga/3/176007l.jpg
2645,Boku to Do S to Fujoshi to Noukin,,僕とドＳと腐女子と脳筋,Light Novel,77,,2015,https://cdn.myanimelist.net/images/manga/3/159752l.jpg
2645,Cheat na Boku no Aho no Musume Ikuseiron,,チートな僕のアホの娘育成論,Light Novel,77,,2015,https://cdn.myanimelist.net/images/manga/3/176208l.jpg
2645,Derenai Neko no Aishikata,,デレない猫の愛しかた,Light Novel,77,,2015,https://cdn.myanimelist.net/images/manga/2/167562l.jpg
2645,Furatsuki,,フラツキ,Manga,77,,2015,https://cdn.myanimelist.net/images/manga/2/175576l.jpg
2645,Hakoniwa to Papillon,,箱庭とパピヨン,Manga,77,,2015,https://cdn.myanimelist.net/images/manga/1/166036l.jpg
2645,"Hitokuchi, Futakuchi,",,ひとくち、ふたくち、,Manga,77,,2015,https://cdn.myanimelist.net/images/manga/1/208173l.jpg
2645,Isekai ni Tensei shita Ore wa Saijoukyuu no Onna-tachi wo Atsumetemita!,,異世界に転生した俺は最上級の女たちを集めてみた!,Light Novel,77,,2015,https://cdn.myanimelist.net/images/manga/1/169598l.jpg
2645,Kappatsu Shounen Kanshasai,Active Boy's Thanksgiving Festival,活発少年感謝祭,Manga,77,,2015,https://cdn.myanimelist.net/images/manga/2/259482l.jpg
2645,Mahiru no Hyakki Yakou,Daytime Pandemonium.,真昼の百鬼夜行,Manga,77,,2015,https://cdn.myanimelist.net/images/manga/3/209066l.jpg
2645,One Shota Witches! Anata no Maryoku wo Sosoginasai,,おねショタウィッチーズ! あなたの魔力を注ぎなさい,Light Novel,77,,2015,https://cdn.myanimelist.net/images/manga/1/163075l.jpg
2645,Ore no Onshi wa Kuso Bitch,,俺の恩師は糞ビッチ,Light Novel,77,,2015,https://cdn.myanimelist.net/images/manga/1/159804l.jpg
2645,"SE-X File: Youkoso, Saijou Higashi Koukou ""Choujou Genshou☆Tankyuu-bu"" e!",,SE-Xふぁいる ようこそ、斎条東高校「超常現象☆探求部」へ!,Light Novel,77,,2015,https://cdn.myanimelist.net/images/manga/1/169327l.jpg
2645,Sora ni Furu no wa Akane no Mahou,,空に降るのは茜の魔法,Manga,77,,2015,https://cdn.myanimelist.net/images/manga/2/182368l.jpg
2645,Tabemono Kemono,,たべものけもの,Manga,77,,2015,https://cdn.myanimelist.net/images/manga/2/174581l.jpg
2645,Tanetsuke TS! Onna ni Natta Ore wo Haramaseru no wa Yamero!,,種付けTS! ~女になった俺を孕ませるのはやめろ! ~,Light Novel,77,,2015,https://cdn.myanimelist.net/images/manga/3/162703l.jpg
2645,Tasogaregai no Korosanai Ansatsusha,Tenderhearted Assassin at the Wheat Sky Street,黄昏街の殺さない暗殺者,Light Novel,77,,2015,https://cdn.myanimelist.net/images/manga/3/174861l.jpg
2645,Toaru Hi no Yorumichi,,とある日の寄り道,One-shot,77,,2015,https://cdn.myanimelist.net/images/manga/1/161189l.jpg
2645,Tokyo Senyaku Koukou Dai-72 Toubatsuhan,Tokyo Disaster Shooter High School,東京戦厄高校第72討伐班,Light Novel,77,,2015,https://cdn.myanimelist.net/images/manga/1/159801l.jpg
2664,"Akuyaku, Hajimemashita",,悪役、はじめました,Light Novel,76,,2015,https://cdn.myanimelist.net/images/manga/3/175990l.jpg
2664,Bitch no Furi wo Suru Ojousama no Shojo wo Oishiku Itadakimashita♪,,ビッチのフリをするお嬢さまの処女をおいしくいただきました♪,Light Novel,76,,2015,https://cdn.myanimelist.net/images/manga/2/168371l.jpg
2664,Dragon Eye RT,,龍眼RT‐ドラゴンアイ‐,Manga,76,,2015,https://cdn.myanimelist.net/images/manga/1/230900l.jpg
2664,Gokuin Bimajo Senka,,極淫 美魔女専科,Manga,76,,2015,https://cdn.myanimelist.net/images/manga/1/257090l.jpg
2664,Heroine to Flag wo Tateru 100 no Houhou,,彼女〈ヒロイン〉とフラグを立てる１００の方法,Light Novel,76,,2015,https://cdn.myanimelist.net/images/manga/1/160555l.jpg
2664,"Imouto dakedo Oniichan, H Shiyo! H Shiyo! H Shiyou yo!",,妹だけどお兄ちゃん、Hしよ！ Hしよ！ Hしようよ！,Manga,76,,2015,https://cdn.myanimelist.net/images/manga/3/249421l.jpg
2664,Iroha wa Renge,,いろはにれんげ,Manga,76,,2015,https://cdn.myanimelist.net/images/manga/1/156305l.jpg
2664,Iyarashii Koto Shite,,イやらしいコとシて,Manga,76,,2015,https://cdn.myanimelist.net/images/manga/2/213638l.jpg
2664,King's Cross,,キングスクロス,Manga,76,,2015,https://cdn.myanimelist.net/images/manga/2/174536l.jpg
2664,Kyokon no Ore ga Toumei Ningen ni Natte Risou no Kanojo Kozukuri Taiken!,,巨根の俺が透明人間になって理想の彼女と子作り体験！,Light Novel,76,,2015,https://cdn.myanimelist.net/images/manga/2/159696l.jpg
2664,Nibun no Ichi,,にぶんのいち,One-shot,76,,2015,https://cdn.myanimelist.net/images/manga/1/248205l.jpg
2664,Oniichan no Koto ga Sukisugite Ippai Seikyouiku Sareta no!,,お兄ちゃんのことが好きすぎていっぱい性教育されたの!,Light Novel,76,,2015,https://cdn.myanimelist.net/images/manga/3/178045l.jpg
2664,Otaku Circle no Hime ni Kokurareta Kekka wwwww,,オタサーの姫に告られた結果ｗｗｗｗｗ,Light Novel,76,,2015,https://cdn.myanimelist.net/images/manga/3/169415l.jpg
2664,Sakura x Saku,Sakra Sacrifice,サクラ×サク,Light Novel,76,,2015,https://cdn.myanimelist.net/images/manga/2/177413l.jpg
2664,Senkan Gakuen no Gramritter,,戦艦学園のグラムリッター,Light Novel,76,,2015,https://cdn.myanimelist.net/images/manga/1/177575l.jpg
2664,Sex Friend kara Kanojo ni Naru Houhou.,"How to Go from ""Lovers"" to in Love",セフレから彼女になる方法。,Manga,76,,2015,https://cdn.myanimelist.net/images/manga/1/232060l.jpg
2664,"Shindan no Kekka, Sore wa Koi no Yamai desu",,診断の結果、それは恋の病です,Light Novel,76,,2015,https://cdn.myanimelist.net/images/manga/3/172923l.jpg
2664,Shinigami Tsuki no Amamiya-san,Amamiya With the Reaper,死神憑きの天宮さん,Manga,76,,2015,https://cdn.myanimelist.net/images/manga/1/227822l.jpg
2664,Tokimeki Apartment Seikatsu: Itoshi no Kanrinin-san to Miwaku no Rinjin-tachi,,ときめきアパート性活 愛しの管理人さんと魅惑の隣人たち,Light Novel,76,,2015,https://cdn.myanimelist.net/images/manga/2/169253l.jpg
2664,Utsuro No Shirayuri,Hollow White Lily,虚ろの白百合,One-shot,76,,2015,https://cdn.myanimelist.net/images/manga/3/311585l.jpg
2664,Xenosfeed Online,,ゼノスフィード・オンライン,Light Novel,76,,2015,https://cdn.myanimelist.net/images/manga/1/181323l.jpg
2685,Beauty Mark,,Beauty Mark,Manga,75,,2015,https://cdn.myanimelist.net/images/manga/2/243962l.jpg
2685,Bokukko Yuusha Fam no Haiboku,,ボクっ娘勇者ファムの敗北,Light Novel,75,,2015,https://cdn.myanimelist.net/images/manga/1/170798l.jpg
2685,Bukiyou na Tenshi no Toriatsukai Setsumeisho,Instruction Manual of the Clumsy Angel,不器用な天使の取扱説明書,Light Novel,75,,2015,https://cdn.myanimelist.net/images/manga/2/165730l.jpg
2685,Cake Ouji no Spécialité,,ケーキ王子の名推理〈スペシャリテ〉,Novel,75,,2015,https://cdn.myanimelist.net/images/manga/3/277132l.jpg
2685,"Chichi ni Koishita Inran Musume ""Ayako"": Otousan wa Dare ni mo Watasanai",,父に恋した淫乱娘「彩子」 ～お父さんは誰にも渡さない～,Light Novel,75,,2015,https://cdn.myanimelist.net/images/manga/3/165324l.jpg
2685,"Douteisute ni Fuuzoku ni Ittara Onna no Ko ga Shojo Datta n da ga, Ore wa Dousureba Ii!?",,童貞捨てに風俗に行ったら女の子が処女だったんだが、俺はどうすればいい！？,Light Novel,75,,2015,https://cdn.myanimelist.net/images/manga/2/168376l.jpg
2685,Hamidashi Yousei Familia Seisenki,Epic of non-standard Familia,はみ出し妖精旅団〈ファミリア〉征戦記,Light Novel,75,,2015,https://cdn.myanimelist.net/images/manga/1/169565l.jpg
2685,Inu mo Kuwanai,,イヌも喰わない,Doujinshi,75,,2015,https://cdn.myanimelist.net/images/manga/1/181693l.jpg
2685,Joukamachi wa Kyou mo Mahou Jiken de Afureteiru,,城下町は今日も魔法事件であふれている,Light Novel,75,,2015,https://cdn.myanimelist.net/images/manga/3/176709l.jpg
2685,Koroshitagari no Tenshi-chan wa Kuroki-kun no Yume wo Miru.,Does a murder-loving angel dream of Kuroki-kun?,殺したがりの天使ちゃんは黒木君の夢を見る。,Light Novel,75,,2015,https://cdn.myanimelist.net/images/manga/2/160746l.jpg
2685,Love Connector!,,らぶコネクタ! -Love Connector-,Manga,75,,2015,https://cdn.myanimelist.net/images/manga/1/166099l.jpg
2685,Mei wo Azukattara Maiban Sakusei sareteita Ken,,姪を預かったら毎晩搾精されていた件,One-shot,75,,2015,https://cdn.myanimelist.net/images/manga/3/166660l.jpg
2685,Money Football,,マネーフットボール,Manga,75,,2015,https://cdn.myanimelist.net/images/manga/1/164143l.jpg
2685,Mou Chuunibyou demo Ii mon!,,もう中二病でもいいもんっ!,Light Novel,75,,2015,https://cdn.myanimelist.net/images/manga/2/165077l.jpg
2685,Nariagari Eiyuutan: Kuzuboshi Ouji no Senshi,,成り上がり英雄譚 屑星皇子の戦詩,Light Novel,75,,2015,https://cdn.myanimelist.net/images/manga/2/197984l.jpg
2685,Oneechan Byoutou♥: Otouto no xxx Chiryou Shichau yo♥,,お姉ちゃん病棟♥ ～弟の×××治療しちゃうよ♥～,Manga,75,,2015,https://cdn.myanimelist.net/images/manga/1/227219l.jpg
2685,Orc no Tame no Onna Kishi Taisaku Manual,,オークのための女騎士対策マニュアル,Manga,75,,2015,https://cdn.myanimelist.net/images/manga/3/247483l.jpg
2685,Ore no Saimin Fantasia: Ero Saimin de Ikusa Megami kara Maou made Hame Houdai!!,,俺の催眠ファンタジア ～エロ催眠で戦女神から魔王までハメ放題!!～,Light Novel,75,,2015,https://cdn.myanimelist.net/images/manga/2/166365l.jpg
2685,Share House Netherland,,SHARE HOUSE NETHERLAND,Manga,75,,2015,https://cdn.myanimelist.net/images/manga/1/233408l.jpg
2685,Sil,,실,Manhwa,75,,2015,https://cdn.myanimelist.net/images/manga/2/222665l.jpg
2685,Tsunmazo Maou to Pure Ero Yuusha ga Arawareta!,,ツンマゾ魔王とピュアエロ勇者があらわれた！,Light Novel,75,,2015,https://cdn.myanimelist.net/images/manga/3/166094l.jpg
2685,Yusesoma.,,ゆせそま。,Manga,75,,2015,https://cdn.myanimelist.net/images/manga/1/179677l.jpg
2707,Akuochi-hime wa Jikka Botsuraku wo Nerau,,悪堕ち姫は実家没落をねらう,Light Novel,74,,2015,https://cdn.myanimelist.net/images/manga/1/165938l.jpg
2707,Chu Paradise,,ちゅーぱらだいす,Light Novel,74,,2015,https://cdn.myanimelist.net/images/manga/1/165206l.jpg
2707,Eiyuu Toshi no Bakadomo,,英雄都市のバカども,Light Novel,74,,2015,https://cdn.myanimelist.net/images/manga/1/167514l.jpg
2707,Hadaka no Ringo,,はだかの林檎,Manga,74,,2015,https://cdn.myanimelist.net/images/manga/1/179969l.jpg
2707,Himekishi Quest,,姫騎士くえすと,Light Novel,74,,2015,https://cdn.myanimelist.net/images/manga/3/153823l.jpg
2707,Houkago Gal Hame Nikubenki,,放課後ギャルハメ肉便器,Manga,74,,2015,https://cdn.myanimelist.net/images/manga/2/249503l.jpg
2707,"Houkago, Aimashou/Re.",,放課後、あいましょう/Re.,Manga,74,,2015,https://cdn.myanimelist.net/images/manga/1/239331l.jpg
2707,Junshin Senshi Cutie Wind: Shokushu no Maetsu ni Miirarete,,純真戦士キューティウィンド 触手の魔悦に魅入られて,Light Novel,74,,2015,https://cdn.myanimelist.net/images/manga/1/163892l.jpg
2707,Kami Kourin: H na Oshioki Kaeriuchi,,神降臨-Hなお仕置き返り討ち-,Light Novel,74,,2015,https://cdn.myanimelist.net/images/manga/2/169766l.jpg
2707,Kimi wo Muchuu ni!,,きみをむちゅうに！,One-shot,74,,2015,https://cdn.myanimelist.net/images/manga/3/160408l.jpg
2707,"Koakuma na Kouhai Konbini ""Yuuwaku no Renshuu Aite"" Toshite Erabareta Ken",,小悪魔な後輩コンビに「誘惑の練習相手」として選ばれた件,Light Novel,74,,2015,https://cdn.myanimelist.net/images/manga/2/154393l.jpg
2707,Last Phoenix,,ラスト・フェニックス,Light Novel,74,,2015,https://cdn.myanimelist.net/images/manga/2/159213l.jpg
2707,Miracle App Store,,기적의 앱스토어,Manhwa,74,,2015,https://cdn.myanimelist.net/images/manga/3/342215l.jpg
2707,Onigoroki,,オニゴロキ,One-shot,74,,2015,https://cdn.myanimelist.net/images/manga/1/226282l.jpg
2707,Shoujo Porno,,少女ポルノ,Manga,74,,2015,https://cdn.myanimelist.net/images/manga/1/243810l.jpg
2707,Uchi no Miko ga Ichiban Kawaii!,,うちの巫女が一番かわいい！,Light Novel,74,,2015,https://cdn.myanimelist.net/images/manga/3/156098l.jpg
2707,Yummy Yummy Boy: Yen Man no Hiketsu,,Yummy Yummy Boy -Yen Man No Hiketsu-,Manga,74,,2015,https://cdn.myanimelist.net/images/manga/1/248848l.jpg
2707,Zeniya-kun no Koi wa Kaneshidai,,銭谷くんの恋は金次第,Manga,74,,2015,https://cdn.myanimelist.net/images/manga/2/204075l.jpg
2725,Chijoku Mamire no Danchizuma: Hakuchuu no Ingi ni Naku Nyotai,,恥辱まみれの団地妻 ――白昼の淫技に啼く女体――,Light Novel,73,,2015,https://cdn.myanimelist.net/images/manga/3/169250l.jpg
2725,Chocolatier wa Koi ni Torokeru,Chocolatier Melts in Love.,ショコラティエは恋に蕩ける,Light Novel,73,,2015,https://cdn.myanimelist.net/images/manga/3/167593l.jpg
2725,Cool na Seitokaichou wa Pilot Kouhosei: Ecchi de Midareru hodo Synchro-ritsu Up!,,クールな生徒会長はパイロット候補生 エッチで乱れるほどシンクロ率アップ！,Light Novel,73,,2015,https://cdn.myanimelist.net/images/manga/3/157989l.jpg
2725,Courtbonny Kyouju,,コートボニー教授,Light Novel,73,,2015,https://cdn.myanimelist.net/images/manga/2/176231l.jpg
2725,Harem Pandemonium,,ハーレムパンデモニウム,Light Novel,73,,2015,https://cdn.myanimelist.net/images/manga/1/168851l.jpg
2725,Honey Salt and Bitter Sugar,Honey-Salt and Bitter Sugar,ハニーソルトアンドビターシュガー,Manga,73,,2015,https://cdn.myanimelist.net/images/manga/1/229016l.jpg
2725,"Joshiryou no Ryouchou ni Natta Ore wa, Gotouchi Joshi to Seishun Dekiru darou ka",,女子寮の寮長になった俺は、ご当地女子と青春できるだろうか,Light Novel,73,,2015,https://cdn.myanimelist.net/images/manga/2/165835l.jpg
2725,Keppuu no Legends,,血風の英雄伝承〈レジェンズ〉,Light Novel,73,,2015,https://cdn.myanimelist.net/images/manga/1/164590l.jpg
2725,Kujou-kun no Bimi naru Houkago,,九条くんの美味なる放課後,Manga,73,,2015,https://cdn.myanimelist.net/images/manga/3/180443l.jpg
2725,Ore no Jinsei wa Kami Game de Aru!,,俺の人生は神ゲーである！,Light Novel,73,,2015,https://cdn.myanimelist.net/images/manga/2/160887l.jpg
2725,Renai Saiban: Boku wa Guilty?,,恋愛裁判 僕は有罪〈ギルティ〉?,Light Novel,73,,2015,https://cdn.myanimelist.net/images/manga/1/156963l.jpg
2725,Seiso Bitch ni Yoru Bakunyuu Milk wa Ikaga desu ka?,,清楚ビッチによる爆乳ミルクはいかがですか?,Light Novel,73,,2015,https://cdn.myanimelist.net/images/manga/1/165321l.jpg
2725,Usotsuki Ouji to Himitsu no Koi,,うそつき王子と秘密の恋,Light Novel,73,,2015,https://cdn.myanimelist.net/images/manga/2/180320l.jpg
2725,Yuurei Ouji no Risouteki na Himegimi: Ochiteru Yuurei wa Ore no Yome,,幽霊王子の理想的な姫君 落ちてる幽霊は俺の嫁,Light Novel,73,,2015,https://cdn.myanimelist.net/images/manga/3/152784l.jpg
2739,Aldi El: Yattsu no Chi,,アルディエル～八つの地～,Manga,72,,2015,https://cdn.myanimelist.net/images/manga/2/159788l.jpg
2739,Bishoujo Heroine Dual Cross,,美・少・女ヒロインデュアルクロス,Light Novel,72,,2015,https://cdn.myanimelist.net/images/manga/1/170800l.jpg
2739,Dame Makishi no Held Straße,Heroic tale of the Lazy knight,ダメ魔騎士の英雄煌路〈ヘルトシュトラッセ〉,Light Novel,72,,2015,https://cdn.myanimelist.net/images/manga/3/199733l.jpg
2739,Daten Sakusen,,堕天作戦,Manga,72,,2015,https://cdn.myanimelist.net/images/manga/3/294294l.jpg
2739,Dictators: Rettou no Dokusaisha,,ディクテーターズ ―列島の独裁者―,Manga,72,,2015,https://cdn.myanimelist.net/images/manga/3/200349l.jpg
2739,"Futeizuma Shiori: Shisen wo Kanjite, Watashi......",,不貞妻 詩織 視線を感じて、私……,Light Novel,72,,2015,https://cdn.myanimelist.net/images/manga/2/168002l.jpg
2739,Honey Splash!,,Honey Splash!,One-shot,72,,2015,https://cdn.myanimelist.net/images/manga/2/171000l.jpg
2739,Imouto Netori: Mi mo Kokoro mo Oniichan no Mono,,妹寝取り～身も心もお兄ちゃんのもの～,Light Novel,72,,2015,https://cdn.myanimelist.net/images/manga/1/162168l.jpg
2739,Kimomen demo Kyokon nara Hito no Tsuma wo Jibun no Mono ni Dekiru!,,キモメンでも巨根なら人の妻を自分のモノにできる!,Light Novel,72,,2015,https://cdn.myanimelist.net/images/manga/1/169005l.jpg
2739,Mahou Shoujo Overage,Magical Girl Overage,魔法少女オーバーエイジ,Light Novel,72,,2015,https://cdn.myanimelist.net/images/manga/2/160785l.jpg
2739,Meiwaku ga Sugiru Rinjin,,迷惑がすぎる隣人,Manga,72,,2015,https://cdn.myanimelist.net/images/manga/2/156828l.jpg
2739,Minarai Shota Kishi no Harem Gakuen Seikatsu,,見習いショタ騎士のハーレム学園性活,Light Novel,72,,2015,https://cdn.myanimelist.net/images/manga/2/168894l.jpg
2739,Miraigata Renai Danshi 46,,未来型恋愛男子46,Manga,72,,2015,https://cdn.myanimelist.net/images/manga/3/174649l.jpg
2739,Negoya-kun no Renai Kansatsu,,根古谷くんの恋愛観察,Manga,72,,2015,https://cdn.myanimelist.net/images/manga/3/239208l.jpg
2739,Ore no Kanojo wa Loli de BBA de Kyuuketsuki!?,,俺の彼女はロリでBBAで吸血鬼! ?,Light Novel,72,,2015,https://cdn.myanimelist.net/images/manga/2/173280l.jpg
2739,Pierce Hole wa Fusagenai,My Piercing Won't Close,ピアスホールは塞げない,Manga,72,,2015,https://cdn.myanimelist.net/images/manga/3/282333l.jpg
2739,Prometeo,,プロメテオ,Manga,72,,2015,https://cdn.myanimelist.net/images/manga/2/171980l.jpg
2739,Sake to Sakana,,酒と魚,One-shot,72,,2015,https://cdn.myanimelist.net/images/manga/3/235756l.jpg
2739,Satomi☆Hakkenden Reboot,,里見☆八犬伝REBOOT,Manga,72,,2015,https://cdn.myanimelist.net/images/manga/2/166100l.jpg
2739,World End Eclipse: Tenkyuu no Gunshi,,ワールド エンド エクリプス 天穹の軍師,Light Novel,72,,2015,https://cdn.myanimelist.net/images/manga/1/178113l.jpg
2759,Aragami-sama no Gift World,Aragami in the Gift World,新神さまの異能世界〈ギフトワールド〉,Manga,71,,2015,https://cdn.myanimelist.net/images/manga/3/217654l.jpg
2759,Boku no Aruji wa Torogao Ojousama,,僕の主はトロ顔お嬢様,Light Novel,71,,2015,https://cdn.myanimelist.net/images/manga/2/187304l.jpg
2759,Crimson Magi Trunnion,,深紅の魔砲耳〈クリムゾン・マギ・トラニオン〉,Light Novel,71,,2015,https://cdn.myanimelist.net/images/manga/2/160018l.jpg
2759,Daten no Shiren,,堕天のシレン,Light Novel,71,,2015,https://cdn.myanimelist.net/images/manga/3/176328l.jpg
2759,Hidaru to Hiruda,Hidaru & Hiruda,ヒダルとヒルダ,Manga,71,,2015,https://cdn.myanimelist.net/images/manga/3/258952l.jpg
2759,"Houkago no Game Friend, Kimi no Ita Kisetsu",,放課後のゲームフレンド、君のいた季節,Light Novel,71,,2015,https://cdn.myanimelist.net/images/manga/2/159760l.jpg
2759,Kamisama no Iru Machi,,神様のいる街,One-shot,71,,2015,https://cdn.myanimelist.net/images/manga/1/310566l.jpg
2759,Kiri no Rakuen,,霧の楽園,Light Novel,71,,2015,https://cdn.myanimelist.net/images/manga/3/153657l.jpg
2759,Kouketsu no Kumikyoku,Cross Blood Suite,交血の組曲―コウケツノクミキョク―,Manga,71,,2015,https://cdn.myanimelist.net/images/manga/2/177840l.jpg
2759,Monootoko,,物男－モノオトコ－,Manga,71,,2015,https://cdn.myanimelist.net/images/manga/1/205880l.jpg
2759,Mutsunohana*Exodus,,むつの花＊エクソダす,Manga,71,,2015,https://cdn.myanimelist.net/images/manga/2/175573l.jpg
2759,Ore to Mamono no Isekai Restaurant,,俺と魔物の異世界レストラン,Light Novel,71,,2015,https://cdn.myanimelist.net/images/manga/3/169016l.jpg
2759,"Otouto Ijou, Danshi Miman.",,弟以上、男子未満。,Manga,71,,2015,https://cdn.myanimelist.net/images/manga/1/208972l.jpg
2759,Samurai Half,,サムライハーフ,Manga,71,,2015,https://cdn.myanimelist.net/images/manga/2/178123l.jpg
2773,"Ashita, Kyou no Kimi ni Aenakutemo","See you tomorrow, even though you won't be what you are...",明日、今日の君に逢えなくても,Light Novel,70,,2015,https://cdn.myanimelist.net/images/manga/1/162771l.jpg
2773,Bokura no Genji-hime,,僕らの源氏姫,Manga,70,,2015,https://cdn.myanimelist.net/images/manga/1/154256l.jpg
2773,Fake Game,,フェイクゲーム,Light Novel,70,,2015,https://cdn.myanimelist.net/images/manga/2/163634l.jpg
2773,Gekijouban Persona 3: Comic Anthology,,劇場版「ペルソナ3」コミックアンソロジー,Manga,70,,2015,https://cdn.myanimelist.net/images/manga/1/298560l.jpg
2773,Gekisen Mahoushi,High-speed wizards' war in Fluchstadt Magic and Gunfire,撃戦魔法士,Light Novel,70,,2015,https://cdn.myanimelist.net/images/manga/3/176456l.jpg
2773,Harem Merchant,,ハーレムマーチャント,Light Novel,70,,2015,https://cdn.myanimelist.net/images/manga/2/168003l.jpg
2773,Hello Deadline,,ハロー・デッドライン,Light Novel,70,,2015,https://cdn.myanimelist.net/images/manga/1/169895l.jpg
2773,Hitasura Amaku Ichaicha na Noukou Ero Love Story!,,ひたすら甘くイチャイチャな濃厚エロラブストーリー！,Light Novel,70,,2015,https://cdn.myanimelist.net/images/manga/2/160613l.jpg
2773,"Isshuukan Gentei Danshi.: Watashi ga Otoko ni Natta Totan, Onna Tomodachi ga Hatsujou shita Ken",,一週間限定男子。～私が男になった途端、女友達が発情した件～,Light Novel,70,,2015,https://cdn.myanimelist.net/images/manga/3/165456l.jpg
2773,Kagai Katsudou Survival Method,Extracurricular Survival Methods,課外活動サバイバルメソッド,Light Novel,70,,2015,https://cdn.myanimelist.net/images/manga/3/176714l.jpg
2773,Kozukuri shitai Bishoujo-tachi ga Arawareta node Sex Harem wo Tsukuru Koto ni Kimemashita,,子作りしたい美少女たちが現れたのでセックスハーレムを作ることに決めました,Light Novel,70,,2015,https://cdn.myanimelist.net/images/manga/1/163782l.jpg
2773,Meet Meat,,Meet Meat,One-shot,70,,2015,https://cdn.myanimelist.net/images/manga/3/284386l.jpg
2773,Nagisa Beach ni Modaeru Inda no Megami,,渚 ビーチに悶える淫堕の女神,Light Novel,70,,2015,https://cdn.myanimelist.net/images/manga/2/172503l.jpg
2773,Nakikurabe: Chijoku ni Midareru Bishoujo Shimai,,啼きくらべ ――恥辱に乱れる美少女姉妹――,Light Novel,70,,2015,https://cdn.myanimelist.net/images/manga/1/169291l.jpg
2773,Paradise Hazard,,ぱらだいす・はざーど,Manga,70,,2015,https://cdn.myanimelist.net/images/manga/2/194333l.jpg
2773,Princess-biyori,,プリンセスビヨリ,Manga,70,,2015,https://cdn.myanimelist.net/images/manga/1/196768l.jpg
2773,Seikishi Claire: Chigoku Mesugari,,聖騎士クレイア 恥辱牝狩り,Light Novel,70,,2015,https://cdn.myanimelist.net/images/manga/1/172571l.jpg
2773,Tadatada Sex ga Suki♥,,ただただSEXが好き♥,Manga,70,,2015,https://cdn.myanimelist.net/images/manga/1/281467l.jpg
2773,Tenkyuu wa Haruka: Keigetsu Den,,天穹は遥か -景月伝-,Manga,70,,2015,https://cdn.myanimelist.net/images/manga/1/162689l.jpg
2773,Toaru Ouji no Royal Eater: W Bishoujo-hime to H na Joou-sama de Oyako Donburi,,とある王子の大国喰い〈ロイヤルイーター〉 W美少女姫とHな女王様で母娘丼,Light Novel,70,,2015,https://cdn.myanimelist.net/images/manga/2/168886l.jpg
2773,Troy,,트로이,Manhwa,70,,2015,https://cdn.myanimelist.net/images/manga/2/193027l.jpg
2773,Wagaya no Ano Ko wa Erogänger!?,,我が家のあの娘はエロゲンガー!?,Light Novel,70,,2015,https://cdn.myanimelist.net/images/manga/3/165417l.jpg
2773,Yatagarasu,,ヤタガラス,Light Novel,70,,2015,https://cdn.myanimelist.net/images/manga/1/169673l.jpg
2796,"Densetsu no Kabe wo Koe, Donsuru Kabedon",,伝説の壁を越え、鈍する神話譚〈壁ドン〉,Light Novel,69,,2015,https://cdn.myanimelist.net/images/manga/3/148259l.jpg
2796,Granba,,ぐらんば,Manga,69,,2015,https://cdn.myanimelist.net/images/manga/2/173359l.jpg
2796,Guilty Arms,,ギルティ・アームズ,Light Novel,69,,2015,https://cdn.myanimelist.net/images/manga/2/176493l.jpg
2796,Isekai Bouzu wa Namagusai,,異世界坊主はナマグサい,Light Novel,69,,2015,https://cdn.myanimelist.net/images/manga/1/169788l.jpg
2796,Kabocha Atama no Lanthan,Lanthan of pumpkin head,カボチャ頭のランタン,Light Novel,69,,2015,https://cdn.myanimelist.net/images/manga/2/176711l.jpg
2796,"Kanzen Muketsu no Dame Ane Harem: Nee, Chanto Mendou Minasai!",,完全無欠のダメ姉ハーレム ねえ、ちゃんと面倒みなさい!,Light Novel,69,,2015,https://cdn.myanimelist.net/images/manga/3/164185l.jpg
2796,Kozukuri-bu ni Haitta Ore wa Bishoujo Sannin to Yaritai Houdai!,,子作り部に入った俺は美少女三人とヤリたい放題!,Light Novel,69,,2015,https://cdn.myanimelist.net/images/manga/2/152327l.jpg
2796,Love x Love Game,,ラブ×ラブゲーム,Manga,69,,2015,https://cdn.myanimelist.net/images/manga/1/247363l.jpg
2796,Mama Reido,,母隷奴,Manga,69,,2015,https://cdn.myanimelist.net/images/manga/2/258237l.jpg
2796,Oniyome-sama no Otenami Haiken! Series,,鬼嫁さまのおてなみ拝見!シリーズ,Light Novel,69,,2015,https://cdn.myanimelist.net/images/manga/3/167538l.jpg
2796,Ore to Sex shite Kudasai,I Want Only You,俺とセックスしてください,Manga,69,,2015,https://cdn.myanimelist.net/images/manga/1/253504l.jpg
2796,Persona 4: Dancing All Night - Comic Anthology,,ペルソナ4 ダンシング・オールナイト コミックアンソロジー,Manga,69,,2015,https://cdn.myanimelist.net/images/manga/2/300548l.jpg
2796,Tensei Juusha no Black Chronicle,,転生従者の悪政改革録〈ブラック・クロニクル〉,Light Novel,69,,2015,https://cdn.myanimelist.net/images/manga/3/167089l.jpg
2796,Ware ni Cheat wo,Give me cheat!,我にチートを,Light Novel,69,,2015,https://cdn.myanimelist.net/images/manga/2/184093l.jpg
2796,Warlock x Holmes,Warlock Holmes,魔探偵〈ウォーロック〉×ホームズ,Light Novel,69,,2015,https://cdn.myanimelist.net/images/manga/2/158576l.jpg
2796,Yakunyan,,やくにゃん,Manga,69,,2015,https://cdn.myanimelist.net/images/manga/3/171048l.jpg
2812,Baraouin Karen no Salon Jikenbo,,薔薇王院可憐のサロン事件簿,Light Novel,68,,2015,https://cdn.myanimelist.net/images/manga/3/171929l.jpg
2812,Bishoujo Kishi Sierra: Watashi ni Katanai to Koibito ni Shite Agenai n Dakara!,,美少女騎士シエラ 私に勝たないと恋人にしてあげないんだからっ！,Light Novel,68,,2015,https://cdn.myanimelist.net/images/manga/3/172501l.jpg
2812,Harem Garden,,ハーレムガーデン,Light Novel,68,,2015,https://cdn.myanimelist.net/images/manga/3/168799l.jpg
2812,Harem Secret,,ハーレムシークレット,Light Novel,68,,2015,https://cdn.myanimelist.net/images/manga/1/161590l.jpg
2812,Harem na Natsuyasumi: Inaka no Bishoujo Itoko to Midara na Oba-tachi,,ハーレムな夏休み 田舎の美少女従妹と淫らな叔母たち,Light Novel,68,,2015,https://cdn.myanimelist.net/images/manga/2/162572l.jpg
2812,Hontou wa Kowai Tomodachi no Okaasan,,本当は怖い友達のお母さん,One-shot,68,,2015,https://cdn.myanimelist.net/images/manga/2/283647l.jpg
2812,Hoshi no Oujo to Yandere Imouto no Nikuyoku Arasoi: Seishi wo Kakeru Daisoudou,,星の皇女とヤンデレ妹の肉欲の争い~セイシをカける大騒動~,Light Novel,68,,2015,https://cdn.myanimelist.net/images/manga/2/154391l.jpg
2812,Isekai demo Dekiru Imouto wa Ikaga deshou ka?,,異世界でもデキる妹はいかがでしょうか?,Light Novel,68,,2015,https://cdn.myanimelist.net/images/manga/3/164875l.jpg
2812,Juu to Usagi to Twintail,,銃とウサギとツインテール,Light Novel,68,,2015,https://cdn.myanimelist.net/images/manga/3/178462l.jpg
2812,Konkatsu wa Madousho kara,,婚活は魔導書から,Manga,68,,2015,https://cdn.myanimelist.net/images/manga/3/225406l.jpg
2812,Kowai Hanashi: Otona no Tame no Gokujou Horror,,こわいはなし 大人のための極上ホラー,Manga,68,,2015,https://cdn.myanimelist.net/images/manga/1/258723l.jpg
2812,Kyonyuu JK Saiin Choukyou: Kimonii wa Imouto wo Milk Nomi Ningyou ni,,巨乳ＪＫ催淫調教 ―キモ兄は妹をミルク飲み人形に―,Light Novel,68,,2015,https://cdn.myanimelist.net/images/manga/1/169539l.jpg
2812,Namameku Bijin Sanshimai: Leotard no Yuuwaku,,なまめく美人三姉妹 レオタードの誘惑,Light Novel,68,,2015,https://cdn.myanimelist.net/images/manga/1/169283l.jpg
2812,Ochikobore Kenki to Toushin Gakuin no Kyoukan,,落ちこぼれ剣姫と闘神学院の教官,Light Novel,68,,2015,https://cdn.myanimelist.net/images/manga/3/159214l.jpg
2812,Puppet Call!,,ぱぺっとコール！,Manga,68,,2015,https://cdn.myanimelist.net/images/manga/2/203232l.jpg
2812,Ryuujin-den Gagamaru,,龍刃伝ガガ丸,One-shot,68,,2015,https://cdn.myanimelist.net/images/manga/3/211429l.jpg
2812,Shichinin no Majo to Haikaburi no Sora no Legatus,The Seven Witches and Legatus of Cinderella Sky,七人の魔女と灰被りの空の御剣者〈レガトゥス〉,Light Novel,68,,2015,https://cdn.myanimelist.net/images/manga/2/162765l.jpg
2812,Tsurugane-sensei,,吊金先生,Manga,68,,2015,https://cdn.myanimelist.net/images/manga/3/221463l.jpg
2812,Waga Hero no Tame no Alchemuls,,我がヒーローのための絶対悪〈アルケマルス〉,Light Novel,68,,2015,https://cdn.myanimelist.net/images/manga/2/177913l.jpg
2812,Wagahai no Heya de Aru,,吾輩の部屋である,Manga,68,,2015,https://cdn.myanimelist.net/images/manga/1/199490l.jpg
2812,Youkai Denki Roku69Bi,,妖怪伝奇 Roku69Bi-ロクロックビ-,Manga,68,,2015,https://cdn.myanimelist.net/images/manga/2/167816l.jpg
2833,Azumi-san wa Taosenai!,,あずみさんは倒せないっ,Manga,67,,2015,https://cdn.myanimelist.net/images/manga/1/203954l.jpg
2833,Bara Juuji Sousho: Walpurgis no Himatsuri,,薔薇十字叢書 ヴァルプルギスの火祭,Light Novel,67,,2015,https://cdn.myanimelist.net/images/manga/3/166010l.jpg
2833,Bokura ga Kowareta Natsuyasumi.,The Summer That Broke Us,僕らが壊れた夏休み。,Manga,67,,2015,https://cdn.myanimelist.net/images/manga/1/291557l.jpg
2833,Daremo Oshiete Kurenakatta: Mushoku kara Eiyuu no Nakama no Shounin ni Naru Houhou,,誰も教えてくれなかった 無職から英雄の仲間の商人になる方法,Light Novel,67,,2015,https://cdn.myanimelist.net/images/manga/2/178114l.jpg
2833,Eiyuu Shikkaku,,英雄失格,Light Novel,67,,2015,https://cdn.myanimelist.net/images/manga/1/176386l.jpg
2833,Ero Live!: Iinari Idol Project,,エロライブ！ 言いなりアイドルプロジェクト,Light Novel,67,,2015,https://cdn.myanimelist.net/images/manga/1/169463l.jpg
2833,Gakuen Caste: Youmuin Gesuyama no Gyakuten Shihai Seikatsu,,学園カースト~用務員下衆山の逆転支配生活~,Light Novel,67,,2015,https://cdn.myanimelist.net/images/manga/2/165325l.jpg
2833,Hajimemashite Sayounara,,はじめまして さようなら,Manga,67,,2015,https://cdn.myanimelist.net/images/manga/2/200338l.jpg
2833,Heroine-tachi no Lullaby,Heroines' Lullaby,性女〈ヒロイン〉たちの子守歌〈ララバイ〉,Manga,67,,2015,https://cdn.myanimelist.net/images/manga/1/307311l.jpg
2833,Imouto Love!,,妹らぶ！,Doujinshi,67,,2015,https://cdn.myanimelist.net/images/manga/3/196777l.jpg
2833,Ippiki Ookami!,,いっぴきオーカミ！,Manga,67,,2015,https://cdn.myanimelist.net/images/manga/2/180419l.jpg
2833,Kanojo ga Catcher ni Natta Riyuu,The reason why she became a catcher,彼女が捕手〈キャッチャー〉になった理由,Light Novel,67,,2015,https://cdn.myanimelist.net/images/manga/3/169641l.jpg
2833,Kareshi Recipe,,カレシ・レシピ,Manga,67,,2015,https://cdn.myanimelist.net/images/manga/3/181961l.jpg
2833,Keiyaku no Kiss Mark,,契約の×××〈キス〉マーク,Light Novel,67,,2015,https://cdn.myanimelist.net/images/manga/2/171340l.jpg
2833,Koi Otome! Yandere Seitokaichou Sasara-senpai to Dokuzetsu Suiei-bu Kotoko-chan,,恋乙女！ ヤンデレ生徒会長ささら先輩と毒舌水泳部・琴子ちゃん,Light Novel,67,,2015,https://cdn.myanimelist.net/images/manga/1/179396l.jpg
2833,Kurama no Hirameki,,クラマの閃,One-shot,67,,2015,https://cdn.myanimelist.net/images/manga/2/193540l.jpg
2833,Mahou to Skytube de Ikiteiku,,魔法とSkyTubeで生きていく,Light Novel,67,,2015,https://cdn.myanimelist.net/images/manga/2/162843l.jpg
2833,Maid wa Susumuyo Dokomademo!,,メイドは進むよどこまでも！,Light Novel,67,,2015,https://cdn.myanimelist.net/images/manga/2/195899l.jpg
2833,Midara Shimai Asobi,,みだら姉妹遊び,Manga,67,,2015,https://cdn.myanimelist.net/images/manga/1/256456l.jpg
2833,Mousou App de XXX na Play Shitemita,,妄想アプリで×××なプレイしてみた,Manga,67,,2015,https://cdn.myanimelist.net/images/manga/1/194234l.jpg
2833,Omoni Otto.,,おもにおっと。,Manga,67,,2015,https://cdn.myanimelist.net/images/manga/3/221482l.jpg
2833,Sacred Chronicle,,セイクリッド・クロニクル,Light Novel,67,,2015,https://cdn.myanimelist.net/images/manga/1/177403l.jpg
2833,Sengoku Oppai,,戦国おっぱい,Light Novel,67,,2015,https://cdn.myanimelist.net/images/manga/1/169454l.jpg
2833,Sunny Day,,サニーデイ,One-shot,67,,2015,https://cdn.myanimelist.net/images/manga/1/230630l.jpg
2833,Tane mo Shikake mo Nai Love Story,There is no secret trick in this Love story.,タネも仕掛けもないラブストーリー,Manga,67,,2015,https://cdn.myanimelist.net/images/manga/1/178116l.jpg
2833,The Killing Vote,The Killing Vote,국민사형투표,Manhwa,67,,2015,https://cdn.myanimelist.net/images/manga/3/332122l.jpg
2833,Yuusha Ikkou Buraritabi,,勇者一行ぶらり旅,Light Novel,67,,2015,https://cdn.myanimelist.net/images/manga/3/168127l.jpg
2833,[Shougeki] Saimin wo Tsukattara Gakuen Ichi no Bishoujo ga Ore Senyou ni Natta Ken www,,【衝撃】催眠を使ったら学園一の美少女が俺専用になった件ｗｗｗ,Light Novel,67,,2015,https://cdn.myanimelist.net/images/manga/3/154609l.jpg
2861,Biyaku nante Baka ja Nai no!,,媚薬なんてバカじゃないの！,Light Novel,66,,2015,https://cdn.myanimelist.net/images/manga/3/169787l.jpg
2861,Chikanoko,,ちかのこ,Manga,66,,2015,https://cdn.myanimelist.net/images/manga/2/310416l.jpg
2861,Cross World Alchemica,,クロスワールド・アルケミカ,Light Novel,66,,2015,https://cdn.myanimelist.net/images/manga/1/176240l.jpg
2861,Haramase Yuusha: Bishoujo Maou-gun to Atotorizukuri,,孕ませ勇射 美少女魔王軍と跡取りづくり,Light Novel,66,,2015,https://cdn.myanimelist.net/images/manga/2/159389l.jpg
2861,Hobetsu Ichigo Hakusho,,ホ別イチゴ白書,Manga,66,,2015,https://cdn.myanimelist.net/images/manga/3/245751l.jpg
2861,Isekai Youkai Summoner,,異世界妖怪サモナー,Light Novel,66,,2015,https://cdn.myanimelist.net/images/manga/3/163493l.jpg
2861,Jiyuujizai ni Dekiru Ero App wo Tsukatte Riajuu wo Haramasete Mita,,自由自在にできるエロアプリを使ってリア充を孕ませてみた,Light Novel,66,,2015,https://cdn.myanimelist.net/images/manga/3/167721l.jpg
2861,Joou-sama Debut Shimashita.,,女王様デビューしました。,Light Novel,66,,2015,https://cdn.myanimelist.net/images/manga/3/193656l.jpg
2861,Kamikoi,,神恋 ―カミコイ―,Manga,66,,2015,https://cdn.myanimelist.net/images/manga/3/165906l.jpg
2861,Machigatte Tensei shita Ore to Ikusa Otome no Sex Eiyuutan,,間違って転生した俺と戦乙女のセックス英雄譚,Light Novel,66,,2015,https://cdn.myanimelist.net/images/manga/1/165779l.jpg
2861,Mazomai: M na Imouto no Ecchi na Onedari,,まぞまい Mな妹のエッチなおねだり,Light Novel,66,,2015,https://cdn.myanimelist.net/images/manga/1/166003l.jpg
2861,Mesu Papa,,メスパパ,Manga,66,,2015,https://cdn.myanimelist.net/images/manga/3/235226l.jpg
2861,Muzokusei Mahou no Messiah,,無属性魔法の救世主〈メサイア〉,Light Novel,66,,2015,https://cdn.myanimelist.net/images/manga/3/163170l.jpg
2861,Neko to Gohan to Souteika,,猫とごはんと装丁家,Manga,66,,2015,https://cdn.myanimelist.net/images/manga/2/190326l.jpg
2861,Onnanoko Houimou,,おんなのこ包囲網,Manga,66,,2015,https://cdn.myanimelist.net/images/manga/2/240423l.jpg
2861,Ruri to Ryouri no Ousama to,,瑠璃と料理の王様と,Manga,66,,2015,https://cdn.myanimelist.net/images/manga/2/210661l.jpg
2861,Shuumatsu Sekai no Spell Breaker,,終末世界のスペルブレイカー,Light Novel,66,,2015,https://cdn.myanimelist.net/images/manga/2/197001l.jpg
2861,Tensei shita node Tsugi koso wa Shiawase na Jinsei wo Tsukande Misemashou,,転生したので次こそは幸せな人生を掴んでみせましょう,Light Novel,66,,2015,https://cdn.myanimelist.net/images/manga/1/238446l.jpg
2861,Tsugounoii Idol: I-Cup Iyashikei Gohoushi Gravure Idol Kyouko,The Convenience Idol,ツゴウノイイアイドル～Iカップ癒し系ご奉仕グラビアアイドル『今日子』,Light Novel,66,,2015,https://cdn.myanimelist.net/images/manga/3/163783l.jpg
2861,Tsunmazo Harem: Kanpeki Seitokaichou to Imouto-sama to Koakuma Kakyuusei,,ツンマゾハーレム 完璧生徒会長と妹サマと小悪魔下級生,Light Novel,66,,2015,https://cdn.myanimelist.net/images/manga/1/169475l.jpg
2861,[Dosukebe Chuui] Chouzetsu Kawaii Osananajimi to Kozukuri Maid Keiyaku wo Musunda Kekka www,,【ドスケベ注意】超絶かわいい幼なじみと子作りメイド契約を結んだ結果ｗｗｗ,Light Novel,66,,2015,https://cdn.myanimelist.net/images/manga/3/160605l.jpg
2882,Aoi Kokoro ga Chikyuu wo Waru (Kezuru),,アオイココロが地球を割る(削る),Manga,65,,2015,https://cdn.myanimelist.net/images/manga/2/241198l.jpg
2882,Bikkuri Paco Paco!,Paco Paco Amazing!,びっくりパコパコ！,Manga,65,,2015,https://cdn.myanimelist.net/images/manga/3/306050l.jpg
2882,Dekiru Imouto wa Ikaga desu ka? Kozukuri Tokubetsuhou!,,デキる妹はいかがですか？ 子作り特別法！,Light Novel,65,,2015,https://cdn.myanimelist.net/images/manga/2/159609l.jpg
2882,Four Cours After,,ふぉーくーるあふたー,Light Novel,65,,2015,https://cdn.myanimelist.net/images/manga/3/204509l.jpg
2882,Futago Heika no Kyuukon: Kyuuketsuki wa Muku na Hanayome wo Nozomu,,双子陛下の求婚 ～吸血鬼は無垢な花嫁を望む～,Light Novel,65,,2015,https://cdn.myanimelist.net/images/manga/1/192520l.jpg
2882,Futatabi Hajimaru Escatora,Restart Escatora,再び始まる反救世譚〈エスカトラ〉,Light Novel,65,,2015,https://cdn.myanimelist.net/images/manga/2/176427l.jpg
2882,G-Cup & H-Cup kara no Milk wa Ikaga desu ka?,,Gカップ&Hカップからのミルクはいかがですか?,Light Novel,65,,2015,https://cdn.myanimelist.net/images/manga/1/168440l.jpg
2882,I Novel,,あいのべる,Manga,65,,2015,https://cdn.myanimelist.net/images/manga/2/234033l.jpg
2882,Jinja Yell,,じんじゃーえーる,Manga,65,,2015,https://cdn.myanimelist.net/images/manga/1/278074l.jpg
2882,Kanpani☆Girls,,かんぱに☆ガールズ,Light Novel,65,,2015,https://cdn.myanimelist.net/images/manga/3/154676l.jpg
2882,Koi ja Nai Hazu ga Nakatta,,恋じゃないはずがなかった,Manga,65,,2015,https://cdn.myanimelist.net/images/manga/1/166675l.jpg
2882,Mahou Shoujo wa Mou Inai,,魔法少女はもういない,Manga,65,,2015,https://cdn.myanimelist.net/images/manga/2/174643l.jpg
2882,Monument: Aruiwa Jibun Jishin no Kaibutsu,Monument or Beast in Myself,MONUMENT あるいは自分自身の怪物,Light Novel,65,,2015,https://cdn.myanimelist.net/images/manga/1/167073l.jpg
2882,Nanika ga Umi kara Yattekuru: 8-gatsu no Meiwaku Shinryakusha-tachi,,何かが深海〈うみ〉からやってくる 8月の迷惑な侵略者たち,Light Novel,65,,2015,https://cdn.myanimelist.net/images/manga/3/160183l.jpg
2882,Nijihama Love Story,,虹浜ラブストーリー,Manga,65,,2015,https://cdn.myanimelist.net/images/manga/2/174572l.jpg
2882,Omiai wa Goenryoshimasu,Don't want to do the marriage meeting.,お見合いはご遠慮します,Light Novel,65,,2015,https://cdn.myanimelist.net/images/manga/3/167637l.jpg
2898,Dead or Animation,,デッド・オア・アニメーション,Manga,64,,2015,https://cdn.myanimelist.net/images/manga/3/175311l.jpg
2898,Dorekano: Seitokaichou wa Kyouhaku Sarete......,,ドレカノ 生徒会長は脅迫されて……,Light Novel,64,,2015,https://cdn.myanimelist.net/images/manga/1/169470l.jpg
2898,Gusha no Junction,,愚者のジャンクション,Light Novel,64,,2015,https://cdn.myanimelist.net/images/manga/3/162921l.jpg
2898,Gyakudou no Haou Senki,,逆道の覇王戦記,Light Novel,64,,2015,https://cdn.myanimelist.net/images/manga/3/176513l.jpg
2898,Harem of Fantasy Shoukan: Gunshi to Senki,,ハーレムオブファンタジー 召喚軍師と戦姫,Light Novel,64,,2015,https://cdn.myanimelist.net/images/manga/2/169464l.jpg
2898,Houkago Undead,,放課後アンデッド,Manga,64,,2015,https://cdn.myanimelist.net/images/manga/2/237378l.jpg
2898,Joshikousei Houkago Seikyouiku: Yowami wo Nigitte Namahame Seikatsu Shidou,,女子校生放課後性教育～弱みを握って生ハメ性活指導～,Light Novel,64,,2015,https://cdn.myanimelist.net/images/manga/1/162702l.jpg
2898,Joshikousei Kyouhaku Inkou Nisshi: Nakayoshi Kyonyuu Pet Kyousei Zecchou Akume Ochi,,女子校生脅迫淫行日誌～仲良し巨乳ペット強制絶頂アクメ堕ち～,Light Novel,64,,2015,https://cdn.myanimelist.net/images/manga/3/168525l.jpg
2898,Kaizen! Isekai Consultant Funtouki,Kaizen! Consultant's Log of Struggles in Another World,かいぜん！～異世界コンサル奮闘記～,Light Novel,64,,2015,https://cdn.myanimelist.net/images/manga/2/186134l.jpg
2898,Kamase-kei Heroine Route no Ketsumatsu wo Ore wa Shiranai,,かませ系ヒロインルートの結末を俺は知らない,Light Novel,64,,2015,https://cdn.myanimelist.net/images/manga/3/186203l.jpg
2898,Kimi ga Nando mo xx Suru kara,,君が何度も××するから,Light Novel,64,,2015,https://cdn.myanimelist.net/images/manga/5/194282l.jpg
2898,Koharu Note,,コハルノオト,Manga,64,,2015,https://cdn.myanimelist.net/images/manga/2/203638l.jpg
2898,Kono Lovely Doll wa Ore no Imouto desu ka?,Is this lovely doll my sister?,このラブリードールは俺の妹ですか？,Light Novel,64,,2015,https://cdn.myanimelist.net/images/manga/3/160744l.jpg
2898,Kono Party wa Norowaremashita: Onna Senshi Emma-chan to ○○○○ na Nakama-tachi,,このパーティは呪われました~女戦士エマちゃんと○○○○な仲間たち~,Light Novel,64,,2015,https://cdn.myanimelist.net/images/manga/1/169789l.jpg
2898,Kyuuketsuki ni Kanojoyaku wo Tanonda Kekka→Tondemonai Koto ni Narimashita,,吸血鬼に彼女役を頼んだ結果→とんでもないことになりました,Light Novel,64,,2015,https://cdn.myanimelist.net/images/manga/1/167615l.jpg
2898,Muhou Chitai: Kakutou Bishoujo-tachi no Injoku Battle,,無法恥態 ～格闘美少女達の淫辱バトル～,Light Novel,64,,2015,https://cdn.myanimelist.net/images/manga/2/153716l.jpg
2898,Princess Prison!,,プリンセス・プリズン!,Light Novel,64,,2015,https://cdn.myanimelist.net/images/manga/3/153776l.jpg
2898,Pure⇔Bitch! Koisuru Ano Ko wa Futari de Hitori,,ぴゅあ⇔びっち！恋するあの娘はふたりでひとり,Light Novel,64,,2015,https://cdn.myanimelist.net/images/manga/1/169781l.jpg
2898,Rakugaki Gakugeikai,,らくがき学芸会,Doujinshi,64,,2015,https://cdn.myanimelist.net/images/manga/1/287422l.jpg
2898,Rojiura Battle Princess,,路地裏バトルプリンセス,Light Novel,64,,2015,https://cdn.myanimelist.net/images/manga/2/177305l.jpg
2898,Sekai de 2-banme ni Omoshiroi Light Novel.,,世界で2番目におもしろいライトノベル。,Light Novel,64,,2015,https://cdn.myanimelist.net/images/manga/2/165735l.jpg
2898,Shinigami Rising,,シニガミライジング,Light Novel,64,,2015,https://cdn.myanimelist.net/images/manga/2/158176l.jpg
2898,Shinryaku Jotei to Kawaii Ouji!? Onna Kishi made Sansenchuu,,侵略女帝とカワイイ王子！？ 女騎士まで参戦中,Light Novel,64,,2015,https://cdn.myanimelist.net/images/manga/3/166320l.jpg
2898,Shinsou Toshi no Odin,,神装都市の無刃聖機士〈オーディン〉,Light Novel,64,,2015,https://cdn.myanimelist.net/images/manga/1/177669l.jpg
2898,Suki nano wa 100% Kimi no Sei,,好きなのは100%キミのセイ,Light Novel,64,,2015,https://cdn.myanimelist.net/images/manga/2/169775l.jpg
2898,Yuuwaku Onsen Ryokan: Fuyuyasumi no Aventure,,誘惑温泉旅館 冬休みのアバンチュール,Light Novel,64,,2015,https://cdn.myanimelist.net/images/manga/3/169254l.jpg
2924,Ayakashi Rotenshou Tiqui-taca,,あやかし露天商ティキタカ,Light Novel,63,,2015,https://cdn.myanimelist.net/images/manga/1/173754l.jpg
2924,Chou Ojousama Gakkou de Zen Shojo Minna x Maseta,,超お嬢様学校で全処女み~んな×ませた,Light Novel,63,,2015,https://cdn.myanimelist.net/images/manga/1/169462l.jpg
2924,Chupaca-Love,,ちゅぱからぶ,Manga,63,,2015,https://cdn.myanimelist.net/images/manga/3/180284l.jpg
2924,Fire Emblem if 4-koma/Character Guide Book,Fire Emblem Fates 4-koma Comic & Character Guide Book,ファイアーエムブレムif 4コマ・キャラクターガイドブック,Manga,63,,2015,https://cdn.myanimelist.net/images/manga/2/289999l.jpg
2924,Hitozuma Sousa Smartphone: Ureru Muchi Body wo Yubisaki Hitotsu de Jiyuujizai!,,人妻操作スマホ～熟れムチボディを指先一つで自由自在！,Light Novel,63,,2015,https://cdn.myanimelist.net/images/manga/2/166777l.jpg
2924,Iromon Girl,,イロモンガール,Manga,63,,2015,https://cdn.myanimelist.net/images/manga/3/173372l.jpg
2924,Kakedashi Maou wa Harem Ou,,駆け出し魔王はハーレム王,Light Novel,63,,2015,https://cdn.myanimelist.net/images/manga/1/169028l.jpg
2924,Kidou Shitsuji: Toaru Gunjin Robot no Second Life,Robot Butler,機動執事 ―とある軍事ロボットの再就職〈セカンドライフ〉―,Light Novel,63,,2015,https://cdn.myanimelist.net/images/manga/1/170637l.jpg
2924,Loli Kuri Gohan,,ろりくりごはん,Manga,63,,2015,https://cdn.myanimelist.net/images/manga/3/238995l.jpg
2924,Mahou Shoujo Lilina & Miyu: Ishu Kouhai no Wana,,魔法少女リリナ＆ミユ 異種交配の罠,Light Novel,63,,2015,https://cdn.myanimelist.net/images/manga/2/171092l.jpg
2924,Natsufuku Chikan Densha: Usugi Shojo no Chijoku Tsuugaku,,夏服痴漢電車‐薄着処女の恥辱通学‐,Light Novel,63,,2015,https://cdn.myanimelist.net/images/manga/3/163073l.jpg
2924,Netoge no Yome wa Shigekiteki!: Nyotai-ka Play to Real no Kanojo,,ネトゲの嫁は刺激的！～女体化プレイとリアルの彼女～,Light Novel,63,,2015,https://cdn.myanimelist.net/images/manga/2/217213l.jpg
2924,Onee Kyuuketsuki to Warawanai Maid,,オネェ吸血鬼と笑わないメイド,Manga,63,,2015,https://cdn.myanimelist.net/images/manga/1/178042l.jpg
2924,Oujo Kanraku: Buzama na Tiara,,王女姦落-無様なティアラ-,Light Novel,63,,2015,https://cdn.myanimelist.net/images/manga/1/162263l.jpg
2924,Seikenshi vs Black Kigyou,Paladin Versus Sweat Shop,聖剣士VSブラック企業,Light Novel,63,,2015,https://cdn.myanimelist.net/images/manga/3/161696l.jpg
2924,Shirayuki-hime no Musuko,Snow White's son,白雪姫の息子,Light Novel,63,,2015,https://cdn.myanimelist.net/images/manga/1/167631l.jpg
2924,Shishi-hime ni Chance wa Nai!,,獅子姬に好機〈チャンス〉はない,Light Novel,63,,2015,https://cdn.myanimelist.net/images/manga/2/179398l.jpg
2924,Watashi no Kinodoku na Konyakusha,The disproportionate fiancee to Prince.,私の気の毒な婚約者,Light Novel,63,,2015,https://cdn.myanimelist.net/images/manga/1/178022l.jpg
2942,Alternative,,オルタナティブ,Manga,62,,2015,https://cdn.myanimelist.net/images/manga/3/250721l.jpg
2942,"Bungaku ""Bi"" Shoujo wa Junai Route!? Kuro Loli Seiyuu to Do S Eshi mo Kouryaku Taishou desu.",,"文学“美""少女は純愛ルート! ? ~黒ロリ声優とドS絵師も攻略対象です。",Light Novel,62,,2015,https://cdn.myanimelist.net/images/manga/2/154394l.jpg
2942,Dorodarake no Honey,,泥だらけのハニー,Manga,62,,2015,https://cdn.myanimelist.net/images/manga/3/215283l.jpg
2942,Fashion Music,,FASHION MUSIC,Manga,62,,2015,https://cdn.myanimelist.net/images/manga/1/203213l.jpg
2942,Futago Imouto wa Souri Daijin!,,ふたご妹は総理大臣！,Light Novel,62,,2015,https://cdn.myanimelist.net/images/manga/3/169461l.jpg
2942,Gekkou Senki Ariel: Nanairo no Hitomi wo Motsu Oujo,Princess having seven colors of eyes,月虹戦記アリエル ‐‐七色の瞳を持つ王女,Light Novel,62,,2015,https://cdn.myanimelist.net/images/manga/1/168261l.jpg
2942,Hinagiku Kokoro no Break Time,,雛菊こころのブレイクタイム,Light Novel,62,,2015,https://cdn.myanimelist.net/images/manga/1/167099l.jpg
2942,"Isekai kara no Hitotsubu no: Kono Himekishi, Change!",,異世界からの一粒の 〜この姫騎士、チェンジ！〜,Light Novel,62,,2015,https://cdn.myanimelist.net/images/manga/3/158330l.jpg
2942,Konpeitou no Hanayome,,金平糖の花嫁,Manga,62,,2015,https://cdn.myanimelist.net/images/manga/2/175322l.jpg
2942,Kouhai Wakusei: Alien ni Metorareshi Shoujo Senshi-tachi,Breeding planet for aliens and girls,交配惑星 エイリアンに娶られし少女戦士達,Light Novel,62,,2015,https://cdn.myanimelist.net/images/manga/3/168524l.jpg
2942,Mama wa Boku no Mono,Mom is only mine.,ママは僕のもの,Manga,62,,2015,https://cdn.myanimelist.net/images/manga/1/290422l.jpg
2942,Mita Ichizoku no Iji wo Mi yo: Tensei Sengoku Bushou no Honsouki,,三田一族の意地を見よ～転生戦国武将の奔走記～,Light Novel,62,,2015,https://cdn.myanimelist.net/images/manga/3/177134l.jpg
2942,Ninmu wa Kozukuri!? Harem Kishidan,,任務は子づくり!? 後宮〈ハーレム〉騎士団,Light Novel,62,,2015,https://cdn.myanimelist.net/images/manga/2/169457l.jpg
2942,Ojousama no Shiawase wa Risoukyou no Hate ni,,お嬢様の幸せは理想郷の果てに,Light Novel,62,,2015,https://cdn.myanimelist.net/images/manga/1/160878l.jpg
2942,Oppai Kishi wo Choukyou shite Mimasen ka?,,おっぱい騎士を調教してみませんか?,Light Novel,62,,2015,https://cdn.myanimelist.net/images/manga/3/168874l.jpg
2942,Sekuhara Brothers: Aisaresugi-hen,My Younger Stepbrother Can't Keep His Hands Off Me!: The Too Much Love Arc,セクハラブラザーズ 愛されすぎ編,Manga,62,,2015,https://cdn.myanimelist.net/images/manga/3/287094l.jpg
2942,Stand By Me Kakuemon,,Stand by me 描クえもん,Manga,62,,2015,https://cdn.myanimelist.net/images/manga/3/316038l.jpg
2942,Survivor's Guilt: Asobinin no Koi,Survivor Guilt: A Player's Love,サバイバーズ・ギルト～遊び人の恋,Manga,62,,2015,https://cdn.myanimelist.net/images/manga/2/255318l.jpg
2942,Troublemaker!,,トラブルメーカー！,Manga,62,,2015,https://cdn.myanimelist.net/images/manga/3/198397l.jpg
2942,Yukemuri Jihen,,ゆけむり事変,Manga,62,,2015,https://cdn.myanimelist.net/images/manga/1/190620l.jpg
2942,Yumeyomi Kaguya,,夢詠みかぐや,Light Novel,62,,2015,https://cdn.myanimelist.net/images/manga/1/177603l.jpg
2942,Zenbu Misetai! Joshi Ana Marina no Ikizama,,全部見せたい！女子アナ真里奈のイキざま,Light Novel,62,,2015,https://cdn.myanimelist.net/images/manga/2/169772l.jpg
2964,Akai-kun ni wa Kanojo ga Inai,,赤井くんには彼女がいない,Light Novel,61,,2015,https://cdn.myanimelist.net/images/manga/1/175707l.jpg
2964,B: Brahms 20-sai no Tabiji,,B（ベー） ブラームス20歳の旅路,Manga,61,,2015,https://cdn.myanimelist.net/images/manga/3/173799l.jpg
2964,Boku shika Shiranai Kimi no Naka.,I Know You From the Inside Out,僕しか知らない君のナカ。,Manga,61,,2015,https://cdn.myanimelist.net/images/manga/3/274836l.jpg
2964,Dokushin no Ore ga Motomeru Risou no Isekai Life!!,,独身の俺が求める理想の異世界ライフ！！,Light Novel,61,,2015,https://cdn.myanimelist.net/images/manga/2/158728l.jpg
2964,Kakurehime Irogatari,,隠れ姫いろがたり,Light Novel,61,,2015,https://cdn.myanimelist.net/images/manga/1/167553l.jpg
2964,Kanojo-tachi no Doudemo Ii Himitsu,Their trifling secrets...,彼女たちのどうでもいい秘密,Light Novel,61,,2015,https://cdn.myanimelist.net/images/manga/3/190901l.jpg
2964,Kemomusu Shoutai ni Yarukinashi Shireikan ga Chakunin shimashita.,,獣娘〈けもむす〉小隊にやる気なし司令官が着任しました。,Light Novel,61,,2015,https://cdn.myanimelist.net/images/manga/3/160173l.jpg
2964,Kozukuri Kyoushitsu: Rival Ojousama no Shiawase Keikaku,,子作り教室 ライバルお嬢様の幸せ計画,Light Novel,61,,2015,https://cdn.myanimelist.net/images/manga/2/168798l.jpg
2964,Kuudere Ojousama wa Nanka Chigau: Tatanai Ore to Do S na Kanojo,,クーデレお嬢様はなんか違う－タタナイ俺とドＳな彼女－,Light Novel,61,,2015,https://cdn.myanimelist.net/images/manga/3/169786l.jpg
2964,Legend of Ishlean,,レジェンド・オブ・イシュリーン,Light Novel,61,,2015,https://cdn.myanimelist.net/images/manga/3/211060l.jpg
2964,Makyou Senku no Nightingale,The Fighting Nightingale under the War,魔境戦区のナイチンゲール,Light Novel,61,,2015,https://cdn.myanimelist.net/images/manga/1/163492l.jpg
2964,Maou no Kizahashi,Dark King of Kings,魔王の階,Manga,61,,2015,https://cdn.myanimelist.net/images/manga/1/225189l.jpg
2964,Mata Ashita 7-jihan ni,Tomorrow at 7:30,また明日7時半に,One-shot,61,,2015,https://cdn.myanimelist.net/images/manga/3/297661l.jpg
2964,NEET Musou: Isekai ni Bishoujo wa Inai,,ニート無双～異世界に二次元女子〈びしょうじょ〉はいない,Light Novel,61,,2015,https://cdn.myanimelist.net/images/manga/2/177153l.jpg
2964,Renjou Classmate: Yuuwaku Shoufu,,恋情クラスメイト ～誘・惑・勝・負～,Light Novel,61,,2015,https://cdn.myanimelist.net/images/manga/1/169261l.jpg
2964,Rental Shop Ariche,Rental Weapon Shop Ariche,レンタル武器屋〈ショップ〉アリーチェ,Light Novel,61,,2015,https://cdn.myanimelist.net/images/manga/2/163495l.jpg
2964,Seisen Kyoushitsu,,聖戦教室,Manga,61,,2015,https://cdn.myanimelist.net/images/manga/1/169610l.jpg
2964,Senkou Shoujo: Na mo Naki Hikari no Airi,Senkou Shoujo: Airi the Nameless Light,閃光少女 名もなき光のアイリ,Light Novel,61,,2015,https://cdn.myanimelist.net/images/manga/1/158338l.jpg
2964,Soushinjutsu,,操心術,Light Novel,61,,2015,https://cdn.myanimelist.net/images/manga/1/168000l.jpg
2964,Tsugounoii Idol: H-Cup Iinari Juujun Idol Miho,The Convenience Idol,ツゴウノイイアイドル Hカップいいなり従順アイドル『美穂』,Light Novel,61,,2015,https://cdn.myanimelist.net/images/manga/3/162947l.jpg
2964,Unchi Nekonchi,,うんちねこんち,Manga,61,,2015,https://cdn.myanimelist.net/images/manga/3/273571l.jpg
2964,Yumekui Tantei: Utsunomiya Airi no Kikan,Revolving Lantern Detective Airi,夢喰い探偵－宇都宮アイリの帰還－,Manga,61,,2015,https://cdn.myanimelist.net/images/manga/2/170936l.jpg
2964,Zan Zhong Lu,Memoir of the Golden Hairpin,簪中录,Manhua,61,,2015,https://cdn.myanimelist.net/images/manga/3/294169l.jpg
2987,Bravely Default Anthology,,ブレイブリーデフォルトアンソロジー,Manga,60,,2015,https://cdn.myanimelist.net/images/manga/3/284771l.jpg
2987,Dead-End-Host,,DEAD-end-HOST,One-shot,60,,2015,https://cdn.myanimelist.net/images/manga/3/240743l.jpg
2987,Hatsujou Switch: Bishimai ga Saiminjutsu ni Ochita Saki,,発情スイッチ ～美姉妹が催眠術に堕ちた先～,Light Novel,60,,2015,https://cdn.myanimelist.net/images/manga/2/157405l.jpg
2987,"Hengen Souki Shine Mirage: Kudakareru Pride, Kegasareru Sonzai",,変幻装姫シャインミラージュ 砕かれるプライド、穢される存在,Light Novel,60,,2015,https://cdn.myanimelist.net/images/manga/3/163893l.jpg
2987,Iiwake shitemo Yurusaremasen!,,言い訳しても許されません!,Doujinshi,60,,2015,https://cdn.myanimelist.net/images/manga/1/338438l.jpg
2987,Jokers!!,,ジョーカーズ!!,Light Novel,60,,2015,https://cdn.myanimelist.net/images/manga/3/158956l.jpg
2987,Juuji Michi,Cross Roads,十字道,Manga,60,,2015,https://cdn.myanimelist.net/images/manga/1/297961l.jpg
2987,Kaisha ni Utsu no Shindansho Dashite Kanojo ni wa Chouki Shucchou to Usotsuite Ikkagetsu no Tabi ni Deta,,会社に鬱の診断書出して彼女には長期出張と嘘ついて1ヵ月の旅に出た,One-shot,60,,2015,https://cdn.myanimelist.net/images/manga/2/315476l.jpg
2987,Kantei Nouryoku de Chougoushi ni Narimasu,,鑑定能力で調合師になります,Light Novel,60,,2015,https://cdn.myanimelist.net/images/manga/2/167517l.jpg
2987,Kitahara Shitsuchou no Oshibori Gyoumu,Section Chief Kitahara's Milking Duty,北原室長のおしぼり業務,One-shot,60,,2015,https://cdn.myanimelist.net/images/manga/3/301048l.jpg
2987,Kuzu dakedo Inou Battle de Haken Neratte Mita,,クズだけど異能バトルで覇権狙ってみた,Light Novel,60,,2015,https://cdn.myanimelist.net/images/manga/1/158955l.jpg
2987,Lateral: Suihei Shikou Suiri no Tenshi,,ラテラル 〜水平思考推理の天使〜,Light Novel,60,,2015,https://cdn.myanimelist.net/images/manga/2/159211l.jpg
2987,Mei no Bitch-ka ga Yurusenai!,,姪のビッチ化が許せない！,Light Novel,60,,2015,https://cdn.myanimelist.net/images/manga/1/158676l.jpg
2987,Nenmaku Communication,,粘膜コミュニケーション,Manga,60,,2015,https://cdn.myanimelist.net/images/manga/1/286952l.jpg
2987,Nisenkyuu Love Story,,二線級ラブストーリー,Light Novel,60,,2015,https://cdn.myanimelist.net/images/manga/3/158455l.jpg
2987,Ore to Miko-tachi no Quadra Vulture,,俺と巫女たちの方陣輪舞〈クアドラヴァルチャー〉,Light Novel,60,,2015,https://cdn.myanimelist.net/images/manga/3/160895l.jpg
2987,Oshiete! Darenidemo Wakaru Isekai Seikatsujutsu,,教えて! 誰にでもわかる異世界生活術,Light Novel,60,,2015,https://cdn.myanimelist.net/images/manga/1/169896l.jpg
2987,Otouto no Akachan ga Hoshikunai Ane Nante Imasen!,,弟の赤ちゃんが欲しくない姉なんていません！,Light Novel,60,,2015,https://cdn.myanimelist.net/images/manga/1/169459l.jpg
2987,"Oyasuminasai mase, Goshujinsama! Kaimin App de Yume no Seikatsu",,おやすみなさいませ、ご主人様！~快眠アプリで夢の性活~,Light Novel,60,,2015,https://cdn.myanimelist.net/images/manga/2/169774l.jpg
2987,Sci & Sorcery,,~サイ&ソーサリィ~,Light Novel,60,,2015,https://cdn.myanimelist.net/images/manga/1/160955l.jpg
2987,Wakasama no Yome,,若様のヨメ,Light Novel,60,,2015,https://cdn.myanimelist.net/images/manga/2/167541l.jpg
2987,Wareware wa Uchuujin da!!,We are the Aliens!!,ワレワレワ宇宙人ダ!!,Manga,60,,2015,https://cdn.myanimelist.net/images/manga/1/248961l.jpg
2987,Youkai Hyakkitan!,,妖怪百姫たん!,Light Novel,60,,2015,https://cdn.myanimelist.net/images/manga/3/153636l.jpg
2987,Yuu Ai,,ゆーあい,Manga,60,,2015,https://cdn.myanimelist.net/images/manga/2/167367l.jpg
3011,Cool na Onna Gunjin ga Ecchi na Oneesan ni Kawaru made,,クールな女軍人がエッチなおねえさんに変わるまで,Light Novel,59,,2015,https://cdn.myanimelist.net/images/manga/1/168846l.jpg
3011,Douka Love dato Ittekure!,Please Say It Is Love,どうかラブだと言ってくれ！,Manga,59,,2015,https://cdn.myanimelist.net/images/manga/2/294047l.jpg
3011,Flick & Break,,フリック&ブレイク,Light Novel,59,,2015,https://cdn.myanimelist.net/images/manga/3/176423l.jpg
3011,Gakusei Sensou,,学生戦争,Light Novel,59,,2015,https://cdn.myanimelist.net/images/manga/2/176429l.jpg
3011,Hatsukoi Engage,,初恋エンゲージ,Manga,59,,2015,https://cdn.myanimelist.net/images/manga/1/252405l.jpg
3011,Ice-beki Yuuutsu,,あいすべき憂鬱,Manga,59,,2015,https://cdn.myanimelist.net/images/manga/3/191238l.jpg
3011,Idol Daisuki!,,アイドル大好き!,One-shot,59,,2015,https://cdn.myanimelist.net/img/sp/icon/apple-touch-icon-256.png
3011,Ixiano Ikusa Monogatari,,イキシアノ戦物語,Light Novel,59,,2015,https://cdn.myanimelist.net/images/manga/2/167098l.jpg
3011,"Kimoota dakedo Kyousei Sousa Figure de, Bishoujo wo Meromero-ka ni Seikou Shimashita!",,キモオタだけど強制操作フィギュアで、美少女をメロメロ化に成功しました！,Light Novel,59,,2015,https://cdn.myanimelist.net/images/manga/3/154917l.jpg
3011,Kotodama Tsukai Riza: Ingoku Gishiki no Gakuen,,言霊使いリザ 淫獄儀式の学園,Light Novel,59,,2015,https://cdn.myanimelist.net/images/manga/3/169100l.jpg
3011,"Lamp no Majin ga Bijo Datta node, Koibito ni Shite Dousei Seikatsu wo Hajimete Mita",,ランプの魔神が美女だったので、恋人にして同棲性活を始めてみた,Light Novel,59,,2015,https://cdn.myanimelist.net/images/manga/2/163890l.jpg
3011,Lucky Star: Nanaokuen no Onna,,ラッキースター～七億円の女～,Light Novel,59,,2015,https://cdn.myanimelist.net/images/manga/2/200556l.jpg
3011,Magic Scroll Merchant Zio,,마법스크롤 상인 지오,Manhwa,59,,2015,https://cdn.myanimelist.net/images/manga/1/302301l.jpg
3011,No Nyanko No Life: Bokura no Chiiki Neko Keikaku,No Cat No Life (Our Community Cat Project),ノーにゃんこ ノーライフ~僕らの地域ねこ計画~,Manga,59,,2015,https://cdn.myanimelist.net/images/manga/1/261606l.jpg
3011,Oboreru Kemono to Amai Wana,,溺れる獣と甘い罠,Manga,59,,2015,https://cdn.myanimelist.net/images/manga/2/172421l.jpg
3011,Oshigoto Owari ni Gohoubi wo,,お仕事おわりにごほうびを,Manga,59,,2015,https://cdn.myanimelist.net/images/manga/3/197046l.jpg
3011,Saimin Paranoia,,催眠パラノイア,Light Novel,59,,2015,https://cdn.myanimelist.net/images/manga/1/164989l.jpg
3011,Sensei Shimai no Meroochi Shidou!,,先生姉妹のメロオチ指導！,Light Novel,59,,2015,https://cdn.myanimelist.net/images/manga/1/169456l.jpg
3011,Shitsuji to Ojousama!?,Lady and the Butler!?,執事とお嬢さま!?,Manga,59,,2015,https://cdn.myanimelist.net/images/manga/3/284782l.jpg
3011,Tap Couple,,タップ couple,Manga,59,,2015,https://cdn.myanimelist.net/images/manga/1/198001l.jpg
3011,Tenshou Kouhime Karin: Injoku ni Maiochiru Tsubasa,,天唱凰姫カリン 淫辱に舞い堕ちる翼,Light Novel,59,,2015,https://cdn.myanimelist.net/images/manga/3/168973l.jpg
3011,Vorpal Bunny,,ボーパルバニー,Light Novel,59,,2015,https://cdn.myanimelist.net/images/manga/3/164035l.jpg
3011,Watashi no Oppai Sodatete yo! Osananajimi to Ojousama no Ikunyuu Battle,,わたしのおっぱい育ててよ! 幼馴染みとお嬢様の育乳バトル,Light Novel,59,,2015,https://cdn.myanimelist.net/images/manga/3/164593l.jpg
3011,Zense wa Ryuu no Tsugai Datta you desu.,,前世は龍のツガイだったようです。,Light Novel,59,,2015,https://cdn.myanimelist.net/images/manga/1/173893l.jpg
3035,"Bousou-kei Tsundere wa Itta! ""Kakugo Shinasai, Kono Donkan Yarou""",,暴走系ツンデレは言った！「覚悟しなさい、この鈍感野郎」,Light Novel,58,,2015,https://cdn.myanimelist.net/images/manga/3/169785l.jpg
3035,Break x Trigger,,ブレイク×トリガー,Light Novel,58,,2015,https://cdn.myanimelist.net/images/manga/1/163631l.jpg
3035,Closed Seven,,クローズドセブン,Light Novel,58,,2015,https://cdn.myanimelist.net/images/manga/2/175868l.jpg
3035,Danzaikan no Detarame na Tsukaima,Haphazardly Devilish,断罪官のデタラメな使い魔,Light Novel,58,,2015,https://cdn.myanimelist.net/images/manga/3/169020l.jpg
3035,Erokano. Sex Connect Online,,エロカノ。セックスコネクト・オンライン,Light Novel,58,,2015,https://cdn.myanimelist.net/images/manga/2/174165l.jpg
3035,Ginpei Hankachou,,銀平飯科帳,Manga,58,,2015,https://cdn.myanimelist.net/images/manga/2/215291l.jpg
3035,Hatsukoi Chocolat,First Love Chocolate,初恋ショコラ,Manga,58,,2015,https://cdn.myanimelist.net/images/manga/3/318531l.jpg
3035,Kakuheki no Make Doll,,赫碧のメイクドール,Light Novel,58,,2015,https://cdn.myanimelist.net/images/manga/2/160684l.jpg
3035,Kanojo wa Onaho na Ojousama: Makuri to Docchi ga Kimochi Ii?,,彼女はオナホなお嬢様 まくりとどっちが気持ちイイ？,Light Novel,58,,2015,https://cdn.myanimelist.net/images/manga/3/166319l.jpg
3035,Mad Hunt!!: Jukujo Kankin Kairaku Seme,,雌尻狩り〈マッドハント〉!! ～熟女監禁快楽責め～,Manga,58,,2015,https://cdn.myanimelist.net/images/manga/1/255112l.jpg
3035,Oniichan Quest,,お兄ちゃんクエスト,Manga,58,,2015,https://cdn.myanimelist.net/images/manga/2/243807l.jpg
3035,Otogi Kitan: Mouja to Kikoku no Kaiitan,,お伽鬼譚 亡者と鬼哭の怪異譚,Light Novel,58,,2015,https://cdn.myanimelist.net/images/manga/1/160902l.jpg
3035,Saikyou Ojousama Seitokai no Tadashii Kaikata Sodatekata,,最強お嬢様生徒会の正しい飼い方・育て方,Light Novel,58,,2015,https://cdn.myanimelist.net/images/manga/1/159773l.jpg
3035,Sanjuusai Doutei dakedo Kane no Chikara de Bakunyuu na Idol to Sex Shimakuttemasu,,三十歳童貞だけど金の力で爆乳なアイドルとセックスしまくってます,Light Novel,58,,2015,https://cdn.myanimelist.net/images/manga/3/160612l.jpg
3035,Seijun Idol no Himitsu no Erosa wo Shitteiru no wa Ore dake!?,,清純アイドルの秘密のエロさを知っているのは俺だけ! ?,Light Novel,58,,2015,https://cdn.myanimelist.net/images/manga/3/163781l.jpg
3035,Seiken to Matsue no Dual Holder,,聖剣と魔杖の多重継承〈デュアルホルダー〉,Light Novel,58,,2015,https://cdn.myanimelist.net/images/manga/2/167636l.jpg
3035,Sekai no Hanbun,,世界の半分,Light Novel,58,,2015,https://cdn.myanimelist.net/images/manga/3/180264l.jpg
3035,Soirée Gakkyuu,,ソワレ学級,Manga,58,,2015,https://cdn.myanimelist.net/images/manga/1/174906l.jpg
3035,Teg no Meikyuu Tanbouroku,Tegs' Probing Record in the Labyrinth,テグスの迷宮探訪録,Light Novel,58,,2015,https://cdn.myanimelist.net/images/manga/3/177796l.jpg
3035,Ten to Chi to Hazama no Sekai Yelatiam,,天と地と狭間の世界イェラティアム,Light Novel,58,,2015,https://cdn.myanimelist.net/images/manga/2/181904l.jpg
3035,Yarinaoshi Majutsu Kikoushi no Saisenroku,The Battle Record For Next Drive,やりなおし魔術機工師の再戦録,Light Novel,58,,2015,https://cdn.myanimelist.net/images/manga/3/165078l.jpg
3056,Ayatsuri Ouhi no Hanayomedou: Gisou Sekaitsu wa Kijin no Tashinami,,あやつり王妃の花嫁道 偽装生活は貴人のたしなみ,Light Novel,57,,2015,https://cdn.myanimelist.net/images/manga/1/161856l.jpg
3056,Dekiai Ryuujin to Rinne no Koi,,溺愛竜神と輪廻の恋,Light Novel,57,,2015,https://cdn.myanimelist.net/images/manga/3/167540l.jpg
3056,Elf Inflation,,エルフ・インフレーション,Light Novel,57,,2015,https://cdn.myanimelist.net/images/manga/1/167629l.jpg
3056,Ginsai no Kawa,,銀彩の川,Manga,57,,2015,https://cdn.myanimelist.net/images/manga/3/174386l.jpg
3056,"Haikei, Kyou kara Bitch ni Narimasu",,拝啓、今日からビッチになります,Light Novel,57,,2015,https://cdn.myanimelist.net/images/manga/1/162297l.jpg
3056,Hyakujuu-ya no Nine Dead,,百獣殺のナインデッド,Light Novel,57,,2015,https://cdn.myanimelist.net/images/manga/2/160659l.jpg
3056,Innocent Red,,イノセントレッド,Light Novel,57,,2015,https://cdn.myanimelist.net/images/manga/3/162087l.jpg
3056,Kouki naru Majo Clauzea: Inda no Itan Shinmon,,高貴なる魔女クラウゼア 淫堕の異端審問,Light Novel,57,,2015,https://cdn.myanimelist.net/images/manga/2/165640l.jpg
3056,Kyoudou Hatei no Perfect Victoria,,教導覇帝の完戦常勝譚〈パーフェクトヴィクトリア〉,Light Novel,57,,2015,https://cdn.myanimelist.net/images/manga/3/162838l.jpg
3056,Madou Gakuen no Zetsuen Doumei: Oujisama to Watashi to Akai Ito,Insulation alliance of the Astor academy.,魔道学園の絶縁同盟 王子様と私と赤い糸,Light Novel,57,,2015,https://cdn.myanimelist.net/images/manga/1/161846l.jpg
3056,Mahou ga Tsukaeru Chuugakusei Nikki,Jr. high school diary of magical girl,魔法がつかえる中学生日記,Manga,57,,2015,https://cdn.myanimelist.net/images/manga/1/204959l.jpg
3056,Masukomi,Grow-up Communication,増すコミ,Manga,57,,2015,https://cdn.myanimelist.net/images/manga/1/176228l.jpg
3056,Mazo Koi: Tennen Ojousama wa Mesu Dorei!?,,マゾこい 天然お嬢様は牝奴隷！？,Light Novel,57,,2015,https://cdn.myanimelist.net/images/manga/1/168800l.jpg
3056,Nyuuwaku Pororism,,乳惑ポロリズム,Manga,57,,2015,https://cdn.myanimelist.net/images/manga/3/227909l.jpg
3056,Onna Keiji Miyu: Houshuu wa Hakuji no Ratai de,,女刑事美優 ――報酬は白磁の裸体で――,Light Novel,57,,2015,https://cdn.myanimelist.net/images/manga/3/164594l.jpg
3056,Ore no Flag wa Yoridori Mi-dere Bangai-hen: Koi no Tousou wa Sunahama de,,俺のフラグはよりどりみデレ番外編 恋の闘争は砂浜で,Light Novel,57,,2015,https://cdn.myanimelist.net/images/manga/3/170555l.jpg
3056,Pet or Slave!!,,Pet or Slave!!,Manga,57,,2015,https://cdn.myanimelist.net/images/manga/1/327528l.jpg
3056,Ryman na Ore ga Sennyuu shite Joshikou wo Haramase Kouryaku!!,,リーマンな俺が潜入して女子校を孕ませ攻略! !,Light Novel,57,,2015,https://cdn.myanimelist.net/images/manga/2/167722l.jpg
3056,Sanada Taiheiki,,真田太平記,Manga,57,,2015,https://cdn.myanimelist.net/images/manga/2/217152l.jpg
3056,Share House de Dokkun♥,,シェアハウスでどっくんっ♥,One-shot,57,,2015,https://cdn.myanimelist.net/images/manga/3/192800l.jpg
3056,Ushiro no Shoumen Hitori dake,There Is Only One Person Behind Me,後ろの正面ひとりだけ,Manga,57,,2015,https://cdn.myanimelist.net/images/manga/1/277449l.jpg
3056,Variant Experiment,,ヴァリアント・エクスペリメント,Light Novel,57,,2015,https://cdn.myanimelist.net/images/manga/1/158973l.jpg
3056,XX Love You,,XX love you,One-shot,57,,2015,https://cdn.myanimelist.net/images/manga/1/242094l.jpg
3079,Boku no Hajimete wa ○○ deshita,,ボクの初体験〈ハジメテ〉は○○でした,Manga,56,,2015,https://cdn.myanimelist.net/images/manga/2/304384l.jpg
3079,Hatena Department,Magical Mystery Store,はてなデパート,Manga,56,,2015,https://cdn.myanimelist.net/images/manga/1/194830l.jpg
3079,Kabe ni Shiri Ari!? Wakeari Kubiwa to Jibakurei,,壁に尻あり!?ワケあり首輪と自縛霊,Light Novel,56,,2015,https://cdn.myanimelist.net/images/manga/3/169773l.jpg
3079,Kurogane no Taiyou,,黒鉄の太陽,Manga,56,,2015,https://cdn.myanimelist.net/images/manga/3/173963l.jpg
3079,Mezameru to Kenjuu Otome wo Mamoru Bishoujo Kenshi ni Natteita,,目覚めると拳銃乙女を護る美少女拳士になっていた,Light Novel,56,,2015,https://cdn.myanimelist.net/images/manga/3/168632l.jpg
3079,Mimi Mimi!,,みみミミ！,Manga,56,,2015,https://cdn.myanimelist.net/images/manga/1/180779l.jpg
3079,Motto Motto Dakishimete Motto Motto Kiss wo Shite,"Embrace Me More, Kiss Me More",もっともっと抱きしめてもっともっとキスをして,Doujinshi,56,,2015,https://cdn.myanimelist.net/images/manga/2/306509l.jpg
3079,Nora wo Tsuku,,野良をつく,Manga,56,,2015,https://cdn.myanimelist.net/images/manga/3/201647l.jpg
3079,"Okinoshima Chikage no Ooinaru Yabou: Koukousei-tachi ga Ginkou wo Tsukuri, Gakkou wo Baishuu suru you desu.",High school students have established the bank in order to purchase a school.,隠岐島千景の大いなる野望 高校生たちが銀行を作り、学校を買収するようです。,Light Novel,56,,2015,https://cdn.myanimelist.net/images/manga/2/177162l.jpg
3079,Root∞Rexx: Tsuioku no Kakera,,ROOT∞REXX 追憶のかけら,Light Novel,56,,2015,https://cdn.myanimelist.net/images/manga/3/162783l.jpg
3079,Tsugounoii Idol: G-Cup Koakuma-kei Binkan Idol Seiyuu Akina,,ツゴウノイイアイドル～Gカップ小悪魔系敏感アイドル声優『明菜』,Light Novel,56,,2015,https://cdn.myanimelist.net/images/manga/1/164992l.jpg
3079,Tsuyamiko no Sumika: Boku to Oyako no Gokuama Kenshuu,,艶巫女の棲家 ~僕と母娘の極甘研修~,Light Novel,56,,2015,https://cdn.myanimelist.net/images/manga/2/169282l.jpg
3079,Watashi wo Roshutsu Choukyou Shinasai! Hontou wa Do M na Seitokaichou,,私を露出調教しなさいっ! ~本当はドMな生徒会長~,Light Novel,56,,2015,https://cdn.myanimelist.net/images/manga/3/153579l.jpg
3079,Yamikin♥Ushijima-kyun,,やみきんっ♥うしじまきゅん,Manga,56,,2015,https://cdn.myanimelist.net/images/manga/3/235112l.jpg
3093,Dungeon wo Tsukurou,,ダンジョンを造ろう,Light Novel,55,,2015,https://cdn.myanimelist.net/images/manga/3/180399l.jpg
3093,Ex-Phazer,,EX-PHAZER,Light Novel,55,,2015,https://cdn.myanimelist.net/images/manga/1/162768l.jpg
3093,Handstand!,,はんどすたんど！,Manga,55,,2015,https://cdn.myanimelist.net/images/manga/2/203034l.jpg
3093,Heian Uta Koigatari Series,,平安うた恋語シリーズ,Light Novel,55,,2015,https://cdn.myanimelist.net/images/manga/1/164709l.jpg
3093,Itoshi no Strange Man,Dear My Strangeman,愛しのストレンジマン,Manga,55,,2015,https://cdn.myanimelist.net/images/manga/3/236112l.jpg
3093,Itsudemo Izurusou,,いつでもイヅル荘,Manga,55,,2015,https://cdn.myanimelist.net/images/manga/2/166103l.jpg
3093,Jain no Onihime: Mayoiga Kitan,,邪淫の鬼姫 マヨイガ奇譚,Light Novel,55,,2015,https://cdn.myanimelist.net/images/manga/3/196645l.jpg
3093,Kabushiki Joujou wo Mezashite Daihyou Torishimariyaku Oniichan ni Shuunin Itashimashita,,株式上場を目指して代表取締役お兄ちゃんに就任致しました,Light Novel,55,,2015,https://cdn.myanimelist.net/images/manga/3/165422l.jpg
3093,Kyokuchi Renai,,極地恋愛,Light Novel,55,,2015,https://cdn.myanimelist.net/images/manga/3/151953l.jpg
3093,Kyou no Gay Bar,,きょうのゲイバー,Manga,55,,2015,https://cdn.myanimelist.net/images/manga/1/193871l.jpg
3093,Leangrad no Manabiya yori,From the Leangrad Schoolhouse,リーングラードの学び舎より,Light Novel,55,,2015,https://cdn.myanimelist.net/images/manga/1/176971l.jpg
3093,Martian Dice,,マーチャンダイス,Manga,55,,2015,https://cdn.myanimelist.net/images/manga/2/209529l.jpg
3093,Mokkori Hanbei,,もっこり半兵衛,Manga,55,,2015,https://cdn.myanimelist.net/images/manga/3/215959l.jpg
3093,Mou Yurushite! Shasei Kanri Oneesan,,もう許してッ!射精管理お姉さん,Light Novel,55,,2015,https://cdn.myanimelist.net/images/manga/1/166373l.jpg
3093,My Sweet Devil,,マイスイートデビィル,Light Novel,55,,2015,https://cdn.myanimelist.net/images/manga/2/170765l.jpg
3093,Oniichan wa Uchi ni Kaeritai.,,お兄ちゃんは家に帰りたい。,Light Novel,55,,2015,https://cdn.myanimelist.net/images/manga/2/169597l.jpg
3093,Songuri!,,そんぐり！,Manga,55,,2015,https://cdn.myanimelist.net/images/manga/1/190239l.jpg
3093,Star Wars,Star Wars,스타워즈: 깨어난 포스 그 이전의 이야기,Manhwa,55,,2015,https://cdn.myanimelist.net/images/manga/3/332604l.jpg
3093,Super Narcissist,,super narcissist,Doujinshi,55,,2015,https://cdn.myanimelist.net/images/manga/2/183051l.jpg
3093,Titan: Addsworth no Senshitai,Titan: Warriors of Addsworth,ティタン アッズワースの戦士隊,Light Novel,55,,2015,https://cdn.myanimelist.net/images/manga/1/165546l.jpg
3093,Tsuchimahou ni Eikou wo!,Glory for the Earth Magic!,土魔法に栄光を！,Light Novel,55,,2015,https://cdn.myanimelist.net/images/manga/1/169900l.jpg
3093,West-North's Grim Reaper,The Death Messenger,서북의 저승사자,Manhwa,55,,2015,https://cdn.myanimelist.net/images/manga/3/302090l.jpg
3093,Yararetara Yarikaesu!,,やられたらヤリかえす!,One-shot,55,,2015,https://cdn.myanimelist.net/images/manga/1/302641l.jpg
3093,Yoki senu Wedding Bell,Brides and Belles,予期せぬウエディング・ベル,Manga,55,,2015,https://cdn.myanimelist.net/images/manga/1/227418l.jpg
3117,Action Idols,Action Idols,액션 아이돌,Manhwa,54,,2015,https://cdn.myanimelist.net/images/manga/2/332706l.jpg
3117,Aigan Koukyuu: Ryuutei to Aoi Hitomi no Kisaki,,愛玩後宮 龍帝と青い瞳の妃,Light Novel,54,,2015,https://cdn.myanimelist.net/images/manga/3/183627l.jpg
3117,Ao no Corsair,Corsair of Blue,青の海賊剣士〈コルセア〉,Light Novel,54,,2015,https://cdn.myanimelist.net/images/manga/1/172370l.jpg
3117,"Baku: Ouji no Kyouai, Toraware no Himegimi",,縛 王子の狂愛、囚われの姫君,Light Novel,54,,2015,https://cdn.myanimelist.net/images/manga/3/158355l.jpg
3117,Futeki na Koushaku no Ryakudatsu: Reijou wa Midara ni Torokete,,不敵な公爵の略奪 ～令嬢は淫らにとろけて～,Light Novel,54,,2015,https://cdn.myanimelist.net/images/manga/3/154293l.jpg
3117,Hanabira no Shima,,花びらの島,Manga,54,,2015,https://cdn.myanimelist.net/images/manga/1/176181l.jpg
3117,Haou no Hanayome,,覇王の花嫁,Light Novel,54,,2015,https://cdn.myanimelist.net/images/manga/2/181504l.jpg
3117,Hatsumono Papa (Kari),,ハツモノパパ（仮）,Manga,54,,2015,https://cdn.myanimelist.net/images/manga/1/209684l.jpg
3117,Howling: The City of Nightmare,Howling: The City of Nightmare,하울링: 악몽의 도시,Manhwa,54,,2015,https://cdn.myanimelist.net/images/manga/2/332910l.jpg
3117,Inshuu no Mesunie: Wakazuma Haramase no Okite,,淫習の牝贄 若妻孕ませの掟,Light Novel,54,,2015,https://cdn.myanimelist.net/images/manga/1/169232l.jpg
3117,Iranko Quest,,いらん子クエスト,Light Novel,54,,2015,https://cdn.myanimelist.net/images/manga/1/161217l.jpg
3117,Koisuru to Shinjau Kanojo ni Aisaresugiru to Ore ga Shinu,,恋すると死んじゃう彼女に愛されすぎると俺が死ぬ,Light Novel,54,,2015,https://cdn.myanimelist.net/images/manga/1/164231l.jpg
3117,"Neratta Onna wo Horesaseru Ero App wo Tsukatte, Sukikatte ni Haramaseru Koto ni Shita",,狙った女を惚れさせるエロアプリを使って、好き勝手に孕ませることにした,Light Novel,54,,2015,https://cdn.myanimelist.net/images/manga/2/156147l.jpg
3117,Ohana ga Saiteiru ka to Omoimashita.,Like a Flower in Bloom,お花が咲いているかと思いました。,Manga,54,,2015,https://cdn.myanimelist.net/images/manga/1/299441l.jpg
3117,Oukyuu Maid to Harem Keikaku,,王宮メイドとハーレム計画,Light Novel,54,,2015,https://cdn.myanimelist.net/images/manga/1/158725l.jpg
3117,Shokusou Shoujo,,触装〈しょくそう〉少女,One-shot,54,,2015,https://cdn.myanimelist.net/images/manga/1/310369l.jpg
3117,Sora to Kyoukai no Ephyra,,空と鏡界の守護者〈エフィラー〉,Light Novel,54,,2015,https://cdn.myanimelist.net/images/manga/3/171919l.jpg
3117,War-Lock Princess: Sensougoroshi no Himegimi to Rokunin no Kashin-tachi,,ウォーロック・プリンセス 戦争殺しの姫君と六人の家臣たち,Light Novel,54,,2015,https://cdn.myanimelist.net/images/manga/3/181432l.jpg
3117,Yamijishi Hakushaku no Saikon Jijou,,闇獅子伯爵の再婚事情,Light Novel,54,,2015,https://cdn.myanimelist.net/images/manga/3/167619l.jpg
3117,Yasashii Shinsetsu Shiryoujutsu,Soft New Theory of Necromancy,やさしい新説死霊術,Manga,54,,2015,https://cdn.myanimelist.net/images/manga/2/235918l.jpg
3137,198X Memories: Ano Koro no Oretachi ni Sasagu,,198Xメモリーズ ～あの頃の俺たちに捧ぐ～,Manga,53,,2015,https://cdn.myanimelist.net/images/manga/2/254112l.jpg
3137,Akai Kutsu no Cinderella: Migawari Hanayome no Koi,,赤い靴のシンデレラ 身代わり花嫁の恋,Light Novel,53,,2015,https://cdn.myanimelist.net/images/manga/3/184501l.jpg
3137,Barrier Cracker,,バリアクラッカー,Light Novel,53,,2015,https://cdn.myanimelist.net/images/manga/1/161752l.jpg
3137,Bukatsu Shoujo Battle,,部活少女バトル,Light Novel,53,,2015,https://cdn.myanimelist.net/images/manga/3/176201l.jpg
3137,France Hato Nikki,,フランスはとにっき,Manga,53,,2015,https://cdn.myanimelist.net/images/manga/2/245257l.jpg
3137,Gokudou to Yoru no Otome: Hajimete wa Midara na Chigiri,Gangster and maiden of night.,極道と夜の乙女 初めては淫らな契り,Light Novel,53,,2015,https://cdn.myanimelist.net/images/manga/2/192625l.jpg
3137,Haou Kessen Lion,,牌王血戦 ライオン,Manga,53,,2015,https://cdn.myanimelist.net/images/manga/2/248664l.jpg
3137,Haruna Nana: Haruna-san Chi no 7-nin no Oniichan,Haruna Nana: Her 7 brothers of the Haruna Family,ハルナナナ～榛名さん家の7人のお兄ちゃん～,Manga,53,,2015,https://cdn.myanimelist.net/images/manga/1/225464l.jpg
3137,High School Secret Service!,,ハイスクール・シークレット・サービス！,Light Novel,53,,2015,https://cdn.myanimelist.net/images/manga/2/158173l.jpg
3137,Ijimerarekko,,イジメられッ娘,Manga,53,,2015,https://cdn.myanimelist.net/images/manga/2/314690l.jpg
3137,Makai Kizoku no Natsuyasumi,,魔界貴族のなつやすみ,Light Novel,53,,2015,https://cdn.myanimelist.net/images/manga/2/160116l.jpg
3137,Maougoroshi no Ryuukishi,,魔王殺しの竜騎士,Light Novel,53,,2015,https://cdn.myanimelist.net/images/manga/2/172210l.jpg
3137,Milky Time,,ミルキータイム,Manga,53,,2015,https://cdn.myanimelist.net/images/manga/2/309094l.jpg
3137,Nonke no Dachi ga Kareshi ni Natte,,ノンケのダチがカレシになって,Manga,53,,2015,https://cdn.myanimelist.net/images/manga/2/191754l.jpg
3137,Oni Shigoki: Joshibuin Dosukebe Ana Shidou,,鬼しごき～女子部員ドスケベ穴指導～,Manga,53,,2015,https://cdn.myanimelist.net/images/manga/2/265585l.jpg
3137,Onna Taiiku Kyoushi Kijoku: Gakusei Wakaosu to no Haitoku Mitsuji,,女体育教師の喜辱 学生若牡との背徳蜜事,Light Novel,53,,2015,https://cdn.myanimelist.net/images/manga/2/170837l.jpg
3137,Ramirez-ke no Hanayome,The Ramirez Brides,ラミレス家の花嫁,Manga,53,,2015,https://cdn.myanimelist.net/images/manga/3/231897l.jpg
3137,Seven Stars no Inkoku Tsukai,Rune Master of the Seven Stars,セブンスターズの印刻使い,Light Novel,53,,2015,https://cdn.myanimelist.net/images/manga/3/162391l.jpg
3137,Subete Ai no Shiwaza,,すべて愛のしわざ,Manga,53,,2015,https://cdn.myanimelist.net/images/manga/1/295734l.jpg
3137,The Good Life,The Good Life,슬기로운 생활,Manhwa,53,,2015,https://cdn.myanimelist.net/images/manga/3/333272l.jpg
3137,Tokyo Osanpo Girls,,東京おさんぽがーるず,Manga,53,,2015,https://cdn.myanimelist.net/images/manga/2/170256l.jpg
3137,Yakumo-san wa Ezuke wo Shitai.,,八雲さんは餌づけをしたい。,Manga,53,,2015,https://cdn.myanimelist.net/images/manga/3/317842l.jpg
3137,Yousei no Hanayome: Mukunaru Aiyoku,,妖精の花嫁 無垢なる愛欲,Light Novel,53,,2015,https://cdn.myanimelist.net/images/manga/1/167008l.jpg
3160,Aien no Keiyaku: Oujo wa Ryuu ni Dakareru,,愛炎の契約 王女は竜に抱かれる,Light Novel,52,,2015,https://cdn.myanimelist.net/images/manga/3/192773l.jpg
3160,Akuma na Kisaki no Kiken na Konin,,悪魔な妃の危険な婚姻,Light Novel,52,,2015,https://cdn.myanimelist.net/images/manga/1/167627l.jpg
3160,Ame Nochi Hare Zombiyori,,雨のち晴れゾン日和,Manga,52,,2015,https://cdn.myanimelist.net/images/manga/3/174533l.jpg
3160,Arashi wo Yobu Hanayome,,嵐を呼ぶ花嫁,Light Novel,52,,2015,https://cdn.myanimelist.net/images/manga/3/191593l.jpg
3160,Dare ga Ouji wo Koroshita no?,,誰が王子を殺したの?,Light Novel,52,,2015,https://cdn.myanimelist.net/images/manga/1/153686l.jpg
3160,Dragon Guild Series,,ドラゴンギルドシリーズ,Light Novel,52,,2015,https://cdn.myanimelist.net/images/manga/1/241961l.jpg
3160,H: Ecchi,,H [ecchi],Doujinshi,52,,2015,https://cdn.myanimelist.net/images/manga/2/304717l.jpg
3160,"Hajimete no Hito wa, Kareshi no Otouto.",My First Time Was with My Boyfriend's Little Brother,初めての人は、彼氏の弟。,Manga,52,,2015,https://cdn.myanimelist.net/images/manga/1/241755l.jpg
3160,Hatarakanai yo! Loki-senpai,,働かないよ！ロキ先輩,Manga,52,,2015,https://cdn.myanimelist.net/images/manga/3/200461l.jpg
3160,"Jisaku Game Sekai de Ore ga, Shinsenryaku de Musou suru",,自作ゲーム世界で俺が、神戦略で無双する,Light Novel,52,,2015,https://cdn.myanimelist.net/images/manga/1/165726l.jpg
3160,Kaitou Maid no Jikenbo,,怪盗メイドの事件簿,Light Novel,52,,2015,https://cdn.myanimelist.net/images/manga/3/169474l.jpg
3160,Kamisama wa Usotsuki.,The lord tells a lie.,神様は嘘つき。,Light Novel,52,,2015,https://cdn.myanimelist.net/images/manga/3/196476l.jpg
3160,Kawareta Hanayome to Akuma na Hakushaku,,買われた花嫁と悪魔な伯爵,Light Novel,52,,2015,https://cdn.myanimelist.net/images/manga/3/152792l.jpg
3160,Kiken na Ookamiotoko,,危険な狼男,Manga,52,,2015,https://cdn.myanimelist.net/images/manga/3/282031l.jpg
3160,Miko Shimai no Koi Mikuji,,巫女姉妹の恋みくじ,Light Novel,52,,2015,https://cdn.myanimelist.net/images/manga/2/161112l.jpg
3160,Miwaku no Akuma,Miwaku no Akuma,みわくのあくま,Manga,52,,2015,https://cdn.myanimelist.net/images/manga/2/313563l.jpg
3160,Mukareta Madonna Giin: Wana ni Ochiru Hitozuma no Biniku,,剥かれたマドンナ議員 罠に堕ちる人妻の美肉,Light Novel,52,,2015,https://cdn.myanimelist.net/images/manga/3/161192l.jpg
3160,Oneechan to Kozukuri Lesson!,,おねえちゃんと子作りレッスン！,Light Novel,52,,2015,https://cdn.myanimelist.net/images/manga/1/170910l.jpg
3160,Shinjuku Seven,,新宿セブン,Manga,52,,2015,https://cdn.myanimelist.net/images/manga/1/245678l.jpg
3160,Shirobako dj - Daisan Hikou Shoujotai,,第三飛行少女隊,Doujinshi,52,,2015,https://cdn.myanimelist.net/images/manga/3/308098l.jpg
3160,Yamato-kun no Kanojo wa D Girl,Yamato's girlfriend is a D girl.,ヤマト君の彼女はD少女〈ガール〉,Manga,52,,2015,https://cdn.myanimelist.net/images/manga/1/178503l.jpg
3160,Yoru no Ana ni wa Kiwotsukero!,,夜の穴には気をつけろ!,Doujinshi,52,,2015,https://cdn.myanimelist.net/images/manga/3/183050l.jpg
3160,Yoru no Yatterman Comic Anthology,,夜ノヤッターマン コミックアンソロジー,Manga,52,,2015,https://cdn.myanimelist.net/images/manga/2/158228l.jpg
3160,Yoshifumi to Karaage,,よしふみとからあげ,Manga,52,,2015,https://cdn.myanimelist.net/images/manga/2/259623l.jpg
3160,Yuki no Onna,Tales of a Snow Woman,雪ノ女,Manga,52,,2015,https://cdn.myanimelist.net/images/manga/1/230475l.jpg
3185,Ai wo Tsumugu Kizuato,,愛を紡ぐ傷痕,Light Novel,51,,2015,https://cdn.myanimelist.net/images/manga/1/194848l.jpg
3185,Happy☆Star,,はぴ☆すた,One-shot,51,,2015,https://cdn.myanimelist.net/images/manga/2/245431l.jpg
3185,High School Lorelei: Unmei no Hitomibore,,ハイスクール・ローレライ 運命のひと耳惚れ,Light Novel,51,,2015,https://cdn.myanimelist.net/images/manga/2/162195l.jpg
3185,Inori-chan no Zangyou Nisshi,Overtime Work Diary of Inori,いのりちゃんの残業日誌,Manga,51,,2015,https://cdn.myanimelist.net/images/manga/2/192563l.jpg
3185,JK Girls Club!!,,JK GIRLS CLUB!!,One-shot,51,,2015,https://cdn.myanimelist.net/images/manga/1/248625l.jpg
3185,Kanojo no Mesugao,She Has an Indecent Face,彼女の雌顔,Manga,51,,2015,https://cdn.myanimelist.net/images/manga/3/315111l.jpg
3185,Kioku Busoushi,,棄憶武装士,Light Novel,51,,2015,https://cdn.myanimelist.net/images/manga/1/176775l.jpg
3185,Koi wa Afureru Mitsu no You ni,Love Is Like Full of Honey,恋は溢れる蜜のように,Manga,51,,2015,https://cdn.myanimelist.net/images/manga/1/295247l.jpg
3185,Kuroneko to Hakushaku Reisoku: Okashi no Ie no Okashina Jikenbo,,黒猫と伯爵令息 お菓子の家のおかしな事件簿,Light Novel,51,,2015,https://cdn.myanimelist.net/images/manga/3/167601l.jpg
3185,Ryakudatsu sareta Fiancee,,略奪されたフィアンセ,Light Novel,51,,2015,https://cdn.myanimelist.net/images/manga/3/156948l.jpg
3185,Ryoukataomoi no Mitsugetsu: Koushaku-sama wa Furachi na Yuugi ga Osuki,,両片想いの蜜月 公爵様は不埒な遊戯がお好き,Light Novel,51,,2015,https://cdn.myanimelist.net/images/manga/3/184644l.jpg
3185,Shikkoku no Reijou Sister Gaiden: Jinjuu Boshi Soukan,,漆黒の令嬢シスター外伝 人獣母子相姦,Light Novel,51,,2015,https://cdn.myanimelist.net/images/manga/2/170766l.jpg
3185,Soukou Senki Prism Shine: Seigi no Heroine Daraku no Sennou Choukyou,,装甲戦姫プリズムシャイン～正義のヒロイン堕落の洗脳調教～,Light Novel,51,,2015,https://cdn.myanimelist.net/images/manga/3/165837l.jpg
3185,Usui to Kanojo to Roku-san no.,,碓氷と彼女とロクサンの。,Light Novel,51,,2015,https://cdn.myanimelist.net/images/manga/2/162832l.jpg
3185,Watashi wa Anata no Inu ni Naru,I transform myself into your dog.,わたしはあなたの犬になる,Manga,51,,2015,https://cdn.myanimelist.net/images/manga/1/192561l.jpg
3200,Ajisai*Planet,,あじさい＊プラネット,Manga,50,,2015,https://cdn.myanimelist.net/images/manga/3/287198l.jpg
3200,Amakute Oishii,Sweet & Delicious,あまくておいしい,Manga,50,,2015,https://cdn.myanimelist.net/images/manga/2/235335l.jpg
3200,Hamidashi Utopia,,ハミダシ・ユートピア,One-shot,50,,2015,https://cdn.myanimelist.net/images/manga/1/247466l.jpg
3200,Haou,Supreme Ruler,覇王,Light Novel,50,,2015,https://cdn.myanimelist.net/images/manga/2/183652l.jpg
3200,Heisei Pink Denpa,,ヘイセイピンクデンパ,Manga,50,,2015,https://cdn.myanimelist.net/images/manga/2/188576l.jpg
3200,High Girl,,ハイガール,One-shot,50,,2015,https://cdn.myanimelist.net/images/manga/2/296154l.jpg
3200,Insult,,インサルト,Manga,50,,2015,https://cdn.myanimelist.net/images/manga/3/292698l.jpg
3200,Kamen Majo no Resistance,,仮面魔女の解放戦記〈レジスタンス〉,Light Novel,50,,2015,https://cdn.myanimelist.net/images/manga/1/167544l.jpg
3200,Katakoi Kazoku: After Story,,片恋家族 AFTER STORY,Doujinshi,50,,2015,https://cdn.myanimelist.net/images/manga/3/287215l.jpg
3200,Kishiou Kouho no Gavant,,騎士王候補の守護執事《ガーヴァント》,Light Novel,50,,2015,https://cdn.myanimelist.net/images/manga/3/176780l.jpg
3200,Mahoutsukai no Meshitsukai,,魔法使いの召使い,Light Novel,50,,2015,https://cdn.myanimelist.net/images/manga/2/160786l.jpg
3200,Mitsukoi Engage: Ichizu na Koushaku no Amai Yuuwaku,,蜜恋エンゲージ 一途な公爵の甘い誘惑,Light Novel,50,,2015,https://cdn.myanimelist.net/images/manga/3/172374l.jpg
3200,Nicchi mo Sacchi mo License,,にっちもさっちも恋愛許可証〈ライセンス〉,Light Novel,50,,2015,https://cdn.myanimelist.net/images/manga/1/158425l.jpg
3200,Reminiscence,,reminiscence,Doujinshi,50,,2015,https://cdn.myanimelist.net/images/manga/2/237643l.jpg
3200,Renbaku: Anata to Tsunagaru Akaiito,,恋縛 あなたとつながる赤い糸,Light Novel,50,,2015,https://cdn.myanimelist.net/images/manga/1/200223l.jpg
3200,Sahoutsukai no Shishou-chan,,サ法使いの師匠ちゃん,Light Novel,50,,2015,https://cdn.myanimelist.net/images/manga/2/197770l.jpg
3200,Sawatari-san Chi no Ragnarok,,猿渡さん家のラグナロク,Light Novel,50,,2015,https://cdn.myanimelist.net/images/manga/3/160175l.jpg
3200,"Shoujo no Kuusou Teien: Watashi ""Tachi"" no Fantasia!!",The Fantasic Garden,"少女の空想庭園 ~わたし""たち""のファンタジア! ! ~",Light Novel,50,,2015,https://cdn.myanimelist.net/images/manga/2/180355l.jpg
3200,Tell Your Story,,tell your story,Manga,50,,2015,https://cdn.myanimelist.net/images/manga/1/180492l.jpg
3200,Tenmei no Dingir Record: Fushi no Kingu,,天命の書板〈ディンギル・レコード〉 不死の契約者〈キングー〉,Light Novel,50,,2015,https://cdn.myanimelist.net/images/manga/2/161056l.jpg
3200,Tsuki wo mo Kudaku Onahole: Shijou Saidai no Techno Break,,月をも砕くオナホール－史上最大のテクノブレイク－,Light Novel,50,,2015,https://cdn.myanimelist.net/images/manga/1/169769l.jpg
3200,Tsunmazo!? Saikyou Do M na Maou-sama,,ツンマゾ!? 最強ドMな魔王サマ,Light Novel,50,,2015,https://cdn.myanimelist.net/images/manga/1/164183l.jpg
3200,Vampire Dorobou Steel,,貴族〈バンパイア〉泥棒スティール,Light Novel,50,,2015,https://cdn.myanimelist.net/images/manga/1/172285l.jpg
3223,Aigan Danshi,Boys Meet Girl,愛玩男子,Manga,49,,2015,https://cdn.myanimelist.net/images/manga/2/208563l.jpg
3223,Avalon Phase: Choujou Busou no Highlander,,アヴァロン・フェイズ ＜超常武装のハイランダー＞,Light Novel,49,,2015,https://cdn.myanimelist.net/images/manga/1/237535l.jpg
3223,Bijo Spy Tsukamaru,,美女スパイ捕まる,Light Novel,49,,2015,https://cdn.myanimelist.net/images/manga/2/193521l.jpg
3223,Boukun Shachou to Keiyaku Dorei,,暴君社長と契約ドレイ,Light Novel,49,,2015,https://cdn.myanimelist.net/images/manga/2/195022l.jpg
3223,Gekou Fukanou,Cannot leave school.,下校不可能,Light Novel,49,,2015,https://cdn.myanimelist.net/images/manga/1/171783l.jpg
3223,Gettenrou no Override,Override in Moon City,月天楼の封神電戯〈オーヴァライド〉,Light Novel,49,,2015,https://cdn.myanimelist.net/images/manga/2/176460l.jpg
3223,Idol Chronicle,,アイドルクロニクル,Manga,49,,2015,https://cdn.myanimelist.net/images/manga/2/163536l.jpg
3223,Ippon!!: Shiawase no Nihonshu,,いっぽん!! 〜しあわせの日本酒〜,Manga,49,,2015,https://cdn.myanimelist.net/images/manga/3/244135l.jpg
3223,Joshidaisei no Senpai: Yonhaku Itsuka no Inwaku Ryokou,,女子大生の先輩 ~四泊五日の淫惑旅行~,Light Novel,49,,2015,https://cdn.myanimelist.net/images/manga/3/169007l.jpg
3223,Kachou to Watashi no Okazudou,Okazudou of Section Manager and Me,課長と私のおかず道,Manga,49,,2015,https://cdn.myanimelist.net/images/manga/3/215788l.jpg
3223,"Kamisama ni Narimashite, Series",,神さまになりまして、シリーズ,Light Novel,49,,2015,https://cdn.myanimelist.net/images/manga/3/172376l.jpg
3223,Love x Love Whistle,,愛〈ラブ〉×愛〈ラブ〉ホイッスル,Light Novel,49,,2015,https://cdn.myanimelist.net/images/manga/3/171784l.jpg
3223,Ojousama to Ore no Shujuu Kankei: Seikou no Shirube wa Seikou ni Ari!?,,お嬢様と俺の主従関係 ～成功の標は性交にあり！？～,Light Novel,49,,2015,https://cdn.myanimelist.net/images/manga/1/155553l.jpg
3223,"Onnanoko wa, Minna Anal-kko","All Girls Like ""Anal-kko!""",女の子は、みんなアナルっ娘,Manga,49,,2015,https://cdn.myanimelist.net/images/manga/3/296198l.jpg
3223,Saishin no Mahoutsukai to AI wo Shirumono,The forefront Wizard with acquired AI.,最新の魔法遣いとアイを識るもの,Light Novel,49,,2015,https://cdn.myanimelist.net/images/manga/1/158449l.jpg
3223,Seraphim Zone,,熾天使空域〈セラフィム・ゾーン〉,Light Novel,49,,2015,https://cdn.myanimelist.net/images/manga/2/169602l.jpg
3223,Shiki Shoujo,,四季少女,Manga,49,,2015,https://cdn.myanimelist.net/images/manga/3/274535l.jpg
3223,Sky Fall: Automata to Drifter,,スカイフォール 機械人形と流浪者〈オートマタとドリフター〉,Light Novel,49,,2015,https://cdn.myanimelist.net/images/manga/3/179781l.jpg
3223,Snow Temptation: Brocon Kyonyuu Ane no Ecchi na Yuuwaku,,Snow Temptation〜ブラコン巨乳姉のエッチな誘惑〜,One-shot,49,,2015,https://cdn.myanimelist.net/images/manga/3/244812l.jpg
3223,Sousei no Ebriot Seed: Heiwa no Shugosha,,創世のエブリオット・シード 平和の守護者,Light Novel,49,,2015,https://cdn.myanimelist.net/images/manga/2/158644l.jpg
3223,Summer Letter,Summer Letter,썸머 레터,Manhwa,49,,2015,https://cdn.myanimelist.net/images/manga/2/292990l.jpg
3223,Tamafu! Tama Daigaku Fuzoku Chounouryokuka,,たまふ！ 多磨大学附属超能力科,Light Novel,49,,2015,https://cdn.myanimelist.net/images/manga/2/161052l.jpg
3223,Wakeari Shounin no Kouguuroku,,わけあり商人の皇宮録,Light Novel,49,,2015,https://cdn.myanimelist.net/images/manga/3/152790l.jpg
3223,Zettai Kunshu no Dokusenai: Kamen ni Kakusareta Mitsugi,,絶対君主の独占愛 仮面に隠された蜜戯,Light Novel,49,,2015,https://cdn.myanimelist.net/images/manga/2/181447l.jpg
3247,Ama Love Sadistic: Osananajimi wa Do S na Oresama Kizoku,,甘ＬＯＶＥサディスティック 幼馴染はドＳな俺様貴族,Light Novel,48,,2015,https://cdn.myanimelist.net/images/manga/3/183009l.jpg
3247,Arigoke,,ありごけ,Manga,48,,2015,https://cdn.myanimelist.net/images/manga/2/192536l.jpg
3247,Dead or Strike,,デッド・オア・ストライク,Manga,48,,2015,https://cdn.myanimelist.net/images/manga/2/234078l.jpg
3247,Haruiro Koigokoro,,春色恋ゴコロ,Manga,48,,2015,https://cdn.myanimelist.net/images/manga/3/243092l.jpg
3247,Hitotsu Umi no Pallas Athena,,ひとつ海のパラスアテナ,Light Novel,48,,2015,https://cdn.myanimelist.net/images/manga/3/193225l.jpg
3247,Kanojo wa Idenshi Kumikae-kei,,彼女は遺伝子組み換え系,Light Novel,48,,2015,https://cdn.myanimelist.net/images/manga/2/159519l.jpg
3247,Koko wa Isekai Conveni Demon Eleven,"Here is a convenience store ""Daemon Eleven""",ここは異世界コンビニ デモン・イレブン,Light Novel,48,,2015,https://cdn.myanimelist.net/images/manga/3/165725l.jpg
3247,"Kunoichi Inpuutan: ""Intouchou"" Azami Gaiden",,くノ一淫風譚 『淫闘帖』薊外伝,Light Novel,48,,2015,https://cdn.myanimelist.net/images/manga/3/170764l.jpg
3247,Lianai Qianceng Dangao,Love Millefeuille,戀愛千層蛋糕,Manhua,48,,2015,https://cdn.myanimelist.net/images/manga/1/313702l.jpg
3247,Meitantei x Furyou x Riajuu x Chijo x Duelist,,名探偵×不良×リア充×痴女×決闘者〈デュエリスト〉,Light Novel,48,,2015,https://cdn.myanimelist.net/images/manga/3/177094l.jpg
3247,Moms,Moms,엄마들,Manhwa,48,,2015,https://cdn.myanimelist.net/images/manga/2/285737l.jpg
3247,Onitsuki Hime Series,,鬼憑き姫 シリーズ,Light Novel,48,,2015,https://cdn.myanimelist.net/images/manga/2/151121l.jpg
3247,Seisai no Sakazuki: Yuri no Hanabira wa Hakudaku ni Somaru,,性裁の杯～百合の花弁は白濁に染まる～,Light Novel,48,,2015,https://cdn.myanimelist.net/images/manga/3/169776l.jpg
3247,Shounen Racket,The Day of Switching-on!!,少年ラケット,Manga,48,,2015,https://cdn.myanimelist.net/images/manga/1/236540l.jpg
3247,Umi de Oborete Hyouryuu shitara Nazo no Shima e Tadoritsuita Ken ni Tsuite,,海でおぼれて漂流したら謎の島へたどり着いた件について,Light Novel,48,,2015,https://cdn.myanimelist.net/images/manga/1/158423l.jpg
3247,Yokujou Saddle,,欲情サドル,Light Novel,48,,2015,https://cdn.myanimelist.net/images/manga/3/165588l.jpg
3263,Enemies/1996,,エネミーズ／1996,Light Novel,47,,2015,https://cdn.myanimelist.net/images/manga/3/176393l.jpg
3263,Gariya: Sekai ni Kimi shika Inai,,GARIYA 世界に君しかいない,Manga,47,,2015,https://cdn.myanimelist.net/images/manga/2/189773l.jpg
3263,Hime no Karei naru Dorei Seikatsu,,姫の華麗なる奴隷生活,Light Novel,47,,2015,https://cdn.myanimelist.net/images/manga/2/167552l.jpg
3263,Hoshuu Class no Debuggers,,補習クラスのデバッガーズ,Light Novel,47,,2015,https://cdn.myanimelist.net/images/manga/3/160627l.jpg
3263,Kotonoha-san ga Koishiteru,,琴ノ葉さんが恋してる,Manga,47,,2015,https://cdn.myanimelist.net/images/manga/3/217097l.jpg
3263,Luciérnaga,,ルシエルナガ,Manga,47,,2015,https://cdn.myanimelist.net/images/manga/1/191233l.jpg
3263,Mafia no Ai wa Shishi no You ni,The love of the mafia like a beast,マフィアの愛は獣のように,Light Novel,47,,2015,https://cdn.myanimelist.net/images/manga/3/186015l.jpg
3263,Mako no Wine,Mako's Winery,真湖のワイン,Manga,47,,2015,https://cdn.myanimelist.net/images/manga/2/235701l.jpg
3263,Mamorasete! Hatsujou Seitokaichou!,,守らせて! 発情生徒会長!,Light Novel,47,,2015,https://cdn.myanimelist.net/images/manga/3/168797l.jpg
3263,Myu-con!,Music Conductor!,みゅ~こん!,Manga,47,,2015,https://cdn.myanimelist.net/images/manga/2/236021l.jpg
3263,Sagishi Kid no Eiyuu Enbu,,詐欺師キッドの英雄演武,Light Novel,47,,2015,https://cdn.myanimelist.net/images/manga/2/158953l.jpg
3263,Seiseki Yuuryou no Breaker to Unuboreya no Magiasmith,,成績優良の破壊騎士〈ブレイカー〉とうぬぼれ屋の魔鋼鍛冶〈マギアスミス〉,Light Novel,47,,2015,https://cdn.myanimelist.net/images/manga/1/162133l.jpg
3263,Sensei ga No.1 Host!? Yoru no Sekai no Kimochi Ii Koto Oshiete Ageru,My Teacher's... the No.1 Host?!,先生がNo.1ホスト!?～夜の世界の気持ちイイこと教えてあげる,Manga,47,,2015,https://cdn.myanimelist.net/images/manga/2/270735l.jpg
3263,Shinkai Rendezvous,Deep-Sea Rendezvous,深海ランデブー,Manga,47,,2015,https://cdn.myanimelist.net/images/manga/3/244353l.jpg
3263,Shishimai Girl,,ししまいガール,Manga,47,,2015,https://cdn.myanimelist.net/images/manga/1/174289l.jpg
3263,Yakyuu no Hoshi Metman,,野球の星 メットマン,Manga,47,,2015,https://cdn.myanimelist.net/images/manga/1/214542l.jpg
3279,Asonde! Manga no Oniisan,,遊んで! まんがのお兄さん,Manga,46,,2015,https://cdn.myanimelist.net/images/manga/3/239725l.jpg
3279,Cashero,Cashero,캐셔로,Manhwa,46,,2015,https://cdn.myanimelist.net/images/manga/3/282439l.jpg
3279,Dagashuka,,だーがしゅか,Manga,46,,2015,https://cdn.myanimelist.net/images/manga/3/235981l.jpg
3279,Hanabira Otome,Maiden Like Fower Petals,花びら乙女,Manga,46,,2015,https://cdn.myanimelist.net/images/manga/1/322824l.jpg
3279,Harapeko to Spice: Tamako Kitchen e Youkoso,,はらペコとスパイス～たまこキッチンへようこそ～,Manga,46,,2015,https://cdn.myanimelist.net/images/manga/1/237089l.jpg
3279,Himitsumeita Saikai,The Sabbides Secret Baby,秘密めいた再会,Manga,46,,2015,https://cdn.myanimelist.net/images/manga/3/229061l.jpg
3279,Isekai de Shijinjuu ni Kyuukon Saremashita.,,異世界で四神獣に求婚されました。,Light Novel,46,,2015,https://cdn.myanimelist.net/images/manga/1/167542l.jpg
3279,Kirishima Yuuko wa Seiteki Alien: Loli de Cute de H na Kyakuhonka,,霧島ユー子は性的侵略者〈エイリアン〉~ロリでキュートでHな脚本家~,Light Novel,46,,2015,https://cdn.myanimelist.net/images/manga/3/154396l.jpg
3279,Konna Henshuusha to Nete wa Ikenai,,こんな編集者と寝てはいけない,Manga,46,,2015,https://cdn.myanimelist.net/images/manga/3/174532l.jpg
3279,Kyousei Kaikan Toroke Ochi,,強制快姦トロけ堕ち,Manga,46,,2015,https://cdn.myanimelist.net/images/manga/2/247514l.jpg
3279,Leotard Fuuki Iinchou Mikagura Tsukimi Gaiden: Uruwashi no Shoujo wa Chijoku no Shitsuke ni Naku,,レオタード風紀委員長御神楽月見 外伝 麗しの少女は恥辱の躾に啼く,Light Novel,46,,2015,https://cdn.myanimelist.net/images/manga/1/170694l.jpg
3279,Nijiiro Complex,Girl's in Bloom,にじいろコンプレックス,Manga,46,,2015,https://cdn.myanimelist.net/images/manga/3/293680l.jpg
3279,Okitsune-sama no Kamikakushi: Saikyou Inari ni Do Sukarete Komattemasu,,お狐様の神隠し 最強稲荷にド好かれて困ってます,Light Novel,46,,2015,https://cdn.myanimelist.net/images/manga/3/178158l.jpg
3279,"Okuda Tamio ni Naritai Boy, Deau Otoko Subete Kuruwaseru Girl","A Boy Who Wished to Be Tamio Okuda, A Girl Who Drove All the Men Crazy",奥田民生になりたいボーイ 出会う男すべて狂わせるガール,Manga,46,,2015,https://cdn.myanimelist.net/images/manga/1/178765l.jpg
3279,Ossan ga Bijo.,,おっさんがびじょ。,Light Novel,46,,2015,https://cdn.myanimelist.net/images/manga/3/190104l.jpg
3279,Outlaw x Raven,,アウトロー×レイヴン,Light Novel,46,,2015,https://cdn.myanimelist.net/images/manga/1/178273l.jpg
3279,"Rolling Combat!: Ochikobore Jieikan, Isekai no Chuushin de Fujun na Ai wo Sakebu",,ローリング・コンバット!～落ちこぼれ自衛官、異世界の中心で不純な愛を叫ぶ～,Light Novel,46,,2015,https://cdn.myanimelist.net/images/manga/1/167602l.jpg
3279,Surechigai Diary,,すれ違いダイアリー,Manga,46,,2015,https://cdn.myanimelist.net/images/manga/2/234920l.jpg
3279,Tokusou Kihei Artemis Gaiden,,特捜姫兵アルテミス外伝,Light Novel,46,,2015,https://cdn.myanimelist.net/images/manga/2/170799l.jpg
3279,Wakeari Shoukanshi no Konyaku: Meifu no Mukae wa Kyohishimasu,,わけあり招喚士の婚約 冥府の迎えは拒否します,Light Novel,46,,2015,https://cdn.myanimelist.net/images/manga/1/161851l.jpg
3279,Watashi wo Mitashite: Himitsu no Henshin Ganbou,,私を満たして～秘密の変身願望～,Light Novel,46,,2015,https://cdn.myanimelist.net/images/manga/2/193821l.jpg
3279,Witch's Workshop,Witch's Workshop,공방의 마녀,Manhwa,46,,2015,https://cdn.myanimelist.net/images/manga/3/331511l.jpg
3279,Zannen Danshi.,,残念男子。,Manga,46,,2015,https://cdn.myanimelist.net/images/manga/3/205472l.jpg
3302,Babysitter no Kokuhaku,The Boss's Baby Affair,ベビーシッターの告白,Manga,45,,2015,https://cdn.myanimelist.net/images/manga/2/230089l.jpg
3302,Gakuen Game Neptune: Katsudou Diary,,学園ゲイム ネプテューヌ かつどうだいありー,Manga,45,,2015,https://cdn.myanimelist.net/images/manga/2/281076l.jpg
3302,Hyakuhachi Seiden: Tenpa Mugen no Valkyria,,一〇八星伝 天破夢幻のヴァルキュリア,Light Novel,45,,2015,https://cdn.myanimelist.net/images/manga/2/178994l.jpg
3302,Kabuki Drop,,かぶきドロップ,Manga,45,,2015,https://cdn.myanimelist.net/images/manga/2/165443l.jpg
3302,Kaidanzaka no Mahoutsukai,,階段坂の魔法使い,Light Novel,45,,2015,https://cdn.myanimelist.net/images/manga/1/167555l.jpg
3302,Kannou Shousetsuka no Ore ni Tenshi Sugiru Deshi nado Hitsuyounai!,,官能小説家の俺に天使すぎる弟子など必要ないっ！,Light Novel,45,,2015,https://cdn.myanimelist.net/images/manga/1/165589l.jpg
3302,Katamete Ijimete Twintail: Jikuu Kanrikan no Kansatsu Nikki,,固めていじめてツインテール~時空管理官の観察日記~,Light Novel,45,,2015,https://cdn.myanimelist.net/images/manga/1/169770l.jpg
3302,Kijuu Senki wa Hohoemanai,,機従戦姫は微笑まない,Light Novel,45,,2015,https://cdn.myanimelist.net/images/manga/3/158777l.jpg
3302,Majo no Tsukaima wa Oujisama deshita.,Familiar spirit of the witch was Prince,魔女の使い魔は王子様でした。,Light Novel,45,,2015,https://cdn.myanimelist.net/images/manga/2/161843l.jpg
3302,Muchimuchi Maid Hiori Gaiden,,ムチむちメイド姫織外伝,Light Novel,45,,2015,https://cdn.myanimelist.net/images/manga/3/170797l.jpg
3302,"Nani wo Shitanda, Kiyokawa-kun",What Was Done Kiyokawa-kun,何をしたんだ、清川くん,Light Novel,45,,2015,https://cdn.myanimelist.net/images/manga/2/156946l.jpg
3302,Ore to Khan no Swap Trip,,俺とカーンの賢者タイム〈スワップトリップ〉,Light Novel,45,,2015,https://cdn.myanimelist.net/images/manga/1/178464l.jpg
3302,"Outland Vanguard: Ore, Henkyou Keibi ni Chakunin Shimashita",,アウトランド・ヴァンガード～俺、辺境警備に着任しました,Light Novel,45,,2015,https://cdn.myanimelist.net/images/manga/1/164232l.jpg
3302,Seiyaku no Hanayome to Kirameki no Ou,,誓約の花嫁と煌きの王,Light Novel,45,,2015,https://cdn.myanimelist.net/images/manga/1/167609l.jpg
3302,Shichinin no Megami to Monshou Sekai no Hyouryuusha,,七人の女神と紋章世界の漂流者,Light Novel,45,,2015,https://cdn.myanimelist.net/images/manga/2/163278l.jpg
3302,Soft and Wet,,そふと あんど うぇっと,Manga,45,,2015,https://cdn.myanimelist.net/images/manga/3/312795l.jpg
3302,Taiyouou to Mitsugetsu no Yogen,The prophecy of sun king and honeymoon,太陽王と蜜月の予言,Light Novel,45,,2015,https://cdn.myanimelist.net/images/manga/2/181315l.jpg
3319,17-sai no Tou,,17歳の塔,Manga,44,,2015,https://cdn.myanimelist.net/images/manga/2/262797l.jpg
3319,Ai nante Niawanai,,愛なんて似合わない,Light Novel,44,,2015,https://cdn.myanimelist.net/images/manga/2/195062l.jpg
3319,Bara wa Itsuwari no Hanayome,,薔薇は偽りの花嫁,Light Novel,44,,2015,https://cdn.myanimelist.net/images/manga/2/185919l.jpg
3319,"Bijin, Hajimemashita!",,美人、はじめました!,Manga,44,,2015,https://cdn.myanimelist.net/images/manga/2/191963l.jpg
3319,Cinderella no Aneue,,シンデレラの姉上,Light Novel,44,,2015,https://cdn.myanimelist.net/images/manga/2/194540l.jpg
3319,Dainana Teikoku Hanayagitai,,第七帝国華やぎ隊,Light Novel,44,,2015,https://cdn.myanimelist.net/images/manga/1/189750l.jpg
3319,Hakugai Fukutsu no Blade Maker,,迫害不屈の聖剣錬師〈ブレイドメイカー〉,Light Novel,44,,2015,https://cdn.myanimelist.net/images/manga/2/167557l.jpg
3319,Ichi Nanobyou no Lilith,,一ナノ秒のリリス,Light Novel,44,,2015,https://cdn.myanimelist.net/images/manga/3/160661l.jpg
3319,Ingoku no Battle Arena: Nerawareta Seitou Koukeisha Shimai,,淫獄のバトルアリーナ 狙われた正統後継者姉妹,Light Novel,44,,2015,https://cdn.myanimelist.net/images/manga/2/169102l.jpg
3319,Koushu-sama no Oyakusoku! Series,,公主様のお約束!シリーズ,Light Novel,44,,2015,https://cdn.myanimelist.net/images/manga/3/165892l.jpg
3319,Lily Fisher no Nangi na Koi,Lily Fisher's Cumbersome Love Affair,リリー・フィッシャーの難儀な恋,Light Novel,44,,2015,https://cdn.myanimelist.net/images/manga/1/156953l.jpg
3319,Out Gear Fullcolor,,OUT GEAR FULLCOLOR,One-shot,44,,2015,https://cdn.myanimelist.net/images/manga/1/211430l.jpg
3319,Renbaku: Romeo to Juliet Ibun,,恋縛 ロミオとジュリエット異聞,Light Novel,44,,2015,https://cdn.myanimelist.net/images/manga/1/184727l.jpg
3319,Sangreal: Ou e no Rashinban,Sangreal: Road of the King,サングリアル～王への羅針盤～,Manga,44,,2015,https://cdn.myanimelist.net/images/manga/1/227023l.jpg
3319,Sousei no Gaokerena,,創生のガオケレナ,Manga,44,,2015,https://cdn.myanimelist.net/images/manga/4/340383l.jpg
3319,Taikyoku Senkaden Series,,太極仙華伝シリーズ,Light Novel,44,,2015,https://cdn.myanimelist.net/images/manga/2/167640l.jpg
3319,TimeLine★Girl,,タイムライン★ガール,Light Novel,44,,2015,https://cdn.myanimelist.net/images/manga/1/159973l.jpg
3319,Utaite no Ballad,,歌い手のバラッド,Manga,44,,2015,https://cdn.myanimelist.net/images/manga/1/324896l.jpg
3319,Yozora ni Saku,,夜空に咲く,Manga,44,,2015,https://cdn.myanimelist.net/images/manga/3/260717l.jpg
3338,Amai Mitsu no Rougoku,,甘い蜜の牢獄,Light Novel,43,,2015,https://cdn.myanimelist.net/images/manga/1/181503l.jpg
3338,Ani to Imouto: Kinjirareta Houyou,,兄と妹 禁じられた抱擁,Light Novel,43,,2015,https://cdn.myanimelist.net/images/manga/3/192474l.jpg
3338,Barikyari Joshi to Shitsuji-sama: ......Ienai Choukyou Gohoushi,,バリキャリ女子と執事さま ……言えない調教ご奉仕,Light Novel,43,,2015,https://cdn.myanimelist.net/images/manga/2/195843l.jpg
3338,Boukun to no Suteki na Kekkon Seikatsu,,暴君との素敵な結婚生活,Light Novel,43,,2015,https://cdn.myanimelist.net/images/manga/2/155695l.jpg
3338,Canis: The Speaker,,CANIS-THE SPEAKER-,Manga,43,,2015,https://cdn.myanimelist.net/images/manga/3/350018l.jpg
3338,Datte Oyama-kun ga Tsuyai.,,だって小山くんが艶い。,Manga,43,,2015,https://cdn.myanimelist.net/images/manga/2/203953l.jpg
3338,"Guess, Kijoumae","Guess, Before Riding a Horse",ゲス、騎乗前,Manga,43,,2015,https://cdn.myanimelist.net/images/manga/3/212443l.jpg
3338,Kototoki no Mahoutsukai,,言解きの魔法使い,Manga,43,,2015,https://cdn.myanimelist.net/images/manga/2/216023l.jpg
3338,My Life as an Internet Novel,My Life as an Internet Novel,인소의 법칙,Novel,43,,2015,https://cdn.myanimelist.net/images/manga/3/319333l.jpg
3338,Neko to Geboku no Suteki na Nichijou,,猫と下僕の素敵な日常,Manga,43,,2015,https://cdn.myanimelist.net/images/manga/3/234580l.jpg
3338,Seiketsu na Kanojo,,清潔な彼女,Doujinshi,43,,2015,https://cdn.myanimelist.net/images/manga/1/163665l.jpg
3338,Seiryaku Kekkon no Arikata,,政略結婚の在り方,Light Novel,43,,2015,https://cdn.myanimelist.net/images/manga/1/194492l.jpg
3338,Sheikh ni Metorarete,Heir to a Desert Legacy,シークに娶られて,Manga,43,,2015,https://cdn.myanimelist.net/images/manga/2/247044l.jpg
3338,Shimobe no Dairokuten Maou,,僕の第六天魔王,Light Novel,43,,2015,https://cdn.myanimelist.net/images/manga/1/171820l.jpg
3338,Shinshi to Otome no Mitsuyaku,His Forbidden Liaison,紳士と乙女の密約,Manga,43,,2015,https://cdn.myanimelist.net/images/manga/3/228841l.jpg
3338,Sing My Crush,Sing My Crush,따라바람,Manhwa,43,,2015,https://cdn.myanimelist.net/images/manga/2/319916l.jpg
3338,Teruya-kun wa Hodasarenai,,照屋くんは絆されない,Manga,43,,2015,https://cdn.myanimelist.net/images/manga/2/200095l.jpg
3338,Youkoso Kurotsubaki-ya e! Series,,ようこそ黒椿屋へ!シリーズ,Light Novel,43,,2015,https://cdn.myanimelist.net/images/manga/1/172946l.jpg
3356,Boumei Reijou no Renai Keiyaku,The Exiled Aristocrat's Bargain,亡命令嬢の恋愛契約,Manga,42,,2015,https://cdn.myanimelist.net/images/manga/1/257609l.jpg
3356,Choujou Tantei X,Paranormal Detectives Club,超常探偵Ｘ,Manga,42,,2015,https://cdn.myanimelist.net/images/manga/1/216180l.jpg
3356,Gyakuten Koukyuu Monogatari,,逆転後宮物語,Light Novel,42,,2015,https://cdn.myanimelist.net/images/manga/2/180196l.jpg
3356,Harumachizakura no Mau Koro ni,,春待ち桜の舞う頃に,One-shot,42,,2015,https://cdn.myanimelist.net/images/manga/3/254087l.jpg
3356,Hitotoki no Koibito,Between Duty and Desire,ひとときの恋人,Manga,42,,2015,https://cdn.myanimelist.net/images/manga/2/257603l.jpg
3356,K.O.K: King of Kuzu,,K.O.K ―キング・オブ・クズ―,Manga,42,,2015,https://cdn.myanimelist.net/images/manga/2/193972l.jpg
3356,Kokuou Heika no Hitomebore: Itsuwari no Princess!?,,国王陛下のひとめぼれ ～偽りのプリンセス！？～,Light Novel,42,,2015,https://cdn.myanimelist.net/images/manga/3/195017l.jpg
3356,Kyouki no Itoshigo,,狂鬼の愛し子,Light Novel,42,,2015,https://cdn.myanimelist.net/images/manga/3/186019l.jpg
3356,Mahou no Kuni no Madan,Magic Bullet in the Magical Land,魔法の国の魔弾,Light Novel,42,,2015,https://cdn.myanimelist.net/images/manga/3/252534l.jpg
3356,Natsu no Arashi: Eikoku Shinshi no Gekijou,,夏の嵐～英国紳士の激情～,Light Novel,42,,2015,https://cdn.myanimelist.net/images/manga/2/195019l.jpg
3356,"Oujo, Iseki Tanken e Iku",A princess goes to remains,王女、遺跡探検へ行く,Light Novel,42,,2015,https://cdn.myanimelist.net/images/manga/2/172371l.jpg
3356,Ryuu to Tenshi to Kuchizuke to,,竜と天使と口付けと,Light Novel,42,,2015,https://cdn.myanimelist.net/images/manga/2/162132l.jpg
3356,Seinaru Majo to Akuma no Kishi,Sacred witch and Knight of the devil,聖なる魔女と悪魔の騎士,Light Novel,42,,2015,https://cdn.myanimelist.net/images/manga/3/196580l.jpg
3356,Seitai Sample: Hoshizora ni Rachirareta Idol,,性態サンプル～星空に拉致られたアイドル～,Light Novel,42,,2015,https://cdn.myanimelist.net/images/manga/3/163785l.jpg
3356,Shoujo Najimi,,少女馴染み,Doujinshi,42,,2015,https://cdn.myanimelist.net/images/manga/1/322792l.jpg
3356,Soukoku no Ryuu Kishi,,蒼黒の竜騎士,Light Novel,42,,2015,https://cdn.myanimelist.net/images/manga/2/154191l.jpg
3356,Tomodachi no Okaasan to no Seikyouiku Nikki,,友達のお母さんとの性教育日記,Doujinshi,42,,2015,https://cdn.myanimelist.net/images/manga/3/310103l.jpg
3356,Toriko: Kokuou Heika no Himegimi Choukyou,,虜 国王陛下の姫君調教,Light Novel,42,,2015,https://cdn.myanimelist.net/images/manga/3/167603l.jpg
3356,Yotogi no Kuni no Gekkou Hime,,夜伽の国の月光姫,Light Novel,42,,2015,https://cdn.myanimelist.net/images/manga/2/238830l.jpg
3375,(Aruiwa) SF no Aru Fuukei,,（あるいは）SFのある風景,Light Novel,41,,2015,https://cdn.myanimelist.net/images/manga/1/170920l.jpg
3375,Boku wa Kuuki ga Yomenai: Alternative Remix,I Can't Read Between the Lines: Alternative Remix,僕は空気が嫁ない～オルタナティヴ・リミックス～,Light Novel,41,,2015,https://cdn.myanimelist.net/images/manga/1/171350l.jpg
3375,Cult Mura de Umaremashita.,,カルト村で生まれました。,Manga,41,,2015,https://cdn.myanimelist.net/images/manga/3/229947l.jpg
3375,Daisan Ouji to Onna Kishi Danchou,,第三王子と女騎士団長,Light Novel,41,,2015,https://cdn.myanimelist.net/images/manga/1/194547l.jpg
3375,Dassou Princess,,脱走プリンセス,Light Novel,41,,2015,https://cdn.myanimelist.net/images/manga/1/181316l.jpg
3375,Fushidara na Konzen Kyouiku,,ふしだらな婚前教育,Light Novel,41,,2015,https://cdn.myanimelist.net/images/manga/2/179487l.jpg
3375,Fuuzokujou Debut Shimashita.,,風俗嬢デビューしました。,Light Novel,41,,2015,https://cdn.myanimelist.net/images/manga/3/193716l.jpg
3375,Kamisama no Goyounin,,神様の御用人,Manga,41,,2015,https://cdn.myanimelist.net/images/manga/2/222090l.jpg
3375,Kuroneko Nyannyan♡Book,,クロネコにゃんにゃん♡BOOK,Manga,41,,2015,https://cdn.myanimelist.net/images/manga/3/290089l.jpg
3375,M Ryman to S Bitch,M Ryman and S Bitch,MリーマンとSビッチ,Manga,41,,2015,https://cdn.myanimelist.net/images/manga/3/288473l.jpg
3375,Majime na Maou-sama wo Yuuwaku shitara Do S na Zetsurin ni Narimashita.,,マジメな魔王様を誘惑したらドSな絶倫になりました。,Light Novel,41,,2015,https://cdn.myanimelist.net/images/manga/1/159975l.jpg
3375,Majo no Mori,Forest of the witch,魔女の森,Manga,41,,2015,https://cdn.myanimelist.net/images/manga/2/232453l.jpg
3375,Mannaka.,,まんなか。,Manga,41,,2015,https://cdn.myanimelist.net/images/manga/1/324665l.jpg
3375,Mawase! Valkyrie no Hilde-san,,まわせっ！課金戦乙女〈ヴァルキリー〉のヒルデさん,Light Novel,41,,2015,https://cdn.myanimelist.net/images/manga/3/177059l.jpg
3375,Million Kingdom,,MILLION KINGDOM,One-shot,41,,2015,https://cdn.myanimelist.net/images/manga/3/194846l.jpg
3375,Nisemono Koutei to Koi no Shousha,,ニセモノ皇帝と恋の勝者,Light Novel,41,,2015,https://cdn.myanimelist.net/images/manga/3/159972l.jpg
3375,Norowareta Koutei to Hyakuninme no Hanayome,,呪われた皇帝と百人目の花嫁,Light Novel,41,,2015,https://cdn.myanimelist.net/images/manga/3/167589l.jpg
3375,Ore no Konyakusha ga Konna ni Kawaii! Kirakira Oujisama no Kahogo na Aijou,,俺の婚約者がこんなにかわいい！ キラキラ王子様の過保護な愛情,Light Novel,41,,2015,https://cdn.myanimelist.net/images/manga/2/183065l.jpg
3375,Ougon no Tane wo Shirimasen ka?,Do you know The Golden Samen?,黄金の種を知りませんか？,Light Novel,41,,2015,https://cdn.myanimelist.net/images/manga/3/158707l.jpg
3375,Parapura Gakuen,,パラプラ学園,Light Novel,41,,2015,https://cdn.myanimelist.net/images/manga/3/160924l.jpg
3375,Squall Line,Squall Line,スコールライン,One-shot,41,,2015,https://cdn.myanimelist.net/images/manga/1/297405l.jpg
3375,Super Robot Taisen OG: The Inspector - Record of ATX - Bad Beat Bunker,,スーパーロボット大戦OG -ジ・インスペクター- Record of ATX BAD BEAT BUNKER,Manga,41,,2015,https://cdn.myanimelist.net/images/manga/2/230710l.jpg
3375,Tsuchi Zokusei wa Date ja Nai!! Arata naru Chousensha-tachi,,土属性はダテじゃない！！ 新たなる挑戦者たち,Light Novel,41,,2015,https://cdn.myanimelist.net/images/manga/3/160181l.jpg
3375,Wotona no Kaidan,,ヲトナの快段,One-shot,41,,2015,https://cdn.myanimelist.net/images/manga/1/242836l.jpg
3375,Yoku Ataru Uranaishi,,よくアタる占い師,One-shot,41,,2015,https://cdn.myanimelist.net/images/manga/1/249019l.jpg
3375,Yonayona Yoga,,よなよなヨーガ,Manga,41,,2015,https://cdn.myanimelist.net/images/manga/3/270885l.jpg
3401,A Stranger in My House,A Stranger in My House,우리 집에 사는 남자,Manhwa,40,,2015,https://cdn.myanimelist.net/images/manga/2/271967l.jpg
3401,Apostles' Creed,Apostles' Creed,혼신,Manhwa,40,,2015,https://cdn.myanimelist.net/images/manga/1/333180l.jpg
3401,Bijo to Yajuu na Seiou-sama: Erotic Douwa ni Sasoware,,美女と野獣な聖王様 エロティック童話に誘われ,Light Novel,40,,2015,https://cdn.myanimelist.net/images/manga/3/183428l.jpg
3401,Binkan! Vivit-san.,,敏感! ビビットさん。,Manga,40,,2015,https://cdn.myanimelist.net/images/manga/2/241191l.jpg
3401,Ero Sugite Tamaranai,,エロすぎてたまらない,Light Novel,40,,2015,https://cdn.myanimelist.net/images/manga/1/193781l.jpg
3401,Gochisousama deshita♥,Thank You for the Meal♥,ごちそうさまでした♥,Manga,40,,2015,https://cdn.myanimelist.net/images/manga/1/327525l.jpg
3401,Hana Makura,,華枕,Light Novel,40,,2015,https://cdn.myanimelist.net/images/manga/1/164193l.jpg
3401,Hikkoshisaki no Rinjin wa AV Danyuu Deshita,My Neighbor Was a Porn Star,引越先の隣人はAV男優でした,Manga,40,,2015,https://cdn.myanimelist.net/images/manga/1/314383l.jpg
3401,Kuroneko Kashiten Hatsukoi Biyori,,黒猫菓子店初恋日和,Light Novel,40,,2015,https://cdn.myanimelist.net/images/manga/2/179405l.jpg
3401,Lingfen Ouxiang,Zero Point Idol,零分偶像,Manhua,40,,2015,https://cdn.myanimelist.net/images/manga/3/303951l.jpg
3401,Nikoben!,,ニコべん!,Manga,40,,2015,https://cdn.myanimelist.net/images/manga/2/299196l.jpg
3401,Ore yori Tsuyoi Ano Ko wo Naguri ni Iku,,俺より強いあの娘を殴りに行く,Light Novel,40,,2015,https://cdn.myanimelist.net/images/manga/1/167097l.jpg
3401,Sumeragi Dressers,,スメラギドレッサーズ,Manga,40,,2015,https://cdn.myanimelist.net/images/manga/2/178762l.jpg
3401,Teishu Genki de Maso ga Ii!,,亭主元気でマゾがいい！,Manga,40,,2015,https://cdn.myanimelist.net/images/manga/3/202012l.jpg
3401,Trouble Breaker,,とらぶるBREAKER,Manga,40,,2015,https://cdn.myanimelist.net/images/manga/2/191713l.jpg
3401,Yasashii Shinjitsu to Seiryaku Kekkon,,やさしい真実と政略結婚,Light Novel,40,,2015,https://cdn.myanimelist.net/images/manga/1/178021l.jpg
3417,Chika Idol,,痴歌偶像,One-shot,39,,2015,https://cdn.myanimelist.net/images/manga/3/258439l.jpg
3417,"Chikai no Kiss made, Ato Nannichi?: Outaishi Denka to Kareinaru Wedding Road",,誓いのキスまで、あと何日? 王太子殿下と華麗なるウェディングロード,Light Novel,39,,2015,https://cdn.myanimelist.net/images/manga/2/172203l.jpg
3417,ChäoS;Child: Toaru Joujaku no Kiroku,,CHAOS;CHILD とある情弱の記録,Light Novel,39,,2015,https://cdn.myanimelist.net/images/manga/1/339838l.jpg
3417,Futari dake no Rougoku,Sweet Cage for the Pair,二人だけの牢獄,Light Novel,39,,2015,https://cdn.myanimelist.net/images/manga/3/180874l.jpg
3417,Harem Pakopako Aikoukai,Orgy Party Fan Club,ハーレムパコパコ愛好会,Manga,39,,2015,https://cdn.myanimelist.net/images/manga/3/319649l.jpg
3417,Imouto ni Seifuku sareru Ore,,妹に征服される俺,Light Novel,39,,2015,https://cdn.myanimelist.net/images/manga/1/193812l.jpg
3417,Ja Ja Ja Jan!,,ジャジャジャジャーン！,Manga,39,,2015,https://cdn.myanimelist.net/images/manga/3/180489l.jpg
3417,Koakuma Voice,Devilish Voice,小悪魔ボイス,Manga,39,,2015,https://cdn.myanimelist.net/images/manga/3/332000l.jpg
3417,Koori no Shitsuji to Yuuwaku Otome: Atsui Yubisaki de Torokesasete,,氷の執事と誘惑乙女 熱い指先でとろけさせて,Manga,39,,2015,https://cdn.myanimelist.net/images/manga/2/256017l.jpg
3417,Meikyuu Ouji to Watari-hime,Labyrinth prince and princess,迷宮王子と渡り姫,Light Novel,39,,2015,https://cdn.myanimelist.net/images/manga/3/194541l.jpg
3417,Momo Momo Momota-san,,もももも百田さん,Manga,39,,2015,https://cdn.myanimelist.net/images/manga/2/174530l.jpg
3417,Nanaka-san no Inzei Seikatsu Nyuumon,,ななかさんの印税生活入門,Manga,39,,2015,https://cdn.myanimelist.net/images/manga/3/223245l.jpg
3417,Oniichan Kanshasai♡,Sexgiving Day,お兄ちゃん感謝祭♡,Manga,39,,2015,https://cdn.myanimelist.net/images/manga/3/320513l.jpg
3417,Onnanoko wa Venus,All of the Woman Is Venus,女の子はヴィーナス,Manga,39,,2015,https://cdn.myanimelist.net/images/manga/2/324771l.jpg
3417,Otomodachi no Tsukurikata,,お友だちの作り方,Doujinshi,39,,2015,https://cdn.myanimelist.net/images/manga/1/333136l.jpg
3417,Ouji-sama no Hanayomegari,,皇子様の花嫁狩り,Light Novel,39,,2015,https://cdn.myanimelist.net/images/manga/3/183104l.jpg
3417,Quoth the Boy,Quoth the Boy,소년 가라사대,Manhwa,39,,2015,https://cdn.myanimelist.net/images/manga/1/332912l.jpg
3417,Rare Drop no Shihaisha,,排出率五厘〈レアドロップ〉の支配者,Light Novel,39,,2015,https://cdn.myanimelist.net/images/manga/2/160926l.jpg
3435,"Aishuu: Koushaku no Kizu, Hanayome no Uso",,愛囚～公爵の傷、花嫁の嘘～,Light Novel,38,,2015,https://cdn.myanimelist.net/images/manga/3/192060l.jpg
3435,Ayakashi Hodokiya,,怪ほどき屋,Manga,38,,2015,https://cdn.myanimelist.net/images/manga/2/246196l.jpg
3435,Fujoshi no Tsuzui-san,,腐女子のつづ井さん,Manga,38,,2015,https://cdn.myanimelist.net/images/manga/2/226329l.jpg
3435,Gouman Ouji to Private Kiss,The Arrogant Prince and Our Private Kiss,傲慢王子とプライベートキス,Manga,38,,2015,https://cdn.myanimelist.net/images/manga/3/287063l.jpg
3435,Hajimete no Inukan,,はじめての犬姦,One-shot,38,,2015,https://cdn.myanimelist.net/images/manga/1/296062l.jpg
3435,Hitozuma Shikkaku: Otto Igai to Shitai Koto,,人妻失格～夫以外としたいこと～,Light Novel,38,,2015,https://cdn.myanimelist.net/images/manga/1/193423l.jpg
3435,Ichizu na Shinai: Bara no Niwa de Dakishimete,,一途な深愛 薔薇の庭で抱きしめて,Light Novel,38,,2015,https://cdn.myanimelist.net/images/manga/3/183003l.jpg
3435,Isourou no Akai-san,,居候の赤井さん,Manga,38,,2015,https://cdn.myanimelist.net/images/manga/3/174762l.jpg
3435,Junjou Yokubou Sweet Manual: Shojo to Yajuu no Shanai Renai,,純情欲望スイートマニュアル 処女と野獣の社内恋愛,Light Novel,38,,2015,https://cdn.myanimelist.net/images/manga/2/192623l.jpg
3435,Local JC Enkouki,Local JC Compensated Dating Diary,ろーかるJC援交記,Manga,38,,2015,https://cdn.myanimelist.net/images/manga/3/289872l.jpg
3435,Maji de Watashi ni Koi Shinasai! S: Adult Edition - Shodai Heroine-hen,,真剣で私に恋しなさい! S Adult Edition ～初代ヒロイン編～,Manga,38,,2015,https://cdn.myanimelist.net/images/manga/3/311111l.jpg
3435,Ore no Kamisama,He Is My God,おれの神様,Manga,38,,2015,https://cdn.myanimelist.net/images/manga/2/282030l.jpg
3435,Reikoku Ookami-kun ni Kyou mo Watashi wa Taberareru,The Cold-Hearted Wolf Has Come to Devour Me Again,冷酷オオカミくんに今日も私は食べられる,Manga,38,,2015,https://cdn.myanimelist.net/images/manga/1/295716l.jpg
3435,Sheikh no Karei naru Kyuukon,,シークの華麗なる求婚,Light Novel,38,,2015,https://cdn.myanimelist.net/images/manga/1/184685l.jpg
3435,Shingetsu no Chigiri,Engagement of new moon,新月の契り,Light Novel,38,,2015,https://cdn.myanimelist.net/images/manga/1/186100l.jpg
3435,Shoushitsu Shinkoukei Puzzlize,,消失進行形パズライズ,Light Novel,38,,2015,https://cdn.myanimelist.net/images/manga/1/156947l.jpg
3435,Toraware no Hanayome to Amai Doku no Kusari,,囚われの花嫁と甘い毒の鎖,Light Novel,38,,2015,https://cdn.myanimelist.net/images/manga/2/194214l.jpg
3452,Aigan Ouji to Himesama,,愛玩王子と姫さま,Light Novel,37,,2015,https://cdn.myanimelist.net/images/manga/2/185849l.jpg
3452,Bitch on the Pole,,ビッチ・オン・ザ・ポール,Manga,37,,2015,https://cdn.myanimelist.net/images/manga/1/337046l.jpg
3452,Dannasama wa Toshishita Ookami!? Hajirai Noble Wedding,,旦那さまは年下狼!? 恥じらいノーブル・ウェディング,Light Novel,37,,2015,https://cdn.myanimelist.net/images/manga/3/184801l.jpg
3452,Dino-Sapiens,,ディノ・サピエンス,Manga,37,,2015,https://cdn.myanimelist.net/images/manga/2/305371l.jpg
3452,Gege Shi Da Bendan!,,哥哥是大笨蛋!,Manhua,37,,2015,https://cdn.myanimelist.net/images/manga/1/321955l.jpg
3452,Hibana,Spark,火花,Novel,37,,2015,https://cdn.myanimelist.net/images/manga/2/277008l.jpg
3452,Ingoku no Yakata: Wana ni Hamatta Bijo-tachi,,淫獄の館 罠にはまった美女たち,Light Novel,37,,2015,https://cdn.myanimelist.net/images/manga/2/196642l.jpg
3452,Jackpot ni Hohoende,Please smile at a jackpot.,ジャックポットに微笑んで,Manga,37,,2015,https://cdn.myanimelist.net/images/manga/1/200512l.jpg
3452,Karakuri No Face,,カラクリ・ノーフェイス,Light Novel,37,,2015,https://cdn.myanimelist.net/images/manga/3/163632l.jpg
3452,Kazoku Tantei to Shosei Joshu,,華族探偵と書生助手,Light Novel,37,,2015,https://cdn.myanimelist.net/images/manga/1/171338l.jpg
3452,Kekkon x Renai.,,結婚×レンアイ,Manga,37,,2015,https://cdn.myanimelist.net/images/manga/2/282711l.jpg
3452,Kimi ga Suki de Komaru,,キミが好きで困る,Manga,37,,2015,https://cdn.myanimelist.net/images/manga/1/248558l.jpg
3452,Koe dake de Icchau♥,,声だけでイッちゃう♥,Manga,37,,2015,https://cdn.myanimelist.net/images/manga/2/291667l.jpg
3452,Kutsujoku no Chouai: Koutei ni Ubawareta Oujo no Junketsu,,屈辱の寵愛 皇帝に奪われた王女の純潔,Light Novel,37,,2015,https://cdn.myanimelist.net/images/manga/2/181502l.jpg
3452,Minagoroshi no Strut: Sanada Yukimura Ibunroku,,みなごろしのストラット―真田幸村異聞録―,Manga,37,,2015,https://cdn.myanimelist.net/images/manga/1/173873l.jpg
3452,Mujihi na 8bit,,無慈悲な8bit,Manga,37,,2015,https://cdn.myanimelist.net/images/manga/1/174328l.jpg
3452,Ore no Mono ni Naranai ka?: Super Darling Fukushachou no Iinari Cinderella,Won't You Be Mine?: An Eligible Bachelor's Pet Cinderella,俺のものにならないか?~スパダリ副社長のいいなりシンデレラ~,Manga,37,,2015,https://cdn.myanimelist.net/images/manga/3/284795l.jpg
3452,Oresama Toushou no Wakaokusama,,オレ様刀匠の若奥様,Light Novel,37,,2015,https://cdn.myanimelist.net/images/manga/3/192226l.jpg
3452,Otona no Koi wo Oshiete Ageru: Do S Shitsuji no Amai Choukyou,,オトナの恋を教えてあげる ドＳ執事の甘い調教,Light Novel,37,,2015,https://cdn.myanimelist.net/images/manga/3/192651l.jpg
3452,Otouto wa Midara na Yajuu: Darenimo Ienai Himitsu no Houkago,My Little Brother Is a Naughty Beast: Our After-School Secret,弟はミダラな野獣 誰にも言えないヒミツの放課後,Manga,37,,2015,https://cdn.myanimelist.net/images/manga/1/296172l.jpg
3452,Reide Fusai no Naresome,Beginning of Love,レイデ夫妻のなれそめ,Light Novel,37,,2015,https://cdn.myanimelist.net/images/manga/2/235465l.jpg
3452,Saezuri Koukou OK-bu!,,さえずり高校OK部!,Manga,37,,2015,https://cdn.myanimelist.net/images/manga/3/166178l.jpg
3452,Sakurairo Friends,,桜色フレンズ,Manga,37,,2015,https://cdn.myanimelist.net/images/manga/2/211733l.jpg
3452,Shuuai Game: Amai Shihai ni Oborete,,執愛遊戯〈ゲーム〉 甘い支配に溺れて,Light Novel,37,,2015,https://cdn.myanimelist.net/images/manga/2/181444l.jpg
3452,Soine-ya Honpo,,そいね屋本舗,Manga,37,,2015,https://cdn.myanimelist.net/images/manga/2/174918l.jpg
3452,Toono Homare no Youkai Soudouki,,遠野誉の妖怪騒動記,Light Novel,37,,2015,https://cdn.myanimelist.net/images/manga/1/161073l.jpg
3452,Umma's Table,Umma's Table,마당 씨의 식탁,Manhwa,37,,2015,https://cdn.myanimelist.net/images/manga/1/286628l.jpg
3479,Biinkan Anal: Kakusei Nejikomi Ana,,美淫感アナル 拡醒ねじこみ穴,Manga,36,,2015,https://cdn.myanimelist.net/images/manga/1/309184l.jpg
3479,"ED Ouji, Hajimete no.",The Wicked Arab: Extravagant Sex with a Millionaire,ED王子、はじめての。,Manga,36,,2015,https://cdn.myanimelist.net/images/manga/2/324011l.jpg
3479,Friends Like Me.,,Friends like me.,Doujinshi,36,,2015,https://cdn.myanimelist.net/images/manga/2/333138l.jpg
3479,Hitsujikai Oujo no Taikan,,羊飼い王女の戴冠,Light Novel,36,,2015,https://cdn.myanimelist.net/images/manga/1/173757l.jpg
3479,Ijingai Cinema no Ryourinin,,異人街シネマの料理人,Light Novel,36,,2015,https://cdn.myanimelist.net/images/manga/3/221798l.jpg
3479,Joshikousei no Seitai Zukan,All About the High School Girls,女子高生の生態図鑑,Manga,36,,2015,https://cdn.myanimelist.net/images/manga/1/286864l.jpg
3479,Kaizokuou no Choukyouai,,海賊王の調教愛,Light Novel,36,,2015,https://cdn.myanimelist.net/images/manga/2/183063l.jpg
3479,Kokuryuu Koushu Choukiden: Ouji wa Koushu wo Toraeru,,黒龍公主寵姫伝 皇子は公主を捕らえる,Light Novel,36,,2015,https://cdn.myanimelist.net/images/manga/2/194281l.jpg
3479,Kuro Koushaku no Hanayome Erabi: Migawari ni Natta Cinderella,,黒侯爵の花嫁選び～身代わりになったシンデレラ～,Light Novel,36,,2015,https://cdn.myanimelist.net/images/manga/2/194145l.jpg
3479,Lastpia,,ラストピア,Manga,36,,2015,https://cdn.myanimelist.net/images/manga/3/234299l.jpg
3479,Ningyo no Noroi,,人魚の呪い,Light Novel,36,,2015,https://cdn.myanimelist.net/images/manga/1/199510l.jpg
3479,Not Believing It,,믿기지는 않겠지만,Manhwa,36,,2015,https://cdn.myanimelist.net/images/manga/1/295468l.jpg
3479,Okizari-hime to Reimei no Kishiou,,置き去り姫と黎明の騎士王,Light Novel,36,,2015,https://cdn.myanimelist.net/images/manga/2/179455l.jpg
3479,"Otona no Kiss, Oniichan ga Oshiete Kureta.",My Brother Taught Me How to Kiss Like Adults,大人のキス、お兄ちゃんが教えてくれた。,Manga,36,,2015,https://cdn.myanimelist.net/images/manga/3/289926l.jpg
3479,Ouji ni Aisareta Chevalier,,王子に愛された女騎士〈シュヴァリエ〉,Light Novel,36,,2015,https://cdn.myanimelist.net/images/manga/1/183249l.jpg
3479,Renai Senryakuka,Love Strategist,恋愛戦略家,Manga,36,,2015,https://cdn.myanimelist.net/images/manga/1/204190l.jpg
3479,Sayonara Hydrangea,,さよなら ハヰドランジア,Manga,36,,2015,https://cdn.myanimelist.net/images/manga/3/244794l.jpg
3479,Season Theatre Theatrical,,シーズンシアターシアトリカル,Manga,36,,2015,https://cdn.myanimelist.net/images/manga/2/200509l.jpg
3479,Second Proposal: Outaishi no Amai Wana,,セカンド・プロポーズ 王太子の甘い罠,Light Novel,36,,2015,https://cdn.myanimelist.net/images/manga/3/192869l.jpg
3479,Sei Shojo no Konin,,聖処女の婚淫,Light Novel,36,,2015,https://cdn.myanimelist.net/images/manga/2/184679l.jpg
3479,Seinaru Otome-tachi,The Sexual Virgins,性なる処女〈おとめ〉たち,Manga,36,,2015,https://cdn.myanimelist.net/images/manga/2/324012l.jpg
3479,Seirei,,蜻蛉,Manga,36,,2015,https://cdn.myanimelist.net/images/manga/3/215375l.jpg
3479,Ten to Mitsugi-hime,,天と献上姫,Manga,36,,2015,https://cdn.myanimelist.net/images/manga/2/201942l.jpg
3479,Youkoso Senkai!,,ようこそ仙界！,Light Novel,36,,2015,https://cdn.myanimelist.net/images/manga/3/174001l.jpg
3503,(Moto) Shinbun-bu ga Senpai-chan no Usui Hon wo Tsukuttemita.,,(元)新聞部が先輩ちゃんの薄い本を作ってみた。,Doujinshi,35,,2015,https://cdn.myanimelist.net/images/manga/3/335850l.jpg
3503,Atashi no Naka no Hito,,アタシのナカのひと,Manga,35,,2015,https://cdn.myanimelist.net/images/manga/1/231058l.jpg
3503,Daylight,Daylight,デイライト,Manga,35,,2015,https://cdn.myanimelist.net/images/manga/2/291659l.jpg
3503,Fiancé Yatoimasu,Love for Hire,フィアンセ雇います,Manga,35,,2015,https://cdn.myanimelist.net/images/manga/3/247257l.jpg
3503,Hakushaku-ke no Zousho Mokuroku,,伯爵家の蔵書目録,Light Novel,35,,2015,https://cdn.myanimelist.net/images/manga/1/151120l.jpg
3503,Hanaotoshi no Itsuka,,花落としのいつか,Manga,35,,2015,https://cdn.myanimelist.net/images/manga/3/212599l.jpg
3503,Heisen Higeki,,敗戦悲劇,Manga,35,,2015,https://cdn.myanimelist.net/images/manga/3/194786l.jpg
3503,Idol Seitokai!,,アイドル生徒会!,Light Novel,35,,2015,https://cdn.myanimelist.net/images/manga/1/155784l.jpg
3503,Ikai no Majutsushi Special+,,異界の魔術士Special+,Light Novel,35,,2015,https://cdn.myanimelist.net/images/manga/2/233945l.jpg
3503,Inran School Days,,淫乱スクールデイズ,Manga,35,,2015,https://cdn.myanimelist.net/images/manga/1/321305l.jpg
3503,Insert Cut: Hitozuma no Hatenaki Gekijou,,インサートカット 人妻の果て無き激情,Light Novel,35,,2015,https://cdn.myanimelist.net/images/manga/2/196416l.jpg
3503,"Jinrou, Sono Koi, Mujihi ni mo.",,人狼、その恋、無慈悲にも。,Light Novel,35,,2015,https://cdn.myanimelist.net/images/manga/3/175504l.jpg
3503,Kaga 100-mangoku ni Tsukaeru Koto ni Natta,,加賀100万石に仕えることになった,Light Novel,35,,2015,https://cdn.myanimelist.net/images/manga/3/169898l.jpg
3503,Koi-iro Handcuffs: Amaku Midareru Kousoku Play,,恋色ハンドカフス 甘く乱れる拘束プレイ,Light Novel,35,,2015,https://cdn.myanimelist.net/images/manga/3/197985l.jpg
3503,Koutei Heika no Dekiaikon: Shishi wa Koneko wo Amayakasu,,皇帝陛下の溺愛婚 獅子は子猫を甘やかす,Light Novel,35,,2015,https://cdn.myanimelist.net/images/manga/1/181446l.jpg
3503,Loli Succubus wo Onaho Kawari ni Suru Hon,,ロリサキュバスをオナホ代わりにする本,Doujinshi,35,,2015,https://cdn.myanimelist.net/images/manga/3/308652l.jpg
3503,Maid in Romance,Maid for Romance,メイド・イン・ロマンス,Manga,35,,2015,https://cdn.myanimelist.net/images/manga/3/293814l.jpg
3503,Mayonaka no Kaijuutachi,,真夜中のカイジュウたち,One-shot,35,,2015,https://cdn.myanimelist.net/images/manga/2/293955l.jpg
3503,Migawari no Bara wa Kasshoku no Ookami ni Mederareru,Pretty bride and Scary face general,身代わりの薔薇は褐色の狼に愛でられる,Light Novel,35,,2015,https://cdn.myanimelist.net/images/manga/3/171930l.jpg
3503,Otonashi-san wa Hakaishin!,Ms. Otonashi Is the Destroyer!!,音無さんは破壊神!,Manga,35,,2015,https://cdn.myanimelist.net/images/manga/1/271313l.jpg
3503,Ouji-sama wa Gaman Dekinai: Sweet Sugar Romance,,皇子さまは我慢できない～スウィート・シュガー・ロマンス～,Light Novel,35,,2015,https://cdn.myanimelist.net/images/manga/2/192059l.jpg
3503,Phantom of Kill: Danzai no Kuro,,ファントム オブ キル 断罪の黒,Light Novel,35,,2015,https://cdn.myanimelist.net/images/manga/3/180931l.jpg
3503,Sakura-chan,,さくらちゃん,Manga,35,,2015,https://cdn.myanimelist.net/images/manga/2/193879l.jpg
3503,School Festa,,School Festa,Manga,35,,2015,https://cdn.myanimelist.net/images/manga/2/326284l.jpg
3503,Shuuden-chan,,終電ちゃん,Manga,35,,2015,https://cdn.myanimelist.net/images/manga/2/259198l.jpg
3503,Tabetai Zakari,Pretty Sexy Hungry Girls!,たべたいざかり,Manga,35,,2015,https://cdn.myanimelist.net/images/manga/3/325208l.jpg
3529,Amayaka na Yubisaki: Kare to Watashi no Tokushu na Kankei,,甘やかな指先 彼と私の特殊な関係,Light Novel,34,,2015,https://cdn.myanimelist.net/images/manga/3/197986l.jpg
3529,Aobara Hakushaku to Dansou no Shitsuji,,青薔薇伯爵と男装の執事,Light Novel,34,,2015,https://cdn.myanimelist.net/images/manga/4/244358l.jpg
3529,Bukkon: Meiji Fukashigi Monogatari,,ぶっこん～明治不可視議モノ語り～,Manga,34,,2015,https://cdn.myanimelist.net/images/manga/2/246230l.jpg
3529,Chikan Densha de Ochite Yuku,,痴漢電車で堕ちてゆく,Light Novel,34,,2015,https://cdn.myanimelist.net/images/manga/2/193459l.jpg
3529,Chishiryou no Renjou,,致死量の恋情,Light Novel,34,,2015,https://cdn.myanimelist.net/images/manga/3/186020l.jpg
3529,Fuyu no Hashikko,,冬の端っこ,One-shot,34,,2015,https://cdn.myanimelist.net/images/manga/2/312011l.jpg
3529,Giteijikomi no H na Karada: Koe ga Morechau!,This Sexy Body Is Made by My Step Brother,義弟仕込みのHな体～声が漏れちゃう!,Manga,34,,2015,https://cdn.myanimelist.net/images/manga/1/295782l.jpg
3529,Haitoku no Persona: Onzoushi wa Kogareru hodo Otome wo Aisu,,背徳のペルソナ 御曹司は焦がれるほど乙女を愛す,Light Novel,34,,2015,https://cdn.myanimelist.net/images/manga/3/194364l.jpg
3529,Hashire Jiroo,,ハシレジロー,Manga,34,,2015,https://cdn.myanimelist.net/images/manga/2/164333l.jpg
3529,Horegusuri to Oujisama,,惚れ薬と王子様,Light Novel,34,,2015,https://cdn.myanimelist.net/images/manga/3/199506l.jpg
3529,Inochi no On◯n,,いのちの恩◯ン,Doujinshi,34,,2015,https://cdn.myanimelist.net/images/manga/1/312094l.jpg
3529,Itsunomanika Princess,,いつの間にかプリンセス,Light Novel,34,,2015,https://cdn.myanimelist.net/images/manga/3/166179l.jpg
3529,Jigoku no Sata mo Kare Shidai,"To Err Is Human, To Judge Infernal.",地獄の沙汰も彼次第,Manga,34,,2015,https://cdn.myanimelist.net/images/manga/2/180748l.jpg
3529,Jinnisutan: Sabaku to Umi no Monogatari,Jin'nisutan: Story of the desert and sea,ジンニスタン 砂漠と海の物語,Light Novel,34,,2015,https://cdn.myanimelist.net/images/manga/2/180414l.jpg
3529,Kami kara Megami wo Ubau Houhou,,神から女神を奪う方法,Light Novel,34,,2015,https://cdn.myanimelist.net/images/manga/3/152785l.jpg
3529,Kimi ga Miru Mirai ni Bokura wa: Koishita Hito wa Idol deshita,,君が見る未来に僕らは 恋した人はアイドルでした,Light Novel,34,,2015,https://cdn.myanimelist.net/images/manga/3/180266l.jpg
3529,Kuro Kishi to Ibarahime: Gokujou no Mitsuya wo Kazoete,,黒騎士と茨姫～極上の蜜夜をかぞえて～,Light Novel,34,,2015,https://cdn.myanimelist.net/images/manga/1/184724l.jpg
3529,MOE: Meshimase Otome na Eitango,,MOE―召喚しませ!おとめなえいたんご―,Light Novel,34,,2015,https://cdn.myanimelist.net/images/manga/2/172369l.jpg
3529,Matagi no Mago wo Name n na yo! Majuu wo Karu Mono-tachi,,マタギの孫をなめんなよ! ~魔獣を狩る者たち~,Light Novel,34,,2015,https://cdn.myanimelist.net/images/manga/2/185311l.jpg
3529,Midara na Shukujo ni Naru Lesson,,淫らな淑女になるレッスン,Light Novel,34,,2015,https://cdn.myanimelist.net/images/manga/3/156961l.jpg
3529,Migawari Hanayome no Sainan,,身代わり花嫁の災難,Light Novel,34,,2015,https://cdn.myanimelist.net/images/manga/2/164412l.jpg
3529,Minna Mesu ni Naru,,みんな牝になる,Manga,34,,2015,https://cdn.myanimelist.net/images/manga/3/297488l.jpg
3529,Monzetsu Opportunity,,悶絶オポチュニティ,Manga,34,,2015,https://cdn.myanimelist.net/images/manga/2/322787l.jpg
3529,"Mou Dame, Okashiku naruu: Ojisan-tachi no Nettori Ecchi",,もうダメッ、おかしくなるぅ～オジさん達のねっとりエッチ～,Light Novel,34,,2015,https://cdn.myanimelist.net/images/manga/2/193846l.jpg
3529,Namida no Oto,The Sound of Falling Tears,涙の音,Manga,34,,2015,https://cdn.myanimelist.net/images/manga/1/318449l.jpg
3529,Ojisan-tachi ni Kita mama Kousoku Sarete,,オジさん達に着たまま拘束されて,Light Novel,34,,2015,https://cdn.myanimelist.net/images/manga/3/193820l.jpg
3529,Ougon no Ouji to Toraware no Cinderella,,黄金の王子と囚われのシンデレラ,Light Novel,34,,2015,https://cdn.myanimelist.net/images/manga/2/165890l.jpg
3529,S-kei Koushaku no Yuuga na Tawamure: Suito Hiren Romanesque,,Ｓ系公爵の優雅な戯れ～水都秘恋ロマネスク～,Light Novel,34,,2015,https://cdn.myanimelist.net/images/manga/2/191918l.jpg
3529,Shiina Yuu wa Naiteru Onna ni shika Yokujou Shinai,,椎名祐は泣いてる女にしか欲情しない,Manga,34,,2015,https://cdn.myanimelist.net/images/manga/1/232354l.jpg
3529,Souken Tsukai no Lost Magika,,双剣使いの封呪結界〈ロストマギカ〉,Light Novel,34,,2015,https://cdn.myanimelist.net/images/manga/3/174016l.jpg
3529,Susume! Tochigi-bu,,ススメ!栃木部,Manga,34,,2015,https://cdn.myanimelist.net/images/manga/2/227867l.jpg
3529,The iDOLM@STER: Cinderella Girls Comic Anthology - Side: Animation,,アイドルマスター シンデレラガールズ コミックアンソロジー SIDE: ANIMATION,Manga,34,,2015,https://cdn.myanimelist.net/images/manga/1/311079l.jpg
3529,Uragiri no Marriage: Hanayome wa Osananajimi ni Sarawareru,,裏切りのマリアージュ 花嫁は幼なじみにさらわれる,Light Novel,34,,2015,https://cdn.myanimelist.net/images/manga/2/195844l.jpg
3529,Uruwashi no Koushaku no Kanzen Houiai,,麗しの侯爵の完全包囲愛,Light Novel,34,,2015,https://cdn.myanimelist.net/images/manga/3/192774l.jpg
3529,Usagi no Yome wo Moraimashite,,うさぎの嫁をもらいまして,Light Novel,34,,2015,https://cdn.myanimelist.net/images/manga/1/152801l.jpg
3529,Violinist no Junai: Otome wa Gokujou no Kairaku ni Aegu,,ヴァイオリニストの潤愛 乙女は極上の快楽に喘ぐ,Light Novel,34,,2015,https://cdn.myanimelist.net/images/manga/3/198138l.jpg
3529,Watashi no Joushi wa Koushaku-sama: Makouseki Kenkyuujo no Midara na Hinichijou,,私の上司は侯爵様 魔鉱石研究所の淫らな非日常,Light Novel,34,,2015,https://cdn.myanimelist.net/images/manga/1/195697l.jpg
3529,Zutto Kimi wo Matteita,Much I was waiting for you...,ずっと君を待っていた,Light Novel,34,,2015,https://cdn.myanimelist.net/images/manga/3/172228l.jpg
3567,Aisaretagari no Ohimesama,,愛されたがりのお姫様,Light Novel,33,,2015,https://cdn.myanimelist.net/images/manga/2/199426l.jpg
3567,"Amaete, Amayakashite. Tappuri to",,甘えて、甘やかして。たっぷりと,Light Novel,33,,2015,https://cdn.myanimelist.net/images/manga/1/195064l.jpg
3567,Anekano Gachihame Hardcore,,あねかのガチハメは～どこあ,Doujinshi,33,,2015,https://cdn.myanimelist.net/images/manga/1/312022l.jpg
3567,Bokutachi Tsukiattemasu...?,,ぼくたちつきあってます…?,Manga,33,,2015,https://cdn.myanimelist.net/images/manga/2/225048l.jpg
3567,Boukun Ouji no Shuuai: Ubawareta Junjou,,暴君皇子の執愛 奪われた純情,Light Novel,33,,2015,https://cdn.myanimelist.net/images/manga/2/192768l.jpg
3567,Erotic Dream: Kuro Kishi no Kajou na Gohoushi,,エロティック・ドリーム 黒騎士の過剰なご奉仕,Light Novel,33,,2015,https://cdn.myanimelist.net/images/manga/2/183426l.jpg
3567,Fukigen na Goshujinsama,,ふきげんなご主人様,Light Novel,33,,2015,https://cdn.myanimelist.net/images/manga/3/194493l.jpg
3567,Haitoku e Youkoso.,Welcome to Immoral Room.,背徳へようこそ。,Manga,33,,2015,https://cdn.myanimelist.net/images/manga/1/327064l.jpg
3567,Haitoku no Rensa,,背徳の恋鎖,Light Novel,33,,2015,https://cdn.myanimelist.net/images/manga/3/178052l.jpg
3567,"Himesama to Shitsuji: Koyoi, Anata to Kuchizuke wo",,姫様と執事 今宵、あなたとくちづけを,Light Novel,33,,2015,https://cdn.myanimelist.net/images/manga/3/195020l.jpg
3567,Himitsu Choukyou,,秘蜜調教,Light Novel,33,,2015,https://cdn.myanimelist.net/images/manga/2/193385l.jpg
3567,Jaa Mata ne,See You Around,じゃあまたね,Manga,33,,2015,https://cdn.myanimelist.net/images/manga/3/296052l.jpg
3567,Jingai Negotiator,,人外ネゴシエーター,Light Novel,33,,2015,https://cdn.myanimelist.net/images/manga/2/158346l.jpg
3567,Kare to Osananajimi: Yureru Koi to Karada,The Boyfriend and the Childhood Friend: My Wavering Body and Soul,彼と幼なじみ～揺れる恋と体～,Manga,33,,2015,https://cdn.myanimelist.net/images/manga/2/271424l.jpg
3567,Kimi to Cambiare!,,君とカンビアーレ!,Manga,33,,2015,https://cdn.myanimelist.net/images/manga/2/227344l.jpg
3567,Koushaku-sama no Amai Hitotoki,,公爵様の甘いひととき,Light Novel,33,,2015,https://cdn.myanimelist.net/images/manga/1/194879l.jpg
3567,Koushaku-sama no Kiss Mark,,公爵様の噛み痕〈キスマーク〉,Light Novel,33,,2015,https://cdn.myanimelist.net/images/manga/2/183008l.jpg
3567,Koushaku-sama no Midara na Tehodoki: Koi to wa Donna Mono kashira,,公爵様の淫らな手ほどき 恋とはどんなものかしら,Light Novel,33,,2015,https://cdn.myanimelist.net/images/manga/3/172372l.jpg
3567,Midara na My Fair Lady: Hakushaku-sama no Noumitsu Choukyou,,淫らなマイ・フェア・レディ 伯爵様の濃蜜調教,Light Novel,33,,2015,https://cdn.myanimelist.net/images/manga/2/183193l.jpg
3567,Midori no Shizuku,,緑の雫,Light Novel,33,,2015,https://cdn.myanimelist.net/images/manga/1/194545l.jpg
3567,Mitsu-iro Hatsukoi Serenade,,蜜色初恋セレナーデ,Light Novel,33,,2015,https://cdn.myanimelist.net/images/manga/2/184684l.jpg
3567,Omiai Renai,,お見合い恋愛,Light Novel,33,,2015,https://cdn.myanimelist.net/images/manga/2/199511l.jpg
3567,Otona Asobi,,オトナあそび,Manga,33,,2015,https://cdn.myanimelist.net/images/manga/2/262674l.jpg
3567,Pinkyuu★★★,,ピンキュー★★★,Manga,33,,2015,https://cdn.myanimelist.net/images/manga/2/243090l.jpg
3567,Ryakudatsu Ouji no Hanayome Kyouiku: Nessa no Mai ni Midasarete,,略奪王子の花嫁教育 熱砂の舞に乱されて,Light Novel,33,,2015,https://cdn.myanimelist.net/images/manga/1/164457l.jpg
3567,Saigi Ou no Keiyaku Ouhi,,猜疑王の契約王妃,Light Novel,33,,2015,https://cdn.myanimelist.net/images/manga/2/235582l.jpg
3567,Shinjin Onna Kyoushi Shinjou Yuuko,Rookie Female Teacher Yuko Shinjo,新人女教師 新條優子,Manga,33,,2015,https://cdn.myanimelist.net/images/manga/3/309505l.jpg
3567,Teitoku Ouji no Okiniiri: Omae shika Mienai,,帝国皇子のお気に入り お前しか見えない,Light Novel,33,,2015,https://cdn.myanimelist.net/images/manga/3/171920l.jpg
3567,Tokyo Tribe Waru,,TOKYO TRIBE WARU,Manga,33,,2015,https://cdn.myanimelist.net/images/manga/2/287076l.jpg
3567,Toriko: Inbou Daifugou no Aijin Lesson,,虜～陰謀大富豪の愛人レッスン～,Light Novel,33,,2015,https://cdn.myanimelist.net/images/manga/2/194843l.jpg
3567,Trinity Marriage: Aisaresugita Hanayome Hime,,トリニティマリッジ 愛されすぎた花嫁姫,Light Novel,33,,2015,https://cdn.myanimelist.net/images/manga/2/181501l.jpg
3567,Versailles ni Irasshai,,同人誌即売会〈ベルサイユ〉にいらっしゃい,Doujinshi,33,,2015,https://cdn.myanimelist.net/images/manga/1/301265l.jpg
3567,Yappari Kimi no Are ga Ichiban Suki,,やっぱり君のアレが一番好き,Light Novel,33,,2015,https://cdn.myanimelist.net/images/manga/1/193845l.jpg
3567,Zeitaku na Kakeochi: Koushaku-sama wa Sakuryaku ga Osuki,,贅沢な駆け落ち～公爵様は策略がお好き～,Light Novel,33,,2015,https://cdn.myanimelist.net/images/manga/2/171925l.jpg
3601,Aishi no Hero wa Toshishita Wanko: Takumashii kedo M nan desu.,,愛しのヒーローは年下ワンコ たくましいけどＭなんです。,Light Novel,32,,2015,https://cdn.myanimelist.net/images/manga/3/195621l.jpg
3601,Anata ni wa Ienai,The Paternity Claim,あなたには言えない,Manga,32,,2015,https://cdn.myanimelist.net/images/manga/1/247194l.jpg
3601,Anata no Te wo Toru Sono Mae ni,,あなたの手を取るその前に,Light Novel,32,,2015,https://cdn.myanimelist.net/images/manga/2/220274l.jpg
3601,Datenshi no Chouai,,堕天使の寵愛,Light Novel,32,,2015,https://cdn.myanimelist.net/images/manga/1/192477l.jpg
3601,Do S Shachou wa Kinbakushi: Atsui Yubi ni Torawarete,,ドＳ社長は緊縛師 熱い指に囚われて,Light Novel,32,,2015,https://cdn.myanimelist.net/images/manga/1/195672l.jpg
3601,Futago Ouji no Aigan: Otome wa Koukyuu no Choukyou ni Aegu,,双子皇子の愛玩 乙女は後宮の調教にあえぐ,Light Novel,32,,2015,https://cdn.myanimelist.net/images/manga/2/184680l.jpg
3601,Genkai Toppa no Dekiai,,限界突破の溺愛,Light Novel,32,,2015,https://cdn.myanimelist.net/images/manga/1/180938l.jpg
3601,"Hajimete Atta noni... Konyakusha!?: Omae no Ikigao, Shitteru yo",We Just Met and Yet... We're Engaged!?,初めて会ったのに…婚約者!?-お前のイキ顔、知ってるよ,Manga,32,,2015,https://cdn.myanimelist.net/images/manga/2/309613l.jpg
3601,Hatsukoi Kishi no Amai Kuchizuke: Towa no Chikai ni Ai wo Komete,,初恋騎士の甘い口づけ ～永遠の誓いに愛をこめて～,Light Novel,32,,2015,https://cdn.myanimelist.net/images/manga/2/192522l.jpg
3601,Heian Mononoke Busters: Daitouzoku no Saishuushoku,,平安もののけバスターズ 大盗賊の再就職,Light Novel,32,,2015,https://cdn.myanimelist.net/images/manga/1/174468l.jpg
3601,Imouto Berochuu Sex,,妹べろちゅーセックス,Manga,32,,2015,https://cdn.myanimelist.net/images/manga/3/341104l.jpg
3601,Ippon Manzoku,Satisfied With One,いっぽんマンゾク,One-shot,32,,2015,https://cdn.myanimelist.net/images/manga/2/325925l.jpg
3601,Isekai no Koukyuu de Koisare Aisarehime ni Narimashita,,異世界の後宮で恋され愛され姫になりました,Light Novel,32,,2015,https://cdn.myanimelist.net/images/manga/3/171921l.jpg
3601,Jaou to Itsuwari no Hanayome: Senya Koimonogatari,,蛇王と偽りの花嫁～千夜恋物語～,Light Novel,32,,2015,https://cdn.myanimelist.net/images/manga/3/194206l.jpg
3601,Kagerou Daze Koushiki Anthology Comic: Remember,,カゲロウデイズ公式アンソロジーコミック REMEMBER,Manga,32,,2015,https://cdn.myanimelist.net/images/manga/1/327340l.jpg
3601,Kokuou Heika no Midara na Marriage Lesson,,国王陛下の淫らなマリアージュレッスン,Light Novel,32,,2015,https://cdn.myanimelist.net/images/manga/1/192473l.jpg
3601,Kyouyuu: Futago no Ikemen Kyoudai ni Ryoujoku Sarete,,共有 双子のイケメン兄弟に凌辱されて,Light Novel,32,,2015,https://cdn.myanimelist.net/images/manga/1/196209l.jpg
3601,Mekakushi no Koi: Hada ni Fureru Jouzetsu na Yubisaki,,目隠しの恋 肌に触れる饒舌な指先,Light Novel,32,,2015,https://cdn.myanimelist.net/images/manga/2/195526l.jpg
3601,Sanadadamashii,,真田魂,Manga,32,,2015,https://cdn.myanimelist.net/images/manga/3/237565l.jpg
3601,Seijo Jutai: Kishi Ouji ni Ubawarete,,聖女受胎 騎士皇子に奪われて,Light Novel,32,,2015,https://cdn.myanimelist.net/images/manga/3/174418l.jpg
3601,Sensou Meshi,,戦争めし,Manga,32,,2015,https://cdn.myanimelist.net/images/manga/1/211002l.jpg
3601,Shibata-san to Tanuki-san,,シバタさんとタヌキさん,Doujinshi,32,,2015,https://cdn.myanimelist.net/images/manga/1/239689l.jpg
3601,Sweets Ouji no Hitosagashi,,スイーツ王子の人探し,Light Novel,32,,2015,https://cdn.myanimelist.net/images/manga/2/234694l.jpg
3601,Taishou Synesthesia,,大正シナスタジア,Manga,32,,2015,https://cdn.myanimelist.net/images/manga/1/240096l.jpg
3601,Tsuki no Mahou wa Koi wo Tsumugu,,月の魔法は恋を紡ぐ,Light Novel,32,,2015,https://cdn.myanimelist.net/images/manga/1/167604l.jpg
3601,Tsundere Shousa no Aishikata,,ツンデレ少佐の愛し方,Manga,32,,2015,https://cdn.myanimelist.net/images/manga/2/301231l.jpg
3601,Watashi no...... Nigate na Joshi,,私の……苦手な上司,Light Novel,32,,2015,https://cdn.myanimelist.net/images/manga/3/199507l.jpg
3601,Yangotonaki Hitorijime,,やんごとなき独り占め,Light Novel,32,,2015,https://cdn.myanimelist.net/images/manga/1/171917l.jpg
3601,Zettai Boukun: CEO no Midara na Dekiai,,絶対暴君 ＣＥＯの淫らな溺愛,Light Novel,32,,2015,https://cdn.myanimelist.net/images/manga/3/195524l.jpg
3630,Asagiiro no Mukougawa e,,あさぎ色の向こう側へ,Light Novel,31,,2015,https://cdn.myanimelist.net/images/manga/1/199036l.jpg
3630,Danshaku Reijou no Konkatsu Lesson,,男爵令嬢の婚活レッスン,Light Novel,31,,2015,https://cdn.myanimelist.net/images/manga/2/194849l.jpg
3630,Fukushuu no Hanazono: Kouhi wa Ryoujoku no Yoru ni Aegu,,復讐の花園 皇妃は凌辱の夜に喘ぐ,Light Novel,31,,2015,https://cdn.myanimelist.net/images/manga/3/184681l.jpg
3630,Haitoku no Konin,,背徳の婚姻,Light Novel,31,,2015,https://cdn.myanimelist.net/images/manga/2/172287l.jpg
3630,Ichizu na Shinai wa Cinema ni Michibikarete,,一途な深愛はシネマに導かれて,Light Novel,31,,2015,https://cdn.myanimelist.net/images/manga/1/194365l.jpg
3630,Kansatsu,,観察,One-shot,31,,2015,https://cdn.myanimelist.net/images/manga/3/323606l.jpg
3630,Kinjirareta Hanayome: Oji no Yuuwaku,,禁じられた花嫁 叔父の誘惑,Light Novel,31,,2015,https://cdn.myanimelist.net/images/manga/3/158356l.jpg
3630,Lettuce 2-kobun no Suteki,Two Lettuces. Too Happy,レタス2個分のステキ,Manga,31,,2015,https://cdn.myanimelist.net/images/manga/1/158984l.jpg
3630,Migawari Miman: Tesaguri no Aibu,,身代わり未満 手探りの愛撫,Light Novel,31,,2015,https://cdn.myanimelist.net/images/manga/1/195676l.jpg
3630,Motto! Ganbare! Kieruna!! Shikiso Usuko-san,,もっと！がんばれ！消えるな!! 色素薄子さん,Manga,31,,2015,https://cdn.myanimelist.net/images/manga/1/202413l.jpg
3630,Namaiki Drop,Cheeky Drop,なまいきドロップ,Manga,31,,2015,https://cdn.myanimelist.net/images/manga/2/334410l.jpg
3630,Ojisama no Warudakumi,,おじさまの悪だくみ,Light Novel,31,,2015,https://cdn.myanimelist.net/images/manga/1/181167l.jpg
3630,Osananajimi no Wagamama Sex,,幼馴染のワガママSEX,Manga,31,,2015,https://cdn.myanimelist.net/images/manga/2/314253l.jpg
3630,Pictulia,,Pictulia,Doujinshi,31,,2015,https://cdn.myanimelist.net/images/manga/3/322944l.jpg
3630,Seifuku Nusumareta,,制服ぬすまれた,Manga,31,,2015,https://cdn.myanimelist.net/images/manga/3/250900l.jpg
3630,Senobi ga Shitai Otoshigoro,,セノビガシタイオトシゴロ,Doujinshi,31,,2015,https://cdn.myanimelist.net/images/manga/3/311537l.jpg
3630,Sensei! Yasumasete Kudasai!,,先生! 休ませてください!,Manga,31,,2015,https://cdn.myanimelist.net/images/manga/2/228083l.jpg
3630,Shakunetsu no Sheikh to Itsuwari no Konyakusha: Kiken na Mitsuji,,灼熱のシークと偽りの婚約者 危険な密事,Light Novel,31,,2015,https://cdn.myanimelist.net/images/manga/1/196284l.jpg
3630,Shinkonnai Stalker: Dannasama no Dekiai Sengen,,新婚内ストーカー 旦那様の溺愛宣言,Light Novel,31,,2015,https://cdn.myanimelist.net/images/manga/3/183004l.jpg
3630,Tenohira no Tsuyu,,手のひらの露,Light Novel,31,,2015,https://cdn.myanimelist.net/images/manga/2/172375l.jpg
3630,Tomoe to Yasuyuki,,ともえと康之,One-shot,31,,2015,https://cdn.myanimelist.net/images/manga/2/212435l.jpg
3630,Tsukiyosai no Mitsukai: Jajauma Hanayome to Urei no Ouji,,月夜祭の蜜会～じゃじゃ馬花嫁と憂いの王子～,Light Novel,31,,2015,https://cdn.myanimelist.net/images/manga/2/194146l.jpg
3630,Ubawareta Junketsu: Ouji no Amai Shuuchakuai,,奪われた純潔～王子の甘い執着愛～,Light Novel,31,,2015,https://cdn.myanimelist.net/images/manga/3/194199l.jpg
3630,Utsukushiki Sagishi,A Savage Betrayal,美しき詐欺師,Manga,31,,2015,https://cdn.myanimelist.net/images/manga/1/257602l.jpg
3630,Yami ni Kawareta Ouji,,闇に飼われた王子,Light Novel,31,,2015,https://cdn.myanimelist.net/images/manga/1/186018l.jpg
3630,Yuuwaku no Shirabe: S Kare to Nurekei Pure Love,,誘惑の調べ ～Ｓ彼と濡れ系ピュアラブ～,Light Novel,31,,2015,https://cdn.myanimelist.net/images/manga/1/194142l.jpg
3656,1985-nen no Sodom: Furuya Usamaru Tanpenshuu,,古屋兎丸短篇集 1985年のソドム,Manga,30,,2015,https://cdn.myanimelist.net/images/manga/3/337761l.jpg
3656,50 Pixel Days,50 Pixel Days,50픽셀 데이즈,Manhwa,30,,2015,https://cdn.myanimelist.net/images/manga/3/333058l.jpg
3656,AV Lesson Hajimeru yo♥,Let's Start AV Lesson.,AV授業〈レッスン〉始めるよっ♥,Manga,30,,2015,https://cdn.myanimelist.net/images/manga/2/323101l.jpg
3656,Fukigen na Tenshi to Uruwashi no Reijou,,不機嫌な天使と麗しの令嬢,Light Novel,30,,2015,https://cdn.myanimelist.net/images/manga/2/194856l.jpg
3656,Fuwatoro♡Ecchi Land,,ふわとろ♡エッチらんど,Manga,30,,2015,https://cdn.myanimelist.net/images/manga/3/322822l.jpg
3656,Haru no Uta,,春の歌,Manga,30,,2015,https://cdn.myanimelist.net/images/manga/2/342466l.jpg
3656,Hatsujou Pandemic!,,発情ぱんでみっく!,Manga,30,,2015,https://cdn.myanimelist.net/images/manga/2/332649l.jpg
3656,Heika no Amayaka na Pet: Ai ni Oboreru Yousei-hime,,陛下の甘やかなペット 愛に溺れる妖精姫ラノベ,Light Novel,30,,2015,https://cdn.myanimelist.net/images/manga/1/183247l.jpg
3656,Ikai no Majutsushi: Muteki no Ryuugakusei,,異界の魔術士 無敵の留学生,Light Novel,30,,2015,https://cdn.myanimelist.net/images/manga/2/233946l.jpg
3656,Ikenai△Kankei: Majo to Kuroneko to Oujisama no Koi,,いけない△関係～魔女と黒猫と王子様の恋～,Light Novel,30,,2015,https://cdn.myanimelist.net/images/manga/3/194800l.jpg
3656,Inou Sex wa Nichijou no Naka ni,When Supernatural Sex Became Commonplace,異能セックスは日常のなかに,Manga,30,,2015,https://cdn.myanimelist.net/images/manga/2/331027l.jpg
3656,Kajou na Chouai: Wakaki Outaishi Denka no Oresama na Proposal,,過剰な寵愛 若き王太子殿下のオレ様なプロポーズ,Light Novel,30,,2015,https://cdn.myanimelist.net/images/manga/3/182872l.jpg
3656,Kami no Tsukai wa Amai Miko ni Oboreru,,神の使いは甘い巫女に溺れる,Light Novel,30,,2015,https://cdn.myanimelist.net/images/manga/3/192302l.jpg
3656,Kekkon Dekinai Riyuu,Temporary Parents,結婚できない理由,Manga,30,,2015,https://cdn.myanimelist.net/images/manga/3/247148l.jpg
3656,Kimi ni Ienai Kotoba,The Throw-Away Bride,きみに言えない言葉,Manga,30,,2015,https://cdn.myanimelist.net/images/manga/3/247196l.jpg
3656,Koisuru Karada wo Dakishimete,,恋するカラダを抱きしめて,Light Novel,30,,2015,https://cdn.myanimelist.net/images/manga/2/195066l.jpg
3656,Koisuru Koushu to Kiken na Komori Bukan,,恋する公主と危険な子守り武官,Light Novel,30,,2015,https://cdn.myanimelist.net/images/manga/1/167020l.jpg
3656,Koushaku-sama no Naisho no Oshigoto: Niizuma wa Midara na Jikkentai,,公爵さまのナイショのお仕事 ～新妻はみだらな実験体～,Light Novel,30,,2015,https://cdn.myanimelist.net/images/manga/1/195699l.jpg
3656,"Mou, Nigerarenai! Haraguro Ouji no Dekiai Hokaku Sakusen",,もう、逃げられない！ 腹黒王子の溺愛捕獲作戦,Light Novel,30,,2015,https://cdn.myanimelist.net/images/manga/2/183062l.jpg
3656,NKJK,,NKJK,Manga,30,,2015,https://cdn.myanimelist.net/images/manga/3/286775l.jpg
3656,"Nee, Oniichan",,ねぇ、お兄ちゃん,Manga,30,,2015,https://cdn.myanimelist.net/images/manga/3/334409l.jpg
3656,Nuru☆Neba Drain,,ぬる☆ネバドレイン,Doujinshi,30,,2015,https://cdn.myanimelist.net/images/manga/3/336275l.jpg
3656,Saraware Otome no Aisarekon,,さらわれ乙女の愛され婚,Light Novel,30,,2015,https://cdn.myanimelist.net/images/manga/1/183377l.jpg
3656,Sekaijuu no Otoko ni Dakarete Mimashita.: Nijuuni Kakoku Sex Taikenki,,世界中の男に抱かれてみました。～二十二ヶ国セックス体験記～,Light Novel,30,,2015,https://cdn.myanimelist.net/images/manga/2/193665l.jpg
3656,Shinku no Odoriko to Hanataba no Ouji: Jounetsuteki ni Ubawarete,,真紅の踊り子と花束の王子-情熱的に奪われて-,Light Novel,30,,2015,https://cdn.myanimelist.net/images/manga/1/194205l.jpg
3656,Shinyuu Inai no Dare?,,親友いないの誰?,Manga,30,,2015,https://cdn.myanimelist.net/images/manga/3/294268l.jpg
3656,Shoya: Oujo no Seiryaku Kekkon,,初夜～王女の政略結婚～,Light Novel,30,,2015,https://cdn.myanimelist.net/images/manga/2/193312l.jpg
3656,Torotoro Muchuu♡,,とろとろむちゅう♡,Manga,30,,2015,https://cdn.myanimelist.net/images/manga/1/336082l.jpg
3656,Toshishita Ouji no Koi no Sakuryaku,,年下王子の恋の策略,Light Novel,30,,2015,https://cdn.myanimelist.net/images/manga/3/158350l.jpg
3656,Watashi dake no Sultan: Wakaki Sabaku no Ou to Junjou-hime,,私だけのスルタン 若き砂漠の王と純情姫,Light Novel,30,,2015,https://cdn.myanimelist.net/images/manga/3/183108l.jpg
3656,Yabasugiru Shimai ni Ejiki ni Sareta Ore,,ヤバすぎる姉妹に餌食にされた俺,Light Novel,30,,2015,https://cdn.myanimelist.net/images/manga/3/193655l.jpg
3687,Boku no Saikyou ni Eroi Oneesan,,僕の最強にエロいおねえさん,Manga,29,,2015,https://cdn.myanimelist.net/images/manga/2/321983l.jpg
3687,Dekiai Ouji no Midara na Chouai: Kyuukon Enbukyoku,,溺愛王子の淫らな寵愛～求婚円舞曲～,Light Novel,29,,2015,https://cdn.myanimelist.net/images/manga/3/191966l.jpg
3687,Dekiai Étude: Osananajimi no Amai Yubisaki,,溺愛エチュード 幼なじみの甘い指先,Light Novel,29,,2015,https://cdn.myanimelist.net/images/manga/3/200221l.jpg
3687,Dekiaikei Choukyou Office: Cool na Hisho no Atsui Yubi ni Midasarete,,溺愛系調教オフィス クールな秘書の熱い指に乱されて,Light Novel,29,,2015,https://cdn.myanimelist.net/images/manga/1/195847l.jpg
3687,Gunpuku no Shoudou,,軍服の衝動,Light Novel,29,,2015,https://cdn.myanimelist.net/images/manga/1/178025l.jpg
3687,Heian Himegoto Emaki: Ate naru Kyoudai to Oboreru Amai Kinetsu,,平安秘めごと絵巻 貴なる兄弟と溺れる甘い禁悦,Light Novel,29,,2015,https://cdn.myanimelist.net/images/manga/2/184769l.jpg
3687,Himegimi wa Shitsuji no Amai Wana ni Torawareru,,姫君は執事の甘い罠に囚われる,Light Novel,29,,2015,https://cdn.myanimelist.net/images/manga/3/194877l.jpg
3687,Ibara no Sokubaku,,荊の束縛,Light Novel,29,,2015,https://cdn.myanimelist.net/images/manga/1/186017l.jpg
3687,Idol Cum!,,アイドルカム!,Manga,29,,2015,https://cdn.myanimelist.net/images/manga/1/337526l.jpg
3687,"Jimi ni, Medatazu, Koishiteru.: Osananajimi to Naisho no Renai Jijou",,地味に、目立たず、恋してる。 幼なじみとナイショの恋愛事情,Light Novel,29,,2015,https://cdn.myanimelist.net/images/manga/3/192648l.jpg
3687,Keiyaku Hanayome: Outaishi no Amai Wana,,契約花嫁～王太子の甘い罠～,Light Novel,29,,2015,https://cdn.myanimelist.net/images/manga/3/191967l.jpg
3687,Kishi Danchou Series,,騎士団長シリーズ,Doujinshi,29,,2015,https://cdn.myanimelist.net/images/manga/3/329608l.jpg
3687,Kokuou Heika wo Taburakasu Tsumori ga Shojobare shite Tenohira de Korogasaremashita.,,国王陛下をたぶらかすつもりが〈処女バレして〉てのひらで転がされました。,Light Novel,29,,2015,https://cdn.myanimelist.net/images/manga/3/174073l.jpg
3687,Koushaku-sama no Kanbi na Dokusenai: Hanayome wa Yasashii Himitsu ni Madou,,公爵様の甘美な独占愛 花嫁は優しい秘密に惑う,Light Novel,29,,2015,https://cdn.myanimelist.net/images/manga/2/194366l.jpg
3687,Köln Shikei Odo,,ケルン市警オド,Manga,29,,2015,https://cdn.myanimelist.net/images/manga/1/234294l.jpg
3687,Mesubuta Tenrakuroku,,牝豚転落禄,Manga,29,,2015,https://cdn.myanimelist.net/images/manga/3/334606l.jpg
3687,Mitsuai Keiyaku: Finder Goshi ni Nureru Kanojo,,蜜愛契約 ファインダー越しに濡れる彼女,Light Novel,29,,2015,https://cdn.myanimelist.net/images/manga/3/196280l.jpg
3687,Nympho Garden,,ニンフォガーデン,Manga,29,,2015,https://cdn.myanimelist.net/images/manga/1/327128l.jpg
3687,Osananajimi wa Oishasan: Shinsatsudai de Torokeru Shintai,,幼なじみはお医者さん 診察台でとろける身体,Light Novel,29,,2015,https://cdn.myanimelist.net/images/manga/3/195698l.jpg
3687,Outaishi Denka to Himitsu no Kifujin,,王太子殿下と秘密の貴婦人,Light Novel,29,,2015,https://cdn.myanimelist.net/images/manga/3/181507l.jpg
3687,Ouzoushi no Nekkyouai: Coffee wa Mitsugi no Nochi de,,御曹司の熱狂愛～コーヒーは蜜戯の後で～,Light Novel,29,,2015,https://cdn.myanimelist.net/images/manga/3/194211l.jpg
3687,Sabaku no Ou to Yakusoku no Yubiwa,,砂漠の王と約束の指輪,Light Novel,29,,2015,https://cdn.myanimelist.net/images/manga/1/180132l.jpg
3687,San P♥,,さんぴー♥,Manga,29,,2015,https://cdn.myanimelist.net/images/manga/2/334408l.jpg
3687,Senshin Koutei no Shoya: Hime wa Ikyou no Utage ni Aegu,,戦神皇帝の初夜 姫は異教の宴に喘ぐ,Light Novel,29,,2015,https://cdn.myanimelist.net/images/manga/1/181445l.jpg
3687,Sex Friend kara Kanojo ni Natta Wake,From Booty Call to Girlfriend,セフレから彼女になったワケ,Manga,29,,2015,https://cdn.myanimelist.net/images/manga/2/282945l.jpg
3687,Sunao ni Nareba: Gouin Shachou no Kyuukon,,素直になれば～強引社長の求婚～,Light Novel,29,,2015,https://cdn.myanimelist.net/images/manga/2/194838l.jpg
3687,Tenka Sange: Tennyo wa Ai ni Ochiru,,天花散華～天女は愛に堕ちる～,Light Novel,29,,2015,https://cdn.myanimelist.net/images/manga/2/193386l.jpg
3687,Uramono,Underground,ウラモノ,Manga,29,,2015,https://cdn.myanimelist.net/images/manga/2/327475l.jpg
3687,Usotsuki na Shita ni Kamitsuite.,,嘘つきな舌に噛みついて。,Light Novel,29,,2015,https://cdn.myanimelist.net/images/manga/2/193654l.jpg
3687,Youma Ryoushu no Ikenie,,妖魔領主の生贄,Light Novel,29,,2015,https://cdn.myanimelist.net/images/manga/1/194841l.jpg
3687,Yumemiru Ningyo wa Mahoutsukai ni Oboreru,,夢見る人魚は魔法使いに溺れる,Light Novel,29,,2015,https://cdn.myanimelist.net/images/manga/1/192495l.jpg
3687,Yuuheiou to Nerawareta Hanayome,,幽閉王と狙われた花嫁,Light Novel,29,,2015,https://cdn.myanimelist.net/images/manga/2/194204l.jpg
3719,Ai no Katachi,,愛のカタチ,Manga,28,,2015,https://cdn.myanimelist.net/images/manga/1/321861l.jpg
3719,Cinderella Ibun: Ai no Gagaku wa Kiesaranai,,灰被り姫〈しんでれら〉異聞 ～愛の雅楽は消え去らない～,Light Novel,28,,2015,https://cdn.myanimelist.net/images/manga/3/191638l.jpg
3719,Gisou Kakeochi no Susume!,,偽装駆け落ちのススメ！,Light Novel,28,,2015,https://cdn.myanimelist.net/images/manga/3/192829l.jpg
3719,"Houou no Senaka, Mune no Bara",,鳳凰の背中、胸の薔薇,Light Novel,28,,2015,https://cdn.myanimelist.net/images/manga/3/192476l.jpg
3719,Imouto to Natsuyasumi,,妹となつやすみ,Doujinshi,28,,2015,https://cdn.myanimelist.net/images/manga/1/335709l.jpg
3719,Ippon Fumanzoku,Unsatisfied With One,いっぽんフマンゾク,One-shot,28,,2015,https://cdn.myanimelist.net/images/manga/1/325926l.jpg
3719,Kakyuu: Aiyoku no Kumotsu,,華宮 愛慾の供物,Light Novel,28,,2015,https://cdn.myanimelist.net/images/manga/1/182811l.jpg
3719,Karasu no Negura,,鴉の塒,Manga,28,,2015,https://cdn.myanimelist.net/images/manga/2/241875l.jpg
3719,Karen Hyakkei,,可憐百景,Light Novel,28,,2015,https://cdn.myanimelist.net/images/manga/3/175414l.jpg
3719,Kishifuku no Hanayome,,騎士服の花嫁,Light Novel,28,,2015,https://cdn.myanimelist.net/images/manga/1/171355l.jpg
3719,Koi Butai: S de Kichiku na Onzoushi,,恋舞台 Ｓで鬼畜な御曹司,Light Novel,28,,2015,https://cdn.myanimelist.net/images/manga/3/193050l.jpg
3719,Koisuru Mahou Senshi-tachi,,恋する魔法戦士たち,Light Novel,28,,2015,https://cdn.myanimelist.net/images/manga/3/193646l.jpg
3719,Koukyuu no Chouki: Haou ni Ubawareta Akai Kotori,,後宮の寵姫～覇王に奪われた紅い小鳥～,Light Novel,28,,2015,https://cdn.myanimelist.net/images/manga/2/194855l.jpg
3719,Koushaku-sama no Dekiai Honeymoon,,公爵様の溺愛ハネムーン,Light Novel,28,,2015,https://cdn.myanimelist.net/images/manga/2/192818l.jpg
3719,Kyouren: Dorei Ouji to Ikenie no Miko,,狂恋～奴隷王子と生贄の巫女～,Light Novel,28,,2015,https://cdn.myanimelist.net/images/manga/3/181044l.jpg
3719,Mana Natsu,,MANA NATSU,Doujinshi,28,,2015,https://cdn.myanimelist.net/images/manga/3/317160l.jpg
3719,Manga Zoku Dougen-sama Monogatari,,まんが 続 道元さまものがたり,Manga,28,,2015,https://cdn.myanimelist.net/images/manga/1/294309l.jpg
3719,Mesu Sakari,A female cat is in heat.,メスサカリ,Manga,28,,2015,https://cdn.myanimelist.net/images/manga/3/335533l.jpg
3719,Migawari Reijou wa Chouai ni Oboreru,,身代わり令嬢は寵愛に溺れる,Light Novel,28,,2015,https://cdn.myanimelist.net/images/manga/2/194813l.jpg
3719,Mitsuya: Bara no Hanayome wa Ai ni Oboreru,,蜜夜 薔薇の花嫁は愛に溺れる,Light Novel,28,,2015,https://cdn.myanimelist.net/images/manga/1/181448l.jpg
3719,Mofuku no Himegimi: Karisome no Hatsukoi wa Shitone wo Nurasu,,喪服の姫君 かりそめの初恋は褥を濡らす,Light Novel,28,,2015,https://cdn.myanimelist.net/images/manga/2/184725l.jpg
3719,Nuru☆Neba Yuriism,Sti☆cky Sisters,ぬる☆ネバ ゆりイズム,Doujinshi,28,,2015,https://cdn.myanimelist.net/images/manga/1/333957l.jpg
3719,Osananajimi wa Yokozuna-sama!,"Yokozuna, My Childhood Friend, My Love!",幼なじみは横綱サマ!,Manga,28,,2015,https://cdn.myanimelist.net/images/manga/1/274718l.jpg
3719,Oujisama wa Tasuke ni Konai: Osananajimi x Kankinai,,王子様は助けに来ない 幼馴染み×監禁愛,Light Novel,28,,2015,https://cdn.myanimelist.net/images/manga/3/192624l.jpg
3719,Pokemon Chou Fushigi no Dungeon: Soreike! Shinmai Chousadan!,,ポケモン超不思議のダンジョン それいけ! 新米調査団!,One-shot,28,,2015,https://cdn.myanimelist.net/images/manga/1/335214l.jpg
3719,S-kei Idol to Yokujou Renai: Himitsu Afureru 1-shuukan,,Ｓ系アイドルと欲情恋愛 秘蜜あふれる１週間,Light Novel,28,,2015,https://cdn.myanimelist.net/images/manga/1/195523l.jpg
3719,Saikou ni Erokunaru: Sex Zecchou Ryoku,,最高にエロくなる セックス絶頂力,Light Novel,28,,2015,https://cdn.myanimelist.net/images/manga/3/193666l.jpg
3719,Senpai Kouhai Danjo Jijou,,先輩後輩男女事情,One-shot,28,,2015,https://cdn.myanimelist.net/images/manga/2/329360l.jpg
3719,Shachou to Hitotsu Yane no Shita de: Kaseifu no Kanbi na Katakoi,,社長と一つ屋根の下で～家政婦の甘美な片恋～,Light Novel,28,,2015,https://cdn.myanimelist.net/images/manga/2/194198l.jpg
3719,Shitsuji no Kyouai,,執事の狂愛,Light Novel,28,,2015,https://cdn.myanimelist.net/images/manga/2/184973l.jpg
3719,Shunten Ryouran,,春天繚乱,Light Novel,28,,2015,https://cdn.myanimelist.net/images/manga/1/180941l.jpg
3719,Tantou Henshuusha wa Nido Koi wo Suru: Henshuusha x Shousetsuka no Baai,,担当編集者は二度恋をする 編集者×小説家の場合,Light Novel,28,,2015,https://cdn.myanimelist.net/images/manga/2/194368l.jpg
3719,Teiou no Kyouai,,帝王の狂愛,Light Novel,28,,2015,https://cdn.myanimelist.net/images/manga/3/167545l.jpg
3719,Torikago Auction: Kamen Shinshi no Sokubaku x Ai,,鳥籠オークション～仮面紳士の束縛×愛～,Light Novel,28,,2015,https://cdn.myanimelist.net/images/manga/1/191919l.jpg
3719,Usotsuki no Minerva: Oujisama wa Choukoku ni Koishiteru,,嘘つきなミネルヴァ ~王子様は彫刻に恋してる~,Light Novel,28,,2015,https://cdn.myanimelist.net/images/manga/3/178995l.jpg
3719,Wagamama na Rika no Yokorenbo,,わがままな理香の横恋慕,Light Novel,28,,2015,https://cdn.myanimelist.net/images/manga/2/195488l.jpg
3719,Yokubari na Karada: Kare to Watashi to Kareshi no Kankei,,よくばりなカラダ～彼と私とカレシの関係～,Light Novel,28,,2015,https://cdn.myanimelist.net/images/manga/2/194844l.jpg
3756,Akujo no Kamen,Dangerous Deceiver,悪女の仮面,Manga,27,,2015,https://cdn.myanimelist.net/images/manga/1/232068l.jpg
3756,Amattare Bambi,,甘ったれバンビ,Manga,27,,2015,https://cdn.myanimelist.net/images/manga/2/327544l.jpg
3756,Chiteki na Mitsuka,,知的な蜜華,Light Novel,27,,2015,https://cdn.myanimelist.net/images/manga/1/199145l.jpg
3756,Darashinai Karada,,だらしないからだ,Manga,27,,2015,https://cdn.myanimelist.net/images/manga/3/324733l.jpg
3756,Fujun Isei Kouhai no Susume,,不純異性交配のススメ,Manga,27,,2015,https://cdn.myanimelist.net/images/manga/3/327126l.jpg
3756,Haitoku no Jubaku: Gimai wa Amaku Midara ni Ochiteiku,,背徳の呪縛 義妹は甘く淫らに堕ちていく,Light Novel,27,,2015,https://cdn.myanimelist.net/images/manga/1/195973l.jpg
3756,Hakahori Ou to Migawari Chouhi,,墓掘り王と身代わり寵妃,Light Novel,27,,2015,https://cdn.myanimelist.net/images/manga/1/164529l.jpg
3756,Haru ga Konai,,春が来ない,One-shot,27,,2015,https://cdn.myanimelist.net/images/manga/3/235197l.jpg
3756,Itsuwari no Utahime,,偽りの歌姫,Light Novel,27,,2015,https://cdn.myanimelist.net/images/manga/2/194810l.jpg
3756,Juuou-sama no Main Dish,,獣王様のメインディッシュ,Light Novel,27,,2015,https://cdn.myanimelist.net/images/manga/2/186099l.jpg
3756,Kanbisugiru Fukushuu,"Taken for Revenge, Bedded for Pleasure",甘美すぎる復讐,Manga,27,,2015,https://cdn.myanimelist.net/images/manga/3/244248l.jpg
3756,Keiyaku Kekkon: Oresama Shachou no Amai Wana,,契約結婚～俺様社長の甘い罠～,Light Novel,27,,2015,https://cdn.myanimelist.net/images/manga/1/194216l.jpg
3756,Koinu dato Omotte Koe wo Kaketara Jitsu wa Ookami deshita,,子犬だと思って声をかけたら実は狼でした,Light Novel,27,,2015,https://cdn.myanimelist.net/images/manga/3/192475l.jpg
3756,Koisuru Biyaku ni Amaku Nurete,,恋する媚薬に甘く濡れて,Light Novel,27,,2015,https://cdn.myanimelist.net/images/manga/2/192405l.jpg
3756,Kojou no Eden: Darenimo Ienai Kyoudai no Himitsu,,古城のエデン～誰にも言えない兄妹の秘密～,Light Novel,27,,2015,https://cdn.myanimelist.net/images/manga/2/193309l.jpg
3756,Kuchizuke wa Shukujo no Tashinami: Amaku Midara na Kojin Jugyou,,口づけは淑女の嗜み～甘く淫らな個人授業～,Light Novel,27,,2015,https://cdn.myanimelist.net/images/manga/2/192035l.jpg
3756,Kurojishi no Chouai,,黒獅子の寵愛,Light Novel,27,,2015,https://cdn.myanimelist.net/images/manga/1/241075l.jpg
3756,Kuzu no Kanojo: Demo Daisuki Nanda Mon,,くずの彼女~でも大好きなんだもん~,Manga,27,,2015,https://cdn.myanimelist.net/images/manga/3/304053l.jpg
3756,Midara na Fudesaki: Kasaku na Gaka to Mitsuai no Atelier,,淫らな筆先 寡作な画家と蜜愛のアトリエ,Light Novel,27,,2015,https://cdn.myanimelist.net/images/manga/1/195623l.jpg
3756,Mitsuen: Dekiai Toyuu Na no Jubaku,,蜜艶～溺愛という名の呪縛～,Light Novel,27,,2015,https://cdn.myanimelist.net/images/manga/3/199150l.jpg
3756,Nikushoku Kumikyoku,Carnivore's Suite,肉食組曲,Manga,27,,2015,https://cdn.myanimelist.net/images/manga/3/334469l.jpg
3756,Ningyo Ouji no Midara na Yubisaki: Mitsu ni Nureru Shower-shitsu,,人魚王子の淫らな指先 蜜に濡れるシャワー室,Light Novel,27,,2015,https://cdn.myanimelist.net/images/manga/3/195273l.jpg
3756,Nippen!,,ニッペン!,Manga,27,,2015,https://cdn.myanimelist.net/images/manga/2/249700l.jpg
3756,Ojousama Shousetsuka no Kiken na Doukyo Seikatsu: Kahogo Shitsuji ni Aisarete,,お嬢様小説家のキケンな同居生活 ～過保護執事に愛されて～,Light Novel,27,,2015,https://cdn.myanimelist.net/images/manga/2/194140l.jpg
3756,Oku made Ippai Aishite,,奥までいっぱい愛して,Light Novel,27,,2015,https://cdn.myanimelist.net/images/manga/1/193817l.jpg
3756,Old West,,OLD WEST,Manga,27,,2015,https://cdn.myanimelist.net/images/manga/3/312292l.jpg
3756,"Otoko no Honshou, Oshieteyaru yo: Karada ni Kizamareru Doukyo Rule",I'll Teach You What Men Really Want: Cohabitation Rules Etched into My Body,男の本性、教えてやるよ～カラダに刻まれる同居ルール～,Manga,27,,2015,https://cdn.myanimelist.net/images/manga/3/296941l.jpg
3756,"Oujisama, Hiroimashita",,王子様、拾いました,Light Novel,27,,2015,https://cdn.myanimelist.net/images/manga/1/191923l.jpg
3756,Outaishi no Unmei no Muchi,,王太子の運命の鞭,Light Novel,27,,2015,https://cdn.myanimelist.net/images/manga/3/186096l.jpg
3756,Pure Pure Triangle: Hajimete no H wa 3-nin de!?,,ピュア Pure トライアングル はじめてのＨは３人で!?,Light Novel,27,,2015,https://cdn.myanimelist.net/images/manga/1/196113l.jpg
3756,S Koushaku no Midara na Jinmon!,,S公爵のみだらな尋問!,Light Novel,27,,2015,https://cdn.myanimelist.net/images/manga/3/174470l.jpg
3756,Seiyoku: Sei ni Oboreru Onna-tachi,,征欲～性に溺れるオンナたち～,Manga,27,,2015,https://cdn.myanimelist.net/images/manga/3/338674l.jpg
3756,Shakkin Kyoudai,,借金兄弟,Manga,27,,2015,https://cdn.myanimelist.net/images/manga/2/197975l.jpg
3756,Shakunetsu no Ou no Inai: Atsui Yubi ni Tokasarete,,灼熱の王の淫愛～熱い指にとかされて～,Light Novel,27,,2015,https://cdn.myanimelist.net/images/manga/2/192036l.jpg
3756,Shikkoku no Ookamiou to Ryoshuu no Himegimi: Kurawareta Wedding,,漆黒の狼王と虜囚の姫君 ～喰らわれたウェディング～,Light Novel,27,,2015,https://cdn.myanimelist.net/images/manga/1/192519l.jpg
3756,Shirushi,Brand,シルシ,Manga,27,,2015,https://cdn.myanimelist.net/images/manga/1/336201l.jpg
3756,Shoujo Izumi,,少女泉,Doujinshi,27,,2015,https://cdn.myanimelist.net/images/manga/2/313374l.jpg
3756,Sokubakukei no Koimahou: Ikisugita Shuushinai,,束縛兄の恋魔法～イキすぎた執心愛～,Light Novel,27,,2015,https://cdn.myanimelist.net/images/manga/1/194210l.jpg
3756,Toshishita Danshi wa S deshita: Hajimete no Choukyou Ecchi,,年下男子はＳでした 初めての調教エッチ,Light Novel,27,,2015,https://cdn.myanimelist.net/images/manga/1/195527l.jpg
3756,Toshishita Ouji ni Amai Fukujuu: Tokyo Ouji,,年下王子に甘い服従 Ｔｏｋｙｏ王子,Light Novel,27,,2015,https://cdn.myanimelist.net/images/manga/1/192626l.jpg
3756,Toshishita Wanko no Shitsukekata: Amaku Kiken na Dokusenyoku,,年下わんこのしつけ方 甘くキケンな独占欲,Light Novel,27,,2015,https://cdn.myanimelist.net/images/manga/2/195631l.jpg
3756,Usubeni no Tsuki: Tsumibukaki Ouse,,薄紅の月～罪深き逢瀬～,Light Novel,27,,2015,https://cdn.myanimelist.net/images/manga/1/194213l.jpg
3756,Wasure na Koi: Ou wa Himekishi wo Chouaisuru,,忘れな恋 王は姫騎士を寵愛する,Light Novel,27,,2015,https://cdn.myanimelist.net/images/manga/3/164456l.jpg
3799,Bono-chan,,ぼのちゃん,Manga,26,,2015,https://cdn.myanimelist.net/images/manga/2/311101l.jpg
3799,"Enbaku: Sensei, Mou Yurushite Kudasai",,艶縛～先生、もう許してください～,Light Novel,26,,2015,https://cdn.myanimelist.net/images/manga/2/194839l.jpg
3799,Für Elise,Für Elise,엘리제를 위해,Manhwa,26,,2015,https://cdn.myanimelist.net/images/manga/1/333274l.jpg
3799,Gensui Kakka no Aisai Kyouiku,,元帥閣下の愛妻教育,Light Novel,26,,2015,https://cdn.myanimelist.net/images/manga/1/193302l.jpg
3799,Haou no Kousokuai: Koukyuu no Inya wa Amaku Hageshiku,,覇王の拘束愛 後宮の淫夜は甘く激しく,Light Novel,26,,2015,https://cdn.myanimelist.net/images/manga/1/192771l.jpg
3799,Hyakuokuen no Proposal: Bubble Shoujo wa Princess?,,百億円のプロポーズ～バブル少女はプリンセス？～,Light Novel,26,,2015,https://cdn.myanimelist.net/images/manga/1/192496l.jpg
3799,Hyouryuu-kei Joshikousei,Schoolgirls on a Desert Island,漂流系女子高生,Manga,26,,2015,https://cdn.myanimelist.net/images/manga/1/237993l.jpg
3799,Idol tte Kimochi Ii! Kenkyuusei no Hazukashi Lesson,,アイドルって気持ちいいっ！～研究生の恥ずかしレッスン～,Light Novel,26,,2015,https://cdn.myanimelist.net/images/manga/2/217340l.jpg
3799,Injuu: Midara na Kemono,,淫獣～みだらなけもの～,Doujinshi,26,,2015,https://cdn.myanimelist.net/images/manga/3/330883l.jpg
3799,Kaikan★Bishonure Love: Biyoushi to Ofuro to,,快感★びしょぬれラブ ～美容師とお風呂と～,Light Novel,26,,2015,https://cdn.myanimelist.net/images/manga/3/194143l.jpg
3799,Kami x Kami Series,,神×神シリーズ,Light Novel,26,,2015,https://cdn.myanimelist.net/images/manga/1/239041l.jpg
3799,Karisome no Hanayome: Ouji no Hisoka na Shuuai,,かりそめの花嫁～王子のひそかな執愛～,Light Novel,26,,2015,https://cdn.myanimelist.net/images/manga/3/191965l.jpg
3799,Koi no Kizu sae Kare no Wana,,恋の傷さえ彼の罠,Light Novel,26,,2015,https://cdn.myanimelist.net/images/manga/1/194139l.jpg
3799,Koiyami: Midara ni Fureru Yubisaki,,恋闇～淫らに触れる指先～,Light Novel,26,,2015,https://cdn.myanimelist.net/images/manga/2/192058l.jpg
3799,Kuroi Tenshi wa Ai wo Sasayaku,,黒い天使は愛を囁く,Light Novel,26,,2015,https://cdn.myanimelist.net/images/manga/3/192769l.jpg
3799,Kyou Ouji no Aigan Hanayome: Kyoudai no Barayashiki,,狂皇子の愛玩花嫁～兄妹の薔薇舘～,Light Novel,26,,2015,https://cdn.myanimelist.net/images/manga/2/193307l.jpg
3799,Manbiki Shoujo ni Tenbatsu wo,,万引き少女に天罰を,Light Novel,26,,2015,https://cdn.myanimelist.net/images/manga/2/199427l.jpg
3799,Misemono Ingi,,みせもの淫戯,Light Novel,26,,2015,https://cdn.myanimelist.net/images/manga/1/186016l.jpg
3799,Mitsukon: Taiyou to Tsuki ni Aisarete,,蜜婚 太陽と月に愛されて,Light Novel,26,,2015,https://cdn.myanimelist.net/images/manga/2/183468l.jpg
3799,Mitsuwaku no Kubikazari,,蜜惑の首飾り,Light Novel,26,,2015,https://cdn.myanimelist.net/images/manga/2/165896l.jpg
3799,Otomodachi kara,Let's Be Friends First.,お友達から,Manga,26,,2015,https://cdn.myanimelist.net/images/manga/1/324720l.jpg
3799,Oujisama no Aigan Koneko,,王子様の愛玩仔猫,Light Novel,26,,2015,https://cdn.myanimelist.net/images/manga/3/192497l.jpg
3799,Oukyuu Ikan to Wakaokusama: Otto no Midara na Seikyouiku,,王宮医官と若奥様 夫の淫らな性教育,Light Novel,26,,2015,https://cdn.myanimelist.net/images/manga/2/183379l.jpg
3799,"Our Place, Our Time",,양의 시간,Manhwa,26,,2015,https://cdn.myanimelist.net/images/manga/1/292459l.jpg
3799,Ryoshuu no Himekishi: Midasareta Kin no Kami,,虜囚の姫騎士 乱された金の髪,Light Novel,26,,2015,https://cdn.myanimelist.net/images/manga/2/192493l.jpg
3799,S-kei Toshishita Ouji ni Miserarete: Yume no Naka no Koi,,Ｓ系年下王子に魅せられて ～夢の中の恋～,Light Novel,26,,2015,https://cdn.myanimelist.net/images/manga/1/194137l.jpg
3799,Saiyou Tsuuchi: Wakashachou no Reizoku Keiyaku,,採用通知～若社長の隷属契約～,Light Novel,26,,2015,https://cdn.myanimelist.net/images/manga/1/194876l.jpg
3799,Seifukusha no Hanayome,,征服者の花嫁,Light Novel,26,,2015,https://cdn.myanimelist.net/images/manga/1/202568l.jpg
3799,Shanai de Ichiban Kiken na Otoko to Kiss no Aji,The Flavour of a Kiss from the Most Dangerous Guy at Work,社内で一番キケンな男とキスの味,Manga,26,,2015,https://cdn.myanimelist.net/images/manga/3/296174l.jpg
3799,Shikkoku no Hakaiou to Momoiro Princess,,漆黒の破壊王と桃色プリンセス,Light Novel,26,,2015,https://cdn.myanimelist.net/images/manga/2/192775l.jpg
3799,Strange Girl,,すとれんじがーる,Manga,26,,2015,https://cdn.myanimelist.net/images/manga/2/332584l.jpg
3799,Suki tte Itteru jan,I Said I love You.,スキってイってるじゃん,Manga,26,,2015,https://cdn.myanimelist.net/images/manga/1/327176l.jpg
3799,Toshishita Nukumen to Ichaicha Doukyo Seikatsu,,年下ヌクメンといちゃいちゃ同居生活,Light Novel,26,,2015,https://cdn.myanimelist.net/images/manga/1/195733l.jpg
3799,Watashi no...... Osananajimi,,私の……幼馴染,Light Novel,26,,2015,https://cdn.myanimelist.net/images/manga/1/199509l.jpg
3833,BL Arrival,Slash Fiction Resolution,BLアライバル,Manga,25,,2015,https://cdn.myanimelist.net/images/manga/3/332236l.jpg
3833,Daifugou to Uragiri no Bara,The Valquez Bride,大富豪と裏切りの薔薇,Manga,25,,2015,https://cdn.myanimelist.net/images/manga/2/257859l.jpg
3833,Dannasama wa Dekiai Izonshou,,旦那様は溺愛依存症,Light Novel,25,,2015,https://cdn.myanimelist.net/images/manga/2/186014l.jpg
3833,Dosukebe Saimin Revenge,,ドスケベ催眠リベンジ,Manga,25,,2015,https://cdn.myanimelist.net/images/manga/3/338561l.jpg
3833,Gunshin no Namida,,軍神の涙,Light Novel,25,,2015,https://cdn.myanimelist.net/images/manga/2/186098l.jpg
3833,Happy End,,ハッピーエンド,Manga,25,,2015,https://cdn.myanimelist.net/images/manga/1/332405l.jpg
3833,Hoshi no Onzoushi-sama: Amai Mitsuya no Tawamure,,星の御曹司さま ～甘い蜜夜の戯れ～,Light Novel,25,,2015,https://cdn.myanimelist.net/images/manga/1/195678l.jpg
3833,Ikkai 500-en,,一回500円,Doujinshi,25,,2015,https://cdn.myanimelist.net/images/manga/1/335032l.jpg
3833,Joriku!,,じょりく!,Manga,25,,2015,https://cdn.myanimelist.net/images/manga/1/331009l.jpg
3833,Juku Cos: Jukujo datte Cosplay ga Yaritai,,熟コス―熟女だってコスプレがヤりたい―,Manga,25,,2015,https://cdn.myanimelist.net/images/manga/1/337087l.jpg
3833,Junaigai Hakusho,,純愛外白書,Light Novel,25,,2015,https://cdn.myanimelist.net/images/manga/3/193425l.jpg
3833,Kadowakasarete: Dorei-hime,,かどわかされて 奴隷姫,Light Novel,25,,2015,https://cdn.myanimelist.net/images/manga/1/194836l.jpg
3833,Kawareta Hanayome to Itsuwari no Mitsugetsu,,買われた花嫁と偽りの蜜月,Light Novel,25,,2015,https://cdn.myanimelist.net/images/manga/1/194985l.jpg
3833,Kinjishitei no Osanazuma,,金獅子帝のおさな妻,Light Novel,25,,2015,https://cdn.myanimelist.net/images/manga/3/183105l.jpg
3833,Koukan Gasshuku,,交姦合宿,Doujinshi,25,,2015,https://cdn.myanimelist.net/images/manga/1/335386l.jpg
3833,Kyou kara Kimi no Dorei,,今日からキミのドレイ,Manga,25,,2015,https://cdn.myanimelist.net/images/manga/1/340284l.jpg
3833,Mori no Rakuen: Ikemen Ouji to Cottage de Futarikiri,,森の楽園 ～イケメン王子とコテージで二人きり～,Light Novel,25,,2015,https://cdn.myanimelist.net/images/manga/3/195059l.jpg
3833,"Musunde, Hirakanaide",,むすんで、ひらかないで,Light Novel,25,,2015,https://cdn.myanimelist.net/images/manga/2/317874l.jpg
3833,Nessa no Kuni no Ningyohime,,熱砂の国の人魚姫,Light Novel,25,,2015,https://cdn.myanimelist.net/images/manga/1/194207l.jpg
3833,"Nidome no Hatsukoi wa, Hageshiku Fukaku.",The Rough and Deep Second First Love,二度目の初恋は、激しく深く。,Manga,25,,2015,https://cdn.myanimelist.net/images/manga/1/309614l.jpg
3833,Ookami Ouji to Toraware no Usagi,,狼王子と囚われの兎,Light Novel,25,,2015,https://cdn.myanimelist.net/images/manga/3/194842l.jpg
3833,Shinjuu ga Aishita Migawari Hanayome,,神獣が愛した身代わり花嫁,Light Novel,25,,2015,https://cdn.myanimelist.net/images/manga/2/164511l.jpg
3833,Shiokaze wa Ijiwaru na Koi no Unmei,,潮風はいじわるな恋の運命,Light Novel,25,,2015,https://cdn.myanimelist.net/images/manga/3/192958l.jpg
3833,Tategoto-hime: Kikoushi ga Kanaderu Mitsu no Senritsu,,竪琴姫～貴公子が奏でる蜜の旋律～,Light Novel,25,,2015,https://cdn.myanimelist.net/images/manga/1/194215l.jpg
3833,The Surviving,The Surviving,생존인간,Manhwa,25,,2015,https://cdn.myanimelist.net/images/manga/1/332835l.jpg
3833,Watashi wo Shokutaku ni Tsuretette: Shimada no High Tension Sakuhinshuu,,私を食卓に連れてって～しまだのハイテンション作品集～,Manga,25,,2015,https://cdn.myanimelist.net/images/manga/2/233522l.jpg
3833,Xiuluo Wushen,Martial God Asura,修罗武神,Novel,25,,2015,https://cdn.myanimelist.net/images/manga/2/337530l.jpg
3833,Yume no Naka demo Aishite,,夢の中でも愛して,Manga,25,,2015,https://cdn.myanimelist.net/images/manga/3/293921l.jpg
3833,Yuugure no Jouji: Furin no Daishou,,夕暮れの情事 ～不倫の代償～,Light Novel,25,,2015,https://cdn.myanimelist.net/images/manga/1/195486l.jpg
3862,Ano Hi no Sensei,Teacher of That Day,あの日の先生,Manga,24,,2015,https://cdn.myanimelist.net/images/manga/2/318341l.jpg
3862,Avidya,Avidya,무명기,Manhwa,24,,2015,https://cdn.myanimelist.net/images/manga/1/306136l.jpg
3862,Chuuning♡Spot,,チューにんぐ♡すぽっと,Manga,24,,2015,https://cdn.myanimelist.net/images/manga/1/325199l.jpg
3862,Fune wo Ukaberu,,舟を浮かべて,Manga,24,,2015,https://cdn.myanimelist.net/images/manga/2/286004l.jpg
3862,Hakueikan no Fushigi na Juunin,Mystery Residents in the White Shadow Hall,白影館のふしぎな住人,Manga,24,,2015,https://cdn.myanimelist.net/images/manga/3/317512l.jpg
3862,Hana Ichirin no Ouse: Tobikiri Amai Unmei no Koi,,花一輪の逢瀬 ～とびきり甘い運命の恋～,Light Novel,24,,2015,https://cdn.myanimelist.net/images/manga/1/194138l.jpg
3862,"Hanamitsu Torikaebaya Emaki: Dansou Kikoushi, Himitsu no Koi",,花蜜とりかへばや絵巻 ～男装貴公子、ヒミツの恋～,Light Novel,24,,2015,https://cdn.myanimelist.net/images/manga/1/192504l.jpg
3862,Hanayome Yousei no Midara na Itazura,,花嫁妖精の淫らな悪戯,Light Novel,24,,2015,https://cdn.myanimelist.net/images/manga/1/192494l.jpg
3862,Houshiai: Zoutouhin to Iu Na no Aido,,奉仕愛～贈答品という名の愛奴～,Light Novel,24,,2015,https://cdn.myanimelist.net/images/manga/2/194833l.jpg
3862,Inran Fetishism,Immoralist & Fetishism♥,いんらんフェティシズム,Manga,24,,2015,https://cdn.myanimelist.net/images/manga/3/327679l.jpg
3862,JK Auction Box,,JKオークションBOX,One-shot,24,,2015,https://cdn.myanimelist.net/images/manga/3/331896l.jpg
3862,Keikoku no Biki no Hatsukoi: Kyuuai wa Atsuku Midara ni,,傾国の美姫の初恋 求愛は熱く淫らに,Light Novel,24,,2015,https://cdn.myanimelist.net/images/manga/1/192622l.jpg
3862,Kindan Triangle: Ikemen Gikyoudai no Noumitsu Love Lesson!,,禁断トライアングル イケメン義兄弟の濃蜜ラブレッスン！,Light Novel,24,,2015,https://cdn.myanimelist.net/images/manga/3/196112l.jpg
3862,Kinwaku Pheromone: Shisai no Shitsuyou na Kuchizuke,,禁惑フェロモン 司祭の執拗な口づけ,Light Novel,24,,2015,https://cdn.myanimelist.net/images/manga/1/183425l.jpg
3862,Kokoro wo Mark Yakiagete: Amaku Torokeru Bukotsu na Dekiai,,心をまぁるく焼き上げて 甘くとろける無骨な溺愛,Light Novel,24,,2015,https://cdn.myanimelist.net/images/manga/3/195274l.jpg
3862,Kongyou: Ou wa Ai wo Shiru,,昏暁～王は愛を知る～,Light Novel,24,,2015,https://cdn.myanimelist.net/images/manga/2/193313l.jpg
3862,Koukyuu no Mitsuhime,,後宮の蜜姫,Light Novel,24,,2015,https://cdn.myanimelist.net/images/manga/1/199149l.jpg
3862,Kourou Mitsuya,,高楼蜜夜,Light Novel,24,,2015,https://cdn.myanimelist.net/images/manga/3/194796l.jpg
3862,Koushaku ni Kawareta Ningyou Hanayome,,侯爵に買われた人形花嫁,Light Novel,24,,2015,https://cdn.myanimelist.net/images/manga/3/167523l.jpg
3862,Koutei Heika no Dekiai Chouhi,,皇帝陛下の溺愛寵妃,Light Novel,24,,2015,https://cdn.myanimelist.net/images/manga/2/194208l.jpg
3862,Koutei Heika to Kokoroyomi no Hime,,皇帝陛下と心読みの姫,Light Novel,24,,2015,https://cdn.myanimelist.net/images/manga/2/172211l.jpg
3862,Kowamote Kishi wa Shinpaishou,,強面騎士は心配性,Light Novel,24,,2015,https://cdn.myanimelist.net/images/manga/2/180935l.jpg
3862,Matenrou no Himegoto,,摩天楼の秘め事,Light Novel,24,,2015,https://cdn.myanimelist.net/images/manga/3/194840l.jpg
3862,Migawari Oujo wa Mitsuya ni Aegu: Seifukuou no Hanayome,,身代わり王女は蜜夜に喘ぐ～征服王の花嫁～,Light Novel,24,,2015,https://cdn.myanimelist.net/images/manga/1/194878l.jpg
3862,Musunde Hanashite,,結んで放して,Manga,24,,2015,https://cdn.myanimelist.net/images/manga/3/314299l.jpg
3862,Mysterious na Yuuwaku,The Duke's Proposal,ミステリアスな誘惑,Manga,24,,2015,https://cdn.myanimelist.net/images/manga/3/257618l.jpg
3862,Nightingale Renya: Amai Mitsu no Ori,,小夜啼鳥〈ナイチンゲール〉恋夜～甘い蜜の檻～,Light Novel,24,,2015,https://cdn.myanimelist.net/images/manga/1/171926l.jpg
3862,Pantsu-jou no Mono wo Haita Mama Shugi,,パンツ状のものを穿いたまま主義,Manga,24,,2015,https://cdn.myanimelist.net/images/manga/2/327520l.jpg
3862,Qiangwei Liaoluan,The Dazzling Rose,蔷薇缭乱,Manhua,24,,2015,https://cdn.myanimelist.net/images/manga/3/314310l.jpg
3862,Ryakudatsukon: Kedamonoou kara Koko made Midara ni Aisarete!?,,略奪婚 ケダモノ王からここまでミダラに愛されて！？,Light Novel,24,,2015,https://cdn.myanimelist.net/images/manga/3/183006l.jpg
3862,Sweets Ouji wa Wagashi-hime ni Dekiai suru,,スイーツ王子は和菓子姫に溺愛する,Light Novel,24,,2015,https://cdn.myanimelist.net/images/manga/2/192502l.jpg
3862,Triangle Night: Aoi Me no Kyoudai to......,,トライアングルナイト 碧い眼の兄弟と……,Light Novel,24,,2015,https://cdn.myanimelist.net/images/manga/3/195675l.jpg
3862,Uragirimono ni Bara wo,A Bargain with the Enemy,裏切り者に薔薇を,Manga,24,,2015,https://cdn.myanimelist.net/images/manga/2/231967l.jpg
3862,Ureutoge: Utsukushisa to Iu Na no Ori,,憂う棘～美しさと言う名の檻～,Light Novel,24,,2015,https://cdn.myanimelist.net/images/manga/2/199141l.jpg
3862,Yuuwaku Complex,,誘惑コンプレックス,Light Novel,24,,2015,https://cdn.myanimelist.net/images/manga/3/179988l.jpg
3862,e-Heaven,,イー・ヘブン,Light Novel,24,,2015,https://cdn.myanimelist.net/images/manga/2/238646l.jpg
3898,Cinderella ni Nareru Hi,"Happily Ever After, Inc.",シンデレラになれる日,Manga,23,,2015,https://cdn.myanimelist.net/images/manga/2/257659l.jpg
3898,Hakoniwa no Koibito,,匣庭の恋人,Light Novel,23,,2015,https://cdn.myanimelist.net/images/manga/2/186097l.jpg
3898,Hikkoshi Daifuku,,引っ越し大福,One-shot,23,,2015,https://cdn.myanimelist.net/images/manga/3/330313l.jpg
3898,Itooshisa wa Akutai ni Hisomu,,愛おしさは悪態にひそむ,Manga,23,,2015,https://cdn.myanimelist.net/images/manga/3/279523l.jpg
3898,"Kanjichau no wa, Daikirai na Kare no Yubi dake.",I Only Like the Fingers of the Guy I Hate,感じちゃうのは、大嫌いな彼の指だけ。,Manga,23,,2015,https://cdn.myanimelist.net/images/manga/3/309611l.jpg
3898,Koakuma-teki Kanojo,Little Devilish Girlfriend,小悪魔的カノジョ,Manga,23,,2015,https://cdn.myanimelist.net/images/manga/2/327549l.jpg
3898,Onegai☆Lap-chan,,おねがい☆ラプちゃん,Manga,23,,2015,https://cdn.myanimelist.net/images/manga/3/335531l.jpg
3898,Oshi no Yowai Jimikei JS wa Enjo Kousai wo Kotowarenai.,,押しの弱い地味系JSは援助交際を断れない。,Doujinshi,23,,2015,https://cdn.myanimelist.net/images/manga/2/333246l.jpg
3898,Shingetsu Hanayome: Seiryaku Kekkon wa Mitsuyo no Eros,,新月花嫁 政略結婚は蜜夜のエロス,Light Novel,23,,2015,https://cdn.myanimelist.net/images/manga/3/183330l.jpg
3898,Star☆Flight,,STAR☆Flight,Manga,23,,2015,https://cdn.myanimelist.net/images/manga/2/329778l.jpg
3898,Suukikyou no Midara na Kyuusai: Doku no Yubiwa wa Himitsu ni Nurete,,枢機卿の淫らな救済 ～毒の指輪は秘蜜に濡れて～,Light Novel,23,,2015,https://cdn.myanimelist.net/images/manga/1/192500l.jpg
3898,Yuruyuru Kitsukitsu,,ゆるゆるきつきつ,Manga,23,,2015,https://cdn.myanimelist.net/images/manga/2/326203l.jpg
3910,Bijo to Yajuu?,Beauty and the Beastmaster,美女と野獣?,Manga,22,,2015,https://cdn.myanimelist.net/images/manga/2/284794l.jpg
3910,Bukatsuchuu no Seito ni Kakurete AV ni Shutsuen suru Futanari Onna Kyoushi no Ohanashi,,部活中の生徒に隠れてAVに出演するふたなり女教師のお話,Doujinshi,22,,2015,https://cdn.myanimelist.net/images/manga/2/329621l.jpg
3910,Butsu Rock,,仏ロック,Manga,22,,2015,https://cdn.myanimelist.net/images/manga/2/273729l.jpg
3910,Erosugite Nankai Nakadashi Shitemo Naoranai♥,,エロすぎて何回中出ししても治らない♥,Manga,22,,2015,https://cdn.myanimelist.net/images/manga/3/330791l.jpg
3910,Freude,,フロイデ,Manga,22,,2015,https://cdn.myanimelist.net/images/manga/2/294730l.jpg
3910,"Hakui no Shita wa, Do S to Eros de Afureteiru",Sadism Overflowing from beneath His Smock,白衣の下は、ドSとエロスで溢れている,Manga,22,,2015,https://cdn.myanimelist.net/images/manga/3/297103l.jpg
3910,"Ichinose-sensei, Oyako ga Nerattemasu",How to Make It with a Rookie School Teacher New to Love?: Go for Their Body First,一ノ瀬先生、親子が狙ってます,Manga,22,,2015,https://cdn.myanimelist.net/images/manga/1/323349l.jpg
3910,Kamikakushi no Hanayome,,神隠しの花嫁,Light Novel,22,,2015,https://cdn.myanimelist.net/images/manga/3/199508l.jpg
3910,Keiren Love Piston: Oneesan wa Hentai Omocha,,痙攣ラブピストンーお姉さんは変態玩具ー,Manga,22,,2015,https://cdn.myanimelist.net/images/manga/2/343413l.jpg
3910,Kimi ga Tame: Mitsuya ni Kanaderu Koi no Shirabe,,君がため～蜜夜に奏でる恋の調べ～,Light Novel,22,,2015,https://cdn.myanimelist.net/images/manga/1/183892l.jpg
3910,Kimongai,KIMONGAI: City of Demons,鬼門街,Manga,22,,2015,https://cdn.myanimelist.net/images/manga/1/330078l.jpg
3910,Koi Jikan,,恋時間,One-shot,22,,2015,https://cdn.myanimelist.net/images/manga/1/316120l.jpg
3910,Netorase Keiyaku,Netorase Contract,ネトラセ契約,Manga,22,,2015,https://cdn.myanimelist.net/images/manga/1/320823l.jpg
3910,Nueten Oyozure Shijuuhakkei,,鵺天妖四十八景,Manga,22,,2015,https://cdn.myanimelist.net/images/manga/3/283557l.jpg
3910,Osawagase Marriage,,お騒がせマリッジ,Manga,22,,2015,https://cdn.myanimelist.net/images/manga/1/309691l.jpg
3910,Paradise Gakuin: Yarisugi Seikatsu Shidou,,パラダイス学淫 ヤリすぎ性活指導,Manga,22,,2015,https://cdn.myanimelist.net/images/manga/1/336185l.jpg
3910,Shiroi Kioku mo Aishiteru: Shinshi Shachou no Shuuchakuai,,白い記憶も愛してる～紳士社長の執着愛～,Light Novel,22,,2015,https://cdn.myanimelist.net/images/manga/3/194203l.jpg
3910,"Sono Junketsu, Motto Nurashite Ii desu ka?",May I Dampen Your Chastity?,その純潔、もっと濡らしていいですか?,Manga,22,,2015,https://cdn.myanimelist.net/images/manga/1/298540l.jpg
3910,Soushoku Danshi to Dekiai Otome no Ama-iro Mitsuji,,僧職男子と溺愛乙女の甘色蜜事,Light Novel,22,,2015,https://cdn.myanimelist.net/images/manga/2/192501l.jpg
3929,Dark Palace Inyoku no Kyuuden,,Dark Palace 淫欲の宮殿,Doujinshi,21,,2015,https://cdn.myanimelist.net/images/manga/3/347508l.jpg
3929,Dokuro-san ga Miteiru,,どくろさんが見ている,Manga,21,,2015,https://cdn.myanimelist.net/images/manga/3/339954l.jpg
3929,Dolled Up,Dolled Up,대새녀의 메이크업 이야기,Manhwa,21,,2015,https://cdn.myanimelist.net/images/manga/3/298924l.jpg
3929,Erabenakatta Kimi wo Erabu,"Even So, I Choose You",選べなかった君を選ぶ,Light Novel,21,,2015,https://cdn.myanimelist.net/images/manga/2/232930l.jpg
3929,Ganjigarame na Mitsu no Hana ni Torawarete,Imprisoned and Bound in a Honey Flower,がんじがらめな蜜の華に囚われて,Manga,21,,2015,https://cdn.myanimelist.net/images/manga/3/309922l.jpg
3929,Hengen Taima Yakou Karura Mau! Gaiden: Abe no Seimei-hen,,変幻退魔夜行 カルラ舞う! ～外伝 安倍晴明編～,Manga,21,,2015,https://cdn.myanimelist.net/images/manga/3/301337l.jpg
3929,Iromeku Shangri-La,Blossoming Shangri-La,いろめくシャングリラ,Manga,21,,2015,https://cdn.myanimelist.net/images/manga/2/344789l.jpg
3929,J.C. Lovers,,J.C.LOVERS,Manga,21,,2015,https://cdn.myanimelist.net/images/manga/2/303399l.jpg
3929,Mamami!,,ママみ！,Manga,21,,2015,https://cdn.myanimelist.net/images/manga/2/326217l.jpg
3929,Motto Kimochi Ii Koto.,,もっときもちイイコト。,Doujinshi,21,,2015,https://cdn.myanimelist.net/images/manga/2/336227l.jpg
3929,Pantsu of Life,,ぱんつ OF LIFE,Manga,21,,2015,https://cdn.myanimelist.net/images/manga/3/327490l.jpg
3929,Yajuu Danshi no Midara na Konzen Kyouiku,A Wild Guy's Dirty Pre-Marital Class,野獣男子のミダラな婚前教育,Manga,21,,2015,https://cdn.myanimelist.net/images/manga/1/294606l.jpg
3929,Yorozu Genyakan,,よろず幻夜館,Manga,21,,2015,https://cdn.myanimelist.net/images/manga/2/282196l.jpg
3942,Kanashii Hatsukoi,The Italian Billionaire's Secret Love-Child,悲しい初恋,Manga,20,,2015,https://cdn.myanimelist.net/images/manga/3/257620l.jpg
3942,Kasshoku Danshi,,褐色男子,Manga,20,,2015,https://cdn.myanimelist.net/images/manga/2/332613l.jpg
3942,Kegasare Shigan,,汚され志願,Light Novel,20,,2015,https://cdn.myanimelist.net/images/manga/2/172225l.jpg
3942,"Konya mo, Ecchi na Shiiku wa Chika no Shoko de...",We'll Continue Your Training in the Archives Tonight,今夜も、エッチな飼育は地下の書庫で…,Manga,20,,2015,https://cdn.myanimelist.net/images/manga/1/309927l.jpg
3942,Minna de Midara,,みんなでミダラ,Manga,20,,2015,https://cdn.myanimelist.net/images/manga/1/330764l.jpg
3942,Nanami no 623,"Nanami's ""Six-Two-Three""",七海の623,Manga,20,,2015,https://cdn.myanimelist.net/images/manga/1/303730l.jpg
3942,Sugar Bitter Reverse,,シュガービターリバース,Manga,20,,2015,https://cdn.myanimelist.net/images/manga/3/341498l.jpg
3942,"Toshishita no Kemono wa, Tsumibukaki Mitsu no You de",This Young Beast Is Like a Forbidden Fruit,年下の獣は、罪深き蜜のようで,Manga,20,,2015,https://cdn.myanimelist.net/images/manga/3/310183l.jpg
3950,Gakuen no Nie,,学園の贄,Manga,19,,2015,https://cdn.myanimelist.net/images/manga/2/317548l.jpg
3950,I: Hakoniwagurashi,,I－アイ－ はこにわぐらし,Manga,19,,2015,https://cdn.myanimelist.net/images/manga/3/267644l.jpg
3950,Ichiban Tooi Hoshi,The Farthest Star,いちばん遠い星,Manga,19,,2015,https://cdn.myanimelist.net/images/manga/1/314222l.jpg
3950,Shikai Ryuuou Series,,四海竜王シリーズ,Light Novel,19,,2015,https://cdn.myanimelist.net/images/manga/3/239039l.jpg
3950,Shiragiku no Kakan: Amaku Shimetta Mitsumiya,,白菊の花冠～甘く湿った蜜宮～,Light Novel,19,,2015,https://cdn.myanimelist.net/images/manga/3/199148l.jpg
3950,Shitai Ko to Shiyo!,You Only Live Once.,したいコとしよっ!,Manga,19,,2015,https://cdn.myanimelist.net/images/manga/1/324891l.jpg
3950,Toshishita Doutei Mania♡,,年下童貞マニア♡,Manga,19,,2015,https://cdn.myanimelist.net/images/manga/1/328301l.jpg
3957,"Ashita, Kimi ni Suki tte Iu.","Tomorrow, I'll Say I Love You.",明日、君に好きって言う。,Manga,18,,2015,https://cdn.myanimelist.net/images/manga/3/332512l.jpg
3957,Giga Town: Manpu Zufu,Giga Town: A Guide to Manga Iconography,ギガタウン 漫符図譜,Manga,18,,2015,https://cdn.myanimelist.net/images/manga/2/341860l.jpg
3957,Hokago no Pleiades: Minato no Hoshizora,,放課後のプレアデス みなとの星宙,Light Novel,18,,2015,https://cdn.myanimelist.net/images/manga/2/289892l.jpg
3957,Kyousei Kekkon: Gaten Nikushoku Danshi x Intelli Soushoku Joshi,Mandatory Matrimony: A Hot Working Guy and a Cold Office Girl,強性結婚～ガテン肉食男子×インテリ草食女子～,Manga,18,,2015,https://cdn.myanimelist.net/images/manga/2/316313l.jpg
3957,R no Techou Second,The Pocketbook of R Second,Rの手帳 セカンド,Novel,18,,2015,https://cdn.myanimelist.net/images/manga/1/309650l.jpg
3957,Tomodachi ni mo Naisho no Koto,,ともだちにもないしょのこと,Doujinshi,18,,2015,https://cdn.myanimelist.net/images/manga/3/335333l.jpg
3963,Kinshin Chikan Hakusho,,近親痴漢白書,Manga,17,,2015,https://cdn.myanimelist.net/images/manga/2/329317l.jpg
3963,Omachi shitemasu Shitamachi Wagashi Kurimarudou,,お待ちしてます 下町和菓子 栗丸堂,Manga,17,,2015,https://cdn.myanimelist.net/images/manga/2/323958l.jpg
3963,The Second Brother,,The second brother,One-shot,17,,2015,https://cdn.myanimelist.net/images/manga/1/336837l.jpg
3963,Tokimeki Tonight: Etou Mouri no Kakeochi,,ときめきトゥナイト 江藤望里の駆け落ち,Manga,17,,2015,https://cdn.myanimelist.net/images/manga/1/333233l.jpg
3967,Komorashi-chan,,こもらしちゃん,Manga,16,,2015,https://cdn.myanimelist.net/images/manga/1/319638l.jpg
3967,Mr. Ajikko: Bakumatsu-hen,,ミスター味っ子 幕末編,Manga,16,,2015,https://cdn.myanimelist.net/images/manga/1/336259l.jpg
3967,Netoriya Honpo,,寝取り屋本舗,Manga,16,,2015,https://cdn.myanimelist.net/images/manga/1/329310l.jpg
3967,Reloaded into the Other World,,이계진입 리로디드,Novel,16,,2015,https://cdn.myanimelist.net/images/manga/3/335624l.jpg
3967,"Tsumi ni Nuretemo, Karada wa Tsunagari Motomeau","Drenched With Sin, the Body Demands to Interwine",罪に濡れても、カラダは繋がり求めあう,Manga,16,,2015,https://cdn.myanimelist.net/images/manga/2/317217l.jpg
3972,Maid-san Over 30,,メイドさんOVER30,Manga,15,,2015,https://cdn.myanimelist.net/images/manga/2/342163l.jpg
3972,Ningyou no Asa,,人形のアサ,One-shot,15,,2015,https://cdn.myanimelist.net/images/manga/2/299882l.jpg
3972,Tadashii Koubi no Susume,Perfect Matching Recommendation,正しい交尾のススメ,Manga,15,,2015,https://cdn.myanimelist.net/images/manga/3/330452l.jpg
3975,Kimi no Oppai wo Shaburitai,,きみのおっぱいをしゃぶりたい,Manga,14,,2015,https://cdn.myanimelist.net/images/manga/2/343349l.jpg
3975,Utsukushii Kaikeishi no Gosan,"Millionaire Dad, Nanny Needed!",美しい会計士の誤算,Manga,14,,2015,https://cdn.myanimelist.net/images/manga/3/290081l.jpg
3977,Tokimeki Tonight: Etou Ranze no Takarabako,,ときめきトゥナイト 江藤蘭世の宝箱,Manga,13,,2015,https://cdn.myanimelist.net/images/manga/1/333234l.jpg
3977,Tsuzuru: Me wo Akete Mieta Keshiki,,綴‐目を開けて見えた景色‐,Manga,13,,2015,https://cdn.myanimelist.net/images/manga/1/320413l.jpg
3977,Warudol,,ワルドル,Manga,13,,2015,https://cdn.myanimelist.net/images/manga/3/316429l.jpg
3980,Atami no Uchuujin,Alien In Atami & Other Stories,熱海の宇宙人,Manga,12,,2015,https://cdn.myanimelist.net/images/manga/1/341719l.jpg
3980,The Abandoned Empress Side Story,,버림 받은 황비 외전,Novel,12,,2015,https://cdn.myanimelist.net/images/manga/2/329319l.jpg
3982,Da Terror House,,ダ・テラーハウス,Manga,11,,2015,https://cdn.myanimelist.net/images/manga/3/337793l.jpg
3982,Deemo: Last Dream,,DEEMO -Last Dream-,Light Novel,11,,2015,https://cdn.myanimelist.net/images/manga/1/332497l.jpg
3982,Ren Wa Qi,,人娃契,Manhua,11,,2015,https://cdn.myanimelist.net/images/manga/3/321006l.jpg
3982,Sushiya no Kamisan: Uchiakebanashi,,寿司屋のかみさん うちあけ話,Manga,11,,2015,https://cdn.myanimelist.net/images/manga/3/342284l.jpg
3986,Kekkonshiki ga Owattara,To Have and to Hold,結婚式が終わったら,Manga,10,,2015,https://cdn.myanimelist.net/images/manga/1/296871l.jpg
3987,Alps no Shoujo Heidi,,アルプスの少女ハイジ,Manga,9,,2015,https://cdn.myanimelist.net/images/manga/1/347827l.jpg
3987,Sto:Rage: Keishichou Gankyuu Bunsekihan,Sto:Rage: Metropolitan Police Department Eye-Ball Investigation Team,ストレイジ―警視庁眼球分析班―,Manga,9,,2015,https://cdn.myanimelist.net/images/manga/3/335613l.jpg
3987,Warai da ne,,わらいだね,Manga,9,,2015,https://cdn.myanimelist.net/images/manga/1/295590l.jpg
3990,I'm Not Drunk,I'm Not Drunk,나 안 취했어,Manhwa,8,,2015,https://cdn.myanimelist.net/images/manga/1/342933l.jpg
3991,Ringo Saiban,Apple Judgment,林檎裁判,Manga,7,,2015,https://cdn.myanimelist.net/images/manga/1/349561l.jpg
3991,Shousetsu Nisoku Hokou,,小説 二息歩行,Light Novel,7,,2015,https://cdn.myanimelist.net/images/manga/3/340673l.jpg
3993,Katakoi Mitsugetsu,,片恋蜜月,Light Novel,6,,2015,https://cdn.myanimelist.net/images/manga/3/339876l.jpg
3993,Mamotte Shugogetten! Kaifuu no Shou,,まもって守護月天! 解封の章,Manga,6,,2015,https://cdn.myanimelist.net/images/manga/3/347274l.jpg
3993,Radio Lady,,Radio Lady,Manga,6,,2015,https://cdn.myanimelist.net/images/manga/2/348121l.jpg
