rank,title,title_english,title_japanese,type,members,score,year,image_url
1,Mikkakan no Koufuku,Three Days of Happiness,三日間の幸福,Novel,45511,8.91,2013,https://cdn.myanimelist.net/images/manga/3/248674l.jpg
2,Koe no Katachi,A Silent Voice,聲の形,Manga,295323,8.86,2013,https://cdn.myanimelist.net/images/manga/1/120529l.jpg
3,ReLIFE,ReLIFE,ReLIFE,Manga,178314,8.63,2013,https://cdn.myanimelist.net/images/manga/2/171573l.jpg
4,Tobaku Datenroku Kaiji: One Poker-hen,,賭博堕天録カイジ ワン・ポーカー編,Manga,12392,8.62,2013,https://cdn.myanimelist.net/images/manga/3/311934l.jpg
5,Kono Subarashii Sekai ni Shukufuku wo!,Konosuba: God's Blessing on This Wonderful World!,この素晴らしい世界に祝福を！,Light Novel,60546,8.61,2013,https://cdn.myanimelist.net/images/manga/1/174932l.jpg
6,Wind Breaker,Wind Breaker,윈드 브레이커,Manhwa,68551,8.56,2013,https://cdn.myanimelist.net/images/manga/1/189563l.jpg
7,Blue Giant,Blue Giant,BLUE GIANT,Manga,29000,8.53,2013,https://cdn.myanimelist.net/images/manga/1/148869l.jpg
8,Given,Given,ギヴン,Manga,72386,8.49,2013,https://cdn.myanimelist.net/images/manga/1/172497l.jpg
9,Shiori Experience: Jimi na Watashi to Hen na Ojisan,,SHIORI EXPERIENCE ～ジミなわたしとヘンなおじさん～,Manga,24808,8.47,2013,https://cdn.myanimelist.net/images/manga/2/151902l.jpg
10,Youjo Senki,The Saga of Tanya the Evil,幼女戦記,Light Novel,27521,8.46,2013,https://cdn.myanimelist.net/images/manga/2/155214l.jpg
11,Tomodachi Game,Tomodachi Game,トモダチゲーム,Manga,98839,8.35,2013,https://cdn.myanimelist.net/images/manga/1/302138l.jpg
12,Mushishi Tokubetsu-hen: Hihamukage,,蟲師 特別篇「日蝕む翳」,Manga,7033,8.34,2013,https://cdn.myanimelist.net/images/manga/2/123403l.jpg
13,Mahoutsukai no Yome,The Ancient Magus' Bride,魔法使いの嫁,Manga,99543,8.33,2013,https://cdn.myanimelist.net/images/manga/3/121263l.jpg
14,Gekijouban Gintama: Kanketsu-hen - Yorozuya yo Eien Nare,,劇場版 銀魂 完結篇 万事屋よ永遠なれ,Light Novel,1915,8.31,2013,https://cdn.myanimelist.net/images/manga/2/160222l.jpg
15,Dungeon ni Deai wo Motomeru no wa Machigatteiru Darou ka,Is It Wrong to Try to Pick Up Girls in a Dungeon?,ダンジョンに出会いを求めるのは間違っているだろうか,Light Novel,32129,8.26,2013,https://cdn.myanimelist.net/images/manga/1/186978l.jpg
15,Hai to Gensou no Grimgar,Grimgar of Fantasy and Ash,灰と幻想のグリムガル,Light Novel,24992,8.26,2013,https://cdn.myanimelist.net/images/manga/2/174954l.jpg
17,Kaichou wa Maid-sama!: Marriage,,会長はメイド様！マリアージュ,Manga,19593,8.25,2013,https://cdn.myanimelist.net/images/manga/2/210825l.jpg
18,Koimonogatari,Koimonogatari: Love Stories,こいものがたり,Manga,16765,8.23,2013,https://cdn.myanimelist.net/images/manga/2/211855l.jpg
19,xxxHOLiC: Rei,xxxHOLiC Rei,xxxHOLiC・戻,Manga,15439,8.21,2013,https://cdn.myanimelist.net/images/manga/2/243539l.jpg
20,Innocent,Innocent,イノサン,Manga,74310,8.2,2013,https://cdn.myanimelist.net/images/manga/1/275351l.jpg
21,Cheese in the Trap Season 3,Cheese in the Trap Season 3,치즈인더트랩 시즌3,Manhwa,11422,8.19,2013,https://cdn.myanimelist.net/images/manga/3/204020l.jpg
22,Blue Sky Complex,Blue Sky Complex,ブルースカイコンプレックス,Manga,16281,8.18,2013,https://cdn.myanimelist.net/images/manga/1/265105l.jpg
23,Fukigen na Mononokean,The Morose Mononokean,不機嫌なモノノケ庵,Manga,14808,8.16,2013,https://cdn.myanimelist.net/images/manga/3/130743l.jpg
23,Shingeki no Kyojin: Kuinaki Sentaku,Attack on Titan: No Regrets,進撃の巨人 悔いなき選択,Manga,55696,8.16,2013,https://cdn.myanimelist.net/images/manga/1/121101l.jpg
25,Amaama to Inazuma,Sweetness and Lightning,甘々と稲妻,Manga,28287,8.15,2013,https://cdn.myanimelist.net/images/manga/3/188833l.jpg
25,Hidamari ga Kikoeru,I Hear the Sunspot,ひだまりが聴こえる,Manga,36688,8.15,2013,https://cdn.myanimelist.net/images/manga/1/186753l.jpg
27,Gekijouban Mahou Shoujo Madoka★Magica: Shinpen - Hangyaku no Monogatari,Puella Magi Madoka★Magica: The Movie - Rebellion,劇場版 魔法少女まどか★マギカ [新編] 叛逆の物語,Manga,9251,8.13,2013,https://cdn.myanimelist.net/images/manga/3/107535l.jpg
28,Magi: Sinbad no Bouken,Magi: The Adventures of Sinbad,マギ シンドバッドの冒険,Manga,39155,8.12,2013,https://cdn.myanimelist.net/images/manga/3/209406l.jpg
29,Baraou no Souretsu,Requiem of the Rose King,薔薇王の葬列,Manga,22796,8.11,2013,https://cdn.myanimelist.net/images/manga/1/262927l.jpg
30,Karakai Jouzu no Takagi-san,Teasing Master Takagi-san,からかい上手の高木さん,Manga,85911,8.09,2013,https://cdn.myanimelist.net/images/manga/3/136045l.jpg
31,Hitoribocchi no ○○ Seikatsu,,ひとりぼっちの○○生活,Manga,26532,8.08,2013,https://cdn.myanimelist.net/images/manga/3/173131l.jpg
32,Colette wa Shinu Koto ni Shita,Colette Decides to Die,コレットは死ぬことにした,Manga,15001,8.05,2013,https://cdn.myanimelist.net/images/manga/3/269712l.jpg
32,"Owari no Seraph: Ichinose Guren, 16-sai no Catastrophe",Seraph of the End: Guren Ichinose - Catastrophe at Sixteen,終わりのセラフ 一瀬グレン、16歳の破滅〈カタストロフィ〉,Light Novel,9480,8.05,2013,https://cdn.myanimelist.net/images/manga/2/205755l.jpg
32,Tanaka-kun wa Itsumo Kedaruge,Tanaka-kun Is Always Listless,田中くんはいつもけだるげ,Manga,31518,8.05,2013,https://cdn.myanimelist.net/images/manga/2/125893l.jpg
35,Nekota no Koto ga Kininatte Shikatanai.,,猫田のことが気になって仕方ない。,Manga,12637,8.04,2013,https://cdn.myanimelist.net/images/manga/3/185397l.jpg
36,Danganronpa Kirigiri,,ダンガンロンパ霧切,Light Novel,6024,8.02,2013,https://cdn.myanimelist.net/images/manga/3/107919l.jpg
36,Tokyo Ghoul,Tokyo Ghoul,東京喰種トーキョーグール,Light Novel,16565,8.02,2013,https://cdn.myanimelist.net/images/manga/3/194456l.jpg
38,Chichikogusa,,ちちこぐさ,Manga,7749,8.01,2013,https://cdn.myanimelist.net/images/manga/3/96283l.jpg
39,Jitsu wa Watashi wa,"My Monster Secret: ""Actually, I am...""",実は私は,Manga,54295,7.98,2013,https://cdn.myanimelist.net/images/manga/3/191399l.jpg
40,Rakudai Kishi no Cavalry,Chivalry of a Failed Knight,落第騎士の英雄譚《キャバルリィ》,Light Novel,19141,7.97,2013,https://cdn.myanimelist.net/images/manga/2/157992l.jpg
40,Saenai Heroine no Sodatekata: Koisuru Metronome,,冴えない彼女〈ヒロイン〉の育てかた 恋するメトロノーム,Manga,12702,7.97,2013,https://cdn.myanimelist.net/images/manga/2/150334l.jpg
40,Tsuki ga Michibiku Isekai Douchuu,Tsukimichi: Moonlit Fantasy,月が導く異世界道中,Light Novel,11593,7.97,2013,https://cdn.myanimelist.net/images/manga/3/158263l.jpg
43,Arte,Arte,アルテ,Manga,15914,7.96,2013,https://cdn.myanimelist.net/images/manga/3/131495l.jpg
44,Skill of Lure,,유혹의 기술,Manhwa,22296,7.94,2013,https://cdn.myanimelist.net/images/manga/2/155593l.jpg
44,Sword Art Online: Progressive,Sword Art Online: Progressive,ソードアート・オンライン プログレッシブ,Manga,22728,7.94,2013,https://cdn.myanimelist.net/images/manga/2/164933l.jpg
46,New Game!,New Game!,NEW GAME!,Manga,25019,7.93,2013,https://cdn.myanimelist.net/images/manga/3/117451l.jpg
47,Namaikizakari.,Cheeky Brat,なまいきざかり。,Manga,83784,7.92,2013,https://cdn.myanimelist.net/images/manga/1/128825l.jpg
48,Tate no Yuusha no Nariagari,The Rising of the Shield Hero,盾の勇者の成り上がり,Light Novel,48613,7.91,2013,https://cdn.myanimelist.net/images/manga/3/115755l.jpg
49,Sousei no Onmyouji,Twin Star Exorcists,双星の陰陽師,Manga,58567,7.89,2013,https://cdn.myanimelist.net/images/manga/2/188935l.jpg
50,Donten ni Warau Gaiden,,曇天に笑う 外伝,Manga,5845,7.87,2013,https://cdn.myanimelist.net/images/manga/2/190626l.jpg
50,Kobayashi-san Chi no Maid Dragon,Miss Kobayashi's Dragon Maid,小林さんちのメイドラゴン,Manga,49247,7.87,2013,https://cdn.myanimelist.net/images/manga/3/138919l.jpg
50,Les Misérables,Les Misérables,LES MISERABLES レ・ミゼラブル,Manga,3140,7.87,2013,https://cdn.myanimelist.net/images/manga/3/109201l.jpg
53,Kamisama ga Uso wo Tsuku.,The Gods Lie.,神様がうそをつく。,Manga,64141,7.86,2013,https://cdn.myanimelist.net/images/manga/1/143365l.jpg
54,Kasane,Kasane,累－かさね－,Manga,38002,7.85,2013,https://cdn.myanimelist.net/images/manga/3/161524l.jpg
54,Nanbaka,Nanbaka,ナンバカ,Manga,9938,7.85,2013,https://cdn.myanimelist.net/images/manga/2/166984l.jpg
54,Rengoku ni Warau,,煉獄に笑う,Manga,5692,7.85,2013,https://cdn.myanimelist.net/images/manga/5/124315l.jpg
54,Ten Count,Ten Count,テンカウント,Manga,60565,7.85,2013,https://cdn.myanimelist.net/images/manga/2/159479l.jpg
58,High☆Speed!,,ハイ☆スピード!,Light Novel,4470,7.84,2013,https://cdn.myanimelist.net/images/manga/1/97365l.jpg
58,Joou to Shitateya,Queen and the tailor,女王と仕立て屋,Manga,8710,7.84,2013,https://cdn.myanimelist.net/images/manga/1/186508l.jpg
58,Kamisama no Iutoori 2,As the Gods Will: The Second Series,神さまの言うとおり弐,Manga,23886,7.84,2013,https://cdn.myanimelist.net/images/manga/1/187899l.jpg
58,Kenrantaru Grande Scène,La Magnifique Grande Scène,絢爛たるグランドセーヌ,Manga,3781,7.84,2013,https://cdn.myanimelist.net/images/manga/1/119683l.jpg
58,World Trigger,World Trigger,ワールドトリガー,Manga,53362,7.84,2013,https://cdn.myanimelist.net/images/manga/1/187850l.jpg
63,No Game No Life,"No Game, No Life",ノーゲーム・ノーライフ,Manga,32232,7.83,2013,https://cdn.myanimelist.net/images/manga/2/209665l.jpg
63,Oushitsu Kyoushi Heine,The Royal Tutor,王室教師ハイネ,Manga,7058,7.83,2013,https://cdn.myanimelist.net/images/manga/3/130353l.jpg
63,Umibe no Étranger,Seaside Stranger: Umibe no Etranger,海辺のエトランゼ,Manga,39912,7.83,2013,https://cdn.myanimelist.net/images/manga/2/134281l.jpg
66,Mahouka Koukou no Rettousei: Kyuukousen-hen,,魔法科高校の劣等生 九校戦編,Manga,8679,7.82,2013,https://cdn.myanimelist.net/images/manga/3/120979l.jpg
67,Gekijouban Steins;Gate: Fuka Ryouiki no Déjà vu,,劇場版 STEINS；GATE 負荷領域のデジャヴ,Manga,2916,7.81,2013,https://cdn.myanimelist.net/images/manga/3/108051l.jpg
67,Hibike! Euphonium,Sound! Euphonium,響け！ユーフォニアム,Novel,2036,7.81,2013,https://cdn.myanimelist.net/images/manga/1/230762l.jpg
67,Majo no Ie: Ellen no Nikki,The Witch's House: The Diary of Ellen,魔女の家 エレンの日記,Light Novel,1599,7.81,2013,https://cdn.myanimelist.net/images/manga/2/150605l.jpg
70,Dame na Watashi ni Koishite Kudasai,,ダメな私に恋してください,Manga,25802,7.8,2013,https://cdn.myanimelist.net/images/manga/1/163578l.jpg
71,Kuroneko Kareshi no Aishikata,,クロネコ彼氏の愛し方,Manga,9166,7.79,2013,https://cdn.myanimelist.net/images/manga/4/135051l.jpg
71,Shinohayu: The Dawn of Age,,シノハユ the dawn of age,Manga,1743,7.79,2013,https://cdn.myanimelist.net/images/manga/1/110173l.jpg
73,Kuroneko Kareshi no Amaekata,,クロネコ彼氏の甘え方,Manga,9690,7.78,2013,https://cdn.myanimelist.net/images/manga/2/100763l.jpg
73,Sankaku Mado no Sotogawa wa Yoru,The Night Beyond the Tricornered Window,さんかく窓の外側は夜,Manga,5535,7.78,2013,https://cdn.myanimelist.net/images/manga/2/116395l.jpg
75,Arslan Senki,The Heroic Legend of Arslan,アルスラーン戦記,Manga,25657,7.76,2013,https://cdn.myanimelist.net/images/manga/2/149815l.jpg
75,Bambi to Dhole,,バンビとドール,Manga,9288,7.76,2013,https://cdn.myanimelist.net/images/manga/1/159376l.jpg
75,Paradise View,,パラダイス・ビュー,Manga,2932,7.76,2013,https://cdn.myanimelist.net/images/manga/3/116681l.jpg
78,Durarara!! Koukinzoku-hen,Durarara!! Yellow Scarves Arc,デュラララ!! 黄巾賊編,Manga,4220,7.75,2013,https://cdn.myanimelist.net/images/manga/3/149952l.jpg
78,Love Revolution,,연애혁명,Manhwa,2682,7.75,2013,https://cdn.myanimelist.net/images/manga/2/297630l.jpg
78,Out of Control,Out of Control,이해불능,Manhwa,6048,7.75,2013,https://cdn.myanimelist.net/images/manga/2/259594l.jpg
78,ReRe Hello,,ReReハロ,Manga,19238,7.75,2013,https://cdn.myanimelist.net/images/manga/1/183754l.jpg
82,Natsume Yuujinchou,,小説・夏目友人帳,Light Novel,1857,7.74,2013,https://cdn.myanimelist.net/images/manga/1/98121l.jpg
83,Gabriel DropOut,Gabriel DropOut,ガヴリールドロップアウト,Manga,17216,7.72,2013,https://cdn.myanimelist.net/images/manga/2/263106l.jpg
83,Girls & Panzer: Motto Love Love Sakusen desu!,,ガールズ＆パンツァー もっとらぶらぶ作戦です!,Manga,2090,7.72,2013,https://cdn.myanimelist.net/images/manga/1/205711l.jpg
83,Kujira no Kora wa Sajou ni Utau,Children of the Whales,クジラの子らは砂上に歌う,Manga,20582,7.72,2013,https://cdn.myanimelist.net/images/manga/3/122289l.jpg
86,The New Gate,The New Gate,THE NEW GATE,Light Novel,7435,7.71,2013,https://cdn.myanimelist.net/images/manga/1/209213l.jpg
86,Yamada to Shounen,Yamada and the Boy,山田と少年,Manga,8342,7.71,2013,https://cdn.myanimelist.net/images/manga/3/165493l.jpg
88,Shousetsu Kotonoha no Niwa,The Garden of Words,小説 言の葉の庭,Novel,623,7.7,2013,https://cdn.myanimelist.net/images/manga/1/265836l.jpg
89,Bloody†Mary,Bloody Mary,ブラッディ†メアリー,Manga,10112,7.69,2013,https://cdn.myanimelist.net/images/manga/2/130979l.jpg
90,Psycho-Pass,,PSYCHO-PASS サイコパス,Light Novel,2557,7.68,2013,https://cdn.myanimelist.net/images/manga/3/118865l.jpg
91,Ano Ko ni Kiss to Shirayuri wo,Kiss and White Lily for My Dearest Girl,あの娘にキスと白百合を,Manga,14357,7.67,2013,https://cdn.myanimelist.net/images/manga/1/139603l.jpg
91,Days,Days,DAYS,Manga,11125,7.67,2013,https://cdn.myanimelist.net/images/manga/3/164463l.jpg
91,Koudai-ke no Hitobito,,高台家の人々,Manga,3732,7.67,2013,https://cdn.myanimelist.net/images/manga/1/126855l.jpg
91,Salty Studio,Salty Studio,스튜디오 짭쪼롬,Manhwa,3926,7.67,2013,https://cdn.myanimelist.net/images/manga/1/171278l.jpg
95,Chichi to Ko,Father and Son,ちちとこ,Manga,3839,7.66,2013,https://cdn.myanimelist.net/images/manga/2/132857l.jpg
95,Fushigi no Kuni no Bird,Isabella Bird in Wonderland: Unbeaten Tracks in Japan,ふしぎの国のバード,Manga,3673,7.66,2013,https://cdn.myanimelist.net/images/manga/3/157913l.jpg
95,High School DxD: Akuma no Oshigoto,,ハイスクールD×D アクマのおしごと,Manga,2186,7.66,2013,https://cdn.myanimelist.net/images/manga/2/168982l.jpg
95,Steins;Gate: Heiji Kyokusen no Epigraph,,STEINS;GATE 閉時曲線のエピグラフ,Manga,2210,7.66,2013,https://cdn.myanimelist.net/images/manga/1/121181l.jpg
99,K: Days of Blue,,K デイズ・オブ・ブルー,Manga,4131,7.65,2013,https://cdn.myanimelist.net/images/manga/1/129641l.jpg
100,Tales of the Unusual,Tales of the Unusual,기기괴괴,Manhwa,3720,7.64,2013,https://cdn.myanimelist.net/images/manga/1/229435l.jpg
100,Yahari 4-koma demo Ore no Seishun Love Comedy wa Machigatteiru.,,やはり4コマでも俺の青春ラブコメはまちがっている。,Manga,2311,7.64,2013,https://cdn.myanimelist.net/images/manga/3/138455l.jpg
102,Clockwork Planet,Clockwork Planet,クロックワーク・プラネット,Light Novel,5335,7.63,2013,https://cdn.myanimelist.net/images/manga/3/132635l.jpg
102,Kamisama no Iutoori.,Say Yes to My God,神さまの言うとおり。,Manga,6368,7.63,2013,https://cdn.myanimelist.net/images/manga/2/167969l.jpg
102,"Mahou Shoujo Tart★Magica: The Legend of ""Jeanne d'Arc""","Puella Magi Tart★Magica: The Legend of ""Jeanne d'Arc""","魔法少女たると★マギカ The Legend of ""Jeanne d'Arc""",Manga,3402,7.63,2013,https://cdn.myanimelist.net/images/manga/1/191170l.jpg
105,Murciélago,Murciélago,MURCIÉLAGO,Manga,28535,7.62,2013,https://cdn.myanimelist.net/images/manga/1/123541l.jpg
105,My Beautiful World,My Beautiful World,나의 빛나는 세계,Manhwa,3917,7.62,2013,https://cdn.myanimelist.net/images/manga/1/151887l.jpg
107,Masamune-kun no Revenge,Masamune-kun's Revenge,政宗くんのリベンジ,Light Novel,5263,7.61,2013,https://cdn.myanimelist.net/images/manga/2/293826l.jpg
107,Senyuu.: Main Quest Dai-1 Shou,,戦勇。メインクエスト第一章,Manga,1114,7.61,2013,https://cdn.myanimelist.net/images/manga/2/125957l.jpg
107,Shall we Have Dinner Tonight?,Shall We Have Dinner Tonight?,저녁 같이 드실래요?,Manhwa,4420,7.61,2013,https://cdn.myanimelist.net/images/manga/2/180894l.jpg
107,YataMomo,YataMomo,やたもも,Manga,11809,7.61,2013,https://cdn.myanimelist.net/images/manga/2/155664l.jpg
111,Amagi Brilliant Park,Amagi Brilliant Park,甘城ブリリアントパーク,Light Novel,5353,7.6,2013,https://cdn.myanimelist.net/images/manga/3/175109l.jpg
111,Dungeon ni Deai wo Motomeru no wa Machigatteiru Darou ka,Is It Wrong to Try to Pick Up Girls in a Dungeon?,ダンジョンに出会いを求めるのは間違っているだろうか,Manga,41826,7.6,2013,https://cdn.myanimelist.net/images/manga/2/121555l.jpg
113,ACCA: 13-ku Kansatsu-ka,ACCA: 13-Territory Inspection Department,ACCA13区監察課,Manga,5288,7.59,2013,https://cdn.myanimelist.net/images/manga/3/108733l.jpg
113,"Ashita, Boku wa Shinu. Kimi wa Ikikaeru.","Tomorrow, I will die. You will revive.",明日、ボクは死ぬ。キミは生き返る。,Light Novel,1766,7.59,2013,https://cdn.myanimelist.net/images/manga/2/195032l.jpg
113,Kotonoha no Niwa,The Garden of Words,言の葉の庭,Manga,14899,7.59,2013,https://cdn.myanimelist.net/images/manga/4/128633l.jpg
113,Mokushiroku Alice,Apocalypse Alice,黙示録アリス,Light Novel,2160,7.59,2013,https://cdn.myanimelist.net/images/manga/2/177137l.jpg
113,Tamayura,,玉響,Manga,3154,7.59,2013,https://cdn.myanimelist.net/images/manga/1/130425l.jpg
113,Ubume no Natsu,,姑獲鳥の夏,Manga,3406,7.59,2013,https://cdn.myanimelist.net/images/manga/1/120947l.jpg
119,Captain Tsubasa: Rising Sun,,キャプテン翼 ライジングサン,Manga,1694,7.58,2013,https://cdn.myanimelist.net/images/manga/1/125043l.jpg
119,Devils Line,Devils' Line,デビルズライン,Manga,23523,7.58,2013,https://cdn.myanimelist.net/images/manga/1/167817l.jpg
119,Soredemo Boku wa Kimi ga Suki,Forget Me Not,それでも僕は君が好き,Manga,17093,7.58,2013,https://cdn.myanimelist.net/images/manga/1/151925l.jpg
122,Hidoku Shinaide dj - Onsen Flag Kaishuu!!,,酷くしないで おんせんフラグ回収!!,Doujinshi,2162,7.57,2013,https://cdn.myanimelist.net/images/manga/2/154994l.jpg
123,Handa-kun,Handa-kun,はんだくん,Manga,17929,7.56,2013,https://cdn.myanimelist.net/images/manga/1/137793l.jpg
124,Endou-kun no Jikken Note,,えんどうくんの実験ノート,Manga,3439,7.55,2013,https://cdn.myanimelist.net/images/manga/4/197879l.jpg
124,Haru wo Daiteita: Alive,,春を抱いていた ALIVE,Manga,1054,7.55,2013,https://cdn.myanimelist.net/images/manga/2/118463l.jpg
126,Ani no Hanashi,,兄の話,Manga,1249,7.54,2013,https://cdn.myanimelist.net/images/manga/1/213975l.jpg
126,Itoshi no Karin,Karin who I think tenderly of,愛しの花凛,Manga,14628,7.54,2013,https://cdn.myanimelist.net/images/manga/1/202211l.jpg
126,Kigurumi Guardians,Kigurumi Guardians,きぐるみ防衛隊〈ガーディアンズ〉,Manga,6211,7.54,2013,https://cdn.myanimelist.net/images/manga/2/286582l.jpg
126,Ma no Kakera,Fragments of Horror,魔の断片,Manga,24932,7.54,2013,https://cdn.myanimelist.net/images/manga/2/138905l.jpg
126,Momochi-san Chi no Ayakashi Ouji,The Demon Prince of Momochi House,百千さん家のあやかし王子,Manga,17463,7.54,2013,https://cdn.myanimelist.net/images/manga/2/153291l.jpg
126,Owaranai Fukou ni Tsuite no Hanashi,The Story of Never Ending Unhappiness,終わらない不幸についての話,Manga,6235,7.54,2013,https://cdn.myanimelist.net/images/manga/2/165102l.jpg
126,Pandemonium: Majutsushi no Mura,,Pandemonium -魔術師の村-,Manga,8834,7.54,2013,https://cdn.myanimelist.net/images/manga/2/114895l.jpg
133,Fate/Extra CCC: Fox Tail,,Fate/EXTRA CCC FoxTail,Manga,4255,7.53,2013,https://cdn.myanimelist.net/images/manga/2/120387l.jpg
133,Hatarakanai Futari,,働かないふたり,Manga,6791,7.53,2013,https://cdn.myanimelist.net/images/manga/3/277293l.jpg
133,ib: Instant Bullet,,ib -インスタントバレット-,Manga,27999,7.53,2013,https://cdn.myanimelist.net/images/manga/1/253199l.jpg
136,Katekyo! dj - Milk Soda,,Milk Soda,Doujinshi,2087,7.52,2013,https://cdn.myanimelist.net/images/manga/3/105613l.jpg
136,Kyou no Cerberus,Today's Cerberus,今日のケルベロス,Manga,19038,7.52,2013,https://cdn.myanimelist.net/images/manga/3/115893l.jpg
136,Tamako Market,,たまこまーけっと,Light Novel,1611,7.52,2013,https://cdn.myanimelist.net/images/manga/3/109537l.jpg
139,Choujigen Game Neptune: The Animation - Hello New World,,超次元ゲイム ネプテューヌ THE ANIMATION はろーにゅーわーるど,Manga,2090,7.51,2013,https://cdn.myanimelist.net/images/manga/1/120045l.jpg
139,Magika no Kenshi to Basileus,,魔技科の剣士と召喚魔王〈ヴァシレウス〉,Light Novel,4208,7.51,2013,https://cdn.myanimelist.net/images/manga/2/200207l.jpg
139,Saijaku Muhai no Bahamut,Undefeated Bahamut Chronicle,最弱無敗の神装機竜《バハムート》,Light Novel,4861,7.51,2013,https://cdn.myanimelist.net/images/manga/2/175077l.jpg
139,Shingeki no Kyojin: Kuinaki Sentaku - Full Color Kanzenban,Attack on Titan: No Regrets - Complete Color Edition,進撃の巨人 悔いなき選択 フルカラー完全版,Manga,7231,7.51,2013,https://cdn.myanimelist.net/images/manga/2/266616l.jpg
139,Watashi ga Motete Dousunda,"Kiss Him, Not Me",私がモテてどうすんだ,Manga,53422,7.51,2013,https://cdn.myanimelist.net/images/manga/1/206834l.jpg
144,Flow,Flow,플로우,Manhwa,6495,7.5,2013,https://cdn.myanimelist.net/images/manga/3/216590l.jpg
144,Futsutsukamono no Ani desu ga,My Brother the Shut-in,ふつつか者の兄ですが,Manga,3154,7.5,2013,https://cdn.myanimelist.net/images/manga/2/165068l.jpg
144,Kuro Hakushaku wa Hoshi wo Mederu,,黒伯爵は星を愛でる,Manga,6371,7.5,2013,https://cdn.myanimelist.net/images/manga/1/209956l.jpg
144,Nagi no Asu kara,,凪のあすから,Manga,4256,7.5,2013,https://cdn.myanimelist.net/images/manga/1/103479l.jpg
144,Senyuu.: Alba/Ross-hen - Minato Machi no Eiyuu,,戦勇。アルバ・ロス編「港町の英雄」,Manga,814,7.5,2013,https://cdn.myanimelist.net/images/manga/2/121559l.jpg
144,Vampire Knight: Memories,Vampire Knight: Memories,ヴァンパイア騎士〈ナイト〉 memories,Manga,8372,7.5,2013,https://cdn.myanimelist.net/images/manga/2/340702l.jpg
150,Aru Yoru.,NightS: Another Night,或る夜,Doujinshi,1876,7.49,2013,https://cdn.myanimelist.net/images/manga/1/288333l.jpg
150,Koi nanka Shitakunai,I don't want to love,恋なんかしたくない,Manga,3588,7.49,2013,https://cdn.myanimelist.net/images/manga/1/160803l.jpg
150,Koisuru Harinezumi,A Hedgehog in Love,恋するハリネズミ,Manga,14125,7.49,2013,https://cdn.myanimelist.net/images/manga/1/268775l.jpg
150,Shakunetsu no Takkyuu Musume,,灼熱の卓球娘,Manga,1539,7.49,2013,https://cdn.myanimelist.net/images/manga/3/174705l.jpg
154,Chikyuu Umare no Anata e,To you of earth-born,地球生まれのあなたへ,Manga,1918,7.48,2013,https://cdn.myanimelist.net/images/manga/1/147605l.jpg
154,Fukumenkei Noise,Anonymous Noise,覆面系ノイズ,Manga,17109,7.48,2013,https://cdn.myanimelist.net/images/manga/3/175909l.jpg
156,Hatsukoi wa Gunjou ni Tokeru,The First Love Melt in Ultramarine,初恋は群青に溶ける,Manga,2302,7.47,2013,https://cdn.myanimelist.net/images/manga/2/165505l.jpg
156,Magi: Sinbad no Bouken - Prototype,,マギ シンドバッドの冒険 ～プロトタイプ～,Manga,4240,7.47,2013,https://cdn.myanimelist.net/images/manga/2/104553l.jpg
156,Mahouka Koukou no Rettousei: Yokohama Souran-hen,,魔法科高校の劣等生 横浜騒乱編,Manga,4886,7.47,2013,https://cdn.myanimelist.net/images/manga/2/120977l.jpg
156,Sankarea: All Night Rea Long,,さんかれあ おーる・ないとれあ・ろんぐ,Light Novel,1828,7.47,2013,https://cdn.myanimelist.net/images/manga/1/126653l.jpg
156,"Yoake ni Furu,",,夜明けにふる、,Manga,2792,7.47,2013,https://cdn.myanimelist.net/images/manga/2/231420l.jpg
156,Yuusha Gojo Kumiai Kouryuugata Keijiban,,勇者互助組合 交流型掲示板,Manga,2776,7.47,2013,https://cdn.myanimelist.net/images/manga/3/186476l.jpg
162,Hanebado!,,はねバド!,Manga,6548,7.46,2013,https://cdn.myanimelist.net/images/manga/3/135083l.jpg
162,"Kantai Collection 4-koma Comic: Fubuki, Ganbarimasu!",,艦隊これくしょん -艦これ- 4コマコミック 吹雪、がんばります!,Manga,1524,7.46,2013,https://cdn.myanimelist.net/images/manga/1/108365l.jpg
162,Samishigariya no Love Letter,,さみしがりやのラブレター,Manga,3326,7.46,2013,https://cdn.myanimelist.net/images/manga/1/163348l.jpg
162,UQ Holder!,UQ Holder!,UQ HOLDER!,Manga,54867,7.46,2013,https://cdn.myanimelist.net/images/manga/1/112577l.jpg
166,Bread & Butter,,Bread&Butter,Manga,3216,7.45,2013,https://cdn.myanimelist.net/images/manga/2/127553l.jpg
166,K: The First,,K ―THE FIRST―,Manga,4027,7.45,2013,https://cdn.myanimelist.net/images/manga/1/170852l.jpg
166,Nemuri Otoko to Koi Otoko,A sleeping man and a loving man,眠り男と恋男,Manga,3293,7.45,2013,https://cdn.myanimelist.net/images/manga/2/169580l.jpg
166,Warui Ouji demo Suki,,ワルイ王子でもスキ,Manga,4110,7.45,2013,https://cdn.myanimelist.net/images/manga/2/136007l.jpg
170,Akame ga Kill! Zero,Akame ga Kill! Zero,アカメが斬る！零,Manga,34348,7.44,2013,https://cdn.myanimelist.net/images/manga/3/130745l.jpg
170,Date A Live: Tooka Dead End,,デート・ア・ライブ 十香デッドエンド,Manga,2332,7.44,2013,https://cdn.myanimelist.net/images/manga/3/121829l.jpg
170,Love Live! School Idol Diary,,ラブライブ! School idol diary,Light Novel,1798,7.44,2013,https://cdn.myanimelist.net/images/manga/3/104917l.jpg
170,Okobore Hime to Entaku no Kishi,,おこぼれ姫と円卓の騎士,Manga,8548,7.44,2013,https://cdn.myanimelist.net/images/manga/2/123693l.jpg
170,ReCollection,ReCollection,ReCollection,Manga,2280,7.44,2013,https://cdn.myanimelist.net/images/manga/2/169613l.jpg
170,Saenai Heroine no Sodatekata,How to Raise a Boring Girlfriend,冴えない彼女〈ヒロイン〉の育てかた,Manga,8707,7.44,2013,https://cdn.myanimelist.net/images/manga/1/182516l.jpg
170,Tong,,통,Manhwa,1144,7.44,2013,https://cdn.myanimelist.net/images/manga/1/222323l.jpg
170,Xun Zhao Qian Shi Zhi Lu,,寻找前世之旅,Manhua,770,7.44,2013,https://cdn.myanimelist.net/images/manga/1/197351l.jpg
178,Number Call,Number Call,ナンバーコール,Manga,6737,7.43,2013,https://cdn.myanimelist.net/images/manga/2/328917l.jpg
178,Qishi Huanxiang Ye,Knight Fantastic Night,骑士幻想夜,Manhua,1162,7.43,2013,https://cdn.myanimelist.net/images/manga/1/222763l.jpg
180,Birdmen,,BIRDMEN,Manga,10473,7.42,2013,https://cdn.myanimelist.net/images/manga/1/316704l.jpg
180,Knight's & Magic,Knight's & Magic,ナイツ&マジック,Light Novel,3672,7.42,2013,https://cdn.myanimelist.net/images/manga/3/175441l.jpg
180,Koukaku Kidoutai: Arise - Sleepless Eye,,攻殻機動隊ARISE～眠らない眼の男 Sleepless Eye～,Manga,1906,7.42,2013,https://cdn.myanimelist.net/images/manga/1/95927l.jpg
180,Marginal Operation,Marginal Operation,マージナル・オペレーション,Manga,5792,7.42,2013,https://cdn.myanimelist.net/images/manga/1/174841l.jpg
180,Monster Petite Panic,,モンスターぷちパニック,Manga,4578,7.42,2013,https://cdn.myanimelist.net/images/manga/3/152421l.jpg
180,Psycome,Psycome,サイコメ,Light Novel,8443,7.42,2013,https://cdn.myanimelist.net/images/manga/3/158572l.jpg
180,Toaru Majutsu no Index Gaiden: Toaru Kagaku no Accelerator,A Certain Scientific Accelerator,とある魔術の禁書目録外伝 とある科学の一方通行〈アクセラレータ〉,Manga,11526,7.42,2013,https://cdn.myanimelist.net/images/manga/1/251278l.jpg
180,Zai x 10,,罪×10 (じゅうざい),Manga,6359,7.42,2013,https://cdn.myanimelist.net/images/manga/3/122803l.jpg
188,Boku Girl,,ボクガール,Manga,49077,7.41,2013,https://cdn.myanimelist.net/images/manga/1/188806l.jpg
188,Ikinari! Harem Life,,いきなり！ハーレムライフ,Manga,2852,7.41,2013,https://cdn.myanimelist.net/images/manga/1/130357l.jpg
188,Shingeki no Kyojin: Before the Fall,Attack on Titan: Before the Fall,進撃の巨人 Before the fall,Manga,44162,7.41,2013,https://cdn.myanimelist.net/images/manga/2/128683l.jpg
188,The Moon That Rises in the Day,,낮에 뜨는 달,Manhwa,1712,7.41,2013,https://cdn.myanimelist.net/images/manga/3/223704l.jpg
188,Tsubasa to Hotaru,,つばさとホタル,Manga,15029,7.41,2013,https://cdn.myanimelist.net/images/manga/1/168284l.jpg
193,Boku no Yamanoue Mura Haramase Nikki,Pregnancy Diary,僕の山ノ上村日記,Manga,2063,7.4,2013,https://cdn.myanimelist.net/images/manga/2/150890l.jpg
193,Fukouchuu no Shiawase,,不幸中のしあわせ,Manga,3764,7.4,2013,https://cdn.myanimelist.net/images/manga/2/154651l.jpg
193,Haikyuu!! Shousetsu-ban!!,,ハイキュー!! ショーセツバン!!,Light Novel,1817,7.4,2013,https://cdn.myanimelist.net/images/manga/3/127767l.jpg
193,Jelly Beans,,Jelly Beans,Doujinshi,1781,7.4,2013,https://cdn.myanimelist.net/images/manga/3/122713l.jpg
193,Neko Para,,ネコぱら,Doujinshi,3282,7.4,2013,https://cdn.myanimelist.net/images/manga/1/115925l.jpg
193,Shuuen no Shiori,,終焉ノ栞,Light Novel,1327,7.4,2013,https://cdn.myanimelist.net/images/manga/3/87555l.jpg
193,Sumika Sumire,,スミカスミレ,Manga,3652,7.4,2013,https://cdn.myanimelist.net/images/manga/2/210988l.jpg
193,White Album 2: Yuki ga Tsumugu Senritsu,,WHITE ALBUM 2 雪が紡ぐ旋律,Light Novel,772,7.4,2013,https://cdn.myanimelist.net/images/manga/3/148287l.jpg
193,Yume Nikki: Anata no Yume ni Watashi wa Inai,Yume Nikki: I Am Not in Your Dream,ゆめにっき －あなたの夢に私はいない－,Light Novel,1708,7.4,2013,https://cdn.myanimelist.net/images/manga/2/101147l.jpg
202,Fate/kaleid liner Prisma☆Illya,,Fate/kaleid liner プリズマ☆イリヤ,Light Novel,1348,7.38,2013,https://cdn.myanimelist.net/images/manga/3/161426l.jpg
202,Hana wo Meshimase,Please Love Flowers,花を召しませ,Manga,5415,7.38,2013,https://cdn.myanimelist.net/images/manga/3/177903l.jpg
202,Keijo!!!!!!!!,,競女!!!!!!!!,Manga,14862,7.38,2013,https://cdn.myanimelist.net/images/manga/3/168393l.jpg
202,Shiyakusho,,死役所,Manga,2215,7.38,2013,https://cdn.myanimelist.net/images/manga/1/123553l.jpg
202,"Tokyo Ghoul: ""Jack""",Tokyo Ghoul [Jack],東京喰種－トーキョーグール－ [JACK],Manga,34674,7.38,2013,https://cdn.myanimelist.net/images/manga/3/134713l.jpg
207,Fate/Prototype: Sougin no Fragments,,Fate/Prototype 蒼銀のフラグメンツ,Light Novel,2436,7.37,2013,https://cdn.myanimelist.net/images/manga/1/139339l.jpg
207,Hanazono no Kioku,,花園の記憶,Manga,2190,7.37,2013,https://cdn.myanimelist.net/images/manga/2/106227l.jpg
207,Madoromi-chan ga Iku.,Go!Go! Madoromi-chan.,まどろみちゃんが行く。,Manga,6817,7.37,2013,https://cdn.myanimelist.net/images/manga/3/179934l.jpg
207,Slow Start,,スロウスタート,Manga,2769,7.37,2013,https://cdn.myanimelist.net/images/manga/2/157435l.jpg
207,Sonna Me de Mitekure,,そんな目で見てくれ,Manga,6756,7.37,2013,https://cdn.myanimelist.net/images/manga/1/158268l.jpg
212,Clockwork Planet,Clockwork Planet,クロックワーク・プラネット,Manga,11795,7.36,2013,https://cdn.myanimelist.net/images/manga/2/160737l.jpg
212,Himouto! Umaru-chan,Himouto! Umaru-chan,干物妹〈ひもうと〉! うまるちゃん,Manga,21735,7.36,2013,https://cdn.myanimelist.net/images/manga/2/204588l.jpg
212,Opapagoto,,オパパゴト,Manga,3455,7.36,2013,https://cdn.myanimelist.net/images/manga/1/147179l.jpg
212,Shin Seitokai no Ichizon,,新生徒会の一存,Manga,1111,7.36,2013,https://cdn.myanimelist.net/images/manga/3/98617l.jpg
216,Kindaichi Shounen no Jikenbo Returns,,金田一少年の事件簿R（リターンズ）,Manga,979,7.35,2013,https://cdn.myanimelist.net/images/manga/1/203492l.jpg
216,Monogatari Series Heroine Hon,,アニメ＜物語＞シリーズヒロイン本,Light Novel,1935,7.35,2013,https://cdn.myanimelist.net/images/manga/2/150485l.jpg
218,Ana no Mujina,,アナノムジナ,Manga,2471,7.34,2013,https://cdn.myanimelist.net/images/manga/2/154545l.jpg
218,Kidou Senshi Gundam 0083: Rebellion,,機動戦士ガンダム0083 REBELLION,Manga,853,7.34,2013,https://cdn.myanimelist.net/images/manga/2/117433l.jpg
218,Koinashi Ainashi,,恋なし愛なし,Manga,996,7.34,2013,https://cdn.myanimelist.net/images/manga/2/172130l.jpg
218,Mousou Elektel dj - Mousou Graffiti,,妄想グラフィティ,Doujinshi,1464,7.34,2013,https://cdn.myanimelist.net/images/manga/1/115453l.jpg
218,Museum,Museum,ミュージアム,Manga,9806,7.34,2013,https://cdn.myanimelist.net/images/manga/1/120621l.jpg
218,Ousama-tachi no Viking,Kings' Viking,王様達のヴァイキング KINGS' VIKING,Manga,3633,7.34,2013,https://cdn.myanimelist.net/images/manga/3/123741l.jpg
224,K Side:Black & White,,K SIDE:BLACK&WHITE,Light Novel,1806,7.33,2013,https://cdn.myanimelist.net/images/manga/3/91293l.jpg
224,Kare no Shousou to Koi ni Tsuite,About His Irritation and Love,彼の焦燥と恋について,Manga,3572,7.33,2013,https://cdn.myanimelist.net/images/manga/2/149914l.jpg
224,Sensei Kunshu,,センセイ君主,Manga,9344,7.33,2013,https://cdn.myanimelist.net/images/manga/2/199923l.jpg
224,Strange Dragon,,ストレンジ ドラゴン,Manga,6541,7.33,2013,https://cdn.myanimelist.net/images/manga/3/117393l.jpg
224,Suzumiya Haruhi Series: Atezuppo Numbers,,涼宮ハルヒシリーズ あてずっぽナンバーズ,Light Novel,808,7.33,2013,https://cdn.myanimelist.net/images/manga/2/123311l.jpg
229,Fujimi Lovers,Undead Lovers,不死身ラヴァーズ,Manga,8901,7.32,2013,https://cdn.myanimelist.net/images/manga/3/188784l.jpg
229,Gachinko Battle!!,,ガチンコバトル!!,Doujinshi,1049,7.32,2013,https://cdn.myanimelist.net/images/manga/2/90161l.jpg
229,Mononoke: Umibouzu,,モノノ怪-海坊主-,Manga,1338,7.32,2013,https://cdn.myanimelist.net/images/manga/3/155676l.jpg
229,Pandemonium,Pandemonium,ぱんでもにうむ,Manga,4279,7.32,2013,https://cdn.myanimelist.net/images/manga/2/167156l.jpg
229,Toumei Ningen no Koi,Invisible Girl in Love,透明人間の恋,Manga,2568,7.32,2013,https://cdn.myanimelist.net/images/manga/1/107299l.jpg
234,Aisopos,Aisopos,아이소포스,Manhwa,1667,7.31,2013,https://cdn.myanimelist.net/images/manga/3/182690l.jpg
234,Hamatora The Comic,,ハマトラ THE COMIC,Manga,5530,7.31,2013,https://cdn.myanimelist.net/images/manga/4/133589l.jpg
234,Hikidashi ni Terrarium,Terrarium in a Drawer,ひきだしにテラリウム,Manga,2794,7.31,2013,https://cdn.myanimelist.net/images/manga/2/145037l.jpg
234,Hyakuman-jou Labyrinth,,百万畳ラビリンス,Manga,5612,7.31,2013,https://cdn.myanimelist.net/images/manga/1/196858l.jpg
234,Kanojo ni Naru Hi,,彼女になる日,Manga,33662,7.31,2013,https://cdn.myanimelist.net/images/manga/3/127733l.jpg
234,"Kikonsha desu kedo, Nani ka?",Do You Have Any Problem With Me?,既婚者ですけど、何か?,Manga,483,7.31,2013,https://cdn.myanimelist.net/images/manga/1/254169l.jpg
234,Log Horizon: Nishikaze no Ryodan,Log Horizon: The West Wind Brigade,ログ・ホライズン 西風の旅団,Manga,3149,7.31,2013,https://cdn.myanimelist.net/images/manga/2/118159l.jpg
234,"Sayonara, Hero.",,さよなら、ヒーロー。,Manga,3156,7.31,2013,https://cdn.myanimelist.net/images/manga/1/98677l.jpg
234,Soredemo Kamawanai,,それでも構わない,Manga,2676,7.31,2013,https://cdn.myanimelist.net/images/manga/2/106505l.jpg
234,The Dragon Next Door,,용이 산다,Manhwa,1238,7.31,2013,https://cdn.myanimelist.net/images/manga/3/332165l.jpg
234,Vampire Knight: Flail no Yume,Vampire Knight: Fleeting Dreams,ヴァンパイア騎士〈ナイト〉 煌銀〈フレイル〉の夢,Light Novel,2000,7.31,2013,https://cdn.myanimelist.net/images/manga/3/106027l.jpg
245,100 Days in Europe,100 Days in Europe,유럽에서 100일,Manhwa,502,7.3,2013,https://cdn.myanimelist.net/images/manga/1/222734l.jpg
245,Karneval Anthology,,カーニヴァル アンソロジー,Manga,1099,7.3,2013,https://cdn.myanimelist.net/images/manga/3/102507l.jpg
245,Kimi ni Koishite Ii desu ka.,May I be in love with you?,キミに恋していーですか。,Manga,13760,7.3,2013,https://cdn.myanimelist.net/images/manga/3/268777l.jpg
245,Shujuu Exctasy,S&M Ecstasy,主従えくすたしー,Manga,1096,7.3,2013,https://cdn.myanimelist.net/images/manga/3/183090l.jpg
249,Blood Lad,,ブラッドラッド,Light Novel,1406,7.29,2013,https://cdn.myanimelist.net/images/manga/2/138911l.jpg
249,Seinen Hakkaten,,青年発火点,Manga,1358,7.29,2013,https://cdn.myanimelist.net/images/manga/1/150309l.jpg
249,Uchouten Kazoku,,有頂天家族,Manga,1812,7.29,2013,https://cdn.myanimelist.net/images/manga/2/157964l.jpg
249,Versailles no Bara: Episode-hen,,ベルサイユのばら エピソード編,Manga,713,7.29,2013,https://cdn.myanimelist.net/images/manga/3/272102l.jpg
253,Blend S,Blend S,ブレンド・S,Manga,9976,7.28,2013,https://cdn.myanimelist.net/images/manga/2/149976l.jpg
253,Hima nanode Hajimete Mimasu.,,ヒマなのでハジメテみます。,Manga,5608,7.28,2013,https://cdn.myanimelist.net/images/manga/1/87319l.jpg
253,I Love You yori Aishiteru,,愛羅武勇より愛してる,Manga,4569,7.28,2013,https://cdn.myanimelist.net/images/manga/1/154699l.jpg
253,Inai Boku wa Hotarumachi ni Iru,,いないボクは蛍町にいる,Manga,1362,7.28,2013,https://cdn.myanimelist.net/images/manga/3/189630l.jpg
253,Kara no Kyoukai: Shuumatsu Rokuon/The Garden of Oblivion,,空の境界 終末録音／the Garden of oblivion,Light Novel,1587,7.28,2013,https://cdn.myanimelist.net/images/manga/1/147355l.jpg
253,Kodomo no Jikan: Houkago,,こどものじかん ほうかご,Manga,2214,7.28,2013,https://cdn.myanimelist.net/images/manga/2/96461l.jpg
253,Match Shoujo,The Little Match Girl,燐寸少女,Manga,2536,7.28,2013,https://cdn.myanimelist.net/images/manga/2/142527l.jpg
253,Net-juu no Susume,Recommendation of The Internet Enhancement,ネト充のススメ,Manga,6926,7.28,2013,https://cdn.myanimelist.net/images/manga/2/150436l.jpg
253,Plinivs,,プリニウス,Manga,1500,7.28,2013,https://cdn.myanimelist.net/images/manga/3/150433l.jpg
253,Shuuten Unknown,,終点unknown,Manga,646,7.28,2013,https://cdn.myanimelist.net/images/manga/2/171024l.jpg
253,Toaru Majutsu no Index: Endymion no Kiseki,,とある魔術の禁書目録 エンデュミオンの奇蹟,Manga,1886,7.28,2013,https://cdn.myanimelist.net/images/manga/1/100847l.jpg
253,Toaru Nichijou no Index-san,,とある日常のいんでっくすさん,Manga,1719,7.28,2013,https://cdn.myanimelist.net/images/manga/3/125225l.jpg
253,Umi no Cradle,The Cradle of The Sea,海のクレイドル,Manga,3986,7.28,2013,https://cdn.myanimelist.net/images/manga/1/123557l.jpg
253,Watashi no Tomodachi ga Motenai no wa Dou Kangaetemo Omaera ga Warui.,,私の友達がモテないのはどう考えてもお前らが悪い。,Manga,5742,7.28,2013,https://cdn.myanimelist.net/images/manga/2/162685l.jpg
267,Magicraft Meister,,マギクラフト・マイスター,Light Novel,1182,7.27,2013,https://cdn.myanimelist.net/images/manga/1/175202l.jpg
267,SK8R'S,,SK8R'S スケーターズ,Manga,1957,7.27,2013,https://cdn.myanimelist.net/images/manga/2/195967l.jpg
267,Scarlet Order: Dance in the Vampire Bund 2,Dance in the Vampire Bund II: Scarlet Order,スカーレットオーダー ダンス イン ザ ヴァンパイド バンド2,Manga,4433,7.27,2013,https://cdn.myanimelist.net/images/manga/3/153266l.jpg
267,Wu Dong Qian Kun,Martial Universe,武动乾坤,Manhua,4825,7.27,2013,https://cdn.myanimelist.net/images/manga/3/223798l.jpg
271,Grisaia no Kajitsu: Sanctuary Fellows,,グリザイアの果実 ～サンクチュアリ フェローズ～,Manga,4633,7.26,2013,https://cdn.myanimelist.net/images/manga/1/109171l.jpg
271,Hal,,ハル,Manga,6683,7.26,2013,https://cdn.myanimelist.net/images/manga/1/160819l.jpg
271,Henai,,変愛,Manga,3148,7.26,2013,https://cdn.myanimelist.net/images/manga/1/157478l.jpg
271,Hitomi-sensei no Hokenshitsu,Nurse Hitomi's Monster Infirmary,ヒトミ先生の保健室,Manga,7194,7.26,2013,https://cdn.myanimelist.net/images/manga/1/118953l.jpg
271,Nisekoi: Urabana,,ニセコイ ウラバナ,Light Novel,2045,7.26,2013,https://cdn.myanimelist.net/images/manga/2/111109l.jpg
271,Shuukan Shounen Girl,,週刊少年ガール,Manga,2928,7.26,2013,https://cdn.myanimelist.net/images/manga/1/167491l.jpg
271,Soul Catcher(S),,SOUL CATCHER（S）,Manga,3667,7.26,2013,https://cdn.myanimelist.net/images/manga/2/156895l.jpg
271,Suna wo Kizamu Hari,,砂を刻む針,Manga,972,7.26,2013,https://cdn.myanimelist.net/images/manga/1/119691l.jpg
271,Switch: the volume on Dragon Fruit,,switch the volume on Dragon Fruit -ドラゴンフルーツ編-,Manga,798,7.26,2013,https://cdn.myanimelist.net/images/manga/1/174715l.jpg
280,Coulomb Fille,,クーロンフィーユ,Manga,1560,7.25,2013,https://cdn.myanimelist.net/images/manga/3/129681l.jpg
280,Diamond no Kuni no Alice: Bet On My Heart,Alice in the Country of Diamonds: Bet On My Heart,ダイヤの国のアリス~ベット・オン・マイ・ハート~,Light Novel,873,7.25,2013,https://cdn.myanimelist.net/images/manga/5/144539l.jpg
280,Graineliers,Graineliers,グランネリエ,Manga,6497,7.25,2013,https://cdn.myanimelist.net/images/manga/2/164093l.jpg
280,Katsute Mahou Shoujo to Aku wa Tekitai shiteita.,The Magical Girl and the Evil Lieutenant Used to Be Archenemies,かつて魔法少女と悪は敵対していた。,Manga,6466,7.25,2013,https://cdn.myanimelist.net/images/manga/3/131223l.jpg
280,Kimi no Iru Machi: Mousou 200-wa,,君のいる町 妄想200話,Manga,3106,7.25,2013,https://cdn.myanimelist.net/images/manga/3/212732l.jpg
280,Sick,Sick,sick,Manga,16338,7.25,2013,https://cdn.myanimelist.net/images/manga/3/155646l.jpg
280,Tonari no Robot,,となりのロボット,Manga,2193,7.25,2013,https://cdn.myanimelist.net/images/manga/2/149799l.jpg
280,Tsuyokute New Saga,,強くてニューサーガ,Light Novel,2285,7.25,2013,https://cdn.myanimelist.net/images/manga/1/186492l.jpg
288,Bikachou Shinshi Kaikoroku,Memoirs of Amorous Gentlemen,鼻下長紳士回顧録,Manga,3060,7.24,2013,https://cdn.myanimelist.net/images/manga/3/164764l.jpg
288,Musaigen no Phantom World,Myriad Colors Phantom World,無彩限のファントム・ワールド,Light Novel,3036,7.24,2013,https://cdn.myanimelist.net/images/manga/2/109885l.jpg
288,Toaru Majutsu no Index: Road to Endymion,,とある魔術の禁書目録 ―ロード トゥ エンデュミオン―,Light Novel,1597,7.24,2013,https://cdn.myanimelist.net/images/manga/1/85901l.jpg
291,My Fair Neighbor,,マイ・フェア・ネイバー,Manga,6154,7.23,2013,https://cdn.myanimelist.net/images/manga/1/172438l.jpg
291,The Girl from Class,The Girl from Class,수업시간 그녀,Manhwa,2834,7.23,2013,https://cdn.myanimelist.net/images/manga/1/213482l.jpg
293,Demokratia,,デモクラティア,Manga,1735,7.22,2013,https://cdn.myanimelist.net/images/manga/2/147659l.jpg
293,Grancrest Senki,Record of Grancrest War,グランクレスト戦記,Light Novel,1967,7.22,2013,https://cdn.myanimelist.net/images/manga/1/208548l.jpg
293,Ryouomoi nante Joudan ja Nai!!,,両想いなんて冗談じゃない!!,Manga,780,7.22,2013,https://cdn.myanimelist.net/images/manga/1/226973l.jpg
293,Sword Art Online: Girls Ops,Sword Art Online: Girls' Ops,ソードアート・オンライン ガールズ・オプス,Manga,5240,7.22,2013,https://cdn.myanimelist.net/images/manga/3/156370l.jpg
293,γ,,γ－ガンマ－,Manga,2150,7.22,2013,https://cdn.myanimelist.net/images/manga/3/144157l.jpg
298,"Daidai wa, Hantoumei ni Nidone suru",,橙は、半透明に二度寝する,Manga,4566,7.21,2013,https://cdn.myanimelist.net/images/manga/2/167004l.jpg
298,Haru x Kiyo,,ハル×キヨ,Manga,11758,7.21,2013,https://cdn.myanimelist.net/images/manga/2/165636l.jpg
298,Joshikausei,Joshi Kausei,女子かう生,Manga,11598,7.21,2013,https://cdn.myanimelist.net/images/manga/1/121107l.jpg
298,Kanojo wa Mada Koi wo Shiranai,,彼女はまだ恋を知らない,Manga,1590,7.21,2013,https://cdn.myanimelist.net/images/manga/1/135041l.jpg
298,Onnanoko ga Shinu Hanashi,,女の子が死ぬ話,Manga,3247,7.21,2013,https://cdn.myanimelist.net/images/manga/1/115687l.jpg
298,Poor Poor Lips dj - Berry Berry Berry A,,ベリーベリーベリーA,Doujinshi,939,7.21,2013,https://cdn.myanimelist.net/images/manga/2/96737l.jpg
298,Suicide Parabellum,,スーサイド・パラベラム,Manga,2916,7.21,2013,https://cdn.myanimelist.net/images/manga/3/173039l.jpg
298,Toshigoro no Otokonoko to Are,Adolescence Boy & It,年頃のオトコノコとアレ,Manga,2987,7.21,2013,https://cdn.myanimelist.net/images/manga/3/154268l.jpg
298,Zui Wu Dao,,最武道,Manhua,6596,7.21,2013,https://cdn.myanimelist.net/images/manga/3/196969l.jpg
307,Aoi Uroko to Suna no Machi,Mermaid Scales and the Town of Sand,青い鱗と砂の街,Manga,4337,7.2,2013,https://cdn.myanimelist.net/images/manga/1/264801l.jpg
307,Double Hound,,DOUBLE HOUND,Manga,1618,7.2,2013,https://cdn.myanimelist.net/images/manga/3/171262l.jpg
307,Funouhan,Impossibility Defense,不能犯,Manga,10166,7.2,2013,https://cdn.myanimelist.net/images/manga/1/293829l.jpg
307,Hatsujou Keihou,Heat Alert,発情警報,Manga,1589,7.2,2013,https://cdn.myanimelist.net/images/manga/1/181492l.jpg
307,IS: Infinite Stratos - Sugar & Honey,,IS〈インフィニット・ストラトス〉シュガー＆ハニー,Manga,1622,7.2,2013,https://cdn.myanimelist.net/images/manga/3/134905l.jpg
307,Namaikizakari,Frisky Fever,なまイキざかり,Manga,1031,7.2,2013,https://cdn.myanimelist.net/images/manga/1/192853l.jpg
307,Re:Marina,,Re：まりな,Manga,14395,7.2,2013,https://cdn.myanimelist.net/images/manga/3/113773l.jpg
307,Saint Seiya: Saintia Shou,Saint Seiya: Saintia Shou,聖闘士星矢 セインティア翔,Manga,4293,7.2,2013,https://cdn.myanimelist.net/images/manga/2/154143l.jpg
307,Stretch,,ストレッチ,Manga,4925,7.2,2013,https://cdn.myanimelist.net/images/manga/1/117217l.jpg
316,Choujigen Game Neptune: The Animation - Dengeki Comic Anthology,,超次元ゲイム ネプテューヌ THE ANIMATION 電撃コミックアンソロジー,Manga,728,7.19,2013,https://cdn.myanimelist.net/images/manga/2/120053l.jpg
316,Furohile: Jitaku no Furo ni Hairu to Saki ni Shiranai Hadaka no Onna ga Haitteru,,FUROHILE-自宅の風呂に入ると先に知らない裸の女が入ってる-,Doujinshi,693,7.19,2013,https://cdn.myanimelist.net/images/manga/2/322736l.jpg
316,Kaname,,要 -かなめ-,Doujinshi,1128,7.19,2013,https://cdn.myanimelist.net/images/manga/2/107905l.jpg
316,Kanojo ni Naru Hi: Another,,彼女になる日 another,Manga,9637,7.19,2013,https://cdn.myanimelist.net/images/manga/1/184545l.jpg
316,Kigenzen 10000-nen no Ota,The Otaku in 10000 B.C.,紀元前1万年のオタ,Manga,4685,7.19,2013,https://cdn.myanimelist.net/images/manga/1/260696l.jpg
316,Koi nante Shinai!,,恋なんてしない!,Manga,4154,7.19,2013,https://cdn.myanimelist.net/images/manga/2/146537l.jpg
316,Kyou mo Uchi de Machiawase,,今日もウチで待ち合わせ,Manga,2293,7.19,2013,https://cdn.myanimelist.net/images/manga/1/122909l.jpg
316,Panlong,,盘龙,Manhua,14331,7.19,2013,https://cdn.myanimelist.net/images/manga/1/194454l.jpg
316,The Mark of Watzel,,The Mark of Watzel,Manga,620,7.19,2013,https://cdn.myanimelist.net/images/manga/2/198954l.jpg
316,The Unlimited: Hyoubu Kyousuke,,THE UNLIMITED 兵部京介,Manga,1790,7.19,2013,https://cdn.myanimelist.net/images/manga/2/157876l.jpg
326,Geten no Hana,,下天の華,Manga,3856,7.18,2013,https://cdn.myanimelist.net/images/manga/2/111011l.jpg
326,Koisuru Mitsuba,,恋するみつば,Manga,2134,7.18,2013,https://cdn.myanimelist.net/images/manga/3/156357l.jpg
326,Kore kara Hajimaru Koi wo Oshiete,,これからはじまる恋をおしえて,Manga,912,7.18,2013,https://cdn.myanimelist.net/images/manga/5/156536l.jpg
326,Sakurasaku Syndrome,,サクラサク症候群〈シンドローム〉,Manga,7845,7.18,2013,https://cdn.myanimelist.net/images/manga/3/98955l.jpg
326,Shinmai Maou no Testament,The Testament of Sister New Devil,新妹魔王の契約者〈テスタメント〉,Manga,18946,7.18,2013,https://cdn.myanimelist.net/images/manga/1/105683l.jpg
326,Space☆Dandy,Space Dandy,スペース☆ダンディ,Manga,2447,7.18,2013,https://cdn.myanimelist.net/images/manga/2/129627l.jpg
326,Type-Moon Gakuen: Chibichuki!,,TYPE-MOON学園 ちびちゅき!,Manga,2002,7.18,2013,https://cdn.myanimelist.net/images/manga/3/155052l.jpg
333,Angolmois: Genkou Kassenki,,アンゴルモア 元寇合戦記,Manga,2619,7.17,2013,https://cdn.myanimelist.net/images/manga/3/172186l.jpg
333,Eromanga-sensei,,エロマンガ先生,Light Novel,7806,7.17,2013,https://cdn.myanimelist.net/images/manga/2/184183l.jpg
333,Fate/hollow ataraxia,,Fate/hollow ataraxia,Manga,4829,7.17,2013,https://cdn.myanimelist.net/images/manga/3/115043l.jpg
333,Komomo Confiserie,Komomo Confiserie,こももコンフィズリー,Manga,4476,7.17,2013,https://cdn.myanimelist.net/images/manga/3/270294l.jpg
333,Sora no Yousei,,ソラの妖精,Manga,2125,7.17,2013,https://cdn.myanimelist.net/images/manga/3/123151l.jpg
333,TSF Monogatari Append,,TSF物語アペンド,Doujinshi,2562,7.17,2013,https://cdn.myanimelist.net/images/manga/1/106895l.jpg
333,Toaru Majutsu no Index SS: Necessarius Tokubetsu Hennyuu Shiken-hen,,とある魔術の禁書目録SS 『必要悪の教会』特別編入試験編,Light Novel,1278,7.17,2013,https://cdn.myanimelist.net/images/manga/4/341711l.jpg
340,Hame Ai Game,,ハメあいゲーム,Manga,851,7.16,2013,https://cdn.myanimelist.net/images/manga/3/127399l.jpg
340,He Is Beautiful.,,He is beautiful.,Manga,1054,7.16,2013,https://cdn.myanimelist.net/images/manga/1/142537l.jpg
340,Hope,,HOPE,Manga,2341,7.16,2013,https://cdn.myanimelist.net/images/manga/1/152022l.jpg
340,Kare to Kare no Ijiwaru na Kyori,,彼と彼の意地悪な距離,Manga,1380,7.16,2013,https://cdn.myanimelist.net/images/manga/3/166262l.jpg
340,Magdala de Nemure,May Your Soul Rest in Magdala,マグダラで眠れ,Manga,3885,7.16,2013,https://cdn.myanimelist.net/images/manga/2/102685l.jpg
340,Nekomata.,,ねこまた。,Manga,752,7.16,2013,https://cdn.myanimelist.net/images/manga/3/194190l.jpg
340,Sakurako-san no Ashimoto ni wa Shitai ga Umatteiru,,櫻子さんの足下には死体が埋まっている,Novel,2121,7.16,2013,https://cdn.myanimelist.net/images/manga/3/117437l.jpg
340,Shinigami-sama to 4-nin no Kanojo,Grim Reaper and Four Girlfriends,死神様と4人の彼女,Manga,17312,7.16,2013,https://cdn.myanimelist.net/images/manga/3/107525l.jpg
348,Aizawa-san Zoushoku,Aizawa-san Multiplies,相沢さん増殖,Manga,14411,7.15,2013,https://cdn.myanimelist.net/images/manga/1/188837l.jpg
348,Baku to Nemurihime,,バクと眠り姫,One-shot,1199,7.15,2013,https://cdn.myanimelist.net/images/manga/3/130937l.jpg
348,Hana to Kurumi to Amai Seikatsu,"Flower, Walnut and Sweet Life",花とクルミと甘い生活,Manga,1227,7.15,2013,https://cdn.myanimelist.net/images/manga/1/179463l.jpg
348,Houkago Vanilla,After School Vanilla,放課後バニラ,Manga,931,7.15,2013,https://cdn.myanimelist.net/images/manga/3/171199l.jpg
348,Kantan na Monitor desu,,簡単なモニターです,Light Novel,794,7.15,2013,https://cdn.myanimelist.net/images/manga/3/117771l.jpg
348,Koukaku Kidoutai: Stand Alone Complex - The Laughing Man,,攻殻機動隊 STAND ALONE COMPLEX ～The Laughing Man～,Manga,1060,7.15,2013,https://cdn.myanimelist.net/images/manga/1/142963l.jpg
348,Kuro no Tantei,Black Detective,黒の探偵,Manga,2787,7.15,2013,https://cdn.myanimelist.net/images/manga/3/158493l.jpg
348,Nise x Koi Boyfriend,,偽×恋ボーイフレンド,Manga,8855,7.15,2013,https://cdn.myanimelist.net/images/manga/1/142981l.jpg
348,Usotsuki Boyfriend,Boyfriend with the lie,嘘つきボーイフレンド,Manga,3509,7.15,2013,https://cdn.myanimelist.net/images/manga/3/177451l.jpg
357,Bocchi na Bokura no Renai Jijou,,ぼっちな僕らの恋愛事情,Manga,22200,7.14,2013,https://cdn.myanimelist.net/images/manga/2/188880l.jpg
357,Family Simulation!!,,ふぁみりーしゅみれーしょん!!,Manga,1735,7.14,2013,https://cdn.myanimelist.net/images/manga/1/194097l.jpg
357,"Koi toka, Kiss toka, Karada toka.",,恋とか、キスとか、カラダとか。,Manga,5457,7.14,2013,https://cdn.myanimelist.net/images/manga/3/198161l.jpg
357,Koori no Kuni no Amaryllis,Amaryllis in the Ice Country,氷の国のアマリリス,Light Novel,795,7.14,2013,https://cdn.myanimelist.net/images/manga/2/164393l.jpg
357,Last Notes,,ラストノーツ,Manga,2176,7.14,2013,https://cdn.myanimelist.net/images/manga/2/113427l.jpg
357,Natsume Isaku Fanbook,,夏目イサク ファンブック,Manga,1500,7.14,2013,https://cdn.myanimelist.net/images/manga/1/122637l.jpg
357,Rensou Mode,,恋想モード,One-shot,2646,7.14,2013,https://cdn.myanimelist.net/images/manga/3/111253l.jpg
364,Hinekure Chaser,,ひねくれチェイサー,Manga,7918,7.13,2013,https://cdn.myanimelist.net/images/manga/1/159549l.jpg
364,Minidura,,みにでゅら,Manga,921,7.13,2013,https://cdn.myanimelist.net/images/manga/3/140991l.jpg
364,Rokka Melt: Fiancé wa Yukiotoko,,ロッカメルト～フィアンセは雪男～,Manga,2389,7.13,2013,https://cdn.myanimelist.net/images/manga/3/138285l.jpg
364,"Sayonara, Heron","Good-Bye, Heron",さよなら、ヘロン,Manga,4112,7.13,2013,https://cdn.myanimelist.net/images/manga/3/123897l.jpg
364,Spirit Migration,,スピリット・マイグレーション,Light Novel,706,7.13,2013,https://cdn.myanimelist.net/images/manga/3/186484l.jpg
369,Juuou Mujin no Fafnir,,銃皇無尽のファフニール,Light Novel,1536,7.12,2013,https://cdn.myanimelist.net/images/manga/2/158128l.jpg
369,Macaron Daisuki na Onnanoko ga Dounika-Kounika Sennen Ikitsuzukeru Ohanashi.,The Tale of the Macaron Loving Girl who survives somehow for a 1000 years.,マカロン大好きな女の子がどうにかこうにか千年生き続けるお話。,Light Novel,455,7.12,2013,https://cdn.myanimelist.net/images/manga/2/135673l.jpg
369,Mitsumei,,密命,Manga,1451,7.12,2013,https://cdn.myanimelist.net/images/manga/3/194193l.jpg
369,Strike Witches: Aurora no Majo,,ストライクウィッチーズ オーロラの魔女,Manga,548,7.12,2013,https://cdn.myanimelist.net/images/manga/1/139221l.jpg
369,Under (xGround) Grand Hotel Kiss & Kill,,アンダーグラ〔×ウ〕ンドホテルKISS&KILL,Manga,1086,7.12,2013,https://cdn.myanimelist.net/images/manga/1/88213l.jpg
374,Colorful Line,,カラフルライン,Manga,5878,7.11,2013,https://cdn.myanimelist.net/images/manga/1/135227l.jpg
374,Gentei Kareshi,,限定カレシ,Manga,3046,7.11,2013,https://cdn.myanimelist.net/images/manga/5/116055l.jpg
374,Hanabatake to Wakarebanashi,,花畑と別れ話,Manga,1498,7.11,2013,https://cdn.myanimelist.net/images/manga/3/286721l.jpg
374,Kantai Collection: Itsuka Shizuka na Umi de,Combined Fleet Girls Who Long For Peaceful Sea,艦隊これくしょん -艦これ- いつか静かな海で,Manga,749,7.11,2013,https://cdn.myanimelist.net/images/manga/1/146697l.jpg
374,"Kichiku, Encount",,キチク、エンカウント,Manga,6183,7.11,2013,https://cdn.myanimelist.net/images/manga/2/155675l.jpg
374,Kimi-iro Eden,,君色エデン,Manga,946,7.11,2013,https://cdn.myanimelist.net/images/manga/3/184609l.jpg
374,Love and Baseball,,ラブ アンド ベースボール,Manga,2763,7.11,2013,https://cdn.myanimelist.net/images/manga/2/165420l.jpg
374,Magical 12th Graders,Magical 12th Graders,매지컬 고삼즈,Manhwa,466,7.11,2013,https://cdn.myanimelist.net/images/manga/2/259368l.jpg
374,Miwakujikake: Amai Wana,Sweet Doom in His Hand,魅惑仕掛け 甘い罠,Manga,6561,7.11,2013,https://cdn.myanimelist.net/images/manga/2/194792l.jpg
374,Saiki Kusuo no Ψ-nan: Extra Story of Psychics,,斉木楠雄のΨ難 EXTRA STORY OF PSYCHICS,Light Novel,623,7.11,2013,https://cdn.myanimelist.net/images/manga/1/219847l.jpg
374,Sarishinohara,,サリシノハラ,Manga,973,7.11,2013,https://cdn.myanimelist.net/images/manga/2/114971l.jpg
374,Tenkuu Shinpan,High-Rise Invasion,天空侵犯,Manga,54650,7.11,2013,https://cdn.myanimelist.net/images/manga/3/128611l.jpg
386,"Ano Ko no, Toriko.",,あのコの、トリコ。,Manga,10527,7.1,2013,https://cdn.myanimelist.net/images/manga/2/156296l.jpg
386,Bokura wa Bara no Ko,,ぼくらはバラの子,Manga,1601,7.1,2013,https://cdn.myanimelist.net/images/manga/3/271381l.jpg
386,Deli Mama: Midara na Ore no Gibo-san,,デリママ～淫らな俺の義母さん,Manga,997,7.1,2013,https://cdn.myanimelist.net/images/manga/1/150231l.jpg
386,Kamen Teacher Black,,仮面ティーチャーBLACK,Manga,905,7.1,2013,https://cdn.myanimelist.net/images/manga/3/144905l.jpg
386,Kinjo no Ko ga Short Pants wo Haite Ore wo Yuuwaku Shite Kurunda ga,,近所の子がショートパンツを履いて俺を誘惑してくるんだが,Manga,1256,7.1,2013,https://cdn.myanimelist.net/images/manga/1/122931l.jpg
386,Ore Ride!!,,俺ライド!!,One-shot,6909,7.1,2013,https://cdn.myanimelist.net/images/manga/1/92509l.jpg
386,Osanazuma to Issho,,おさなづまといっしょ,Manga,788,7.1,2013,https://cdn.myanimelist.net/images/manga/1/160394l.jpg
386,Samayou Shinki no Duelist,,さまよう神姫の剣使徒〈デュエリスト〉,Light Novel,630,7.1,2013,https://cdn.myanimelist.net/images/manga/2/162715l.jpg
386,Watashi ga Motenai no wa Dou Kangaetemo Omaera ga Warui! Anthology,,私がモテないのはどう考えてもお前らが悪い! アンソロジー,Manga,3381,7.1,2013,https://cdn.myanimelist.net/images/manga/2/107211l.jpg
386,Yoru wa Tomodachi,,夜はともだち,Manga,2366,7.1,2013,https://cdn.myanimelist.net/images/manga/2/182160l.jpg
396,Ame to Kiss,Candy and Kiss,飴とキス,Manga,1739,7.09,2013,https://cdn.myanimelist.net/images/manga/3/182338l.jpg
396,Magnet na Watashitachi,Love Like a Magnet,マグネットな私たち,Manga,5281,7.09,2013,https://cdn.myanimelist.net/images/manga/3/142529l.jpg
396,Sekai no Hajikko to Anzu Jam,World's End and Apricot Jam,世界の端っことあんずジャム,Manga,3469,7.09,2013,https://cdn.myanimelist.net/images/manga/1/174538l.jpg
396,Shinazu no Ryouken,Immortal Hounds,不死〈しなず〉の猟犬,Manga,9751,7.09,2013,https://cdn.myanimelist.net/images/manga/1/137815l.jpg
396,"Sorekara, Kimi wo Kangaeru","Then, I think of you",それから、君を考える,Manga,2963,7.09,2013,https://cdn.myanimelist.net/images/manga/2/160518l.jpg
396,Suisei no Gargantia,,翠星のガルガンティア‬,Manga,3162,7.09,2013,https://cdn.myanimelist.net/images/manga/1/88769l.jpg
396,Te to Kuchi,,てとくち,Manga,2070,7.09,2013,https://cdn.myanimelist.net/images/manga/2/113411l.jpg
396,Watashitachi ni wa Kabe ga Aru.,The Walls Between Us,私たちには壁がある。,Manga,12666,7.09,2013,https://cdn.myanimelist.net/images/manga/3/147349l.jpg
396,Wizard's Soul: Koi no Jihad,,Wizard's SOUL ～恋の聖戦〈ジハード〉～,Manga,3318,7.09,2013,https://cdn.myanimelist.net/images/manga/3/161439l.jpg
405,Chicchai Toki kara Suki dakedo,,ちっちゃいときから好きだけど,Manga,5761,7.08,2013,https://cdn.myanimelist.net/images/manga/1/195181l.jpg
405,Danganronpa: Kibou no Gakuen to Zetsubou no Koukousei The Animation,Danganronpa: The Animation,ダンガンロンパ 希望の学園と絶望の高校生 THE ANIMATION,Manga,11708,7.08,2013,https://cdn.myanimelist.net/images/manga/2/106371l.jpg
405,Gal toka Bitch toka Iroiro.,"Kogals, Sluts, and Whatever.",ギャルとかビッチとか色々。,Manga,1527,7.08,2013,https://cdn.myanimelist.net/images/manga/3/178214l.jpg
405,Game,,game ガーム,Manga,1191,7.08,2013,https://cdn.myanimelist.net/images/manga/3/134927l.jpg
405,Kitsune no Yomeiri,,狐の嫁入り,Manga,955,7.08,2013,https://cdn.myanimelist.net/images/manga/2/152299l.jpg
405,My Hero,,マイヒーロー,One-shot,1475,7.08,2013,https://cdn.myanimelist.net/images/manga/1/121207l.jpg
405,Neko no Kohana,,ねこのこはな,Manga,1046,7.08,2013,https://cdn.myanimelist.net/images/manga/3/161769l.jpg
405,Otome Hime,,オトメヒメ,Manga,899,7.08,2013,https://cdn.myanimelist.net/images/manga/1/153597l.jpg
405,Ousama Game: Kigen,King's Game: Origin,王様ゲーム 起源,Manga,14250,7.08,2013,https://cdn.myanimelist.net/images/manga/3/116339l.jpg
405,Toroman Style,Honey Pot Style,とろまんスタイル,Manga,557,7.08,2013,https://cdn.myanimelist.net/images/manga/2/193371l.jpg
405,Uchi no Heika ga Shinmai de.,,うちの陛下が新米で。,Manga,2603,7.08,2013,https://cdn.myanimelist.net/images/manga/3/156882l.jpg
405,Uchi no Tenshi ga Kemono deshita.,,うちの天使がケモノでした。,Manga,2007,7.08,2013,https://cdn.myanimelist.net/images/manga/3/158622l.jpg
417,31☆Idream,Idol Dreams,31☆アイドリーム,Manga,3722,7.07,2013,https://cdn.myanimelist.net/images/manga/2/146293l.jpg
417,Ai ga Matteru,,愛が待ってる,Manga,1049,7.07,2013,https://cdn.myanimelist.net/images/manga/1/154859l.jpg
417,Aibuka! (Kari),,アイブカ！ (仮),Manga,1494,7.07,2013,https://cdn.myanimelist.net/images/manga/1/125437l.jpg
417,Ao Natsu,That Blue Summer,青Ao-Natsu夏,Manga,1591,7.07,2013,https://cdn.myanimelist.net/images/manga/1/192740l.jpg
417,Brand New School Day,,ぶらんにゅーSCHOOL DAY,One-shot,4066,7.07,2013,https://cdn.myanimelist.net/images/manga/1/89401l.jpg
417,Hatsukoi,,ハツこい,Manga,2363,7.07,2013,https://cdn.myanimelist.net/images/manga/5/104183l.jpg
417,Koi. - Itoshii Itoshii to Iu Kokoro,,戀。 [いとしい いとしい というこころ。],Manga,827,7.07,2013,https://cdn.myanimelist.net/images/manga/2/88107l.jpg
417,Netoge no Yome wa Onnanoko ja Nai to Omotta?,And you thought there is never a girl online?,ネトゲの嫁は女の子じゃないと思った?,Light Novel,3846,7.07,2013,https://cdn.myanimelist.net/images/manga/3/175122l.jpg
417,Ran♡Kon,,らん♡こん,Manga,666,7.07,2013,https://cdn.myanimelist.net/images/manga/3/156137l.jpg
426,Acma:Game,Acma:Game,ACMA：GAME,Manga,2199,7.06,2013,https://cdn.myanimelist.net/images/manga/1/164639l.jpg
426,Choujigen Game Neptune: The Animation - Comic Anthology,,超次元ゲイム ネプテューヌ THE ANIMATION コミックアンソロジー,Manga,604,7.06,2013,https://cdn.myanimelist.net/images/manga/2/122769l.jpg
426,Durarara!!: 3 Way Standoff - Alley,,デュラララ!! 3way standoff -alley-,Manga,1511,7.06,2013,https://cdn.myanimelist.net/images/manga/2/119479l.jpg
426,Give to the Heart,Give to the Heart,심장에게 주다,Manhwa,722,7.06,2013,https://cdn.myanimelist.net/images/manga/2/97501l.jpg
426,Hitotsu no Koi no Hajimari,Beginning of love,ひとつの恋のはじまり,Manga,2182,7.06,2013,https://cdn.myanimelist.net/images/manga/2/159533l.jpg
426,Hore Tokidoki Nukumori,Fall in love partly heartwarming.,惚れときどきヌクもり,Manga,1259,7.06,2013,https://cdn.myanimelist.net/images/manga/2/180137l.jpg
426,Ikusaba Animation,,戦場アニメーション -IKUSABA ANIMATION-,Manga,1521,7.06,2013,https://cdn.myanimelist.net/images/manga/2/92337l.jpg
426,Nishiki-kun no Nasugamama,Snake on the LOVE!!,ニシキくんのなすがまま,Manga,11543,7.06,2013,https://cdn.myanimelist.net/images/manga/1/103573l.jpg
426,Ochite Chikachika,,おちてチカチカ,Manga,4888,7.06,2013,https://cdn.myanimelist.net/images/manga/3/129769l.jpg
426,Online: The Comic,Online,オンライン The Comic,Manga,7610,7.06,2013,https://cdn.myanimelist.net/images/manga/3/136597l.jpg
426,Rin-chan Now,Hatsune Miku: Rin-Chan Now!,リンちゃんなう,Manga,1092,7.06,2013,https://cdn.myanimelist.net/images/manga/1/194943l.jpg
426,Rose Guns Days: Season 3,Rose Guns Days: Season 3,ROSE GUNS DAYS Season3,Manga,571,7.06,2013,https://cdn.myanimelist.net/images/manga/1/125883l.jpg
426,Saenai Heroine no Sodatekata: Egoistic-Lily,,冴えない彼女〈ヒロイン〉の育てかた ～egoistic-lily～,Manga,4743,7.06,2013,https://cdn.myanimelist.net/images/manga/2/181003l.jpg
426,Umi to Anata to Taiyou to,"South Pacific Girlfriend: The Ocean, the Sun, and You...",海とあなたと太陽と,Doujinshi,3229,7.06,2013,https://cdn.myanimelist.net/images/manga/1/126335l.jpg
440,Another: Episode S,Another: Episode S,Another エピソードS,Novel,735,7.05,2013,https://cdn.myanimelist.net/images/manga/1/271126l.jpg
440,Boku wa Ohimesama ni Narenai,,僕はお姫様になれない,Manga,8690,7.05,2013,https://cdn.myanimelist.net/images/manga/1/188820l.jpg
440,Brothers Conflict feat. Natsume,,BROTHERS CONFLICT feat.Natsume,Manga,2209,7.05,2013,https://cdn.myanimelist.net/images/manga/3/98971l.jpg
440,Earth Girls,Earth Girls,EARTH GIRLS,Doujinshi,2089,7.05,2013,https://cdn.myanimelist.net/images/manga/3/106233l.jpg
440,Henshin,Metamorphosis,変身,Manga,54894,7.05,2013,https://cdn.myanimelist.net/images/manga/2/178602l.jpg
440,High Spec Lovers,,ハイスペック・ラヴァーズ,One-shot,3045,7.05,2013,https://cdn.myanimelist.net/images/manga/1/92063l.jpg
440,Hiren Trip,,ヒレントリップ,Manga,9972,7.05,2013,https://cdn.myanimelist.net/images/manga/3/99411l.jpg
440,Isobe Isobee Monogatari: Ukiyo wa Tsurai yo,,磯部磯兵衛物語 〜浮世はつらいよ〜,Manga,902,7.05,2013,https://cdn.myanimelist.net/images/manga/1/115627l.jpg
440,Kageno datte Seishun Shitai,,影野だって青春したい,Manga,3958,7.05,2013,https://cdn.myanimelist.net/images/manga/2/160768l.jpg
440,Kagerou Daze Koushiki Anthology Comic: Winter,,カゲロウデイズ 公式アンソロジーコミック-WINTER-,Manga,672,7.05,2013,https://cdn.myanimelist.net/images/manga/2/140081l.jpg
440,Kamisama x Oresama x Dannasama!?,,カミサマ×おれさま×旦那様!?,Manga,2777,7.05,2013,https://cdn.myanimelist.net/images/manga/1/123341l.jpg
440,Mirai Nikki: Redial,,未来日記リダイヤル,Manga,11216,7.05,2013,https://cdn.myanimelist.net/images/manga/3/306883l.jpg
440,Oneesan to Aishiacchaou!,Let's Love with your sister,お姉さんと愛しあっちゃおう！,Manga,537,7.05,2013,https://cdn.myanimelist.net/images/manga/3/160257l.jpg
440,Otome to Meteor,Meteor Prince,おとめとメテオ,Manga,1722,7.05,2013,https://cdn.myanimelist.net/images/manga/3/106035l.jpg
440,Shin Kurosawa: Saikyou Densetsu,,新・黒沢 最強伝説,Manga,3189,7.05,2013,https://cdn.myanimelist.net/images/manga/3/115007l.jpg
440,Touzouku to Houseki Shoujo,,盗賊と宝石少女,One-shot,1092,7.05,2013,https://cdn.myanimelist.net/images/manga/3/130833l.jpg
440,Ushiro no Hikaruko-chan,,うしろの光子ちゃん,Manga,605,7.05,2013,https://cdn.myanimelist.net/images/manga/1/156262l.jpg
457,Fragtime,,フラグタイム,Manga,15118,7.04,2013,https://cdn.myanimelist.net/images/manga/3/118505l.jpg
457,Freezing: Pair Love Stories,,フリージング ペアラブストーリーズ,Manga,2176,7.04,2013,https://cdn.myanimelist.net/images/manga/3/96873l.jpg
457,Glow!,,GLOW!,Manga,3314,7.04,2013,https://cdn.myanimelist.net/images/manga/2/156499l.jpg
457,Hatsukoi ni Kiss,,発恋にキス,Manga,1677,7.04,2013,https://cdn.myanimelist.net/images/manga/3/142197l.jpg
457,Kiken Mania,,キケンマニア,Manga,5642,7.04,2013,https://cdn.myanimelist.net/images/manga/1/146407l.jpg
457,Nomi Joshi,,のみじょし,Manga,1619,7.04,2013,https://cdn.myanimelist.net/images/manga/2/163654l.jpg
463,Brothers Conflict 2nd Season,,BROTHERS CONFLICT 2nd SEASON,Light Novel,1035,7.03,2013,https://cdn.myanimelist.net/images/manga/1/118617l.jpg
463,Clay Lord,Clay Lord: Master of Golems,CLAY・LORD－土の王－,Manga,1002,7.03,2013,https://cdn.myanimelist.net/images/manga/3/136805l.jpg
463,Inou-Battle wa Nichijou-kei no Naka de,Inou-Battle in the Usually Daze.,異能バトルは日常系のなかで,Manga,2752,7.03,2013,https://cdn.myanimelist.net/images/manga/2/157995l.jpg
463,Kagerou Daze Koushiki Anthology Comic: Downer,,カゲロウデイズ公式アンソロジーコミック-DOWNER-,Manga,812,7.03,2013,https://cdn.myanimelist.net/images/manga/2/140065l.jpg
467,Choujigen Game Neptune,,超次元ゲイム ネプテューヌ,Manga,1078,7.02,2013,https://cdn.myanimelist.net/images/manga/3/117445l.jpg
467,Dokidoki Lolix,,ドキドキろりっくす,Manga,1226,7.02,2013,https://cdn.myanimelist.net/images/manga/2/145835l.jpg
467,Fudatsuki no Kyouko-chan,,ふだつきのキョーコちゃん,Manga,17434,7.02,2013,https://cdn.myanimelist.net/images/manga/3/113429l.jpg
467,Gakusen Toshi Asterisk,The Asterisk War,学戦都市アスタリスク,Manga,8301,7.02,2013,https://cdn.myanimelist.net/images/manga/1/183816l.jpg
467,Implicity,,Implicity,Manga,927,7.02,2013,https://cdn.myanimelist.net/images/manga/2/193751l.jpg
467,Issho ni Kaero.,,いっしょにかえろ。,One-shot,1217,7.02,2013,https://cdn.myanimelist.net/images/manga/1/106377l.jpg
467,Kagerou Daze Koushiki Anthology Comic: Upper,,カゲロウデイズ公式アンソロジーコミック-UPPER-,Manga,813,7.02,2013,https://cdn.myanimelist.net/images/manga/2/140059l.jpg
467,Kamisama wa Ikiru no ga Tsurai,,神様は生きるのがつらい,Manga,1473,7.02,2013,https://cdn.myanimelist.net/images/manga/2/161320l.jpg
467,Knockin' on Your Door,,knockin' on your door,Manga,802,7.02,2013,https://cdn.myanimelist.net/images/manga/3/116505l.jpg
467,Koi to wa Baka de Aru Koto da,It's Impossible to Love and to Be Wise!,恋とはバカであることだ,Manga,4445,7.02,2013,https://cdn.myanimelist.net/images/manga/2/142205l.jpg
467,Nozomu Bekumonai,,望むべくもない,Manga,1454,7.02,2013,https://cdn.myanimelist.net/images/manga/2/96459l.jpg
467,Senyuu.: Foyfoy/Rudolf-hen - Mogura to Oasis,,戦勇。フォイフォイ・ルドルフ編「モグラとオアシス」,Manga,393,7.02,2013,https://cdn.myanimelist.net/images/manga/2/171256l.jpg
479,Billion Dogs,Billion Dogs,ビリオンドッグズ,Manga,4757,7.01,2013,https://cdn.myanimelist.net/images/manga/1/128605l.jpg
479,Ero♥Märchen: Ningyo-hime,,えろ♥めるへん 人魚姫,Manga,4076,7.01,2013,https://cdn.myanimelist.net/images/manga/1/169799l.jpg
479,JC Manual,JC Manual,JCマニュアル,Manga,881,7.01,2013,https://cdn.myanimelist.net/images/manga/2/161229l.jpg
479,Lip Smoke,,リップ スモーク,Manga,9126,7.01,2013,https://cdn.myanimelist.net/images/manga/1/125235l.jpg
479,Minori no Te,Minori's Hand,みのりの手,Manga,7684,7.01,2013,https://cdn.myanimelist.net/images/manga/3/166040l.jpg
479,Pikapika Days,,ぴかぴかdays,One-shot,1711,7.01,2013,https://cdn.myanimelist.net/images/manga/2/101479l.jpg
479,Suiyoubi,,スイようび,Manga,2679,7.01,2013,https://cdn.myanimelist.net/images/manga/2/123093l.jpg
486,Chou Saisentan Kanojo,,超最先端彼女,Manga,523,7.0,2013,https://cdn.myanimelist.net/images/manga/1/170583l.jpg
486,Girls Go Around,,ガールズ・ゴー・アラウンド,Manga,2039,7.0,2013,https://cdn.myanimelist.net/images/manga/2/118685l.jpg
486,Mugen Sowaka: Tokyo Shoujo Onmyouji,,夢幻ソワカ～東京少女陰陽師～,Manga,723,7.0,2013,https://cdn.myanimelist.net/images/manga/2/144681l.jpg
486,Otokonoko ni wa Himitsu ga Aru,A Boy Has a Secret.,男の子には秘密がある,Manga,653,7.0,2013,https://cdn.myanimelist.net/images/manga/1/261537l.jpg
486,Species Domain,Species Domain,スピーシーズドメイン,Manga,1944,7.0,2013,https://cdn.myanimelist.net/images/manga/1/155063l.jpg
486,Taikutsu na Gogo no Sugoshikata,,退屈な午後の過ごし方,Manga,451,7.0,2013,https://cdn.myanimelist.net/images/manga/1/143137l.jpg
486,White Album 2,,WHITE ALBUM2 -ホワイトアルバム2-,Manga,1578,7.0,2013,https://cdn.myanimelist.net/images/manga/3/125925l.jpg
486,Yaritai Koto wo Yarimashou,,やりたいことをヤりましょう,Manga,301,7.0,2013,https://cdn.myanimelist.net/images/manga/2/150278l.jpg
494,1F: Fukushima Daiichi Genshiryoku Hatsudensho Annaiki,Ichi-F: A Worker's Graphic Memoir of the Fukushima Nuclear Power Plant,いちえふ 福島第一原子力発電所案内記,Manga,2209,6.99,2013,https://cdn.myanimelist.net/images/manga/3/286580l.jpg
494,"Chibi to Pocchari de Renai Shimasu kedo, Nani ka?",,ちびとぽっちゃりで恋愛しますけど、何か?,One-shot,2138,6.99,2013,https://cdn.myanimelist.net/images/manga/2/274195l.jpg
494,Chikyuu no Kaijuu,,地球の怪獣,Doujinshi,1045,6.99,2013,https://cdn.myanimelist.net/images/manga/2/232366l.jpg
494,Giganto Makhia,Giganto Maxia,ギガントマキア ΓΙΓΑΝΤΟ ΜΑΧΙΑ,Manga,19406,6.99,2013,https://cdn.myanimelist.net/images/manga/1/280724l.jpg
494,Hakugin Gymnasium,,白銀ギムナジウム,Manga,854,6.99,2013,https://cdn.myanimelist.net/images/manga/1/149770l.jpg
494,Hazuki Kanon wa Amakunai.,Kanon is not Sweet,葉月カノンは甘くない。,Manga,9221,6.99,2013,https://cdn.myanimelist.net/images/manga/3/162931l.jpg
494,Human System,,ヒューマン システム,Manga,1307,6.99,2013,https://cdn.myanimelist.net/images/manga/3/205574l.jpg
494,IS: Infinite Stratos,,IS 〈インフィニット・ストラトス〉,Manga,2811,6.99,2013,https://cdn.myanimelist.net/images/manga/1/177346l.jpg
494,Ibitsu na Koi no Seesaw Game,The seesaw game of distorted love,いびつな恋のシーソーゲーム,Manga,2675,6.99,2013,https://cdn.myanimelist.net/images/manga/1/193252l.jpg
494,Ichiban Chikaku de Koi wo Suru,Love is close.,いちばん近くで恋をする,Manga,1833,6.99,2013,https://cdn.myanimelist.net/images/manga/1/145379l.jpg
494,Kuroneko wa Shippo de Amaeru,,黒猫はしっぽで甘える,Manga,2809,6.99,2013,https://cdn.myanimelist.net/images/manga/3/285515l.jpg
494,"Nietzsche-sensei: Conveni ni, Satori Sedai no Shinjin ga Maiorita",Mr. Nietzsche in the convenience store,ニーチェ先生 ～コンビニに、さとり世代の新人が舞い降りた～,Manga,3755,6.99,2013,https://cdn.myanimelist.net/images/manga/3/115091l.jpg
494,Omae wo Oniichan ni Shite Yarou ka!?,,お前をお兄ちゃんにしてやろうか！？,Light Novel,870,6.99,2013,https://cdn.myanimelist.net/images/manga/2/158560l.jpg
494,S-kke Mama no Kibishii Kozukuri Seikyouiku,,Sっ気ママのキビシイ子作り性教育,Doujinshi,659,6.99,2013,https://cdn.myanimelist.net/images/manga/2/97563l.jpg
494,Saihate no Amrita,Amrita of the Farthest Land,最果てのアムリタ,Manga,322,6.99,2013,https://cdn.myanimelist.net/images/manga/1/186295l.jpg
494,Short Pants no Onnanoko no Hatsuiku ga Yosugiru Ken ni Tsuite,,ショートパンツの女の子の発育が良すぎる件について,Manga,933,6.99,2013,https://cdn.myanimelist.net/images/manga/3/154912l.jpg
494,Sungeki no Kyojin,Spoof on Titan,寸劇の巨人,Manga,3892,6.99,2013,https://cdn.myanimelist.net/images/manga/2/136001l.jpg
511,Ginga Patrol Jaco,Jaco the Galactic Patrolman,銀河パトロール ジャコ,Manga,12447,6.98,2013,https://cdn.myanimelist.net/images/manga/3/120565l.jpg
511,Kuma Miko,Kuma Miko: Girl Meets Bear,くまみこ,Manga,2252,6.98,2013,https://cdn.myanimelist.net/images/manga/3/108399l.jpg
511,Marmalade Boy Little,,ママレード・ボーイ little,Manga,2499,6.98,2013,https://cdn.myanimelist.net/images/manga/2/166223l.jpg
511,Mielino Kashiwagi,,ミエリーノ柏木,Manga,2480,6.98,2013,https://cdn.myanimelist.net/images/manga/1/95069l.jpg
511,Ore no Imouto ga Konna ni Kawaii Wake ga Nai: 4-koma Koushiki Anthology,,俺の妹がこんなに可愛いわけがない 4コマ公式アンソロジー,Manga,1142,6.98,2013,https://cdn.myanimelist.net/images/manga/3/93325l.jpg
511,Petite Pêche!,,プティトゥ・ペッシュ!,Manga,451,6.98,2013,https://cdn.myanimelist.net/images/manga/2/167313l.jpg
511,Psycho-Pass Zero: Namae no Nai Kaibutsu,,PSYCHO-PASS 0 名前のない怪物,Light Novel,1437,6.98,2013,https://cdn.myanimelist.net/images/manga/1/123267l.jpg
511,Renai Prism,,恋愛プリズム,Manga,762,6.98,2013,https://cdn.myanimelist.net/images/manga/1/186053l.jpg
511,Salaryman Exorcist: Okumura Yukio no Aishuu,,サラリーマン祓魔師〈エクソシスト〉 奥村雪男の哀愁,Manga,2275,6.98,2013,https://cdn.myanimelist.net/images/manga/1/167812l.jpg
511,Sekkachi Hakushaku to Jikan Dorobou,,せっかち伯爵と時間どろぼう,Manga,841,6.98,2013,https://cdn.myanimelist.net/images/manga/2/117455l.jpg
511,Tadoru Yubi,,たどるゆび,Manga,1507,6.98,2013,https://cdn.myanimelist.net/images/manga/2/186503l.jpg
511,Ushirogawa kara Koigokoro,,後ろ側からコイゴコロ,One-shot,1689,6.98,2013,https://cdn.myanimelist.net/images/manga/1/111235l.jpg
523,AFO-Guard,,アフォガード,Manga,2010,6.97,2013,https://cdn.myanimelist.net/images/manga/3/125889l.jpg
523,Aiki-S,,愛気-S,Manga,5827,6.97,2013,https://cdn.myanimelist.net/images/manga/1/205666l.jpg
523,Bokutachi no Kinki,,ぼくたちの禁忌,Manga,548,6.97,2013,https://cdn.myanimelist.net/images/manga/3/151786l.jpg
523,Cosmic Color,,コズミックカラー,Manga,2355,6.97,2013,https://cdn.myanimelist.net/images/manga/1/132511l.jpg
523,Danganronpa: Kibou no Gakuen to Zetsubou no Koukousei The Animation - Dengeki Comic Anthology,,ダンガンロンパ 希望の学園と絶望の高校生 The Animation 電撃コミックアンソロジー,Manga,1008,6.97,2013,https://cdn.myanimelist.net/images/manga/3/205156l.jpg
523,Girls Aloud!!,,Girls Aloud!!,Doujinshi,574,6.97,2013,https://cdn.myanimelist.net/images/manga/3/209219l.jpg
523,Magika no Kenshi to Basileus,Magika Swordsman and Summoner,魔技科の剣士と召喚魔王〈ヴァシレウス〉,Manga,19563,6.97,2013,https://cdn.myanimelist.net/images/manga/1/143619l.jpg
523,Medaka Box: Juvenile - Shousetsuban,,めだかボックス ジュブナイル 小説版,Light Novel,1200,6.97,2013,https://cdn.myanimelist.net/images/manga/1/127871l.jpg
523,Nanoka no Kare,,菜の花の彼－ナノカノカレ－,Manga,10982,6.97,2013,https://cdn.myanimelist.net/images/manga/2/162757l.jpg
523,Otokonoko ni Toriko,,オトコノコに虜,Manga,5302,6.97,2013,https://cdn.myanimelist.net/images/manga/3/149517l.jpg
523,Sono Hoshi wo Bokutachi wa Koi to Yobu Koto ni Suru.,"Twinkle, Twinkle, Little Star",その星を僕たちは恋と呼ぶことにする。,Manga,1093,6.97,2013,https://cdn.myanimelist.net/images/manga/3/164136l.jpg
523,Succu Life,,さきゅらいふ,Manga,775,6.97,2013,https://cdn.myanimelist.net/images/manga/2/138883l.jpg
523,Ten no Hanayome,,天の花嫁,Manga,811,6.97,2013,https://cdn.myanimelist.net/images/manga/3/110707l.jpg
536,Asa made Matemasen!,,朝まで待てません,Manga,973,6.96,2013,https://cdn.myanimelist.net/images/manga/3/168422l.jpg
536,Hustle! Danchizuma♥,,ハッスル！団地妻♥,Manga,458,6.96,2013,https://cdn.myanimelist.net/images/manga/3/160236l.jpg
536,"Mousouka, Koi wo Suru.",,妄想家、恋をする。,Manga,2817,6.96,2013,https://cdn.myanimelist.net/images/manga/3/127861l.jpg
536,Nanatsuya: Shinobu no Housekibako,Nanatsu-ya: Shinobu and Her Jewelry Box,七つ屋 志のぶの宝石匣,Manga,948,6.96,2013,https://cdn.myanimelist.net/images/manga/3/143299l.jpg
536,Wanko Number One,Man's Bestest Friend,わんこナンバーわん,Manga,1437,6.96,2013,https://cdn.myanimelist.net/images/manga/2/149713l.jpg
536,Wareware wa Neko de Aru,,我々は猫である,Manga,616,6.96,2013,https://cdn.myanimelist.net/images/manga/1/239751l.jpg
542,Hatsukoi Chronicle,,初恋クロニクル,One-shot,811,6.95,2013,https://cdn.myanimelist.net/images/manga/1/113005l.jpg
542,"Hitokoishi, Tsuma",,人恋し、妻,Manga,835,6.95,2013,https://cdn.myanimelist.net/images/manga/3/184449l.jpg
542,In the Apartment,,IN THE APARTMENT,Manga,511,6.95,2013,https://cdn.myanimelist.net/images/manga/2/203796l.jpg
542,"Inochi Mijikashi, Koiseyo Furyou Shounen!",,命みじかし、恋せよ不良少年!,Manga,5336,6.95,2013,https://cdn.myanimelist.net/images/manga/2/151979l.jpg
542,Kagerou Daze Koushiki Anthology Comic: Summer,,カゲロウデイズ公式アンソロジーコミック-SUMMER-,Manga,777,6.95,2013,https://cdn.myanimelist.net/images/manga/2/140281l.jpg
542,Kagome Kagome,,かごめかごめ,Manga,891,6.95,2013,https://cdn.myanimelist.net/images/manga/3/146573l.jpg
542,Kantai Collection: Shimakaze Tsumujikaze no Shoujo,,艦隊これくしょん -艦これ- 島風 つむじ風の少女,Manga,1278,6.95,2013,https://cdn.myanimelist.net/images/manga/2/164274l.jpg
542,Ningen Deshita,I Was Human,人間でした,Manga,959,6.95,2013,https://cdn.myanimelist.net/images/manga/3/128615l.jpg
542,Pinkerton,,PINKERTON,Manga,799,6.95,2013,https://cdn.myanimelist.net/images/manga/1/173204l.jpg
542,Rokujouma no Shinryakusha!?,,六畳間の侵略者!?,Manga,1356,6.95,2013,https://cdn.myanimelist.net/images/manga/3/191574l.jpg
542,Seikatsu Koujou Keikaku,My Care Lady,性活交情計画,Manga,694,6.95,2013,https://cdn.myanimelist.net/images/manga/1/174024l.jpg
553,Anee to Imooto,,アネートイモート,Manga,824,6.94,2013,https://cdn.myanimelist.net/images/manga/2/145855l.jpg
553,Chiisana Majo no Collier,Little Witch's Collier,小さな魔女の首輪〈コリエ〉,Manga,686,6.94,2013,https://cdn.myanimelist.net/images/manga/1/202995l.jpg
553,Hatsukoi Lollipop,,初恋ロリポップ,Manga,1805,6.94,2013,https://cdn.myanimelist.net/images/manga/2/156016l.jpg
553,Investor Z,Investor Z,インベスターZ,Manga,1572,6.94,2013,https://cdn.myanimelist.net/images/manga/3/118975l.jpg
553,Kagehinata,,カゲヒナタ,Manga,487,6.94,2013,https://cdn.myanimelist.net/images/manga/2/142019l.jpg
553,Mabataki no Aida,In a Heartbeat,まばたきのあいだ,Manga,873,6.94,2013,https://cdn.myanimelist.net/images/manga/1/128617l.jpg
553,Mousou One-Room,One-Room Delusion,妄想ワンルーム,Manga,2140,6.94,2013,https://cdn.myanimelist.net/images/manga/1/121573l.jpg
553,Neechan wa Chuunibyou,My Big Sister Lives in a Fantasy World,姉ちゃんは中二病,Light Novel,1171,6.94,2013,https://cdn.myanimelist.net/images/manga/1/198874l.jpg
553,Ore to Kawazu-san no Isekai Hourouki,,俺と蛙さんの異世界放浪記,Manga,10920,6.94,2013,https://cdn.myanimelist.net/images/manga/2/199771l.jpg
553,Ousama App,King App,王様アプリ,Manga,3251,6.94,2013,https://cdn.myanimelist.net/images/manga/3/145853l.jpg
553,Sorenara Isso Koi ni Nare,,それならいっそ恋になれ,Manga,3344,6.94,2013,https://cdn.myanimelist.net/images/manga/2/121719l.jpg
564,12 Beast,12 Beast,12BEAST,Manga,10053,6.93,2013,https://cdn.myanimelist.net/images/manga/2/188908l.jpg
564,Ano Ko wa Toshi Densetsu.,,あの娘は都市伝説。,Doujinshi,925,6.93,2013,https://cdn.myanimelist.net/images/manga/3/141737l.jpg
564,Biblio Mania!,,ビブリオマニア！,One-shot,1717,6.93,2013,https://cdn.myanimelist.net/images/manga/1/93557l.jpg
564,"Danganronpa: Naegi Makoto, Jinsei Saiaku no Hi",,ダンガンロンパ 苗木誠、人生最悪の日,Light Novel,1784,6.93,2013,https://cdn.myanimelist.net/images/manga/3/172167l.jpg
564,Hatsukoi wa Yuki no You ni Awakute,,はつ恋は雪のように淡くて,Manga,1322,6.93,2013,https://cdn.myanimelist.net/images/manga/1/123763l.jpg
564,Ninja Slayer,Ninja Slayer: Machine of Vengeance,ニンジャスレイヤー,Manga,1495,6.93,2013,https://cdn.myanimelist.net/images/manga/1/155685l.jpg
564,Thirsty Thirty,Thirsty Thirty,물고기의 밤,Manhwa,444,6.93,2013,https://cdn.myanimelist.net/images/manga/1/136243l.jpg
571,3-manen no Kareshi,,3万円の彼氏,Manga,3098,6.92,2013,https://cdn.myanimelist.net/images/manga/2/125239l.jpg
571,Akogare no Kinjo no Obasan ni Nengan no Tanetsuke,,憧れの近所のオバさんに念願の種付け,Doujinshi,873,6.92,2013,https://cdn.myanimelist.net/images/manga/1/107101l.jpg
571,Ani no Senaka,,義兄〈あに〉の背中,Manga,2590,6.92,2013,https://cdn.myanimelist.net/images/manga/4/151451l.jpg
571,Boku no Tonari ni Ankoku Hakaishin ga Imasu.,,ぼくのとなりに暗黒破壊神がいます。,Manga,1722,6.92,2013,https://cdn.myanimelist.net/images/manga/2/105267l.jpg
571,Gundam Build Fighters A,,ガンダムビルドファイターズA,Manga,569,6.92,2013,https://cdn.myanimelist.net/images/manga/3/135491l.jpg
571,Hime-dol!!,,ひめドル!!,Manga,3905,6.92,2013,https://cdn.myanimelist.net/images/manga/1/222015l.jpg
571,Iinari Acme,She loves Orgasm Slavery,いいなりアクメ,Manga,639,6.92,2013,https://cdn.myanimelist.net/images/manga/3/153604l.jpg
571,Imouto Calendar,,いもうとカレンダー,Doujinshi,524,6.92,2013,https://cdn.myanimelist.net/images/manga/3/90345l.jpg
571,Imouto Complete,,いもうとコンプリート,Doujinshi,618,6.92,2013,https://cdn.myanimelist.net/images/manga/2/90343l.jpg
571,Ore no Pantsu ga Nerawareteita.,,俺のぱんつが狙われていた。,Manga,1290,6.92,2013,https://cdn.myanimelist.net/images/manga/1/173223l.jpg
571,Oyacodon,,OYACODON,Doujinshi,742,6.92,2013,https://cdn.myanimelist.net/images/manga/2/90347l.jpg
571,Primo Prima!,,プリモ・プリーマ！,Manga,830,6.92,2013,https://cdn.myanimelist.net/images/manga/3/146377l.jpg
571,Tomodachi to Koi no Mannaka,,ともだちと恋のまんなか,Manga,1146,6.92,2013,https://cdn.myanimelist.net/images/manga/1/149225l.jpg
571,[Shinyaku] Mahou Shoujo Oriko★Magica: Sadness Prayer,[New Testament] Puella Magi Oriko Magica: Sadness Prayer,［新約］魔法少女おりこ★マギカ～sadness prayer～,Manga,1619,6.92,2013,https://cdn.myanimelist.net/images/manga/2/159418l.jpg
585,Ana Aki Bukuro wa Wasuregachi,,穴あき袋は忘れがち,One-shot,1509,6.91,2013,https://cdn.myanimelist.net/images/manga/1/113191l.jpg
585,Border,,BORDER,Manga,1372,6.91,2013,https://cdn.myanimelist.net/images/manga/1/148277l.jpg
585,Chicha Koi Nikki,A Little Love Story,ちちゃこい日記,Manga,949,6.91,2013,https://cdn.myanimelist.net/images/manga/1/188826l.jpg
585,Kemopai: Sakusei Girls,,けもぱい～搾精ガールズ～,Manga,508,6.91,2013,https://cdn.myanimelist.net/images/manga/3/138897l.jpg
585,Kono Sekai ga Game da to Ore dake ga Shitteiru,,この世界がゲームだと俺だけが知っている,Light Novel,660,6.91,2013,https://cdn.myanimelist.net/images/manga/2/144961l.jpg
585,Mirai Delivery: Chiisana Asimov to Midori no Wasuremono,Hatsune Miku: Future Delivery - Little Asimov and the Green Thing Left Behind,未来デリバリー ちいさなアシモフと緑の忘れ物,Manga,463,6.91,2013,https://cdn.myanimelist.net/images/manga/3/220646l.jpg
591,Kizashi,Signs,きざし,Manga,573,6.9,2013,https://cdn.myanimelist.net/images/manga/1/205691l.jpg
591,NEET dakedo Hello Work ni Ittara Isekai ni Tsuretekareta,,ニートだけどハロワにいったら異世界につれてかれた,Light Novel,1832,6.9,2013,https://cdn.myanimelist.net/images/manga/1/133517l.jpg
591,"Ore no Nounai Sentakushi ga, Gakuen Love Comedy wo Zenryoku de Jama shiteiru",,俺の脳内選択肢が、学園ラブコメを全力で邪魔している,Manga,2112,6.9,2013,https://cdn.myanimelist.net/images/manga/2/158067l.jpg
591,Red Fox,Red Fox,붉은 여우,Manhwa,653,6.9,2013,https://cdn.myanimelist.net/images/manga/1/264250l.jpg
591,Shinigami x Doctor,,シニガミ×ドクター,Manga,2289,6.9,2013,https://cdn.myanimelist.net/images/manga/1/115483l.jpg
596,"Diabolik Lovers More,Blood Anthology",,"DIABOLIK LOVERS MORE,BLOOD アンソロジー",Manga,1723,6.89,2013,https://cdn.myanimelist.net/images/manga/3/115921l.jpg
596,Futanari! Oshioki Time,,ふたなりっ！おしおきタイム,Doujinshi,680,6.89,2013,https://cdn.myanimelist.net/images/manga/1/146153l.jpg
596,Glass Mukou no Ano Ko,,ガラス向こうのあのコ,One-shot,1581,6.89,2013,https://cdn.myanimelist.net/images/manga/4/101711l.jpg
596,Green Worldz,Green Worldz,GREEN WORLDZ,Manga,16282,6.89,2013,https://cdn.myanimelist.net/images/manga/1/128603l.jpg
596,Ikusen no Toki wo Koete,,幾千の刻を越えて,Manga,952,6.89,2013,https://cdn.myanimelist.net/images/manga/1/118497l.jpg
596,Joushi to Ore no Himitsu,The Secret Between a Boss and Me,上司と俺のヒミツ,Manga,958,6.89,2013,https://cdn.myanimelist.net/images/manga/2/161096l.jpg
596,Little Witch Academia,,リトルウィッチアカデミア,Manga,4357,6.89,2013,https://cdn.myanimelist.net/images/manga/2/172298l.jpg
596,Love Comedy♥,,LOVEこめっ♥,Manga,539,6.89,2013,https://cdn.myanimelist.net/images/manga/2/99891l.jpg
596,Mikagura Gakuen Kumikyoku,Mikagura School Suite: The Manga Companion,ミカグラ学園組曲,Manga,1478,6.89,2013,https://cdn.myanimelist.net/images/manga/1/111807l.jpg
596,Momoiro Triangle,Peachy Triangle,桃色トライアングル,Manga,517,6.89,2013,https://cdn.myanimelist.net/images/manga/3/94213l.jpg
596,Namaiki na Ryouken no Shitsukekata,,生意気な猟犬の躾け方,Manga,795,6.89,2013,https://cdn.myanimelist.net/images/manga/1/99781l.jpg
596,Ningen Igai ja Dame desu ka?,,人間以外じゃダメですか？,Manga,602,6.89,2013,https://cdn.myanimelist.net/images/manga/1/101781l.jpg
596,Ore no Kanojo to Osananajimi ga Shuraba sugiru Comic Anthology,,俺の彼女と幼なじみが修羅場すぎる コミックアンソロジー,Manga,629,6.89,2013,https://cdn.myanimelist.net/images/manga/2/149105l.jpg
596,Sayonara Alter: Nakatani Nio Tanpenshuu,Farewell to My Alter,仲谷鳰短編集 さよならオルタ,Manga,1060,6.89,2013,https://cdn.myanimelist.net/images/manga/1/246736l.jpg
596,Stella to Mille Feuille,,ステラとミルフィユ,Manga,3272,6.89,2013,https://cdn.myanimelist.net/images/manga/3/127423l.jpg
596,Yankee-kun na Yamada-kun to Megane-chan to Majo,,ヤンキー君な山田くんとメガネちゃんと魔女,One-shot,3369,6.89,2013,https://cdn.myanimelist.net/images/manga/2/109759l.jpg
596,Youkai Kyoushitsu,Junji Ito's Dissolving Classroom,溶解教室,Manga,26754,6.89,2013,https://cdn.myanimelist.net/images/manga/1/149388l.jpg
596,Yuujou ka Yokujou ka!?,,友情か欲情かっ！？,One-shot,337,6.89,2013,https://cdn.myanimelist.net/images/manga/2/97091l.jpg
614,Angel Beats! The 4-koma: Osora no Shinda Sekai kara,,Angel Beats! The4コマ お空の死んだ世界から,Manga,1383,6.88,2013,https://cdn.myanimelist.net/images/manga/1/176835l.jpg
614,Eikyuu Shoujo,,永久少女,One-shot,1882,6.88,2013,https://cdn.myanimelist.net/images/manga/5/93783l.jpg
614,Gendai Mahoutsukai no Okiniiri,Modern Witch & Her Dearest,現代魔法使いのお気に入り,Manga,1138,6.88,2013,https://cdn.myanimelist.net/images/manga/1/247642l.jpg
614,Hahaoya Shikkaku: Elite Oyako no M Buta Netorare Tenraku Jinsei,,母親失格・エリート親子のM豚寝取られ転落人生,Doujinshi,772,6.88,2013,https://cdn.myanimelist.net/images/manga/1/94313l.jpg
614,Hanger,Hanger,HANGER―執行人―,Manga,957,6.88,2013,https://cdn.myanimelist.net/images/manga/2/206212l.jpg
614,Hyakunen Kesshou Mokuroku,The Hundred-Year Crystal Catalogue,百年結晶目録,Manga,1277,6.88,2013,https://cdn.myanimelist.net/images/manga/5/142171l.jpg
614,Mahoutsukai no Deshi ga Warau Toki.,When a Magician's Pupil Smiles,魔法使いの弟子が笑う時。,Manga,1839,6.88,2013,https://cdn.myanimelist.net/images/manga/3/146533l.jpg
614,Rebirth Knight,,리버스 나이트,Manhwa,1920,6.88,2013,https://cdn.myanimelist.net/images/manga/4/124355l.jpg
622,Code Geass: Boukoku no Akito,Code Geass: Akito the Exiled,コードギアス 亡国のアキト,Light Novel,983,6.87,2013,https://cdn.myanimelist.net/images/manga/2/170698l.jpg
622,Dounen Hakai: Ookami to Nanahiki no Kohitsuji,The Wolf and the Seven Young Goats.,童年破壊～狼と七匹の子羊～,Doujinshi,625,6.87,2013,https://cdn.myanimelist.net/images/manga/2/150893l.jpg
622,Fukufuku Fu-nya~n: Koneko da Nyan,FukuFuku: Kitten Tales,ふくふくふにゃ～ん 子猫だにゃん,Manga,772,6.87,2013,https://cdn.myanimelist.net/images/manga/2/144735l.jpg
622,Koko dake no Hanashi.,,ここだけのはなし。,Manga,750,6.87,2013,https://cdn.myanimelist.net/images/manga/1/272943l.jpg
622,Mangaka-san to Assistant-san to 2,,マンガ家さんとアシスタントさんと2,Manga,7719,6.87,2013,https://cdn.myanimelist.net/images/manga/2/130741l.jpg
622,Niizuma Osenaka Nagashimasu,,にーづまお背中流します,Manga,354,6.87,2013,https://cdn.myanimelist.net/images/manga/1/166378l.jpg
622,Ore to Kawazu-san no Isekai Hourouki,,俺と蛙さんの異世界放浪記,Light Novel,704,6.87,2013,https://cdn.myanimelist.net/images/manga/1/186490l.jpg
622,Prototype Lolita,,プロトタイプロリータ,Manga,890,6.87,2013,https://cdn.myanimelist.net/images/manga/3/250301l.jpg
622,Shiryoku Kensa,,シリョクケンサ,Manga,2433,6.87,2013,https://cdn.myanimelist.net/images/manga/2/114965l.jpg
622,Yukionna Gensou: Michiyuki-hen,,雪女幻想 みちゆき篇,Manga,888,6.87,2013,https://cdn.myanimelist.net/images/manga/1/150633l.jpg
632,Baki Gaiden: Kenjin,,バキ外伝 拳刃,Manga,2730,6.86,2013,https://cdn.myanimelist.net/images/manga/3/126057l.jpg
632,Danshigurashi,,ダンシグラシ,Manga,806,6.86,2013,https://cdn.myanimelist.net/images/manga/3/144093l.jpg
632,Imouto ga Kita!,,妹が来た！,One-shot,530,6.86,2013,https://cdn.myanimelist.net/images/manga/3/106873l.jpg
632,Koi to Yokubou no Susume,,恋と欲望のススメ,Manga,3254,6.86,2013,https://cdn.myanimelist.net/images/manga/3/151292l.jpg
632,Komori Quintet!,,こもりクインテット!,Manga,577,6.86,2013,https://cdn.myanimelist.net/images/manga/1/156359l.jpg
632,Maoyuu Maou Yuusha: Comic Anthology,,まおゆう魔王勇者 コミックアンソロジー,Manga,1054,6.86,2013,https://cdn.myanimelist.net/images/manga/2/120011l.jpg
632,Osananajimi no Kahanshin Jijou,Just Between Friends,幼馴染みの下半身事情,Manga,527,6.86,2013,https://cdn.myanimelist.net/images/manga/3/235079l.jpg
632,SSG: Meimon Danshikou Keppuroku,,SSG ～名門男子校血風録～,Manga,2601,6.86,2013,https://cdn.myanimelist.net/images/manga/1/152731l.jpg
632,Wana Love: Wanna Be the Honey Trap.,,ワナ・ラブ ～wanna be the honey trap.～,Manga,504,6.86,2013,https://cdn.myanimelist.net/images/manga/2/126215l.jpg
641,Amarimawari,,あまりまわり,Manga,5730,6.85,2013,https://cdn.myanimelist.net/images/manga/3/158527l.jpg
641,Chouko to Ippon Shoubu nanoda!,,蝶子と一本勝負なのだ!,One-shot,747,6.85,2013,https://cdn.myanimelist.net/images/manga/3/88127l.jpg
641,"Kirakira Namida: Koishiteta, Aishiteta",,キラキラナミダ ～恋してた、愛してた～,One-shot,1209,6.85,2013,https://cdn.myanimelist.net/images/manga/5/111303l.jpg
641,Kodoku no Mori no Majo,,孤独の森の魔女,Doujinshi,569,6.85,2013,https://cdn.myanimelist.net/images/manga/3/230661l.jpg
641,Mahou Shoujo Site,Magical Girl Site,魔法少女サイト,Manga,40235,6.85,2013,https://cdn.myanimelist.net/images/manga/2/118501l.jpg
641,Melty Moment,,MeltyMoment -メルティモーメント-,Manga,498,6.85,2013,https://cdn.myanimelist.net/images/manga/1/141445l.jpg
641,Mukidashi no Koi,,むきだしの恋,Manga,1965,6.85,2013,https://cdn.myanimelist.net/images/manga/2/153998l.jpg
641,Onee na Kareshi to Boyish Kanojo,,オネエな彼氏とボーイッシュ彼女,Manga,610,6.85,2013,https://cdn.myanimelist.net/images/manga/2/192210l.jpg
641,Otogi Taisen Phantasma,,御伽大戦 ファンタズマ,Manga,1740,6.85,2013,https://cdn.myanimelist.net/images/manga/3/188956l.jpg
641,Tengen Toppa Gurren Lagann: Otoko Ippiki-hen,,天元突破グレンラガン 男一匹編,Manga,806,6.85,2013,https://cdn.myanimelist.net/images/manga/1/131499l.jpg
641,Unknown,,UNKNOWN,Manga,959,6.85,2013,https://cdn.myanimelist.net/images/manga/2/147855l.jpg
652,Black Yome ni Yoroshiku!,Regards to Black Wife!,ブラック嫁によろしく！,Manga,2036,6.84,2013,https://cdn.myanimelist.net/images/manga/1/188980l.jpg
652,Do S Joshi-kai,,ドS女子会,Manga,547,6.84,2013,https://cdn.myanimelist.net/images/manga/1/160436l.jpg
652,Enjokousai,,援JK祭,Manga,711,6.84,2013,https://cdn.myanimelist.net/images/manga/2/154921l.jpg
652,Jibun Katte.,,自分勝手。,Manga,2934,6.84,2013,https://cdn.myanimelist.net/images/manga/3/175506l.jpg
652,Kiss shite Yowamushi-kun!,Please kiss me Yowamushi-kun!,キスして弱虫くん！,Manga,3760,6.84,2013,https://cdn.myanimelist.net/images/manga/2/172290l.jpg
652,Lock Up: Warera Akatsuki Pro Wrestling-dan,,ロックアップ 我等 あかつきプロレス団,Manga,513,6.84,2013,https://cdn.myanimelist.net/images/manga/3/107867l.jpg
652,"Medete, Junjou",,愛でて、純情,Manga,1904,6.84,2013,https://cdn.myanimelist.net/images/manga/2/168929l.jpg
652,Moukin-chan,,猛禽ちゃん,Manga,918,6.84,2013,https://cdn.myanimelist.net/images/manga/3/160059l.jpg
652,Shiro no Koukoku Monogatari,,白の皇国物語,Manga,6195,6.84,2013,https://cdn.myanimelist.net/images/manga/1/186493l.jpg
652,Ureta Karada no Hatsujouki,Estral Mature Woman,熟れた躰の発情期,Manga,581,6.84,2013,https://cdn.myanimelist.net/images/manga/1/186742l.jpg
652,Yoru ga Aketemo,,夜が明けても,Manga,1031,6.84,2013,https://cdn.myanimelist.net/images/manga/1/166351l.jpg
652,Yuusha ni Narenakatta Ore wa Shibushibu Shuushoku wo Ketsui Shimashita.,,勇者になれなかった俺はしぶしぶ就職を決意しました。,Manga,2996,6.84,2013,https://cdn.myanimelist.net/images/manga/3/158591l.jpg
664,Akkun to Kanojo,,あっくんとカノジョ,Manga,3778,6.83,2013,https://cdn.myanimelist.net/images/manga/3/117389l.jpg
664,As You Like: Metamorphosis,,As You Like―メタモルフォーゼ―,Manga,684,6.83,2013,https://cdn.myanimelist.net/images/manga/1/161394l.jpg
664,Coppelion Site Story,,COPPELION SITE STORY,Manga,543,6.83,2013,https://cdn.myanimelist.net/images/manga/2/139019l.jpg
664,Dear My Girl,,Dear My Girl,Doujinshi,681,6.83,2013,https://cdn.myanimelist.net/images/manga/2/195404l.jpg
664,Fubin BL,,不憫BL,Manga,1699,6.83,2013,https://cdn.myanimelist.net/images/manga/3/262389l.jpg
664,"Kanojo ga Flag wo Oraretara: Ooyuusha yo, Flag wo Tateteshimau to wa Nanigoto da!?",,彼女がフラグをおられたら おお勇者よ、フラグを立ててしまうとは何事だ!?,Manga,676,6.83,2013,https://cdn.myanimelist.net/images/manga/2/160733l.jpg
664,Sekisei Inko,,セキセイインコ,Manga,3211,6.83,2013,https://cdn.myanimelist.net/images/manga/3/156243l.jpg
664,Shiny Doll,,シャイニードール,Manga,6791,6.83,2013,https://cdn.myanimelist.net/images/manga/1/126795l.jpg
664,Tonari no Juunin,,となりの住人,Manga,486,6.83,2013,https://cdn.myanimelist.net/images/manga/3/105055l.jpg
664,Vivid Cherry,,ビビッドチェリー,Manga,3938,6.83,2013,https://cdn.myanimelist.net/images/manga/1/125205l.jpg
674,"17-sai, Kiss to Dilemma",,17歳、キスとジレンマ,Manga,7445,6.82,2013,https://cdn.myanimelist.net/images/manga/3/175170l.jpg
674,Bokunchi no Kaseifu-san,The Maid at My House,僕んちの家政婦さん,Manga,1102,6.82,2013,https://cdn.myanimelist.net/images/manga/1/219535l.jpg
674,Haisha nante Kirai da!,,歯医者なんてキライだ！,Manga,1692,6.82,2013,https://cdn.myanimelist.net/images/manga/1/131081l.jpg
674,"Itoshii, to Iu Koto",,いとしい、ということ,Manga,2374,6.82,2013,https://cdn.myanimelist.net/images/manga/1/96433l.jpg
674,Kimi dake ni,I Only Love You...,きみだけに,Manga,523,6.82,2013,https://cdn.myanimelist.net/images/manga/3/312015l.jpg
674,Koi to Natsu Tsubaki,,恋とナツツバキ,Manga,1399,6.82,2013,https://cdn.myanimelist.net/images/manga/5/109661l.jpg
674,Logick,Logick,ロジック,Manga,1289,6.82,2013,https://cdn.myanimelist.net/images/manga/2/128595l.jpg
674,Mitsuba Ouji to Ibara no Shukujo,,三つ葉王子といばらの淑女,One-shot,1000,6.82,2013,https://cdn.myanimelist.net/images/manga/1/102447l.jpg
674,Sex Friend no Heart no Tsukamikata,,セフレのハートの掴み方,Manga,447,6.82,2013,https://cdn.myanimelist.net/images/manga/3/168438l.jpg
674,"Yokosu Inu, Mekuru Yoru",A Stray Dog in the Night,寄越す犬、めくる夜,Manga,612,6.82,2013,https://cdn.myanimelist.net/images/manga/3/216086l.jpg
684,Dungeon Meshi,,ダンジョン飯,One-shot,616,6.81,2013,https://cdn.myanimelist.net/images/manga/3/309932l.jpg
684,Esoragoto Note,,絵空事ノート,Manga,1461,6.81,2013,https://cdn.myanimelist.net/images/manga/2/97855l.jpg
684,Hakuouki SSL,,薄桜鬼SSL ～sweet school life～,Manga,824,6.81,2013,https://cdn.myanimelist.net/images/manga/1/166719l.jpg
684,Hangyaku no Kage Tsukai,,反逆の影使い,Manga,1341,6.81,2013,https://cdn.myanimelist.net/images/manga/2/107543l.jpg
684,Hatsukoi Wazurai,,初恋わずらい,Manga,10399,6.81,2013,https://cdn.myanimelist.net/images/manga/2/119581l.jpg
684,Kakafukaka,Kakafukaka,カカフカカ,Manga,2217,6.81,2013,https://cdn.myanimelist.net/images/manga/1/178713l.jpg
684,Kimi wa Junjou Incubus,,君は純情淫魔〈インキュバス〉,Manga,437,6.81,2013,https://cdn.myanimelist.net/images/manga/2/143973l.jpg
684,Kuusen Madoushi Kouhosei no Kyoukan,,空戦魔導士候補生の教官,Light Novel,1488,6.81,2013,https://cdn.myanimelist.net/images/manga/1/131775l.jpg
684,Mahou Shoujo Suzune★Magica,Puella Magi Suzune★Magica,魔法少女すずね★マギカ,Manga,4198,6.81,2013,https://cdn.myanimelist.net/images/manga/3/107537l.jpg
684,Oldman,,OLDMAN奧德曼,Manhua,3925,6.81,2013,https://cdn.myanimelist.net/images/manga/3/105329l.jpg
684,Onigashima no Iinazuke,Oni Bride,鬼ヶ島の許嫁,Manga,620,6.81,2013,https://cdn.myanimelist.net/images/manga/3/150796l.jpg
684,Risou no Yuuwaku,Temptation of an Ideal,理想の誘惑,Manga,314,6.81,2013,https://cdn.myanimelist.net/images/manga/3/165101l.jpg
684,Samishii Hito,,さみしいひと,Manga,869,6.81,2013,https://cdn.myanimelist.net/images/manga/1/158233l.jpg
684,Sayonara Kodomotachi,,さよなら子供たち,One-shot,1046,6.81,2013,https://cdn.myanimelist.net/images/manga/3/105955l.jpg
684,Sendai Yuusha wa Inkyo Shitai,,先代勇者は隠居したい,Light Novel,705,6.81,2013,https://cdn.myanimelist.net/images/manga/1/177566l.jpg
684,Wootan to Fumi,Wootan and Fumi,うーたんとふみ,Manga,551,6.81,2013,https://cdn.myanimelist.net/images/manga/2/154829l.jpg
700,Absolute Duo,Absolute Duo,アブソリュート・デュオ,Manga,8914,6.8,2013,https://cdn.myanimelist.net/images/manga/1/148013l.jpg
700,Bu Sha,,不殺,Manhua,676,6.8,2013,https://cdn.myanimelist.net/images/manga/2/97803l.jpg
700,Dojikko Pantsu,,ドジっこぱんつ,Manga,509,6.8,2013,https://cdn.myanimelist.net/images/manga/1/237179l.jpg
700,Ecchi♥Milk,,えっち♥みるく,Manga,495,6.8,2013,https://cdn.myanimelist.net/images/manga/2/156725l.jpg
700,Hatsukoi Elektra,,発恋エレクトラ,Manga,291,6.8,2013,https://cdn.myanimelist.net/images/manga/1/141783l.jpg
700,Koh-Boku,,KOH-BOKU〈コーボク〉,Manga,439,6.8,2013,https://cdn.myanimelist.net/images/manga/1/226408l.jpg
700,Koi ga Saku Koro Sakura Doki: Charming Scarlet,,恋がさくころ桜どき -Charming scarlet-,Manga,1081,6.8,2013,https://cdn.myanimelist.net/images/manga/1/158553l.jpg
700,Koisuru Taka wa Tsume wo Kakusu,The Falcon Hides His Love,恋する鷹はツメを隠す,Manga,1496,6.8,2013,https://cdn.myanimelist.net/images/manga/2/189107l.jpg
700,Memento Mori,,めめんと森,Manga,1698,6.8,2013,https://cdn.myanimelist.net/images/manga/3/167277l.jpg
700,Natsumichi Drive,,なつみちドライブ,Manga,856,6.8,2013,https://cdn.myanimelist.net/images/manga/1/206458l.jpg
700,Non-Human Life,,のんひゅーまんらいふ,Manga,582,6.8,2013,https://cdn.myanimelist.net/images/manga/3/203345l.jpg
700,Pocket Monsters Special: Shirogane-Yama Shuugyou-hen,,ポケットモンスターSPECIAL シロガネ山修業編,Manga,379,6.8,2013,https://cdn.myanimelist.net/images/manga/3/234861l.jpg
700,Rose Guns Days: Season 2,Rose Guns Days: Season 2,ROSE GUNS DAYS Season2,Manga,615,6.8,2013,https://cdn.myanimelist.net/images/manga/1/115989l.jpg
700,Sakai no Musume: Cat in the Car,,砂海の娘 -CAT IN THE CAR-,Manga,512,6.8,2013,https://cdn.myanimelist.net/images/manga/2/164074l.jpg
700,Seikousai,School Love Festival♥,性交祭,Manga,520,6.8,2013,https://cdn.myanimelist.net/images/manga/1/160395l.jpg
700,Suki ni Natte wa Ikenai Hito,,好きになってはいけない人,Manga,769,6.8,2013,https://cdn.myanimelist.net/images/manga/3/164104l.jpg
700,Tenshi-chan to Akuma-kun,My Angel is Devil,てんしちゃんとあくまくん,Manga,1151,6.8,2013,https://cdn.myanimelist.net/images/manga/1/117463l.jpg
700,Trap,,TRAP,Manga,2148,6.8,2013,https://cdn.myanimelist.net/images/manga/1/140213l.jpg
718,Bitch Stream,,びっちストリーム,Manga,622,6.79,2013,https://cdn.myanimelist.net/images/manga/1/180136l.jpg
718,BlazBlue,,BLAZBLUE －ブレイブルー－,Manga,953,6.79,2013,https://cdn.myanimelist.net/images/manga/3/113585l.jpg
718,Cherry Teacher Sakura Naoki,,CHERRY TEACHER 佐倉直生,Manga,5048,6.79,2013,https://cdn.myanimelist.net/images/manga/2/188825l.jpg
718,Chichi Yuri Girls,,ちちゆりガールズ,Manga,1091,6.79,2013,https://cdn.myanimelist.net/images/manga/2/152879l.jpg
718,Drag-On Dragoon: Utahime Five,,どらっぐ おん どらぐーん ウタヒメファイブ,Manga,2176,6.79,2013,https://cdn.myanimelist.net/images/manga/2/114619l.jpg
718,Mari no Kakuu Sekai,,マリーの架空世界,One-shot,555,6.79,2013,https://cdn.myanimelist.net/images/manga/1/157432l.jpg
718,Motoka no★Shokudou,,モトカノ★食堂,Manga,695,6.79,2013,https://cdn.myanimelist.net/images/manga/3/235963l.jpg
718,SE,System Engineer,SE,Manga,9842,6.79,2013,https://cdn.myanimelist.net/images/manga/3/112467l.jpg
718,Shisen no Saki ni,,視線の先に,One-shot,542,6.79,2013,https://cdn.myanimelist.net/images/manga/1/89305l.jpg
718,Yuujou Kakin Karman Gain,,友情課金カルマンゲイン,Manga,402,6.79,2013,https://cdn.myanimelist.net/images/manga/1/115685l.jpg
728,Chrono Monochrome,,クロノ・モノクローム,Manga,1348,6.78,2013,https://cdn.myanimelist.net/images/manga/2/123581l.jpg
728,"Hajimete, Kanojo to.",The Conditions of Paradise: Our First Time,初めて、彼女と。,Manga,1877,6.78,2013,https://cdn.myanimelist.net/images/manga/3/105079l.jpg
728,Hanakaku,,ハナカク,Manga,2126,6.78,2013,https://cdn.myanimelist.net/images/manga/2/166224l.jpg
728,Heart wo Nusumu no wa Dare da,,ハートを盗むのは誰だ,Manga,845,6.78,2013,https://cdn.myanimelist.net/images/manga/3/87315l.jpg
728,Hoshi Furu Makiba!,,星降るまきば!,Manga,633,6.78,2013,https://cdn.myanimelist.net/images/manga/2/269668l.jpg
728,Junren,,じゅんれん,Manga,535,6.78,2013,https://cdn.myanimelist.net/images/manga/1/160382l.jpg
728,Kill la Kill,KILL la KILL,キルラキル,Manga,16953,6.78,2013,https://cdn.myanimelist.net/images/manga/1/108467l.jpg
728,Koi Maguwai,,恋まぐわい,Manga,878,6.78,2013,https://cdn.myanimelist.net/images/manga/1/151805l.jpg
728,Mario,,マリオ,One-shot,5743,6.78,2013,https://cdn.myanimelist.net/images/manga/1/262159l.jpg
728,Milk Dip,,ミルクヂイップ,Manga,1052,6.78,2013,https://cdn.myanimelist.net/images/manga/1/102591l.jpg
728,Natsu no Omoide,,夏のおもいで,One-shot,449,6.78,2013,https://cdn.myanimelist.net/images/manga/3/164217l.jpg
728,Nijikuro Gakuen no Nijichou: Seikatsu Shidou-hen,,虹黒学園の日常 ～生活指導編～,One-shot,1653,6.78,2013,https://cdn.myanimelist.net/images/manga/2/103163l.jpg
728,Silent Kiss,,サイレント・キス,Manga,4854,6.78,2013,https://cdn.myanimelist.net/images/manga/3/269038l.jpg
728,Wallman,,Wallman-ウォールマン-,Manga,11024,6.78,2013,https://cdn.myanimelist.net/images/manga/2/165375l.jpg
728,Yoake e no Senkou,,夜明けへの閃光,Manga,834,6.78,2013,https://cdn.myanimelist.net/images/manga/3/250476l.jpg
743,Crime Crime: Hard Luck Woman,,クライムクライム hard luck woman,One-shot,688,6.77,2013,https://cdn.myanimelist.net/images/manga/1/88519l.jpg
743,Hanayome wa Okusan,,花嫁は奥さん,Manga,920,6.77,2013,https://cdn.myanimelist.net/images/manga/3/116411l.jpg
743,Killing Bites,Killing Bites,キリングバイツ,Manga,16580,6.77,2013,https://cdn.myanimelist.net/images/manga/1/293828l.jpg
743,Kuusou Spin Flower,Fancy Spinflower,空想スピンフラワ,Manga,738,6.77,2013,https://cdn.myanimelist.net/images/manga/3/132647l.jpg
743,Mongrel,MONGREL,モングレル,Manga,955,6.77,2013,https://cdn.myanimelist.net/images/manga/2/139225l.jpg
743,Neko to Watashi no Kinyoubi,,猫と私の金曜日,Manga,3725,6.77,2013,https://cdn.myanimelist.net/images/manga/1/163559l.jpg
743,Ramen Daisuki Koizumi-san,Ms. Koizumi Loves Ramen Noodles.,ラーメン大好き小泉さん,Manga,2943,6.77,2013,https://cdn.myanimelist.net/images/manga/2/193985l.jpg
743,Tatta Hitori no Youheidan,,たったひとりの傭兵団,Doujinshi,828,6.77,2013,https://cdn.myanimelist.net/images/manga/1/101771l.jpg
743,Tokku Hakkenshi [code:T-8],District Hakkenshi [code:T-8],特区八犬士 [code:T-8],Manga,984,6.77,2013,https://cdn.myanimelist.net/images/manga/1/159059l.jpg
752,Ao ni Koubou,The shaft of light in the blue.,青に光芒,Manga,388,6.76,2013,https://cdn.myanimelist.net/images/manga/2/151908l.jpg
752,Atatamete Kureru Hito.,"Heat Up, Warm Up.",あたためてくれるひと。,Manga,443,6.76,2013,https://cdn.myanimelist.net/images/manga/2/222234l.jpg
752,Cheerful Days,,チアフルデイズ,Manga,526,6.76,2013,https://cdn.myanimelist.net/images/manga/2/113435l.jpg
752,Diabolik Lovers: Sequel,,DIABOLIK LOVERS Sequel,Manga,1646,6.76,2013,https://cdn.myanimelist.net/images/manga/2/154933l.jpg
752,Hanyuu-sensei no Ryou Seikatsu,,羽生センセイの寮生活,Manga,1298,6.76,2013,https://cdn.myanimelist.net/images/manga/1/182290l.jpg
752,Ka-Non,,KA‐NON かりん×碧海のAiON 影崎由那短編集,Manga,476,6.76,2013,https://cdn.myanimelist.net/images/manga/2/136267l.jpg
752,Kasou Ryouiki no Elysion,Elysion Virtual Region,仮想領域のエリュシオン,Light Novel,921,6.76,2013,https://cdn.myanimelist.net/images/manga/1/163378l.jpg
752,Koi wa Hikari,,恋は光,Manga,2697,6.76,2013,https://cdn.myanimelist.net/images/manga/1/152602l.jpg
752,Magical Nipple Kiss♥,,MAGICAL NIPPLE KISS♥,Doujinshi,1008,6.76,2013,https://cdn.myanimelist.net/images/manga/3/160332l.jpg
752,Occult Maiden: Hi Shou - Oni wo Tsugu Shounen,Occult Maiden: Cultural Depictions of Exorcist and Ghost,オカルトメイデン 陽章 鬼を継ぐ少年,Manga,1241,6.76,2013,https://cdn.myanimelist.net/images/manga/3/163460l.jpg
752,Oubou Ookami to Shoushin Akazukin,,横暴オオカミと小心赤ずきん,One-shot,2268,6.76,2013,https://cdn.myanimelist.net/images/manga/1/88239l.jpg
752,Petit♥Cawa,,ぷち♥きゃわ,Manga,606,6.76,2013,https://cdn.myanimelist.net/images/manga/2/156761l.jpg
752,"Sawarasete yo, Shiba-kun",,さわらせてよ、シーバくん,One-shot,1188,6.76,2013,https://cdn.myanimelist.net/images/manga/3/113235l.jpg
752,Shin Megami Tensei IV: Demonic Gene,,真・女神転生IV DEMONIC GENE,Manga,727,6.76,2013,https://cdn.myanimelist.net/images/manga/2/182110l.jpg
752,World Customize Creator,World Customize Creator,ワールド・カスタマイズ・クリエーター,Manga,24586,6.76,2013,https://cdn.myanimelist.net/images/manga/3/193979l.jpg
767,Analism,,アナリズム,Manga,796,6.75,2013,https://cdn.myanimelist.net/images/manga/3/92795l.jpg
767,Boku no Ojiichan wa Hen na Hanashi suru!,My Grandpa's Stories Can't Be This Weird!,僕のおじいちゃんが変な話する！,Manga,353,6.75,2013,https://cdn.myanimelist.net/images/manga/3/131073l.jpg
767,Houkago no Sukima,Gap After School,放課後のスキマ,Manga,571,6.75,2013,https://cdn.myanimelist.net/images/manga/1/160428l.jpg
767,Katagiri Shimai,,片桐姉妹,One-shot,338,6.75,2013,https://cdn.myanimelist.net/images/manga/1/98037l.jpg
767,Mesuhame Ikizome,,メスはめイキぞめ,Manga,610,6.75,2013,https://cdn.myanimelist.net/images/manga/3/199481l.jpg
767,"Musunde, Hodoite, Kiss wo Shite","Tie Me, Unravel Me, Kiss Me",結んで、ほどいて、キスをして,Manga,567,6.75,2013,https://cdn.myanimelist.net/images/manga/1/224935l.jpg
767,Onihime,,鬼姫,One-shot,392,6.75,2013,https://cdn.myanimelist.net/images/manga/2/103485l.jpg
767,Ore no Suki na Ko ga Buracon sugiru!!,,俺のスキな子がブラコンすぎる!!,Manga,484,6.75,2013,https://cdn.myanimelist.net/images/manga/1/159547l.jpg
767,Takato Shounen no Jikenbo,Kindaichi Case Files: Takato's Side,高遠少年の事件簿,Manga,793,6.75,2013,https://cdn.myanimelist.net/images/manga/3/125799l.jpg
776,"17-sai, Hajimete: Hatsunetsu",,17歳、はじめて~発熱~,Manga,1774,6.74,2013,https://cdn.myanimelist.net/images/manga/1/188584l.jpg
776,A-Size,,Aサイズ,Manga,1015,6.74,2013,https://cdn.myanimelist.net/images/manga/3/150235l.jpg
776,Aioimusubi,,相生結び,Manga,2505,6.74,2013,https://cdn.myanimelist.net/images/manga/1/155668l.jpg
776,Aisaresugi Confusion,,あいされすぎコンフュージョン,Manga,1672,6.74,2013,https://cdn.myanimelist.net/images/manga/3/186207l.jpg
776,Aoku Kiyoku,"Blue, clean",青く清く,Manga,298,6.74,2013,https://cdn.myanimelist.net/images/manga/3/194357l.jpg
776,Beauty♥Bunny,Beauty Bunny,ビューティー♥バニィ,Manga,3263,6.74,2013,https://cdn.myanimelist.net/images/manga/3/143063l.jpg
776,"Blue Moon, Blue: Between the Sheets",,"Blue Moon, Blue ～between the sheets～",Manga,334,6.74,2013,https://cdn.myanimelist.net/images/manga/1/223609l.jpg
776,Boyfriend no Jouken,Boyfriend Requirement,ボーイフレンドの条件,Manga,1390,6.74,2013,https://cdn.myanimelist.net/images/manga/1/171559l.jpg
776,Elf no Yomeiri,Elven Bride,エルフの嫁入り,Manga,660,6.74,2013,https://cdn.myanimelist.net/images/manga/3/196798l.jpg
776,Inu to Watashi no Kazoku Jijou,,狼〈イヌ〉と私の家族事情,One-shot,296,6.74,2013,https://cdn.myanimelist.net/images/manga/3/226632l.jpg
776,Kocchi Muite! Sensei,,こっちむいて！先生,One-shot,302,6.74,2013,https://cdn.myanimelist.net/images/manga/3/98561l.jpg
776,Koisuru Onnanoko wa Itsumo,Love Makes a Life Girly,恋する女の子はいつも,Manga,865,6.74,2013,https://cdn.myanimelist.net/images/manga/3/153426l.jpg
776,Mamire Chichi,,まみれ乳,Manga,925,6.74,2013,https://cdn.myanimelist.net/images/manga/3/92281l.jpg
776,New Normal: Class 8,New Normal: Class 8,평범한 8반,Manhwa,311,6.74,2013,https://cdn.myanimelist.net/images/manga/1/262809l.jpg
776,Ougon no Ringo,Golden apples,黄金のリンゴ,Manga,1705,6.74,2013,https://cdn.myanimelist.net/images/manga/1/181207l.jpg
776,Tsukiyoda Sadame no Sekai no Sukuikata,How to Save the World by Sadame Tsukiyoda,月夜田定の世界の救い方,Manga,1034,6.74,2013,https://cdn.myanimelist.net/images/manga/1/120685l.jpg
792,Aibenki: Tonari no Dosukebe Oneesan,,愛便器 隣の絶倫〈ドスケベ〉お姉さん,Manga,573,6.73,2013,https://cdn.myanimelist.net/images/manga/1/194000l.jpg
792,Bara no Oniwa no Kemono-tachi,Cat & Dog in Rose Garden,ばらのお庭のけものたち,Manga,306,6.73,2013,https://cdn.myanimelist.net/images/manga/2/228902l.jpg
792,Fugitto Amor,,フギット・アモール,One-shot,494,6.73,2013,https://cdn.myanimelist.net/images/manga/2/112457l.jpg
792,JK Nanka Kowakunai!,,JKなんかこわくない！,One-shot,787,6.73,2013,https://cdn.myanimelist.net/images/manga/3/94283l.jpg
792,Junjou x Bousou Honey,,純情×妄想ハニー,One-shot,662,6.73,2013,https://cdn.myanimelist.net/images/manga/2/89431l.jpg
792,"Kominami Shoutarou, Ie kara Deru wo Hajimemashita.",Shut-In Shoutarou Kominami Takes on the World,小南正太郎、家から出るをはじめました。,Manga,484,6.73,2013,https://cdn.myanimelist.net/images/manga/1/153752l.jpg
792,Mawaru Penguindrum,Penguindrum,輪るピングドラム,Manga,1837,6.73,2013,https://cdn.myanimelist.net/images/manga/3/167525l.jpg
792,Nishuukan Kareshi,,二週間彼氏,One-shot,1493,6.73,2013,https://cdn.myanimelist.net/images/manga/1/128499l.jpg
792,Onnanoko Awase,,女の子合わせ,Manga,1010,6.73,2013,https://cdn.myanimelist.net/images/manga/2/105061l.jpg
792,"Oshioki da yo, Shiba-kun",,おしおきだよ、シーバくん,One-shot,1539,6.73,2013,https://cdn.myanimelist.net/images/manga/2/114421l.jpg
792,S wa Fragile no S,,SはフラジールのS,Manga,520,6.73,2013,https://cdn.myanimelist.net/images/manga/3/221781l.jpg
792,"Tenchou, Koi desu.",,店長、恋です。,Manga,457,6.73,2013,https://cdn.myanimelist.net/images/manga/3/221975l.jpg
804,Ai no Binzoko.,,愛のびんぞこ。,Manga,2419,6.72,2013,https://cdn.myanimelist.net/images/manga/1/162548l.jpg
804,Ameiro no Toge,,あめいろの棘,One-shot,1289,6.72,2013,https://cdn.myanimelist.net/images/manga/3/123425l.jpg
804,Bitter Short Cakes,,ビターショートケイクス,One-shot,1319,6.72,2013,https://cdn.myanimelist.net/images/manga/3/116003l.jpg
804,Boku ni Koisuru Mechanical,Mechanical Love,僕に恋するメカニカル,Manga,4130,6.72,2013,https://cdn.myanimelist.net/images/manga/3/105469l.jpg
804,Chousuinou Kei: Makafushigi Jiken File,,超推脳KEI～摩訶不思議事件ファイル～,Manga,1207,6.72,2013,https://cdn.myanimelist.net/images/manga/1/150817l.jpg
804,Dice,Dice,다이스,Manhwa,10834,6.72,2013,https://cdn.myanimelist.net/images/manga/3/261754l.jpg
804,Hyakuren no Haou to Seiyaku no Valkyria,The Master of Ragnarok & Blesser of Einherjar,百錬の覇王と聖約の戦乙女〈ヴァルキュリア〉,Light Novel,1719,6.72,2013,https://cdn.myanimelist.net/images/manga/1/115133l.jpg
804,Iron Knight,,アイアンナイト,Manga,6600,6.72,2013,https://cdn.myanimelist.net/images/manga/2/155705l.jpg
804,"Kamisama, Kisama wo Koroshitai.",,神様、キサマを殺したい。,Manga,5425,6.72,2013,https://cdn.myanimelist.net/images/manga/3/132589l.jpg
804,Nureteru Hitozuma,,濡れてる人妻,Manga,365,6.72,2013,https://cdn.myanimelist.net/images/manga/2/125351l.jpg
804,Rules 2nd,,RULES 2nd,Manga,242,6.72,2013,https://cdn.myanimelist.net/images/manga/1/178607l.jpg
804,Shireba Shiru hodo,,知れば知るほど,One-shot,1601,6.72,2013,https://cdn.myanimelist.net/images/manga/1/137777l.jpg
804,Soukyuu no Lapis Lazuli,,蒼柩のラピスラズリ,Manga,4198,6.72,2013,https://cdn.myanimelist.net/images/manga/3/114455l.jpg
804,ēlDLIVE,élDLIVE,エルドライブ 【ēlDLIVE】,Manga,5237,6.72,2013,https://cdn.myanimelist.net/images/manga/1/173532l.jpg
818,Gyakushuu no Dragon Rider,Dragonrider Counterattack,逆襲のドラゴンライダー,Manga,683,6.71,2013,https://cdn.myanimelist.net/images/manga/2/170724l.jpg
818,Otonarisan Game,,お隣さんゲーム,Manga,1395,6.71,2013,https://cdn.myanimelist.net/images/manga/3/162170l.jpg
820,Ano Ko no Ie,,あの子の家,Manga,1750,6.7,2013,https://cdn.myanimelist.net/images/manga/1/132313l.jpg
820,Ashikokism,,アシコキズム,Manga,430,6.7,2013,https://cdn.myanimelist.net/images/manga/3/165617l.jpg
820,Gunjou Senki,War of the Youths,群青戦記 グンジョーセンキ,Manga,2562,6.7,2013,https://cdn.myanimelist.net/images/manga/1/197297l.jpg
820,Ibara no Kanmuri,Crown of Thorns,いばらの冠,Manga,964,6.7,2013,https://cdn.myanimelist.net/images/manga/3/166255l.jpg
820,Kimimachi Terminal,,君待ちターミナル,Manga,872,6.7,2013,https://cdn.myanimelist.net/images/manga/3/171832l.jpg
820,Kininaru Ano Ko,,気になるあの子,Manga,1143,6.7,2013,https://cdn.myanimelist.net/images/manga/3/155717l.jpg
820,Lost Man,,ロストマン,One-shot,1175,6.7,2013,https://cdn.myanimelist.net/images/manga/2/125237l.jpg
820,Megamori!,,めがもり!,Manga,388,6.7,2013,https://cdn.myanimelist.net/images/manga/2/248299l.jpg
820,Ore Koi!!,,俺コイ!! 俺物語×ニセコイ!!,Manga,6009,6.7,2013,https://cdn.myanimelist.net/images/manga/3/100739l.jpg
820,Ringouri no Utakata Shoujo,,林檎売りの泡沫少女,One-shot,724,6.7,2013,https://cdn.myanimelist.net/images/manga/2/113623l.jpg
820,Yuridori Midori,,ゆりどりみどり,Manga,663,6.7,2013,https://cdn.myanimelist.net/images/manga/2/150749l.jpg
831,35-sai Yarigorozuma,,35歳やりごろ妻,Manga,642,6.69,2013,https://cdn.myanimelist.net/images/manga/1/107061l.jpg
831,Area no Kishi Gaiden: Enokou Early Days,The Knight in the Area,エリアの騎士 外伝 ～江ノ高アーリーデイズ～,Manga,668,6.69,2013,https://cdn.myanimelist.net/images/manga/2/137945l.jpg
831,Hito Moe Iinkai,,ヒトモエ委員会,Manga,450,6.69,2013,https://cdn.myanimelist.net/images/manga/1/151784l.jpg
831,Iromeki x Girls,,色めき×ガールズ,Manga,652,6.69,2013,https://cdn.myanimelist.net/images/manga/3/174078l.jpg
831,Kalyx,Kalyx,カリュクス,Manga,904,6.69,2013,https://cdn.myanimelist.net/images/manga/2/116145l.jpg
831,"Koi, Koinegau",,恋、希う,One-shot,723,6.69,2013,https://cdn.myanimelist.net/images/manga/1/97765l.jpg
831,Musuko no Yome,,息子の嫁,Manga,1101,6.69,2013,https://cdn.myanimelist.net/images/manga/2/132221l.jpg
831,Sword Art Online: Celeste no Yousei,,ソードアート・オンライン チェレステの妖精,Light Novel,1336,6.69,2013,https://cdn.myanimelist.net/images/manga/4/148041l.jpg
831,Tsuki to Odoriko,,月と踊り子,One-shot,312,6.69,2013,https://cdn.myanimelist.net/images/manga/1/107043l.jpg
831,Usurai ni Saku,,薄氷に咲く,One-shot,389,6.69,2013,https://cdn.myanimelist.net/images/manga/2/88101l.jpg
841,Akumakko Shoukan Program Aku Collection,,悪魔っ娘召還プログラム 悪コレ,Manga,476,6.68,2013,https://cdn.myanimelist.net/images/manga/1/101827l.jpg
841,Brothers Conflict feat.Yusuke&Futo,,BROTHERS CONFLICT feat.Yusuke&Futo,Manga,964,6.68,2013,https://cdn.myanimelist.net/images/manga/1/113787l.jpg
841,Cat and Dog,,케덴독,Manhwa,848,6.68,2013,https://cdn.myanimelist.net/images/manga/1/189407l.jpg
841,Classmates!,CLASSMATES!,CLASSMATES！,Doujinshi,360,6.68,2013,https://cdn.myanimelist.net/images/manga/3/125323l.jpg
841,Kusakanmuri ni Bakeru to Kaite,"The ""Flow"" in Flower",くさかんむりに化けると書いて,Manga,369,6.68,2013,https://cdn.myanimelist.net/images/manga/3/228290l.jpg
841,Majo to Inma to Kawaii Odeshi Bangai-hen: Mahou Jukujo Karin☆Wilke,,魔女と淫魔とカワイイお弟子 tale番外編 魔法熟女カリン☆ヴィルケ,One-shot,357,6.68,2013,https://cdn.myanimelist.net/images/manga/1/114727l.jpg
841,Manin Densha to Watashi to Kare,,満員電車×私×彼,One-shot,3747,6.68,2013,https://cdn.myanimelist.net/images/manga/1/96473l.jpg
841,Mitsubo no Kokuhaku,,蜜母の告白,Manga,375,6.68,2013,https://cdn.myanimelist.net/images/manga/1/190146l.jpg
841,Mozaik Role,,モザイクロール,Manga,925,6.68,2013,https://cdn.myanimelist.net/images/manga/2/114967l.jpg
841,Seifuku Aventure,,制服あばんちゅーる,Manga,2095,6.68,2013,https://cdn.myanimelist.net/images/manga/3/187687l.jpg
841,Shichifuku Mafia,Seven Gods Familia Story,七福マフィア,Manga,986,6.68,2013,https://cdn.myanimelist.net/images/manga/3/142907l.jpg
841,Suki Style,Love Style,好きスタイル,Manga,516,6.68,2013,https://cdn.myanimelist.net/images/manga/1/256299l.jpg
841,Zero no Shiniki,My Name Is Zero,零の神域,Manga,1767,6.68,2013,https://cdn.myanimelist.net/images/manga/3/133285l.jpg
854,Aimitsu Caraméliser,,愛蜜キャラメリゼ,Manga,361,6.67,2013,https://cdn.myanimelist.net/images/manga/2/178708l.jpg
854,Amanojaku ni Koishite!,,あまのじゃくに恋して！,Manga,791,6.67,2013,https://cdn.myanimelist.net/images/manga/1/190476l.jpg
854,Amnesia Joker,,AMNESIA JOKER,Manga,993,6.67,2013,https://cdn.myanimelist.net/images/manga/1/144873l.jpg
854,Awfully Damn Kiss and Hug,,지독하게 끌어안고 지독하게 키스하고,Manhwa,4338,6.67,2013,https://cdn.myanimelist.net/images/manga/3/135451l.jpg
854,Gouin Sakka to Makeinu no Hatsukoi,,強引作家と負け犬の初恋,Manga,1189,6.67,2013,https://cdn.myanimelist.net/images/manga/1/146973l.jpg
854,Kenjutsu Komachi,,剣術小町,Manga,2013,6.67,2013,https://cdn.myanimelist.net/images/manga/3/142535l.jpg
854,Konna Karada de Ii no nara,Does This Strange Body Please You?,こんな軆でいいのなら,Manga,776,6.67,2013,https://cdn.myanimelist.net/images/manga/3/194083l.jpg
854,Ochitekita Naga to Horobiyuku Majo no Kuni,,落ちてきた龍王〈ナーガ〉と滅びゆく魔女の国,Manga,2256,6.67,2013,https://cdn.myanimelist.net/images/manga/3/104249l.jpg
854,Puzzle,,パズル,One-shot,1208,6.67,2013,https://cdn.myanimelist.net/images/manga/1/109387l.jpg
863,AV Gokko,Playtime AV,AVごっこ,Manga,1347,6.66,2013,https://cdn.myanimelist.net/images/manga/1/100591l.jpg
863,Believe Machine Gaiden,,ビリーヴ・マシーン 外伝,One-shot,480,6.66,2013,https://cdn.myanimelist.net/images/manga/2/92715l.jpg
863,Buchou wa Onee,,部長はオネエ,Manga,1229,6.66,2013,https://cdn.myanimelist.net/images/manga/1/160091l.jpg
863,Coward Cross World,,カワードクロスワールド,One-shot,295,6.66,2013,https://cdn.myanimelist.net/images/manga/2/240710l.jpg
863,Florist no Koi wa Saku,,フローリストの恋は咲く,Manga,839,6.66,2013,https://cdn.myanimelist.net/images/manga/2/169197l.jpg
863,Hatsukoi Shinjuu,First Love Suicide Pact,初恋心中,Manga,3553,6.66,2013,https://cdn.myanimelist.net/images/manga/1/128601l.jpg
863,Hitorijime no Jouken,,独り占めの条件,Manga,1867,6.66,2013,https://cdn.myanimelist.net/images/manga/1/166014l.jpg
863,Kakusansei Million Arthur: Gunjou no Sorcery Lord,,拡散性ミリオンアーサー －群青の守護者〈ソーサリーロード〉－,Manga,775,6.66,2013,https://cdn.myanimelist.net/images/manga/3/114207l.jpg
863,Kekkon shite yo... Oujisama!?,,結婚シテよ…王子様!?,Manga,1726,6.66,2013,https://cdn.myanimelist.net/images/manga/1/197034l.jpg
863,Koori no Joou,The Ice Queen,氷の女王,Manga,1145,6.66,2013,https://cdn.myanimelist.net/images/manga/2/164559l.jpg
863,Kuudere Sugiru Mirai no Yome no Mendou na 7-kakan,,クーデレすぎる未来の嫁の面倒な7日間,Light Novel,650,6.66,2013,https://cdn.myanimelist.net/images/manga/1/166355l.jpg
863,Mahou Sensou,Magical Warfare,魔法戦争,Manga,3337,6.66,2013,https://cdn.myanimelist.net/images/manga/1/158060l.jpg
863,Retsujou Mixture,Lust Mix,劣情ミクスチュア,Manga,957,6.66,2013,https://cdn.myanimelist.net/images/manga/1/234618l.jpg
863,Seishun Hensachi,,青春偏差値,Manga,245,6.66,2013,https://cdn.myanimelist.net/images/manga/2/233693l.jpg
863,Shota Eater,,ショタイーター,Manga,1043,6.66,2013,https://cdn.myanimelist.net/images/manga/1/127127l.jpg
863,Yurushite Anata...,,ゆるしてあなた…,Manga,519,6.66,2013,https://cdn.myanimelist.net/images/manga/3/193308l.jpg
879,Futanari Musume ni Okasarechau!,,ふたなり娘に犯されちゃうッ！,Doujinshi,615,6.65,2013,https://cdn.myanimelist.net/images/manga/1/121643l.jpg
879,He/n/shi/n,Henshin,ヘ／ン／シ／ン,Manga,583,6.65,2013,https://cdn.myanimelist.net/images/manga/1/125539l.jpg
879,Killer Queen,,KILLER QUEEN,Manga,525,6.65,2013,https://cdn.myanimelist.net/images/manga/1/178613l.jpg
879,Koi-iro Oppai,,恋色おっぱい,Manga,458,6.65,2013,https://cdn.myanimelist.net/images/manga/3/93893l.jpg
879,Sachi Are!,,さちあれ！,Manga,1000,6.65,2013,https://cdn.myanimelist.net/images/manga/2/116807l.jpg
879,So cute?,,So cute?,Manga,792,6.65,2013,https://cdn.myanimelist.net/images/manga/3/107965l.jpg
879,Teens House,,ティーンズハウス,Manga,1531,6.65,2013,https://cdn.myanimelist.net/images/manga/2/128317l.jpg
879,Tsubakirou Cantarella,,椿楼カンタレラ,Manga,336,6.65,2013,https://cdn.myanimelist.net/images/manga/2/154761l.jpg
879,Yabai Me de Minna yo!!,,ヤバイ目で見ンなよ!!,Manga,316,6.65,2013,https://cdn.myanimelist.net/images/manga/1/91825l.jpg
879,Yoru wo Tomenaide,,夜をとめないで,Manga,3351,6.65,2013,https://cdn.myanimelist.net/images/manga/2/171830l.jpg
889,Ai wo Hamu Akuma,,愛を喰む悪魔,One-shot,1230,6.64,2013,https://cdn.myanimelist.net/images/manga/3/144503l.jpg
889,Kokushi Musou!!,,国士無双!!,Manga,513,6.64,2013,https://cdn.myanimelist.net/images/manga/2/127233l.jpg
889,Mein Hole,Girls' Hole,女淫ホール,Manga,919,6.64,2013,https://cdn.myanimelist.net/images/manga/1/332006l.jpg
889,Seikatsu Shidou!!,,せいかつ指導!!,Doujinshi,658,6.64,2013,https://cdn.myanimelist.net/images/manga/3/174351l.jpg
889,Suki Yanen kedo Dou Yaro ka,"Although I Love You, and You?",好きやねんけどどうやろか,Manga,327,6.64,2013,https://cdn.myanimelist.net/images/manga/2/247147l.jpg
889,Tenshi na Anego,,天使なアネゴ,One-shot,354,6.64,2013,https://cdn.myanimelist.net/images/manga/2/97083l.jpg
889,Tokkou Zero,,特公 零 TOKKÔ ZERO,Manga,860,6.64,2013,https://cdn.myanimelist.net/images/manga/2/154475l.jpg
889,Yume kara Sameta Ano Ko to wa Kitto Umaku Shaberenai,,夢から覚めたあの子とはきっと上手く喋れない,Manga,927,6.64,2013,https://cdn.myanimelist.net/images/manga/2/159721l.jpg
897,Goshiki no Fune,,五色の舟,Manga,808,6.63,2013,https://cdn.myanimelist.net/images/manga/3/144155l.jpg
897,Houkago Saikoro Club,,放課後さいころ倶楽部,Manga,1289,6.63,2013,https://cdn.myanimelist.net/images/manga/1/118233l.jpg
897,Kakumeiki Valvrave: Ryuusei no Valkyrie,,革命機ヴァルヴレイヴ 流星の乙女,Manga,467,6.63,2013,https://cdn.myanimelist.net/images/manga/2/114015l.jpg
897,"Kare wa Ima, Koi wo Shiteiru.","""Now, He Is in Love""",彼は今、恋をしている。,Manga,469,6.63,2013,https://cdn.myanimelist.net/images/manga/2/167190l.jpg
897,MM2-gou,,MM2号,Manga,445,6.63,2013,https://cdn.myanimelist.net/images/manga/2/160461l.jpg
897,Miho to Yuuko,,ミホとユーコ,Manga,293,6.63,2013,https://cdn.myanimelist.net/images/manga/2/189428l.jpg
897,Momoiro Ningyo,Peach Mermaid,ももいろ人魚,Manga,3590,6.63,2013,https://cdn.myanimelist.net/images/manga/1/165438l.jpg
897,NTR²,,NTR²,Manga,512,6.63,2013,https://cdn.myanimelist.net/images/manga/2/132275l.jpg
897,Puchi Love★Kingdom,,プチらぶ★きんぐだむ,Manga,421,6.63,2013,https://cdn.myanimelist.net/images/manga/3/244831l.jpg
897,Sexy School Infirmary,,Sexy School Infirmary セクシー・スクール・インファーマリー,One-shot,355,6.63,2013,https://cdn.myanimelist.net/images/manga/3/161430l.jpg
897,Watashi no Itoshii Kutsu,,私の愛しい靴,One-shot,632,6.63,2013,https://cdn.myanimelist.net/images/manga/2/124375l.jpg
908,Ai mo Kawarazu,,あいもかわらず,Manga,596,6.62,2013,https://cdn.myanimelist.net/images/manga/3/224380l.jpg
908,Boku no Trauma Red,Red: My Superhero,ぼくのトラウマレッド,Manga,308,6.62,2013,https://cdn.myanimelist.net/images/manga/3/238693l.jpg
908,Entwine,,entwine,Doujinshi,590,6.62,2013,https://cdn.myanimelist.net/images/manga/1/110625l.jpg
908,Junai Trickster,,純愛トリックスター,Manga,715,6.62,2013,https://cdn.myanimelist.net/images/manga/3/154887l.jpg
908,Kimi wo Taosu to Kokoro ni Kimeta!!,,キミを倒すと心に決めた!!,Doujinshi,661,6.62,2013,https://cdn.myanimelist.net/images/manga/2/298372l.jpg
908,Kurokuroku,,クロクロク,Manga,1356,6.62,2013,https://cdn.myanimelist.net/images/manga/1/256306l.jpg
908,Manatsu no Blue,,真夏のブルー,One-shot,552,6.62,2013,https://cdn.myanimelist.net/images/manga/2/144499l.jpg
908,Sugar Pain,,シュガーペイン,Manga,1416,6.62,2013,https://cdn.myanimelist.net/images/manga/5/113745l.jpg
908,Yoru no Taiko,,夜の太鼓,Manga,547,6.62,2013,https://cdn.myanimelist.net/images/manga/3/164171l.jpg
908,Yukiwaribana,,雪割花,One-shot,828,6.62,2013,https://cdn.myanimelist.net/images/manga/2/161668l.jpg
918,Donten ni Sirius,The first star of evening,曇天にシリウス,Manga,944,6.61,2013,https://cdn.myanimelist.net/images/manga/1/159487l.jpg
918,Gotouge Koyoharu Tanpenshuu,Koyoharu Gotouge Before Demon Slayer: Kimetsu no Yaiba,吾峠呼世晴短編集,Manga,3518,6.61,2013,https://cdn.myanimelist.net/images/manga/2/222608l.jpg
918,Hebikuidori,The Bird Eating Snake,蛇喰い鳥,Manga,783,6.61,2013,https://cdn.myanimelist.net/images/manga/3/268149l.jpg
918,Higan no Ishi,,彼岸の石,Manga,802,6.61,2013,https://cdn.myanimelist.net/images/manga/2/206030l.jpg
918,Isekai Cheat Magician,,異世界チート魔術師〈マジシャン〉,Light Novel,2177,6.61,2013,https://cdn.myanimelist.net/images/manga/3/217547l.jpg
918,Kamatte Hoshi no?,,かまってほしいの?,Manga,1979,6.61,2013,https://cdn.myanimelist.net/images/manga/3/143287l.jpg
918,Kimi ni Chiisana Uso Hitotsu,,キミに小さな嘘ひとつ,Manga,681,6.61,2013,https://cdn.myanimelist.net/images/manga/2/173967l.jpg
918,Musashi-kun to Murayama-san wa Tsukiattemita.,,武蔵くんと村山さんは付き合ってみた。,Manga,1844,6.61,2013,https://cdn.myanimelist.net/images/manga/2/176895l.jpg
918,Residence: Yuganda Negai de Shoujo ni Kawaru,Residence: Reborn Through Twisted Desire,レジデンス～歪んだ願いで少女に変わる～,Manga,931,6.61,2013,https://cdn.myanimelist.net/images/manga/3/161392l.jpg
918,Toufuu (Fu)Kenbunroku,,東風（不）見聞録,One-shot,533,6.61,2013,https://cdn.myanimelist.net/images/manga/3/100233l.jpg
918,Toushu-sama wa Itazura ga Osuki,,当主様は悪戯がお好き,Manga,450,6.61,2013,https://cdn.myanimelist.net/images/manga/1/98359l.jpg
918,Uchi no Maid ga Uzasugiru,UzaMaid: Our Maid is Way Too Annoying!,うちのメイドがウザすぎる,Manga,3612,6.61,2013,https://cdn.myanimelist.net/images/manga/3/203219l.jpg
930,ATM no Naka no Otoko,,ATMの中の男,One-shot,307,6.6,2013,https://cdn.myanimelist.net/images/manga/3/245821l.jpg
930,Akuma ni Kiss wo,,悪魔にキスを,Manga,708,6.6,2013,https://cdn.myanimelist.net/images/manga/2/257076l.jpg
930,Chikako Obasan to Kedamono Mitai na Oikko,The Annoying Aunt and Her Sadistic Nephew,知可子伯母さんと獣みたいな甥っ子,Doujinshi,1019,6.6,2013,https://cdn.myanimelist.net/images/manga/3/112217l.jpg
930,Fantasma,,FANTASMA ファンタズマ,Manga,1973,6.6,2013,https://cdn.myanimelist.net/images/manga/3/158522l.jpg
930,Himesama Tanuki no Koizanyou,Don't Count Your Tanukis,姫さま狸の恋算用,Manga,2182,6.6,2013,https://cdn.myanimelist.net/images/manga/2/126799l.jpg
930,Horizon,Horizon,ホライズン,Manga,1033,6.6,2013,https://cdn.myanimelist.net/images/manga/2/125483l.jpg
930,Hoshi no Ame Tsuki no Geboku,Star's Rain Moon's Manservant,星の雨 月の下僕,Manga,633,6.6,2013,https://cdn.myanimelist.net/images/manga/1/146735l.jpg
930,Kawaguchi Ichizoku no Kakun,,川口一族の家訓,One-shot,570,6.6,2013,https://cdn.myanimelist.net/images/manga/3/119861l.jpg
930,Mugen Himitsu,,夢幻秘密,One-shot,624,6.6,2013,https://cdn.myanimelist.net/images/manga/4/87645l.jpg
930,Namaiki Shoujo,,ナマイキ少女,Manga,571,6.6,2013,https://cdn.myanimelist.net/images/manga/2/150784l.jpg
930,Pocket Monsters XY-hen,,ポケットモンスターX・Y編,Manga,505,6.6,2013,https://cdn.myanimelist.net/images/manga/1/339366l.jpg
930,Samenai Yume,,醒めない夢,Manga,1789,6.6,2013,https://cdn.myanimelist.net/images/manga/3/251874l.jpg
930,Star Light Woman,Star Light Woman,スターライトウーマン,Manga,602,6.6,2013,https://cdn.myanimelist.net/images/manga/2/129177l.jpg
943,Escha & Logy no Atelier: Tasogare no Sora no Renkinjutsushi,,エスカ＆ロジーのアトリエ ～黄昏の空の錬金術士～,Manga,928,6.59,2013,https://cdn.myanimelist.net/images/manga/2/164743l.jpg
943,Hajimete no Shitsuren,My First Lost Love,初めての失恋,Manga,797,6.59,2013,https://cdn.myanimelist.net/images/manga/1/142983l.jpg
943,Hatsujou,,発情,Manga,761,6.59,2013,https://cdn.myanimelist.net/images/manga/2/165848l.jpg
943,Higajo no Mon,,ヒガジョの門,One-shot,354,6.59,2013,https://cdn.myanimelist.net/images/manga/3/96205l.jpg
943,Kokyuu no Aida ni Koi ni Naru,,呼吸のあいだに恋になる,One-shot,394,6.59,2013,https://cdn.myanimelist.net/images/manga/3/143275l.jpg
943,Kyou kara Shimobe!,,今日からシモベ！,One-shot,347,6.59,2013,https://cdn.myanimelist.net/images/manga/1/99907l.jpg
943,Oto☆Koi,,おと☆こい -とめきちオトコの娘作品集-,Manga,1697,6.59,2013,https://cdn.myanimelist.net/images/manga/3/99111l.jpg
943,Shinigami no Aria,,死神のアリア,One-shot,1206,6.59,2013,https://cdn.myanimelist.net/images/manga/1/93597l.jpg
943,Sore wa Himitsu desu,,それは秘密です,Manga,265,6.59,2013,https://cdn.myanimelist.net/images/manga/1/161183l.jpg
943,Tsuya-iro Trip,,艶色トリップ,Manga,806,6.59,2013,https://cdn.myanimelist.net/images/manga/1/176547l.jpg
953,Akuma no Kagi to Shoujo no Raison d'être,The Devil's Key & Girl's Raison d'être,悪魔の鍵と少女のレゾンデートル,Manga,459,6.58,2013,https://cdn.myanimelist.net/images/manga/1/115501l.jpg
953,Boku to Kanojo no Offline,,僕と彼女のオフライン,One-shot,302,6.58,2013,https://cdn.myanimelist.net/images/manga/1/107103l.jpg
953,Kairaku Holic,Pleasure Holic,快楽ほりっく,Manga,494,6.58,2013,https://cdn.myanimelist.net/images/manga/3/161500l.jpg
953,Kodomo x Otona no Houteishiki,The Generation Equation,こども×おとなの方程式,Manga,936,6.58,2013,https://cdn.myanimelist.net/images/manga/1/190989l.jpg
953,Mujintou ni Motteiku nara,,無人島に持っていくなら,Manga,626,6.58,2013,https://cdn.myanimelist.net/images/manga/2/222435l.jpg
953,Naturaturally,,ナチュラチュラリィ,Manga,1384,6.58,2013,https://cdn.myanimelist.net/images/manga/3/189110l.jpg
953,Oujisama ni Nemurihime no Kiss wo,,王子様に眠り姫のキスを,One-shot,521,6.58,2013,https://cdn.myanimelist.net/images/manga/1/133749l.jpg
953,Sekai Chizu no Ma,World Map Room,世界地図の間,Manga,375,6.58,2013,https://cdn.myanimelist.net/images/manga/3/134769l.jpg
961,Beank & Rosa,,ビーンク&ロサ,Manga,369,6.57,2013,https://cdn.myanimelist.net/images/manga/2/235500l.jpg
961,Doukyonin no Binandomo,,同居人の美男ども,Manga,1238,6.57,2013,https://cdn.myanimelist.net/images/manga/3/118397l.jpg
961,Enkou Sedai,,援交世代,Manga,725,6.57,2013,https://cdn.myanimelist.net/images/manga/2/339788l.jpg
961,Fuyu no Kemono,,ふゆのけもの,One-shot,629,6.57,2013,https://cdn.myanimelist.net/images/manga/1/117077l.jpg
961,Girl Meets Girl,,girl meets girl,Doujinshi,494,6.57,2013,https://cdn.myanimelist.net/images/manga/2/183223l.jpg
961,Hajimari wa Suna no Ichiya,,はじまりは砂の一夜,Manga,904,6.57,2013,https://cdn.myanimelist.net/images/manga/3/150243l.jpg
961,Hundred,,ハンドレッド,Manga,5850,6.57,2013,https://cdn.myanimelist.net/images/manga/2/161929l.jpg
961,Innocent Noise,,イノセントノイズ,Manga,396,6.57,2013,https://cdn.myanimelist.net/images/manga/3/203543l.jpg
961,Kakumeiki Valvrave Anthology Comic,,革命機ヴァルヴレイヴ アンソロジーコミック,Manga,546,6.57,2013,https://cdn.myanimelist.net/images/manga/3/115187l.jpg
961,Kyoudai hodo Chikaku Tooimono wa Nai,I'm Obsessed With My Little Bro!,姉弟ほど近く遠いものはない,Manga,6999,6.57,2013,https://cdn.myanimelist.net/images/manga/1/136601l.jpg
961,La Vie en Doll,,La Vie en Doll,Manga,880,6.57,2013,https://cdn.myanimelist.net/images/manga/1/111107l.jpg
961,Megane to Koi to Aoi Tori,,メガネと恋と青い鳥,Manga,1386,6.57,2013,https://cdn.myanimelist.net/images/manga/3/117857l.jpg
961,Mujou no Sekki,,無生の刹鬼,One-shot,258,6.57,2013,https://cdn.myanimelist.net/images/manga/1/130349l.jpg
961,Zenaku no Kuzu,,善悪の屑,Manga,1714,6.57,2013,https://cdn.myanimelist.net/images/manga/2/216887l.jpg
975,Abyss,,アビス,Manga,1349,6.56,2013,https://cdn.myanimelist.net/images/manga/3/144377l.jpg
975,Ace-kun no Tonari.,,エースくんのとなり。,Manga,449,6.56,2013,https://cdn.myanimelist.net/images/manga/3/181959l.jpg
975,Airuika,,愛涙家,One-shot,1041,6.56,2013,https://cdn.myanimelist.net/images/manga/3/275062l.jpg
975,Brothers Conflict feat.Tsubaki&Azusa,,BROTHERS CONFLICT feat.Tsubaki&Azusa,Manga,1221,6.56,2013,https://cdn.myanimelist.net/images/manga/3/99375l.jpg
975,Doutei Dou Deshou,How do you like cherry boy?,童貞どうでしょう,Manga,1186,6.56,2013,https://cdn.myanimelist.net/images/manga/1/155623l.jpg
975,Eguchi-kun wa Minogasanai,,江口くんは見逃さない,Manga,5416,6.56,2013,https://cdn.myanimelist.net/images/manga/3/195212l.jpg
975,Fukushuu Kyoushitsu,,復讐教室,Manga,19945,6.56,2013,https://cdn.myanimelist.net/images/manga/3/142809l.jpg
975,Jika Renai Chuudoku,,自家恋愛中毒,Manga,612,6.56,2013,https://cdn.myanimelist.net/images/manga/2/142247l.jpg
975,Kamu Otoko,,嚙む男,Manga,879,6.56,2013,https://cdn.myanimelist.net/images/manga/1/168530l.jpg
975,Kanojo to Yukata de Natsu no Yoru,,カノジョと浴衣で夏ノ夜,One-shot,322,6.56,2013,https://cdn.myanimelist.net/images/manga/3/107047l.jpg
975,Kimi ga Haramu made Nando mo Aishiteru,,キミが孕むまで何度も愛してる,Manga,376,6.56,2013,https://cdn.myanimelist.net/images/manga/3/160371l.jpg
975,Kyonyuu Eromangaka-san to no Pakohame Shiryouzukuri wa Taihen desu!,,巨乳エロ漫画家さんとのパコハメ資料づくりは大変ですっ！,Manga,473,6.56,2013,https://cdn.myanimelist.net/images/manga/1/193748l.jpg
975,Kyou kara Yonshimai,,きょうから四姉妹,Manga,2271,6.56,2013,https://cdn.myanimelist.net/images/manga/2/133523l.jpg
975,Lolicon☆Justice,,ロリコン☆ジャスティス,Manga,496,6.56,2013,https://cdn.myanimelist.net/images/manga/1/145833l.jpg
975,Mermaid Prince,The Mermaid Prince,人魚の王子さま 〜マーメイド・プリンス〜,Manga,905,6.56,2013,https://cdn.myanimelist.net/images/manga/3/131079l.jpg
975,Omae ga Baka wo Iidasu Hi ni wa,,お前がバカを言いだす日には,Manga,573,6.56,2013,https://cdn.myanimelist.net/images/manga/2/212127l.jpg
975,Polaris no Rakuin,,ポラリスの烙印,Manga,265,6.56,2013,https://cdn.myanimelist.net/images/manga/1/221348l.jpg
975,Sensei no Shiroi Uso,Sensei's Pious Lie,先生の白い嘘,Manga,6662,6.56,2013,https://cdn.myanimelist.net/images/manga/2/208097l.jpg
993,Charao-kun to Haraguro-kun no Himitsu,,チャラ男くんと腹黒くんの秘密,Manga,319,6.55,2013,https://cdn.myanimelist.net/images/manga/1/224738l.jpg
993,Christmas ni Omoi wo Nosete,,クリスマスに想いをのせて,One-shot,619,6.55,2013,https://cdn.myanimelist.net/images/manga/2/130655l.jpg
993,Dorothy wa Gokigennaname?,Is Dorothy in a Bad Temper?,ドロシーはご機嫌ななめ?,Manga,1675,6.55,2013,https://cdn.myanimelist.net/images/manga/1/168565l.jpg
993,Gendai Majo Zukan,Generation Witch,現代魔女図鑑,Manga,1374,6.55,2013,https://cdn.myanimelist.net/images/manga/3/162319l.jpg
993,Hoshi no Ponko to Toufuya Reiko,,星のポン子と豆腐屋れい子,Manga,5108,6.55,2013,https://cdn.myanimelist.net/images/manga/2/137791l.jpg
993,Itsumo Oujisama ga,,いつも王子様が,Manga,265,6.55,2013,https://cdn.myanimelist.net/images/manga/3/205393l.jpg
993,Kunoichi Joshikousei Otonashi-san,"High School Ninja Girl, Otonashi-san",くのいち女子高生 音無さん,Manga,778,6.55,2013,https://cdn.myanimelist.net/images/manga/1/131077l.jpg
993,Shigoite Ageru,,シゴいてアゲル,One-shot,272,6.55,2013,https://cdn.myanimelist.net/images/manga/1/160254l.jpg
993,Shy Girl,,しゃいがーる,Doujinshi,362,6.55,2013,https://cdn.myanimelist.net/images/manga/3/145955l.jpg
993,Tousaku Shoujo Shoukougun,,倒錯少女症候群,Manga,788,6.55,2013,https://cdn.myanimelist.net/images/manga/2/154704l.jpg
993,Zutto Suki Datta,,ずっと好きだった,Manga,964,6.55,2013,https://cdn.myanimelist.net/images/manga/3/185779l.jpg
1004,Baka de Guzu wa Daikirai,He abhors foolish and slow person.,馬鹿で愚図は大嫌い,Manga,1362,6.54,2013,https://cdn.myanimelist.net/images/manga/2/168426l.jpg
1004,Bewitching Smile,,BEWITCHING SMILE,One-shot,352,6.54,2013,https://cdn.myanimelist.net/images/manga/2/108867l.jpg
1004,Black Peach Flower,,black peach flower,One-shot,1416,6.54,2013,https://cdn.myanimelist.net/images/manga/2/101291l.jpg
1004,Cross x Regalia,,クロス×レガリア,Manga,3277,6.54,2013,https://cdn.myanimelist.net/images/manga/1/133303l.jpg
1004,I Am Here for You,,I am here for you,One-shot,251,6.54,2013,https://cdn.myanimelist.net/images/manga/2/128399l.jpg
1004,Kakuriyo Monogatari,,かくりよものがたり,Manga,771,6.54,2013,https://cdn.myanimelist.net/images/manga/2/109823l.jpg
1004,Koi-iro Canvas,,恋色キャンバス,One-shot,465,6.54,2013,https://cdn.myanimelist.net/images/manga/2/103057l.jpg
1004,Okusama to Maid-san,,奥様とメイドさん,Doujinshi,853,6.54,2013,https://cdn.myanimelist.net/images/manga/3/109945l.jpg
1004,Onaho no Tsukumogami Onaho,,オナホの付喪神 お奈帆,Doujinshi,618,6.54,2013,https://cdn.myanimelist.net/images/manga/3/146065l.jpg
1004,Samurai Flamenco: Another Days,,サムライフラメンコ Another Days,Manga,1135,6.54,2013,https://cdn.myanimelist.net/images/manga/3/132977l.jpg
1004,Sensei! Koi no Shitsumon desu!,,先生！ 恋の質問です！,One-shot,420,6.54,2013,https://cdn.myanimelist.net/images/manga/2/165566l.jpg
1004,Shoujo no Toge: Toranoana Tokuten Shousasshi,,少女のトゲ とらのあな特典小冊子,One-shot,576,6.54,2013,https://cdn.myanimelist.net/images/manga/1/145775l.jpg
1016,Anti Platonic,Anti Platonic,アンチプラトニック,Manga,887,6.53,2013,https://cdn.myanimelist.net/images/manga/2/236781l.jpg
1016,Fairy Tail x Nanatsu no Taizai Christmas Special,,『FAIRY TAIL』＆『七つの大罪』合作漫画,One-shot,10602,6.53,2013,https://cdn.myanimelist.net/images/manga/3/110375l.jpg
1016,Kuang Shen,,狂神 Fury,Manhua,5526,6.53,2013,https://cdn.myanimelist.net/images/manga/3/132125l.jpg
1016,Midnight Dog Show,,ミッドナイト ドッグ ショー,Manga,584,6.53,2013,https://cdn.myanimelist.net/images/manga/2/87739l.jpg
1016,My Little Pony: Tomodachi wa Mahou,,マイリトルポニー～トモダチは魔法～,Manga,1421,6.53,2013,https://cdn.myanimelist.net/images/manga/2/254659l.jpg
1016,Ningen Bokujou-hen,,人間牧場編,Manga,1190,6.53,2013,https://cdn.myanimelist.net/images/manga/1/94361l.jpg
1016,Okite Saisho ni Suru Koto wa,First Thing I Do When I Wake Up.,起きて最初にすることは,Manga,1391,6.53,2013,https://cdn.myanimelist.net/images/manga/3/157237l.jpg
1016,Osananajimi wa Onnanoko ni Naare,,幼なじみは女の子になぁれ,Manga,5512,6.53,2013,https://cdn.myanimelist.net/images/manga/2/140713l.jpg
1016,Pinkscrap,Pinkscrap,ピンクスクラップ,Manga,400,6.53,2013,https://cdn.myanimelist.net/images/manga/2/318730l.jpg
1016,Shirokuma to Fumeikyoku,,シロクマと不明局,Manga,666,6.53,2013,https://cdn.myanimelist.net/images/manga/1/167337l.jpg
1026,Diabolik Lovers: Prequel,,DIABOLIK LOVERS Prequel,Manga,3339,6.52,2013,https://cdn.myanimelist.net/images/manga/1/85747l.jpg
1026,Hinata NTRism,,ひなたネトリズム,Manga,1161,6.52,2013,https://cdn.myanimelist.net/images/manga/3/180201l.jpg
1026,Holy Bitch!,,ほーりーびっち！,Manga,587,6.52,2013,https://cdn.myanimelist.net/images/manga/3/197991l.jpg
1026,Kaette Kita! Shinmai Fukei Kiruko-san,,帰ってきたっ! 新米婦警キルコさん,Manga,841,6.52,2013,https://cdn.myanimelist.net/images/manga/1/150414l.jpg
1026,Nande Sonna ni Kawaii no,,なんでそんなにかわいいの,Manga,471,6.52,2013,https://cdn.myanimelist.net/images/manga/3/177453l.jpg
1026,Otona no Tame no Piano Lesson,,大人のためのピアノレッスン,One-shot,701,6.52,2013,https://cdn.myanimelist.net/images/manga/5/93779l.jpg
1026,Taka to Tonbi to Aburaage,,タカとトンビと油アゲ,Manga,272,6.52,2013,https://cdn.myanimelist.net/images/manga/2/222915l.jpg
1026,Tenraku Akuma! Demon's Core,,転落悪魔！ デモンズ・コア,Manga,3694,6.52,2013,https://cdn.myanimelist.net/images/manga/2/188937l.jpg
1026,Yoru Yoru Soba ni,In the Night Comes a Girl,夜よる傍に,Manga,330,6.52,2013,https://cdn.myanimelist.net/images/manga/2/221496l.jpg
1035,Aiyoku Heaven,,愛欲ヘヴン,Manga,2462,6.51,2013,https://cdn.myanimelist.net/images/manga/2/103435l.jpg
1035,Asanaga Ryuutarou no Midara na Nichijou,,朝長隆太郎の淫らな日常,Manga,683,6.51,2013,https://cdn.myanimelist.net/images/manga/2/154945l.jpg
1035,Futaribocchi no Shokutaku,,ふたりぼっちの食卓,Manga,417,6.51,2013,https://cdn.myanimelist.net/images/manga/3/204281l.jpg
1035,Girl's Domination,,ガールズドミネイション,Manga,332,6.51,2013,https://cdn.myanimelist.net/images/manga/1/327039l.jpg
1035,Maria Boy,,マリアボーイ,Manga,1409,6.51,2013,https://cdn.myanimelist.net/images/manga/3/147353l.jpg
1035,Oooku no Sakura: Gendai Oooku Jogakuin,,大奥のサクラ 現代大奥女学院,Manga,541,6.51,2013,https://cdn.myanimelist.net/images/manga/2/162923l.jpg
1035,Sensei no Koto ga Suki nan desu,,先生のことが好きなんです,One-shot,864,6.51,2013,https://cdn.myanimelist.net/images/manga/4/111243l.jpg
1035,Walkure Romanze: Shoujo Kishi Monogatari,,ワルキューレロマンツェ 少女騎士物語,Manga,1349,6.51,2013,https://cdn.myanimelist.net/images/manga/3/120451l.jpg
1035,Yue ni Hitozuma wa Netorareta.,,故に人妻は寝取られた.,Manga,644,6.51,2013,https://cdn.myanimelist.net/images/manga/3/247917l.jpg
1035,Zannen Ouji to Dokuzetsu Ninpu,,残念王子と毒舌妊婦,One-shot,320,6.51,2013,https://cdn.myanimelist.net/images/manga/2/100035l.jpg
1045,Araidoki.,ARAIDOKI,あらいどき。,Manga,670,6.5,2013,https://cdn.myanimelist.net/images/manga/3/128607l.jpg
1045,Boku to Kotori-chan,,ぼくとことりちゃん,Manga,1878,6.5,2013,https://cdn.myanimelist.net/images/manga/3/153557l.jpg
1045,Harukaze no Snegurochka,Snegurochka of the Spring Breeze,春風のスネグラチカ,Manga,2939,6.5,2013,https://cdn.myanimelist.net/images/manga/2/132967l.jpg
1045,Ichikyuu,,いちきゅう,One-shot,684,6.5,2013,https://cdn.myanimelist.net/images/manga/3/101115l.jpg
1045,Inu-kei Danshi ni Natsukarechuu,A Loyal Guy's Attached to Me,犬系男子になつかれ中,Manga,659,6.5,2013,https://cdn.myanimelist.net/images/manga/1/224578l.jpg
1045,Kimi wo Nakasetai,I want to see you cry,キミを泣かせたい,Manga,460,6.5,2013,https://cdn.myanimelist.net/images/manga/4/161505l.jpg
1045,Momo,,MOMO,Manga,274,6.5,2013,https://cdn.myanimelist.net/images/manga/1/223903l.jpg
1045,Risou no Oujisama no Tsukurikata,,理想の王子様のつくりかた,One-shot,974,6.5,2013,https://cdn.myanimelist.net/images/manga/2/115875l.jpg
1045,Toshokan de Suteru!!,,図書姦DEステル！！,One-shot,323,6.5,2013,https://cdn.myanimelist.net/images/manga/2/100017l.jpg
1054,Acute,Hatsune Miku: Acute,ACUTE,Manga,2952,6.49,2013,https://cdn.myanimelist.net/images/manga/2/166481l.jpg
1054,Christmas no Sono Mae ni,,クリスマスのその前に,One-shot,354,6.49,2013,https://cdn.myanimelist.net/images/manga/2/149715l.jpg
1054,Guutara Renai no Seihou,,ぐうたら恋愛の製法,Manga,1236,6.49,2013,https://cdn.myanimelist.net/images/manga/1/110359l.jpg
1054,Kawaii Shounen wa Suki desu ka?,,かわいい少年は好きですか？,Manga,467,6.49,2013,https://cdn.myanimelist.net/images/manga/1/192650l.jpg
1054,Koisuru Daigo-sensei,,恋するダイゴ先生,Manga,254,6.49,2013,https://cdn.myanimelist.net/images/manga/3/236239l.jpg
1054,Okujou de Kimi to Yume Miru,,屋上で君と夢見る,One-shot,333,6.49,2013,https://cdn.myanimelist.net/images/manga/2/144427l.jpg
1054,Passiomaid Sister,,Passiomaid Sister,One-shot,354,6.49,2013,https://cdn.myanimelist.net/images/manga/2/137023l.jpg
1054,Sakura no Sono,Sakura's Garden,さくらの園,Manga,1755,6.49,2013,https://cdn.myanimelist.net/images/manga/1/172594l.jpg
1054,Suzuka-sama no Geboku,,鈴香様の下僕,Doujinshi,1176,6.49,2013,https://cdn.myanimelist.net/images/manga/2/122899l.jpg
1054,Takahashi-san ga Kiiteiru.,Takahashi-san Is Listening.,高橋さんが聞いている。,Manga,2118,6.49,2013,https://cdn.myanimelist.net/images/manga/2/188934l.jpg
1054,Torawareta Amai Kemono-tachi,,囚われた甘い獣たち,Manga,358,6.49,2013,https://cdn.myanimelist.net/images/manga/3/153538l.jpg
1054,Usotsuki Ouji no Karekano Gokko,,嘘つき王子のカレカノごっこ,Manga,900,6.49,2013,https://cdn.myanimelist.net/images/manga/1/236647l.jpg
1054,Vered no Rosemary,,ベレットのローズマリー,One-shot,260,6.49,2013,https://cdn.myanimelist.net/images/manga/2/130841l.jpg
1054,Yami BL,,病みBL,Manga,1136,6.49,2013,https://cdn.myanimelist.net/images/manga/4/130165l.jpg
1068,Ashita no Kimi ni Hanabata wo,,明日の君に花束を,Manga,389,6.48,2013,https://cdn.myanimelist.net/images/manga/3/149790l.jpg
1068,Choudouryoku Mouko Daishuurai,The Ultra Power Mongol Invasion,超動力蒙古大襲来,Manga,2304,6.48,2013,https://cdn.myanimelist.net/images/manga/3/154852l.jpg
1068,Cocytus,,コキュートス,Manga,3452,6.48,2013,https://cdn.myanimelist.net/images/manga/3/151730l.jpg
1068,Impatiens,,インパチェンス,One-shot,282,6.48,2013,https://cdn.myanimelist.net/images/manga/1/89797l.jpg
1068,Jigokugata Ningen Doubutsuen: Daiisshou - Noushou Sakuretsu Girl,,地獄型人間動物園～第一章～ 脳漿炸裂ガール,Manga,532,6.48,2013,https://cdn.myanimelist.net/images/manga/1/169483l.jpg
1068,Kirakira no Natsu,,ささだあすか短篇集 きらきらのなつ,Manga,411,6.48,2013,https://cdn.myanimelist.net/images/manga/3/159041l.jpg
1068,Oni ga Warau,,鬼が笑う,One-shot,268,6.48,2013,https://cdn.myanimelist.net/images/manga/2/112287l.jpg
1068,Ookami Kyoudai to Akazukin-chan,,狼兄弟と赤ずきんちゃん,One-shot,407,6.48,2013,https://cdn.myanimelist.net/images/manga/2/103335l.jpg
1068,Oshiete Katekyo♥,"Teach Me, Tutor",教えてカテキョ♥,Manga,2008,6.48,2013,https://cdn.myanimelist.net/images/manga/2/192629l.jpg
1068,Renchi na Himoto,,恋痴な日本,Manga,637,6.48,2013,https://cdn.myanimelist.net/images/manga/1/159765l.jpg
1068,"Suki desu, Zenbu Kudasai",,好きです、全部ください,Manga,723,6.48,2013,https://cdn.myanimelist.net/images/manga/2/194184l.jpg
1068,The Gamer,The Gamer,더 게이머,Manhwa,12780,6.48,2013,https://cdn.myanimelist.net/images/manga/2/262502l.jpg
1068,Tobenai Washi Ouji,,飛べないワシ王子,One-shot,517,6.48,2013,https://cdn.myanimelist.net/images/manga/1/116091l.jpg
1068,Unmei no Onnanoko,,運命の女の子,Manga,743,6.48,2013,https://cdn.myanimelist.net/images/manga/1/138727l.jpg
1082,Dousei Chuu!!,,同棲ちゅう!!,Manga,475,6.47,2013,https://cdn.myanimelist.net/images/manga/1/87735l.jpg
1082,Fetish Ken!,,フェチ研！,One-shot,427,6.47,2013,https://cdn.myanimelist.net/images/manga/2/97937l.jpg
1082,Hachi: Tokyo 23-ku,,HACHI-東京23宮-,Manga,630,6.47,2013,https://cdn.myanimelist.net/images/manga/2/222022l.jpg
1082,Haruno to Natsukawa.,,春野と夏川。 エミリ女装少年アンソロジー作品集,Manga,815,6.47,2013,https://cdn.myanimelist.net/images/manga/1/87743l.jpg
1082,Kanyuu Shoujo,,姦遊少女,One-shot,572,6.47,2013,https://cdn.myanimelist.net/images/manga/3/107127l.jpg
1082,Kare Kano Hajimemashita,,カレカノ始めました,One-shot,2443,6.47,2013,https://cdn.myanimelist.net/images/manga/1/111205l.jpg
1082,Kyouchou no Yume,The dream of mad morpho butterflies.,狂蝶の夢,Doujinshi,697,6.47,2013,https://cdn.myanimelist.net/images/manga/1/145851l.jpg
1082,Mizugi de Shiyo!,,水着deしよっ！,Doujinshi,371,6.47,2013,https://cdn.myanimelist.net/images/manga/3/146171l.jpg
1082,Super Family Complete,,SUPERファミリーコンプリート,Manga,398,6.47,2013,https://cdn.myanimelist.net/images/manga/3/110817l.jpg
1082,Uncanny Brains,,Uncanny Brains,Manga,941,6.47,2013,https://cdn.myanimelist.net/images/manga/3/106185l.jpg
1082,Yurei-kun Tsuitemasu,Possessed by a Ghost,ユーレイくん憑いてます,Manga,421,6.47,2013,https://cdn.myanimelist.net/images/manga/3/243301l.jpg
1093,Draw: Majo no Nemuru Umi de,,DRAW 魔女の眠る海で,Manga,1350,6.46,2013,https://cdn.myanimelist.net/images/manga/1/162617l.jpg
1093,Hatsukoi Canvas,,初恋キャンバス,Manga,2889,6.46,2013,https://cdn.myanimelist.net/images/manga/2/109999l.jpg
1093,Kataomoism,Loveism,片想イズム,Manga,554,6.46,2013,https://cdn.myanimelist.net/images/manga/3/160724l.jpg
1093,Kenshin no Succeed,,剣神の継承者【サクシード】,Manga,3700,6.46,2013,https://cdn.myanimelist.net/images/manga/2/158132l.jpg
1093,Kiyomizu Iroha wa Koi wo Shiranai,,清水いろはは恋を知らない,One-shot,935,6.46,2013,https://cdn.myanimelist.net/images/manga/2/111191l.jpg
1093,Rock Paper Scissors,,ロック・ペーパー・シザーズ,Manga,1510,6.46,2013,https://cdn.myanimelist.net/images/manga/2/170096l.jpg
1093,Tsumaranai Ninomiya-san,Boring Ninomiya-san,つまらない二宮さん,Manga,398,6.46,2013,https://cdn.myanimelist.net/images/manga/3/164053l.jpg
1100,12 Seiza Danshi,12 Zodiac Boys,12星座男子,Manga,1453,6.45,2013,https://cdn.myanimelist.net/images/manga/2/208297l.jpg
1100,Ai ni Chimayoe!,,愛に血迷え,Manga,823,6.45,2013,https://cdn.myanimelist.net/images/manga/3/192466l.jpg
1100,Alice or Alice: Siscon Niisan to Futago no Imouto,,ありすorありす ～シスコン兄さんと双子の妹～,Manga,1230,6.45,2013,https://cdn.myanimelist.net/images/manga/1/152727l.jpg
1100,Barairo no Kenkyuu to Hana Kurau Kimi,,ばら色の研究と花喰らふきみ,Manga,548,6.45,2013,https://cdn.myanimelist.net/images/manga/3/223819l.jpg
1100,Bitch na Boketsu,,媚痴な母穴,Manga,455,6.45,2013,https://cdn.myanimelist.net/images/manga/2/161842l.jpg
1100,Fancy May Kill or Cure,,Fancy may kill or cure,One-shot,271,6.45,2013,https://cdn.myanimelist.net/images/manga/3/171505l.jpg
1100,Junjou Lingerie Doll,,純情ランジェリードール,Manga,563,6.45,2013,https://cdn.myanimelist.net/images/manga/2/94975l.jpg
1100,Katakoi Fragment,Fragmented Love,片恋フラグメント,Manga,489,6.45,2013,https://cdn.myanimelist.net/images/manga/3/329452l.jpg
1100,Koiseyo Moyashi,,恋せよ もやし,One-shot,630,6.45,2013,https://cdn.myanimelist.net/images/manga/4/111299l.jpg
1100,Meiyaku no Leviathan,The Leviathan of the Covenant,盟約のリヴァイアサン,Manga,2688,6.45,2013,https://cdn.myanimelist.net/images/manga/3/158018l.jpg
1100,Metsuko ni Yoroshiku,,滅子に夜露死苦,Manga,1838,6.45,2013,https://cdn.myanimelist.net/images/manga/2/173129l.jpg
1100,"Ore, Higaisha",I am a victim.,俺、被害者,Manga,598,6.45,2013,https://cdn.myanimelist.net/images/manga/3/194043l.jpg
1100,Sasagerareta Yoru no Otome,Arabian Pearl,ささげられた夜の乙女,Manga,386,6.45,2013,https://cdn.myanimelist.net/images/manga/1/136443l.jpg
1113,Ano Ko ni Yasashii Sekai ga Ii,Wish the world stay kind to you.,あの子に優しい世界がいい,Manga,1005,6.44,2013,https://cdn.myanimelist.net/images/manga/2/192202l.jpg
1113,Chounyuu Daifungoku,,超乳大噴獄,Manga,534,6.44,2013,https://cdn.myanimelist.net/images/manga/3/160388l.jpg
1113,Cinderella☆Lesson,,シンデレラ☆レッスン,One-shot,889,6.44,2013,https://cdn.myanimelist.net/images/manga/3/140345l.jpg
1113,Girl May Kill,Girl May Kill,ガール メイ キル,Manga,4151,6.44,2013,https://cdn.myanimelist.net/images/manga/1/112059l.jpg
1113,Josounin Hibana,,女装忍緋華,Doujinshi,314,6.44,2013,https://cdn.myanimelist.net/images/manga/3/145895l.jpg
1113,Kanjuku Chijo,,甘熟痴妻,Manga,530,6.44,2013,https://cdn.myanimelist.net/images/manga/3/247915l.jpg
1113,Misasagi Shougakkou Sensou,,御陵小学校戦争,One-shot,792,6.44,2013,https://cdn.myanimelist.net/images/manga/2/91913l.jpg
1113,Mouretsu Pirates: Abyss of Hyperspace,Bodacious Space Pirates: Abyss of Hyperspace,モーレツ宇宙海賊 ABYSS OF HYPERSPACE -亜空の深淵‐,Manga,582,6.44,2013,https://cdn.myanimelist.net/images/manga/3/161607l.jpg
1113,Nakamura Koedo to Daizu Keisuke wa Umaku Ikanai,,中村小江戸と大豆恵亮はうまくいかない,Manga,1132,6.44,2013,https://cdn.myanimelist.net/images/manga/2/144001l.jpg
1113,Sword Art Online dj - Pina Edition,,ソードアート・オンライン ピナ・エディション,Doujinshi,1534,6.44,2013,https://cdn.myanimelist.net/images/manga/3/97903l.jpg
1113,Taiyou no Hitomi,,タイヨウノヒトミ,Manga,732,6.44,2013,https://cdn.myanimelist.net/images/manga/1/102017l.jpg
1113,Yorimichi,,よりみち,One-shot,2037,6.44,2013,https://cdn.myanimelist.net/images/manga/3/110639l.jpg
1125,Ana Satsujin,Peephole,穴殺人,Manga,29847,6.43,2013,https://cdn.myanimelist.net/images/manga/2/128593l.jpg
1125,Joou-sama no Jikenbo,,女王様の事件簿,One-shot,481,6.43,2013,https://cdn.myanimelist.net/images/manga/1/136591l.jpg
1125,Mahou Tsukai no Hako: Starlit Marmalade,,まほうつかいの箱 スターリット・マーマレード,Manga,632,6.43,2013,https://cdn.myanimelist.net/images/manga/1/147375l.jpg
1125,Mogusa-san,,もぐささん,Manga,3562,6.43,2013,https://cdn.myanimelist.net/images/manga/1/178117l.jpg
1125,Virgin Blood: Hiiro no Bansan,,バージンブラッド～緋色の晩餐～,Manga,3551,6.43,2013,https://cdn.myanimelist.net/images/manga/2/136811l.jpg
1130,Akegata ni Yamu Ame,,明け方に止む雨,Manga,915,6.42,2013,https://cdn.myanimelist.net/images/manga/2/119645l.jpg
1130,Assassin's Creed 4: Black Flag - Kakusei,Assassin's Creed: Awakening,アサシン クリード4 ブラック フラッグ 覚醒,Manga,2060,6.42,2013,https://cdn.myanimelist.net/images/manga/1/131471l.jpg
1130,Kedamono no Ie,,けだものの家,Manga,388,6.42,2013,https://cdn.myanimelist.net/images/manga/3/153648l.jpg
1130,Otona Gokko,,おとなごっこ,Manga,695,6.42,2013,https://cdn.myanimelist.net/images/manga/2/220711l.jpg
1130,Oukoku Game,,王国ゲェム,Manga,9780,6.42,2013,https://cdn.myanimelist.net/images/manga/2/188951l.jpg
1130,Sensei wa Sonna Koto Oshietenai!,I Never Taught You That!,先生はそんなこと教えてない!,Manga,849,6.42,2013,https://cdn.myanimelist.net/images/manga/1/233429l.jpg
1136,Angel Fall: Tengoku e to Ochiru Otome-tachi,,エンジェルフォール~天獄へと堕ちる乙女たち~,Manga,633,6.41,2013,https://cdn.myanimelist.net/images/manga/2/127129l.jpg
1136,Cinderella Syndrome,,シンデレラしんどろーむ,One-shot,1025,6.41,2013,https://cdn.myanimelist.net/images/manga/1/96007l.jpg
1136,Guren 5,,グレン5,Manga,1800,6.41,2013,https://cdn.myanimelist.net/images/manga/2/145413l.jpg
1136,Mankangoku: Umaretekite Gomennasai,,卍姦獄～産まれてきてごめんなさい～,Manga,375,6.41,2013,https://cdn.myanimelist.net/images/manga/1/197953l.jpg
1136,Mata Kimi ni Koi wo Suru,I Can't Help Falling in Love,また君に恋をする,Manga,281,6.41,2013,https://cdn.myanimelist.net/images/manga/3/222656l.jpg
1136,Ongaku no Jikan,,おんがくのじかん,One-shot,1138,6.41,2013,https://cdn.myanimelist.net/images/manga/2/91157l.jpg
1136,Ore no Ushiro ni Tatsuna!!,Don't Rub Yourself Against My Ass!!,俺の後ろに勃つな!!,Manga,2129,6.41,2013,https://cdn.myanimelist.net/images/manga/2/103891l.jpg
1136,Please Hold Me,,ぷりーずほーるどみー,One-shot,253,6.41,2013,https://cdn.myanimelist.net/images/manga/2/97557l.jpg
1136,Tama-nyan,,たまにゃん,Manga,1193,6.41,2013,https://cdn.myanimelist.net/images/manga/2/158589l.jpg
1136,Valkyrja Engine,,ヴァルキュリヤ内燃機関〈エンジン〉,Manga,1235,6.41,2013,https://cdn.myanimelist.net/images/manga/3/161987l.jpg
1136,Yokoshima na Eguchi-kun,,よこしまな江口くん,Manga,2443,6.41,2013,https://cdn.myanimelist.net/images/manga/1/180839l.jpg
1136,Yowamushi Mont Blanc,,弱虫モンブラン,One-shot,397,6.41,2013,https://cdn.myanimelist.net/images/manga/1/123209l.jpg
1148,Dekichatta Shitsuji,,できちゃった執事,Manga,992,6.4,2013,https://cdn.myanimelist.net/images/manga/2/154944l.jpg
1148,Drag-On Dragoon: Shi ni Itaru Aka,,DRAG-ON DRAGOON 死ニ至ル赤,Manga,3720,6.4,2013,https://cdn.myanimelist.net/images/manga/3/114671l.jpg
1148,Erohon♥: Bukkake,,エロほん♥―ぶっかけ―,Manga,503,6.4,2013,https://cdn.myanimelist.net/images/manga/1/146561l.jpg
1148,Hshs Sasero!!,"Because she is a little girl, I am excited sexually.",hshsさせろ!!,Manga,2290,6.4,2013,https://cdn.myanimelist.net/images/manga/2/188848l.jpg
1148,Magical☆Star Kanon 100%,,マジカル☆スター かのん100％,Manga,2531,6.4,2013,https://cdn.myanimelist.net/images/manga/3/88467l.jpg
1148,Nadenade Shikoshiko.,NadeNadeShikoShiko,なでなでしこしこ。,Manga,810,6.4,2013,https://cdn.myanimelist.net/images/manga/1/170927l.jpg
1148,Nageki no Marie,,嘆きのマリー,Manga,2295,6.4,2013,https://cdn.myanimelist.net/images/manga/3/130737l.jpg
1148,Norn9: Norn+Nonet,,NORN9 ノルン+ノネット,Manga,1324,6.4,2013,https://cdn.myanimelist.net/images/manga/3/141065l.jpg
1156,+α no Tachiichi,,+αの立ち位置,Manga,2155,6.39,2013,https://cdn.myanimelist.net/images/manga/3/159784l.jpg
1156,Dívčí Válka,Dívčí Válka: Maidens' War,乙女戦争〈ディーヴチー・ヴァールカ〉,Manga,2867,6.39,2013,https://cdn.myanimelist.net/images/manga/1/111871l.jpg
1156,Halloween Night,,Halloween Night,One-shot,459,6.39,2013,https://cdn.myanimelist.net/images/manga/2/166720l.jpg
1156,Koi no Enchousen,,恋の延長線,One-shot,422,6.39,2013,https://cdn.myanimelist.net/images/manga/3/115411l.jpg
1156,Semen High,,ザーメン・ハイ,One-shot,418,6.39,2013,https://cdn.myanimelist.net/images/manga/3/119315l.jpg
1156,Shin Megami Tensei IV: Prayers,,真・女神転生IV -Prayers-,Manga,477,6.39,2013,https://cdn.myanimelist.net/images/manga/2/313966l.jpg
1156,Unsweet Haha Wakui Kazumi Plus: Side Hitori Musuko Ryousuke,,アンスイート 母 和久井和美プラス SIDE一人息子 良介,Doujinshi,399,6.39,2013,https://cdn.myanimelist.net/images/manga/3/141761l.jpg
1163,Futago Epidendrum,,双子エピデンドラム,Doujinshi,373,6.38,2013,https://cdn.myanimelist.net/images/manga/1/173472l.jpg
1163,Mesuzuma Nikuyoku Kousai,,牝妻肉欲交際,Doujinshi,359,6.38,2013,https://cdn.myanimelist.net/images/manga/2/160454l.jpg
1163,No Sex No Teens!,,NO SEX NO TEENS!,Doujinshi,307,6.38,2013,https://cdn.myanimelist.net/images/manga/3/129749l.jpg
1163,Taberarechau-kei Danshi.,,食べられちゃう系男子。,Manga,276,6.38,2013,https://cdn.myanimelist.net/images/manga/3/223523l.jpg
1163,Yurikamone,,ゆりかもね,Doujinshi,711,6.38,2013,https://cdn.myanimelist.net/images/manga/3/110283l.jpg
1168,B Group no Shounen,"The Boy Who belongs to Group ""B""",Bグループの少年,Manga,1729,6.37,2013,https://cdn.myanimelist.net/images/manga/3/135043l.jpg
1168,Dolls Code,,ドールズコード,Manga,6721,6.37,2013,https://cdn.myanimelist.net/images/manga/2/134995l.jpg
1168,Hananusubito,,花盗人,Manga,1148,6.37,2013,https://cdn.myanimelist.net/images/manga/2/155692l.jpg
1168,Himitsu♥Kango,,秘蜜♥看護,One-shot,324,6.37,2013,https://cdn.myanimelist.net/images/manga/1/115945l.jpg
1168,Naisho no Murikuri,,ないしょのむりくり,Manga,296,6.37,2013,https://cdn.myanimelist.net/images/manga/3/248865l.jpg
1168,Shionomiya Ayane wa Machigaenai.,Ayane Shionomiya never makes an error.,汐ノ宮綾音は間違えない。,Manga,1143,6.37,2013,https://cdn.myanimelist.net/images/manga/2/188940l.jpg
1168,Yuki no Koi,,雪の恋,One-shot,421,6.37,2013,https://cdn.myanimelist.net/images/manga/2/130141l.jpg
1175,Itoshi no Sakura-san,,愛しの桜さん,Manga,1867,6.36,2013,https://cdn.myanimelist.net/images/manga/1/188411l.jpg
1175,Ittsuu,,いっツー,Manga,865,6.36,2013,https://cdn.myanimelist.net/images/manga/3/174514l.jpg
1175,Mahoroba Kissa,,まほろばきっさ,Manga,965,6.36,2013,https://cdn.myanimelist.net/images/manga/2/171490l.jpg
1175,Mousugu Shinu Hito,,もうすぐ死ぬひと,Manga,7921,6.36,2013,https://cdn.myanimelist.net/images/manga/2/114985l.jpg
1175,My Sweet Mistress,,My Sweet Mistress,Manga,419,6.36,2013,https://cdn.myanimelist.net/images/manga/2/201348l.jpg
1175,Second Brain,,SECOND BRAIN セカンドブレイン,Manga,1951,6.36,2013,https://cdn.myanimelist.net/images/manga/2/123383l.jpg
1175,Zetsubou no Hantou: 100-nin no Brief Otoko to Hitori no Kaizou Gal,,絶望の犯島―100人のブリーフ男と1人の改造ギャル―,Manga,838,6.36,2013,https://cdn.myanimelist.net/images/manga/1/119055l.jpg
1182,Akogare no Senpai ni xxx ga Haete Boku no Oshiri ga Yabai.,,憧れの先輩に×××が生えて僕のお尻がヤバイ。,Doujinshi,311,6.35,2013,https://cdn.myanimelist.net/images/manga/2/146183l.jpg
1182,Gekijouban Pocket Monster Best Wishes: Shinsoku no Genesect - Mewtwo Kakusei,Pokémon the Movie: Genesect and the Legend Awakened,劇場版ポケットモンスターベストウイッシュ 神速のゲノセクト ミュウツー覚醒,Manga,698,6.35,2013,https://cdn.myanimelist.net/images/manga/3/115137l.jpg
1182,Hime♥Seme,Princess Top,ヒメ♥セメ,Manga,796,6.35,2013,https://cdn.myanimelist.net/images/manga/2/225131l.jpg
1182,Inaba Rabbits,,イナバラビッツ,Manga,1642,6.35,2013,https://cdn.myanimelist.net/images/manga/3/193152l.jpg
1182,Joshikousei ni Korosaretai,,女子高生に殺されたい,Manga,3923,6.35,2013,https://cdn.myanimelist.net/images/manga/1/171065l.jpg
1182,Uchi wa Futago de Teippai!,,うちは双子で手いっぱい,Manga,1767,6.35,2013,https://cdn.myanimelist.net/images/manga/2/161088l.jpg
1188,21 Seiki★Maid,,21世紀★メイド,One-shot,470,6.34,2013,https://cdn.myanimelist.net/images/manga/3/110161l.jpg
1188,Boku no Koto Suki ni Natte,,ボクのことスキになって,Manga,524,6.34,2013,https://cdn.myanimelist.net/images/manga/1/142553l.jpg
1188,Cake,,ケーキ,One-shot,239,6.34,2013,https://cdn.myanimelist.net/images/manga/2/119439l.jpg
1188,Hajimari no Haru,,はじまりの春,One-shot,720,6.34,2013,https://cdn.myanimelist.net/images/manga/3/96069l.jpg
1188,Nostradamus Love,,ノストラダムス・ラブ,Manga,774,6.34,2013,https://cdn.myanimelist.net/images/manga/2/168526l.jpg
1188,Nozoemon,,のぞえもん,Manga,729,6.34,2013,https://cdn.myanimelist.net/images/manga/2/158833l.jpg
1188,Surrogate,,SURROGATE サロゲート,One-shot,370,6.34,2013,https://cdn.myanimelist.net/images/manga/1/127405l.jpg
1188,Vespa,,Vespa,Manga,538,6.34,2013,https://cdn.myanimelist.net/images/manga/3/134285l.jpg
1196,Guru☆Guru: Triangle Struggle,,ぐる☆ぐる TRIANGLE STRUGGLE,Doujinshi,574,6.33,2013,https://cdn.myanimelist.net/images/manga/2/126231l.jpg
1196,Renai Metro,Love Road,恋愛メトロ,Manga,1184,6.33,2013,https://cdn.myanimelist.net/images/manga/1/165404l.jpg
1196,Shiawase no Shoujo,,幸せの少女,One-shot,232,6.33,2013,https://cdn.myanimelist.net/images/manga/1/112189l.jpg
1196,Shinigami Hakushaku wa Yuuutsu,,死神伯爵はユウウツ,One-shot,470,6.33,2013,https://cdn.myanimelist.net/images/manga/1/159857l.jpg
1196,Shirokuro-kun to Anzu-chan.,,しろくろくんとあんずちゃん。,Manga,1341,6.33,2013,https://cdn.myanimelist.net/images/manga/1/132689l.jpg
1196,Yometori!,,よめとり!,Manga,742,6.33,2013,https://cdn.myanimelist.net/images/manga/3/157431l.jpg
1196,Yozora no Albireo,Albireo in the night sky,夜空のアルビレオ,One-shot,257,6.33,2013,https://cdn.myanimelist.net/images/manga/2/150825l.jpg
1203,Gyugyutto Takahashi,Glamorous Gathering Takahashi,ぎゅぎゅっと高橋,Manga,653,6.32,2013,https://cdn.myanimelist.net/images/manga/1/301311l.jpg
1203,Hitorijime: Choukyou Ganbou,,ひとりじめ～調教願望～,Manga,2062,6.32,2013,https://cdn.myanimelist.net/images/manga/2/182667l.jpg
1203,Kiss My Ass,,KISS MY ASS,Manga,4269,6.32,2013,https://cdn.myanimelist.net/images/manga/2/185982l.jpg
1203,Live Cum,,ライブカム,Manga,523,6.32,2013,https://cdn.myanimelist.net/images/manga/2/90641l.jpg
1203,Misshitsu no Rakuen,,密室の楽園,One-shot,823,6.32,2013,https://cdn.myanimelist.net/images/manga/3/90853l.jpg
1203,Oi JK♂,,甥JK♂,Doujinshi,415,6.32,2013,https://cdn.myanimelist.net/images/manga/3/147513l.jpg
1203,Zou no Miru Yume,,象の見る夢,One-shot,851,6.32,2013,https://cdn.myanimelist.net/images/manga/3/134027l.jpg
1210,Bousou Girls-teki Mousou Renai-teki Suteki Project,,ボウソウガールズテキモウソウレンアイテキステキプロジェクト（B・G・M・R・S・P）,Manga,1499,6.31,2013,https://cdn.myanimelist.net/images/manga/1/138701l.jpg
1210,Chissai Shitsuren,,ちっさい失恋,One-shot,360,6.31,2013,https://cdn.myanimelist.net/images/manga/2/127577l.jpg
1210,Hatsujou Virus,,発情ウイルス,Manga,567,6.31,2013,https://cdn.myanimelist.net/images/manga/2/166780l.jpg
1210,Motenai Riyuu ga Oosugiru!!!!!,,モテない理由が多すぎる!!!!!,Manga,626,6.31,2013,https://cdn.myanimelist.net/images/manga/2/136313l.jpg
1210,Secret,Secret,Secret,Manga,8349,6.31,2013,https://cdn.myanimelist.net/images/manga/2/150380l.jpg
1215,Bigger Hunter,,Bigger Hunter,One-shot,764,6.3,2013,https://cdn.myanimelist.net/images/manga/3/97499l.jpg
1215,Re:Mahou Shoujo,Re: Magical Girl,Re：魔法少女,Manga,658,6.3,2013,https://cdn.myanimelist.net/images/manga/2/119979l.jpg
1217,Action Kamen,Action Mask,アクション仮面,Manga,542,6.29,2013,https://cdn.myanimelist.net/images/manga/1/114901l.jpg
1217,Amairo*IsleNauts,,天色＊アイルノーツ,Manga,3275,6.29,2013,https://cdn.myanimelist.net/images/manga/1/121891l.jpg
1217,Daisuki dakara Ijimetai!,,大好きだからイジメたいっ！,Manga,482,6.29,2013,https://cdn.myanimelist.net/images/manga/3/209460l.jpg
1217,Dokuzetsu Shitsuji: Earl Grey wa Koi no Tsundere Aji de,,毒舌執事~アールグレイは恋のツンデレ味で~,Manga,506,6.29,2013,https://cdn.myanimelist.net/images/manga/2/134063l.jpg
1217,Etotama,,えとたま（干支魂）,Manga,830,6.29,2013,https://cdn.myanimelist.net/images/manga/1/149277l.jpg
1217,Nanika Ii no Mitsuketa!,Found Something Good!,何かいいの見つけた!,Manga,1702,6.29,2013,https://cdn.myanimelist.net/images/manga/1/154951l.jpg
1217,Nekama CirCra♂chan,,ネカマサークラ♂ちゃん,Doujinshi,525,6.29,2013,https://cdn.myanimelist.net/images/manga/2/150192l.jpg
1217,Nikubenki-kun no Ichinichi,,肉便器くんの一日,Doujinshi,343,6.29,2013,https://cdn.myanimelist.net/images/manga/1/101945l.jpg
1217,Nikukyuu!,,にくきゅー！,Manga,2507,6.29,2013,https://cdn.myanimelist.net/images/manga/3/147445l.jpg
1217,"Suki, dakara Furetai.",I Want To Feel You Because I Like You,好き、だから触れたい。,Manga,271,6.29,2013,https://cdn.myanimelist.net/images/manga/3/245923l.jpg
1227,God Virgin,,God Virgin,One-shot,514,6.28,2013,https://cdn.myanimelist.net/images/manga/2/92639l.jpg
1227,"Sailor Fuku, Tokidoki Apron",Schoolgirl Landlord Honoka,セーラー服、ときどきエプロン,Manga,1410,6.28,2013,https://cdn.myanimelist.net/images/manga/3/128613l.jpg
1229,Chibikkokikoki,,ちびっコキコキ,Manga,359,6.27,2013,https://cdn.myanimelist.net/images/manga/3/278982l.jpg
1229,Danshikou no Nikubenki-kun,,男子校の肉便器くん,Doujinshi,457,6.27,2013,https://cdn.myanimelist.net/images/manga/3/101899l.jpg
1229,Deri♥Pocha: Yajuu no H na Gohan,,デリ♥ぽちゃ～野獣のHなごはん～,Manga,1300,6.27,2013,https://cdn.myanimelist.net/images/manga/1/207052l.jpg
1229,Dynamite Star,,ダイナマイトスター,One-shot,992,6.27,2013,https://cdn.myanimelist.net/images/manga/1/137779l.jpg
1229,Osananajimi wa Boku no Hero!,,幼馴染は僕のヒーロー!,Manga,947,6.27,2013,https://cdn.myanimelist.net/images/manga/3/220849l.jpg
1229,Smoky B.B.,,スモーキーB.B,Manga,1148,6.27,2013,https://cdn.myanimelist.net/images/manga/2/189780l.jpg
1235,"Ame no Mukou, Kimi to",,雨のむこう、きみと,Manga,885,6.26,2013,https://cdn.myanimelist.net/images/manga/2/96171l.jpg
1235,Baroque K/night,,バロックナイト,Manga,2416,6.26,2013,https://cdn.myanimelist.net/images/manga/1/139335l.jpg
1235,Dame na Yatsu Hodo Kawaii,,ダメなやつほどかわいい,Manga,1474,6.26,2013,https://cdn.myanimelist.net/images/manga/2/192034l.jpg
1235,Kiritorisen,,キリトリセン,One-shot,331,6.26,2013,https://cdn.myanimelist.net/images/manga/3/111507l.jpg
1235,Necro;Chronicle,,ネクロ；クロニクル,Manga,928,6.26,2013,https://cdn.myanimelist.net/images/manga/2/158558l.jpg
1240,Dragon's Crown,Dragon's Crown,ドラゴンズクラウン,Manga,1703,6.25,2013,https://cdn.myanimelist.net/images/manga/1/174405l.jpg
1240,Fukuda Ayano Monogatari,,福田彩乃物語,One-shot,328,6.25,2013,https://cdn.myanimelist.net/images/manga/1/89093l.jpg
1240,Itoshi no Mirai-kun,Mirai Is My Lover,いとしの未来くん,Manga,1218,6.25,2013,https://cdn.myanimelist.net/images/manga/1/119039l.jpg
1240,Kakumeiki Valvrave,,革命機ヴァルヴレイヴ,Manga,744,6.25,2013,https://cdn.myanimelist.net/images/manga/2/115041l.jpg
1240,Kuro no Innyuu,Black Eros Tits,黒の淫乳,Manga,998,6.25,2013,https://cdn.myanimelist.net/images/manga/2/195793l.jpg
1240,Shishi,,獣〈シシ〉,Manga,547,6.25,2013,https://cdn.myanimelist.net/images/manga/3/153852l.jpg
1246,Amnesia Later,,AMNESIA LATER アムネシアレイター,Manga,1749,6.24,2013,https://cdn.myanimelist.net/images/manga/3/95285l.jpg
1246,Ayakashi no Ou,,妖の王,One-shot,1420,6.24,2013,https://cdn.myanimelist.net/images/manga/3/90135l.jpg
1246,SM Gokko,,SMごっこ,Manga,942,6.24,2013,https://cdn.myanimelist.net/images/manga/1/221693l.jpg
1246,Tensei Shoujo Zukan,Guide of Transmigration Girls,転生少女図鑑,Manga,1412,6.24,2013,https://cdn.myanimelist.net/images/manga/2/178406l.jpg
1250,"5-tsu no Hajimete: Ubawaretemo Ii, Kimi ni nara",,5つのハジメテ-うばわれてもいい、キミになら-,Manga,1362,6.23,2013,https://cdn.myanimelist.net/images/manga/3/123331l.jpg
1250,Heart ni Harukaze!!,,ハートに春風!!,One-shot,244,6.23,2013,https://cdn.myanimelist.net/images/manga/2/169002l.jpg
1250,Inga no Sakana,Fish Tied with Fate,因果の魚,Manga,367,6.23,2013,https://cdn.myanimelist.net/images/manga/3/227933l.jpg
1250,Mushihime,,蟲姫,Manga,12037,6.23,2013,https://cdn.myanimelist.net/images/manga/2/166267l.jpg
1250,Shingeki no Kyojin Volume 0,,進撃の巨人 0巻,Manga,14551,6.23,2013,https://cdn.myanimelist.net/images/manga/1/100805l.jpg
1255,"Mou, Sou Shichau?",,もう、そうしちゃう?,One-shot,489,6.22,2013,https://cdn.myanimelist.net/images/manga/2/91205l.jpg
1255,PiNKS,,PiNKS,Manga,555,6.22,2013,https://cdn.myanimelist.net/images/manga/1/196554l.jpg
1255,Zero no Okite,,0の掟,One-shot,272,6.22,2013,https://cdn.myanimelist.net/images/manga/2/112759l.jpg
1258,Koi no Kotoba,,こいのことば,Manga,2519,6.21,2013,https://cdn.myanimelist.net/images/manga/1/188959l.jpg
1258,Natsu Neiro,,夏音色,One-shot,296,6.21,2013,https://cdn.myanimelist.net/images/manga/2/166311l.jpg
1258,Tsugihagi na Kanojo,,ツギハギな彼女,Manga,1238,6.21,2013,https://cdn.myanimelist.net/images/manga/1/143141l.jpg
1261,Damatte Watashi no Iu Koto Kikinasai!,,黙って私の言うコトききなさい!,One-shot,531,6.2,2013,https://cdn.myanimelist.net/images/manga/5/111153l.jpg
1261,Himawari Sharing,,向日葵シェアリング,Doujinshi,574,6.2,2013,https://cdn.myanimelist.net/images/manga/3/117545l.jpg
1261,Sumikko no Futari,,すみっこのふたり,One-shot,285,6.2,2013,https://cdn.myanimelist.net/images/manga/3/187847l.jpg
1261,Zutto Miteita Mono desu kara,,ずっとみていたものですから,One-shot,884,6.2,2013,https://cdn.myanimelist.net/images/manga/2/111553l.jpg
1265,Craft Girl,,クラフトガール,Manga,300,6.19,2013,https://cdn.myanimelist.net/images/manga/3/149059l.jpg
1265,Ibara no Koi,,いばらのこい,One-shot,432,6.19,2013,https://cdn.myanimelist.net/images/manga/3/165421l.jpg
1265,Koi Lemon,,恋れもん,Manga,1222,6.19,2013,https://cdn.myanimelist.net/images/manga/2/188958l.jpg
1265,Sweet Spot,,Sweet spot,One-shot,390,6.19,2013,https://cdn.myanimelist.net/images/manga/3/134405l.jpg
1269,Aurora,AURORA,AURORA,Doujinshi,282,6.18,2013,https://cdn.myanimelist.net/images/manga/1/150137l.jpg
1269,Carnaval Glare,,カルナバル・グレア,Manga,822,6.18,2013,https://cdn.myanimelist.net/images/manga/1/123243l.jpg
1269,Ero♥Märchen: Hoshi no Ginka,,えろ♥めるへん 星の銀貨,Manga,2480,6.18,2013,https://cdn.myanimelist.net/images/manga/3/131157l.jpg
1269,Hadaka no Makyou,,裸の魔境,One-shot,273,6.18,2013,https://cdn.myanimelist.net/images/manga/3/113527l.jpg
1269,Honey Kiss,,ほにーきす,One-shot,359,6.18,2013,https://cdn.myanimelist.net/images/manga/3/101863l.jpg
1269,Kemono no Joou,,獣の女王,Manga,945,6.18,2013,https://cdn.myanimelist.net/images/manga/1/192936l.jpg
1269,Kinoko Ningen no Kekkon,Mushroom Girls in Love,きのこ人間の結婚,Manga,1476,6.18,2013,https://cdn.myanimelist.net/images/manga/1/164284l.jpg
1269,Koko dake no Himitsu,,ここだけの秘密,One-shot,932,6.18,2013,https://cdn.myanimelist.net/images/manga/2/90371l.jpg
1277,Kao ga Suki,,顔が好き,Manga,770,6.17,2013,https://cdn.myanimelist.net/images/manga/3/168043l.jpg
1277,Koisuru Sha Girl,,恋する射ガール,One-shot,635,6.17,2013,https://cdn.myanimelist.net/images/manga/2/111297l.jpg
1279,Ookami-kun to Cinderella,,オオカミ君とシンデレラ,One-shot,1283,6.16,2013,https://cdn.myanimelist.net/images/manga/1/126827l.jpg
1279,Take Dake Dake!: Takedakei Gentei,Bushido Academy,たけだけだけ-武田系限定-,Manga,446,6.16,2013,https://cdn.myanimelist.net/images/manga/1/193754l.jpg
1279,"Yuki-chan no Baka, Daisuki.",,雪ちゃんのバカ、大好き。,One-shot,826,6.16,2013,https://cdn.myanimelist.net/images/manga/3/145295l.jpg
1282,My Nasty Sister,,my nasty sister,One-shot,286,6.14,2013,https://cdn.myanimelist.net/images/manga/1/114423l.jpg
1283,Ore ga xx de Model Debut!?,,俺が××でモデルデビュー!?,One-shot,393,6.13,2013,https://cdn.myanimelist.net/images/manga/2/102749l.jpg
1283,Paranoia Cage,Paranoia Cage,ぱらのいあけ〜じ,Manga,2091,6.13,2013,https://cdn.myanimelist.net/images/manga/2/162093l.jpg
1285,Gakkou no Shinigami-san,,学校の死神さん,One-shot,919,6.12,2013,https://cdn.myanimelist.net/images/manga/1/85601l.jpg
1285,"Gokujou Beef Curry, Himitsu-iri",The Finest Beef Curry with a Secret,極上ビーフカレー、秘密入り,Manga,452,6.12,2013,https://cdn.myanimelist.net/images/manga/3/193966l.jpg
1285,Mutou Black,,無刀ブラック,Manga,862,6.12,2013,https://cdn.myanimelist.net/images/manga/1/100567l.jpg
1285,Omocha no Kyouso-sama,Toy Mother of the Immortal Cult,おもちゃの教祖さま,Manga,502,6.12,2013,https://cdn.myanimelist.net/images/manga/3/125941l.jpg
1289,Feeding Lamb,,Feeding Lamb,Doujinshi,1841,6.1,2013,https://cdn.myanimelist.net/images/manga/1/224188l.jpg
1289,Hime Koi,,ひめこい,One-shot,466,6.1,2013,https://cdn.myanimelist.net/images/manga/4/111311l.jpg
1291,D.Y.N. Freaks,,D.Y.N.FREAKS ダイン・フリークス,Manga,1109,6.09,2013,https://cdn.myanimelist.net/images/manga/2/120805l.jpg
1291,Mayonaka ni Binetsu,,真夜中に、微熱,One-shot,869,6.09,2013,https://cdn.myanimelist.net/images/manga/2/93781l.jpg
1293,Akoya Tsutae,The Chronicle of Akoya,アコヤツタヱ,Manga,459,6.08,2013,https://cdn.myanimelist.net/images/manga/2/142745l.jpg
1293,Netoraserare,,ネトラセラレ,Manga,2287,6.08,2013,https://cdn.myanimelist.net/images/manga/2/139701l.jpg
1295,Drump,,DRUMP,One-shot,707,6.07,2013,https://cdn.myanimelist.net/images/manga/2/110977l.jpg
1295,Tokyo DTED,,東京DTED,Manga,3629,6.07,2013,https://cdn.myanimelist.net/images/manga/3/188931l.jpg
1297,Aruji no Kigen,,主のキゲン,One-shot,380,6.06,2013,https://cdn.myanimelist.net/images/manga/1/110829l.jpg
1297,Dragon Recipe,,드레곤 레시피,Manhwa,937,6.06,2013,https://cdn.myanimelist.net/images/manga/2/145271l.jpg
1297,Murder Incarnation,Murder Incarnation,マーダー・インカーネイション,Manga,1190,6.06,2013,https://cdn.myanimelist.net/images/manga/3/115683l.jpg
1297,Warashibe Tantei Numa Shichirou,,わらしべ探偵 沼七郎,One-shot,703,6.06,2013,https://cdn.myanimelist.net/images/manga/1/127445l.jpg
1301,Ame Tokidoki Koi Moyou,,雨ときどき恋もよう,One-shot,1273,6.05,2013,https://cdn.myanimelist.net/images/manga/2/104447l.jpg
1301,Majo-san to Issho,,魔女さんといっしょ,One-shot,445,6.05,2013,https://cdn.myanimelist.net/images/manga/3/126043l.jpg
1303,Mata ne.,,またね。,One-shot,256,6.04,2013,https://cdn.myanimelist.net/images/manga/3/141987l.jpg
1303,"Sensei, Ote wo Douzo?",,センセイ、お手をどうぞ？,One-shot,416,6.04,2013,https://cdn.myanimelist.net/images/manga/1/124733l.jpg
1303,Tadashikunai Renai no Susume,,正しくない恋愛のススメ,Manga,4991,6.04,2013,https://cdn.myanimelist.net/images/manga/3/128257l.jpg
1303,Yume Onna,,夢女,One-shot,3134,6.04,2013,https://cdn.myanimelist.net/images/manga/1/162105l.jpg
1307,Aisuru Hinba ga Tanetsuke Sarete,,愛する牝馬が種付けされて,Doujinshi,384,6.03,2013,https://cdn.myanimelist.net/images/manga/2/137027l.jpg
1307,Haru-nee ga Boku ni xx Suru Riyuu,,ハル姉が僕に××する理由,Manga,4282,6.03,2013,https://cdn.myanimelist.net/images/manga/3/158533l.jpg
1307,Hentai Kyoudai to Inu,,へんたい姉弟と犬,One-shot,553,6.03,2013,https://cdn.myanimelist.net/images/manga/1/94215l.jpg
1307,Kimi wo Mawashitai.,,君を回したい。,Manga,627,6.03,2013,https://cdn.myanimelist.net/images/manga/2/195941l.jpg
1307,Liar Kiss,,ライアーキス,One-shot,1701,6.03,2013,https://cdn.myanimelist.net/images/manga/3/122609l.jpg
1312,"30-sai, Shojo OL",,30歳、処女OL,Manga,2829,6.02,2013,https://cdn.myanimelist.net/images/manga/2/118389l.jpg
1312,Asahina Koharu no Mousou Biyori,,朝比奈小春の妄想日和,One-shot,820,6.02,2013,https://cdn.myanimelist.net/images/manga/3/119631l.jpg
1312,Boku no Geboku ni Nare!,,ボクの下僕になぁれっ!,Manga,2220,6.02,2013,https://cdn.myanimelist.net/images/manga/3/171956l.jpg
1312,Natsu no Owari,,夏の終わり,One-shot,214,6.02,2013,https://cdn.myanimelist.net/images/manga/3/141985l.jpg
1316,Buffalo 5-nin Musume,Buffalo 5 Girls,バッファロー5人娘,Manga,1010,6.01,2013,https://cdn.myanimelist.net/images/manga/1/333809l.jpg
1316,Gringo 2061,,GRINGO2061,Manga,1267,6.01,2013,https://cdn.myanimelist.net/images/manga/2/100939l.jpg
1316,Sacharias no Me,,サハリアスの眼,One-shot,367,6.01,2013,https://cdn.myanimelist.net/images/manga/1/129209l.jpg
1316,Shiritsu Hakanai Gakuen,"No Panties, No Problem",私立はかない学園,Manga,1286,6.01,2013,https://cdn.myanimelist.net/images/manga/1/162130l.jpg
1320,Ameri-chan Dream,,あめりちゃんどり～む,Doujinshi,302,6.0,2013,https://cdn.myanimelist.net/images/manga/1/191193l.jpg
1320,Hatsukoi Monster,First Love Monster,初恋モンスター,Manga,3808,6.0,2013,https://cdn.myanimelist.net/images/manga/3/180249l.jpg
1320,"Hizumu Sankaku, Hodokete Karamu","A Warped Triangle, Undone and Entangled",ひずむ三角、ほどけて絡む,Manga,365,6.0,2013,https://cdn.myanimelist.net/images/manga/2/222346l.jpg
1320,Majo no Yaen,,マジョの夜宴,One-shot,1341,6.0,2013,https://cdn.myanimelist.net/images/manga/1/194178l.jpg
1320,Take Off,,テイクオフ,One-shot,1038,6.0,2013,https://cdn.myanimelist.net/images/manga/2/97175l.jpg
1325,Medicine,,メディスン,One-shot,2901,5.99,2013,https://cdn.myanimelist.net/images/manga/1/90881l.jpg
1325,Ore no Aneki wa Kioku Soushitsu: Sex tte Nani?,,俺の姉貴は記憶喪失－セックスってなぁに？－,Manga,1317,5.99,2013,https://cdn.myanimelist.net/images/manga/1/182348l.jpg
1325,Vetsunova,,ヴェツノバ,One-shot,493,5.99,2013,https://cdn.myanimelist.net/images/manga/4/90607l.jpg
1328,Koisuru Edison,,恋するエジソン,Manga,455,5.98,2013,https://cdn.myanimelist.net/images/manga/5/97789l.jpg
1328,Tackle Shoujo,,タックル少女,One-shot,374,5.98,2013,https://cdn.myanimelist.net/images/manga/1/105807l.jpg
1330,Omae sae Inakerya,,おまえさえいなけりゃ,One-shot,457,5.97,2013,https://cdn.myanimelist.net/images/manga/5/338502l.jpg
1330,Rin to Shite Shabure,,凛としてしゃぶれ,One-shot,563,5.97,2013,https://cdn.myanimelist.net/images/manga/1/105743l.jpg
1332,Bocchiman,,ぼっちマン,Manga,1882,5.96,2013,https://cdn.myanimelist.net/images/manga/3/133273l.jpg
1332,Mahou de Chocolat,,魔法deショコラ,One-shot,394,5.96,2013,https://cdn.myanimelist.net/images/manga/1/90883l.jpg
1332,Naita Oni-Musume,,泣いた鬼娘,One-shot,356,5.96,2013,https://cdn.myanimelist.net/images/manga/3/94163l.jpg
1335,Fukushuu Josou Rape!! Namaiki na Kawaii Furyou wo Kyouikuteki Shioki Kan.,,復讐女装レイプ！！生意気な可愛い不良を狂育的仕置き姦。,Doujinshi,404,5.95,2013,https://cdn.myanimelist.net/images/manga/1/107911l.jpg
1335,Present Koukan wa Kiken na Kaori...!?,,プレゼント交換はキケンな香り…！？,One-shot,358,5.95,2013,https://cdn.myanimelist.net/images/manga/4/111255l.jpg
1337,Ai Container,,アイコンテイナー,One-shot,412,5.92,2013,https://cdn.myanimelist.net/images/manga/4/111727l.jpg
1337,Neko-san no Kimagure Mahou,,ねこさんのきまぐれまほう,One-shot,218,5.92,2013,https://cdn.myanimelist.net/images/manga/1/128953l.jpg
1337,Oneechan to Issho,,お姉ちゃんといっしょ,One-shot,435,5.92,2013,https://cdn.myanimelist.net/images/manga/1/107579l.jpg
1340,17-sai °C,,17歳℃,Manga,1660,5.91,2013,https://cdn.myanimelist.net/images/manga/1/118831l.jpg
1341,Eien no Mae,,永遠のまえ,One-shot,570,5.9,2013,https://cdn.myanimelist.net/images/manga/2/88001l.jpg
1342,Aisaretemiru?,Do You Want to Be Dominated?,支配〈あい〉されてみる?,Manga,584,5.88,2013,https://cdn.myanimelist.net/images/manga/3/247590l.jpg
1342,Yume Nikki,,ゆめにっき,Manga,6492,5.88,2013,https://cdn.myanimelist.net/images/manga/3/123761l.jpg
1344,Are na Kare to no Kurashikata,,oo【アレ】な彼との暮らし方,One-shot,312,5.87,2013,https://cdn.myanimelist.net/images/manga/3/90009l.jpg
1344,Dragon's Dogma Progress,,DRAGON'S DOGMA PROGRESS,Manga,678,5.87,2013,https://cdn.myanimelist.net/images/manga/3/159548l.jpg
1344,Zettai Fukujuu Game,,絶対服従ゲーム,Manga,680,5.87,2013,https://cdn.myanimelist.net/images/manga/2/176560l.jpg
1347,Geiger Counter,,がいがぁかうんたぁ,Doujinshi,1549,5.86,2013,https://cdn.myanimelist.net/images/manga/3/112249l.jpg
1347,Hiai Mousou,,被愛妄想,Manga,8969,5.86,2013,https://cdn.myanimelist.net/images/manga/2/169448l.jpg
1349,Chichi Chichi,,チチチチ,Manga,12131,5.85,2013,https://cdn.myanimelist.net/images/manga/3/159848l.jpg
1350,Senpai no Houkago Osawari Kyoushitsu,,先輩の放課後おさわり教室,One-shot,726,5.82,2013,https://cdn.myanimelist.net/images/manga/1/111245l.jpg
1351,Nibiiro no Seishun,,鈍色の青春,Manga,566,5.77,2013,https://cdn.myanimelist.net/images/manga/3/172943l.jpg
1352,Saint Seiya Omega: New Cross Tanjou-hen,,聖闘士星矢Ω 新生聖衣（ニュークロス）誕生編,Manga,990,5.75,2013,https://cdn.myanimelist.net/images/manga/1/121603l.jpg
1353,Cutie Honey Tai Devilman Lady,,キューティーハニー対デビルマンレディー,Manga,1192,5.74,2013,https://cdn.myanimelist.net/images/manga/3/131333l.jpg
1353,Toaru Around Thirty no Mousouroku,,とあるアラサーの妄想録,Manga,366,5.74,2013,https://cdn.myanimelist.net/images/manga/3/111165l.jpg
1353,Yuutai Nova: Kanketsu-hen,,ユウタイノヴァ 完結編,Manga,1880,5.74,2013,https://cdn.myanimelist.net/images/manga/2/97599l.jpg
1356,Toilet ga Hanako-san,,トイレが花子さん,One-shot,543,5.73,2013,https://cdn.myanimelist.net/images/manga/2/164963l.jpg
1357,Cos x Cos,,コス×コス,One-shot,371,5.71,2013,https://cdn.myanimelist.net/images/manga/1/158421l.jpg
1358,My Joy,My Joy,나의 보람,Manhwa,521,5.7,2013,https://cdn.myanimelist.net/images/manga/3/260010l.jpg
1359,Hakaijuu VS Mahou Shoujo of the End VS Vs Earth,,ハカイジュウ VS 魔法少女オブジエンド VS バーサスアース,Manga,931,5.68,2013,https://cdn.myanimelist.net/images/manga/2/183299l.jpg
1360,Boku ga Otouto to Nakayoku Naru Houhou,,ボクが弟と仲良くなる方法,One-shot,519,5.66,2013,https://cdn.myanimelist.net/images/manga/1/113933l.jpg
1361,Dolls Fall,,DOLLS FALL ドールズ・フォール,Manga,5468,5.64,2013,https://cdn.myanimelist.net/images/manga/3/115553l.jpg
1362,Nemuri no Fuchi,,ネムリノフチ,Manga,3199,5.63,2013,https://cdn.myanimelist.net/images/manga/1/152434l.jpg
1363,Genocider,,ジェノサイダー,Manga,1704,5.62,2013,https://cdn.myanimelist.net/images/manga/3/167795l.jpg
1364,"Houkago, 2-C no Kyoushitsu de.",,放課後、2-Cの教室で。,One-shot,423,5.61,2013,https://cdn.myanimelist.net/images/manga/3/91253l.jpg
1365,Death Trap,,DEATH TRAP,Manhwa,275,5.56,2013,https://cdn.myanimelist.net/images/manga/2/107241l.jpg
1366,Anecon!,,あねこん!,One-shot,523,5.55,2013,https://cdn.myanimelist.net/images/manga/3/98809l.jpg
1367,Kichikujima,Freak Island,鬼畜島,Manga,13706,5.53,2013,https://cdn.myanimelist.net/images/manga/2/133709l.jpg
1367,Ore to Fuuki Iin no.,,俺と風紀委員の。,One-shot,487,5.53,2013,https://cdn.myanimelist.net/images/manga/3/88219l.jpg
1369,Umareru Kachi no Nakatta Jibun ga Anna no Tame ni Dekiru Ikutsuka no Koto,,生まれる価値のなかった自分がアンナのためにできるいくつかのこと,Manga,4574,5.49,2013,https://cdn.myanimelist.net/images/manga/2/129673l.jpg
1370,Waga Tousou: Imouto no Tame nara Sekai wo Shukusei shitemo Ii yo ne!,,わが闘争 妹のためなら世界を粛正してもいいよね！,Manga,1245,5.48,2013,https://cdn.myanimelist.net/images/manga/1/180701l.jpg
1371,Shiro,,白,One-shot,346,5.47,2013,https://cdn.myanimelist.net/images/manga/4/341089l.jpg
1372,Inio-chan no Cool Japan!,,いにおちゃんのクールジャパン!,One-shot,1110,5.26,2013,https://cdn.myanimelist.net/images/manga/2/240945l.jpg
1373,Dokumushi,,ドクムシ,Manga,15575,5.23,2013,https://cdn.myanimelist.net/images/manga/2/165110l.jpg
1374,Ikenie Yakata,,いけにえ館,One-shot,685,4.65,2013,https://cdn.myanimelist.net/images/manga/2/170649l.jpg
1375,In the Room,,in THE ROOM,Manga,2315,4.6,2013,https://cdn.myanimelist.net/images/manga/3/223964l.jpg
1376,Dead Word Puzzle,,デッドワードパズル,Manga,1394,3.84,2013,https://cdn.myanimelist.net/images/manga/2/176679l.jpg
1377,School Kill,,SCHOOL KILL -スクール・キル-,One-shot,896,3.74,2013,https://cdn.myanimelist.net/images/manga/2/142807l.jpg
