rank,title,title_english,title_japanese,type,members,score,year,image_url
1,Our Sunny Days,Our Sunny Days,해 뜨는 집,Manhwa,3423,8.69,2023,https://cdn.myanimelist.net/images/manga/1/309563l.jpg
2,"Shuu ni Ichido Classmate wo Kau Hanashi: Futari no Jikan, Iiwake no 5000-en",Buying a Classmate Once a Week: Our Time Together and the Five-Thousand-Yen Excuse,週に一度クラスメイトを買う話～ふたりの時間、言い訳の五千円～,Light Novel,1741,8.64,2023,https://cdn.myanimelist.net/images/manga/2/304545l.jpg
3,Mushoku Tensei: Dasoku-hen,Mushoku Tensei: Redundant Reincarnation,無職転生 ～蛇足編～,Light Novel,5389,8.52,2023,https://cdn.myanimelist.net/images/manga/2/283797l.jpg
4,Xiao Mogu,Little Mushroom,小蘑菇,Manhua,2506,8.51,2023,https://cdn.myanimelist.net/images/manga/2/297922l.jpg
5,Mayonaka Heart Tune,Tune In to the Midnight Heart,真夜中ハートチューン,Manga,33004,8.48,2023,https://cdn.myanimelist.net/images/manga/1/293386l.jpg
6,Love Bullet,Love Bullet,ラブ・バレット,Manga,24165,8.43,2023,https://cdn.myanimelist.net/images/manga/3/307661l.jpg
7,Houkago Kitaku Biyori,Walking Home with You,放課後帰宅びより,Manga,13752,8.4,2023,https://cdn.myanimelist.net/images/manga/1/295999l.jpg
8,Mairimashita! Iruma-kun: If Episode of Mafia,Welcome to Demon School! Iruma-kun: IruMafia Edition,魔入りました!入間くん if Episode of 魔フィア,Manga,5422,8.39,2023,https://cdn.myanimelist.net/images/manga/3/293165l.jpg
9,Kininatteru Hito ga Otoko ja Nakatta,The Guy She Was Interested in Wasn't a Guy at All,気になってる人が男じゃなかった,Manga,66827,8.37,2023,https://cdn.myanimelist.net/images/manga/3/288182l.jpg
10,JoJo no Kimyou na Bouken Part 9: The JoJoLands,JoJo's Bizarre Adventure Part 9: The JoJoLands,ジョジョの奇妙な冒険 Part9 The JOJOLands,Manga,58744,8.34,2023,https://cdn.myanimelist.net/images/manga/1/286969l.jpg
11,"Yoru ni Kakeru Kimi to, Me ni Mienai Koi wo Shita. Series",Love Unseen Beneath the Clear Night Sky,夜に駆ける君と、目に見えない恋をした。シリーズ,Light Novel,1270,8.31,2023,https://cdn.myanimelist.net/images/manga/2/310572l.jpg
12,The Extra's Academy Survival Guide,The Extra's Academy Survival Guide,아카데미에서 살아남기,Manhwa,32099,8.27,2023,https://cdn.myanimelist.net/images/manga/2/296379l.jpg
13,The Stellar Swordmaster,The Stellar Swordmaster,별을 품은 소드마스터,Manhwa,30519,8.26,2023,https://cdn.myanimelist.net/images/manga/2/289345l.jpg
13,Virtual Strangers,Virtual Strangers,이웃집 길드원,Manhwa,6307,8.26,2023,https://cdn.myanimelist.net/images/manga/1/319543l.jpg
15,Phantom Busters,Phantom Busters,ファントムバスターズ,Manga,16236,8.25,2023,https://cdn.myanimelist.net/images/manga/3/292885l.jpg
16,Otonari no Tenshi-sama ni Itsunomanika Dame Ningen ni Sareteita Ken: After the Rain,The Angel Next Door Spoils Me Rotten: After the Rain,お隣の天使様にいつの間にか駄目人間にされていた件 after the rain,Manga,3999,8.17,2023,https://cdn.myanimelist.net/images/manga/1/308127l.jpg
17,Chameleon wa Tenohira ni Koi wo Suru.,Love in the Palm of His Hand,カメレオンはてのひらに恋をする。,Manga,2883,8.14,2023,https://cdn.myanimelist.net/images/manga/1/294761l.jpg
17,The Dawn to Come,The Dawn to Come,그저 여명일 뿐,Manhwa,4687,8.14,2023,https://cdn.myanimelist.net/images/manga/2/336359l.jpg
19,Kimi to Uchuu wo Aruku Tame ni,Spacewalking with You,君と宇宙を歩くために,Manga,5671,8.13,2023,https://cdn.myanimelist.net/images/manga/2/292440l.jpg
19,Kono Koi wo Hoshi ni wa Negawanai,There Is No Love Wishing Upon a Star.,この恋を星には願わない,Manga,5190,8.13,2023,https://cdn.myanimelist.net/images/manga/2/284481l.jpg
21,Ignat no Hanayome,Bride of Ignat,イグナートの花嫁,Manga,3388,8.11,2023,https://cdn.myanimelist.net/images/manga/2/319185l.jpg
21,Pink Heart Jam: Beat,Pink Heart Jam beat,ピンクハートジャム beat,Manga,3091,8.11,2023,https://cdn.myanimelist.net/images/manga/2/299807l.jpg
23,Surviving the Game as a Barbarian,Surviving the Game as a Barbarian,게임 속 바바리안으로 살아남기,Manhwa,21926,8.09,2023,https://cdn.myanimelist.net/images/manga/2/281007l.jpg
24,Kagurabachi,Kagurabachi,カグラバチ,Manga,112759,8.08,2023,https://cdn.myanimelist.net/images/manga/3/296327l.jpg
24,Tower Dungeon,Tower Dungeon,タワーダンジョン,Manga,28948,8.08,2023,https://cdn.myanimelist.net/images/manga/3/296439l.jpg
26,Uma Musume: Pretty Derby - Star Blossom,,ウマ娘 プリティーダービー スターブロッサム,Manga,2802,8.07,2023,https://cdn.myanimelist.net/images/manga/1/290255l.jpg
27,Bocchi the Rock! Gaiden: Hiroi Kikuri no Fukazake Nikki,Bocchi the Rock! Side Story: Kikuri Hiroi's Heavy-Drinking Diary,ぼっち・ざ・ろっく!外伝 廣井きくりの深酒日記,Manga,5129,8.0,2023,https://cdn.myanimelist.net/images/manga/1/296005l.jpg
27,Nerd Project,Nerd Project,너드 프로젝트(Nerd Project),Manhwa,2797,8.0,2023,https://cdn.myanimelist.net/images/manga/2/331122l.jpg
29,Tamaranai no wa Koi nano ka,A Love Too Captivating,たまらないのは恋なのか,Manga,4433,7.99,2023,https://cdn.myanimelist.net/images/manga/2/293338l.jpg
30,Hotaru no Yomeiri,Firefly Wedding,ホタルの嫁入り,Manga,31431,7.98,2023,https://cdn.myanimelist.net/images/manga/3/283419l.jpg
30,The Top Dungeon Farmer,The Top Dungeon Farmer,나 혼자 탑에서 농사,Manhwa,14154,7.98,2023,https://cdn.myanimelist.net/images/manga/3/330474l.jpg
32,Kami no Fune de Nemuru,Sleeping on Paper Boats,紙の舟で眠る,Manga,2740,7.97,2023,https://cdn.myanimelist.net/images/manga/3/294895l.jpg
33,Revenge of the Baskerville Bloodhound,Revenge of the Baskerville Bloodhound,철혈검가 사냥개의 회귀,Manhwa,43257,7.96,2023,https://cdn.myanimelist.net/images/manga/2/280319l.jpg
34,Foam of the Sea,Foam of the Sea,파도의 포말,Manhwa,2790,7.95,2023,https://cdn.myanimelist.net/images/manga/2/298158l.jpg
34,Koiseyo Mayakashi Tenshi-domo,"Fall in Love, You False Angels",恋せよまやかし天使ども,Manga,12729,7.95,2023,https://cdn.myanimelist.net/images/manga/1/288344l.jpg
36,Turning,Turning,터닝,Manhwa,1237,7.94,2023,https://cdn.myanimelist.net/images/manga/2/331152l.jpg
37,Naruto Gaiden: Uzu no Naka no Tsumujikaze,Naruto: The Whorl within the Spiral,NARUTO-ナルト-外伝 〜渦の中のつむじ風〜,One-shot,10579,7.88,2023,https://cdn.myanimelist.net/images/manga/3/285320l.jpg
38,"Nagahama to Be, or Not to Be","Nagahama to Be, or Not to Be","長浜To Be, or Not To Be",Manga,2867,7.84,2023,https://cdn.myanimelist.net/images/manga/1/296431l.jpg
39,Okuremashite Seishun,Hitting Rewind with You,おくれまして青春,Manga,3343,7.83,2023,https://cdn.myanimelist.net/images/manga/2/298536l.jpg
40,Koi yori Aoku,A Love Yet to Bloom,恋より青く,Manga,5586,7.82,2023,https://cdn.myanimelist.net/images/manga/1/289061l.jpg
40,Not Your Typical Reincarnation Story,Not Your Typical Reincarnation Story,흔한 빙의물인 줄 알았다,Manhwa,13370,7.82,2023,https://cdn.myanimelist.net/images/manga/3/287292l.jpg
42,Boruto: Two Blue Vortex,Boruto: Two Blue Vortex,BORUTO-ボルト- -TWO BLUE VORTEX-,Manga,44570,7.81,2023,https://cdn.myanimelist.net/images/manga/2/296325l.jpg
42,Futarijime Romantic,,ふたりじめロマンチック,Manga,7596,7.81,2023,https://cdn.myanimelist.net/images/manga/2/283397l.jpg
42,J⇔M,JM,J⇔M,Manga,2646,7.81,2023,https://cdn.myanimelist.net/images/manga/2/290232l.jpg
45,Isshou Senkin,ST✰R: Strike It Rich,一勝千金,Manga,16944,7.8,2023,https://cdn.myanimelist.net/images/manga/1/289698l.jpg
45,Ogami Tsumiki to Kinichijou.,Tsumiki Ogami's Not-So-Ordinary Life,尾守つみきと奇日常。,Manga,21096,7.8,2023,https://cdn.myanimelist.net/images/manga/3/298971l.jpg
45,Zenbu Kowashite Jigoku de Aishite,"If That's Love, Break It.",ぜんぶ壊して地獄で愛して,Manga,9316,7.8,2023,https://cdn.myanimelist.net/images/manga/3/287148l.jpg
48,Fortune-Telling Lady,Fortune-Telling Lady,점괘보는 공녀님,Manhwa,4721,7.79,2023,https://cdn.myanimelist.net/images/manga/2/289460l.jpg
48,Killer Peter,Killer Peter,킬러 배드로,Manhwa,12026,7.79,2023,https://cdn.myanimelist.net/images/manga/2/323040l.jpg
50,Chiguhagu na Kiss,Clumsy Kiss,ちぐはぐなキス,Manga,2192,7.77,2023,https://cdn.myanimelist.net/images/manga/3/301446l.jpg
50,Seishun Buta Yarou wa Yumemiru Shoujo no Yume wo Minai,Rascal Does Not Dream of a Dreaming Girl,青春ブタ野郎はゆめみる少女の夢を見ない,Manga,1406,7.77,2023,https://cdn.myanimelist.net/images/manga/3/291752l.jpg
52,Castle 2: Pinnacle,,캐슬2:만인지상,Manhwa,953,7.76,2023,https://cdn.myanimelist.net/images/manga/3/281417l.jpg
53,"Oyasumi, Nini-chan.",,おやすみ、ににちゃん。,One-shot,310,7.75,2023,https://cdn.myanimelist.net/images/manga/3/341839l.jpg
54,Hardcore Leveling Warrior: Earth Game,Hardcore Leveling Warrior: Earth Game,열렙전사 3부,Manhwa,2715,7.74,2023,https://cdn.myanimelist.net/images/manga/3/295966l.jpg
54,[Oshi no Ko]: Ichibanboshi no Spica,[Oshi No Ko] Spica the First Star,【推しの子】 ～一番星のスピカ～,Light Novel,888,7.74,2023,https://cdn.myanimelist.net/images/manga/1/306406l.jpg
56,Bokura no Shokutaku: Okawari,"Our Dining Table: Seconds, Please!",僕らの食卓 ～おかわり～,Manga,1002,7.73,2023,https://cdn.myanimelist.net/images/manga/3/306881l.jpg
56,Nebula's Civilization,Nebula's Civilization,슬기로운 문명생활,Manhwa,10735,7.73,2023,https://cdn.myanimelist.net/images/manga/2/293346l.jpg
56,The 100th Regression of the Max-Level Player,The 100th Regression of the Max-Level Player,만렙 플레이어의 100번째 회귀,Manhwa,21169,7.73,2023,https://cdn.myanimelist.net/images/manga/2/291624l.jpg
59,Dreadful Night,Dreadful Night,드레드풀 나잇,Manhwa,917,7.72,2023,https://cdn.myanimelist.net/images/manga/2/331577l.jpg
59,Honey Bear,Honey Bear,허니베어,Manhwa,1210,7.72,2023,https://cdn.myanimelist.net/images/manga/3/331218l.jpg
61,Afterlife Diner,Afterlife Diner,저승식당,Manhwa,2747,7.71,2023,https://cdn.myanimelist.net/images/manga/3/279513l.jpg
61,Bug Ego,Bug Ego,バグエゴ,Manga,12319,7.71,2023,https://cdn.myanimelist.net/images/manga/2/319815l.jpg
61,Omae no Hou kara Kiss Shitekure yo,Can You Kiss Me First?,お前のほうからキスしてくれよ,Manga,1122,7.71,2023,https://cdn.myanimelist.net/images/manga/2/306711l.jpg
64,Couple Breaker,Couple Breaker,커플브레이커,Manhwa,4454,7.7,2023,https://cdn.myanimelist.net/images/manga/2/275181l.jpg
65,Potion Witch,Potion Witch,묘약마녀,Manhwa,1632,7.69,2023,https://cdn.myanimelist.net/images/manga/3/298765l.jpg
66,Isekai Samurai,Isekai Samurai,異世界サムライ,Manga,7664,7.68,2023,https://cdn.myanimelist.net/images/manga/1/283541l.jpg
67,Guiding Hazard,Guiding Hazard,가이딩 해저드,Manhwa,1093,7.67,2023,https://cdn.myanimelist.net/images/manga/3/331306l.jpg
67,The Password Is 002!,The Password Is 002!,암호는 002!,Manhwa,924,7.67,2023,https://cdn.myanimelist.net/images/manga/2/310229l.jpg
67,Yuukoku no Moriarty: The Remains,,憂国のモリアーティ-The Remains-,Manga,1427,7.67,2023,https://cdn.myanimelist.net/images/manga/2/286346l.jpg
70,Hen na Ie,The Strange House,変な家,Manga,5184,7.65,2023,https://cdn.myanimelist.net/images/manga/2/297135l.jpg
70,Lonely Girl ni Sakaraenai dj - Kekkyoku Sonna Kimi ga Suki,,結局そんなきみが好き,Doujinshi,2374,7.65,2023,https://cdn.myanimelist.net/images/manga/3/279634l.jpg
72,The Students of Illip Arts High,The Students of Illip Arts High,일립예고 학생들,Manhwa,736,7.64,2023,https://cdn.myanimelist.net/images/manga/3/321297l.jpg
73,Hooked and Cooked,Hooked and Cooked,횟집사장의 첫사랑은 인어입니다,Manhwa,918,7.63,2023,https://cdn.myanimelist.net/images/manga/2/288270l.jpg
73,Lonely Girl ni Sakaraenai dj - Marking,,marking,Doujinshi,1678,7.63,2023,https://cdn.myanimelist.net/images/manga/1/289708l.jpg
73,Qinai de Siduitou,,亲爱的死对头,Manhua,649,7.63,2023,https://cdn.myanimelist.net/images/manga/3/338067l.jpg
73,The Archmage's Restaurant,The Archmage's Restaurant,어느 마법사의 식당,Manhwa,10601,7.63,2023,https://cdn.myanimelist.net/images/manga/2/295231l.jpg
73,The Baengri Clan's Unwanted Granddaughter,The Baengri Clan's Unwanted Granddaughter,무림세가 천대받는 손녀 딸이 되었다,Manhwa,5923,7.63,2023,https://cdn.myanimelist.net/images/manga/3/312843l.jpg
78,Between the Lines,Between the Lines,공과 사는 구분해!,Manhwa,1144,7.61,2023,https://cdn.myanimelist.net/images/manga/1/331294l.jpg
78,Under the Greenlight: In Dreams,Under the Greenlight: In Dreams,녹색전상 : 몽리,Manhwa,399,7.61,2023,https://cdn.myanimelist.net/images/manga/3/343251l.jpg
80,Afterglow,Afterglow,アフターグロウ,Manga,1801,7.6,2023,https://cdn.myanimelist.net/images/manga/1/298881l.jpg
80,Iseop's Romance,Iseop's Romance,이섭의 연애,Manhwa,5752,7.6,2023,https://cdn.myanimelist.net/images/manga/1/290478l.jpg
82,"Akuyaku Reijou no Kyouji: Konyakusha wo Ubaitotte Gishi wo Oidashita Watashi wa, Douyara Ima kara Hametsu suru you desu.",Proud to Be the Villainess: I'm Doomed After Stealing My Half-Sister's Fiancé and Having Her Banished,悪役令嬢の矜持〜婚約者を奪い取って義姉を追い出した私は、どうやら今から破滅するようです。〜,Manga,1554,7.58,2023,https://cdn.myanimelist.net/images/manga/3/310717l.jpg
82,Blue Archive: Game Kaihatsu-bu Daibouken!,Blue Archive: The Grand Adventure of the Game Development Department,ブルーアーカイブ ゲーム開発部だいぼうけん!,Manga,879,7.58,2023,https://cdn.myanimelist.net/images/manga/2/304507l.jpg
82,Monogatari Series: Family Season,,〈物語〉シリーズ ファミリーシーズン,Light Novel,1524,7.58,2023,https://cdn.myanimelist.net/images/manga/2/283876l.jpg
82,Regas,Regas,레가스,Manhwa,863,7.58,2023,https://cdn.myanimelist.net/images/manga/2/331091l.jpg
86,Raising My Fiancé With Money,Raising My Fiancé With Money,돈으로 약혼자를 키웠습니다,Manhwa,3625,7.57,2023,https://cdn.myanimelist.net/images/manga/3/294576l.jpg
87,Damedol to Sekai ni Hitori dake no Fan,Damedol and the Only Fan in the World,ダメドルと世界に1人だけのファン,Manga,17214,7.56,2023,https://cdn.myanimelist.net/images/manga/3/295874l.jpg
87,Kakunaru Ue wa,Now That We Draw,描くなるうえは,Manga,17662,7.56,2023,https://cdn.myanimelist.net/images/manga/2/287817l.jpg
87,Ougon no Keikenchi,The Golden Experience Point,黄金の経験値,Manga,3625,7.56,2023,https://cdn.myanimelist.net/images/manga/2/300224l.jpg
87,The Price Is Your Everything,The Price Is Your Everything,대가는 너희의 모든 것,Manhwa,2576,7.56,2023,https://cdn.myanimelist.net/images/manga/3/297889l.jpg
91,The Housekeeper of the Dungeon,The Housekeeper of the Dungeon,던전 안의 살림꾼,Manhwa,1863,7.55,2023,https://cdn.myanimelist.net/images/manga/3/302465l.jpg
91,Want to See My Cat?,Want to See My Cat?,우리 집 고양이 보고 갈래?,Manhwa,632,7.55,2023,https://cdn.myanimelist.net/images/manga/1/303459l.jpg
93,Backlight,Backlight,백라이트,Manhwa,2106,7.54,2023,https://cdn.myanimelist.net/images/manga/1/292534l.jpg
93,Chronicles of the Demon Faction,Chronicles of the Demon Faction,마도전생기,Manhwa,10996,7.54,2023,https://cdn.myanimelist.net/images/manga/2/279966l.jpg
93,Devil Returns to School Days,,악의 등교,Manhwa,7742,7.54,2023,https://cdn.myanimelist.net/images/manga/2/284357l.jpg
93,How to Survive as a Maid in a Horror Game,How to Survive as a Maid in a Horror Game,공포게임 메이드로 살아남기,Manhwa,5461,7.54,2023,https://cdn.myanimelist.net/images/manga/1/301124l.jpg
93,Philomel the Fake,Philomel the Fake,가짜를 위한 장소는 없다,Manhwa,5767,7.54,2023,https://cdn.myanimelist.net/images/manga/1/276412l.jpg
93,School Back,,スクールバック,Manga,1831,7.54,2023,https://cdn.myanimelist.net/images/manga/3/285099l.jpg
99,Hanninmae no Koibito,Blooming Love,半人前の恋人,Manga,16620,7.53,2023,https://cdn.myanimelist.net/images/manga/3/287904l.jpg
99,Tameshi ni Command Ittemita,Tried Saying a Command,ためしにコマンド言ってみた,Manga,943,7.53,2023,https://cdn.myanimelist.net/images/manga/3/301732l.jpg
101,Hana Himeru Kimi no Meteor,"Your Meteor, Hidden in Flowers",花秘める君のメテオール,Manga,2578,7.52,2023,https://cdn.myanimelist.net/images/manga/1/313888l.jpg
102,RTA Sousha wa Game Sekai kara Kaerenai,,RTA走者はゲーム世界から帰れない,Manga,5169,7.51,2023,https://cdn.myanimelist.net/images/manga/2/285597l.jpg
102,The Player Hides His Past,The Player Hides His Past,플레이어가 과거를 숨김,Manhwa,14181,7.51,2023,https://cdn.myanimelist.net/images/manga/3/283574l.jpg
104,Boroboro no Elf-san wo Shiawase ni Suru Kusuriuri-san,Dying Elf & Apothecary,ボロボロのエルフさんを幸せにする薬売りさん,Manga,6482,7.5,2023,https://cdn.myanimelist.net/images/manga/2/293657l.jpg
104,Dreaming of the Dokkaebi,Dreaming of the Dokkaebi,산가지는 도깨비의 꿈을 꾼다,Manhwa,768,7.5,2023,https://cdn.myanimelist.net/images/manga/2/335430l.jpg
104,I Killed the Main Player,I Killed the Main Player,아카데미 플레이어를 죽였다,Manhwa,20062,7.5,2023,https://cdn.myanimelist.net/images/manga/1/293257l.jpg
104,Koutsugou Semi-Friend,Convenient Semi-Friend,好都合セミフレンド,Manga,4667,7.5,2023,https://cdn.myanimelist.net/images/manga/2/293798l.jpg
104,"Moto Konyakusha kara Nigeru Tame Kyuuketsu Hakushaku ni Koibito no Furi wo Onegaishitara, Nazeka Dekiai Mode ni Narimashita",I Fell into a Situationship with the Vampire Count?!,元婚約者から逃げるため吸血伯爵に恋人のフリをお願いしたら、なぜか溺愛モードになりました,Manga,1322,7.5,2023,https://cdn.myanimelist.net/images/manga/1/304035l.jpg
109,Akuninzura shita B-kyuu Boukensha: Shujinkou to Sono Osananajimi-tachi no Papa ni Naru,The B-Rank Adventurer with a Scary Face Becomes a Father for the Hero and His Friends,悪人面したB級冒険者 主人公とその幼馴染たちのパパになる,Manga,6870,7.49,2023,https://cdn.myanimelist.net/images/manga/2/293884l.jpg
109,Jigokuraku Tokubetsu-hen: Mokke no Mori,Hell's Paradise: Jigokuraku Side Story - Forest of Misfortune,地獄楽 特別編 勿怪の森,One-shot,4397,7.49,2023,https://cdn.myanimelist.net/images/manga/1/279703l.jpg
109,Kaisha to Shiseikatsu: On to Off,On and Off: Work-Life Imbalance,会社と私生活－オンとオフ－,Manga,10647,7.49,2023,https://cdn.myanimelist.net/images/manga/2/293701l.jpg
109,Love in Orbit,Love in Orbit,무중력 로맨스,Manhwa,957,7.49,2023,https://cdn.myanimelist.net/images/manga/1/331548l.jpg
109,Shibatsuki Bukken,Shiba Inu Rooms,シバつき物件,Manga,2610,7.49,2023,https://cdn.myanimelist.net/images/manga/2/310353l.jpg
114,Hikaru ga Shinda Natsu,The Summer Hikaru Died,光が死んだ夏,Light Novel,1125,7.48,2023,https://cdn.myanimelist.net/images/manga/2/293077l.jpg
114,TS Eiseihei-san no Senjou Nikki,,TS衛生兵さんの戦場日記,Manga,2940,7.48,2023,https://cdn.myanimelist.net/images/manga/1/313806l.jpg
116,Ao to Midori,,青と碧,Manga,955,7.47,2023,https://cdn.myanimelist.net/images/manga/1/295608l.jpg
116,Kirai de Isasete: Asanaga-sensei to Yanagi-sensei,"Hate Me, but Let Me Stay: Mr. Asanaga and Mr. Yanagi",嫌いでいさせて 朝永先生と柳木先生,Manga,665,7.47,2023,https://cdn.myanimelist.net/images/manga/1/295454l.jpg
116,Tensei Akuma no Saikyou Yuusha Ikusei Keikaku,The Reincarnated Devil's Plot for Raising the Ultimate Hero,転生悪魔の最強勇者育成計画,Manga,3856,7.47,2023,https://cdn.myanimelist.net/images/manga/3/302013l.jpg
116,Yumenashi-sensei no Shinro Shidou,,夢なし先生の進路指導,Manga,1715,7.47,2023,https://cdn.myanimelist.net/images/manga/2/286135l.jpg
120,Disney Twisted-Wonderland the Comic: Episode of Octavinelle,Disney Twisted-Wonderland: The Manga - Book of Octavinelle,DISNEY TWISTED-WONDERLAND THE COMIC～EPISODE of OCTAVINELLE～,Manga,1159,7.46,2023,https://cdn.myanimelist.net/images/manga/3/295898l.jpg
121,Dare ga Yuusha wo Koroshita ka,Who Killed the Hero?,誰が勇者を殺したか,Light Novel,556,7.44,2023,https://cdn.myanimelist.net/images/manga/3/294180l.jpg
122,Fallen to Paradise,Fallen to Paradise,추락한 곳은 낙원,Manhwa,1408,7.43,2023,https://cdn.myanimelist.net/images/manga/3/300287l.jpg
122,Kuso Onna ni Sachi Are,"Hope You're Happy, Lemon",クソ女に幸あれ,Manga,22564,7.43,2023,https://cdn.myanimelist.net/images/manga/1/294187l.jpg
122,Lord Baby Runs a Romance Fantasy With Cash,Lord Baby Runs a Romance Fantasy With Cash,아기님 캐시로 로판 달린다,Manhwa,3630,7.43,2023,https://cdn.myanimelist.net/images/manga/2/284224l.jpg
125,Robou no Fujii,,路傍のフジイ,Manga,1051,7.42,2023,https://cdn.myanimelist.net/images/manga/3/296968l.jpg
125,Undercover at Chaebol High,Undercover at Chaebol High,잠입! 재벌고,Manhwa,2365,7.42,2023,https://cdn.myanimelist.net/images/manga/3/297480l.jpg
127,Baby Tyrant,Baby Tyrant,베이비 폭군,Manhwa,5439,7.41,2023,https://cdn.myanimelist.net/images/manga/3/277797l.jpg
127,Being Raised by Villains,Being Raised by Villains,악당들에게 키워지는 중입니다,Manhwa,7312,7.41,2023,https://cdn.myanimelist.net/images/manga/3/282163l.jpg
127,Introverted Us,Introverted Us,내향남녀,Manhwa,2261,7.41,2023,https://cdn.myanimelist.net/images/manga/1/326996l.jpg
127,Komen Fuufu,Evil Masked Couple Can't Be Honest,狐面夫婦,Manga,1288,7.41,2023,https://cdn.myanimelist.net/images/manga/3/303577l.jpg
131,Cat in the Chrysalis,Cat in the Chrysalis,번데기 속 고양이,Manhwa,881,7.4,2023,https://cdn.myanimelist.net/images/manga/1/285641l.jpg
131,Imperfect Cinderella Story,,불완전 신데렐라물,Manhwa,804,7.4,2023,https://cdn.myanimelist.net/images/manga/2/298993l.jpg
131,Karakai Jouzu (?) no Nishikata-san,,からかい上手(?)の西片さん,Manga,3113,7.4,2023,https://cdn.myanimelist.net/images/manga/3/312721l.jpg
131,Motokare to wa Dekinakatta Sex Shitemo Ii desu ka?,Forget-Your-Ex Sex,元カレとはできなかったセックスしてもいいですか?,Doujinshi,799,7.4,2023,https://cdn.myanimelist.net/images/manga/2/296725l.jpg
131,Needy Girl Overdose: Run with My Sick,,ニーディガール オーバードーズ ラン ウィズ マイシック,Manga,2553,7.4,2023,https://cdn.myanimelist.net/images/manga/2/288308l.jpg
136,Ashita mo Kimi ni Ai ni Iku,I will go to see you again tomorrow.,明日もきみに会いに行く,Manga,640,7.39,2023,https://cdn.myanimelist.net/images/manga/2/301080l.jpg
136,Cleric of Decay,Cleric of Decay,부패의 사제,Manhwa,12489,7.39,2023,https://cdn.myanimelist.net/images/manga/1/283916l.jpg
136,Cosmos,Cosmos,COSMOS,Manga,6538,7.39,2023,https://cdn.myanimelist.net/images/manga/1/292223l.jpg
136,Ougon no Keikenchi,EXP Is Golden,黄金の経験値,Light Novel,377,7.39,2023,https://cdn.myanimelist.net/images/manga/3/297339l.jpg
136,Sankakukei no Kowashikata,How to Break the Triangle.,三角形の壊し方,Manga,988,7.39,2023,https://cdn.myanimelist.net/images/manga/3/314399l.jpg
141,Akanabe-sensei wa Tereshirazu,,茜部先生は照れ知らず,Manga,11825,7.38,2023,https://cdn.myanimelist.net/images/manga/1/305565l.jpg
141,Chiba Kyoukan wa Nabikanai,My Instructor Won't Yield,千葉教官はなびかない,Manga,1564,7.38,2023,https://cdn.myanimelist.net/images/manga/2/298933l.jpg
141,Doku Doku Mori Mori,Toxy Noxy Foresty Forest,どく・どく・もり・もり,Manga,1825,7.38,2023,https://cdn.myanimelist.net/images/manga/1/289516l.jpg
141,I Will Become the Villain's Poison Taster,I Will Become the Villain's Poison Taster,흑막의 독 감별사가 되겠습니다,Manhwa,3925,7.38,2023,https://cdn.myanimelist.net/images/manga/3/295711l.jpg
141,Jimoto ni Kaettekitara Osananajimi ga Kowareteta,,地元に帰ってきたら幼馴染が壊れてた,Manga,6690,7.38,2023,https://cdn.myanimelist.net/images/manga/1/292482l.jpg
141,Koori no Hime wa Chiisana Hidamari de Tokasaretai,,氷の姫は小さな陽だまりでとかされたい,Manga,6190,7.38,2023,https://cdn.myanimelist.net/images/manga/1/308467l.jpg
141,The Archduke's Adopted Saint,The Archduke's Adopted Saint,대공가에 입양된 성녀님,Manhwa,3911,7.38,2023,https://cdn.myanimelist.net/images/manga/1/282441l.jpg
141,The Lady of the Devil,The Lady of the Devil,악마는 레이디를 키운다,Manhwa,2256,7.38,2023,https://cdn.myanimelist.net/images/manga/3/288611l.jpg
149,Dogsred,Dogsred,ドッグスレッド,Manga,6627,7.37,2023,https://cdn.myanimelist.net/images/manga/3/295303l.jpg
149,Gokugoku Futsuu no Fuufu no Hanashi: Matome,,ごくごく普通の夫婦の話 まとめ,Doujinshi,5649,7.37,2023,https://cdn.myanimelist.net/images/manga/1/294175l.jpg
149,Kimi no Tame no Curtain Call,A Curtain Call for You,君のためのカーテンコール,Manga,1317,7.37,2023,https://cdn.myanimelist.net/images/manga/1/304349l.jpg
149,Maid Skater,Maid to Skate,メイドスケーター,Manga,2438,7.37,2023,https://cdn.myanimelist.net/images/manga/1/298976l.jpg
149,Perle,Perle,펄(Perle),Manhwa,327,7.37,2023,https://cdn.myanimelist.net/images/manga/1/337838l.jpg
149,Seishun Buta Yarou wa Orusuban Imouto no Yume wo Minai,Rascal Does Not Dream of a Sister Home Alone,青春ブタ野郎はおるすばん妹の夢を見ない,Manga,1490,7.37,2023,https://cdn.myanimelist.net/images/manga/1/291736l.jpg
149,Sword Art Online: Unital Ring,Sword Art Online: Unital Ring,ソードアート・オンライン ユナイタル・リング,Manga,1301,7.37,2023,https://cdn.myanimelist.net/images/manga/1/291297l.jpg
149,Tatari,,タタリ,Manga,2162,7.37,2023,https://cdn.myanimelist.net/images/manga/3/287151l.jpg
157,Meiten Restaurant,,冥天レストラン,Manga,990,7.36,2023,https://cdn.myanimelist.net/images/manga/1/289748l.jpg
157,Rairairai,Rai Rai Rai,雷雷雷,Manga,5913,7.36,2023,https://cdn.myanimelist.net/images/manga/1/292230l.jpg
157,Scent and Sensibility,Scent and Sensibility,향의 경계,Manhwa,1150,7.36,2023,https://cdn.myanimelist.net/images/manga/1/337218l.jpg
157,Villain,,ヴィラン,Manga,2459,7.36,2023,https://cdn.myanimelist.net/images/manga/3/276896l.jpg
161,7-nin no Nemurihime,Seven Sleeping Beauties,7人の眠り姫,Manga,6807,7.35,2023,https://cdn.myanimelist.net/images/manga/3/287153l.jpg
161,Big Spender in a Busted Game,Big Spender in a Busted Game,망겜의 현금술사,Manhwa,1020,7.35,2023,https://cdn.myanimelist.net/images/manga/2/291682l.jpg
161,Juuou to Yakusou,The Beast King: Master of Medicines,獣王と薬草,Manga,1916,7.35,2023,https://cdn.myanimelist.net/images/manga/3/297571l.jpg
161,Juvenile Offender,Juvenile Offender,촉법소년,Manhwa,4385,7.35,2023,https://cdn.myanimelist.net/images/manga/2/281692l.jpg
161,"Tanbo de Hirotta Onna Kishi, Inaka de Ore no Yome dato Omowareteiru",All My Neighbors Are Convinced the Female Knight from My Rice Field Is My Wife,田んぼで拾った女騎士、田舎で俺の嫁だと思われている,Manga,9030,7.35,2023,https://cdn.myanimelist.net/images/manga/2/282862l.jpg
161,The 31st Piece Turns the Tables,The 31st Piece Turns the Tables,31번째 말은 게임판을 뒤엎는다,Manhwa,4998,7.35,2023,https://cdn.myanimelist.net/images/manga/1/285036l.jpg
167,Being Loved for the First Time,Being Loved for the First Time,사랑받는 막내는 처음이라,Manhwa,3544,7.34,2023,https://cdn.myanimelist.net/images/manga/3/346128l.jpg
167,Black Corporation: Joseon,,블랙기업조선,Manhwa,1451,7.34,2023,https://cdn.myanimelist.net/images/manga/2/310554l.jpg
167,Boy-Friend's Rule,Boy-Friend's Rule,남사친의 법칙,Manhwa,2137,7.34,2023,https://cdn.myanimelist.net/images/manga/2/303256l.jpg
167,My Comeback as the Youngest Member,My Comeback as the Youngest Member,탑아이돌의 막내 멤버가 되었다,Manhwa,1324,7.34,2023,https://cdn.myanimelist.net/images/manga/3/302464l.jpg
167,Nikaidou Jigoku Golf,,二階堂地獄ゴルフ,Manga,839,7.34,2023,https://cdn.myanimelist.net/images/manga/3/293668l.jpg
167,"Urenokori no Dorei Elf wo Hirotta node, Musume ni Suru Koto ni Shita",My Daughter Was an Unsold Slave Elf,売れ残りの奴隷エルフを拾ったので、娘にすることにした,Manga,5217,7.34,2023,https://cdn.myanimelist.net/images/manga/3/308575l.jpg
173,8-gatsu 31-nichi no Long Summer,The Long Summer of August 31,8月31日のロングサマー,Manga,3848,7.33,2023,https://cdn.myanimelist.net/images/manga/1/286783l.jpg
173,Baki Rahen,,刃牙らへん,Manga,4851,7.33,2023,https://cdn.myanimelist.net/images/manga/3/300047l.jpg
173,Kimi ni Furu Kotonoha wa,,君に降る言の葉は,Manga,570,7.33,2023,https://cdn.myanimelist.net/images/manga/1/318013l.jpg
173,Koibito Tutorial,,恋人チュートリアル,One-shot,2315,7.33,2023,https://cdn.myanimelist.net/images/manga/3/298985l.jpg
173,Sora wo Matotte,,空をまとって,Manga,3465,7.33,2023,https://cdn.myanimelist.net/images/manga/2/290430l.jpg
173,Wolf-chan wa Sumashitai,Wolf-chan Wants to Be Clear,ウルフちゃんは澄ましたい,Manga,8857,7.33,2023,https://cdn.myanimelist.net/images/manga/1/315268l.jpg
173,Yoiko no Shouzou,,宵子の肖像,Manga,934,7.33,2023,https://cdn.myanimelist.net/images/manga/1/293910l.jpg
180,A Superstar From Birth,A Superstar From Birth,0살부터 슈퍼스타,Manhwa,2840,7.32,2023,https://cdn.myanimelist.net/images/manga/3/286407l.jpg
180,Still Sick dj - Still Life,,Still Life,Doujinshi,693,7.32,2023,https://cdn.myanimelist.net/images/manga/3/289361l.jpg
180,The Martial God Who Regressed Back to Level 2,The Martial God Who Regressed Back to Level 2,2레벨로 회귀한 무신,Manhwa,17230,7.32,2023,https://cdn.myanimelist.net/images/manga/3/286408l.jpg
183,A Martial Master Wakes Up as a Concubine,A Martial Master Wakes Up as a Concubine,"고수, 후궁으로 깨어나다",Manhwa,2583,7.31,2023,https://cdn.myanimelist.net/images/manga/3/285096l.jpg
183,Lady Crystal Is a Man,Lady Crystal Is a Man,크리스탈 아가씨는 남자다,Manhwa,2296,7.31,2023,https://cdn.myanimelist.net/images/manga/2/277381l.jpg
183,Utsushicha Dame na Kao,A Face You Shouldn't Show,映しちゃダメな顔,Manga,3620,7.31,2023,https://cdn.myanimelist.net/images/manga/3/292231l.jpg
186,1 to 10,1 to 10,1to10 (원투텐),Manhwa,1482,7.3,2023,https://cdn.myanimelist.net/images/manga/3/349398l.jpg
186,Kimi wa Itoshi no Liar Boy,You Are My Dear Liar Boy,きみは愛しのライアーボーイ,Manga,753,7.3,2023,https://cdn.myanimelist.net/images/manga/2/296075l.jpg
186,"Munou na Mamahaha desu ga, Kazoku no Dekiai ga Tomarimasen!",The Beloved Incompetent Stepmom,無能な継母ですが、家族の溺愛が止まりません!,Manga,1807,7.3,2023,https://cdn.myanimelist.net/images/manga/3/317281l.jpg
186,No Office Romance!,No Office Romance!,사내연애 사절!,Manhwa,950,7.3,2023,https://cdn.myanimelist.net/images/manga/2/317204l.jpg
186,Torima Minshuku Yadori-teki na!,,とりま民宿やどり的な!,Manga,7688,7.3,2023,https://cdn.myanimelist.net/images/manga/2/297463l.jpg
191,Koi no Kamisama,God of Love,恋の神様,One-shot,387,7.29,2023,https://cdn.myanimelist.net/images/manga/2/338483l.jpg
191,Kono Sekai no Kouryakubon wo Hirotteshimaimashita,I Picked Up This World's Strategy Guide,この世界の攻略本を拾ってしまいました,Manga,3298,7.29,2023,https://cdn.myanimelist.net/images/manga/2/278934l.jpg
191,Majo to Youhei,Witch and Mercenary,魔女と傭兵,Light Novel,667,7.29,2023,https://cdn.myanimelist.net/images/manga/3/296108l.jpg
191,"Sekai Saikyou no Majo, Hajimemashita: Watashi dake ""Kouryaku Site"" wo Mireru Sekai de Jiyuu ni Ikimasu",,世界最強の魔女、始めました ～私だけ『攻略サイト』を見れる世界で自由に生きます～,Manga,3166,7.29,2023,https://cdn.myanimelist.net/images/manga/1/288061l.jpg
191,Tayutau Kemuri wa Tsukamenai,,たゆたう煙は掴めない,Manga,3306,7.29,2023,https://cdn.myanimelist.net/images/manga/3/298969l.jpg
191,The Age of Arrogance,The Age of Arrogance,오만의 시대,Manhwa,6313,7.29,2023,https://cdn.myanimelist.net/images/manga/2/288311l.jpg
191,When Fate Finds Us,When Fate Finds Us,신의 눈을 가린 채 입을 맞추면,Manhwa,865,7.29,2023,https://cdn.myanimelist.net/images/manga/1/331323l.jpg
198,Cheonhwa Archive's Young Master,Cheonhwa Archive's Young Master,천화서고 대공자,Manhwa,6479,7.28,2023,https://cdn.myanimelist.net/images/manga/2/287875l.jpg
198,Kimi to Barairo no Hibi,,きみとバラ色の日々,Manga,3443,7.28,2023,https://cdn.myanimelist.net/images/manga/3/287535l.jpg
198,Natsume-san wa Hokorobitai,Natsume Wants to Blossom,なつめさんは開花〈ほころ〉びたい,Manga,421,7.28,2023,https://cdn.myanimelist.net/images/manga/3/318992l.jpg
201,Degree of Love,Degree of Love,학식의 꿈,Manhwa,938,7.27,2023,https://cdn.myanimelist.net/images/manga/2/299705l.jpg
201,Tsuikai no Kasu,,追悔の滓,Doujinshi,488,7.27,2023,https://cdn.myanimelist.net/images/manga/1/304391l.jpg
203,"Act Like a Boss Monster, Mr. Swallow!","Act Like a Boss Monster, Mr. Swallow!","보스 몹답게 행동하세요, 스왈로우 씨!",Manhwa,8314,7.26,2023,https://cdn.myanimelist.net/images/manga/1/297789l.jpg
203,Demon King of the Royal Class,Demon King of the Royal Class,마왕은 학원에 간다,Manhwa,10632,7.26,2023,https://cdn.myanimelist.net/images/manga/2/276006l.jpg
203,"Kizumono no Hanayome: Shiitagerareta Watashi ga, Koukoku no Kijin ni Misomerareta Riyuu",The Ayakashi Hunter's Tainted Bride,傷モノの花嫁～虐げられた私が、皇國の鬼神に見初められた理由～,Manga,1433,7.26,2023,https://cdn.myanimelist.net/images/manga/1/303960l.jpg
203,Shibou Yuugi de Meshi wo Kuu.,Playing Death Games to Put Food on the Table,死亡遊戯で飯を食う。,Manga,2653,7.26,2023,https://cdn.myanimelist.net/images/manga/2/315696l.jpg
203,The Knight King Who Returned with a God,,신과함께 돌아온 기사왕님,Manhwa,16665,7.26,2023,https://cdn.myanimelist.net/images/manga/2/282399l.jpg
203,Until the Tragic Male Lead Walks Again,Until the Tragic Male Lead Walks Again,피폐물 남주에게 꽃길을,Manhwa,2260,7.26,2023,https://cdn.myanimelist.net/images/manga/1/296611l.jpg
209,Beat & Motion,Beat & Motion,BEAT＆MOTION,Manga,17395,7.25,2023,https://cdn.myanimelist.net/images/manga/3/284220l.jpg
209,Kono Setsugen de Kimi ga Zutto Waratteirareru You ni,Snow Angel,この雪原で君が笑っていられるように,Manga,3498,7.25,2023,https://cdn.myanimelist.net/images/manga/2/292792l.jpg
209,Nyako to Hakase,Nyako & Doctor,にゃこと博士,Manga,1169,7.25,2023,https://cdn.myanimelist.net/images/manga/3/278469l.jpg
209,The Unintentionally Ideal Adopted Daughter,The Unintentionally Ideal Adopted Daughter,입양딸 역할을 지나치게 잘해버렸다,Manhwa,4721,7.25,2023,https://cdn.myanimelist.net/images/manga/3/277798l.jpg
213,My Dear Aster,My Dear Aster,마이 디어 아스터,Manhwa,1025,7.24,2023,https://cdn.myanimelist.net/images/manga/3/295901l.jpg
213,The Academy's Genius Swordsman,The Academy's Genius Swordsman,아카데미의 천재칼잡이,Manhwa,25876,7.24,2023,https://cdn.myanimelist.net/images/manga/3/288601l.jpg
215,Harenai Sekai de Kimi dake Mieru,,晴れない世界で君だけ見える,Manga,903,7.23,2023,https://cdn.myanimelist.net/images/manga/2/307247l.jpg
215,Oshi no Bishoujo ni Kokuhaku sareru Hanashi,,推しの美少女に告白される話,Doujinshi,1775,7.23,2023,https://cdn.myanimelist.net/images/manga/2/295434l.jpg
215,Rairai Raise,,雷々来世,Manga,461,7.23,2023,https://cdn.myanimelist.net/images/manga/2/305646l.jpg
215,Slime Seijo,Slime Saint,スライム聖女,Manga,3310,7.23,2023,https://cdn.myanimelist.net/images/manga/2/306897l.jpg
215,Sousou no Frieren Anthology: Kotonaru Tabi wo Tanoshimu Mahou,,葬送のフリーレン アンソロジー～異なる旅を楽しむ魔法～,Manga,1557,7.23,2023,https://cdn.myanimelist.net/images/manga/2/292048l.jpg
215,The Genius Medicinal Mage,The Genius Medicinal Mage,약먹는 천재마법사,Manhwa,6756,7.23,2023,https://cdn.myanimelist.net/images/manga/1/278358l.jpg
215,Utsumi-kun no Koi no Uta,,内海くんの恋のうた,Manga,1495,7.23,2023,https://cdn.myanimelist.net/images/manga/1/300618l.jpg
222,"Ichiban Tookute, Chikai Aitsu. Kimi ni Koi wo Suru nante, Arienai Hazu Datta",I Was Supposed to Never Fall in Love with You.,一番遠くて、近いあいつ。～君に恋をするなんて、ありえないはずだった～,Manga,2794,7.22,2023,https://cdn.myanimelist.net/images/manga/1/309527l.jpg
222,Josou Danshi wa Skirt wo Nugitai!,,女装男子はスカートを脱ぎたい！,Manga,2467,7.22,2023,https://cdn.myanimelist.net/images/manga/1/306898l.jpg
222,Marriage Situation,Marriage Situation,결혼 사정,Manhwa,665,7.22,2023,https://cdn.myanimelist.net/images/manga/1/302812l.jpg
222,Nikubami Honegishimi,,ニクバミホネギシミ,Manga,1215,7.22,2023,https://cdn.myanimelist.net/images/manga/3/300609l.jpg
222,"Shuumatsu, Kimi to",,終末、君と,Manga,652,7.22,2023,https://cdn.myanimelist.net/images/manga/2/304491l.jpg
222,Tales of a Shining Sword,,휘영검전,Manhwa,1986,7.22,2023,https://cdn.myanimelist.net/images/manga/3/288605l.jpg
228,Abu-normal,(Abu)Normal,阿武ノーマル,Manga,1522,7.21,2023,https://cdn.myanimelist.net/images/manga/3/296146l.jpg
228,"Matte, Suki.","Wait, I Love You",まって、好き。,Manga,1178,7.21,2023,https://cdn.myanimelist.net/images/manga/2/299018l.jpg
228,Mujina into the Deep,Mujina into the Deep,MUJINA INTO THE DEEP,Manga,12357,7.21,2023,https://cdn.myanimelist.net/images/manga/3/289281l.jpg
228,Nezumi no Hatsukoi,Nezumi's First Love,ねずみの初恋,Manga,6776,7.21,2023,https://cdn.myanimelist.net/images/manga/1/298255l.jpg
228,Saihate ni Madou,,最果てに惑う,Manga,13135,7.21,2023,https://cdn.myanimelist.net/images/manga/1/283566l.jpg
228,"Soshite Watashi wa, Kou Itta.",,そして私は、こう言った。,One-shot,344,7.21,2023,https://cdn.myanimelist.net/images/manga/3/287949l.jpg
228,Takamori-kun wo Damarasetai!!,"Shut Up, Takamori!",高森くんを黙らせたいっ!!,Manga,10668,7.21,2023,https://cdn.myanimelist.net/images/manga/1/297452l.jpg
228,Tonari no Seki ga Suki na Hito datta: Gakusei Yuri Anthology,,隣の席が好きな人だった 学生百合アンソロジー,Manga,1361,7.21,2023,https://cdn.myanimelist.net/images/manga/3/286683l.jpg
228,Warrior Grandpa and His Supreme Granddaughter,Warrior Grandpa and His Supreme Granddaughter,할배무사와 지존 손녀,Manhwa,1598,7.21,2023,https://cdn.myanimelist.net/images/manga/3/305590l.jpg
237,Ameagari no Bokura ni Tsuite: Ever After,Stay By My Side After the Rain,雨上がりの僕らについて ―ever after―,Manga,335,7.2,2023,https://cdn.myanimelist.net/images/manga/2/305007l.jpg
237,Beyond the Memories,Beyond the Memories,그 기억의 끝에,Manhwa,613,7.2,2023,https://cdn.myanimelist.net/images/manga/2/331430l.jpg
237,Blade & Bastard,Blade & Bastard,ブレイド＆バスタード,Manga,2750,7.2,2023,https://cdn.myanimelist.net/images/manga/2/290986l.jpg
237,Koi no Ghost,The Ghost of Love,恋の幽霊〈ゴースト〉,Manga,994,7.2,2023,https://cdn.myanimelist.net/images/manga/1/291464l.jpg
241,2-saisa no Osananajimi,Childhood Friends with a Two-year Age Difference.,２歳差の幼なじみ,Manga,2129,7.19,2023,https://cdn.myanimelist.net/images/manga/2/276661l.jpg
241,Furimuite Tsukamaete,I Want to See Me in Your Eyes,振り向いてつかまえて,Manga,1138,7.19,2023,https://cdn.myanimelist.net/images/manga/3/311722l.jpg
241,Hanamaru Hoppe,,はなまるほっぺ,One-shot,378,7.19,2023,https://cdn.myanimelist.net/images/manga/2/292214l.jpg
241,"Kiraware Majo to Karada ga Irekawatta keredo, Watashi wa Kyou mo Genki ni Kurashiteimasu!",,嫌われ魔女と体が入れ替わったけれど、私は今日も元気に暮らしています!,Manga,1403,7.19,2023,https://cdn.myanimelist.net/images/manga/2/298430l.jpg
241,Koibito ga Ubusugite Komaru,My Lover Is Just Too Innocent to Handle,恋人がウブすぎて困る,Manga,785,7.19,2023,https://cdn.myanimelist.net/images/manga/1/291692l.jpg
241,Mr. Baek,Mr. Baek,백XX,Manhwa,3345,7.19,2023,https://cdn.myanimelist.net/images/manga/3/276520l.jpg
241,Shiretto Sugee Koto Itteru Gal. Shiritsu Paranomaru Koukou no Nichijou,,しれっとすげぇこと言ってるギャル。ー私立パラの丸高校の日常ー,Manga,2554,7.19,2023,https://cdn.myanimelist.net/images/manga/3/302618l.jpg
248,It's Just Business,It's Just Business,상사불상사,Manhwa,1353,7.18,2023,https://cdn.myanimelist.net/images/manga/3/298917l.jpg
248,Mizudako-chan kara wa Nigerarenai!,You Can't Escape from Mizudako-chan!,ミズダコちゃんからは逃げられない!,Manga,2534,7.18,2023,https://cdn.myanimelist.net/images/manga/2/303527l.jpg
248,Obsidian Bride,Obsidian Bride,흑요석의 신부,Manhwa,2768,7.18,2023,https://cdn.myanimelist.net/images/manga/3/294545l.jpg
248,The Curious Case of Chronicle,The Curious Case of Chronicle,게임 속 기연이 현실로,Manhwa,2851,7.18,2023,https://cdn.myanimelist.net/images/manga/1/300015l.jpg
248,Unemployed Gye Baek-soon,,무직백수 계백순,Manhwa,4004,7.18,2023,https://cdn.myanimelist.net/images/manga/2/302492l.jpg
248,Zero Day Attack,Zero Day Attack,제로 데이 어택,Manhwa,420,7.18,2023,https://cdn.myanimelist.net/images/manga/3/331726l.jpg
254,I Became the Mother of the Evil Male Lead,I Became the Mother of the Evil Male Lead,피폐물 남주의 엄마가 되었다,Manhwa,3300,7.17,2023,https://cdn.myanimelist.net/images/manga/1/295634l.jpg
254,Kedamono Arashi: Bind Me Baby!,,ケダモノアラシ－Bind me baby!－,Manga,355,7.17,2023,https://cdn.myanimelist.net/images/manga/3/315770l.jpg
254,Plum Candy Love,Plum Candy Love,자두사탕러브,Manhwa,449,7.17,2023,https://cdn.myanimelist.net/images/manga/3/332091l.jpg
257,Hinekure Kishi to Fuwafuwa Himesama: Kojougurashi to Chiisana Ouchi,The Cynical Knight and Gentle Princess: Building Fairy Homes and a Life Together,ひねくれ騎士とふわふわ姫様 古城暮らしと小さなおうち,Manga,762,7.16,2023,https://cdn.myanimelist.net/images/manga/1/301983l.jpg
257,I Swear We're Just Friends,I Swear We're Just Friends,친구끼리 이러는 거 아니야,Manhwa,1949,7.16,2023,https://cdn.myanimelist.net/images/manga/2/298724l.jpg
257,Kyabajou dakedo JD ni Otosaremashita,,キャバ嬢だけどJDに落とされました,Manga,1332,7.16,2023,https://cdn.myanimelist.net/images/manga/1/299580l.jpg
257,Uma Musume: Pisupisu☆Supisupi Golshi-chan,,ウマ娘 ピスピス☆スピスピ ゴルシちゃん,Manga,684,7.16,2023,https://cdn.myanimelist.net/images/manga/1/296535l.jpg
261,"Hello, Mr. Veterinarian!","Hello, Mr. Veterinarian!",수의사님! 안녕하세요?,Manhwa,808,7.15,2023,https://cdn.myanimelist.net/images/manga/3/312437l.jpg
261,Otaku mo Koi mo Rensa suru,The Otaku Love Connection,オタクも恋も連鎖する,Manga,1592,7.15,2023,https://cdn.myanimelist.net/images/manga/1/305272l.jpg
261,The Beloved Bashful Villainess,The Beloved Bashful Villainess,악역 소녀는 사랑받기가 부끄러워요,Manhwa,3575,7.15,2023,https://cdn.myanimelist.net/images/manga/3/276909l.jpg
261,The Resourceful Little Consort,The Resourceful Little Consort,아기 후궁님은 조용히 살고 싶어,Manhwa,1841,7.15,2023,https://cdn.myanimelist.net/images/manga/1/279231l.jpg
261,Time-Limited Genius Dark Knight,Time-Limited Genius Dark Knight,시한부 천재 암흑기사,Manhwa,16113,7.15,2023,https://cdn.myanimelist.net/images/manga/1/282298l.jpg
266,Can't Get Enough of You,Can't Get Enough of You,못 잡아먹어서 안달,Manhwa,2222,7.14,2023,https://cdn.myanimelist.net/images/manga/2/291302l.jpg
266,Codename: Anastasia,Codename: Anastasia,코드네임 아나스타샤,Manhwa,2133,7.14,2023,https://cdn.myanimelist.net/images/manga/1/331127l.jpg
266,Eiyuu to Kenja no Tenseikon: Katsute no Koutekishu to Konyaku shite Saikyou Fuufu ni Narimashita,The Reincarnated Marriage of a Hero and Sage,英雄と賢者の転生婚～かつての好敵手と婚約して最強夫婦になりました～,Manga,8467,7.14,2023,https://cdn.myanimelist.net/images/manga/1/287495l.jpg
266,Succubus-sensei wa Ecchi shitai,,サキュバス先生はエッチしたい,One-shot,342,7.14,2023,https://cdn.myanimelist.net/images/manga/2/323033l.jpg
270,Kalli the Champion,,권투사 칼리,Manhwa,2773,7.13,2023,https://cdn.myanimelist.net/images/manga/1/292330l.jpg
270,Kanomama Syndrome,My GF's Mom Has Got It Goin' On,かのまましんどろーむ,Doujinshi,300,7.13,2023,https://cdn.myanimelist.net/images/manga/2/314919l.jpg
270,Kitayama-kun to Minamiya-kun,Kitayama and Minamiya,北山くんと南谷くん,Manga,630,7.13,2023,https://cdn.myanimelist.net/images/manga/3/309624l.jpg
270,"Koyoi, Akuyaku Reijou no Te wo Toretara",Dancing with You on the Snowy Night.,今宵、悪役令嬢の手をとれたら,One-shot,461,7.13,2023,https://cdn.myanimelist.net/images/manga/2/301610l.jpg
270,Maria no Danzai,,聖母〈マリア〉の断罪,Manga,19926,7.13,2023,https://cdn.myanimelist.net/images/manga/3/288818l.jpg
270,Skill Master Levels Up,Skill Master Levels Up,스킬빨로 레벨업,Manhwa,6101,7.13,2023,https://cdn.myanimelist.net/images/manga/1/283703l.jpg
270,The Villainess's Blind Date Is Too Perfect,The Villainess's Blind Date Is Too Perfect,악녀의 맞선남이 너무 완벽하다,Manhwa,2439,7.13,2023,https://cdn.myanimelist.net/images/manga/2/295882l.jpg
277,Happy Birthday Chitose-kun,,Happy Birthday ちとせくん,Manga,239,7.12,2023,https://cdn.myanimelist.net/images/manga/1/311633l.jpg
277,Lost End,,ロストエンド,Manga,2201,7.12,2023,https://cdn.myanimelist.net/images/manga/3/307195l.jpg
277,My Little Sister Is the Demon Lord!,My Little Sister Is the Demon Lord!,말숙이를 부탁해,Manhwa,803,7.12,2023,https://cdn.myanimelist.net/images/manga/3/295973l.jpg
277,Ulzzang Generation,,얼짱시대,Manhwa,525,7.12,2023,https://cdn.myanimelist.net/images/manga/2/286889l.jpg
281,Feeding the Lives of Failing Idols,Feeding the Lives of Failing Idols,손맛으로 구제하는 망돌 인생,Manhwa,691,7.11,2023,https://cdn.myanimelist.net/images/manga/1/314749l.jpg
281,Green Green Greens,Green Green Greens,グリーングリーングリーンズ,Manga,3126,7.11,2023,https://cdn.myanimelist.net/images/manga/3/301220l.jpg
281,Kekkon Shiyou. Rikon Zentei de.,,結婚しよう。離婚前提で。,Manga,5459,7.11,2023,https://cdn.myanimelist.net/images/manga/2/304182l.jpg
281,Meet in the Middle,,중간에서 만나,Manhwa,523,7.11,2023,https://cdn.myanimelist.net/images/manga/2/321483l.jpg
281,This Life Starts as a Child Actor,,이번 생은 아역부터,Manhwa,1688,7.11,2023,https://cdn.myanimelist.net/images/manga/1/293272l.jpg
286,Dameo no Shiina-senpai to Yabao no Sasaki-kun,,ダメ男の椎名先輩とヤバ男の佐々木くん,Manga,1625,7.1,2023,https://cdn.myanimelist.net/images/manga/3/298259l.jpg
286,Fukuzatsu na Kyoudai no 4-koma,,複雑な姉弟の４コマ,Manga,1517,7.1,2023,https://cdn.myanimelist.net/images/manga/3/304598l.jpg
286,My First Love Hate,My First Love Hate,첫사랑은 헤이트,Manhwa,1051,7.1,2023,https://cdn.myanimelist.net/images/manga/3/287359l.jpg
286,Natsu to Inaka to Yuuwaku Shitekuru Dekkai Oshiego,,夏と田舎と誘惑してくるでっかい教え子,Doujinshi,421,7.1,2023,https://cdn.myanimelist.net/images/manga/3/298852l.jpg
290,Betrayal of Dignity,Betrayal of Dignity,품격을 배반한다,Manhwa,1536,7.09,2023,https://cdn.myanimelist.net/images/manga/1/343504l.jpg
290,For You Who Grieves,For You Who Grieves,애도하는 너에게,Manhwa,325,7.09,2023,https://cdn.myanimelist.net/images/manga/3/331903l.jpg
290,Mesugaki Rina-chan,,メスガキリナちゃん,Doujinshi,520,7.09,2023,https://cdn.myanimelist.net/images/manga/1/284748l.jpg
290,Necromancer Academy and the Genius Summoner,Necromancer Academy and the Genius Summoner,네크로맨서 학교의 소환천재,Manhwa,7625,7.09,2023,https://cdn.myanimelist.net/images/manga/1/292639l.jpg
290,Noa-senpai wa Tomodachi.,"Noa Is My Senior, and My Friend.",のあ先輩はともだち。,Manga,12083,7.09,2023,https://cdn.myanimelist.net/images/manga/2/290434l.jpg
290,Work Love Balance,Work Love Balance,지금부터 사내연애 썰푼다,Manhwa,594,7.09,2023,https://cdn.myanimelist.net/images/manga/1/306803l.jpg
290,Yakyuubu no Hino ni Koi wo Shita,,野球部の樋野に恋をした。,Manga,658,7.09,2023,https://cdn.myanimelist.net/images/manga/3/307553l.jpg
297,"Busa Neko ni Kaerareta Kiyowa Reijou desu ga, Saikyou no Gunjin Koushaku ni Hirowarete Kizetsu Sunzen desu","A Timid Lady Was Turned into an Ugly Cat, but on the Verge of Fainting Is Picked Up by the Most Fearsome Military Duke",ブサ猫に変えられた気弱令嬢ですが、最恐の軍人公爵に拾われて気絶寸前です,Manga,1131,7.08,2023,https://cdn.myanimelist.net/images/manga/3/299326l.jpg
297,Idol Escape,The Idol's Escape,偶像〈アイドル〉エスケープ,Manga,463,7.08,2023,https://cdn.myanimelist.net/images/manga/1/298412l.jpg
297,Kimi wo Wasureru Koi ga Shitai,My First Love With You Again,君を忘れる恋がしたい,Manga,1943,7.08,2023,https://cdn.myanimelist.net/images/manga/3/297454l.jpg
297,Osananajimi Yuurei to Shinitagari Otoko,,幼なじみ幽霊と死にたがり男,One-shot,369,7.08,2023,https://cdn.myanimelist.net/images/manga/2/314013l.jpg
297,Watashi no Oshi wa Akuyaku Reijou. Maid Kitchen,I'm in Love with the Villainess: Maid's Kitchen,私の推しは悪役令嬢。 メイドキッチン,Manga,833,7.08,2023,https://cdn.myanimelist.net/images/manga/1/290864l.jpg
297,Zombie Revelation: 82-08,Zombie Revelation: 82-08,좀비묵시록 82-08,Manhwa,787,7.08,2023,https://cdn.myanimelist.net/images/manga/1/298311l.jpg
303,Kakkoii Onnanoko to 12 Centimeter no Yakusoku,12cm Promise with a Cool Girl,カッコいい女の子と12センチの約束,Manga,3103,7.07,2023,https://cdn.myanimelist.net/images/manga/3/305582l.jpg
303,Love on Hold,Love on Hold,모두에게 친절한 너는 왜,Manhwa,714,7.07,2023,https://cdn.myanimelist.net/images/manga/3/331421l.jpg
303,Saikyou Jibakurei to Reikan Zero Otoko,,最強地縛霊と霊感ゼロ男,Manga,1802,7.07,2023,https://cdn.myanimelist.net/images/manga/2/278254l.jpg
303,Satsudou,,サツドウ,Manga,3485,7.07,2023,https://cdn.myanimelist.net/images/manga/1/281107l.jpg
303,Tensei Nihakobinin no Isekai Kouryakuhou,A Reincarnated Carrier's Strategy for Another World,転生荷運び人の異世界攻略法,Manga,7960,7.07,2023,https://cdn.myanimelist.net/images/manga/1/295998l.jpg
308,I Became the Tyrant's Dishonest Adviser,I Became the Tyrant's Dishonest Adviser,폭군의 간신이 되었다,Manhwa,1985,7.06,2023,https://cdn.myanimelist.net/images/manga/3/295298l.jpg
308,Ie ga Suki na Hito,Happy at Home,家が好きな人,Manga,436,7.06,2023,https://cdn.myanimelist.net/images/manga/1/295858l.jpg
308,Kono Class ni Gal wa Inai,No Gyaru in This Class,このクラスにギャルはいない,Manga,5098,7.06,2023,https://cdn.myanimelist.net/images/manga/1/320346l.jpg
308,Mii-chan wa Kawaretai,Mii-chan Wants to Be Kept,みーちゃんは飼われたい,Manga,10913,7.06,2023,https://cdn.myanimelist.net/images/manga/3/288820l.jpg
308,Shino to Ren,Shino & Ren,志乃と恋,Manga,4359,7.06,2023,https://cdn.myanimelist.net/images/manga/3/288424l.jpg
308,The Archduke's Fabulous Fake Marriage,The Archduke's Fabulous Fake Marriage,그 대공의 화려한 결혼은 사기,Manhwa,1680,7.06,2023,https://cdn.myanimelist.net/images/manga/3/285409l.jpg
314,Genkai Dokushin Joshi (26) Gohan,,限界独身女子(26)ごはん,Manga,5907,7.05,2023,https://cdn.myanimelist.net/images/manga/2/290965l.jpg
314,Genkai OL to Joshidaisei ga ○○ suru Hanashi,,限界OLと女子大生が○○する話,Manga,1396,7.05,2023,https://cdn.myanimelist.net/images/manga/2/295672l.jpg
314,Otaku ni Yasashii Gal ni Watashi wa Naru!,,オタクに優しいギャルに私はなる!,Manga,444,7.05,2023,https://cdn.myanimelist.net/images/manga/2/327794l.jpg
314,Sistervention,Sistervention,언니는 여동생을 바르게 키워야 합니다,Manhwa,1663,7.05,2023,https://cdn.myanimelist.net/images/manga/3/289970l.jpg
314,The Reincarnated Assassin Is a Swordmaster,The Reincarnated Assassin Is a Swordmaster,환생한 암살자는 검술 천재,Manhwa,14012,7.05,2023,https://cdn.myanimelist.net/images/manga/3/288070l.jpg
314,Why Are You Obsessed With Your Fake Wife?,Why Are You Obsessed With Your Fake Wife?,가짜 아내에게 왜 집착하세요?,Manhwa,2898,7.05,2023,https://cdn.myanimelist.net/images/manga/3/286399l.jpg
320,2020,2020,2020,Manhwa,1012,7.04,2023,https://cdn.myanimelist.net/images/manga/3/295341l.jpg
320,Dead Rock,Dead Rock,DEAD ROCK,Manga,4739,7.04,2023,https://cdn.myanimelist.net/images/manga/1/292054l.jpg
320,Himeno-kun wa Tokimekitai,,姫野くんはときめきたい,Manga,396,7.04,2023,https://cdn.myanimelist.net/images/manga/2/326632l.jpg
320,Kinpatsu Chounyuu Gal ni Gyaku DeliHeal Atsukai Sarete Iru Ore no Hanashi,,金髪長乳ギャルに逆デリヘル扱いされている俺の話,Doujinshi,458,7.04,2023,https://cdn.myanimelist.net/images/manga/2/301529l.jpg
320,Me ga Sametara Tougoku sareta Akujo Datta @comic,,目が覚めたら投獄された悪女だった@COMIC,Manga,1008,7.04,2023,https://cdn.myanimelist.net/images/manga/2/297511l.jpg
320,Merciless,,무자비하게도,Manhwa,1274,7.04,2023,https://cdn.myanimelist.net/images/manga/2/299213l.jpg
320,My Husband Who Hates Me Has Lost His Memories,My Husband Who Hates Me Has Lost His Memories,나를 미워하던 남편이 기억을 잃었다,Manhwa,3474,7.04,2023,https://cdn.myanimelist.net/images/manga/1/289625l.jpg
320,My Younger Sibling Was a Genius,,동생이 천재였다,Manhwa,1094,7.04,2023,https://cdn.myanimelist.net/images/manga/2/316287l.jpg
320,"Replica datte, Koi wo Suru.",Even a Replica Can Fall in Love,レプリカだって、恋をする。,Manga,3042,7.04,2023,https://cdn.myanimelist.net/images/manga/1/292636l.jpg
320,Tenmaku Cinema,Tenmaku Cinema,テンマクキネマ,Manga,6834,7.04,2023,https://cdn.myanimelist.net/images/manga/2/286340l.jpg
320,What the Evil Dragon Lives For,What the Evil Dragon Lives For,그 악룡은 무엇을 위해 사는가,Manhwa,1083,7.04,2023,https://cdn.myanimelist.net/images/manga/3/293765l.jpg
331,Amai-san wa Tsumetakute Amai,,甘井さんは冷たくて甘い,Manga,5053,7.03,2023,https://cdn.myanimelist.net/images/manga/2/298153l.jpg
331,Boukansha no Koi,Love of the Innocent Bystanders.,傍観者の恋,Manga,506,7.03,2023,https://cdn.myanimelist.net/images/manga/3/311240l.jpg
331,Koboreru Ambivalence,,こぼれるアンビバレンス,Manga,533,7.03,2023,https://cdn.myanimelist.net/images/manga/3/318724l.jpg
331,Kuroki Kemono to Yoru no Hana,,黒き獣と夜の花,Manga,388,7.03,2023,https://cdn.myanimelist.net/images/manga/3/318720l.jpg
331,Seishun Buta Yarou wa Siscon Idol no Yume wo Minai,,青春ブタ野郎はシスコンアイドルの夢を見ない,Manga,991,7.03,2023,https://cdn.myanimelist.net/images/manga/1/326966l.jpg
331,The Villainess Empress's Attendant,The Villainess Empress's Attendant,악녀 황후의 전속 시녀,Manhwa,1798,7.03,2023,https://cdn.myanimelist.net/images/manga/2/295564l.jpg
331,Trapped in a Game That Flopped,Trapped in a Game That Flopped,망겜 속에 갇혔다,Manhwa,2253,7.03,2023,https://cdn.myanimelist.net/images/manga/2/287294l.jpg
338,Crazy Diamond no Akuryou-teki Shitsuren: JoJo no Kimyou na Bouken yori,JoJo's Bizarre Adventure: Crazy Heartbreakers,クレイジーD〈ダイヤモンド〉の悪霊的失恋-ジョジョの奇妙な冒険より-,Novel,413,7.02,2023,https://cdn.myanimelist.net/images/manga/2/294667l.jpg
338,Daikaijuu Gaea-tima,Gaea-tima the Gigantis,大怪獣ゲァーチマ,Manga,1637,7.02,2023,https://cdn.myanimelist.net/images/manga/1/292224l.jpg
338,I Spy a Married Life,I Spy a Married Life,팀장님은 신혼이 피곤하다,Manhwa,1072,7.02,2023,https://cdn.myanimelist.net/images/manga/2/279894l.jpg
338,I Think I've Been Possessed Somewhere,I Think I've Been Possessed Somewhere,제가 어딘가 빙의를 한 것 같은데요,Manhwa,1838,7.02,2023,https://cdn.myanimelist.net/images/manga/3/289952l.jpg
338,Kaze to Sharin,Wind & Wheel,風としゃりん,Manga,547,7.02,2023,https://cdn.myanimelist.net/images/manga/3/335347l.jpg
338,Lucky in Love,Lucky in Love,내 생애 최고의 행운,Manhwa,603,7.02,2023,https://cdn.myanimelist.net/images/manga/1/331419l.jpg
338,Mahou Shoujo 201,Magical Girl 201,魔法少女201,Manga,1773,7.02,2023,https://cdn.myanimelist.net/images/manga/3/300983l.jpg
338,Neko ni Tensei shita Ojisan,Neko Oji: Salaryman Reincarnated as a Kitten!,ねこに転生したおじさん,Manga,726,7.02,2023,https://cdn.myanimelist.net/images/manga/1/293889l.jpg
338,Seijo ni Uso wa Tsuujinai,You Can't Bluff the Sharp-Eyed Sister,聖女に嘘は通じない,Manga,1221,7.02,2023,https://cdn.myanimelist.net/images/manga/2/289517l.jpg
338,"Sekai de Ichiban ""Kawaii"" Amamiya-san, Nibanme wa Ore. The Comic",Amamiya-san Is the Cutest...and I'm a Close Second!,世界で一番『可愛い』雨宮さん、二番目は俺。 THE COMIC,Manga,1944,7.02,2023,https://cdn.myanimelist.net/images/manga/3/296003l.jpg
338,Tekkyaku no Ryouko,,鉄脚のリョーコ,One-shot,1547,7.02,2023,https://cdn.myanimelist.net/images/manga/1/304768l.jpg
338,Ura de Yancha na Gouinda-san,Goinda's Naughty Secret,裏でやんちゃな剛院田さん,Manga,2522,7.02,2023,https://cdn.myanimelist.net/images/manga/1/292631l.jpg
350,Koukyuu Ihiden,The Healer Consort,後宮医妃伝,Manga,376,7.01,2023,https://cdn.myanimelist.net/images/manga/2/320569l.jpg
350,"Kyou mo Kitansu ka, Yoda-senpai.","Have You Come Again Today, Yoda-senpai?",今日も来たんすか、依田先輩。,Manga,2609,7.01,2023,https://cdn.myanimelist.net/images/manga/1/295997l.jpg
350,Love Derailed,Love Derailed,짝사랑 궤도이탈,Manhwa,361,7.01,2023,https://cdn.myanimelist.net/images/manga/3/333652l.jpg
350,"My Sweet Enemy, Thy Name Is Husband","My Sweet Enemy, Thy Name Is Husband",상냥한 원수와의 정략결혼,Manhwa,496,7.01,2023,https://cdn.myanimelist.net/images/manga/3/338220l.jpg
350,Secretary Jin's Confinement Journal,Secretary Jin's Confinement Journal,진비서 감금일지,Manhwa,290,7.01,2023,https://cdn.myanimelist.net/images/manga/1/332039l.jpg
350,Ushiro no Seki no Gal ni Sukarete Shimatta. Mou Ore wa Dame Kamoshirenai.,The Babe at My Back Has Her Eye on Me. I'm Done For.,うしろの席のぎゃるに好かれてしまった。もう俺はダメかもしれない。,Manga,9500,7.01,2023,https://cdn.myanimelist.net/images/manga/2/305575l.jpg
356,A Group Chat Without Me,A Group Chat Without Me,나 없는 단톡방,Manhwa,269,7.0,2023,https://cdn.myanimelist.net/images/manga/2/311718l.jpg
356,Aashi to Watashi. Gal x Yuri Anthology,"Me and, I. Gal x Yuri Anthology",あーしとわたし。 ギャル×百合アンソロジー,Manga,910,7.0,2023,https://cdn.myanimelist.net/images/manga/2/284496l.jpg
356,Gachihame Sex Shidou,,ガチハメSEX指導,Doujinshi,395,7.0,2023,https://cdn.myanimelist.net/images/manga/2/302266l.jpg
356,Gal Yome no Himitsu,My Gyaru Wife's Secrets,ギャル嫁の秘密,Manga,13772,7.0,2023,https://cdn.myanimelist.net/images/manga/3/313631l.jpg
356,Return of the Bloodthirsty Police,,킬러경찰,Manhwa,4225,7.0,2023,https://cdn.myanimelist.net/images/manga/1/280403l.jpg
356,Toudou-kun Chi no Maid Shota,,凍堂くんちのメイドショタ,Manga,931,7.0,2023,https://cdn.myanimelist.net/images/manga/1/309840l.jpg
362,Atsui Kiss wa Vacance de,A Vacation with Passionate Kisses,あついキスはバカンスで,Manga,264,6.99,2023,https://cdn.myanimelist.net/images/manga/2/303665l.jpg
362,Childcare Diary With the Villain,Childcare Diary With the Villain,흑막과의 육아일기,Manhwa,1246,6.99,2023,https://cdn.myanimelist.net/images/manga/2/300848l.jpg
362,From Acting Genius to Top Idol!,From Acting Genius to Top Idol!,"기 천재, TOP 아이돌!",Manhwa,747,6.99,2023,https://cdn.myanimelist.net/images/manga/1/304187l.jpg
362,"Frozen Wolf, Fire Dragon","Frozen Wolf, Fire Dragon",여주인공이 나를 새언니로 점찍었다,Manhwa,2369,6.99,2023,https://cdn.myanimelist.net/images/manga/3/275252l.jpg
362,Geon and Suo's Unholy Love Affair,Geon and Suo's Unholy Love Affair,"강건히 사랑하고, 수오하라!",Manhwa,338,6.99,2023,https://cdn.myanimelist.net/images/manga/3/331312l.jpg
362,Giri Choco-girai no Futari,,義理チョコ嫌いのふたり,Manga,1861,6.99,2023,https://cdn.myanimelist.net/images/manga/2/304420l.jpg
362,Gomidame no Garnet,Garnet in the Rough,ゴミ溜めのガーネット,Manga,500,6.99,2023,https://cdn.myanimelist.net/images/manga/1/312405l.jpg
362,Happy Happy Endorphin,,ハッピーハッピーエンドルフィン,One-shot,554,6.99,2023,https://cdn.myanimelist.net/images/manga/3/276241l.jpg
362,I Abdicate My Title of Empress,I Abdicate My Title of Empress,황후 자리를 버리겠습니다,Manhwa,2462,6.99,2023,https://cdn.myanimelist.net/images/manga/1/288965l.jpg
362,I Adopted a Villainous Dad,I Adopted a Villainous Dad,악당 아빠를 입양했다,Manhwa,2756,6.99,2023,https://cdn.myanimelist.net/images/manga/1/282112l.jpg
362,Mahoui Rex no Hentai Karte,Magic Doctor Rex's Perverted Medical Record,魔法医レクスの変態カルテ,Manga,1129,6.99,2023,https://cdn.myanimelist.net/images/manga/1/327917l.jpg
362,"Munou Saijo wa Akujo ni Naritai: Gimai no Migawari de Totsuida Reijou, Koushaku-sama no Dekiai ni Kizukanai",,無能才女は悪女になりたい ～義妹の身代わりで嫁いだ令嬢、公爵様の溺愛に気づかない～,Manga,1198,6.99,2023,https://cdn.myanimelist.net/images/manga/3/290230l.jpg
362,Predatory Marriage,Predatory Marriage,약탈혼,Manhwa,866,6.99,2023,https://cdn.myanimelist.net/images/manga/3/331147l.jpg
362,The Monster Male Lead Living Under My Bed,The Monster Male Lead Living Under My Bed,내 침대 밑에 괴물 남주가 산다,Manhwa,1496,6.99,2023,https://cdn.myanimelist.net/images/manga/3/289298l.jpg
376,A Life-Changing Turn,A Life-Changing Turn,대박사건,Manhwa,1526,6.98,2023,https://cdn.myanimelist.net/images/manga/3/303821l.jpg
376,Gachikoi Maou-sama,,ガチ恋魔王様,Manga,3486,6.98,2023,https://cdn.myanimelist.net/images/manga/3/296377l.jpg
376,Ie ga Shikke Sugite Haetekita Genkaku Yuuhatsu suru Kinoko wo Goshoku shite Hatsujou shita Ato no Are ya Kore,What Happened After My Place Got So Humid It Grew Magic Mushrooms and I Ate Them and Got Super Horny!,家が湿気過ぎて生えてきた幻覚誘発するキノコを誤食して発情したあとのあれやこれ,Doujinshi,489,6.98,2023,https://cdn.myanimelist.net/images/manga/1/299355l.jpg
376,MILGЯAM: Jikken Kangoku to Kanshu no Shoujo,,MILGRAM 実験監獄と看守の少女,Manga,828,6.98,2023,https://cdn.myanimelist.net/images/manga/1/285317l.jpg
376,My Villainous Family Won't Let Me Be,My Villainous Family Won't Let Me Be,악당 가족이 독립을 반대한다,Manhwa,2395,6.98,2023,https://cdn.myanimelist.net/images/manga/2/300863l.jpg
376,Wail of a Dragon's Rage,Wail of a Dragon's Rage,울부짖는 역린,Manhwa,1417,6.98,2023,https://cdn.myanimelist.net/images/manga/3/300232l.jpg
382,Absolute Master of the Senate,Absolute Master of the Senate,월령검제,Manhwa,2960,6.97,2023,https://cdn.myanimelist.net/images/manga/3/288600l.jpg
382,Akuyaku Reijou to Gal Maid,,悪役令嬢とギャルメイド,One-shot,296,6.97,2023,https://cdn.myanimelist.net/images/manga/2/301074l.jpg
382,Asu Miru Kikai,,あす見る機械,One-shot,219,6.97,2023,https://cdn.myanimelist.net/images/manga/1/297241l.jpg
382,Diamond no Kouzai,The Days of Diamond,ダイヤモンドの功罪,Manga,1523,6.97,2023,https://cdn.myanimelist.net/images/manga/1/283535l.jpg
382,Duchess's Lo-Fi Coffeehouse,Duchess's Lo-Fi Coffeehouse,느긋한 공작 부인의 커피하우스,Manhwa,1213,6.97,2023,https://cdn.myanimelist.net/images/manga/2/311666l.jpg
382,Itoko no Ko,My Cute Cousin Always Gets Her Way,いとこのこ,Manga,3835,6.97,2023,https://cdn.myanimelist.net/images/manga/3/301976l.jpg
382,Kiraware Majo Reijou to Dansou Ouji no Konyaku,,嫌われ魔女令嬢と男装皇子の婚約,Manga,3093,6.97,2023,https://cdn.myanimelist.net/images/manga/1/292235l.jpg
382,My Sister's Private Life,My Sister's Private Life,자매의 사생활,Manhwa,701,6.97,2023,https://cdn.myanimelist.net/images/manga/1/292640l.jpg
382,Nengan no Last Boss no Karada wo Te ni Ireta zo!,I Got My Wish and Reincarnated as the Villainess (Last Boss)!,念願の悪役令嬢〈ラスボス〉の身体を手に入れたぞ!,Manga,2373,6.97,2023,https://cdn.myanimelist.net/images/manga/2/298250l.jpg
382,Sachi-roku: Sachi no Mokushiroku,Sachi's Records: Sachi's Book of Revelation,サチ録～サチの黙示録～,Manga,1406,6.97,2023,https://cdn.myanimelist.net/images/manga/1/291565l.jpg
382,Sister-sama no Oose no Mama ni,"As You Wish, Sister",シスター様の仰せの魔々に,Manga,1413,6.97,2023,https://cdn.myanimelist.net/images/manga/2/287819l.jpg
382,"Syrinx, the Villain Healer","Syrinx, the Villain Healer",악당만 취급합니다,Manhwa,1352,6.97,2023,https://cdn.myanimelist.net/images/manga/2/276036l.jpg
382,The Outcast Is a Fighter,The Outcast Is a Fighter,왕따가 격투기를 너무 잘함,Manhwa,771,6.97,2023,https://cdn.myanimelist.net/images/manga/1/293172l.jpg
382,Yurameku Aki no Koigokoro,,ゆらめく秋の恋ごころ,Manga,497,6.97,2023,https://cdn.myanimelist.net/images/manga/1/307196l.jpg
396,Atashi ga Nuite Ageyo kka?,,アタシがヌいてあげよっか?,Doujinshi,369,6.96,2023,https://cdn.myanimelist.net/images/manga/3/297304l.jpg
396,Isekai de Haishin Katsudou wo Shitara Tairyou no Yandere Shinja wo Umidashiteshimatta Ken,,異世界で配信活動をしたら大量のヤンデレ信者を生み出してしまった件,Manga,9377,6.96,2023,https://cdn.myanimelist.net/images/manga/3/284518l.jpg
396,Isso Anata ga Todome wo Sashite,You Might as Well Be the One,いっそあなたがトドメを刺して,Manga,2721,6.96,2023,https://cdn.myanimelist.net/images/manga/1/300022l.jpg
396,It Was Just a Contractual Marriage,It Was Just a Contractual Marriage,계약 결혼일 뿐이었다,Manhwa,865,6.96,2023,https://cdn.myanimelist.net/images/manga/3/331143l.jpg
396,Just the Male Lead's Friend,Just the Male Lead's Friend,남주의 여자사람친구가 되었다,Manhwa,1841,6.96,2023,https://cdn.myanimelist.net/images/manga/2/277830l.jpg
396,Kuro Gal Kanojo ga Dekita Riyuu,,黒ギャルカノジョができた理由,Doujinshi,519,6.96,2023,https://cdn.myanimelist.net/images/manga/3/283496l.jpg
396,Peony: Dreaming of the Dangerous Grand Duke,Peony: Dreaming of the Dangerous Grand Duke,피오니 살인귀 대공과의 미래를 보았다,Manhwa,815,6.96,2023,https://cdn.myanimelist.net/images/manga/2/295568l.jpg
396,Post-Possession Damage Control,Post-Possession Damage Control,누군가 내 몸에 빙의했다,Manhwa,2874,6.96,2023,https://cdn.myanimelist.net/images/manga/1/285092l.jpg
396,Watashi ni dake Tenparu Joushi no Hanashi,My Boss Only Gets Flustered Around Me,私にだけテンパる上司の話,Manga,711,6.96,2023,https://cdn.myanimelist.net/images/manga/3/308799l.jpg
405,An Extra Stole the Male Leads,An Extra Stole the Male Leads,엑스트라에게 남주들을 빼앗겼다,Manhwa,1964,6.95,2023,https://cdn.myanimelist.net/images/manga/1/294526l.jpg
405,Sakura Shunin wa Z Sedai ga Wakaranai.,Generation Z Is Outside Chief Sakura's Understanding,佐倉主任はZ世代がわからない。,Manga,236,6.95,2023,https://cdn.myanimelist.net/images/manga/1/315441l.jpg
405,"Shinyuu no Furin Aite wa, Otto deshita",,親友の不倫相手は、夫でした,Manga,378,6.95,2023,https://cdn.myanimelist.net/images/manga/3/334446l.jpg
405,Star Player Supporter,Star Player Supporter,하드캐리 서포터,Manhwa,2181,6.95,2023,https://cdn.myanimelist.net/images/manga/2/287799l.jpg
405,Stuck With the Protagonist,Stuck With the Protagonist,주인공 옆에 붙어만 있겠습니다,Manhwa,1264,6.95,2023,https://cdn.myanimelist.net/images/manga/1/281385l.jpg
405,Uma Musume Pretty Derby: Umamusu Meshi,,ウマ娘 プリティーダービー うまむすめし,Manga,696,6.95,2023,https://cdn.myanimelist.net/images/manga/2/297705l.jpg
411,How to Satisfy the Devil,How to Satisfy the Devil,악마를 배불리는 법,Manhwa,1368,6.94,2023,https://cdn.myanimelist.net/images/manga/3/289627l.jpg
411,Kimi no Katana ga Oreru made: Tsukimiya Matsuri no Koi Gataki,Until Your Sword Breaks.,君の刀が折れるまで ~月宮まつりの恋難き~,Manga,2184,6.94,2023,https://cdn.myanimelist.net/images/manga/1/286598l.jpg
411,Ningen ni Koisuru Shinigami-chan,The Grim Reaper Falls in Love With a Human.,にんげんに恋する死神ちゃん,Manga,3414,6.94,2023,https://cdn.myanimelist.net/images/manga/2/283455l.jpg
411,Omiai ni Sugoi Comyushou ga Kita,,お見合いにすごいコミュ症が来た,Manga,1888,6.94,2023,https://cdn.myanimelist.net/images/manga/1/297449l.jpg
411,Ponytail ni Yureru,,ポニテに揺れる,One-shot,322,6.94,2023,https://cdn.myanimelist.net/images/manga/2/282990l.jpg
411,Raul to Kyuuketsuki,Raul and His Vampire Prince,ラウルと吸血鬼,Manga,1557,6.94,2023,https://cdn.myanimelist.net/images/manga/3/312720l.jpg
411,Slow Morning,,スロウモーニング,Manga,634,6.94,2023,https://cdn.myanimelist.net/images/manga/3/342348l.jpg
411,The Suspicious Boy Is One of the World's Top Ten Masters,,수상한 소공자는 천하십대고수,Manhwa,945,6.94,2023,https://cdn.myanimelist.net/images/manga/1/305711l.jpg
419,6 to 7,,6と7,Manga,468,6.93,2023,https://cdn.myanimelist.net/images/manga/3/320363l.jpg
419,Ai-chan to Mou Ichinichi,,あいちゃんともう一日,One-shot,246,6.93,2023,https://cdn.myanimelist.net/images/manga/2/324201l.jpg
419,Brother From Another,Brother From Another,남의 아들,Manhwa,874,6.93,2023,https://cdn.myanimelist.net/images/manga/1/297302l.jpg
419,Dungeon ni Hisomu Yandere na Kanojo ni Ore wa Nando mo Korosareru,,ダンジョンに潜むヤンデレな彼女に俺は何度も殺される,Manga,15307,6.93,2023,https://cdn.myanimelist.net/images/manga/1/287154l.jpg
419,Justice Arcade,Justice Arcade,정의오락실,Manhwa,476,6.93,2023,https://cdn.myanimelist.net/images/manga/3/293114l.jpg
419,Renge to Naruto!,,れんげとなると!,Manga,4166,6.93,2023,https://cdn.myanimelist.net/images/manga/1/299691l.jpg
419,Shinai naru Waga Maou e,Dear Demon King,親愛なるわが魔王へ,Manga,247,6.93,2023,https://cdn.myanimelist.net/images/manga/3/321784l.jpg
426,Alkaloid no Hanayome,Alkaloid Bride,アルカロイドの花嫁,Manga,1014,6.92,2023,https://cdn.myanimelist.net/images/manga/2/289519l.jpg
426,Danky Night,,ダンキーナイト,Manga,438,6.92,2023,https://cdn.myanimelist.net/images/manga/1/312080l.jpg
426,Fate/Samurai Remnant Jou,,Fate/Samurai Remnant 序,One-shot,455,6.92,2023,https://cdn.myanimelist.net/images/manga/2/341742l.jpg
426,Herbal Bathhouse Tales,Herbal Bathhouse Tales,약초애담,Manhwa,584,6.92,2023,https://cdn.myanimelist.net/images/manga/3/308086l.jpg
426,High School Boy,High School Boy,남고 소년,Manhwa,1011,6.92,2023,https://cdn.myanimelist.net/images/manga/1/318944l.jpg
426,Kimi no Koto ga Daidaidaidaidaisuki na 100-nin no Kanojo: Bangai Koimonogatari - Secret Love Story,"The 100 Girlfriends Who Really, Really, Really, Really, Really Love You: Secret Love Story",君のことが大大大大大好きな100人の彼女 番外恋物語 ～シークレットラブストーリー～,Light Novel,479,6.92,2023,https://cdn.myanimelist.net/images/manga/2/303403l.jpg
426,The Aura of a Genius Actor,The Aura of a Genius Actor,천재 배우의 아우라,Manhwa,1021,6.92,2023,https://cdn.myanimelist.net/images/manga/1/302888l.jpg
426,The Blooming Violet in the Back Garden,The Blooming Violet in the Back Garden,후원에 핀 제비꽃,Manhwa,645,6.92,2023,https://cdn.myanimelist.net/images/manga/3/306391l.jpg
434,Instant Family,Instant Family,인스턴트 패밀리,Manhwa,957,6.91,2023,https://cdn.myanimelist.net/images/manga/3/288525l.jpg
434,"Net no ""Oshi"" to Real no ""Oshi"" ga Tonari ni Hikkoshitekita",My Fave Persons Moved into Condominium Where I Live,ネットの『推し』とリアルの『推し』が隣に引っ越してきた,Manga,2856,6.91,2023,https://cdn.myanimelist.net/images/manga/2/318718l.jpg
434,One Summer Day,One Summer Day,여름 하늘 소낙비,Manhwa,897,6.91,2023,https://cdn.myanimelist.net/images/manga/2/284246l.jpg
434,Tonari no Wakao-san wa Miesou de Mienai,"My Faceless Classmate, Wakao",隣の若尾さんは見えそうで見えない,Manga,2050,6.91,2023,https://cdn.myanimelist.net/images/manga/5/324781l.jpg
438,#Sono Gap ni Yowai Tokushuu,,#そのギャップにょゎぃ 特集,Manga,542,6.9,2023,https://cdn.myanimelist.net/images/manga/1/311998l.jpg
438,Be My Baby,Be My Baby,애물,Manhwa,519,6.9,2023,https://cdn.myanimelist.net/images/manga/1/301002l.jpg
438,Beyblade X,Beyblade X,BEYBLADE X,Manga,811,6.9,2023,https://cdn.myanimelist.net/images/manga/2/294208l.jpg
438,King the Land,King the Land,킹더랜드,Manhwa,2456,6.9,2023,https://cdn.myanimelist.net/images/manga/3/288112l.jpg
438,Kiss wa Sousa no Ato de,"Love is Too Far Away, Kissing is Too Close",キスは捜査のあとで,Manga,318,6.9,2023,https://cdn.myanimelist.net/images/manga/3/330154l.jpg
438,Nakayoku Shiyou ne Otonari-san,,仲良くしようねお隣さん,Manga,305,6.9,2023,https://cdn.myanimelist.net/images/manga/1/317925l.jpg
438,Outsider Paradise,,アウトサイダーパラダイス,Manga,1014,6.9,2023,https://cdn.myanimelist.net/images/manga/2/292637l.jpg
438,Tsukutte Agetai! Yomotsu Gohan,,作ってあげたい!よもつご飯,One-shot,299,6.9,2023,https://cdn.myanimelist.net/images/manga/1/302042l.jpg
438,Uchi no Kuro Madoushi ga Kawaisugiru!,My Super-Cute Black Mage!,うちの黒魔導士がかわいすぎる!,Manga,3828,6.9,2023,https://cdn.myanimelist.net/images/manga/1/293665l.jpg
438,Yowaki na Kimi to Nagai Shiawase,Eternal Happiness with a Shy Boy Like You,弱気なきみと永いしあわせ,Manga,309,6.9,2023,https://cdn.myanimelist.net/images/manga/1/304922l.jpg
448,Ano Otome Game wa Oretachi ni Kibishii Sekai desu,That Otome Games Is a Tough World for Us.,あの乙女ゲーは俺たちに厳しい世界です,Manga,1734,6.89,2023,https://cdn.myanimelist.net/images/manga/2/300041l.jpg
448,Choose Only Me!,,チューズオンリーミー!,Manga,334,6.89,2023,https://cdn.myanimelist.net/images/manga/1/322516l.jpg
448,Higeki no Genkyou to Naru Saikyou Gedou Last Boss Joou wa Tami no Tame ni Tsukushimasu. To the Savior,,悲劇の元凶となる最強外道ラスボス女王は民の為に尽くします。 To The Savior,Manga,1620,6.89,2023,https://cdn.myanimelist.net/images/manga/2/297683l.jpg
448,Inochi no Tabekata,How to Eat Life,いのちの食べ方,Manga,1304,6.89,2023,https://cdn.myanimelist.net/images/manga/3/299438l.jpg
448,Ishigami Senki,,石神戦記,Manga,1563,6.89,2023,https://cdn.myanimelist.net/images/manga/1/283401l.jpg
448,"Itsumo no Otouto no Seiyoku Shori wo, Kyou wa Love Hotel de Shitai Ane.",,いつもの弟の性欲処理を、今日はラブホでしたい姉。,Doujinshi,440,6.89,2023,https://cdn.myanimelist.net/images/manga/3/293356l.jpg
448,Majutsushi Danchou no Keiyaku Kekkon,The Commander Sorcerer's Contract Marriage,魔術師団長の契約結婚,Manga,356,6.89,2023,https://cdn.myanimelist.net/images/manga/1/303053l.jpg
448,Wreck My Bias,Wreck My Bias,오늘부터 최애,Manhwa,848,6.89,2023,https://cdn.myanimelist.net/images/manga/1/299647l.jpg
456,Ai da Nante Iwanai kara,We Won't Call It's Love.,愛だなんて言わないから,Manga,500,6.88,2023,https://cdn.myanimelist.net/images/manga/1/295853l.jpg
456,Ame ga Yamu made no.,Till the rain stops.,雨が止むまでの。,Doujinshi,400,6.88,2023,https://cdn.myanimelist.net/images/manga/3/296412l.jpg
456,Materialistic Lady,Materialistic Lady,물질만능주의 공녀님,Manhwa,1180,6.88,2023,https://cdn.myanimelist.net/images/manga/3/280439l.jpg
456,Misaki-kun wa Kouryaku Chara ja Nai,,三咲くんは攻略キャラじゃない,Manga,952,6.88,2023,https://cdn.myanimelist.net/images/manga/3/288586l.jpg
456,Not Interested in Dating,Not Interested in Dating,연애 생각은 없지만,Manhwa,565,6.88,2023,https://cdn.myanimelist.net/images/manga/2/293105l.jpg
456,Red Hot Revenge,Red Hot Revenge,맞바람을 핀다는 건,Manhwa,489,6.88,2023,https://cdn.myanimelist.net/images/manga/2/295838l.jpg
456,The Sea Captain's Bride,The Sea Captain's Bride,소녀 가주가 되었습니다,Manhwa,1058,6.88,2023,https://cdn.myanimelist.net/images/manga/2/288125l.jpg
456,Twinstar Cyclone Runaway,,ツインスター・サイクロン・ランナウェイ,Manga,692,6.88,2023,https://cdn.myanimelist.net/images/manga/2/303537l.jpg
464,Beloved by My In-Laws,Beloved by My In-Laws,사랑받는 시집살이,Manhwa,964,6.87,2023,https://cdn.myanimelist.net/images/manga/1/288116l.jpg
464,Ousama no Propose,King Propose,王様のプロポーズ,Manga,1833,6.87,2023,https://cdn.myanimelist.net/images/manga/2/288822l.jpg
464,The Egoistic Courtship,The Egoistic Courtship,개인주의적 연애,Manhwa,399,6.87,2023,https://cdn.myanimelist.net/images/manga/1/297750l.jpg
464,The Sweet Life of a Reincarnation Pro,The Sweet Life of a Reincarnation Pro,전생의 프로가 꿀 빠는 법,Manhwa,3892,6.87,2023,https://cdn.myanimelist.net/images/manga/3/289401l.jpg
464,Watashi no Blue Garnet,My Blue Garnet,私のブルーガーネット,Manga,1138,6.87,2023,https://cdn.myanimelist.net/images/manga/3/315739l.jpg
469,A Demon's Wish,A Demon's Wish,악마의 소원,Manhwa,1715,6.86,2023,https://cdn.myanimelist.net/images/manga/1/300704l.jpg
469,A Genius Writer's Random Workplace,,천재작가의 랜덤 작업실,Manhwa,773,6.86,2023,https://cdn.myanimelist.net/images/manga/2/321902l.jpg
469,Daisuki na Shinyuu ga VTuber no Jibun ni Gachikoi shiteta Hanashi,My Best Friend Is in Love with My VTuber,大好きな親友がＶチューバーの自分にガチ恋してた話,Manga,1060,6.86,2023,https://cdn.myanimelist.net/images/manga/1/289219l.jpg
469,Dekisokonai no Love Song,Unfinished Love Song,出来損ないのラブソング,Manga,423,6.86,2023,https://cdn.myanimelist.net/images/manga/2/317020l.jpg
469,Last on Earth,Last on Earth,나 빼고 다 귀환자,Manhwa,6717,6.86,2023,https://cdn.myanimelist.net/images/manga/1/278458l.jpg
469,Me no Mae no Kamisama,The God Before Me,目の前の神様,Manga,1163,6.86,2023,https://cdn.myanimelist.net/images/manga/3/301184l.jpg
469,"Sono Koi, Damasareteimasen ka?",,その恋、騙されていませんか?,One-shot,482,6.86,2023,https://cdn.myanimelist.net/images/manga/1/280398l.jpg
469,The Dark Mage's Return to Enlistment,,귀환했는데 입대 전날이다,Manhwa,10141,6.86,2023,https://cdn.myanimelist.net/images/manga/3/279201l.jpg
469,Yuusha to Yobareta Ato ni: Soshite Musou Otoko wa Kazoku wo Tsukuru,,勇者と呼ばれた後に ―そして無双男は家族を創る―,Manga,7149,6.86,2023,https://cdn.myanimelist.net/images/manga/3/291498l.jpg
469,Zombie x Slasher,Zombie x Slasher,좀비X슬래셔,Manhwa,1517,6.86,2023,https://cdn.myanimelist.net/images/manga/1/282741l.jpg
479,Baki Gaiden: Hana no Chiharu,,バキ外伝 花のチハル,Manga,688,6.85,2023,https://cdn.myanimelist.net/images/manga/1/291884l.jpg
479,Dead Account,Dead Account,デッドアカウント,Manga,2873,6.85,2023,https://cdn.myanimelist.net/images/manga/1/280380l.jpg
479,How to Divorce a Dragon,How to Divorce a Dragon,아름답게 용과 이혼하는 방법,Manhwa,593,6.85,2023,https://cdn.myanimelist.net/images/manga/1/295836l.jpg
479,Nagisa no Saameido,Sharkmaid of the Shore,渚のサーメイド,Manga,2259,6.85,2023,https://cdn.myanimelist.net/images/manga/3/290993l.jpg
479,Shikabane Kaigo,,屍介護,Manga,708,6.85,2023,https://cdn.myanimelist.net/images/manga/2/313368l.jpg
484,7-dai Tatarimasu node Hayaku Kekkon shite Kudasai!,Get Married So I Can Curse Your Firstborn and Finally Be Free!,7代祟りますので早く結婚してください!,Manga,3033,6.84,2023,https://cdn.myanimelist.net/images/manga/1/305568l.jpg
484,Fushigi na Neko no Machi Meltier,,ふしぎな猫のまちメルティア,Manga,645,6.84,2023,https://cdn.myanimelist.net/images/manga/3/306075l.jpg
484,Jinsei ni Tsukareta Saikyou Majutsushi wa Akiramete Nemuru Koto ni shita,,人生に疲れた最強魔術師は諦めて眠ることにした,Manga,857,6.84,2023,https://cdn.myanimelist.net/images/manga/3/302687l.jpg
484,"Kozure Batsuichi, Saigo no Koi wa Numa deshita.",When a Divorced Single Mother Met Her Love Swamp,子連れバツイチ、最後の恋は沼でした。,Manga,1471,6.84,2023,https://cdn.myanimelist.net/images/manga/3/309687l.jpg
484,Majo to Ryouken,Witch and Hound,魔女と猟犬,Manga,1505,6.84,2023,https://cdn.myanimelist.net/images/manga/2/298968l.jpg
484,Ookami-kun wa Suki ga Kakusenai,,オオカミくんは好きが隠せない,Manga,360,6.84,2023,https://cdn.myanimelist.net/images/manga/2/299627l.jpg
484,Reincarnator,Reincarnator,환생좌,Manhwa,6494,6.84,2023,https://cdn.myanimelist.net/images/manga/1/300691l.jpg
484,The Fish I Loved,The Fish I Loved,내가 사랑한 물고기,Manhwa,716,6.84,2023,https://cdn.myanimelist.net/images/manga/3/302290l.jpg
484,Tsuma no Kigen de Tenkou ga Kawaru Hanashi,,妻の機嫌で天候が変わる話,Manga,1228,6.84,2023,https://cdn.myanimelist.net/images/manga/1/292436l.jpg
484,"Watashi ga Shinde Manzoku desu ka? Utomareta Reijou no Shi to, Nokosareta Hitobito no Hametsu ni Tsuite",Satisfied Now That I'm Dead?,私が死んで満足ですか? 疎まれた令嬢の死と、残された人々の破滅について,Manga,878,6.84,2023,https://cdn.myanimelist.net/images/manga/1/314944l.jpg
484,Yani Neko,Chainsmoker Cat,ヤニねこ,Manga,5466,6.84,2023,https://cdn.myanimelist.net/images/manga/2/286134l.jpg
495,Boku ga Koisuru Cosmic Star,,僕が恋するコズミックスター,Manga,769,6.83,2023,https://cdn.myanimelist.net/images/manga/2/293301l.jpg
495,Gimme Some Love!,Gimme Some Love!,관심 좀 꺼내 줘,Manhwa,327,6.83,2023,https://cdn.myanimelist.net/images/manga/2/335823l.jpg
495,Kimi wo Utsushita Natsu,The Summer I Photographed You,キミを写した夏,One-shot,262,6.83,2023,https://cdn.myanimelist.net/images/manga/1/293459l.jpg
495,Nui ni Koishite Ii desu ka?,,ぬいに恋していいですか?,Manga,489,6.83,2023,https://cdn.myanimelist.net/images/manga/1/298640l.jpg
499,100-nichigo ni Saku Yuri,Lilies Blooming in 100 Days,100日後に咲く百合,Manga,524,6.82,2023,https://cdn.myanimelist.net/images/manga/1/314217l.jpg
499,Conveni de Hajimaru Koi no Hanashi,A Love Story That Begins at the Convenience Store,コンビニではじまる恋の話,Manga,1850,6.82,2023,https://cdn.myanimelist.net/images/manga/2/350186l.jpg
499,Cry Me a River,Cry Me a River,애욕,Manhwa,1770,6.82,2023,https://cdn.myanimelist.net/images/manga/1/289068l.jpg
499,Hazureta Kubiwa wo Suteru Toki,Discarding the Misfit Collar,外れた首輪を捨てるとき,Manga,332,6.82,2023,https://cdn.myanimelist.net/images/manga/3/316301l.jpg
499,Madowasenaide Yamori-kun,"Don't Confuse Me, Yamori-kun",まどわせないで矢守くん,Manga,605,6.82,2023,https://cdn.myanimelist.net/images/manga/1/307140l.jpg
499,Shikabane Shoujo to Ai ga Omoi Seikishi no Toubatsu Gakuen Life,,しかばね少女と愛が重い聖騎士の討伐学園ライフ,Manga,538,6.82,2023,https://cdn.myanimelist.net/images/manga/3/299152l.jpg
505,All Football Talents Are Mine,,축구재능 다 내꺼,Manhwa,1557,6.81,2023,https://cdn.myanimelist.net/images/manga/3/297882l.jpg
505,Ano Hi no Kiss wo Mou Ichido,Kiss Me like You Did That Day,あの日のキスをもう一度,Manga,388,6.81,2023,https://cdn.myanimelist.net/images/manga/1/296483l.jpg
505,Fukakouryoku no I Love You,,不可抗力のI LOVE YOU,Manga,1293,6.81,2023,https://cdn.myanimelist.net/images/manga/1/292629l.jpg
505,Hikikomori Hime to Dokuzetsu Kishi-sama,Hikikomori Princess and Dokuzetsu Knight,引きこもり姫と毒舌騎士様,Manga,885,6.81,2023,https://cdn.myanimelist.net/images/manga/3/289819l.jpg
505,Himitsu wo Abakitai Himekawa-san,,秘密を暴きたい秘川さん,Manga,483,6.81,2023,https://cdn.myanimelist.net/images/manga/2/302601l.jpg
505,I Will Live the Life of a Villainess,I Will Live the Life of a Villainess,"그 악녀 인생, 제가 한번 살아볼게요",Manhwa,2318,6.81,2023,https://cdn.myanimelist.net/images/manga/1/294780l.jpg
505,I'm Nobody's Shadow,I'm Nobody's Shadow,당신의 그림자를 그만두었을 때,Manhwa,793,6.81,2023,https://cdn.myanimelist.net/images/manga/3/279170l.jpg
505,Kimi ni Sasageru Otokomae,I Offer My Manliness to You,君に捧げる男前,Manga,618,6.81,2023,https://cdn.myanimelist.net/images/manga/5/305604l.jpg
505,Kyokutou Chimeratica,,極東キメラティカ,Manga,1994,6.81,2023,https://cdn.myanimelist.net/images/manga/1/285307l.jpg
505,Outreijou,,アウトレイジョウ,Manga,1089,6.81,2023,https://cdn.myanimelist.net/images/manga/1/293929l.jpg
505,The Apothecary Prince,,약 파는 황태자,Manhwa,7292,6.81,2023,https://cdn.myanimelist.net/images/manga/2/293276l.jpg
505,The Emperor's Sword,,황제의 검,Manhwa,1648,6.81,2023,https://cdn.myanimelist.net/images/manga/1/307319l.jpg
517,Brave Bell,,BRAVE BELL,Manga,1236,6.8,2023,https://cdn.myanimelist.net/images/manga/3/288737l.jpg
517,Nemuro-kun wa Kao ga Ii!,,根室くんは顔がいい！,Manga,1465,6.8,2023,https://cdn.myanimelist.net/images/manga/3/293896l.jpg
517,Rearing Rebecca,Rearing Rebecca,갱생불가 흑막가의 새엄마가 되었다,Manhwa,1414,6.8,2023,https://cdn.myanimelist.net/images/manga/3/295831l.jpg
517,Sentimental Journey,,センチメンタル・ジャーニー,One-shot,281,6.8,2023,https://cdn.myanimelist.net/images/manga/1/340066l.jpg
517,Spicy Milk Candy,Spicy Milk Candy,スパイシーミルクキャンディ,Manga,582,6.8,2023,https://cdn.myanimelist.net/images/manga/1/311720l.jpg
517,The Blooming Baby Boss Lady,The Blooming Baby Boss Lady,꽃을 피우는 아기 가주님,Manhwa,748,6.8,2023,https://cdn.myanimelist.net/images/manga/3/294932l.jpg
517,The Constellations Are My Disciples,The Constellations Are My Disciples,성좌들이 내 제자,Manhwa,10395,6.8,2023,https://cdn.myanimelist.net/images/manga/1/278967l.jpg
517,Written in the Stars,Written in the Stars,유성이 내리는 우주,Manhwa,563,6.8,2023,https://cdn.myanimelist.net/images/manga/3/331920l.jpg
525,Assassin's Creed: Forgotten Temple,Assassin's Creed: Forgotten Temple,어쌔신 크리드 - 잊혀진 사원,Manhwa,1077,6.79,2023,https://cdn.myanimelist.net/images/manga/1/281348l.jpg
525,Boukensha Zettai Korosu Dungeon,Dungeons That Surely Slaughter Adventurers,冒険者絶対殺すダンジョン,Manga,836,6.79,2023,https://cdn.myanimelist.net/images/manga/1/297665l.jpg
525,Hoteru Watashi ni Koi wo Oshiete,Teach Me Love as I Burn with Desire,ほてる私に恋を教えて,Manga,702,6.79,2023,https://cdn.myanimelist.net/images/manga/2/300616l.jpg
525,Mesu no Yado: Tsuma wa Midare Kegasareru,,雌ノ宿〜妻ハ乱レ穢サレル〜,Doujinshi,390,6.79,2023,https://cdn.myanimelist.net/images/manga/3/297003l.jpg
525,Myo-chan Sensei wa Kaku Katariki,,みょーちゃん先生はかく語りき,Manga,1499,6.79,2023,https://cdn.myanimelist.net/images/manga/2/282757l.jpg
525,Netorare Manga no Kuzu Otoko ni Tensei shita Hazu ga Heroine ga Yottekuru Ken,,寝取られ漫画のクズ男に転生したはずがヒロインが寄ってくる件,Manga,14160,6.79,2023,https://cdn.myanimelist.net/images/manga/1/288336l.jpg
525,Ouji-chan no Suki na Hito,,王子ちゃんの好きな人,One-shot,280,6.79,2023,https://cdn.myanimelist.net/images/manga/3/298285l.jpg
525,Raffine's Plan: Save My Favorite Character,Raffine's Plan: Save My Favorite Character,오빠를 위해 남주를 꼬셔보겠습니다,Manhwa,1062,6.79,2023,https://cdn.myanimelist.net/images/manga/2/282217l.jpg
525,Saikyou no Uta,Rugby Rumble,最強の詩,Manga,1868,6.79,2023,https://cdn.myanimelist.net/images/manga/2/298013l.jpg
534,Gobbling the Goblin,Gobbling the Goblin,도깨비 색시,Manhwa,468,6.78,2023,https://cdn.myanimelist.net/images/manga/1/299332l.jpg
534,I'm a Part-Timer for the Gods,I'm a Part-Timer for the Gods,신들의 알바나라,Manhwa,4440,6.78,2023,https://cdn.myanimelist.net/images/manga/1/279814l.jpg
534,Koi Dekinai no wa Kimi no Sei,Loveless Momentum,恋できないのは君のせい,Manga,759,6.78,2023,https://cdn.myanimelist.net/images/manga/3/295186l.jpg
534,"Odebu Akujo ni Tensei shitara, Nazeka Last Boss Oujisama ni Shuuchaku sareteimasu",The Final-Boss Prince Is Somehow Obsessed with the Chubby Villainess: Reincarnated Me,おデブ悪女に転生したら、なぜかラスボス王子様に執着されています,Manga,989,6.78,2023,https://cdn.myanimelist.net/images/manga/2/317705l.jpg
534,"Oshikake Nyoubou, Kodomo-tsuki!",,押しかけ女房、コドモ付き!,Manga,817,6.78,2023,https://cdn.myanimelist.net/images/manga/1/319614l.jpg
534,Spider-Man: Octopus Girl,Spider-Man: Octo-Girl,スパイダーマン：オクトパスガール,Manga,1238,6.78,2023,https://cdn.myanimelist.net/images/manga/3/291562l.jpg
540,Dame Ningen no Aishikata,How to Love a Loser,ダメ人間の愛しかた,Manga,4750,6.77,2023,https://cdn.myanimelist.net/images/manga/1/302626l.jpg
540,Dorei kara no Kitai to Hyouka no Sei de Sakushu Dekinai no da ga,,奴隷からの期待と評価のせいで搾取できないのだが,Manga,4066,6.77,2023,https://cdn.myanimelist.net/images/manga/3/302627l.jpg
540,Gelände Magic 101-gou,Slope Magic Room 101,ゲレンデマジック101号,Manga,395,6.77,2023,https://cdn.myanimelist.net/images/manga/2/312546l.jpg
540,Iki suru Koto sura Yurusanai,,息することすら許さない,One-shot,428,6.77,2023,https://cdn.myanimelist.net/images/manga/3/315922l.jpg
540,Kirika-sama wa Kishi ni Naritai,,桐歌様は騎士になりたい,One-shot,333,6.77,2023,https://cdn.myanimelist.net/images/manga/1/298164l.jpg
540,Life of a Quack Healer,Life of a Quack Healer,야매 힐러로 사는 법,Manhwa,4686,6.77,2023,https://cdn.myanimelist.net/images/manga/3/282370l.jpg
540,"Majutsu wo Kiwamete Tabi ni Deta Tensei Elf, Moteamashita Jumyou de Ikeru Densetsu to Naru",,魔術を極めて旅に出た転生エルフ、持て余した寿命で生ける伝説となる,Manga,3046,6.77,2023,https://cdn.myanimelist.net/images/manga/1/289667l.jpg
540,One Coin Clear,One Coin Clear,신컨의 원 코인 클리어,Manhwa,1061,6.77,2023,https://cdn.myanimelist.net/images/manga/1/290042l.jpg
540,Reborn as the Enemy Prince,Reborn as the Enemy Prince,적국의 왕자로 사는 법,Manhwa,2412,6.77,2023,https://cdn.myanimelist.net/images/manga/3/331100l.jpg
540,Wakaba-chan wa Wakarasetai!,Wakaba Won't Give Up!,若葉ちゃんはわからせたい!,Manga,6649,6.77,2023,https://cdn.myanimelist.net/images/manga/2/304497l.jpg
550,Ano Kiss wo Tadotte,Follow That Kiss,あのキスを辿って,Manga,287,6.76,2023,https://cdn.myanimelist.net/images/manga/1/315057l.jpg
550,Bastian,Bastian,바스티안,Manhwa,1839,6.76,2023,https://cdn.myanimelist.net/images/manga/3/275253l.jpg
550,Everyone's Princess,Everyone's Princess,모두의 황녀님,Manhwa,613,6.76,2023,https://cdn.myanimelist.net/images/manga/3/291687l.jpg
550,Gal to Cube,,ギャルとキューブ,One-shot,964,6.76,2023,https://cdn.myanimelist.net/images/manga/1/275772l.jpg
550,Hospitalized Life in Another World,,이세계 입원 생활,Manhwa,370,6.76,2023,https://cdn.myanimelist.net/images/manga/2/310718l.jpg
550,Kaijin Mira no Dai 2 Keitai ga Kawaisugiru,,怪人ミラの第2形態が可愛すぎる,Manga,1985,6.76,2023,https://cdn.myanimelist.net/images/manga/3/311150l.jpg
550,Soredemo Kimi to Koi ga Shitai!,,それでも君と恋がしたい!,Manga,258,6.76,2023,https://cdn.myanimelist.net/images/manga/2/319153l.jpg
550,"Tensei shitara Suterareta ga, Hirowarete Tanoshiku Ikiteimasu.","Reincarnated and Abandoned, but Now I'm Living Happily After Being Taken In",転生したら捨てられたが、拾われて楽しく生きています。,Manga,1227,6.76,2023,https://cdn.myanimelist.net/images/manga/3/312722l.jpg
550,Villain Classroom,,악녀교실,Manhwa,670,6.76,2023,https://cdn.myanimelist.net/images/manga/3/302036l.jpg
559,Apocalyptic Chef Awakening,,멸망한 세계의 취사병,Manhwa,1287,6.75,2023,https://cdn.myanimelist.net/images/manga/1/311515l.jpg
559,Gokujou Ryojou,,極嬢旅情,One-shot,289,6.75,2023,https://cdn.myanimelist.net/images/manga/2/281240l.jpg
559,Kabukichou Bad Trip: Ikeda to Rio,Kabukicho Bad Trip: Ikeda and Rio,歌舞伎町バッドトリップ 池田とリオ,Manga,396,6.75,2023,https://cdn.myanimelist.net/images/manga/2/312842l.jpg
559,Kimi no Love wo Misetekure!,Show Me Your Love!,君のラブを見せてくれ!,Manga,2545,6.75,2023,https://cdn.myanimelist.net/images/manga/1/288105l.jpg
559,Mankitsu shitai Jouren-san,,まんきつしたい常連さん,Manga,7301,6.75,2023,https://cdn.myanimelist.net/images/manga/2/301982l.jpg
559,Return of the Hound,Return of the Hound,사냥개의 회귀본능,Manhwa,4407,6.75,2023,https://cdn.myanimelist.net/images/manga/2/297547l.jpg
559,The End Is a Game to Me,The End Is a Game to Me,내게 종말은 게임이다,Manhwa,1428,6.75,2023,https://cdn.myanimelist.net/images/manga/2/291756l.jpg
559,The Hand That Once Fed,The Hand That Once Fed,내가 버린 개에게 물렸을 때,Manhwa,1480,6.75,2023,https://cdn.myanimelist.net/images/manga/3/293294l.jpg
559,The Monster Princess,The Monster Princess,괴물 황녀님,Manhwa,1161,6.75,2023,https://cdn.myanimelist.net/images/manga/1/278623l.jpg
559,Where the Heart Is,Where the Heart Is,가족이 되어주라,Manhwa,741,6.75,2023,https://cdn.myanimelist.net/images/manga/2/293797l.jpg
569,Baby Pharmacist Princess,Baby Pharmacist Princess,아기 약사 황녀님,Manhwa,1243,6.74,2023,https://cdn.myanimelist.net/images/manga/2/285098l.jpg
569,For a Fairytale Ending,For a Fairytale Ending,"남주님, 취향 존중해드릴게요",Manhwa,1573,6.74,2023,https://cdn.myanimelist.net/images/manga/3/279978l.jpg
569,"Kokoro no Koe ga Kikoeru Akuyaku Reijou wa, Kyou mo Koinu Denka ni Honrou sareru @comic",The Mind-Reading Villainess: The Puppy Prince Sways Me Again Today @comic,心の声が聞こえる悪役令嬢は、今日も子犬殿下に翻弄される@COMIC,Manga,933,6.74,2023,https://cdn.myanimelist.net/images/manga/2/287042l.jpg
569,The Delivery Man From Martial World,The Delivery Man From Martial World,무림에서 온 배달부,Manhwa,1702,6.74,2023,https://cdn.myanimelist.net/images/manga/3/301520l.jpg
569,The Dragon Slayer Academy's Hotshot,The Dragon Slayer Academy's Hotshot,용사 동생은 아카데미 고인물,Manhwa,5345,6.74,2023,https://cdn.myanimelist.net/images/manga/2/278875l.jpg
569,Toymaker Tria's Tyrant Problem,Toymaker Tria's Tyrant Problem,폭군 아빠들 때문에 폐업합니다,Manhwa,601,6.74,2023,https://cdn.myanimelist.net/images/manga/2/274827l.jpg
575,"Grand Dwarf: Machikou Shokunin, Takumi no Waza de Isekai Musou",,グランドワーフ～町工職人、匠の技で異世界無双～,Manga,3548,6.73,2023,https://cdn.myanimelist.net/images/manga/2/286836l.jpg
575,Isshou Hatarakitakunai Ore ga Classmate no Daininki Idol ni Natsukaretara,,一生働きたくない俺が、クラスメイトの大人気アイドルに懐かれたら,Manga,5585,6.73,2023,https://cdn.myanimelist.net/images/manga/3/288086l.jpg
575,Non-Refundable Alpha,Non-Refundable Alpha,환불불가 알파,Manhwa,663,6.73,2023,https://cdn.myanimelist.net/images/manga/3/331824l.jpg
575,Renai Daikou,Love Agency,恋愛代行,Manga,13456,6.73,2023,https://cdn.myanimelist.net/images/manga/3/292236l.jpg
575,"Sekai de Yuiitsu no Tenshokushi: Job-Hopper na Ore wa, Isekai de Subete no Job wo Kiwameru Koto ni shita @comic",,世界で唯一の転職師～ジョブホッパーな俺は、異世界ですべてのジョブを極めることにした～@COMIC,Manga,1900,6.73,2023,https://cdn.myanimelist.net/images/manga/1/298166l.jpg
575,Sekkyaku Musou,Service Wars,接客無双,Manga,1805,6.73,2023,https://cdn.myanimelist.net/images/manga/1/284221l.jpg
575,Sesesese! Mezase Hatsu H! Doutei Joshi no Tokimeki Daisakusen,,せせせせ!～目指せ初H!童貞女子のときめき大作戦～,Manga,633,6.73,2023,https://cdn.myanimelist.net/images/manga/3/311290l.jpg
575,The Baby Saint Wants to Destroy the World!,The Baby Saint Wants to Destroy the World!,아기 성녀님은 세상을 멸망시키고 싶어!,Manhwa,1090,6.73,2023,https://cdn.myanimelist.net/images/manga/2/289396l.jpg
583,Ashita mo Mata Yuusha no Tonari,,明日もまた勇者のとなり,Manga,1050,6.72,2023,https://cdn.myanimelist.net/images/manga/2/286602l.jpg
583,Chimidoro Ice Cream,,ちみどろアイスクリーム,Manga,945,6.72,2023,https://cdn.myanimelist.net/images/manga/2/303948l.jpg
583,Dragon Yashinatte Kudasai,Please Look After the Dragon,ドラゴン養ってください,Manga,1449,6.72,2023,https://cdn.myanimelist.net/images/manga/3/298977l.jpg
583,Gunjou Other Half,,群青アザーハーフ,Manga,278,6.72,2023,https://cdn.myanimelist.net/images/manga/3/310487l.jpg
583,Lucky☆Star: Konata 30,,らき☆すた こなた30,Manga,698,6.72,2023,https://cdn.myanimelist.net/images/manga/2/286440l.jpg
583,Random Target,Random Target,랜덤타겟,Manhwa,411,6.72,2023,https://cdn.myanimelist.net/images/manga/3/292782l.jpg
583,Tabun Kanojo wa Datsuzei shiteru,,たぶん彼女は脱税してる,Manga,1567,6.72,2023,https://cdn.myanimelist.net/images/manga/1/293817l.jpg
583,Tsuyokute New Game na Love Comedy,,つよくてニューゲームなラブコメ,Doujinshi,1361,6.72,2023,https://cdn.myanimelist.net/images/manga/3/290295l.jpg
583,Winning Pass,,ウイニング パス,Manga,836,6.72,2023,https://cdn.myanimelist.net/images/manga/3/281782l.jpg
583,"You Mustn't, Your Majesty!","You Mustn't, Your Majesty!","이러면 안 돼요, 전하!",Manhwa,866,6.72,2023,https://cdn.myanimelist.net/images/manga/1/286149l.jpg
593,"Ashita, Hadashi de Koi.","Tomorrow, When Spring Comes.",あした、裸足でこい。,Manga,1134,6.71,2023,https://cdn.myanimelist.net/images/manga/1/295668l.jpg
593,Auto Focus Pink,,オートフォーカスピンク,Manga,367,6.71,2023,https://cdn.myanimelist.net/images/manga/1/324594l.jpg
593,Biohazard: Death Island,Resident Evil: Death Island,バイオハザード：デスアイランド,Manga,476,6.71,2023,https://cdn.myanimelist.net/images/manga/1/299805l.jpg
593,Catherine's Key to a Happy Life,Catherine's Key to a Happy Life,버림받고 즐기는 소박한 독신의 삶,Manhwa,1014,6.71,2023,https://cdn.myanimelist.net/images/manga/1/289629l.jpg
593,Falling into the Arms of a Mad Villain,Falling into the Arms of a Mad Villain,미친 악당의 품으로 떨어졌다,Manhwa,867,6.71,2023,https://cdn.myanimelist.net/images/manga/3/289291l.jpg
593,Love and Let Lie,Love and Let Lie,또Lie,Manhwa,511,6.71,2023,https://cdn.myanimelist.net/images/manga/1/289402l.jpg
593,Ore to Kanojo no Distance: Susumu mo Hiku mo Jigoku Michi,,詐欺師〈オレ〉と警察官〈カノジョ〉の恋愛距離 〈ディスタンス〉～進むも退くも地獄道～,Manga,1646,6.71,2023,https://cdn.myanimelist.net/images/manga/3/289032l.jpg
593,"This Is the Wrong House, Mr. Villain!","This Is the Wrong House, Mr. Villain!","집 잘못 찾아오셨어요, 악역님",Manhwa,839,6.71,2023,https://cdn.myanimelist.net/images/manga/3/289462l.jpg
601,Carefully Choosing a Husband,Carefully Choosing a Husband,남편을 고를 때는 신중하게,Manhwa,726,6.7,2023,https://cdn.myanimelist.net/images/manga/2/297816l.jpg
601,Escape the Original Male Lead!,Escape the Original Male Lead!,실수로 남주의 동생을 꼬셔버렸다,Manhwa,974,6.7,2023,https://cdn.myanimelist.net/images/manga/1/280852l.jpg
601,Feel My Benefit,Feel My Benefit,필 마이 베네핏,Manhwa,506,6.7,2023,https://cdn.myanimelist.net/images/manga/2/331879l.jpg
601,Foreigner on the Periphery,,변방의 외노자,Manhwa,1152,6.7,2023,https://cdn.myanimelist.net/images/manga/1/303366l.jpg
601,Let Me Die in Peace!,Let Me Die in Peace!,황녀님은 편히 죽고 싶어!,Manhwa,1103,6.7,2023,https://cdn.myanimelist.net/images/manga/2/293162l.jpg
601,Majo no Shikkounin,Witch Enforcer,魔女の執行人,Manga,2296,6.7,2023,https://cdn.myanimelist.net/images/manga/3/296330l.jpg
601,NOiPA-chan wa Abunai!,NOiPA-chan Is Rascal!!,ノイパちゃんはアブナイ!,Manga,2824,6.7,2023,https://cdn.myanimelist.net/images/manga/3/310343l.jpg
601,Nisemono no Renkinjutsushi,The Fake Alchemist,ニセモノの錬金術師,Manga,2282,6.7,2023,https://cdn.myanimelist.net/images/manga/3/295949l.jpg
601,Oshiegoto: Doujin Kyoushi to Tensai Gal,,おしえごと 同人教師と天才ギャル,Manga,529,6.7,2023,https://cdn.myanimelist.net/images/manga/3/290231l.jpg
601,Taming the Corrupted,Taming the Corrupted,흑화한 노예남을 길들였다,Manhwa,1211,6.7,2023,https://cdn.myanimelist.net/images/manga/1/285702l.jpg
601,Tate Roll,,殺陣ロール,One-shot,359,6.7,2023,https://cdn.myanimelist.net/images/manga/1/285971l.jpg
601,The Count's Youngest Son Is a Gamer,The Count's Youngest Son Is a Gamer,백작가 막내아들은 플레이어,Manhwa,4131,6.7,2023,https://cdn.myanimelist.net/images/manga/3/293201l.jpg
601,The Grand Duke's Fox Princess,The Grand Duke's Fox Princess,대공가의 여우 황녀님,Manhwa,1115,6.7,2023,https://cdn.myanimelist.net/images/manga/2/298862l.jpg
614,All-Master Necromancer,All-Master Necromancer,올 마스터 네크로맨서,Manhwa,9060,6.69,2023,https://cdn.myanimelist.net/images/manga/2/284225l.jpg
614,Bad Ending Maker,Bad Ending Maker,배드 엔딩 메이커,Manhwa,2659,6.69,2023,https://cdn.myanimelist.net/images/manga/3/283376l.jpg
614,Becoming a Legendary Ace Employee,,만능사원 전설이 되다,Manhwa,1226,6.69,2023,https://cdn.myanimelist.net/images/manga/1/302311l.jpg
614,Chi wo Hau Boukoku no Oujo,The Blood-Crawling Princess of a Ruined Country,血を這う亡国の王女,Manga,1861,6.69,2023,https://cdn.myanimelist.net/images/manga/3/284519l.jpg
614,I Listened to My Husband and Brought In a Lover,I Listened to My Husband and Brought In a Lover,남편의 말대로 정부를 들였다,Manhwa,1012,6.69,2023,https://cdn.myanimelist.net/images/manga/3/298523l.jpg
614,I Stole the Female Lead's First Love,I Stole the Female Lead's First Love,여주의 첫사랑을 빼앗아 버렸다,Manhwa,763,6.69,2023,https://cdn.myanimelist.net/images/manga/3/299523l.jpg
614,Ienai Koi wa Kiss-iro,,いえない恋はキス色,Manga,501,6.69,2023,https://cdn.myanimelist.net/images/manga/3/300878l.jpg
614,Junketsu no Asmodeus,Asmodeus of Purity,純潔のアスモデウス,One-shot,450,6.69,2023,https://cdn.myanimelist.net/images/manga/2/281554l.jpg
614,My Favorite Idol,,사생돌,Manhwa,722,6.69,2023,https://cdn.myanimelist.net/images/manga/1/291234l.jpg
614,The Maxed-out Player,The Maxed-out Player,만렙 플레이어,Manhwa,4956,6.69,2023,https://cdn.myanimelist.net/images/manga/3/279216l.jpg
614,To a Happy Ending for the Tragic Novel,To a Happy Ending for the Tragic Novel,피폐물의 해피엔딩을 위하여,Manhwa,785,6.69,2023,https://cdn.myanimelist.net/images/manga/2/283439l.jpg
614,Treat Your Friends With Respect,Treat Your Friends With Respect,친구는 소중히 대해 주세요,Manhwa,573,6.69,2023,https://cdn.myanimelist.net/images/manga/1/283449l.jpg
614,Watashi no Otto wa Stress ga Tamaru to Shota Kasuru,My Husband Will Become Shota.,私の夫はストレスが溜まるとショタ化する,Manga,444,6.69,2023,https://cdn.myanimelist.net/images/manga/1/278034l.jpg
627,Aru Hi Kareshi ga Onnanoko ni Natteshimatta Couple no Nichijou,,ある日彼氏が女の子になってしまったカップルの日常,Manga,1486,6.68,2023,https://cdn.myanimelist.net/images/manga/1/276631l.jpg
627,Asumi Kakeru,Martial Master Asumi,アスミカケル,Manga,3950,6.68,2023,https://cdn.myanimelist.net/images/manga/3/289662l.jpg
627,"Cry, or Better Yet, Beg","Cry, or Better Yet, Beg","울어 봐, 빌어도 좋고",Manhwa,2820,6.68,2023,https://cdn.myanimelist.net/images/manga/2/290758l.jpg
627,F-Rank Fortune Hunter,F-Rank Fortune Hunter,F급 사주 헌터,Manhwa,6191,6.68,2023,https://cdn.myanimelist.net/images/manga/2/281202l.jpg
627,I'm Not the Final Boss' Lover!,I'm Not the Final Boss' Lover!,최종 보스의 애인이라니 오해입니다,Manhwa,858,6.68,2023,https://cdn.myanimelist.net/images/manga/3/296563l.jpg
627,Idol Yameru kedo Kekkon Shite Kuremasu ka!?,Will You Marry Me Because I Quit Being an Idol!?,アイドル辞めるけど結婚してくれますか!?,Manga,4069,6.68,2023,https://cdn.myanimelist.net/images/manga/1/300046l.jpg
627,"Kinzoku Slime wo Taoshimakutta Ore ga ""Kurogane no Ou"" to Yobareru made",Slime Slayer: From Zero to Black Steel King,金属スライムを倒しまくった俺が【黒鋼の王】と呼ばれるまで,Manga,1260,6.68,2023,https://cdn.myanimelist.net/images/manga/1/303175l.jpg
627,Surviving as the Devil's Child,Surviving as the Devil's Child,마왕의 아이로 살아남는 법,Manhwa,2240,6.68,2023,https://cdn.myanimelist.net/images/manga/3/280735l.jpg
627,The Absolute Threshold,The Absolute Threshold,절대역,Manhwa,622,6.68,2023,https://cdn.myanimelist.net/images/manga/3/331581l.jpg
627,To My Husband's Mistress,To My Husband's Mistress,내 남편의 정부에게,Manhwa,1454,6.68,2023,https://cdn.myanimelist.net/images/manga/3/290260l.jpg
637,Ghostly Vendetta,Ghostly Vendetta,구원령,Manhwa,639,6.67,2023,https://cdn.myanimelist.net/images/manga/2/286465l.jpg
637,Kisaragi Ibun,Strange Tales of Kisaragi,きさらぎ異聞,Manga,1295,6.67,2023,https://cdn.myanimelist.net/images/manga/2/294873l.jpg
637,Nagi-kun to Hayasaki-kun,Nagi & Hayasaki,凪くんと早崎くん,Manga,421,6.67,2023,https://cdn.myanimelist.net/images/manga/3/285569l.jpg
637,Oni Gal-kun no Hara no Naka,,鬼ギャルくんの腹のなか,Manga,400,6.67,2023,https://cdn.myanimelist.net/images/manga/1/294431l.jpg
637,Ore no Koigokoro ga Moteasobareteimasu,My Love is Being Played With,俺の恋心が弄ばれています,Manga,365,6.67,2023,https://cdn.myanimelist.net/images/manga/3/291699l.jpg
637,Survival 101,Survival 101,생존학 개론,Manhwa,775,6.67,2023,https://cdn.myanimelist.net/images/manga/2/287871l.jpg
637,Tozaki-san wa Boku ni dake Tsumetai,,戸崎さんは僕にだけ冷たい,Manga,2882,6.67,2023,https://cdn.myanimelist.net/images/manga/3/296863l.jpg
637,Usotsuki Hanayome to Dousei Kekkon-ron,The Lying Bride and the Same-Sex Marriage Debate,嘘つき花嫁と同性結婚論,Manga,1630,6.67,2023,https://cdn.myanimelist.net/images/manga/2/300599l.jpg
645,All 'Cause I'm Cute,All 'Cause I'm Cute,내가 귀여운 탓인가,Manhwa,412,6.66,2023,https://cdn.myanimelist.net/images/manga/2/337736l.jpg
645,I Don't Trust My Twin,I Don't Trust My Twin,쌍둥이 언니는 믿지 않아요,Manhwa,1092,6.66,2023,https://cdn.myanimelist.net/images/manga/3/289040l.jpg
645,Natsu no Shuuten,At Summer's End,夏の終点,Manga,1263,6.66,2023,https://cdn.myanimelist.net/images/manga/1/298040l.jpg
645,Osananajimi no Koukousei no Aida ni Nikutai Kankei wa Seiritsu suru ka.,Are Physical Relationships Possible between Childhood Friends of High School Students?,幼なじみの高校生のあいだに肉体関係は成立するか。,Manga,830,6.66,2023,https://cdn.myanimelist.net/images/manga/1/311786l.jpg
645,Oshi Au Futari wa Koi ni Naranai,,推し合う2人は恋にならない,Doujinshi,1538,6.66,2023,https://cdn.myanimelist.net/images/manga/2/287078l.jpg
645,Rental Hero,Rental Hero,렌탈히어로,Manhwa,3025,6.66,2023,https://cdn.myanimelist.net/images/manga/3/285327l.jpg
645,Returned by the King,Returned by the King,왕의 힘으로 회귀한다,Manhwa,11603,6.66,2023,https://cdn.myanimelist.net/images/manga/1/292693l.jpg
645,Swole Joseon,Swole Joseon,근육조선,Manhwa,1302,6.66,2023,https://cdn.myanimelist.net/images/manga/1/310551l.jpg
645,The Cutest Little Villainess,The Cutest Little Villainess,"어서 와, 귀여운 악당은 처음이지?",Manhwa,849,6.66,2023,https://cdn.myanimelist.net/images/manga/3/274539l.jpg
645,The Holy Emperor's Grandson Is a Necromancer,The Holy Emperor's Grandson Is a Necromancer,성황의 손자는 네크로맨서,Manhwa,2606,6.66,2023,https://cdn.myanimelist.net/images/manga/3/307248l.jpg
645,The Price of a Broken Engagement,The Price of a Broken Engagement,파혼의 대가,Manhwa,2386,6.66,2023,https://cdn.myanimelist.net/images/manga/2/276810l.jpg
656,"Isekai Teni shite Kyoushi ni Natta ga, Majo to Osorerareteiru Ken: Aoi-sensei no Gakuen Funtou Nisshi",The Fearsome Witch Teaches in Another World: Ms. Aoi's Lesson Plans,異世界転移して教師になったが、魔女と恐れられている件 ～アオイ先生の学園奮闘日誌～,Manga,2086,6.65,2023,https://cdn.myanimelist.net/images/manga/1/297858l.jpg
656,"Kimajime Kyouei Joshi, Sei ni Oboreru",,生真面目競泳女子、性に溺れる,Doujinshi,602,6.65,2023,https://cdn.myanimelist.net/images/manga/2/288803l.jpg
656,Night of the Goblin,Night of the Goblin,도깨비의 밤,Manhwa,4868,6.65,2023,https://cdn.myanimelist.net/images/manga/2/287138l.jpg
656,"Noroma Mahou to Yobareta Mahoutsukai wa Juuryoku Mahou de Musou suru: Mada Juuryoku no Gainen no Nai Sekai Nite, Shounen wa Banyuu Inryoku Ou to Naru",Defying Expectations with Gravity Magic to Be Unparalleled,ノロマ魔法と呼ばれた魔法使いは重力魔法で無双する ～まだ重力の概念のない世界にて、少年は万有引力の王となる～,Manga,1099,6.65,2023,https://cdn.myanimelist.net/images/manga/2/324444l.jpg
656,Rookie Employee Kim Cheolsu,,신입사원 김철수,Manhwa,609,6.65,2023,https://cdn.myanimelist.net/images/manga/3/305713l.jpg
656,The Life of a Returning Officer,The Life of a Returning Officer,회귀 경찰의 리셋 라이프,Manhwa,1004,6.65,2023,https://cdn.myanimelist.net/images/manga/1/298436l.jpg
656,When Two Villains Meet,When Two Villains Meet,악당과 악당이 만나면,Manhwa,943,6.65,2023,https://cdn.myanimelist.net/images/manga/1/277713l.jpg
656,Who Stole the Empress?,Who Stole the Empress?,황후를 훔친 이는 누구인가,Manhwa,2671,6.65,2023,https://cdn.myanimelist.net/images/manga/2/276413l.jpg
664,"""Shiryoujutsushi nado Kegarawashii"" to Shokei sareta node, Mazoku ni Tenshin Itashimasu",,「死霊術師など穢らわしい」と処刑されたので、魔族に転身致します,Manga,718,6.64,2023,https://cdn.myanimelist.net/images/manga/3/300049l.jpg
664,"Ars Goetia: Munou to Yobareta Shounen wa, 72 no Akuma wo Shieki shite Musou suru",Ars Goetia: the Son Called Incompetent Commands 72 Demons to Unleash Unrivaled Power,アルス・ゲーティア～無能と呼ばれた少年は、72の悪魔を使役して無双する～,Manga,1624,6.64,2023,https://cdn.myanimelist.net/images/manga/2/300315l.jpg
664,Danzai no Majutsugari,Hunting for the Sorcery of Absolution,断罪の魔術狩り,Manga,1403,6.64,2023,https://cdn.myanimelist.net/images/manga/2/285105l.jpg
664,Hajirau Kimi ga Mitainda dj - Iinari Sensei: Ekoda Emi 28-sai,,いいなりセンセイ 江古田愛深28歳,Doujinshi,332,6.64,2023,https://cdn.myanimelist.net/images/manga/2/301169l.jpg
664,Kareshi Tokidoki Kanojo,"Boyfriend, Sometimes Girlfriend",彼氏時々彼女,Manga,2378,6.64,2023,https://cdn.myanimelist.net/images/manga/2/288106l.jpg
664,"Nichiasa Suki no Otaku ga Akuyaku Seito ni Tensei shita Kekka, Hametsu Flag ga Houkai shiteiku Ken ni Tsuite",Nichiasa Reincarnation,ニチアサ好きのオタクが悪役生徒に転生した結果、破滅フラグが崩壊していく件について,Manga,3000,6.64,2023,https://cdn.myanimelist.net/images/manga/2/293639l.jpg
664,Ore no Dankon♡Sacrifice,Sacrifice of My Manly Soul,俺の男魂♡サクリファイス,Manga,1163,6.64,2023,https://cdn.myanimelist.net/images/manga/2/298283l.jpg
664,Save the Dae,Save the Dae,월요일의 구원자,Manhwa,516,6.64,2023,https://cdn.myanimelist.net/images/manga/1/337709l.jpg
664,Tensei shitara Joban de Shinu Chuu-Boss Datta: Heroine Kenzoku-ka de Ikinokoru,I Got Reincarnated as a Mid-Boss Who Dies at the Start of a Game.,転生したら序盤で死ぬ中ボスだった ―ヒロイン眷属化で生き残る―,Manga,3564,6.64,2023,https://cdn.myanimelist.net/images/manga/3/297035l.jpg
664,The Heavenly Demon Doesn't Want to Level Up,The Heavenly Demon Doesn't Want to Level Up,레벨업하기 싫은 천마님,Manhwa,1478,6.64,2023,https://cdn.myanimelist.net/images/manga/2/303258l.jpg
674,Beloved by the Male Lead's Nephew,Beloved by the Male Lead's Nephew,남주의 조카가 나를 너무 좋아한다,Manhwa,3325,6.63,2023,https://cdn.myanimelist.net/images/manga/2/287293l.jpg
674,"Isekai Koushoku Musouroku: Isekai Tensei no Chie to Chikara wo, Tada Hitasura xxxx suru Tame ni Tsukau",Record of Lustful Warriors: The Rod Master's Unstoppable Conquest in Another World,異世界好色無双録〜異世界転生の知恵と力を、ただひたすら✕✕✕✕するために使う〜,Manga,9564,6.63,2023,https://cdn.myanimelist.net/images/manga/1/281783l.jpg
674,Kill Ao,Kill Blue,キルアオ,Manga,11110,6.63,2023,https://cdn.myanimelist.net/images/manga/2/287905l.jpg
674,Rekkyou Sensen,Battlefront of the Great Powers,列強戦線,Manga,1265,6.63,2023,https://cdn.myanimelist.net/images/manga/1/302795l.jpg
674,Surviving as an Obsessive Servant,Surviving as an Obsessive Servant,집착 시종으로 살아남기,Manhwa,858,6.63,2023,https://cdn.myanimelist.net/images/manga/2/285024l.jpg
674,"You Are Obsessing Over the Wrong Person, Lord of the Tower!","You Are Obsessing Over the Wrong Person, Lord of the Tower!","집착 대상이 틀렸어요, 마탑주님!",Manhwa,486,6.63,2023,https://cdn.myanimelist.net/images/manga/3/299810l.jpg
680,Dainana Maouji Jilbagias no Maou Keikokuki,"7th Demon Prince Jilbagias, the Demon Kingdom Destroyer",第七魔王子ジルバギアスの魔王傾国記,Manga,4048,6.62,2023,https://cdn.myanimelist.net/images/manga/1/283542l.jpg
680,Heisei Haizanhei☆Sumire-chan (31),,平成敗残兵☆すみれちゃん（31）,One-shot,743,6.62,2023,https://cdn.myanimelist.net/images/manga/2/278659l.jpg
680,How to Hold His Leash,How to Hold His Leash,X의 목줄을 쥐는 법,Manhwa,430,6.62,2023,https://cdn.myanimelist.net/images/manga/1/305592l.jpg
680,Issho ni Kurashite Ii desu ka?,May I Live with You?,一緒に暮らしていいですか?,Manga,8425,6.62,2023,https://cdn.myanimelist.net/images/manga/2/290429l.jpg
680,Married to a Duke Called Beast,Married to a Duke Called Beast,야수라는 공작에게 시집왔는데,Manhwa,833,6.62,2023,https://cdn.myanimelist.net/images/manga/2/297791l.jpg
680,"Moto Ansatsusha, Tensei shita Kizoku no Reijou ni Narimashita.",A Former Assassin Was Reborn as a Blue-Blooded Daughter.,元暗殺者、転生して貴族の令嬢になりました。,Manga,3823,6.62,2023,https://cdn.myanimelist.net/images/manga/1/289665l.jpg
680,My Second Life Is a Healing Life?,My Second Life Is a Healing Life?,두 번째 삶은 힐링라이프?,Manhwa,2376,6.62,2023,https://cdn.myanimelist.net/images/manga/2/301663l.jpg
680,Ore to Kimitachi no Dungeon Sensou @comic,Dungeon Wars with You and Me @comic,俺と君達のダンジョン戦争@COMIC,Manga,845,6.62,2023,https://cdn.myanimelist.net/images/manga/2/311887l.jpg
680,Otagai Dondon Hamatteiku Kyouikugakari to Shinnyuu Shain,,お互いどんどんハマっていく教育係と新入社員,Doujinshi,670,6.62,2023,https://cdn.myanimelist.net/images/manga/1/294358l.jpg
680,Tensei Renkin Shoujo no Slow Life,,転生錬金少女のスローライフ,Manga,845,6.62,2023,https://cdn.myanimelist.net/images/manga/2/315631l.jpg
680,The Miraculous Physical Therapist,,기적의 물리치료사,Manhwa,963,6.62,2023,https://cdn.myanimelist.net/images/manga/2/302319l.jpg
680,The Silent Warrior,The Silent Warrior,주인공이 힘을 숨김,Manhwa,1132,6.62,2023,https://cdn.myanimelist.net/images/manga/1/297548l.jpg
680,Yuuan no Kanata,Ghostly Darkness of Kanata,幽闇のカナタ,Manga,531,6.62,2023,https://cdn.myanimelist.net/images/manga/1/299435l.jpg
693,"99-kai Danzai sareta Loop Reijou desu ga Konse wa ""Chouzetsu Aisare Mode"" desu tte!? Shin no Chikara ni Mezamete Hajimaru 100-kaime no Jinsei","The 100th Time's the Charm: She Was Executed 99 Times, So How Did She Unlock ""Super Love"" Mode?!",99回断罪されたループ令嬢ですが今世は「超絶愛されモード」ですって!? ～真の力に目覚めて始まる100回目の人生～,Manga,910,6.61,2023,https://cdn.myanimelist.net/images/manga/1/303402l.jpg
693,"Akuyaku Reijou no Hametsu no Genin desu ga, Noroi no Chikara de Kanojo wo Shiawase ni Shiyou to Omoimasu.",,悪役令嬢の破滅の原因ですが、呪いの力で彼女を幸せにしようと思います。,One-shot,289,6.61,2023,https://cdn.myanimelist.net/images/manga/3/301609l.jpg
693,Door no Mukou ni wa Romance,Romance Is Over the Door.,ドアの向こうにはロマンス,Manga,477,6.61,2023,https://cdn.myanimelist.net/images/manga/1/300206l.jpg
693,I'll Choose My Husband,I'll Choose My Husband,내 남편은 내가 정한다,Manhwa,562,6.61,2023,https://cdn.myanimelist.net/images/manga/2/303650l.jpg
693,Isekai kara Kita Elf to Tomo ni Sugosu Nichijou,Daily Life with an Elf from Another World,異世界から来た君〈エルフ〉と共に過ごす日常,Manga,1407,6.61,2023,https://cdn.myanimelist.net/images/manga/3/306071l.jpg
693,Kusuburu Kemuri no Nare no Hate,,燻る煙のなれのはて,Manga,258,6.61,2023,https://cdn.myanimelist.net/images/manga/3/307693l.jpg
693,"Kutabire Salaryman no Ore, 7-nenburi ni Saikai shita Bishoujo JK to Dousei wo Hajimeru",,くたびれサラリーマンな俺、7年ぶりに再会した美少女JKと同棲を始める,Manga,2461,6.61,2023,https://cdn.myanimelist.net/images/manga/3/309238l.jpg
693,Nebou suru Otoko,Oversleeping Takahashi,寝坊する男,Manga,2843,6.61,2023,https://cdn.myanimelist.net/images/manga/3/314078l.jpg
693,Otagai Sukoshizutsu Kawatteiku Kyouikugakari to Shinnyuu Shain,,お互い少しずつ変わっていく教育係と新入社員,Doujinshi,901,6.61,2023,https://cdn.myanimelist.net/images/manga/1/294357l.jpg
693,The Gangster Daughter of the Henchman Duke's Family,The Gangster Daughter of the Henchman Duke's Family,조무래기 공작가의 깡패 아기님,Manhwa,1394,6.61,2023,https://cdn.myanimelist.net/images/manga/3/285574l.jpg
703,Append Disc,,Append Disc,Doujinshi,306,6.6,2023,https://cdn.myanimelist.net/images/manga/1/302994l.jpg
703,Boku Igai Zennin Tenseisha ka yo,"Everyone Is from Another World, Except Me!?",僕以外全員転生者かよ,Manga,1049,6.6,2023,https://cdn.myanimelist.net/images/manga/3/287913l.jpg
703,Boku no Risou no Isekai Seikatsu: Tensei shitara Kemomimi Musume darake no Sekai de Harem ni,My Ideal Different World Life,ボクの理想の異世界生活 ～転生したらケモ耳娘だらけの世界でハーレムに～,Manga,1363,6.6,2023,https://cdn.myanimelist.net/images/manga/2/293827l.jpg
703,Garan no Hime,,伽藍の姫 -がらんのひめ-,Manga,949,6.6,2023,https://cdn.myanimelist.net/images/manga/5/311186l.jpg
703,Hijiri-kun wa Kiyoku Ikitai,,聖くんは清く生きたい,Manga,3103,6.6,2023,https://cdn.myanimelist.net/images/manga/5/284457l.jpg
703,I Adopted the Male Lead from the Shelter,I Adopted the Male Lead from the Shelter,수인 보호소에서 남주를 입양해 버렸다,Manhwa,695,6.6,2023,https://cdn.myanimelist.net/images/manga/2/295791l.jpg
703,I Will Divorce the Female Lead's Older Brother,I Will Divorce the Female Lead's Older Brother,여주의 시스콤 오빠와 이혼하겠습니다,Manhwa,1421,6.6,2023,https://cdn.myanimelist.net/images/manga/1/299609l.jpg
703,Idol-kun ni Dakaretai!,I Want to Sleep with Idol-Kun!,アイドルくんに抱かれたい!,Manga,305,6.6,2023,https://cdn.myanimelist.net/images/manga/3/311911l.jpg
703,Konyaku Haki sareta Koushaku Reijou wa Reijou no Kamen wo Nugisuteru,The Duke's Daughter Drops Her Engagement and Facade,婚約破棄された公爵令嬢は令嬢の仮面を脱ぎ捨てる,Manga,661,6.6,2023,https://cdn.myanimelist.net/images/manga/2/309224l.jpg
703,"Saiaku no Avalon: Game Saijaku no Akuyaku Debu ni Teni shita kedo, Ore dake ""Yasereba Tsuyokute New Game"" na Sekai Datta node, Saisoku Level Up & Hametsu Flag Kaihi de Kage no Eiyuu wo Mezashimasu",,"災悪のアヴァロン～ゲーム最弱の悪役デブに転移したけど、俺だけ""やせれば強くてニューゲーム""な世界だったので、最速レベルアップ＆破滅フラグ回避で影の英雄を目指します～",Manga,4367,6.6,2023,https://cdn.myanimelist.net/images/manga/1/287147l.jpg
703,Toru ni Taranai,,撮るに足らない,Manga,1710,6.6,2023,https://cdn.myanimelist.net/images/manga/1/304152l.jpg
714,Akuyaku Kizoku toshite Hitsuyou na Sore,That Is Needed for a Villainous Aristocrat,悪役貴族として必要なそれ,Manga,2557,6.59,2023,https://cdn.myanimelist.net/images/manga/1/328739l.jpg
714,Grace of the Vineyard,,포도밭의 그레이스,Manhwa,367,6.59,2023,https://cdn.myanimelist.net/images/manga/1/314509l.jpg
714,Higurashi no Naku Koro ni Rei: Irotoutoshi-hen,,ひぐらしのなく頃に令 色尊し編,Manga,620,6.59,2023,https://cdn.myanimelist.net/images/manga/2/288340l.jpg
714,"I'm the One Who Died, but the Hero Went Crazy","I'm the One Who Died, but the Hero Went Crazy",죽은 건 난데 용사님이 미쳐 버렸다,Manhwa,1006,6.59,2023,https://cdn.myanimelist.net/images/manga/1/293705l.jpg
714,Nanjou-san wa Boku ni Dakaretai,,南條さんは僕に抱かれたい,Manga,7250,6.59,2023,https://cdn.myanimelist.net/images/manga/3/288338l.jpg
714,Osananajimi wa Mou Yameru,,幼馴染はもうやめる,Manga,312,6.59,2023,https://cdn.myanimelist.net/images/manga/1/314040l.jpg
714,Peace Restaurant,Peace Restaurant,평화식당,Manhwa,520,6.59,2023,https://cdn.myanimelist.net/images/manga/3/305330l.jpg
714,Return of the King of Hell,Return of the King of Hell,염라강림,Manhwa,1848,6.59,2023,https://cdn.myanimelist.net/images/manga/1/302291l.jpg
714,Siella's Revenge Affair,Siella's Revenge Affair,여주가 내 약혼자와 바람났다,Manhwa,1966,6.59,2023,https://cdn.myanimelist.net/images/manga/1/288126l.jpg
714,The Devil Is Spicy,,악마는 매운맛,Manhwa,303,6.59,2023,https://cdn.myanimelist.net/images/manga/2/286287l.jpg
714,Yojouhan no Ibarahime,,四畳半のいばら姫,Manga,1470,6.59,2023,https://cdn.myanimelist.net/images/manga/2/282406l.jpg
725,Cross My Heart and Hope to Die,Cross My Heart and Hope to Die,죽음을 희망합니다,Manhwa,964,6.58,2023,https://cdn.myanimelist.net/images/manga/3/282162l.jpg
725,Furoufushi Shoujo no Naedoko Ryokouki,The Nursery Travel Report by a Immortality Girl.,不老不死少女の苗床旅行記,Manga,4333,6.58,2023,https://cdn.myanimelist.net/images/manga/1/298253l.jpg
725,Haibara-kun no Tsuyokute Seishun New Game,,灰原くんの強くて青春ニューゲーム,Manga,1465,6.58,2023,https://cdn.myanimelist.net/images/manga/3/336058l.jpg
725,"Juunenme, Kikan wo Akirameta Tenisha wa Imasara Shujinkou ni Naru",,十年目、帰還を諦めた転移者はいまさら主人公になる,Manga,2009,6.58,2023,https://cdn.myanimelist.net/images/manga/3/305543l.jpg
725,Tai Sekaiyou Mahou Shoujo Tsubame,Magical Girl Tsubame: I Will (Not) Save the World!,対世界用魔法少女つばめ,Manga,2258,6.58,2023,https://cdn.myanimelist.net/images/manga/3/298014l.jpg
725,Ten Ways to Get Dumped by a Tyrant,Ten Ways to Get Dumped by a Tyrant,폭군에게 차이는 10가지 방법,Manhwa,2743,6.58,2023,https://cdn.myanimelist.net/images/manga/2/284537l.jpg
725,The Mage: Swallowed the Dragon,The Mage: Swallowed the Dragon,용을 삼킨 마법사,Manhwa,8892,6.58,2023,https://cdn.myanimelist.net/images/manga/2/287092l.jpg
725,You're My Flame,You're My Flame,조신하게 키웠더니 집착남 되어 돌아왔다,Manhwa,683,6.58,2023,https://cdn.myanimelist.net/images/manga/1/303358l.jpg
733,"Astral Online: Maou no Noroi de Saikyou Bishoujo ni Natta Ore, Saijakushoku da ga Cheat Skill de Chou Seichou shite Musou suru","Astral Online: I, Who Became the Strongest Beautiful Girl Due to the Demon King's Curse, Have the Weakest Job, But I Grow Up Super Fast With My Cheat Skills and Become a Warrior.",アストラル・オンライン 魔王の呪いで最強美少女になったオレ、最弱職だがチートスキルで超成長して無双する,Manga,1006,6.57,2023,https://cdn.myanimelist.net/images/manga/3/298400l.jpg
733,"Classmate no Moto Idol ga, Tonikaku Kyodou Fushin nan desu.",,クラスメイトの元アイドルが、とにかく挙動不審なんです。,Manga,4672,6.57,2023,https://cdn.myanimelist.net/images/manga/1/291732l.jpg
733,"Gomennasai, Messiah-chan",,ごめんなさい、メシアちゃん,One-shot,317,6.57,2023,https://cdn.myanimelist.net/images/manga/1/300666l.jpg
733,Killing Line,Killing Line,キリングライン,Manga,1571,6.57,2023,https://cdn.myanimelist.net/images/manga/2/292620l.jpg
733,Kimi ga Inakunatta Fuyu no Umi,,キミがいなくなった冬の海,Manga,364,6.57,2023,https://cdn.myanimelist.net/images/manga/1/301990l.jpg
733,My Naughty Deity,My Naughty Deity,나의 신은 욕망꾸러기,Manhwa,862,6.57,2023,https://cdn.myanimelist.net/images/manga/3/292785l.jpg
733,Ore wa Kage no Eiyuu ja Arimasen!,I'm No Hero in the Shadows!,俺は影の英雄じゃありません!,Manga,1181,6.57,2023,https://cdn.myanimelist.net/images/manga/2/317521l.jpg
733,Saegusa-san wa Megane-senpai to Koi wo Egaku,,三枝さんはメガネ先輩と恋を描く,Manga,1419,6.57,2023,https://cdn.myanimelist.net/images/manga/3/315917l.jpg
733,Steel-Eating Player,Steel-Eating Player,강철을 먹는 플레이어,Manhwa,5408,6.57,2023,https://cdn.myanimelist.net/images/manga/1/289882l.jpg
733,The Genius Assassin Who Takes It All,The Genius Assassin Who Takes It All,혼자 다 해 먹는 천재 암살자,Manhwa,5297,6.57,2023,https://cdn.myanimelist.net/images/manga/3/293222l.jpg
733,Yankee Koukou ni Ojousama,Lady in the Bad School,ヤンキー高校にお嬢様,Manga,812,6.57,2023,https://cdn.myanimelist.net/images/manga/3/308107l.jpg
744,"""Issho ni Netain desu yo ne, Senpai?"" to Amaku Sasayakarete Konya mo Nemurenai",,「一緒に寝たいんですよね、せんぱい？」と甘くささやかれて今夜も眠れない,Manga,961,6.56,2023,https://cdn.myanimelist.net/images/manga/2/295996l.jpg
744,Akuyaku Onzoushi no Kanchigai Seija Seikatsu: Nidome no Jinsei wa Yaritai Houdai shitai dake nanoni,,悪役御曹司の勘違い聖者生活 ～二度目の人生はやりたい放題したいだけなのに～,Manga,4828,6.56,2023,https://cdn.myanimelist.net/images/manga/1/301147l.jpg
744,I Became the Dying Female Lead's Sister,I Became the Dying Female Lead's Sister,시한부 여주의 동생이 되었다,Manhwa,836,6.56,2023,https://cdn.myanimelist.net/images/manga/2/294182l.jpg
744,Kimi wa Kawaii Reptile,Lovely Leapin' Lizards!,きみはかわいいれぷたいる,Manga,1211,6.56,2023,https://cdn.myanimelist.net/images/manga/3/299445l.jpg
744,Melting Slowly,Melting Slowly,멜팅 슬로우,Manhwa,944,6.56,2023,https://cdn.myanimelist.net/images/manga/3/301999l.jpg
744,Shouni Ryouri,,小二料理,One-shot,289,6.56,2023,https://cdn.myanimelist.net/images/manga/2/289687l.jpg
744,The Heir of Mythological Heroes,The Heir of Mythological Heroes,신화급 영웅들의 계승자,Manhwa,2024,6.56,2023,https://cdn.myanimelist.net/images/manga/3/284466l.jpg
744,The Possessive Tyrant and His Sleepy Cat,The Possessive Tyrant and His Sleepy Cat,매일 밤 집착폭군과 잠드는 고양이가 되었다,Manhwa,602,6.56,2023,https://cdn.myanimelist.net/images/manga/3/331413l.jpg
744,To LOVE-Ru Tokubetsu Yomikiri: Mikan to Maruru,,To LOVEる-とらぶる-特別読切 美柑とマルル,One-shot,755,6.56,2023,https://cdn.myanimelist.net/images/manga/1/274897l.jpg
753,Chiisai Boku no Haru,Spring of Little Me,小さい僕の春,Manga,3211,6.55,2023,https://cdn.myanimelist.net/images/manga/2/287144l.jpg
753,Danshi dato Omotteita Osananajimi to no Shinkon Seikatsu ga Umaku Ikisugiru Ken ni Tsuite,"I Used to Think My Childhood Friend Was a Guy—Now We're Newlyweds, and She's the Perfect Bride!",男子だと思っていた幼馴染との新婚生活がうまくいきすぎる件について,Manga,5509,6.55,2023,https://cdn.myanimelist.net/images/manga/2/289157l.jpg
753,I Became the Youngest Prince in the Novel,I Became the Youngest Prince in the Novel,소설 속 막내황자가 되었다,Manhwa,1562,6.55,2023,https://cdn.myanimelist.net/images/manga/2/303714l.jpg
753,Isekai de Mizu no Daiseirei Yattemasu.,,異世界で水の大精霊やってます。,Manga,1678,6.55,2023,https://cdn.myanimelist.net/images/manga/3/313353l.jpg
753,My Evil Husband Is Obsessed With the Wrong Person,My Evil Husband Is Obsessed With the Wrong Person,"악역 남편님, 집착할 분은 저쪽인데요",Manhwa,1835,6.55,2023,https://cdn.myanimelist.net/images/manga/3/293708l.jpg
753,The Bird Empress,The Bird Empress,새황후,Manhwa,715,6.55,2023,https://cdn.myanimelist.net/images/manga/3/301889l.jpg
753,The Terminally Ill Young Master of the Baek Clan,,백씨세가 시한부 공자,Manhwa,3998,6.55,2023,https://cdn.myanimelist.net/images/manga/1/288518l.jpg
760,The Dungeon's Dying S-Class Lady,The Dungeon's Dying S-Class Lady,그 던전의 S급 시한부 영애,Manhwa,604,6.54,2023,https://cdn.myanimelist.net/images/manga/1/290136l.jpg
760,The Fake Saintess Awaits Her Exit,The Fake Saintess Awaits Her Exit,가짜 성녀는 퇴장을 기다린다,Manhwa,453,6.54,2023,https://cdn.myanimelist.net/images/manga/3/331305l.jpg
760,The Rock 'n Roll Band,,ザ・ロックンロールバンド,One-shot,498,6.54,2023,https://cdn.myanimelist.net/images/manga/3/294539l.jpg
760,Uchuujin no Kakushigoto,Secret of the Alien,宇宙人のかくしごと,Manga,6500,6.54,2023,https://cdn.myanimelist.net/images/manga/3/293666l.jpg
764,A Knight With a Time Limit,A Knight With a Time Limit,시한부 기사가 되었다,Manhwa,1134,6.53,2023,https://cdn.myanimelist.net/images/manga/3/300174l.jpg
764,Amaama Cinderella,,甘々シンデレラ,Manga,1835,6.53,2023,https://cdn.myanimelist.net/images/manga/3/298177l.jpg
764,Elegant Desire,Elegant Desire,우아한 욕망,Manhwa,493,6.53,2023,https://cdn.myanimelist.net/images/manga/1/293494l.jpg
764,Genius Corpse-Collecting Warrior,,망겜의 시체줍는 천재전사,Manhwa,2326,6.53,2023,https://cdn.myanimelist.net/images/manga/2/293273l.jpg
764,"Han Daesung, Back From Hell","Han Daesung, Back From Hell",지옥에서 돌아온 한대성,Manhwa,5468,6.53,2023,https://cdn.myanimelist.net/images/manga/3/279810l.jpg
764,Hand Over the Money!,,돈내놔,Manhwa,609,6.53,2023,https://cdn.myanimelist.net/images/manga/1/294755l.jpg
764,Hilde Takes House Arpeggio,Hilde Takes House Arpeggio,오늘부터 공작가는 내가 접수한다,Manhwa,741,6.53,2023,https://cdn.myanimelist.net/images/manga/1/288519l.jpg
764,Nichijou Yametara Shitai Koto,What I Wish I Could Do.,日常やめたらしたいこと,Manga,725,6.53,2023,https://cdn.myanimelist.net/images/manga/3/329052l.jpg
764,Oshiego-kun to wa Dekimasen,My Former Student Is a Hunk?!,教え子くんとはデキません,Manga,5556,6.53,2023,https://cdn.myanimelist.net/images/manga/2/309144l.jpg
764,The Returner's Road to Retirement,The Returner's Road to Retirement,회귀자의 은퇴 라이프,Manhwa,2712,6.53,2023,https://cdn.myanimelist.net/images/manga/2/289399l.jpg
774,After Killing You,After Killing You,너를 죽인 뒤에,Manhwa,433,6.52,2023,https://cdn.myanimelist.net/images/manga/1/296939l.jpg
774,Gyakusatsu Happy End: Ao no Shou,Massacre Happy End: The Blue Chapter,虐殺ハッピーエンド～蒼の章～,Manga,843,6.52,2023,https://cdn.myanimelist.net/images/manga/3/292722l.jpg
774,I'm the Corrupted Side Character's Wife,I'm the Corrupted Side Character's Wife,흑화하는 서브 남주의 아내랍니다,Manhwa,970,6.52,2023,https://cdn.myanimelist.net/images/manga/3/284130l.jpg
774,"Jimoto no Ijimekko-tachi ni Shikaeshi Shiyou to Shitara, Betsu no Tatakai ga Hajimatta.",,地元のいじめっ子達に仕返ししようとしたら、別の戦いが始まった。,Manga,12643,6.52,2023,https://cdn.myanimelist.net/images/manga/1/286352l.jpg
774,Saikyou Yuusha Party wa Ai ga Shiritai,Hero's Party Want to Experience LOVE,最強勇者パーティーは愛が知りたい,Manga,4037,6.52,2023,https://cdn.myanimelist.net/images/manga/3/304652l.jpg
774,Super Dragon Ball Heroes: Meteor Mission!,,スーパードラゴンボールヒーローズ メテオミッション!,Manga,599,6.52,2023,https://cdn.myanimelist.net/images/manga/3/308124l.jpg
780,God Jangsan Tiger,,神장산범,Manhwa,745,6.51,2023,https://cdn.myanimelist.net/images/manga/1/287630l.jpg
780,Goinkyo Maou-sama no Kaerizaki: Totsujo Wakagaetta Sensendai Maou-sama wa Choppiri Ecchi na Nazo Bujutsu de Joson Danpi no Sekai wo Heitei suru,,ご隠居魔王さまの返り咲き ～突如若返った先々代魔王さまはちょっぴりHな謎武術で女尊男卑の世界を平定する～,Manga,1171,6.51,2023,https://cdn.myanimelist.net/images/manga/2/317535l.jpg
780,Henai Heartbeat,My Girlfriend Gives Me Goosebumps!,偏愛ハートビート,Manga,9083,6.51,2023,https://cdn.myanimelist.net/images/manga/1/286347l.jpg
780,I Stole the Tyrant's Virginity,I Stole the Tyrant's Virginity,폭군의 순결을 빼앗아 버렸다,Manhwa,546,6.51,2023,https://cdn.myanimelist.net/images/manga/1/298677l.jpg
780,I'm a Villainess with a Handsome Husband,I'm a Villainess with a Handsome Husband,악녀인데 하필 남편이 잘생겼다,Manhwa,1129,6.51,2023,https://cdn.myanimelist.net/images/manga/1/293948l.jpg
780,"Mata Ashita, Ano Seki de.",,また明日、あの席で。,One-shot,745,6.51,2023,https://cdn.myanimelist.net/images/manga/2/301724l.jpg
780,"Shigotogaeri, Dokushin no Bijin Joushi ni Tanomarete","On My Way Home from Work, My Beautiful Single Beauty Boss Asked Me to Do Something for Her.",仕事帰り、独身の美人上司に頼まれて,Manga,1822,6.51,2023,https://cdn.myanimelist.net/images/manga/2/301980l.jpg
787,Doubutsu Ningen,Animan,動物人間,Manga,3520,6.5,2023,https://cdn.myanimelist.net/images/manga/1/284074l.jpg
787,"Haikei Mishiranu Dannasama, Rikon shite Itadakimasu","To Sir, without Love: I'm Divorcing You",拝啓見知らぬ旦那様、離婚していただきます,Manga,716,6.5,2023,https://cdn.myanimelist.net/images/manga/3/297700l.jpg
787,How to Diet as a Lady,How to Diet as a Lady,귀족 영애도 다이어트합니다,Manhwa,491,6.5,2023,https://cdn.myanimelist.net/images/manga/2/285102l.jpg
790,As If Love Doesn't Exist,As If Love Doesn't Exist,사랑은 없는 것처럼,Manhwa,802,6.49,2023,https://cdn.myanimelist.net/images/manga/1/287940l.jpg
790,"Ii Koe de Nake yo, Omawari-san: Keikan Ω wa Yakuza-sama no Unmei","Moan, Officer: An Omega Policeman is a Yakuza's Destined Partner",イイ声で啼けよ、おまわりさん～警官Ωはヤクザ様の運命,Manga,258,6.49,2023,https://cdn.myanimelist.net/images/manga/3/311973l.jpg
790,Isekai Yururi Camp,,異世界ゆるりキャンプ,Manga,1462,6.49,2023,https://cdn.myanimelist.net/images/manga/1/295551l.jpg
790,Kanju Ten,,感受点,Manga,331,6.49,2023,https://cdn.myanimelist.net/images/manga/2/316166l.jpg
790,Korekara Dandan Shiawase ni Natteiku Kowai Onna Joshi,,これからだんだん幸せになっていく怖い女上司,Manga,3338,6.49,2023,https://cdn.myanimelist.net/images/manga/2/287570l.jpg
790,So I Married the Abandoned Prince,So I Married the Abandoned Prince,그래서 나는 폐태자와 결혼했다,Manhwa,820,6.49,2023,https://cdn.myanimelist.net/images/manga/3/290107l.jpg
790,The Fake Lady of House Silkisia,The Fake Lady of House Silkisia,가짜는 진짜가 되기를 바라지 않는다,Manhwa,1170,6.49,2023,https://cdn.myanimelist.net/images/manga/1/280307l.jpg
797,Ai ga Omoi Jirai-kei Vampire,,愛が重い地雷系ヴァンパイア,Manga,1292,6.48,2023,https://cdn.myanimelist.net/images/manga/1/291428l.jpg
797,I Am Not a Regressor,I Am Not a Regressor,나는 회귀자가 아닙니다,Manhwa,3921,6.48,2023,https://cdn.myanimelist.net/images/manga/1/293275l.jpg
797,Kedamono no Uta,,獣の歌,Doujinshi,270,6.48,2023,https://cdn.myanimelist.net/images/manga/1/304282l.jpg
797,Pension Life Vampire,The Pension Life Vampire,ペンションライフ・ヴァンパイア,Manga,2298,6.48,2023,https://cdn.myanimelist.net/images/manga/2/284251l.jpg
797,"Please, Try My Rice Cake!","Please, Try My Rice Cake!",떡 한입만 먹어주세요!,Manhwa,297,6.48,2023,https://cdn.myanimelist.net/images/manga/1/291762l.jpg
797,The Runaway Lead Lives Next Door,The Runaway Lead Lives Next Door,도망 여주의 옆집에 살고 있습니다,Manhwa,989,6.48,2023,https://cdn.myanimelist.net/images/manga/2/282706l.jpg
797,The Ugly Duckling's Secret Pouch,The Ugly Duckling's Secret Pouch,못난이 영애의 시크릿 파우치,Manhwa,937,6.48,2023,https://cdn.myanimelist.net/images/manga/2/279979l.jpg
804,Hair-Raising Desires,Hair-Raising Desires,은밀한 머릿속 사정,Manhwa,376,6.47,2023,https://cdn.myanimelist.net/images/manga/3/331216l.jpg
804,Hiding the Archduke's Humiliating History,Hiding the Archduke's Humiliating History,남주가 흑역사를 책임지라고 합니다,Manhwa,663,6.47,2023,https://cdn.myanimelist.net/images/manga/2/298156l.jpg
804,Isekai Fall of the Hero,,이세계 용사 함락,Manhwa,412,6.47,2023,https://cdn.myanimelist.net/images/manga/1/311617l.jpg
804,Kamikakushi no Eden,,神隠しの楽園〈エデン〉,Manga,2503,6.47,2023,https://cdn.myanimelist.net/images/manga/2/297438l.jpg
804,"Ken to Mahou to Gakureki Shakai: Zense wa Gariben Datta Ore ga, Konse wa Kazemakase de Jiyuu ni Ikitai",,剣と魔法と学歴社会 ～前世はガリ勉だった俺が、今世は風任せで自由に生きたい～,Manga,894,6.47,2023,https://cdn.myanimelist.net/images/manga/2/308201l.jpg
804,Neko ga Gotoku,,猫が如く,Manga,448,6.47,2023,https://cdn.myanimelist.net/images/manga/1/296629l.jpg
804,The Guide's Fatal Failure,The Guide's Fatal Failure,제가 죽었다고 각성하시다니요,Manhwa,851,6.47,2023,https://cdn.myanimelist.net/images/manga/1/278495l.jpg
804,What a Girl Wants,What a Girl Wants,하고 싶은 걸 어떡해,Manhwa,380,6.47,2023,https://cdn.myanimelist.net/images/manga/1/293449l.jpg
812,Black Black Lotus,Black Black Lotus,ブラック・ブラック・ロータス,Manga,1006,6.46,2023,https://cdn.myanimelist.net/images/manga/2/293882l.jpg
812,Bout na Kanojo,,バウトな彼女,Manga,1040,6.46,2023,https://cdn.myanimelist.net/images/manga/3/287917l.jpg
812,Demi-Human Share House,Demi-Human Sharehouse,亜人〈デミヒューマン〉シェアハウス,Manga,1102,6.46,2023,https://cdn.myanimelist.net/images/manga/3/300042l.jpg
812,I Will Not Return to My Family,I Will Not Return to My Family,나를 버린 가족에게 돌아가지 않습니다,Manhwa,987,6.46,2023,https://cdn.myanimelist.net/images/manga/3/292150l.jpg
812,Jishou Kanojo no Kouhai ga Iiyottekuru.,,自称彼女の後輩が言い寄ってくる。,One-shot,3306,6.46,2023,https://cdn.myanimelist.net/images/manga/1/277835l.jpg
812,Supremely Talented Player,Supremely Talented Player,미친 재능의 플레이어,Manhwa,5021,6.46,2023,https://cdn.myanimelist.net/images/manga/3/292556l.jpg
818,"I'll Protect You, Daddy!","I'll Protect You, Daddy!",서브남 아빠를 지키는 법,Manhwa,612,6.45,2023,https://cdn.myanimelist.net/images/manga/2/298726l.jpg
818,Secretly More Powerful than the Hero,Secretly More Powerful than the Hero,용사보다 너무 강해서 힘을 숨김,Manhwa,3760,6.45,2023,https://cdn.myanimelist.net/images/manga/2/293570l.jpg
818,Shoutai Fumei to Kyoufu,Unidentified Girl & Phobia,正体不明と恐怖,Manga,1179,6.45,2023,https://cdn.myanimelist.net/images/manga/2/294874l.jpg
818,Teisou Gyakuten Sekai no Doutei Henkyou Ryoushu Kishi,Virgin Knight: I Became the Frontier Lord in a World Ruled by Women,貞操逆転世界の童貞辺境領主騎士,Manga,6393,6.45,2023,https://cdn.myanimelist.net/images/manga/3/292632l.jpg
818,Yumeochi: Yume de Bokura wa Koi ni Ochiru,Yumeochi: Dreaming of Falling for You,ユメオチ 〜ユメで僕らは恋にオチる〜,Manga,9384,6.45,2023,https://cdn.myanimelist.net/images/manga/3/282753l.jpg
823,Blood Night Market,Blood Night Market,ブラッドナイトマーケット,Manga,543,6.44,2023,https://cdn.myanimelist.net/images/manga/2/287906l.jpg
823,Gomen ne Hatsukoi,,ごめんね初恋,Manga,1113,6.44,2023,https://cdn.myanimelist.net/images/manga/2/285104l.jpg
823,Like Mother Like Son,Like Mother Like Son,상즉불리,Manhwa,271,6.44,2023,https://cdn.myanimelist.net/images/manga/1/332274l.jpg
823,Tsuruko no Ongaeshi,Tsuruko Returns the Favor,鶴子の恩返し,Manga,2641,6.44,2023,https://cdn.myanimelist.net/images/manga/3/292886l.jpg
823,Zig the Blacksmith,Zig the Blacksmith,대장장이 지그,Manhwa,2180,6.44,2023,https://cdn.myanimelist.net/images/manga/3/289580l.jpg
828,Akuyaku Reijou ni Tensei shita Inaka Musume ga Bad End Kaihi ni Idomu Hanashi: Shinitakunai node Last Boss yori Tsuyoku Nattemita,How a Country Girl Reincarnated as a Villainess Tries to Avoid a Bad Ending: I Don't Want to Die So I Need to Become Stronger than the Final Boss,悪役令嬢に転生した田舎娘がバッドエンド回避に挑む話 ～死にたくないのでラスボスより強くなってみた～,Manga,388,6.43,2023,https://cdn.myanimelist.net/images/manga/2/329512l.jpg
828,Tsuihou sareta Meika no Chounan: Baka ni Sareta Hazure Skill de Saikyou e to Noboritsumeru,,追放された名家の長男 ～馬鹿にされたハズレスキルで最強へと昇り詰める～,Manga,878,6.43,2023,https://cdn.myanimelist.net/images/manga/1/299475l.jpg
828,Viola Tames the Duke,Viola Tames the Duke,공작님을 길들여 버렸습니다,Manhwa,703,6.43,2023,https://cdn.myanimelist.net/images/manga/3/292148l.jpg
828,"Watashi no Gochisou wa, Kimi.",,私のごちそうは、君。,Manga,425,6.43,2023,https://cdn.myanimelist.net/images/manga/3/336804l.jpg
832,A Hunter's Stamina,A Hunter's Stamina,헌터는 하룻밤에 10번…,Manhwa,366,6.42,2023,https://cdn.myanimelist.net/images/manga/1/315714l.jpg
832,God's Gambit,God's Gambit,신은 주사위 놀이를 하는가?,Manhwa,2476,6.42,2023,https://cdn.myanimelist.net/images/manga/2/291623l.jpg
832,Kimi ni Koisuru Sanshimai,Three Sisters in Love with You,キミに恋する三姉妹,Manga,2641,6.42,2023,https://cdn.myanimelist.net/images/manga/3/298370l.jpg
832,Mori de Seijo wo Hirotta Saikyou no Kyuuketsuki: Musume no Tame nara Kuni demo Assari Horoboshimasu! @comic,,森で聖女を拾った最強の吸血姫～娘のためなら国でもあっさり滅ぼします!～@COMIC,Manga,1134,6.42,2023,https://cdn.myanimelist.net/images/manga/3/317264l.jpg
832,Rewriting My Third Life,Rewriting My Third Life,"그 어장, 내가 가져보겠다",Manhwa,506,6.42,2023,https://cdn.myanimelist.net/images/manga/1/303123l.jpg
832,The Villainess's Dazzling Debut,The Villainess's Dazzling Debut,악녀는 화려하게 데뷔한다,Manhwa,615,6.42,2023,https://cdn.myanimelist.net/images/manga/1/277719l.jpg
832,Yonimo Kahogo na Maou-sama,The Demon King Is Way Too Overprotective!,世にも過保護な魔王サマ,Manga,1211,6.42,2023,https://cdn.myanimelist.net/images/manga/1/298650l.jpg
839,A Paladin in a Dark Fantasy World,,다크 판타지 속 성기사,Manhwa,977,6.41,2023,https://cdn.myanimelist.net/images/manga/3/303772l.jpg
839,Okitsune Gal no Katabami-san,,お狐ギャルの片喰さん,Manga,3254,6.41,2023,https://cdn.myanimelist.net/images/manga/2/305572l.jpg
839,Tenga Tensei: One Shota Elf to Sugosu Rinri Fuyou no Isekai Life,,テンガ転生 ～おねショタエルフと過ごす倫理不要の異世界ライフ～,Manga,1050,6.41,2023,https://cdn.myanimelist.net/images/manga/1/304515l.jpg
839,Wild Strawberry,Wild Strawberry,ワイルドストロベリー,Manga,11754,6.41,2023,https://cdn.myanimelist.net/images/manga/1/291566l.jpg
843,Anan-san wa Deatte 3-byou de Gattai Shitai!,,阿南さんは出会って3秒で合体したい!,Manga,1985,6.4,2023,https://cdn.myanimelist.net/images/manga/1/288342l.jpg
843,I Became a Sitter for the Obsessive Villains,I Became a Sitter for the Obsessive Villains,집착 흑막들의 시터가 되어버렸다,Manhwa,1276,6.4,2023,https://cdn.myanimelist.net/images/manga/1/284099l.jpg
843,I Met the Male Lead in Prison,I Met the Male Lead in Prison,감방에서 남자주인공을 만났습니다,Manhwa,1418,6.4,2023,https://cdn.myanimelist.net/images/manga/2/292149l.jpg
843,My Lord Was Already Into Me When I Noticed,My Lord Was Already Into Me When I Noticed,정신을 차렸을 땐 흑막 주군이 감긴 후였다,Manhwa,723,6.4,2023,https://cdn.myanimelist.net/images/manga/2/303842l.jpg
843,Netori Mahoutsukai no Bouken,The Cuckolding Wizard's Adventure,寝取り魔法使いの冒険,Manga,915,6.4,2023,https://cdn.myanimelist.net/images/manga/2/298077l.jpg
843,Shibatarian,Shibatarian,シバタリアン,Manga,6795,6.4,2023,https://cdn.myanimelist.net/images/manga/2/284148l.jpg
843,Watashi ga Saki ni Suki datta noni Seitai.,,私が先に好きだったのに整体。,Doujinshi,552,6.4,2023,https://cdn.myanimelist.net/images/manga/1/287382l.jpg
850,A Bad Case of Junioritis,A Bad Case of Junioritis,선배는 우울해!,Manhwa,375,6.39,2023,https://cdn.myanimelist.net/images/manga/3/333282l.jpg
850,Mad Miniscape,Mad Miniscape,マッドミニスケープ,Manga,1125,6.39,2023,https://cdn.myanimelist.net/images/manga/3/303176l.jpg
850,Maou-sama Exchange!!,Demon Lord Exchange!!,魔王さまエクスチェンジ!!,Manga,1733,6.39,2023,https://cdn.myanimelist.net/images/manga/3/286348l.jpg
850,The Villainous Duke's Daughter's Special Method of Growing Rice,The Villainous Duke's Daughter's Special Method of Growing Rice,악역 공작 영애의 특별한 쌀 재배법,Manhwa,686,6.39,2023,https://cdn.myanimelist.net/images/manga/3/302435l.jpg
850,Yoru ni Kikasete,Whisper It in the Night,夜に聞かせて,Manga,564,6.39,2023,https://cdn.myanimelist.net/images/manga/1/286714l.jpg
855,Boku to Umi Kanojo,Mikane and the Sea Woman,ぼくと海彼女,Manga,2162,6.38,2023,https://cdn.myanimelist.net/images/manga/2/291570l.jpg
855,Mada Nakunatteinai Hito,Wives Who Has Not Yet Passed Away,未だ亡くなっていない人,Manga,637,6.38,2023,https://cdn.myanimelist.net/images/manga/1/289483l.jpg
855,Maou Reijou no Shikkousha: Isekai Shitsuji wa Oose no Mama ni,,魔王令嬢の執行者―異世界執事は仰せのままに―,Manga,1873,6.38,2023,https://cdn.myanimelist.net/images/manga/3/301148l.jpg
855,Meikyuugurashi no Boukensha wa Dungeon Master wo Yametai,The Adventurer Lives in a Labyrinth Want to Resign the Dungeon Master.,迷宮暮らしの冒険者はダンジョンマスターをやめたい,Manga,1002,6.38,2023,https://cdn.myanimelist.net/images/manga/3/300114l.jpg
855,"Moto Kyuutei Renkinjutsushi no Watashi, Henkyou de Nonbiri Ryouchi Kaitaku Hajimemasu!: Konyaku Haki ni Tsuihou made Set deshite Kureru ndesu ka?",,元宮廷錬金術師の私、辺境でのんびり領地開拓はじめます! ～婚約破棄に追放までセットでしてくれるんですか?～,Manga,1219,6.38,2023,https://cdn.myanimelist.net/images/manga/1/286713l.jpg
855,Osananajimi no Ijou Kawaii Imouto-chan,,幼馴染の異常可愛い妹ちゃん,Manga,1695,6.38,2023,https://cdn.myanimelist.net/images/manga/1/315791l.jpg
855,The Demon Faction's Return,The Demon Faction's Return,마도귀환록,Manhwa,1652,6.38,2023,https://cdn.myanimelist.net/images/manga/3/301951l.jpg
862,Damned Demonic Swords,Damned Demonic Swords,빌어먹을 마검들,Manhwa,1158,6.37,2023,https://cdn.myanimelist.net/images/manga/1/300760l.jpg
862,I Came Back as a Martial Genius,I Came Back as a Martial Genius,회귀했더니 무공 천재,Manhwa,2288,6.37,2023,https://cdn.myanimelist.net/images/manga/3/293176l.jpg
862,Isekai de Dekiai Yandere ga Hanashite Kuremasen! Anthology Comic,,異世界で溺愛ヤンデレが離してくれません！アンソロジーコミック,Manga,612,6.37,2023,https://cdn.myanimelist.net/images/manga/3/299425l.jpg
862,Made into the Main Character,Made into the Main Character,집착 남주가 나를 주인공으로 만들었다,Manhwa,796,6.37,2023,https://cdn.myanimelist.net/images/manga/2/298731l.jpg
862,Mama Yuuyuu,MamaYuyu,魔々勇々,Manga,6316,6.37,2023,https://cdn.myanimelist.net/images/manga/1/296326l.jpg
862,"Saikyou de Saisoku no Mugen Level Up: Skill ""Keikenchi 1000-bai"" to ""Level Free"" de Level Jougen no Kase ga Hazureta Ore wa Musou suru",,最強で最速の無限レベルアップ ～スキル【経験値1000倍】と【レベルフリー】でレベル上限の枷が外れた俺は無双する～,Manga,3407,6.37,2023,https://cdn.myanimelist.net/images/manga/1/291735l.jpg
862,"Yarikonda Otome Game no Akuyaku Mob desu ga, Danzai wa Iya nanode Mattou ni Ikimasu @comic",,やり込んだ乙女ゲームの悪役モブですが、断罪は嫌なので真っ当に生きます@COMIC,Manga,1967,6.37,2023,https://cdn.myanimelist.net/images/manga/2/302873l.jpg
869,Ablovecadabra,,アブラブカダブラ,Manga,1205,6.36,2023,https://cdn.myanimelist.net/images/manga/2/299253l.jpg
869,Becoming the Obsessive Male Lead's Ex-Wife,Becoming the Obsessive Male Lead's Ex-Wife,집착남주의 전부인이 되었습니다,Manhwa,1394,6.36,2023,https://cdn.myanimelist.net/images/manga/2/287700l.jpg
869,Dantoudai no Hanayome: Sekai wo Horobosu Futsutsuka na Watashi desu ga,Guillotine Bride: I’m Just a Dragon Girl Who’ll Destroy the World.,断頭台の花嫁 世界を滅ぼすふつつかな竜姫〈わたし〉ですが,Manga,2806,6.36,2023,https://cdn.myanimelist.net/images/manga/3/297343l.jpg
869,Monmusugo! Honnyaku Skill de Saikyou Monmusu to Isekai Seikatsu,,モンむすご!〜翻訳スキルで最強モン娘と異世界生活〜,Manga,1317,6.36,2023,https://cdn.myanimelist.net/images/manga/2/292237l.jpg
869,Pocket Monsters: Liko no Takaramono,Pocket Monster: Liko's Treasure,ポケットモンスター～リコの宝物～,Manga,374,6.36,2023,https://cdn.myanimelist.net/images/manga/2/289953l.jpg
869,Thy Will Be Done,Thy Will Be Done,신의 뜻대로...하게 놔둘까보냐!,Manhwa,241,6.36,2023,https://cdn.myanimelist.net/images/manga/2/318434l.jpg
869,Unfinished Business,Unfinished Business,미완관계,Manhwa,496,6.36,2023,https://cdn.myanimelist.net/images/manga/2/331712l.jpg
876,Zanzai Shounen,,斬罪少年,One-shot,269,6.35,2023,https://cdn.myanimelist.net/images/manga/3/290437l.jpg
877,"Dungeon Farm: Ie wo Oidasareta node, Dungeon ni Noujou wo Tsukutte Kurasou to Omoimasu","Dungeon Farm: Kicked Out of My Home, So I'm Homesteading in a Dungeon!",ダンジョン・ファーム～家を追い出されたので、ダンジョンに農場をつくって暮らそうと思います～,Manga,622,6.34,2023,https://cdn.myanimelist.net/images/manga/1/323694l.jpg
877,Kawaii Kanojo-chan,,かわいい彼女ちゃん,Manga,7111,6.34,2023,https://cdn.myanimelist.net/images/manga/2/290443l.jpg
877,Kono△Love Comedy wa Shiawase ni Naru Gimu ga Aru.,,この△ラブコメは幸せになる義務がある,Manga,807,6.34,2023,https://cdn.myanimelist.net/images/manga/2/285793l.jpg
877,Mechamecha Kininatteru Gal ga Nanka Yabee Kanji ni Natteku Yatsu.,,めちゃめちゃ気になってるギャルがなんかやべー感じになってくやつ。,Doujinshi,939,6.34,2023,https://cdn.myanimelist.net/images/manga/3/288114l.jpg
877,Two on Ice,Two on Ice,ツーオンアイス,Manga,2503,6.34,2023,https://cdn.myanimelist.net/images/manga/3/296328l.jpg
877,Yuusha-sama wa Houshuu ni Hitozuma wo Gokibou desu,,勇者さまは報酬に人妻をご希望です,Manga,3435,6.34,2023,https://cdn.myanimelist.net/images/manga/1/314154l.jpg
883,"Neko ni Tensei shita kedo, Hima nanode Gamer Joshi to Issho ni VRMMO wo Suru",VRMMO with Gamer Girl,猫に転生したけど、暇なのでゲーマー女子と一緒にVRMMOをする,Manga,618,6.33,2023,https://cdn.myanimelist.net/images/manga/2/297082l.jpg
883,Reforming My Regretful Husband,Reforming My Regretful Husband,후회 남편을 고쳐 쓰겠습니다,Manhwa,606,6.33,2023,https://cdn.myanimelist.net/images/manga/2/288886l.jpg
883,Usotsuki to Hatsukoi,,うそつきと初恋,Manga,346,6.33,2023,https://cdn.myanimelist.net/images/manga/3/292784l.jpg
883,Weapon Creator,Weapon Creator,웨폰 크리에이터,Manhwa,4113,6.33,2023,https://cdn.myanimelist.net/images/manga/3/287939l.jpg
887,Boku to Mimoza no 75-nichi,,ぼくとミモザの75日,Manga,669,6.32,2023,https://cdn.myanimelist.net/images/manga/2/285777l.jpg
887,DoraQ,Dra-Q,ドラQ,Manga,721,6.32,2023,https://cdn.myanimelist.net/images/manga/1/284222l.jpg
887,Haraiya Reijou Nicola no Komarigoto,The Troubles of Miss Nicola the Exorcist,祓い屋令嬢ニコラの困りごと,Manga,547,6.32,2023,https://cdn.myanimelist.net/images/manga/1/306097l.jpg
887,"Isekai Saikouhou no Guild Leader: Guild Saijaku no Boku dakedo, Guildsmen Zenin no Ai ga Omokute Guild wo Yameraremasen",,異世界最高峰のギルドリーダー～ギルド最弱の僕だけど、ギルメン全員の愛が重くてギルドをやめられません～,Manga,3374,6.32,2023,https://cdn.myanimelist.net/images/manga/3/291737l.jpg
887,Lilia Pregnant the World End,Lilia's Pregnancy Spells the World's End,リリア・プレグナント・ザ・ワールド・エンド,Manga,5164,6.32,2023,https://cdn.myanimelist.net/images/manga/3/290237l.jpg
887,Lulutier's Fiery Final Days,Lulutier's Fiery Final Days,집착 서브 남주가 미쳐 날뛴다,Manhwa,874,6.32,2023,https://cdn.myanimelist.net/images/manga/3/278095l.jpg
887,Majutsu Guild Sousui: Umarekawatte Imasara Yarinaosu Nidome no Gakuin Seikatsu,Commander-in-Chief of the Magic Guild!: A Second Chance at School Life,魔術ギルド総帥～生まれ変わって今更やり直す2度目の学院生活～,Manga,2146,6.32,2023,https://cdn.myanimelist.net/images/manga/1/293030l.jpg
887,My Alternate Ending,My Alternate Ending,막장 피폐 소설을 고쳐 써보겠습니다,Manhwa,703,6.32,2023,https://cdn.myanimelist.net/images/manga/3/292945l.jpg
895,"Cool na Megami-sama to Issho ni Sundara, Amayakashi Sugite Ponkotsu ni shiteshimatta Ken ni Tsuite",My Pampering Turned the Cool Goddess into a Clumsy Spoiled Girl,クールな女神様と一緒に住んだら、甘やかしすぎてポンコツにしてしまった件について,Manga,2193,6.31,2023,https://cdn.myanimelist.net/images/manga/1/298649l.jpg
895,Slammer Dogs,Slammer Dogs,교도소의 개들,Manhwa,1260,6.31,2023,https://cdn.myanimelist.net/images/manga/2/319576l.jpg
895,The Voodooist's Wrathful Return,The Voodooist's Wrathful Return,회귀했는데 FFF급 부두술사,Manhwa,4311,6.31,2023,https://cdn.myanimelist.net/images/manga/2/280169l.jpg
895,"Tokage (Hontou wa Shinryuu) wo Shoukan shita Seijuutsukai, Ryuu no Senaka de Kaitaku Life",,トカゲ（本当は神竜）を召喚した聖獣使い、竜の背中で開拓ライフ,Manga,1148,6.31,2023,https://cdn.myanimelist.net/images/manga/1/320531l.jpg
899,Gensou Shinkou,Phantom Invasion,幻想侵攻,Manga,1116,6.3,2023,https://cdn.myanimelist.net/images/manga/1/313472l.jpg
899,Kimura x Class,,KIMURA × CLASS,Manga,513,6.3,2023,https://cdn.myanimelist.net/images/manga/1/290229l.jpg
899,Tonikaku Onnanoko ga Semetekuru!: Anthology Comic,,とにかく女の子が攻めてくる！ アンソロジーコミック,Manga,574,6.3,2023,https://cdn.myanimelist.net/images/manga/3/297938l.jpg
899,"Watashi no Ue ni Ukabu ""Akuyaku Reijou (Hametsu suru)"" tte Nan Deshou ka?",,私の上に浮かぶ『悪役令嬢(破滅する)』って何でしょうか?,Manga,327,6.3,2023,https://cdn.myanimelist.net/images/manga/3/305528l.jpg
903,Boku no Kanojo ga Kyonyuu Dattara.: Oppai Anthology Comic,If My Girlfriend Had Big Boob... Oppai Anthology Comic,僕の彼女が巨乳だったら。 おっぱいアンソロジーコミック,Manga,1577,6.29,2023,https://cdn.myanimelist.net/images/manga/2/279549l.jpg
903,Shoujo Null,Shojo Null,少女Null,Manga,4945,6.29,2023,https://cdn.myanimelist.net/images/manga/2/292884l.jpg
905,Haiiro no Onmyouji,,灰色の陰陽師,Manga,1331,6.28,2023,https://cdn.myanimelist.net/images/manga/3/301975l.jpg
905,Kiyota-san wa Yogosaretai!?,,清田さんは汚されたい!?,Manga,1742,6.28,2023,https://cdn.myanimelist.net/images/manga/1/298934l.jpg
905,Mottomo Kirawareteiru Saikyou no Akuyaku ni Tensei,Reincarnated as the Most Hated Villain,最も嫌われている最凶の悪役に転生,Manga,2552,6.28,2023,https://cdn.myanimelist.net/images/manga/2/308516l.jpg
905,The 9th Class Swordmaster: Blade of Truth,The 9th Class Swordmaster: Blade of Truth,9클래스 소드 마스터 : 검의 구도자,Manhwa,966,6.28,2023,https://cdn.myanimelist.net/images/manga/2/292105l.jpg
905,When the Witch's Daughter Lifts the Male Lead's Curse,When the Witch's Daughter Lifts the Male Lead's Curse,마녀의 딸이 남주의 저주를 풀면,Manhwa,669,6.28,2023,https://cdn.myanimelist.net/images/manga/3/308490l.jpg
910,Dou Ganbattemo H ni Nacchau Osananajimi,,どう頑張ってもHになっちゃう幼なじみ,Manga,797,6.27,2023,https://cdn.myanimelist.net/images/manga/1/304377l.jpg
910,Stigma,Stigma,허상의 낙인,Manhwa,488,6.27,2023,https://cdn.myanimelist.net/images/manga/3/331469l.jpg
912,Akugyaku Hadou no Brave Soul,,悪逆覇道のブレイブソウル,Manga,1351,6.26,2023,https://cdn.myanimelist.net/images/manga/1/312816l.jpg
912,"Boukensha ni Narenakatta Ore, Skill ""Oppai Kyousei"" de Nayameru Ano Ko wo Hitodasuke!?",,冒険者になれなかった俺、スキル「おっぱい矯正」で悩めるあの子を人助け!?,Manga,3500,6.26,2023,https://cdn.myanimelist.net/images/manga/2/312735l.jpg
912,Climbing a Tower Which Even Regressors Couldn't Conquer,,회귀자도 못 깬 탑 등반합니다,Manhwa,999,6.26,2023,https://cdn.myanimelist.net/images/manga/1/286972l.jpg
912,Isekai Tensei Slum-gai kara no Nariagari: Saishu ya Ryou wo Shite Gohan Tabete Slow Life surun da,,異世界転生スラム街からの成り上がり～採取や猟をしてご飯食べてスローライフするんだ～,Manga,1052,6.26,2023,https://cdn.myanimelist.net/images/manga/3/298099l.jpg
912,Otokogirai na Bijin Shimai wo Namae mo Tsugezu ni Tasuketara Ittai Dou Naru?,,男嫌いな美人姉妹を名前も告げずに助けたら一体どうなる?,Manga,7176,6.26,2023,https://cdn.myanimelist.net/images/manga/1/300040l.jpg
912,The Princess Is Going on Strike,The Princess Is Going on Strike,공녀는 지금부터 파업합니다,Manhwa,590,6.26,2023,https://cdn.myanimelist.net/images/manga/3/290775l.jpg
912,Zettai ni Yuuwaku sarenai Otoko vs Zettai ni Yuuwaku suru Onna,,絶対に誘惑されない男vs絶対に誘惑する女,Manga,2583,6.26,2023,https://cdn.myanimelist.net/images/manga/2/297280l.jpg
919,Daddy de Buddy,Daddy and Buddy,ダディデバディ,Manga,923,6.25,2023,https://cdn.myanimelist.net/images/manga/3/294185l.jpg
919,Saitei Chara ni Tensei shita Ore wa Ikinokoritai,,最低キャラに転生した俺は生き残りたい,Manga,1140,6.25,2023,https://cdn.myanimelist.net/images/manga/3/293892l.jpg
919,"Yama ni Suterareta Ore, Tokage no Youshi ni Naru: Mahou wo Kiwamete Oya wo Koeta kedo, Oya ga Densetsu no Koryuu Datta nante Shiranai",,山に捨てられた俺、トカゲの養子になる 魔法を極めて親を超えたけど、親が伝説の古竜だったなんて知らない,Manga,909,6.25,2023,https://cdn.myanimelist.net/images/manga/3/298105l.jpg
922,Darashinai Oneesan wo Kaitai,I Want to Keep a Sloppy Woman,だらしないお姉さんを飼いたい,Manga,1062,6.24,2023,https://cdn.myanimelist.net/images/manga/2/309841l.jpg
922,Kakawatte wa Ikenai Type no Musume ga Kanojo ni Natta,,関わってはいけないタイプの娘が彼女になった,Manga,3972,6.24,2023,https://cdn.myanimelist.net/images/manga/2/294078l.jpg
922,"Kogoeda-san, Gal ni Naru",,こごえださん、ギャルになる,One-shot,345,6.24,2023,https://cdn.myanimelist.net/images/manga/3/284809l.jpg
922,Super String: Isekai Kenbunroku,Super String: Marco Polo's Travel to the Multiverse,スーパーストリング -異世界見聞録-,Manga,1232,6.24,2023,https://cdn.myanimelist.net/images/manga/2/287149l.jpg
922,The Extra Is Too Powerful,The Extra Is Too Powerful,엑스트라가 너무 강함,Manhwa,4522,6.24,2023,https://cdn.myanimelist.net/images/manga/1/283920l.jpg
922,Uchi no Ojousama no Hanashi wo Kiite Kure: Akuyaku Reijou Kouryaku Kiroku,,ウチのお嬢様の話を聞いてくれ ―悪役令嬢攻略記録―,Manga,2239,6.24,2023,https://cdn.myanimelist.net/images/manga/3/277147l.jpg
928,Isekai kara Elf-san ga Ochitekita no desu ga!?,,異世界からエルフさんが落ちてきたのですが!?,Manga,1406,6.23,2023,https://cdn.myanimelist.net/images/manga/3/298136l.jpg
928,"Koyuu Skill ""Dorei Zukan""",Slave Collection,固有スキル「奴隷図鑑」,Manga,1508,6.23,2023,https://cdn.myanimelist.net/images/manga/1/299423l.jpg
928,"Ore ni Trauma wo Ataeta Joshi-tachi ga Chirachira Mitekuru kedo, Zannen desu ga Teokure desu","The Girls Who Traumatized Me Keep Glancing at Me, but Alas, It's Too Late.",俺にトラウマを与えた女子達がチラチラ見てくるけど、残念ですが手遅れです,Manga,7262,6.23,2023,https://cdn.myanimelist.net/images/manga/1/291748l.jpg
931,"""Ano Toki Tasukete Itadaita Monster Musume desu."": Isekai Ossan Kyoushi Totsuzen no Moteki ni Konwaku suru",I'm That Monster Girl You Once Helped Out A Middle-Aged Teacher Finds Unexpected Popularity in Another World,「あのとき助けていただいたモンスター娘です。」異世界おっさん教師 突然のモテ期に困惑する,Manga,6406,6.22,2023,https://cdn.myanimelist.net/images/manga/1/318620l.jpg
931,I Hold the Tyrant's Heart,I Hold the Tyrant's Heart,폭군의 심장을 쥐었다,Manhwa,1259,6.22,2023,https://cdn.myanimelist.net/images/manga/3/285455l.jpg
931,Legendary Ranker's Comeback,,상위 0.001% 랭커의 귀환,Manhwa,2303,6.22,2023,https://cdn.myanimelist.net/images/manga/1/279899l.jpg
931,"Munou wa Fuyou to Iware ""Tokei Tsukai"" no Boku wa Shokunin Guild kara Oidasareru mo, Dungeon no Shinbu de Shin no Chikara ni Kakusei suru The Comic","As a Watchmaker, I Was Kicked Out of the Craftsman's Guild Because My Incompetence Was Deemed Unnecessary, But I Awakened to My True Power in the Depths of the Dungeon",無能は不要と言われ『時計使い』の僕は職人ギルドから追い出されるも、ダンジョンの深部で真の力に覚醒する THE COMIC,Manga,1318,6.22,2023,https://cdn.myanimelist.net/images/manga/3/304157l.jpg
935,Fujun na Sister-tachi wa Zange Shinai,Impure Sisters Do Not Repent,不純な彼女〈シスター〉達は懺悔しない,Manga,2434,6.21,2023,https://cdn.myanimelist.net/images/manga/1/306069l.jpg
935,Raising the Children of the Main Characters,Raising the Children of the Main Characters,여주와 남주의 아이들을 키우게 되었습니다,Manhwa,997,6.21,2023,https://cdn.myanimelist.net/images/manga/1/295191l.jpg
937,100-nen no Oshi,,100年の推し,Manga,2708,6.2,2023,https://cdn.myanimelist.net/images/manga/2/344483l.jpg
938,Diasporaiser,Diasporaiser,ディアスポレイザー,Manga,1155,6.19,2023,https://cdn.myanimelist.net/images/manga/3/292887l.jpg
938,Isekai Kimagure Burari Tabi: Dorei Harem wo Soete,,異世界きまぐれぶらり旅 ～奴隷ハーレムを添えて～,Manga,1507,6.19,2023,https://cdn.myanimelist.net/images/manga/1/286614l.jpg
938,"Loop kara Nukedasenai Akuyaku Reijou wa, Akiramete Sukikatte Ikiru Koto ni Kimemashita","Stuck in a Time Loop: When All Else Fails, Be a Villainess",ループから抜け出せない悪役令嬢は、諦めて好き勝手生きることに決めました,Manga,618,6.19,2023,https://cdn.myanimelist.net/images/manga/3/296584l.jpg
938,Tatsumigahara-san no Ai kara wa Nigerarenai,Can't Escape From Tatsumigahara's Love,辰巳ヶ原さんの愛からは逃げられない,Manga,2099,6.19,2023,https://cdn.myanimelist.net/images/manga/2/301312l.jpg
938,The Tyrant of the Apocalypse Returns,The Tyrant of the Apocalypse Returns,회귀한 아포칼립스의 폭군,Manhwa,1164,6.19,2023,https://cdn.myanimelist.net/images/manga/3/301939l.jpg
943,Omega Bite,Omega Bite,오메가 바이트(Omega bite),Manhwa,245,6.18,2023,https://cdn.myanimelist.net/images/manga/1/332437l.jpg
943,Onna Tomodachi wa Tanomeba Igai to Yarasete Kureru,,女友達は頼めば意外とヤらせてくれる,Manga,3363,6.18,2023,https://cdn.myanimelist.net/images/manga/3/290238l.jpg
943,Uchida-san wa Zettai ni Gal ja Nai!,,内田さんは絶対にギャルじゃない！,Manga,2262,6.18,2023,https://cdn.myanimelist.net/images/manga/2/299444l.jpg
943,"Zatsuyougakari Ken Shien Jutsushi wa Party Tsuihou ni Akogareru: Seken wa Tsuihou Boom nanoni, Ore wo Kadai Hyouka suru Party Member-tachi ga Kesshite Tebanasou toshite Kurenai",,雑用係兼支援術師はパーティー追放に憧れる～世間は追放ブームなのに、俺を過大評価するパーティーメンバーたちが決して手放そうとしてくれない～,Manga,1335,6.18,2023,https://cdn.myanimelist.net/images/manga/1/290269l.jpg
947,Akuyaku Ouji no Eiyuutan,The Heroic Tale of the Villainous Prince,悪役王子の英雄譚,Manga,1405,6.17,2023,https://cdn.myanimelist.net/images/manga/2/296251l.jpg
947,"Henkyou no Kusushi, Miyako de S-Rank Boukensha to Naru: Eiyuumura no Shounen ga Cheat-yaku de Mujikaku Musou",The Healer Ditches the Boonies to Become an S-Rank Adventurer: The Boy from the Hero's Village Doesn't Know His Cheat Medicine Is Unrivaled,辺境の薬師、都でSランク冒険者となる～英雄村の少年がチート薬で無自覚無双～,Manga,5252,6.17,2023,https://cdn.myanimelist.net/images/manga/2/293029l.jpg
947,Inkya na Tsubame wa Kawaritai,,陰キャなつばめは変わりたい,Doujinshi,1216,6.17,2023,https://cdn.myanimelist.net/images/manga/3/287102l.jpg
947,Rekishi Mentalist,History's Mentalist,歴史メンタリスト,Manga,829,6.17,2023,https://cdn.myanimelist.net/images/manga/3/292888l.jpg
951,Golden Mage,Golden Mage,골든메이지,Manhwa,1713,6.16,2023,https://cdn.myanimelist.net/images/manga/2/289575l.jpg
951,Kuro no Senki II: Isekai Teni shita Boku ga Saikyou nano wa Bed no Ue dake no you desu,,クロの戦記Ⅱ 異世界転移した僕が最強なのはベッドの上だけのようです,Manga,2063,6.16,2023,https://cdn.myanimelist.net/images/manga/1/285999l.jpg
951,Shihai Shoujo Kubaru-chan,,支配少女くばるちゃん,Manga,5578,6.16,2023,https://cdn.myanimelist.net/images/manga/3/296717l.jpg
951,Takutore!,,タクトレ!,Manga,981,6.16,2023,https://cdn.myanimelist.net/images/manga/3/296845l.jpg
955,Cake mo Hana mo Houseki mo,,ケーキも花も宝石も,One-shot,284,6.15,2023,https://cdn.myanimelist.net/images/manga/2/298046l.jpg
955,Dear Teddy Bear,Dear Teddy Bear,"디어, 테디베어",Manhwa,943,6.15,2023,https://cdn.myanimelist.net/images/manga/3/293167l.jpg
955,Jinruishoku,Jinrui-Shoku: Blight of Man,人類蝕,Manga,2822,6.15,2023,https://cdn.myanimelist.net/images/manga/1/282754l.jpg
955,Kekkon suru tte Itta yo ne?,,結婚するって言ったよね?,Manga,696,6.15,2023,https://cdn.myanimelist.net/images/manga/2/304009l.jpg
955,Telomere,,テロメア,Manga,645,6.15,2023,https://cdn.myanimelist.net/images/manga/3/312618l.jpg
960,Erotical Wizard to 12-nin no Hanayome,The Erotical Wizard and His Twelve Brides,エロティカル・ウィザードと12人の花嫁,Manga,3255,6.14,2023,https://cdn.myanimelist.net/images/manga/1/293890l.jpg
960,They Wish to Take Away My Child,They Wish to Take Away My Child,시한부의 아이까지 뺏으려 합니다,Manhwa,668,6.14,2023,https://cdn.myanimelist.net/images/manga/1/302255l.jpg
962,I Thought I Tamed the Villain,I Thought I Tamed the Villain,악역을 길들인 줄 알았는데,Manhwa,434,6.12,2023,https://cdn.myanimelist.net/images/manga/1/300115l.jpg
962,Kanojo no Sore ni Yarareteru,,彼女のそれにやられてる,Manga,7657,6.12,2023,https://cdn.myanimelist.net/images/manga/3/289664l.jpg
962,Nimotsumochi no Noukin Musou,,荷物持ちの脳筋無双,Manga,2300,6.12,2023,https://cdn.myanimelist.net/images/manga/1/297854l.jpg
965,"Ore Igai Daremo Saishu Dekinai Sozai nanoni ""Sozai Saishuritsu ga Hikui"" to Power Harassment suru Osananajimi Renkinjutsushi to Zetsuen shita Senzoku Madoushi, Henkyou no Machi de Slow Life wo Okuritai.",,俺以外誰も採取できない素材なのに「素材採取率が低い」とパワハラする幼馴染錬金術師と絶縁した専属魔導士、辺境の町でスローライフを送りたい。,Manga,5065,6.11,2023,https://cdn.myanimelist.net/images/manga/3/294192l.jpg
965,Shinu hodo Suki tte Itta jan.,,死ぬほど好きって言ったじゃん。,Manga,1200,6.11,2023,https://cdn.myanimelist.net/images/manga/3/285027l.jpg
967,Exorcist wa Midara ni Aragau,,エクソシストは不浄〈みだら〉に抗う,Manga,907,6.09,2023,https://cdn.myanimelist.net/images/manga/3/294572l.jpg
967,Succubus Tamer no Isekai Musou: Genjuu-tachi no Chi wo Hiku Saikyou no Succubus to Hajimeru Mazokuryou Kaitaku,,サキュバステイマーの異世界無双 幻獣たちの血を引く最強のサキュバスとはじめる魔族領開拓,Manga,1165,6.09,2023,https://cdn.myanimelist.net/images/manga/3/302056l.jpg
967,Yome Gaki ssu,,ヨメガキッす,Manga,2875,6.09,2023,https://cdn.myanimelist.net/images/manga/3/302186l.jpg
970,Anata wa Watashi no Geboku desu: Neko to Geboku no Himitsu na Kankei,You Are My Servant,貴方は猫〈わたし〉の下僕です～ねことげぼくのヒミツなカンケイ～,Manga,1123,6.08,2023,https://cdn.myanimelist.net/images/manga/1/312687l.jpg
971,Martial Streamer,Martial Streamer,잘 보이는 무림티비,Manhwa,1604,6.07,2023,https://cdn.myanimelist.net/images/manga/2/280897l.jpg
971,Tensei shitara SSS-kyuu Goblin ni Narimashita,"When Reincarnated, I Was a SSS Class Goblin",転生したらSSS級ゴブリンになりました,Manga,1180,6.07,2023,https://cdn.myanimelist.net/images/manga/2/302160l.jpg
973,"Doredake Doryoku shitemo Mannen Level 0 no Ore wa Tsuihou sareta: Kami no Teki to Yobareta Shounen wa, Shachiku Megami to Deatte Saikyou no Chikara wo Te ni Ireru",,どれだけ努力しても万年レベル0の俺は追放された～神の敵と呼ばれた少年は、社畜女神と出会って最強の力を手に入れる～,Manga,1339,6.06,2023,https://cdn.myanimelist.net/images/manga/2/307304l.jpg
973,"Hazure Skill ""Soine"" ga Kakuseishi, Boku ga Saikyou Harem wo Kizuku made: Micchaku Soine de Ganbou Kaihou!? Yuuwaku saremakutte Komattemasu!!","My Useless Cuddle Skill Awakened, and Now I'm Building the Ultimate Harem!",ハズレスキル『添い寝』が覚醒し、僕が最強ハーレムを築くまで～密着添い寝で願望解放!? 誘惑されまくって困ってます!!～,Manga,2922,6.06,2023,https://cdn.myanimelist.net/images/manga/3/300059l.jpg
973,Imouto ga Onna Kishi Gakuen ni Nyuugaku shitara Nazeka Kyuukoku no Eiyuu ni Narimashita. Boku ga.,"After My Sister Enrolling in Girl Knights' School, I Become a HERO.",妹が女騎士学園に入学したらなぜか救国の英雄になりました。ぼくが。,Manga,766,6.06,2023,https://cdn.myanimelist.net/images/manga/3/297797l.jpg
973,Tsuihou sareta Renkinjutsushi wa Mujikaku ni Densetsu to Naru: Yandere Imouto (Oukoku no Shugoryuu) to Issho ni Henkyou de Shiawase ni Kurashimasu!,,追放された錬金術師は無自覚に伝説となる ヤンデレ妹（王国の守護竜）と一緒に辺境で幸せに暮らします!,Manga,1210,6.06,2023,https://cdn.myanimelist.net/images/manga/1/313219l.jpg
977,Asahina-san no Bentou Tabetai,,朝比奈さんの弁当食べたい,Manga,2455,6.05,2023,https://cdn.myanimelist.net/images/manga/1/287146l.jpg
977,Vibration Man,Vibration Man,バイブマン,Manga,1672,6.05,2023,https://cdn.myanimelist.net/images/manga/3/286342l.jpg
979,Ubai Ai,,奪い愛,Doujinshi,558,6.04,2023,https://cdn.myanimelist.net/images/manga/2/294354l.jpg
980,Kimi to Aoi Yoru no,,キミと青いヨルの,One-shot,450,6.03,2023,https://cdn.myanimelist.net/images/manga/3/279001l.jpg
980,The Fitness Villainess,The Fitness Villainess,악역 영애지만 건강해서 행복합니다,Manhwa,488,6.03,2023,https://cdn.myanimelist.net/images/manga/1/292614l.jpg
982,Beast's Flower,Beast's Flower,짐승의 꽃,Manhwa,622,6.02,2023,https://cdn.myanimelist.net/images/manga/1/287715l.jpg
982,Boku ni Korosarero,Die By My Hand,僕に殺されろ,Manga,469,6.02,2023,https://cdn.myanimelist.net/images/manga/2/288739l.jpg
982,The Heavenly Demon's Descendant,The Heavenly Demon's Descendant,천마의 후손이 되었다,Manhwa,1446,6.02,2023,https://cdn.myanimelist.net/images/manga/1/300119l.jpg
985,Saihate Quartet,Stan for Salvation,サイハテ四重奏〈カルテット〉,Manga,761,6.01,2023,https://cdn.myanimelist.net/images/manga/3/281044l.jpg
986,Hangyaku no Yuusha: Skill wo Tsukatte Haraguro Oujo no Kokoro to Karada wo Shouaku seyo,Rebel Hero: I Will Use My Skills to Control the Scheming Princess's Heart and Body,反逆の勇者～スキルを使って腹黒王女のココロとカラダを掌握せよ～,Manga,3326,6.0,2023,https://cdn.myanimelist.net/images/manga/1/297691l.jpg
986,"Isekai ni Shoukan saretan dakedo, Nandemo Kireteshimau Kennou wo Te ni Ireta node Easy Mode deshita ​",,異世界に召喚されたんだけど、なんでも斬れてしまう権能を手に入れたのでイージーモードでした,Manga,2605,6.0,2023,https://cdn.myanimelist.net/images/manga/1/301978l.jpg
988,Gal to Iinchou ga Guuzen Saikai suru Hanashi,,ギャルと委員長が偶然再会する話,Manga,1487,5.99,2023,https://cdn.myanimelist.net/images/manga/1/293085l.jpg
988,Immoral Parody,,패륜극,Manhwa,566,5.99,2023,https://cdn.myanimelist.net/images/manga/3/302600l.jpg
988,"Isekai Saikyou no Yome desu ga, Yoru no Tatakai wa Ore no Hou ga Tsuyoi you desu: Chiryaku wo Ikashite Nariagaru Harem Senki","She's the Strongest Bride, but I'm Stronger in Night Battles: A Harem Chronicle of Advancing Through Cunning Tactics",異世界最強の嫁ですが、夜の戦いは俺の方が強いようです 知略を活かして成り上がるハーレム戦記,Manga,2458,5.99,2023,https://cdn.myanimelist.net/images/manga/1/297958l.jpg
991,Isekai Rakuraku Survival: Seizon Skill Kyousha no Ore ga Bishoujo Yonin to Kurasu Mujintou Seikatsu,,異世界らくらくサバイバル～生存スキル強者の俺が美少女四人と暮らす無人島生活～,Manga,4093,5.97,2023,https://cdn.myanimelist.net/images/manga/1/285309l.jpg
991,Reborn as a Swordmaster,Reborn as a Swordmaster,소드마스터로 회귀,Manhwa,1562,5.97,2023,https://cdn.myanimelist.net/images/manga/2/279509l.jpg
993,Overpowered Healer,,힐러인데 먼치킨,Manhwa,1131,5.96,2023,https://cdn.myanimelist.net/images/manga/1/286163l.jpg
993,Queen's Seed,,クインズシード,Manga,1416,5.96,2023,https://cdn.myanimelist.net/images/manga/1/296869l.jpg
995,"""Maryoku Mugen"" no Mana Porter: Party no Maryoku wo Subete Kyoukyuu shiteita noni, Yuusha ni Tsuihou saremashita. Maryoku Busoku de Seiken ga Tsukaenai to Asettemo, Member Zenin ga Yuusha wo Mikagitta node Mou Osoi",,《魔力無限》のマナポーター ～パーティの魔力を全て供給していたのに、勇者に追放されました。魔力不足で聖剣が使えないと焦っても、メンバー全員が勇者を見限ったのでもう遅い～,Manga,1163,5.95,2023,https://cdn.myanimelist.net/images/manga/1/316089l.jpg
996,Nougaku Hakase no Isekai Musou: Kinki no Chishiki de Kizuku Monster Musume Harem,Building a Monster Girl Harem with Forbidden Science,農学博士の異世界無双～禁忌の知識で築くモンスター娘ハーレム～,Manga,1963,5.93,2023,https://cdn.myanimelist.net/images/manga/1/308723l.jpg
997,Bishuu Gyakuten Sekai de Chiryoushi Yattemasu,I'm a Healer in the Reversed World of Beauty and Ugliness,美醜逆転世界で治療師やってます,Manga,3815,5.92,2023,https://cdn.myanimelist.net/images/manga/3/303523l.jpg
998,Placebo,Placebo,플라시보,Manhwa,1461,5.9,2023,https://cdn.myanimelist.net/images/manga/2/289180l.jpg
999,"Eroge Sekai ni Tensei shita Ore ga, Oshi e no Ai de Netorare Heroine wo Shiawase ni Suru.",,エロゲ世界に転生した俺が、推しへの愛で寝取られヒロインを幸せにする。,Manga,1013,5.89,2023,https://cdn.myanimelist.net/images/manga/1/328252l.jpg
999,Hikaru to Hikaru,,ひかる to ヒカル,Manga,1429,5.89,2023,https://cdn.myanimelist.net/images/manga/3/286599l.jpg
1001,ONI: Sora to Kaze no Elegy Episode Zero,ONI: Road to be the Mightiest Oni Episode Zero,ONI 空と風の哀歌〈エレジー〉 Episode Zero,Manga,380,5.88,2023,https://cdn.myanimelist.net/images/manga/2/277927l.jpg
1002,Ghoul ga Sekai wo Sukutta Koto wo Watashi dake ga Shitteiru,Only I Know the Ghoul Saved the World,グールが世界を救ったことを私だけが知っている,Manga,1071,5.86,2023,https://cdn.myanimelist.net/images/manga/3/295305l.jpg
1002,Nue no Onmyouji,Nue's Exorcist,鵺の陰陽師,Manga,7894,5.86,2023,https://cdn.myanimelist.net/images/manga/3/289660l.jpg
1004,Shinen no Majutsushi: Hangyakusha toshite Yuuhei sareta Ore wa Fushi no Karada to Saikyou no Chikara wo Te ni Ire Boukensha toshite Nariagaru,Abyss Wizard,深淵の魔術師 ～反逆者として幽閉された俺は不死の体と最強の力を手に入れ冒険者として成り上がる～,Manga,1045,5.85,2023,https://cdn.myanimelist.net/images/manga/2/293628l.jpg
1005,"Bakunyuu-tachi ni Tsuihou Sareta ga Modore to Iwaretemo, Mou Oso...... Modorimashuuu! The Comic",,爆乳たちに追放されたが戻れと言われても、もう遅……戻りましゅぅぅ！ THE COMIC,Manga,2455,5.84,2023,https://cdn.myanimelist.net/images/manga/3/305573l.jpg
1006,Do Not Hold on to the Broken Branch,Do Not Hold on to the Broken Branch,부러진 가지를 잡지 마세요,Manhwa,419,5.83,2023,https://cdn.myanimelist.net/images/manga/1/304088l.jpg
1007,Dorei Senshi no Isekai Taneuma Seikatsu: Mahou mo Bujutsu mo Saikyou da shi Harem made!?,,奴隷戦士の異世界種馬生活～魔法も武術も最強だしハーレムまで!?～,Manga,1430,5.81,2023,https://cdn.myanimelist.net/images/manga/3/313139l.jpg
1008,"""Zako ni wa Kaji ga Oniai da www"" to Iwareta Kaji Level 9999 no Ore, Tsuihou sareta node Boukensha ni Tenshoku suru: Saikyou de Musou shinagara Guild de Tanoshiku Kurashimasu",,「雑魚には鍛冶がお似合いだwww」と言われた鍛冶レベル9999の俺、追放されたので冒険者に転職する ～最強武器で無双しながらギルドで楽しく暮らします～,Manga,1636,5.8,2023,https://cdn.myanimelist.net/images/manga/3/290111l.jpg
1008,Handsome Must Die,Handsome Must Die,ハンサムマストダイ,Manga,925,5.8,2023,https://cdn.myanimelist.net/images/manga/2/294184l.jpg
1010,"Yuusha-sama, Sakuya mo Otanoshimi deshita ne.",,勇者様、昨夜もお楽しみでしたね。,Manga,2787,5.78,2023,https://cdn.myanimelist.net/images/manga/3/302327l.jpg
1011,"Gomi Ika dato Tsuihou sareta Shiyounin, Jitsu wa Zense Kenja desu: Shijou Saikyou no Kenja, Sekai Saikouhou no Gakuen ni Kayou",,ゴミ以下だと追放された使用人、実は前世賢者です ～史上最強の賢者、世界最高峰の学園に通う～,Manga,2260,5.77,2023,https://cdn.myanimelist.net/images/manga/3/310362l.jpg
1012,"Eroge no Sekai de Slow Life: Issho ni Isekai Teni shitekita Yarisaa no Daigakusei-tachi ni Tsuihou sareta node, Henkyou de Muteki ni Natte Shin no Heroine-tachi to Yoroshiku Yarimasu",Slow Life in the World of Eroge,エロゲの世界でスローライフ〜一緒に異世界転移してきたヤリサーの大学生たちに追放されたので、辺境で無敵になって真のヒロインたちとヨロシクやります〜,Manga,1250,5.72,2023,https://cdn.myanimelist.net/images/manga/2/288821l.jpg
1012,Logout shita no wa VRMMO ja Naku Honmono no Isekai deshita: Genjitsu ni Modottemo Status ga Kowareteiru Ken,,ログアウトしたのはVRMMOじゃなく本物の異世界でした ～現実に戻ってもステータスが壊れている件～,Manga,1171,5.72,2023,https://cdn.myanimelist.net/images/manga/2/300981l.jpg
1014,Daredemo Dakeru Kimi ga Suki,I Like You Who Can Have Sex Anyone.,だれでも抱けるキミが好き,Manga,6997,5.65,2023,https://cdn.myanimelist.net/images/manga/1/287912l.jpg
1015,Grimace,,グリマス,Manga,1192,5.57,2023,https://cdn.myanimelist.net/images/manga/3/288726l.jpg
1015,Jiangshi X,,キョンシーX,Manga,2849,5.57,2023,https://cdn.myanimelist.net/images/manga/2/279457l.jpg
1017,Tensei shitara Sainou ga Atta Ken: Isekai Ittemo Doryoku suru,,転生したら才能があった件 ～異世界行っても努力する～,Manga,2496,5.53,2023,https://cdn.myanimelist.net/images/manga/3/287818l.jpg
1018,"Doumo, Yuusha no Chichi desu. Kono Tabi wa Gusoku ga Gomeiwaku wo Kakete, Moushiwake Arimasen.",,どうも、勇者の父です。～この度は愚息がご迷惑を掛けて、申し訳ありません。～,Manga,1830,5.51,2023,https://cdn.myanimelist.net/images/manga/2/283398l.jpg
1019,Akuma wa Rosario ni Kiss wo Suru,The Devil Kisses the Rosary,悪魔はロザリオにキスをする,Manga,2579,5.5,2023,https://cdn.myanimelist.net/images/manga/3/296867l.jpg
1020,"Ochikobore Kenshi, Tsuihou sareta node Majutsushi ni Tenkou suru: Kenshi no Toki wa Gomi Skill Datta ""Zettai Kioku"" wa Majutsushi ni Totte wa Kami Skill deshita",,落ちこぼれ剣士、追放されたので魔術師に転向する ～剣士のときはゴミスキルだった『絶対記憶』は魔術師にとっては神スキルでした～,Manga,763,5.44,2023,https://cdn.myanimelist.net/images/manga/3/300752l.jpg
1021,Ruirui Senki,Shadow Eliminators,累々戦記,Manga,3021,5.43,2023,https://cdn.myanimelist.net/images/manga/3/301178l.jpg
1022,NTRevenge,,NTREVENGE,Manga,4182,5.32,2023,https://cdn.myanimelist.net/images/manga/3/294199l.jpg
1023,Tamarobi In Out,The Soul Spewing Wielder,タマロビ in アウト,Manga,581,5.27,2023,https://cdn.myanimelist.net/images/manga/3/287910l.jpg
1024,GraPara!,,グラぱらっ!,Manga,1520,5.18,2023,https://cdn.myanimelist.net/images/manga/3/293027l.jpg
1025,Ice-Head Gill,Ice-Head Gill,アイスヘッドギル,Manga,2126,5.11,2023,https://cdn.myanimelist.net/images/manga/2/291563l.jpg
1026,Do Retry,Do Retry,ドリトライ,Manga,3026,5.08,2023,https://cdn.myanimelist.net/images/manga/3/287911l.jpg
1027,"Conveni Gotou kara Tasuketa Jimi Tenin ga, Onaji Class no Ubu de Kawaii Gal datta",,コンビニ強盗から助けた地味店員が、同じクラスのうぶで可愛いギャルだった,Manga,4300,5.04,2023,https://cdn.myanimelist.net/images/manga/3/289661l.jpg
