rank,title,title_english,title_japanese,type,members,score,year,image_url
1,Ouran Koukou Host Club,Ouran High School Host Club,桜蘭高校ホスト部,Manga,138078,8.5,2002,https://cdn.myanimelist.net/images/manga/3/267782l.jpg
2,Elfen Lied,Elfen Lied,エルフェンリート,Manga,105791,7.77,2002,https://cdn.myanimelist.net/images/manga/2/253951l.jpg
3,Skip Beat!,Skip Beat!,スキップ・ビート!,Manga,96722,8.55,2002,https://cdn.myanimelist.net/images/manga/2/255389l.jpg
4,Air Gear,Air Gear,エア・ギア,Manga,90001,7.79,2002,https://cdn.myanimelist.net/images/manga/1/167489l.jpg
5,Eyeshield 21,Eyeshield 21,アイシールド21,Manga,83508,8.46,2002,https://cdn.myanimelist.net/images/manga/2/165586l.jpg
6,Shijou Saikyou no Deshi Kenichi,,史上最強の弟子ケンイチ,Manga,74183,8.09,2002,https://cdn.myanimelist.net/images/manga/2/169883l.jpg
7,Akumetsu,,アクメツ,Manga,73629,8.11,2002,https://cdn.myanimelist.net/images/manga/2/183734l.jpg
8,Black Lagoon,Black Lagoon,ブラックラグーン,Manga,63677,8.32,2002,https://cdn.myanimelist.net/images/manga/1/227037l.jpg
9,Bokura ga Ita,We Were There,僕等がいた,Manga,52556,7.96,2002,https://cdn.myanimelist.net/images/manga/2/244302l.jpg
10,Ichigo 100%,Strawberry 100%,いちご100%,Manga,49866,7.75,2002,https://cdn.myanimelist.net/images/manga/2/259714l.jpg
11,Zetman,,ZETMAN,Manga,47663,7.61,2002,https://cdn.myanimelist.net/images/manga/2/188924l.jpg
12,Gakuen Alice,Gakuen Alice,学園アリス,Manga,45871,8.33,2002,https://cdn.myanimelist.net/images/manga/2/269701l.jpg
13,Aria,Aria,ARIA,Manga,45584,8.64,2002,https://cdn.myanimelist.net/images/manga/2/202644l.jpg
14,Genshiken,Genshiken,げんしけん,Manga,45057,8.23,2002,https://cdn.myanimelist.net/images/manga/3/161681l.jpg
15,Rainbow: Nisha Rokubou no Shichinin,,RAINBOW 二舎六房の七人,Manga,43700,8.47,2002,https://cdn.myanimelist.net/images/manga/2/217981l.jpg
16,Subarashii Sekai,What a Wonderful World!,素晴らしい世界,Manga,35252,7.57,2002,https://cdn.myanimelist.net/images/manga/1/147085l.jpg
17,Goth,Goth,GOTH,Manga,34004,7.12,2002,https://cdn.myanimelist.net/images/manga/1/173681l.jpg
18,Junjou Romantica,Junjo Romantica,純情ロマンチカ,Manga,32849,8.11,2002,https://cdn.myanimelist.net/images/manga/5/206960l.jpg
19,Hourou Musuko,Wandering Son,放浪息子,Manga,32393,8.21,2002,https://cdn.myanimelist.net/images/manga/1/208988l.jpg
20,School Rumble,School Rumble,スクールランブル,Manga,31925,8.0,2002,https://cdn.myanimelist.net/images/manga/3/5267l.jpg
21,Gunslinger Girl,Gunslinger Girl,GUNSLINGER GIRL,Manga,29392,8.09,2002,https://cdn.myanimelist.net/images/manga/3/160923l.jpg
22,Zaregoto Series,Zaregoto,戯言シリーズ,Light Novel,28962,8.72,2002,https://cdn.myanimelist.net/images/manga/1/157901l.jpg
23,MeruPuri: Märchen☆Prince,MeruPuri,めるぷり メルヘン☆プリンス,Manga,24955,8.0,2002,https://cdn.myanimelist.net/images/manga/1/160609l.jpg
24,Jisatsu Circle,,自殺サークル,Manga,24244,6.48,2002,https://cdn.myanimelist.net/images/manga/2/128469l.jpg
25,Aishiteruze Baby★★,Aishiteruze Baby,愛してるぜ ベイベ★★,Manga,23610,7.91,2002,https://cdn.myanimelist.net/images/manga/1/166559l.jpg
26,Midori no Hibi,Midori Days,美鳥の日々,Manga,23294,7.78,2002,https://cdn.myanimelist.net/images/manga/2/56681l.jpg
27,Hotarubi no Mori e,,蛍火の杜へ,Manga,22336,8.05,2002,https://cdn.myanimelist.net/images/manga/2/260149l.jpg
28,Life,Life,ライフ,Manga,20838,7.99,2002,https://cdn.myanimelist.net/images/manga/3/127497l.jpg
29,Rozen Maiden,Rozen Maiden,Rozen Maiden,Manga,20585,7.81,2002,https://cdn.myanimelist.net/images/manga/2/271890l.jpg
30,Zombie-Loan,Zombie-Loan,ZOMBIE-LOAN,Manga,19762,7.38,2002,https://cdn.myanimelist.net/images/manga/3/267914l.jpg
31,Pretty Face,Pretty Face,プリティフェイス,Manga,19741,7.58,2002,https://cdn.myanimelist.net/images/manga/1/123699l.jpg
32,Fuan no Tane,,不安の種,Manga,19360,6.86,2002,https://cdn.myanimelist.net/images/manga/1/8840l.jpg
33,Yami no Koe,Voices in the Dark,闇の声,Manga,18559,7.31,2002,https://cdn.myanimelist.net/images/manga/2/234264l.jpg
34,Ibara no Ou,King of Thorn,いばらの王,Manga,18444,7.5,2002,https://cdn.myanimelist.net/images/manga/3/180829l.jpg
35,Bakuon Rettou,,爆音列島,Manga,17681,8.2,2002,https://cdn.myanimelist.net/images/manga/3/173111l.jpg
36,"""Kare"" First Love",Kare First Love,「彼」first love,Manga,17370,7.52,2002,https://cdn.myanimelist.net/images/manga/2/160944l.jpg
37,Love♥Monster,,ラブ♥モンスター,Manga,17089,7.57,2002,https://cdn.myanimelist.net/images/manga/2/112555l.jpg
38,Heads,,ヘッズ,Manga,17010,7.41,2002,https://cdn.myanimelist.net/images/manga/1/266962l.jpg
39,Shigeshoushi,The Embalmer,死化粧師,Manga,16421,8.0,2002,https://cdn.myanimelist.net/images/manga/3/89003l.jpg
40,Blue Heaven,,Blue Heaven,Manga,15866,6.69,2002,https://cdn.myanimelist.net/images/manga/2/264112l.jpg
41,Pastel,Pastel,ぱすてる,Manga,15425,7.54,2002,https://cdn.myanimelist.net/images/manga/1/188952l.jpg
42,Iryuu: Team Medical Dragon,,医龍-Team Medical Dragon-,Manga,14639,8.2,2002,https://cdn.myanimelist.net/images/manga/2/197743l.jpg
43,Mimi no Kaidan,Mimi's Tales of Terror,ミミの怪談,Manga,14265,7.24,2002,https://cdn.myanimelist.net/images/manga/4/25805l.jpg
44,Id,,이드,Manhwa,13765,8.0,2002,https://cdn.myanimelist.net/images/manga/3/317316l.jpg
45,Yakitate!! Japan,Yakitate!! Japan,焼きたて!! ジャぱん,Manga,13543,7.56,2002,https://cdn.myanimelist.net/images/manga/2/329044l.jpg
46,Switch,,switch [ スイッチ ],Manga,13430,7.8,2002,https://cdn.myanimelist.net/images/manga/5/270048l.jpg
47,Kamichama Karin,Kamichama Karin,かみちゃまかりん,Manga,13259,7.53,2002,https://cdn.myanimelist.net/images/manga/2/267789l.jpg
48,Ultra Maniac,Ultra Maniac,ウルトラマニアック,Manga,12289,7.46,2002,https://cdn.myanimelist.net/images/manga/2/123917l.jpg
49,Goong,Goong,궁(宮),Manhwa,11908,7.78,2002,https://cdn.myanimelist.net/images/manga/1/23572l.jpg
50,Pichi Pichi Pitch: Mermaid Melody,Mermaid Melody Pichi Pichi Pitch,ぴちぴちピッチ―マーメイドメロディー,Manga,10481,6.94,2002,https://cdn.myanimelist.net/images/manga/4/335548l.jpg
51,Erementar Gerad,Elemental Gelade,EREMENTAR GERAD,Manga,10089,7.51,2002,https://cdn.myanimelist.net/images/manga/2/260247l.jpg
52,Haou♥Airen,,覇王♥愛人,Manga,10013,6.91,2002,https://cdn.myanimelist.net/images/manga/1/92347l.jpg
53,No Bra,,のーぶら,Manga,9689,6.56,2002,https://cdn.myanimelist.net/images/manga/3/124679l.jpg
54,Seto no Hanayome,My Bride is a Mermaid,瀬戸の花嫁,Manga,9528,7.53,2002,https://cdn.myanimelist.net/images/manga/1/185286l.jpg
55,Beniiro Hero,Crimson Hero,紅色HERO,Manga,9429,7.84,2002,https://cdn.myanimelist.net/images/manga/2/165847l.jpg
56,Ichigo Mashimaro,Strawberry Marshmallow,苺ましまろ,Manga,9290,7.89,2002,https://cdn.myanimelist.net/images/manga/4/156517l.jpg
57,Renai Shijou Shugi,,レンアイ至上主義,Manga,9282,6.85,2002,https://cdn.myanimelist.net/images/manga/2/143905l.jpg
58,Saiyuuki Reload,Saiyuki Reload,最遊記RELOAD,Manga,9266,8.21,2002,https://cdn.myanimelist.net/images/manga/1/172702l.jpg
59,NHK ni Youkoso!,Welcome to the N.H.K.,NHKにようこそ!,Novel,9006,8.35,2002,https://cdn.myanimelist.net/images/manga/1/248549l.jpg
60,●Rec,,●REC,Manga,9001,7.12,2002,https://cdn.myanimelist.net/images/manga/1/188843l.jpg
61,Shakugan no Shana,Shakugan no Shana,灼眼のシャナ,Light Novel,8866,7.9,2002,https://cdn.myanimelist.net/images/manga/3/133565l.jpg
62,Okane ga Nai,No Money!,お金がないっ,Manga,8845,7.08,2002,https://cdn.myanimelist.net/images/manga/2/145339l.jpg
63,Boku wa Imouto ni Koi wo Suru,Secret Sweethearts,僕は妹に恋をする,Manga,8812,6.8,2002,https://cdn.myanimelist.net/images/manga/1/6264l.jpg
64,Princess Princess,Princess Princess,プリンセス・プリンセス,Manga,8586,7.55,2002,https://cdn.myanimelist.net/images/manga/1/186261l.jpg
65,Girls Saurus,Girls Saurus,ガールズザウルス,Manga,8126,6.99,2002,https://cdn.myanimelist.net/images/manga/3/274670l.jpg
66,The Tarot Café,The Tarot Café,타로카페,Manhwa,8063,7.68,2002,https://cdn.myanimelist.net/images/manga/3/283123l.jpg
67,Kurozuka,,KUROZUKA-黒塚-,Manga,8044,6.99,2002,https://cdn.myanimelist.net/images/manga/2/156364l.jpg
68,Higanjima,,彼岸島,Manga,7658,6.44,2002,https://cdn.myanimelist.net/images/manga/3/184564l.jpg
69,Saver,Saver,세이버,Manhwa,7640,7.93,2002,https://cdn.myanimelist.net/images/manga/1/150822l.jpg
70,Dokuhime,,毒姫,Manga,7544,7.54,2002,https://cdn.myanimelist.net/images/manga/1/101201l.jpg
71,Boku no Futatsu no Tsubasa,My Two Wings,ボクのふたつの翼,Manga,7430,6.31,2002,https://cdn.myanimelist.net/images/manga/3/260636l.jpg
72,Black Jack ni Yoroshiku,Give My Regards to Black Jack,ブラックジャックによろしく,Manga,7313,8.02,2002,https://cdn.myanimelist.net/images/manga/2/176844l.jpg
73,Copernicus no Kokyuu,,コペルニクスの呼吸,Manga,7291,7.65,2002,https://cdn.myanimelist.net/images/manga/4/37014l.jpg
74,Hot Blooded Woman,,열혈여아,Manhwa,7246,7.69,2002,https://cdn.myanimelist.net/images/manga/3/261212l.jpg
75,Sono Yubi dake ga Shitteiru,Only the Ring Finger Knows,その指だけが知っている,Manga,7202,7.88,2002,https://cdn.myanimelist.net/images/manga/1/251373l.jpg
76,Kono Yo no Owari e no Tabi,,この世の終りへの旅,Manga,7069,7.23,2002,https://cdn.myanimelist.net/images/manga/3/31600l.jpg
77,Get Love!!: Field no Ouji-sama,,GET LOVE!! ～フィールドの王子さま～,Manga,7002,7.61,2002,https://cdn.myanimelist.net/images/manga/3/174198l.jpg
78,Cross Over,,CROSS OVER,Manga,6870,7.1,2002,https://cdn.myanimelist.net/images/manga/3/56635l.jpg
79,Gachagacha,Gacha Gacha,ガチャガチャ,Manga,6862,7.2,2002,https://cdn.myanimelist.net/images/manga/1/143255l.jpg
80,Kamisama no Iutoori,,神様の言うとおり,Manga,6735,7.33,2002,https://cdn.myanimelist.net/images/manga/1/150338l.jpg
81,Dawn: Tsumetai Te,,DAWN ～冷たい手,Manga,6676,7.0,2002,https://cdn.myanimelist.net/images/manga/3/150345l.jpg
82,Girls Saurus DX,,ガールズザウルスDX,Manga,6620,7.2,2002,https://cdn.myanimelist.net/images/manga/2/274669l.jpg
83,Mamotte! Lollipop,Mamotte! Lollipop,まもって! ロリポップ,Manga,6533,7.26,2002,https://cdn.myanimelist.net/images/manga/2/11448l.jpg
84,Watashi no Messiah-sama,,私の救世主さま,Manga,6375,7.63,2002,https://cdn.myanimelist.net/images/manga/3/11109l.jpg
85,Love Roma,Love Roma,ラブロマ,Manga,6176,7.54,2002,https://cdn.myanimelist.net/images/manga/2/138067l.jpg
86,Yorugata Aijin Senmonten Blood Hound DX,,夜型愛人専門店−ブラッドハウンド−DX,Manga,6125,6.79,2002,https://cdn.myanimelist.net/images/manga/1/186858l.jpg
87,"Asa mo, Hiru mo, Yoru mo.",,朝も、昼も、夜も。,Manga,5992,6.83,2002,https://cdn.myanimelist.net/images/manga/2/130557l.jpg
88,Saint Seiya Episode G,,聖闘士星矢EPISODE.G,Manga,5948,7.3,2002,https://cdn.myanimelist.net/images/manga/3/163118l.jpg
89,Pumpkin Scissors,Pumpkin Scissors,パンプキン シザーズ,Manga,5881,7.7,2002,https://cdn.myanimelist.net/images/manga/3/55387l.jpg
90,Peace Maker Kurogane,Peacemaker Kurogane,PEACE MAKER 鐵,Manga,5862,7.7,2002,https://cdn.myanimelist.net/images/manga/2/183478l.jpg
91,Bijo ga Yajuu,Beauty Is the Beast,美女が野獣,Manga,5712,7.27,2002,https://cdn.myanimelist.net/images/manga/1/201071l.jpg
92,Nagatachou Strawberry,,永田町ストロベリィ,Manga,5517,7.44,2002,https://cdn.myanimelist.net/images/manga/3/20904l.jpg
93,Kanojo-tachi no X-Day,X-Day,彼女たちのエクス・デイ,Manga,5201,7.52,2002,https://cdn.myanimelist.net/images/manga/1/252616l.jpg
94,Yubisaki Milk Tea,Yubisaki Milk Tea,ゆびさきミルクティー,Manga,4723,7.06,2002,https://cdn.myanimelist.net/images/manga/2/173786l.jpg
95,Densetsu no Yuusha no Densetsu,,伝説の勇者の伝説,Light Novel,4630,7.83,2002,https://cdn.myanimelist.net/images/manga/2/35043l.jpg
96,Devil May Cry,Devil May Cry,デビル メイ クライ,Light Novel,4563,7.54,2002,https://cdn.myanimelist.net/images/manga/3/162028l.jpg
97,Hells Angels,,HELLS ANGELS,Manga,4470,6.85,2002,https://cdn.myanimelist.net/images/manga/3/74619l.jpg
98,Metroid,,メトロイド,Manga,4419,6.92,2002,https://cdn.myanimelist.net/images/manga/2/153968l.jpg
99,.hack//AI Buster,.hack//AI buster,.hack//AI buster,Light Novel,4388,7.9,2002,https://cdn.myanimelist.net/images/manga/1/126051l.jpg
100,You're So Cool,You're So Cool,넌 너무 멋져,Manhwa,4378,7.76,2002,https://cdn.myanimelist.net/images/manga/1/263926l.jpg
101,Oingo to Boingo Kyoudai Daibouken,,オインゴとボインゴ兄弟大冒険,Manga,4368,6.17,2002,https://cdn.myanimelist.net/images/manga/1/131129l.jpg
102,Dear,,dear,Manga,4352,7.64,2002,https://cdn.myanimelist.net/images/manga/3/14833l.jpg
103,Kore ga Watashi no Goshujinsama,He is My Master,これが私の御主人様,Manga,4284,6.49,2002,https://cdn.myanimelist.net/images/manga/3/56039l.jpg
104,Kiss Me Princess,Boy Princess,Kiss me 프린세스,Manhwa,4230,7.38,2002,https://cdn.myanimelist.net/images/manga/4/3653l.jpg
105,Tetsuwan Birdy,Birdy The Mighty,鉄腕バーディー,Manga,4203,7.39,2002,https://cdn.myanimelist.net/images/manga/3/179604l.jpg
106,Sketchbook,,スケッチブック,Manga,4103,7.64,2002,https://cdn.myanimelist.net/images/manga/1/178767l.jpg
107,Rin!,Rin!,凛！,Manga,4048,7.56,2002,https://cdn.myanimelist.net/images/manga/3/336294l.jpg
108,Dead Heads,,デッド・ヘッズ,One-shot,4019,6.1,2002,https://cdn.myanimelist.net/images/manga/2/57209l.jpg
109,Mou Hitotsu no Monster: The Investigative Report,,もうひとつのMONSTER -The investigative report-,Light Novel,3935,7.66,2002,https://cdn.myanimelist.net/images/manga/3/14776l.jpg
110,Koi wa Ina Mono Myouna Mono,Mysterious Love,恋は異なもの妙なもの,Manga,3933,7.35,2002,https://cdn.myanimelist.net/images/manga/2/282522l.jpg
111,Magical x Miracle,Magical x Miracle,Magical×Miracle,Manga,3899,7.69,2002,https://cdn.myanimelist.net/images/manga/3/172711l.jpg
112,"Naruto: Shiro no Douji, Keppu no Kijin","Naruto: Innocent Heart, Demonic Blood",NARUTO -白の童子、血風の鬼人-,Light Novel,3850,7.48,2002,https://cdn.myanimelist.net/images/manga/3/261705l.jpg
113,Princess Tutu,Princess Tutu,プリンセスチュチュ,Manga,3848,6.03,2002,https://cdn.myanimelist.net/images/manga/1/211192l.jpg
114,Little Forest,Little Forest,リトル・フォレスト,Manga,3835,7.06,2002,https://cdn.myanimelist.net/images/manga/2/251904l.jpg
115,Take Moon,,TYPE-MOON作品集・TAKE MOON,Manga,3812,7.49,2002,https://cdn.myanimelist.net/images/manga/4/324761l.jpg
116,Kyou no 5 no 2,,今日の5の2,Manga,3744,7.09,2002,https://cdn.myanimelist.net/images/manga/3/1828l.jpg
117,First Girl,First Girl,ファースト・ガール,Manga,3703,7.22,2002,https://cdn.myanimelist.net/images/manga/2/40473l.jpg
118,Heureka,Eureka,ヘウレーカ,Manga,3640,6.84,2002,https://cdn.myanimelist.net/images/manga/3/224488l.jpg
119,Boukenou Beet,Beet the Vandel Buster,冒険王ビィト,Manga,3542,7.17,2002,https://cdn.myanimelist.net/images/manga/2/169816l.jpg
120,Dakishimetakunai,,,Manga,3538,7.15,2002,https://cdn.myanimelist.net/images/manga/3/1929l.jpg
121,Zelda no Densetsu: Kaze no Tact - Link no 4-koma Koukaiki,,ゼルダの伝説 風のタクト リンクの4コマ航海記,Manga,3529,7.45,2002,https://cdn.myanimelist.net/images/manga/1/95641l.jpg
122,Kowarekake no Omocha,,壊れかけのオモチャ,Manga,3485,6.76,2002,https://cdn.myanimelist.net/images/manga/1/26903l.jpg
123,Rules,Rules,ルールズ,Manga,3457,7.96,2002,https://cdn.myanimelist.net/images/manga/2/278228l.jpg
124,Mahoutsukai ni Taisetsu na Koto,Someday's Dreamers,魔法遣いに大切なこと,Manga,3411,7.01,2002,https://cdn.myanimelist.net/images/manga/1/175873l.jpg
125,Hajime,,はじめ,Manga,3364,6.86,2002,https://cdn.myanimelist.net/images/manga/1/260793l.jpg
126,Ohikkoshi,Ohikkoshi,竹易てあし漫画全集 おひっこし,Manga,3359,6.76,2002,https://cdn.myanimelist.net/images/manga/1/141073l.jpg
127,Kaze no Stigma,,風の聖痕〈スティグマ〉,Light Novel,3348,7.52,2002,https://cdn.myanimelist.net/images/manga/1/174147l.jpg
128,Nine Puzzle,,ナインパズル,Manga,3319,7.12,2002,https://cdn.myanimelist.net/images/manga/4/109281l.jpg
128,Zero x Zero Memories,,0×0メモリーズ,Manga,3319,6.61,2002,https://cdn.myanimelist.net/images/manga/3/143881l.jpg
130,Akai Kiba,,赤い牙,Doujinshi,3293,5.4,2002,https://cdn.myanimelist.net/images/manga/1/272717l.jpg
131,Mujuuryoku Shounen,,無重力少年,Manga,3280,7.59,2002,https://cdn.myanimelist.net/images/manga/5/2106l.jpg
132,Otogi Matsuri,Otogi Matsuri: Dark Offering,おとぎ奉り,Manga,3260,7.33,2002,https://cdn.myanimelist.net/images/manga/4/339550l.jpg
133,G-senjou no Neko,Il gatto sul G,G線上の猫,Manga,3245,7.46,2002,https://cdn.myanimelist.net/images/manga/1/186454l.jpg
134,Dramatic Love Album,,禁忌果实～红色之名,One-shot,3244,6.97,2002,https://cdn.myanimelist.net/images/manga/2/16780l.jpg
135,Birthday Presents,,バースデイ・プレゼンツ,One-shot,3240,7.02,2002,https://cdn.myanimelist.net/images/manga/1/4495l.jpg
136,Dice,,ダイス,Manga,3239,7.24,2002,https://cdn.myanimelist.net/images/manga/1/276430l.jpg
137,Alien 9: Emulators,Alien Nine: Emulators,エイリアン9 －エミュレイターズ－,Manga,3208,6.24,2002,https://cdn.myanimelist.net/images/manga/1/143949l.jpg
137,Tsuki no Toiki Ai no Kizu,Tail of the Moon: The Other Hanzo(u),月の吐息愛の傷,Manga,3208,7.55,2002,https://cdn.myanimelist.net/images/manga/3/10208l.jpg
139,Baron: Neko no Danshaku,Baron: The Cat Returns,バロン・猫の男爵,Manga,3109,7.43,2002,https://cdn.myanimelist.net/images/manga/1/270958l.jpg
140,Gekka no Kimi,,月下の君,Manga,3100,7.07,2002,https://cdn.myanimelist.net/images/manga/2/1548l.jpg
141,Crossroad,Crossroad,crossroad,Manga,3079,7.5,2002,https://cdn.myanimelist.net/images/manga/2/170617l.jpg
142,Remote,.remote.,リモート,Manga,2992,6.85,2002,https://cdn.myanimelist.net/images/manga/1/56465l.jpg
143,Vampire Doll: Guilt-na-Zan,Vampire Doll: Guilt-na-Zan,バンパイアド－ル・ギルナザン,Manga,2893,7.3,2002,https://cdn.myanimelist.net/images/manga/3/156528l.jpg
144,Shinju no Kusari,,真珠の鎖,Manga,2891,6.83,2002,https://cdn.myanimelist.net/images/manga/2/144313l.jpg
145,Oujisama☆Game,,王子様☆ゲーム,Manga,2867,7.21,2002,https://cdn.myanimelist.net/images/manga/1/186450l.jpg
146,Rose Hip Rose,Rose Hip Rose,Rose Hip Rose,Manga,2853,6.8,2002,https://cdn.myanimelist.net/images/manga/1/177185l.jpg
147,Enchanter,Enchanter,機工魔術士－enchanter－,Manga,2730,7.42,2002,https://cdn.myanimelist.net/images/manga/1/204027l.jpg
148,Futago,,FUTAGO―ふたご―,Manga,2723,7.62,2002,https://cdn.myanimelist.net/images/manga/2/24741l.jpg
149,Tennen Pearl Pink,Pearl Pink,天然パールピンク,Manga,2677,7.43,2002,https://cdn.myanimelist.net/images/manga/5/1538l.jpg
150,Yami no Hou e,Into Darkness,闇の方へ,One-shot,2654,6.17,2002,https://cdn.myanimelist.net/images/manga/1/22370l.jpg
151,Grenadier,Grenadier,グレネーダー,Manga,2615,6.95,2002,https://cdn.myanimelist.net/images/manga/2/180652l.jpg
152,Aisubeki Musumetachi,All My Darling Daughters,愛すべき娘たち,Manga,2569,7.2,2002,https://cdn.myanimelist.net/images/manga/3/210673l.jpg
153,Watashi no Koibito,My Lover,私の恋人,Manga,2548,6.95,2002,https://cdn.myanimelist.net/images/manga/4/343826l.jpg
154,Kekkon Shiyou yo,Let's Get Married!,結婚しようよ,Manga,2536,7.32,2002,https://cdn.myanimelist.net/images/manga/1/17075l.jpg
155,Lock Out!,,LOCK OUT!,One-shot,2525,6.9,2002,https://cdn.myanimelist.net/images/manga/2/17976l.jpg
156,Othello,Othello,othello,Manga,2521,6.98,2002,https://cdn.myanimelist.net/images/manga/3/152307l.jpg
157,Sakura Taisen,Sakura Wars,サクラ大戦,Manga,2518,7.02,2002,https://cdn.myanimelist.net/images/manga/2/301286l.jpg
158,Fight no Akatsuki,,ふぁいとの暁,Manga,2510,7.26,2002,https://cdn.myanimelist.net/images/manga/3/186359l.jpg
159,Sonnan ja Nee yo,It's Not Like That,そんなんじゃねえよ,Manga,2452,7.23,2002,https://cdn.myanimelist.net/images/manga/2/263646l.jpg
160,Matantei Loki Ragnarok,The Mythical Detective Loki Ragnarok,魔探偵ロキRAGNAROK,Manga,2433,7.3,2002,https://cdn.myanimelist.net/images/manga/2/38409l.jpg
161,Getter Robo Āḥ,Getter Robo Āḥ,ゲッターロボ アーク,Manga,2428,7.57,2002,https://cdn.myanimelist.net/images/manga/2/22320l.jpg
162,Baki Tokubetsu-hen Saga,,バキ特別編SAGA,Manga,2413,6.37,2002,https://cdn.myanimelist.net/images/manga/1/126055l.jpg
163,Meganegoshi no Sora wa...,The Sky Over My Spectacles,眼鏡越しの空は…,Manga,2397,7.1,2002,https://cdn.myanimelist.net/images/manga/2/335648l.jpg
164,Kohitsuji Hokaku Keikaku!,,仔羊捕獲ケーカク!,Manga,2388,7.05,2002,https://cdn.myanimelist.net/images/manga/2/323322l.jpg
164,Vanilla Ice,,바닐라 아이스,Manhwa,2388,7.38,2002,https://cdn.myanimelist.net/images/manga/3/319456l.jpg
166,R.O.D: Read or Dream,Read or Dream,R.O.D -READ OR DREAM-,Manga,2371,7.35,2002,https://cdn.myanimelist.net/images/manga/2/178270l.jpg
167,Gensou Suikoden III: Unmei no Keishousha,Suikoden III: The Successor of Fate,幻想水滸伝 III 運命の継承者,Manga,2364,7.74,2002,https://cdn.myanimelist.net/images/manga/2/180633l.jpg
168,Dounika Naru Hibi,,どうにかなる日々,Manga,2356,6.41,2002,https://cdn.myanimelist.net/images/manga/2/65859l.jpg
169,Old Home no Haibane-tachi: Bangai-hen,The Haibane of Old Home: Extra Edition,オールドホームの灰羽達 番外編,Doujinshi,2336,6.82,2002,https://cdn.myanimelist.net/images/manga/1/67455l.jpg
170,Akuma Jiten,,悪魔事典,Manga,2327,6.74,2002,https://cdn.myanimelist.net/images/manga/1/69915l.jpg
171,Perfect Partner,Perfect Partner,パーフェクト・パートナー,Manga,2291,6.53,2002,https://cdn.myanimelist.net/images/manga/3/154497l.jpg
172,Good Luck,Good Luck,Good Luck,Manhwa,2269,6.86,2002,https://cdn.myanimelist.net/images/manga/3/152319l.jpg
173,Lovers and Souls,Lovers and Souls; Vanity,ラバーズ、ソウルズ,Manga,2264,7.69,2002,https://cdn.myanimelist.net/images/manga/2/26132l.jpg
174,Full House,Full House,풀하우스,Manhwa,2261,7.31,2002,https://cdn.myanimelist.net/images/manga/4/30130l.jpg
175,Accelerando,,アッチェレランド,Manga,2256,6.96,2002,https://cdn.myanimelist.net/images/manga/1/181813l.jpg
176,Karasuma Kyouko no Jikenbo,Kyoko Karasuma the detective of Asakusa police department.,烏丸響子の事件簿,Manga,2248,7.24,2002,https://cdn.myanimelist.net/images/manga/1/168516l.jpg
177,Butterfly,Butterfly,バタフライ,Manga,2212,6.85,2002,https://cdn.myanimelist.net/images/manga/2/177631l.jpg
177,Spiral Alive,Spiral Alive,スパイラル・アライヴ,Manga,2212,7.29,2002,https://cdn.myanimelist.net/images/manga/3/4757l.jpg
179,Na mo Naki Tori no Tobu Yoake,Innocent Bird,名も無き鳥の飛ぶ夜明け,Manga,2209,7.57,2002,https://cdn.myanimelist.net/images/manga/2/286041l.jpg
180,Shin☆Daa! Daa! Daa!,,新☆だぁ!だぁ!だぁ!,Manga,2204,7.33,2002,https://cdn.myanimelist.net/images/manga/3/41440l.jpg
181,Himitsu - H na Naishobanashi,,秘密～Ｈなナイショ話～,Manga,2170,6.04,2002,https://cdn.myanimelist.net/images/manga/5/17064l.jpg
182,Category:Freaks,Category: Freaks,カテゴリ：フリークス,Manga,2169,7.14,2002,https://cdn.myanimelist.net/images/manga/3/155801l.jpg
183,Shikeishuu 042,,死刑囚042,Manga,2167,7.54,2002,https://cdn.myanimelist.net/images/manga/1/48487l.jpg
184,"Kinku: Don't Say ""I Love You""",,"禁句 Don't say ""I love you""",Manga,2147,6.34,2002,https://cdn.myanimelist.net/images/manga/2/348745l.jpg
185,Taisougi,,大葬儀,Manga,2145,6.31,2002,https://cdn.myanimelist.net/images/manga/2/62277l.jpg
186,Girl Queen,Little Queen,소녀왕,Manhwa,2138,7.2,2002,https://cdn.myanimelist.net/images/manga/1/189817l.jpg
187,Kidou Senshi Gundam SEED,Mobile Suit Gundam SEED,機動戦士ガンダムSEED,Manga,2130,6.72,2002,https://cdn.myanimelist.net/images/manga/1/306872l.jpg
188,Chocolat,Chocolat,쇼콜라,Manhwa,2129,7.17,2002,https://cdn.myanimelist.net/images/manga/1/139297l.jpg
189,Kaze no Yukue,Future Lovers,風の行方,Manga,2097,7.61,2002,https://cdn.myanimelist.net/images/manga/2/194988l.jpg
190,Otogi no Machi no Rena,,おとぎのまちのれな,Manga,2094,6.38,2002,https://cdn.myanimelist.net/images/manga/1/159393l.jpg
191,Death Face,,デスフェイス,Manga,2076,5.4,2002,https://cdn.myanimelist.net/images/manga/1/16763l.jpg
192,Benkyou Shinasai!,Study Hard!,勉強しなさい!,Manga,2063,6.21,2002,https://cdn.myanimelist.net/images/manga/3/298126l.jpg
193,Angel/Dust Neo,,ANGEL/DUST neo,Manga,2034,6.1,2002,https://cdn.myanimelist.net/images/manga/3/179774l.jpg
194,Kidou Senshi Crossbone Gundam: Skull Heart,Mobile Suit Crossbone Gundam: Skull Heart,機動戦士クロスボーン・ガンダム スカルハート,Manga,2021,6.97,2002,https://cdn.myanimelist.net/images/manga/4/111839l.jpg
195,Working!! Web-ban,,WEB版 WORKING!!,Manga,1986,7.23,2002,https://cdn.myanimelist.net/images/manga/3/188977l.jpg
196,Hitsuji no Namida,Tears of a Lamb,ひつじの涙,Manga,1948,7.44,2002,https://cdn.myanimelist.net/images/manga/3/270180l.jpg
197,Qwan,Qwan,怪・力・乱・神クワン,Manga,1917,7.06,2002,https://cdn.myanimelist.net/images/manga/1/258219l.jpg
198,Hyakuman Tsubu no Namida,Million Tears,ひゃくまんつぶの涙,Manga,1911,7.18,2002,https://cdn.myanimelist.net/images/manga/1/144065l.jpg
199,Murikuri,Murikuri,むりくり,One-shot,1897,6.11,2002,https://cdn.myanimelist.net/images/manga/2/27395l.jpg
200,Blood Alone: Kiss in the Moonlight,,BLOOD ALONE Kiss In The Moonlight,Doujinshi,1895,7.01,2002,https://cdn.myanimelist.net/images/manga/3/6773l.jpg
201,Kokoro ni Hana wo!,,ココロに花を!!,Manga,1886,7.58,2002,https://cdn.myanimelist.net/images/manga/2/262975l.jpg
201,Yubikiri,,ユビキリ,Manga,1886,7.08,2002,https://cdn.myanimelist.net/images/manga/3/104455l.jpg
203,Spas-Pa,,すぱすぱ,Manga,1876,6.94,2002,https://cdn.myanimelist.net/images/manga/5/37674l.jpg
204,Soshite Hibi Koishiteku.,,そして日々恋してく。,One-shot,1875,6.68,2002,https://cdn.myanimelist.net/images/manga/2/205l.jpg
205,Ultra Red,,Ultra Red [ウルトラレッド],Manga,1843,7.14,2002,https://cdn.myanimelist.net/images/manga/1/340811l.jpg
206,Aniki Joutou,,兄貴上等,Manga,1828,6.74,2002,https://cdn.myanimelist.net/images/manga/1/275420l.jpg
207,Digimon Tamers,Digimon Tamers,數碼暴龍 03 馴獸師之王,Manhua,1822,7.08,2002,https://cdn.myanimelist.net/images/manga/3/272828l.jpg
208,Aishichattano,Chocolate Surprise,あいしちゃったの,Manga,1819,6.57,2002,https://cdn.myanimelist.net/images/manga/2/2271l.jpg
209,Eyeshield 21,,アイシールド21,Manga,1807,7.29,2002,https://cdn.myanimelist.net/images/manga/2/165452l.jpg
210,Adidas Manga Fever,,アディダス マンガフィーバー,Manga,1798,5.82,2002,https://cdn.myanimelist.net/images/manga/2/126553l.jpg
211,Real/Fake Princess,Real/Fake Princess,,Manhua,1793,7.35,2002,https://cdn.myanimelist.net/images/manga/3/1394l.jpg
212,Guuzen ka Unmei ka,,偶然か 運命か,Manga,1770,7.02,2002,https://cdn.myanimelist.net/images/manga/3/181407l.jpg
213,Last Client,,ラストクライアント,Manga,1710,7.17,2002,https://cdn.myanimelist.net/images/manga/2/272086l.jpg
214,Desert Coral,Desert Coral,デザート・コーラル,Manga,1707,6.66,2002,https://cdn.myanimelist.net/images/manga/3/105689l.jpg
215,Gerard & Jacques,Gerard & Jacques,ジェラールとジャック,Manga,1698,7.47,2002,https://cdn.myanimelist.net/images/manga/3/271263l.jpg
216,Bring it on!,Bring it on!,건강합니다!,Manhwa,1687,7.21,2002,https://cdn.myanimelist.net/images/manga/4/30260l.jpg
216,Kantoku Fuyuki Todoki,Insufficient Direction,監督不行届,Manga,1687,6.73,2002,https://cdn.myanimelist.net/images/manga/3/286581l.jpg
218,Ryuuguuden,Castle of the Dragon,龍宮殿,Manga,1686,7.16,2002,https://cdn.myanimelist.net/images/manga/5/13658l.jpg
219,Ray,Ray,レイ,Manga,1679,6.95,2002,https://cdn.myanimelist.net/images/manga/5/260562l.jpg
220,Sora Tobi Tamashii,,五十嵐大介作品集 そらトびタマシイ,Manga,1678,6.86,2002,https://cdn.myanimelist.net/images/manga/1/103859l.jpg
221,Cynical Orange,Cynical Orange,시니컬 오렌지,Manhwa,1669,7.11,2002,https://cdn.myanimelist.net/images/manga/5/261787l.jpg
222,Aido,,愛い奴,Manga,1662,6.06,2002,https://cdn.myanimelist.net/images/manga/2/28331l.jpg
223,Shoujo Material,Shoujo Material,少女マテリアル,Manga,1658,6.94,2002,https://cdn.myanimelist.net/images/manga/3/48051l.jpg
224,Kidou Senshi Gundam SEED: Astray,Mobile Suit Gundam SEED: Astray,機動戦士ガンダムSEED ASTRAY,Manga,1620,7.2,2002,https://cdn.myanimelist.net/images/manga/1/126203l.jpg
225,Pheromomania Syndrome,,女子妄想症候群〈フェロモマニアシンドローム〉,Manga,1604,7.28,2002,https://cdn.myanimelist.net/images/manga/1/271379l.jpg
226,Haneikyuu Happy End,,半永久ハッピーエンド,One-shot,1589,6.7,2002,https://cdn.myanimelist.net/images/manga/3/28657l.jpg
227,Pet,,ペット,Manga,1575,6.86,2002,https://cdn.myanimelist.net/images/manga/2/155140l.jpg
228,Renai Semi,,恋愛ゼミ,Manga,1571,7.06,2002,https://cdn.myanimelist.net/images/manga/1/16423l.jpg
229,Barbara Ikai,Otherworld Barbara,バルバラ異界,Manga,1552,7.44,2002,https://cdn.myanimelist.net/images/manga/2/166304l.jpg
230,"Bye-Bye, Little.",,バイバイ、リトル。,Manga,1545,6.92,2002,https://cdn.myanimelist.net/images/manga/3/343791l.jpg
231,Nouka Suitai no Kikairon-teki Sekaikan ni Kansuru Ikkousatsu,,脳下垂体の機械論的世界観に関する一考察,One-shot,1543,5.33,2002,https://cdn.myanimelist.net/images/manga/3/18278l.jpg
232,Scrapped Princess,Scrapped Princess,スクラップド・プリンセス,Manga,1540,6.55,2002,https://cdn.myanimelist.net/images/manga/1/114613l.jpg
233,Ordinary±,,オーディナリー±,Manga,1528,6.11,2002,https://cdn.myanimelist.net/images/manga/1/14198l.jpg
234,Daihakken,,大発見,Manga,1512,7.17,2002,https://cdn.myanimelist.net/images/manga/1/82442l.jpg
235,Hanafuda,Hanafuda,華札,Manga,1446,6.8,2002,https://cdn.myanimelist.net/images/manga/2/1088l.jpg
236,Baby Leaf,,ベイビーリーフ,Manga,1440,6.66,2002,https://cdn.myanimelist.net/images/manga/1/149841l.jpg
237,Soul Gadget Radiant,,SOUL GADGET RADIANT,Manga,1438,7.07,2002,https://cdn.myanimelist.net/images/manga/1/164986l.jpg
238,Petit Roid 3,,Petit-ろいど 3,Manga,1414,7.27,2002,https://cdn.myanimelist.net/images/manga/3/48019l.jpg
239,Zig☆Zag Don,,ジグ☆ザグ丼,Manga,1390,6.81,2002,https://cdn.myanimelist.net/images/manga/1/78631l.jpg
240,Steady Study,,ステディースタディ,Manga,1386,6.97,2002,https://cdn.myanimelist.net/images/manga/1/154648l.jpg
241,Pink no Idenshi,,Pinkの遺伝子,Manga,1376,6.72,2002,https://cdn.myanimelist.net/images/manga/3/196141l.jpg
242,Utopia of Homosexuality,,동성이상향,Manhwa,1373,6.99,2002,https://cdn.myanimelist.net/images/manga/2/164418l.jpg
243,Gamerz Heaven!,Gamerz Heaven,ゲーマーズヘブン!,Manga,1363,6.51,2002,https://cdn.myanimelist.net/images/manga/1/10967l.jpg
244,Doukyuusei H kara Hajimaru Koi,,同級生 Hから始まる恋,Manga,1352,6.51,2002,https://cdn.myanimelist.net/images/manga/2/7761l.jpg
245,Yuuwaku: Sakaraenai Yokubou,,誘惑 ～逆らえない欲望～,Manga,1347,6.44,2002,https://cdn.myanimelist.net/images/manga/1/11754l.jpg
246,Chocolate Surprise,,ミックス・ミックス・チョコレート; あいしちゃったの,Manga,1337,6.78,2002,https://cdn.myanimelist.net/images/manga/3/31446l.jpg
247,2-shuukan no Aventure,,2週間のアバンチュール,Manga,1335,6.41,2002,https://cdn.myanimelist.net/images/manga/2/180176l.jpg
248,Hana,,花,Manga,1306,6.32,2002,https://cdn.myanimelist.net/images/manga/2/48793l.jpg
248,Shounen Shoujo Romance,,少年少女ロマンス,Manga,1306,6.11,2002,https://cdn.myanimelist.net/images/manga/5/200574l.jpg
250,S to M no Sekai,The World Exists for Me,S と M の世界,Manga,1303,6.22,2002,https://cdn.myanimelist.net/images/manga/3/342079l.jpg
251,Senpai Amasugiru H,,先輩 甘すぎるH,Manga,1275,6.16,2002,https://cdn.myanimelist.net/images/manga/3/5452l.jpg
252,Gravitation: Voice of Temptation,Gravitation: Voice of Temptation,小説 グラビテーション ～voice the temptation～,Light Novel,1272,7.27,2002,https://cdn.myanimelist.net/images/manga/1/287921l.jpg
253,Ten no Taka,Sky Hawk,天の鷹,Manga,1249,7.07,2002,https://cdn.myanimelist.net/images/manga/2/164366l.jpg
254,Samurai Baby,Samurai Baby,サムライ ベイビー,Manga,1243,6.94,2002,https://cdn.myanimelist.net/images/manga/2/17060l.jpg
255,Meisou Kuiki,,迷想区閾,Manga,1228,6.88,2002,https://cdn.myanimelist.net/images/manga/2/157495l.jpg
256,Chekera!,,チェケラ！,One-shot,1227,6.21,2002,https://cdn.myanimelist.net/images/manga/1/15088l.jpg
257,Sono Hakui wo Nuide,,その白衣を脱いで,Manga,1225,6.43,2002,https://cdn.myanimelist.net/images/manga/5/25969l.jpg
258,Kimi no Kakera,,きみのカケラ,Manga,1224,7.27,2002,https://cdn.myanimelist.net/images/manga/2/145011l.jpg
258,Warau Kangofu,,淫笑う看護婦,Manga,1224,6.98,2002,https://cdn.myanimelist.net/images/manga/3/173034l.jpg
260,Girl's Only: Manga Carmilla,,GIRL'S ONLY まんがカーミラ,Manga,1218,6.48,2002,https://cdn.myanimelist.net/images/manga/1/344428l.jpg
261,Mizutama Fabric,,水玉ファブリック,Manga,1216,6.97,2002,https://cdn.myanimelist.net/images/manga/2/5345l.jpg
262,Neck and Neck,Neck and Neck,막상막하,Manhwa,1215,7.33,2002,https://cdn.myanimelist.net/images/manga/1/264961l.jpg
263,Tenshi no Hane to Akuma no Shippo,,てんしのはねとアクマのシッポ,Manga,1214,6.79,2002,https://cdn.myanimelist.net/images/manga/2/7882l.jpg
264,Replay,,리플레이,Manhwa,1204,7.19,2002,https://cdn.myanimelist.net/images/manga/1/263928l.jpg
265,11th Cat,11th Cat,열한번째 고양이,Manhwa,1203,6.15,2002,https://cdn.myanimelist.net/images/manga/5/30204l.jpg
266,Toriko: Aigan Shoujo,,囚〜愛玩少女,Manga,1162,6.33,2002,https://cdn.myanimelist.net/images/manga/1/36498l.jpg
267,Dogs dj - M.M.M. Works Annex feat. Bado Nails,,m.m.m.works annex feat.BADO NAILS,Doujinshi,1159,6.85,2002,https://cdn.myanimelist.net/images/manga/2/20782l.jpg
268,Ane to Otouto to,Sister & Brother,姉と弟と,Manga,1157,6.53,2002,https://cdn.myanimelist.net/images/manga/2/161698l.jpg
269,"Sensei, Oshiete Ageru",,先生、教えてあげる,Manga,1141,6.54,2002,https://cdn.myanimelist.net/images/manga/2/20634l.jpg
270,Pretty Scoop!,,プリティ・スクープ!,Manga,1140,6.93,2002,https://cdn.myanimelist.net/images/manga/1/269077l.jpg
271,Citrus Eyes,,シトラス・アイズ,Manga,1122,6.32,2002,https://cdn.myanimelist.net/images/manga/3/171475l.jpg
272,Nanako-san-teki na Nichijou RE,,菜々子さん的な日常RE,Manga,1121,6.55,2002,https://cdn.myanimelist.net/images/manga/3/70261l.jpg
273,Saint Seiya: Gigantomachia,,聖闘士星矢 GIGANTOMACHIA,Light Novel,1119,7.13,2002,https://cdn.myanimelist.net/images/manga/1/268070l.jpg
274,Ane-san Countdown!,,姐さんカウントダウン!,Manga,1116,7.21,2002,https://cdn.myanimelist.net/images/manga/1/73289l.jpg
275,Kanon,,カノン,Manga,1109,6.85,2002,https://cdn.myanimelist.net/images/manga/1/102217l.jpg
276,"Kuro no Taiyou, Gin no Tsuki",Black Sun Silver Moon,黒の太陽 銀の月,Manga,1108,7.43,2002,https://cdn.myanimelist.net/images/manga/1/5112l.jpg
277,Kanon & Air: Sky,,Kanon & AIR スカイ,Manga,1104,6.68,2002,https://cdn.myanimelist.net/images/manga/1/4819l.jpg
278,Lagoon Engine,Lagoon Engine,ラグーンエンジン,Manga,1101,6.92,2002,https://cdn.myanimelist.net/images/manga/2/179821l.jpg
279,Milk Shell,,ミルクシェル,Manga,1096,6.0,2002,https://cdn.myanimelist.net/images/manga/3/73361l.jpg
280,Aisareru Hito e Tsugu,,愛される人へ告ぐ,Manga,1093,6.77,2002,https://cdn.myanimelist.net/images/manga/1/3326l.jpg
280,Buddy System,The Buddy System,バディ・システム,Manga,1093,6.72,2002,https://cdn.myanimelist.net/images/manga/1/275691l.jpg
282,Sanjin Sadou,,散人左道,Manga,1092,6.48,2002,https://cdn.myanimelist.net/images/manga/2/260804l.jpg
283,Scandalous,,,Manga,1081,6.58,2002,https://cdn.myanimelist.net/images/manga/3/62829l.jpg
284,Jacarandá,,ジャカランダ,Manga,1079,6.05,2002,https://cdn.myanimelist.net/images/manga/3/166504l.jpg
285,Free Collars Kingdom,Free Collars Kingdom,フリーカラーズキングダム,Manga,1077,6.73,2002,https://cdn.myanimelist.net/images/manga/1/862l.jpg
286,Rei Kai Bi Dan,Ostentatious Mysterious Handsome Man (from the Netherworld),麗怪美男,Manga,1072,6.76,2002,https://cdn.myanimelist.net/images/manga/2/5704l.jpg
287,Jun no Tamashii,Beauty Labyrinth Of Razors,純の魂,Manga,1067,5.8,2002,https://cdn.myanimelist.net/images/manga/3/176541l.jpg
288,Gakkou no Sensei,,がっこうのせんせい,Manga,1064,7.24,2002,https://cdn.myanimelist.net/images/manga/2/203870l.jpg
289,K-Dash,K-Dash,K',Doujinshi,1063,6.81,2002,https://cdn.myanimelist.net/images/manga/1/30641l.jpg
290,Koi,,恋,One-shot,1051,6.83,2002,https://cdn.myanimelist.net/images/manga/2/46563l.jpg
291,Kindan no Amai Kajitsu dj - Strip,,STRIP,Doujinshi,1043,6.67,2002,https://cdn.myanimelist.net/images/manga/2/147599l.jpg
292,Paraphrase,Paraphrase,,Manga,1036,6.36,2002,https://cdn.myanimelist.net/images/manga/3/2693l.jpg
293,Bird Kiss,,버드 키스,Manhwa,1033,6.72,2002,https://cdn.myanimelist.net/images/manga/1/264960l.jpg
294,Samurai Darling,,侍ダーリン,Manga,1031,6.93,2002,https://cdn.myanimelist.net/images/manga/2/125477l.jpg
294,Utsukushiki Kemono-tachi,,美しき獣たち。,Manga,1031,7.03,2002,https://cdn.myanimelist.net/images/manga/1/73507l.jpg
296,Sono Toki Heart wa Nusumareta,Stolen Heart,その時ハートは盗まれた,Manga,1026,6.84,2002,https://cdn.myanimelist.net/images/manga/3/338395l.jpg
297,Kidou Senshi Gundam SEED: Astray R,Mobile Suit Gundam SEED Astray R,機動戦士ガンダムSEED ASTRAY R,Manga,1024,7.08,2002,https://cdn.myanimelist.net/images/manga/5/300563l.jpg
298,Gerbera,,ガーベラ,Manga,1019,7.2,2002,https://cdn.myanimelist.net/images/manga/2/164432l.jpg
299,HWA,,,Manhwa,1012,6.93,2002,https://cdn.myanimelist.net/images/manga/1/4196l.jpg
300,Netsujou,Passion,熱情,Manga,1010,7.11,2002,https://cdn.myanimelist.net/images/manga/3/275460l.jpg
301,Boku wa Anata ni Wan to Naku,I Bark for You,僕はあなたにワンと鳴く,Manga,1009,7.06,2002,https://cdn.myanimelist.net/images/manga/3/143797l.jpg
302,Rave: Plue no Inu Nikki,,RAVE プルの犬日記,Manga,995,6.63,2002,https://cdn.myanimelist.net/images/manga/4/336564l.jpg
303,Allison,,アリソン,Light Novel,991,7.25,2002,https://cdn.myanimelist.net/images/manga/2/64119l.jpg
304,Watashi no Cinderella,,私のシンデレラ,Manga,990,6.79,2002,https://cdn.myanimelist.net/images/manga/2/10067l.jpg
305,Aegis,Aegis,AEGIS 이지스,Manhwa,987,7.12,2002,https://cdn.myanimelist.net/images/manga/3/203289l.jpg
306,Spaceship EE,,SPACESHIP EE,Manga,974,6.44,2002,https://cdn.myanimelist.net/images/manga/2/21309l.jpg
307,Maiwai,Maiwai,万祝,Manga,973,7.01,2002,https://cdn.myanimelist.net/images/manga/1/155385l.jpg
308,Y Shiki Kaitai Shinsho,,Y式解体新書,Manga,963,5.86,2002,https://cdn.myanimelist.net/images/manga/3/68781l.jpg
309,Ichiban!!!,,イチバン!!!,Manga,961,7.18,2002,https://cdn.myanimelist.net/images/manga/3/10202l.jpg
310,Nemurenu Yoru no Monogatari,,眠れぬ夜の物語,Manga,959,6.4,2002,https://cdn.myanimelist.net/images/manga/3/288334l.jpg
311,Buriki no Kanzume,,ブリキの缶づめ,Manga,957,7.14,2002,https://cdn.myanimelist.net/images/manga/2/272911l.jpg
312,Gekogeko,,水上悟志短編集 げこげこ,Manga,956,6.76,2002,https://cdn.myanimelist.net/images/manga/2/169585l.jpg
313,Whip On!,,ホイップオン!,Manga,955,6.2,2002,https://cdn.myanimelist.net/images/manga/2/135567l.jpg
314,Bocchama wa Ijiwaru,,ぼっちゃまはイジワル,Manga,953,6.47,2002,https://cdn.myanimelist.net/images/manga/1/111987l.jpg
314,Kidou Senshi Gundam Senki: Lost War Chronicles,Mobile Suit Gundam: Lost War Chronicles,機動戦士ガンダム戦記 Lost War Chronicles,Manga,953,6.96,2002,https://cdn.myanimelist.net/images/manga/3/152342l.jpg
316,Slayers Premium,Slayers Premium,スレイヤーズぷれみあむ,Manga,952,7.13,2002,https://cdn.myanimelist.net/images/manga/3/155335l.jpg
317,Majutsushi Orphen Hagure Tabi Max,Sorcerous Stabber Orphen MAX,魔術士オーフェンはぐれ旅MAX,Manga,947,6.66,2002,https://cdn.myanimelist.net/images/manga/1/3184l.jpg
318,♭37℃,Too Hot to Handle,♭37℃,Manga,941,6.83,2002,https://cdn.myanimelist.net/images/manga/1/171945l.jpg
319,Kogareru Yubisaki,Gay's Anatomy,焦がれる指先,Manga,940,6.68,2002,https://cdn.myanimelist.net/images/manga/2/267070l.jpg
320,Crossing 25;,,クロッシング25;,Manga,914,6.19,2002,https://cdn.myanimelist.net/images/manga/4/109191l.jpg
321,Kenja wa Nemuru: Shinjou Mimei no Houseki Jikenbo,A Wise Man Sleeps,賢者は眠る―新城未明の宝石事件簿,Manga,911,6.87,2002,https://cdn.myanimelist.net/images/manga/2/116481l.jpg
322,Digimon Tamers 1984,,デジモンテイマーズ1984,Light Novel,904,6.92,2002,https://cdn.myanimelist.net/images/manga/5/72919l.jpg
323,Hungry Heart,,ハングリーハート,Manga,903,6.8,2002,https://cdn.myanimelist.net/images/manga/1/4814l.jpg
324,Nude na Shisen,,ヌードな視線,Manga,900,6.65,2002,https://cdn.myanimelist.net/images/manga/3/288330l.jpg
325,Tameiki no Kuchizuke,Sighing Kiss,ためいきのくちづけ,Manga,899,7.05,2002,https://cdn.myanimelist.net/images/manga/3/322454l.jpg
326,Maou Dante (2002),,魔王ダンテ,Manga,896,6.36,2002,https://cdn.myanimelist.net/images/manga/3/186145l.jpg
327,Rikujou Bouei-tai Mao-chan,Mao-chan,陸上防衛隊まおちゃん,Manga,889,6.64,2002,https://cdn.myanimelist.net/images/manga/3/300922l.jpg
328,My Lovable Fatty,,내게 너무 사랑스러운 뚱땡이,Manhwa,886,6.46,2002,https://cdn.myanimelist.net/images/manga/2/30662l.jpg
329,Chitose Get You!!,,ちとせげっちゅ!!,Manga,872,6.55,2002,https://cdn.myanimelist.net/images/manga/1/138939l.jpg
330,Hard Romantica,,ハードロマンチッカー,Manga,871,6.81,2002,https://cdn.myanimelist.net/images/manga/3/24918l.jpg
331,Mobius Doumei,,メビウス同盟,Manga,860,7.14,2002,https://cdn.myanimelist.net/images/manga/3/272938l.jpg
332,Koi Koi 7,,こいこい7,Manga,858,6.43,2002,https://cdn.myanimelist.net/images/manga/2/118643l.jpg
333,Naked,,NAKED -ネイキッド-,Manga,847,7.31,2002,https://cdn.myanimelist.net/images/manga/3/113935l.jpg
334,Brandoll,Bran Doll,ブランドール,Manga,841,6.37,2002,https://cdn.myanimelist.net/images/manga/2/31439l.jpg
334,Geboku ni Narimasu,I'll Be Your Slave,下僕になります。,Manga,841,6.26,2002,https://cdn.myanimelist.net/images/manga/2/6239l.jpg
336,Binan no Dendou,,美男の殿堂,Manga,839,6.88,2002,https://cdn.myanimelist.net/images/manga/1/271109l.jpg
337,Sakuragaoka Angels,,桜ヶ丘エンジェルズ,Manga,838,6.65,2002,https://cdn.myanimelist.net/images/manga/3/175886l.jpg
338,Outsider,The Outsider,アウトサイダー,Manga,836,6.5,2002,https://cdn.myanimelist.net/images/manga/3/229625l.jpg
339,Sky Crawlers Series,,スカイ・クロラシリーズ,Light Novel,835,,2002,https://cdn.myanimelist.net/images/manga/3/302841l.jpg
339,Toriniku Club,Chicken Club,鶏肉倶楽部,Manga,835,6.77,2002,https://cdn.myanimelist.net/images/manga/3/277300l.jpg
341,"""Namaiki.""",I'm Not Your Steppin' Stone,「生意気。」,Manga,828,6.77,2002,https://cdn.myanimelist.net/images/manga/1/271105l.jpg
341,Off Time,,,One-shot,828,6.34,2002,https://cdn.myanimelist.net/images/manga/1/28555l.jpg
343,Binetsu no Karte,,微熱のカルテ,Manga,827,7.04,2002,https://cdn.myanimelist.net/images/manga/5/332916l.jpg
344,Hito wa Naze Hatarakanakereba Naranai no ka,,人はなぜ働かなければならないのか,Manga,820,7.0,2002,https://cdn.myanimelist.net/images/manga/1/29079l.jpg
345,Maniac Road,Maniac Road,まにぃロード,Manga,819,7.01,2002,https://cdn.myanimelist.net/images/manga/1/282477l.jpg
346,Himitsu na Kankei,Noodle Shop Affair,秘密な関係 ~Secret Connection~,Manga,812,7.11,2002,https://cdn.myanimelist.net/images/manga/3/17470l.jpg
347,Round Shell,,ROUND SHELL -ランドセル-,Manga,801,6.68,2002,https://cdn.myanimelist.net/images/manga/2/13315l.jpg
348,Michael Keikaku,,ミカエル計画,Manga,797,6.84,2002,https://cdn.myanimelist.net/images/manga/1/49371l.jpg
349,Enslave Lover,,強引な恋人,Manga,794,6.88,2002,https://cdn.myanimelist.net/images/manga/3/276303l.jpg
350,Kawaii Hito,,かわいいひと,Manga,788,6.78,2002,https://cdn.myanimelist.net/images/manga/2/2202l.jpg
351,Gate,Gate,GATE ゲート,Manga,785,6.81,2002,https://cdn.myanimelist.net/images/manga/2/44063l.jpg
351,Itsuka Hanayome ni,A Girl in a Million,いつか花嫁に,Manga,785,6.47,2002,https://cdn.myanimelist.net/images/manga/1/30215l.jpg
351,Panda no Pom,,パンダのポム,One-shot,785,6.9,2002,https://cdn.myanimelist.net/images/manga/3/212837l.jpg
354,Love Buzz,,ラヴ・バズ,Manga,772,6.29,2002,https://cdn.myanimelist.net/images/manga/3/101639l.jpg
355,Kenketsu Rush,,"献血ラッシュ, 吸血小情人",Manga,767,7.16,2002,https://cdn.myanimelist.net/images/manga/3/15309l.jpg
356,Taiyou Ouji,,太陽王子,Manga,758,6.47,2002,https://cdn.myanimelist.net/images/manga/3/143133l.jpg
357,Weiß Side B,,Weiß Side B,Manga,755,6.95,2002,https://cdn.myanimelist.net/images/manga/3/156683l.jpg
358,Puchi Puri Yuushi,,ぷちぷり・ユーシィ,Manga,748,6.38,2002,https://cdn.myanimelist.net/images/manga/1/4108l.jpg
359,Jinki:Extend,Jinki:Extend,ジンキ・エクステンド,Manga,745,6.44,2002,https://cdn.myanimelist.net/images/manga/1/191935l.jpg
360,Sennen ni Hitotsu no Koi,,千年に1つの恋,Manga,740,6.92,2002,https://cdn.myanimelist.net/images/manga/1/30028l.jpg
361,Pilgrim Jager,Pilgrim Jäger,ピルグリム・イェーガー,Manga,739,6.53,2002,https://cdn.myanimelist.net/images/manga/3/9102l.jpg
362,H,,H エイチ,Manga,728,6.22,2002,https://cdn.myanimelist.net/images/manga/1/116437l.jpg
363,Cinema no Teikoku,,シネマの帝国,Manga,727,6.57,2002,https://cdn.myanimelist.net/images/manga/3/24611l.jpg
363,Coffee Mou Ippai,,コーヒーもう一杯,Manga,727,7.09,2002,https://cdn.myanimelist.net/images/manga/1/203401l.jpg
365,Heat Guy J,Heat Guy J,ヒートガイジェイ,Manga,723,6.23,2002,https://cdn.myanimelist.net/images/manga/3/164806l.jpg
365,Milk Crown Lovers,Milk Crown Lovers,ミルククラウン・Lovers,Manga,723,7.27,2002,https://cdn.myanimelist.net/images/manga/2/4361l.jpg
367,Aishiatteru Futari,Love Hurts,会いしあってる2人,Manga,721,6.18,2002,https://cdn.myanimelist.net/images/manga/2/28319l.jpg
367,Sequence,Sequence,シークエンス,Manga,721,6.75,2002,https://cdn.myanimelist.net/images/manga/1/272948l.jpg
369,Love♡Witch,,ラブ♡ウィッチ,Manga,720,6.39,2002,https://cdn.myanimelist.net/images/manga/3/12886l.jpg
370,Times Two,Times Two,かけるに,Manga,711,6.85,2002,https://cdn.myanimelist.net/images/manga/3/730l.jpg
371,Ja-Dou: Tenmou Yatan,,邪道～天網夜譚～,Manga,709,7.17,2002,https://cdn.myanimelist.net/images/manga/2/8970l.jpg
372,I Like a Beautiful Guy,,난 꽃미남이 좋아,Manhwa,704,6.79,2002,https://cdn.myanimelist.net/images/manga/2/24815l.jpg
373,Koko ni Iru Suiren,Suiren is Here,森山大輔短編集 ここにいる睡蓮,Manga,696,6.48,2002,https://cdn.myanimelist.net/images/manga/3/19343l.jpg
373,Naichaisou yo.,Almost Crying,泣いちゃいそうよ。,Manga,696,6.63,2002,https://cdn.myanimelist.net/images/manga/3/5489l.jpg
375,Shimotsuma Monogatari,Kamikaze Girls,下妻物語,Light Novel,695,7.74,2002,https://cdn.myanimelist.net/images/manga/3/155938l.jpg
376,Sore wa Yappari Ai Kamo ne,,それはやっぱり愛かもね,Manga,690,6.92,2002,https://cdn.myanimelist.net/images/manga/3/316008l.jpg
377,Chat,,CHAT 챗,Manhwa,689,6.6,2002,https://cdn.myanimelist.net/images/manga/2/10554l.jpg
378,Motto☆Kokoro ni Hoshi no Kagayaki wo,More Starlight to Your Heart,もっと☆心に星の輝きを,Manga,688,7.03,2002,https://cdn.myanimelist.net/images/manga/5/340081l.jpg
378,"They, Too, Love","They, Too, Love",그들도 사랑을 한다,Manhwa,688,7.17,2002,https://cdn.myanimelist.net/images/manga/3/4897l.jpg
380,7-gatsu no Mahou Tsukai,,7月の魔法使い,Manga,687,7.02,2002,https://cdn.myanimelist.net/images/manga/1/83426l.jpg
380,Shinyuu Henjou!,,親友返上！,Manga,687,6.89,2002,https://cdn.myanimelist.net/images/manga/2/30092l.jpg
382,Fake!,,フェイク!,Manga,681,6.48,2002,https://cdn.myanimelist.net/images/manga/3/59369l.jpg
383,Kurumi no Naka,In the Walnut,胡桃の中,Manga,680,6.94,2002,https://cdn.myanimelist.net/images/manga/1/6148l.jpg
384,Hanamaru GO! GO!,,花まるGO ! GO !,Manga,679,7.16,2002,https://cdn.myanimelist.net/images/manga/1/10023l.jpg
384,Natural Angel,Natural Angel,自然の天使,Manga,679,7.03,2002,https://cdn.myanimelist.net/images/manga/1/11065l.jpg
386,Shiawase no Category,,幸福のカテゴリー,Manga,671,6.67,2002,https://cdn.myanimelist.net/images/manga/1/47119l.jpg
387,Ohana Moyou no One-Piece,,お花もようのワンピース,Manga,667,7.06,2002,https://cdn.myanimelist.net/images/manga/5/344003l.jpg
388,Girls Educational Charter,President Dad,소녀교육헌장,Manhwa,665,6.71,2002,https://cdn.myanimelist.net/images/manga/2/180644l.jpg
389,Pita-Ten,Pita-Ten,ぴたテン,Light Novel,662,7.08,2002,https://cdn.myanimelist.net/images/manga/3/5743l.jpg
390,Get the Moon,Get the Moon,ゲット・ザ・ムーン,Manga,661,6.83,2002,https://cdn.myanimelist.net/images/manga/2/8774l.jpg
390,UFO Princess Valkyrie,,円盤皇女ワるきゅーレ,Manga,661,,2002,https://cdn.myanimelist.net/images/manga/1/171718l.jpg
392,F.O.X,,F.O.X,Manhua,660,6.84,2002,https://cdn.myanimelist.net/images/manga/1/330098l.jpg
393,Phantom: Phantom of Inferno,,ファントム Phantom of Inferno,Light Novel,658,,2002,https://cdn.myanimelist.net/images/manga/1/304892l.jpg
394,Strawberry Shortcakes,,strawberry shortcakes,Manga,650,,2002,https://cdn.myanimelist.net/images/manga/1/269882l.jpg
395,Suki nara Suki tte Ie yo!,,スキならスキって言えよ,Manga,648,6.53,2002,https://cdn.myanimelist.net/images/manga/2/7866l.jpg
395,Tengoku,Heaven's Prison,天獄 ―HEAVEN'S PRISON―,Manga,648,6.46,2002,https://cdn.myanimelist.net/images/manga/2/152452l.jpg
397,Ai ni Kizuke yo,,愛に気づけよ,Manga,647,6.61,2002,https://cdn.myanimelist.net/images/manga/1/23463l.jpg
398,Michikusa,,道草,Manga,642,6.84,2002,https://cdn.myanimelist.net/images/manga/2/187945l.jpg
399,Giant Step,,GIANT STEP,Manga,641,6.89,2002,https://cdn.myanimelist.net/images/manga/3/199606l.jpg
400,Goumaden Shuten Douji,,降魔伝 手天童子,Manga,633,6.56,2002,https://cdn.myanimelist.net/images/manga/2/321715l.jpg
401,Chiko no Negai,Chiko's Wish,チコのねがい,Manga,625,6.96,2002,https://cdn.myanimelist.net/images/manga/1/4693l.jpg
402,Harenchi,Promiscuous,ハレンチ,Manga,618,6.72,2002,https://cdn.myanimelist.net/images/manga/2/25882l.jpg
403,Hata Kenjiro Shoki Sakuhinshuu: Hayate no Gotoku! no Mae,,畑健二郎初期作品集 ハヤテのごとく!の前,Manga,616,6.58,2002,https://cdn.myanimelist.net/images/manga/1/89675l.jpg
404,Shape of Love: Omizu de Mitsuketa Honki no Koi,,Shape of Love お水で見つけた本気の恋,Manga,615,6.69,2002,https://cdn.myanimelist.net/images/manga/3/164954l.jpg
405,Sketchbook: Shucchouban,,スケッチブック 出張版,Manga,614,7.28,2002,https://cdn.myanimelist.net/images/manga/3/178771l.jpg
406,Koi ni Ochiru,,恋に落ちる,Manga,608,6.98,2002,https://cdn.myanimelist.net/images/manga/3/187420l.jpg
407,Overman King Gainer,,OVERMAN キングゲイナー,Manga,603,6.92,2002,https://cdn.myanimelist.net/images/manga/1/148283l.jpg
408,Lemon no Himegoto,,檸檬の秘めごと,Manga,594,6.59,2002,https://cdn.myanimelist.net/images/manga/3/152395l.jpg
409,Lample,Lample,ランプル,Manga,584,6.63,2002,https://cdn.myanimelist.net/images/manga/4/17073l.jpg
410,Dokebi Bride,,도깨비 신부,Manhwa,578,,2002,https://cdn.myanimelist.net/images/manga/3/206034l.jpg
410,Kira Kira☆Labyrinth,,きらきら☆迷宮〈ラビリンス〉,Manga,578,6.97,2002,https://cdn.myanimelist.net/images/manga/1/121083l.jpg
410,Shiranai Kuni no Monogatari,A Tale of an Unknown Country,知らない国の物語,Manga,578,6.96,2002,https://cdn.myanimelist.net/images/manga/5/30397l.jpg
413,Super Robot Retsuden,,スーパーロボット列伝,Manga,572,6.47,2002,https://cdn.myanimelist.net/images/manga/1/67733l.jpg
414,Trouble Double Face,Double Trouble,トラブ ルダブルフェイス,Manga,561,6.6,2002,https://cdn.myanimelist.net/images/manga/3/2800l.jpg
415,R²: Rise R to the Second Power,R²: Rise R to the Second Power,R² [rise R to the second power],Manga,558,6.98,2002,https://cdn.myanimelist.net/images/manga/2/207781l.jpg
416,It's Called Love,It's Called Love,ヴァージンズ 感動の純愛,Manga,556,6.51,2002,https://cdn.myanimelist.net/images/manga/3/12379l.jpg
416,Muteki Kanban Musume,Noodle Fighter Miki,無敵看板娘,Manga,556,7.13,2002,https://cdn.myanimelist.net/images/manga/3/25741l.jpg
416,π,,π（パイ）,Manga,556,,2002,https://cdn.myanimelist.net/images/manga/1/267899l.jpg
419,Suki ni Naccha Ikenai Hito,,好きになっちゃいけない人,Manga,554,6.9,2002,https://cdn.myanimelist.net/images/manga/2/35999l.jpg
419,"Zenmon no Tora, Koumon no Ookami",,前門の虎・後門の狼,Manga,554,6.44,2002,https://cdn.myanimelist.net/images/manga/3/13987l.jpg
421,D-live!!,,ドライブ!!,Manga,552,7.0,2002,https://cdn.myanimelist.net/images/manga/3/23960l.jpg
422,Oh! My Dog,,,Manga,546,5.8,2002,https://cdn.myanimelist.net/images/manga/4/20669l.jpg
423,Tsukiyo no Fushigi,,つきよの不思議,Manga,545,6.58,2002,https://cdn.myanimelist.net/images/manga/1/7660l.jpg
424,Koi yori Kiss yori Daikirai!!,,恋よりKissより大嫌い!!,Manga,544,6.91,2002,https://cdn.myanimelist.net/images/manga/1/14346l.jpg
424,Yume ga Kanau Juunigatsu,,夢がかなう１２月,Manga,544,6.86,2002,https://cdn.myanimelist.net/images/manga/5/184203l.jpg
426,Dragon Sister!: Sangokushi Hyakka Ryouran,Dragon Sister!,DRAGON SISTER! -三國志 百花繚乱-,Manga,537,,2002,https://cdn.myanimelist.net/images/manga/2/154953l.jpg
427,Ranman,Ranman,乱漫,Manga,535,6.43,2002,https://cdn.myanimelist.net/images/manga/4/35395l.jpg
428,Priceless,Priceless,봄봄,Manhwa,534,6.36,2002,https://cdn.myanimelist.net/images/manga/1/261781l.jpg
429,Shinayaka ni Kizutsuite,Hurt Me Gracefully,しなやかに傷ついて,Manga,532,6.61,2002,https://cdn.myanimelist.net/images/manga/1/5735l.jpg
430,"Sayonara, Papa.",,さよなら、パパ。,Manga,529,6.62,2002,https://cdn.myanimelist.net/images/manga/3/175808l.jpg
431,Fan dj - White Daisy,,White Daisy,Doujinshi,525,6.38,2002,https://cdn.myanimelist.net/images/manga/2/2427l.jpg
431,Gokudo Girl,Our Boss is a Highschool Girl.,G -GOKUDO GIRL-,Manga,525,,2002,https://cdn.myanimelist.net/images/manga/1/20581l.jpg
431,Kazoku no Shisen Shisshiki,,家族の視線・湿式,Manga,525,6.23,2002,https://cdn.myanimelist.net/images/manga/3/48581l.jpg
434,A to Z,,,Manga,524,7.23,2002,https://cdn.myanimelist.net/images/manga/2/17254l.jpg
435,Kamunabi: Imibe Kana - Onna no Shinwa Series,,神南火―忌部神奈・女の神話シリーズ―,Manga,521,6.31,2002,https://cdn.myanimelist.net/images/manga/2/41439l.jpg
436,Dash & Spin: Chousoku Sonic,,ダッシュ&スピン 超速ソニック,Manga,520,6.83,2002,https://cdn.myanimelist.net/images/manga/5/6726l.jpg
436,Wa!,,와!,Manhwa,520,7.03,2002,https://cdn.myanimelist.net/images/manga/1/3557l.jpg
438,Inran Kyonyuu Nakadashi Apartment,,淫乱巨乳中出しアパート,Manga,518,6.88,2002,https://cdn.myanimelist.net/images/manga/1/163672l.jpg
439,P Souken,,P総研,Manga,505,6.76,2002,https://cdn.myanimelist.net/images/manga/3/195547l.jpg
440,Assari Chocolate,,あっさりショコラ（仮）,Manga,503,6.46,2002,https://cdn.myanimelist.net/images/manga/2/4647l.jpg
440,"Wa ga Niku ni Muretsudoi, Kurae",,我が肉に群れ集い、喰らえ。,Manga,503,6.52,2002,https://cdn.myanimelist.net/images/manga/1/109813l.jpg
442,Renai Gengogaku,,恋愛言語学,Manga,498,6.44,2002,https://cdn.myanimelist.net/images/manga/3/158905l.jpg
443,Parade!,,PARADE！,Manga,495,6.71,2002,https://cdn.myanimelist.net/images/manga/2/176642l.jpg
444,Nishimachi Shinryoujo no Himitsu - The Secret of Fuyuki,,西町診療所の秘密,Manga,494,6.49,2002,https://cdn.myanimelist.net/images/manga/2/21987l.jpg
445,Shi Hwa Mong,,시화몽,Manhwa,488,7.06,2002,https://cdn.myanimelist.net/images/manga/2/213010l.jpg
446,Gurechawanaidene,,ぐれちゃわないでね,Manga,485,6.68,2002,https://cdn.myanimelist.net/images/manga/2/152448l.jpg
447,Toto,,トト,Manga,481,6.79,2002,https://cdn.myanimelist.net/images/manga/1/126777l.jpg
448,Pride,,プライド,Manga,479,,2002,https://cdn.myanimelist.net/images/manga/1/77417l.jpg
449,Cafe-Tic Love,Cafe-Tic Love,CAFEちっくLOVE,Manga,478,6.64,2002,https://cdn.myanimelist.net/images/manga/2/7632l.jpg
450,Chotto ya Sotto ja Tomaranai,Out of Control,ちょっとやそっとじゃ止まらない,Manga,475,6.67,2002,https://cdn.myanimelist.net/images/manga/2/15024l.jpg
451,KuiTan,The Case Files of the Gourmand Detective,喰いタン,Manga,469,6.75,2002,https://cdn.myanimelist.net/images/manga/1/186700l.jpg
451,Ougon Honey,,黄金ハニー,Manga,469,6.39,2002,https://cdn.myanimelist.net/images/manga/5/84583l.jpg
453,Kimi no Na wo Yobeba,If I Call Your Name,キミの名を呼べば,Manga,468,,2002,https://cdn.myanimelist.net/images/manga/2/172683l.jpg
454,Heart,,ハート,Manga,465,6.61,2002,https://cdn.myanimelist.net/images/manga/1/98007l.jpg
454,Love Café?,Love Café?,Love Cafe?,Manga,465,6.55,2002,https://cdn.myanimelist.net/images/manga/3/7542l.jpg
456,Replicant no Kiss,,レプリカントのKISS,Manga,464,6.39,2002,https://cdn.myanimelist.net/images/manga/1/10599l.jpg
457,Hoshi no Koe: The Voices of a Distant Star,,ほしのこえ The voices of a distant star,Light Novel,460,7.05,2002,https://cdn.myanimelist.net/images/manga/2/240830l.jpg
457,RahXephon,RahXephon,ラーゼフォン,Light Novel,460,,2002,https://cdn.myanimelist.net/images/manga/3/76539l.jpg
459,Sister Witch,Sister Witch,シスターウィシチ,One-shot,459,6.55,2002,https://cdn.myanimelist.net/images/manga/2/10132l.jpg
459,Star Ocean: Blue Sphere,,スターオーシャン ブルースフィア,Manga,459,7.07,2002,https://cdn.myanimelist.net/images/manga/5/812l.jpg
461,Camera Camera Camera,Camera Camera Camera,カメラ・カメラ・カメラ,Manga,456,6.69,2002,https://cdn.myanimelist.net/images/manga/2/30593l.jpg
462,Gekijouban Pocket Monsters: Mizu no Miyako no Mamorigami Latias to Latios,,劇場版 ポケットモンスター 水の都の護神 ラティアスとラティオス,One-shot,449,,2002,https://cdn.myanimelist.net/images/manga/3/214622l.jpg
463,Di Gi Charat Theater: Leave it To Piyoko!,Di Gi Charat Theater: Leave it To Piyoko!,,Manga,448,6.94,2002,https://cdn.myanimelist.net/images/manga/3/15073l.jpg
464,Gothic Lolita,,Gothic Lolita,Doujinshi,446,,2002,https://cdn.myanimelist.net/images/manga/1/136289l.jpg
465,Himitsu no Anazono,,妃蜜の穴園,Manga,440,6.58,2002,https://cdn.myanimelist.net/images/manga/2/48065l.jpg
465,Under the Rose,,Under the Rose,Manga,440,,2002,https://cdn.myanimelist.net/images/manga/1/180786l.jpg
467,Love and Ecchi,,恋愛ヴァージン,Manga,439,6.26,2002,https://cdn.myanimelist.net/images/manga/1/11641l.jpg
468,Ta Ju Mu,Multiple Dream,多重夢,Light Novel,438,6.89,2002,https://cdn.myanimelist.net/images/manga/3/11123l.jpg
469,Rubbers 7,Rubbers 7,ラバーズ7,Manga,437,6.9,2002,https://cdn.myanimelist.net/images/manga/3/3353l.jpg
470,Gorgeous Heart,Gorgeous Heart,ゴージャス・ハート,Manga,436,6.16,2002,https://cdn.myanimelist.net/images/manga/2/62359l.jpg
471,Shikotama,,しこたま,Manga,429,5.92,2002,https://cdn.myanimelist.net/images/manga/4/166025l.jpg
472,Tonari no Shibafu,,隣りのしばふ,Manga,427,6.31,2002,https://cdn.myanimelist.net/images/manga/2/26323l.jpg
473,Landreaall,,Landreaall,Manga,426,,2002,https://cdn.myanimelist.net/images/manga/3/172950l.jpg
474,Asian Beat,Asian Beat,アジアンビート,Manga,423,6.67,2002,https://cdn.myanimelist.net/images/manga/1/5444l.jpg
475,Oita Shichatta,My Bad!,おイタしちゃった,Manga,417,6.58,2002,https://cdn.myanimelist.net/images/manga/1/67345l.jpg
476,Kakutou Bijin Wulong,Fighting Beauty Wulong,格闘美神武龍,Manga,413,,2002,https://cdn.myanimelist.net/images/manga/3/31331l.jpg
477,Gin no Valkyries,,銀のヴァルキュリアス,Manga,408,,2002,https://cdn.myanimelist.net/images/manga/3/91307l.jpg
477,Trap,,TRAP,Manga,408,6.29,2002,https://cdn.myanimelist.net/images/manga/3/2586l.jpg
479,Kanna,Kanna,神無,Manga,401,6.64,2002,https://cdn.myanimelist.net/images/manga/5/342029l.jpg
480,Shin Gumiho,,신구미호,Manhwa,400,6.98,2002,https://cdn.myanimelist.net/images/manga/3/263927l.jpg
481,Kidou Senshi Gundam: Aru Hi - H.D.A.,,機動戦士ガンダム 或る日 -H.D.A.-,One-shot,399,6.06,2002,https://cdn.myanimelist.net/images/manga/2/335936l.jpg
482,Otonage,,おとなげ,Manga,397,6.37,2002,https://cdn.myanimelist.net/images/manga/2/13068l.jpg
483,Napoleon: Shishi no Jidai,,ナポレオン ─獅子の時代─,Manga,394,,2002,https://cdn.myanimelist.net/images/manga/1/273186l.jpg
484,Ao no Deracine,Stay After Me,蒼のデラシネ,Manga,390,6.46,2002,https://cdn.myanimelist.net/images/manga/3/9399l.jpg
484,Aragami Hime,Aragami Hime,現神姫,Manga,390,,2002,https://cdn.myanimelist.net/images/manga/1/5389l.jpg
484,Terepari Kiss,,足球 Kiss,Manga,390,6.87,2002,https://cdn.myanimelist.net/images/manga/1/4094l.jpg
487,Toriaezu Densetsu no Yuusha no Densetsu,,とりあえず伝説の勇者の伝説,Light Novel,389,,2002,https://cdn.myanimelist.net/images/manga/4/103715l.jpg
488,Neko Kissa,Cat Cafe,ねこきっさ,Manga,387,,2002,https://cdn.myanimelist.net/images/manga/1/217924l.jpg
488,Vampire Yui: Kanonshou,Yui Kanonsho: Lost Memories,吸血姫 夕維―香音抄,Manga,387,,2002,https://cdn.myanimelist.net/images/manga/3/156943l.jpg
488,√W.P.B.,,√W.P.B.,Manga,387,,2002,https://cdn.myanimelist.net/images/manga/2/169856l.jpg
491,Kiss no Ondo,Fevered Kiss,キスの温度,Light Novel,384,6.9,2002,https://cdn.myanimelist.net/images/manga/1/257055l.jpg
492,Last Fantasy,Last Fantasy,라스트환타지,Manhwa,383,6.83,2002,https://cdn.myanimelist.net/images/manga/3/180643l.jpg
493,Angel Hunt,Angel Hunt,エンジェル・ハント,Manga,382,6.79,2002,https://cdn.myanimelist.net/images/manga/2/4563l.jpg
494,Lovers Alpha,,ラヴァーズα (アルファ),Manga,380,6.29,2002,https://cdn.myanimelist.net/images/manga/3/135929l.jpg
495,Shippuu Karen Jinrai Komusume!,Foxy Lady,しっぷうかれんじんらいこむすめ!,Manga,371,,2002,https://cdn.myanimelist.net/images/manga/1/10200l.jpg
496,Tricky Prince,Tricky Prince,悪戯王子; トリック・プリンス,Manga,369,6.67,2002,https://cdn.myanimelist.net/images/manga/3/341617l.jpg
497,Vandread Special Stage,,ヴァンドレッド すぺしゃる すてーじ,Manga,368,,2002,https://cdn.myanimelist.net/images/manga/5/105479l.jpg
498,Traveling Girl,,トラベリング・ガール,Manga,358,6.41,2002,https://cdn.myanimelist.net/images/manga/3/66773l.jpg
499,Seifukusha,,征服者,Manga,357,6.07,2002,https://cdn.myanimelist.net/images/manga/2/19592l.jpg
500,Advance of Z: Titans no Hata no Moto ni,,ADVANCE OF Ζ ティターンズの旗のもとに,Novel,355,,2002,https://cdn.myanimelist.net/images/manga/2/337550l.jpg
500,Osusume Boyfriend,,オススメボーイフレンド,Manga,355,6.57,2002,https://cdn.myanimelist.net/images/manga/3/38997l.jpg
502,Kiss Shite! Esper Girl,,KISSして♥超能力少女,Manga,353,6.35,2002,https://cdn.myanimelist.net/images/manga/3/84411l.jpg
503,"Monsters, Inc.",,モンスターズ・インク,Manga,351,6.41,2002,https://cdn.myanimelist.net/images/manga/1/279845l.jpg
504,Dragon Pearl Boy,Dragon Pearl Boy,龍珠BOY,Manhua,350,,2002,https://cdn.myanimelist.net/images/manga/3/163678l.jpg
505,Elevator wo Orite Massugu,,エレベーターを降りてまっすぐ,Manga,344,6.66,2002,https://cdn.myanimelist.net/images/manga/1/9591l.jpg
506,Aniyome-ijiri,,アニ嫁いじり,Manga,342,,2002,https://cdn.myanimelist.net/images/manga/3/66401l.jpg
506,Mahoutsukai no Musume,,魔法使いの娘,Manga,342,,2002,https://cdn.myanimelist.net/images/manga/1/77381l.jpg
508,Midara,,み・だ・ら,Manga,340,6.34,2002,https://cdn.myanimelist.net/images/manga/3/98215l.jpg
509,Strange+,,STRANGE+,Manga,334,,2002,https://cdn.myanimelist.net/images/manga/3/104569l.jpg
510,Imonatsu,,妹夏,Manga,333,,2002,https://cdn.myanimelist.net/images/manga/1/210857l.jpg
510,Koisuru Melody Musume,,恋スルメロディ娘。,Manga,333,6.54,2002,https://cdn.myanimelist.net/images/manga/1/8068l.jpg
512,Tsumetai Misshitsu to Hakase-tachi,Doctors in Isolated Room,冷たい密室と博士たち,Manga,331,,2002,https://cdn.myanimelist.net/images/manga/2/340986l.jpg
513,Escape,,エスケープ,Manga,325,6.47,2002,https://cdn.myanimelist.net/images/manga/1/186625l.jpg
514,Tsukinowaguma Koroshiya,,月ノ輪熊殺し屋,One-shot,324,6.36,2002,https://cdn.myanimelist.net/images/manga/2/154950l.jpg
515,Hitomi no Giwaku,,瞳のギワク,Manga,322,6.6,2002,https://cdn.myanimelist.net/images/manga/1/10119l.jpg
516,Oukoku no Kagi,The Key to the Kingdom,王国の鍵,Manga,321,,2002,https://cdn.myanimelist.net/images/manga/5/32700l.jpg
517,Couple,Couple,Couple,Manhwa,320,,2002,https://cdn.myanimelist.net/images/manga/2/19703l.jpg
517,Metroid: Samus & Joey,,メトロイド サムス&ジョイ,Manga,320,,2002,https://cdn.myanimelist.net/images/manga/3/61279l.jpg
519,Happy Honey Life,,ハッピーハニーライフ,Manga,319,6.44,2002,https://cdn.myanimelist.net/images/manga/1/179038l.jpg
519,Onsen de Aimashou,,温泉で会いましょう,Manga,319,6.72,2002,https://cdn.myanimelist.net/images/manga/2/83412l.jpg
521,Shippuu Tengoku: Kaze no Klonoa,,疾風天国 風のクロノア,Manga,313,,2002,https://cdn.myanimelist.net/images/manga/2/22307l.jpg
522,Berry Ecstasy,,Berryエクスタシー,Manga,312,6.3,2002,https://cdn.myanimelist.net/images/manga/1/20537l.jpg
523,Kururikuru!,Kururi of the Sea!,くるりくる！,Manga,311,,2002,https://cdn.myanimelist.net/images/manga/2/27467l.jpg
524,Ashita wa Docchi da,Which Way is Tomorrow,明日はどっちだ,Manga,310,,2002,https://cdn.myanimelist.net/images/manga/1/29027l.jpg
525,Bitter Chocolate Kiss,,,Manga,309,6.22,2002,https://cdn.myanimelist.net/images/manga/1/27689l.jpg
525,Boukyaku no Senritsu,The Melody of Oblivion,忘却の旋律,Manga,309,,2002,https://cdn.myanimelist.net/images/manga/1/166946l.jpg
527,Itsuka wa Kumagoroshi!!,,いつかは熊殺し!!,Manga,306,6.76,2002,https://cdn.myanimelist.net/images/manga/3/25436l.jpg
527,"Star Fox: Farewell, Beloved Falco",,スターフォックス〜さらば愛しのファルコ〜,One-shot,306,6.36,2002,https://cdn.myanimelist.net/images/manga/1/22345l.jpg
527,Yama Hime no Mi,,山姫の実,Doujinshi,306,,2002,https://cdn.myanimelist.net/images/manga/1/77657l.jpg
530,Onna Kyoushi,,女教師,Manga,305,6.23,2002,https://cdn.myanimelist.net/images/manga/3/34567l.jpg
531,Comic?: Kaneko Atsushi Extra Works,,Comic? カネコアツシ Extra Works,Manga,303,6.72,2002,https://cdn.myanimelist.net/images/manga/2/232937l.jpg
531,Nanairo Karen,,七色可憐,Manga,303,6.71,2002,https://cdn.myanimelist.net/images/manga/1/75421l.jpg
533,Peak: Zecchou no Karute,,Peak 絶頂のカルテ,Manga,299,6.68,2002,https://cdn.myanimelist.net/images/manga/3/123147l.jpg
534,Fullmetal Alchemist 4-koma,Fullmetal Alchemist: The Complete Four-Panel Comics,鋼の錬金術師4コマ,Manga,298,,2002,https://cdn.myanimelist.net/images/manga/1/311662l.jpg
535,Mushrambo,,マシュランボー,Manga,295,,2002,https://cdn.myanimelist.net/images/manga/3/285505l.jpg
536,Oppai Mamire,,おっぱいまみれ,Manga,290,,2002,https://cdn.myanimelist.net/images/manga/1/59845l.jpg
537,Himesama Ninpouchou: Tenka☆Musou,Princess Ninja Scroll: Tenka Muso,姫様忍法帳 天下☆無双,Manga,289,,2002,https://cdn.myanimelist.net/images/manga/3/109139l.jpg
538,Makai Toshi Hunter Series: Makai Toshi Shinjuku,Demon City Shinjuku,[魔界都市ハンター]シリーズ 魔界都市〈新宿〉,Manga,288,,2002,https://cdn.myanimelist.net/images/manga/2/32223l.jpg
538,Nippon Kyonyuutou,Japanese Big Bust party,日本巨乳党,Manga,288,,2002,https://cdn.myanimelist.net/images/manga/2/201089l.jpg
540,Gender Game,,ジェンダーゲーム,One-shot,287,5.94,2002,https://cdn.myanimelist.net/images/manga/3/151520l.jpg
540,Suimitsutou no Yoru,,水蜜桃の夜,Manga,287,,2002,https://cdn.myanimelist.net/images/manga/2/153455l.jpg
542,Anata ga Ireba,,あなたがいれば,Manga,286,,2002,https://cdn.myanimelist.net/images/manga/1/177680l.jpg
542,Green Green,,グリーングリーン,Light Novel,286,,2002,https://cdn.myanimelist.net/images/manga/3/162358l.jpg
542,Tori Koro,Tori Koro,トリコロ,Manga,286,,2002,https://cdn.myanimelist.net/images/manga/2/4735l.jpg
545,Misshitsu,,蜜室,Manga,285,,2002,https://cdn.myanimelist.net/images/manga/1/102567l.jpg
546,Ayla Deluxe,,AYLA Deluxe,Manga,284,,2002,https://cdn.myanimelist.net/images/manga/3/156718l.jpg
547,Ginryuu no Reimei,,銀竜の黎明,Manga,282,,2002,https://cdn.myanimelist.net/images/manga/3/23387l.jpg
548,BAMBi Alternative,,BAMBi 零 alternative,Manga,279,,2002,https://cdn.myanimelist.net/images/manga/2/37276l.jpg
549,Torishimariyaku Shima Kousaku,Managing Director Shima Kosaku,取締役 島耕作,Manga,277,,2002,https://cdn.myanimelist.net/images/manga/3/129003l.jpg
550,DV,,DV,Manga,276,6.55,2002,https://cdn.myanimelist.net/images/manga/1/186199l.jpg
551,Mamotte Shugogetten! Retrouvailles,,まもって守護月天！再逢＜Retrouvailles＞,Manga,274,,2002,https://cdn.myanimelist.net/images/manga/1/208711l.jpg
552,Koisuru Plastic Baby,,恋するプラスチックベイビー,Manga,272,6.66,2002,https://cdn.myanimelist.net/images/manga/5/32741l.jpg
553,Pied Piper,Pied Piper,パイドパイパー,Manga,271,,2002,https://cdn.myanimelist.net/images/manga/2/21668l.jpg
554,Cheer Up!,,Cheer Up！,Manga,270,,2002,https://cdn.myanimelist.net/images/manga/2/36505l.jpg
554,Triple Sunshine,,とりぷるさんしゃいん,Manga,270,,2002,https://cdn.myanimelist.net/images/manga/2/59821l.jpg
556,Kenja no Nagaki Fuzai,The First King Adventures,賢者の長き不在,Manga,267,6.62,2002,https://cdn.myanimelist.net/images/manga/3/3591l.jpg
557,-Crow-,,-CROW-,Manga,265,,2002,https://cdn.myanimelist.net/images/manga/3/113997l.jpg
557,Lady M. wo Sagase!,,Lady M.を探せ!,Manga,265,,2002,https://cdn.myanimelist.net/images/manga/3/98691l.jpg
559,Cinderella Collection,,シンデレラコレクション,Manga,264,,2002,https://cdn.myanimelist.net/images/manga/2/39994l.jpg
559,Material Puzzle,,マテリアル・パズル,Manga,264,,2002,https://cdn.myanimelist.net/images/manga/2/4875l.jpg
561,Channel Wonder,,ちゃんねるワンダー,Manga,261,6.84,2002,https://cdn.myanimelist.net/images/manga/2/91753l.jpg
562,Kono Mahou ga Sugoi!,,この魔法がすごい!,Manga,260,6.64,2002,https://cdn.myanimelist.net/images/manga/1/3624l.jpg
562,Ultra Sword,,ULTRA SWORD,Manga,260,,2002,https://cdn.myanimelist.net/images/manga/3/10152l.jpg
564,Girl,,여학생,Manhwa,259,,2002,https://cdn.myanimelist.net/images/manga/2/24095l.jpg
565,Idejuu!,,いでじゅう!,Manga,256,,2002,https://cdn.myanimelist.net/images/manga/1/38609l.jpg
566,Project X: Cup Noodle,Project X: Cup Noodle,,Manga,255,,2002,https://cdn.myanimelist.net/images/manga/3/24723l.jpg
567,Tennen! Zetsumetsu Hero!!,You Nitwit! Heroes are Extinct!!,天然！ 絶滅ヒーロー！！,Manga,254,,2002,https://cdn.myanimelist.net/images/manga/1/177936l.jpg
568,Girl To Love,,Girl To Love,Manga,253,,2002,https://cdn.myanimelist.net/images/manga/3/136495l.jpg
569,Futari Bocchi Densetsu,A Legend for the Two of Us,ふたりぼっち伝説,Manga,250,,2002,https://cdn.myanimelist.net/images/manga/3/24540l.jpg
569,Wangan Jungle,Gulf Jungle,湾岸Jungle; 湾岸ジャングル,Manga,250,,2002,https://cdn.myanimelist.net/images/manga/2/348859l.jpg
571,Otokonoko Catalog,Boys Catalog,おとこのこカタログ,Manga,249,,2002,https://cdn.myanimelist.net/images/manga/1/22544l.jpg
572,Heat: Unmei no Wa,Heat: Ring of Destiny,HEAT－運命の輪－,Manga,247,,2002,https://cdn.myanimelist.net/images/manga/1/186008l.jpg
572,s.CRY.ed After,,スクライド・アフター,Light Novel,247,,2002,https://cdn.myanimelist.net/images/manga/3/178157l.jpg
574,Andoroid wa Furimukanai,,アンドロイドはふり向かない,One-shot,244,,2002,https://cdn.myanimelist.net/images/manga/1/151518l.jpg
574,Hard-X,,HARD-X,Manga,244,,2002,https://cdn.myanimelist.net/images/manga/3/40558l.jpg
576,B-Densetsu! Battle B-Daman,,B-伝説! バトルビーダマン,Manga,242,,2002,https://cdn.myanimelist.net/images/manga/3/31522l.jpg
576,Eurasia 1274,,ユーラシア1274,Manga,242,,2002,https://cdn.myanimelist.net/images/manga/3/125507l.jpg
576,Waka!!,Young Master!!,若!!,Manga,242,,2002,https://cdn.myanimelist.net/images/manga/3/22251l.jpg
579,Bogle,Bogle,ボーグル,Manga,240,,2002,https://cdn.myanimelist.net/images/manga/1/32008l.jpg
579,Kao no Nai Tsuki Comic Collection,No Surface Moon Comic Collection,顔のない月ComicCollection,Manga,240,,2002,https://cdn.myanimelist.net/images/manga/3/339364l.jpg
581,Chikage,,千景 -愛とエロスの伝道者-,Manga,239,,2002,https://cdn.myanimelist.net/images/manga/1/48363l.jpg
582,Go West!,Go West!,ゴーウエスト!,Manga,238,,2002,https://cdn.myanimelist.net/images/manga/3/282727l.jpg
583,Dream Gold: Knights in the Dark City,Dream Gold,ドリムゴード〜Knights in the Dark City〜,Manga,237,,2002,https://cdn.myanimelist.net/images/manga/2/121189l.jpg
584,Dakareteitai,,抱かれていたい,Manga,236,6.21,2002,https://cdn.myanimelist.net/images/manga/3/46957l.jpg
584,L.O.F,Love or Fool,L.O.F あいフル,Manga,236,,2002,https://cdn.myanimelist.net/images/manga/3/143123l.jpg
586,Mystery Minzoku Gakusha Yakumo Itsuki,,ミステリー民俗学者 八雲樹,Manga,235,,2002,https://cdn.myanimelist.net/images/manga/4/115291l.jpg
586,Tatoeba Sore wo Koi to Yobunara,,たとえばそれを恋と呼ぶなら,Manga,235,6.33,2002,https://cdn.myanimelist.net/images/manga/1/6027l.jpg
588,2nd House,2nd House,2ndハウス,Manga,234,,2002,https://cdn.myanimelist.net/images/manga/1/35748l.jpg
588,Ai daro.,Isn't It Love.,愛だろ。,Manga,234,,2002,https://cdn.myanimelist.net/images/manga/3/18385l.jpg
590,Kegare,,穢れ,Manga,231,,2002,https://cdn.myanimelist.net/images/manga/2/76069l.jpg
590,Sword Breaker,,SWORD BREAKER,Manga,231,,2002,https://cdn.myanimelist.net/images/manga/5/340810l.jpg
592,Chichin Pui!,,ちちんぷいッ！,Manga,230,,2002,https://cdn.myanimelist.net/images/manga/3/190420l.jpg
592,Himitsu no Hanazono,The Secret Garden,秘密の花園,Manga,230,,2002,https://cdn.myanimelist.net/images/manga/2/35562l.jpg
592,Mirai e no tegami,Letter from the Future,未来への手紙,Manga,230,,2002,https://cdn.myanimelist.net/images/manga/1/15229l.jpg
595,Daijoubu na Hi Dakara,,大丈夫な日だから,Manga,228,,2002,https://cdn.myanimelist.net/images/manga/3/93485l.jpg
595,Doutei Style!,,童貞スタイル！,Manga,228,,2002,https://cdn.myanimelist.net/images/manga/3/150780l.jpg
595,"Galaxy Girl, Panda Boy","Galaxy Girl, Panda Boy",銀河ガールパンダボーイ,Manga,228,,2002,https://cdn.myanimelist.net/images/manga/5/1562l.jpg
595,King of Fighters RX,,拳皇RX,Manhua,228,,2002,https://cdn.myanimelist.net/images/manga/5/344764l.jpg
595,My Little Lover,,MY LITTLE LOVER,Manga,228,,2002,https://cdn.myanimelist.net/images/manga/3/15628l.jpg
600,Manhattan Koimonogatari,Manhattan Love Story,マンハッタン恋物語,Manga,227,,2002,https://cdn.myanimelist.net/images/manga/2/33035l.jpg
601,Sour & Sweet,,새콤달콤,Manhwa,225,,2002,https://cdn.myanimelist.net/images/manga/1/191553l.jpg
602,Iliad,,イリヤッド ～入矢堂見聞録～,Manga,224,,2002,https://cdn.myanimelist.net/images/manga/3/274741l.jpg
603,Kimi ni Suki to Ittekara,,君に好きと言ってから,Manga,223,,2002,https://cdn.myanimelist.net/images/manga/2/20440l.jpg
603,Tsuchinoko,,地の子,Manga,223,,2002,https://cdn.myanimelist.net/images/manga/1/19045l.jpg
605,Neneki no Ori,,粘液の檻,Manga,222,,2002,https://cdn.myanimelist.net/images/manga/2/48075l.jpg
606,Otome-gari no Yakata,Girl Hunting Mansion,乙牝狩の館,Manga,221,,2002,https://cdn.myanimelist.net/images/manga/1/319733l.jpg
607,Release: The Emancipation of Personality,Release: The Emancipation of Personality,RELEASE リリース,Manga,217,,2002,https://cdn.myanimelist.net/images/manga/2/13759l.jpg
608,Kuchu Kuchu,,クチュクチュ,Manga,214,,2002,https://cdn.myanimelist.net/images/manga/1/94277l.jpg
609,Shin Megami Tensei: Eden,,真・女神転生EDEN,Manga,213,,2002,https://cdn.myanimelist.net/images/manga/1/126657l.jpg
610,Darling wa Gaikokujin,My Darling is a Foreigner,ダーリンは外国人,Manga,212,,2002,https://cdn.myanimelist.net/images/manga/1/27861l.jpg
610,Kanjiru Toshigoro,Sensibility Age,感じる年頃,Manga,212,,2002,https://cdn.myanimelist.net/images/manga/1/71591l.jpg
612,Tonari no Miko-san wa Minna Warau,The next shrine maidens smile in everyone.,隣の巫女さんは皆笑う,Manga,209,,2002,https://cdn.myanimelist.net/images/manga/1/151783l.jpg
612,Virgin White,,ヴァージンホワイト,Manga,209,,2002,https://cdn.myanimelist.net/images/manga/2/161150l.jpg
614,Shoujo Zukan,,少女図鑑,Manga,208,,2002,https://cdn.myanimelist.net/images/manga/1/203759l.jpg
615,Omotta Ijou no Hannou,Great Reaction in Ecstasy,思った以上の反応,Manga,206,,2002,https://cdn.myanimelist.net/images/manga/4/84889l.jpg
615,S: Second Collection of Hyji,,S～Second Collection of Hyji,Manga,206,,2002,https://cdn.myanimelist.net/images/manga/1/110041l.jpg
617,Idol Manager Chinami-chan,,アイドルマネージャー千波ちゃん,Manga,204,,2002,https://cdn.myanimelist.net/images/manga/3/75903l.jpg
618,Tetsuko no Tabi,,鉄子の旅,Manga,203,,2002,https://cdn.myanimelist.net/images/manga/1/286584l.jpg
619,Akuma Kari: Jakumetsu no Seishoukahen,Daemon Hunters: Hymn for the Dead,悪魔狩り-寂滅の聖頌歌篇-,Manga,202,,2002,https://cdn.myanimelist.net/images/manga/2/201718l.jpg
620,Lost Universe Special,Lost Universe Special,ロスト・ユニバースすぺしゃる,Manga,200,,2002,https://cdn.myanimelist.net/images/manga/1/15250l.jpg
621,Chijomaku,The Lecherous Membrane,痴女膜,Manga,199,,2002,https://cdn.myanimelist.net/images/manga/3/49495l.jpg
621,Life Forms,,LIFE FORMS,Manga,199,,2002,https://cdn.myanimelist.net/images/manga/1/122655l.jpg
623,Hoozuri,,ほおずり,Manga,198,,2002,https://cdn.myanimelist.net/images/manga/1/21200l.jpg
624,Yan Zhi Cuo,,胭脂错,Manga,196,,2002,https://cdn.myanimelist.net/images/manga/2/69093l.jpg
625,Kamatte Kurenakutemo Ii n dakara ne!,,かまってくれなくてもいいんだからねっ,Manga,195,,2002,https://cdn.myanimelist.net/images/manga/1/102027l.jpg
625,Toriko,,トリコ,One-shot,195,,2002,https://cdn.myanimelist.net/images/manga/3/254121l.jpg
627,Bibitte Mucho,,ビビってむーちょ,Manga,194,,2002,https://cdn.myanimelist.net/images/manga/3/19730l.jpg
627,Nana-chan no Ofuro,,ななちゃんのおフロ,One-shot,194,,2002,https://cdn.myanimelist.net/images/manga/1/318742l.jpg
629,Ouji-sama Lv1,Oujisama Level 1,王子さまLv1,Manga,191,,2002,https://cdn.myanimelist.net/images/manga/1/3533l.jpg
630,Gundam Novels: Senkou to Natta Senshi-tachi,,ガンダムNOVELS―閃光となった戦士たち―,Light Novel,190,,2002,https://cdn.myanimelist.net/images/manga/1/164881l.jpg
631,Tsurikichi Sanpei Heiseiban,,釣りキチ三平 平成版,Manga,189,,2002,https://cdn.myanimelist.net/images/manga/3/74467l.jpg
632,Mémoires du Masque,,,Manhwa,188,,2002,https://cdn.myanimelist.net/images/manga/1/26987l.jpg
633,Suki to Kirai no Kyoukaisen,The Boundary Line between; Love and Hate; The Boundary Line of the; Hated and the Likes,好きと嫌いの境界線,Manga,187,,2002,https://cdn.myanimelist.net/images/manga/1/29148l.jpg
634,Masomama,,マゾママ,Manga,186,,2002,https://cdn.myanimelist.net/images/manga/2/97587l.jpg
634,Renai Shusse Emaki En x Musu,Enmusu,恋愛出世絵巻えんXむす,Manga,186,,2002,https://cdn.myanimelist.net/images/manga/1/240144l.jpg
636,A.O.N,,A・O・N,Manga,185,,2002,https://cdn.myanimelist.net/images/manga/1/29164l.jpg
636,Boku to Oresama,,僕と俺様,Manga,185,,2002,https://cdn.myanimelist.net/images/manga/1/23411l.jpg
638,Kuudanshi,,空談師,Manga,184,,2002,https://cdn.myanimelist.net/images/manga/4/138059l.jpg
638,Mizugokoro,,水心,One-shot,184,,2002,https://cdn.myanimelist.net/images/manga/1/198666l.jpg
640,Mijuku Kajitsu,Virgin Fruits,未・熟・果・実,Manga,182,,2002,https://cdn.myanimelist.net/images/manga/2/58093l.jpg
641,Koushoku Shounen no Susume,,好色少年のススメ,Manga,181,,2002,https://cdn.myanimelist.net/images/manga/1/101967l.jpg
641,Nanka Ie yo,,なんか言えよ,Manga,181,,2002,https://cdn.myanimelist.net/images/manga/1/7774l.jpg
643,Fushigi Teien no Mamono,,不思議庭園の魔物,Manga,177,,2002,https://cdn.myanimelist.net/images/manga/2/96865l.jpg
643,Mangekyou,,万華鏡,Manga,177,,2002,https://cdn.myanimelist.net/images/manga/3/48441l.jpg
643,Sono Ude de Boku wo Daite,,その腕で僕を抱いて,Manga,177,,2002,https://cdn.myanimelist.net/images/manga/2/104885l.jpg
643,Tenshi no Mure,Flock of Angels,天使の群れ,Manga,177,,2002,https://cdn.myanimelist.net/images/manga/1/5185l.jpg
647,Kozouya Tokuhon R,,,Doujinshi,174,,2002,https://cdn.myanimelist.net/images/manga/1/17516l.jpg
648,Pukupuku Ranmai,,プクプク乱妹,Manga,173,,2002,https://cdn.myanimelist.net/images/manga/3/326118l.jpg
649,Amai Kao wa Misenai de,Don\'t Show Such a Sweet Face,甘い顔は見せないで,Manga,172,,2002,https://cdn.myanimelist.net/images/manga/1/16768l.jpg
650,Go,,5,Manga,171,,2002,https://cdn.myanimelist.net/images/manga/3/20888l.jpg
651,Kimishidai,,キミシダイ,Manga,170,,2002,https://cdn.myanimelist.net/images/manga/2/155756l.jpg
651,Samurai Man,,サムライマン,Manga,170,,2002,https://cdn.myanimelist.net/images/manga/1/9104l.jpg
653,Mahou Shoujo Ai,,魔法少女アイ,Light Novel,169,,2002,https://cdn.myanimelist.net/images/manga/1/113045l.jpg
653,W-Body,,W-BODY [ダブルボディ],Manga,169,,2002,https://cdn.myanimelist.net/images/manga/2/63263l.jpg
655,Nanairo no Shinwa,,七色の神話,Manga,168,,2002,https://cdn.myanimelist.net/images/manga/3/273956l.jpg
656,Hana yori mo Hana no Gotoku,,花よりも花の如く,Manga,167,,2002,https://cdn.myanimelist.net/images/manga/2/268487l.jpg
657,Gomen ne Acchii,,ごめんねアッチー,Manga,166,,2002,https://cdn.myanimelist.net/images/manga/3/36429l.jpg
658,Dekichattara Doushiyou,,デキちゃったらどうしよ,Manga,165,,2002,https://cdn.myanimelist.net/images/manga/3/93489l.jpg
658,Mystical Prince Yoshida-kun!,Mystical Prince Yoshida-kun!,それじゃあ吉田くん!,Manga,165,,2002,https://cdn.myanimelist.net/images/manga/3/6640l.jpg
660,Relish,,レリッシュ,Manga,162,,2002,https://cdn.myanimelist.net/images/manga/2/21576l.jpg
661,Brownie Ring,,ブラウニーリング,Doujinshi,160,,2002,https://cdn.myanimelist.net/images/manga/2/20596l.jpg
661,Hajimete no Orusuban,,はじめてのおるすばん,Light Novel,160,,2002,https://cdn.myanimelist.net/images/manga/1/166796l.jpg
661,Masquerade,,マスカレード,Manga,160,,2002,https://cdn.myanimelist.net/images/manga/2/331755l.jpg
664,Kuroi Heya to Shiroi Sora,,黒い部屋と白い空,Manga,157,,2002,https://cdn.myanimelist.net/images/manga/3/97593l.jpg
664,Sekiganjuu Mitsuyoshi,,隻眼獣ミツヨシ,Manga,157,,2002,https://cdn.myanimelist.net/images/manga/3/179372l.jpg
666,Vandread: The Extra Stage,,ヴァンドレッド the extra stage,Light Novel,155,,2002,https://cdn.myanimelist.net/images/manga/3/184339l.jpg
666,Yuzu Bunko Club,,ゆず文庫CLUB,Manga,155,,2002,https://cdn.myanimelist.net/images/manga/2/23679l.jpg
668,Romance to Innocence,,ロマンスとイノセンス,Manga,154,,2002,https://cdn.myanimelist.net/images/manga/3/16152l.jpg
669,Deep,,DEEP,Manga,153,,2002,https://cdn.myanimelist.net/images/manga/3/251250l.jpg
669,Shiki,,四季,Manga,153,,2002,https://cdn.myanimelist.net/images/manga/2/36858l.jpg
671,Kiruto,,綺流斗～キルト～,Manga,150,,2002,https://cdn.myanimelist.net/images/manga/2/134043l.jpg
671,Koneko,,仔猫,Manga,150,,2002,https://cdn.myanimelist.net/images/manga/1/97183l.jpg
671,Oyome ni Oide yo!,,お嫁においでよ!,Manga,150,,2002,https://cdn.myanimelist.net/images/manga/1/116865l.jpg
674,"Anata no, Toriko.",,あなたの、とりこ。,Manga,149,,2002,https://cdn.myanimelist.net/images/manga/1/11160l.jpg
674,Chuugakusei Subetega. Hajimete Datta,,中学生 すべてが。初めてだった,Manga,149,,2002,https://cdn.myanimelist.net/images/manga/3/9890l.jpg
674,Naughty Babies,,Naughty Babies,One-shot,149,,2002,https://cdn.myanimelist.net/images/manga/1/10662l.jpg
677,Hiiro no Sasayaki,,緋色の囁き,Manga,145,,2002,https://cdn.myanimelist.net/images/manga/3/38912l.jpg
678,Pocket ni Koukishin,,ポケットに好奇心,Manga,144,,2002,https://cdn.myanimelist.net/images/manga/3/21250l.jpg
679,Butaiura,,ブタイウラ,Manga,143,,2002,https://cdn.myanimelist.net/images/manga/2/146719l.jpg
679,Michikusa,,みちくさ,Manga,143,,2002,https://cdn.myanimelist.net/images/manga/1/23330l.jpg
679,Scrapped Princess: Supplement,,スクラップド・プリンセス サプリメント,Light Novel,143,,2002,https://cdn.myanimelist.net/images/manga/2/116981l.jpg
682,Gadget,Gadget,がじぇっと,Manga,142,,2002,https://cdn.myanimelist.net/images/manga/3/156985l.jpg
683,Koi wo Mune ni,Love in My Heart,恋を胸に,Manga,141,,2002,https://cdn.myanimelist.net/images/manga/1/13339l.jpg
683,Orchid Valley Sanshimai Monogatari,Valerie,オーチャード・ヴァレー三姉妹物語,Manga,141,,2002,https://cdn.myanimelist.net/images/manga/5/67585l.jpg
685,E.T.O.,E.T.O.,E.T.O. [イーティーオー],Manga,140,,2002,https://cdn.myanimelist.net/images/manga/1/203700l.jpg
685,Idol Party,,アイドルパーティー,Manga,140,,2002,https://cdn.myanimelist.net/images/manga/1/62999l.jpg
687,Sonoki ni Saseruna!,,その気にさせるな！,Manga,139,,2002,https://cdn.myanimelist.net/images/manga/2/16786l.jpg
687,Taiyo Made 3M,3 Meters from the Sun,太陽まで3m,Manga,139,,2002,https://cdn.myanimelist.net/images/manga/1/9730l.jpg
689,Eien no Koi no Mahou,Holding on to Alex,永遠の恋の魔法,Manga,138,,2002,https://cdn.myanimelist.net/images/manga/2/10711l.jpg
690,365 Ho no Yuuki!!!,,365歩のユウキ！！！,Manga,137,,2002,https://cdn.myanimelist.net/images/manga/1/128361l.jpg
690,Starship Operators,,スターシップ・オペレーターズ,Manga,137,,2002,https://cdn.myanimelist.net/images/manga/2/163972l.jpg
692,Chijoku Shinsatsushitsu,,恥辱診察室,Light Novel,135,,2002,https://cdn.myanimelist.net/images/manga/1/132395l.jpg
692,Yokubou Strawberry,,欲望ストロベリー,Manga,135,,2002,https://cdn.myanimelist.net/images/manga/1/134785l.jpg
694,R-16,,[R-16],Manga,134,,2002,https://cdn.myanimelist.net/images/manga/2/21092l.jpg
695,Genmukan: Aiyoku to Ryoujoku no Inzai,,幻夢館～愛欲と凌辱の淫罪～,Light Novel,133,,2002,https://cdn.myanimelist.net/images/manga/2/128567l.jpg
695,"Joli, e Chevalier",,ジョリィ・シュヴァリエ,Manga,133,,2002,https://cdn.myanimelist.net/images/manga/1/16414l.jpg
695,Shuukan Ishikawa Masayuki,,週刊石川雅之,Manga,133,,2002,https://cdn.myanimelist.net/images/manga/3/29225l.jpg
698,Kagerou Nostalgia: Shin Shou,Kagerou-Nostalgia: The Resurrection,陽炎ノスタルジア～新章～,Manga,132,,2002,https://cdn.myanimelist.net/images/manga/3/208722l.jpg
698,Seishounen no Tame no Eguchi Hisashi Nyuumon,,青少年のための江口寿史入門,Manga,132,,2002,https://cdn.myanimelist.net/images/manga/2/90721l.jpg
698,Tattoo Hearts,,TATTOO HEARTS,Manga,132,,2002,https://cdn.myanimelist.net/images/manga/3/236273l.jpg
701,Ashita ga Aru sa: Sweet Time Express,,明日があるさ SWEET TIME EXPRESS,Manga,129,,2002,https://cdn.myanimelist.net/images/manga/3/90855l.jpg
702,Akai Ichigo ni Kuchibiru wo,Lips to a Red Strawberry,赤いイチゴに唇を,Manga,128,,2002,https://cdn.myanimelist.net/images/manga/2/14700l.jpg
702,Ganso! Urayasu Tekkin Kazoku,,元祖! 浦安鉄筋家族,Manga,128,,2002,https://cdn.myanimelist.net/images/manga/3/340434l.jpg
702,Ragouden,,羅【ゴウ】伝,Manga,128,,2002,https://cdn.myanimelist.net/images/manga/4/75583l.jpg
702,Yatagarasu,,YATAGARASU,Manga,128,,2002,https://cdn.myanimelist.net/images/manga/2/152390l.jpg
706,Aozora ni Hakutou: Hakuchuu Torimidashi Roshutsujou,,青空に白桃 白昼取り乱し露出嬢,Manga,127,,2002,https://cdn.myanimelist.net/images/manga/3/128759l.jpg
706,Maid in Japan,Maid in Japan,めいどいんじゃぱん,Manga,127,,2002,https://cdn.myanimelist.net/images/manga/1/35720l.jpg
708,Toaru Joshidaisei no Nichijou ni Miru,,山田秀樹短編集 とある女子大生の日常にみる,Manga,125,,2002,https://cdn.myanimelist.net/images/manga/3/115437l.jpg
709,Junai Rosen,Love Route,純愛路線,Manga,124,,2002,https://cdn.myanimelist.net/images/manga/1/23615l.jpg
710,Roar Scyther,,로어사이더,Manhwa,123,,2002,https://cdn.myanimelist.net/images/manga/1/15506l.jpg
710,Sachiko to Neko-sama,Sachiko and Neko-sama,さちことねこさま,Manga,123,,2002,https://cdn.myanimelist.net/images/manga/1/37357l.jpg
710,Saiyaku no Tebiki,,災厄のてびき,Manga,123,,2002,https://cdn.myanimelist.net/images/manga/1/35267l.jpg
710,"Shoujo, Guitar wo Hiku",,少女、ギターを弾く,Manga,123,,2002,https://cdn.myanimelist.net/images/manga/3/64835l.jpg
714,Love Me Tender,,ラヴミーテンダー,Manga,122,,2002,https://cdn.myanimelist.net/images/manga/3/84051l.jpg
715,SS,,SS,Doujinshi,121,,2002,https://cdn.myanimelist.net/images/manga/1/132231l.jpg
715,Shintaisou: Kari,,新体操(仮),Light Novel,121,,2002,https://cdn.myanimelist.net/images/manga/1/168181l.jpg
717,Boku no Higeyome,,僕の髭嫁,Manga,120,,2002,https://cdn.myanimelist.net/images/manga/3/26344l.jpg
717,Kyoudai Ai,,兄妹愛,Manga,120,,2002,https://cdn.myanimelist.net/images/manga/3/129245l.jpg
719,Kairakuen,,快楽園,Manga,119,,2002,https://cdn.myanimelist.net/images/manga/1/137087l.jpg
719,Switch,,Switch,Manga,119,,2002,https://cdn.myanimelist.net/images/manga/2/143609l.jpg
721,Boku no Sensei wa Fever with Motoman,My teacher has a fever with Motoni Manga,僕の先生はフィーバーｗｉｔｈ本マン,Manga,116,,2002,https://cdn.myanimelist.net/images/manga/2/27107l.jpg
721,Datenshi-tachi no Kakera,,堕天使達のかけら,Manga,116,,2002,https://cdn.myanimelist.net/images/manga/3/110435l.jpg
721,Petit à la Mode,,プティ・ア・ラ・モード,Manga,116,,2002,https://cdn.myanimelist.net/images/manga/3/38191l.jpg
721,Trouble Maker,,トラブルメイカー,Manga,116,,2002,https://cdn.myanimelist.net/images/manga/2/6020l.jpg
721,Yukei Seikyo Kukla,,幽形聖境クークラ,Manga,116,,2002,https://cdn.myanimelist.net/images/manga/3/17077l.jpg
726,Sonnna ni Ninshin Sasetaino?,,そんっなに妊娠させたいの?,Manga,113,,2002,https://cdn.myanimelist.net/images/manga/2/173922l.jpg
727,Osawagase Bentenryou,,おさわがせ弁天寮,Manga,112,,2002,https://cdn.myanimelist.net/images/manga/3/304811l.jpg
727,Tokyo Yabanjin dj - Hoshi no Sumu Machi,,星の棲む町,Doujinshi,112,,2002,https://cdn.myanimelist.net/images/manga/4/277969l.jpg
729,Hitomi wo Sorasazu ni Ite,,瞳をそらさずにいて,Manga,111,,2002,https://cdn.myanimelist.net/images/manga/3/14327l.jpg
729,Komusume Milk,,小娘みるく,Manga,111,,2002,https://cdn.myanimelist.net/images/manga/2/35434l.jpg
729,Miku Pure Voice,,未来♥Pureボイス,Manga,111,,2002,https://cdn.myanimelist.net/images/manga/3/31086l.jpg
729,Nemuru Usagi,,眠る兎,Light Novel,111,,2002,https://cdn.myanimelist.net/images/manga/2/27877l.jpg
729,Silent Hunter,,サイレントハンター,Manga,111,,2002,https://cdn.myanimelist.net/images/manga/1/157325l.jpg
734,Bokura no Tsubasa: Kokkyounaki Rojou no Kodomotachi,,ぼくらの翼-国境なき路上の子供たち-,Manga,110,,2002,https://cdn.myanimelist.net/images/manga/3/42494l.jpg
734,Pre-teens,,pre-teens,Manga,110,,2002,https://cdn.myanimelist.net/images/manga/3/179407l.jpg
736,Guilty Sacrifice,,ギルティ サクリファイス,Manga,109,,2002,https://cdn.myanimelist.net/images/manga/3/93995l.jpg
736,Kyonyuu no Aru Fuukei,,巨乳のある風景,Manga,109,,2002,https://cdn.myanimelist.net/images/manga/2/106925l.jpg
738,Love + Dessin,,爱的素描,Manga,108,,2002,https://cdn.myanimelist.net/images/manga/1/21731l.jpg
739,Chijou Saikyou no Otoko Ryuu: Episode 0 - Shin Chijou Saikyou no Otoko Ryuu: R-01,,地上最強の男 竜 episode 0／新・地上最強の男 竜 R-01,Manga,107,,2002,https://cdn.myanimelist.net/images/manga/3/281545l.jpg
739,Giant,,ジャイアント,Manga,107,,2002,https://cdn.myanimelist.net/images/manga/2/154232l.jpg
739,Iku made Okashitemiru?,Do you rape me until you reach orgasmus?,イクまで犯してみる？,Manga,107,,2002,https://cdn.myanimelist.net/images/manga/1/143017l.jpg
739,Ku no Nijuuuichi Hotaru,,くノ21ホタル,Manga,107,,2002,https://cdn.myanimelist.net/images/manga/3/35370l.jpg
739,Mitama: Shinobi,,御魂～忍～,Light Novel,107,,2002,https://cdn.myanimelist.net/images/manga/2/132393l.jpg
744,Anoko ni Moratta Ongaku,,あのこにもらった音楽,Manga,106,,2002,https://cdn.myanimelist.net/images/manga/1/38828l.jpg
744,Ogamiya Yokochou Tenmatsuki,,拝み屋横丁顚末記,Manga,106,,2002,https://cdn.myanimelist.net/images/manga/2/190234l.jpg
746,Tengai Retrogical,Tengai Retrogical,天外レトロジカル,Manga,105,,2002,https://cdn.myanimelist.net/images/manga/2/9656l.jpg
747,Alice-gari,Hunt the Alice,アリス狩り,Manga,104,,2002,https://cdn.myanimelist.net/images/manga/1/93159l.jpg
747,Koiki Shichihenge!!,,こいき七変化!!,Manga,104,,2002,https://cdn.myanimelist.net/images/manga/3/16227l.jpg
749,Shoujo Yuugi,,少女遊戯,Manga,103,,2002,https://cdn.myanimelist.net/images/manga/1/268489l.jpg
750,Bijin Sensee Chitsunai Shasei,Ejaculation in the vagina of the beauty teacher.,美人センセー膣内射精,Manga,102,,2002,https://cdn.myanimelist.net/images/manga/3/158684l.jpg
750,Fujisan,,富士山,Manga,102,,2002,https://cdn.myanimelist.net/images/manga/2/51111l.jpg
752,Injiri Tsuushin,,淫尻通信,Manga,101,,2002,https://cdn.myanimelist.net/images/manga/3/106819l.jpg
752,Kamisama ga Kureta Natsu,,神様がくれた夏,Manga,101,,2002,https://cdn.myanimelist.net/images/manga/1/44117l.jpg
752,Princess Knights,,Princess Knights,Light Novel,101,,2002,https://cdn.myanimelist.net/images/manga/1/170121l.jpg
755,Goldo: Gokudo Golfer,,ゴルドオ 極道ゴルファー,Manga,99,,2002,https://cdn.myanimelist.net/images/manga/1/255728l.jpg
755,Kimi ga Mienakutemo,,キミが見えなくても,Manga,99,,2002,https://cdn.myanimelist.net/images/manga/1/153573l.jpg
755,Koi no Tamago,Egg of Love,恋の卵,Manga,99,,2002,https://cdn.myanimelist.net/images/manga/2/25886l.jpg
755,Mogitate Namakajyu,,もぎたて生果汁,Manga,99,,2002,https://cdn.myanimelist.net/images/manga/3/35433l.jpg
759,Akai Kizuna Blood,,赤い絆 Blood,Manga,98,,2002,https://cdn.myanimelist.net/images/manga/3/32790l.jpg
759,Happy Pharmacy,,ハッピィ♥ファーマシー,One-shot,98,,2002,https://cdn.myanimelist.net/images/manga/4/258388l.jpg
759,Tokyo Style Bakudan,,東京スタイル爆弾,Manga,98,,2002,https://cdn.myanimelist.net/images/manga/1/25925l.jpg
759,Wasurenagusa: Forget-me-Not,,忘レナ草～Forget-me-Not～,Light Novel,98,,2002,https://cdn.myanimelist.net/images/manga/2/168165l.jpg
763,Behind Master,,,Manga,97,,2002,https://cdn.myanimelist.net/images/manga/2/31901l.jpg
763,Chokotto Abunai Koimonogatari,,ちょこっとアブナイ 恋物語,Manga,97,,2002,https://cdn.myanimelist.net/images/manga/1/146335l.jpg
763,Dark Violets,,ダーク・バイオレッツ,Light Novel,97,,2002,https://cdn.myanimelist.net/images/manga/2/95501l.jpg
763,Shutter Chance,Shutter Chance,シャッターチャンス,Manga,97,,2002,https://cdn.myanimelist.net/images/manga/2/20886l.jpg
767,Akkera Kanjinchou,,あっけら貫刃帖,Manga,96,,2002,https://cdn.myanimelist.net/images/manga/2/178083l.jpg
767,Onna Kyoushi,Teach me a sexual basics!,女教師,Light Novel,96,,2002,https://cdn.myanimelist.net/images/manga/1/143811l.jpg
767,Psychedelia,,,Manhwa,96,,2002,https://cdn.myanimelist.net/images/manga/3/25373l.jpg
767,U-31: All You Need Is Football!,,U-31 ALL YOU NEED IS FOOTBALL!,Manga,96,,2002,https://cdn.myanimelist.net/images/manga/2/171735l.jpg
771,Blind,,BLIND,Manga,95,,2002,https://cdn.myanimelist.net/images/manga/2/110515l.jpg
771,Buta Ane,,豚姉,Manga,95,,2002,https://cdn.myanimelist.net/images/manga/1/111163l.jpg
771,Chi-shuu,,恥臭 [chi-syu],Manga,95,,2002,https://cdn.myanimelist.net/images/manga/2/132565l.jpg
771,Nioigurui,,匂い狂い,Manga,95,,2002,https://cdn.myanimelist.net/images/manga/3/35418l.jpg
771,Owaranai Kuni,A Country Without End,,One-shot,95,,2002,https://cdn.myanimelist.net/images/manga/3/11348l.jpg
776,Bokura no Soukan Kankei,,僕らの相関関係,Manga,94,,2002,https://cdn.myanimelist.net/images/manga/2/179423l.jpg
776,Kiss yori Taisetsu,There is more precious than a kiss,キスより大切,Manga,94,,2002,https://cdn.myanimelist.net/images/manga/1/144651l.jpg
778,Elfina: Yoru e to Urareta Oukoku de... Inyoru no Oukyuu-hen,,エルフィーナ～淫夜へと売られた王国で…～ 淫夜の王宮編,Light Novel,92,,2002,https://cdn.myanimelist.net/images/manga/2/173511l.jpg
778,Milk System,,ミルクシステム,Manga,92,,2002,https://cdn.myanimelist.net/images/manga/1/59675l.jpg
780,Gochuumon wa Okimari desu ka,,ご注文はおきまりですか,Manga,91,,2002,https://cdn.myanimelist.net/images/manga/2/156223l.jpg
780,Oresama to Ouji,,俺様と王子,Manga,91,,2002,https://cdn.myanimelist.net/images/manga/2/34364l.jpg
780,Tooi Hi no Kakera,,遠い日の欠片,Manga,91,,2002,https://cdn.myanimelist.net/images/manga/3/182022l.jpg
783,Hina Meikyuu,,雛迷宮,Manga,90,,2002,https://cdn.myanimelist.net/images/manga/2/149779l.jpg
783,Mimimi ~The Tale of a Cat and a Robot~,Mimimi ~The Tale of a Cat and a Robot~,みみみ 猫とロボと小説～,Manga,90,,2002,https://cdn.myanimelist.net/images/manga/2/31537l.jpg
783,○○ Gakuin xx-ka,,○○学院××科,Manga,90,,2002,https://cdn.myanimelist.net/images/manga/3/207695l.jpg
786,Majogari no Yoru ni,,魔女狩りの夜に,Light Novel,89,,2002,https://cdn.myanimelist.net/images/manga/3/174069l.jpg
786,Night Blue,,NIGHT BLUE,Manga,89,,2002,https://cdn.myanimelist.net/images/manga/1/52403l.jpg
788,Otousan Gomennasai.,,お父さんごめんなさい。,Manga,88,,2002,https://cdn.myanimelist.net/images/manga/2/93131l.jpg
788,Wonder!,,WONDER！,Manga,88,,2002,https://cdn.myanimelist.net/images/manga/2/45447l.jpg
790,Choucho ni Naru.,,ちょうちょになる。,Manga,87,,2002,https://cdn.myanimelist.net/images/manga/1/95451l.jpg
791,Ada Senki,,アダ戦記,Manga,86,,2002,https://cdn.myanimelist.net/images/manga/1/39028l.jpg
791,Overwork,,オーバーワーク,One-shot,86,,2002,https://cdn.myanimelist.net/images/manga/1/190597l.jpg
793,Elle to Takara dj - Koi to Jounetsu,Love and Passion,恋と情熱,Doujinshi,85,,2002,https://cdn.myanimelist.net/images/manga/2/22456l.jpg
793,Hajimete no Oishasan,,はじめてのおいしゃさん,Light Novel,85,,2002,https://cdn.myanimelist.net/images/manga/1/173011l.jpg
793,Houfuku no Mouflon,Revenge of Mouflon,報復のムフロン,Manga,85,,2002,https://cdn.myanimelist.net/images/manga/1/40983l.jpg
793,Otona no Kodomotachi,,オトナのコドモたち,Manga,85,,2002,https://cdn.myanimelist.net/images/manga/1/262069l.jpg
793,Puppet Revolution,,ぱペットレボリューション,Manga,85,,2002,https://cdn.myanimelist.net/images/manga/1/129453l.jpg
798,Boku no Dokusaisha,My Dear Dictator,ボクの独裁者,Manga,84,,2002,https://cdn.myanimelist.net/images/manga/5/22651l.jpg
798,Dokidoki Peach♥Angel,,どきどきピーチ♥エンジェル,Manga,84,,2002,https://cdn.myanimelist.net/images/manga/3/136057l.jpg
798,Jiko Chu Lovers,Self Kiss Lovers,自己ｃｈｕラヴァーズ,Manga,84,,2002,https://cdn.myanimelist.net/images/manga/1/10811l.jpg
798,Wild Arms Advanced 3rd Anthology Comic,,ワイルドアームズアドヴァンスドサードアンソロジーコミック,Manga,84,,2002,https://cdn.myanimelist.net/images/manga/3/97491l.jpg
802,Apocripha/0: Infinite Fortune,,Apocripha/0 〜infinite fortune〜,Light Novel,83,,2002,https://cdn.myanimelist.net/images/manga/2/134279l.jpg
802,Chikara no Arika,,力の在り処,Manga,83,,2002,https://cdn.myanimelist.net/images/manga/1/118295l.jpg
802,Seisai: Hakudaku no Misogi,,性裁～白濁の禊～,Light Novel,83,,2002,https://cdn.myanimelist.net/images/manga/2/166073l.jpg
805,Baito de Wizard,,バイトでウィザード,Light Novel,82,,2002,https://cdn.myanimelist.net/images/manga/2/135219l.jpg
805,Oneesan to Issho,,おねえさんといっしょ,Manga,82,,2002,https://cdn.myanimelist.net/images/manga/2/124039l.jpg
805,Tsumaman,,妻漫,Manga,82,,2002,https://cdn.myanimelist.net/images/manga/3/230551l.jpg
805,Wild Beat,Wild Beat,ワイルドBEAT,Manga,82,,2002,https://cdn.myanimelist.net/images/manga/1/11778l.jpg
809,Aquarium no Yoru,Darkness At The Aquarium,アクアリウムの夜,Light Novel,81,,2002,https://cdn.myanimelist.net/images/manga/2/155680l.jpg
809,Denshi Toshi DT,,電詞都市DT〈デトロイト〉,Light Novel,81,,2002,https://cdn.myanimelist.net/images/manga/2/162407l.jpg
809,Exit,,EXIT～エグジット～,Manga,81,,2002,https://cdn.myanimelist.net/images/manga/2/275865l.jpg
809,Samishisa no Shuuhasuu,,さみしさの周波数,Light Novel,81,,2002,https://cdn.myanimelist.net/images/manga/1/161583l.jpg
813,Butou Miko-den Satsuki,,武闘巫女伝サツキ,Light Novel,80,,2002,https://cdn.myanimelist.net/images/manga/1/104763l.jpg
813,Edomae Sushi Shokunin: Kirara no Shigoto,,江戸前鮨職人 きららの仕事,Manga,80,,2002,https://cdn.myanimelist.net/images/manga/3/101063l.jpg
813,Kuni ga Moeru,,国が燃える,Manga,80,,2002,https://cdn.myanimelist.net/images/manga/1/225064l.jpg
813,Tsuki no Arika,,月の在処,Manga,80,,2002,https://cdn.myanimelist.net/images/manga/1/348623l.jpg
817,Boku no Utako-san,,僕の歌子さん,Manga,78,,2002,https://cdn.myanimelist.net/images/manga/3/32304l.jpg
817,Hare Dokidoki H Biyori,,晴れどきどきH日和,Manga,78,,2002,https://cdn.myanimelist.net/images/manga/2/112151l.jpg
817,Mayonaka no Usagi-tachi,,真夜中のうさぎたち,Manga,78,,2002,https://cdn.myanimelist.net/images/manga/3/112589l.jpg
817,Pure Girl,,ピュアガール,Manga,78,,2002,https://cdn.myanimelist.net/images/manga/3/110231l.jpg
821,Maid Goshuu Show-sama!!,,まいど御愁SHOW様!!,Manga,77,,2002,https://cdn.myanimelist.net/images/manga/1/149943l.jpg
821,Moon Walk Revers,,ムーンウォークリバァース,One-shot,77,,2002,https://cdn.myanimelist.net/images/manga/3/113319l.jpg
821,Tsuki Kagerou,,月陽炎,Light Novel,77,,2002,https://cdn.myanimelist.net/images/manga/2/168164l.jpg
824,Haiiro no Iris,,灰色のアイリス,Light Novel,76,,2002,https://cdn.myanimelist.net/images/manga/2/96799l.jpg
824,Inniku no Yuuwaku,,淫肉の誘惑,Manga,76,,2002,https://cdn.myanimelist.net/images/manga/2/177231l.jpg
824,Suigetsu,,水月 -すいげつ-,Light Novel,76,,2002,https://cdn.myanimelist.net/images/manga/2/173008l.jpg
827,Koniro,,こんいろ,Manga,75,,2002,https://cdn.myanimelist.net/images/manga/1/134617l.jpg
827,Ouji-sama Lv.1 Comic Anthology,,王子さまＬｖ１コミックアンソロジー,Manga,75,,2002,https://cdn.myanimelist.net/images/manga/2/22130l.jpg
829,Deep Voice,,DEEP VOICE ディープボイス,Light Novel,74,,2002,https://cdn.myanimelist.net/images/manga/3/127519l.jpg
829,Mononoke☆Chinkamo,,もののけ☆ちんかも,Manga,74,,2002,https://cdn.myanimelist.net/images/manga/2/36788l.jpg
831,Chiisana Koi no Monogatari,,小さな恋の物語,Manga,73,,2002,https://cdn.myanimelist.net/images/manga/1/66891l.jpg
832,Kijimutan,,キジムタン,Manga,72,,2002,https://cdn.myanimelist.net/images/manga/2/105275l.jpg
832,Kunoichi Intouchou: Tenshou Hiroku-hen,,くノ一淫闘帖 天正秘録編,Light Novel,72,,2002,https://cdn.myanimelist.net/images/manga/1/167788l.jpg
834,Sweet 11 Stories,,スウィート・イレブン・ストーリーズ,Manga,71,,2002,https://cdn.myanimelist.net/images/manga/1/48175l.jpg
835,Hisui no Tameiki,,翡翠のためいき,Manga,70,,2002,https://cdn.myanimelist.net/images/manga/2/20548l.jpg
835,Maka Hannya Haramitsukyuu: Usagi no Tamasaburou,,摩訶般若波羅蜜球 兎の玉三郎,Manga,70,,2002,https://cdn.myanimelist.net/images/manga/3/106657l.jpg
835,Milkyway,,Milkyway,Light Novel,70,,2002,https://cdn.myanimelist.net/images/manga/3/173285l.jpg
835,Phantom Dead or Alive,,ファントム デッド オア アライブ,Manga,70,,2002,https://cdn.myanimelist.net/images/manga/3/185864l.jpg
835,Scar,,SCAR-상처,Manhwa,70,,2002,https://cdn.myanimelist.net/images/manga/1/170648l.jpg
835,Uhha! Harem Gakuseiryou,,ウッハ!ハーレム学生寮,Manga,70,,2002,https://cdn.myanimelist.net/images/manga/2/240104l.jpg
841,Hako no Naka no Adam,Adam in the Box,箱の中のアダム,Manga,69,,2002,https://cdn.myanimelist.net/images/manga/3/32521l.jpg
841,Kinshin Kanin Dokuhon,,近親姦淫読(毒)本,Manga,69,,2002,https://cdn.myanimelist.net/images/manga/1/48171l.jpg
841,Kiseki no Wing!,Miracle Wing!,奇跡のＷＩＮＧ,Manga,69,,2002,https://cdn.myanimelist.net/images/manga/3/15209l.jpg
844,Cats Crash,,キャッツクラッシュ,Light Novel,68,,2002,https://cdn.myanimelist.net/images/manga/2/167996l.jpg
844,Rakuen made Ato Mou Chotto,,楽園まであともうちょっと,Manga,68,,2002,https://cdn.myanimelist.net/images/manga/3/32539l.jpg
846,Henachoko Banchou,,へなちょこ番長,Manga,67,,2002,https://cdn.myanimelist.net/images/manga/5/112129l.jpg
846,Okusama de Naito,,奥さまDEナイト,Manga,67,,2002,https://cdn.myanimelist.net/images/manga/2/35491l.jpg
846,Ooedo Elf Buraichou: Inchigatana no Naku Yoru,,大江戸エルフ無頼帳 淫血刀の哭く夜,Light Novel,67,,2002,https://cdn.myanimelist.net/images/manga/1/167999l.jpg
846,Tasogare-dou e Youkoso,Welcome to the Twilight Cafe,黄昏堂へようこそ,Manga,67,,2002,https://cdn.myanimelist.net/images/manga/2/20841l.jpg
846,Tokyo Shounen Monogatari,,東京少年物語,Manga,67,,2002,https://cdn.myanimelist.net/images/manga/3/275863l.jpg
851,Ayako: Ryoujoku,,綾子―陵辱,Light Novel,66,,2002,https://cdn.myanimelist.net/images/manga/2/149228l.jpg
851,"Mukashi, Oboronaru Otoko Arikeri",,昔、朧なる男ありけり,Manga,66,,2002,https://cdn.myanimelist.net/images/manga/2/36209l.jpg
851,Romance wa Tsurugi no Kagayaki II Plus,,ロマンスは剣の輝きIIPLUS,Manga,66,,2002,https://cdn.myanimelist.net/images/manga/2/36751l.jpg
851,Seitenshi Yumiel,,聖天使ユミエル,Light Novel,66,,2002,https://cdn.myanimelist.net/images/manga/1/166479l.jpg
855,Brother,,,Manga,65,,2002,https://cdn.myanimelist.net/images/manga/1/32791l.jpg
855,Machiwarashi,,街童子,Manga,65,,2002,https://cdn.myanimelist.net/images/manga/3/191027l.jpg
855,"Nishi Keiko no Konnan Demashita kedo, Miru?",,西炯子のこんなん出ましたけど、見る?,Manga,65,,2002,https://cdn.myanimelist.net/images/manga/1/149385l.jpg
855,Valkyrie Slave: Sei Shoujo no Shitsuke,,ヴァルキリースレイブ 聖少女の躾,Light Novel,65,,2002,https://cdn.myanimelist.net/images/manga/3/167994l.jpg
859,Kazoku Keikaku,,家族計画,Light Novel,64,,2002,https://cdn.myanimelist.net/images/manga/3/173606l.jpg
859,Kuroyuri no Yakata,,黒百合の館,Light Novel,64,,2002,https://cdn.myanimelist.net/images/manga/2/167980l.jpg
859,Reijou Hakusho,,隷嬢白書,Manga,64,,2002,https://cdn.myanimelist.net/images/manga/2/85995l.jpg
859,Shuuchi no Mitsugetsu,,羞恥の蜜月,Manga,64,,2002,https://cdn.myanimelist.net/images/manga/3/35421l.jpg
859,Super Comic Gekijou: Xenosaga,,スーパーコミック劇場 ゼノサーガ,Manga,64,,2002,https://cdn.myanimelist.net/images/manga/3/151588l.jpg
864,Akuma no Kagai Jugyou,,悪魔の課外授業,Light Novel,63,,2002,https://cdn.myanimelist.net/images/manga/1/166795l.jpg
864,Chain: Ushinawareta Ashiato,,チェーン 失われた足跡,Light Novel,63,,2002,https://cdn.myanimelist.net/images/manga/1/174666l.jpg
864,Kinshin Ryoujoku: Aiyoku no Kazoku Seikatsu,,近親凌辱～愛欲の家族生活,Manga,63,,2002,https://cdn.myanimelist.net/images/manga/1/153632l.jpg
864,Moshimo Boku ga Kirei nara,,もしも ぼくが きれいなら,Manga,63,,2002,https://cdn.myanimelist.net/images/manga/3/156063l.jpg
864,Virgin Complex,,ヴァージン・コンプレックス,Manga,63,,2002,https://cdn.myanimelist.net/images/manga/2/186212l.jpg
869,Kyuuketsuki no Oshigoto,,吸血鬼のおしごと,Light Novel,62,,2002,https://cdn.myanimelist.net/images/manga/1/164324l.jpg
869,Ultimate Hunter,,アルティメットハンター,Light Novel,62,,2002,https://cdn.myanimelist.net/images/manga/3/132505l.jpg
871,Shigyaku no Zecchou,,嗜虐の絶頂,Manga,61,,2002,https://cdn.myanimelist.net/images/manga/2/145873l.jpg
871,Tenshi-chou,,天使庁,Manga,61,,2002,https://cdn.myanimelist.net/images/manga/3/170060l.jpg
873,Binary Pot,,バイナリィ・ポット -Binary Pot-,Light Novel,60,,2002,https://cdn.myanimelist.net/images/manga/1/128551l.jpg
873,Floralia,,Floralia ～フローラリア～,Light Novel,60,,2002,https://cdn.myanimelist.net/images/manga/1/132483l.jpg
873,Only You: Re Cross,,Only you -リ・クルス-,Light Novel,60,,2002,https://cdn.myanimelist.net/images/manga/3/172888l.jpg
873,Shojo Renzoku Nakadashi 120-pun,,処女連続中出し120分,Manga,60,,2002,https://cdn.myanimelist.net/images/manga/1/76033l.jpg
873,Suiryuu Kitouden,,翠龍鬼倒伝,Manga,60,,2002,https://cdn.myanimelist.net/images/manga/2/19347l.jpg
878,In White: Pure Story,,インホワイトピュアストーリー,Manga,59,,2002,https://cdn.myanimelist.net/images/manga/3/26996l.jpg
878,J. Boy: Second Season,,J.boy セカンドシーズン,Manga,59,,2002,https://cdn.myanimelist.net/images/manga/2/228828l.jpg
878,Kirakira Ouji-sama Magic,,キラキラ☆王子さまマジック,Manga,59,,2002,https://cdn.myanimelist.net/images/manga/1/23286l.jpg
878,Yureru Shiroi Hana,,ゆれる白い花,Manga,59,,2002,https://cdn.myanimelist.net/images/manga/5/38097l.jpg
882,Bippapbarulra,,비빱바룰라,Manhwa,58,,2002,https://cdn.myanimelist.net/images/manga/1/206979l.jpg
882,H Manga no Megami-sama,H Comic Goddess,Hマンガの女神様,Manga,58,,2002,https://cdn.myanimelist.net/images/manga/3/189009l.jpg
882,Koushite Neko wa Ai wo Musaboru,,こうして猫は愛をむさぼる。,Manga,58,,2002,https://cdn.myanimelist.net/images/manga/2/23408l.jpg
882,Shin Magician,New Magician,新マジシャン,Manga,58,,2002,https://cdn.myanimelist.net/images/manga/2/269041l.jpg
882,Spiral Debt: Shiritsu Tantei Ally no Inbi na Nichijou,,スパイラルデビット 私立探偵アリーの淫靡な日常,Light Novel,58,,2002,https://cdn.myanimelist.net/images/manga/2/170371l.jpg
882,Toraware no Darling,,とらわれのDarling,Manga,58,,2002,https://cdn.myanimelist.net/images/manga/1/59859l.jpg
882,Tsujiurauri,Tujiurauri,辻占売,Manga,58,,2002,https://cdn.myanimelist.net/images/manga/2/46785l.jpg
889,Gaki☆Rock,,ガキ★ロック,Manga,57,,2002,https://cdn.myanimelist.net/images/manga/3/192705l.jpg
889,Koi nanka Daikirai!,,愛なんか大キライ!,Light Novel,57,,2002,https://cdn.myanimelist.net/images/manga/1/153399l.jpg
889,Koi nante dekikkonai,,恋なんてできっこない,Manga,57,,2002,https://cdn.myanimelist.net/images/manga/3/34246l.jpg
889,Trans-Princess,,トランスプリンセス,Light Novel,57,,2002,https://cdn.myanimelist.net/images/manga/3/167289l.jpg
893,Kizetsu Resutoa,,奇絶レストア,Manga,56,,2002,https://cdn.myanimelist.net/images/manga/3/5982l.jpg
893,Rikatteba!,,リカってば!,Manga,56,,2002,https://cdn.myanimelist.net/images/manga/3/19724l.jpg
893,Slave: Sannin no Mesu Dorei,,虜〈スレイブ〉 三人の牝奴隷,Light Novel,56,,2002,https://cdn.myanimelist.net/images/manga/1/149229l.jpg
893,Trap Series,,トラップシーリス,Light Novel,56,,2002,https://cdn.myanimelist.net/images/manga/2/155767l.jpg
897,Beside: Shiawase wa Katawara ni,,Beside～幸せはかたわらに～,Light Novel,55,,2002,https://cdn.myanimelist.net/images/manga/1/173336l.jpg
897,Love Love Santa,,LOVE LOVE サンタ,One-shot,55,,2002,https://cdn.myanimelist.net/img/sp/icon/apple-touch-icon-256.png
897,Sora no Drop,Drop of Sky,空のドロップ,Manga,55,,2002,https://cdn.myanimelist.net/images/manga/3/16228l.jpg
897,Twink☆Twink,,ティンク☆ティンク,Manga,55,,2002,https://cdn.myanimelist.net/images/manga/1/90263l.jpg
901,Club Crime,,CLUB CRIME クラブクライム,Manga,54,,2002,https://cdn.myanimelist.net/images/manga/2/170746l.jpg
901,Gokigen Naname na Series,,ご機嫌ナナメなシーリス,Light Novel,54,,2002,https://cdn.myanimelist.net/images/manga/1/155729l.jpg
901,Love Body!,Love Body!,,Manga,54,,2002,https://cdn.myanimelist.net/images/manga/3/35934l.jpg
901,Oh! Toumei Ningen 21,Oh! Invisible Man 21,Oh!透明人間21,Manga,54,,2002,https://cdn.myanimelist.net/images/manga/1/236085l.jpg
901,Shoujo Hyouhon,,少女標本,Manga,54,,2002,https://cdn.myanimelist.net/images/manga/5/35565l.jpg
901,Tsuki,,憑き,Light Novel,54,,2002,https://cdn.myanimelist.net/images/manga/1/172920l.jpg
907,Infinity Zero,,インフィニティ・ゼロ,Light Novel,53,,2002,https://cdn.myanimelist.net/images/manga/1/175136l.jpg
907,Meitantei Agasa Kurisu!!,,めい探偵網笠栗須!!,Manga,53,,2002,https://cdn.myanimelist.net/images/manga/3/136305l.jpg
907,Shi to Kanojo to Boku: Yukari,"The Death, Her, and Me. Yukari",死と彼女とぼく ゆかり,Manga,53,,2002,https://cdn.myanimelist.net/images/manga/2/294359l.jpg
907,Shopping no Joou,The Queen of Shopping,ショッピングの女王,Manga,53,,2002,https://cdn.myanimelist.net/images/manga/1/151674l.jpg
907,Wild Guardian,,,Manga,53,,2002,https://cdn.myanimelist.net/images/manga/2/19171l.jpg
912,Fukigen na Yuuwaku,,不機嫌な誘惑,Manga,52,,2002,https://cdn.myanimelist.net/images/manga/1/67091l.jpg
912,Gakuen Youtouden,,学園妖討伝,Light Novel,52,,2002,https://cdn.myanimelist.net/images/manga/2/167998l.jpg
912,Magical☆Antique,,まじかる☆アンティーク,Manga,52,,2002,https://cdn.myanimelist.net/images/manga/3/94527l.jpg
912,Realize Me,,Realize Me リアライズ・ミー,Light Novel,52,,2002,https://cdn.myanimelist.net/images/manga/3/172889l.jpg
912,Tennen Mousou Shiyouchuu,,天然妄想使用中,Manga,52,,2002,https://cdn.myanimelist.net/images/manga/1/143885l.jpg
917,Death Jam!,Death Jam!,내츄럴리드미컬,Manhwa,51,,2002,https://cdn.myanimelist.net/images/manga/1/18197l.jpg
917,Mahiru ni Odoru Hanzaisha,The Trouble Shooter,真昼に踊る犯罪者,Light Novel,51,,2002,https://cdn.myanimelist.net/images/manga/1/132005l.jpg
917,Oujisama ga Yatte Kita!,,王子様がやってきた!,Manga,51,,2002,https://cdn.myanimelist.net/images/manga/2/20684l.jpg
917,Pearl Desire: Sennyuu Tokusou Leyla,,パールデザイア 潜入特捜レイラ,Light Novel,51,,2002,https://cdn.myanimelist.net/images/manga/3/167995l.jpg
917,Sacrifice: Seifukugari,,Sacrifice～制服狩り～,Light Novel,51,,2002,https://cdn.myanimelist.net/images/manga/3/172928l.jpg
917,The Big O: Lost Memory,,THEビッグオー LOST MEMORY,Manga,51,,2002,https://cdn.myanimelist.net/images/manga/1/321510l.jpg
923,Cold★Blood,,COLD★BLOOD,Light Novel,50,,2002,https://cdn.myanimelist.net/images/manga/1/153071l.jpg
923,Gatapishi-sha de Ikou!!,,ガタピシ車でいこう!!,Manga,50,,2002,https://cdn.myanimelist.net/images/manga/2/302208l.jpg
923,Gyutto Shite D,,ギュッとしてD,Manga,50,,2002,https://cdn.myanimelist.net/images/manga/1/10003l.jpg
923,Hajirai,,はじらひ,Light Novel,50,,2002,https://cdn.myanimelist.net/images/manga/1/175133l.jpg
923,Harmonizer Elion,,ハーモナイザー・エリオン,Light Novel,50,,2002,https://cdn.myanimelist.net/images/manga/1/162710l.jpg
923,Hentai no Keifu,Pedigree of Hentai,変態の系譜,Manga,50,,2002,https://cdn.myanimelist.net/images/manga/2/266559l.jpg
923,Housekibako: Kodama Yuki Yomikirishuu,,宝石箱 小玉ユキよみきり集,Manga,50,,2002,https://cdn.myanimelist.net/images/manga/3/301956l.jpg
923,Imouto Bloomer: Houkago no Kuikomi Lesson,,いもうとブルマ～放課後のくいこみレッスン～,Light Novel,50,,2002,https://cdn.myanimelist.net/images/manga/3/174679l.jpg
923,Mental♡Guard,,メンタル♡ガード,Manga,50,,2002,https://cdn.myanimelist.net/images/manga/2/135069l.jpg
923,Noroiya Zero,,呪い屋零,Light Novel,50,,2002,https://cdn.myanimelist.net/images/manga/2/169105l.jpg
923,Onegai Kannushi-sama Plus,,お願い・神主さまプラス,Manga,50,,2002,https://cdn.myanimelist.net/images/manga/2/35800l.jpg
923,Overt Prisoner,,オーバートプリズナー,Light Novel,50,,2002,https://cdn.myanimelist.net/images/manga/3/167982l.jpg
923,Rasen Kairou 2,,螺旋回廊2,Light Novel,50,,2002,https://cdn.myanimelist.net/images/manga/2/173295l.jpg
936,Cross: Bukiyou na Oretachi,,CROSS―不器用な俺達―,Light Novel,49,,2002,https://cdn.myanimelist.net/images/manga/4/154558l.jpg
936,Gakuen Black: Hajiryaku no Mind Crime,,学園ブラック 恥略のマインドクライム,Light Novel,49,,2002,https://cdn.myanimelist.net/images/manga/3/170369l.jpg
936,Love Hormone,,ラブホルモン,Manga,49,,2002,https://cdn.myanimelist.net/images/manga/3/149502l.jpg
936,Metamor Fantasy,,メタモルファンタジー,Light Novel,49,,2002,https://cdn.myanimelist.net/images/manga/3/143291l.jpg
936,Ootori Bomber,,鳳ボンバー,Manga,49,,2002,https://cdn.myanimelist.net/images/manga/3/240165l.jpg
941,Duan Surk II,,デュアン・サークII,Light Novel,48,,2002,https://cdn.myanimelist.net/images/manga/3/164408l.jpg
941,Mahou-kei☆Kareshi,Magic Style Boyfriend,魔法系☆彼氏,Manga,48,,2002,https://cdn.myanimelist.net/images/manga/1/165306l.jpg
941,Nude na Shunkan,Nude Moments,ヌードな瞬間,Manga,48,,2002,https://cdn.myanimelist.net/images/manga/1/80557l.jpg
944,Frontier,,フロンティア,Manga,47,,2002,https://cdn.myanimelist.net/images/manga/1/227778l.jpg
944,Hitori de Ikiru mon!,,ひとりで生きるモン!,Manga,47,,2002,https://cdn.myanimelist.net/images/manga/2/106181l.jpg
944,Kigengire no Natsu,It All Ends In Summer,期限切れの夏,One-shot,47,,2002,https://cdn.myanimelist.net/images/manga/3/246033l.jpg
944,Marunouchi Rhapsody,,丸ノ内ラプソディ,Manga,47,,2002,https://cdn.myanimelist.net/images/manga/3/99477l.jpg
944,Shounen Esper Nejime,,少年エスパーねじめ,Manga,47,,2002,https://cdn.myanimelist.net/images/manga/4/209946l.jpg
944,Typhoon Sakusen,,タイフーン作戦,Manga,47,,2002,https://cdn.myanimelist.net/images/manga/3/167677l.jpg
950,Bijo de Yajuu,,美女で野獣,Manga,46,,2002,https://cdn.myanimelist.net/images/manga/1/259223l.jpg
950,Ganbaranakuccha!,,がんばらなくっチャ！,Manga,46,,2002,https://cdn.myanimelist.net/images/manga/3/36833l.jpg
950,Hanamaru!,,はなまるっ!,Manga,46,,2002,https://cdn.myanimelist.net/images/manga/2/151726l.jpg
950,Knight Gunner,,나이트거너,Manhwa,46,,2002,https://cdn.myanimelist.net/images/manga/2/155625l.jpg
950,Last Kiss,,LAST KISS,Light Novel,46,,2002,https://cdn.myanimelist.net/images/manga/1/164396l.jpg
950,Ren'ai Shiokinin!,,恋愛・仕置人！,Manga,46,,2002,https://cdn.myanimelist.net/images/manga/2/11073l.jpg
950,Vampire Maiden: Kokou no Seirei,,ヴァンパイアメイデン 孤高の聖隷,Light Novel,46,,2002,https://cdn.myanimelist.net/images/manga/1/167979l.jpg
957,Himawari no Saku Machi,,ひまわりの咲くまち,Light Novel,45,,2002,https://cdn.myanimelist.net/images/manga/1/173330l.jpg
957,Luwon,,LUWON,Manga,45,,2002,https://cdn.myanimelist.net/images/manga/1/190201l.jpg
957,Noroi no Shiriizu,,呪いのシリーズ,Manga,45,,2002,https://cdn.myanimelist.net/images/manga/3/19170l.jpg
957,Oujo Myriel: Biki to Majuu,,王女ミリエル 美姫と魔獣,Light Novel,45,,2002,https://cdn.myanimelist.net/images/manga/2/175825l.jpg
957,"Silvern: Gin no Tsuki, Mayoi no Mori",,Silvern ～銀の月、迷いの森～,Light Novel,45,,2002,https://cdn.myanimelist.net/images/manga/3/172919l.jpg
962,Bullets & Bandits: Rakuen no Hitsugi,,バレッツ&バンディッツ 楽園の棺,Light Novel,44,,2002,https://cdn.myanimelist.net/images/manga/1/159124l.jpg
962,Hengen Seijo: Sister Guardian,,変幻聖女 シスターガーディアン,Light Novel,44,,2002,https://cdn.myanimelist.net/images/manga/1/175827l.jpg
962,Hirei Choukyoushi,,姫隷調教師,Light Novel,44,,2002,https://cdn.myanimelist.net/images/manga/1/166568l.jpg
962,Keitai Denjuu Telefang 2,,携帯電獣テレファング2,Manga,44,,2002,https://cdn.myanimelist.net/images/manga/1/163732l.jpg
962,Romancing Teacher,,ロマンシング・ティーチャー,Light Novel,44,,2002,https://cdn.myanimelist.net/images/manga/3/153376l.jpg
962,Ten ni Naki Hoshiboshi no Mure: Freda no Sekai,,天になき星々の群れ フリーダの世界,Light Novel,44,,2002,https://cdn.myanimelist.net/images/manga/1/162863l.jpg
962,Tsuki to Anata ni Hanataba wo Remains,,月と貴女に花束をremains,Light Novel,44,,2002,https://cdn.myanimelist.net/images/manga/2/164537l.jpg
969,Funky Servant,,ふぁんきーサーバント,Manga,43,,2002,https://cdn.myanimelist.net/images/manga/2/194163l.jpg
969,Harumagedon,,ハルマゲどん,Manga,43,,2002,https://cdn.myanimelist.net/images/manga/1/31322l.jpg
969,Honoo no Tsuki,,炎の月 ジェニー・シリーズ11,Manga,43,,2002,https://cdn.myanimelist.net/images/manga/1/38963l.jpg
969,Ioujima Gakuen Series,,夷皇島学園シリーズ,Light Novel,43,,2002,https://cdn.myanimelist.net/images/manga/1/124987l.jpg
973,Kaitou Queen Series,,怪盗クイーンシリーズ,Novel,42,,2002,https://cdn.myanimelist.net/images/manga/2/315848l.jpg
973,Long Version,,ロング=バージョン,Manga,42,,2002,https://cdn.myanimelist.net/images/manga/3/97767l.jpg
973,Neko Kaburi no Oujisama,,ネコかぶりの王子様,Light Novel,42,,2002,https://cdn.myanimelist.net/images/manga/3/259140l.jpg
973,New: Maid-san no Gakkou,,new～メイドさんの学校～,Light Novel,42,,2002,https://cdn.myanimelist.net/images/manga/3/172997l.jpg
973,Spice wa Ai?,,スパイスは愛?,Manga,42,,2002,https://cdn.myanimelist.net/images/manga/3/5930l.jpg
978,Ecchi na Koi no Tokkouyaku,,エッチな恋の特効薬,Light Novel,41,,2002,https://cdn.myanimelist.net/images/manga/1/153388l.jpg
978,Himitsu na Futari,,ヒミツなふたり,Light Novel,41,,2002,https://cdn.myanimelist.net/images/manga/2/153352l.jpg
978,Kiken na Kimi mo Warukunai,,危険なキミも悪くない,Light Novel,41,,2002,https://cdn.myanimelist.net/images/manga/2/153394l.jpg
978,Konoha Challenge!,,このはちゃれんじ！,Light Novel,41,,2002,https://cdn.myanimelist.net/images/manga/3/173009l.jpg
978,Tenohira kara Ecstacy,,てのひらからエクスタシー,Light Novel,41,,2002,https://cdn.myanimelist.net/images/manga/1/153370l.jpg
978,Tou no Naka no Himegimi,,塔の中の姫君,Light Novel,41,,2002,https://cdn.myanimelist.net/images/manga/1/175824l.jpg
978,Yuunagi no Machi,,夕なぎの街,Light Novel,41,,2002,https://cdn.myanimelist.net/images/manga/3/159037l.jpg
985,E',,e’(イーダッシュ),Manga,40,,2002,https://cdn.myanimelist.net/images/manga/2/37496l.jpg
985,Ichiban Yu no Kanata,The First Contact Kanata,一番湯のカナタ,Manga,40,,2002,https://cdn.myanimelist.net/images/manga/3/259225l.jpg
985,King of♡Gakuen Labyrinth,,キングオブ♡学園ラビリンス,Light Novel,40,,2002,https://cdn.myanimelist.net/images/manga/1/153377l.jpg
985,Love Teacher wa Fuson na Ookami,,家庭教師〈ラブ・ティーチャー〉は不遜なオオカミ,Light Novel,40,,2002,https://cdn.myanimelist.net/images/manga/2/153347l.jpg
985,Shoukan no Chousensha,,消閑の挑戦者,Light Novel,40,,2002,https://cdn.myanimelist.net/images/manga/2/161319l.jpg
990,Caramel Flavor,Caramel Flavor,キャラメル・フレーバー,Manga,39,,2002,https://cdn.myanimelist.net/images/manga/3/255910l.jpg
990,Kin no Tori no Himitsu,,金の鳥の秘密,Light Novel,39,,2002,https://cdn.myanimelist.net/images/manga/3/153340l.jpg
990,Mienai Kubiwa,,見えない首輪,Light Novel,39,,2002,https://cdn.myanimelist.net/images/manga/3/153395l.jpg
990,Nightingale Gemeinschaft,,Nightingale Gemeinschaft,Manga,39,,2002,https://cdn.myanimelist.net/img/sp/icon/apple-touch-icon-256.png
990,Unmei to Yuuutsu,,運命とユウウツ,Manga,39,,2002,https://cdn.myanimelist.net/images/manga/1/151467l.jpg
995,D-Crackers Short,,Dクラッカーズ・ショート,Light Novel,38,,2002,https://cdn.myanimelist.net/images/manga/3/112959l.jpg
995,Hakuhei Musha: Sengoku Kinsetsu Sentou Souhei Den,,白兵武者 戦国近接戦闘僧兵伝,Manga,38,,2002,https://cdn.myanimelist.net/images/manga/3/230051l.jpg
995,Kaze no Tsuioku,,風の追憶,Manga,38,,2002,https://cdn.myanimelist.net/images/manga/2/128407l.jpg
995,Rush Crash Trespass!,,ラッシュ・くらっしゅ・トレスパス！,Light Novel,38,,2002,https://cdn.myanimelist.net/images/manga/1/159122l.jpg
999,Yuzuriha!,,ゆずりは！,Manga,37,,2002,https://cdn.myanimelist.net/images/manga/2/169258l.jpg
999,Zzim!,Tag! You're It,ZZIM! [찜!],Manhwa,37,,2002,https://cdn.myanimelist.net/images/manga/1/205621l.jpg
1001,Kaettekita Doranko 2,The Return of Doran-Cat 2,帰って来たどらン猫2,Manga,36,,2002,https://cdn.myanimelist.net/images/manga/1/180244l.jpg
1001,Tennen Joshikou Monogatari,,天然女子高物語,Manga,36,,2002,https://cdn.myanimelist.net/images/manga/1/270641l.jpg
1003,Synchro Onchi!,,シンクロオンチ！,Manga,35,,2002,https://cdn.myanimelist.net/images/manga/3/190615l.jpg
1003,Tennen Bad,Nature BAD,天然BAD,Manga,35,,2002,https://cdn.myanimelist.net/images/manga/2/12196l.jpg
1005,Koharu Biyori,,小春びより,Manga,34,,2002,https://cdn.myanimelist.net/images/manga/2/240634l.jpg
1005,Kowashiya Gen,Demolition Man Gen,解体屋〈こわしや〉ゲン,Manga,34,,2002,https://cdn.myanimelist.net/images/manga/3/333140l.jpg
1005,Me to Te de Kanjitai!,,目と手で感じたい!,Manga,34,,2002,https://cdn.myanimelist.net/images/manga/1/173684l.jpg
1005,Natsu no Suisei: Nishijima Daisuke Comics Mishuuroku Sakuhinshuu,,夏の彗星 西島大介コミックス未収録作品集,Manga,34,,2002,https://cdn.myanimelist.net/images/manga/1/230452l.jpg
1005,Nekoneko-tai ga Iku!!,,ねこねこ隊が行く!!,Manga,34,,2002,https://cdn.myanimelist.net/images/manga/2/151495l.jpg
1010,Kono Machi de Kimi ni,,この街で君に,Manga,33,,2002,https://cdn.myanimelist.net/images/manga/2/154283l.jpg
1011,Dokidoki shisugi no Koimonogatari,,どきどきしすぎの恋物語,Manga,32,,2002,https://cdn.myanimelist.net/images/manga/3/285814l.jpg
1011,Flower Shounen,Flower Boys,フラワー少年,Manga,32,,2002,https://cdn.myanimelist.net/images/manga/3/151653l.jpg
1013,Hard Days Nights: Singles,,ハード・デイズ・ナイツ SINGLES,Light Novel,31,,2002,https://cdn.myanimelist.net/images/manga/2/157868l.jpg
1013,Inka,,淫華,Manga,31,,2002,https://cdn.myanimelist.net/images/manga/2/265099l.jpg
1013,Kannousha Saki: Net Stalker no Wana,,感応者SAKI ネットストーカーの罠,Light Novel,31,,2002,https://cdn.myanimelist.net/images/manga/3/162330l.jpg
1013,Money Maker,,マネーメーカー,Manga,31,,2002,https://cdn.myanimelist.net/images/manga/2/38347l.jpg
1013,The Red Bicycle,,빨간 자전거,Manhwa,31,,2002,https://cdn.myanimelist.net/images/manga/3/291905l.jpg
1018,Jigoro Jigorou,,ジゴロ次五郎,Manga,30,,2002,https://cdn.myanimelist.net/images/manga/1/321209l.jpg
1018,Kishi to Onna Touzoku,Robber Bride,騎士と女盗賊,Manga,30,,2002,https://cdn.myanimelist.net/images/manga/1/229609l.jpg
1018,Pararira Roman,,ぱらりらろまん―むっちりむうにい短編集―,Manga,30,,2002,https://cdn.myanimelist.net/images/manga/1/155604l.jpg
1018,Positive Sensei: Ishiguro Masakazu Tanpenshuu,Positive Teacher,ポジティブ先生 石黒正数短編集,Manga,30,,2002,https://cdn.myanimelist.net/images/manga/2/300329l.jpg
1018,Settei 1000 Kyoubou Kishu Settei Kouryaku-hen,,設定1000 凶暴機種設定攻略編,Manga,30,,2002,https://cdn.myanimelist.net/images/manga/1/66905l.jpg
1023,Xiao Ao Jianghu,,笑傲江湖,Manhua,28,,2002,https://cdn.myanimelist.net/images/manga/3/289531l.jpg
1024,Final Fantasy XI,,ファイナルファンタジーXI,Light Novel,27,,2002,https://cdn.myanimelist.net/images/manga/3/322818l.jpg
1024,Yamato Takeru!,,ヤマト猛る!,Manga,27,,2002,https://cdn.myanimelist.net/images/manga/3/283110l.jpg
1026,RJ - Ryuujin,,RJ ーリュージンー,Manga,26,,2002,https://cdn.myanimelist.net/images/manga/3/60139l.jpg
1027,Kakikake no Love Letter,,描きかけのラブレター,Light Novel,25,,2002,https://cdn.myanimelist.net/images/manga/1/241318l.jpg
1028,Organ-Tino,,ORGAN-Tino,Doujinshi,24,,2002,https://cdn.myanimelist.net/images/manga/2/322946l.jpg
1029,"Houkago, Kyoushitsu de.",,放課後、教室で。,Manga,23,,2002,https://cdn.myanimelist.net/images/manga/1/323106l.jpg
1029,Onna no Tamashii,,女のたましい,Manga,23,,2002,https://cdn.myanimelist.net/images/manga/1/154528l.jpg
1031,Ano Yama Koete,,あの山越えて,Manga,22,,2002,https://cdn.myanimelist.net/images/manga/1/329587l.jpg
1031,L-Matrix,,L-MATRIX,Manga,22,,2002,https://cdn.myanimelist.net/images/manga/1/329353l.jpg
1031,Ozone,,オゾン,Manga,22,,2002,https://cdn.myanimelist.net/images/manga/3/284194l.jpg
1031,Super Comic Gekijou: Grandia Xtreme,,スーパーコミック劇場 グランディア エクストリーム,Manga,22,,2002,https://cdn.myanimelist.net/images/manga/3/151582l.jpg
1035,Full Course,,フルコース,Manga,21,,2002,https://cdn.myanimelist.net/images/manga/1/324964l.jpg
1035,Morekko Drill,Morekko Drill,モレっ娘どりる,Manga,21,,2002,https://cdn.myanimelist.net/images/manga/2/304426l.jpg
1037,Inagaki Misao Horror M Senshuu: Brain Cure,,稲垣みさおホラーＭ選集 脳内治療〈ブレーン・キュア〉,Manga,20,,2002,https://cdn.myanimelist.net/images/manga/2/323692l.jpg
1038,Fat Boy Fairytale,Large You Are Loved. Because Your Cool Smell Is Great! It Is in Such Slight Feeling First. It Is Favorite... Mr. Huge Form,FAT BOY FAIRYTALE,Manga,18,,2002,https://cdn.myanimelist.net/images/manga/2/325270l.jpg
1038,Zwei,,II 〈ツヴァイ〉,Manga,18,,2002,https://cdn.myanimelist.net/images/manga/3/291726l.jpg
1040,Momoiro Inside,,桃色inside,Manga,16,,2002,https://cdn.myanimelist.net/images/manga/1/322080l.jpg
1041,Kichiku Houteishiki,Equation of Brutal Person,鬼畜方程式,Manga,14,,2002,https://cdn.myanimelist.net/images/manga/1/340839l.jpg
1041,OL Lunch,,OLランチ,Manga,14,,2002,https://cdn.myanimelist.net/images/manga/2/304017l.jpg
1043,Onna Hen,,女偏,Manga,13,,2002,https://cdn.myanimelist.net/images/manga/1/342439l.jpg
1043,Want,,WANT,Manga,13,,2002,https://cdn.myanimelist.net/images/manga/1/327818l.jpg
1045,Love Champlu,,ラブちゃんぷる,Manga,12,,2002,https://cdn.myanimelist.net/images/manga/2/341317l.jpg
1045,Nakadashi Shojo Shinwa,The Wild Virgin Myth,中出し処女神話,Manga,12,,2002,https://cdn.myanimelist.net/images/manga/1/337164l.jpg
1045,Tadaima Full-House♥,,ただいま満室中♥,Manga,12,,2002,https://cdn.myanimelist.net/images/manga/3/319250l.jpg
1048,Otona Gokko,,大人ごっこ,Manga,11,,2002,https://cdn.myanimelist.net/images/manga/1/336983l.jpg
1049,Densetsu no Janki: Shoichi Ura Pro Muhai Shinwa,,伝説の雀鬼 Shoichi 裏プロ無敗神話,Manga,10,,2002,https://cdn.myanimelist.net/images/manga/1/321923l.jpg
1049,Quanhuang 2001,The King of Fighters 2001,拳皇2001,Manhua,10,,2002,https://cdn.myanimelist.net/images/manga/1/340248l.jpg
1049,Uchi no Ahiru-chan,,うちのあひるちゃん,Manga,10,,2002,https://cdn.myanimelist.net/images/manga/3/309953l.jpg
1052,Online na Kanojo: Mutsuki Tsutomi Sakuhinshuu,,オンラインな彼女―むつきつとむ作品集,Manga,9,,2002,https://cdn.myanimelist.net/images/manga/1/340700l.jpg
1053,Takamare! Takamaru,,たかまれ! タカマル,Manga,7,,2002,https://cdn.myanimelist.net/images/manga/2/344970l.jpg
1054,Hidemaru the Soccer Boy,,ひでまる the soccer boy,Manga,5,,2002,https://cdn.myanimelist.net/images/manga/3/348209l.jpg
