rank,title,title_english,title_japanese,type,members,score,year,image_url
1,Death Note,Death Note,DEATH NOTE,Manga,434537,8.68,2003,https://cdn.myanimelist.net/images/manga/1/258245l.jpg
2,Soul Eater,Soul Eater,SOUL EATER,Manga,216582,8.11,2003,https://cdn.myanimelist.net/images/manga/1/159808l.jpg
3,Yotsuba to!,Yotsuba&!,よつばと!,Manga,181941,8.92,2003,https://cdn.myanimelist.net/images/manga/5/259524l.jpg
4,Homunculus,Homunculus,ホムンクルス,Manga,177495,8.34,2003,https://cdn.myanimelist.net/images/manga/1/318l.jpg
5,Pluto,Pluto: Urasawa x Tezuka,PLUTO,Manga,142178,8.62,2003,https://cdn.myanimelist.net/images/manga/1/264496l.jpg
6,Gintama,Gin Tama,銀魂,Manga,105213,8.65,2003,https://cdn.myanimelist.net/images/manga/3/267795l.jpg
7,Death Note Tanpenshuu,Death Note Short Stories,DEATH NOTE短編集,Manga,103738,7.31,2003,https://cdn.myanimelist.net/images/manga/3/240669l.jpg
8,xxxHOLiC,xxxHOLiC,xxxHOLiC,Manga,93055,8.38,2003,https://cdn.myanimelist.net/images/manga/3/217533l.jpg
9,Tsubasa: RESERVoir CHRoNiCLE,Tsubasa: RESERVoir CHRoNiCLE,ツバサ -RESERVoir CHRoNiCLE-,Manga,86225,8.3,2003,https://cdn.myanimelist.net/images/manga/1/272410l.jpg
10,Mahou Sensei Negima!,Negima! Magister Negi Magi,魔法先生ネギま!,Manga,78065,7.92,2003,https://cdn.myanimelist.net/images/manga/1/259286l.jpg
11,Koukou Debut,High School Debut,高校デビュー,Manga,69655,8.08,2003,https://cdn.myanimelist.net/images/manga/3/265953l.jpg
12,NHK ni Youkoso!,Welcome to the N.H.K.,NHKにようこそ!,Manga,65775,8.12,2003,https://cdn.myanimelist.net/images/manga/1/172691l.jpg
13,Nijigahara Holograph,Nijigahara Holograph,虹ヶ原ホログラフ,Manga,53880,7.47,2003,https://cdn.myanimelist.net/images/manga/2/67543l.jpg
14,Natsume Yuujinchou,Natsume's Book of Friends,夏目友人帳,Manga,50677,8.69,2003,https://cdn.myanimelist.net/images/manga/3/260099l.jpg
15,Shingetsutan Tsukihime,Lunar Legend Tsukihime,真月譚 月姫,Manga,46260,8.17,2003,https://cdn.myanimelist.net/images/manga/2/253328l.jpg
16,Special A,S.A: Special A,S・A スペシャル・エー,Manga,44485,7.9,2003,https://cdn.myanimelist.net/images/manga/2/269702l.jpg
17,Suzumiya Haruhi Series,,涼宮ハルヒシリーズ,Light Novel,41065,8.55,2003,https://cdn.myanimelist.net/images/manga/1/186142l.jpg
18,Zettai Kareshi.,Absolute Boyfriend,絶対彼氏。,Manga,39196,7.67,2003,https://cdn.myanimelist.net/images/manga/1/185981l.jpg
19,Bokurano,Bokurano: Ours,ぼくらの,Manga,38256,8.03,2003,https://cdn.myanimelist.net/images/manga/1/57107l.jpg
20,Karin,Chibi Vampire,かりん,Manga,36922,7.73,2003,https://cdn.myanimelist.net/images/manga/2/181516l.jpg
21,Shigurui,,シグルイ,Manga,34680,8.09,2003,https://cdn.myanimelist.net/images/manga/1/110081l.jpg
22,Saikyou Densetsu Kurosawa,"The Legend of the Strongest, Kurosawa!",最強伝説黒沢,Manga,30105,8.34,2003,https://cdn.myanimelist.net/images/manga/1/262554l.jpg
23,Beauty Pop,Beauty Pop,ビューティーポップ,Manga,29916,8.08,2003,https://cdn.myanimelist.net/images/manga/2/257891l.jpg
24,Historie,Historié,ヒストリエ,Manga,29874,8.26,2003,https://cdn.myanimelist.net/images/manga/2/167504l.jpg
25,Alive: Saishuu Shinkateki Shounen,Alive: The Final Evolution,アライブ 最終進化的少年,Manga,27356,7.8,2003,https://cdn.myanimelist.net/images/manga/1/185482l.jpg
26,Ore to Akuma no Blues,Me and the Devil Blues: The Unreal Life of Robert Johnson,俺と悪魔のブルーズ,Manga,26779,8.05,2003,https://cdn.myanimelist.net/images/manga/5/101327l.jpg
27,Kingdom Hearts,Kingdom Hearts,キングダムハーツ,Manga,24860,7.35,2003,https://cdn.myanimelist.net/images/manga/2/197189l.jpg
28,No.6,,NO.6 (ナンバー・シックス),Novel,23015,8.43,2003,https://cdn.myanimelist.net/images/manga/2/129825l.jpg
29,Baccano!,Baccano!,バッカーノ!,Light Novel,22785,8.55,2003,https://cdn.myanimelist.net/images/manga/2/172736l.jpg
30,Trinity Blood,Trinity Blood,トリニティ・ブラッド,Manga,21753,7.85,2003,https://cdn.myanimelist.net/images/manga/1/164661l.jpg
31,Fullmetal Alchemist,Fullmetal Alchemist,鋼の錬金術師,Light Novel,19229,8.47,2003,https://cdn.myanimelist.net/images/manga/1/202288l.jpg
32,Basilisk: Kouga Ninpouchou,Basilisk: The Kouga Ninja Scrolls,バジリスク～甲賀忍法帖～,Manga,18839,7.48,2003,https://cdn.myanimelist.net/images/manga/2/177216l.jpg
33,Busou Renkin,Buso Renkin,武装錬金,Manga,18217,7.27,2003,https://cdn.myanimelist.net/images/manga/2/149583l.jpg
34,Sunadokei,Sand Chronicles,砂時計,Manga,17903,8.0,2003,https://cdn.myanimelist.net/images/manga/4/213999l.jpg
35,Lucky☆Star,Lucky☆Star,らき☆すた,Manga,17735,7.86,2003,https://cdn.myanimelist.net/images/manga/3/265400l.jpg
36,MÄR,MÄR,MÄR,Manga,17430,7.4,2003,https://cdn.myanimelist.net/images/manga/1/165744l.jpg
37,Wolf's Rain,Wolf's Rain,WOLF'S RAIN,Manga,15431,7.15,2003,https://cdn.myanimelist.net/images/manga/2/181408l.jpg
38,Kimi wa Girlfriend,,キミはガールフレンド,Manga,15329,7.66,2003,https://cdn.myanimelist.net/images/manga/2/269708l.jpg
39,B.O.D.Y.,B.O.D.Y.,B.O.D.Y.,Manga,14725,7.48,2003,https://cdn.myanimelist.net/images/manga/1/176498l.jpg
40,Vampire Juujikai,The Record of a Fallen Vampire,ヴァンパイア十字界,Manga,14148,8.03,2003,https://cdn.myanimelist.net/images/manga/2/145329l.jpg
41,Fushigi Yuugi: Genbu Kaiden,Fushigi Yugi: Genbu Kaiden,ふしぎ遊戯 玄武開伝,Manga,13793,8.15,2003,https://cdn.myanimelist.net/images/manga/2/269289l.jpg
42,Nousatsu Junkie,Nosatsu Junkie,悩殺ジャンキー,Manga,13517,7.98,2003,https://cdn.myanimelist.net/images/manga/3/170561l.jpg
43,Sugar Sugar Rune,Sugar Sugar Rune,シュガシュガルーン,Manga,13434,7.68,2003,https://cdn.myanimelist.net/images/manga/2/263709l.jpg
44,Tokyo Mew Mew à La Mode,Tokyo Mew Mew à La Mode,東京ミュウミュウあ・ら・もーど,Manga,13123,6.4,2003,https://cdn.myanimelist.net/images/manga/4/338226l.jpg
45,Kuchibiru Tameiki Sakurairo,"Kisses, Sighs, and Cherry Blossoms Pink",くちびるためいきさくらいろ,Manga,12548,7.48,2003,https://cdn.myanimelist.net/images/manga/1/73503l.jpg
46,Tsuki no Shippo,Tail of the Moon,月のしっぽ,Manga,12002,7.97,2003,https://cdn.myanimelist.net/images/manga/3/160615l.jpg
47,Tokyo Akazukin,Tokyo Red Hood,東京赤ずきん,Manga,11951,6.38,2003,https://cdn.myanimelist.net/images/manga/1/255705l.jpg
48,Majo,Witches,魔女,Manga,10981,7.23,2003,https://cdn.myanimelist.net/images/manga/2/252544l.jpg
49,Ookiku Furikabutte,,おおきく振りかぶって,Manga,10885,8.2,2003,https://cdn.myanimelist.net/images/manga/2/255072l.jpg
50,Shinseiki Evangelion: Koutetsu no Girlfriend 2nd,Neon Genesis Evangelion: Angelic Days,新世紀エヴァンゲリオン 鋼鉄のガールフレンド2nd,Manga,10663,6.6,2003,https://cdn.myanimelist.net/images/manga/3/145059l.jpg
51,Hybrid Child,Hybrid Child,Hybrid Child,Manga,10635,7.8,2003,https://cdn.myanimelist.net/images/manga/3/129067l.jpg
52,Wanted,Wanted,WANTED,Manga,10622,7.3,2003,https://cdn.myanimelist.net/images/manga/2/165150l.jpg
53,Ahiru no Sora,,あひるの空,Manga,10562,7.6,2003,https://cdn.myanimelist.net/images/manga/2/311018l.jpg
54,Needless,,ニードレス,Manga,10216,7.62,2003,https://cdn.myanimelist.net/images/manga/2/55177l.jpg
55,Ciguatera,Ciguatera,シガテラ,Manga,10093,7.09,2003,https://cdn.myanimelist.net/images/manga/1/50899l.jpg
56,Yuunagi no Machi Sakura no Kuni,"Town of Evening Calm, Country of Cherry Blossoms",夕凪の街 桜の国,Manga,10022,7.33,2003,https://cdn.myanimelist.net/images/manga/1/114169l.jpg
57,Shoujo Sect,,少女セクト,Manga,9926,6.99,2003,https://cdn.myanimelist.net/images/manga/2/111587l.jpg
58,Silver Diamond,Silver Diamond,SILVER DIAMOND -シルバー ダイヤモンド-,Manga,9899,8.21,2003,https://cdn.myanimelist.net/images/manga/3/190777l.jpg
59,CUT,CUT,クット,Manga,9156,7.85,2003,https://cdn.myanimelist.net/images/manga/1/282534l.jpg
60,Tenshi ja Nai!!,I'm no Angel!,天使じゃない！！,Manga,9066,7.88,2003,https://cdn.myanimelist.net/images/manga/3/217l.jpg
61,Tough,,TOUGH－タフ－,Manga,8978,7.55,2003,https://cdn.myanimelist.net/images/manga/1/75357l.jpg
62,Forget Me Not,Forget-Me-Not,フォゲットミーナット,Manga,8885,6.31,2003,https://cdn.myanimelist.net/images/manga/3/64987l.jpg
63,Ressentiment,,ルサンチマン,Manga,8865,7.05,2003,https://cdn.myanimelist.net/images/manga/2/52573l.jpg
64,Avant-garde Yumeko,Avant-garde Yumeko,アバンギャルド夢子,Manga,8848,5.55,2003,https://cdn.myanimelist.net/images/manga/4/90269l.jpg
65,Saboten no Himitsu,Cactus's Secret,サボテンの秘密,Manga,8710,7.44,2003,https://cdn.myanimelist.net/images/manga/2/123137l.jpg
66,B Reaction,B Reaction,B.リアクション!,Manga,8602,6.67,2003,https://cdn.myanimelist.net/images/manga/2/15045l.jpg
67,Kurosagi,The Black Swindler,クロサギ,Manga,8547,7.38,2003,https://cdn.myanimelist.net/images/manga/2/161298l.jpg
68,Gosick,Gosick,GOSICK -ゴシック-,Light Novel,8475,8.06,2003,https://cdn.myanimelist.net/images/manga/2/108085l.jpg
69,Ikoku Irokoi Romantan,A Foreign Love Affair,異国色恋浪漫譚,Manga,7955,7.48,2003,https://cdn.myanimelist.net/images/manga/2/277129l.jpg
70,Beelzebub Maou Gaiden,,べるぜバブ魔王外伝: 田村隆平短編集,Manga,7543,7.61,2003,https://cdn.myanimelist.net/images/manga/1/66289l.jpg
71,7 Jikan-me Rhapsody,,7時間目ラプソディー,Manga,7301,7.35,2003,https://cdn.myanimelist.net/images/manga/1/276110l.jpg
72,IS: Otoko demo Onna demo Nai Sei,,IS ～男でも女でもない性～,Manga,7230,7.81,2003,https://cdn.myanimelist.net/images/manga/3/208862l.jpg
73,Maka-Maka,,MAKA-MAKA,Manga,7219,7.18,2003,https://cdn.myanimelist.net/images/manga/2/13701l.jpg
74,Sensitive Pornograph,Sensitive Pornograph,センシティブ・ポルノグラフ,Manga,7117,7.13,2003,https://cdn.myanimelist.net/images/manga/1/9054l.jpg
75,Strawberry Shake Sweet,,ストロベリーシェイクSWEET,Manga,6859,7.73,2003,https://cdn.myanimelist.net/images/manga/3/10151l.jpg
76,Capeta,Capeta,カペタ,Manga,6711,8.18,2003,https://cdn.myanimelist.net/images/manga/3/286585l.jpg
77,Eien no With,,永遠のウィズ,Manga,6577,7.91,2003,https://cdn.myanimelist.net/images/manga/3/19931l.jpg
78,Under (xGround) Grand Hotel,Under (xGround) Grand Hotel,アンダーグラ〔×ウ〕ンドホテル,Manga,6439,7.82,2003,https://cdn.myanimelist.net/images/manga/3/323416l.jpg
79,H³ School,Happy Hustle High,H³スクール!,Manga,6363,7.54,2003,https://cdn.myanimelist.net/images/manga/1/172987l.jpg
79,Zero In,,ゼロイン ZEROIN,Manga,6363,7.3,2003,https://cdn.myanimelist.net/images/manga/3/292401l.jpg
81,Zone,Zone,ディーグレイマン (ゾーン),One-shot,6360,6.98,2003,https://cdn.myanimelist.net/images/manga/3/6428l.jpg
82,Love♡Lucky!,,ラブ♡らっきぃ,Manga,6325,7.4,2003,https://cdn.myanimelist.net/images/manga/3/125161l.jpg
83,Mikai no Hoshi,Uncivilized Planet,未開の惑星〈ほし〉,Manga,6166,6.94,2003,https://cdn.myanimelist.net/images/manga/2/274242l.jpg
84,Ameiro Kouchakan Kandan,Ameiro Kochakan Kandan,飴色紅茶館歓談,Manga,5986,7.38,2003,https://cdn.myanimelist.net/images/manga/1/26092l.jpg
85,Shaman Warrior,Shaman Warrior,단구,Manhwa,5974,7.22,2003,https://cdn.myanimelist.net/images/manga/3/34013l.jpg
86,Glaucos,,Glaucos,Manga,5933,7.02,2003,https://cdn.myanimelist.net/images/manga/3/212670l.jpg
87,C.A.T.,,密殺戰群,Manhua,5871,7.06,2003,https://cdn.myanimelist.net/images/manga/1/54565l.jpg
88,"Sekai no Chuushin de, Ai wo Sakebu",Socrates in Love,世界の中心で、愛をさけぶ,Manga,5716,7.65,2003,https://cdn.myanimelist.net/images/manga/2/343811l.jpg
89,Crazy for You,Crazy for You,CRAZY FOR YOU,Manga,5621,7.08,2003,https://cdn.myanimelist.net/images/manga/3/139647l.jpg
90,Shirley,Shirley,シャーリー,Manga,5554,7.49,2003,https://cdn.myanimelist.net/images/manga/2/138339l.jpg
91,Dog Style,,DOGスタイル～みなもと悠短編集～,Manga,5297,6.75,2003,https://cdn.myanimelist.net/images/manga/1/168925l.jpg
92,Saru Lock,,猿ロック,Manga,5283,7.38,2003,https://cdn.myanimelist.net/images/manga/3/254234l.jpg
93,Penguin Prince,,ペンギンプリンス,Manga,5259,7.59,2003,https://cdn.myanimelist.net/images/manga/2/171758l.jpg
94,Gakkou no Ojikan,,学校のおじかん,Manga,4985,7.34,2003,https://cdn.myanimelist.net/images/manga/1/5744l.jpg
95,Yurara no Tsuki,Yurara,ゆららの月,Manga,4974,7.41,2003,https://cdn.myanimelist.net/images/manga/3/270287l.jpg
96,No Color,No Color,ノーカラー,Manga,4929,7.67,2003,https://cdn.myanimelist.net/images/manga/3/18822l.jpg
97,Oniichan to Issho,Me & My Brothers,お兄ちゃんと一緒,Manga,4921,7.58,2003,https://cdn.myanimelist.net/images/manga/2/166809l.jpg
98,Wild Life,,ワイルドライフ,Manga,4862,7.71,2003,https://cdn.myanimelist.net/images/manga/3/17923l.jpg
99,Dear Friends: Rina & Maki,,Dear Friends リナ＆マキ,Manga,4699,7.44,2003,https://cdn.myanimelist.net/images/manga/2/124827l.jpg
100,Haru Natsu Aki Fuyu,HARU-NATSU-AKI-FUYU,春夏秋冬,Manga,4629,7.18,2003,https://cdn.myanimelist.net/images/manga/2/268896l.jpg
101,Hanako to Guuwa no Teller,Hanako and the Terror of Allegory,花子と寓話のテラー,Manga,4590,7.27,2003,https://cdn.myanimelist.net/images/manga/3/179322l.jpg
102,14R,,14R -じゅーよんあーる-,Manga,4545,6.86,2003,https://cdn.myanimelist.net/images/manga/3/110813l.jpg
103,Itadakimasu,,いただきます,Manga,4303,7.31,2003,https://cdn.myanimelist.net/images/manga/5/15572l.jpg
104,Help!!,,HELP!!,Manga,4240,7.48,2003,https://cdn.myanimelist.net/images/manga/1/270290l.jpg
105,Tokkou,Tokko,TOKKÔ 特公,Manga,4226,6.6,2003,https://cdn.myanimelist.net/images/manga/2/4898l.jpg
106,Battle Royale II: Blitz Royale,,BRII／ブリッツ・ロワイアル,Manga,4221,4.4,2003,https://cdn.myanimelist.net/images/manga/1/200210l.jpg
107,Calorie,,熱量～カロリー～,Manga,4203,7.46,2003,https://cdn.myanimelist.net/images/manga/4/281559l.jpg
108,Ookami Nanka Kowakunai!?,Who is afraid of Wolves!?,オオカミなんかコワくないっ！？,Manga,4172,7.1,2003,https://cdn.myanimelist.net/images/manga/3/10358l.jpg
109,Rosario to Vampire: Prototype,,プロトタイプ版 ロザリオとバンパイア,One-shot,4155,6.68,2003,https://cdn.myanimelist.net/images/manga/3/41994l.jpg
110,Love & Sex,,LOVE&SEX,Manga,4126,6.54,2003,https://cdn.myanimelist.net/images/manga/2/7673l.jpg
111,Empty Heart: Itsuwari no Koi Dakara,Empty Heart: False Love,empty heart〜偽りの恋だから〜,Manga,4091,7.39,2003,https://cdn.myanimelist.net/images/manga/4/220605l.jpg
112,Red Lion,,레드 라이온,Manhwa,4009,7.51,2003,https://cdn.myanimelist.net/images/manga/1/125951l.jpg
113,Skyhigh: Karma,,スカイハイ カルマ,Manga,3935,7.25,2003,https://cdn.myanimelist.net/images/manga/1/133015l.jpg
114,Chou ni Naru Hi,The Day I Become a Butterfly,チョウになる日。,Manga,3934,7.55,2003,https://cdn.myanimelist.net/images/manga/4/21393l.jpg
115,Chocotto Sister,Chocotto Sister,ちょこッとSister,Manga,3916,7.08,2003,https://cdn.myanimelist.net/images/manga/2/752l.jpg
116,Hayate x Blade,Hayate x Blade,はやて×ブレード,Manga,3915,7.48,2003,https://cdn.myanimelist.net/images/manga/3/4812l.jpg
117,Magetsukan Kitan,,魔月館奇譚; まげつかんきたん,Manga,3901,6.85,2003,https://cdn.myanimelist.net/images/manga/1/62419l.jpg
118,Suppli,Suppli,サプリ,Manga,3837,7.32,2003,https://cdn.myanimelist.net/images/manga/1/204425l.jpg
119,Hatsukoi Shimai,First Love Sisters,初恋姉妹,Manga,3812,7.29,2003,https://cdn.myanimelist.net/images/manga/1/280726l.jpg
120,Me wo Mite Hanase,Look Me in the Eyes When You Talk,目を見て話せ,One-shot,3774,6.85,2003,https://cdn.myanimelist.net/images/manga/3/12249l.jpg
121,Line,Line,ライン,Manga,3757,6.5,2003,https://cdn.myanimelist.net/images/manga/1/312399l.jpg
122,Gang King,Gang King,ギャングキング,Manga,3649,7.42,2003,https://cdn.myanimelist.net/images/manga/3/167766l.jpg
123,Yoroshiku Master,Sweet Rein,よろしく・マスター,Manga,3638,7.35,2003,https://cdn.myanimelist.net/images/manga/2/5958l.jpg
124,Saa Koi ni Ochitamae,Fall in love with me,さあ恋におちたまえ,Manga,3618,7.73,2003,https://cdn.myanimelist.net/images/manga/3/6061l.jpg
125,Kirepapa,Kirepapa,キレパパ。,Manga,3583,7.27,2003,https://cdn.myanimelist.net/images/manga/2/11254l.jpg
126,Zero Count,,ゼロカウント,Manga,3582,7.09,2003,https://cdn.myanimelist.net/images/manga/1/270454l.jpg
127,Toki wo Kakeru Shoujo,The Girl Who Runs Through Time,時をかける少女,Manga,3525,7.06,2003,https://cdn.myanimelist.net/images/manga/3/120293l.jpg
128,Legend of Nereid,,네레이드의 전설,Manhwa,3478,7.33,2003,https://cdn.myanimelist.net/images/manga/1/5626l.jpg
129,Show Me The Money,,搶錢女神,Manhua,3373,7.02,2003,https://cdn.myanimelist.net/images/manga/3/25105l.jpg
130,Can't Lose You,Can't Lose You,세상과도 바꿀 수 없어,Manhwa,3331,7.61,2003,https://cdn.myanimelist.net/images/manga/2/267569l.jpg
131,Koi Cha No Osahou,Tea for Two,コイ茶のお作法,Manga,3315,7.55,2003,https://cdn.myanimelist.net/images/manga/1/24767l.jpg
132,Qko-chan,Q.ko-chan the Earth Invader Girl,QコちゃんTHE地球侵略少女,Manga,3276,6.35,2003,https://cdn.myanimelist.net/images/manga/2/723l.jpg
133,Orange Kiss,,オレンジ・キス,Manga,3231,7.16,2003,https://cdn.myanimelist.net/images/manga/2/183165l.jpg
134,Hanbun no Tsuki ga Noboru Sora,,半分の月がのぼる空,Light Novel,3188,7.83,2003,https://cdn.myanimelist.net/images/manga/1/119061l.jpg
135,Bond(z),Bond(z),ボンズ,Manga,3181,7.55,2003,https://cdn.myanimelist.net/images/manga/1/6150l.jpg
136,Tenshi no Naka ni Akuma Ari,The Devil Within,天使の中に悪魔アリ,Manga,3176,6.81,2003,https://cdn.myanimelist.net/images/manga/2/248l.jpg
137,Jigoku no Kisetsu: Gurolism Sengen,,地獄の季節 ―グロリズム宣言―,Manga,3161,5.58,2003,https://cdn.myanimelist.net/images/manga/2/49233l.jpg
138,Goggles,,ゴーグル,Manga,3160,7.21,2003,https://cdn.myanimelist.net/images/manga/1/82178l.jpg
139,Maria-sama ga Miteru,The Virgin Mary is Watching,マリア様がみてる,Manga,3112,7.59,2003,https://cdn.myanimelist.net/images/manga/2/101085l.jpg
140,Shin Kozure Ookami: Lone Wolf,New Lone Wolf & Cub,新・子連れ狼 LONE WOLF,Manga,3095,7.33,2003,https://cdn.myanimelist.net/images/manga/2/62443l.jpg
141,Tokage Ouji,The Lizard Prince,トカゲの王子,Manga,3039,7.37,2003,https://cdn.myanimelist.net/images/manga/2/4685l.jpg
142,Kamiyadori,Kamiyadori,カミヤドリ,Manga,3006,6.74,2003,https://cdn.myanimelist.net/images/manga/2/56049l.jpg
143,Owari no Chronicle,,終わりのクロニクル,Light Novel,2956,7.8,2003,https://cdn.myanimelist.net/images/manga/4/324176l.jpg
144,Muv-Luv,,マブラヴ,Manga,2915,6.37,2003,https://cdn.myanimelist.net/images/manga/3/135017l.jpg
145,Makai Senki Disgaea,Disgaea,魔界戦記ディスガイア,Manga,2900,7.04,2003,https://cdn.myanimelist.net/images/manga/1/172721l.jpg
146,Heaven!!,Heaven!!,HEAVEN!!,Manga,2898,7.31,2003,https://cdn.myanimelist.net/images/manga/3/144089l.jpg
147,Gakuen Tengoku,Gakuen Heaven,学園天国,Manga,2886,6.22,2003,https://cdn.myanimelist.net/images/manga/1/53797l.jpg
148,Sister Generator,Hiroaki Samura's Emerald and Other Stories,シスタージェネレーター 沙村広明短編集,Manga,2875,7.12,2003,https://cdn.myanimelist.net/images/manga/2/142161l.jpg
149,Itoshi no Goshujinsama,,いとしのご主人サマ,Manga,2874,6.86,2003,https://cdn.myanimelist.net/images/manga/3/335539l.jpg
150,Honey Bitter,,Honey Bitter,Manga,2864,7.27,2003,https://cdn.myanimelist.net/images/manga/2/187416l.jpg
151,Odoru! Kremlin Kyuuden,,踊る!クレムリン御殿,Manga,2855,6.6,2003,https://cdn.myanimelist.net/images/manga/2/149395l.jpg
152,Shuffle!,Shuffle!,SHUFFLE!,Manga,2817,7.36,2003,https://cdn.myanimelist.net/images/manga/1/157292l.jpg
153,37°C Kiss,37°C Kiss,37°Cキッス,Manga,2796,6.63,2003,https://cdn.myanimelist.net/images/manga/2/11398l.jpg
154,Ikenai Teacher☆Iketeru Darling,,いけないティーチャー☆イケてるダーリン,Manga,2785,6.76,2003,https://cdn.myanimelist.net/images/manga/5/28437l.jpg
155,Heaven's Door,Heaven's Door,ヘヴンズ ドア,Manga,2773,6.77,2003,https://cdn.myanimelist.net/images/manga/1/25169l.jpg
156,Oyayubi kara Romance,The Magic Touch,親指からロマンス,Manga,2772,7.36,2003,https://cdn.myanimelist.net/images/manga/1/270465l.jpg
157,Kimi ni shika Kikoenai,Calling You,きみにしか聞こえない,Manga,2758,7.27,2003,https://cdn.myanimelist.net/images/manga/3/262341l.jpg
158,Dakishimete! Noir,,抱きしめて！ノアール,Manga,2754,6.84,2003,https://cdn.myanimelist.net/images/manga/3/117347l.jpg
159,Midori no Ou,Verdant Lord,緑の王 VERDANT LORD,Manga,2748,6.81,2003,https://cdn.myanimelist.net/images/manga/3/287928l.jpg
160,Skyhigh: Shinshou,,スカイハイ・新章,Manga,2738,7.32,2003,https://cdn.myanimelist.net/images/manga/3/128401l.jpg
161,Oh! My Maid,,OH! MY メイド,Manga,2685,6.85,2003,https://cdn.myanimelist.net/images/manga/3/142567l.jpg
162,Saiunkoku Monogatari,The Story of Saiunkoku,彩雲国物語,Light Novel,2676,7.65,2003,https://cdn.myanimelist.net/images/manga/3/21591l.jpg
163,Chaosic Rune,,カオシックルーン,Manga,2674,6.72,2003,https://cdn.myanimelist.net/images/manga/3/183912l.jpg
163,Saihate no Kimi e,To You Who Are in the Furthest Limit,最果ての君へ,Manga,2674,7.35,2003,https://cdn.myanimelist.net/images/manga/1/313993l.jpg
165,Maburaho,Maburaho,まぶらほ,Manga,2666,6.51,2003,https://cdn.myanimelist.net/images/manga/2/180924l.jpg
166,Astro Boy: Tetsuwan Atom,,ASTRO BOY 鉄腕アトム,Manga,2662,6.77,2003,https://cdn.myanimelist.net/images/manga/3/132309l.jpg
167,Shiritsu! Bijinzaka Joshi Koukou,Bijinzaka Private Girls High School,私立！美人坂女子高校,Manga,2642,7.15,2003,https://cdn.myanimelist.net/images/manga/3/207277l.jpg
168,Zion no Koeda,,ザイオンの小枝,Manga,2583,6.89,2003,https://cdn.myanimelist.net/images/manga/3/339169l.jpg
169,Kieli,,キーリ,Light Novel,2572,7.73,2003,https://cdn.myanimelist.net/images/manga/3/121717l.jpg
170,Cotton,,Cotton,Manga,2561,6.93,2003,https://cdn.myanimelist.net/images/manga/3/164518l.jpg
171,Renai Kyoutei: Nukegake Nashi!,,恋愛協定 ～抜け駆けナシ!,Manga,2452,7.35,2003,https://cdn.myanimelist.net/images/manga/2/156069l.jpg
172,Sekai wa Happy de Dekiteru,,世界はハッピーでできてる,Manga,2442,7.32,2003,https://cdn.myanimelist.net/images/manga/3/148701l.jpg
173,Da Capo,,,Manga,2432,6.69,2003,https://cdn.myanimelist.net/images/manga/5/31756l.jpg
174,Piece of Cake,,ピース オブ ケイク,Manga,2402,7.04,2003,https://cdn.myanimelist.net/images/manga/4/5479l.jpg
175,18 Diary,,18diary,Manga,2399,6.98,2003,https://cdn.myanimelist.net/images/manga/1/25879l.jpg
176,I Accept You,,넌 내가 접수한다,Manhwa,2379,7.15,2003,https://cdn.myanimelist.net/images/manga/2/156340l.jpg
177,Gaku,,岳,Manga,2377,7.56,2003,https://cdn.myanimelist.net/images/manga/3/209662l.jpg
178,Voiceful,Voiceful,voiceful,Manga,2372,6.63,2003,https://cdn.myanimelist.net/images/manga/3/152350l.jpg
179,Sei Sou Tsui Dan Sha,They'll Make a Man Out of You,精装追男姐,Manga,2370,7.2,2003,https://cdn.myanimelist.net/images/manga/2/156605l.jpg
180,Love Round!!,,LOVE ROUND!!,Manga,2296,7.1,2003,https://cdn.myanimelist.net/images/manga/2/283853l.jpg
181,Futari Ecchi for Ladies,Futari Ecchi for Ladies,ふたりエッチ for Ladies,Manga,2245,6.86,2003,https://cdn.myanimelist.net/images/manga/5/5869l.jpg
182,Kakutoshi no Yume,Hallucination from the Womb,殻都市の夢,Manga,2202,6.96,2003,https://cdn.myanimelist.net/images/manga/3/177399l.jpg
183,Etsusa Oohashi Series,,越佐大橋シリーズ,Light Novel,2190,7.4,2003,https://cdn.myanimelist.net/images/manga/1/212594l.jpg
184,Wild da mon♥,Wild@Heart,ワイルドだもん♥,Manga,2186,7.19,2003,https://cdn.myanimelist.net/images/manga/1/169536l.jpg
185,Divine Melody,,仙曲,Manhua,2170,7.27,2003,https://cdn.myanimelist.net/images/manga/1/1392l.jpg
185,Magikano,,マジカノ,Manga,2170,6.83,2003,https://cdn.myanimelist.net/images/manga/4/9633l.jpg
187,...Virgin Love,,…ヴァージンラブ。,Manga,2158,7.02,2003,https://cdn.myanimelist.net/images/manga/2/73505l.jpg
188,Motto Oshiete♡,,もっと教えて♡,Manga,2139,6.36,2003,https://cdn.myanimelist.net/images/manga/2/143883l.jpg
189,Kabocha no Bouken,Adventure of Kabocha,カボチャの冒険,Manga,2119,6.96,2003,https://cdn.myanimelist.net/images/manga/2/226877l.jpg
190,Yoningurashi,,よにんぐらし,Manga,2115,7.19,2003,https://cdn.myanimelist.net/images/manga/3/277814l.jpg
191,Sakura Rhythm,,サクラリズム,Manga,2082,7.2,2003,https://cdn.myanimelist.net/images/manga/2/328276l.jpg
192,Luno,,Luno,Manga,2048,6.36,2003,https://cdn.myanimelist.net/images/manga/3/6164l.jpg
193,Karin Zouketsuki,Chibi Vampire: The Novel,かりん 増血記,Light Novel,2043,7.42,2003,https://cdn.myanimelist.net/images/manga/1/86977l.jpg
194,Hachimitsu no Hana,,はちみつの花,Manga,2020,7.18,2003,https://cdn.myanimelist.net/images/manga/1/293836l.jpg
195,Idenshi Level Tsurugi,,おおひなたごう短篇集・遺伝子レベル剣,Manga,2012,6.11,2003,https://cdn.myanimelist.net/images/manga/2/170787l.jpg
196,Baku Ai,,縛†愛,One-shot,2005,6.2,2003,https://cdn.myanimelist.net/images/manga/2/4057l.jpg
197,Redrum 327,,레드럼 327,Manhwa,2004,6.96,2003,https://cdn.myanimelist.net/images/manga/3/30456l.jpg
198,Junjou Romantica dj - Chika*Chika Cheap★Star,,Chika*Chika Cheap★Star,Doujinshi,2001,7.55,2003,https://cdn.myanimelist.net/images/manga/1/9667l.jpg
198,Kedamono Damono,,けだものだもの,Manga,2001,6.8,2003,https://cdn.myanimelist.net/images/manga/2/202951l.jpg
200,Ojousama to Youkai Shitsuji,,お嬢様と妖怪執事 ―藤原ここあ短編集―,Manga,1987,6.78,2003,https://cdn.myanimelist.net/images/manga/1/181073l.jpg
201,Ningyo Ouji,,人魚王子,Manga,1983,7.07,2003,https://cdn.myanimelist.net/images/manga/2/4554l.jpg
202,Arcana,Arcana,아르카나,Manhwa,1966,6.87,2003,https://cdn.myanimelist.net/images/manga/2/263936l.jpg
203,W.I.T.C.H.,,ウィッチ -W.I.T.C.H.-,Manga,1950,7.39,2003,https://cdn.myanimelist.net/images/manga/2/265656l.jpg
204,Rakuen,Passion Fruit,楽園,Manga,1945,6.97,2003,https://cdn.myanimelist.net/images/manga/2/39991l.jpg
205,Haitoku no Love Sick,Immoral Lovesickness,背徳のラブ・シック; 背徳のラブシック,Manga,1941,6.97,2003,https://cdn.myanimelist.net/images/manga/1/30166l.jpg
206,Glittering X-Mas Story 2003,Glittering X-Mas Story 2003,キラめきのXmas☆Story 2003,Manga,1936,7.22,2003,https://cdn.myanimelist.net/images/manga/1/26655l.jpg
207,Cloth Road,,クロスロオド,Manga,1908,7.15,2003,https://cdn.myanimelist.net/images/manga/1/275969l.jpg
208,Honki ja Nee kara,,本気じゃねえから,Manga,1901,7.24,2003,https://cdn.myanimelist.net/images/manga/3/82304l.jpg
209,Wild Kiss,,WILD KISS,One-shot,1893,6.55,2003,https://cdn.myanimelist.net/images/manga/3/286040l.jpg
210,XS Hybrid,XS Hybrid,XS엑세스,Manhwa,1882,6.99,2003,https://cdn.myanimelist.net/images/manga/1/265048l.jpg
211,Erementar Gerad: Aozora no Senki,Erementar Gerade: Flag of Bluesky,EREMENTAR GERAD －蒼空の戦旗－,Manga,1879,7.05,2003,https://cdn.myanimelist.net/images/manga/2/158740l.jpg
212,Lapis Lazuli no Oukan,The Lapis Lazuli Crown,ラピスラズリの王冠,Manga,1877,7.37,2003,https://cdn.myanimelist.net/images/manga/3/10065l.jpg
213,Continue,,コンティニュー,One-shot,1873,6.55,2003,https://cdn.myanimelist.net/images/manga/3/270791l.jpg
214,Darenimo Aisarenai,No One Loves Me,誰にも愛されない,Manga,1855,7.33,2003,https://cdn.myanimelist.net/images/manga/2/284309l.jpg
215,A Girls,,ア ガールズ,Manga,1851,6.36,2003,https://cdn.myanimelist.net/images/manga/1/34978l.jpg
215,Bokusatsu Tenshi Dokuro-chan,,撲殺天使ドクロちゃん,Light Novel,1851,6.84,2003,https://cdn.myanimelist.net/images/manga/1/189397l.jpg
217,Renai à la Carte!,Love a La Carte!,レンアイ・アラカルト!,Manga,1831,7.08,2003,https://cdn.myanimelist.net/images/manga/3/267689l.jpg
218,Naruto: Takigakure no Shitou Ore ga Hero dattebayo!,Naruto - Mission: Protect the Waterfall Village!,NARUTO 滝隠れの死闘 オレが英雄だってばよ!,Light Novel,1802,6.7,2003,https://cdn.myanimelist.net/images/manga/2/261417l.jpg
219,Gold,Gold,ゴールド,Manga,1800,7.11,2003,https://cdn.myanimelist.net/images/manga/1/53617l.jpg
220,Try Me Boy!,,Try Me Boy!,Manga,1798,7.15,2003,https://cdn.myanimelist.net/images/manga/2/50369l.jpg
221,Konya mo Hitori de Nemurenai,I Can't Sleep Alone,今夜も一人で眠れない; 今夜も一人で眠れない / ちゃおホラーコレクション 3,Manga,1795,6.67,2003,https://cdn.myanimelist.net/images/manga/1/6359l.jpg
222,Hoshigari Love Dollar,,,Manga,1789,6.87,2003,https://cdn.myanimelist.net/images/manga/1/1958l.jpg
223,Hotel Traffic,,ホテルトラフィック,One-shot,1741,6.8,2003,https://cdn.myanimelist.net/images/manga/3/152828l.jpg
224,Maniattemasu!,No Thanks!,まにあってます！,Manga,1720,6.74,2003,https://cdn.myanimelist.net/images/manga/1/702l.jpg
225,Okitsune-sama de Chu,,おキツネさまでChu♥,Manga,1718,6.12,2003,https://cdn.myanimelist.net/images/manga/2/56309l.jpg
226,Hatsukare,,ハツカレ,Manga,1690,7.18,2003,https://cdn.myanimelist.net/images/manga/1/4784l.jpg
227,Dear Green,,ディア・グリーン,Manga,1689,7.24,2003,https://cdn.myanimelist.net/images/manga/1/5937l.jpg
228,Be My Sweet Darling,,스위트 달링이 되어줘,Manhwa,1688,6.58,2003,https://cdn.myanimelist.net/images/manga/5/263935l.jpg
229,Doku no Aji,,毒の味,One-shot,1683,7.04,2003,https://cdn.myanimelist.net/images/manga/2/272697l.jpg
230,Cheers!,,Cheers！,Manga,1678,6.98,2003,https://cdn.myanimelist.net/images/manga/5/34587l.jpg
231,Kamisama Damono♥,Because I'm the Goddess,神様だもの♥,Manga,1648,6.72,2003,https://cdn.myanimelist.net/images/manga/1/625l.jpg
232,Shinobi no Onna,,忍びのオンナ,Manga,1635,6.88,2003,https://cdn.myanimelist.net/images/manga/1/36328l.jpg
233,Igyoujin Oniwakamaru,,異形人おに若丸,Manga,1634,6.51,2003,https://cdn.myanimelist.net/images/manga/2/85373l.jpg
234,Shinigami no Ballad.,Ballad of a Shinigami,しにがみのバラッド。,Light Novel,1617,7.68,2003,https://cdn.myanimelist.net/images/manga/3/148457l.jpg
235,Nishi no Yoki Majo,The Good Witch of the West,西の善き魔女,Manga,1601,7.32,2003,https://cdn.myanimelist.net/images/manga/3/140421l.jpg
236,Bitter: Nakechau Koi Monogatari,,BITTER 泣けちゃう恋物語,Manga,1600,6.81,2003,https://cdn.myanimelist.net/images/manga/1/263213l.jpg
237,Tou no Kemono,Beast of the Tower,塔の獣,Manga,1598,7.09,2003,https://cdn.myanimelist.net/images/manga/3/157963l.jpg
238,Wagamama dakedo Itoshikute,,ワガママだけど愛しくて,Manga,1596,7.21,2003,https://cdn.myanimelist.net/images/manga/2/18870l.jpg
239,Cristo,Cristo,クリスト―橙眼のメシア―,Manga,1592,6.75,2003,https://cdn.myanimelist.net/images/manga/1/11004l.jpg
240,Hoshigari na Kimi to Futsutsuka na Boku,,欲しがりな君と不束な僕,Manga,1578,7.12,2003,https://cdn.myanimelist.net/images/manga/1/282480l.jpg
241,Undecided,Mijeong,미정,Manhwa,1556,6.48,2003,https://cdn.myanimelist.net/images/manga/2/4496l.jpg
242,Kuro no Kishi,Black Knight,黒の騎士,Manga,1549,6.91,2003,https://cdn.myanimelist.net/images/manga/3/157267l.jpg
243,Ai Girl,Love Girl,愛＋少女,Manga,1538,6.24,2003,https://cdn.myanimelist.net/images/manga/3/54145l.jpg
244,Chokomimi,Chocomimi,チョコミミ,Manga,1531,7.69,2003,https://cdn.myanimelist.net/images/manga/3/89043l.jpg
245,"Migite ni Juu, Hidarite ni Ai.",,右手に銃、左手に愛。,Manga,1530,6.61,2003,https://cdn.myanimelist.net/images/manga/4/130157l.jpg
246,Slayers: Knight of the Aqualord,,スレイヤーズ水竜王の騎士,Manga,1526,7.27,2003,https://cdn.myanimelist.net/images/manga/1/21316l.jpg
247,Violence na Kimi ga Suki,,バイオレンスな君が好き,Manga,1517,6.91,2003,https://cdn.myanimelist.net/images/manga/3/50499l.jpg
248,Bokura no Unsei,Just My Luck,僕らの運勢,Manga,1467,6.6,2003,https://cdn.myanimelist.net/images/manga/2/380l.jpg
248,Soshite Koi ga Hajimaru,,そして恋がはじまる,Manga,1467,6.82,2003,https://cdn.myanimelist.net/images/manga/1/322341l.jpg
250,Cutie Honey a Go Go!,Cutie Honey A Go Go!,キューティーハニー a GO GO!,Manga,1462,6.32,2003,https://cdn.myanimelist.net/images/manga/2/109593l.jpg
251,Tsuki Yadoru,,月宿る,Manga,1453,6.91,2003,https://cdn.myanimelist.net/images/manga/2/71877l.jpg
252,Tsugunai no Yukue,The Whereabouts of Compensation,償いの行方,One-shot,1449,6.71,2003,https://cdn.myanimelist.net/images/manga/4/303985l.jpg
253,Asobi ni Iku yo!,,あそびにいくヨ！,Light Novel,1448,7.05,2003,https://cdn.myanimelist.net/images/manga/3/159870l.jpg
254,Mahoutsukai ni Taisetsu na Koto: Taiyou to Kaze no Sakamichi,Someday's Dreamers: Spellbound,魔法遣いに大切なこと 太陽と風の坂道,Manga,1434,7.31,2003,https://cdn.myanimelist.net/images/manga/2/175874l.jpg
255,Jazz,Jazz,JAZZ,Manga,1432,7.2,2003,https://cdn.myanimelist.net/images/manga/2/142093l.jpg
256,"Boku wa, Onnanoko",,ぼくは、おんなのこ,Manga,1425,6.44,2003,https://cdn.myanimelist.net/images/manga/3/276376l.jpg
257,Yokan Premonition,Yokan Premonition,予感,Manga,1420,7.22,2003,https://cdn.myanimelist.net/images/manga/3/31403l.jpg
258,Me ni wa Sayaka ni Mienedomo,Beyond My Touch,目にはさやかに見えねども,Manga,1419,7.07,2003,https://cdn.myanimelist.net/images/manga/1/5490l.jpg
259,RideBack,,RIDEBACK－ライドバック－,Manga,1404,7.06,2003,https://cdn.myanimelist.net/images/manga/3/55443l.jpg
260,Demon Sacred,Demon Sacred,デーモン聖典,Manga,1393,7.28,2003,https://cdn.myanimelist.net/images/manga/5/309536l.jpg
261,± Junkie,,±ジャンキー,Manga,1384,6.14,2003,https://cdn.myanimelist.net/images/manga/2/112127l.jpg
262,Hageshii Ame,Intense Rain,激しい雨,Manga,1375,7.06,2003,https://cdn.myanimelist.net/images/manga/2/343025l.jpg
263,Taiyou no Mokushiroku,A Spirit of the Sun,太陽の黙示録,Manga,1363,7.21,2003,https://cdn.myanimelist.net/images/manga/3/132455l.jpg
264,Legendz,Legendz,レジェンズ,Manga,1351,6.55,2003,https://cdn.myanimelist.net/images/manga/1/175444l.jpg
265,Bokura wo Shihai suru Kotoba,,僕らを支配するコトバ,Manga,1343,7.1,2003,https://cdn.myanimelist.net/images/manga/1/150821l.jpg
266,Fukai Nemuri no Hana,Flower of the Deep Sleep,ふかい眠りの花,Manga,1340,6.94,2003,https://cdn.myanimelist.net/images/manga/4/111785l.jpg
267,Under (xGround) Grand Hotel dj - Honeymoon,,アンダーグラ〔×ウ〕ンドホテル Honeymoon,Doujinshi,1335,7.23,2003,https://cdn.myanimelist.net/images/manga/1/16597l.jpg
268,Kimi sae mo Ai no Kusari,,君さえも愛の鎖,Manga,1332,6.68,2003,https://cdn.myanimelist.net/images/manga/3/3168l.jpg
269,Kimi no Ondo,Your Temperature,キミの温度,Manga,1320,6.65,2003,https://cdn.myanimelist.net/images/manga/3/1366l.jpg
270,Akuma no Puzzle,,悪魔のパズル,Manga,1319,6.74,2003,https://cdn.myanimelist.net/images/manga/3/167475l.jpg
271,Kenken Gogo!,,喧々GOGO!,Manga,1314,6.64,2003,https://cdn.myanimelist.net/images/manga/1/231273l.jpg
272,Lover's Mode,,LOVERS MODE,One-shot,1303,7.38,2003,https://cdn.myanimelist.net/images/manga/3/284506l.jpg
273,Walkin' Butterfly,Walkin' Butterfly,Walkin' Butterfly,Manga,1299,6.98,2003,https://cdn.myanimelist.net/images/manga/3/5187l.jpg
274,Rugged Nymphomania,,凸凹ニンフォマニア,Manga,1291,6.02,2003,https://cdn.myanimelist.net/images/manga/2/63491l.jpg
275,Game Over,,Game Over,Manga,1287,5.96,2003,https://cdn.myanimelist.net/images/manga/1/37079l.jpg
276,Haruka 17,,はるか17,Manga,1281,7.01,2003,https://cdn.myanimelist.net/images/manga/2/219782l.jpg
277,Aijin Ichimanyen,10K¥ Lover,愛人いちまんえん,Manga,1277,6.43,2003,https://cdn.myanimelist.net/images/manga/2/5740l.jpg
278,Aiteru Door kara Shitsurei Shimasuyo,Open The Door Through Your Heart,開いてるドアから失礼しますよ,Manga,1274,7.06,2003,https://cdn.myanimelist.net/images/manga/2/33046l.jpg
279,Ashita no Nadja,,明日のナージャ,Manga,1268,6.68,2003,https://cdn.myanimelist.net/images/manga/5/67987l.jpg
280,Slut Onna + α,,スラッと女+α,One-shot,1251,6.65,2003,https://cdn.myanimelist.net/images/manga/2/3155l.jpg
281,Naisho de Hallelujah,,内緒でハレルヤ,Manga,1245,7.11,2003,https://cdn.myanimelist.net/images/manga/2/7119l.jpg
282,Mada Shiranai Oretachi,Whoever Unknown,まだ知らない俺達,Manga,1239,6.87,2003,https://cdn.myanimelist.net/images/manga/3/176640l.jpg
283,Under the Bridge,Under the Bridge,アンダー・ザ・ブリッジ,One-shot,1231,6.68,2003,https://cdn.myanimelist.net/images/manga/3/7509l.jpg
284,Sweet Meats,,SWEET MEATS,Doujinshi,1230,6.51,2003,https://cdn.myanimelist.net/images/manga/3/147601l.jpg
285,Akatsuki ni Tatsu Lion,,暁に立つライオン,Manga,1226,6.56,2003,https://cdn.myanimelist.net/images/manga/2/90489l.jpg
285,Hot Cherry,Hot Cherry,,One-shot,1226,6.47,2003,https://cdn.myanimelist.net/images/manga/3/7084l.jpg
287,Yuri Tengoku,,百合天国 ガールズ系学園アンソロジー,Manga,1224,6.38,2003,https://cdn.myanimelist.net/images/manga/3/13736l.jpg
288,Yannacchau kurai Aishiteru,I Can't Stop Loving You!,やんなっちゃうくらい愛してる,Manga,1223,6.82,2003,https://cdn.myanimelist.net/images/manga/2/5887l.jpg
289,Asatte no Houkou.,A Direction of the Day After Tomorrow,あさっての方向。,Manga,1213,6.4,2003,https://cdn.myanimelist.net/images/manga/4/33018l.jpg
290,P.B.B.: Play Boy Blues,Play Boy Blues,P.B.B. プレイボーイブルース,Manga,1208,7.21,2003,https://cdn.myanimelist.net/images/manga/1/176817l.jpg
291,"Baby, Star",,Baby，Star,Manga,1198,6.95,2003,https://cdn.myanimelist.net/images/manga/2/127501l.jpg
292,Destruction Princess,,デス・プリ Destruction Princess,Manga,1191,6.13,2003,https://cdn.myanimelist.net/images/manga/2/107235l.jpg
293,Guilty Gear Xtra,,ギルティギアXTRA,Manga,1190,6.14,2003,https://cdn.myanimelist.net/images/manga/1/276730l.jpg
294,Kono Minikuku mo Utsukushii Sekai,This Ugly Yet Beautiful World,この醜くも美しい世界,Manga,1175,7.0,2003,https://cdn.myanimelist.net/images/manga/2/179035l.jpg
295,Breath,Breath,ブレス,Manga,1169,7.29,2003,https://cdn.myanimelist.net/images/manga/1/38697l.jpg
296,Digimon Chronicle,,デジモンクロニクル,Manga,1161,5.87,2003,https://cdn.myanimelist.net/images/manga/3/152072l.jpg
297,Bibi,,비비,Manhwa,1158,6.93,2003,https://cdn.myanimelist.net/images/manga/2/26578l.jpg
298,Rure,Rure,루어,Manhwa,1155,7.23,2003,https://cdn.myanimelist.net/images/manga/3/41554l.jpg
299,Tongari Square Root,,トンガリ ルート,Manga,1149,6.99,2003,https://cdn.myanimelist.net/images/manga/1/6228l.jpg
300,Dragon Zakura,,ドラゴン桜,Manga,1146,7.02,2003,https://cdn.myanimelist.net/images/manga/3/12815l.jpg
301,Not/Love,Not/Love,NOT/LOVE,Manga,1144,7.32,2003,https://cdn.myanimelist.net/images/manga/2/36812l.jpg
302,Sansha Sanyou,,三者三葉,Manga,1138,6.72,2003,https://cdn.myanimelist.net/images/manga/3/163660l.jpg
303,Sweet Lovin' Baby,,スウィート・ラヴィン・ベイビー,Manga,1130,6.54,2003,https://cdn.myanimelist.net/images/manga/1/208995l.jpg
304,Rakuen Route,,楽園ルウト,Manga,1125,7.17,2003,https://cdn.myanimelist.net/images/manga/4/100093l.jpg
305,Sekai Series,,世界シリーズ,Light Novel,1118,7.52,2003,https://cdn.myanimelist.net/images/manga/1/33875l.jpg
306,Kuruizaki no Hana,Demon Flowers,狂い咲きの花,Manga,1113,7.39,2003,https://cdn.myanimelist.net/images/manga/3/10581l.jpg
307,Full Metal Panic! Surplus,,フルメタル・パニック！ SURPLUS,Manga,1110,6.69,2003,https://cdn.myanimelist.net/images/manga/1/30689l.jpg
308,Kemomimi Shouji,Part-Time Pets,獣耳商事,Manga,1109,6.88,2003,https://cdn.myanimelist.net/images/manga/3/20557l.jpg
309,Do-Re-Mi-Fa-Sol-La-Si-Do,,도레미파솔라시도,Manhwa,1104,7.26,2003,https://cdn.myanimelist.net/images/manga/4/37791l.jpg
310,Shiawase Cook,,しあわせCook,Manga,1097,6.61,2003,https://cdn.myanimelist.net/images/manga/5/329865l.jpg
311,Yasei no Bara,Wild Rose,野生の薔薇,Manga,1092,6.84,2003,https://cdn.myanimelist.net/images/manga/3/275341l.jpg
312,Kidou Senshi Gundam SEED: X Astray,Mobile Suit Gundam SEED X Astray,機動戦士ガンダムSEED Ｘ Astray,Manga,1089,7.0,2003,https://cdn.myanimelist.net/images/manga/5/184670l.jpg
313,Otome Cake,,乙女ケーキ,Manga,1088,6.49,2003,https://cdn.myanimelist.net/images/manga/3/213091l.jpg
313,Sanpo Mono,,散歩もの,Manga,1088,6.65,2003,https://cdn.myanimelist.net/images/manga/2/81460l.jpg
315,Shibuyaku Maruyamachou,,渋谷区円山町,Manga,1086,7.23,2003,https://cdn.myanimelist.net/images/manga/2/7140l.jpg
316,Aishi no Sweet Voice,I Love Sweet Voice,愛しのスウィートボイス,Manga,1084,6.77,2003,https://cdn.myanimelist.net/images/manga/1/17952l.jpg
317,Angels' Wings,,,One-shot,1080,5.71,2003,https://cdn.myanimelist.net/images/manga/3/11729l.jpg
318,"Gon: A Very, Very Lucky Birth",,GON ゴン SELECTION,One-shot,1078,6.32,2003,https://cdn.myanimelist.net/images/manga/1/295655l.jpg
319,69,,69 ろくじゅうきゅう,Manga,1075,6.18,2003,https://cdn.myanimelist.net/images/manga/3/193450l.jpg
319,Boku wo Tsutsumu Tsuki no Hikari: BokuTama Jisedai-hen,,ボクを包む月の光－ぼく地球〈タマ〉次世代編－,Manga,1075,7.17,2003,https://cdn.myanimelist.net/images/manga/1/156170l.jpg
321,Love Stage,,ラブ・ステージ,Manga,1064,7.31,2003,https://cdn.myanimelist.net/images/manga/1/40268l.jpg
322,Minami no Jewel,,みなみのジュエル,Manga,1063,7.0,2003,https://cdn.myanimelist.net/images/manga/1/335544l.jpg
323,Kingdom Soushuuhen,,キングダム総集編,Manga,1062,7.28,2003,https://cdn.myanimelist.net/images/manga/3/292607l.jpg
323,Poyopoyo Kansatsu Nikki,PoyoPoyo's Observation Diary,ポヨポヨ観察日記,Manga,1062,7.16,2003,https://cdn.myanimelist.net/images/manga/3/173316l.jpg
323,Seiryou Saikyou Monogatari,Scandalous Seiryo University,星陵最恐物語,Manga,1062,7.23,2003,https://cdn.myanimelist.net/images/manga/3/270520l.jpg
326,Shura to Otome,,,Manga,1058,7.0,2003,https://cdn.myanimelist.net/images/manga/2/5381l.jpg
327,Mong Hwan Baegseo,Jade of Bango,몽환백서,Manhwa,1057,6.87,2003,https://cdn.myanimelist.net/images/manga/5/41578l.jpg
328,Kamakiri Onna,Mantis Woman,カマキリ女,Manga,1050,6.17,2003,https://cdn.myanimelist.net/images/manga/1/46791l.jpg
329,Faraway,Faraway,ファーラウェー,Manga,1036,6.79,2003,https://cdn.myanimelist.net/images/manga/2/30033l.jpg
330,Ba_ku,Ba_ku,ばく,Manga,1027,6.9,2003,https://cdn.myanimelist.net/images/manga/3/160715l.jpg
331,Hoshi ni Negau,,星二願ウ,One-shot,1025,6.0,2003,https://cdn.myanimelist.net/images/manga/2/121577l.jpg
332,Otogibanashi de Himitsu no Kiss,The Secret Kiss in a Fairy Tale,おとぎ話で秘密のキス,Manga,1023,7.0,2003,https://cdn.myanimelist.net/images/manga/1/11640l.jpg
333,Ouchou Haru no Yoi no Romance,,王朝春宵ロマンセ,Manga,1013,7.39,2003,https://cdn.myanimelist.net/images/manga/3/212987l.jpg
334,Garouden Boy,,餓狼伝BOY,Manga,1009,6.61,2003,https://cdn.myanimelist.net/images/manga/4/76269l.jpg
335,Brave Story,Brave Story,ブレイブ・ストーリー,Novel,1005,7.53,2003,https://cdn.myanimelist.net/images/manga/2/238122l.jpg
336,Gamurakan,,臥夢螺館,Manga,1003,6.19,2003,https://cdn.myanimelist.net/images/manga/1/253543l.jpg
337,Can't Win With You!,Can't Win With You!,きみには勝てない！,Manga,990,6.85,2003,https://cdn.myanimelist.net/images/manga/4/21392l.jpg
337,Suki ni Nattemo Ii no?,Is it Okay to Love You?,好きになってもいいの？,Manga,990,6.94,2003,https://cdn.myanimelist.net/images/manga/3/7592l.jpg
339,Gekkou Spice,,月光スパイス,Manga,983,7.07,2003,https://cdn.myanimelist.net/images/manga/2/10933l.jpg
340,Tonari no Minano-sensei,,隣のみなの先生,Manga,979,7.13,2003,https://cdn.myanimelist.net/images/manga/1/318109l.jpg
341,Shin Honkaku Mahou Shoujo Risuka,,新本格魔法少女りすか,Novel,978,,2003,https://cdn.myanimelist.net/images/manga/1/22081l.jpg
342,Chou Shinri Genshou Nouryokusha Nanaki,Psychic Power Nanaki,超心理現象能力者 ナナキ,Manga,972,7.05,2003,https://cdn.myanimelist.net/images/manga/2/272909l.jpg
342,Otokonoko Dakara ne,Because I'm A Boy,男のコだからね,Manga,972,6.46,2003,https://cdn.myanimelist.net/images/manga/3/61599l.jpg
344,Ai ga Areba Toshinosa Nante,"As Long As There's Love, Age Doesn't Matter",愛があれば年の差なんて,Manga,958,6.31,2003,https://cdn.myanimelist.net/images/manga/3/9516l.jpg
344,Shinshoku KiSS,,侵食KiSS,Manga,958,7.03,2003,https://cdn.myanimelist.net/images/manga/3/142801l.jpg
346,DVD,DVD,DVD,Manhwa,956,7.38,2003,https://cdn.myanimelist.net/images/manga/1/30185l.jpg
347,Kiyora Kage,,清ら影,One-shot,946,5.81,2003,https://cdn.myanimelist.net/images/manga/1/122361l.jpg
347,♭38℃: Loveberry Twins♥,,♭38℃ Loveberry Twins♥,Manga,946,7.21,2003,https://cdn.myanimelist.net/images/manga/3/171944l.jpg
349,Coy - Crush On You,,코이 - 크러쉬 온 유,Manhwa,943,7.09,2003,https://cdn.myanimelist.net/images/manga/1/82962l.jpg
350,SOS,SOS,SOS,Manga,940,7.0,2003,https://cdn.myanimelist.net/images/manga/1/154483l.jpg
351,Pocket Monsters: Ruby-Sapphire-hen,Pokémon Adventures Ruby and Sapphire,ポケットモンスターR・S（ルビー サファイア）編,Manga,939,7.32,2003,https://cdn.myanimelist.net/images/manga/2/36634l.jpg
352,Kanojo ga Tonda Hi,,彼女が飛んだ日,Manga,937,7.0,2003,https://cdn.myanimelist.net/images/manga/3/270171l.jpg
353,Umi-chan no Otomodachi,,うみちゃんのおともだち,One-shot,929,6.39,2003,https://cdn.myanimelist.net/images/manga/3/12038l.jpg
354,Star Ocean: Till the End of Time,,STAR OCEAN: Till the End of Time,Manga,926,7.16,2003,https://cdn.myanimelist.net/images/manga/5/4755l.jpg
355,GosickS,,GOSICKs -ゴシックエス-,Light Novel,925,7.35,2003,https://cdn.myanimelist.net/images/manga/2/108087l.jpg
356,Alexandros: Sekai Teikoku e no Yume,,アレクサンドロス～世界帝国への夢～,Manga,923,6.67,2003,https://cdn.myanimelist.net/images/manga/2/177352l.jpg
356,Sonna Koe Dashicha Iya,,そんな声だしちゃいや！,Manga,923,6.79,2003,https://cdn.myanimelist.net/images/manga/3/79683l.jpg
358,Hotarubi no Mori e Aizouban,,愛蔵版 蛍火の杜へ,Manga,919,7.32,2003,https://cdn.myanimelist.net/images/manga/2/224287l.jpg
359,Taiyou wa Kimi ni Kagayaku,The Sun Shines in You,太陽は君に輝く,Manga,915,7.06,2003,https://cdn.myanimelist.net/images/manga/1/5610l.jpg
360,Full Metal Panic! Comic Mission,,フルメタル・パニック！COMIC MISSION,Manga,912,7.22,2003,https://cdn.myanimelist.net/images/manga/3/36795l.jpg
361,Yuigon,,遺言,Manga,906,6.89,2003,https://cdn.myanimelist.net/images/manga/4/146659l.jpg
362,Selfish Love,Selfish Love,君主サマの恋は勝手!,Manga,902,6.87,2003,https://cdn.myanimelist.net/images/manga/1/270522l.jpg
363,13 Nichi wa Kinyoubi?,,13日は金曜日?,Manga,901,6.72,2003,https://cdn.myanimelist.net/images/manga/3/83691l.jpg
363,Brocken Blood,,ブロッケンブラッド,Manga,901,6.37,2003,https://cdn.myanimelist.net/images/manga/1/174084l.jpg
365,Azamaru,,源平天照絵巻痣丸,Manga,900,6.47,2003,https://cdn.myanimelist.net/images/manga/2/19600l.jpg
366,Shokugyou Tenshi,,,Manga,899,7.28,2003,https://cdn.myanimelist.net/images/manga/3/27916l.jpg
367,Hane Glass no Kimi.,Glass Wings,羽根玻璃〈ガラス〉ノ君。,Manga,889,6.3,2003,https://cdn.myanimelist.net/images/manga/2/156182l.jpg
367,Kemono wa Hana no Yume wo Miru ka,Does a beast look at the dream of a flower?,獣は花の夢を見るか,Manga,889,6.31,2003,https://cdn.myanimelist.net/images/manga/1/146529l.jpg
369,Inu-Neko.,,イヌネコ。,Manga,883,6.65,2003,https://cdn.myanimelist.net/images/manga/3/197982l.jpg
370,Shikisai: Takahashi Tsutomu Tanpenshuu,Tsutomu Takahashi Anthology,四季彩 高橋ツトム短編集,Manga,871,6.54,2003,https://cdn.myanimelist.net/images/manga/2/268023l.jpg
371,Natsunokumo,Summer Spider,ナツノクモ,Manga,870,6.69,2003,https://cdn.myanimelist.net/images/manga/2/27627l.jpg
372,.hack//Zero,,.hack//ZERO,Light Novel,868,7.05,2003,https://cdn.myanimelist.net/images/manga/4/341584l.jpg
373,Why Do You Love Me?,,왜 날 좋아하는데?,Manhwa,865,6.97,2003,https://cdn.myanimelist.net/images/manga/1/77863l.jpg
374,Body & Soul,,ボディ&ソウル,Manga,863,6.69,2003,https://cdn.myanimelist.net/images/manga/2/7811l.jpg
375,A Day In The Life,,あ でい いんざ らいふ,Manga,862,6.44,2003,https://cdn.myanimelist.net/images/manga/2/13274l.jpg
375,Honey Moon,,,Manga,862,7.07,2003,https://cdn.myanimelist.net/images/manga/3/5089l.jpg
377,I Want You,,I want you 아이 원트 유,Manhwa,857,6.45,2003,https://cdn.myanimelist.net/images/manga/2/299174l.jpg
377,La Quinta Camera,La Quinta Camera,LA QUINTA CAMERA ~5番目の部屋~,Manga,857,7.15,2003,https://cdn.myanimelist.net/images/manga/3/286477l.jpg
379,Hachimitsu Shounen,Honey Boy,はちみつ少年,Manga,853,6.05,2003,https://cdn.myanimelist.net/images/manga/2/15230l.jpg
380,Booking Life,,ブッキングライフ,Manga,849,6.59,2003,https://cdn.myanimelist.net/images/manga/2/55317l.jpg
381,Angel Shop,Angel Shop,Angel Shop,Manhwa,844,6.8,2003,https://cdn.myanimelist.net/images/manga/3/4835l.jpg
381,Golden Cain,Golden Cain,金のカイン,Manga,844,6.7,2003,https://cdn.myanimelist.net/images/manga/3/267072l.jpg
383,Otokonoko Zukan,,男の子ずかん,Manga,840,6.82,2003,https://cdn.myanimelist.net/images/manga/3/33003l.jpg
383,Princess Ver.1,,プリンセスVer.1,Manga,840,7.22,2003,https://cdn.myanimelist.net/images/manga/3/210422l.jpg
383,Rikara,,利火羅 りから,Manga,840,6.68,2003,https://cdn.myanimelist.net/images/manga/3/278250l.jpg
386,Moony: Ouka Dormitory Trilogy,,MOONY 桜花寮トリロジ-,Manga,832,7.3,2003,https://cdn.myanimelist.net/images/manga/3/36519l.jpg
387,Honey Mustard,Honey Mustard,허니 머스타드,Manhwa,805,6.91,2003,https://cdn.myanimelist.net/images/manga/3/152219l.jpg
388,Hey! Doctor,,ヘイ、ドクター,Manga,803,6.74,2003,https://cdn.myanimelist.net/images/manga/1/20219l.jpg
389,"Katate ni Kenjuu, Kokoro ni Hanataba wo",,片手に拳銃 心に花束を,Manga,799,6.62,2003,https://cdn.myanimelist.net/images/manga/2/2637l.jpg
389,Kenkou no Sekkei,,健康の設計,Manga,799,6.26,2003,https://cdn.myanimelist.net/images/manga/1/62305l.jpg
391,"Ah, Nanase-sama",,ああ、七瀬さま,Manga,795,6.79,2003,https://cdn.myanimelist.net/images/manga/1/49919l.jpg
392,Sabakareshi Mono,The Judged,裁かれし者,Manga,793,6.93,2003,https://cdn.myanimelist.net/images/manga/3/314145l.jpg
393,Eye Level,Eye Level,あいレベル,Manga,791,7.13,2003,https://cdn.myanimelist.net/images/manga/1/6265l.jpg
394,Oaji wa Dou desu ka?,,お味はどうですか？,Manga,783,6.71,2003,https://cdn.myanimelist.net/images/manga/2/86489l.jpg
395,Boku no Kawaii Hito Dakara,Because He Is My Dear Sweetheart,僕のかわいいひとだから,Manga,782,5.72,2003,https://cdn.myanimelist.net/images/manga/2/275795l.jpg
396,Spell,Spell,スペル,Manga,777,6.97,2003,https://cdn.myanimelist.net/images/manga/1/5940l.jpg
397,Ai de Asobu.,,アイであそぶ。 二宮ひかる作品集,Manga,770,6.31,2003,https://cdn.myanimelist.net/images/manga/3/62721l.jpg
397,Netsujou Innocence,,熱情イノセンス,Manga,770,6.77,2003,https://cdn.myanimelist.net/images/manga/4/347048l.jpg
399,Anime Tenchou,,アニメ店長,Manga,768,6.53,2003,https://cdn.myanimelist.net/images/manga/3/5357l.jpg
400,Hot Milk,,Hot Milk,Manga,765,7.19,2003,https://cdn.myanimelist.net/images/manga/2/147689l.jpg
401,Kiseki no Shounen,,奇跡の少年,Manga,762,6.22,2003,https://cdn.myanimelist.net/images/manga/2/116359l.jpg
402,Koi no Yamai ni Tsukeru Kusuri,,恋の病につける薬,Manga,760,6.88,2003,https://cdn.myanimelist.net/images/manga/1/207978l.jpg
403,Yojouhan Sweet Home,,4畳半Sweet Home,Manga,754,6.79,2003,https://cdn.myanimelist.net/images/manga/3/21280l.jpg
404,Tantei Kitan: Ishiguro Masakazu Tanpenshuu,Detective's Ballade,探偵綺譚 石黒正数短編集,Manga,753,6.29,2003,https://cdn.myanimelist.net/images/manga/3/300135l.jpg
405,Mandayuu to Ore,Kyouhei and Mandayuu,万太夫とオレ,Manga,749,6.31,2003,https://cdn.myanimelist.net/images/manga/1/269348l.jpg
406,Minekura Kazuya Tanpenshuu - Hachi no Su,,峰倉かずや短編集 蜂の巣,Manga,748,7.1,2003,https://cdn.myanimelist.net/images/manga/2/42320l.jpg
407,Kiss to Kirai no Hantai,,,Manga,743,6.41,2003,https://cdn.myanimelist.net/images/manga/2/10541l.jpg
408,Fool Fool,,フールフール,One-shot,741,6.4,2003,https://cdn.myanimelist.net/images/manga/2/152406l.jpg
409,Tour Shangri-La,,ツアー・シャングリラ,Manga,739,6.6,2003,https://cdn.myanimelist.net/images/manga/3/133773l.jpg
410,Innocent W,Innocent W,イノセントW,Manga,737,6.83,2003,https://cdn.myanimelist.net/images/manga/3/180642l.jpg
411,Sanzensekai no Karasu wo Koroshi,,三千世界の烏を殺し,One-shot,730,5.81,2003,https://cdn.myanimelist.net/images/manga/2/164360l.jpg
412,Maid in Teacher,,メイド・イン・ティーチャー,Manga,729,6.93,2003,https://cdn.myanimelist.net/images/manga/3/49915l.jpg
413,Toritsu Mizushou!,The School of Water Business,都立水商!,Manga,726,6.83,2003,https://cdn.myanimelist.net/images/manga/1/3289l.jpg
414,Inferior Doll,,Inferior Doll,Manga,718,6.89,2003,https://cdn.myanimelist.net/images/manga/1/175591l.jpg
414,Toritsu Mahou Gakuen,,都立魔法学園,Manga,718,7.2,2003,https://cdn.myanimelist.net/images/manga/3/24826l.jpg
414,Voice or Noise,Voice or Noise,Voice or Noise,Manga,718,7.17,2003,https://cdn.myanimelist.net/images/manga/3/129369l.jpg
417,Koori no Mamono no Monogatari Gaiden,The Ice-Cold Demon's Tale Special,氷の魔物の物語外伝,Manga,715,7.32,2003,https://cdn.myanimelist.net/images/manga/1/8580l.jpg
418,Akaten☆Hero!,Imperfect Hero,あかてん☆ヒーロー!,Manga,711,6.73,2003,https://cdn.myanimelist.net/images/manga/3/3676l.jpg
419,OBRIGADO!,,オブリガード,Manga,709,6.47,2003,https://cdn.myanimelist.net/images/manga/2/32110l.jpg
420,Manimani,,マニマニ,Manga,708,6.52,2003,https://cdn.myanimelist.net/images/manga/2/162292l.jpg
421,Chikyuu Koushinkyoku,March on Earth,地球行進曲,Manga,702,7.1,2003,https://cdn.myanimelist.net/images/manga/1/257666l.jpg
422,Wagamama na Junai,,ワガママな純愛,Manga,701,6.42,2003,https://cdn.myanimelist.net/images/manga/5/142271l.jpg
423,Juuni Hizoku no Palette,The Palette of 12 Secret Colors,十二秘色のパレット,Manga,700,7.16,2003,https://cdn.myanimelist.net/images/manga/1/24708l.jpg
424,Okan: Tsuutenkaku no Yuuhi,,おかん 〜通天閣の夕日〜,Manga,698,7.04,2003,https://cdn.myanimelist.net/images/manga/2/235760l.jpg
425,Hissing,,히싱,Manhwa,697,7.03,2003,https://cdn.myanimelist.net/images/manga/3/262179l.jpg
425,Youkai Apartment no Yuuga na Nichijou,,妖怪アパートの幽雅な日常,Novel,697,7.21,2003,https://cdn.myanimelist.net/images/manga/1/187946l.jpg
427,Noramimi,,のらみみ,Manga,693,7.24,2003,https://cdn.myanimelist.net/images/manga/2/77371l.jpg
427,Oasis Project,,オアシス計画,Manga,693,6.79,2003,https://cdn.myanimelist.net/images/manga/1/3451l.jpg
429,My Slave,,MySLAVE,Manga,692,6.53,2003,https://cdn.myanimelist.net/images/manga/2/175998l.jpg
430,Midara na Soshitsu,,淫らな素質,Manga,690,6.58,2003,https://cdn.myanimelist.net/images/manga/3/200170l.jpg
431,Chou Monzetsu Curriculum,,超悶絶課程,Manga,687,6.43,2003,https://cdn.myanimelist.net/images/manga/1/33766l.jpg
432,Dona Dona,,,Doujinshi,681,5.97,2003,https://cdn.myanimelist.net/images/manga/1/16541l.jpg
433,Pops.,,pops.,Manga,680,5.83,2003,https://cdn.myanimelist.net/images/manga/2/9908l.jpg
433,Tsumibito no Kiss,,,Manga,680,6.63,2003,https://cdn.myanimelist.net/images/manga/4/146667l.jpg
435,Yami to Boushi to Hon no Tabibito: Romance,,ヤミと帽子と本の旅人～ロマンス～,Manga,679,6.34,2003,https://cdn.myanimelist.net/images/manga/4/82554l.jpg
436,Hallow Hallow,,ハロ・ハロ,Manga,671,6.8,2003,https://cdn.myanimelist.net/images/manga/1/112083l.jpg
437,Kiss kara Hajimaru,It Started With a Kiss,キスからはじまる,Manga,667,6.71,2003,https://cdn.myanimelist.net/images/manga/1/162217l.jpg
438,Children's Time,Children's Time,チルドレンズ・タイム,Manga,666,7.31,2003,https://cdn.myanimelist.net/images/manga/3/19097l.jpg
439,Rockman Zero,,ロックマンゼロ,Manga,663,5.6,2003,https://cdn.myanimelist.net/images/manga/3/220046l.jpg
440,Kiddy Grade Reverse,Kiddy Grade Reverse,キディ・グレイド-リバース-,Manga,660,6.37,2003,https://cdn.myanimelist.net/images/manga/2/3165l.jpg
441,Hamichichi Oneesan: Kinyoubi wa Hentai,,はみ乳お姉さん 金曜日は変態,Manga,658,6.58,2003,https://cdn.myanimelist.net/images/manga/2/127285l.jpg
442,Haha wa Sexy Idol,,母はセクシーアイドル,Manga,654,6.87,2003,https://cdn.myanimelist.net/images/manga/1/175288l.jpg
442,Mossore,,もっそれ,Manga,654,7.11,2003,https://cdn.myanimelist.net/images/manga/2/7528l.jpg
444,She is Cinderella,She is Cinderella,,One-shot,651,6.74,2003,https://cdn.myanimelist.net/images/manga/2/11472l.jpg
445,Tonari no Sperma-san,,となりの精液（スペルマ）さん,Manga,646,6.45,2003,https://cdn.myanimelist.net/images/manga/2/156844l.jpg
446,Tales of Destiny 2,,テイルズ オブ デスティニー ２,Manga,645,7.07,2003,https://cdn.myanimelist.net/images/manga/1/5387l.jpg
447,Kirakira 100%,Sparkle Sparkle 100%,キラキラ100%,Manga,643,6.84,2003,https://cdn.myanimelist.net/images/manga/1/286563l.jpg
447,Mazinkaiser,,マジンカイザー,Manga,643,6.31,2003,https://cdn.myanimelist.net/images/manga/3/74995l.jpg
449,Tenkamusou: Edajima Heihachi Den,,天下無双 江田島平八伝,Manga,641,7.13,2003,https://cdn.myanimelist.net/images/manga/1/174142l.jpg
450,Toribako House,,トリバコハウス,Manga,639,6.73,2003,https://cdn.myanimelist.net/images/manga/2/215097l.jpg
451,Aitsu no Heart ni Hi wo Tsukero!,,アイツのハートに火を点けろ,Manga,632,6.66,2003,https://cdn.myanimelist.net/images/manga/2/266268l.jpg
452,Joshidaisei Kateikyoushi Hamanaka Ai,,女子大生家庭教師濱中アイ,Manga,631,6.77,2003,https://cdn.myanimelist.net/images/manga/1/195654l.jpg
452,Queens,,퀸즈,Manhwa,631,7.16,2003,https://cdn.myanimelist.net/images/manga/4/263931l.jpg
454,Yoiko no Kokoroe,,よいこの心得,Manga,629,6.6,2003,https://cdn.myanimelist.net/images/manga/3/273313l.jpg
455,Konna Otoko ni Dare ga Shita,,こんな男に誰がした,Manga,627,6.76,2003,https://cdn.myanimelist.net/images/manga/3/310875l.jpg
456,Genyou no Meizu,,幻妖の迷図,Manga,621,6.45,2003,https://cdn.myanimelist.net/images/manga/2/160466l.jpg
457,Extra Heavy Syrup,,,Manga,620,6.45,2003,https://cdn.myanimelist.net/images/manga/3/5043l.jpg
457,Itsumo Kimi wo Kanjiteru,,いつも君を感じてる,Manga,620,6.87,2003,https://cdn.myanimelist.net/images/manga/3/119879l.jpg
459,Kaikan Styling,,快感スタイリング,Manga,619,6.29,2003,https://cdn.myanimelist.net/images/manga/2/63499l.jpg
459,Shikijou no Kusabi,,色嬢の楔,Manga,619,6.28,2003,https://cdn.myanimelist.net/images/manga/2/48835l.jpg
461,Sono Yubi no Tadoru Kizu,The Wounds Those Fingers Touch,その指のたどる傷,Manga,618,6.92,2003,https://cdn.myanimelist.net/images/manga/2/8780l.jpg
462,Advance of Z: Titans no Hata no Moto ni,,アドバンス・オブ・Z～ティターンズの旗のもとに～,Manga,613,6.89,2003,https://cdn.myanimelist.net/images/manga/3/19920l.jpg
463,Ai no Mahou wo Oshiete!,,愛の魔法をおしえて!,Manga,610,6.79,2003,https://cdn.myanimelist.net/images/manga/1/165298l.jpg
463,Kootetsu no Hana,,凍鉄の花,Manga,610,6.79,2003,https://cdn.myanimelist.net/images/manga/3/262974l.jpg
465,Sweet Cream,,Sweetくりーむ,Manga,607,6.49,2003,https://cdn.myanimelist.net/images/manga/3/165292l.jpg
466,Blue Film,,BLUE FILM,Doujinshi,604,7.04,2003,https://cdn.myanimelist.net/images/manga/3/18930l.jpg
467,Ihoujin Etrange,,異邦人～エトランゼ～,Manga,603,6.97,2003,https://cdn.myanimelist.net/images/manga/3/62361l.jpg
468,Junk Force,Junk Force,ジャンクフォース,Manga,602,6.94,2003,https://cdn.myanimelist.net/images/manga/2/3825l.jpg
469,Anbalance Lover,,アンバランスラバー,Manga,599,6.2,2003,https://cdn.myanimelist.net/images/manga/2/1780l.jpg
470,Kidou Senshi Gundam SEED,Mobile Suit Gundam SEED,機動戦士ガンダム・シード,Light Novel,597,7.08,2003,https://cdn.myanimelist.net/images/manga/2/296831l.jpg
471,Love Wan!,,ラブわん!,Manga,587,7.0,2003,https://cdn.myanimelist.net/images/manga/2/84065l.jpg
472,Evangel,,Evangel,Manga,586,6.82,2003,https://cdn.myanimelist.net/images/manga/3/162156l.jpg
473,Morning Kiss,,モーニングキス,Manga,585,6.54,2003,https://cdn.myanimelist.net/images/manga/1/182713l.jpg
474,Hard Triangle,,ハード・トライアングル,Manga,582,6.04,2003,https://cdn.myanimelist.net/images/manga/2/23734l.jpg
475,Fullmetal Alchemist 20th Anniversary Book,Fullmetal Alchemist 20th Anniversary Book,鋼の錬金術師 20th ANNIVERSARY BOOK,Manga,574,7.38,2003,https://cdn.myanimelist.net/images/manga/2/311213l.jpg
476,1 + 1,,いち たす いち,Manga,569,6.7,2003,https://cdn.myanimelist.net/images/manga/3/5950l.jpg
476,Honki de Nakechau Koi,,本気で泣けちゃう恋,Manga,569,6.95,2003,https://cdn.myanimelist.net/images/manga/3/282059l.jpg
478,In Dream World,In Dream World,인드림월드,Manhwa,568,6.43,2003,https://cdn.myanimelist.net/images/manga/4/7247l.jpg
479,Boinzuma,,母淫妻,Manga,567,6.51,2003,https://cdn.myanimelist.net/images/manga/2/27697l.jpg
479,Recast,,리캐스트,Manhwa,567,6.59,2003,https://cdn.myanimelist.net/images/manga/3/11335l.jpg
481,Gapz Garden,,甲子園,Manhua,565,6.36,2003,https://cdn.myanimelist.net/images/manga/4/5057l.jpg
481,Ichigo no Hoseki,Ichigo no Hoseki,いちごの宝石,Manga,565,6.81,2003,https://cdn.myanimelist.net/images/manga/3/343790l.jpg
483,Fairy Idol Kanon,Fairy Idol Kanon,フェアリーアイドルかのん,Manga,559,6.64,2003,https://cdn.myanimelist.net/images/manga/3/205386l.jpg
484,Platina,,플라티나,Manhwa,558,6.89,2003,https://cdn.myanimelist.net/images/manga/4/263934l.jpg
484,Usotsuki,A Liar,ウソツキ,Manga,558,6.71,2003,https://cdn.myanimelist.net/images/manga/1/2476l.jpg
486,Imouto Pantsu,,いもうとぱんつ,Manga,555,6.92,2003,https://cdn.myanimelist.net/images/manga/1/212043l.jpg
487,Choukyoushi,,調教師,Manga,553,6.2,2003,https://cdn.myanimelist.net/images/manga/3/36524l.jpg
488,Triangle,,トライアングル,Manga,551,6.52,2003,https://cdn.myanimelist.net/images/manga/1/48431l.jpg
489,Cold Sleep,COLD SLEEP,COLD SLEEP,Light Novel,550,7.13,2003,https://cdn.myanimelist.net/images/manga/3/177773l.jpg
490,Kinjirareta Taion,,禁じられた体温,Manga,548,6.8,2003,https://cdn.myanimelist.net/images/manga/2/98789l.jpg
491,Fever,Fever,FEVƎR,Manhwa,545,6.71,2003,https://cdn.myanimelist.net/images/manga/1/152318l.jpg
491,Kamen Teacher,,仮面ティーチャー,Manga,545,6.19,2003,https://cdn.myanimelist.net/images/manga/2/136143l.jpg
493,Oneichan to Issho,,おねいちゃんといっしょ,Manga,544,7.07,2003,https://cdn.myanimelist.net/images/manga/2/282060l.jpg
493,Tsukumo Kitsune,,九拾九狐,One-shot,544,5.64,2003,https://cdn.myanimelist.net/images/manga/3/10686l.jpg
495,Inukami!,,いぬかみっ!,Light Novel,539,,2003,https://cdn.myanimelist.net/images/manga/3/159385l.jpg
496,Kagi Hime Monogatari: Eikyuu Alice Rondo,Key Princess Story Eternal Alice Rondo,鍵姫物語 永久アリス輪舞曲〈ロンド〉,Manga,535,6.82,2003,https://cdn.myanimelist.net/images/manga/2/108957l.jpg
497,Dareka wo Suki na Hito,The Object of My Affection,誰かを好きな人,Manga,532,6.84,2003,https://cdn.myanimelist.net/images/manga/2/149245l.jpg
497,Nomino,,ノミノ 宇仁田ゆみ作品集,Manga,532,6.42,2003,https://cdn.myanimelist.net/images/manga/3/114725l.jpg
499,Shuugaku Ryokou no Susume☆,,修学旅行のススメ☆,One-shot,531,6.86,2003,https://cdn.myanimelist.net/images/manga/5/22205l.jpg
500,Shounen Shikou,,少年嗜好,Manga,529,6.3,2003,https://cdn.myanimelist.net/images/manga/2/92305l.jpg
501,Lovers Only,,ラヴァーズ・オンリー,Manga,523,6.61,2003,https://cdn.myanimelist.net/images/manga/2/6099l.jpg
502,Nemurenu Yoru wa Knock Shite,Please Knock on a Sleepless Night,眠れぬ夜はノックして,Manga,522,6.66,2003,https://cdn.myanimelist.net/images/manga/1/16893l.jpg
503,Junai Clover,,純愛クローバー,Manga,520,6.56,2003,https://cdn.myanimelist.net/images/manga/1/11805l.jpg
504,Kitty,,キティ,Manga,519,6.94,2003,https://cdn.myanimelist.net/images/manga/1/335542l.jpg
504,Mi-da-ra,,MI・DA・RA,Manga,519,6.43,2003,https://cdn.myanimelist.net/images/manga/3/169351l.jpg
506,HareGuu,,ハレグゥ,Manga,517,7.03,2003,https://cdn.myanimelist.net/images/manga/1/33381l.jpg
507,Bushin Gikyoku,Beijing Opera,武神戯曲,Manga,516,6.84,2003,https://cdn.myanimelist.net/images/manga/1/9367l.jpg
508,Diamond Kiss,,ダイヤモンドKISS,Manga,515,6.59,2003,https://cdn.myanimelist.net/images/manga/1/114013l.jpg
508,M Onna Senka,,M女専科,Manga,515,6.72,2003,https://cdn.myanimelist.net/images/manga/2/21644l.jpg
510,My Prince-sama,,我的王子殿下,Manhua,512,7.05,2003,https://cdn.myanimelist.net/images/manga/5/125131l.jpg
511,Shinigami Tantei to Yuurei Gakuen,,死神探偵と幽霊学園,Manga,511,,2003,https://cdn.myanimelist.net/images/manga/2/80685l.jpg
512,Aoi Futari,,青いふたり,Manga,509,6.87,2003,https://cdn.myanimelist.net/images/manga/4/340083l.jpg
513,Osana Mama,,幼なママ,Manga,506,6.55,2003,https://cdn.myanimelist.net/images/manga/3/94449l.jpg
514,Anata wa Boku dake no Hana,,あなたは僕だけの花,Manga,505,6.81,2003,https://cdn.myanimelist.net/images/manga/1/2196l.jpg
515,Kamuko,,カムコ,One-shot,504,5.8,2003,https://cdn.myanimelist.net/images/manga/2/11691l.jpg
516,Baby★Maybe,,ベイビー★メイビー,Manga,502,6.48,2003,https://cdn.myanimelist.net/images/manga/1/12047l.jpg
517,Binchou-tan,,びんちょうタン,Manga,500,,2003,https://cdn.myanimelist.net/images/manga/2/11000l.jpg
518,Tales of Symphonia: Toki no Kagayaki,,テイルズ オブ シンフォニア 久遠〈とき〉の輝き,Light Novel,499,7.32,2003,https://cdn.myanimelist.net/images/manga/1/16972l.jpg
519,Red Angel,Red Angel,赤い天使,Manga,496,6.62,2003,https://cdn.myanimelist.net/images/manga/1/3923l.jpg
520,Don't Worry Mama,,ドント ウォーリー ママ,Light Novel,495,6.83,2003,https://cdn.myanimelist.net/images/manga/2/299236l.jpg
521,Sora no Hito,,宇宙の人 - 柿崎椋短編集 -,Manga,493,6.64,2003,https://cdn.myanimelist.net/images/manga/2/40470l.jpg
522,White Guardian,White Guardian,ホワイトガーディアン,Manga,490,6.81,2003,https://cdn.myanimelist.net/images/manga/2/5477l.jpg
523,Monzetsu Caligula Machine,,悶絶カリギュラマシーン,Manga,489,6.62,2003,https://cdn.myanimelist.net/images/manga/3/33768l.jpg
524,Futanarikko Love,,ふたなりっ娘LOVE,Manga,488,,2003,https://cdn.myanimelist.net/images/manga/2/58141l.jpg
524,Nijuu Mensou no Musume,,二十面相の娘,Manga,488,,2003,https://cdn.myanimelist.net/images/manga/1/171181l.jpg
526,Ai ga Nakucha ne!,,アイがなくちゃね！,Manga,487,6.19,2003,https://cdn.myanimelist.net/images/manga/3/19731l.jpg
526,Kamisama Kazoku,,神様家族,Light Novel,487,,2003,https://cdn.myanimelist.net/images/manga/3/162950l.jpg
528,Michibata no Tenshi,The Roadside Angel,道端の天使,Manga,479,6.94,2003,https://cdn.myanimelist.net/images/manga/2/273314l.jpg
529,Kimi Shiruya,Dost Thou Know?,君知るや,Manga,476,6.37,2003,https://cdn.myanimelist.net/images/manga/1/98011l.jpg
530,Ore no Ko desu ka?,,オレの子ですか？,Manga,474,6.9,2003,https://cdn.myanimelist.net/images/manga/1/202145l.jpg
531,Fushigi na Chikara de,,不思議なチカラで,Manga,473,6.59,2003,https://cdn.myanimelist.net/images/manga/1/130431l.jpg
532,Bisexual,,Bisexual,Manga,469,,2003,https://cdn.myanimelist.net/images/manga/3/12934l.jpg
533,Dero Dero,,でろでろ,Manga,467,,2003,https://cdn.myanimelist.net/images/manga/2/119181l.jpg
534,Hishoshitsu no Himitsu,,秘書室の秘密,Manga,466,6.63,2003,https://cdn.myanimelist.net/images/manga/3/2799l.jpg
535,Raspberry Crisis,Raspberry Crisis,ラズベリークライシス,Manga,464,6.11,2003,https://cdn.myanimelist.net/images/manga/3/12558l.jpg
536,Onegai Teacher: Mizuho to Kei no Milk Diary,,おねがい・ティーチャー -みずほと桂のMilky Diary-,Light Novel,463,,2003,https://cdn.myanimelist.net/images/manga/1/119633l.jpg
537,Almond no Chocolate,,アーモンドのチョコレート,One-shot,461,4.59,2003,https://cdn.myanimelist.net/images/manga/1/46753l.jpg
537,Anata no Iro,,あなたの色,One-shot,461,6.03,2003,https://cdn.myanimelist.net/images/manga/2/11701l.jpg
539,Hana no Shizuku,,華のしずく,Manga,458,6.63,2003,https://cdn.myanimelist.net/images/manga/1/14838l.jpg
540,Taming a Defective Angel,,불량천사 길들이기,Manhwa,455,6.82,2003,https://cdn.myanimelist.net/images/manga/2/262178l.jpg
540,Uchuu no Stellvia,Stellvia,宇宙のステルヴィア,Manga,455,6.72,2003,https://cdn.myanimelist.net/images/manga/1/342031l.jpg
542,17-sai no Natsukoi ni Shinu,,17歳の夏恋に死ぬ,Manga,454,,2003,https://cdn.myanimelist.net/images/manga/2/10000l.jpg
542,Honya-san de Go!,,本屋さんでGO!,Manga,454,6.82,2003,https://cdn.myanimelist.net/images/manga/1/16244l.jpg
544,After...: Nagisa-hen,,After… ～渚編～,Doujinshi,452,5.96,2003,https://cdn.myanimelist.net/images/manga/1/10498l.jpg
545,Nikukyuu Punipuni Nikki,,肉球プニプニ日記,Manga,451,6.99,2003,https://cdn.myanimelist.net/images/manga/2/305216l.jpg
546,Inu Usa Neko,,イヌ ウサ ネコ,Doujinshi,450,6.14,2003,https://cdn.myanimelist.net/images/manga/2/13189l.jpg
546,Souta no Houchou: Ginza - Itamae Shuugyou Nikki,Sota's Knife,蒼太の包丁 銀座・板前修業日記,Manga,450,,2003,https://cdn.myanimelist.net/images/manga/1/202934l.jpg
548,Eve no Nemuri,,イヴの眠り,Manga,448,6.8,2003,https://cdn.myanimelist.net/images/manga/2/250796l.jpg
548,Lovely Sick,,ラブリー・シック,Manga,448,7.09,2003,https://cdn.myanimelist.net/images/manga/2/5473l.jpg
550,Little Fluffy Gigolo PELU,Little Fluffy Gigolo PELU,ファンシージゴロ ペル,Manga,447,,2003,https://cdn.myanimelist.net/images/manga/2/265286l.jpg
551,Maimiko: Touko no Jikenbo,,舞巫女・瞳子の事件簿,Manga,446,6.62,2003,https://cdn.myanimelist.net/images/manga/1/16317l.jpg
552,Live,Live,ライブ,Manga,445,6.68,2003,https://cdn.myanimelist.net/images/manga/1/178825l.jpg
553,Missing: Kamikakushi no Monogatari,Missing: Kamikakushi no Monogatari,Missing 神隠しの物語,Manga,444,,2003,https://cdn.myanimelist.net/images/manga/2/4367l.jpg
554,Chigireta Heart,,ちぎれたハート,Manga,439,6.6,2003,https://cdn.myanimelist.net/images/manga/3/72157l.jpg
555,Kannade,,神撫手,Manga,438,6.76,2003,https://cdn.myanimelist.net/images/manga/3/267796l.jpg
555,"Kidou Senshi Gundam Gaiden: Sora, Senkou no Hate ni...","Mobile Suit Gundam Side Story: Space, to the End of a Flash",機動戦士ガンダム外伝 宇宙、閃光の果てに…,Manga,438,6.91,2003,https://cdn.myanimelist.net/images/manga/3/33495l.jpg
555,Sleeping Beauty,Sleeping Beauty,スリーピングビューティー,Manga,438,,2003,https://cdn.myanimelist.net/images/manga/2/5384l.jpg
558,Orange Kakumei,,オレンジ革命,Manga,437,6.96,2003,https://cdn.myanimelist.net/images/manga/4/344004l.jpg
558,We are Gorgeous,We are Gorgeous,華麗なる俺達,Manga,437,6.09,2003,https://cdn.myanimelist.net/images/manga/2/12470l.jpg
560,Mosaic Man,Mosaic Man,モザイク男,One-shot,434,5.99,2003,https://cdn.myanimelist.net/images/manga/3/20752l.jpg
561,UK,,UK UNMORAL KIDs,Manga,433,6.61,2003,https://cdn.myanimelist.net/images/manga/1/102611l.jpg
562,Getsu Mei Sei Ki: Sayonara Shinsengumi,,月明星稀 - さよなら新選組,Manga,429,,2003,https://cdn.myanimelist.net/images/manga/3/129035l.jpg
563,Blind Date,Blind Date,ブラインド・デート,Manga,426,6.5,2003,https://cdn.myanimelist.net/images/manga/2/110681l.jpg
564,Galaxy Angel Parody,Galaxy Angel Party,ギャラクシーエンジェルパロディ,Manga,425,6.86,2003,https://cdn.myanimelist.net/images/manga/3/5232l.jpg
565,Kill Me,,キルミー,Manga,424,6.49,2003,https://cdn.myanimelist.net/images/manga/2/19734l.jpg
565,Mushi-Uta,,ムシウタ,Light Novel,424,,2003,https://cdn.myanimelist.net/images/manga/1/117211l.jpg
567,Neji to Lantern,Bolt & Lantern,螺子とランタン,Manga,423,6.49,2003,https://cdn.myanimelist.net/images/manga/2/36022l.jpg
568,Minami no Kuni no Oujisama,,南の国の王子様,Manga,421,6.79,2003,https://cdn.myanimelist.net/images/manga/1/143545l.jpg
569,Virgin Night,,,One-shot,420,6.04,2003,https://cdn.myanimelist.net/images/manga/1/3563l.jpg
570,Cage,,CAGE,Manga,419,6.66,2003,https://cdn.myanimelist.net/images/manga/1/186632l.jpg
570,Yaou,,夜王 -yaoh-,Manga,419,,2003,https://cdn.myanimelist.net/images/manga/4/334616l.jpg
572,Kimi bakkari no Sekai,,君ばっかりの世界,Manga,414,,2003,https://cdn.myanimelist.net/images/manga/1/195911l.jpg
573,Grateful Dead,,グレイトフルデッド,Manga,413,6.25,2003,https://cdn.myanimelist.net/images/manga/3/132061l.jpg
574,Sexualizm,,sexualizm,Manga,410,,2003,https://cdn.myanimelist.net/images/manga/2/177616l.jpg
575,Iro Otoko,,彩おとこ,Manga,409,6.72,2003,https://cdn.myanimelist.net/images/manga/2/19693l.jpg
576,Koi wo Shimashou,,恋をしましょう,Manga,407,6.26,2003,https://cdn.myanimelist.net/images/manga/2/20398l.jpg
577,5-ji kara Asa made,,5時から朝まで,Manga,403,,2003,https://cdn.myanimelist.net/images/manga/2/206l.jpg
577,Libido In The Beaker,,ビーカーの中の欲望,Manga,403,6.43,2003,https://cdn.myanimelist.net/images/manga/1/48035l.jpg
579,Juicy Fruits,,JUICY FRUITS,Manga,402,6.57,2003,https://cdn.myanimelist.net/images/manga/1/186973l.jpg
579,Yukikaze: Sentou Yousei,,雪風 YUKIKAZE I 戦闘妖精,Manga,402,6.26,2003,https://cdn.myanimelist.net/images/manga/3/34972l.jpg
581,Katekyo,Governess,かてきょ,Manga,401,6.86,2003,https://cdn.myanimelist.net/images/manga/3/186397l.jpg
582,Hanjuku Shoujo,,半熟少女,Manga,397,6.64,2003,https://cdn.myanimelist.net/images/manga/3/48599l.jpg
582,Mitsumeteitai,I'll Be Watching You,見つめていたい,Manga,397,6.29,2003,https://cdn.myanimelist.net/images/manga/1/14437l.jpg
584,Innyuu,,淫乳,Manga,396,6.6,2003,https://cdn.myanimelist.net/images/manga/3/175996l.jpg
585,Incest,,インセスト,Manga,395,6.63,2003,https://cdn.myanimelist.net/images/manga/1/186623l.jpg
586,Akuma demo I Love You,,悪魔でもI love you,Manga,394,,2003,https://cdn.myanimelist.net/images/manga/2/9237l.jpg
586,Millennium Mirage,,みれみら,Manga,394,,2003,https://cdn.myanimelist.net/images/manga/1/3777l.jpg
588,Excel,,엑셀,Manhwa,390,6.79,2003,https://cdn.myanimelist.net/images/manga/3/265049l.jpg
589,Chotto Tobashisugi,Zippin' Hoppin' Slammin' Our Love,ちょっとトバしすぎ,Manga,389,6.65,2003,https://cdn.myanimelist.net/images/manga/1/17242l.jpg
590,Mrs no Kokuhaku,The confession of Mrs,ミセスの告白,Manga,388,6.64,2003,https://cdn.myanimelist.net/images/manga/3/27792l.jpg
591,Ai shika Iranee yo.,All You Need is Love,愛しかいらねえよ。,Light Novel,387,,2003,https://cdn.myanimelist.net/images/manga/2/146117l.jpg
591,Invincible Yeonbyeongeol,,無敵 연변걸,Manhwa,387,,2003,https://cdn.myanimelist.net/images/manga/3/156332l.jpg
591,Zebraman,,ゼブラーマン,Manga,387,,2003,https://cdn.myanimelist.net/images/manga/3/191079l.jpg
594,Nagi,,NAGI,Manga,385,6.5,2003,https://cdn.myanimelist.net/images/manga/3/4880l.jpg
595,Kiss no Tochuu,,キスの途中,Manga,383,6.04,2003,https://cdn.myanimelist.net/images/manga/2/31458l.jpg
595,Yogoto Nayamashii Niwa de,,夜毎悩ましい庭で,Manga,383,6.52,2003,https://cdn.myanimelist.net/images/manga/2/2871l.jpg
597,Ecchi na Koi no Aji,"The Taste of ""H"" Love",えっちな恋の味,Manga,382,6.57,2003,https://cdn.myanimelist.net/images/manga/3/37874l.jpg
597,Kanojo no Honne.,Her true colors.,カノジョのホンネ。,Manga,382,6.4,2003,https://cdn.myanimelist.net/images/manga/2/175589l.jpg
597,Koi no Kaikata,The Way to Love,恋の飼い方,Manga,382,6.49,2003,https://cdn.myanimelist.net/images/manga/2/7753l.jpg
600,Gekijouban Pocket Monster Advanced Generation: Nanayo no Negaiboshi Jirachi,Jirachi: Wish Maker,劇場版ポケットモンスター アドバンスジェネレーション 七夜の願い星 ジラーチ,Manga,380,,2003,https://cdn.myanimelist.net/images/manga/3/34957l.jpg
601,Ase Moe!,,汗萌え!,Manga,377,6.36,2003,https://cdn.myanimelist.net/images/manga/3/48327l.jpg
602,Himitsu Sentai Momoider,,ひみつ戦隊モモイダー,Manga,373,6.06,2003,https://cdn.myanimelist.net/images/manga/3/171997l.jpg
603,Bespoke,,ビスポーク,Manga,367,6.17,2003,https://cdn.myanimelist.net/images/manga/1/32367l.jpg
603,Ginban Kaleidoscope,,銀盤カレイドスコープ,Light Novel,367,,2003,https://cdn.myanimelist.net/images/manga/4/309209l.jpg
605,Antique Romantic,,アンチックロマンチック,Manga,366,6.74,2003,https://cdn.myanimelist.net/images/manga/3/35287l.jpg
606,Yo no Naka wa Bokura ni Amai,,世の中は僕らに甘い,Manga,365,6.89,2003,https://cdn.myanimelist.net/images/manga/1/24617l.jpg
607,Okocha Max,,おこちゃＭＡＸ,Manga,361,,2003,https://cdn.myanimelist.net/images/manga/3/242705l.jpg
608,Bijo to Yajuu,,美女と野獣,One-shot,358,5.85,2003,https://cdn.myanimelist.net/images/manga/3/222683l.jpg
608,Delicacy,,デリカシー,Manga,358,,2003,https://cdn.myanimelist.net/images/manga/5/59345l.jpg
608,Takuhai Sentai Hakobunjaa,,宅配戦隊ハコブンジャー,Manga,358,6.54,2003,https://cdn.myanimelist.net/images/manga/1/278675l.jpg
611,Chijo,,痴女,Manga,352,6.54,2003,https://cdn.myanimelist.net/images/manga/1/67887l.jpg
612,Present,Purezento,プレゼント,Manga,345,6.67,2003,https://cdn.myanimelist.net/images/manga/1/26095l.jpg
612,REAL,,リアル,Manga,345,6.43,2003,https://cdn.myanimelist.net/images/manga/1/3002l.jpg
614,Chiisana Otete ni Yawaraka Hoppe,,ちいさなおててに やわらかほっぺ,Manga,344,,2003,https://cdn.myanimelist.net/images/manga/3/118961l.jpg
614,Popotan,,ぽぽたん,Manga,344,,2003,https://cdn.myanimelist.net/images/manga/2/165764l.jpg
616,Love Focus,Love Focus,恋愛フォーカス,Manga,343,6.4,2003,https://cdn.myanimelist.net/images/manga/2/19826l.jpg
617,Necossas: Six,,ネコサス：シックス,Manga,342,5.91,2003,https://cdn.myanimelist.net/images/manga/1/65673l.jpg
618,Dragon x Boy,,,Manga,338,,2003,https://cdn.myanimelist.net/images/manga/1/32054l.jpg
619,Sweets,,Sweets 甘い果実,Manga,335,6.73,2003,https://cdn.myanimelist.net/images/manga/2/90919l.jpg
620,Lesbian Excellent,,レズビアンExcellent,Manga,334,,2003,https://cdn.myanimelist.net/images/manga/3/30574l.jpg
621,Mimoza de Sarada,,ミモザでサラダ,Manga,333,6.81,2003,https://cdn.myanimelist.net/images/manga/5/147159l.jpg
622,Pokémon Chamo-Chamo☆Pretty♪,,チャモチャモ☆ぷりてぃ,Manga,331,,2003,https://cdn.myanimelist.net/images/manga/1/270879l.jpg
623,Aikotoba wa Hallelujah dj - Hallelujah Days,,,Doujinshi,330,6.61,2003,https://cdn.myanimelist.net/images/manga/3/25406l.jpg
623,Atatta Hitotachi,,あたったひとたち,One-shot,330,5.89,2003,https://cdn.myanimelist.net/images/manga/3/31312l.jpg
623,Hop Step Jump!,,ほっぷすてっぷじゃんぷッ!,Manga,330,,2003,https://cdn.myanimelist.net/images/manga/1/33662l.jpg
626,9S,,9S＜ナインエス＞,Light Novel,326,,2003,https://cdn.myanimelist.net/images/manga/1/128231l.jpg
626,M no Yoromeki,M no Yoromeki,Mのよろめき,Manga,326,,2003,https://cdn.myanimelist.net/images/manga/2/15262l.jpg
628,Kako e no Tobira,,過去への扉,Manga,325,6.9,2003,https://cdn.myanimelist.net/images/manga/3/59879l.jpg
628,Nene,Pretty Cat! Nene♥,ネネ,Manga,325,6.73,2003,https://cdn.myanimelist.net/images/manga/3/22678l.jpg
630,Itsuwari no Kekkon Yubiwa,Wife by Agreement,偽りの結婚指輪,Manga,322,6.35,2003,https://cdn.myanimelist.net/images/manga/2/63569l.jpg
630,Koufuku no Susume,Happiness Recommended,幸福のスゝメ; 幸福のススメ (日輪早夜),Manga,322,6.85,2003,https://cdn.myanimelist.net/images/manga/2/31113l.jpg
632,Leave,,,One-shot,320,5.88,2003,https://cdn.myanimelist.net/images/manga/1/36793l.jpg
633,Ojousama no Inu,,お嬢様の犬,Manga,318,6.23,2003,https://cdn.myanimelist.net/images/manga/1/29767l.jpg
633,Raika Days,,らいか・デイズ,Manga,318,,2003,https://cdn.myanimelist.net/images/manga/3/302838l.jpg
635,Hana Meiro,,花迷路,One-shot,317,6.02,2003,https://cdn.myanimelist.net/images/manga/5/313199l.jpg
636,Uchi ni oideyo,,ウチにおいでよ。,Manga,315,6.72,2003,https://cdn.myanimelist.net/images/manga/2/40949l.jpg
637,Yaban no Sono,,野蛮の園,Manga,314,,2003,https://cdn.myanimelist.net/images/manga/3/32475l.jpg
638,Onnanoko tte Honto ni Mou,,女の子ってホントにもう,Manga,312,6.64,2003,https://cdn.myanimelist.net/images/manga/1/20643l.jpg
638,Pinky Mist,,雙面情人,Manhua,312,6.34,2003,https://cdn.myanimelist.net/images/manga/2/269350l.jpg
638,Solomon no Akumu,,ソロモンの悪夢,One-shot,312,6.21,2003,https://cdn.myanimelist.net/images/manga/1/327258l.jpg
641,Innocent Thing,,イノセントシング,Manga,311,6.67,2003,https://cdn.myanimelist.net/images/manga/3/93539l.jpg
641,Pink Sniper dj - Maniax,,PINKSNIPER maniax,Doujinshi,311,6.39,2003,https://cdn.myanimelist.net/images/manga/1/48095l.jpg
643,Horyo no Okite,The Law of the Prisoner,捕虜の掟,Manga,310,,2003,https://cdn.myanimelist.net/images/manga/2/175451l.jpg
644,Animal Paradise,Animal Paradise,애니멀 파라다이스,Manhwa,307,,2003,https://cdn.myanimelist.net/images/manga/5/262175l.jpg
645,Sex Friend,,SEXFRIEND ～セックスフレンド～,Light Novel,301,,2003,https://cdn.myanimelist.net/images/manga/1/166062l.jpg
646,Aka to Kuro no Kairitsu,Red and Black Commandments,赤と黒の戒律,Manga,298,6.32,2003,https://cdn.myanimelist.net/images/manga/2/20365l.jpg
646,Rainy Love In the First Degree,Rainy Love In the First Degree,第一級潤愛罪,Manga,298,6.76,2003,https://cdn.myanimelist.net/images/manga/2/30091l.jpg
648,Penguin Oukoku: Gakuen Shotou-bu Sensei Gakari no Oshigoto,,ペンギン王国～学園初等部先生係のおしごと～,Manga,297,,2003,https://cdn.myanimelist.net/images/manga/1/161233l.jpg
649,Amakumo no Kirema ni Mieru Kuni.,,天雲の切れ間に見える国。,Manga,296,,2003,https://cdn.myanimelist.net/images/manga/1/177756l.jpg
650,Kiddy Grade VS,,キディ・グレイドVS,Manga,294,,2003,https://cdn.myanimelist.net/images/manga/5/112349l.jpg
650,Oresama-teki.,,俺様的。,Manga,294,6.55,2003,https://cdn.myanimelist.net/images/manga/1/172803l.jpg
652,Yoku Wakaru Gendai Mahou,,よくわかる現代魔法,Light Novel,292,,2003,https://cdn.myanimelist.net/images/manga/2/134289l.jpg
653,Desert Moon,,デザートムーン,Manga,290,6.71,2003,https://cdn.myanimelist.net/images/manga/3/62349l.jpg
653,Kidou Senshi Gundam: The Anthology,,機動戦士ガンダム THE ANTHOLOGY,Manga,290,,2003,https://cdn.myanimelist.net/images/manga/3/147401l.jpg
653,Paradise Lost,,パラダイス・ロスト,Manga,290,,2003,https://cdn.myanimelist.net/images/manga/3/7814l.jpg
653,Tokyo Eighties,,東京エイティーズ,Manga,290,,2003,https://cdn.myanimelist.net/images/manga/3/95513l.jpg
657,Itazura Switch,,いたずらスイッチ,Manga,287,6.29,2003,https://cdn.myanimelist.net/images/manga/3/21201l.jpg
658,Bonnou Seitokai Unlimited,Council of Carnality Unlimited,煩悩生徒会unlimited,Manga,286,6.65,2003,https://cdn.myanimelist.net/images/manga/1/152401l.jpg
658,Rare Love,Rare Love,れあらぶ,Manga,286,6.4,2003,https://cdn.myanimelist.net/images/manga/1/2725l.jpg
660,Ima wa Tooi Natsu,,今は遠い夏,Manga,285,6.27,2003,https://cdn.myanimelist.net/images/manga/2/325027l.jpg
660,Onimushi,,鬼虫,Manga,285,,2003,https://cdn.myanimelist.net/images/manga/1/143921l.jpg
660,Trigram 8,,TRIGRAM8,Manga,285,,2003,https://cdn.myanimelist.net/images/manga/5/80435l.jpg
663,JDC Tribute,,JDCトリビュート,Light Novel,284,,2003,https://cdn.myanimelist.net/images/manga/3/44285l.jpg
664,Kiss Kiss Kiss,,キスキスキス,Manga,283,6.56,2003,https://cdn.myanimelist.net/images/manga/1/161760l.jpg
664,Yamato no Hane,,やまとの羽根,Manga,283,,2003,https://cdn.myanimelist.net/images/manga/2/177165l.jpg
666,Sayonara no Hate ni...,,サヨナラの果てに…,One-shot,282,6.4,2003,https://cdn.myanimelist.net/images/manga/3/152523l.jpg
666,Week Point,,ういーく・ぽいんと,Manga,282,,2003,https://cdn.myanimelist.net/images/manga/3/58345l.jpg
668,O-Guts!,,オガッツ！,Manga,281,,2003,https://cdn.myanimelist.net/images/manga/5/338765l.jpg
669,Kairaku Hani,,快楽範囲,Manga,278,6.25,2003,https://cdn.myanimelist.net/images/manga/1/16648l.jpg
669,Lilo & Stitch,,リロ＆スティッチ,One-shot,278,,2003,https://cdn.myanimelist.net/images/manga/3/24869l.jpg
669,Zanmataisei Demonbane,Deus Machina Demonbane,斬魔大聖デモンベイン,Light Novel,278,,2003,https://cdn.myanimelist.net/images/manga/1/162864l.jpg
672,Torikae Fuukaden,,とりかえ風花伝,Manga,272,,2003,https://cdn.myanimelist.net/images/manga/2/81468l.jpg
673,Bishoujo Hatsu Shibori,,微少女初搾り,Manga,271,,2003,https://cdn.myanimelist.net/images/manga/3/110559l.jpg
674,Zutto Issho ni,,ずっと一緒に,Manga,268,,2003,https://cdn.myanimelist.net/images/manga/2/171975l.jpg
675,Chii-chan no Oshinagaki,,ちぃちゃんのおしながき,Manga,267,,2003,https://cdn.myanimelist.net/images/manga/1/104707l.jpg
676,Poko no Oshigoto♥,,ポコのお仕事♥,Manga,265,,2003,https://cdn.myanimelist.net/images/manga/3/178432l.jpg
677,Advent,,advent,Manga,264,,2003,https://cdn.myanimelist.net/images/manga/2/28065l.jpg
677,Ijiwaru Love Devil,Cruel Love Devil,いじわるらぶ・デビル,Manga,264,,2003,https://cdn.myanimelist.net/images/manga/1/29749l.jpg
677,Natsumushi,,夏蟲,Manga,264,,2003,https://cdn.myanimelist.net/images/manga/3/132563l.jpg
680,Kaerenai n da yo,,帰れないんだよ,Manga,263,6.42,2003,https://cdn.myanimelist.net/images/manga/2/142085l.jpg
680,Kasumi no Mori,,ラブラブ巫女さん かすみの杜,Manga,263,,2003,https://cdn.myanimelist.net/images/manga/3/59681l.jpg
682,Fuuma no Kojirou: Yagyuu Ansatsuchou,,風魔の小次郎 柳生暗殺帖,Manga,260,,2003,https://cdn.myanimelist.net/images/manga/5/339109l.jpg
683,Paradistar,Paradistar,パラダイスター,Manga,259,,2003,https://cdn.myanimelist.net/images/manga/1/15028l.jpg
684,Shiawase no Level,The Level of Happiness,幸せのLEVEL,Manga,258,6.52,2003,https://cdn.myanimelist.net/images/manga/2/6226l.jpg
685,Visitor,Visitor,VISITOR-방문자,Manhwa,257,,2003,https://cdn.myanimelist.net/images/manga/2/149279l.jpg
685,Viva Love You,,비바 러브 유,Manhwa,257,,2003,https://cdn.myanimelist.net/images/manga/3/156341l.jpg
687,Mamoru-kun ni Megami no Shukufuku wo!,,護くんに女神の祝福を!,Light Novel,256,,2003,https://cdn.myanimelist.net/images/manga/3/41014l.jpg
688,Yume kara Sametemo Koishiteru,,夢から醒めても恋してる,Manga,254,,2003,https://cdn.myanimelist.net/images/manga/1/18915l.jpg
689,Strawberry♥Holiday,,ストロベリィ♥ホリデー,Manga,253,6.83,2003,https://cdn.myanimelist.net/images/manga/2/116141l.jpg
690,B-kyuu Gourmet Club,,B級グルメ倶楽部,Manga,252,,2003,https://cdn.myanimelist.net/images/manga/2/13422l.jpg
691,Hashi no Shita no Batman,,橋の下のバットマン,One-shot,251,,2003,https://cdn.myanimelist.net/images/manga/3/171532l.jpg
691,Maou no Keifu,,魔王の系譜,Manga,251,,2003,https://cdn.myanimelist.net/images/manga/1/28163l.jpg
693,MAGiMAGi,Magical Illusions,マジマジ,Manga,250,,2003,https://cdn.myanimelist.net/images/manga/3/5858l.jpg
694,Kinshin Soukan,,近親相姦,Manga,249,,2003,https://cdn.myanimelist.net/images/manga/2/186393l.jpg
695,Majokko Tsukune-chan,,魔女っ娘つくねちゃん,Manga,248,,2003,https://cdn.myanimelist.net/images/manga/2/175002l.jpg
695,Prince of Destruction,,파괴之王,Manhwa,248,,2003,https://cdn.myanimelist.net/images/manga/2/8166l.jpg
697,Accent,,アクセント,Manga,247,,2003,https://cdn.myanimelist.net/images/manga/3/48961l.jpg
698,Original Love,,オリジナル・ラブ,Manga,246,,2003,https://cdn.myanimelist.net/images/manga/1/161822l.jpg
698,Wanglian,,網戀,Manhua,246,,2003,https://cdn.myanimelist.net/images/manga/2/29287l.jpg
698,Wild Baseballers,,ワイルドベースボーラーズ,Manga,246,,2003,https://cdn.myanimelist.net/images/manga/1/92415l.jpg
701,Kiss x Ass,Kiss Us & Kiss Ass!!!,キス×アス,Manga,241,,2003,https://cdn.myanimelist.net/images/manga/1/155888l.jpg
701,Shikigami no Shiro,,式神の城,Manga,241,,2003,https://cdn.myanimelist.net/images/manga/3/207268l.jpg
703,Let’s Play With Koikeda-san,,小池田さんと遊ぼう!,Manga,240,,2003,https://cdn.myanimelist.net/images/manga/2/48285l.jpg
704,Choukou Tenshi Escalayer,Beat Angel Escalayer,超昂天使エスカレイヤー,Light Novel,237,,2003,https://cdn.myanimelist.net/images/manga/1/168171l.jpg
705,My Home,,まい・ほーむ,Manga,236,,2003,https://cdn.myanimelist.net/images/manga/1/224078l.jpg
706,Marble Cake,,マーブルケェキ,Manga,235,,2003,https://cdn.myanimelist.net/images/manga/2/150237l.jpg
706,Zutto Saki no Hanashi,,ずっと先の話,Manga,235,,2003,https://cdn.myanimelist.net/images/manga/1/264151l.jpg
708,Heart♥Maker,,ハート♥メーカー,Manga,232,,2003,https://cdn.myanimelist.net/images/manga/3/175305l.jpg
709,Readiness,,READINESS,Manga,231,,2003,https://cdn.myanimelist.net/images/manga/3/177615l.jpg
710,Yamada Ikka Monogatari Gorgeous,,山田一家ものがたりゴージャス,Manga,230,,2003,https://cdn.myanimelist.net/images/manga/3/80815l.jpg
711,Kachikujin Yapoo,"Yapoo, the Human Cattle",家畜人ヤプー,Manga,227,,2003,https://cdn.myanimelist.net/images/manga/1/177693l.jpg
711,Magician's Academy,,まじしゃんず・あかでみい,Light Novel,227,,2003,https://cdn.myanimelist.net/images/manga/1/128265l.jpg
713,Chun Hyang Bi Hwa,,天香秘話 천향비화,Manhwa,226,,2003,https://cdn.myanimelist.net/images/manga/2/346148l.jpg
713,Life☆Switch,LIFE☆SWITCH,LIFE☆SWITCH ライフ・スイッチ,Manga,226,,2003,https://cdn.myanimelist.net/images/manga/2/20506l.jpg
715,HH Remix,Heavenly Body,HHリミックス,Manga,225,,2003,https://cdn.myanimelist.net/images/manga/1/9549l.jpg
715,Mahoutsukai ni Taisetsu na Koto,,魔法遣いに大切なこと,Light Novel,225,,2003,https://cdn.myanimelist.net/images/manga/3/126715l.jpg
715,Reverie of the Red Shoes,,빨간 구두의 잔상,One-shot,225,,2003,https://cdn.myanimelist.net/images/manga/2/130775l.jpg
718,Trick-Ster,,トリックスター,Manga,222,,2003,https://cdn.myanimelist.net/images/manga/2/51945l.jpg
719,Conveni Tenshi,,コンビニ天使－ふじもとゆうき短編集－,Manga,221,,2003,https://cdn.myanimelist.net/images/manga/1/198157l.jpg
719,Harenchi Golfer Juubee,,ハレンチゴルファー 十べえ,Manga,221,,2003,https://cdn.myanimelist.net/images/manga/2/196448l.jpg
721,Tanpo,,たんぽ,Manga,220,,2003,https://cdn.myanimelist.net/images/manga/2/163841l.jpg
722,"""Oyako"" Shinai",,『母子』じゃない,One-shot,218,,2003,https://cdn.myanimelist.net/images/manga/1/107133l.jpg
722,Hatsukoi to Fellatio to Seiin,,初恋とフェラチオと精飲,Manga,218,,2003,https://cdn.myanimelist.net/images/manga/3/130371l.jpg
722,Shiawase Ecchi,Happy Ecchi,しあわせエッチ,Manga,218,,2003,https://cdn.myanimelist.net/images/manga/1/26436l.jpg
722,Shinizokonai no Ao,,死にぞこないの青,Manga,218,,2003,https://cdn.myanimelist.net/images/manga/5/130159l.jpg
722,Ultraman: The First,,ウルトラマン: THE FIRST,Manga,218,,2003,https://cdn.myanimelist.net/images/manga/5/338165l.jpg
727,Bara no Oujisama,,薔薇の王子様,Manga,216,,2003,https://cdn.myanimelist.net/images/manga/3/7779l.jpg
728,Girlish Season,,ガーリッシュ シーズン,Manga,213,,2003,https://cdn.myanimelist.net/images/manga/2/178435l.jpg
728,Immoral,,インモラル,Manga,213,,2003,https://cdn.myanimelist.net/images/manga/2/93077l.jpg
728,Mitsu Tsubo,,蜜壺,Manga,213,,2003,https://cdn.myanimelist.net/images/manga/1/112167l.jpg
731,Hoppe ni Chuuboo!,,ほっぺにチューボー!,Manga,212,,2003,https://cdn.myanimelist.net/images/manga/2/92641l.jpg
732,Inwai Gangu Eigyoubu,,淫猥玩具営業部,Manga,211,,2003,https://cdn.myanimelist.net/images/manga/3/67793l.jpg
732,Kyuuketsu Senki Vjedogonia,,吸血殲鬼ヴェドゴニア,Light Novel,211,,2003,https://cdn.myanimelist.net/images/manga/2/159040l.jpg
734,A.I Hunter,,에이아이헌터,Manhwa,210,,2003,https://cdn.myanimelist.net/images/manga/3/154987l.jpg
734,Roshutsu de Pon!,Flash Bang!,露出でPON!,Manga,210,,2003,https://cdn.myanimelist.net/images/manga/1/94685l.jpg
736,Good-bye,Good-Bye,グッド・バイ,Manga,209,,2003,https://cdn.myanimelist.net/images/manga/3/10013l.jpg
736,Kikyou,,帰郷,One-shot,209,6.68,2003,https://cdn.myanimelist.net/images/manga/2/191772l.jpg
738,Sweetish Temptation,,Sweetish Temptation,One-shot,207,,2003,https://cdn.myanimelist.net/images/manga/3/23700l.jpg
739,Peach Girl Fan Book,,ピーチガール ファンBOOK,Manga,205,,2003,https://cdn.myanimelist.net/images/manga/2/13125l.jpg
740,Oresama to Oujisama,,オレ様と王子様,Manga,204,,2003,https://cdn.myanimelist.net/images/manga/3/79577l.jpg
741,Koi Koku,,恋コク,Manga,202,,2003,https://cdn.myanimelist.net/images/manga/1/49403l.jpg
742,Densetsu no Kashira: Shou,,伝説の頭 翔,Manga,198,,2003,https://cdn.myanimelist.net/images/manga/1/303328l.jpg
742,Ore no Ki mo Shiranaide,,俺の気も知らないで,Manga,198,,2003,https://cdn.myanimelist.net/images/manga/1/20441l.jpg
744,Kidou Senshi Gundam: Uchuu no Ixtab,,機動戦士ガンダム 宇宙のイシュタム,Manga,197,,2003,https://cdn.myanimelist.net/images/manga/2/147405l.jpg
744,Kyonyu Alpha,,巨乳α,Manga,197,,2003,https://cdn.myanimelist.net/images/manga/3/193172l.jpg
746,Mariko Parade,,まり子パラード,Manga,196,,2003,https://cdn.myanimelist.net/images/manga/3/22014l.jpg
746,Mousou Kizoku,,妄想貴族,Manga,196,,2003,https://cdn.myanimelist.net/images/manga/2/20564l.jpg
748,Insai Kono Onna wa Yoru ni Naku,,～淫彩～この熟女は夜に喘く,Manga,192,,2003,https://cdn.myanimelist.net/images/manga/3/150202l.jpg
748,Shin Megami Tensei III: Nocturne - Konton,,真・女神転生III ＮＯＣＴＵＲＮＥ 混沌,Light Novel,192,,2003,https://cdn.myanimelist.net/images/manga/2/132751l.jpg
750,Kekkou Kamen P,,けっこう仮面P,Manga,191,,2003,https://cdn.myanimelist.net/images/manga/2/157127l.jpg
750,Moon Lost,,ムーン・ロスト,Manga,191,,2003,https://cdn.myanimelist.net/images/manga/3/39871l.jpg
750,Pure Pure!,,ピュアピュア!,Manga,191,,2003,https://cdn.myanimelist.net/images/manga/2/68923l.jpg
753,Himegoto!,,ひめごとっ！,Manga,190,,2003,https://cdn.myanimelist.net/images/manga/2/68667l.jpg
753,Himitsu no Kankei,,秘密の関係,Manga,190,,2003,https://cdn.myanimelist.net/images/manga/1/93991l.jpg
753,"Run, Bong-Gu, Run",,"달려라, 봉구야!",Manhwa,190,,2003,https://cdn.myanimelist.net/images/manga/3/13818l.jpg
756,Imoutogokoro.,Sister's Heart.,妹ゴコロ。,Manga,189,,2003,https://cdn.myanimelist.net/images/manga/2/48897l.jpg
756,Triangle,,트라이앵글,Manhwa,189,,2003,https://cdn.myanimelist.net/images/manga/5/295713l.jpg
758,Ai to Yokubou no Rasen,The Spiral of Love and Lust,愛と欲望の螺旋,Manga,188,,2003,https://cdn.myanimelist.net/images/manga/3/15198l.jpg
758,Binetsu Onsen,,微熱温泉,Manga,188,,2003,https://cdn.myanimelist.net/images/manga/2/23278l.jpg
760,Nyuuyoku Jikan,,乳欲児姦,Manga,187,,2003,https://cdn.myanimelist.net/images/manga/2/112161l.jpg
761,King of Fighters 03: Xenon Zero,,,Manhua,186,,2003,https://cdn.myanimelist.net/images/manga/2/35055l.jpg
762,Cain,,Cain,One-shot,185,,2003,https://cdn.myanimelist.net/images/manga/3/27783l.jpg
762,Enzai,,冤罪,Light Novel,185,,2003,https://cdn.myanimelist.net/images/manga/3/210932l.jpg
762,Umarete Hajimete,,生まれてはじめて,Manga,185,,2003,https://cdn.myanimelist.net/images/manga/3/40477l.jpg
765,Koneko no Gakushuuchou,,仔猫の学習帳,Manga,184,,2003,https://cdn.myanimelist.net/images/manga/2/48583l.jpg
766,Oyaji Kairou e Youkoso,,オヤジ回廊へようこそ,Manga,181,,2003,https://cdn.myanimelist.net/images/manga/1/26258l.jpg
767,Gakkou no Kaidan,,学校の怪談,Manga,180,,2003,https://cdn.myanimelist.net/images/manga/2/155806l.jpg
768,Angel,,園ジぇる,Manga,179,,2003,https://cdn.myanimelist.net/images/manga/1/50029l.jpg
768,Ao no Honoo,,青の炎,Manga,179,,2003,https://cdn.myanimelist.net/images/manga/1/129113l.jpg
768,Koi no Yamai ni Tsukeru Kusuri dj - Kokuhaku Juumon,Bewitching Confession,告白呪文,Doujinshi,179,,2003,https://cdn.myanimelist.net/images/manga/3/25997l.jpg
768,Transformers: The Battle of Star Gate,,トランスフォーマー スターゲート戦役,Manga,179,,2003,https://cdn.myanimelist.net/images/manga/1/35675l.jpg
772,Boku no Karada wa Kimi no Mono,,僕のカラダは君のもの,Manga,178,,2003,https://cdn.myanimelist.net/images/manga/1/25269l.jpg
772,Houchou Mushuku Shoubu Tabi,Battles of the Wandering Chef,包丁無宿勝負旅,Manga,178,,2003,https://cdn.myanimelist.net/images/manga/2/229436l.jpg
772,S,,S＜エス＞,Manga,178,,2003,https://cdn.myanimelist.net/images/manga/1/208358l.jpg
775,Sokonashi Tsuyudaku Clinic,,底なし汁だくクリニック,Manga,177,,2003,https://cdn.myanimelist.net/images/manga/1/108005l.jpg
775,Sweet Meat,,スイートミート,Manga,177,,2003,https://cdn.myanimelist.net/images/manga/3/153596l.jpg
777,13 Karat no Koi,,13カラットの恋,Manga,176,,2003,https://cdn.myanimelist.net/images/manga/1/35755l.jpg
777,Dead or Alive: Xtreme Beach Volleyball Comic Anthology,,DEAD OR ALIVE XTREME BEACH VOLLEYBALL コミックアンソロジー,Manga,176,,2003,https://cdn.myanimelist.net/images/manga/4/286634l.jpg
777,Shin Tenchi Muyou! Ryououki Gaiden: Tenchi Muyou! GXP,,真・天地無用! 魎皇鬼外伝 天地無用! GXP,Light Novel,176,,2003,https://cdn.myanimelist.net/images/manga/3/237638l.jpg
780,Boys Esté,Boys Esté,BOYSエステ,Manga,175,,2003,https://cdn.myanimelist.net/images/manga/1/173662l.jpg
780,Innyuu Ranbu,,淫乳乱舞,Manga,175,,2003,https://cdn.myanimelist.net/images/manga/2/120301l.jpg
780,Korette Happy?,,これってHAPPY?,One-shot,175,,2003,https://cdn.myanimelist.net/images/manga/1/31593l.jpg
780,Love>Rush,,ラブ＞ラッシュ,Manga,175,,2003,https://cdn.myanimelist.net/images/manga/1/18820l.jpg
780,Naikaku Kenryoku Hanzai Kyousei Torishimarikan Zaizen Joutarou,Government Crime Investigation Agent Zaizen Jotaro,内閣権力犯罪強制取締官 財前丈太郎,Manga,175,,2003,https://cdn.myanimelist.net/images/manga/2/162790l.jpg
780,Shitamachi Madonna Shokudou,,下町マドンナ食堂 未亡人細腕繁盛記,Manga,175,,2003,https://cdn.myanimelist.net/images/manga/1/73667l.jpg
780,Uttare Daikichi!,,売ったれダイキチ!,Manga,175,,2003,https://cdn.myanimelist.net/images/manga/1/159783l.jpg
787,Family Complex,,ファミリー・コンプレックス,Manga,171,,2003,https://cdn.myanimelist.net/images/manga/3/12025l.jpg
787,Kabe no Naka no Tenshi,,壁の中の天使,Manga,171,,2003,https://cdn.myanimelist.net/images/manga/1/71721l.jpg
787,Katekyoto,,カテキョト,Manga,171,,2003,https://cdn.myanimelist.net/images/manga/1/110037l.jpg
787,Saimin Gakuen,,催眠学園,Light Novel,171,,2003,https://cdn.myanimelist.net/images/manga/3/166070l.jpg
787,Sukuna Hikona,,スクナヒコナ,Manga,171,,2003,https://cdn.myanimelist.net/images/manga/1/171757l.jpg
787,Super Comic Gekijou: Shin Megami Tensei III - Nocturne,,スーパーコミック劇場 真・女神転生III-NOCTURNE,Manga,171,,2003,https://cdn.myanimelist.net/images/manga/1/151584l.jpg
787,Wakaba to Issho,,若葉といっしょ,Manga,171,,2003,https://cdn.myanimelist.net/images/manga/1/201332l.jpg
794,4-koma Manga Oukoku: Rockman X7,,ROCKMANX7 4コマまんが王国,Manga,170,,2003,https://cdn.myanimelist.net/images/manga/3/79223l.jpg
794,Imouto Jiru,Juicy Sisters,妹汁,Light Novel,170,,2003,https://cdn.myanimelist.net/images/manga/2/128549l.jpg
796,Kano Hito ya Tsuki,,かの人や月,Manga,169,,2003,https://cdn.myanimelist.net/images/manga/3/134825l.jpg
797,Fresh Goddess,,フレッシュゴッデス,Manga,168,,2003,https://cdn.myanimelist.net/images/manga/3/109967l.jpg
798,G-on Riders,,G-onらいだーす,Manga,167,,2003,https://cdn.myanimelist.net/images/manga/3/31361l.jpg
799,Enshoku Hyakumonogatari,,艶色百物語,Manga,166,,2003,https://cdn.myanimelist.net/images/manga/2/105095l.jpg
799,Maji Doutei!?,,マジ童貞！？,Manga,166,,2003,https://cdn.myanimelist.net/images/manga/1/141781l.jpg
801,Kachou no Koi,,課長の恋,Manga,165,,2003,https://cdn.myanimelist.net/images/manga/1/323433l.jpg
802,The Tragedy of M,The Tragedy of M,Mの悲劇,Manga,164,,2003,https://cdn.myanimelist.net/images/manga/1/38172l.jpg
803,Miboujin no Tsukurikata,,未亡人の作り方,Manga,163,,2003,https://cdn.myanimelist.net/images/manga/3/97583l.jpg
803,Nikumi Kirenai Rokudenashi,,憎みきれないろくでなし,Manga,163,,2003,https://cdn.myanimelist.net/images/manga/3/6786l.jpg
803,Virtual Beast: Comic Side,,ヴァーチャル・ビースト COMIC side,Manga,163,,2003,https://cdn.myanimelist.net/images/manga/2/322478l.jpg
806,Gakkou wo Deyou!,Escape from the School,学校を出よう！,Light Novel,161,,2003,https://cdn.myanimelist.net/images/manga/1/207970l.jpg
806,Junk!,,ジャンク,Doujinshi,161,,2003,https://cdn.myanimelist.net/images/manga/4/298305l.jpg
808,Ever 17 -the out of infinity- Anthology Collection,,アンソロジーコレクション Ever17-the out of infinity-,Doujinshi,160,,2003,https://cdn.myanimelist.net/images/manga/5/23643l.jpg
808,Mr. Ajikko II,,ミスター味っ子II,Manga,160,,2003,https://cdn.myanimelist.net/images/manga/1/160913l.jpg
810,Onna Kyoushi Reika,,女教師理恵香,Manga,159,,2003,https://cdn.myanimelist.net/images/manga/3/49051l.jpg
811,Ice Age,,アイスエイジ,Manga,158,,2003,https://cdn.myanimelist.net/images/manga/3/164502l.jpg
811,Jikangai Kinmu Oneesan,,時間外勤務お姉さん,Manga,158,,2003,https://cdn.myanimelist.net/images/manga/4/186447l.jpg
811,Kouhan,,拘絆,Manga,158,,2003,https://cdn.myanimelist.net/images/manga/1/109121l.jpg
811,Susume! Kitako Housoubu,Advance! Kitakou Broadcasting Club,すすめ!きたこーほうそうぶ,Manga,158,,2003,https://cdn.myanimelist.net/images/manga/4/34755l.jpg
815,Boku to Ore no Kawaii Anoko,That Cute Kid is Mine and Mine,ボクとオレのカワイイあのコ,Manga,157,,2003,https://cdn.myanimelist.net/images/manga/1/27321l.jpg
816,Fatalizer,,フェイタライザー,Manga,156,,2003,https://cdn.myanimelist.net/images/manga/2/57681l.jpg
816,Hiso Hiso Asobi,,ひそひそ遊び,Manga,156,,2003,https://cdn.myanimelist.net/images/manga/2/21255l.jpg
816,Kage kara Mamoru!,,陰からマモル！,Light Novel,156,,2003,https://cdn.myanimelist.net/images/manga/2/163384l.jpg
816,Mizu no Tawamure,,水の戯れ,Manga,156,,2003,https://cdn.myanimelist.net/images/manga/1/21202l.jpg
820,Sora no Kane no Hibiku Hoshi de,,空ノ鐘の響く惑星〈ほし〉で,Light Novel,155,,2003,https://cdn.myanimelist.net/images/manga/3/196711l.jpg
821,Heibon Ponch,,平凡ポンチ,Manga,154,,2003,https://cdn.myanimelist.net/images/manga/1/278836l.jpg
822,Mushi-Uta: Bug,,ムシウタbug,Light Novel,153,,2003,https://cdn.myanimelist.net/images/manga/3/117207l.jpg
823,Kochira Momoiro Company,,こちら桃色カンパニー,Manga,152,,2003,https://cdn.myanimelist.net/images/manga/2/181870l.jpg
824,Mitsu Tsubo,,蜜壺,Manga,151,,2003,https://cdn.myanimelist.net/images/manga/3/59699l.jpg
825,Danchi Tomoo,,団地ともお,Manga,150,,2003,https://cdn.myanimelist.net/images/manga/1/86209l.jpg
825,Ma ga Ochiru Yoru,,魔が堕ちる夜,Light Novel,150,,2003,https://cdn.myanimelist.net/images/manga/1/166569l.jpg
827,Gedou,,外道,Manga,149,,2003,https://cdn.myanimelist.net/images/manga/2/97513l.jpg
827,Nakayoshi-chan,,なかよしちゃん,Manga,149,,2003,https://cdn.myanimelist.net/images/manga/2/23331l.jpg
827,Shinkakei Lovers,,進化系LOVERS,Manga,149,,2003,https://cdn.myanimelist.net/images/manga/2/92157l.jpg
830,Gonta!,,GONTA!,Manga,147,,2003,https://cdn.myanimelist.net/images/manga/1/43020l.jpg
830,Waruiko no Susume,,悪い子のススメ,Manga,147,,2003,https://cdn.myanimelist.net/images/manga/1/46881l.jpg
832,Saredo Tsumibito wa Ryuu to Odoru,,されど罪人は竜と踊る,Light Novel,146,,2003,https://cdn.myanimelist.net/images/manga/1/109071l.jpg
833,Ever 17 -the out of infinity- Welcome to the deep place,,Ｅｖｅｒ１７アンソロジーコミック マジキューコミックス,Doujinshi,145,,2003,https://cdn.myanimelist.net/images/manga/2/23626l.jpg
833,Love Love Labyrinth,,ラブラブ迷宮〈ラビリンス〉,Manga,145,,2003,https://cdn.myanimelist.net/images/manga/3/156388l.jpg
835,Girls Drops,,ガールズドロップス,Manga,144,,2003,https://cdn.myanimelist.net/images/manga/2/160720l.jpg
836,Cosplay Koromo-chan,Cosplay Koromo-chan,ころころころもちゃん,Manga,143,,2003,https://cdn.myanimelist.net/images/manga/1/13843l.jpg
836,Himitsu no Roshutsu Kids,,秘密の露出キッズ,Manga,143,,2003,https://cdn.myanimelist.net/images/manga/1/113519l.jpg
838,Amaenbo Pudding,,あまえんぼぷりん,Manga,142,,2003,https://cdn.myanimelist.net/images/manga/2/183112l.jpg
838,Silent Möbius Tales,,サイレントメビウス テイルズ,Manga,142,,2003,https://cdn.myanimelist.net/images/manga/2/40525l.jpg
840,Kare no Shouzou,,彼の肖像,Manga,141,,2003,https://cdn.myanimelist.net/images/manga/3/27044l.jpg
840,School Girl Mania,School Girl Mania,女子校生マニア,Manga,141,,2003,https://cdn.myanimelist.net/images/manga/2/305268l.jpg
842,Ijirare Kei.,,いじられ系。,Manga,140,,2003,https://cdn.myanimelist.net/images/manga/3/93133l.jpg
842,Oneesan no Fukurami,,お姉さんのふくらみ,Manga,140,,2003,https://cdn.myanimelist.net/images/manga/2/49799l.jpg
842,Oshiete♡Oneesan,,おしえて♡お姉さん,Manga,140,,2003,https://cdn.myanimelist.net/images/manga/2/69391l.jpg
845,Chinami no Fuukei,,チナミの風景,Manga,139,,2003,https://cdn.myanimelist.net/images/manga/2/255062l.jpg
845,Nylon 100%,,ナイロン100％,Manga,139,,2003,https://cdn.myanimelist.net/images/manga/1/186459l.jpg
845,★Santa!★,,★SANTA!★,Manga,139,,2003,https://cdn.myanimelist.net/images/manga/2/89895l.jpg
848,C[si:],,,Manga,138,,2003,https://cdn.myanimelist.net/images/manga/1/31161l.jpg
848,Hatsukoi no Shiryou,Spirit of First Love,はつこいの死霊,Manga,138,,2003,https://cdn.myanimelist.net/images/manga/1/27119l.jpg
850,Main Dish,,,Manga,134,,2003,https://cdn.myanimelist.net/images/manga/2/78845l.jpg
851,Hana China,,華中華〈ハナ・チャイナ〉,Manga,133,,2003,https://cdn.myanimelist.net/images/manga/2/285112l.jpg
851,Koi no Hana Chiru Furu,,恋の花 散る降る,Manga,133,,2003,https://cdn.myanimelist.net/images/manga/1/11636l.jpg
851,Otoko no Ko-tachi no Naka,,男の子たちのナカ,Manga,133,,2003,https://cdn.myanimelist.net/images/manga/1/162268l.jpg
851,Piyo Piyo Angel,Peep Peep Angel,ぴよぴよ天使,Manga,133,,2003,https://cdn.myanimelist.net/images/manga/2/12393l.jpg
855,Kajou,,花縄,Manga,132,,2003,https://cdn.myanimelist.net/images/manga/3/75561l.jpg
855,Revolution No.3,,レヴォリューションナンバースリー,Manga,132,,2003,https://cdn.myanimelist.net/images/manga/1/76107l.jpg
857,PTSD,,PTSD,One-shot,131,,2003,https://cdn.myanimelist.net/images/manga/1/164362l.jpg
858,17-sai: Tabidachi no Futari,,17才旅立ちのふたり,Manga,130,,2003,https://cdn.myanimelist.net/images/manga/3/36153l.jpg
858,Nihohi,Smell of girls,にほひ,Doujinshi,130,,2003,https://cdn.myanimelist.net/images/manga/3/174349l.jpg
858,Ore ni Kamauna!,,俺にかまうな!,Manga,130,,2003,https://cdn.myanimelist.net/images/manga/2/82666l.jpg
858,Vaizard,Vaizard,護宝遣聖VAIZARD,Manga,130,,2003,https://cdn.myanimelist.net/images/manga/1/340111l.jpg
862,Crush Gear N,Crush Gear Nitro,クラッシュギアN,Manga,129,,2003,https://cdn.myanimelist.net/images/manga/2/120897l.jpg
862,Love Fool,,ラブフール,Manga,129,,2003,https://cdn.myanimelist.net/images/manga/2/125819l.jpg
864,Aru Miboujin no Shouzou,,ある未亡人の肖像,Manga,128,,2003,https://cdn.myanimelist.net/images/manga/1/59787l.jpg
864,Chanbara,,チャンバラ 一撃小僧隼十,Manga,128,,2003,https://cdn.myanimelist.net/images/manga/2/66195l.jpg
864,Niji no Tani no Anne,,虹の谷のアン,Manga,128,,2003,https://cdn.myanimelist.net/images/manga/2/183078l.jpg
867,Bengoshi no Kuzu,,弁護士のくず,Manga,126,,2003,https://cdn.myanimelist.net/images/manga/3/199494l.jpg
867,Kimi yo Shiruya Minami no Goku,Do You Remember the South Island's POW Camp?,君よ知るや南の獄,Manga,126,,2003,https://cdn.myanimelist.net/images/manga/3/181213l.jpg
867,Kodomo no Asobi,,こどものあそび,Manga,126,,2003,https://cdn.myanimelist.net/images/manga/2/50243l.jpg
870,Kame to Asobu,,かめとあそぶ,Manga,125,,2003,https://cdn.myanimelist.net/images/manga/3/116031l.jpg
870,Onee-sama wa Shota Shikou,,お姉様はショタ嗜好,Manga,125,,2003,https://cdn.myanimelist.net/images/manga/1/94201l.jpg
872,Aokan Tengoku,,青姦天国,Manga,124,,2003,https://cdn.myanimelist.net/images/manga/2/187775l.jpg
872,Love Category,,ラブ カテゴリー,Manga,124,,2003,https://cdn.myanimelist.net/images/manga/3/48691l.jpg
872,Maid de Ikkimasshoi,,メイドでいきまっしょい,Manga,124,,2003,https://cdn.myanimelist.net/images/manga/1/36690l.jpg
872,Nudist.,Nudist,ヌーディスト。,Manga,124,,2003,https://cdn.myanimelist.net/images/manga/1/13877l.jpg
876,Natsu no Omoide,Memories of Summer,夏のおもいで,Manga,123,,2003,https://cdn.myanimelist.net/images/manga/2/99961l.jpg
876,Night Milk,,ナイトミルク,Manga,123,,2003,https://cdn.myanimelist.net/images/manga/3/111465l.jpg
876,Scene,,武富智短編集,Manga,123,,2003,https://cdn.myanimelist.net/images/manga/2/70111l.jpg
879,Luna Heights,,ルナハイツ,Manga,122,,2003,https://cdn.myanimelist.net/images/manga/2/63843l.jpg
880,Bubunteki Otonaka Keikaku,,部分的大人化計画,Manga,121,,2003,https://cdn.myanimelist.net/images/manga/1/40381l.jpg
880,Junk Force,Junk Force,ジャンクフォース,Light Novel,121,,2003,https://cdn.myanimelist.net/images/manga/3/123639l.jpg
882,Imouto de Ikou!,Plenty of Pretty Sisters,妹でいこう!,Light Novel,120,,2003,https://cdn.myanimelist.net/images/manga/3/144389l.jpg
882,Nagai Go Ecchi Manga Selection,,永井豪エッチまんがセレクション,Manga,120,,2003,https://cdn.myanimelist.net/images/manga/2/268815l.jpg
882,Yuwaku Shitei Tosho,,誘惑指定図書,Manga,120,,2003,https://cdn.myanimelist.net/images/manga/2/93575l.jpg
885,Kindan no Ringo,,禁断の林檎,Manga,119,,2003,https://cdn.myanimelist.net/images/manga/1/64289l.jpg
885,Lowteen Complex,,Lowteen Complex,Doujinshi,119,,2003,https://cdn.myanimelist.net/images/manga/2/182020l.jpg
887,Hitozuma Cosplay Kissa,,人妻コスプレ喫茶,Light Novel,118,,2003,https://cdn.myanimelist.net/images/manga/2/134563l.jpg
887,Houkago made Mate Nai,,放課後まで待てない,Manga,118,,2003,https://cdn.myanimelist.net/images/manga/2/101789l.jpg
889,Akuma-sama Help☆,,悪魔様へるぷ☆,Manga,117,,2003,https://cdn.myanimelist.net/images/manga/3/85999l.jpg
889,Crazy Beach~,Crazy Beach~,ビーチできゅ～,Manga,117,,2003,https://cdn.myanimelist.net/images/manga/1/6637l.jpg
889,Karada ni Kiite,,カラダニキイテ,Manga,117,,2003,https://cdn.myanimelist.net/images/manga/3/143067l.jpg
889,Puni Youbi,,ぷにようび,Manga,117,,2003,https://cdn.myanimelist.net/images/manga/2/134045l.jpg
889,The Death-defying Negotiator M,The Death-defying Negotiator M,示談交渉人Ｍ,Manga,117,,2003,https://cdn.myanimelist.net/images/manga/3/17474l.jpg
894,Chijoku Joukamachi,,恥辱城下町,Doujinshi,116,,2003,https://cdn.myanimelist.net/images/manga/3/133657l.jpg
894,Manin Densha,,満淫電車,Light Novel,116,,2003,https://cdn.myanimelist.net/images/manga/1/166392l.jpg
896,Suitei Chijo,,推定痴女,Manga,115,,2003,https://cdn.myanimelist.net/images/manga/2/174870l.jpg
896,Tamete Misema Show!,,貯めてみせまショウ!,Manga,115,,2003,https://cdn.myanimelist.net/images/manga/4/333742l.jpg
896,Video J,,VIDEO J,Manga,115,,2003,https://cdn.myanimelist.net/images/manga/1/24785l.jpg
899,Song in Blue,,SONG IN BLUE,One-shot,114,,2003,https://cdn.myanimelist.net/images/manga/1/151517l.jpg
899,Tokyo Graffiti,Tokyo Graffiti,,Manga,114,,2003,https://cdn.myanimelist.net/images/manga/1/24035l.jpg
901,Amayakasaretai,,甘やかされ隊,Manga,113,,2003,https://cdn.myanimelist.net/images/manga/3/35465l.jpg
901,Heavy Duty,,Heavy-Duty,Manga,113,,2003,https://cdn.myanimelist.net/images/manga/2/199194l.jpg
903,Bishoujo Kaizouron,,美少女改造論,Manga,112,,2003,https://cdn.myanimelist.net/images/manga/1/107887l.jpg
903,Ganon,,ガノン -十力暗殺剣-,Manga,112,,2003,https://cdn.myanimelist.net/images/manga/2/26000l.jpg
903,Kyoukai Sensen,,境界戦線 〜マージナル・バトルライン〜,Manga,112,,2003,https://cdn.myanimelist.net/images/manga/2/15961l.jpg
903,Rakuen Gentei Renai Jijou,,楽園限定恋愛事情,Manga,112,,2003,https://cdn.myanimelist.net/images/manga/1/19084l.jpg
903,The Age Where They Want to Know Everything,,何でも知りたいお年頃,One-shot,112,,2003,https://cdn.myanimelist.net/images/manga/2/78339l.jpg
908,Ginga Sengoku Gunyuuden Rai Ibun,,銀河戦国群雄伝ライ 異聞,Manga,111,,2003,https://cdn.myanimelist.net/images/manga/1/167295l.jpg
908,Hi Me KO l,Secret Love: Overture,ヒメコイ,Manga,111,,2003,https://cdn.myanimelist.net/images/manga/1/79339l.jpg
908,Juvenile,,じゅぶないる,Manga,111,,2003,https://cdn.myanimelist.net/images/manga/2/135667l.jpg
908,Korashime 2: Kyouikuteki Depaga Shidou,,懲らしめ２ ～狂育的デパガ指導～,Light Novel,111,,2003,https://cdn.myanimelist.net/images/manga/3/168160l.jpg
912,Dolls Don't Cry,Dolls Don't Cry,ドールズドントクライ,Manga,110,,2003,https://cdn.myanimelist.net/images/manga/1/79471l.jpg
912,Kareshi no Himitsu,,彼氏のひみつ,Manga,110,,2003,https://cdn.myanimelist.net/images/manga/2/5923l.jpg
912,Orefeti,,俺フェチ,Manga,110,,2003,https://cdn.myanimelist.net/images/manga/3/91787l.jpg
915,Parasiter Miki,,パラサイター未希,Manga,109,,2003,https://cdn.myanimelist.net/images/manga/2/110059l.jpg
915,Tokubetsu Jugyou 2,,特別授業2,Light Novel,109,,2003,https://cdn.myanimelist.net/images/manga/3/166382l.jpg
915,Yaritai Kibun,,犯りたい気分,Manga,109,,2003,https://cdn.myanimelist.net/images/manga/1/142969l.jpg
918,Sui Tang Heroes,Sui Tang Heroes,隋唐英雄傳,Manhua,108,,2003,https://cdn.myanimelist.net/images/manga/1/40964l.jpg
918,Virtual Lovers,Virtual Lovers,ヴァーチャル・ラバーズ,Manga,108,,2003,https://cdn.myanimelist.net/images/manga/4/19046l.jpg
920,Mayuka-chan no XMAS,,真由香ちゃんのXマス,One-shot,107,,2003,https://cdn.myanimelist.net/images/manga/2/10640l.jpg
921,Hataraku Okusan,,はたらく奥さんっ,Manga,106,,2003,https://cdn.myanimelist.net/images/manga/2/108097l.jpg
921,Madame Joker,,マダム・ジョーカー,Manga,106,,2003,https://cdn.myanimelist.net/images/manga/3/45371l.jpg
921,Ojizoo Quest,,おじぞークエスト,One-shot,106,,2003,https://cdn.myanimelist.net/images/manga/2/10264l.jpg
924,Astrawberry,,アストロベリー,Manga,105,,2003,https://cdn.myanimelist.net/images/manga/1/61333l.jpg
924,Gakuen Noise,,学園ノイズ,Manga,105,,2003,https://cdn.myanimelist.net/images/manga/2/112617l.jpg
924,Koi no Yamanote-sen Game,Love Games in Yamanote Line,恋の山手線ゲーム,Manga,105,,2003,https://cdn.myanimelist.net/images/manga/1/176927l.jpg
924,Maestro,,マエストロ,Manga,105,,2003,https://cdn.myanimelist.net/images/manga/3/116595l.jpg
924,Q-Robo Transformer,,爆笑トランスフォーマーギャグコロシアム,Manga,105,,2003,https://cdn.myanimelist.net/images/manga/2/35683l.jpg
924,Shunshou Nawageshou,,春宵縄化粧,Manga,105,,2003,https://cdn.myanimelist.net/images/manga/2/26327l.jpg
924,Yoiko no Mirai!,,ヨイコノミライ,Manga,105,,2003,https://cdn.myanimelist.net/images/manga/2/74029l.jpg
924,Yoru wo Koeru,,夜を超える,Manga,105,,2003,https://cdn.myanimelist.net/images/manga/2/196447l.jpg
932,Chapuchapu,,ちゃぷちゃぷ,Doujinshi,104,,2003,https://cdn.myanimelist.net/images/manga/1/174350l.jpg
932,Concierge,,コンシェルジュ,Manga,104,,2003,https://cdn.myanimelist.net/images/manga/1/186831l.jpg
932,Kimi ni Hanakazari - Seikimatsu Teppen Boy,You in Full Bloom,君に花飾り -新世紀末てっぺんBOY-,Manga,104,,2003,https://cdn.myanimelist.net/images/manga/2/8030l.jpg
932,Project X: 240Z,,,Manga,104,,2003,https://cdn.myanimelist.net/images/manga/1/24726l.jpg
932,Soukou Kihei Votoms: AT Stories,,装甲騎兵ボトムズ AT Stories,Manga,104,,2003,https://cdn.myanimelist.net/images/manga/3/155727l.jpg
937,Hako,,,Doujinshi,103,,2003,https://cdn.myanimelist.net/images/manga/3/17897l.jpg
937,Ryoujoku,,凌辱,Manga,103,,2003,https://cdn.myanimelist.net/images/manga/1/122925l.jpg
939,Momokan,,桃缶,Manga,102,,2003,https://cdn.myanimelist.net/images/manga/3/137095l.jpg
940,Amahara Mahou Kottouten,,天原魔法骨董店,Manga,101,,2003,https://cdn.myanimelist.net/images/manga/2/26995l.jpg
940,Hard Acme,,ハード・アクメ,Manga,101,,2003,https://cdn.myanimelist.net/images/manga/2/155211l.jpg
940,Igazukin,,伊賀ずきん,Manga,101,,2003,https://cdn.myanimelist.net/images/manga/3/9217l.jpg
940,Kidd Pistols,Kidd Pistols,キッド・ピストルズ,Manga,101,,2003,https://cdn.myanimelist.net/images/manga/3/15482l.jpg
944,Eastern Eastern,,イースタン イースタン,Manga,100,,2003,https://cdn.myanimelist.net/images/manga/1/56341l.jpg
944,Nijiiro Cinema,,虹色シネマ,One-shot,100,,2003,https://cdn.myanimelist.net/images/manga/3/328455l.jpg
946,Girigirism,,ギリギリズム,Manga,98,,2003,https://cdn.myanimelist.net/images/manga/2/131423l.jpg
946,Iwai! Dekichatta Kekkon,,祝! できちゃった結婚,Manga,98,,2003,https://cdn.myanimelist.net/images/manga/1/45021l.jpg
946,Midoku,The Fascinating Poison,魅毒,Manga,98,,2003,https://cdn.myanimelist.net/images/manga/1/178544l.jpg
946,Sweet☆Mission,,スイート☆ミッション,Manga,98,,2003,https://cdn.myanimelist.net/images/manga/2/180922l.jpg
950,ASB: Fuuma Kyuuseiden,,ASB―封魔九星伝―,Manga,97,,2003,https://cdn.myanimelist.net/images/manga/3/152952l.jpg
950,Hakudaku Kurui,,白濁狂い,Manga,97,,2003,https://cdn.myanimelist.net/images/manga/2/69225l.jpg
950,Kouzen Waisetsu,,公然ワイセツ,Manga,97,,2003,https://cdn.myanimelist.net/images/manga/2/75711l.jpg
950,Makeruna Baby,,負けるなbaby,Manga,97,,2003,https://cdn.myanimelist.net/images/manga/1/27335l.jpg
950,Nineteen,Nineteen,열아홉,Manhwa,97,,2003,https://cdn.myanimelist.net/images/manga/3/256712l.jpg
950,Onegai Moo Yamete...,,お願い もぉやめて…,Manga,97,,2003,https://cdn.myanimelist.net/images/manga/3/165250l.jpg
950,Otetsudai Shichaimasu.,,お手伝いしちゃいます。,Manga,97,,2003,https://cdn.myanimelist.net/images/manga/3/180457l.jpg
950,Ryoujoku Seme,,凌辱責め,Manga,97,,2003,https://cdn.myanimelist.net/images/manga/1/137091l.jpg
958,Aton no Musume,,アトンの娘,Manga,96,,2003,https://cdn.myanimelist.net/images/manga/3/131591l.jpg
958,Help Man!,,ヘルプマン!,Manga,96,,2003,https://cdn.myanimelist.net/images/manga/3/149573l.jpg
958,Hime Hajime,,姫はじめ,Manga,96,,2003,https://cdn.myanimelist.net/images/manga/1/94207l.jpg
958,Magurobon1.1,,まぐろ本1.1,Doujinshi,96,,2003,https://cdn.myanimelist.net/images/manga/1/46383l.jpg
958,Taiyou no Tou,Tower of the Sun,太陽の塔,Novel,96,,2003,https://cdn.myanimelist.net/images/manga/3/292107l.jpg
963,12-gatsu no Veronica,,12月のベロニカ,Light Novel,95,,2003,https://cdn.myanimelist.net/images/manga/1/162736l.jpg
963,Boku to Kimi no Aida ni,,僕と君の間に,Manga,95,,2003,https://cdn.myanimelist.net/images/manga/2/202976l.jpg
963,Chaos Legion,,カオス レギオン,Light Novel,95,,2003,https://cdn.myanimelist.net/images/manga/3/127877l.jpg
966,Akuma Kari: Daemon Hunters,,悪魔狩り Daemon Hunters,Manga,94,,2003,https://cdn.myanimelist.net/images/manga/1/10977l.jpg
966,Inu Himesama,,犬姫様,Manga,94,,2003,https://cdn.myanimelist.net/images/manga/1/149837l.jpg
966,Shiriaru!,,しりある!,Manga,94,,2003,https://cdn.myanimelist.net/images/manga/2/75963l.jpg
969,Ecstasy Bomber,,エクスタシー・ボマー,Manga,93,,2003,https://cdn.myanimelist.net/images/manga/2/125817l.jpg
969,Shukujo no Seiheki,,淑女の性癖,Manga,93,,2003,https://cdn.myanimelist.net/images/manga/1/160360l.jpg
971,Chicchana Koi no Melody,Melody of Small Love,小っちゃな恋のメロディ,Manga,92,,2003,https://cdn.myanimelist.net/images/manga/3/189402l.jpg
971,Ippouteki Love Romance,,一方的ラブロマンス,One-shot,92,,2003,https://cdn.myanimelist.net/images/manga/2/106917l.jpg
971,Popo Can,,ポポ缶,Manga,92,,2003,https://cdn.myanimelist.net/images/manga/3/11375l.jpg
974,Kappa no Kaikata,,カッパの飼い方,Manga,91,,2003,https://cdn.myanimelist.net/images/manga/2/195632l.jpg
974,Room No.1301,,ROOM NO.1301,Light Novel,91,,2003,https://cdn.myanimelist.net/images/manga/2/162509l.jpg
974,Saishoku Kenbi,,彩色絢美,Manga,91,,2003,https://cdn.myanimelist.net/images/manga/1/93679l.jpg
977,Jamming☆Shinaide!: Bloomers Kyousoukyoku,,じゃみんぐ☆しないで! ブルマー狂騒曲,Manga,90,,2003,https://cdn.myanimelist.net/images/manga/5/35714l.jpg
977,Kumo wo Koroshita Otoko,,雲を殺した男,Manga,90,,2003,https://cdn.myanimelist.net/images/manga/2/119031l.jpg
977,Mahou Shoujo Sae,,魔法少女沙枝,Light Novel,90,,2003,https://cdn.myanimelist.net/images/manga/2/135873l.jpg
980,Beast Tamer,,beast tamer 「ビーストテイマー」,Manga,89,,2003,https://cdn.myanimelist.net/images/manga/1/208188l.jpg
980,Elle to Takara dj - Goshujinsama to Inu,,ご主人さまと犬,Doujinshi,89,,2003,https://cdn.myanimelist.net/images/manga/1/22455l.jpg
980,Joi ○kkusu,,女医○っくす,Light Novel,89,,2003,https://cdn.myanimelist.net/images/manga/3/175134l.jpg
983,Ano Ko no Himegoto,The Girl's Secrecy,あの子の秘めごと,Manga,88,,2003,https://cdn.myanimelist.net/images/manga/2/174356l.jpg
983,Ikenai Shounen Yuugi,,イケナイ少年遊戯,Manga,88,,2003,https://cdn.myanimelist.net/images/manga/3/164803l.jpg
983,Juujun na Imouto,,従順な妹,One-shot,88,,2003,https://cdn.myanimelist.net/images/manga/3/108309l.jpg
983,Milky Twins: Mama wa Tatakau Maid-san,,ミルキーツインズ ママは戦うメイドさん,Manga,88,,2003,https://cdn.myanimelist.net/images/manga/3/170436l.jpg
987,Aikagi: Hidamari to Kanojo no Heyagi - Ayane-hen,,あいかぎ～ひだまりと彼女の部屋着～ 彩音編,Light Novel,87,,2003,https://cdn.myanimelist.net/images/manga/2/167148l.jpg
987,Day Break,,デイブレイク,Manga,87,,2003,https://cdn.myanimelist.net/images/manga/2/111569l.jpg
987,Lunatic Moon,,ルナティック・ムーン,Light Novel,87,,2003,https://cdn.myanimelist.net/images/manga/2/164509l.jpg
987,Migawari Body,,ミガワリ・バディー,Manga,87,,2003,https://cdn.myanimelist.net/images/manga/2/100887l.jpg
987,Minimum Queen,,ミニマム・クイーン,Manga,87,,2003,https://cdn.myanimelist.net/images/manga/2/16647l.jpg
987,World 4u_,,World 4u_,Manga,87,,2003,https://cdn.myanimelist.net/images/manga/2/170699l.jpg
987,Yami no Juuen,,闇の獣宴,Manga,87,,2003,https://cdn.myanimelist.net/images/manga/3/58329l.jpg
994,Akuma Sylphia to Honoo no Tenshi: Seija no Ingoku Rasen,Capricious Demon Sylphia,悪魔シルフィアと炎の天使 聖邪の淫獄螺旋,Light Novel,86,,2003,https://cdn.myanimelist.net/images/manga/3/168051l.jpg
994,Mahou Senshi Louie 0,,魔法戦士リウイ0,Light Novel,86,,2003,https://cdn.myanimelist.net/images/manga/1/123667l.jpg
994,Orange Pocket,,Orange Pocket -オレンジポケット-,Light Novel,86,,2003,https://cdn.myanimelist.net/images/manga/2/132529l.jpg
994,Sho Sho Rika,,ショショリカ,Manga,86,,2003,https://cdn.myanimelist.net/images/manga/1/77773l.jpg
998,Mahou Senshi Louie: Faram no Tsurugi,,魔法戦士リウイ ファーラムの剣,Light Novel,85,,2003,https://cdn.myanimelist.net/images/manga/3/123673l.jpg
998,Mikansei Seifuku Shoujo,,未完成制服少女,Manga,85,,2003,https://cdn.myanimelist.net/images/manga/3/46547l.jpg
998,Samurai Rising,,サムライジ,Manga,85,,2003,https://cdn.myanimelist.net/images/manga/2/28033l.jpg
1001,Dokidoki Shoujo Byoutou,,ドキドキ少女病棟,Manga,84,,2003,https://cdn.myanimelist.net/images/manga/2/109407l.jpg
1001,King Marker,,KING MARKER －王の採点係－,Manga,84,,2003,https://cdn.myanimelist.net/images/manga/1/164816l.jpg
1001,Ryoujoku Rettou,Rape women all over Japan.,凌辱列島,Manga,84,,2003,https://cdn.myanimelist.net/images/manga/3/164069l.jpg
1001,Tokyo Junpaku-ka Keikaku,,東京純白化計画,Manga,84,,2003,https://cdn.myanimelist.net/images/manga/1/37263l.jpg
1005,Amahada Shoujo,,甘肌少女,Manga,83,,2003,https://cdn.myanimelist.net/images/manga/2/160405l.jpg
1005,Dan-dara,,ダンダラ,Manga,83,,2003,https://cdn.myanimelist.net/images/manga/3/45306l.jpg
1005,Tenjou no Tsuru,The Life of a Man Who Headed Toward Stradivari,天上の弦,Manga,83,,2003,https://cdn.myanimelist.net/images/manga/3/198671l.jpg
1005,Vanilla,Vanilla,バニラ,One-shot,83,,2003,https://cdn.myanimelist.net/images/manga/1/25564l.jpg
1005,Yareru Mono Nara!,,やれるものなら!,Manga,83,,2003,https://cdn.myanimelist.net/images/manga/2/58203l.jpg
1010,Haru no Mushi Mushi,,春ノ虫虫,Manga,82,,2003,https://cdn.myanimelist.net/images/manga/1/29956l.jpg
1011,Dorei Ana,The Slave as Flesh Hole.,奴隷穴,Manga,81,,2003,https://cdn.myanimelist.net/images/manga/1/185247l.jpg
1011,Gakuen Tengoku,,学園天国,Manga,81,,2003,https://cdn.myanimelist.net/images/manga/2/21335l.jpg
1011,Hana no Ie,House of Flowers,花の家,Manga,81,,2003,https://cdn.myanimelist.net/images/manga/1/229367l.jpg
1011,Himitsu no Hanran,,秘蜜の叛乱,Manga,81,,2003,https://cdn.myanimelist.net/images/manga/3/106793l.jpg
1011,Nohara Nohara no,These Are The Hungry,のはらのはらの,Manga,81,,2003,https://cdn.myanimelist.net/images/manga/2/83495l.jpg
1016,Aikagi: Hidamari to Kanojo no Heyagi - Chika-hen,,あいかぎ～ひだまりと彼女の部屋着～ 千香編,Light Novel,80,,2003,https://cdn.myanimelist.net/images/manga/1/175029l.jpg
1016,Apocalypse: Deus Ex Machina,,Apocalypse ~Deus Ex Machina~,Light Novel,80,,2003,https://cdn.myanimelist.net/images/manga/3/132169l.jpg
1016,Seieki,,聖液,Manga,80,,2003,https://cdn.myanimelist.net/images/manga/3/108305l.jpg
1016,Target,Target,,Manga,80,,2003,https://cdn.myanimelist.net/images/manga/3/35361l.jpg
1016,Yami no Kuni no Alice,,闇の国のアリス,Manga,80,,2003,https://cdn.myanimelist.net/images/manga/2/93163l.jpg
1021,Bijo de Joushi de Toshiue de...,,美女で上司で年上で…,Manga,79,,2003,https://cdn.myanimelist.net/images/manga/2/32355l.jpg
1021,"Hitozuma, Kindan no Hirusagari",,人妻、禁断の昼下り,Manga,79,,2003,https://cdn.myanimelist.net/images/manga/2/156219l.jpg
1021,Kishin Gakuen Tantei Club,KISHIN Junior High School Detective Club,葵心学園探偵倶楽部,Manga,79,,2003,https://cdn.myanimelist.net/images/manga/2/156765l.jpg
1021,Slime Morimori,,スライムもりもり,Manga,79,,2003,https://cdn.myanimelist.net/images/manga/3/164708l.jpg
1025,Erotic Märchen,,エロチックメルヘン,Manga,78,,2003,https://cdn.myanimelist.net/images/manga/1/30627l.jpg
1025,"Kikasete yo, Koigokoro.",,聞かせてよ、恋心。,Manga,78,,2003,https://cdn.myanimelist.net/images/manga/3/10876l.jpg
1025,Mune Kyun,,胸キュン,Manga,78,,2003,https://cdn.myanimelist.net/images/manga/1/76027l.jpg
1025,Out Law,,アウト・ロー,Manga,78,,2003,https://cdn.myanimelist.net/images/manga/1/225695l.jpg
1029,Anime Tenchou B' Tenchou Kouhosei,,アニメ店長Ｂ'店長候補生,Manga,76,,2003,https://cdn.myanimelist.net/images/manga/2/72631l.jpg
1030,Growlanser IV ～Wayfarer of the time～,Growlanser IV ～Wayfarer of the time～,グローランサーIV ～Wayfarer of the time～,Manga,75,,2003,https://cdn.myanimelist.net/images/manga/2/65339l.jpg
1030,Onna Kyoushi 2,Episode-Sadist,女教師2,Light Novel,75,,2003,https://cdn.myanimelist.net/images/manga/3/143813l.jpg
1030,Pipin to Pinto★,,ピピンとピント★,Manga,75,,2003,https://cdn.myanimelist.net/images/manga/3/181660l.jpg
1030,Shizuru-san to Henkutsu na Shisha-tachi: The Eccentric Dead In White Sickroom,,しずるさんと偏屈な死者たち The Eccentric Dead In White Sickroom,Light Novel,75,,2003,https://cdn.myanimelist.net/images/manga/2/155678l.jpg
1034,Kouga Ninpouchou: Aratame,,甲賀忍法帖・改,Manga,74,,2003,https://cdn.myanimelist.net/images/manga/1/146447l.jpg
1034,Ore wa Captain,,おれはキャプテン,Manga,74,,2003,https://cdn.myanimelist.net/images/manga/3/122527l.jpg
1034,Papagoto,,パパゴト,Manga,74,,2003,https://cdn.myanimelist.net/images/manga/3/32844l.jpg
1034,Seito Shokun! Kyoushi-hen,,生徒諸君！教師編,Manga,74,,2003,https://cdn.myanimelist.net/images/manga/3/118513l.jpg
1038,Amaete Ii yo,,甘えていいよ,Manga,73,,2003,https://cdn.myanimelist.net/images/manga/1/151390l.jpg
1038,Elfina: Yoru e to Urareta Oukoku de... Houshi Kokka-hen,,エルフィーナ～淫夜へと売られた王国で…～ 奉仕国家編,Light Novel,73,,2003,https://cdn.myanimelist.net/images/manga/3/173520l.jpg
1038,Itoshii Hito,,愛しい人,Manga,73,,2003,https://cdn.myanimelist.net/images/manga/1/6024l.jpg
1038,Monster Farm 4: Antlan VS Sanjuushin,,モンスターファーム4～アントランズVS三獣神～,Manga,73,,2003,https://cdn.myanimelist.net/images/manga/1/157578l.jpg
1038,Satougashi Shounen,Sugar Boy,砂糖菓子少年,Manga,73,,2003,https://cdn.myanimelist.net/images/manga/3/20166l.jpg
1043,Love Mix,,天翔ける時の雫,Manga,72,,2003,https://cdn.myanimelist.net/images/manga/1/31823l.jpg
1043,Ouji-sama Lv.1 Anthology Hyper!,,王子さまＬｖ１アンソロジーハイパー！,Manga,72,,2003,https://cdn.myanimelist.net/images/manga/1/22129l.jpg
1043,Super Comic Gekijou: Tales of Destiny 2,,スーパーコミック劇場 テイルズ オブ デスティニー2,Manga,72,,2003,https://cdn.myanimelist.net/images/manga/1/151590l.jpg
1046,Angel Seed,,エンジェルシード,Light Novel,71,,2003,https://cdn.myanimelist.net/images/manga/3/169109l.jpg
1046,Butterfly Lovers: Butterfly Dream,,梁山伯與祝英台-蝴蝶夢-,Manga,71,,2003,https://cdn.myanimelist.net/images/manga/1/133645l.jpg
1046,Feather Complex,,フェザーコンプレックス,Manga,71,,2003,https://cdn.myanimelist.net/images/manga/2/32142l.jpg
1046,Gakuen Rengoku Zombie Mate,,学園恋獄ゾンビメイト,Manga,71,,2003,https://cdn.myanimelist.net/images/manga/3/161545l.jpg
1046,Non-chan no Tenohira,,のんちゃんの手のひら,Manga,71,,2003,https://cdn.myanimelist.net/images/manga/1/45435l.jpg
1051,Aoi: Imouto to Seitokaichou,,あおい 妹と生徒会長,Light Novel,70,,2003,https://cdn.myanimelist.net/images/manga/2/169500l.jpg
1051,Executive wa Tsuyoki na Hunter,,社長〈エグゼクティブ〉は強気なハンター,Light Novel,70,,2003,https://cdn.myanimelist.net/images/manga/1/153343l.jpg
1051,Real Bout High School: Early Days,,リアルバウトハイスクール〈アーリー・デイズ〉,Light Novel,70,,2003,https://cdn.myanimelist.net/images/manga/2/166932l.jpg
1054,Avian Wander: React,,エビアンワンダーREACT,Manga,69,,2003,https://cdn.myanimelist.net/images/manga/2/135831l.jpg
1054,Bokura wa Ai wo Hajimetabakari,,僕らは愛をはじめたばかり,Manga,69,,2003,https://cdn.myanimelist.net/images/manga/1/32112l.jpg
1054,Fuusui Gakuen,,風水学園,Light Novel,69,,2003,https://cdn.myanimelist.net/images/manga/2/163385l.jpg
1054,Hinnyu Suhada,,貧乳素肌,Manga,69,,2003,https://cdn.myanimelist.net/images/manga/1/92727l.jpg
1054,Yokubou no Hako,,欲望の匣,Manga,69,,2003,https://cdn.myanimelist.net/images/manga/3/94047l.jpg
1059,Defense Line Returns,,ディフェンスライン リターンズ,Manga,68,,2003,https://cdn.myanimelist.net/images/manga/2/2593l.jpg
1059,Sensei: Sweet School Days,,せんせい Sweet School Days,Light Novel,68,,2003,https://cdn.myanimelist.net/images/manga/2/167033l.jpg
1059,Strawberry Champagne,,ストロベリー・シャンパン,Manga,68,,2003,https://cdn.myanimelist.net/images/manga/3/14442l.jpg
1062,Koroshi - Hitman,,殺手-ヒットマン-,Manga,67,,2003,https://cdn.myanimelist.net/images/manga/1/33211l.jpg
1062,The Seishun,,ザ・青春,Manga,67,,2003,https://cdn.myanimelist.net/images/manga/2/99479l.jpg
1064,Cocoon,,コクーン,Manga,66,,2003,https://cdn.myanimelist.net/images/manga/2/62255l.jpg
1064,Love Game,Love Game,,Manga,66,,2003,https://cdn.myanimelist.net/images/manga/1/36802l.jpg
1064,Munasawagi no Eve,The Eve of Uneasiness,胸騒ぎのイヴ,Manga,66,,2003,https://cdn.myanimelist.net/images/manga/2/245728l.jpg
1064,Onna no Kimochi,,オンナノキモチ,Manga,66,,2003,https://cdn.myanimelist.net/images/manga/3/31042l.jpg
1068,Binetsu: Kanojo wa Suiei-bu!,,微熱～彼女は水泳部！,Light Novel,65,,2003,https://cdn.myanimelist.net/images/manga/1/169517l.jpg
1068,Chouseishin Gransazer,,超星神グランセイザー,Manga,65,,2003,https://cdn.myanimelist.net/images/manga/2/157881l.jpg
1068,Fukigen x Gokigen,,フキゲン×ゴキゲン,Manga,65,,2003,https://cdn.myanimelist.net/images/manga/2/179424l.jpg
1068,Kijoku: Princess Double Kari,,姫辱 -プリンセスダブル狩り-,Light Novel,65,,2003,https://cdn.myanimelist.net/images/manga/1/127989l.jpg
1068,Lovers: Koi ni Ochitara...,,LOVERS～恋に落ちたら…～,Light Novel,65,,2003,https://cdn.myanimelist.net/images/manga/3/169530l.jpg
1068,Princess Holiday: Korogaru Ringotei Senya Ichiya,,Princess Holiday～転がるりんご亭千夜一夜～,Light Novel,65,,2003,https://cdn.myanimelist.net/images/manga/2/132091l.jpg
1074,Holy☆Hearts!,,ホーリー・ハーツ!,Light Novel,64,,2003,https://cdn.myanimelist.net/images/manga/2/73965l.jpg
1074,Ikenaikoto 2003,,イケナイコト2003,Manga,64,,2003,https://cdn.myanimelist.net/images/manga/1/179420l.jpg
1074,Megitsune,,女狐,Manga,64,,2003,https://cdn.myanimelist.net/images/manga/1/173446l.jpg
1074,Yorimichi Café-doori,,より道カフェ通り,Manga,64,,2003,https://cdn.myanimelist.net/images/manga/3/159322l.jpg
1078,Amakute Oishii Seikatsu Shidou,,甘くておいしい生活指導,Light Novel,63,,2003,https://cdn.myanimelist.net/images/manga/3/153372l.jpg
1078,Colorful Kiss: 12 Ko no Mune Kyun!,,カラフルキッス ～12コの胸キュン！～,Light Novel,63,,2003,https://cdn.myanimelist.net/images/manga/3/173882l.jpg
1078,Don't Worry Baby!,,Don't Worry Baby!,Manga,63,,2003,https://cdn.myanimelist.net/images/manga/1/10892l.jpg
1078,Shiroi Himegoto,Shiroi Himegoto,白い秘めごと,Manga,63,,2003,https://cdn.myanimelist.net/images/manga/1/32583l.jpg
1082,Shuppatsu Shinko,,出発シンコー,Manga,62,,2003,https://cdn.myanimelist.net/images/manga/2/36840l.jpg
1083,Mephisto no Gakuen: Jokyoushi Ryouko,,メフィストの学園 女教師・涼子,Light Novel,61,,2003,https://cdn.myanimelist.net/images/manga/2/166948l.jpg
1083,Musume. Monogatari: ALIVE!,,娘。物語ALIVE!,Manga,61,,2003,https://cdn.myanimelist.net/images/manga/4/230222l.jpg
1083,Nisemon,,ニセモン,Manga,61,,2003,https://cdn.myanimelist.net/images/manga/2/182007l.jpg
1083,R.A,,R.A,Manga,61,,2003,https://cdn.myanimelist.net/images/manga/2/94187l.jpg
1087,Blau Sakusen,,ブラウ作戦,Manga,60,,2003,https://cdn.myanimelist.net/images/manga/1/131917l.jpg
1087,Cross Light,,クロスライト,Manga,60,,2003,https://cdn.myanimelist.net/images/manga/2/26261l.jpg
1087,Eien no Kimi e: Tonari no Imouto,,永遠の君へ 隣りの妹,Light Novel,60,,2003,https://cdn.myanimelist.net/images/manga/1/169515l.jpg
1087,Shining Star,,星閃閃,Manhua,60,,2003,https://cdn.myanimelist.net/images/manga/1/18082l.jpg
1091,Love Has 40  Days,,愛ある十四夜,Manga,59,,2003,https://cdn.myanimelist.net/images/manga/5/35963l.jpg
1091,Magical Exchange,,マジカルエクスチェンジ,Light Novel,59,,2003,https://cdn.myanimelist.net/images/manga/1/170437l.jpg
1091,Motomeru Otome,,モトメルオトメ,Manga,59,,2003,https://cdn.myanimelist.net/images/manga/2/35508l.jpg
1091,Night Thieves,,ナイトシーブズ,Light Novel,59,,2003,https://cdn.myanimelist.net/images/manga/1/167802l.jpg
1091,Tokyo Crater no Akari,Akari in the Tokyo Crater,東京クレーターのアカリ,Manga,59,,2003,https://cdn.myanimelist.net/images/manga/1/309730l.jpg
1096,Honey Blood: Amaki Chi no Geboku,,ハニーブラッド 甘き血の下僕,Light Novel,58,,2003,https://cdn.myanimelist.net/images/manga/1/167997l.jpg
1096,Kaiten Ginga,Round Universe Round,回転銀河,Manga,58,,2003,https://cdn.myanimelist.net/images/manga/3/171648l.jpg
1096,Kindan Kazoku,,禁断家族,Manga,58,,2003,https://cdn.myanimelist.net/images/manga/2/93703l.jpg
1096,Venus Project,Venus Project,ヴィーナス・プロジェク,Manga,58,,2003,https://cdn.myanimelist.net/images/manga/2/13520l.jpg
1096,Violet Moon: Gekka no Inki,,ヴァイオレットムーン 月下の淫鬼,Light Novel,58,,2003,https://cdn.myanimelist.net/images/manga/3/170439l.jpg
1096,Zero Taker,,,Manhwa,58,,2003,https://cdn.myanimelist.net/images/manga/3/152197l.jpg
1102,Majokko à la mode,,魔女っ娘ア・ラ・モード,Light Novel,57,,2003,https://cdn.myanimelist.net/images/manga/2/173287l.jpg
1102,Onegai☆Twins,Onegai Twins,おねがい☆ツインズ,Light Novel,57,,2003,https://cdn.myanimelist.net/images/manga/3/295571l.jpg
1102,Ousama no Shitateya: Sarto Finito,The King's Tailor: Sarto Finito,王様の仕立て屋〜サルト・フィニート〜,Manga,57,,2003,https://cdn.myanimelist.net/images/manga/2/232898l.jpg
1102,Youen,,拗宴,Manga,57,,2003,https://cdn.myanimelist.net/images/manga/2/187559l.jpg
1106,Edelweiss,,エーデルワイス,Manga,56,,2003,https://cdn.myanimelist.net/images/manga/3/38979l.jpg
1106,Etsuraku no Theme Park,,悦楽のテーマパーク,Light Novel,56,,2003,https://cdn.myanimelist.net/images/manga/1/168016l.jpg
1106,Joou Ojoku: Kikotsu no Gunshi,,女王汚辱 鬼骨の軍師,Light Novel,56,,2003,https://cdn.myanimelist.net/images/manga/3/166656l.jpg
1106,Kasshoku Akuma to Haraguro Otoko,Brown Devil And Wicked Guy,褐色悪魔と腹黒男,Manga,56,,2003,https://cdn.myanimelist.net/images/manga/2/279420l.jpg
1106,Kururi: Sakura Maimasu,,くるり～さくら舞います～,Manga,56,,2003,https://cdn.myanimelist.net/images/manga/1/169943l.jpg
1106,Kyuuketsuki Hunter Asuka,,吸血鬼ハンター 明日香,Light Novel,56,,2003,https://cdn.myanimelist.net/images/manga/1/168020l.jpg
1106,Maid Narimasu!,,メイドなります!,Light Novel,56,,2003,https://cdn.myanimelist.net/images/manga/3/166707l.jpg
1106,Megane no Kokoro,,めがねのこころ,Light Novel,56,,2003,https://cdn.myanimelist.net/images/manga/2/164242l.jpg
1106,Ore no Shikabane wo Koete Yuke: Norowareshi Kyoudai no Rondo,,俺の屍を越えてゆけ 呪われし姉弟の輪舞〈ロンド〉,Light Novel,56,,2003,https://cdn.myanimelist.net/images/manga/3/161999l.jpg
1106,Robot Boys,,ロボットボーイズ,Manga,56,,2003,https://cdn.myanimelist.net/images/manga/1/220558l.jpg
1116,Fukushuu no Megami: Nemesis,,復讐の女神 -Nemesis-,Light Novel,55,,2003,https://cdn.myanimelist.net/images/manga/2/173615l.jpg
1116,Heartful Diners,,はーとふる ・ ダイナーズ,Manga,55,,2003,https://cdn.myanimelist.net/images/manga/2/19725l.jpg
1116,Koisuru Imouto wa Setsunakute Oniichan wo Omou to Sugu H Shichau no,,恋する妹はせつなくてお兄ちゃんを想うとすぐHしちゃうの,Light Novel,55,,2003,https://cdn.myanimelist.net/images/manga/2/174664l.jpg
1116,Ryoujoku Game,,凌辱ゲーム,Manga,55,,2003,https://cdn.myanimelist.net/images/manga/3/93705l.jpg
1120,Chuuka Tenshin Kurukuru Suiren,,中華転身くるくる翠蓮,Light Novel,54,,2003,https://cdn.myanimelist.net/images/manga/3/168017l.jpg
1120,Gravure Idol Ayaka,,グラビアアイドル・亜弥香,Light Novel,54,,2003,https://cdn.myanimelist.net/images/manga/3/169493l.jpg
1120,Jubaku no Madousho,,呪縛の魔道書,Light Novel,54,,2003,https://cdn.myanimelist.net/images/manga/1/168018l.jpg
1120,Lucky Charms & Apple Jacks,,Lucky Charms & Apple Jacks,Manga,54,,2003,https://cdn.myanimelist.net/images/manga/2/159062l.jpg
1120,Maria,,マリア,Manga,54,,2003,https://cdn.myanimelist.net/images/manga/3/46275l.jpg
1120,Tactical Judgment,,タクティカル・ジャッジメント,Light Novel,54,,2003,https://cdn.myanimelist.net/images/manga/2/162850l.jpg
1120,Yumemiru July Cat,,夢みる７月猫,Manga,54,,2003,https://cdn.myanimelist.net/images/manga/1/16833l.jpg
1127,Colorful Mate,,カラフルメイト,Manga,53,,2003,https://cdn.myanimelist.net/images/manga/3/10895l.jpg
1127,"Friends ""Osananajimi""",,Friends 【幼なじみ】,Light Novel,53,,2003,https://cdn.myanimelist.net/images/manga/2/167036l.jpg
1127,Jokei Kazoku,,女系家族,Light Novel,53,,2003,https://cdn.myanimelist.net/images/manga/2/168196l.jpg
1127,Konna Otona no Onnanoko,,コンナオトナノオンナノコ,Manga,53,,2003,https://cdn.myanimelist.net/images/manga/1/66889l.jpg
1127,Non de Poan,,のんdeぽ庵,Manga,53,,2003,https://cdn.myanimelist.net/images/manga/2/161213l.jpg
1127,Physical Age,,フィジカルエイジ,Manga,53,,2003,https://cdn.myanimelist.net/images/manga/1/10869l.jpg
1127,Suteki ni! Dream Stage,Lovely! Dream Stage,すてきに!ドリームステージ,Manga,53,,2003,https://cdn.myanimelist.net/images/manga/1/8648l.jpg
1134,Fractal Child,,フラクタル・チャイルド,Light Novel,52,,2003,https://cdn.myanimelist.net/images/manga/1/139129l.jpg
1134,Karen: Miko ni Negai wo,,可憐～巫女に願いを,Light Novel,52,,2003,https://cdn.myanimelist.net/images/manga/2/169522l.jpg
1134,Mahou Oujo Shizuha: Juin no Sorcerer Crest,,魔法王女シズハ 呪淫のソーサルクレスト,Light Novel,52,,2003,https://cdn.myanimelist.net/images/manga/2/170440l.jpg
1134,Mune Sawagi RUSH RUSH RUSH!,"Feeling Uneasy, RUSH RUSH RUSH",胸さわぎRUSH RUSH RUSH!,Manga,52,,2003,https://cdn.myanimelist.net/images/manga/3/11071l.jpg
1134,Muteki no Darling!,,無敵のダーリン!,Manga,52,,2003,https://cdn.myanimelist.net/images/manga/3/10157l.jpg
1134,Sengoku Enbuden,,戦国艶武伝,Light Novel,52,,2003,https://cdn.myanimelist.net/images/manga/3/133495l.jpg
1134,Step,,,Manhwa,52,,2003,https://cdn.myanimelist.net/images/manga/2/28739l.jpg
1134,Sword Symphony: Etsuraku no Koukyoukyoku,,ソードシンフォニー 悦楽の交響曲,Light Novel,52,,2003,https://cdn.myanimelist.net/images/manga/3/170374l.jpg
1134,"Tenohira wo, Taiyou ni",,てのひらを、たいように,Light Novel,52,,2003,https://cdn.myanimelist.net/images/manga/2/173294l.jpg
1134,Yakusoku: Kanojo wa Waitress!,,約束～彼女はウエイトレス!,Light Novel,52,,2003,https://cdn.myanimelist.net/images/manga/1/169527l.jpg
1144,Chimua Port,,チムアポート,Manga,51,,2003,https://cdn.myanimelist.net/images/manga/1/151995l.jpg
1144,Cloud,,クラウド,Light Novel,51,,2003,https://cdn.myanimelist.net/images/manga/1/163960l.jpg
1144,Kageyukouji-kun No Jijou,,勘解由小路くんの事情,Manga,51,,2003,https://cdn.myanimelist.net/images/manga/2/20589l.jpg
1144,Kai Undoubu Monogatari: Mucchiri Futomomo Aji,,快・運動部物語 むっちり太もも味,Light Novel,51,,2003,https://cdn.myanimelist.net/images/manga/1/174068l.jpg
1144,Nihonkoku Daitouryou: Sakurazaka Mantarou,The President of Japan,日本国大統領 桜坂満太郎,Manga,51,,2003,https://cdn.myanimelist.net/images/manga/3/181676l.jpg
1144,S Kyuu Hero!,,S級ヒーロー!,Manga,51,,2003,https://cdn.myanimelist.net/images/manga/1/17623l.jpg
1144,Seitokaichou Mizuki Yuna: Houkago no Majoku,,生徒会長水城悠奈 放課後の魔辱,Light Novel,51,,2003,https://cdn.myanimelist.net/images/manga/3/168052l.jpg
1151,Card: Miwaku no Kirifuda,,CARD ~魅惑の切り札~,Light Novel,50,,2003,https://cdn.myanimelist.net/images/manga/3/133493l.jpg
1151,Chikan Elevator,The Molester Elevator,痴漢エレベーター,Manga,50,,2003,https://cdn.myanimelist.net/images/manga/1/98005l.jpg
1151,Idol Jigokuhen,,アイドル地獄変,Manga,50,,2003,https://cdn.myanimelist.net/images/manga/3/170719l.jpg
1151,Kangoku no Datenshi: Battle Mermaid,,監獄の堕天使 バトルマーメイド,Light Novel,50,,2003,https://cdn.myanimelist.net/images/manga/1/170368l.jpg
1151,Lesson: Tokubetsu Jugyou,,Lesson～特別授業,Light Novel,50,,2003,https://cdn.myanimelist.net/images/manga/3/169506l.jpg
1151,Solid Blade Kurenai,,ソリッドブレイド紅,Light Novel,50,,2003,https://cdn.myanimelist.net/images/manga/3/168019l.jpg
1151,Wanted: Heart Tsukamaete!,,WANTED~ハート捕まえて！,Light Novel,50,,2003,https://cdn.myanimelist.net/images/manga/3/169488l.jpg
1158,Eb★Star,,EB★スター,Manga,49,,2003,https://cdn.myanimelist.net/images/manga/3/44823l.jpg
1158,Ensemble:  Boku no Imouto,,Ensemble～ぼくの妹,Light Novel,49,,2003,https://cdn.myanimelist.net/images/manga/2/169501l.jpg
1158,Kakoi: Zetsubou no Shojo Kangokutou,,かこい 絶望の処女監獄島,Light Novel,49,,2003,https://cdn.myanimelist.net/images/manga/2/172783l.jpg
1158,Nakanaide Stray Sheep,,なかないでストレイシープ,Light Novel,49,,2003,https://cdn.myanimelist.net/images/manga/1/139345l.jpg
1158,Sakuragai no Tameiki,,桜貝のためいき,Manga,49,,2003,https://cdn.myanimelist.net/images/manga/2/10878l.jpg
1158,Snow: Inishie no Yuuyake,,SNOW～古の夕焼け～,Light Novel,49,,2003,https://cdn.myanimelist.net/images/manga/2/173002l.jpg
1158,Tenkousei Reiko,,転校生・麗子,Light Novel,49,,2003,https://cdn.myanimelist.net/images/manga/3/169485l.jpg
1165,Crave x 10,,CRAVE×10,Light Novel,48,,2003,https://cdn.myanimelist.net/images/manga/1/133499l.jpg
1165,Otori Sousahan Midou Reika: Chikan Tetsudou no Bourei,,囮捜査班 御堂レイカ 痴漢鉄道の亡霊,Light Novel,48,,2003,https://cdn.myanimelist.net/images/manga/3/170438l.jpg
1165,Prettier,,プリティア,Manga,48,,2003,https://cdn.myanimelist.net/images/manga/3/125729l.jpg
1165,Sukumizu: Fetish☆ ni Naru mon! Maho Riko-hen,,すくみず ~フェチ☆になるもんっ!~ 真帆・梨香編,Light Novel,48,,2003,https://cdn.myanimelist.net/images/manga/1/175135l.jpg
1169,Gensou Senki RuLiLuRa,,幻奏戦記ルリルラ,Manga,47,,2003,https://cdn.myanimelist.net/images/manga/4/341921l.jpg
1169,Jewel Garden,,JEWEL GARDEN,Light Novel,47,,2003,https://cdn.myanimelist.net/images/manga/3/164840l.jpg
1169,Sisfina,,シスフィーナ,Light Novel,47,,2003,https://cdn.myanimelist.net/images/manga/1/166941l.jpg
1169,Toukarl Sheep Hon Mura,,東カール・シープホーン村,Manga,47,,2003,https://cdn.myanimelist.net/images/manga/2/64699l.jpg
1173,Daite...,,抱いて…,Manga,46,,2003,https://cdn.myanimelist.net/images/manga/3/10001l.jpg
1173,Goyasai: Kimi wo Ijimetai,,後夜祭 君をイジメたい,Light Novel,46,,2003,https://cdn.myanimelist.net/images/manga/2/169508l.jpg
1173,Itazura Hime,,いたずら姫,Light Novel,46,,2003,https://cdn.myanimelist.net/images/manga/2/172914l.jpg
1173,Kannagi no Tori,,神無ノ鳥,Light Novel,46,,2003,https://cdn.myanimelist.net/images/manga/2/173806l.jpg
1173,Koyoi mo Meshimase Alicetale,,今宵も召しませアリステイル,Light Novel,46,,2003,https://cdn.myanimelist.net/images/manga/3/173883l.jpg
1173,Mabeop Cheonjamun,,마법천자문,Manhwa,46,,2003,https://cdn.myanimelist.net/images/manga/1/240472l.jpg
1173,Shinya Byoutou: Nariyamanai Nurse Call,,深夜病棟 鳴りやまないナースコール,Light Novel,46,,2003,https://cdn.myanimelist.net/images/manga/2/167035l.jpg
1173,Shisha no Sasayaki,,死者のささやき,Manga,46,,2003,https://cdn.myanimelist.net/images/manga/1/119019l.jpg
1173,Snow: Hakana Yuki,,SNOW～儚雪～,Light Novel,46,,2003,https://cdn.myanimelist.net/images/manga/1/173000l.jpg
1173,Uchi no Imouto no Baai,,うちの妹のばあい,Light Novel,46,,2003,https://cdn.myanimelist.net/images/manga/3/174675l.jpg
1173,Urabangumi: Bijin Joshi Ana Yokubou Seichuukei,,裏番組～美人女子アナ欲望生中継～,Light Novel,46,,2003,https://cdn.myanimelist.net/images/manga/2/173005l.jpg
1184,Cosmic Nurse Yukina,,コズミックナースユキナ,Light Novel,45,,2003,https://cdn.myanimelist.net/images/manga/1/168053l.jpg
1184,Ekidona,,エキドナ,Manga,45,,2003,https://cdn.myanimelist.net/images/manga/1/59271l.jpg
1184,Hybrid Gakuen,,ハイブリッド学園,Light Novel,45,,2003,https://cdn.myanimelist.net/images/manga/3/163264l.jpg
1184,Ironna Chikyuu no Sukuikata,,いろんな地球の救いかた,Light Novel,45,,2003,https://cdn.myanimelist.net/images/manga/2/92523l.jpg
1184,Maruta Sagi wa Tantei desu ka?,,マルタ・サギーは探偵ですか？,Light Novel,45,,2003,https://cdn.myanimelist.net/images/manga/3/162636l.jpg
1184,Nani-sama no Tsumorida!! Shinkonhen,,何様のつもりダ!! 新婚編,Manga,45,,2003,https://cdn.myanimelist.net/images/manga/1/6295l.jpg
1184,Snow: Kioku no Toge,,SNOW～記憶の棘～,Light Novel,45,,2003,https://cdn.myanimelist.net/images/manga/3/173004l.jpg
1184,Wagamama na Kiss,,ワガママなKISS,Light Novel,45,,2003,https://cdn.myanimelist.net/images/manga/2/153067l.jpg
1192,Chaos Edge: Tasogare no Doukeshi,,カオス・エッジ～たそがれの道化師,Light Novel,44,,2003,https://cdn.myanimelist.net/images/manga/3/125007l.jpg
1192,Elite Honjou-ke no Okite,,エリート本条家のオキテ,Light Novel,44,,2003,https://cdn.myanimelist.net/images/manga/1/154642l.jpg
1192,Fuyubara Hime,,冬薔薇姫,Manga,44,,2003,https://cdn.myanimelist.net/images/manga/2/43123l.jpg
1192,Kusareen no Housoku Series,,くされ縁の法則 シリーズ,Light Novel,44,,2003,https://cdn.myanimelist.net/images/manga/2/153656l.jpg
1192,Otona no Tame no Love Doll,,大人のためのラブドール,Light Novel,44,,2003,https://cdn.myanimelist.net/images/manga/2/153396l.jpg
1192,Romantic Risk,,ロマンチック・リスク,Manga,44,,2003,https://cdn.myanimelist.net/images/manga/1/130599l.jpg
1192,Shin Happy Seven,,新・はっぴぃセブン,Light Novel,44,,2003,https://cdn.myanimelist.net/images/manga/2/172051l.jpg
1192,Snow: Chiisaki Inori,,SNOW～小さき祈り～,Light Novel,44,,2003,https://cdn.myanimelist.net/images/manga/3/173001l.jpg
1192,Sonna Baai ja Nai Darou!,Would That Not Be The Case!,そんな場合じゃないだろう!,Manga,44,,2003,https://cdn.myanimelist.net/images/manga/2/150464l.jpg
1192,Tenka Muteki!,,天華無敵!,Light Novel,44,,2003,https://cdn.myanimelist.net/images/manga/2/162735l.jpg
1192,Tenken Otogizoushi,,天眷御伽草子,Manga,44,,2003,https://cdn.myanimelist.net/images/manga/3/335252l.jpg
1203,Double Face,,ダブル・フェイス,Manga,43,,2003,https://cdn.myanimelist.net/images/manga/3/255250l.jpg
1203,Gomen ne Peach Pie,,ごめんねピーチパイ,Light Novel,43,,2003,https://cdn.myanimelist.net/images/manga/2/153374l.jpg
1203,Kanzaki Erika: Ikenie no Tokumu Sousatai,,神崎エリカ 生贄の特務捜査隊,Light Novel,43,,2003,https://cdn.myanimelist.net/images/manga/2/168054l.jpg
1203,Sukumizu: Fetish☆ ni Naru mon! Hime Suzue-hen,,すくみず ~フェチ☆になるもんっ!媛・鈴枝編,Light Novel,43,,2003,https://cdn.myanimelist.net/images/manga/3/175137l.jpg
1203,Xenos,,Xenos～クセノス～,Manga,43,,2003,https://cdn.myanimelist.net/images/manga/1/254271l.jpg
1208,Night Winds,,ナイトウィンズ,Light Novel,42,,2003,https://cdn.myanimelist.net/images/manga/1/168021l.jpg
1208,Ohanashi no Heya,,おはなしのへや,Manga,42,,2003,https://cdn.myanimelist.net/images/manga/3/30626l.jpg
1208,Permanent Nobara,,パーマネント野ばら,Manga,42,,2003,https://cdn.myanimelist.net/images/manga/1/151961l.jpg
1208,Rindo,,輪道,Manga,42,,2003,https://cdn.myanimelist.net/images/manga/2/41023l.jpg
1208,Seima no Toride,,星魔の砦,Light Novel,42,,2003,https://cdn.myanimelist.net/images/manga/1/97213l.jpg
1208,Shiroi Tsuki Joshin,,"白い月の女神, 白月的女神",Manga,42,,2003,https://cdn.myanimelist.net/images/manga/1/15199l.jpg
1208,Sotsugyou: Kimi to Itsumademo,,卒業～君といつまでも～,Light Novel,42,,2003,https://cdn.myanimelist.net/images/manga/2/169504l.jpg
1208,Tenshi no Sumu Ie,,天使の住む家,Manga,42,,2003,https://cdn.myanimelist.net/images/manga/1/151514l.jpg
1208,Tokidoki Sugar,,ときどきシュガー,Light Novel,42,,2003,https://cdn.myanimelist.net/images/manga/2/132191l.jpg
1208,Yuurei Mado: Miyake Ranjou Sakuhinshuu,,三宅乱丈作品集 ユーレイ窓,Manga,42,,2003,https://cdn.myanimelist.net/images/manga/3/315336l.jpg
1218,Bud Boy Bangai-hen,,BUD BOY 番外編,Manga,41,,2003,https://cdn.myanimelist.net/images/manga/1/194171l.jpg
1218,Inazuman vs Kikaider,The End of Kikaider-02,イナズマンVSキカイダー,Manga,41,,2003,https://cdn.myanimelist.net/images/manga/3/319296l.jpg
1218,Kuchizuke wa Jugyou no Ato de♥,,くちづけは授業のあとで♥,Light Novel,41,,2003,https://cdn.myanimelist.net/images/manga/1/153378l.jpg
1218,Tagayashite♥Fall In Love,,耕して♥フォーリンLOVE,Manga,41,,2003,https://cdn.myanimelist.net/images/manga/3/151468l.jpg
1222,Kannoushousetsu,,官能小説,Manga,40,,2003,https://cdn.myanimelist.net/images/manga/1/15744l.jpg
1222,Konjiki no Gash Bell!!,,金色のガッシュベル!!,Manga,40,,2003,https://cdn.myanimelist.net/images/manga/1/341311l.jpg
1222,Momotama Mix,,ももたま・ミックス,Manga,40,,2003,https://cdn.myanimelist.net/images/manga/2/27712l.jpg
1222,Works,,WORKS,Doujinshi,40,,2003,https://cdn.myanimelist.net/images/manga/1/167671l.jpg
1222,Yoru ni Uro Tsuku,,夜に虚就く,Manga,40,,2003,https://cdn.myanimelist.net/images/manga/2/308278l.jpg
1227,1945-nen 10-dai no Sensou,,1945年10代の戦争,Manga,39,,2003,https://cdn.myanimelist.net/images/manga/1/256520l.jpg
1227,Aruhi no Zwei,,ある日のツヴァイ,Manga,39,,2003,https://cdn.myanimelist.net/images/manga/2/150385l.jpg
1227,Hyakunen no Koi Kamoshirenai,,百年の恋かもしれない,Manga,39,,2003,https://cdn.myanimelist.net/images/manga/2/28849l.jpg
1227,Joker wa Docchi no Te?,,ジョーカーはどっちの手?,Light Novel,39,,2003,https://cdn.myanimelist.net/images/manga/3/153360l.jpg
1227,Sabaite Mimasho.,Let's Judge.,裁いてみましょ。,Manga,39,,2003,https://cdn.myanimelist.net/images/manga/3/183521l.jpg
1227,Saishuu Agent★Chikaru,Final Agent Chikaru,最終エージェント★チカル,Light Novel,39,,2003,https://cdn.myanimelist.net/images/manga/1/162325l.jpg
1227,Z-XL Dai,,Z-XLダイ,One-shot,39,,2003,https://cdn.myanimelist.net/images/manga/1/297598l.jpg
1234,Kekkon no Jouken,,結婚の条件,Manga,38,,2003,https://cdn.myanimelist.net/images/manga/1/117553l.jpg
1234,Kimi no Heart wo Bosshuu shichau yo,,きみのハートを没収しちゃうよ,Light Novel,38,,2003,https://cdn.myanimelist.net/images/manga/3/153381l.jpg
1234,Koi wa Kobushi de Wakaraseru!,,恋は拳でわからせろ!,Light Novel,38,,2003,https://cdn.myanimelist.net/images/manga/2/153386l.jpg
1234,Scramble Age,,すくらんぶるエイジ,Light Novel,38,,2003,https://cdn.myanimelist.net/images/manga/2/330443l.jpg
1238,Crazy Smile,Crazy Smile,クレイジースマイル,Manga,37,,2003,https://cdn.myanimelist.net/images/manga/3/12835l.jpg
1238,Going!! My Cook♥,,ゴーイン!! マイクック♥,Manga,37,,2003,https://cdn.myanimelist.net/images/manga/3/151551l.jpg
1238,Hadaka no Anouchkas,,裸のアヌーシュカ,Manga,37,,2003,https://cdn.myanimelist.net/images/manga/1/167207l.jpg
1238,Kyouko-san no Kyou to Iu Kyou,,恭子さんの凶という今日,Manga,37,,2003,https://cdn.myanimelist.net/images/manga/3/280659l.jpg
1238,Material Night,,マテリアルナイト,Light Novel,37,,2003,https://cdn.myanimelist.net/images/manga/3/162674l.jpg
1238,Piyopiyo Clinic,,ぴよぴよ☆クリニック,Manga,37,,2003,https://cdn.myanimelist.net/images/manga/2/27997l.jpg
1238,Super Comic Gekijou: Star Ocean - Till the End of Time,,スーパーコミック劇場 スターオーシャン Till the End of Time,Manga,37,,2003,https://cdn.myanimelist.net/images/manga/2/151586l.jpg
1245,Fire Emblem: Rekka no Ken–Fuuin no Tsurugi - Elibe Douran,,ファイアーエムブレム 烈火の剣～封印の剣 エレブ動乱,Novel,36,,2003,https://cdn.myanimelist.net/images/manga/1/306743l.jpg
1245,Morimori! Banchou!! Kiyohara-kun,,モリモリッ!ばんちょー!!キヨハラくん,Manga,36,,2003,https://cdn.myanimelist.net/images/manga/2/37612l.jpg
1247,Merry Go Round,,メリーゴーランド,Manga,35,,2003,https://cdn.myanimelist.net/images/manga/3/33271l.jpg
1248,Mizutama Chuuihou,,みずたま注意報,Manga,34,,2003,https://cdn.myanimelist.net/images/manga/3/196403l.jpg
1248,Nagori no Hana,,名残の花,Manga,34,,2003,https://cdn.myanimelist.net/images/manga/3/32360l.jpg
1248,Tokyo Jackal,,トーキョージャッカル,Manga,34,,2003,https://cdn.myanimelist.net/images/manga/2/136053l.jpg
1251,Itsumo Dokodemo Nin² Ninja,,いつもどこでも忍²ニンジャ,Light Novel,33,,2003,https://cdn.myanimelist.net/images/manga/2/140185l.jpg
1251,Manga Dougen-sama Monogatari,,まんが 道元さまものがたり,Manga,33,,2003,https://cdn.myanimelist.net/images/manga/1/294304l.jpg
1251,Romantic Flight,Romantic Flight,ロマンチックフライト,Manga,33,,2003,https://cdn.myanimelist.net/images/manga/1/290049l.jpg
1254,Ten wo Sasaeru Mono,,天を支える者,Light Novel,32,,2003,https://cdn.myanimelist.net/images/manga/2/151144l.jpg
1255,Mitsue Zakki Thirties,,みつえ雑記サーティーズ,Manga,31,,2003,https://cdn.myanimelist.net/images/manga/3/151663l.jpg
1255,News Parade,,NEWS PARADE,Manga,31,,2003,https://cdn.myanimelist.net/images/manga/1/241442l.jpg
1257,Kokoro wa Nishiki,,ココロは錦,Manga,30,,2003,https://cdn.myanimelist.net/images/manga/1/197794l.jpg
1257,Neko-kan: Neko ni Koisuru Otoko no Monogatari,,ねこかん ―猫に恋する男の物語―,Manga,30,,2003,https://cdn.myanimelist.net/images/manga/3/193800l.jpg
1257,Sweet Sweet Sweet Smile,,Sweet Sweet Sweet Smile,Manga,30,,2003,https://cdn.myanimelist.net/images/manga/3/238680l.jpg
1257,Tomodachi no Okaasan wa Boku no Koibito,,友達のお母さんは僕の恋人,Doujinshi,30,,2003,https://cdn.myanimelist.net/images/manga/1/312153l.jpg
1257,Umi wo Miteita Inu,Lady & The Sea,海をみていた犬,Manga,30,,2003,https://cdn.myanimelist.net/images/manga/2/53485l.jpg
1262,Randou-ke no Hitobito,,蘭堂家の人々,Light Novel,29,,2003,https://cdn.myanimelist.net/images/manga/2/215091l.jpg
1263,Sei Margareta Gakuen,,聖マルガレタ学園,Manga,28,,2003,https://cdn.myanimelist.net/images/manga/2/306753l.jpg
1264,Cafe Delicious!!,,カフェ・デリシャス!!,Manga,27,,2003,https://cdn.myanimelist.net/images/manga/1/318418l.jpg
1264,Ringo no Ki no Shitakko de: Hatsukoi,,りんごの木の下っこで～初恋～,Manga,27,,2003,https://cdn.myanimelist.net/images/manga/1/171736l.jpg
1266,Hazukashi H na Koimonogatari,,はずかしHな恋物語,Manga,26,,2003,https://cdn.myanimelist.net/images/manga/1/287095l.jpg
1267,Gamushara ga Suki♡,,がむしゃらが好き♡,Manga,25,,2003,https://cdn.myanimelist.net/images/manga/1/300603l.jpg
1267,Wanko Mix,,わんこ・みっくす,Manga,25,,2003,https://cdn.myanimelist.net/images/manga/1/28005l.jpg
1267,Yuukan Miwa-san,,有閑みわさん,Manga,25,,2003,https://cdn.myanimelist.net/images/manga/1/222940l.jpg
1270,Sengoku Rappaden Sasori,,戦国乱破伝 サソリ,Manga,24,,2003,https://cdn.myanimelist.net/images/manga/3/307147l.jpg
1271,Haha Chichi,Mother's Milk,母乳,Manga,23,,2003,https://cdn.myanimelist.net/images/manga/1/327115l.jpg
1272,Take Five,,테이크 파이브,Manhwa,21,,2003,https://cdn.myanimelist.net/images/manga/1/289134l.jpg
1273,Konjiki no Gash Bell!! 4-koma Special,,金色のガッシュベル!! 4コマスペシャル,Manga,20,,2003,https://cdn.myanimelist.net/images/manga/3/341095l.jpg
1273,Mocchan,,もっちゃん,Manga,20,,2003,https://cdn.myanimelist.net/images/manga/1/328636l.jpg
1275,Gift,Gift,GIFT,Manga,19,,2003,https://cdn.myanimelist.net/images/manga/2/330389l.jpg
1276,Konchuu Tantei Yoshida Yoshimi,Insect Detective Yoshida Yoshimi,昆虫探偵ヨシダヨシミ,Manga,18,,2003,https://cdn.myanimelist.net/images/manga/3/322704l.jpg
1276,Shake,,Shake,Manga,18,,2003,https://cdn.myanimelist.net/images/manga/1/327775l.jpg
1278,Shirudaku Kyoushi,Bukkake Teacher,汁濁教師,Manga,17,,2003,https://cdn.myanimelist.net/images/manga/2/327316l.jpg
1279,KIG: Kareshi Inai Girls,,KIG 彼氏いないガールズ,Manga,16,,2003,https://cdn.myanimelist.net/images/manga/2/215012l.jpg
1280,Pika♡Pika,,ピカ♡ピカ,Manga,15,,2003,https://cdn.myanimelist.net/images/manga/3/330094l.jpg
1280,Sword World: Totsugeki! Heppoko Boukentai,,ソード・ワールド 突撃! へっぽこ冒険隊,Manga,15,,2003,https://cdn.myanimelist.net/images/manga/3/332956l.jpg
1282,Legacy Dog LZH,,レガシードッグ・エルザ,Manga,14,,2003,https://cdn.myanimelist.net/images/manga/1/319365l.jpg
1282,Melty Moon,,メルティムーン,Manga,14,,2003,https://cdn.myanimelist.net/images/manga/2/337162l.jpg
1284,Bakuryuu Sentai Abaranger Deluxe Gaiden: Wakakusa no Freesia Kanzenban,,爆竜戦隊アバレンジャーDX外伝 若草のフリージア 完全版,Manga,10,,2003,https://cdn.myanimelist.net/images/manga/3/349209l.jpg
1284,Gakeppuchi Venus,,ガケっぷちビーナス,Manga,10,,2003,https://cdn.myanimelist.net/images/manga/1/300937l.jpg
1286,Seinaru Yoru ni Sanpo suru,,聖なる夜に散歩する,Manga,8,,2003,https://cdn.myanimelist.net/images/manga/3/345560l.jpg
