rank,title,title_english,title_japanese,type,members,score,year,image_url
1,Bleach,Bleach,BLEACH,Manga,432824,7.93,2001,https://cdn.myanimelist.net/images/manga/3/180031l.jpg
2,Fullmetal Alchemist,Fullmetal Alchemist,鋼の錬金術師,Manga,327415,9.05,2001,https://cdn.myanimelist.net/images/manga/3/243675l.jpg
3,Claymore,Claymore,CLAYMORE,Manga,229856,8.29,2001,https://cdn.myanimelist.net/images/manga/2/255378l.jpg
4,Gyo: Ugomeku Bukimi,Gyo: The Death-Stench Creeps,ギョ うごめく不気味,Manga,82912,7.18,2001,https://cdn.myanimelist.net/images/manga/2/88711l.jpg
5,Lovely★Complex,Love★Com,ラブ★コン,Manga,70895,8.32,2001,https://cdn.myanimelist.net/images/manga/1/209659l.jpg
6,Full Moon wo Sagashite,Full Moon,満月〈フルムーン〉をさがして,Manga,41253,8.03,2001,https://cdn.myanimelist.net/images/manga/3/175970l.jpg
7,Konjiki no Gash!!,Zatch Bell!,金色のガッシュ!!,Manga,37962,8.37,2001,https://cdn.myanimelist.net/images/manga/3/172209l.jpg
8,Shin Angyo Onshi,Blade of the Phantom Master,新暗行御史,Manga,37856,8.3,2001,https://cdn.myanimelist.net/images/manga/1/161805l.jpg
9,Freesia,,フリージア,Manga,37027,7.68,2001,https://cdn.myanimelist.net/images/manga/1/321361l.jpg
10,666 Satan,O-Parts Hunter,666〜サタン〜,Manga,36535,7.44,2001,https://cdn.myanimelist.net/images/manga/3/267783l.jpg
11,Emma,Emma,エマ,Manga,32492,8.16,2001,https://cdn.myanimelist.net/images/manga/1/161059l.jpg
12,Nodame Cantabile,Nodame Cantabile,のだめカンタービレ,Manga,30381,8.42,2001,https://cdn.myanimelist.net/images/manga/2/153962l.jpg
13,Loveless,Loveless,LOVELESS,Manga,29488,7.61,2001,https://cdn.myanimelist.net/images/manga/2/171051l.jpg
14,7 Seeds,,7SEEDS,Manga,27962,8.27,2001,https://cdn.myanimelist.net/images/manga/3/196607l.jpg
15,Gunnm: Last Order,Battle Angel Alita: Last Order,銃夢 Last Order,Manga,27800,8.19,2001,https://cdn.myanimelist.net/images/manga/3/274912l.jpg
16,Ultra Heaven,Ultra Heaven,ウルトラヘヴン,Manga,24379,8.05,2001,https://cdn.myanimelist.net/images/manga/3/161311l.jpg
17,God Child,Godchild,ゴッド チャイルド,Manga,21561,8.14,2001,https://cdn.myanimelist.net/images/manga/1/257890l.jpg
18,Aqua,Aqua,AQUA,Manga,21510,7.94,2001,https://cdn.myanimelist.net/images/manga/1/153102l.jpg
19,Koten-bu Series,,〈古典部〉シリーズ,Novel,21477,8.67,2001,https://cdn.myanimelist.net/images/manga/3/80983l.jpg
20,Kidou Senshi Gundam: The Origin,Mobile Suit Gundam: The Origin,機動戦士ガンダム THE ORIGIN,Manga,19346,8.55,2001,https://cdn.myanimelist.net/images/manga/1/151300l.jpg
21,Himizu,,ヒミズ,Manga,19157,7.4,2001,https://cdn.myanimelist.net/images/manga/3/198203l.jpg
22,Finder Series,Finder Series,ファインダーシリーズ,Manga,18735,8.21,2001,https://cdn.myanimelist.net/images/manga/2/268156l.jpg
23,The Ravages of Time,,火鳳燎原,Manhua,18411,8.22,2001,https://cdn.myanimelist.net/images/manga/4/75197l.jpg
24,Vagrant Soldier Ares,,떠돌이 용병 아레스,Manhwa,17532,8.13,2001,https://cdn.myanimelist.net/images/manga/2/129069l.jpg
25,.hack//Tasogare no Udewa Densetsu,.hack//Legend of the Twilight,.hack//黄昏の腕輪伝説,Manga,17066,7.06,2001,https://cdn.myanimelist.net/images/manga/2/191726l.jpg
26,Alice 19th,Alice 19th,ありす19th,Manga,16750,7.33,2001,https://cdn.myanimelist.net/images/manga/3/258981l.jpg
27,Worst,Worst,WORST ワースト,Manga,16556,8.08,2001,https://cdn.myanimelist.net/images/manga/3/167039l.jpg
28,Zelda no Densetsu: Majora no Kamen,The Legend of Zelda: Majora's Mask,ゼルダの伝説 ムジュラの仮面,Manga,16488,7.54,2001,https://cdn.myanimelist.net/images/manga/2/126025l.jpg
29,ES: Eternal Sabbath,ES: Eternal Sabbath,エス -Eternal Sabbath-,Manga,16316,7.81,2001,https://cdn.myanimelist.net/images/manga/2/174740l.jpg
30,Hellsing: The Dawn,,HELLSING THE DAWN,Manga,13568,7.42,2001,https://cdn.myanimelist.net/images/manga/2/34893l.jpg
31,Vitamin,,ビタミン,Manga,13363,7.6,2001,https://cdn.myanimelist.net/images/manga/2/182650l.jpg
32,Kiichi!!,,キーチ!!,Manga,12704,7.98,2001,https://cdn.myanimelist.net/images/manga/2/262849l.jpg
33,Akuma na Eros,,悪魔なエロス,Manga,12085,7.02,2001,https://cdn.myanimelist.net/images/manga/2/302205l.jpg
34,Skyhigh,,スカイハイ,Manga,12013,7.17,2001,https://cdn.myanimelist.net/images/manga/1/133013l.jpg
35,DearS,DearS,ディアーズ,Manga,11873,7.18,2001,https://cdn.myanimelist.net/images/manga/3/265668l.jpg
36,Bobobo-bo Bo-bobo,Bobobo-bo Bo-bobo,ボボボーボ・ボーボボ,Manga,11373,7.48,2001,https://cdn.myanimelist.net/images/manga/1/274714l.jpg
37,Ueki no Housoku,The Law of Ueki,うえきの法則,Manga,11187,7.63,2001,https://cdn.myanimelist.net/images/manga/3/160943l.jpg
38,Curry naru Shokutaku,,華麗なる食卓,Manga,10064,7.42,2001,https://cdn.myanimelist.net/images/manga/4/3374l.jpg
39,Majeh,King of Hell,魔帝 -마제-,Manhwa,9984,7.62,2001,https://cdn.myanimelist.net/images/manga/1/197257l.jpg
40,Zelda no Densetsu: Fushigi no Kinomi - Daichi no Shou,The Legend of Zelda: Oracle of Seasons,ゼルダの伝説 ふしぎの木の実 大地の章,Manga,9908,7.17,2001,https://cdn.myanimelist.net/images/manga/4/126019l.jpg
41,Koukaku Kidoutai 2: Manmachine Interface,The Ghost in the Shell 2: Man-Machine Interface,攻殻機動隊2 MANMACHINE INTERFACE,Manga,9906,6.58,2001,https://cdn.myanimelist.net/images/manga/3/421l.jpg
42,Katsu!,,KATSU!,Manga,9782,7.79,2001,https://cdn.myanimelist.net/images/manga/1/180361l.jpg
43,Manga Mitai na Koi Shitai!,Fall In Love Like a Comic!,まんがみたいな恋したいっ!,Manga,9772,7.22,2001,https://cdn.myanimelist.net/images/manga/3/9924l.jpg
44,Nagasarete Airantou,,ながされて藍蘭島,Manga,9739,7.59,2001,https://cdn.myanimelist.net/images/manga/2/51755l.jpg
45,Zelda no Densetsu: Fushigi no Kinomi - Jikuu no Shou,The Legend of Zelda: Oracle of Ages,ゼルダの伝説 ふしぎの木の実 時空の章,Manga,9610,7.23,2001,https://cdn.myanimelist.net/images/manga/4/126021l.jpg
46,Wild Adapter,Wild Adapter,WILD ADAPTER,Manga,9543,8.05,2001,https://cdn.myanimelist.net/images/manga/2/157891l.jpg
47,Mademoiselle Butterfly,,マドモワゼルバタフライ,Manga,9299,7.91,2001,https://cdn.myanimelist.net/images/manga/2/268972l.jpg
48,Itou Junji Kyoufu Manga Collection: Tunnel Kitan,,トンネル奇譚,Manga,9285,7.64,2001,https://cdn.myanimelist.net/images/manga/5/185885l.jpg
49,Akkan Baby,,あっかんベービー,Manga,9205,7.33,2001,https://cdn.myanimelist.net/images/manga/3/181345l.jpg
50,Koi Kaze,,恋風,Manga,9156,7.37,2001,https://cdn.myanimelist.net/images/manga/2/318113l.jpg
51,Boku to Kanojo no XXX,Your & My Secret,僕と彼女の×××,Manga,8908,6.91,2001,https://cdn.myanimelist.net/images/manga/1/58073l.jpg
52,Take On Me,Domin-8 Me,テイクオンミー,Manga,8252,7.35,2001,https://cdn.myanimelist.net/images/manga/1/48981l.jpg
53,Othello.,Othello,オセロ。,Manga,8098,7.56,2001,https://cdn.myanimelist.net/images/manga/3/250803l.jpg
54,Little Butterfly,Little Butterfly,リトル・バタフライ,Manga,8077,8.04,2001,https://cdn.myanimelist.net/images/manga/1/284505l.jpg
55,Virgin na Kankei,An Innocent Relationship,ヴァージンな関係,Manga,8015,6.85,2001,https://cdn.myanimelist.net/images/manga/3/260230l.jpg
56,Onegai☆Teacher,Onegai Teacher,おねがい☆ティーチャー,Manga,7766,7.21,2001,https://cdn.myanimelist.net/images/manga/3/270343l.jpg
57,Futatsu no Spica,Twin Spica,ふたつのスピカ,Manga,7552,8.09,2001,https://cdn.myanimelist.net/images/manga/2/176749l.jpg
58,Try! Try! Try!,,Try! Try! Try!,One-shot,7539,7.15,2001,https://cdn.myanimelist.net/images/manga/2/165888l.jpg
59,Mahoraba,,まほらば,Manga,7196,7.92,2001,https://cdn.myanimelist.net/images/manga/3/11382l.jpg
60,Souten no Ken,Fist of the Blue Sky,蒼天の拳,Manga,6768,7.65,2001,https://cdn.myanimelist.net/images/manga/3/829l.jpg
61,Wild Rock,Wild Rock,ワイルド・ロック,Manga,6521,7.43,2001,https://cdn.myanimelist.net/images/manga/2/277813l.jpg
62,Old Home no Haibane-tachi,The Haibanes of Old Home,オールドホームの灰羽達,Doujinshi,6448,7.22,2001,https://cdn.myanimelist.net/images/manga/1/6747l.jpg
63,Netsutai no Citron,,熱帯のシトロン,Manga,5957,6.71,2001,https://cdn.myanimelist.net/images/manga/5/22594l.jpg
64,Yellow,Yellow,YELLOW,Manga,5471,7.89,2001,https://cdn.myanimelist.net/images/manga/2/261211l.jpg
65,Blood: The Last Vampire (2002),Blood: The Last Vampire 2002,ブラッド ザ・ラストヴァンパイア 2000,Manga,5453,6.41,2001,https://cdn.myanimelist.net/images/manga/3/12321l.jpg
66,Togari,Togari,トガリ,Manga,5444,7.21,2001,https://cdn.myanimelist.net/images/manga/1/281188l.jpg
67,Okusama wa Joshikousei,,HIYOKO BRAND おくさまは女子高生,Manga,5386,6.23,2001,https://cdn.myanimelist.net/images/manga/3/178067l.jpg
68,Trinity Blood: Rage Against the Moons,Trinity Blood: Rage Against the Moons,トリニティ・ブラッド Rage Against the Moons,Light Novel,5328,7.93,2001,https://cdn.myanimelist.net/images/manga/2/209368l.jpg
69,Tantei Gakuen Q,,探偵学園Q,Manga,5264,7.75,2001,https://cdn.myanimelist.net/images/manga/2/11113l.jpg
69,Yumekui Kenbun,Nightmare Inspector: Yumekui Kenbun,夢喰見聞,Manga,5264,7.79,2001,https://cdn.myanimelist.net/images/manga/1/160940l.jpg
71,Atashi wa Bambi,,あたしはバンビ,Manga,5246,7.27,2001,https://cdn.myanimelist.net/images/manga/2/175967l.jpg
72,JoJo no Kimyou na Bouken II: Golden Heart/Golden Ring,,ジョジョの奇妙な冒険II ゴールデンハート／ゴールデンリング,Light Novel,5201,7.5,2001,https://cdn.myanimelist.net/images/manga/3/270478l.jpg
73,Happiness,Happiness,ハピネス,Manga,5145,6.74,2001,https://cdn.myanimelist.net/images/manga/1/216905l.jpg
74,Sakuran,Sakuran,さくらん,Manga,5089,7.01,2001,https://cdn.myanimelist.net/images/manga/2/278674l.jpg
75,Gekkou,,月紅GEKKOH,Manga,5072,6.42,2001,https://cdn.myanimelist.net/images/manga/3/260241l.jpg
76,B.Ichi,B. Ichi,B壱,Manga,5064,6.57,2001,https://cdn.myanimelist.net/images/manga/2/252802l.jpg
77,Brothers,,ブラザーズ,Manga,5027,7.31,2001,https://cdn.myanimelist.net/images/manga/3/33948l.jpg
78,Kagetora,Kagetora,カゲトラ,Manga,4943,7.52,2001,https://cdn.myanimelist.net/images/manga/5/199436l.jpg
79,Juunikyuu de Tsukamaete,Zodiac P.I.,十二宮でつかまえて,Manga,4874,7.37,2001,https://cdn.myanimelist.net/images/manga/2/273992l.jpg
80,Beautiful People,Beautiful People,beautiful people,Manga,4727,7.12,2001,https://cdn.myanimelist.net/images/manga/1/173682l.jpg
81,Ai no Tame ni,,愛のために,Manga,4654,7.35,2001,https://cdn.myanimelist.net/images/manga/1/315515l.jpg
82,Super-Conductive Brains,,超伝脳パラタクシス,Manga,4556,6.52,2001,https://cdn.myanimelist.net/images/manga/1/178278l.jpg
83,Watashi no Ookami-san.,,わたしの狼さん。,Manga,4448,7.03,2001,https://cdn.myanimelist.net/images/manga/1/181071l.jpg
84,Open Sesame,,OPEN SESAME,Manga,4387,7.33,2001,https://cdn.myanimelist.net/images/manga/2/56891l.jpg
85,Dragon Drive,Dragon Drive,ドラゴンドライブ,Manga,4344,6.97,2001,https://cdn.myanimelist.net/images/manga/1/221265l.jpg
86,Kindan no Koi de Ikou,,禁断の恋でいこう,Manga,4276,7.76,2001,https://cdn.myanimelist.net/images/manga/5/5717l.jpg
87,Sukima Suki,,スキマスキ,Manga,4244,6.7,2001,https://cdn.myanimelist.net/images/manga/5/23511l.jpg
88,17-sai: Hajimete no H,,17歳 初めてのＨ,Manga,4208,6.43,2001,https://cdn.myanimelist.net/images/manga/3/267903l.jpg
89,Angel Heart,,エンジェル・ハート,Manga,4175,7.42,2001,https://cdn.myanimelist.net/images/manga/2/195179l.jpg
90,Aisuru Hito,,愛人（あいするひと）,Manga,4070,6.73,2001,https://cdn.myanimelist.net/images/manga/1/166309l.jpg
91,Caramel Milk Tea,,キャラメルミルクティー,Manga,3838,7.14,2001,https://cdn.myanimelist.net/images/manga/3/183167l.jpg
92,Harlem Beat wa Yoake made,Mad Love Chase,ハーレムビートは夜明けまで,Manga,3612,7.34,2001,https://cdn.myanimelist.net/images/manga/5/22690l.jpg
93,Dousaibou Seibutsu.,Same Cell Organism,同細胞生物。,Manga,3598,7.34,2001,https://cdn.myanimelist.net/images/manga/3/21621l.jpg
94,Eiken,Eiken,エイケン,Manga,3414,6.09,2001,https://cdn.myanimelist.net/images/manga/3/274542l.jpg
95,Otona ni Nuts,Instant Teen - Just Add Nuts,おとなにナッツ,Manga,3408,6.5,2001,https://cdn.myanimelist.net/images/manga/4/2120l.jpg
96,Orion no Shounen: Aquarian Age,Aquarian Age: Juvenile Orion,オリオンの少年 アクエリアンエイジ,Manga,3373,7.06,2001,https://cdn.myanimelist.net/images/manga/1/152340l.jpg
97,Try! Try! Try! Webcomics,,Try! Try! Try!,Manga,3351,6.56,2001,https://cdn.myanimelist.net/images/manga/3/14385l.jpg
98,Brilliant na Mahou,Brilliant Magic,ブリリアントな魔法,Manga,3203,7.24,2001,https://cdn.myanimelist.net/images/manga/2/164442l.jpg
99,Ichigo Channel,,苺チャンネル,Manga,3149,7.27,2001,https://cdn.myanimelist.net/images/manga/1/10125l.jpg
100,Tende Freeze!,,てんでフリーズ！,Manga,3127,6.85,2001,https://cdn.myanimelist.net/images/manga/1/212984l.jpg
101,Ane☆Mone Seikaten,,アネ☆モネ生花店 ~南マキ傑作短編集~,Manga,3089,7.29,2001,https://cdn.myanimelist.net/images/manga/1/127047l.jpg
102,Complex,,COMPLEX,Manga,3078,7.15,2001,https://cdn.myanimelist.net/images/manga/1/186460l.jpg
103,Indigo Blue,,インディゴ・ブルー,Manga,3051,7.23,2001,https://cdn.myanimelist.net/images/manga/3/3985l.jpg
104,Digimon Adventure,Digimon,數碼暴龍,Manhua,3017,7.16,2001,https://cdn.myanimelist.net/images/manga/1/152276l.jpg
105,Zoku - Kindan no Koi wo Shiyou,,続・禁断の恋をしよう,Manga,3013,7.38,2001,https://cdn.myanimelist.net/images/manga/2/10852l.jpg
106,Rockman EXE,MegaMan NT Warrior,ロックマン エグゼ,Manga,2902,7.37,2001,https://cdn.myanimelist.net/images/manga/3/256646l.jpg
107,Ao no Rhapsodia,,蒼のラプソディア,Manga,2861,7.22,2001,https://cdn.myanimelist.net/images/manga/2/63351l.jpg
108,Double Face,,ダブルフェイス,Manga,2787,6.79,2001,https://cdn.myanimelist.net/images/manga/2/21397l.jpg
109,Heart,,ハート,Manga,2783,7.47,2001,https://cdn.myanimelist.net/images/manga/3/27073l.jpg
110,Platinum Garden,Platinum Garden,プラチナガーデン,Manga,2770,7.31,2001,https://cdn.myanimelist.net/images/manga/3/1539l.jpg
111,23:00,,23:00,Manga,2765,6.49,2001,https://cdn.myanimelist.net/images/manga/2/159390l.jpg
112,Saigo no Door wo Shimero!,Close the Last Door,最後のドアを閉めろ！,Manga,2721,7.55,2001,https://cdn.myanimelist.net/images/manga/3/328181l.jpg
113,3.3.7 Byooshi!!,,3.3.7ビョーシ!!,Manga,2711,7.07,2001,https://cdn.myanimelist.net/images/manga/1/267905l.jpg
114,Hiiro no Isu,,緋色の椅子,Manga,2705,7.37,2001,https://cdn.myanimelist.net/images/manga/3/257060l.jpg
115,Harem de Hitori,Alone in My King's Harem,ハレムでひとり,Manga,2690,6.95,2001,https://cdn.myanimelist.net/images/manga/2/201062l.jpg
116,The End,Dead End,THE END ジ・エンド,Manga,2646,6.48,2001,https://cdn.myanimelist.net/images/manga/3/139055l.jpg
117,Ikinari! Full Metal Panic!,Full Metal Panic! Overload!,いきなり！ フルメタル・パニック！,Manga,2639,7.24,2001,https://cdn.myanimelist.net/images/manga/3/126271l.jpg
118,1K Apartment no Koi,Lover's→Flat,1Kアパ→トの恋,Manga,2626,7.1,2001,https://cdn.myanimelist.net/images/manga/2/275462l.jpg
119,Nosferatu KISS,,ノスフェラトゥKISS,One-shot,2616,6.36,2001,https://cdn.myanimelist.net/images/manga/1/39639l.jpg
120,Three Wolves Mountain,Three Wolves Mountain,Three Wolves Mountain,Manga,2572,7.35,2001,https://cdn.myanimelist.net/images/manga/2/21477l.jpg
121,Kamui,Kamui,KAMUI,Manga,2560,7.15,2001,https://cdn.myanimelist.net/images/manga/2/313822l.jpg
122,BxB Brothers,BxB Brothers,Ｂ×Ｂブラザーズ,Manga,2558,7.34,2001,https://cdn.myanimelist.net/images/manga/3/662l.jpg
123,Renai Junkie,Addicted to Love,恋愛ジャンキー (東城麻美),Manga,2555,7.03,2001,https://cdn.myanimelist.net/images/manga/5/332989l.jpg
124,Ragnarok,Sword of the Dark Ones,RAGNAROK,Manga,2554,6.7,2001,https://cdn.myanimelist.net/images/manga/3/153737l.jpg
125,Yabai Kimochi,Desire,ヤバイ気持ち,Manga,2525,7.17,2001,https://cdn.myanimelist.net/images/manga/2/159373l.jpg
126,Comic Party,Comic Party,こみっくパーティー,Manga,2520,6.97,2001,https://cdn.myanimelist.net/images/manga/3/339561l.jpg
127,Fire Emblem: Hasha no Tsurugi,,ファイアーエムブレム 覇者の剣,Manga,2518,7.34,2001,https://cdn.myanimelist.net/images/manga/2/209214l.jpg
128,Sono Yubi dake ga Shitteiru,Only the Ring Finger Knows,その指だけが知っている,Light Novel,2448,7.74,2001,https://cdn.myanimelist.net/images/manga/1/20114l.jpg
128,Watashi no... Megane-kun,,私の…メガネ君,Manga,2448,6.03,2001,https://cdn.myanimelist.net/images/manga/2/37194l.jpg
130,Imouto wa Shishunki,Younger Sister is in Puberty,妹は思春期,Manga,2438,7.04,2001,https://cdn.myanimelist.net/images/manga/3/155489l.jpg
131,Nanase,Telepathic Wanderers,NANASE,Manga,2436,7.13,2001,https://cdn.myanimelist.net/images/manga/1/152337l.jpg
132,Door to Heaven,,,One-shot,2434,5.47,2001,https://cdn.myanimelist.net/images/manga/1/22259l.jpg
133,LuCu LuCu,LuCu LuCu,るくるく,Manga,2418,7.11,2001,https://cdn.myanimelist.net/images/manga/5/26174l.jpg
134,Love SOS,,사랑 SOS,Manhwa,2400,7.06,2001,https://cdn.myanimelist.net/images/manga/2/3753l.jpg
135,At Na-chan's,At Na-chan's,At Na-chan's,One-shot,2376,5.7,2001,https://cdn.myanimelist.net/images/manga/4/36926l.jpg
136,Love Hina,Love Hina the Novel,ラブひな,Light Novel,2357,7.48,2001,https://cdn.myanimelist.net/images/manga/2/185606l.jpg
137,RahXephon,RahXephon,ラーゼフォン,Manga,2349,6.32,2001,https://cdn.myanimelist.net/images/manga/2/229880l.jpg
138,Adult na Kaihatsu Shitsu,,アダルトな開発室,Manga,2325,6.03,2001,https://cdn.myanimelist.net/images/manga/2/29993l.jpg
139,Loveholic,Loveholic,loveholic 恋愛中毒,Manga,2311,7.41,2001,https://cdn.myanimelist.net/images/manga/5/284236l.jpg
140,s.CRY.ed,Scryed,スクライド,Manga,2309,6.73,2001,https://cdn.myanimelist.net/images/manga/1/56325l.jpg
141,Abenobashi Mahou☆Shoutengai,Magical Shopping Arcade Abenobashi,アベノ橋 魔法☆商店街,Manga,2297,6.51,2001,https://cdn.myanimelist.net/images/manga/1/267907l.jpg
142,Mr. Fullswing,,Mr.FULLSWING,Manga,2127,7.31,2001,https://cdn.myanimelist.net/images/manga/1/186705l.jpg
143,Global Garden,Global Garden,グローバル・ガーデン,Manga,2115,7.33,2001,https://cdn.myanimelist.net/images/manga/1/270473l.jpg
144,Kidou Senshi Gundam: C.D.A. - Wakaki Suisei no Shouzou,,機動戦士ガンダム C.D.A. 若き彗星の肖像,Manga,2100,7.07,2001,https://cdn.myanimelist.net/images/manga/2/279148l.jpg
145,Mukashi no Hanashi,,昔の話,Manga,2049,7.31,2001,https://cdn.myanimelist.net/images/manga/2/16433l.jpg
146,Fushigi na Shounen,Wonder Boy,不思議な少年,Manga,2039,7.41,2001,https://cdn.myanimelist.net/images/manga/3/182310l.jpg
147,Bokutachi no Tabi,Our Journey,ボクたちの旅,Manga,2038,6.7,2001,https://cdn.myanimelist.net/images/manga/2/10327l.jpg
148,Pump Up,,パンプアップ！,Manga,2026,6.82,2001,https://cdn.myanimelist.net/images/manga/2/3525l.jpg
149,Otogibanashi wo Anata ni,A Fairy Tale For You,お伽話をあなたに,Manga,2004,6.87,2001,https://cdn.myanimelist.net/images/manga/2/253551l.jpg
150,Mirai no Kioku,Future Lovers,未来の記憶,Manga,2002,7.48,2001,https://cdn.myanimelist.net/images/manga/1/194987l.jpg
151,Ahiru no Ouji-sama,Duck Prince,あひるの王子さま,Manga,1943,6.43,2001,https://cdn.myanimelist.net/images/manga/1/342075l.jpg
152,Galaxy Angel,Galaxy Angel,ギャラクシーエンジェル,Manga,1942,7.14,2001,https://cdn.myanimelist.net/images/manga/3/206032l.jpg
153,Saishuu Heiki Kanojo Gaidenshuu - Sekai no Hate ni wa Kimi to Futari de,,最終兵器彼女外伝集―世界の果てには君と二人で,Manga,1920,7.09,2001,https://cdn.myanimelist.net/images/manga/1/120279l.jpg
154,Café Kichijouji de,Café Kichijoji de,Café吉祥寺で,Manga,1912,7.2,2001,https://cdn.myanimelist.net/images/manga/1/750l.jpg
155,Private Prince,Private Prince,,Manga,1898,7.52,2001,https://cdn.myanimelist.net/images/manga/2/5860l.jpg
156,Kidou Senshi Gundam: École du Ciel,Mobile Suit Gundam: École du Ciel,機動戦士ガンダム École du Ciel -天空の学-,Manga,1894,7.33,2001,https://cdn.myanimelist.net/images/manga/1/149934l.jpg
157,Mirumo de Pon!,,ミルモでポン!,Manga,1886,7.18,2001,https://cdn.myanimelist.net/images/manga/3/78757l.jpg
158,Rizelmine,Rizelmine,りぜるまいん,Manga,1839,6.42,2001,https://cdn.myanimelist.net/images/manga/3/147959l.jpg
159,Kamakiri,,カマキリ,Manga,1835,6.52,2001,https://cdn.myanimelist.net/images/manga/5/15092l.jpg
160,Koi no Kawaki,Thirsty for Love,恋の渇き,Manga,1826,6.44,2001,https://cdn.myanimelist.net/images/manga/2/332919l.jpg
161,Happy Yarou Wedding♡,,ハッピーヤローウエディング♡,Manga,1813,6.95,2001,https://cdn.myanimelist.net/images/manga/2/73509l.jpg
162,Yellow Heart,,イエローハーツ,Manga,1798,6.12,2001,https://cdn.myanimelist.net/images/manga/5/19676l.jpg
163,Chupa!,,,One-shot,1791,6.75,2001,https://cdn.myanimelist.net/images/manga/2/3565l.jpg
164,Needless Zero,,NEEDLESS 0 (ニードレス ゼロ),Manga,1718,6.84,2001,https://cdn.myanimelist.net/images/manga/4/91805l.jpg
165,Kakene Nashi no LOVE Torihiki,,掛け値ナシのLOVE取引,Manga,1681,6.73,2001,https://cdn.myanimelist.net/images/manga/1/125541l.jpg
166,Deep Flower,,ディープ・フラワー,Manga,1680,6.76,2001,https://cdn.myanimelist.net/images/manga/3/147577l.jpg
167,No Toy,,,One-shot,1671,5.85,2001,https://cdn.myanimelist.net/images/manga/2/2239l.jpg
168,Diabolo,Diabolo,Diabolo-悪魔-,Manga,1635,6.66,2001,https://cdn.myanimelist.net/images/manga/3/155713l.jpg
169,Yume Tsukai,,夢使い,Manga,1618,6.95,2001,https://cdn.myanimelist.net/images/manga/3/118877l.jpg
170,Gyakuten Honey,,逆転ハニー,Manga,1590,7.02,2001,https://cdn.myanimelist.net/images/manga/3/137965l.jpg
171,Chikyuu Kanrinin,,地球管理人,Manga,1587,7.17,2001,https://cdn.myanimelist.net/images/manga/1/271377l.jpg
172,G Senjou Heaven's Door,,G戦場ヘヴンズドア,Manga,1570,7.05,2001,https://cdn.myanimelist.net/images/manga/1/37982l.jpg
173,16-sai: KISS,,16歳 KISS,Manga,1498,6.56,2001,https://cdn.myanimelist.net/images/manga/1/20733l.jpg
173,Nurse ga Oshigoto,,ナースがお仕事,Manga,1498,6.28,2001,https://cdn.myanimelist.net/images/manga/2/186392l.jpg
175,Suki na Mono wa Suki dakara Shouganai!!,,好きなものは好きだからしょうがない!!,Manga,1445,6.21,2001,https://cdn.myanimelist.net/images/manga/2/170892l.jpg
176,Takumi-kun Series,Takumi-kun; June Pride; Barefoot Waltz; Tales out of Season,タクミくんシリーズ ; ６月の自尊心; 裸足のワルツ; 季節はずれのカイダン; 美貌のディテイル; 花散る夜にきみを想えば,Manga,1430,7.23,2001,https://cdn.myanimelist.net/images/manga/3/5218l.jpg
177,Dear. Gentle Papa,,Dear.ジェントルパパ,Manga,1428,7.22,2001,https://cdn.myanimelist.net/images/manga/1/152590l.jpg
177,Heart wo Uchinomese!,Knock Your Heart Out!,ハートを打ちのめせ!,Manga,1428,7.02,2001,https://cdn.myanimelist.net/images/manga/2/226160l.jpg
179,PhD: Phantasy Degree,PhD: Phantasy Degree,마스터스쿨 올림프스,Manhwa,1420,7.0,2001,https://cdn.myanimelist.net/images/manga/2/171568l.jpg
180,Anuki,,아누키 The Greatest Epic of a Young Boy,Manhwa,1400,6.91,2001,https://cdn.myanimelist.net/images/manga/2/6853l.jpg
181,Gokuraku Café,,極楽カフェ,Manga,1395,7.05,2001,https://cdn.myanimelist.net/images/manga/1/153981l.jpg
182,Ikebukuro West Gate Park,Ikebukuro West Gate Park,池袋ウエストゲートパーク,Manga,1394,6.92,2001,https://cdn.myanimelist.net/images/manga/3/235433l.jpg
183,Togabito to Melody,,咎人とメロディ,Manga,1386,6.98,2001,https://cdn.myanimelist.net/images/manga/3/271382l.jpg
184,Chicchana Yukitsukai Sugar,A Little Snow Fairy Sugar,ちっちゃな雪使いシュガ,Manga,1385,6.78,2001,https://cdn.myanimelist.net/images/manga/1/179782l.jpg
185,Sumire wa Blue,,スミレはブルー,Manga,1384,6.91,2001,https://cdn.myanimelist.net/images/manga/2/140143l.jpg
186,Renai Junky,,恋愛ジャンキー,Manga,1375,6.59,2001,https://cdn.myanimelist.net/images/manga/1/155933l.jpg
187,Soul Rescue,Soul Rescue,ソウルレスキュー,Manga,1371,6.96,2001,https://cdn.myanimelist.net/images/manga/1/262972l.jpg
188,Sadistic Boy,Sadistic Boy,サディスティックボーイ,Manga,1355,6.49,2001,https://cdn.myanimelist.net/images/manga/1/271366l.jpg
189,Love Less,Loveless,,Manga,1352,7.32,2001,https://cdn.myanimelist.net/images/manga/1/13505l.jpg
190,Diamond Head,,ダイアモンド・ヘッド,Manga,1351,7.21,2001,https://cdn.myanimelist.net/images/manga/1/1802l.jpg
191,Stringendo,,ストリンジェンド,Manga,1335,7.07,2001,https://cdn.myanimelist.net/images/manga/1/49683l.jpg
192,Shining Musume.,,シャイニング娘。,Manga,1320,6.84,2001,https://cdn.myanimelist.net/images/manga/3/156924l.jpg
193,Puchimon,,ぷちモン,Manga,1317,6.92,2001,https://cdn.myanimelist.net/images/manga/2/3381l.jpg
194,Mako,,摩子,Manga,1285,6.97,2001,https://cdn.myanimelist.net/images/manga/1/49223l.jpg
195,Evil's Return,Evil's Return,천지인,Manhwa,1266,5.82,2001,https://cdn.myanimelist.net/images/manga/2/166999l.jpg
196,Sakura no Ichiban!,Sakura's Best,大正小町事件帖櫻の一番!,Manga,1260,6.93,2001,https://cdn.myanimelist.net/images/manga/4/32274l.jpg
197,Arienai Futari,,ありえない二人,Manga,1257,7.0,2001,https://cdn.myanimelist.net/images/manga/1/33039l.jpg
198,Gaccha Gacha,Gatcha Gacha,ガッチャガチャ,Manga,1253,7.15,2001,https://cdn.myanimelist.net/images/manga/2/180609l.jpg
199,Ga-ma-n Dekinai♥,,ガ・マ・ンできない♥,Manga,1245,6.67,2001,https://cdn.myanimelist.net/images/manga/2/143901l.jpg
200,Kimi ni Sasayaku Mirai,,君に囁く未来,Manga,1242,7.08,2001,https://cdn.myanimelist.net/images/manga/2/282690l.jpg
201,Dragon Voice,Dragon Voice,ドラゴン ボイス,Manga,1241,7.32,2001,https://cdn.myanimelist.net/images/manga/3/186238l.jpg
202,Dulce Report,,ダルシーレポート,Doujinshi,1228,7.08,2001,https://cdn.myanimelist.net/images/manga/3/48043l.jpg
203,Under (xGround) Grand Hotel dj,,アンダーグラ〔×ウ〕ンドホテル,Doujinshi,1224,7.19,2001,https://cdn.myanimelist.net/images/manga/3/89335l.jpg
204,Teruteru x Shounen,Teru Teru x Shonen,てるてる×少年,Manga,1221,7.11,2001,https://cdn.myanimelist.net/images/manga/2/177762l.jpg
205,Kinenbi Tokubetsu na H,,記念日特別なH,Manga,1218,6.61,2001,https://cdn.myanimelist.net/images/manga/2/81688l.jpg
206,Kiiroi Hon: Jacques Thibault to Iu Na no Yuujin,,黄色い本 ～ジャック・チボーという名の友人～,Manga,1183,6.42,2001,https://cdn.myanimelist.net/images/manga/2/33912l.jpg
207,Koharubiyori,Indian Summer,こはるびより,Manga,1163,6.78,2001,https://cdn.myanimelist.net/images/manga/3/191447l.jpg
208,Andante,,アンダンテ,Manga,1146,6.91,2001,https://cdn.myanimelist.net/images/manga/3/175965l.jpg
209,Love Life,Love Life,キャラコミックス,Manga,1136,7.0,2001,https://cdn.myanimelist.net/images/manga/3/6062l.jpg
210,Baby Pink KISS,,"ベビーピンク・Kiss, ベビーピンクKiss",Manga,1130,6.22,2001,https://cdn.myanimelist.net/images/manga/2/20742l.jpg
211,Dengeki Love Machine,,電撃ラブ・マシーン,Manga,1108,6.93,2001,https://cdn.myanimelist.net/images/manga/1/4695l.jpg
211,X-Gene,,X-GENE,Manga,1108,6.52,2001,https://cdn.myanimelist.net/images/manga/2/179572l.jpg
213,Donut Tsuushin,Donut Letter,ドーナツ通信,Manga,1096,6.74,2001,https://cdn.myanimelist.net/images/manga/1/194444l.jpg
214,Koi wa Itsumo Arashi no You ni,Love is Like a Hurricane,恋はいつも嵐のように,Manga,1095,6.96,2001,https://cdn.myanimelist.net/images/manga/3/5925l.jpg
215,Kimi ni shika Kikoenai: Calling You,Calling You,きみにしか聞こえない CALLING YOU,Light Novel,1092,7.62,2001,https://cdn.myanimelist.net/images/manga/2/161390l.jpg
216,Seihonnou to Suibakusen,,性本能と水爆戦,Manga,1091,6.48,2001,https://cdn.myanimelist.net/images/manga/4/74967l.jpg
217,Tengoku ni Musubu Koi,,天国に結ぶ恋,Manga,1059,6.46,2001,https://cdn.myanimelist.net/images/manga/2/207553l.jpg
218,Kirai Kiraimo,Hate to Love You,キライ嫌いも,Manga,1056,6.57,2001,https://cdn.myanimelist.net/images/manga/2/37384l.jpg
219,Pink Sniper,,ピンクスナイパー,Manga,1050,6.94,2001,https://cdn.myanimelist.net/images/manga/2/48047l.jpg
220,Crazy Girl,,ガールクレイジー,Manga,1049,6.62,2001,https://cdn.myanimelist.net/images/manga/3/6368l.jpg
220,Kamisama no Orgel,,神様のオルゴール,Manga,1049,6.87,2001,https://cdn.myanimelist.net/images/manga/2/281598l.jpg
222,Nagai Michi,Long Road,長い道,Manga,1030,6.65,2001,https://cdn.myanimelist.net/images/manga/2/178668l.jpg
223,Comic☆Hoshi Shinichi,,コミック☆星新一,Manga,1020,6.93,2001,https://cdn.myanimelist.net/images/manga/2/270169l.jpg
224,"Akatsuki!! Otokojuku: Seinen yo, Taishi wo Idake",,曉!!男塾 青年よ、大死を抱け,Manga,1008,6.81,2001,https://cdn.myanimelist.net/images/manga/1/254138l.jpg
225,Wari to Yoku Aru Danshikou-teki Renai Jijou,Ordinary Crush,わりとよくある男子校的恋愛事情,Manga,983,6.95,2001,https://cdn.myanimelist.net/images/manga/3/31258l.jpg
226,Under the Glass Moon,Under the Glass Moon,유리달 아래서,Manhwa,973,6.92,2001,https://cdn.myanimelist.net/images/manga/2/1934l.jpg
227,Prisoner,,Prisoner-プリズナー-,Manga,972,6.22,2001,https://cdn.myanimelist.net/images/manga/2/14900l.jpg
228,Gertrude no Recipe,The Recipe for Gertrude,ガートルードのレシピ,Manga,967,7.22,2001,https://cdn.myanimelist.net/images/manga/2/305l.jpg
229,01 Monkey,,ゼロワンモンキー,Manga,956,5.24,2001,https://cdn.myanimelist.net/images/manga/3/45917l.jpg
230,Brand Romance,A Promise Of Romance,契約―ブランドロマンス,Light Novel,953,7.33,2001,https://cdn.myanimelist.net/images/manga/1/7698l.jpg
231,Mezase Hero!,,めざせHERO!,Manga,943,7.26,2001,https://cdn.myanimelist.net/images/manga/2/208875l.jpg
231,Tough Gaiden: Oton,,タフ外伝 OTON―おとん―,Manga,943,7.04,2001,https://cdn.myanimelist.net/images/manga/1/16476l.jpg
233,Koibito Shigan,Applicant Lover,コイビト志願,Manga,933,6.8,2001,https://cdn.myanimelist.net/images/manga/3/30171l.jpg
234,Watashi ga Itemo Inakutemo,,私がいてもいなくても,Manga,929,6.98,2001,https://cdn.myanimelist.net/images/manga/3/208375l.jpg
235,Dai Mahou Touge,,大魔法峠,Manga,923,6.9,2001,https://cdn.myanimelist.net/images/manga/2/180913l.jpg
236,Maburaho,,まぶらほ,Light Novel,917,7.0,2001,https://cdn.myanimelist.net/images/manga/1/180923l.jpg
237,Oz no Matenrou,Skyscrapers of Oz,オズの摩天楼,Manga,916,6.78,2001,https://cdn.myanimelist.net/images/manga/5/338618l.jpg
238,Najica Dengeki Sakusen,Najica Blitz Tactics,ナジカ電撃作戦,Manga,910,6.19,2001,https://cdn.myanimelist.net/images/manga/3/3124l.jpg
239,Train☆Train,Train☆Train,トレイン☆トレイン,Manga,909,7.03,2001,https://cdn.myanimelist.net/images/manga/3/11046l.jpg
240,Peppermint,Peppermint,파티코믹스,Manhwa,897,7.06,2001,https://cdn.myanimelist.net/images/manga/3/1324l.jpg
241,Pugyuru,,ぷぎゅる,Manga,885,7.11,2001,https://cdn.myanimelist.net/images/manga/1/3354l.jpg
242,"Hana, Saita.",,花、咲いた。,One-shot,881,6.67,2001,https://cdn.myanimelist.net/images/manga/1/37007l.jpg
242,Kare no Niwa ni Saku Hana,,彼の庭に咲く花,Manga,881,7.33,2001,https://cdn.myanimelist.net/images/manga/2/82728l.jpg
244,Breakfast Club,,ブレックファースト・クラブ,Manga,879,7.17,2001,https://cdn.myanimelist.net/images/manga/1/86089l.jpg
244,Ruka to Ita Natsu,,琉伽といた夏,Manga,879,6.83,2001,https://cdn.myanimelist.net/images/manga/3/50845l.jpg
246,Yawarakai kara,Soft Shell,やわらかい殻,Manga,877,6.66,2001,https://cdn.myanimelist.net/images/manga/1/266556l.jpg
247,Anastasia Club,,アナスタシア倶楽部,Manga,873,6.94,2001,https://cdn.myanimelist.net/images/manga/2/195158l.jpg
248,Regatta: Kimi to Ita Eien,,レガッタ〜君といた永遠〜,Manga,872,7.02,2001,https://cdn.myanimelist.net/images/manga/1/166202l.jpg
249,Mangetsu Monogatari,,満月物語,Manga,859,6.57,2001,https://cdn.myanimelist.net/images/manga/3/140897l.jpg
250,Koisuru Heart ga No to Iu,Heart in Love Says No,恋するハートがＮＯという,Manga,856,6.49,2001,https://cdn.myanimelist.net/images/manga/5/337716l.jpg
251,Gaten na Aitsu,Gaten na Aitsu: Manly Construction Training,GATENなアイツ,Manga,855,6.51,2001,https://cdn.myanimelist.net/images/manga/3/176819l.jpg
252,Nasu,Nasu,茄子,Manga,852,6.77,2001,https://cdn.myanimelist.net/images/manga/5/13073l.jpg
253,Toukei Ibun,,東亰異聞,Manga,850,6.7,2001,https://cdn.myanimelist.net/images/manga/2/104539l.jpg
254,Miwaku no Tobira,,魅惑の扉,Manga,833,6.57,2001,https://cdn.myanimelist.net/images/manga/3/49219l.jpg
255,Tales of Eternia,,テイルズ オブ エターニア,Manga,831,7.24,2001,https://cdn.myanimelist.net/images/manga/4/37618l.jpg
256,Yougen no Chi,Yougen's Blood,妖幻の血,Manga,824,6.91,2001,https://cdn.myanimelist.net/images/manga/3/286734l.jpg
257,Happy★Lesson: Mama Sensei wa Saikou!,Happy★Lesson: Mama Teacher Is Wonderful!,HAPPY★LESSON ママ先生は最高!,Manga,822,6.5,2001,https://cdn.myanimelist.net/images/manga/3/154184l.jpg
258,Fairytale of Winter,,冬日童话,Manhua,814,6.32,2001,https://cdn.myanimelist.net/images/manga/3/38403l.jpg
258,Shihai suru Yubisaki,Gay's Anatomy,支配する指先,Manga,814,6.57,2001,https://cdn.myanimelist.net/images/manga/3/314553l.jpg
260,Soul to Seoul,Soul to Seoul,이스트 코스트,Manhwa,813,6.97,2001,https://cdn.myanimelist.net/images/manga/2/3366l.jpg
261,Yuuko-chan 100 Renpatsu!!,,幽子ちゃん100連発!!,Manga,811,6.41,2001,https://cdn.myanimelist.net/images/manga/1/1101l.jpg
262,Chouchou Kurabe,,蝶々くらべ,Manga,808,6.64,2001,https://cdn.myanimelist.net/images/manga/2/10012l.jpg
263,Hashire! Oujisama,,走れ！王子様,Manga,807,6.94,2001,https://cdn.myanimelist.net/images/manga/3/278791l.jpg
264,STONe,STONe,STONe -ストーン-,Manga,804,6.41,2001,https://cdn.myanimelist.net/images/manga/2/138177l.jpg
265,Sorayume no Uta,,空夢のうた,Manga,799,6.63,2001,https://cdn.myanimelist.net/images/manga/2/1508l.jpg
266,Love Me Thru the Night,Love me Thru the Night,ラブミースルーザナイト,Manga,796,6.97,2001,https://cdn.myanimelist.net/images/manga/1/4260l.jpg
267,Kiss wa Naisho ni,,キスはないしょに,Manga,794,6.73,2001,https://cdn.myanimelist.net/images/manga/2/5453l.jpg
268,Sakuratetsu Taiwa-hen,,サクラテツ対話篇,Manga,792,6.57,2001,https://cdn.myanimelist.net/images/manga/2/152585l.jpg
269,A la Carte,,ア・ラ・カルト,Manga,786,6.64,2001,https://cdn.myanimelist.net/images/manga/1/30011l.jpg
270,NOW,NOW,나우,Manhwa,782,7.16,2001,https://cdn.myanimelist.net/images/manga/1/1395l.jpg
271,Shounen Onmyouji,,少年陰陽師,Light Novel,772,,2001,https://cdn.myanimelist.net/images/manga/2/119825l.jpg
271,Specter,,スペクター,Manga,772,6.54,2001,https://cdn.myanimelist.net/images/manga/3/279149l.jpg
273,Hush,,Hush,Manhwa,769,7.14,2001,https://cdn.myanimelist.net/images/manga/4/262171l.jpg
274,Cutie Honey: Tennyo Densetsu,Cutie Honey: the Legend of an Angel,キューティーハニー 天女伝説,Manga,764,6.48,2001,https://cdn.myanimelist.net/images/manga/2/194914l.jpg
275,Andalusia no Koibito,,アンダルシアの恋人,Manga,752,6.28,2001,https://cdn.myanimelist.net/images/manga/3/137917l.jpg
275,Real Purple,,리얼퍼플,Manhwa,752,6.41,2001,https://cdn.myanimelist.net/images/manga/1/262153l.jpg
277,Baby Birth,Baby Birth,ベイビィバース,Manga,750,6.05,2001,https://cdn.myanimelist.net/images/manga/3/618l.jpg
277,Koi Uma: Koisuru Tame ni Umarete Kita no,,恋うま～恋するために生まれてきたの～,Manga,750,6.72,2001,https://cdn.myanimelist.net/images/manga/1/98647l.jpg
279,Subete ga F ni Naru,The Perfect Insider,すべてがFになる,Manga,748,,2001,https://cdn.myanimelist.net/images/manga/2/145187l.jpg
280,Anta Nanka Iranai,,あんたなんかいらない,Manga,747,6.33,2001,https://cdn.myanimelist.net/images/manga/2/2089l.jpg
281,Zutto Issho ni,Always Together,ずっといっしょに,One-shot,744,6.9,2001,https://cdn.myanimelist.net/images/manga/4/23238l.jpg
282,Prism Palette,,プリズムパレット,Manga,737,6.12,2001,https://cdn.myanimelist.net/images/manga/3/267915l.jpg
283,Hipira: The Little Vampire,,ヒピラくん,Manga,736,6.68,2001,https://cdn.myanimelist.net/images/manga/3/10576l.jpg
284,Rokutousei Spica,,六等星スピカ,Manga,735,6.39,2001,https://cdn.myanimelist.net/images/manga/1/5862l.jpg
285,Wagamama Kitchen,Wagamama Kitchen,わがままキッチン,Manga,731,6.63,2001,https://cdn.myanimelist.net/images/manga/1/330075l.jpg
286,Figure 17,Figure 17,フィギュア17,Manga,706,6.72,2001,https://cdn.myanimelist.net/images/manga/1/342028l.jpg
287,Tokyo Yaban Gaiden - Geboku Shounen Bushi,,東京野蛮外伝 下僕少年節,Manga,698,6.81,2001,https://cdn.myanimelist.net/images/manga/1/192l.jpg
288,Developers: Kidou Senshi Gundam - Before One Year War,,Developers 機動戦士ガンダム Before One Year War,Manga,691,6.75,2001,https://cdn.myanimelist.net/images/manga/1/334441l.jpg
289,Natsukoi,,ナツコイ,Manga,684,6.96,2001,https://cdn.myanimelist.net/images/manga/3/2506l.jpg
290,Guardian Hearts,Guardian Hearts,がぁ～でぃあんHearts,Manga,682,6.76,2001,https://cdn.myanimelist.net/images/manga/1/180608l.jpg
291,Rocket Man,,ロケットマン,Manga,678,7.18,2001,https://cdn.myanimelist.net/images/manga/1/198872l.jpg
292,"Fake: Like, Like, Love",,"FAKE Like, Like, Love",One-shot,674,7.13,2001,https://cdn.myanimelist.net/images/manga/1/161940l.jpg
293,Arabian de Naito!?,,アラビアンでないと！？,Manga,673,6.48,2001,https://cdn.myanimelist.net/images/manga/1/14188l.jpg
293,Ningyo Himeden,Princess Mermaid,人魚姫殿,Manga,673,7.07,2001,https://cdn.myanimelist.net/images/manga/2/258660l.jpg
295,Last Target,Last Target,ラスト・ターゲット,Manga,672,6.44,2001,https://cdn.myanimelist.net/images/manga/3/5482l.jpg
295,Souta-kun no Akihabara Funtouki,"I, Otaku: Struggle in Akihabara",壮太君のアキハバラ奮闘記,Manga,672,7.18,2001,https://cdn.myanimelist.net/images/manga/2/281005l.jpg
297,Warera no Mizu wa Doko ni Aru,Dry Heat,我らの水はどこにある,Manga,663,6.87,2001,https://cdn.myanimelist.net/images/manga/2/33044l.jpg
298,Fortune Fortune,,フォーチューン・フォーチュン,Manga,658,6.82,2001,https://cdn.myanimelist.net/images/manga/3/152450l.jpg
298,Warera Takarara Corporation,Naked Jewels Corporation,われら宝裸コーポレーション,Manga,658,6.29,2001,https://cdn.myanimelist.net/images/manga/1/2492l.jpg
300,Hana no Aru Seikatsu,,花のある生活,Manga,656,6.32,2001,https://cdn.myanimelist.net/images/manga/2/74069l.jpg
301,Bernie no Enikki,,バーニーの絵日記,Manga,655,6.79,2001,https://cdn.myanimelist.net/images/manga/2/61715l.jpg
302,Shichinin no Nana,Seven of Seven,七人のナナ,Manga,654,6.39,2001,https://cdn.myanimelist.net/images/manga/2/4065l.jpg
303,S☆☆Friend,,S☆☆フレンド,Manga,649,6.78,2001,https://cdn.myanimelist.net/images/manga/1/338394l.jpg
304,The Descendant of the Dynasty,,왕가의 후예,Manhwa,648,7.08,2001,https://cdn.myanimelist.net/images/manga/2/262152l.jpg
305,Help!!,,HELP!!,Manga,647,6.81,2001,https://cdn.myanimelist.net/images/manga/1/86053l.jpg
306,Hikoukigumo,,ひこうきぐも,Manga,634,6.85,2001,https://cdn.myanimelist.net/images/manga/2/41487l.jpg
307,Flower,,FLOWER,Manga,630,6.46,2001,https://cdn.myanimelist.net/images/manga/3/267560l.jpg
308,Panty Stocking no Youna Sora no Shita,A Pantyhose Like World,うめざわしゅん作品集成 パンティストッキングのような空の下,Manga,628,6.77,2001,https://cdn.myanimelist.net/images/manga/2/192061l.jpg
309,Yogoreteru Hima nanka Nai,,汚れてる暇なんかない,Manga,621,6.9,2001,https://cdn.myanimelist.net/images/manga/2/37265l.jpg
310,Hitomi wa Umi no Iro,,瞳は海の色,Manga,602,6.67,2001,https://cdn.myanimelist.net/images/manga/2/21087l.jpg
311,Garakuta Tenshi,,ガラクタ天使,Manga,592,7.16,2001,https://cdn.myanimelist.net/images/manga/3/7545l.jpg
311,"Kiss, Zekkou, Kiss",,キス、絶交、キス,Manga,592,7.27,2001,https://cdn.myanimelist.net/images/manga/2/135319l.jpg
313,Evergreen,,エヴァーグリーン,Manga,591,6.16,2001,https://cdn.myanimelist.net/images/manga/2/63289l.jpg
314,Dragon Quest: Eden no Senshitachi,,ドラゴンクエストエデンの戦士たち,Manga,590,7.12,2001,https://cdn.myanimelist.net/images/manga/5/341910l.jpg
315,Ginga Densetsu Weed Gaiden,,銀牙伝説ウィード外伝,Manga,582,7.33,2001,https://cdn.myanimelist.net/images/manga/2/28497l.jpg
316,"Iriya no Sora, UFO no Natsu","Iriya's Sky, Summer of the UFOs",イリヤの空、UFOの夏,Light Novel,579,,2001,https://cdn.myanimelist.net/images/manga/3/57189l.jpg
317,Full Metal Panic! Side Arms,,フルメタル・パニック! ―サイドアームズ―,Light Novel,576,,2001,https://cdn.myanimelist.net/images/manga/1/166129l.jpg
318,Aromatic Bitters,The Aromatic Bitters,アロマチック・ビターズ,Manga,572,6.59,2001,https://cdn.myanimelist.net/images/manga/1/114685l.jpg
319,Himegimi no Jouken,,姫君の条件,Manga,564,7.0,2001,https://cdn.myanimelist.net/images/manga/1/212042l.jpg
320,Choice!,,Choice!,Manga,559,,2001,https://cdn.myanimelist.net/images/manga/3/134163l.jpg
321,Omega Tribe,,オメガトライブ,Manga,551,,2001,https://cdn.myanimelist.net/images/manga/3/75939l.jpg
322,Train+Train,TRAIN + TRAIN,TRAIN+TRAIN,Manga,549,6.92,2001,https://cdn.myanimelist.net/images/manga/1/342030l.jpg
323,Reichourui Saikyou Densetsu: Gorio,,霊長類最強伝説ゴリ夫,Manga,537,6.84,2001,https://cdn.myanimelist.net/images/manga/3/191868l.jpg
324,Gekijouban Pocket Monsters: Celebi - Toki wo Koeta Deai,,劇場版 ポケットモンスター セレビィ 時を超えた遭遇（であい）,Manga,534,6.73,2001,https://cdn.myanimelist.net/images/manga/5/105215l.jpg
325,Furimuku dake de Anata Tsumi na Otoko,,振り向くだけでアナタ罪な男,Manga,532,6.57,2001,https://cdn.myanimelist.net/images/manga/2/2713l.jpg
326,Sakura Ryou March,,さくら寮マーチ,Manga,531,6.21,2001,https://cdn.myanimelist.net/images/manga/2/118657l.jpg
327,Fukigen na Aibu,,不機嫌な愛撫,Manga,527,6.42,2001,https://cdn.myanimelist.net/images/manga/1/282476l.jpg
327,Kasou Genjitsu Renairon,,仮想現実恋愛論,Manga,527,6.8,2001,https://cdn.myanimelist.net/images/manga/3/2411l.jpg
327,Oresama na Pet,,俺様なペット,Manga,527,6.58,2001,https://cdn.myanimelist.net/images/manga/2/152595l.jpg
330,Shounen Shoujo,,少年少女,Manga,526,,2001,https://cdn.myanimelist.net/images/manga/1/277301l.jpg
331,Zurui Otoko,,ズルい男,Manga,525,6.23,2001,https://cdn.myanimelist.net/images/manga/5/1347l.jpg
332,Shaolin Sisters: Reborn,Shaolin Sisters: Reborn,新・風雲三姉妹特ＬＩＮ,Manga,523,6.52,2001,https://cdn.myanimelist.net/images/manga/4/343618l.jpg
333,Risou no Kao wo Motsu Otoko,The Man with a Perfect Face,理想の顔を持つ男,Manga,500,6.42,2001,https://cdn.myanimelist.net/images/manga/1/7704l.jpg
333,Yukiko no Hourensou,Yukiko's Spinach,ゆき子のホウレン草,Manga,500,6.65,2001,https://cdn.myanimelist.net/images/manga/2/183124l.jpg
335,Hands Off!: Don't Call Us Angels,Hands Off!: Don't Call Us Angels,俺たちを天使と呼ぶな,Manga,497,6.66,2001,https://cdn.myanimelist.net/images/manga/2/278571l.jpg
336,Furachi na Bokura,,フラチな僕ら,Manga,494,7.0,2001,https://cdn.myanimelist.net/images/manga/1/29433l.jpg
336,Kuusou Kagaku Edison,Edison Fantasy Science,空想科学エジソン,Manga,494,,2001,https://cdn.myanimelist.net/images/manga/3/29561l.jpg
336,Okusan Volleyball,Madam Volleyball,奥さんバレー,Manga,494,,2001,https://cdn.myanimelist.net/images/manga/3/145737l.jpg
336,Sugar,,シュガー,Manga,494,,2001,https://cdn.myanimelist.net/images/manga/1/177401l.jpg
340,Salacia: Waga Hakugin no Mermaid,,サラーキア～我が白銀のマーメイド～,Manga,484,5.02,2001,https://cdn.myanimelist.net/images/manga/1/197016l.jpg
341,Koi no Surisasu,,恋のスリサス,Manga,482,6.38,2001,https://cdn.myanimelist.net/images/manga/3/164906l.jpg
342,Angel Cup,Angel Cup,엔젤컵,Manhwa,472,6.75,2001,https://cdn.myanimelist.net/images/manga/2/5434l.jpg
343,Kakatte Kinasai!,,かかってきなさい！,Manga,471,6.51,2001,https://cdn.myanimelist.net/images/manga/2/10077l.jpg
344,Goth: Wristcut Jiken,Goth,GOTH リストカット事件,Novel,470,7.12,2001,https://cdn.myanimelist.net/images/manga/2/254086l.jpg
345,Sex no Ato Otokonoko no Ase wa Hachimitsu no Nioi ga Suru,Sweat and Honey,セックスのあと男の子の汗はハチミツのにおいがする,Manga,462,6.73,2001,https://cdn.myanimelist.net/images/manga/1/95635l.jpg
346,Gunparade March,Gunparade March,ガンパレード・マーチ,Manga,461,,2001,https://cdn.myanimelist.net/images/manga/3/112051l.jpg
346,Kurofune,,黒船,Manga,461,6.0,2001,https://cdn.myanimelist.net/images/manga/1/103861l.jpg
348,Three Quarters,Three Quarters,スリークオーター 3/4,Manga,457,6.81,2001,https://cdn.myanimelist.net/images/manga/1/2792l.jpg
349,Natsu no Koshien,,ナツの甲子園,Manga,453,6.68,2001,https://cdn.myanimelist.net/images/manga/1/10079l.jpg
350,Food Girls,,Food Girls,Manga,448,6.13,2001,https://cdn.myanimelist.net/images/manga/2/202928l.jpg
351,Chou Oneesan Tengoku,,超おねーさん天国,Manga,447,6.66,2001,https://cdn.myanimelist.net/images/manga/2/76047l.jpg
352,Kikaider 02,Kikaider Code 02,キカイダー02,Manga,446,,2001,https://cdn.myanimelist.net/images/manga/2/273184l.jpg
353,Oya Niwa Naisho no Koimonogatari,,親にはナイショの恋物語,Manga,443,6.54,2001,https://cdn.myanimelist.net/images/manga/1/11957l.jpg
354,Tenshi no Kokoro de,,天使のココロで,Manga,441,6.82,2001,https://cdn.myanimelist.net/images/manga/1/30331l.jpg
355,Shounen Harem,,少年ハーレム,Manga,437,6.85,2001,https://cdn.myanimelist.net/images/manga/1/11027l.jpg
356,Kaikan Trap,,快感トラップ,Manga,433,6.27,2001,https://cdn.myanimelist.net/images/manga/1/96821l.jpg
357,Destinies Cross,Destinies Cross,Destinies Cross,Manga,432,6.95,2001,https://cdn.myanimelist.net/images/manga/2/161110l.jpg
357,Hi ga Kuretemo Aruiteru,,"日が暮れても歩いてる,陪我走到日落",Manga,432,6.61,2001,https://cdn.myanimelist.net/images/manga/1/19406l.jpg
359,Jail Bird,,Jail Bird－ジェイル バード－,Manga,430,6.51,2001,https://cdn.myanimelist.net/images/manga/4/189435l.jpg
360,Honjitsu no Neko jijou,Today's Cat Matters,本日の猫事情,Manga,427,,2001,https://cdn.myanimelist.net/images/manga/2/22346l.jpg
360,Trinity Blood: Reborn on the Mars,Trinity Blood: Reborn on the Mars,トリニティ・ブラッド Reborn on the Mars,Light Novel,427,,2001,https://cdn.myanimelist.net/images/manga/3/259303l.jpg
362,Tennen Bitter Chocolate,Natural Bitter Chocolate,天然ビターチョコレート,Manga,426,6.56,2001,https://cdn.myanimelist.net/images/manga/1/24893l.jpg
363,T.S. I Love You...,,,Manga,425,6.66,2001,https://cdn.myanimelist.net/images/manga/3/86747l.jpg
364,Akuma no Omise: Shadow & Maria,Nightmares for Sale,悪魔のお店 Shadow & Maria,Manga,422,6.95,2001,https://cdn.myanimelist.net/images/manga/2/164760l.jpg
365,Milk Maid,,Milk Maid,Manga,420,6.7,2001,https://cdn.myanimelist.net/images/manga/2/192730l.jpg
366,Asakura-ke no Hitobito,,朝倉家の人々,Manga,418,6.77,2001,https://cdn.myanimelist.net/images/manga/1/1232l.jpg
367,My Mother,,MY MOTHER,Manga,413,,2001,https://cdn.myanimelist.net/images/manga/2/160233l.jpg
367,Yumemi na Psychic!,,,Manga,413,7.17,2001,https://cdn.myanimelist.net/images/manga/4/13175l.jpg
369,Argento Soma,,アルジェントソーマ AΠHENTO ΣOMA,Manga,411,,2001,https://cdn.myanimelist.net/images/manga/1/104181l.jpg
370,Caramel Espresso,Caramel Espresso,キャラメル・エスプレッソ,Manga,404,6.37,2001,https://cdn.myanimelist.net/images/manga/2/255909l.jpg
371,Yodong's Vampire,Yodong's Vampire,요동의 뱀파이어 단,Manhwa,399,6.1,2001,https://cdn.myanimelist.net/images/manga/3/6908l.jpg
372,Daisy Luck,,デイジー・ラック,Manga,398,6.42,2001,https://cdn.myanimelist.net/images/manga/1/39470l.jpg
373,Di Gi Charat Theater: Dejiko's Adventure,Di Gi Charat Theater: Dejiko's Adventure,でじこ☆あどべんちゃー,Manga,397,6.99,2001,https://cdn.myanimelist.net/images/manga/3/17547l.jpg
374,Dejiko no Champion Cup Gekijou,Di Gi Charat: Dejiko's Champion Cup Theatre,でじこのチャンピオンカップ劇場,Manga,393,,2001,https://cdn.myanimelist.net/images/manga/2/244140l.jpg
374,Yokujou Kiss,,欲情キス,Manga,393,6.52,2001,https://cdn.myanimelist.net/images/manga/3/109543l.jpg
376,Boys' Kingdom II,Boys' Kingdom II,ボーイズキングダム II,Manga,391,6.77,2001,https://cdn.myanimelist.net/images/manga/3/10991l.jpg
377,Call My Name,,マーガレットコミックス,Manga,390,,2001,https://cdn.myanimelist.net/images/manga/1/10026l.jpg
378,Hitomi no Mukougawa,,瞳の向こう側,Manga,389,6.6,2001,https://cdn.myanimelist.net/images/manga/1/10286l.jpg
379,Hajimari no Hako,,よしづきくみち短編集 はじまりの箱,Manga,386,6.79,2001,https://cdn.myanimelist.net/images/manga/2/161847l.jpg
380,Say Love,,,Manhwa,385,,2001,https://cdn.myanimelist.net/images/manga/1/5560l.jpg
380,Shibutani-kun Tomo no Kai,,渋谷君友の会,Manga,385,6.69,2001,https://cdn.myanimelist.net/images/manga/2/7622l.jpg
382,Pretty Scoop: Haretara Ii na dj - Snow Flower,,Snow Flower,Doujinshi,383,6.81,2001,https://cdn.myanimelist.net/images/manga/2/338406l.jpg
382,Yasashii Keredo Ijiwaru de,Naughty But Nice,優しいけれど意地悪で,Manga,383,6.76,2001,https://cdn.myanimelist.net/images/manga/1/17471l.jpg
384,Fukuin,The Gospel,福音,Manga,379,5.77,2001,https://cdn.myanimelist.net/images/manga/3/341328l.jpg
385,Love Songs,,ラブソングズ,Manga,375,6.63,2001,https://cdn.myanimelist.net/images/manga/3/32251l.jpg
385,Super Remix Best,Super Remix Best; My Health; Someday I can; Something Both of Us Can Do; Green Hill; Ping Pong Club; Go! Ina Junior High Ping Pong Club; Together with Me; Green Hill,僕とお昼を スーパーリミックスベ2; 稲作 スーパーリミックスベスト 1; 行け！稲中卓球部; 僕といっしょ,Manga,375,,2001,https://cdn.myanimelist.net/images/manga/3/16659l.jpg
387,Blood: The Last Vampire: Shanhai Aibyo,The Last Vampire: Ephemeral Shanghai,BLOOD THE LAST VAMPIRE 上海哀儚,Light Novel,374,,2001,https://cdn.myanimelist.net/images/manga/2/14567l.jpg
387,Cronos Haze,,クロノスヘイズ,Manga,374,,2001,https://cdn.myanimelist.net/images/manga/3/172248l.jpg
389,Love Lesson ABC,Love Lesson ABC,ラブLESSON・ABC,Manga,372,6.6,2001,https://cdn.myanimelist.net/images/manga/2/23315l.jpg
390,Hiroshi no Strangena Aijou,Hiroshi Strange Love,博士のストレンジな愛情,Manga,370,6.46,2001,https://cdn.myanimelist.net/images/manga/1/18030l.jpg
391,Blood: The Last Vampire - Yami wo Izanau Chi,,BLOOD THE LAST VAMPIRE 闇を誘う血,Light Novel,365,,2001,https://cdn.myanimelist.net/images/manga/1/14566l.jpg
391,Kuu-chan ga Iku,,,One-shot,365,6.39,2001,https://cdn.myanimelist.net/images/manga/3/9305l.jpg
393,Sister Red,Sister Red,シスターレッド,Manga,362,6.44,2001,https://cdn.myanimelist.net/images/manga/1/10150l.jpg
394,Azumanga Recycle,,あずまんがリサイクル,Manga,356,,2001,https://cdn.myanimelist.net/images/manga/1/312037l.jpg
395,Kinnikuman II-sei: All Choujin Daishingeki,,キン肉マンⅡ世～オール超人大進撃～,Manga,355,,2001,https://cdn.myanimelist.net/images/manga/1/164973l.jpg
396,Omae no Toriko,,おまえの虜,Manga,350,6.29,2001,https://cdn.myanimelist.net/images/manga/2/152548l.jpg
396,Strawberry,,,Doujinshi,350,5.64,2001,https://cdn.myanimelist.net/images/manga/2/24448l.jpg
398,Dokuro,,毒狼〈どくろ〉,Manga,347,6.34,2001,https://cdn.myanimelist.net/images/manga/1/252871l.jpg
398,Otona to Kodomo no Kyoukaisen,,大人と子供の境界線,Manga,347,6.58,2001,https://cdn.myanimelist.net/images/manga/1/1442l.jpg
400,Aa Tantei Jimusho,,ああ探偵事務所,Manga,345,,2001,https://cdn.myanimelist.net/images/manga/2/232328l.jpg
401,Ginyuu Shijin no Koi,,吟遊詩人の恋,Manga,343,6.63,2001,https://cdn.myanimelist.net/images/manga/1/2461l.jpg
402,Maid-san wa Majo,,メイドさんは魔女,Doujinshi,341,6.35,2001,https://cdn.myanimelist.net/images/manga/2/32129l.jpg
402,Zoids Shinseiki/Zero,ZOIDS New Century,ゾイド新世紀／ゼロ,Manga,341,,2001,https://cdn.myanimelist.net/images/manga/4/58755l.jpg
404,Koutarou Makaritooru! L,,コータローまかりとおる! L,Manga,335,,2001,https://cdn.myanimelist.net/images/manga/1/75235l.jpg
405,La Partita,,,Manga,334,6.56,2001,https://cdn.myanimelist.net/images/manga/2/4920l.jpg
406,Agnes Kamen,,アグネス仮面,Manga,331,,2001,https://cdn.myanimelist.net/images/manga/2/131389l.jpg
407,Ashiaraiyashiki no Juunin-tachi.,,足洗邸の住人たち。,Manga,330,,2001,https://cdn.myanimelist.net/images/manga/3/156897l.jpg
407,Tenkousei Jinno Murasaki,,転校生・神野紫,Manga,330,,2001,https://cdn.myanimelist.net/images/manga/1/77683l.jpg
409,Kimi no Te wa Boku no Mono,Your Hand Belongs To Me,きみの手はぼくのもの,Manga,328,6.53,2001,https://cdn.myanimelist.net/images/manga/2/2861l.jpg
409,Tennen Hachimitsu Ryou.,,天然はちみつ寮。,Manga,328,,2001,https://cdn.myanimelist.net/images/manga/3/112289l.jpg
411,Kumo no Ue de Kiss wo Shiyou,,雲の上でキスをしよう,Manga,325,6.59,2001,https://cdn.myanimelist.net/images/manga/3/147533l.jpg
412,Kajimunugatai: Kaze ga Kataru Okinawa-sen,,カジムヌガタイ 風が語る沖縄戦,Manga,323,,2001,https://cdn.myanimelist.net/images/manga/2/276541l.jpg
413,Ookami no Hitomi,The Wolf Eyes,狼の瞳,Manga,319,,2001,https://cdn.myanimelist.net/images/manga/1/27428l.jpg
414,Nanaka 6/17,,ななか6/17,Manga,318,,2001,https://cdn.myanimelist.net/images/manga/5/71889l.jpg
415,Hanakanmuri no Hime,,,Manga,317,6.64,2001,https://cdn.myanimelist.net/images/manga/3/11507l.jpg
416,Masca: The Beginning,,MASCA 외전,Manhwa,315,,2001,https://cdn.myanimelist.net/images/manga/2/264802l.jpg
417,Yumeyume: Onmyouji Kidan,,夢々 陰陽師鬼談,Manga,312,5.96,2001,https://cdn.myanimelist.net/images/manga/4/346984l.jpg
418,Young Shima Kousaku,Young Shima Kosaku,ヤング 島耕作,Manga,309,,2001,https://cdn.myanimelist.net/images/manga/1/128993l.jpg
419,Deja Vu,,デジャブ。,Manga,307,,2001,https://cdn.myanimelist.net/images/manga/1/71915l.jpg
419,Koneko Genki!,Powerful Pussycat!!,仔猫元気っ,Manga,307,,2001,https://cdn.myanimelist.net/images/manga/3/211447l.jpg
421,Hanzai Koushounin,,罪交渉人 峰岸英太郎,Manga,304,,2001,https://cdn.myanimelist.net/images/manga/2/14659l.jpg
421,Natsu-iro Graffiti,,夏色グラフィティ,One-shot,304,,2001,https://cdn.myanimelist.net/images/manga/2/159485l.jpg
423,"Pretty Scoop: Haretara ii na dj - Boy, Fish on Wave",,"BOY, FISH ON WAVE",Doujinshi,302,6.76,2001,https://cdn.myanimelist.net/images/manga/1/345171l.jpg
423,Toma,Warriors of Tao,トーマ,Manga,302,,2001,https://cdn.myanimelist.net/images/manga/3/276025l.jpg
423,Urakatana Kami no ki,Chronicle of the Divine Sword,裏刀神記,Manga,302,,2001,https://cdn.myanimelist.net/images/manga/1/35498l.jpg
426,Itoshii Chikara.,,愛しいチカラ。,One-shot,301,6.04,2001,https://cdn.myanimelist.net/images/manga/1/28558l.jpg
427,Azumanga 2 Official Comix,,あずまんが2 あずまきよひこ作品集,Manga,298,,2001,https://cdn.myanimelist.net/images/manga/1/259979l.jpg
427,Cross Triangle,,十字架トライアングル,Manga,298,,2001,https://cdn.myanimelist.net/images/manga/1/12105l.jpg
427,Samishii Yoru no Himitsu,,さみしい夜のひみつ,Manga,298,6.57,2001,https://cdn.myanimelist.net/images/manga/3/12473l.jpg
430,Kagi,,鍵,Manga,296,6.62,2001,https://cdn.myanimelist.net/images/manga/3/273326l.jpg
430,Pururun Seminar,,ぷるるんゼミナール,Manga,296,,2001,https://cdn.myanimelist.net/images/manga/2/63755l.jpg
432,"Ashita, Anata ga Mezame tara",When You Wake Up Tomorrow Morning,明日、アナタが目覚めたら,Manga,295,,2001,https://cdn.myanimelist.net/images/manga/1/17199l.jpg
433,Hanazono Merry Go Round,,花園メリーゴーランド,Manga,294,,2001,https://cdn.myanimelist.net/images/manga/2/14649l.jpg
434,Guuzen ga Nokosu Mono - Kioku Senmei II,,偶然が残すもの 記憶鮮明2,Manga,293,,2001,https://cdn.myanimelist.net/images/manga/1/273954l.jpg
434,Magical Nyan Nyan Taruto,,魔法少女猫たると,Manga,293,,2001,https://cdn.myanimelist.net/images/manga/3/112421l.jpg
434,Valkyrie Profile: The Dark Alchemist,,暗黑炼金术师,Manga,293,,2001,https://cdn.myanimelist.net/images/manga/2/5390l.jpg
437,Psycho Trader Chinami,Psycho Trader Chinami,,Manga,291,6.48,2001,https://cdn.myanimelist.net/images/manga/3/7080l.jpg
438,Lassie,Lassie,ラッシー,Manga,290,6.9,2001,https://cdn.myanimelist.net/images/manga/1/12505l.jpg
439,Missing: Kamikakushi no Monogatari,,Missing 神隠しの物語,Light Novel,289,,2001,https://cdn.myanimelist.net/images/manga/2/207545l.jpg
440,Kannazuki no Shimai,,神奈月の姉妹-マッド薬剤師砂恵-,Manga,287,6.52,2001,https://cdn.myanimelist.net/images/manga/4/71477l.jpg
441,Apocripha/0,,アポクリファ/0,Manga,285,,2001,https://cdn.myanimelist.net/images/manga/2/3339l.jpg
442,Yoru no Douwa,,夜の童話,Manga,282,,2001,https://cdn.myanimelist.net/images/manga/2/172342l.jpg
443,Kimi no Koe ga Kikitai,I want to hear your voice,君の声がききたい,Manga,281,,2001,https://cdn.myanimelist.net/images/manga/3/16747l.jpg
444,Shin Megami Tensei Gaiten: Hato no Senki,,真・女神転生外典 鳩の戦記,Manga,280,,2001,https://cdn.myanimelist.net/images/manga/3/126655l.jpg
445,Midara na Candy,,ミダラナキャンディ,Manga,278,6.17,2001,https://cdn.myanimelist.net/images/manga/5/31864l.jpg
446,Gankyu Kitan Yui,,眼球綺譚 Yui,Manga,277,,2001,https://cdn.myanimelist.net/images/manga/3/94591l.jpg
447,Koukou Afro Tanaka,,高校アフロ田中,Manga,274,,2001,https://cdn.myanimelist.net/images/manga/2/168996l.jpg
448,Ordinary School,,보통학교,Manhwa,273,,2001,https://cdn.myanimelist.net/images/manga/1/152711l.jpg
449,"Boku no Inu, Boku no Weed",,ぼくの犬、僕のウィード,Manga,261,,2001,https://cdn.myanimelist.net/images/manga/5/39059l.jpg
449,Kattobi!! Shrek: Monster-kyuu no New Hero!!,,かっとび!！ シュレック モンスター級のニュー・ヒーロー!！,One-shot,261,6.3,2001,https://cdn.myanimelist.net/images/manga/3/265411l.jpg
449,Restore Garage 251: Kurumaya Jumejirou,,レストアガレージ251―車屋夢次郎,Manga,261,,2001,https://cdn.myanimelist.net/images/manga/1/160632l.jpg
452,Boku no Pet wa Salaryman,,僕のペットはサラリーマン,Manga,260,,2001,https://cdn.myanimelist.net/images/manga/2/171787l.jpg
453,Hotoke no Kao mo Sando Made,,仏の顔も三度まで,One-shot,256,6.33,2001,https://cdn.myanimelist.net/images/manga/1/5450l.jpg
453,I My Me! Strawberry Eggs,,あぃまぃみぃ！ストロベリー・エッグ,Manga,256,,2001,https://cdn.myanimelist.net/images/manga/1/129179l.jpg
455,Bakuretsu Utahime 21,,バクレツ★歌姫21,Manga,253,,2001,https://cdn.myanimelist.net/images/manga/1/20744l.jpg
456,Romantist Egoist,Romantist Egoist,ロマンチスト エゴイスト,Manga,252,,2001,https://cdn.myanimelist.net/images/manga/2/5916l.jpg
457,Namida Hyakuman Tsubu,,涙100万粒,Manga,251,,2001,https://cdn.myanimelist.net/images/manga/1/6461l.jpg
457,Shokunyuu,,触乳,Manga,251,,2001,https://cdn.myanimelist.net/images/manga/2/48083l.jpg
459,Kami no Na wa: Hinomoto Shinwa Ibun,,神の名は 日の本神話異聞,Manga,245,,2001,https://cdn.myanimelist.net/images/manga/1/15257l.jpg
459,Wonderful Kiss,,Natsuyasumi no Yokan,Manga,245,,2001,https://cdn.myanimelist.net/images/manga/1/11137l.jpg
459,Yuuwaku Healing,,誘惑ヒーリング,Manga,245,,2001,https://cdn.myanimelist.net/images/manga/1/126727l.jpg
462,Switch,,スイッチ,Manga,244,,2001,https://cdn.myanimelist.net/images/manga/1/207683l.jpg
463,Nase,,汝背 －NASE－,Manga,242,,2001,https://cdn.myanimelist.net/images/manga/3/32926l.jpg
464,888,,888,Manga,241,,2001,https://cdn.myanimelist.net/images/manga/3/164431l.jpg
464,Prism Heart,Prism Heart,プリズムヘ・ハト,Manga,241,6.78,2001,https://cdn.myanimelist.net/images/manga/1/10138l.jpg
464,Yakimochi Yaki na Koimonogatari,,やきもちやきな恋物語,Manga,241,,2001,https://cdn.myanimelist.net/images/manga/1/84227l.jpg
467,Akan!! Mou Muchakucha ni Shite,,アカン!! もうむちゃくちゃにして,Manga,236,,2001,https://cdn.myanimelist.net/images/manga/3/186396l.jpg
467,Kyuuketsu Senki Vjedogonia,,吸血殲鬼ヴェドゴニア,Manga,236,,2001,https://cdn.myanimelist.net/images/manga/1/101525l.jpg
469,RaTe-Jiru,,らてぢる,Manga,233,,2001,https://cdn.myanimelist.net/images/manga/1/191739l.jpg
470,Hitsuji wo Kazoete Dokomademo,,羊をかぞえてどこまでも,Manga,231,6.68,2001,https://cdn.myanimelist.net/images/manga/2/12268l.jpg
471,Makai Toshi Hunter Series: Makyuu Babylon,Demon Palace Babylon,[魔界都市ハンター]シリーズ 魔宮バビロン,Manga,230,,2001,https://cdn.myanimelist.net/images/manga/1/32224l.jpg
472,Buja's Diary,Buja's Diary,부자의 그림일기,Manhwa,226,,2001,https://cdn.myanimelist.net/images/manga/1/7510l.jpg
473,Id,,이드,Novel,225,,2001,https://cdn.myanimelist.net/images/manga/5/285853l.jpg
474,Kateikyoushi Bakunyuu Kari,,家庭教師爆乳狩り,Manga,222,,2001,https://cdn.myanimelist.net/images/manga/2/21780l.jpg
474,Suna no Kusari,,砂の鎖,Manga,222,,2001,https://cdn.myanimelist.net/images/manga/2/48619l.jpg
476,12/24. Suki no Hito.,,12/24．好きな人,Manga,221,,2001,https://cdn.myanimelist.net/images/manga/3/65951l.jpg
476,Shin Musekinin Kanchou Tylor Gaiden: Love & War,,真・無責任艦長タイラー外伝 Love&War,Manga,221,,2001,https://cdn.myanimelist.net/images/manga/2/196214l.jpg
478,Enn,,宴-ENN-,Manga,220,,2001,https://cdn.myanimelist.net/images/manga/2/180010l.jpg
478,Keishichou 24-ji,,警死庁24時,Manga,220,,2001,https://cdn.myanimelist.net/images/manga/5/279230l.jpg
478,Loups=Garous: Kihi Subeki Ookami,,ルー=ガルー 忌避すべき狼,Light Novel,220,,2001,https://cdn.myanimelist.net/images/manga/2/125409l.jpg
481,Tony Takezaki no Gundam Manga,Tony Takezaki presents Gundam Manga,トニーたけざきのガンダム漫画,Manga,219,,2001,https://cdn.myanimelist.net/images/manga/3/177022l.jpg
482,Natalie ni Juu to Hanataba wo.,Guns and Roses for Natalie,ナタリィに銃と花束を。,Manga,215,,2001,https://cdn.myanimelist.net/images/manga/1/4246l.jpg
483,Maru Sankaku Shikaku,,まる三角しかく,Manga,211,,2001,https://cdn.myanimelist.net/images/manga/2/86201l.jpg
483,Tsumikuibito,,代罪者,Manga,211,,2001,https://cdn.myanimelist.net/images/manga/2/4901l.jpg
485,Gekitou! Crush Gear Turbo,Fight! Turbo Crush Gear,激闘！クラッシュギアT,Manga,210,,2001,https://cdn.myanimelist.net/images/manga/3/24052l.jpg
486,Jinsei wa Barairo da dj - Aishiteru to Ittekure,Tell Me You Love Me,,Doujinshi,209,,2001,https://cdn.myanimelist.net/images/manga/1/27369l.jpg
487,Hare Tokidoki Nurenezumi,,晴れときどきぬれねずみ,Manga,208,,2001,https://cdn.myanimelist.net/images/manga/4/21260l.jpg
487,Satorare,,サトラレ,Manga,208,,2001,https://cdn.myanimelist.net/images/manga/1/16562l.jpg
487,Suki ja nai kedo Aishiteru,"I Don't Like You, But I Love You",,Manga,208,,2001,https://cdn.myanimelist.net/images/manga/4/17278l.jpg
490,Heartland no Juunin,,ハートランドの住人,Manga,207,,2001,https://cdn.myanimelist.net/images/manga/3/20188l.jpg
491,Doberman Kinshirei!,,,Manga,206,,2001,https://cdn.myanimelist.net/images/manga/3/6643l.jpg
492,Damekko Doubutsu,,だめっこどうぶつ,Manga,203,,2001,https://cdn.myanimelist.net/images/manga/1/5990l.jpg
493,Gau Gau Waata,Bow Wow Wata,ガウガウわー太,Manga,202,,2001,https://cdn.myanimelist.net/images/manga/4/71695l.jpg
493,Insomnia,,불면증,Manhwa,202,,2001,https://cdn.myanimelist.net/images/manga/2/30348l.jpg
495,Hanagami Sharaku,,鼻紙写楽,Manga,201,,2001,https://cdn.myanimelist.net/images/manga/3/174107l.jpg
496,Dokushinryou Kuushitsu Ari!,,独身寮空室あり!,Manga,199,,2001,https://cdn.myanimelist.net/images/manga/3/45567l.jpg
497,Shippo no Kimochi,,しっぽのきもち,Manga,196,,2001,https://cdn.myanimelist.net/images/manga/2/33413l.jpg
497,Shoujo Jigoku,,少女地獄,Manga,196,,2001,https://cdn.myanimelist.net/images/manga/1/114737l.jpg
499,Dandelion,,ダンデライオン,Manga,193,,2001,https://cdn.myanimelist.net/images/manga/2/35532l.jpg
500,Keimusho no Mae,,刑務所の前,Manga,192,,2001,https://cdn.myanimelist.net/images/manga/2/163405l.jpg
501,Bloody Roar: The Fang,,BLOODY ROAR ザ・ファン,Manga,191,,2001,https://cdn.myanimelist.net/images/manga/3/339554l.jpg
501,Love Sick,,love sick,Doujinshi,191,,2001,https://cdn.myanimelist.net/images/manga/3/298308l.jpg
503,Valkyrie Profile,,ヴァルキリープロファイル,Light Novel,189,,2001,https://cdn.myanimelist.net/images/manga/3/13808l.jpg
504,Wizard's Brain,,ウィザーズ・ブレイン,Light Novel,188,,2001,https://cdn.myanimelist.net/images/manga/2/116403l.jpg
505,Akari wo Kudasai,,あかりをください,Manga,185,,2001,https://cdn.myanimelist.net/images/manga/2/72275l.jpg
505,Vandread: The Second Stage,,ヴァンドレッド the second stage,Light Novel,185,,2001,https://cdn.myanimelist.net/images/manga/4/184340l.jpg
507,Words Worth,,WORDS・WORTH ワーズ・ワース,Light Novel,184,,2001,https://cdn.myanimelist.net/images/manga/2/149063l.jpg
508,Otoko no Aishikata,,オトコノアイシカタ,Manga,180,,2001,https://cdn.myanimelist.net/images/manga/1/2491l.jpg
508,Tousaka Delusion,,,Manga,180,,2001,https://cdn.myanimelist.net/images/manga/3/40746l.jpg
510,Avian Wander,,エビアンワンダー,Manga,179,,2001,https://cdn.myanimelist.net/images/manga/2/135821l.jpg
511,Junior Escort,Sweet Slave Scandal!; Junior Escort; Love Code; Crazy Star; Shining Moon,少年娼婦; 恋愛コード; クレイジースター; ギラギラの月,Manga,178,,2001,https://cdn.myanimelist.net/images/manga/3/16874l.jpg
511,Shiru wo Suu Nawa,,汁を吸う縄,Manga,178,,2001,https://cdn.myanimelist.net/images/manga/2/27851l.jpg
513,A.-D.O.G.S.,,A.-D.O.G.S.,Manga,177,,2001,https://cdn.myanimelist.net/images/manga/3/117111l.jpg
514,Lingeries,,Lingeries ランジェリーズ,Light Novel,173,,2001,https://cdn.myanimelist.net/images/manga/1/173006l.jpg
515,RenAiTan,,,Manga,171,,2001,https://cdn.myanimelist.net/images/manga/1/18353l.jpg
516,Kanata e: Tsurita Kuniko Mihappyou Sakuhinshuu,,彼方へ つりたくにこ未発表作品集,Manga,169,,2001,https://cdn.myanimelist.net/images/manga/2/253717l.jpg
517,Ekisu,,エキス,Manga,166,,2001,https://cdn.myanimelist.net/images/manga/2/20540l.jpg
517,Tenshi Shukushi,,天使祝詞,Manga,166,,2001,https://cdn.myanimelist.net/images/manga/3/192566l.jpg
517,Toudai Juken Senmonryou: Ah Tsubamesou,,東大受験専門寮 ああつばめ荘,Manga,166,,2001,https://cdn.myanimelist.net/images/manga/4/38098l.jpg
520,Meitantei Shiro Series,,迷探偵史郎シリーズ,Manga,165,,2001,https://cdn.myanimelist.net/images/manga/1/4981l.jpg
521,Otu,,乙,Manga,163,,2001,https://cdn.myanimelist.net/images/manga/3/110035l.jpg
521,Tsukiyogarasu Zoushi,,月夜烏草紙,Manga,163,,2001,https://cdn.myanimelist.net/images/manga/1/114767l.jpg
523,J. Boy,,J.boy,Manga,162,,2001,https://cdn.myanimelist.net/images/manga/1/228827l.jpg
524,Biscuit,Biscuit,,Manhwa,160,,2001,https://cdn.myanimelist.net/images/manga/1/25095l.jpg
525,Flash! Kimengumi,,フラッシュ!奇面組,Manga,157,,2001,https://cdn.myanimelist.net/images/manga/2/127365l.jpg
526,Boku no Isshou wa Gegege no Rakuen da: Manga Mizuki Shigeru Jijoden,,ボクの一生はゲゲゲの楽園だ マンガ水木しげる自叙伝,Manga,156,,2001,https://cdn.myanimelist.net/images/manga/3/228975l.jpg
526,Drop of Alchemy,,アルケミラの雫,Manga,156,,2001,https://cdn.myanimelist.net/images/manga/1/49733l.jpg
526,Koibito no Nedan,,恋人の値段,Manga,156,,2001,https://cdn.myanimelist.net/images/manga/1/20656l.jpg
529,Getsuyoubi no Yakusoku,,月曜日の約束,Manga,154,,2001,https://cdn.myanimelist.net/images/manga/2/177229l.jpg
530,Aero,,Aero エアロ,Manga,153,,2001,https://cdn.myanimelist.net/images/manga/1/109611l.jpg
531,Police Station: Rashoumon,,PS -羅生門-,Manga,152,,2001,https://cdn.myanimelist.net/images/manga/1/159861l.jpg
532,Makka na Otoko no Ko,,まっかなおとこのこ。,Manga,149,,2001,https://cdn.myanimelist.net/images/manga/3/130191l.jpg
533,Kussetsu,Refrection,屈折,Manga,148,,2001,https://cdn.myanimelist.net/images/manga/1/113829l.jpg
534,Inchoukyou Maika,,淫調教マイカ,Manga,146,,2001,https://cdn.myanimelist.net/images/manga/3/94203l.jpg
535,Empire of Midnight,,真夜中の帝国,Manga,145,,2001,https://cdn.myanimelist.net/images/manga/2/36598l.jpg
535,Hataraku Kappa,,はたらくカッパ,Manga,145,,2001,https://cdn.myanimelist.net/images/manga/3/256720l.jpg
535,Kuro Otoko,,黒男,Manga,145,,2001,https://cdn.myanimelist.net/images/manga/3/10628l.jpg
538,Starship Operators,,スターシップ・オペレーターズ,Light Novel,144,,2001,https://cdn.myanimelist.net/images/manga/3/171821l.jpg
539,Eien no Tameiki,You Make Me Always Attach a Sigh,永遠のため息,Manga,143,,2001,https://cdn.myanimelist.net/images/manga/1/20220l.jpg
539,ZOIDS: Wakusei Zi,,ZOIDS惑星Zi,Manga,143,,2001,https://cdn.myanimelist.net/images/manga/2/288905l.jpg
541,Double Casting,,더블 캐스팅,Manhwa,142,,2001,https://cdn.myanimelist.net/images/manga/2/204815l.jpg
541,Good Fellow,,좋은 사람,Manhwa,142,,2001,https://cdn.myanimelist.net/images/manga/1/23039l.jpg
541,Present,,プレセント,Manga,142,,2001,https://cdn.myanimelist.net/images/manga/3/112153l.jpg
544,Dame tte Itta no ni,,ダメって言ったのに,Manga,141,,2001,https://cdn.myanimelist.net/images/manga/3/49871l.jpg
544,Initial D Bangai-hen: Tabidachi no Green,The Extra Story of Initial D: Green Departure,『頭文字D』番外編 旅立ちのグリーン,Manga,141,,2001,https://cdn.myanimelist.net/images/manga/3/319222l.jpg
546,My Sassy Girl,My Sassy Girl,엽기적인 그녀,Manhwa,140,,2001,https://cdn.myanimelist.net/images/manga/2/1806l.jpg
547,Mitsuko,,満子,Manga,139,,2001,https://cdn.myanimelist.net/images/manga/3/348732l.jpg
547,One-Way Ticket of Love,,恋の片道切符,Manga,139,,2001,https://cdn.myanimelist.net/images/manga/3/2688l.jpg
549,Dokidoki Inkou Chuubou,,ドキドキ淫行厨房,Manga,135,,2001,https://cdn.myanimelist.net/images/manga/2/109405l.jpg
549,Nichiro Sensou Monogatari,,日露戦争物語,Manga,135,,2001,https://cdn.myanimelist.net/images/manga/2/174338l.jpg
549,Otoutotachi no Tsuiseki Jijou,Brothers Chasing Situation,弟達の追跡事情,Manga,135,,2001,https://cdn.myanimelist.net/images/manga/3/25316l.jpg
552,Eromon,,えろもん,Manga,133,,2001,https://cdn.myanimelist.net/images/manga/3/46543l.jpg
552,Welcome To The Dark Side,,ダークサイド,Manga,133,,2001,https://cdn.myanimelist.net/images/manga/1/28295l.jpg
554,Super Beautiful Dreamers,,スーパービューティフルドリーマーズ; 美梦成真,Manga,132,,2001,https://cdn.myanimelist.net/images/manga/2/16553l.jpg
554,Tamahagane,,魂鋼,Manga,132,,2001,https://cdn.myanimelist.net/images/manga/3/196754l.jpg
556,Beast and Harrian,The Beast and Hereuhen,야수와 헤르헨,Manhwa,130,,2001,https://cdn.myanimelist.net/images/manga/3/28738l.jpg
556,Musume. Monogatari,,娘。物語,Manga,130,,2001,https://cdn.myanimelist.net/images/manga/3/252507l.jpg
558,Fumetsu No Hana,,不滅の花,Manga,129,,2001,https://cdn.myanimelist.net/images/manga/3/83559l.jpg
559,Pandora,,Pandora-パンドラ-,Manga,128,,2001,https://cdn.myanimelist.net/images/manga/3/27208l.jpg
560,Tokubetsu Jugyou,,特別授業,Light Novel,127,,2001,https://cdn.myanimelist.net/images/manga/2/166383l.jpg
561,QUIETUS,,QUIETUS,Manga,126,,2001,https://cdn.myanimelist.net/images/manga/2/35431l.jpg
561,Shippuu Jinrai,,疾風迅雷,Manga,126,,2001,https://cdn.myanimelist.net/images/manga/1/227907l.jpg
563,Boseiyoku,,母性欲,Manga,125,,2001,https://cdn.myanimelist.net/images/manga/1/161239l.jpg
563,King,,KING,Manga,125,,2001,https://cdn.myanimelist.net/images/manga/3/287989l.jpg
563,Mesu Haha,,牝母,Manga,125,,2001,https://cdn.myanimelist.net/images/manga/1/129287l.jpg
563,Milk Shake!,,みるくＳＨＡＫＥ！,Manga,125,,2001,https://cdn.myanimelist.net/images/manga/2/78735l.jpg
567,Gadirok,Gadirok: Requiem Chorus,가디록,Manhwa,124,,2001,https://cdn.myanimelist.net/images/manga/2/16911l.jpg
567,Koutetsu no Shoujo-tachi,,鋼鉄の少女たち,Manga,124,,2001,https://cdn.myanimelist.net/images/manga/1/193973l.jpg
569,Hard Shop,,ハードショップ -HARD SHOP-,Manga,122,,2001,https://cdn.myanimelist.net/images/manga/2/100883l.jpg
569,Lunashaft,,未完兵装ルナシャフト,Manga,122,,2001,https://cdn.myanimelist.net/images/manga/3/12904l.jpg
571,Minori no Hibi,,みのりの日々,Manga,119,,2001,https://cdn.myanimelist.net/images/manga/3/21791l.jpg
572,Double Essence,,ダブルエッセンス,Manga,116,,2001,https://cdn.myanimelist.net/images/manga/2/117597l.jpg
572,Idol Chijoku Kyoushitsu,Idle disgrace classroom,アイドル恥辱教室,Manga,116,,2001,https://cdn.myanimelist.net/images/manga/3/170784l.jpg
572,Inochi+Kurenai,,命+紅,Manga,116,,2001,https://cdn.myanimelist.net/images/manga/3/191012l.jpg
572,Postal Work,,ぽすたるWORK,Manga,116,,2001,https://cdn.myanimelist.net/images/manga/2/85337l.jpg
576,Barbarossa Sakusen,,バルバロッサ作戦,Manga,115,,2001,https://cdn.myanimelist.net/images/manga/5/132033l.jpg
577,Horizon,,HORIZON ホライゾン,Manga,114,,2001,https://cdn.myanimelist.net/images/manga/1/152326l.jpg
577,Hot Shot,,HOT SHOT ホットショット,Manga,114,,2001,https://cdn.myanimelist.net/images/manga/2/152391l.jpg
577,ShibaO,,柴王,Manga,114,,2001,https://cdn.myanimelist.net/images/manga/3/274598l.jpg
580,Babe-G,Babe-G,ベイビーＧ,Manga,113,,2001,https://cdn.myanimelist.net/images/manga/2/42657l.jpg
580,Chicken Party,,チキンパーティー,Manga,113,,2001,https://cdn.myanimelist.net/images/manga/3/201586l.jpg
580,Lunar Cat,Lunar Cat,猫の降る街,Manga,113,,2001,https://cdn.myanimelist.net/images/manga/3/6175l.jpg
583,Seiai no Susume,,性愛のススメ,Manga,110,,2001,https://cdn.myanimelist.net/images/manga/1/323060l.jpg
584,Dareka no Onna,,誰かの愛人,Manga,109,,2001,https://cdn.myanimelist.net/images/manga/3/36689l.jpg
584,Eden no Sakura,,エデンの桜,Manga,109,,2001,https://cdn.myanimelist.net/images/manga/1/14051l.jpg
584,Houjuu Onshitsu: The Garden of Sweet,,包柔温室 The Garden of Sweet,Manga,109,,2001,https://cdn.myanimelist.net/images/manga/1/116511l.jpg
584,Yami ni Naku Oni,,獣闇に哭く鬼,Manga,109,,2001,https://cdn.myanimelist.net/images/manga/2/2901l.jpg
588,Gakuen: Chijoku no Zushiki,,学園～恥辱の図式～,Light Novel,108,,2001,https://cdn.myanimelist.net/images/manga/1/166396l.jpg
588,Suika,,水夏~SUIKA~,Light Novel,108,,2001,https://cdn.myanimelist.net/images/manga/1/173188l.jpg
590,Meikyuu Gakuen,,迷宮学園,Manga,107,,2001,https://cdn.myanimelist.net/images/manga/1/69259l.jpg
590,Yuuki wo Dashite Hajhimete no...,,勇気を出してはぢめての・・・,Manga,107,,2001,https://cdn.myanimelist.net/images/manga/2/75965l.jpg
592,Kazoku no Sorekara,,家族のそれから,Manga,105,,2001,https://cdn.myanimelist.net/images/manga/3/137529l.jpg
592,Korashime,,懲らしめ,Light Novel,105,,2001,https://cdn.myanimelist.net/images/manga/2/166072l.jpg
594,Cosplay♥Doll,,コスプレ♥ドール,Manga,104,,2001,https://cdn.myanimelist.net/images/manga/3/207694l.jpg
594,Shounen Venus,Boy Venus,少年ヴィーナス,Manga,104,,2001,https://cdn.myanimelist.net/images/manga/3/12972l.jpg
596,Iyarashii Yume,,いやらしい夢,Manga,103,,2001,https://cdn.myanimelist.net/images/manga/2/115531l.jpg
596,Kaze no Tachibana,The Draft of Citrus,旋風の橘,Manga,103,,2001,https://cdn.myanimelist.net/images/manga/2/186256l.jpg
596,Muteki no Wing!,Invincible Wing!,無敵のWING!,Manga,103,,2001,https://cdn.myanimelist.net/images/manga/2/15208l.jpg
599,Futanari Yesterday,Tinco Yesterday,ふたなりイエスタディ,Manga,102,,2001,https://cdn.myanimelist.net/images/manga/2/240585l.jpg
599,Koi ja Nai Kamo Ai ja Nai Kamo,It May Not Be Love,恋じゃないかも愛じゃないかも,Manga,102,,2001,https://cdn.myanimelist.net/images/manga/1/79489l.jpg
599,Odoro: Youko to Tanonaka no Hyakkikou Jikenbo,,おどろ 〜陽子と田ノ中の百鬼行事件簿〜,Manga,102,,2001,https://cdn.myanimelist.net/images/manga/2/164317l.jpg
599,Reo!,Double Personality Detective & A Beauty,零王!,Manga,102,,2001,https://cdn.myanimelist.net/images/manga/1/191913l.jpg
603,Iro Hada,,色肌,One-shot,101,,2001,https://cdn.myanimelist.net/images/manga/3/83136l.jpg
603,Kuroneko no Sankaku,,黒猫の三角,Manga,101,,2001,https://cdn.myanimelist.net/images/manga/1/81436l.jpg
605,Tsumi to Batsu: Hoshi no Keishousha,,罪と罰 ～地球の継承者～,Manga,100,,2001,https://cdn.myanimelist.net/images/manga/1/62453l.jpg
606,Koukin Shoujo,,拘禁少女,Doujinshi,99,,2001,https://cdn.myanimelist.net/images/manga/1/132239l.jpg
607,A-kun (17) no Sensou,,A君(17)の戦争,Light Novel,98,,2001,https://cdn.myanimelist.net/images/manga/2/120765l.jpg
607,Pilgrim Memory,,pilgrim memory,Manga,98,,2001,https://cdn.myanimelist.net/images/manga/1/105259l.jpg
607,Planet Guardian,,プラネットガーディアン,Manga,98,,2001,https://cdn.myanimelist.net/images/manga/1/174634l.jpg
607,Shoujo Izonshou,,少女依存症,Manga,98,,2001,https://cdn.myanimelist.net/images/manga/2/171510l.jpg
611,Dandy:Lion dj - Unlimited,,DANDYLION unlimited,Doujinshi,96,,2001,https://cdn.myanimelist.net/images/manga/3/180906l.jpg
611,Doukyonin,,同居人,Manga,96,,2001,https://cdn.myanimelist.net/images/manga/3/31705l.jpg
611,Haitoku no Shojo,,背徳の処女,Manga,96,,2001,https://cdn.myanimelist.net/images/manga/2/113287l.jpg
611,mf: Mezzo Forte,,mf メゾフォルテ,Manga,96,,2001,https://cdn.myanimelist.net/images/manga/2/130277l.jpg
615,Ecchi na Bunny-san wa Kirai?,You must like a horny bunny?,エッチなバニーさんは嫌い？,Light Novel,94,,2001,https://cdn.myanimelist.net/images/manga/2/174669l.jpg
616,Complete Complex,Complete Complex,,Manga,93,,2001,https://cdn.myanimelist.net/images/manga/3/23594l.jpg
616,"Momiji: ""Watashi... Ningyou ja Arimasen...""",,もみじ 「ワタシ…人形じゃありません…」,Light Novel,93,,2001,https://cdn.myanimelist.net/images/manga/2/173187l.jpg
618,Magician²,,魔術師² [マジシャンスクエア],Manga,92,,2001,https://cdn.myanimelist.net/images/manga/2/189478l.jpg
618,Newaza Ippon♥,,寝技イッポン♥,Manga,92,,2001,https://cdn.myanimelist.net/images/manga/3/160723l.jpg
620,Kimi no Koto Bakari,,君のことばかり,Manga,91,,2001,https://cdn.myanimelist.net/images/manga/2/65135l.jpg
620,Seishokusha.,,性職者。,Manga,91,,2001,https://cdn.myanimelist.net/images/manga/1/166045l.jpg
622,Teito Onna Kisha Den - Sharaku,,帝都女記者伝 写・らく,Manga,90,,2001,https://cdn.myanimelist.net/images/manga/2/11924l.jpg
623,Honey Rose,,Honey Rose,Manga,89,,2001,https://cdn.myanimelist.net/images/manga/1/180783l.jpg
623,Naisho x Boy,Secret x Boy,ナイショ×ボーイ,Manga,89,,2001,https://cdn.myanimelist.net/images/manga/3/7171l.jpg
623,Step x Step!!,,,Manga,89,,2001,https://cdn.myanimelist.net/images/manga/2/35984l.jpg
623,Yuki no Iro,,ゆきのいろ,Manga,89,,2001,https://cdn.myanimelist.net/images/manga/1/235304l.jpg
627,Angel Mark,,エンゼルマーク,Manga,88,,2001,https://cdn.myanimelist.net/images/manga/1/37578l.jpg
627,Box,,,Doujinshi,88,,2001,https://cdn.myanimelist.net/images/manga/2/25629l.jpg
627,Dr. Rian ga Mite Ageru,,Ｄｒ．リアンが診てあげる,Manga,88,,2001,https://cdn.myanimelist.net/images/manga/1/24819l.jpg
627,Hitozuma Moyou,,人妻模様,Manga,88,,2001,https://cdn.myanimelist.net/images/manga/2/97031l.jpg
627,Shin Kyonyuu Kazoku,,新･巨乳家族,Manga,88,,2001,https://cdn.myanimelist.net/images/manga/1/52409l.jpg
627,Tonari wa Scramble,,隣はSCRAMBLE,Manga,88,,2001,https://cdn.myanimelist.net/images/manga/3/44753l.jpg
633,Arashi Mitai Na,,嵐みたいな,One-shot,87,,2001,https://cdn.myanimelist.net/images/manga/3/45345l.jpg
633,Honey Taste Devil,,甜蜜的悪魔印記,Manga,87,,2001,https://cdn.myanimelist.net/images/manga/2/16802l.jpg
633,Katakoi Paradise dj - Katakoi Para Paradise,,片恋 Para Paradise,Doujinshi,87,,2001,https://cdn.myanimelist.net/images/manga/1/46373l.jpg
633,Volcano High Prelude,Volcano High Prelude,화산고 Pre Story,Manhwa,87,,2001,https://cdn.myanimelist.net/images/manga/1/98983l.jpg
637,Artifact;Red,Artifact;Red,アーティファクト・レッド,Manga,86,,2001,https://cdn.myanimelist.net/images/manga/3/341287l.jpg
637,Mujihi na JouJou wa Yoru ni Sasayaku,,無慈悲な女王は夜に囁く,Manga,86,,2001,https://cdn.myanimelist.net/images/manga/3/79739l.jpg
637,Southern Cross,,サザンクロス,Manga,86,,2001,https://cdn.myanimelist.net/images/manga/2/79579l.jpg
637,Strega!,,STREGA!,Manga,86,,2001,https://cdn.myanimelist.net/images/manga/1/120175l.jpg
641,Abracadabra,Abracadabra,アブラカダブラ,Manga,85,,2001,https://cdn.myanimelist.net/images/manga/1/41973l.jpg
641,Happy Seven,,はっぴぃセブン,Light Novel,85,,2001,https://cdn.myanimelist.net/images/manga/1/27431l.jpg
641,Psycho Law,,PSYCHO LAW,Manga,85,,2001,https://cdn.myanimelist.net/images/manga/1/29350l.jpg
641,Shell,,shell,Manga,85,,2001,https://cdn.myanimelist.net/images/manga/1/164517l.jpg
645,Bloodlink Series,,BLOODLINKシリーズ,Light Novel,84,,2001,https://cdn.myanimelist.net/images/manga/2/133297l.jpg
645,Ecchi Battle!,Ecchi Battle!,えっちバトル!,Manga,84,,2001,https://cdn.myanimelist.net/images/manga/2/13522l.jpg
645,"Kidou Senshi Z Gundam Four Story: Soshite, Senshi ni...",,機動戦士Zガンダムフォウ・ストーリー: そして、戦士に...,Light Novel,84,,2001,https://cdn.myanimelist.net/images/manga/3/289413l.jpg
645,Moh-Soh soldier Yamamoto,,妄想戦士ヤマモト,Manga,84,,2001,https://cdn.myanimelist.net/images/manga/4/69555l.jpg
645,Onna Kankin Juurin,,女監禁蹂躙,Manga,84,,2001,https://cdn.myanimelist.net/images/manga/1/137089l.jpg
645,Rising-san,,ライジング・サン,Manga,84,,2001,https://cdn.myanimelist.net/images/manga/3/114917l.jpg
645,Shoujo no Kisetsu,,少女の季節,Manga,84,,2001,https://cdn.myanimelist.net/images/manga/1/150086l.jpg
652,Honey Life,,HONEY LIFE,Manga,83,,2001,https://cdn.myanimelist.net/images/manga/3/35926l.jpg
652,Mizuiro,,みずいろ,Light Novel,83,,2001,https://cdn.myanimelist.net/images/manga/3/172788l.jpg
652,Zenshin Nenmaku Shoujo,The Whole Body Mucous Membrane Girl,全身粘膜少女,Manga,83,,2001,https://cdn.myanimelist.net/images/manga/1/143015l.jpg
655,Crimson Heart,,クリムゾンハート,Manga,82,,2001,https://cdn.myanimelist.net/images/manga/1/32865l.jpg
655,Mayu Material,,まゆマテリアル,Manga,82,,2001,https://cdn.myanimelist.net/images/manga/1/110313l.jpg
655,Topaz,,トパーズ,Manga,82,,2001,https://cdn.myanimelist.net/images/manga/2/38099l.jpg
658,Denen Shounen,Country Boy,田園少年,Manga,81,,2001,https://cdn.myanimelist.net/images/manga/3/79449l.jpg
658,Okawari Hanzou,,おかわり飯蔵,Manga,81,,2001,https://cdn.myanimelist.net/images/manga/3/67165l.jpg
658,"Rock, Money & Education",,"Rock, Money & Education",Manga,81,,2001,https://cdn.myanimelist.net/images/manga/3/196759l.jpg
658,Touhou Witchcraft,,東方ウィッチクラフト,Light Novel,81,,2001,https://cdn.myanimelist.net/images/manga/1/138743l.jpg
662,Shokuzai no Kyoushitsu: Bad End,,贖罪の教室 BADEND,Light Novel,80,,2001,https://cdn.myanimelist.net/images/manga/3/174063l.jpg
662,Tokyo Nanpa Street,,東京ナンパすとりーと,Manga,80,,2001,https://cdn.myanimelist.net/images/manga/3/158909l.jpg
664,Access-B,Access-B,,Manga,79,,2001,https://cdn.myanimelist.net/images/manga/1/35262l.jpg
664,Jukai Shounen ZOO1,,樹海少年ZOO1〈ずーいち〉,Manga,79,,2001,https://cdn.myanimelist.net/images/manga/2/104253l.jpg
664,Millefeuille,,,One-shot,79,,2001,https://cdn.myanimelist.net/images/manga/2/246045l.jpg
664,Shimaizuma,,姉妹妻,Light Novel,79,,2001,https://cdn.myanimelist.net/images/manga/3/168182l.jpg
668,Kyouiku Shidou♥Kisaragi-sensei,,教育指導♥如月先生,Manga,78,,2001,https://cdn.myanimelist.net/images/manga/3/160349l.jpg
669,Blue Gale,,ブルーゲイル 伊藤明弘版権物作品集,Manga,77,,2001,https://cdn.myanimelist.net/images/manga/1/119449l.jpg
669,Hajimete no Chikan Densha,,はじめての痴漢電車,Manga,77,,2001,https://cdn.myanimelist.net/images/manga/1/6237l.jpg
669,Hankouki,,半恋期,Manga,77,,2001,https://cdn.myanimelist.net/images/manga/3/46743l.jpg
669,Oishii Reikon no Tabekata,,おいしい霊魂の食べ方,Manga,77,,2001,https://cdn.myanimelist.net/images/manga/1/17617l.jpg
669,Saiai Shoujo,,最愛少女,Manga,77,,2001,https://cdn.myanimelist.net/images/manga/1/110755l.jpg
674,Kinjirareta Asobi,,禁じられた遊び,Manga,76,,2001,https://cdn.myanimelist.net/images/manga/2/99959l.jpg
674,Manga Sekuhara Senmon Gakkou,,漫画セクハラ専門学校,Manga,76,,2001,https://cdn.myanimelist.net/images/manga/1/165203l.jpg
674,Uragawa no Kimi,Another Side of You,裏側の君,One-shot,76,,2001,https://cdn.myanimelist.net/images/manga/1/240286l.jpg
677,Concerto.,,CONCERTO. ~コンチェルト~,Light Novel,75,,2001,https://cdn.myanimelist.net/images/manga/1/134561l.jpg
677,Doriru,,どりる,Manga,75,,2001,https://cdn.myanimelist.net/images/manga/2/196504l.jpg
677,Kareshi Irimasen ka?,,彼氏いりませんか?,Manga,75,,2001,https://cdn.myanimelist.net/images/manga/3/5922l.jpg
677,Midara na Shimai,Lascivious Sister,淫らな姉妹,Manga,75,,2001,https://cdn.myanimelist.net/images/manga/2/182003l.jpg
677,Shoujo Mangaka no Koi,,少女漫画家の恋,Manga,75,,2001,https://cdn.myanimelist.net/images/manga/2/230141l.jpg
682,Ohana no Ouji-sama,,お花の王子さま,Manga,74,,2001,https://cdn.myanimelist.net/images/manga/2/7190l.jpg
682,Shichou Tooyama Kyouka,Mayor Kyouka Tooyama,市長遠山京香,Manga,74,,2001,https://cdn.myanimelist.net/images/manga/1/24961l.jpg
682,Shin Smile,,新SMILE,Manga,74,,2001,https://cdn.myanimelist.net/images/manga/2/93725l.jpg
685,Hoshizora☆Planet,,星空☆ぷらねっと,Light Novel,73,,2001,https://cdn.myanimelist.net/images/manga/3/173291l.jpg
685,Itokanashi Kimi,,いと愛し君,Manga,73,,2001,https://cdn.myanimelist.net/images/manga/1/325021l.jpg
687,Natural 2 Duo: Oniichan to no Kizuna,,ナチュラル2DUO お兄ちゃんとの絆,Light Novel,72,,2001,https://cdn.myanimelist.net/images/manga/3/173519l.jpg
687,Private Fetishism,,プライベートフェティシズム,Manga,72,,2001,https://cdn.myanimelist.net/images/manga/2/206037l.jpg
689,Dorei Ichiba,,奴隷市場,Light Novel,71,,2001,https://cdn.myanimelist.net/images/manga/2/174067l.jpg
689,Kimi wo Dakishimeru Ryouude,,君を抱締める両腕,Manga,71,,2001,https://cdn.myanimelist.net/images/manga/1/30707l.jpg
689,Majokko Mama,,魔女っ娘ママ,Manga,71,,2001,https://cdn.myanimelist.net/images/manga/3/230267l.jpg
689,Nijiiro Ramen,,虹色ラーメン,Manga,71,,2001,https://cdn.myanimelist.net/images/manga/1/42796l.jpg
689,Sabaku-teki Netsuai Jijou,,砂漠的熱愛事情,Manga,71,,2001,https://cdn.myanimelist.net/images/manga/2/19865l.jpg
689,Sargasso: The Unknown Space,,宇宙賃貸サルガッ荘,Manga,71,,2001,https://cdn.myanimelist.net/images/manga/1/33971l.jpg
689,Shirukko,,しるッ娘,Manga,71,,2001,https://cdn.myanimelist.net/images/manga/3/46845l.jpg
696,Erodelic Tengoku,,エロデリック帝国,Manga,70,,2001,https://cdn.myanimelist.net/images/manga/3/110753l.jpg
696,Mr. Boy,,Mr.ボーイ,Manga,70,,2001,https://cdn.myanimelist.net/images/manga/1/241375l.jpg
698,Battle of Darkness: Ikusa Miko Kyoukan,,バトルオブダークネス 戦巫女狂姦,Light Novel,69,,2001,https://cdn.myanimelist.net/images/manga/1/167907l.jpg
698,Naniwadora Ihon,,難波鉦異本,Manga,69,,2001,https://cdn.myanimelist.net/images/manga/3/257827l.jpg
698,Nibiiro Genshikou,,鈍色幻視行,Manga,69,,2001,https://cdn.myanimelist.net/images/manga/1/51971l.jpg
698,Puri Puri Mermaid,,PURIPURIまーめいど,Manga,69,,2001,https://cdn.myanimelist.net/images/manga/3/58461l.jpg
702,Hoshi no Saku Toki,,五芒星の咲く季節,Manga,68,,2001,https://cdn.myanimelist.net/images/manga/2/17564l.jpg
702,Sasoikao: Pheromone,,誘香～フェロモン～,Manga,68,,2001,https://cdn.myanimelist.net/images/manga/1/94045l.jpg
702,Tenshou Yaoyorozu,,天正やおよろず,Manga,68,,2001,https://cdn.myanimelist.net/images/manga/2/112627l.jpg
705,Atashi wo Mitsukete,,あたしをみつけて,Manga,67,,2001,https://cdn.myanimelist.net/images/manga/2/46211l.jpg
705,Kango Shichau zo,,看護しちゃうぞ,Light Novel,67,,2001,https://cdn.myanimelist.net/images/manga/3/168174l.jpg
705,Kimi to Kare to Watashi,,君と彼と私,Manga,67,,2001,https://cdn.myanimelist.net/images/manga/2/30706l.jpg
705,Mini Chichi Moe,,ミニチチ萌え,Manga,67,,2001,https://cdn.myanimelist.net/images/manga/3/156216l.jpg
709,Love Berry Raspberry,,ラブベリーラズベリー,Manga,66,,2001,https://cdn.myanimelist.net/images/manga/3/16577l.jpg
709,Onedari♪Seifuku Shoujo.,,おねだり♪制服少女。,Manga,66,,2001,https://cdn.myanimelist.net/images/manga/1/156249l.jpg
709,Senryaku Kyoten 32098 Rakuen,,戦略拠点32098 楽園,Light Novel,66,,2001,https://cdn.myanimelist.net/images/manga/2/162862l.jpg
709,SpellBound: The Magic of Love,SpellBound: The Magic of Love,,Manga,66,,2001,https://cdn.myanimelist.net/images/manga/1/30939l.jpg
713,Ouji-sama Lv1,Ouji-sama Level One,王子さまLv1,Light Novel,65,,2001,https://cdn.myanimelist.net/images/manga/1/164841l.jpg
713,Shousetsu Digimon Adventure,,小説 デジモンアドベンチャー,Light Novel,65,,2001,https://cdn.myanimelist.net/images/manga/2/328014l.jpg
715,Down Town Pops,,ダウン・タウン・POPS,Manga,64,,2001,https://cdn.myanimelist.net/images/manga/3/37458l.jpg
715,Kimusume Nakadashi Gakuen,,生娘中出し学園,Manga,64,,2001,https://cdn.myanimelist.net/images/manga/2/179404l.jpg
715,Kono Neko no Ouchi wa Doko desu ka,,この猫のおうちはどこですか,Manga,64,,2001,https://cdn.myanimelist.net/images/manga/3/15261l.jpg
715,Yokohata Koukou Ouendan Kanzakigumi,,横幡高校応援団 神咲組,Manga,64,,2001,https://cdn.myanimelist.net/images/manga/3/179573l.jpg
719,Binetsu,Fever,微熱 BI・NE・TU,Manga,63,,2001,https://cdn.myanimelist.net/images/manga/2/79151l.jpg
719,Gururi,,ぐるり 四神退魔,Manga,63,,2001,https://cdn.myanimelist.net/images/manga/3/38114l.jpg
719,Kenzan: Hirata Hiroshi Kessakushuu,,剣山 平田弘史傑作集,Manga,63,,2001,https://cdn.myanimelist.net/images/manga/3/233638l.jpg
722,Aruaru! Mukyou Gakuen,,あるある！夢境学園,Light Novel,62,,2001,https://cdn.myanimelist.net/images/manga/2/98697l.jpg
722,Charisma Mama,,カリスマママ,Manga,62,,2001,https://cdn.myanimelist.net/images/manga/1/182013l.jpg
722,Himitsu no Summer Kiss,,秘密のSummer Kiss,Manga,62,,2001,https://cdn.myanimelist.net/images/manga/3/8572l.jpg
722,Red Shisa,,レッドシーサー,Manga,62,,2001,https://cdn.myanimelist.net/images/manga/2/266295l.jpg
722,Shinjitsu no Hokan,,真実の補完,Manga,62,,2001,https://cdn.myanimelist.net/images/manga/2/68751l.jpg
722,Tokyo Kazoku,,東京家族,Manga,62,,2001,https://cdn.myanimelist.net/images/manga/3/181491l.jpg
728,Ai no Labyrinth,,愛の迷路(ラビリンス),Manga,61,,2001,https://cdn.myanimelist.net/images/manga/1/127105l.jpg
728,Chou Denji Taisen Victory Five,,超電磁大戦ビクトリーファイブ,Manga,61,,2001,https://cdn.myanimelist.net/images/manga/2/207669l.jpg
728,DJ Master,DJ Master,DJマスター,Manga,61,,2001,https://cdn.myanimelist.net/images/manga/3/14991l.jpg
728,Sensei 2,,せ・ん・せ・い2,Light Novel,61,,2001,https://cdn.myanimelist.net/images/manga/1/174168l.jpg
728,Tao no Green,,タオの緑【グリーン】,Manga,61,,2001,https://cdn.myanimelist.net/images/manga/1/29863l.jpg
728,Violence☆Magical!,,ばいおれんす☆まじかる!,Light Novel,61,,2001,https://cdn.myanimelist.net/images/manga/2/162868l.jpg
734,Beyblade Taisen: Seiryuuden,,ベイブレード大戦 聖龍伝,Manga,60,,2001,https://cdn.myanimelist.net/images/manga/1/288837l.jpg
734,Eien no Labyrinth,Eternal Labyrinth,永遠のラビリンス,Manga,60,,2001,https://cdn.myanimelist.net/images/manga/1/7172l.jpg
734,P.D. Agency no Hokokusho,,P．D．エージェンシーの報告書,Manga,60,,2001,https://cdn.myanimelist.net/images/manga/2/44369l.jpg
734,Papaya,,파파야,Manhwa,60,,2001,https://cdn.myanimelist.net/images/manga/2/155644l.jpg
734,Parasite Moon,,パラサイトムーン,Light Novel,60,,2001,https://cdn.myanimelist.net/images/manga/1/164261l.jpg
734,Tsubaki-iro no Purijioone,,椿色のプリジオーネ,Light Novel,60,,2001,https://cdn.myanimelist.net/images/manga/1/173597l.jpg
740,Giniro,,銀色,Light Novel,59,,2001,https://cdn.myanimelist.net/images/manga/1/172781l.jpg
740,Kotae wa 3-tsu,What's the Answer?,答えは3つ,Manga,59,,2001,https://cdn.myanimelist.net/images/manga/3/252418l.jpg
740,Pink Video Letter,,ピンク ビデオ レター,Manga,59,,2001,https://cdn.myanimelist.net/images/manga/2/161709l.jpg
743,Hell and Heaven,,へる あんど へぶん,Light Novel,58,,2001,https://cdn.myanimelist.net/images/manga/2/167909l.jpg
743,Kanna-saan!,,カンナさーん！,Manga,58,,2001,https://cdn.myanimelist.net/images/manga/1/196003l.jpg
743,Momose Ayano wa Rental-chuu!,,,Manga,58,,2001,https://cdn.myanimelist.net/images/manga/3/38313l.jpg
746,Asobi no Jikan wa Oshimai da,,遊びの時間はおしまいだ,Manga,57,,2001,https://cdn.myanimelist.net/images/manga/3/91745l.jpg
746,Ayatsuri no Kyoushitsu,,傀儡の教室,Light Novel,57,,2001,https://cdn.myanimelist.net/images/manga/3/173891l.jpg
746,Enjuu,,艶汁,Manga,57,,2001,https://cdn.myanimelist.net/images/manga/3/149795l.jpg
746,Pyon,,ぴょん,Manga,57,,2001,https://cdn.myanimelist.net/images/manga/1/194274l.jpg
746,Tsuno-byou,,ツノ病,Manga,57,,2001,https://cdn.myanimelist.net/images/manga/1/233440l.jpg
746,Yomoyama Byouin e Douzo,,よもやま病院へどーぞ！,Manga,57,,2001,https://cdn.myanimelist.net/images/manga/1/32607l.jpg
746,Yukinko!!,,雪ん子！！,Manga,57,,2001,https://cdn.myanimelist.net/images/manga/1/36422l.jpg
753,Bannou Kagaku Hengeibu!,All-Purpose Chemistry Club!,万能化学変芸部!,Manga,56,,2001,https://cdn.myanimelist.net/images/manga/2/79361l.jpg
753,Dear,,DEAR,Light Novel,56,,2001,https://cdn.myanimelist.net/images/manga/3/162506l.jpg
753,Deep Cure: Joi to Shounen-tachi no Kyouen,,ディープキュア 女医と少年たちの狂宴,Light Novel,56,,2001,https://cdn.myanimelist.net/images/manga/2/167981l.jpg
753,Goku☆Raku Rockin' Girl,,極☆RAKU ロックンガール,Manga,56,,2001,https://cdn.myanimelist.net/images/manga/1/109903l.jpg
753,Hit Chart wo Kakenukero!,,ヒットチャートをかけぬけろ！,Manga,56,,2001,https://cdn.myanimelist.net/images/manga/3/23554l.jpg
753,I Love You,,アイ・ラブ・ユー,Manga,56,,2001,https://cdn.myanimelist.net/images/manga/1/35454l.jpg
753,Inyouden: Ryousei Guyuu no Ketsuzoku Jokyoushi Ayaka,,淫妖伝 両性具有の血族 女教師 綾香,Light Novel,56,,2001,https://cdn.myanimelist.net/images/manga/1/167919l.jpg
753,Natural Zero+: Hajimari to Owari no Basho de,,NaturalZero+ ～はじまりと終わりの場所で～,Light Novel,56,,2001,https://cdn.myanimelist.net/images/manga/2/173515l.jpg
753,Onihime,,鬼姫,Light Novel,56,,2001,https://cdn.myanimelist.net/images/manga/2/167978l.jpg
753,Ryoujoku no Kioku,,凌辱の記憶,Manga,56,,2001,https://cdn.myanimelist.net/images/manga/1/119377l.jpg
753,Sugata,,－スガタ－,Light Novel,56,,2001,https://cdn.myanimelist.net/images/manga/1/168212l.jpg
753,Time Code Plus,,タイムコードプラス,Manga,56,,2001,https://cdn.myanimelist.net/images/manga/1/35738l.jpg
765,Ai no Muchi,,愛の鞭,Manga,55,,2001,https://cdn.myanimelist.net/images/manga/3/256560l.jpg
765,Konno-san to Asobou,,紺野さんと遊ぼう,Manga,55,,2001,https://cdn.myanimelist.net/images/manga/3/127941l.jpg
765,"Zaiakukan ""Onegai... Konna Sugata Minaide""",,罪悪感 「お願い…こんな姿見ないで」,Light Novel,55,,2001,https://cdn.myanimelist.net/images/manga/3/127995l.jpg
768,Chuushaki 2,Hirasawa Hospital Story,注射器2,Light Novel,54,,2001,https://cdn.myanimelist.net/images/manga/2/174778l.jpg
768,Innai Kansen: Gozen 3-ji no Ope Room,,淫内感染 午前3時の手術室（オペルーム）,Light Novel,54,,2001,https://cdn.myanimelist.net/images/manga/2/164599l.jpg
768,Love Position,Love Position,ラヴポジション,Manga,54,,2001,https://cdn.myanimelist.net/images/manga/1/7778l.jpg
768,Negative Happy Chainsaw Edge,,ネガティブハッピー・チェーンソーエッヂ,Novel,54,,2001,https://cdn.myanimelist.net/images/manga/1/337441l.jpg
768,Tengoku ni Namida wa Iranai,,天国に涙はいらない,Light Novel,54,,2001,https://cdn.myanimelist.net/images/manga/2/162760l.jpg
768,Tottemo Pheromone,,とってもフェロモン,Light Novel,54,,2001,https://cdn.myanimelist.net/images/manga/1/173324l.jpg
774,Butouden Hikaru,,舞闘伝火華流〈ヒカル〉,Manga,53,,2001,https://cdn.myanimelist.net/images/manga/1/131443l.jpg
774,Fallen Soldier: Androgynous no Kaze,,フォーリンソルジャー アンドロギュヌスの風,Light Novel,53,,2001,https://cdn.myanimelist.net/images/manga/3/167923l.jpg
774,Fight! Makoto,,ファイト!まこと,Light Novel,53,,2001,https://cdn.myanimelist.net/images/manga/3/133449l.jpg
777,Biane Miwaku no Lingerie,,美姉・魅惑のランジェリー,Light Novel,52,,2001,https://cdn.myanimelist.net/images/manga/1/149590l.jpg
777,Colors,,Colors,Manga,52,,2001,https://cdn.myanimelist.net/images/manga/2/170730l.jpg
777,Koi wa Aserazu,,恋は焦らず,Manga,52,,2001,https://cdn.myanimelist.net/images/manga/1/16787l.jpg
777,Nandodemo 6-gatsu 13-nichi,,何度でも6月13日,One-shot,52,,2001,https://cdn.myanimelist.net/img/sp/icon/apple-touch-icon-256.png
777,Onmyou no Miyako,,陰陽ノ京,Light Novel,52,,2001,https://cdn.myanimelist.net/images/manga/2/159517l.jpg
777,Shisenyoku,,視線浴,Manga,52,,2001,https://cdn.myanimelist.net/images/manga/2/58129l.jpg
777,Spotlight: Senbou to Yokubou no Hazama,,SPOTLIGHT～羨望と欲望の狭間～,Light Novel,52,,2001,https://cdn.myanimelist.net/images/manga/2/173296l.jpg
777,Square Freeze,,スクウェアフリーズ,One-shot,52,,2001,https://cdn.myanimelist.net/img/sp/icon/apple-touch-icon-256.png
785,Blow!,,BLOW!,Manga,51,,2001,https://cdn.myanimelist.net/images/manga/1/98009l.jpg
785,Gakuen no Ori: Tennin Jokyoushi Sayuri,,学園の檻 転任女教師佐由理,Light Novel,51,,2001,https://cdn.myanimelist.net/images/manga/2/167419l.jpg
785,Intou Yuugi,,淫闘遊戯,Light Novel,51,,2001,https://cdn.myanimelist.net/images/manga/2/170373l.jpg
785,Kuroi Taiyou,,黒い太陽―かわぐちかいじ初期作品集,Manga,51,,2001,https://cdn.myanimelist.net/images/manga/1/131975l.jpg
785,Lady Midnight,Lady Midnight,レディ ミッドナイト,Manga,51,,2001,https://cdn.myanimelist.net/images/manga/3/270175l.jpg
785,Round About Midnight,,ラウンドアバウトミッドナイト,Manga,51,,2001,https://cdn.myanimelist.net/images/manga/1/32792l.jpg
785,Shotgun Deka,,ショットガン刑事,Light Novel,51,,2001,https://cdn.myanimelist.net/images/manga/1/159125l.jpg
785,Shuushuusha: Collector,,蒐集者 コレクター,Light Novel,51,,2001,https://cdn.myanimelist.net/images/manga/1/168180l.jpg
785,Six Bolts,,シックス・ボルト,Light Novel,51,,2001,https://cdn.myanimelist.net/images/manga/3/114183l.jpg
794,Hyakki Yagyou,,百姫夜行,Light Novel,50,,2001,https://cdn.myanimelist.net/images/manga/1/166938l.jpg
794,Infantaria,,Infantaria ～インファンタリア～,Light Novel,50,,2001,https://cdn.myanimelist.net/images/manga/3/173329l.jpg
794,Jinsei wa Joujou da,,人生は上々だ,Manga,50,,2001,https://cdn.myanimelist.net/images/manga/3/24529l.jpg
794,Omiai Kekkon,,お見合い結婚,Manga,50,,2001,https://cdn.myanimelist.net/images/manga/3/115399l.jpg
794,Shoujo Gahou: Nishi Iori Tanpen Sakuhinshuu,Girl Pictorial,少女画報 西安短編作品集,Manga,50,,2001,https://cdn.myanimelist.net/images/manga/1/230558l.jpg
794,Shounen yo Danshi wo Idake,Boys Embrace a Boy,少年よ男子を抱け,Manga,50,,2001,https://cdn.myanimelist.net/images/manga/2/23409l.jpg
800,Crusader,,クルセイダー,Manga,49,,2001,https://cdn.myanimelist.net/images/manga/3/38956l.jpg
800,Jblis: Hangyaku no Tenshi-tachi,Jblis rebel Angels,イブリース 反逆の天使たち,Light Novel,49,,2001,https://cdn.myanimelist.net/images/manga/1/168974l.jpg
800,Juui Dolittle,Veterinarian Dolittle,獣医ドリトル,Manga,49,,2001,https://cdn.myanimelist.net/images/manga/2/246655l.jpg
800,Kaze ni Natte Uta ni Natte,,風になって うたになって,Manga,49,,2001,https://cdn.myanimelist.net/images/manga/1/19997l.jpg
800,Koyanagi Yuki Dream Dream,,小柳ゆき ドリーム・ドリーム,Manga,49,,2001,https://cdn.myanimelist.net/images/manga/3/32066l.jpg
800,Love Love Teatime,,らぶらぶティータイム,Light Novel,49,,2001,https://cdn.myanimelist.net/images/manga/2/133401l.jpg
800,Odoriba Hotel,,踊り場ホテル,Manga,49,,2001,https://cdn.myanimelist.net/images/manga/1/57389l.jpg
800,Sinkan,,SINKAN,Manga,49,,2001,https://cdn.myanimelist.net/images/manga/1/304502l.jpg
808,Hibari Chou 1 Choume no Jijou,,雲雀町１丁目の事情,Manga,48,,2001,https://cdn.myanimelist.net/images/manga/2/77771l.jpg
808,Oshiete! Sensei,What? Sensei,教えて! 先生,Manga,48,,2001,https://cdn.myanimelist.net/images/manga/3/164065l.jpg
808,Snipe Angel: Hakai no Game,,スナイプエンジェル 破戒のゲーム,Light Novel,48,,2001,https://cdn.myanimelist.net/images/manga/2/167918l.jpg
811,Drop Kiss,Drop Kiss,ドロップキス,Manga,47,,2001,https://cdn.myanimelist.net/images/manga/1/23283l.jpg
811,Kaettekita Doranko,The Return of Doran-Cat,帰って来たどらン猫,Manga,47,,2001,https://cdn.myanimelist.net/images/manga/3/180878l.jpg
811,King,,キング,Manga,47,,2001,https://cdn.myanimelist.net/images/manga/2/19288l.jpg
811,Koi no Yokan,,恋の予感,Manga,47,,2001,https://cdn.myanimelist.net/images/manga/1/6013l.jpg
815,Barber Harbor,,バーバーハーバー,Manga,46,,2001,https://cdn.myanimelist.net/images/manga/1/195001l.jpg
815,Giocatore,,ジョカトーレ,Manga,46,,2001,https://cdn.myanimelist.net/images/manga/3/67361l.jpg
815,Heart★Drop,Heart Drop,ハート★ドロップ,Manga,46,,2001,https://cdn.myanimelist.net/images/manga/1/44835l.jpg
815,"Itsuka, Ouji-sama ga.",,いつか、王子さまが。,Manga,46,,2001,https://cdn.myanimelist.net/images/manga/3/82326l.jpg
815,Kimi wo Aisuru to Iu Koto,,君を愛するということ,Manga,46,,2001,https://cdn.myanimelist.net/images/manga/3/95431l.jpg
815,Lady Squad,,レディースクワッド,Light Novel,46,,2001,https://cdn.myanimelist.net/images/manga/2/167921l.jpg
815,Otosareshi Seigai,,堕とされし聖鎧,Light Novel,46,,2001,https://cdn.myanimelist.net/images/manga/2/170370l.jpg
815,Princess Shield,,プリンセス・シールド,Manga,46,,2001,https://cdn.myanimelist.net/images/manga/3/30374l.jpg
815,Renai Chu! Kanojo no Himitsu wa Otoko no Ko?,,恋愛CHU! 彼女の秘密はオトコのコ？,Light Novel,46,,2001,https://cdn.myanimelist.net/images/manga/2/175036l.jpg
815,Sekai de Ichiban Kawaii Pet,,世界で一番かわいいペット,Light Novel,46,,2001,https://cdn.myanimelist.net/images/manga/3/153387l.jpg
815,Tsuki to Yami no Senki,,月と闇の戦記,Light Novel,46,,2001,https://cdn.myanimelist.net/images/manga/2/161374l.jpg
826,Heiansho Aikoukai,,閉暗所愛好会,Manga,45,,2001,https://cdn.myanimelist.net/images/manga/1/274602l.jpg
826,Kore ga Koi ja Nai nante!,,これが恋じゃないなんて!,Light Novel,45,,2001,https://cdn.myanimelist.net/images/manga/2/153393l.jpg
826,Lunar Pitris,,ルナ・ピトリーズ,Manga,45,,2001,https://cdn.myanimelist.net/images/manga/1/13134l.jpg
826,Man Eater,,マンイーター,Light Novel,45,,2001,https://cdn.myanimelist.net/images/manga/3/158520l.jpg
826,Shin Fortune Quest Gaiden,,新フォーチュン・クエスト外伝,Light Novel,45,,2001,https://cdn.myanimelist.net/images/manga/3/164643l.jpg
826,Shirasagi no Naku Koro ni,,白鷺の鳴く頃に,Light Novel,45,,2001,https://cdn.myanimelist.net/images/manga/2/133491l.jpg
826,Tsukushite Agechau 2: Nandemo Shichau no,,尽くしてあげちゃう2 なんでもしちゃうの,Light Novel,45,,2001,https://cdn.myanimelist.net/images/manga/3/173989l.jpg
826,Yogosareshi Oukan,,汚されし王冠,Light Novel,45,,2001,https://cdn.myanimelist.net/images/manga/2/167920l.jpg
834,Kin-Button no Kyori,,金ボタンの距離,Light Novel,44,,2001,https://cdn.myanimelist.net/images/manga/2/153375l.jpg
834,Renai Chu! Himitsu no Renai Shimasen ka?,,恋愛CHU! ヒミツの恋愛しませんか？,Light Novel,44,,2001,https://cdn.myanimelist.net/images/manga/3/175037l.jpg
834,Toys,,TOYS トイズ,Manga,44,,2001,https://cdn.myanimelist.net/images/manga/1/20811l.jpg
837,Seitoushi Bladers: Beyblade Battle Story,,聖闘士BLADERS ～ベイブレードバトルストーリー～,Manga,43,,2001,https://cdn.myanimelist.net/images/manga/2/288827l.jpg
837,Shimin Police 69,The Citizen Police 69,市民ポリス69,Manga,43,,2001,https://cdn.myanimelist.net/images/manga/2/151331l.jpg
837,Sol y Sombra,,ソル・イ・ソンブラ,Manga,43,,2001,https://cdn.myanimelist.net/images/manga/2/38978l.jpg
840,Gensei Ayakashi Kenbunroku,,現世妖見聞録,Manga,42,,2001,https://cdn.myanimelist.net/images/manga/2/33228l.jpg
840,Heisa no System,,閉鎖のシステム,Light Novel,42,,2001,https://cdn.myanimelist.net/images/manga/1/158033l.jpg
840,Houkago Taimaroku,,放課後退魔録,Light Novel,42,,2001,https://cdn.myanimelist.net/images/manga/2/161588l.jpg
840,Piyona Pikona,,ぴヨナ＝ピコナ,Light Novel,42,,2001,https://cdn.myanimelist.net/images/manga/1/134533l.jpg
840,Souri Daijin Noel!,,総理大臣のえる！,Light Novel,42,,2001,https://cdn.myanimelist.net/images/manga/3/166788l.jpg
840,Taro Densetsu,,TARO伝説,Manga,42,,2001,https://cdn.myanimelist.net/images/manga/1/15169l.jpg
846,Chinmoku no Ki,,沈黙の樹 陽王とマーの精霊物語,Manga,41,,2001,https://cdn.myanimelist.net/images/manga/1/71069l.jpg
846,Dandara,,だんだら,Manga,41,,2001,https://cdn.myanimelist.net/images/manga/2/300179l.jpg
846,Itazura King,,悪戯王〈キング〉,Light Novel,41,,2001,https://cdn.myanimelist.net/images/manga/3/164601l.jpg
846,Neon-Bana,,ネオン華,Manga,41,,2001,https://cdn.myanimelist.net/images/manga/2/37803l.jpg
846,Omake no Musume,,おまけの娘,Manga,41,,2001,https://cdn.myanimelist.net/images/manga/1/239677l.jpg
846,Renai Shikiso,,レンアイ色素,Manga,41,,2001,https://cdn.myanimelist.net/images/manga/3/131447l.jpg
852,Black Tea,,ブラック・ティー,Manga,40,,2001,https://cdn.myanimelist.net/images/manga/2/165019l.jpg
852,Junjou de Tajou na Kankei,,純情で多情な関係,Light Novel,40,,2001,https://cdn.myanimelist.net/images/manga/1/153391l.jpg
852,Shin Nurse Station,New Nurse Station,新 ナース・ステーション,Manga,40,,2001,https://cdn.myanimelist.net/images/manga/1/254392l.jpg
852,Sweet Delicious,,Sweet Delicious,Manga,40,,2001,https://cdn.myanimelist.net/images/manga/4/263712l.jpg
856,Impression,,,Manga,39,,2001,https://cdn.myanimelist.net/images/manga/1/10894l.jpg
856,Shojo Ai,Indigo Maiden,処女藍,Manga,39,,2001,https://cdn.myanimelist.net/images/manga/2/239500l.jpg
856,Tokyo Sexy Night,,東京セクシーナイト,Light Novel,39,,2001,https://cdn.myanimelist.net/images/manga/3/153351l.jpg
856,Yaeka no Karte,,やえかのカルテ,Manga,39,,2001,https://cdn.myanimelist.net/images/manga/2/245248l.jpg
860,Akuru-chan High!,,あくるちゃんHigh!,Manga,38,,2001,https://cdn.myanimelist.net/images/manga/2/166997l.jpg
861,Chia!,,ちあ!,Manga,37,,2001,https://cdn.myanimelist.net/images/manga/1/136047l.jpg
861,Megami Tantei: Vinus File,,女神探偵-VINUSFILE-,Manga,37,,2001,https://cdn.myanimelist.net/images/manga/3/327317l.jpg
861,Shabake,,しゃばけ,Novel,37,,2001,https://cdn.myanimelist.net/images/manga/1/338537l.jpg
861,Super Comic Gekijou: Comic Party,,スーパーコミック劇場 こみっくパーティー,Manga,37,,2001,https://cdn.myanimelist.net/images/manga/3/151583l.jpg
865,Momoiro no Senaka,,桃色の背中,Manga,36,,2001,https://cdn.myanimelist.net/images/manga/2/61465l.jpg
866,Brilliant Machine,,BRILLIANT MACHINE,Manga,35,,2001,https://cdn.myanimelist.net/img/sp/icon/apple-touch-icon-256.png
866,The Daimon,The Crest,ザ・代紋,Manga,35,,2001,https://cdn.myanimelist.net/images/manga/2/287890l.jpg
868,Doubutsu no Kame-chan,,動物のカメちゃん,Manga,34,,2001,https://cdn.myanimelist.net/images/manga/2/10999l.jpg
868,Robot Poncots 2,,ロボットポンコッツ 2,Manga,34,,2001,https://cdn.myanimelist.net/images/manga/3/296655l.jpg
868,Seishun wo Butto Base,,青春をぶっとばせ,Manga,34,,2001,https://cdn.myanimelist.net/images/manga/2/33273l.jpg
868,"Tenken Ouki: Dual Lord, Reversion",,"天剣王器 Dual Lord, Reversion",Light Novel,34,,2001,https://cdn.myanimelist.net/images/manga/3/164562l.jpg
872,Children of the Rune: Winterer,Children of the Rune: Winterer,룬의 아이들 겨울의 검,Novel,33,,2001,https://cdn.myanimelist.net/images/manga/2/312404l.jpg
872,Makka ni Nagareru,,まっ赤に流れる,Manga,33,,2001,https://cdn.myanimelist.net/images/manga/3/311157l.jpg
874,Itsumo Kokoro ni Taiyou Shinbun,,いつも心に太陽新聞,Manga,32,,2001,https://cdn.myanimelist.net/images/manga/2/122991l.jpg
874,Kimi ni Aroe Yohou!,,君にあろえ予報！,Manga,32,,2001,https://cdn.myanimelist.net/images/manga/3/23128l.jpg
876,Eternal Arcadia: Kuuzoku Rouman!,,エターナルアルカディア 空賊浪漫!,Manga,31,,2001,https://cdn.myanimelist.net/images/manga/2/184285l.jpg
876,Kuwadou,,鍬道,Manga,31,,2001,https://cdn.myanimelist.net/images/manga/2/78921l.jpg
878,A-ko-chan no Beautiful♥Cinema,,A子ちゃんのビューティフル♥シネマ,Manga,30,,2001,https://cdn.myanimelist.net/images/manga/3/310068l.jpg
878,Douraku Kizoku Oagiz no Bouken,,道楽貴族オアジズの冒険,Light Novel,30,,2001,https://cdn.myanimelist.net/images/manga/1/159275l.jpg
878,Kuwasemon!,,喰わせモン!,Manga,30,,2001,https://cdn.myanimelist.net/images/manga/1/325264l.jpg
881,Soyamatsuri,,曽山一寿短編集 そやまつり,Manga,29,,2001,https://cdn.myanimelist.net/images/manga/2/175588l.jpg
882,Nazuna Himesama SOS,,なずな姫様SOS,Light Novel,28,,2001,https://cdn.myanimelist.net/images/manga/2/140967l.jpg
882,Rin Rin D.I.Y,,りんりんＤ.Ｉ.Ｙ,Manga,28,,2001,https://cdn.myanimelist.net/images/manga/1/230557l.jpg
882,Super Comic Gekijou: Koukidou Gensou - Gunparade March,,スーパーコミック劇場 高機動幻想 ガンパレード・マーチ,Manga,28,,2001,https://cdn.myanimelist.net/images/manga/3/151579l.jpg
885,Toki☆Meca,,トキ☆めか,One-shot,26,,2001,https://cdn.myanimelist.net/images/manga/2/320777l.jpg
886,Jurian,,ジュリアン,Manga,25,,2001,https://cdn.myanimelist.net/images/manga/3/296701l.jpg
886,Pawa Kuri,,パワくり,Manga,25,,2001,https://cdn.myanimelist.net/images/manga/2/36662l.jpg
886,Seiseki no Shito,,聖石の使徒,Light Novel,25,,2001,https://cdn.myanimelist.net/images/manga/3/151143l.jpg
889,Shimarii na Hibi no Yorokobi,,しまりーな 日々の歓び,Manga,24,,2001,https://cdn.myanimelist.net/images/manga/3/34195l.jpg
890,Bakuten Hero Blader DJ,,爆転HERO ブレーダーDJ,Manga,23,,2001,https://cdn.myanimelist.net/images/manga/3/280997l.jpg
890,Jak x Daxter: Itachi de Warui ka!!,,ジャック×ダクスター イタチで悪いか!!,Manga,23,,2001,https://cdn.myanimelist.net/images/manga/2/299563l.jpg
890,Mahou Yuugi,,魔法遊戯,Manga,23,,2001,https://cdn.myanimelist.net/images/manga/3/335561l.jpg
890,Souzou Ijou ni Tappuri,,想像以上にたっぷり,Manga,23,,2001,https://cdn.myanimelist.net/images/manga/2/327223l.jpg
894,Cutie Body,,キューティーバディー,Manga,22,,2001,https://cdn.myanimelist.net/images/manga/2/215010l.jpg
895,Moujuu Chuui Gen,Fierce Animal Attention,猛獣注意・厳,Manga,20,,2001,https://cdn.myanimelist.net/images/manga/2/336757l.jpg
896,Amai Mizu,,甘い水,Manga,19,,2001,https://cdn.myanimelist.net/images/manga/2/297999l.jpg
896,Bath Time Love Time,,バスタイム・ラブタイム,Manga,19,,2001,https://cdn.myanimelist.net/images/manga/1/325045l.jpg
896,Melt-Down,,Melt-Down,Manga,19,,2001,https://cdn.myanimelist.net/images/manga/2/324963l.jpg
896,Papamupa,,パパムパ,Manga,19,,2001,https://cdn.myanimelist.net/images/manga/2/294870l.jpg
900,Dai Hyakushichi Seitokai Kiroku,,第一〇七生徒会記録,Manga,18,,2001,https://cdn.myanimelist.net/images/manga/3/309039l.jpg
900,Souseiki,Genesis,創世記,Manga,18,,2001,https://cdn.myanimelist.net/images/manga/2/337511l.jpg
902,Gekkou Kreuz,Moonlight Kreuz,月光クロイツ,Manga,17,,2001,https://cdn.myanimelist.net/images/manga/3/282991l.jpg
902,Nantonaku Ii Kanji: Hitozuma-hen,,なんとなくいい感じ 人妻編,Manga,17,,2001,https://cdn.myanimelist.net/images/manga/1/336974l.jpg
902,Ougon no Taiyou: Hirakareshi Fuuin 4-koma Gag Battle,,黄金の太陽 開かれし封印 4コマギャグバトル,Manga,17,,2001,https://cdn.myanimelist.net/images/manga/2/306738l.jpg
905,Bottom Knock,,BOTTOM KNOCK,Manga,16,,2001,https://cdn.myanimelist.net/images/manga/2/326821l.jpg
906,Fujun Kankin,,不純姦禁,Manga,15,,2001,https://cdn.myanimelist.net/images/manga/2/330721l.jpg
906,H na Karada tte Iwanaide,Don't Call Me That Erotic Body!,Hな躰って言わないでっ,Manga,15,,2001,https://cdn.myanimelist.net/images/manga/2/325044l.jpg
908,Rin to Shimasho♡,,凛としましょ♡,Manga,14,,2001,https://cdn.myanimelist.net/images/manga/2/330097l.jpg
908,Romantica.,,ロマンチカ。,Manga,14,,2001,https://cdn.myanimelist.net/images/manga/3/330722l.jpg
910,Apples,,Apples,Manga,13,,2001,https://cdn.myanimelist.net/images/manga/3/329553l.jpg
910,Banyuu Inryoku,Bang You Gravitation,蛮勇引力,Manga,13,,2001,https://cdn.myanimelist.net/images/manga/3/301346l.jpg
910,Harajuku Bambina,,原宿バンビーナ,Manga,13,,2001,https://cdn.myanimelist.net/images/manga/1/317341l.jpg
910,Ousama Game,,王様ゲーム,Manga,13,,2001,https://cdn.myanimelist.net/images/manga/3/334649l.jpg
914,Bakuretsu! Kung Fu Musume,,爆烈! かんふー娘,Manga,12,,2001,https://cdn.myanimelist.net/images/manga/2/324164l.jpg
914,Oishii Ginza,,おいしい銀座,Manga,12,,2001,https://cdn.myanimelist.net/images/manga/1/335627l.jpg
914,Roshutsu Ana,The Exposed Slits.,露出穴,Manga,12,,2001,https://cdn.myanimelist.net/images/manga/3/348006l.jpg
917,Bucchigiri Lovers,,ブッ契リラヴァーズ,Manga,11,,2001,https://cdn.myanimelist.net/images/manga/2/348005l.jpg
917,Garland,,GARLAND,Manga,11,,2001,https://cdn.myanimelist.net/images/manga/1/348029l.jpg
