rank,title,title_english,title_japanese,type,members,score,year,image_url
1,On the Way to Meet Mom,On the Way to Meet Mom,엄마를 만나러 가는 길,Manhwa,15725,8.86,2024,https://cdn.myanimelist.net/images/manga/1/328009l.jpg
2,My Bias Gets on the Last Train,My Bias Gets on the Last Train,내 최애는 막차를 탄다,Manhwa,23201,8.67,2024,https://cdn.myanimelist.net/images/manga/3/343506l.jpg
3,Kimi ni Okuru Eien,"The Eternity for You: ""The Summer You Were There""",君に贈る永遠,Manga,3102,8.6,2024,https://cdn.myanimelist.net/images/manga/3/322994l.jpg
4,The Knight Only Lives Today,The Knight Only Lives Today,오늘만 사는 기사,Manhwa,27786,8.56,2024,https://cdn.myanimelist.net/images/manga/1/303264l.jpg
5,"Myst, Might, Mayhem","Myst, Might, Mayhem",괴력 난신,Manhwa,17237,8.33,2024,https://cdn.myanimelist.net/images/manga/3/300118l.jpg
6,Suming Zhi Huan,Lord of Mysteries 2: Circle of Inevitability,宿命之环,Novel,2874,8.29,2024,https://cdn.myanimelist.net/images/manga/1/312507l.jpg
7,The Hunter's Gonna Lay Low,The Hunter's Gonna Lay Low,헌터는 조용히 살고 싶다,Manhwa,3393,8.2,2024,https://cdn.myanimelist.net/images/manga/2/342063l.jpg
8,Kesa mo Yuraretemasu,They Are Still Being Shaken This Morning,今朝も揺られてます,Manga,18803,8.16,2024,https://cdn.myanimelist.net/images/manga/2/310988l.jpg
9,Absolute Regression,Absolute Regression,절대회귀,Manhwa,15853,8.14,2024,https://cdn.myanimelist.net/images/manga/2/308267l.jpg
10,Seasons of Lovesome,Seasons of Lovesome,청춘 러브썸,Manhwa,3673,8.1,2024,https://cdn.myanimelist.net/images/manga/3/312006l.jpg
10,The Regressed Mercenary Has a Plan,The Regressed Mercenary Has a Plan,회귀한 용병은 다 계획이 있다,Manhwa,21217,8.1,2024,https://cdn.myanimelist.net/images/manga/1/312036l.jpg
12,Honzuki no Gekokujou: Hannelore no Kizokuin Gonensei,Ascendance of a Bookworm: Hannelore's Fifth Year at the Royal Academy,本好きの下剋上 ハンネローレの貴族院五年生,Light Novel,669,8.09,2024,https://cdn.myanimelist.net/images/manga/1/309807l.jpg
13,Given: 10th Mix,Given 10th Mix,ギヴン 10th mix,Manga,1784,8.06,2024,https://cdn.myanimelist.net/images/manga/1/335582l.jpg
13,Phantom Whispers,Phantom Whispers,유령의 노래,Manhwa,1307,8.06,2024,https://cdn.myanimelist.net/images/manga/2/313758l.jpg
15,A First of Summers,A First of Summers,처음의 여름,Manhwa,1886,8.05,2024,https://cdn.myanimelist.net/images/manga/3/312229l.jpg
15,Selfish Romance,Selfish Romance,이기적 연애론,Manhwa,4324,8.05,2024,https://cdn.myanimelist.net/images/manga/1/346107l.jpg
17,As the Heart Leads,As the Heart Leads,마음이 이끄는 대로,Manhwa,1911,7.95,2024,https://cdn.myanimelist.net/images/manga/2/319524l.jpg
18,The Count's Secret Maid,The Count's Secret Maid,백작가의 비밀스런 시녀님,Manhwa,4063,7.93,2024,https://cdn.myanimelist.net/images/manga/3/311714l.jpg
19,Tonari no Neko to Koi Shirazu,Learning to Love My Cat-like Classmate,となりの猫と恋知らず,Manga,18575,7.92,2024,https://cdn.myanimelist.net/images/manga/2/299519l.jpg
20,Madan no Ichi,Ichi the Witch,魔男のイチ,Manga,40470,7.91,2024,https://cdn.myanimelist.net/images/manga/3/317474l.jpg
20,Majo to Youhei,The Witch and the Mercenary,魔女と傭兵,Manga,7802,7.91,2024,https://cdn.myanimelist.net/images/manga/2/301979l.jpg
22,"Haikei, Arishihi ni Saku Hana-tachi e",,拝啓、在りし日に咲く花たちへ,Manga,1362,7.89,2024,https://cdn.myanimelist.net/images/manga/1/322915l.jpg
23,Legend of Dangun,Legend of Dangun,오!단군,Manhwa,3700,7.88,2024,https://cdn.myanimelist.net/images/manga/3/302971l.jpg
24,Bad Born Blood,Bad Born Blood,배드 본 블러드,Manhwa,9420,7.87,2024,https://cdn.myanimelist.net/images/manga/2/314757l.jpg
24,Paws & Claws,Paws & Claws,강아지는 건드리지 마라,Manhwa,1870,7.87,2024,https://cdn.myanimelist.net/images/manga/2/331118l.jpg
24,Special Civil Servant,Special Civil Servant,별정직 공무원,Manhwa,6320,7.87,2024,https://cdn.myanimelist.net/images/manga/2/332710l.jpg
27,Moriagaranai Date,Unexciting Date...,盛りあがらないデート,Manga,2398,7.83,2024,https://cdn.myanimelist.net/images/manga/1/338790l.jpg
27,Rii-chan,,りーちゃん,Manga,3661,7.83,2024,https://cdn.myanimelist.net/images/manga/3/302666l.jpg
29,The Sacred Serpent's Seduction,The Sacred Serpent's Seduction,신을 품는 방법,Manhwa,1599,7.81,2024,https://cdn.myanimelist.net/images/manga/1/331578l.jpg
30,Belladonna no Koibito,Belladonna's Lover,ベラドンナの恋人,One-shot,2341,7.8,2024,https://cdn.myanimelist.net/images/manga/3/313714l.jpg
30,Boku dake ga Shitterun da ze,,僕だけが知ってるんだぜ,Manga,2835,7.8,2024,https://cdn.myanimelist.net/images/manga/4/323981l.jpg
30,Skool of Street,Skool of Street,스쿨 오브 스트릿,Manhwa,1927,7.8,2024,https://cdn.myanimelist.net/images/manga/3/302968l.jpg
33,Pure Intentions,Pure Intentions,순정을 사수하라!,Manhwa,893,7.78,2024,https://cdn.myanimelist.net/images/manga/2/335821l.jpg
34,The Otherworldly Genius Method Actor,The Otherworldly Genius Method Actor,대뜸 착각당했다 괴물 천재배우로,Manhwa,4749,7.77,2024,https://cdn.myanimelist.net/images/manga/3/312512l.jpg
34,Trapped at Home With the Male Leads,Trapped at Home With the Male Leads,우리 집에 갇혀버린 남주들,Manhwa,2397,7.77,2024,https://cdn.myanimelist.net/images/manga/2/346123l.jpg
36,Plaything,,놀이감,Manhwa,5593,7.76,2024,https://cdn.myanimelist.net/images/manga/3/311035l.jpg
37,The Ki Sisters,The Ki Sisters,기자매,Manhwa,2110,7.75,2024,https://cdn.myanimelist.net/images/manga/2/310053l.jpg
38,Centuria,Centuria,ケントゥリア,Manga,33187,7.74,2024,https://cdn.myanimelist.net/images/manga/1/305548l.jpg
38,"Toumei na Yoru ni Kakeru Kimi to, Me ni Mienai Koi wo Shita.",,透明な夜に駆ける君と、目に見えない恋をした。,Manga,1484,7.74,2024,https://cdn.myanimelist.net/images/manga/1/329261l.jpg
40,To Drown in You,To Drown in You,잠겨죽어도,Manhwa,1435,7.73,2024,https://cdn.myanimelist.net/images/manga/2/312164l.jpg
41,MAD,MAD,MAD,Manga,12265,7.72,2024,https://cdn.myanimelist.net/images/manga/2/308120l.jpg
41,Wakaba-san Chi no Aoi Koi,,若葉さんちの青い恋,Manga,4313,7.72,2024,https://cdn.myanimelist.net/images/manga/2/316132l.jpg
43,"Press Play, Sami","Press Play, Sami",삼이는 재생한다,Manhwa,2070,7.71,2024,https://cdn.myanimelist.net/images/manga/3/309416l.jpg
44,Childhood Friend Complex,Childhood Friend Complex,소꿉친구 컴플렉스,Manhwa,8409,7.7,2024,https://cdn.myanimelist.net/images/manga/3/336761l.jpg
44,Kimi wa Yotsuba no Clover,You Are a Four Leaf Clover,きみは四葉のクローバー,Manga,13598,7.7,2024,https://cdn.myanimelist.net/images/manga/1/315736l.jpg
44,Peaceful Camping Life in Another World,Peaceful Camping Life in Another World,이세계 캠핑으로 힐링 라이프,Manhwa,4354,7.7,2024,https://cdn.myanimelist.net/images/manga/2/301660l.jpg
47,Futsuu no Keion-bu,Girl Meets Rock!,ふつうの軽音部,Manga,5891,7.69,2024,https://cdn.myanimelist.net/images/manga/2/300056l.jpg
48,A Tidal Wave of Glory,,영광의 해일로,Manhwa,765,7.68,2024,https://cdn.myanimelist.net/images/manga/2/311817l.jpg
49,7-kakan Gentei Kanojo,7 Days Limited Girlfriend,7日間限定彼女,Manga,3535,7.67,2024,https://cdn.myanimelist.net/images/manga/1/319847l.jpg
50,Hitoner,Hitoner,ヒトナー,Manga,5397,7.65,2024,https://cdn.myanimelist.net/images/manga/3/349720l.jpg
50,Kaiten no Albus,Albus Changes the World,廻天のアルバス,Manga,5414,7.65,2024,https://cdn.myanimelist.net/images/manga/2/311317l.jpg
50,Touhou Project Niji Sousaku Series: Koi-iro no Kyoukai,Toho Project Fan Fictions: Border of Love Colors,東方Project二次創作シリーズ 恋色の境界,Manga,473,7.65,2024,https://cdn.myanimelist.net/images/manga/3/323538l.jpg
50,Unsleep,Unsleep,언슬립,Manhwa,1475,7.65,2024,https://cdn.myanimelist.net/images/manga/1/310261l.jpg
54,Akumade Amai Watashi no Kanojo,,あくまであまい私の彼女,Manga,6462,7.64,2024,https://cdn.myanimelist.net/images/manga/2/305554l.jpg
54,Chronicles of a Doomed Prodigy,Chronicles of a Doomed Prodigy,시한부 천재가 살아남는 법,Manhwa,6596,7.64,2024,https://cdn.myanimelist.net/images/manga/2/312438l.jpg
54,Dark Mermaid,Dark Mermaid,검은 인어,Manhwa,800,7.64,2024,https://cdn.myanimelist.net/images/manga/3/309471l.jpg
57,Involuntary Romance,Involuntary Romance,타의적 로맨스,Manhwa,902,7.63,2024,https://cdn.myanimelist.net/images/manga/1/312605l.jpg
57,Momose Akira no Hatsukoi Hatanchuu.,Akira Failing in Love,百瀬アキラの初恋破綻中。,Manga,21851,7.63,2024,https://cdn.myanimelist.net/images/manga/3/316683l.jpg
57,Tonari no Seki no Yatsu ga Souiu Me de Mitekuru,The Mortifying Ordeal of Being Seen,となりの席のヤツがそういう目で見てくる,Manga,17428,7.63,2024,https://cdn.myanimelist.net/images/manga/1/312745l.jpg
57,Yume to Koi dewa Tsuriawanai,"I Love You, Please Dump Me",夢と恋ではつり合わない,Manga,3527,7.63,2024,https://cdn.myanimelist.net/images/manga/1/330341l.jpg
61,"Jinsei Gyakuten: Uwaki sare, Enzai wo Kiserareta Ore ga, Gakuen Ichi no Bishoujo ni Natsukareru",,人生逆転 浮気され、えん罪を着せられた俺が、学園一の美少女に懐かれる,Light Novel,990,7.61,2024,https://cdn.myanimelist.net/images/manga/2/327208l.jpg
61,Kotoba no Shinkai,The Deep Sea of Words,言葉の深海,One-shot,1324,7.61,2024,https://cdn.myanimelist.net/images/manga/3/310421l.jpg
61,Solo Leveling: Ragnarok,Solo Leveling: Ragnarok,나 혼자만 레벨업 : 라그나로크,Manhwa,40558,7.61,2024,https://cdn.myanimelist.net/images/manga/2/339933l.jpg
64,FlashLight,FlashLight,FlashLight (플래시라이트),Manhwa,1955,7.6,2024,https://cdn.myanimelist.net/images/manga/1/303629l.jpg
65,End Roll no Ato ni wa Saikou no Tabi wo,Have a Great Trip After the End Credits,エンドロールの後には最高の旅を,Manga,1296,7.59,2024,https://cdn.myanimelist.net/images/manga/3/311773l.jpg
65,Mr. Delivery Knight,Mr. Delivery Knight,트럭기사 태그배 경,Manhwa,1016,7.59,2024,https://cdn.myanimelist.net/images/manga/1/321566l.jpg
65,The Graymark,The Graymark,그레이마크,Manhwa,1134,7.59,2024,https://cdn.myanimelist.net/images/manga/1/311488l.jpg
68,Blink Master of the Magic Academy,Blink Master of the Magic Academy,마법학교 앞점멸 천재가 되었다,Manhwa,19313,7.58,2024,https://cdn.myanimelist.net/images/manga/2/303869l.jpg
69,Taishou Gakusei Aisaika,The Noble Student and His Cinderella,大正學生愛妻家,Manga,1301,7.57,2024,https://cdn.myanimelist.net/images/manga/1/315480l.jpg
70,Horror Story Club,Horror Story Club,괴담 동아리,Manhwa,1473,7.56,2024,https://cdn.myanimelist.net/images/manga/1/315211l.jpg
70,Mahou Shoujo Dandelion,Magical Girl Dandelion,魔法少女ダンデライオン,Manga,5976,7.56,2024,https://cdn.myanimelist.net/images/manga/3/323673l.jpg
72,"Kimi ga Hoeru Tame no Uta wo,",Howling Song for Husky Girl,キミが吠えるための歌を、,Manga,2796,7.55,2024,https://cdn.myanimelist.net/images/manga/3/334895l.jpg
72,My Beloved Oppressor,My Beloved Oppressor,사랑하는 나의 억압자,Manhwa,3064,7.55,2024,https://cdn.myanimelist.net/images/manga/1/297681l.jpg
72,"Otsukaresama, Kurose-kun","Ghoul Work, Kurose",お憑かれさま、黒瀬くん,Manga,2072,7.55,2024,https://cdn.myanimelist.net/images/manga/1/337236l.jpg
75,Meririrarariri,,メリリララリリ,One-shot,3088,7.53,2024,https://cdn.myanimelist.net/images/manga/3/307473l.jpg
75,Unchanged Man,Unchanged Man,유원불변,Manhwa,729,7.53,2024,https://cdn.myanimelist.net/images/manga/2/303670l.jpg
77,Muryoku Seijo to Munou Oujo: Maryoku Zero de Shoukan sareta Seijo no Isekai Kyuukokuki,Helpless Saint and the Powerless Princess,無力聖女と無能王女～魔力ゼロで召喚された聖女の異世界救国記～,Manga,2468,7.52,2024,https://cdn.myanimelist.net/images/manga/3/313780l.jpg
77,My Numbered Days of Happiness,My Numbered Days of Happiness,시한부를 즐겼을 뿐이었는데,Manhwa,3097,7.52,2024,https://cdn.myanimelist.net/images/manga/3/303839l.jpg
77,Shadow of the Supreme,Shadow of the Supreme,천하제일인의 소꿉친구,Manhwa,13353,7.52,2024,https://cdn.myanimelist.net/images/manga/3/308576l.jpg
77,The Dirtiest High,The Dirtiest High,더티 하이,Manhwa,707,7.52,2024,https://cdn.myanimelist.net/images/manga/3/331170l.jpg
81,Absolute Reign,Absolute Reign,절대군림,Manhwa,6973,7.51,2024,https://cdn.myanimelist.net/images/manga/1/312402l.jpg
82,KasuRich,KasuRich,かすりっひ,Manga,511,7.5,2024,https://cdn.myanimelist.net/images/manga/1/333238l.jpg
82,"Overlord: ""Shin"" Sekai-hen",Overlord New World,オーバーロード＜新＞世界編,Manga,1969,7.5,2024,https://cdn.myanimelist.net/images/manga/1/311780l.jpg
82,Shousetsu Sousou no Frieren: Zensou,Frieren: Beyond Journey's End Prelude,小説 葬送のフリーレン ～前奏～,Light Novel,1595,7.5,2024,https://cdn.myanimelist.net/images/manga/3/301051l.jpg
85,Boku no Kanojo wa Dekkawaii,My Girlfriend Is a Colossal Cutie,僕の彼女はデッカワイイ,Manga,8922,7.49,2024,https://cdn.myanimelist.net/images/manga/2/318548l.jpg
86,"Bouken ni wa, Buki ga Hitsuyou da! Kodawari Rudy no Kajiyagurashi",Every Adventure Needs a Weapon! The Blacksmith Life of Rudy the Obsessed,冒険には、武器が必要だ!～こだわりルディの鍛冶屋ぐらし～,Manga,1817,7.48,2024,https://cdn.myanimelist.net/images/manga/1/309151l.jpg
86,Ichinichi Goto ni Dere ga Fueteku Tsuntsuntsuntsuntsundere-chan,,一日ごとにデレが増えてくツンツンツンツンツンデレちゃん,Manga,8430,7.48,2024,https://cdn.myanimelist.net/images/manga/2/306723l.jpg
86,My Avatars' Path to Greatness,My Avatars' Path to Greatness,내 분신이 거물이 되어간다,Manhwa,4529,7.48,2024,https://cdn.myanimelist.net/images/manga/3/312384l.jpg
89,Sweeten the Deal,Sweeten the Deal,짝사랑 랑데부,Manhwa,621,7.47,2024,https://cdn.myanimelist.net/images/manga/1/331741l.jpg
90,"Belle Poupée no Super Darling Konyaku: ""Konomi ja Nai"" to Iwareta Ningyou Hime, Gaman wo Yametara Ouji ga Deredere ni Natta. Jitsu ni Ui!",The Princess Groom,ベル・プペーのスパダリ婚約～「好みじゃない」と言われた人形姫、我慢をやめたら皇子がデレデレになった。実に愛い!～,Manga,2022,7.46,2024,https://cdn.myanimelist.net/images/manga/3/318771l.jpg
90,The Black Serpent,The Black Serpent,흑사,Manhwa,850,7.46,2024,https://cdn.myanimelist.net/images/manga/1/318102l.jpg
92,Baby Shachuuhackers,Baby Road Trippers,ベイビー車中ハッカーズ,Manga,1187,7.45,2024,https://cdn.myanimelist.net/images/manga/3/319827l.jpg
92,Kurone-san wa Nyaa to Nakanai,Cat-Life Balance,黒根さんはニャーと鳴かない,Manga,1262,7.45,2024,https://cdn.myanimelist.net/images/manga/3/319836l.jpg
92,"Shuu ni Ichido Classmate wo Kau Hanashi: Futari no Jikan, Iiwake no 5000-en",,週に一度クラスメイトを買う話～ふたりの時間、言い訳の五千円～,Manga,5647,7.45,2024,https://cdn.myanimelist.net/images/manga/3/319844l.jpg
92,The Academy's Sashimi Sword Master,The Academy's Sashimi Sword Master,사시미 한 자루로 아카데미를 씹어먹음,Manhwa,13164,7.45,2024,https://cdn.myanimelist.net/images/manga/3/311364l.jpg
96,Alpha Trauma,Alpha Trauma,알파 트라우마,Manhwa,1162,7.44,2024,https://cdn.myanimelist.net/images/manga/2/331274l.jpg
96,The Gwichon Village Mystery,The Gwichon Village Mystery,귀촌리,Manhwa,2047,7.44,2024,https://cdn.myanimelist.net/images/manga/2/304635l.jpg
96,Yamada no Gakkyuu Nisshi,Yamada's Class Diary,山田の学級日誌,Manga,879,7.44,2024,https://cdn.myanimelist.net/images/manga/3/318075l.jpg
99,Minasoko,,ミナソコ,Manga,1088,7.43,2024,https://cdn.myanimelist.net/images/manga/1/316483l.jpg
99,Omori,Omori,OMORI,Manga,5070,7.43,2024,https://cdn.myanimelist.net/images/manga/3/314827l.jpg
99,Reincarnated Murim Lord,Reincarnated Murim Lord,환생천마,Manhwa,6609,7.43,2024,https://cdn.myanimelist.net/images/manga/1/300117l.jpg
99,The Mating of Elves,The Mating of Elves,엘프의 짝짓기,Manhwa,887,7.43,2024,https://cdn.myanimelist.net/images/manga/2/325934l.jpg
99,The Video Game Store Under the Barbershop,The Video Game Store Under the Barbershop,이발소 밑 게임가게,Manhwa,349,7.43,2024,https://cdn.myanimelist.net/images/manga/3/306014l.jpg
104,Boku no Kanojo wa Dekkawaii,My Girlfriend Is Big & Cute!,僕の彼女はデッカワイイ,One-shot,3173,7.42,2024,https://cdn.myanimelist.net/images/manga/1/298452l.jpg
104,Galaxias,Galaxias,GALAXIAS,Manga,9914,7.42,2024,https://cdn.myanimelist.net/images/manga/2/312761l.jpg
104,Ookami wa Tsuki ni Koi wo Suru,,オオカミは月に恋をする,Manga,9300,7.42,2024,https://cdn.myanimelist.net/images/manga/2/316134l.jpg
107,Honto wa Motto Series,,ほんとはもっとシリーズ,Doujinshi,1040,7.41,2024,https://cdn.myanimelist.net/images/manga/3/317913l.jpg
108,Amateur Vigilante,,アマチュアビジランテ,Manga,2297,7.4,2024,https://cdn.myanimelist.net/images/manga/2/312340l.jpg
108,Anata Mitai ni,,あなたみたいに,Manga,1293,7.4,2024,https://cdn.myanimelist.net/images/manga/3/347489l.jpg
108,Driver's High,Driver's High,드라이버스 하이 (Driver's high),Manhwa,1739,7.4,2024,https://cdn.myanimelist.net/images/manga/3/331710l.jpg
108,The Bastard of Swordborne,The Bastard of Swordborne,회귀검가의 서자가 사는 법,Manhwa,10660,7.4,2024,https://cdn.myanimelist.net/images/manga/1/313046l.jpg
112,Monochrome no Futari,Monochrome Days,モノクロのふたり,Manga,5994,7.39,2024,https://cdn.myanimelist.net/images/manga/2/315734l.jpg
112,The Redemption of Earl Nottingham,The Redemption of Earl Nottingham,구원 방정식,Manhwa,865,7.39,2024,https://cdn.myanimelist.net/images/manga/2/340939l.jpg
112,Trapped in a Soap Opera,Trapped in a Soap Opera,막장드라마에 갇혀버렸다,Manhwa,2558,7.39,2024,https://cdn.myanimelist.net/images/manga/1/310629l.jpg
115,Back to Chanbi,Back to Chanbi,백투더찬비,Manhwa,2460,7.38,2024,https://cdn.myanimelist.net/images/manga/3/314363l.jpg
115,Her Merry Obsession,Her Merry Obsession,메리 사이코,Manhwa,1174,7.38,2024,https://cdn.myanimelist.net/images/manga/1/331113l.jpg
115,Hug shite! Kaeru-san,"Give Me a Hug, Mr. Frog!",ハグして!カエルさん,Manga,1004,7.38,2024,https://cdn.myanimelist.net/images/manga/1/322588l.jpg
115,My Virtual God Is a Teenage Girl,My Virtual God Is a Teenage Girl,여고생이 신인데 나만 괴롭힘,Manhwa,889,7.38,2024,https://cdn.myanimelist.net/images/manga/3/306230l.jpg
115,Tears on a Withered Flower,Tears on a Withered Flower,시든 꽃에 눈물을,Manhwa,7551,7.38,2024,https://cdn.myanimelist.net/images/manga/2/325937l.jpg
115,The Sichuan Tang Clan's Entomologist,The Sichuan Tang Clan's Entomologist,파브르 in 사천당가,Manhwa,5664,7.38,2024,https://cdn.myanimelist.net/images/manga/2/314719l.jpg
115,Tsue to Tsurugi no Wistoria Grimo Acta,Wistoria: Wand and Sword - GrimoActa,杖と剣のウィストリア グリモアクタ ―始まりの涙―,Light Novel,752,7.38,2024,https://cdn.myanimelist.net/images/manga/2/306402l.jpg
122,11-banme no Neko wa Nene,The 11th Cat Is Nene!,11番目のねこはねね,Manga,542,7.37,2024,https://cdn.myanimelist.net/images/manga/4/324980l.jpg
122,Can I Borrow the Fire?,,불 빌려드릴까요?,Manhwa,725,7.37,2024,https://cdn.myanimelist.net/images/manga/2/321421l.jpg
122,Illusion Hunter from Another World,Illusion Hunter from Another World,이세계 착각 헌터,Manhwa,1909,7.37,2024,https://cdn.myanimelist.net/images/manga/2/331526l.jpg
122,Kuroi Santa yori,,黒いサンタより,One-shot,495,7.37,2024,https://cdn.myanimelist.net/images/manga/2/299082l.jpg
122,Tonari no Kurokawa-san,My Neighbor Ms. Kurokawa,となりの黒川さん,Manga,10154,7.37,2024,https://cdn.myanimelist.net/images/manga/2/318757l.jpg
127,A Child Who Looks Like Me,A Child Who Looks Like Me,날 닮은 아이,Manhwa,1540,7.36,2024,https://cdn.myanimelist.net/images/manga/1/301896l.jpg
127,Kaii-san to Ore,,怪異さんと俺,Manga,1096,7.36,2024,https://cdn.myanimelist.net/images/manga/1/316460l.jpg
127,Space Cheon-ma 3077,Space Cheon-ma 3077,우주천마 3077,Manhwa,2795,7.36,2024,https://cdn.myanimelist.net/images/manga/3/318371l.jpg
127,The Prize of Youth,The Prize of Youth,천만청춘,Manhwa,420,7.36,2024,https://cdn.myanimelist.net/images/manga/2/320084l.jpg
127,Ultimate Shut-In,Ultimate Shut-In,집구석 절대자,Manhwa,7543,7.36,2024,https://cdn.myanimelist.net/images/manga/1/315562l.jpg
132,Eyeshield 21: Brain x Brave,,アイシールド21 BRAIN×BRAVE,One-shot,871,7.35,2024,https://cdn.myanimelist.net/images/manga/1/296110l.jpg
132,"Orcsen Oukokushi: Yaban na Orc no Kuni wa, Ikani Shite Heiwa na Elf no Kuni wo Yakiharau ni Itatta ka",History of the Kingdom of Orcsen: How the Barbarian Orcish Nation Came to Burn Down the Peaceful Elfland,オルクセン王国史 ～野蛮なオークの国は、如何にして平和なエルフの国を焼き払うに至ったか～,Manga,1677,7.35,2024,https://cdn.myanimelist.net/images/manga/2/309042l.jpg
132,The Villainess Makes Amends,The Villainess Makes Amends,이상한데 효과적인 악녀 생활,Manhwa,1434,7.35,2024,https://cdn.myanimelist.net/images/manga/1/317177l.jpg
135,Dear Zero,Dear Zero,"Dear. 00(디어, 제로제로)",Manhwa,809,7.34,2024,https://cdn.myanimelist.net/images/manga/2/331553l.jpg
135,Favela no Mangaka,,ファヴェーラの漫画家,Manga,1518,7.34,2024,https://cdn.myanimelist.net/images/manga/5/323930l.jpg
135,Hikagemono demo Yarinaoshite Ii desu ka?,,日陰者でもやり直していいですか?,Manga,2960,7.34,2024,https://cdn.myanimelist.net/images/manga/4/324285l.jpg
135,Manemane Nichinichi,Mane Mane Nichi Nichi: Baseball Manager Everyday,マネマネにちにち,Manga,3910,7.34,2024,https://cdn.myanimelist.net/images/manga/1/321228l.jpg
135,Oniure Idol ga Kyou mo Watashi wo Oshitekuru,,鬼売れアイドルが今日も私を推してくる,Manga,1108,7.34,2024,https://cdn.myanimelist.net/images/manga/1/312620l.jpg
135,The Reincarnated King of Fists,The Reincarnated King of Fists,권왕전생,Manhwa,10376,7.34,2024,https://cdn.myanimelist.net/images/manga/2/300234l.jpg
135,The Second Chance Convenience Store,The Second Chance Convenience Store,불편한 편의점,Manhwa,283,7.34,2024,https://cdn.myanimelist.net/images/manga/2/320641l.jpg
142,"Alice, Dokomademo",,ありす、宇宙〈どこ〉までも,Manga,889,7.33,2024,https://cdn.myanimelist.net/images/manga/3/310346l.jpg
142,Garuru Girl,,ガルルガール,Manga,6072,7.33,2024,https://cdn.myanimelist.net/images/manga/3/311779l.jpg
142,Genius Archer's Livestreaming,Genius Archer's Livestreaming,천재 궁수의 스트리밍,Manhwa,5874,7.33,2024,https://cdn.myanimelist.net/images/manga/3/301733l.jpg
142,High Class,,하이클래스,Manhwa,982,7.33,2024,https://cdn.myanimelist.net/images/manga/2/314378l.jpg
142,I'm Not a Soccer Genius!,I'm Not a Soccer Genius!,축구천재로 오해받는 중입니다,Manhwa,2286,7.33,2024,https://cdn.myanimelist.net/images/manga/1/320605l.jpg
142,Kaze no Iro made Oboeteru,Crush on You Like Spring Thunder.,風の色まで憶えてる,Manga,628,7.33,2024,https://cdn.myanimelist.net/images/manga/1/318386l.jpg
142,Misaki-kun wa Kouryaku Chara ja Nai,,三咲くんは攻略キャラじゃない,Manga,1982,7.33,2024,https://cdn.myanimelist.net/images/manga/1/306073l.jpg
142,Moonstruck,Moonstruck,문스트럭,Manhwa,1093,7.33,2024,https://cdn.myanimelist.net/images/manga/2/346108l.jpg
142,Nito no Joreishi,The Nito Exorcists,二兎の除霊師,Manga,4556,7.33,2024,https://cdn.myanimelist.net/images/manga/2/334254l.jpg
142,Senki Survival Saga: Isekai no Unmei wo Kaketa Mujintou Fujun Isei Kouyuu,Battle Princess Survival Saga,戦姫サバイバルサガ〜異世界の運命をかけた無人島フジュン異性交遊〜,Manga,6571,7.33,2024,https://cdn.myanimelist.net/images/manga/2/324000l.jpg
152,Divorcing the Emperor,Divorcing the Emperor,"결혼도 안 했는데 무슨 이혼인가요, 폐하",Manhwa,1314,7.32,2024,https://cdn.myanimelist.net/images/manga/3/310253l.jpg
152,Gal Maid to Akuyaku Reijou: Ojousama no Happy End shika Katan!,Gal Maid & Villainess,ギャルメイドと悪役令嬢 ～おじょーさまのハッピーエンドしか勝たん!～,Manga,3613,7.32,2024,https://cdn.myanimelist.net/images/manga/1/309142l.jpg
152,Golden Man,Golden Man,ゴールデンマン,Manga,2208,7.32,2024,https://cdn.myanimelist.net/images/manga/1/301972l.jpg
152,Onozuka-senpai wa Warui Hito,,小野塚先輩はわるいひと,Doujinshi,338,7.32,2024,https://cdn.myanimelist.net/images/manga/3/314357l.jpg
152,Youth Report: 1995,Youth Report: 1995,1995 청춘 레포트,Manhwa,560,7.32,2024,https://cdn.myanimelist.net/images/manga/1/339526l.jpg
157,Koukou Jidai ni Gouman datta Joou-sama to no Dousei Seikatsu wa Igai to Igokochi ga Warukunai,,高校時代に傲慢だった女王様との同棲生活は意外と居心地が悪くない,Manga,8700,7.31,2024,https://cdn.myanimelist.net/images/manga/1/324837l.jpg
157,Mamahaha no Kokoroe,The Art of Being a Stepmother,継母の心得,Manga,1010,7.31,2024,https://cdn.myanimelist.net/images/manga/3/317420l.jpg
159,Baby Prisoner of the Winter Castle,Baby Prisoner of the Winter Castle,겨울성의 아기 죄수님,Manhwa,2137,7.3,2024,https://cdn.myanimelist.net/images/manga/2/310226l.jpg
159,Jakdu: Shaman's Blade,Jakdu: Shaman's Blade,작두,Manhwa,2807,7.3,2024,https://cdn.myanimelist.net/images/manga/3/346109l.jpg
159,Mabataki no Oto,Sound of a Blink,瞬きの音,Manga,1528,7.3,2024,https://cdn.myanimelist.net/images/manga/2/326076l.jpg
162,Escape From the Daytime Drama,Escape From the Daytime Drama,시련의 꽃에서 탈출하겠다,Manhwa,1178,7.29,2024,https://cdn.myanimelist.net/images/manga/1/298759l.jpg
162,Problematic Student Patrol,Problematic Student Patrol,문제적 선도활동,Manhwa,424,7.29,2024,https://cdn.myanimelist.net/images/manga/3/335202l.jpg
162,The Incognito Princess,The Incognito Princess,일코하는 황녀님,Manhwa,1993,7.29,2024,https://cdn.myanimelist.net/images/manga/2/310252l.jpg
165,Boo-tiful Nightmare,Boo-tiful Nightmare,귀신과 하는 남자,Manhwa,1404,7.28,2024,https://cdn.myanimelist.net/images/manga/2/314419l.jpg
165,Cyberpunk: Edgerunners Madness,Cyberpunk: Edgerunners Madness,サイバーパンク: エッジランナーズ MADNESS,Manga,2346,7.28,2024,https://cdn.myanimelist.net/images/manga/2/333178l.jpg
165,Eiyuu Kikan,Hero Organization,英雄機関,Manga,5882,7.28,2024,https://cdn.myanimelist.net/images/manga/3/318766l.jpg
165,For the Musical Genius,,음악천재를 위하여,Manhwa,1981,7.28,2024,https://cdn.myanimelist.net/images/manga/1/302977l.jpg
165,Isekai Henkyou Meshi,,異世界辺境メシ,Manga,771,7.28,2024,https://cdn.myanimelist.net/images/manga/1/340637l.jpg
165,Toshishita Joushi wa Homeraretai,,年下上司は褒められたい,Manga,658,7.28,2024,https://cdn.myanimelist.net/images/manga/2/314772l.jpg
171,'Cause Calypso Can,'Cause Calypso Can,흑막 범고래 아기님,Manhwa,2073,7.27,2024,https://cdn.myanimelist.net/images/manga/1/306818l.jpg
171,Cozy Obsession,Cozy Obsession,아늑한 집착,Manhwa,850,7.27,2024,https://cdn.myanimelist.net/images/manga/2/331183l.jpg
171,Diamond no Ace Act II Gaiden: Teitou vs. Ugumori,Ace of the Diamond Act II Side Story: Teito vs Ugumori,ダイヤのA〈エース〉actⅡ 外伝 帝東VS鵜久森,Manga,423,7.27,2024,https://cdn.myanimelist.net/images/manga/1/325932l.jpg
171,Kaji Daikou no Arbeit wo Hajimetara Gakuen Ichi no Bishoujo no Kazoku ni Kiniirarechaimashita.,,家事代行のアルバイトを始めたら学園一の美少女の家族に気に入られちゃいました。,Manga,5709,7.27,2024,https://cdn.myanimelist.net/images/manga/2/328374l.jpg
171,"Maigo ni Natteita Youjo wo Tasuketara, Otonari ni Sumu Bishoujo Ryuugakusei ga Ie ni Asobi ni Kuru you ni Natta Ken ni Tsuite",,迷子になっていた幼女を助けたら、お隣に住む美少女留学生が家に遊びに来るようになった件について,Manga,7546,7.27,2024,https://cdn.myanimelist.net/images/manga/2/316690l.jpg
171,Real demo Shiawase ni Shite Kudasai ne?,"Be Happy in the Real World Too, Okay?",現実世界〈レアル〉でも幸せにしてくださいね?,Manga,1589,7.27,2024,https://cdn.myanimelist.net/images/manga/3/323614l.jpg
177,Aoi-kun wa Mukimuki Kanojo wo Koutei shitai,Aoi-kun Wants This Muscular Girl to Flex!,葵くんはムキムキ彼女を肯定したい,Manga,618,7.26,2024,https://cdn.myanimelist.net/images/manga/2/318236l.jpg
177,Shiokaze to Ryuu no Sumika,The Seaside Where Dragon Boys Dwell,汐風と竜のすみか,Manga,1063,7.26,2024,https://cdn.myanimelist.net/images/manga/1/323004l.jpg
179,A Flame Reborn,A Flame Reborn,멸망한 가문의 회귀자,Manhwa,10038,7.25,2024,https://cdn.myanimelist.net/images/manga/2/301735l.jpg
179,"Darling, Why Can't We Divorce?","Darling, Why Can't We Divorce?","여보, 왜 이혼은 안 되나요?",Manhwa,2365,7.25,2024,https://cdn.myanimelist.net/images/manga/3/313479l.jpg
179,Kaijuu 8-gou: Side B,Kaiju No. 8: B-Side,怪獣8号 side B,Manga,5239,7.25,2024,https://cdn.myanimelist.net/images/manga/2/300057l.jpg
179,Surviving the Apocalypse,Surviving the Apocalypse,종말에서 살아남기,Manhwa,4943,7.25,2024,https://cdn.myanimelist.net/images/manga/2/303465l.jpg
179,"Taida na Akujoku Kizoku ni Tensei shita Ore, Scenario wo Bukkowashitara Kikakugai no Maryoku de Saikyou ni Natta","Reborn as an Aristocratic Scoundrel, I Broke the Game and Mastered Magic Beyond Limits!",怠惰な悪辱貴族に転生した俺、シナリオをぶっ壊したら規格外の魔力で最凶になった,Manga,9747,7.25,2024,https://cdn.myanimelist.net/images/manga/5/324541l.jpg
179,Uesugi-kun wa Onnanoko wo Yametai,Uesugi-kun Wants to Quit Being a Girl,上杉くんは女の子をやめたい,Manga,2360,7.25,2024,https://cdn.myanimelist.net/images/manga/1/313842l.jpg
185,Behind Her Highness's Smile,Behind Her Highness's Smile,살아남은 왕녀의 웃음 뒤에는,Manhwa,3164,7.24,2024,https://cdn.myanimelist.net/images/manga/1/304636l.jpg
185,Boushitsu no Koibito,Love of Forgetfulness.,忘失の恋人,One-shot,605,7.24,2024,https://cdn.myanimelist.net/images/manga/2/299266l.jpg
185,Daiakutou Shounen,Supervillain Boy,大悪党少年,Manga,1503,7.24,2024,https://cdn.myanimelist.net/images/manga/3/326675l.jpg
185,Osananajimi wo Erabenai!,I Can't Choose a Childhood Friend,幼馴染をえらべない！,Manga,5107,7.24,2024,https://cdn.myanimelist.net/images/manga/3/316679l.jpg
185,Re:Zero kara Hajimeru Isekai Seikatsu: Dai-5 Shou - Mizu no Miyako to Eiyuu no Uta,,Re:ゼロから始める異世界生活 第五章 水の都と英雄の詩,Manga,1504,7.24,2024,https://cdn.myanimelist.net/images/manga/2/317551l.jpg
185,Shy na Ano Ko ni Natsukaretai,,シャイなあの子に懐かれたい,Manga,2250,7.24,2024,https://cdn.myanimelist.net/images/manga/1/314069l.jpg
185,The Princess Maid,The Princess Maid,공주보다 시녀가 천직이었습니다,Manhwa,2084,7.24,2024,https://cdn.myanimelist.net/images/manga/1/298915l.jpg
185,The Reborn Young Lord Is an Assassin,The Reborn Young Lord Is an Assassin,회귀한 공작가의 막내도련님은 암살자,Manhwa,20438,7.24,2024,https://cdn.myanimelist.net/images/manga/3/297788l.jpg
193,Boku no Hero Academia the Movie: You're Next,My Hero Academia the Movie: You're Next,僕のヒーローアカデミア THE MOVIE ユアネクスト,Light Novel,498,7.23,2024,https://cdn.myanimelist.net/images/manga/2/308812l.jpg
193,Dear Summer Sky,Dear Summer Sky,사랑하는 여름 하늘,Manhwa,697,7.23,2024,https://cdn.myanimelist.net/images/manga/1/310563l.jpg
193,I Became the Tyrant's Chambermaid,I Became the Tyrant's Chambermaid,폭군의 침방 시녀가 되었다,Manhwa,2063,7.23,2024,https://cdn.myanimelist.net/images/manga/3/303768l.jpg
193,Koibami Shoujo,,恋喰少女,Manga,5539,7.23,2024,https://cdn.myanimelist.net/images/manga/2/309152l.jpg
193,Otona ni Narenai Bokura wa,,大人になれない僕らは,Manga,6283,7.23,2024,https://cdn.myanimelist.net/images/manga/1/305561l.jpg
193,Romance Code,,ロマンスコード,One-shot,395,7.23,2024,https://cdn.myanimelist.net/images/manga/1/307477l.jpg
193,Sugar Girl Drip,,シュガーガール・ドリップ,Manga,2196,7.23,2024,https://cdn.myanimelist.net/images/manga/1/309157l.jpg
193,The Genius Wants an Ordinary Life,The Genius Wants an Ordinary Life,천재는 평범하게 살기로 했더,Manhwa,1792,7.23,2024,https://cdn.myanimelist.net/images/manga/2/317150l.jpg
201,All for My Dearest Juliet,All for My Dearest Juliet,아름다운 줄리엣을 위하여,Manhwa,1574,7.22,2024,https://cdn.myanimelist.net/images/manga/3/311717l.jpg
201,Asagiiro no Saudade,Pale Blue-Green Color Saudade,あさぎ色のサウダージ,Manga,1449,7.22,2024,https://cdn.myanimelist.net/images/manga/3/306892l.jpg
201,Kuroko to Heel-kun,Kuroko and Her Sweet Villain,黒子と悪役〈ヒール〉くん,Manga,1434,7.22,2024,https://cdn.myanimelist.net/images/manga/2/312753l.jpg
201,Kyougane-ke no Hanayome,Betrothed to a Fox Demon,京兼家の花嫁,Manga,3547,7.22,2024,https://cdn.myanimelist.net/images/manga/3/309167l.jpg
201,Shibatte Mitsumete,"Tie Me Up, Stare Me Down",縛って見つめて,Manga,1799,7.22,2024,https://cdn.myanimelist.net/images/manga/1/306074l.jpg
201,Touhou Project Niji Sousaku Series: Koumakan no Onna-tachi,Ladies of Koumakan,東方Project二次創作シリーズ 紅魔館の女たち,Manga,493,7.22,2024,https://cdn.myanimelist.net/images/manga/3/309838l.jpg
201,Undercover Princess,Undercover Princess,"첫눈에 반했어요, 흑막님!",Manhwa,709,7.22,2024,https://cdn.myanimelist.net/images/manga/1/331225l.jpg
208,Ada to Eyva,Ada and Eyva,アダとエイヴァ,One-shot,565,7.21,2024,https://cdn.myanimelist.net/images/manga/2/300682l.jpg
208,My Fantasies Are Cumming to Life?!,My Fantasies Are Cumming to Life?!,성공한 덕후의 사정,Manhwa,708,7.21,2024,https://cdn.myanimelist.net/images/manga/2/296478l.jpg
208,Pan wo Nameruna!,Don't Underestimate Bread Making,パンをナメるな!,Manga,1550,7.21,2024,https://cdn.myanimelist.net/images/manga/2/309126l.jpg
208,Shugo Chara! Jewel Joker,Shugo Chara! Jewel Joker,しゅごキャラ！ ジュエルジョーカー,Manga,987,7.21,2024,https://cdn.myanimelist.net/images/manga/1/319253l.jpg
208,Tsumi to Batsu no Spica,,罪と罰のスピカ,Manga,4661,7.21,2024,https://cdn.myanimelist.net/images/manga/2/314702l.jpg
213,Tokoton Kuzu na Watarase nanoni,Watch Out for Watarase,とことんクズな渡良瀬なのに,Manga,1216,7.2,2024,https://cdn.myanimelist.net/images/manga/1/324730l.jpg
214,Ao Ashi: Midnight Dinner,,アオアシ ミッドナイト・ダイナー,Manga,425,7.19,2024,https://cdn.myanimelist.net/images/manga/2/303057l.jpg
214,Danjo Hi 1:5 no Sekai demo Futsuu ni Ikirareru to Omotta? Gekiomo Kanjou na Kanojo-tachi ga Mujikaku Danshi ni Hanrou saretara,,男女比1：5の世界でも普通に生きられると思った? ～激重感情な彼女たちが無自覚男子に翻弄されたら～,Manga,7195,7.19,2024,https://cdn.myanimelist.net/images/manga/3/323638l.jpg
214,Duchess in Ruins,Duchess in Ruins,전리품 공작부인,Manhwa,1780,7.19,2024,https://cdn.myanimelist.net/images/manga/3/314326l.jpg
214,Genius Lout Composer Returns,Genius Lout Composer Returns,망나니 천재 작곡가 회귀하다,Manhwa,1553,7.19,2024,https://cdn.myanimelist.net/images/manga/2/314410l.jpg
214,Love Is an Illusion! Superstar,Love Is an Illusion! Superstar,사랑은 환상! ~슈퍼스타~,Manhwa,1886,7.19,2024,https://cdn.myanimelist.net/images/manga/1/315313l.jpg
214,Night Shift in Another World,Night Shift in Another World,이세계 편돌이,Manhwa,2377,7.19,2024,https://cdn.myanimelist.net/images/manga/2/315898l.jpg
214,The Villainess Captured the Grand Duke,The Villainess Captured the Grand Duke,악녀는 대공을 사로잡았다,Manhwa,1715,7.19,2024,https://cdn.myanimelist.net/images/manga/1/299222l.jpg
214,"Yuusha yo, Ware wo Sodateyo!","Raise Me, Hero!",勇者よ、我を育てよ!,One-shot,1394,7.19,2024,https://cdn.myanimelist.net/images/manga/2/317018l.jpg
222,Reincarnation of the Hero Party's Grand Mage,Reincarnation of the Hero Party's Grand Mage,용사파티 대마법사의 환생,Manhwa,6117,7.18,2024,https://cdn.myanimelist.net/images/manga/2/302590l.jpg
222,Sasayaku You ni Koi wo Utau: Koushiki Comic Anthology,Whispering You a Love Song Official Comic Anthology,ささやくように恋を唄う 公式コミックアンソロジー,Manga,536,7.18,2024,https://cdn.myanimelist.net/images/manga/1/307915l.jpg
222,The Dang Clan's Swordmaster Heir Just Wants a Normal Life,The Dang Clan's Swordmaster Heir Just Wants a Normal Life,사천당가의 검신급 소가주가 되었다,Manhwa,4714,7.18,2024,https://cdn.myanimelist.net/images/manga/1/309176l.jpg
222,Toppuu to Beat,Gusts and Beats,突風とビート,Manga,1423,7.18,2024,https://cdn.myanimelist.net/images/manga/2/308105l.jpg
226,Family with Benefits,Family with Benefits,찐한 남매,Manhwa,1136,7.17,2024,https://cdn.myanimelist.net/images/manga/1/299136l.jpg
226,I Became the Squirrel That Saves the Villain,I Became the Squirrel That Saves the Villain,악당을 구하는 다람쥐가 되었다,Manhwa,892,7.17,2024,https://cdn.myanimelist.net/images/manga/3/317203l.jpg
226,Just Read Me Already!,Just Read Me Already!,제발 좀 읽어달라고,Manhwa,2941,7.17,2024,https://cdn.myanimelist.net/images/manga/3/311430l.jpg
226,My Life as a Loser 2,My Life as a Loser 2,인생존망2,Manhwa,989,7.17,2024,https://cdn.myanimelist.net/images/manga/3/296479l.jpg
226,Osananajimi Big Love,,幼馴染BIG LOVE,Manga,1911,7.17,2024,https://cdn.myanimelist.net/images/manga/2/314587l.jpg
226,The S-Class Lady,The S-Class Lady,S급 헌터는 악역 공녀가 되기 싫습니다,Manhwa,4928,7.17,2024,https://cdn.myanimelist.net/images/manga/1/297477l.jpg
232,Ai no Irezumi,Love Tattoo,愛の刺青,Manga,674,7.16,2024,https://cdn.myanimelist.net/images/manga/1/327469l.jpg
232,Children of Vamfield by Dark Moon,Children of Vamfield by Dark Moon,밤필드의 아이들 by DARK MOON,Manhwa,716,7.16,2024,https://cdn.myanimelist.net/images/manga/1/299165l.jpg
232,Dead Mansion,Dead Mansion,소년법칙,Manhwa,4663,7.16,2024,https://cdn.myanimelist.net/images/manga/2/306610l.jpg
232,Enomoto-senpai wa Tenshi nanka ja Nai,Enomoto Is No Angel,榎本先輩は天使なんかじゃない,Manga,708,7.16,2024,https://cdn.myanimelist.net/images/manga/2/329265l.jpg
232,Kaihen no Mahoutsukai,Kai-hen Wizards,界変の魔法使い,Manga,1758,7.16,2024,https://cdn.myanimelist.net/images/manga/3/319828l.jpg
232,Kanshuu no Ou,The King of Custom,慣習の王,One-shot,377,7.16,2024,https://cdn.myanimelist.net/images/manga/1/315685l.jpg
232,Nakanu Hotaru wa Ao ni Kogareru,A Silent Firefly Burns Itself,鳴かぬ蛍は青に焦がれる,Manga,393,7.16,2024,https://cdn.myanimelist.net/images/manga/3/318721l.jpg
232,The Genius Spirited Streamer,The Genius Spirited Streamer,천재의 신들린 게임방송,Manhwa,727,7.16,2024,https://cdn.myanimelist.net/images/manga/1/303466l.jpg
232,The Legendary Hero Is an Academy Honors Student,The Legendary Hero Is an Academy Honors Student,전설급 영웅은 아카데미 우등생,Manhwa,8886,7.16,2024,https://cdn.myanimelist.net/images/manga/2/317060l.jpg
232,Yabai Idol no Manager ni Nacchatta Hanashi,Yabai Idol and Her Manager,やばいアイドルのマネージャーになっちゃった話,Manga,1599,7.16,2024,https://cdn.myanimelist.net/images/manga/3/302808l.jpg
242,Azadarake no Classmate,,痣だらけのクラスメイト,Manga,5773,7.15,2024,https://cdn.myanimelist.net/images/manga/1/299591l.jpg
242,Celeb Lady,Celeb Lady,셀럽 레이디,Manhwa,589,7.15,2024,https://cdn.myanimelist.net/images/manga/1/307042l.jpg
242,Exorcist no Kiyoshi-kun,Ultimate Exorcist Kiyoshi,悪祓士〈エクソシスト〉のキヨシくん,Manga,7887,7.15,2024,https://cdn.myanimelist.net/images/manga/1/314075l.jpg
242,Kage no Jitsuryokusha ni Naritakute! Master of Garden: Shichikage Retsuden,,陰の実力者になりたくて!マスターオブガーデン～七陰列伝～,Manga,1955,7.15,2024,https://cdn.myanimelist.net/images/manga/2/315092l.jpg
242,Koi wo Suru nara Hirefushite,Love Means Surrendering Completely,恋をするならひれ伏して,Manga,261,7.15,2024,https://cdn.myanimelist.net/images/manga/1/338689l.jpg
242,Magic-Girl Service,Magic-Girl Service,매직걸 서비스,Manhwa,692,7.15,2024,https://cdn.myanimelist.net/images/manga/2/314227l.jpg
242,The Investor Who Sees the Future,,미래를 보는 투자자,Manhwa,2039,7.15,2024,https://cdn.myanimelist.net/images/manga/3/319003l.jpg
242,"Two Tigers, Too Close","Two Tigers, Too Close",호호상박,Manhwa,624,7.15,2024,https://cdn.myanimelist.net/images/manga/2/337998l.jpg
242,Yang-senpai wa Hitori de Ikiteikenai,Yang Can't Live Alone,ヤン先輩はひとりで生きていけない,Manga,1520,7.15,2024,https://cdn.myanimelist.net/images/manga/5/335860l.jpg
251,Disaster Is Always By My Side,Disaster Is Always By My Side,재난은 늘 곁에 있다,Manhwa,553,7.14,2024,https://cdn.myanimelist.net/images/manga/2/312223l.jpg
252,Boukensha Sakaba no Ryourinin,,冒険者酒場の料理人,Manga,639,7.13,2024,https://cdn.myanimelist.net/images/manga/3/328451l.jpg
252,Imouto wa Shitteiru,My Sister Knows,妹は知っている,Manga,621,7.13,2024,https://cdn.myanimelist.net/images/manga/2/320389l.jpg
252,"Multiverse no Watashi, Koishite Ii desu ka?",Can I Fall in Love with a Multiverse?,マルチバースの私、恋していいですか？,One-shot,3342,7.13,2024,https://cdn.myanimelist.net/images/manga/1/306435l.jpg
252,The Last Passage,The Last Passage,사자의 서,Manhwa,997,7.13,2024,https://cdn.myanimelist.net/images/manga/3/311792l.jpg
252,The Villains' Little Heiress,The Villains' Little Heiress,악당 가문의 상속녀입니다,Manhwa,941,7.13,2024,https://cdn.myanimelist.net/images/manga/2/298686l.jpg
252,Yume ka Utsutsu ka,Daydream Darling,ユメかウツツか,Manga,1857,7.13,2024,https://cdn.myanimelist.net/images/manga/2/318948l.jpg
258,Another Blue Lock: Episode Harajuku,,ANOTHERブルーロック -EPISODE 原宿-,Manga,754,7.12,2024,https://cdn.myanimelist.net/images/manga/1/311699l.jpg
258,One Too Many Supporting Male Leads,One Too Many Supporting Male Leads,서브 남주가 너무 많아!,Manhwa,715,7.12,2024,https://cdn.myanimelist.net/images/manga/1/296211l.jpg
260,Genius Grandson of the Loan Shark King,Genius Grandson of the Loan Shark King,사채왕의 천재손자,Manhwa,1626,7.11,2024,https://cdn.myanimelist.net/images/manga/1/312506l.jpg
260,Goze Hotaru,Goze Hotaru,ごぜほたる,Manga,2520,7.11,2024,https://cdn.myanimelist.net/images/manga/2/303531l.jpg
260,Kobayashi-san Chi no Maid Dragon: Ilulu wa Koi toka Wakarimasen!,Miss Kobayashi's Dragon Maid: Ilulu Doesn't Understand Love,小林さんちのメイドラゴン イルルは恋とかわかりません!,Manga,792,7.11,2024,https://cdn.myanimelist.net/images/manga/2/328869l.jpg
260,Shinobigoto,Shinobi Undercover,しのびごと,Manga,7853,7.11,2024,https://cdn.myanimelist.net/images/manga/2/317475l.jpg
260,Solo Resurrection,,나 혼자 부활한다,Manhwa,3985,7.11,2024,https://cdn.myanimelist.net/images/manga/2/312041l.jpg
260,The Pool,,THE POOL,Manga,2382,7.11,2024,https://cdn.myanimelist.net/images/manga/1/338044l.jpg
260,Trapped With the Male Lead in a Horror Game,Trapped With the Male Lead in a Horror Game,공포게임 남주와 감금당했다,Manhwa,1421,7.11,2024,https://cdn.myanimelist.net/images/manga/3/299186l.jpg
260,Utsuranain desu,The Ghost Doesn't Show Up.,写らナイんです,Manga,1263,7.11,2024,https://cdn.myanimelist.net/images/manga/3/309141l.jpg
268,Kanata no Kimi no Te,,彼方の君の手,Manga,332,7.1,2024,https://cdn.myanimelist.net/images/manga/2/320727l.jpg
268,Kimi no Zetsumetsu suru Mae ni,Before You Go Extinct,きみの絶滅する前に,Manga,1255,7.1,2024,https://cdn.myanimelist.net/images/manga/2/309129l.jpg
268,Mistaken as the Monster Duke's Wife,Mistaken as the Monster Duke's Wife,괴물 공작이 나를 아내로 착각한다,Manhwa,904,7.1,2024,https://cdn.myanimelist.net/images/manga/1/299808l.jpg
268,Night Light Hounds,Night Light Hounds,ナイトライトハウンズ,Manga,3388,7.1,2024,https://cdn.myanimelist.net/images/manga/3/318767l.jpg
268,Ohitsuji-chan wa Sawaritai,,御羊ちゃんは触りたい,One-shot,424,7.1,2024,https://cdn.myanimelist.net/images/manga/2/315681l.jpg
268,The Genius Murim Fitness Trainer,The Genius Murim Fitness Trainer,천재 무림 트레이너,Manhwa,4915,7.1,2024,https://cdn.myanimelist.net/images/manga/2/303339l.jpg
268,Watashi no Kokoro wa Ojisan de Aru,This Alluring Dark Elf Has the Heart of a Middle-Aged Man!,私の心はおじさんである,Manga,2717,7.1,2024,https://cdn.myanimelist.net/images/manga/1/312344l.jpg
268,Wicked Spot,Wicked Spot,ウィキッドスポット,Manga,3316,7.1,2024,https://cdn.myanimelist.net/images/manga/1/318773l.jpg
276,Concept Café-jou wa Koi wo Kiru,The Concept Cafe Girl Wears Love,コンカフェ嬢は恋を着る,Manga,1316,7.09,2024,https://cdn.myanimelist.net/images/manga/3/320995l.jpg
276,Hiding a Warehouse in the Apocalypse,Hiding a Warehouse in the Apocalypse,아포칼립스에 물류센터를 숨김,Manhwa,2156,7.09,2024,https://cdn.myanimelist.net/images/manga/1/316264l.jpg
276,I Was the Real Head of the House,I Was the Real Head of the House,진짜 가주는 나였다,Manhwa,1429,7.09,2024,https://cdn.myanimelist.net/images/manga/1/304737l.jpg
276,Kunshu-sama ni Muneyake,My Aggravating Sovereign,君主様に胸やけ,Manga,760,7.09,2024,https://cdn.myanimelist.net/images/manga/1/325782l.jpg
276,My Sadistic Master,My Sadistic Master,마이 새디스틱 마스터,Manhwa,860,7.09,2024,https://cdn.myanimelist.net/images/manga/1/316262l.jpg
276,The Archvillain's Dying Nanny,The Archvillain's Dying Nanny,흑막 남주의 시한부 유모입니다,Manhwa,1513,7.09,2024,https://cdn.myanimelist.net/images/manga/2/304090l.jpg
276,The S-Class Guide as Sweet as Honey,The S-Class Guide as Sweet as Honey,꿀 발린 S급 가이드,Manhwa,860,7.09,2024,https://cdn.myanimelist.net/images/manga/1/329527l.jpg
276,We Are Not Dating!!,,우리 안 사귀어!!,Manhwa,1880,7.09,2024,https://cdn.myanimelist.net/images/manga/3/309303l.jpg
284,Gokumama: Gokudou Datta Ore ga Mama ni Natta Hanashi,,ごくまま～極道だったオレがママになった話～,Manga,936,7.08,2024,https://cdn.myanimelist.net/images/manga/3/332623l.jpg
284,Kaijin Fugeki,Kaijin Fugeki: Kindled Spirits,灰仭巫覡,Manga,3483,7.08,2024,https://cdn.myanimelist.net/images/manga/2/309149l.jpg
284,Mahou Shoujo ni Yasashii Gal,Gal Who Are Kind to Magical Girls,魔法少女にやさしいギャル,Manga,867,7.08,2024,https://cdn.myanimelist.net/images/manga/1/348685l.jpg
284,The Archduke's Magical Business Partner,The Archduke's Magical Business Partner,시한부 흑막이 내 파혼을 후원한다,Manhwa,1010,7.08,2024,https://cdn.myanimelist.net/images/manga/1/307845l.jpg
284,Watashi no Koi no Hajimekata,This Is My Love Story,わたしの恋のはじめかた,Manga,1463,7.08,2024,https://cdn.myanimelist.net/images/manga/2/311309l.jpg
289,Bocchi the Rock! Epigraph,,ぼっち・ざ・ろっく！ エピグラフ,Manga,528,7.07,2024,https://cdn.myanimelist.net/images/manga/1/304279l.jpg
289,Gakeppuchi Reijou wa Kurokishi-sama wo Horesasetai!,Marrying the Dark Knight (For Her Money),崖っぷち令嬢は黒騎士様を惚れさせたい!,Manga,3262,7.07,2024,https://cdn.myanimelist.net/images/manga/2/309143l.jpg
289,Harapeko Oyako to Motokare Yanushi,,はらぺこ母娘と元カレ家主,Manga,4087,7.07,2024,https://cdn.myanimelist.net/images/manga/4/327785l.jpg
289,"Hiyakeato no Musume to Fuufu ni Natta Sono Yoru, Gibo mo Ukkari Haramasete shimau Natsu",,日焼け跡の娘と夫婦になったその夜、義母もうっかり孕ませてしまう夏,Doujinshi,386,7.07,2024,https://cdn.myanimelist.net/images/manga/2/310506l.jpg
289,Mr. Magical Girl,,마법소녀 아저씨,Manhwa,970,7.07,2024,https://cdn.myanimelist.net/images/manga/3/315000l.jpg
289,The Roguish Guard in a Medieval Fantasy,The Roguish Guard in a Medieval Fantasy,중세 판타지 속 망나니 경비조장,Manhwa,2614,7.07,2024,https://cdn.myanimelist.net/images/manga/3/312040l.jpg
295,A Breath in the End of Verdure,A Breath in the End of Verdure,숨은 신록 끝에서,Manhwa,480,7.06,2024,https://cdn.myanimelist.net/images/manga/3/321848l.jpg
295,Kurahime to Koi Karasu,The Princess Gloom and the Amorous Raven,昏姫と恋烏,One-shot,703,7.06,2024,https://cdn.myanimelist.net/images/manga/3/312310l.jpg
295,Mashou no Otome no Yakumawari,Role of the Femme Fatale,魔性の乙女の役廻り,Manga,876,7.06,2024,https://cdn.myanimelist.net/images/manga/3/316692l.jpg
295,My Daddy Hid His Power,My Daddy Hid His Power,아빠가 힘을 숨김,Manhwa,1823,7.06,2024,https://cdn.myanimelist.net/images/manga/2/317084l.jpg
295,Ore no Class ni Wakagaetta Motoyome ga Iru,,俺のクラスに若返った元嫁がいる,Manga,10913,7.06,2024,https://cdn.myanimelist.net/images/manga/1/310360l.jpg
295,Raising the Princess After Her Death,,공주는 죽어서 키운다,Manhwa,2002,7.06,2024,https://cdn.myanimelist.net/images/manga/3/303867l.jpg
295,Sabori nara Hokenshitsu de Douzo?,Wanna Skip School in the Infirmary?,サボりなら保健室でどうぞ?,Manga,1337,7.06,2024,https://cdn.myanimelist.net/images/manga/2/311850l.jpg
295,Shikkoku no Harinezumi: Shadow the Hedgehog,,漆黒のハリネズミ シャドウ・ザ・ヘッジホッグ,Manga,606,7.06,2024,https://cdn.myanimelist.net/images/manga/2/323539l.jpg
295,This Wasn't in My Adoption Plan!,This Wasn't in My Adoption Plan!,입양 플랜에는 없던 가족이 생겼다,Manhwa,1318,7.06,2024,https://cdn.myanimelist.net/images/manga/1/317181l.jpg
295,To Whom It No Longer Concerns,To Whom It No Longer Concerns,후회조차 사치인 당신들에게,Manhwa,2291,7.06,2024,https://cdn.myanimelist.net/images/manga/3/306722l.jpg
305,Akuyaku Reijou-tachi wa Yuruganai,The Villainesses Are Unwavering,悪役令嬢たちは揺るがない,Manga,1243,7.05,2024,https://cdn.myanimelist.net/images/manga/3/318769l.jpg
305,Houmurareta Kimi e,To You Who Were Buried.,葬られたきみへ,One-shot,798,7.05,2024,https://cdn.myanimelist.net/images/manga/3/310232l.jpg
305,SKK: Shoujo-tachi no Sekai,The World of SKK Girls,SKK ◁少女たちの世界▷,Manga,1427,7.05,2024,https://cdn.myanimelist.net/images/manga/1/303535l.jpg
305,Sankakuboshi no Horobi no Yama,The Mountain of Remains on Planet Triangle,さんかく星の滅びの山,One-shot,420,7.05,2024,https://cdn.myanimelist.net/images/manga/3/317082l.jpg
305,Sasaki-san wa Chotto dake Sugoi.,,佐々木さんはちょっとだけすごい。,Manga,1546,7.05,2024,https://cdn.myanimelist.net/images/manga/3/324294l.jpg
305,The Countdown of My Death Is Spamming My Status Window,The Countdown of My Death Is Spamming My Status Window,상태창에서 시한부가 빗발친다,Manhwa,964,7.05,2024,https://cdn.myanimelist.net/images/manga/3/306244l.jpg
311,Asura no Sata,Asura's Verdict,アスラの沙汰,Manga,4955,7.04,2024,https://cdn.myanimelist.net/images/manga/3/320374l.jpg
311,"Isegure: Isekai Cheat Musou Ore TUEEE-kei Ikiri Tenseisha ni Kamaseinu ni Saretsuzuketa Elite Kishi, Chou Gureru.",,イセグレ 異世界チート無双 俺TUEEE系イキリ転生者にかませ犬にされ続けたエリート騎士、超グレる。,Manga,771,7.04,2024,https://cdn.myanimelist.net/images/manga/3/315726l.jpg
311,Lord Magear no Deshi,The Lord-Magear's Apprentice,ロードマギアの弟子,Manga,835,7.04,2024,https://cdn.myanimelist.net/images/manga/1/314797l.jpg
311,Mii-chan to Yamada-san,Mii-chan and Miss Yamada,みいちゃんと山田さん,Manga,1341,7.04,2024,https://cdn.myanimelist.net/images/manga/3/316558l.jpg
311,Shouwaru Tensai Osananajimi to no Shoubu ni Makete Hatsutaiken wo Zenbu Ubawareru Hanashi,"Farewell, My Firsts: How My Heartless Childhood Friend Stole All My First Experiences One Bet at a Time",性悪天才幼馴染との勝負に負けて初体験を全部奪われる話,Manga,2879,7.04,2024,https://cdn.myanimelist.net/images/manga/1/308117l.jpg
311,Teikoku-ichi no Akujo ni Dekiai ga Tomarimasen!,I've Fallen for the Empire's Greatest Villainess,帝国一の悪女に溺愛がとまりません!,Manga,708,7.04,2024,https://cdn.myanimelist.net/images/manga/2/336206l.jpg
311,The Last Adventurer,The Last Adventurer,최후의 모험가,Manhwa,10968,7.04,2024,https://cdn.myanimelist.net/images/manga/3/299926l.jpg
311,Traces of the Moon,Traces of the Moon,월흔,Manhwa,628,7.04,2024,https://cdn.myanimelist.net/images/manga/3/308491l.jpg
311,Tsutte Tabetai Gal Sawa-san,,釣って食べたいギャル澤さん,Manga,1944,7.04,2024,https://cdn.myanimelist.net/images/manga/3/311322l.jpg
320,Banjou no Orion,Orion's Board,盤上のオリオン,Manga,758,7.03,2024,https://cdn.myanimelist.net/images/manga/3/300620l.jpg
320,Cool na Doukyuusei no 10-nengo,,クールな同級生の10年後,Manga,2287,7.03,2024,https://cdn.myanimelist.net/images/manga/2/311612l.jpg
320,Haha to Iu Jubaku Musume to Iu Rougoku,"A Mother's Love, a Daughter's Prison",母という呪縛 娘という牢獄,Manga,518,7.03,2024,https://cdn.myanimelist.net/images/manga/3/317489l.jpg
320,Koi ni Koisuru Koibito Kankei,,恋に恋するコイビト関係,Manga,1518,7.03,2024,https://cdn.myanimelist.net/images/manga/4/311211l.jpg
320,"Sekai Saikyou no Kishi wa, Kanarazu Shinu Heroine wo Sukuu Tame Isekai demo Saikyou no Kishi to Naru: Ryoute ni Hana wo, Ryoute ni Ken wo",,世界最強の騎士は、必ず死ぬヒロインを救うため異世界でも最強の騎士となる〜両手に花を、両手に剣を〜,Manga,2075,7.03,2024,https://cdn.myanimelist.net/images/manga/1/317778l.jpg
320,Swallow You Whole,Swallow You Whole,제물남편,Manhwa,1140,7.03,2024,https://cdn.myanimelist.net/images/manga/2/315830l.jpg
326,Cottage Garden,Cottage Garden,코티지 가든(Cottage garden),Manhwa,345,7.02,2024,https://cdn.myanimelist.net/images/manga/1/336972l.jpg
326,Gacha Girl Next Door,Gacha Girl Next Door,이웃집 가챠걸,Manhwa,959,7.02,2024,https://cdn.myanimelist.net/images/manga/1/311983l.jpg
326,Kawaibara-senpai wa Saotome-kun ga Suki!,,可愛原先輩はかわいい〈早乙女くん〉がすき!,Manga,1230,7.02,2024,https://cdn.myanimelist.net/images/manga/1/327136l.jpg
326,Mad Dog: Side Story,Mad Dog: Side Story,매드 독 외전,Manhwa,583,7.02,2024,https://cdn.myanimelist.net/images/manga/3/302851l.jpg
326,Ohitorisama ni wa Naremashita node. Konyakusha Houchichuu!,"Perfectly Fine on My Own, so My Fiancé Can Twist in the Wind",おひとり様には慣れましたので。 婚約者放置中!,Manga,1345,7.02,2024,https://cdn.myanimelist.net/images/manga/1/311593l.jpg
326,Share House with Terminator,,シェアハウス ウィズ ターミネーター,Manga,1160,7.02,2024,https://cdn.myanimelist.net/images/manga/3/300230l.jpg
326,The Executioner,The Executioner,사형집행관,Manhwa,7538,7.02,2024,https://cdn.myanimelist.net/images/manga/2/299991l.jpg
326,The Flower That Swallowed the Beast,The Flower That Swallowed the Beast,꽃이 삼킨 짐승,Manhwa,1129,7.02,2024,https://cdn.myanimelist.net/images/manga/1/306804l.jpg
326,The Killer Whale's Comfort Penguin,The Killer Whale's Comfort Penguin,미친 범고래의 애착 펭귄,Manhwa,796,7.02,2024,https://cdn.myanimelist.net/images/manga/3/310371l.jpg
335,Hyoukaku no Meteoria,,氷核のメテオリア,Manga,1561,7.01,2024,https://cdn.myanimelist.net/images/manga/1/314414l.jpg
335,The Heavenly Demon Wants a Quiet Life,The Heavenly Demon Wants a Quiet Life,천마는 조용히 살고싶다,Manhwa,5220,7.01,2024,https://cdn.myanimelist.net/images/manga/2/315561l.jpg
335,Valhalla Saga,Valhalla Saga,발할라 사가,Manhwa,2436,7.01,2024,https://cdn.myanimelist.net/images/manga/1/314470l.jpg
338,Ai no Ondo wo Oshiete yo,Tell Me the Temperature of Love,愛の温度を教えてよ,Manga,411,7.0,2024,https://cdn.myanimelist.net/images/manga/2/320108l.jpg
338,Boku no Manamusume,My Darling Devilish Daughter,ぼくの魔なむすめ,Manga,1365,7.0,2024,https://cdn.myanimelist.net/images/manga/3/308113l.jpg
338,Nanimo Wakaranai,Nothing Can be Understood,なにも理解〈わか〉らない,Manga,977,7.0,2024,https://cdn.myanimelist.net/images/manga/3/338024l.jpg
338,Obsessed With Hazel the Sweet Witch,Obsessed With Hazel the Sweet Witch,키워준 은혜를 집착으로 갚으시다니요,Manhwa,1329,7.0,2024,https://cdn.myanimelist.net/images/manga/2/313088l.jpg
338,One Husband Is Enough,One Husband Is Enough,남편은 한 명으로 족하다,Manhwa,1914,7.0,2024,https://cdn.myanimelist.net/images/manga/3/301190l.jpg
338,Top 1 Fighting Tutoring,,1등급 싸움과외,Manhwa,1972,7.0,2024,https://cdn.myanimelist.net/images/manga/2/305510l.jpg
344,Ballboy Tactics,Ballboy Tactics,볼보이 택틱스,Manhwa,598,6.99,2024,https://cdn.myanimelist.net/images/manga/1/331234l.jpg
344,The Wicked Ladies-in-Waiting,The Wicked Ladies-in-Waiting,나쁜 시녀들,Manhwa,682,6.99,2024,https://cdn.myanimelist.net/images/manga/2/304921l.jpg
344,xx shinaide! Tsukimine-san.,Don't xx Ms. Tsukimine,××しないで!月峰さん。,Manga,3500,6.99,2024,https://cdn.myanimelist.net/images/manga/3/311781l.jpg
347,A Sharp-Eyed Classmate,,눈매가 사나운 반친구,Manhwa,875,6.98,2024,https://cdn.myanimelist.net/images/manga/2/327386l.jpg
347,Gig of the Day,Gig of the Day,일간알바,Manhwa,839,6.98,2024,https://cdn.myanimelist.net/images/manga/1/345521l.jpg
347,Ice Lord,,얼음군주,Manhwa,1798,6.98,2024,https://cdn.myanimelist.net/images/manga/3/337048l.jpg
347,Leaves Dancing on a Melody,Leaves Dancing on a Melody,한음에 부는 잎새,Manhwa,414,6.98,2024,https://cdn.myanimelist.net/images/manga/3/331426l.jpg
351,Another Blue Lock: Episode Omotesando,,ANOTHERブルーロック -EPISODE 表参道-,Manga,661,6.97,2024,https://cdn.myanimelist.net/images/manga/1/311698l.jpg
351,Ghost Fixers,GHOST FIXERS,ゴーストフィクサーズ,Manga,3547,6.97,2024,https://cdn.myanimelist.net/images/manga/3/303529l.jpg
351,Lilies Complex,,リリィズコンプレックス,Manga,987,6.97,2024,https://cdn.myanimelist.net/images/manga/3/321234l.jpg
351,Surviving in a Romance Fantasy Novel,,로판에서 살아남기,Manhwa,3125,6.97,2024,https://cdn.myanimelist.net/images/manga/3/318219l.jpg
355,Akumade Sukisugiru dake,,あくまで好きすぎるだけ,One-shot,360,6.96,2024,https://cdn.myanimelist.net/images/manga/1/324139l.jpg
355,Gal to Tsuchinoko,Gal & Tsuchinoko,ギャルとツチノコ,Manga,898,6.96,2024,https://cdn.myanimelist.net/images/manga/3/306068l.jpg
355,Kawaii Koi wa Kikazaranai,Don't Dress up My Sweet Sweet Love!,カワイイ恋は着飾らない,Manga,2281,6.96,2024,https://cdn.myanimelist.net/images/manga/3/303059l.jpg
355,"Osananajimi wa, Nyaa to Naite Skirt no Naka",,幼馴染は、にゃあと鳴いてスカートのなか,Manga,1072,6.96,2024,https://cdn.myanimelist.net/images/manga/4/326687l.jpg
355,Owarenakatta Koi no Hanashi,We are still in first love,終われなかった恋の話,Manga,218,6.96,2024,https://cdn.myanimelist.net/images/manga/1/319432l.jpg
355,There Are No Bad Warriors in This World,There Are No Bad Warriors in This World,세상에 나쁜 용사는 없다,Manhwa,3514,6.96,2024,https://cdn.myanimelist.net/images/manga/1/314718l.jpg
361,"""Furetai"" wa Koi no Hajimari","""I Wanna Touch You."" Then Love Begins.",「触れたい」は恋の始まり,Manga,1864,6.95,2024,https://cdn.myanimelist.net/images/manga/5/323711l.jpg
361,Heisei Haizanhei Sumire-chan,,平成敗残兵すみれちゃん,Manga,3601,6.95,2024,https://cdn.myanimelist.net/images/manga/2/301971l.jpg
361,Kunigei: Ookuni Daigaku Geijutsu Gakubu Eiga Gakka,Kunigei: Okuni University Art Department Film Program,クニゲイ～大國大学藝術学部映画学科～,Manga,1030,6.95,2024,https://cdn.myanimelist.net/images/manga/2/314063l.jpg
361,My Clueless Love Diary,My Clueless Love Diary,새까만 순정일지,Manhwa,609,6.95,2024,https://cdn.myanimelist.net/images/manga/3/320683l.jpg
361,Nameless Flower,Nameless Flower,이름 없는 꽃,Manhwa,355,6.95,2024,https://cdn.myanimelist.net/images/manga/2/333669l.jpg
361,Rappa: Yankee Ninpuuchou,Rappa: Bad Boys Ninja Chronicle,乱破～ヤンキー忍風帖～,Manga,773,6.95,2024,https://cdn.myanimelist.net/images/manga/1/321225l.jpg
361,"Shachiku Kensei, Haishinsha ni Naru: Black Guild Kaishain, Ukkari Kaishayou Kaisen de S-kyuu Monster wo Aite ni Musou suru Tokoro wo Zenkoku Haishin shiteshimau",Overpowered and Underpaid: An OP Swordmaster Turns Hit Streamer,社畜剣聖、配信者になる 〜ブラックギルド会社員、うっかり会社用回線でS級モンスターを相手に無双するところを全国配信してしまう〜,Manga,2037,6.95,2024,https://cdn.myanimelist.net/images/manga/3/316356l.jpg
361,Tempest Night,Tempest Night,폭야(暴夜),Manhwa,466,6.95,2024,https://cdn.myanimelist.net/images/manga/1/331242l.jpg
369,"Date Me, Too!","Date Me, Too!",나랑도 사귀어 주라,Manhwa,413,6.94,2024,https://cdn.myanimelist.net/images/manga/3/331255l.jpg
369,Devilish Son-In-Law,Devilish Son-In-Law,데빌사위,Manhwa,977,6.94,2024,https://cdn.myanimelist.net/images/manga/3/318955l.jpg
369,Dungeon Elf: Dungeon ni Takarabako ga Aru no wa Atarimae desu ka,Dungeon Elf: What's a Dungeon without Treasure Chests?,ダンジョンエルフ ～ダンジョンに宝箱があるのは当たり前ですか～,Manga,1776,6.94,2024,https://cdn.myanimelist.net/images/manga/1/317480l.jpg
369,I Became the Young Villain's Sister-in-Law,I Became the Young Villain's Sister-in-Law,어린 흑막의 형수님이 되었다,Manhwa,1348,6.94,2024,https://cdn.myanimelist.net/images/manga/3/295280l.jpg
369,Kamudo: Kaze no Kamudo,Kamudo,KAMUDO 風の神門,Manga,1122,6.94,2024,https://cdn.myanimelist.net/images/manga/2/335766l.jpg
369,Naisho no Kanojo,,ナイショの彼女,One-shot,293,6.94,2024,https://cdn.myanimelist.net/images/manga/3/311808l.jpg
369,Shinimodori Oujo wa Ikinobiru Tame ni Yuri Harem wo Tsukuru Koto ni Shita,The Death Defying Princess Creates a Yuri Harem to Survive,死に戻り王女は生き延びるために百合ハーレムを作ることにした,Manga,4330,6.94,2024,https://cdn.myanimelist.net/images/manga/2/318557l.jpg
376,Boku no Ikezu na Konyakusha,My Teasing Fiancée,僕のいけずな婚約者,Manga,7272,6.93,2024,https://cdn.myanimelist.net/images/manga/3/314366l.jpg
376,Kirei na Kimi ni Korosaretai.,,綺麗な君に殺されたい。,Manga,2360,6.93,2024,https://cdn.myanimelist.net/images/manga/3/320297l.jpg
376,Kiss wa Shita kedo Tomodachi da yo na!?,"We Kissed, but We're Still Just Friends, Right!?",キスはしたけど友達だよな!?,Manga,310,6.93,2024,https://cdn.myanimelist.net/images/manga/2/341211l.jpg
376,Obsessed With Shuelina,Obsessed With Shuelina,총애를 거절하는데 왜 집착하나요,Manhwa,1132,6.93,2024,https://cdn.myanimelist.net/images/manga/1/315459l.jpg
380,Adopted by My Enemy,Adopted by My Enemy,전생의 원수가 아빠라고요?,Manhwa,799,6.92,2024,https://cdn.myanimelist.net/images/manga/2/310525l.jpg
380,Cash or Credit,Cash or Credit,cash or credit (캐시 오어 크레딧),Manhwa,662,6.92,2024,https://cdn.myanimelist.net/images/manga/1/337502l.jpg
380,Doctor's Time Travel to Joseon,,"닥터, 조선 가다",Manhwa,583,6.92,2024,https://cdn.myanimelist.net/images/manga/2/337509l.jpg
380,"I Couldn't Care Less About the Original, I'm Just Trying to Survive","I Couldn't Care Less About the Original, I'm Just Trying to Survive","원작은 모르겠고, 먹고 살기도 바쁩니다",Manhwa,787,6.92,2024,https://cdn.myanimelist.net/images/manga/1/317101l.jpg
380,"I Possessed a Villainess, but I Wanna Raise Cats!","I Possessed a Villainess, but I Wanna Raise Cats!","악역에 빙의했지만, 고양이나 키울래요",Manhwa,1252,6.92,2024,https://cdn.myanimelist.net/images/manga/3/310488l.jpg
380,Mikoto-chan wa Kirawaretakunai!,,みことちゃんは嫌われたくない!,Manga,5824,6.92,2024,https://cdn.myanimelist.net/images/manga/1/323918l.jpg
380,Mizu Mahou gurai shika Torie ga Nai kedo Gendai Chishiki ga Areba Juubun dayone?,"Though I've Got Nothing but Aquamancy, It's Enough to Have Modern Wisdom, Isn't It?",水魔法ぐらいしか取り柄がないけど現代知識があれば充分だよね?,Manga,1397,6.92,2024,https://cdn.myanimelist.net/images/manga/3/328613l.jpg
380,Tamagawa-san Detemashita?,"Tamagawa, Is That You?",玉川さん 出てました?,Manga,3132,6.92,2024,https://cdn.myanimelist.net/images/manga/5/325229l.jpg
380,The Exclusive Contractor's Quitting Chronicles,The Exclusive Contractor's Quitting Chronicles,공무원 헌터의 S급 퇴사일지,Manhwa,919,6.92,2024,https://cdn.myanimelist.net/images/manga/3/305026l.jpg
380,The Hate Trap,The Hate Trap,나를 혐오하는 남주들과 갇혀버렸다,Manhwa,421,6.92,2024,https://cdn.myanimelist.net/images/manga/2/326946l.jpg
380,The Worst Villainess,The Worst Villainess,막장 악녀,Manhwa,638,6.92,2024,https://cdn.myanimelist.net/images/manga/3/306543l.jpg
391,"""Hitokiri"" Shoujo, Koushaku Reijou no Goei ni Naru","""Hitokiri"" Girl Becomes Bodyguard for Duke's Daughter",『人斬り』少女、公爵令嬢の護衛になる,Manga,1860,6.91,2024,https://cdn.myanimelist.net/images/manga/3/309845l.jpg
391,"Aisare Tenshi na Classmate ga, Ore ni dake Itazura ni Hohoemu",The Classmate Who Is Adored by Everyone Smiles Teasingly Only at Me,愛され天使なクラスメイトが、俺にだけいたずらに微笑む,Manga,3270,6.91,2024,https://cdn.myanimelist.net/images/manga/3/315090l.jpg
391,Ending This Marriage for Your Happiness,Ending This Marriage for Your Happiness,계약 결혼을 완벽하게 끝내는 방법,Manhwa,535,6.91,2024,https://cdn.myanimelist.net/images/manga/1/319085l.jpg
391,Saigo no Elf,The Last Elf,最後のエルフ,Manga,838,6.91,2024,https://cdn.myanimelist.net/images/manga/1/300971l.jpg
395,A Ranker's Guide to the Good Life,A Ranker's Guide to the Good Life,랭커를 위한 바른 생활 안내서,Manhwa,3054,6.9,2024,https://cdn.myanimelist.net/images/manga/2/299925l.jpg
395,Basashi ga Tabetai,I'm So Hungry I Could Eat Basashi,馬刺しが食べたい,Manga,1143,6.9,2024,https://cdn.myanimelist.net/images/manga/3/310344l.jpg
395,Destined to Be an Outcast,Destined to Be an Outcast,이물질은 나였다,Manhwa,1339,6.9,2024,https://cdn.myanimelist.net/images/manga/3/317201l.jpg
395,Haru no Regista,,ハルのレジスタ,Manga,664,6.9,2024,https://cdn.myanimelist.net/images/manga/3/317482l.jpg
395,Ilya,Ilya,ILYA-イリヤ-,One-shot,801,6.9,2024,https://cdn.myanimelist.net/images/manga/2/313909l.jpg
395,The Villainess Just Wants to Live in Peace!,The Villainess Just Wants to Live in Peace!,악녀는 조용히 살고 싶을 뿐인데!,Manhwa,2747,6.9,2024,https://cdn.myanimelist.net/images/manga/3/303754l.jpg
395,Toshi Densetsu-senpai,The Urban Legend Files,都市伝説先輩,Manga,2058,6.9,2024,https://cdn.myanimelist.net/images/manga/2/320386l.jpg
402,Dirty Deeds,Dirty Deeds,개짓,Manhwa,565,6.89,2024,https://cdn.myanimelist.net/images/manga/3/320979l.jpg
402,For My Own Good,For My Own Good,세상만 구하고 은퇴하겠습니다,Manhwa,1105,6.89,2024,https://cdn.myanimelist.net/images/manga/2/331238l.jpg
402,Haikyuu!! Bangai-hen: Nobuyuki Kai no Akumu,Haikyuu!! Special One-shot: Nobuyuki Kai's Nightmare,ハイキュー!! 番外編 海信行の悪夢,One-shot,669,6.89,2024,https://cdn.myanimelist.net/images/manga/3/296640l.jpg
402,Hiding Out in an Apocalypse,Hiding Out in an Apocalypse,아포칼립스에 집을 숨김,Manhwa,1633,6.89,2024,https://cdn.myanimelist.net/images/manga/2/303575l.jpg
402,Himaten!,Hima-Ten!,ひまてん!,Manga,18013,6.89,2024,https://cdn.myanimelist.net/images/manga/2/314076l.jpg
402,My Girlfriend,My Girlfriend,내 여자친구는,Manhwa,861,6.89,2024,https://cdn.myanimelist.net/images/manga/1/313911l.jpg
402,"Nou Aru Ogre wa Tsuno wo Kakusu: Maou Kouho ni Erabareshi Moto Yuusha, Hito ni Bakete Tabi ni Deru",A Talented Ogre Hides Its Horn,能あるオーガは角を隠す 魔王候補に選ばれし元勇者、人に化けて旅に出る,Manga,1156,6.89,2024,https://cdn.myanimelist.net/images/manga/1/317471l.jpg
402,Pole Star,,POLE STAR,Manga,987,6.89,2024,https://cdn.myanimelist.net/images/manga/2/306891l.jpg
402,Swim in the Cherry,,Swim in the Cherry (스윔 인 더 체리),Manhwa,469,6.89,2024,https://cdn.myanimelist.net/images/manga/1/317164l.jpg
402,Tenbou Daikaku,Empyreal Cabinet,天傍台閣,Manga,2270,6.89,2024,https://cdn.myanimelist.net/images/manga/1/315731l.jpg
402,"Tensei Around 30 Joshi no Isekaikatsu: Seiryaku Kekkon wa Iya nanode, Zatsugaku Chishiki de Tanoshii Kaikaku Life wo Kekkou Shichaimasu!",,転生アラサー女子の異世改活 政略結婚は嫌なので、雑学知識で楽しい改革ライフを決行しちゃいます!,Manga,840,6.89,2024,https://cdn.myanimelist.net/images/manga/3/316686l.jpg
402,The Doomed House's Contract Daughter,The Doomed House's Contract Daughter,곧 망할 가문의 계약직 딸이 되었다,Manhwa,1160,6.89,2024,https://cdn.myanimelist.net/images/manga/3/303767l.jpg
402,The Dragon's Guide to Defying Death,The Dragon's Guide to Defying Death,시한부 드래곤의 생존법,Manhwa,2356,6.89,2024,https://cdn.myanimelist.net/images/manga/3/301656l.jpg
402,Watashi to Kanojo no Kawaii Koi no Hajimekata,How My Cute Girlfriend and I Started a Love Story,私と彼女のかわいい恋のはじめ方,Manga,857,6.89,2024,https://cdn.myanimelist.net/images/manga/2/312736l.jpg
402,Zoku Thermae Romae,Thermae Romae Redux,続テルマエ・ロマエ,Manga,661,6.89,2024,https://cdn.myanimelist.net/images/manga/3/300054l.jpg
417,Black and White Martial Emperor,Black and White Martial Emperor,흑백무제,Manhwa,2395,6.88,2024,https://cdn.myanimelist.net/images/manga/1/300299l.jpg
417,Drama na Koi wa Kihon kara,Dramatic Love Starts from the Basics,ドラマな恋は基本から,Manga,2083,6.88,2024,https://cdn.myanimelist.net/images/manga/1/306899l.jpg
417,Hanareta Futari,,はなれたふたり,One-shot,460,6.88,2024,https://cdn.myanimelist.net/images/manga/2/307312l.jpg
417,Ponta ga Hito ni Narimashite.,Ponta Has Become a Human.,ポン太がヒトになりまして。,Manga,1899,6.88,2024,https://cdn.myanimelist.net/images/manga/1/298973l.jpg
417,Shirokuro Kanojo ga Dekita Riyuu,,白黒カノジョができた理由,Doujinshi,456,6.88,2024,https://cdn.myanimelist.net/images/manga/2/301966l.jpg
417,"Sono Uruwashiki Hito wa,",,そのうるわしきひとは、,Manga,398,6.88,2024,https://cdn.myanimelist.net/images/manga/1/309162l.jpg
417,Stained Blue,Stained Blue,푸른 뭍 아래로,Manhwa,284,6.88,2024,https://cdn.myanimelist.net/images/manga/2/331337l.jpg
417,"Takou no Koori Hime wo Tasuketara, Otomodachi kara Hajimeru Koto ni Narimashita","After Helping the ""Ice Princess"" from Another School, I Decided to Start as a Friend.",他校の氷姫を助けたら、お友達から始める事になりました,Manga,4627,6.88,2024,https://cdn.myanimelist.net/images/manga/3/318555l.jpg
417,The New Hire Is the Demon Lord,The New Hire Is the Demon Lord,신입사원은 마왕,Manhwa,1206,6.88,2024,https://cdn.myanimelist.net/images/manga/3/307667l.jpg
426,Bijo to Yajuu: Gal to Kimoota 3rd,,美女と野獣～ギャルとキモオタ～ 3rd,One-shot,222,6.87,2024,https://cdn.myanimelist.net/images/manga/3/321677l.jpg
426,Himokuzu Hana-kun wa Shinitagari,Hana-kun Can't Live Without Me,ヒモクズ花くんは死にたがり,Manga,2428,6.87,2024,https://cdn.myanimelist.net/images/manga/1/303600l.jpg
426,Justice Dojo,Justice Dojo,정의유도관,Manhwa,278,6.87,2024,https://cdn.myanimelist.net/images/manga/1/312187l.jpg
426,"Kao dake Ii Classmate ga, Yatara to Guigui Kuru Yuri no Hanashi.",,顔だけ良いクラスメイトが、やたらとグイグイ来る百合の話。,Manga,994,6.87,2024,https://cdn.myanimelist.net/images/manga/1/337215l.jpg
426,Minashigo no Nagai Yoru,The Orphan's Long Night,みなしごの長い夜,One-shot,263,6.87,2024,https://cdn.myanimelist.net/images/manga/2/312079l.jpg
426,Teach Me How to Desire,Teach Me How to Desire,욕망을 가르쳐주세요,Manhwa,620,6.87,2024,https://cdn.myanimelist.net/images/manga/3/313476l.jpg
426,The Eunuch's Rebirth: A Journey Back to Manhood,,2회차 환관이 남성을 되찾음,Manhwa,1373,6.87,2024,https://cdn.myanimelist.net/images/manga/2/333354l.jpg
426,Why Yuria Hid Her Wealth,Why Yuria Hid Her Wealth,악녀 언니가 재력을 숨김,Manhwa,1140,6.87,2024,https://cdn.myanimelist.net/images/manga/1/317183l.jpg
434,Akogare no Maid-san wa Tobacco ga Niau,The Maid I Admire Looks Good with a Cigarette,憧れのメイドさんはタバコが似合う,Manga,575,6.86,2024,https://cdn.myanimelist.net/images/manga/1/318547l.jpg
434,Amazing Digital Circus,The Amazing Digital Circus,アメイジング デジタル サーカス,Manga,626,6.86,2024,https://cdn.myanimelist.net/images/manga/2/335756l.jpg
434,Danshi Kinsei Game Sekai de Ore ga Yarubeki Yuiitsu no Koto: Yuri no Aida ni Hasamaru Otoko toshite Tensei shiteshimaimashita,,男子禁制ゲーム世界で俺がやるべき唯一のこと 百合の間に挟まる男として転生してしまいました,Manga,2308,6.86,2024,https://cdn.myanimelist.net/images/manga/3/330935l.jpg
434,Mukuro to Kishi,The Knight and the Corpse,骸と騎士,One-shot,1200,6.86,2024,https://cdn.myanimelist.net/images/manga/1/315866l.jpg
434,SM Yuri Ecchi Anthology,,SM百合えっちアンソロジー,Manga,538,6.86,2024,https://cdn.myanimelist.net/images/manga/1/312228l.jpg
434,Seventh Time's the Charm!,Seventh Time's the Charm!,악당의 딸은 회귀해봤자,Manhwa,1149,6.86,2024,https://cdn.myanimelist.net/images/manga/2/310227l.jpg
434,The Dragon Slayer's Regression on Another Level,The Dragon Slayer's Regression on Another Level,용살자의 클래스가 다른 회귀,Manhwa,6201,6.86,2024,https://cdn.myanimelist.net/images/manga/2/317259l.jpg
434,The Villainous Tyrant Has Returned,The Villainous Tyrant Has Returned,악역 폭군이 회귀해 버렸다,Manhwa,1211,6.86,2024,https://cdn.myanimelist.net/images/manga/3/307774l.jpg
442,Ai ga Nakereba Idol Dekinai,"Without Love, I Can't Be an Idol.",愛がなければアイドルできない,Manga,888,6.85,2024,https://cdn.myanimelist.net/images/manga/1/312751l.jpg
442,Akumade Taida na Akuyaku Kizoku @comic,,あくまで怠惰な悪役貴族@COMIC,Manga,2738,6.85,2024,https://cdn.myanimelist.net/images/manga/2/350155l.jpg
442,"Henkyou Mob Kizoku no Uchi ni Totsuidekita Akuyaku Reijou ga, Mechakucha Dekiru Ii Yome Nanda ga?","The Villainess Who Came to Marry into the Frontier Noble's Household Is an Exceptionally Capable Wife, Isn't She?",辺境モブ貴族のウチに嫁いできた悪役令嬢が、めちゃくちゃできる良い嫁なんだが?,Manga,6769,6.85,2024,https://cdn.myanimelist.net/images/manga/2/320398l.jpg
442,Here Reigns the Vengeful Villainess,Here Reigns the Vengeful Villainess,이 구역의 미친 악녀는 나야,Manhwa,652,6.85,2024,https://cdn.myanimelist.net/images/manga/2/310982l.jpg
442,I Became a Ruined Character in a Dark Fantasy,I Became a Ruined Character in a Dark Fantasy,다크 판타지의 망캐가 되었다,Manhwa,1430,6.85,2024,https://cdn.myanimelist.net/images/manga/2/310062l.jpg
442,Okutou-san wa Hipparidako,,奥藤さんはひっぱりだこ,One-shot,344,6.85,2024,https://cdn.myanimelist.net/images/manga/2/328201l.jpg
442,Seinaru Otome to Himegoto wo,Doing Secret Things with the Holy Maidens,聖なる乙女と秘めごとを,Manga,5838,6.85,2024,https://cdn.myanimelist.net/images/manga/2/312763l.jpg
442,Senchi kara Kaettekita Takashi-kun. Futsuu ni Koukou Seikatsu wo Okuritai,,戦地から帰ってきたタカシ君。普通に高校生活を送りたい,Manga,613,6.85,2024,https://cdn.myanimelist.net/images/manga/3/329094l.jpg
442,Sentou Gal to Iinchou,,銭湯ギャルと委員長,One-shot,392,6.85,2024,https://cdn.myanimelist.net/images/manga/1/331901l.jpg
442,Smother Me,Smother Me,SMOTHER ME,Manga,3998,6.85,2024,https://cdn.myanimelist.net/images/manga/2/315733l.jpg
442,Tonari no Jiisan,,トナリノジイサン,Manga,1027,6.85,2024,https://cdn.myanimelist.net/images/manga/2/312385l.jpg
453,Bishoujo Senshi Stress,Pretty Guardian Stress,美少女戦士ストレス,One-shot,529,6.84,2024,https://cdn.myanimelist.net/images/manga/3/315722l.jpg
453,Bokura no Ai wa Kimochi Warui,"Our ""Love"" Is Disgusting.",僕らのアイは気持ち悪い,Manga,1938,6.84,2024,https://cdn.myanimelist.net/images/manga/4/330406l.jpg
453,"Bunkei no Kimi, Rikei no Anata",,文系のきみ、理系のあなた,One-shot,230,6.84,2024,https://cdn.myanimelist.net/images/manga/1/308906l.jpg
453,Do You Need Salvation?,Do You Need Salvation?,구원이 필요하신가요?,Manhwa,734,6.84,2024,https://cdn.myanimelist.net/images/manga/3/310490l.jpg
453,Herald,Herald,HERALD,One-shot,403,6.84,2024,https://cdn.myanimelist.net/images/manga/2/313950l.jpg
453,How Far Can We Go?,How Far Can We Go?,"부부, 어디까지 가능해?",Manhwa,417,6.84,2024,https://cdn.myanimelist.net/images/manga/3/317799l.jpg
453,Linda,,リンダ,One-shot,382,6.84,2024,https://cdn.myanimelist.net/images/manga/2/305082l.jpg
453,Medetai Sensei,Teachers I Want to Love,愛でたいセンセイ,Manga,833,6.84,2024,https://cdn.myanimelist.net/images/manga/5/331627l.jpg
453,Paragon Demon: Revenant Saga,Paragon Demon: Revenant Saga,환생마신전,Manhwa,3874,6.84,2024,https://cdn.myanimelist.net/images/manga/2/316187l.jpg
462,Changing the Genre From Angst to Heartwarming,Changing the Genre From Angst to Heartwarming,피폐물을 힐링물로 만드는 방법,Manhwa,1436,6.83,2024,https://cdn.myanimelist.net/images/manga/2/313137l.jpg
462,Fairy Tail: Jibun no Shinjiru Michi,Fairy Tail: The Path You Believe In,FAIRY TAIL 自分の信じる道,One-shot,397,6.83,2024,https://cdn.myanimelist.net/images/manga/3/306005l.jpg
462,Psycho Eyes,,サイコアイズ,Manga,1618,6.83,2024,https://cdn.myanimelist.net/images/manga/2/330207l.jpg
462,The Bad Son,The Bad Son,불효자,Manhwa,898,6.83,2024,https://cdn.myanimelist.net/images/manga/3/303373l.jpg
462,The Hidden Muse,The Hidden Muse,오달리스크,Manhwa,488,6.83,2024,https://cdn.myanimelist.net/images/manga/1/331473l.jpg
462,The Perfect Contract,The Perfect Contract,완벽한 계약,Manhwa,684,6.83,2024,https://cdn.myanimelist.net/images/manga/2/308040l.jpg
462,Yandere ka to Omottara Motto Yabee Onna datta,,ヤンデレかと思ったらもっとヤベー女だった,Manga,5770,6.83,2024,https://cdn.myanimelist.net/images/manga/3/307236l.jpg
469,Akogare no Seitokaichou ga Kyonyuu Sugiru Ken,,憧れの生徒会長が巨乳すぎる件,Doujinshi,256,6.82,2024,https://cdn.myanimelist.net/images/manga/1/314617l.jpg
469,An Insincere Idol's Blank Slate,An Insincere Idol's Blank Slate,초심 잃은 아이돌을 위한 회귀 백서,Manhwa,642,6.82,2024,https://cdn.myanimelist.net/images/manga/1/314743l.jpg
469,"Isekai Shounin: Skill ""Isekai Tokou"" wo Kushi shite, Yuuyuu Jiteki na Okanemochi Slow Life wo Okurimasu",,異世界商人 スキル＜異世界渡航＞を駆使して、悠々自適なお金持ちスローライフを送ります,Manga,1649,6.82,2024,https://cdn.myanimelist.net/images/manga/1/321411l.jpg
469,Izuki-kun wa Tadasaretai,,伊月くんは正されたい,Manga,2710,6.82,2024,https://cdn.myanimelist.net/images/manga/2/334996l.jpg
469,Koroshi to Uso no Marriage,,殺しと嘘のマリアージュ,One-shot,713,6.82,2024,https://cdn.myanimelist.net/images/manga/3/303588l.jpg
469,Praesepe Outside the Cage,Praesepe Outside the Cage,새장 밖의 프레세페,Manhwa,1223,6.82,2024,https://cdn.myanimelist.net/images/manga/1/317094l.jpg
469,Prison Love,Prison Love,프리즌 러브,Manhwa,539,6.82,2024,https://cdn.myanimelist.net/images/manga/2/331175l.jpg
469,Youheidan no Ryouriban,,傭兵団の料理番,Manga,1049,6.82,2024,https://cdn.myanimelist.net/images/manga/1/312024l.jpg
477,Dokudoku,,どくどく,One-shot,735,6.81,2024,https://cdn.myanimelist.net/images/manga/3/309941l.jpg
477,Dragon Heat,Dragon Heat,드릭 히트,Manhwa,424,6.81,2024,https://cdn.myanimelist.net/images/manga/1/322992l.jpg
477,Electrifying Confession,Electrifying Confession,전력고백,Manhwa,813,6.81,2024,https://cdn.myanimelist.net/images/manga/2/313526l.jpg
477,Hankei 15cm no Hatsukoi,,半径15cmの初恋,Manga,275,6.81,2024,https://cdn.myanimelist.net/images/manga/2/318854l.jpg
477,Ichiya de Ochiru Koi Nante,,一夜で堕ちる恋なんて,One-shot,553,6.81,2024,https://cdn.myanimelist.net/images/manga/1/313617l.jpg
477,"No, I Only Charmed the Princess!","No, I Only Charmed the Princess!","아니, 저는 황녀님만 꼬셨다니까요?",Manhwa,1182,6.81,2024,https://cdn.myanimelist.net/images/manga/3/301381l.jpg
477,Reluctant Encounters,Reluctant Encounters,부정적 연애,Manhwa,700,6.81,2024,https://cdn.myanimelist.net/images/manga/2/311077l.jpg
477,Ringoku kara Kita Yome ga Kawaisugite Doushiyou.,,隣国から来た嫁が可愛すぎてどうしよう。,Manga,3837,6.81,2024,https://cdn.myanimelist.net/images/manga/1/329832l.jpg
477,Tori to Ookami,Bird and Wolf,鳥と狼,One-shot,277,6.81,2024,https://cdn.myanimelist.net/images/manga/2/313263l.jpg
477,Villain Fiancé Is in My Way of Happiness,Villain Fiancé Is in My Way of Happiness,흑막 약혼자가 내 꽃길을 방해한다,Manhwa,758,6.81,2024,https://cdn.myanimelist.net/images/manga/3/298687l.jpg
487,Aliens,Aliens: We Are Not Alone in the Universe. But We Are Alone in This World.,エイリアンズ,Manga,662,6.8,2024,https://cdn.myanimelist.net/images/manga/3/330934l.jpg
487,Chie Aru Koibito,,知恵ある恋人,Manga,1777,6.8,2024,https://cdn.myanimelist.net/images/manga/2/336234l.jpg
487,"Happy Birthday, Sayonara",,ハッピーバースデー、さよなら,One-shot,285,6.8,2024,https://cdn.myanimelist.net/images/manga/2/300125l.jpg
487,Kimi no Tame nara Nandodemo,,君のためなら何度でも,Manga,796,6.8,2024,https://cdn.myanimelist.net/images/manga/1/327795l.jpg
487,My Stepdaughter Is a Bunny,My Stepdaughter Is a Bunny,토끼 여주의 새엄마가 되었다,Manhwa,664,6.8,2024,https://cdn.myanimelist.net/images/manga/2/310528l.jpg
487,Not a Peep!,Not a Peep!,"님아, 그 버튼을 누르지 마오",Manhwa,396,6.8,2024,https://cdn.myanimelist.net/images/manga/3/331913l.jpg
487,Sakamoto Holidays,Sakamoto Holidays,SAKAMOTO HOLIDAYS,Manga,1022,6.8,2024,https://cdn.myanimelist.net/images/manga/1/317473l.jpg
487,The Heir,The Heir,귀공자,Manhwa,1775,6.8,2024,https://cdn.myanimelist.net/images/manga/2/312038l.jpg
487,Tonde Hi ni Iru Natsu to Mushi,,飛んで火にいる夏と蛍〈むし〉,One-shot,206,6.8,2024,https://cdn.myanimelist.net/images/manga/3/303310l.jpg
496,Hana ni Kamiguse,Biting Habit on a Flower,花に噛みぐせ,Manga,1022,6.79,2024,https://cdn.myanimelist.net/images/manga/1/304508l.jpg
496,I Became the Emperor's Cat,I Became the Emperor's Cat,황제의 고양이가 되었습니다,Manhwa,448,6.79,2024,https://cdn.myanimelist.net/images/manga/2/310489l.jpg
496,Katasumi no Heartbeat,Heartbeat in a Corner,片隅のハートビート,Manga,643,6.79,2024,https://cdn.myanimelist.net/images/manga/2/312778l.jpg
496,Monster Princess of the Snowy Mountain,Monster Princess of the Snowy Mountain,설산의 괴물 황녀,Manhwa,1249,6.79,2024,https://cdn.myanimelist.net/images/manga/1/300039l.jpg
496,Oshi to no Yuri wa Arienai!,,推しとの百合はありえない!,Manga,2262,6.79,2024,https://cdn.myanimelist.net/images/manga/3/302508l.jpg
496,The Grand Duke of the North,The Grand Duke of the North,북부 대공,Manhwa,915,6.79,2024,https://cdn.myanimelist.net/images/manga/2/312524l.jpg
496,The Heavenly Demon Will Give You a Massage,,천마님 안마하신다,Manhwa,837,6.79,2024,https://cdn.myanimelist.net/images/manga/3/322117l.jpg
496,The Masters Have Subscribed,The Masters Have Subscribed,사부님들이 구독 중,Manhwa,1021,6.79,2024,https://cdn.myanimelist.net/images/manga/2/312383l.jpg
496,Toukon Shimai,,闘魂姉妹,One-shot,351,6.79,2024,https://cdn.myanimelist.net/images/manga/2/317327l.jpg
496,Using My Cooking Skills in a Murim World,,짜장 한 그릇에 제갈세가 데릴사위,Manhwa,1001,6.79,2024,https://cdn.myanimelist.net/images/manga/1/302512l.jpg
506,Ai no Senbiki: Mamakatsu Shitara Mama ga Dekita Hanashi,,アイノセンビキ ～ママ活したらママができた話～,Manga,2801,6.78,2024,https://cdn.myanimelist.net/images/manga/2/320395l.jpg
506,Anata no Koto desu!,,あなたのことです!,One-shot,314,6.78,2024,https://cdn.myanimelist.net/images/manga/3/298100l.jpg
506,Jane,,ジェーン,One-shot,244,6.78,2024,https://cdn.myanimelist.net/images/manga/2/319247l.jpg
506,Orc no Shuhai ni Shukufuku wo,The Half-Blood Orc in the Blended World,オークの酒杯に祝福を,Manga,1344,6.78,2024,https://cdn.myanimelist.net/images/manga/3/312737l.jpg
506,The Villainess Is Everyone's Favorite,The Villainess Is Everyone's Favorite,악역이지만 편애받고 있습니다,Manhwa,815,6.78,2024,https://cdn.myanimelist.net/images/manga/3/317083l.jpg
511,"Bakudanma na Youhei, Douji Shoukan sareta Saikyou Cheat-domo wo Katappashi kara Keshitobasu",The Mercenary Bomber Explodes All Cheaters.,爆弾魔な傭兵、同時召喚された最強チート共を片っ端から消し飛ばす,Manga,1413,6.77,2024,https://cdn.myanimelist.net/images/manga/2/323783l.jpg
511,Becoming a Family With the Duke and His Dear Son,Becoming a Family With the Duke and His Dear Son,남주 아빠가 파혼을 거부한다,Manhwa,1132,6.77,2024,https://cdn.myanimelist.net/images/manga/2/312523l.jpg
511,Grand Metal Organs,Grand Metal Organs,グランメタルオルガンズ,Manga,972,6.77,2024,https://cdn.myanimelist.net/images/manga/3/310698l.jpg
511,Haitatsusaki no Oneesan ga Kowasugiru,My Favorite VTuber Is Scary IRL,配達先のお姉さんが怖すぎる,Manga,12386,6.77,2024,https://cdn.myanimelist.net/images/manga/1/304504l.jpg
511,Inaho-kun wa Nise Kanojo no Hazu nanoni,Inaho-kun Is Supposed to Be a Fake Sweetheart,稲穂くんは偽カノジョのはずなのに,Manga,1799,6.77,2024,https://cdn.myanimelist.net/images/manga/2/314796l.jpg
511,Mou Sawarenai Kimi,,もう触れないキミ,Manga,1001,6.77,2024,https://cdn.myanimelist.net/images/manga/1/302014l.jpg
511,Neko no Hi,,猫の日,One-shot,252,6.77,2024,https://cdn.myanimelist.net/images/manga/1/315017l.jpg
511,Osananajimi no Hito,My Childhood Friend,おさななじみのひと,One-shot,414,6.77,2024,https://cdn.myanimelist.net/images/manga/1/303312l.jpg
511,Our High School Music Genius Is Paganini's Reincarnate,Our High School Music Genius Is Paganini's Reincarnate,예술고 음악천재는 환생한 파가니니,Manhwa,765,6.77,2024,https://cdn.myanimelist.net/images/manga/2/316858l.jpg
511,The Regressed Empress's Abduction Marriage,The Regressed Empress's Abduction Marriage,시간을 돌아온 황후의 납치 결혼,Manhwa,799,6.77,2024,https://cdn.myanimelist.net/images/manga/2/323265l.jpg
511,Welcome to the Dungeon Hotel,Welcome to the Dungeon Hotel,던전 호텔에 오신 것을 환영합니다,Manhwa,1115,6.77,2024,https://cdn.myanimelist.net/images/manga/3/299610l.jpg
511,Übel Blatt II: Shiseru Ou no Kishidan,Übel Blatt II: Knights of the Fallen King,Übel Blatt Ⅱ 死せる王の騎士団,Manga,1196,6.77,2024,https://cdn.myanimelist.net/images/manga/2/316675l.jpg
523,Akudou,,悪童,One-shot,816,6.76,2024,https://cdn.myanimelist.net/images/manga/3/301902l.jpg
523,Fukushuusha Kokona-chan,,復讐者ここなちゃん,One-shot,256,6.76,2024,https://cdn.myanimelist.net/images/manga/2/314407l.jpg
523,I Didn't Sign Up to Be a Nanny!,,시녀님은 육아가 싫어요,Manhwa,820,6.76,2024,https://cdn.myanimelist.net/images/manga/3/303492l.jpg
523,Isekai Toushou no Maken Seisakugurashi,The Magic Swordsmith,異世界刀匠の魔剣製作ぐらし,Manga,729,6.76,2024,https://cdn.myanimelist.net/images/manga/2/304489l.jpg
523,Miyaou Tarou ga Neko wo Kau Nante,Taro Miyao Becomes a Cat Parent?!,宮王太郎が猫を飼うなんて,Manga,837,6.76,2024,https://cdn.myanimelist.net/images/manga/2/310354l.jpg
523,"Nanji, Hoshi no Gotoku",,汝、星のごとく,Manga,661,6.76,2024,https://cdn.myanimelist.net/images/manga/2/314801l.jpg
523,Pest ga Aketara Asobimashou! Chuusei Europe Sekai to Gendai Bunmei Slow Life,,ペストが明けたら遊びましょう! ～中世ヨーロッパ世界と現代文明スローライフ～,Manga,581,6.76,2024,https://cdn.myanimelist.net/images/manga/3/318068l.jpg
523,The Villain's Daughter Plans to Run Away,The Villain's Daughter Plans to Run Away,악역의 딸은 가출을 계획합니다,Manhwa,1719,6.76,2024,https://cdn.myanimelist.net/images/manga/3/299922l.jpg
531,Alt Account Trap!,Alt Account Trap!,뒷계정 트랩!,Manhwa,751,6.75,2024,https://cdn.myanimelist.net/images/manga/1/313918l.jpg
531,CMYK: Sameda Kazuou wa Chuunibyou ga Naosenai,,CMYK 鮫田和王は厨二病が治せない,Manga,1859,6.75,2024,https://cdn.myanimelist.net/images/manga/2/324895l.jpg
531,Deepest Confession,Deepest Confession,가장 깊은 고백,Manhwa,277,6.75,2024,https://cdn.myanimelist.net/images/manga/3/331557l.jpg
531,Enrolling Was a Mistake,Enrolling Was a Mistake,입학은 괜히 해 가지고,Manhwa,2661,6.75,2024,https://cdn.myanimelist.net/images/manga/2/314417l.jpg
531,Inochigake Dummy Romance,This False Love Carries the Risk of Death,命懸けダミーロマンス,Manga,498,6.75,2024,https://cdn.myanimelist.net/images/manga/2/333671l.jpg
531,"Jimi na Ojisan, Jitsu wa Eiyuu deshita. Jikaku ga Nai Mama Musou shitetara, Mei no Dungeon Haishin de Sarasareteta you desu","The Plain Salary Man Turned Out to Be a Hero: He Was Invincible, Only to Be Exposed on His Niece's Dungeon Stream",地味なおじさん、実は英雄でした。～自覚がないまま無双してたら、姪のダンジョン配信で晒されてたようです～,Manga,1597,6.75,2024,https://cdn.myanimelist.net/images/manga/2/330617l.jpg
531,Koi no Iroha wo Oshiete,,恋のいろはを教えて,Manga,663,6.75,2024,https://cdn.myanimelist.net/images/manga/3/309531l.jpg
531,Koi wo Kurawaba Kokoro made,"Devour Love, Devour the Heart",恋を喰らわば心まで,One-shot,382,6.75,2024,https://cdn.myanimelist.net/images/manga/2/315415l.jpg
531,Please Don't Reply!,Please Don't Reply!,답장하지 마세요!,Manhwa,412,6.75,2024,https://cdn.myanimelist.net/images/manga/1/303380l.jpg
531,The Duke's Family Is Not My Problem,The Duke's Family Is Not My Problem,"어쩌다 구원했지만, 책임은 안 집니다",Manhwa,1093,6.75,2024,https://cdn.myanimelist.net/images/manga/3/313484l.jpg
531,The Gardener in a Hunter World,The Gardener in a Hunter World,헌터 세상의 정원사,Manhwa,2642,6.75,2024,https://cdn.myanimelist.net/images/manga/1/301028l.jpg
531,Tonari no Seki no Yankee Shimizu-san ga Kami wo Kuroku Sometekita,The Delinquent Girl Beside Me Suddenly Dyed Her Hair Black,隣の席のヤンキー清水さんが髪を黒く染めてきた,Manga,7475,6.75,2024,https://cdn.myanimelist.net/images/manga/3/319843l.jpg
531,We Hate the Male Lead,We Hate the Male Lead,남주? 줘도 안 가져요,Manhwa,1386,6.75,2024,https://cdn.myanimelist.net/images/manga/3/310533l.jpg
544,"Aori-kei Game Haishinsha (Hatachi), Haishin no Kiriwasure ni Yori Ii Hito Bare suru.",,煽り系ゲーム配信者（20歳）、配信の切り忘れによりいい人バレする。,Manga,3369,6.74,2024,https://cdn.myanimelist.net/images/manga/3/325852l.jpg
544,Chimera 51,,キメラ51,One-shot,247,6.74,2024,https://cdn.myanimelist.net/images/manga/3/301211l.jpg
544,Day Walker,,데이워커,Manhwa,1893,6.74,2024,https://cdn.myanimelist.net/images/manga/2/308929l.jpg
544,Gal Nanajimi wa Koko ga Suki,,ギャルななじみはここが好き,Manga,2169,6.74,2024,https://cdn.myanimelist.net/images/manga/1/298348l.jpg
544,"Heimin Shusshin no Teikoku Shoukan, Munou na Kizoku Joukan wo Juurin shite Nariagaru",The Rising of the Commoner-Origin Officer: Beat up All the Incompetent Noble Superiors!,平民出身の帝国将官、無能な貴族上官を蹂躙して成り上がる,Manga,1544,6.74,2024,https://cdn.myanimelist.net/images/manga/2/309828l.jpg
544,Hero of All Trades,Hero of All Trades,다 잘하는 히어로,Manhwa,1084,6.74,2024,https://cdn.myanimelist.net/images/manga/3/319526l.jpg
544,I'm the Tutor of the Twin Highnesses,I'm the Tutor of the Twin Highnesses,쌍둥이 전하들의 가정교사입니다,Manhwa,493,6.74,2024,https://cdn.myanimelist.net/images/manga/1/309714l.jpg
544,Kakure Tensei @comic,,隠れ転生@COMIC,Manga,1643,6.74,2024,https://cdn.myanimelist.net/images/manga/1/323689l.jpg
544,Memento in Kowloon,,メメント・イン九龍,One-shot,268,6.74,2024,https://cdn.myanimelist.net/images/manga/3/306981l.jpg
544,Remote Jugyou ni Nattara Class 1 no Bishoujo to Doukyo suru Koto ni Natta,Lockdown Life with the Class Beauty,リモート授業になったらクラス1の美少女と同居することになった,Manga,7347,6.74,2024,https://cdn.myanimelist.net/images/manga/2/316133l.jpg
544,The Hero's Ready to Retire,The Hero's Ready to Retire,"영웅은 됐어요, 은퇴라면 몰라도",Manhwa,834,6.74,2024,https://cdn.myanimelist.net/images/manga/1/306181l.jpg
544,Yankee Assistant no Ashizawa-kun ni Koi wo Shita,Drawn to My Bad-Boy Assistant,ヤンキーアシスタントの芦沢くんに恋をした,Manga,698,6.74,2024,https://cdn.myanimelist.net/images/manga/3/312631l.jpg
556,Adopted by a Murderous Duke Family,Adopted by a Murderous Duke Family,암살자 가문의 수양딸이 되었다,Manhwa,3491,6.73,2024,https://cdn.myanimelist.net/images/manga/3/299543l.jpg
556,Band wo Kubi ni Sareta Boku to Oshi JK no Seishun Rewrite,,バンドをクビにされた僕と推しJKの青春リライト,Manga,692,6.73,2024,https://cdn.myanimelist.net/images/manga/2/324762l.jpg
556,Drama Queen,Drama Queen,ドラマクイン,Manga,13489,6.73,2024,https://cdn.myanimelist.net/images/manga/2/320516l.jpg
556,Ex-Love Review,Ex-Love Review,연애리뷰,Manhwa,2089,6.73,2024,https://cdn.myanimelist.net/images/manga/3/318288l.jpg
556,Hottarakashi Meshi,Set It and Forget It,ほったらかし飯,Manga,1609,6.73,2024,https://cdn.myanimelist.net/images/manga/3/305550l.jpg
556,Kamen Kitan Teo,,仮面奇譚テオ,One-shot,456,6.73,2024,https://cdn.myanimelist.net/images/manga/3/301388l.jpg
556,Kanaria wa Kiraboshi no Yume wo Miru,,カナリアは綺羅星の夢をみる,Manga,543,6.73,2024,https://cdn.myanimelist.net/images/manga/3/315209l.jpg
556,"Kitai no Akujo, Sandome no Jinsei de ""Musai Munou"" wo Tanoshimu",Notorious No More: The Villainess Enjoys Feigning Incompetence,稀代の悪女、三度目の人生で【無才無能】を楽しむ,Manga,639,6.73,2024,https://cdn.myanimelist.net/images/manga/3/327101l.jpg
556,"Koibito Ijou no Koto wo, Kanojo ja Nai Kimi to. @comic",,恋人以上のことを、彼女じゃない君と。＠comic,Manga,1816,6.73,2024,https://cdn.myanimelist.net/images/manga/3/311318l.jpg
556,Let Me Kidnap the Male Lead!,Let Me Kidnap the Male Lead!,남주 좀 납치합시다!,Manhwa,908,6.73,2024,https://cdn.myanimelist.net/images/manga/3/308489l.jpg
556,Net Keijiban Hyaku Monogatari Series,"From the Internet, Creepypasta",ネット掲示板百物語シリーズ,Manga,405,6.73,2024,https://cdn.myanimelist.net/images/manga/3/314538l.jpg
556,"Ore ga Kokuhaku sarete kara, Ojou no Yousu ga Okashii.","Since I Was Confessed To, Milady Has Been Acting Strange",俺が告白されてから、お嬢の様子がおかしい。,Manga,4185,6.73,2024,https://cdn.myanimelist.net/images/manga/1/330774l.jpg
556,The Main Characters That Only I Know,,나만 아는 주인공들,Manhwa,2395,6.73,2024,https://cdn.myanimelist.net/images/manga/1/303288l.jpg
556,"Urakata de Support shiteta Geinou Ikka wo Tsuihou sareta Boku wa, Futsuu no Seishun wo Ouka shitai.",Celebrity Family's Ex-Backstage Son Wants a Normal Youth,裏方でサポートしてた芸能一家を追放された僕は、普通の青春を謳歌したい。,Manga,5186,6.73,2024,https://cdn.myanimelist.net/images/manga/1/324358l.jpg
556,Watashi dake ga Miyaji Miyuki wo Aishiteiru,,私だけが宮地美雪を愛している,Manga,905,6.73,2024,https://cdn.myanimelist.net/images/manga/3/311312l.jpg
556,"Why Are You Sorry, Darling?","Why Are You Sorry, Darling?","여보, 왜 당신이 후회해요?",Manhwa,507,6.73,2024,https://cdn.myanimelist.net/images/manga/1/317186l.jpg
572,Dog Matic,,DOG MATIC,Manga,724,6.72,2024,https://cdn.myanimelist.net/images/manga/3/336486l.jpg
572,"Futago Matomete ""Kanojo"" ni Shinai?",,双子まとめて『カノジョ』にしない?,Manga,5772,6.72,2024,https://cdn.myanimelist.net/images/manga/3/309844l.jpg
572,I Thought My Husband Was Supposed to Die?,I Thought My Husband Was Supposed to Die?,시한부 남편인 줄 알았습니다만?,Manhwa,879,6.72,2024,https://cdn.myanimelist.net/images/manga/2/306298l.jpg
572,Kiwamete Gouman Taru Akuyaku Kizoku no Shogyou,The Misdeeds of an Extremely Arrogant Villain Aristocrat,極めて傲慢たる悪役貴族の所業,Manga,911,6.72,2024,https://cdn.myanimelist.net/images/manga/1/334999l.jpg
572,Monster no Niku wo Kutteitara Oui ni Tsuita Ken,,モンスターの肉を食っていたら王位に就いた件,Manga,1607,6.72,2024,https://cdn.myanimelist.net/images/manga/2/318549l.jpg
572,Osananajimi ga Hisabisa ni Saikai shitara Otagai Kyonyuu ni Natteta,Long-Lost Pals Living Their Breast Life,幼馴染が久々に再会したらお互い巨乳になってた,Manga,4438,6.72,2024,https://cdn.myanimelist.net/images/manga/2/300894l.jpg
572,Sutochiru,Street Children,ストチル,Manga,476,6.72,2024,https://cdn.myanimelist.net/images/manga/1/321583l.jpg
579,303-goushitsu no Kamisama,A Deity Stands with A Ghost,303号室の神さま,Manga,1005,6.71,2024,https://cdn.myanimelist.net/images/manga/2/310722l.jpg
579,Endless Summer,Endless Summer,엔드리스 서머,Manhwa,334,6.71,2024,https://cdn.myanimelist.net/images/manga/1/318512l.jpg
579,"Omawarisan, Mata Ashita","See You Again Tomorrow, Mr. Policeman",お巡りさん、また明日,Manga,278,6.71,2024,https://cdn.myanimelist.net/images/manga/3/315367l.jpg
579,Return of the Genius Player,Return of the Genius Player,천재 플레이어의 귀환,Manhwa,1806,6.71,2024,https://cdn.myanimelist.net/images/manga/1/302685l.jpg
579,Sea Witch,,SeaWITCH,One-shot,427,6.71,2024,https://cdn.myanimelist.net/images/manga/2/303049l.jpg
579,The Tiger's Bride,The Tiger's Bride,범하는 신령님,Manhwa,326,6.71,2024,https://cdn.myanimelist.net/images/manga/2/331934l.jpg
579,Watashi ga Sekai wo Sukuu Riyuu,The Reason I Save the World,わたしが世界を救う理由,One-shot,217,6.71,2024,https://cdn.myanimelist.net/images/manga/3/313677l.jpg
579,Yumene Connect,,ゆめねこねくと,Manga,1184,6.71,2024,https://cdn.myanimelist.net/images/manga/1/314805l.jpg
587,High Society,High Society,상류 사회,Manhwa,541,6.7,2024,https://cdn.myanimelist.net/images/manga/3/337207l.jpg
587,Not That Villainess!,Not That Villainess!,그 악녀가 아니야!,Manhwa,627,6.7,2024,https://cdn.myanimelist.net/images/manga/2/314880l.jpg
587,"Yamiochi Yuusha no Haishin Haishin: Tsuihou sare, Kakushi Boss Heya ni Hourikomareta Kekka, Boss to Tansakushagari Haishin wo Hajimeru @comic",,闇堕ち勇者の背信配信~追放され、隠しボス部屋に放り込まれた結果、ボスと探索者狩り配信を始める~@comic,Manga,2098,6.7,2024,https://cdn.myanimelist.net/images/manga/3/314814l.jpg
590,Chinchin Devil wo Oe!,Chase the Chinchin Devil!,チンチンデビルを追え!,Manga,720,6.69,2024,https://cdn.myanimelist.net/images/manga/1/312760l.jpg
590,Date a Ranker,Date a Ranker,랭커랑 연애가능,Manhwa,603,6.69,2024,https://cdn.myanimelist.net/images/manga/3/325325l.jpg
590,Doukyuusei A,,同級生A,One-shot,700,6.69,2024,https://cdn.myanimelist.net/images/manga/1/315996l.jpg
590,Hotchpotch Punch,,はっちぽっちぱんち,Manga,789,6.69,2024,https://cdn.myanimelist.net/images/manga/2/300610l.jpg
590,Kanojo no Real ga Kirinukenai!,"I Can't Clip Her ""Real"" Life!",彼女のリアルが切り抜けない!,Manga,1904,6.69,2024,https://cdn.myanimelist.net/images/manga/1/323001l.jpg
590,Omotteta no to Chigau Ano Ko no Hanashi,Story of the Girl Who Is Not What I Thought She Would Be.,思ってたのと違うあの子の話,Manga,2116,6.69,2024,https://cdn.myanimelist.net/images/manga/2/312005l.jpg
590,Rust,,러스트,Manhwa,1268,6.69,2024,https://cdn.myanimelist.net/images/manga/1/312718l.jpg
590,Subscribed to GodTube,Subscribed to GodTube,초월자의 채널을 구독했다,Manhwa,2224,6.69,2024,https://cdn.myanimelist.net/images/manga/2/310065l.jpg
590,The Reluctant Demon Cult Leader,The Reluctant Demon Cult Leader,전전긍긍 마교교주,Manhwa,1388,6.69,2024,https://cdn.myanimelist.net/images/manga/1/311512l.jpg
599,"Dungeon Gakuen no Teihen ni Tensei shita kedo, Nazeka Ore ni wa Kouryakubon ga Aru",,ダンジョン学園の底辺に転生したけど、なぜか俺には攻略本がある,Manga,995,6.68,2024,https://cdn.myanimelist.net/images/manga/3/329721l.jpg
599,Even When I'm Dead,Even When I'm Dead,죽었는데 왜 집착하세요,Manhwa,1157,6.68,2024,https://cdn.myanimelist.net/images/manga/3/306925l.jpg
599,Fukukaichou no Omona Oshigoto,The Main and Favorite Duties of Ms. Kurishita,副会長の主なお仕事,Manga,583,6.68,2024,https://cdn.myanimelist.net/images/manga/2/306913l.jpg
599,Ha,Tooth,歯,One-shot,343,6.68,2024,https://cdn.myanimelist.net/images/manga/3/313693l.jpg
599,"Hyouketsu Reijou-sama wo Follow shitara, Mechamecha Dekiai sareteshimatta Ken @comic",The Case Where I Helped the Freezing Lady and She Doted on Me Like Crazy.,氷結令嬢さまをフォローしたら、メチャメチャ溺愛されてしまった件@comic,Manga,4547,6.68,2024,https://cdn.myanimelist.net/images/manga/2/324835l.jpg
599,I've Become the Devil's Master,I've Become the Devil's Master,악마의 주인님이 되어버렸다,Manhwa,833,6.68,2024,https://cdn.myanimelist.net/images/manga/1/295833l.jpg
599,Minna no Bodyguard,Bodyguards for Everyone,みんなのボディガード,One-shot,258,6.68,2024,https://cdn.myanimelist.net/images/manga/3/312611l.jpg
599,Ryuu to Ryuu no Kekkon,,竜と龍の結婚,Manga,620,6.68,2024,https://cdn.myanimelist.net/images/manga/1/340761l.jpg
599,You Can't Kill Me: The Secret Bride of the Black Wolf,You Can't Kill Me: The Secret Bride of the Black Wolf,검은 늑대가 나를 부르면,Manhwa,956,6.68,2024,https://cdn.myanimelist.net/images/manga/1/304596l.jpg
599,Yubisaki ni Koi wo Sakasete,,指先に恋を咲かせて,One-shot,219,6.68,2024,https://cdn.myanimelist.net/images/manga/3/304865l.jpg
599,Zettai Shinanai Stella-hime,Stella Must Die,絶対死なないステラ姫,Manga,737,6.68,2024,https://cdn.myanimelist.net/images/manga/2/330062l.jpg
610,Apple,,APPLE,One-shot,437,6.67,2024,https://cdn.myanimelist.net/images/manga/1/316024l.jpg
610,Byakuda no Hanamuko,,白蛇〈びゃくだ〉のはなむこ,Manga,1566,6.67,2024,https://cdn.myanimelist.net/images/manga/2/302936l.jpg
610,Kodoku no Kochou wa Donna Yume wo Miru no ka?,,蠱毒の胡蝶はどんな夢を見るのか?,Manga,748,6.67,2024,https://cdn.myanimelist.net/images/manga/2/311784l.jpg
610,Lust,Lust,정염,Manhwa,288,6.67,2024,https://cdn.myanimelist.net/images/manga/2/314688l.jpg
610,Mashle Bangai-hen,Mashle: Special One-Shot,マッシュル-MASHLE- 番外編,One-shot,1057,6.67,2024,https://cdn.myanimelist.net/images/manga/2/294671l.jpg
610,Otona wo Shiritai Onna Tomodachi,My Galpals are Cumming Of Age,オトナを知りたい女友達,Manga,1428,6.67,2024,https://cdn.myanimelist.net/images/manga/2/329632l.jpg
610,Powerless,Powerless,무능력자,Manhwa,674,6.67,2024,https://cdn.myanimelist.net/images/manga/3/307023l.jpg
610,Sake to Tobacco no Hiyatoi Dungeon,Day Labor Dungeon of Alcohol and Cigarettes.,酒と煙草の日雇いダンジョン,Manga,1162,6.67,2024,https://cdn.myanimelist.net/images/manga/2/336722l.jpg
610,Ushimitsugao,Witching Hour,ウシミツガオ,Manga,1162,6.67,2024,https://cdn.myanimelist.net/images/manga/2/334256l.jpg
619,Abandoned: Tsuyosugite Buki ga Kowareru Yuusha to Buki Shokunin no Elf,,アバンダンド〜強すぎて武器が壊れる勇者と武器職人のエルフ〜,Manga,1728,6.66,2024,https://cdn.myanimelist.net/images/manga/1/335076l.jpg
619,Azami Yako wo Suki ni Naru,I Will Fall in Love with Azami Yako (If It Kills Me),アザミヤコを好きになる,Manga,2398,6.66,2024,https://cdn.myanimelist.net/images/manga/1/334997l.jpg
619,Divine Delivery,Divine Delivery,신들의 배달기사,Manhwa,1403,6.66,2024,https://cdn.myanimelist.net/images/manga/2/300768l.jpg
619,Ian the Illegitimate Son Was an Emperor,Ian the Illegitimate Son Was an Emperor,변경백 서자는 황제였다,Manhwa,4624,6.66,2024,https://cdn.myanimelist.net/images/manga/3/303445l.jpg
619,Mythical Archmage Returns,Mythical Archmage Returns,신화 속 대마법사의 재림,Manhwa,2261,6.66,2024,https://cdn.myanimelist.net/images/manga/1/314952l.jpg
619,Onna Maou-sama wa Yuusha-kun wo Taosenai.,,女魔王様はゆうしゃくんを倒せない。,Manga,2137,6.66,2024,https://cdn.myanimelist.net/images/manga/3/325291l.jpg
619,Shinro Shidou,Career Counselling,進路指導,One-shot,295,6.66,2024,https://cdn.myanimelist.net/images/manga/1/311985l.jpg
619,Shuuri wo Miru,Watch the Repair,修理を観る,One-shot,539,6.66,2024,https://cdn.myanimelist.net/images/manga/3/310519l.jpg
619,The Civil Servant of the Sword Returns,The Civil Servant of the Sword Returns,검신급 공무원의 회귀,Manhwa,2350,6.66,2024,https://cdn.myanimelist.net/images/manga/1/314376l.jpg
619,Watashi no Kouguchi-sensei,,わたしの工口先生,Manga,803,6.66,2024,https://cdn.myanimelist.net/images/manga/1/319849l.jpg
619,Yuri Yuri Panic: Toutosugiru Jian ga Hassei shiteimasu!,Yuri Yuri Panic,ゆりゆりぱにっく～尊すぎる事案が発生しています!～,Manga,1520,6.66,2024,https://cdn.myanimelist.net/images/manga/1/322716l.jpg
630,Drunk Bullet,Drunk Bullet,ドランクバレット,Manga,1510,6.65,2024,https://cdn.myanimelist.net/images/manga/1/310355l.jpg
630,I Became the Duke's Male Servant,I Became the Duke's Male Servant,공작가의 남장 하인이 되었다,Manhwa,909,6.65,2024,https://cdn.myanimelist.net/images/manga/1/318883l.jpg
630,Josou Loli Jijii Dark Elf to Onnanoko ni Kirawareru Noroi wo Motsu Ningen,,女装ロリジジィダークエルフと女の子に嫌われる呪いを持つ人間,One-shot,395,6.65,2024,https://cdn.myanimelist.net/images/manga/3/314716l.jpg
630,Kasanegasane no Hatsukoi desu ga,,かさねがさねの初恋ですが,Manga,2730,6.65,2024,https://cdn.myanimelist.net/images/manga/1/318546l.jpg
630,Regression of the Yong Clan Heir,Regression of the Yong Clan Heir,천중용문,Manhwa,2687,6.65,2024,https://cdn.myanimelist.net/images/manga/3/317111l.jpg
630,Reincarnated into a Cursed Game,Reincarnated into a Cursed Game,망겜으로 기사회생,Manhwa,897,6.65,2024,https://cdn.myanimelist.net/images/manga/2/318284l.jpg
630,The Dying Villainess Denies Adoption,The Dying Villainess Denies Adoption,시한부 악녀는 입양을 거절합니다,Manhwa,1244,6.65,2024,https://cdn.myanimelist.net/images/manga/3/306184l.jpg
630,The Great War,,대장전,Manhwa,871,6.65,2024,https://cdn.myanimelist.net/images/manga/3/310651l.jpg
630,The Regressor Only Protects Me,The Regressor Only Protects Me,회귀자는 나만 지킨다,Manhwa,1403,6.65,2024,https://cdn.myanimelist.net/images/manga/1/315154l.jpg
630,Yuka-chan no Aijou Hyougen,Yuka's Way of Expressing Love,ユカちゃんの愛情表現,One-shot,251,6.65,2024,https://cdn.myanimelist.net/images/manga/3/313566l.jpg
640,I'll Predict Your Happy Ending,I'll Predict Your Happy Ending,흑막의 말년운이 좋다,Manhwa,604,6.64,2024,https://cdn.myanimelist.net/images/manga/1/297119l.jpg
640,Last Boss Shoujo Akari: Watashi yori Tsuyoi Yatsu ni Ai ni Gendai ni Iku,,ラスボス少女アカリ～ワタシより強いやつに会いに現代に行く～,Manga,1433,6.64,2024,https://cdn.myanimelist.net/images/manga/1/311533l.jpg
640,Miyu-chan wa Zutto Tomodachi,,みゆちゃんはずっと友達,Manga,3986,6.64,2024,https://cdn.myanimelist.net/images/manga/2/309154l.jpg
640,Oboro to Machi,Machi and Oboro,おぼろとまち,Manga,1271,6.64,2024,https://cdn.myanimelist.net/images/manga/1/308123l.jpg
640,The Academy Is Doomed,The Academy Is Doomed,아카데미가 망했다,Manhwa,1445,6.64,2024,https://cdn.myanimelist.net/images/manga/2/308733l.jpg
640,Zenbu Osake no Sei ni Shite,,ぜんぶお酒のせいにして,One-shot,1350,6.64,2024,https://cdn.myanimelist.net/images/manga/1/295395l.jpg
646,Douyara Ore wa Imadoki Gal na Toshiue Osananajimi kara Gekiomo Kanjou wo Mukerareteiru Rashii,,どうやら俺は今どきギャルな歳上幼馴染から激重感情を向けられているらしい,Manga,4366,6.63,2024,https://cdn.myanimelist.net/images/manga/3/325237l.jpg
646,Gal to Asobikata,,ギャルとの遊び方,One-shot,274,6.63,2024,https://cdn.myanimelist.net/images/manga/3/311918l.jpg
646,Mayaka-neesan wa Uso ga Tsukenai,,まやか姉さんは噓がつけない,Manga,2179,6.63,2024,https://cdn.myanimelist.net/images/manga/4/324838l.jpg
646,Maybe Undefeatable,Maybe Undefeatable,아마도 무적불패,Manhwa,2369,6.63,2024,https://cdn.myanimelist.net/images/manga/2/315994l.jpg
646,My Very Own Tower Strategy Guide,My Very Own Tower Strategy Guide,나만 보는 탑 공략집,Manhwa,5068,6.63,2024,https://cdn.myanimelist.net/images/manga/3/303289l.jpg
646,Shinigami no Houshuu,The Grim Reaper's Reward,死神の報酬,One-shot,286,6.63,2024,https://cdn.myanimelist.net/images/manga/1/313762l.jpg
646,"Yama, Kaimashita: Isekaigurashi mo Warukunai",I Bought a Mountain.,山、買いました 〜異世界暮らしも悪くない〜,Manga,909,6.63,2024,https://cdn.myanimelist.net/images/manga/2/317591l.jpg
653,Inma no Tenteki,,淫魔の天敵,One-shot,599,6.62,2024,https://cdn.myanimelist.net/images/manga/2/314033l.jpg
653,Juvenile Detention Center,Juvenile Detention Center,소년교도소,Manhwa,2356,6.62,2024,https://cdn.myanimelist.net/images/manga/3/305650l.jpg
653,Majigawa! Mahou Shoujo no Kigurumi,,マジガワ！～魔法少女のきぐるみ～,Manga,349,6.62,2024,https://cdn.myanimelist.net/images/manga/2/309529l.jpg
653,Midnight Cleaning,The Midnight Cleaning,ミッドナイト・クリーニング,One-shot,234,6.62,2024,https://cdn.myanimelist.net/images/manga/2/305083l.jpg
653,Shuumatsu no Walküre Kinden: Kamigami no Apocalypse,,終末のワルキューレ禁伝 神々の黙示録 〈アポカリプス〉,Manga,1945,6.62,2024,https://cdn.myanimelist.net/images/manga/3/314815l.jpg
658,I Grabbed the Leash of the Blind Beast,I Grabbed the Leash of the Blind Beast,눈먼 짐승의 목줄을 쥐었다,Manhwa,1180,6.61,2024,https://cdn.myanimelist.net/images/manga/2/315802l.jpg
658,Lord Hero of House Remes,Lord Hero of House Remes,"영웅, 공작가 장남 되다",Manhwa,2508,6.61,2024,https://cdn.myanimelist.net/images/manga/3/310064l.jpg
658,Madara Rumble,Madara Girls Scramble,マダラランブル,Manga,649,6.61,2024,https://cdn.myanimelist.net/images/manga/2/314989l.jpg
658,Saint Seiya: Then,,聖闘士星矢 THEN,Manga,375,6.61,2024,https://cdn.myanimelist.net/images/manga/2/315473l.jpg
658,Soshiki no Shukuteki to Kekkon shitara Mecha Amai,My Sweet Marriage to My Ex-Nemesis,組織の宿敵と結婚したらめちゃ甘い,Manga,3487,6.61,2024,https://cdn.myanimelist.net/images/manga/1/326688l.jpg
658,"Tada no Murabito no Boku ga, Sanbyakunenmae no Boukun Ouji ni Tensei shite Shimaimashita: Zensei no Chishiki de Ansatsu Flag wo Kaihi shite, Odayaka ni Ikinokorimasu!",A Mere Villager Was Reincarnated as a Tyrant Prince Three Hundred Years Ago. That Is Me.,ただの村人の僕が、三百年前の暴君皇子に転生してしまいました～前世の知識で暗殺フラグを回避して、穏やかに生き残ります!～,Manga,1917,6.61,2024,https://cdn.myanimelist.net/images/manga/1/317487l.jpg
658,Take Me In,Take Me In,엎질러진 피,Manhwa,361,6.61,2024,https://cdn.myanimelist.net/images/manga/1/331398l.jpg
665,I Raided the Demon God's Treasure Trove,I Raided the Demon God's Treasure Trove,마신의 창고를 털었습니다,Manhwa,760,6.6,2024,https://cdn.myanimelist.net/images/manga/2/312380l.jpg
665,Kaijuu 8-gou: Relax,Kaiju No. 8: Relax,怪獣8号 RELAX,Manga,1143,6.6,2024,https://cdn.myanimelist.net/images/manga/3/314062l.jpg
665,Kaijuu no Hanataba,,かいじゅうの花束,Manga,851,6.6,2024,https://cdn.myanimelist.net/images/manga/1/314066l.jpg
665,King of the Arena,King of the Arena,폭력의 왕,Manhwa,1728,6.6,2024,https://cdn.myanimelist.net/images/manga/3/303376l.jpg
665,"Multiverse no Watashi, Koishite Ii desu ka?",Can I Fall in Love with a Multiverse?,マルチバースの私、恋していいですか?,Manga,6042,6.6,2024,https://cdn.myanimelist.net/images/manga/1/318775l.jpg
665,Please Stop the Pope,Please Stop the Pope,우리 교황님 좀 말려주세요,Manhwa,1239,6.6,2024,https://cdn.myanimelist.net/images/manga/3/317055l.jpg
665,Saboten Buddy,Cactus Sidekick,サボテンバディ,One-shot,331,6.6,2024,https://cdn.myanimelist.net/images/manga/2/311797l.jpg
665,Shinkon Quest: Maou no Musume wa Majime Yuusha wo Otoshitai♡,The Newlywed Quest: The Demon King's Daughter Wants to Bed the Diligent Hero,シンコンクエスト 魔王の娘は真面目勇者を堕としたい♡,Manga,1957,6.6,2024,https://cdn.myanimelist.net/images/manga/2/315097l.jpg
665,The Cafe Owner Is an S-Class Guide,The Cafe Owner Is an S-Class Guide,S급 자영업자,Manhwa,655,6.6,2024,https://cdn.myanimelist.net/images/manga/2/315800l.jpg
665,Ugly Duckling Complex,Ugly Duckling Complex,못난이 콤플렉스,Manhwa,786,6.6,2024,https://cdn.myanimelist.net/images/manga/1/324592l.jpg
665,Ultimate Tutorial Warrior,Ultimate Tutorial Warrior,특성 쌓는 김전사,Manhwa,3939,6.6,2024,https://cdn.myanimelist.net/images/manga/3/311747l.jpg
665,Wakaranai desu Yoshida-san,"I Don't Know, Yoshida-san",わからないです 吉田さん,Manga,1089,6.6,2024,https://cdn.myanimelist.net/images/manga/3/311574l.jpg
677,"2-dome no Jinsei, to Omottara, Jitsu wa 3-dome Datta. Rekishi Chishiki to Naisei Doryoku de Fukou na Rekishi no Kaihen ni Idomimasu @comic",,2度目の人生、と思ったら、実は3度目だった。～歴史知識と内政努力で不幸な歴史の改変に挑みます～@COMIC,Manga,931,6.59,2024,https://cdn.myanimelist.net/images/manga/3/321939l.jpg
677,Black Chains,Black Chains,검은 사슬,Manhwa,989,6.59,2024,https://cdn.myanimelist.net/images/manga/2/309736l.jpg
677,No\Name,No\Name,NO＼NAME,Manga,3136,6.59,2024,https://cdn.myanimelist.net/images/manga/1/312740l.jpg
677,Shiganbana,,シガンバナ,Manga,807,6.59,2024,https://cdn.myanimelist.net/images/manga/2/312339l.jpg
677,The Barbarian of Seoul Station,The Barbarian of Seoul Station,서울역 바바리안,Manhwa,1235,6.59,2024,https://cdn.myanimelist.net/images/manga/2/313912l.jpg
677,The Zenith,The Zenith,정점의 별,Manhwa,1386,6.59,2024,https://cdn.myanimelist.net/images/manga/1/314723l.jpg
677,Tsumaranai,,つまらない,One-shot,339,6.59,2024,https://cdn.myanimelist.net/images/manga/3/300880l.jpg
677,Zaiaku: Oshimi Shuuzou Tanpenshuu,,罪悪 押見修造短編集,Manga,785,6.59,2024,https://cdn.myanimelist.net/images/manga/1/344471l.jpg
685,Ao Haru Harassment,,アオハルハラスメント,Manga,791,6.58,2024,https://cdn.myanimelist.net/images/manga/2/327779l.jpg
685,Doukutsu Ningen,The Cave Man,洞窟人間,Manga,687,6.58,2024,https://cdn.myanimelist.net/images/manga/2/330325l.jpg
685,How to Survive Restructuring,,구조 조정에서 살아남는 법,Manhwa,811,6.58,2024,https://cdn.myanimelist.net/images/manga/2/315709l.jpg
685,Special Service,Special Service,정기 점검 왔습니다!,Manhwa,302,6.58,2024,https://cdn.myanimelist.net/images/manga/1/312812l.jpg
685,The Regressed Demon Lord Is Kind,The Regressed Demon Lord Is Kind,회귀한 마왕은 착하게 산다,Manhwa,3277,6.58,2024,https://cdn.myanimelist.net/images/manga/1/303285l.jpg
685,"Tsuihou sareta Tensei Ouji, ""Auto Craft"" Skill de Ryouchi wo Bakusoku de Kaitaku shi Saikyou no Mura wo Tsukutteshimau: Saikyou Craft Skill de Hajimeru, Rakuraku Ryouchi Kaitaku Slow Life",The Exiled Prince of Auto-Crafting,追放された転生王子、『自動製作〈オートクラフト〉』スキルで領地を爆速で開拓し最強の村を作ってしまう〜最強クラフトスキルで始める、楽々領地開拓スローライフ〜,Manga,2553,6.58,2024,https://cdn.myanimelist.net/images/manga/3/316130l.jpg
691,"Densetsu no Ansatsusha, Tensei shitara Ouke no Aisare Suemusume ni Natte Shimaimashite.",,伝説の暗殺者、転生したら王家の愛され末娘になってしまいまして。,Manga,1010,6.57,2024,https://cdn.myanimelist.net/images/manga/3/315835l.jpg
691,Genin no Yukue wo Oikakete,In Pursuit of the Commoner's Fate,下人の行方を追いかけて,One-shot,241,6.57,2024,https://cdn.myanimelist.net/images/manga/3/314278l.jpg
691,"Houkago, Boku wa Kimi ni Naru",After School I'll Be You,放課後、ぼくは君になる,Manga,1025,6.57,2024,https://cdn.myanimelist.net/images/manga/1/315038l.jpg
691,Shimeitehaikan,Wanted Police Officer,指名手配官,One-shot,287,6.57,2024,https://cdn.myanimelist.net/images/manga/1/317135l.jpg
691,Usemono Sagashi,,失せモノ探し,One-shot,222,6.57,2024,https://cdn.myanimelist.net/images/manga/1/303893l.jpg
696,Dorei wo Choukyou shite Harem Tsukuru,Train Slaves and Create a Harem,奴隷を調教してハーレム作る,Manga,5024,6.56,2024,https://cdn.myanimelist.net/images/manga/3/303230l.jpg
696,"Kuni wo Owareta Ryuushi-san, Hirowareta Ringoku de Ukkari Musou Shiteshimau. Jakushou Kokka ga Tairiku Saikyou no Ryuu no Rakuen ni Naru made",,国を追われた竜師さん、拾われた隣国でうっかり無双してしまう。 ～弱小国家が大陸最強の竜の楽園になるまで～,Manga,2524,6.56,2024,https://cdn.myanimelist.net/images/manga/3/313946l.jpg
696,The Unintentional Villainess,The Unintentional Villainess,악녀가 될 수밖에 없는 이유,Manhwa,636,6.56,2024,https://cdn.myanimelist.net/images/manga/3/303546l.jpg
696,Update Kareshi,The Upgraded Boyfriend,アップデート彼氏,One-shot,379,6.56,2024,https://cdn.myanimelist.net/images/manga/2/311462l.jpg
696,Void Man,Void Man,보이드맨,Manhwa,958,6.56,2024,https://cdn.myanimelist.net/images/manga/3/314527l.jpg
701,10-nenmae ni Time Leap shite Osananajimi no Ojousama wo Tasuketara Iinazuke ni Narimashita,"I Time-Leaped 10 Years Ago and Saved My Childhood Friend, a Young Lady, and She Became My Fiancée.",10年前にタイムリープして幼馴染のお嬢様を助けたら許嫁になりました,Manga,2574,6.55,2024,https://cdn.myanimelist.net/images/manga/3/323429l.jpg
701,Date or Kill: Himitsu no Matching,,デート・オア・キル～秘密のマッチング～,Manga,1457,6.55,2024,https://cdn.myanimelist.net/images/manga/2/338750l.jpg
701,Lady Solea Just Wants to Go Home,Lady Solea Just Wants to Go Home,공녀고 나발이고 집에 간다고,Manhwa,616,6.55,2024,https://cdn.myanimelist.net/images/manga/1/307085l.jpg
701,Maxed Talent Player,Maxed Talent Player,재능만렙 플레이어,Manhwa,2207,6.55,2024,https://cdn.myanimelist.net/images/manga/3/311749l.jpg
701,Renai Shousetsu to Uchuujin,Romance Novels and Extraterrestrials,恋愛小説と宇宙人,One-shot,245,6.55,2024,https://cdn.myanimelist.net/images/manga/2/311144l.jpg
701,The Villainess Is Done Trying,The Villainess Is Done Trying,악녀는 모든 게 피곤하다,Manhwa,952,6.55,2024,https://cdn.myanimelist.net/images/manga/2/318667l.jpg
701,"Uragirareta Touzoku, Kaitou Maou ni Natte Sekai wo Shouaku suru",Demon King of Phantom Thief: A Betrayed Thief Reigned over the World,裏切られた盗賊、怪盗魔王になって世界を掌握する,Manga,1179,6.55,2024,https://cdn.myanimelist.net/images/manga/3/310347l.jpg
708,Dungeon Food Truck Boss,Dungeon Food Truck Boss,던전 안 푸드 트럭 사장님,Manhwa,823,6.54,2024,https://cdn.myanimelist.net/images/manga/1/317190l.jpg
708,Hai Kouen no Homeless Seijo,Homeless Saint in Abandoned Park,廃公園のホームレス聖女,Manga,723,6.54,2024,https://cdn.myanimelist.net/images/manga/3/336711l.jpg
708,I'll Take That Marriage This Time,I'll Take That Marriage This Time,"그 결혼, 이번 생엔 제가 할게요",Manhwa,617,6.54,2024,https://cdn.myanimelist.net/images/manga/1/320046l.jpg
708,Onna Chara de Isekai Teni shite Cheat-ppoi kedo Zako Chara nanode Medatazu Heiwa na Shomin wo Mezashimasu!,,女キャラで異世界転移してチートっぽいけど雑魚キャラなので目立たず平和な庶民を目指します!,Manga,2398,6.54,2024,https://cdn.myanimelist.net/images/manga/2/335006l.jpg
708,The Knight Becomes a Black Flower,The Knight Becomes a Black Flower,검은 꽃이 되었다,Manhwa,683,6.54,2024,https://cdn.myanimelist.net/images/manga/3/319778l.jpg
708,Tomie: Control,,富江 コントロール,One-shot,1047,6.54,2024,https://cdn.myanimelist.net/images/manga/1/301023l.jpg
708,What's Our Hero Doing?,What's Our Hero Doing?,우리 용사는 뭐함?,Manhwa,943,6.54,2024,https://cdn.myanimelist.net/images/manga/3/311614l.jpg
708,World's Best Gonryun Tavern,World's Best Gonryun Tavern,천하제일 곤륜객잔,Manhwa,833,6.54,2024,https://cdn.myanimelist.net/images/manga/2/321465l.jpg
708,"Yuumei VTuber no Ani dakedo, Nazeka Ore ga Yuumei ni Natteita",,有名VTuberの兄だけど、何故か俺が有名になっていた,Manga,2331,6.54,2024,https://cdn.myanimelist.net/images/manga/3/321869l.jpg
717,Honjitsu no Urabe-san to,Today's Urabe-san With...,本日の卜部さんと,Manga,1424,6.53,2024,https://cdn.myanimelist.net/images/manga/1/316822l.jpg
717,Itoko no Oneechan ni Amaechau?,,いとこのお姉ちゃんに甘えちゃう?,Manga,5534,6.53,2024,https://cdn.myanimelist.net/images/manga/2/314808l.jpg
717,Marika-chan no Koukando wa Bukkowareteiru,Marika's Love Meter Malfunction,茉莉花ちゃんの好感度はぶっ壊れている,Manga,3041,6.53,2024,https://cdn.myanimelist.net/images/manga/1/340886l.jpg
717,Otonari no Oneesan wa xxx shitai,,お隣のおねぇさんは×××したい,Manga,1033,6.53,2024,https://cdn.myanimelist.net/images/manga/1/329970l.jpg
717,"Power Harassment Genkai Yuusha, Maougun kara Koutaiguu de Scout sareru: Yuusha Ranking 1-i nanoni Tedori ga Gomi Sugite Seikatsu Dekimasen @comic",,パワハラ限界勇者、魔王軍から好待遇でスカウトされる～勇者ランキング1位なのに手取りがゴミ過ぎて生活できません～＠comic,Manga,1459,6.53,2024,https://cdn.myanimelist.net/images/manga/2/315629l.jpg
717,"S-kyuu Boukensha ga Ayumu Michi: Tsuihou sareta Shounen wa Shin no Nouryoku ""Weapon Master"" de Sekai Saikyou ni Itaru",,S級冒険者が歩む道 追放された少年は真の能力『武器〈ウエポン〉マスター』で世界最強に至る,Manga,2583,6.53,2024,https://cdn.myanimelist.net/images/manga/2/324188l.jpg
723,10-gatsu no Hanabi,Fireworks in October,10月の花火,One-shot,774,6.52,2024,https://cdn.myanimelist.net/images/manga/3/313452l.jpg
723,Bukiya no Mick,Mick's Weapon Shop,武器屋のミック,One-shot,278,6.52,2024,https://cdn.myanimelist.net/images/manga/1/311917l.jpg
723,How to Raise Your Skeletons,,나는 스켈레톤을 키운다,Manhwa,1018,6.52,2024,https://cdn.myanimelist.net/images/manga/2/315729l.jpg
723,"Ore no Haitoku Meshi wo Onedari sezu ni Irarenai, Otonari no Top Idol-sama",,俺の背徳メシをおねだりせずにいられない、お隣のトップアイドルさま,Manga,701,6.52,2024,https://cdn.myanimelist.net/images/manga/3/316663l.jpg
723,San-kyuu Pitch,Strikeout Pitch,サンキューピッチ,Manga,1094,6.52,2024,https://cdn.myanimelist.net/images/manga/2/317472l.jpg
723,Yuri no Hajimari wa Dorei kara,,百合のはじまりは奴隷から,Manga,2280,6.52,2024,https://cdn.myanimelist.net/images/manga/3/318777l.jpg
729,Anatatachi Soredemo Sensei desu ka!,,あなた達それでも先生ですかっ！,Manga,5645,6.51,2024,https://cdn.myanimelist.net/images/manga/3/304517l.jpg
729,Danshi Koukousei dakedo Gal ni TS Shimashita,,男子高校生だけどギャルにTSしました,Manga,3907,6.51,2024,https://cdn.myanimelist.net/images/manga/1/316127l.jpg
729,"Gekitsumi Dungeon desu ga ""Skill: Hanshoku"" de Gyakuten shitai to Omoimasu","It's a Very Crowded Dungeon, but I Want to Turn It Around with ""Skill: Breeding""",激詰みダンジョンですが《スキル：繁殖》で逆転したいと思います,Manga,1614,6.51,2024,https://cdn.myanimelist.net/images/manga/1/333175l.jpg
729,Harem Ou no Isekai Press Manyuuki: Saikyou Musou no Ojisan wa Arayuru Shuzoku wo Yome ni Suru,,ハーレム王の異世界プレス漫遊記 ～最強無双のおじさんはあらゆる種族を嫁にする～,Manga,4465,6.51,2024,https://cdn.myanimelist.net/images/manga/2/303309l.jpg
729,"Makutsu no Ou: Yomei Ikkagetsu no Doutei, Mahou Shoujo Harem wo Kizuite Ou e Kunrin su",,魔窟の王～余命一か月の童貞、魔法少女ハーレムを築いて王へ君臨す～,Manga,2320,6.51,2024,https://cdn.myanimelist.net/images/manga/3/318558l.jpg
729,Reincarnated as My Husband's Mistress,Reincarnated as My Husband's Mistress,남편의 정부로 환생한 심정을 서술하시오,Manhwa,648,6.51,2024,https://cdn.myanimelist.net/images/manga/1/298996l.jpg
729,Stealing Her Place,Stealing Her Place,소희 훔치기,Manhwa,530,6.51,2024,https://cdn.myanimelist.net/images/manga/3/301020l.jpg
729,The Demon King's Warrior Daughter,The Demon King's Warrior Daughter,마왕 아빠 용사 딸,Manhwa,1496,6.51,2024,https://cdn.myanimelist.net/images/manga/3/302507l.jpg
729,The Empress's Two Wolves,The Empress's Two Wolves,황후의 짐승간택,Manhwa,702,6.51,2024,https://cdn.myanimelist.net/images/manga/3/314458l.jpg
738,Bisque Doll de Chu♡,My Dress-Up Darling XOXO!,着せ替え人形〈ビスク・ドール〉でchu♡,Manga,1862,6.5,2024,https://cdn.myanimelist.net/images/manga/1/330544l.jpg
738,Goodbye Boy,Godbwye Boy,グッドバイ・ボーイ,One-shot,390,6.5,2024,https://cdn.myanimelist.net/images/manga/3/313395l.jpg
738,"Moto Maou-sama no Nangoku Slow Life: Buka ni Uragirareta node, Mofumofu-tachi to Tanoshiku Slow Life suru no ja",,元魔王様の南国スローライフ～部下に裏切られたので、モフモフ達と楽しくスローライフするのじゃ～,Manga,518,6.5,2024,https://cdn.myanimelist.net/images/manga/3/316672l.jpg
738,Persephonia,,Persephonia-ペルセフォニア-,Manga,806,6.5,2024,https://cdn.myanimelist.net/images/manga/3/324186l.jpg
738,Something's Wrong With My Inventory,Something's Wrong With My Inventory,내 인벤토리가 이상하다,Manhwa,740,6.5,2024,https://cdn.myanimelist.net/images/manga/1/311716l.jpg
738,The Academy's Genius Tamer,The Academy's Genius Tamer,아카데미의 천재 테이머,Manhwa,2908,6.5,2024,https://cdn.myanimelist.net/images/manga/2/311036l.jpg
738,Ueno-kun wa Kaihatsuzumi,Ueno-kun Has Been Developed,上野くんは開発済み,Manga,2353,6.5,2024,https://cdn.myanimelist.net/images/manga/1/319830l.jpg
745,A Most Consummate Night,A Most Consummate Night,어느 쪽이 진짜?!,Manhwa,318,6.49,2024,https://cdn.myanimelist.net/images/manga/2/310046l.jpg
745,Ai ni Muragaru Mushi-tachi wa,Parasite of Loneliness,愛に群がる虫たちは,Manga,947,6.49,2024,https://cdn.myanimelist.net/images/manga/1/322056l.jpg
745,All STR Sorcerer,All STR Sorcerer,올 힘 마법사,Manhwa,2187,6.49,2024,https://cdn.myanimelist.net/images/manga/2/304890l.jpg
745,"Kabeyaku nado Fuyou to Tsuihou sareta S-kyuu Boukensha, ""Dorei Kaihou"" Skill wo Kushi shite Shijou Saikyou no Kunizukuri",,役など不要と追放されたＳ級冒険者、≪奴隷解放≫スキルを駆使して史上最強の国造り,Manga,3681,6.49,2024,https://cdn.myanimelist.net/images/manga/1/313359l.jpg
745,Project Yuriforming!,,プロジェクト・ユリフォーミング!,Manga,643,6.49,2024,https://cdn.myanimelist.net/images/manga/4/332374l.jpg
745,The Cup of Vengeance Is in Your Hands,The Cup of Vengeance Is in Your Hands,복수의 잔은 당신의 손에,Manhwa,956,6.49,2024,https://cdn.myanimelist.net/images/manga/3/307083l.jpg
751,Astro Baby,Astro Baby,アストロベイビー,Manga,4850,6.48,2024,https://cdn.myanimelist.net/images/manga/2/303533l.jpg
751,Children of the Rune,Children of the Rune,룬의 아이들,Manhwa,2168,6.48,2024,https://cdn.myanimelist.net/images/manga/1/305628l.jpg
751,E ga Umai Yamashita-san,"The Talented Sketcher, Yamashita",絵が上手いヤマシタさん,One-shot,230,6.48,2024,https://cdn.myanimelist.net/images/manga/3/312551l.jpg
751,Kimi wo Hitori ni Shite Agenai,,君をひとりにしてあげない,Manga,720,6.48,2024,https://cdn.myanimelist.net/images/manga/4/329018l.jpg
755,"Asa no Tsuukin Densha de, Yatara to Hanashikaketekuru Joshikousei.",,朝の通勤電車で、やたらと話しかけてくる女子高生。,Manga,1214,6.47,2024,https://cdn.myanimelist.net/images/manga/2/318072l.jpg
755,"Kikori no Isekaitan: Tensei shita Shounen wa, Ono Ippon de Nariagaru",Kikori's Other Worldly Tales,キコリの異世界譚～転生した少年は、斧1本で成り上がる～,Manga,1066,6.47,2024,https://cdn.myanimelist.net/images/manga/3/311782l.jpg
755,"Moteharu nee, Ashiya-kun",The Succubus Meets Her Match,モテはるねえ蘆屋くん,Manga,1869,6.47,2024,https://cdn.myanimelist.net/images/manga/1/310995l.jpg
758,Becoming the Lady of the Cursed Ducal House,Becoming the Lady of the Cursed Ducal House,저주받은 공작가의 안주인이 되어 버렸다,Manhwa,479,6.46,2024,https://cdn.myanimelist.net/images/manga/2/303666l.jpg
758,Boku no Hero Academia: A Piece of Cake,My Hero Academia Special One-Shot Manga: A Piece of Cake,僕のヒーローアカデミア A PIECE OF CAKE,One-shot,564,6.46,2024,https://cdn.myanimelist.net/images/manga/1/312852l.jpg
758,"Hametsu Flag Kaihi no Tame Yamaoku e Hikikomotteita Saikyou no Akuyaku wa, Tasuketa Heroine ni Yotte Omotebutai e Tatasareru","The Strongest Villain, Who Had Retired to the Mountains to Avoid His Own Flag of Doom, Being Dragged to the Front Stage by the Heroine He Saved.",破滅フラグ回避のため山奥へ引き籠っていた最強の悪役は、助けたヒロインによって表舞台へ立たされる,Manga,2089,6.46,2024,https://cdn.myanimelist.net/images/manga/3/325952l.jpg
758,High School Queen,High School Queen,여고생왕후,Manhwa,857,6.46,2024,https://cdn.myanimelist.net/images/manga/3/313047l.jpg
758,In Between,In Between,하는 사이,Manhwa,1457,6.46,2024,https://cdn.myanimelist.net/images/manga/3/305586l.jpg
758,Midareta Futari no Mitasare Gohan,Make Me Eat! Make Me Happy!,みだれたふたりのみたされごはん,Manga,432,6.46,2024,https://cdn.myanimelist.net/images/manga/3/318553l.jpg
758,"Sensei, Bokutachi wa Koroshiteimasen.",,先生、僕たちは殺していません。,Manga,890,6.46,2024,https://cdn.myanimelist.net/images/manga/3/323920l.jpg
758,Tonari no Seki no Inkya Joshi ga Oshi Utaite Datta: Ore no Kyoku wo Utatte Kure!,"The ""Inkya"" Girl Sitting Next to Me Was My Favorite Singer. Sing My Song!",隣の席の陰キャ女子が推し歌い手だった ～俺の曲を歌ってくれ!～,Manga,2034,6.46,2024,https://cdn.myanimelist.net/images/manga/3/319337l.jpg
758,Yamanba-tei,House of the Yamauba,山姥邸,One-shot,358,6.46,2024,https://cdn.myanimelist.net/images/manga/1/311380l.jpg
767,"Houkago wa Kenka Saikyou no Gal ni Tsurekomareru Seikatsu: Kanojo-tachi ni Sukarete, Boku mo Saikyou ni!?",From Bullied to Brawler: My After-Hours Education with the School's Tough Girls,放課後はケンカ最強のギャルに連れこまれる生活 彼女たちに好かれて、僕も最強に⁉,Manga,3210,6.45,2024,https://cdn.myanimelist.net/images/manga/3/306070l.jpg
767,Kamisama ga Mitenai kara,,神様が見てないから,Manga,1676,6.45,2024,https://cdn.myanimelist.net/images/manga/3/311776l.jpg
767,Soredemo Ashita mo Kareshi ga Ii,"Even So, I Still Want to Be Your Boyfriend Tomorrow.",それでも明日も彼氏がいい,Manga,496,6.45,2024,https://cdn.myanimelist.net/images/manga/2/319504l.jpg
770,Giro no Circus,Giro's Circus,ギロのサーカス,One-shot,249,6.44,2024,https://cdn.myanimelist.net/images/manga/1/315008l.jpg
770,Tsundere na Watakushi ga Kawaii nante Shouki desu ka?,,ツンデレなわたくしが可愛いなんて正気ですか?,Manga,961,6.44,2024,https://cdn.myanimelist.net/images/manga/1/315981l.jpg
772,Double Helix Blossom,,DOUBLE HELIX BLOSSOM,Manga,890,6.43,2024,https://cdn.myanimelist.net/images/manga/2/301149l.jpg
772,Espoir Mae Kaiji,Kaiji before Espoir,エスポワール前 カイジ,One-shot,664,6.43,2024,https://cdn.myanimelist.net/images/manga/1/301066l.jpg
772,"Isekai Nidome no Ossan, Dou Kangaetemo Koukousei Yuusha yori Tsuyoi","Second Time in Another World, This Old Man Is WAY Stronger Than the High School Heroes!",異世界二度目のおっさん、どう考えても高校生勇者より強い,Manga,1153,6.43,2024,https://cdn.myanimelist.net/images/manga/2/323872l.jpg
772,Koroshi Korosare Sankaku Kankei ni Watashi ga Ima kara Hairun desu ka?,,殺し殺され三角関係に私が今から入るんですか?,Manga,744,6.43,2024,https://cdn.myanimelist.net/images/manga/4/311663l.jpg
772,Light of Arad: Forerunner,Light of Arad: Forerunner,아라드의 빛: 먼저 걷는 자,Manhwa,1808,6.43,2024,https://cdn.myanimelist.net/images/manga/2/309634l.jpg
772,Ore no Vaccine dake ga Zombie-ka shita Sekai wo Sukueru,,俺のワクチンだけがゾンビ化した世界を救える,Manga,3549,6.43,2024,https://cdn.myanimelist.net/images/manga/2/319038l.jpg
772,Pure 0.01 mm,,ぴゅあ0.01mm,Manga,1168,6.43,2024,https://cdn.myanimelist.net/images/manga/3/317387l.jpg
779,Renai no Jugyou,,恋愛の授業,Manga,2352,6.42,2024,https://cdn.myanimelist.net/images/manga/3/316162l.jpg
779,Skeleton Office,,スケルトン・オフィス,Manga,544,6.42,2024,https://cdn.myanimelist.net/images/manga/1/323350l.jpg
779,Twinkle Star,Twinkle Star,ツインスター,One-shot,222,6.42,2024,https://cdn.myanimelist.net/images/manga/3/314018l.jpg
782,"Moratta Mittsu no Hazure Skill, Awasetara Saikyou deshita",,貰った三つの外れスキル、合わせたら最強でした,Manga,1028,6.41,2024,https://cdn.myanimelist.net/images/manga/1/320382l.jpg
782,My Status Window Went on Strike,My Status Window Went on Strike,내 상태창이 파업했다,Manhwa,657,6.41,2024,https://cdn.myanimelist.net/images/manga/2/319716l.jpg
782,Sakigake no Hanamiko,,魁の花巫女,Manga,1658,6.41,2024,https://cdn.myanimelist.net/images/manga/3/312347l.jpg
782,Seya kara Akan Iutayan!,I Told Ya It's No Good!,せやからあかんいうたやん!,One-shot,340,6.41,2024,https://cdn.myanimelist.net/images/manga/3/314406l.jpg
782,Te ni Ireta Saimin App de Yume no Harem Seikatsu wo Okuritai,,手に入れた催眠アプリで夢のハーレム生活を送りたい,Manga,2293,6.41,2024,https://cdn.myanimelist.net/images/manga/1/320378l.jpg
782,Yashiro no Maou,"Demon Lord of ""Yashiro""",やしろの魔王,Manga,1092,6.41,2024,https://cdn.myanimelist.net/images/manga/2/315094l.jpg
782,Yattara,Yattara,ヤッターラ,Manga,1940,6.41,2024,https://cdn.myanimelist.net/images/manga/1/317476l.jpg
789,Elden Ring: Become Lord,Elden Ring: Become Lord,ELDEN RING Become Lord,Manga,945,6.4,2024,https://cdn.myanimelist.net/images/manga/3/304494l.jpg
789,"Game Akuyaku Kizoku ni Tensei shita Ore wa, Cheat Kinniku de Musou suru",,ゲーム悪役貴族に転生した俺は、チート筋肉で無双する,Manga,2247,6.4,2024,https://cdn.myanimelist.net/images/manga/3/320047l.jpg
789,Mahou Shoujo x Haiboku Saiban,Magical Girl's Defeat Trial,魔法少女×敗北裁判,Manga,912,6.4,2024,https://cdn.myanimelist.net/images/manga/3/318776l.jpg
789,My Half-Baked Esper,My Half-Baked Esper,나의 반쪽짜리 에스퍼,Manhwa,318,6.4,2024,https://cdn.myanimelist.net/images/manga/2/331612l.jpg
789,Ninja no Kishi,,忍者の騎士,Manga,757,6.4,2024,https://cdn.myanimelist.net/images/manga/1/309153l.jpg
789,Octet,Octet,オクテット,One-shot,211,6.4,2024,https://cdn.myanimelist.net/images/manga/2/316085l.jpg
789,Seishun Bakusou!,,青春爆走!,Manga,1268,6.4,2024,https://cdn.myanimelist.net/images/manga/1/314065l.jpg
796,"Akuyaku Reijou Slow Life wo Enjoy shitai! Yatto Konyaku Haki sareta noni, Dai-2 Ouji ga Meccha Stalker shitekurun desu kedo...",,悪役令嬢はスローライフをエンジョイしたい!～やっと婚約破棄されたのに、第二王子がめっちゃストーカーしてくるんですけど…～,Manga,1060,6.39,2024,https://cdn.myanimelist.net/images/manga/2/319083l.jpg
796,Kanojo-tachi wa Ana wo Umetai,They Want to Fill in the Holes,彼女たちは穴をうめたい,Manga,989,6.39,2024,https://cdn.myanimelist.net/images/manga/3/305556l.jpg
796,Magokoro Scramble!,Magokoro Scramble! What Lies in Your Heart?,真心スクランブル!,Manga,2931,6.39,2024,https://cdn.myanimelist.net/images/manga/1/318763l.jpg
796,Momogusa-san ga Monogusasugiru!!,Lazy Girl Momogusa,桃草さんがものぐさすぎる!!,Manga,2940,6.39,2024,https://cdn.myanimelist.net/images/manga/2/329013l.jpg
800,A Couple of Obligations,A Couple of Obligations,부부의 의무를 원하신다면,Manhwa,688,6.38,2024,https://cdn.myanimelist.net/images/manga/3/299700l.jpg
800,"Dungeon ga Arawarete 5-nen, 15-sai de Dungeon ni Idomu Koto ni shita.","Five Years after the Dungeons Appeared, I Dare to Challenge at the Age of 15.",ダンジョンが現れて5年、15歳でダンジョンに挑むことにした。,Manga,975,6.38,2024,https://cdn.myanimelist.net/images/manga/2/309839l.jpg
800,Final Tensei: Hazure Skill wo Hikitsuzukeru Ore to Kaku Isekai Saikyou no Nakama-tachi,,ファイナル転生～ハズレスキルを引き続ける俺と各異世界最強の仲間たち～,Manga,874,6.38,2024,https://cdn.myanimelist.net/images/manga/3/330128l.jpg
800,Isshou Watashi no Joshu de Ite!,,一生わたしの助手でいて!,Manga,1932,6.38,2024,https://cdn.myanimelist.net/images/manga/1/316139l.jpg
804,Kibatsu Senki,Saga of the Demon Banisher,鬼祓戦記,One-shot,273,6.37,2024,https://cdn.myanimelist.net/images/manga/3/311471l.jpg
804,"Suufungo no Mirai ga Wakaru You ni Natta kedo, Onnagokoro wa Wakaranai.",,数分後の未来が分かるようになったけど、女心は分からない。,Manga,3939,6.37,2024,https://cdn.myanimelist.net/images/manga/2/316160l.jpg
804,Uchi ni Kaeru to Itsumo Kukkoro ga Iru,,家に帰るといつもくっころが居る,Manga,3465,6.37,2024,https://cdn.myanimelist.net/images/manga/2/323365l.jpg
807,"""Koko wa Makasete Saki ni Ike!"" wo Shitai Shinitagari no Nozomanu Uchuu Gekokujou @comic",Reluctant Space Commander: From Death Wish to Galactic Hero!,「ここは任せて先に行け!」をしたい死にたがりの望まぬ宇宙下剋上@COMIC,Manga,1210,6.36,2024,https://cdn.myanimelist.net/images/manga/1/319819l.jpg
807,Mamonogurai no Boukensha,Monster Eater,魔物喰らいの冒険者,Manga,1173,6.36,2024,https://cdn.myanimelist.net/images/manga/1/316332l.jpg
807,"Shinsekai Builders: Class 24 ""Karada"" de Ikinokore",New World Builders,新世界ビルダーズ～クラス24「体」で生き残れ～,Manga,1159,6.36,2024,https://cdn.myanimelist.net/images/manga/3/314359l.jpg
807,Uso Kareshi demo Ii kara Tonikaku Shitai Mashiro-chan,,嘘彼氏でもいいからとにかくシたいましろちゃん,Manga,2731,6.36,2024,https://cdn.myanimelist.net/images/manga/2/327146l.jpg
807,Why I Quit Being the Demon King,Why I Quit Being the Demon King,마왕을 그만둔 이유,Manhwa,3174,6.36,2024,https://cdn.myanimelist.net/images/manga/1/303450l.jpg
812,Buta Kizoku wa Mirai wo Kirihiraku you desu,,豚貴族は未来を切り開くようです,Manga,725,6.35,2024,https://cdn.myanimelist.net/images/manga/3/310986l.jpg
812,Choujun! Choujou-senpai,Super Psychic Policeman Chojo,超巡!超条先輩,Manga,2856,6.35,2024,https://cdn.myanimelist.net/images/manga/3/303528l.jpg
812,Kougekiryoku Zero kara Hajimeru Kenseitan,Zero Damage Sword Saint,攻撃力ゼロから始める剣聖譚,Manga,1885,6.35,2024,https://cdn.myanimelist.net/images/manga/1/304807l.jpg
812,"Kuzulesse Oblige: Bishoujo Game Sekai no Kuzu Akuyaku ni Tensei shiteshimatta Ore wa, Gensaku Chishiki no Chikara de Doushitemo Mob Jinsei wo Tsukamitoritai",,クズレス・オブリージュ 美少女ゲー世界のクズ悪役に転生してしまった俺は、原作知識の力でどうしてもモブ人生をつかみ取りたい,Manga,2977,6.35,2024,https://cdn.myanimelist.net/images/manga/3/319832l.jpg
812,Mob dakedo Saikyou wo Mezashimasu! Game Sekai ni Tensei shita Ore wa Jiyuu ni Tsuyosa wo Oimotomeru,,モブだけど最強を目指します! ～ゲーム世界に転生した俺は自由に強さを追い求める～,Manga,910,6.35,2024,https://cdn.myanimelist.net/images/manga/3/321423l.jpg
812,Our Night Shift,Our Night Shift,야간근무,Manhwa,357,6.35,2024,https://cdn.myanimelist.net/images/manga/3/311003l.jpg
812,Reborn as the Overpowered Genius Lord,Reborn as the Overpowered Genius Lord,명가의 역대급 재능천재로 환생했다,Manhwa,4967,6.35,2024,https://cdn.myanimelist.net/images/manga/3/312382l.jpg
812,Reincarnated Warrior,Reincarnated Warrior,무인환생,Manhwa,750,6.35,2024,https://cdn.myanimelist.net/images/manga/3/302647l.jpg
812,Revenge,Revenge,역지사지,Manhwa,558,6.35,2024,https://cdn.myanimelist.net/images/manga/1/331714l.jpg
812,There's Something Wrong About My Man's Morals,There's Something Wrong About My Man's Morals,내 남자의 인성이 조금 이상하다,Manhwa,626,6.35,2024,https://cdn.myanimelist.net/images/manga/1/299524l.jpg
812,Zokkon Jizou,,底根地蔵,One-shot,217,6.35,2024,https://cdn.myanimelist.net/images/manga/2/327149l.jpg
823,7th,,セブンス,Manga,1249,6.34,2024,https://cdn.myanimelist.net/images/manga/3/309155l.jpg
823,Genshi Shoujo Urara,,原始少女ウララ,One-shot,340,6.34,2024,https://cdn.myanimelist.net/images/manga/1/298667l.jpg
823,Irozuku Monochrome,,色憑くモノクローム,Manga,2544,6.34,2024,https://cdn.myanimelist.net/images/manga/3/312759l.jpg
823,Magan no Akuyaku ni Tensei shita node Oshi Chara wo Mimamoru Mob wo Mezashimasu,,魔眼の悪役に転生したので推しキャラを見守るモブを目指します,Manga,1399,6.34,2024,https://cdn.myanimelist.net/images/manga/3/321589l.jpg
823,Matching Appli de Shiriatta Hito to Kyou Shinun da,Swipe Right and Die Tonight,マッチングアプリで知り合った人と今日死ぬんだ,One-shot,460,6.34,2024,https://cdn.myanimelist.net/images/manga/1/311145l.jpg
823,My Child Will Have a Different Father,My Child Will Have a Different Father,다른 남자 아이로 키우겠어,Manhwa,1254,6.34,2024,https://cdn.myanimelist.net/images/manga/2/313201l.jpg
823,Taikingo no Maid-san,,退勤後のメイドさん,Manga,755,6.34,2024,https://cdn.myanimelist.net/images/manga/2/315245l.jpg
823,"The Necromancer Lord, Karnak","The Necromancer Lord, Karnak",사령왕 카르나크,Manhwa,1950,6.34,2024,https://cdn.myanimelist.net/images/manga/3/310648l.jpg
831,Hypnosis Massage Parlor,Hypnosis Massage Parlor,최면 마사지샵에서 생긴 일,Manhwa,384,6.33,2024,https://cdn.myanimelist.net/images/manga/2/313745l.jpg
831,Listener ni Damasarete Dungeon no Saikasou kara Dasshutsu RTA suru Koto ni Natta,,リスナーに騙されてダンジョンの最下層から脱出RTAすることになった,Manga,629,6.33,2024,https://cdn.myanimelist.net/images/manga/1/302173l.jpg
833,"Cherry Yuusha to ""Sei"" Naru Tsurugi",,"チェリー勇者と""せい""なる剣",Manga,1741,6.32,2024,https://cdn.myanimelist.net/images/manga/1/319036l.jpg
833,Hunter Academy's Invincible Martial God,Hunter Academy's Invincible Martial God,헌터 아카데미의 최강투신,Manhwa,1779,6.32,2024,https://cdn.myanimelist.net/images/manga/1/309550l.jpg
833,Miya-chan no Kyuuin Life!,,美夜ちゃんのきゅーいんライフ!,Manga,818,6.32,2024,https://cdn.myanimelist.net/images/manga/3/319838l.jpg
833,Risou no Kanojo,My Ideal Girlfriend,理想の彼女,Manga,3013,6.32,2024,https://cdn.myanimelist.net/images/manga/3/320394l.jpg
833,Uzugami: Bunretsu Zoushoku Ningen,,渦神 分裂増殖人間,Manga,1003,6.32,2024,https://cdn.myanimelist.net/images/manga/1/308199l.jpg
838,Yogen Kikou,The Prophecy Institute,予言機構,One-shot,281,6.31,2024,https://cdn.myanimelist.net/images/manga/1/314301l.jpg
839,10-nenburi ni Saikai shita Kusogaki wa Seijun Bishoujo JK ni Seichou shiteita,,10年ぶりに再会したクソガキは清純美少女JKに成長していた,Manga,2316,6.3,2024,https://cdn.myanimelist.net/images/manga/1/329941l.jpg
839,"Danshi Koukousei, Otome Game no Akuyaku Reijou ni Tensei suru.",,男子高校生、乙女ゲームの悪役令嬢に転生する。,Manga,1857,6.3,2024,https://cdn.myanimelist.net/images/manga/3/317491l.jpg
839,Otaku-kun no Seiheki wo Isshou Yugameteiku Ishuzoku Musume-tachi,,オタク君の性癖を一生歪めていく異種族娘たち,Manga,1790,6.3,2024,https://cdn.myanimelist.net/images/manga/2/317478l.jpg
839,Ryuukishi JK,The Dragon Knight High School Girl,竜騎士JK,One-shot,273,6.3,2024,https://cdn.myanimelist.net/images/manga/3/311146l.jpg
839,Shounin Skill de Maoujou no Kouryaku wo Mezasu: Isekai Teni shita node Saikyou Item to Talk Jutsu de Ikinuku Koto ni shita,,商人スキルで魔王城の攻略を目指す ～異世界転移したので最強アイテムとトーク術で生き抜くことにした～,Manga,2029,6.3,2024,https://cdn.myanimelist.net/images/manga/3/332795l.jpg
839,Yuujou Taikikengai,Friendship Out of This World,友情大気圏外,One-shot,189,6.3,2024,https://cdn.myanimelist.net/images/manga/1/313648l.jpg
845,Deep Down,,딥 다운 (Deep Down),Manhwa,289,6.29,2024,https://cdn.myanimelist.net/images/manga/2/313042l.jpg
845,Doukyo Shiteiru Kensei no Onna Shishou ga Kawaisugite Mainichi Shiawase desu,,同居している剣聖の女師匠が可愛すぎて毎日幸せです,Manga,3122,6.29,2024,https://cdn.myanimelist.net/images/manga/2/318070l.jpg
845,Runaway Darling,Darling's Vanishing Act,Runaway Darling-にげろダーリン-,Manga,997,6.29,2024,https://cdn.myanimelist.net/images/manga/3/314077l.jpg
845,Second Home,Second Home,セカンドホーム,One-shot,194,6.29,2024,https://cdn.myanimelist.net/images/manga/2/315134l.jpg
845,"Senpai, Jitaku Keibiin no Koyou wa Ikaga desu ka? The Comic",,センパイ、自宅警備員の雇用はいかがですか? THE COMIC,Manga,2342,6.29,2024,https://cdn.myanimelist.net/images/manga/2/321590l.jpg
845,Syd Craft no Saishuu Suiri,Syd Craft: Love Is a Mystery,シド・クラフトの最終推理,Manga,2789,6.29,2024,https://cdn.myanimelist.net/images/manga/2/322414l.jpg
851,"Houkago, Famiresu de, Class no Ano Ko to.",,放課後、ファミレスで、クラスのあの子と。,Manga,3055,6.28,2024,https://cdn.myanimelist.net/images/manga/1/321588l.jpg
851,Love Remedy,Love Remedy,러브레미디,Manhwa,939,6.28,2024,https://cdn.myanimelist.net/images/manga/3/323946l.jpg
851,"Maigo no Onnanoko wo Ie made Todoketara, Genkan kara Detekita no wa Gakunen Ichi no Bishoujo deshita",,迷子の女の子を家まで届けたら、玄関から出て来たのは学年一の美少女でした,Manga,1678,6.28,2024,https://cdn.myanimelist.net/images/manga/2/319694l.jpg
854,Koi wa Full Swing,Love in Full Swing!!,恋はフルスイング,One-shot,260,6.27,2024,https://cdn.myanimelist.net/images/manga/1/312823l.jpg
854,Minikui Orc no Gyakushuu: Doujin Eroge no Kichiku Koutaishi ni Tensei shita Moo no Junan,Counterattack of the Ugly Orcs: The Suffering of a Mourner Who Was Reincarnated as the Brutal Crown Prince of a Doujin Erotic Game,醜いオークの逆襲 ～同人エロゲの鬼畜皇太子に転生した喪男の受難～,Manga,766,6.27,2024,https://cdn.myanimelist.net/images/manga/3/327144l.jpg
854,Uo Dekka: Kyonyuu Kyojiri Koushinchou Gal-chan wa Boku ni Koishiteru - Anthology Comic,,うおっ でっか 巨乳巨尻高身長ギャルちゃんは僕に恋してる アンソロジーコミック,Manga,827,6.27,2024,https://cdn.myanimelist.net/images/manga/3/322834l.jpg
857,"Ato wa Gojiyuu ni Douzo! Tutorial de Kamisama ga Last Boss Taoshichatta node, Watashi wa Suki Houdai Ikiteiku",,あとはご自由にどうぞ!～チュートリアルで神様がラスボス倒しちゃったので、私は好き放題生きていく～,Manga,1626,6.26,2024,https://cdn.myanimelist.net/images/manga/1/325295l.jpg
857,Boku no Hero Academia Tokubetsu Spin-off: Connect to the Day,,僕のヒーローアカデミア特別スピンオフ Connect to the Day,One-shot,590,6.26,2024,https://cdn.myanimelist.net/images/manga/3/308147l.jpg
857,"Haikei, Tengoku no Neesan, Yuusha ni Natta Mei ga Erosugite: Ojisan, Hogosha toka Sorosoro Muri desu+",My Niece Who Became Brave Is Tooooo Erotic.,拝啓、天国の姉さん、勇者になった姪がエロすぎて──叔父さん、保護者とかそろそろ無理です＋〈ぷらす〉,Manga,1150,6.26,2024,https://cdn.myanimelist.net/images/manga/1/319644l.jpg
857,Mainichi Ie ni Kuru Gal ga Kyorikan Zero demo Yasashikunai the Comic,,毎日家に来るギャルが距離感ゼロでも優しくない THE COMIC,Manga,1847,6.26,2024,https://cdn.myanimelist.net/images/manga/1/311785l.jpg
857,"Tobioriru Chokuzen no Doukyuusei ni ""XXX shiyou!"" to Teian shitemita.","I Suggested to a Classmate Just Before Jumping Off That We Should ""Do XXX.""",飛び降りる直前の同級生に「×××しよう！」と提案してみた。,Manga,2331,6.26,2024,https://cdn.myanimelist.net/images/manga/1/320376l.jpg
862,"""Osananajimi ga Hoshii"" to Tsubuyaitara Yoku Issho ni Asobu Onna Tomodachi no Yousu ga Hen ni Nattan da ga",,「幼馴染みがほしい」と呟いたらよく一緒に遊ぶ女友達の様子が変になったんだが,Manga,1565,6.25,2024,https://cdn.myanimelist.net/images/manga/1/326689l.jpg
862,Lunatic Terrapop,Lunatic Terrapop,ルナティック・テラポップ,Manga,1104,6.25,2024,https://cdn.myanimelist.net/images/manga/2/315738l.jpg
862,Tsuihou sareta Maou wa Chikyuu wo Mezasu!,The Exiled Demon Lord Heads to Earth!,追放された魔王は地球を目指す!,Manga,440,6.25,2024,https://cdn.myanimelist.net/images/manga/3/327438l.jpg
865,I Became a Childhood Friend of a Mid-Level Boss,,중간 보스의 소꿉친구가 되었다,Manhwa,3298,6.24,2024,https://cdn.myanimelist.net/images/manga/3/301736l.jpg
865,Watashi no Hatsukoi wa Hazukashisugite Darenimo Ienai,,私の初恋は恥ずかしすぎて誰にも言えない,Manga,1444,6.24,2024,https://cdn.myanimelist.net/images/manga/3/314071l.jpg
867,"Tensei shite Shota Ouji ni Natta Kensei wa, Katsute no Deshi ni wa Zettai ni Baretakunai",Reincarnated. The Sword Saint Who Became a Shorty Prince to His Former Disciples I Don't Want My Former Disciple to Find Out.,転生してショタ王子になった剣聖は、かつての弟子には絶対にバレたくないっ,Manga,1184,6.23,2024,https://cdn.myanimelist.net/images/manga/2/312335l.jpg
868,"Iinazuke ga Dekita to Omottara, Sono Iinazuke ga Gakkou de Yuumei na ""Akuyaku Reijou"" Dattan dakedo, Dou Sureba Ii?",,許嫁が出来たと思ったら、その許嫁が学校で有名な『悪役令嬢』だったんだけど、どうすればいい?,Manga,2811,6.22,2024,https://cdn.myanimelist.net/images/manga/1/335009l.jpg
868,Namaiki na Gal Ane wo Wakaraseru Hanashi,How to Handle My Sassy Big Sis,生意気なギャル姉を解らせる話,Manga,6210,6.22,2024,https://cdn.myanimelist.net/images/manga/2/318094l.jpg
868,Psych Biyori,Psych House,さいくるびより,Manga,1990,6.22,2024,https://cdn.myanimelist.net/images/manga/2/310348l.jpg
868,Zombie World de Harem wo Tsukurou!,Let's Make a Harem in a Zombie World!,ゾンビ世界〈ワールド〉でハーレムをつくろう!,Manga,4675,6.22,2024,https://cdn.myanimelist.net/images/manga/3/316682l.jpg
872,Hitozuma Medusa-san to no Nettori Seikatsu,,人妻メデュサさんとのNTR〈ねっとり〉生活,Manga,1502,6.21,2024,https://cdn.myanimelist.net/images/manga/1/317477l.jpg
872,Nigero Matsumoto,"Get Away, Matsumoto!: 100 Days Escape",逃げろ松本,Manga,1013,6.21,2024,https://cdn.myanimelist.net/images/manga/2/312739l.jpg
874,DDAddiction♡♡♡,,ディディアディクション♡♡♡,Manga,1119,6.2,2024,https://cdn.myanimelist.net/images/manga/2/305553l.jpg
874,Jitsuzon Unplugged,Existential Unplugged,実存アンプラグド,Manga,770,6.2,2024,https://cdn.myanimelist.net/images/manga/3/308103l.jpg
874,"Teihen Ossan, Cheat Kakusei de Isekai Rakuraku Life",,底辺おっさん、チート覚醒で異世界楽々ライフ,Manga,1284,6.2,2024,https://cdn.myanimelist.net/images/manga/2/311774l.jpg
877,Kotowarenai Kaichou wa Tomoe-kun ni dake Shiteagetai,,断れない会長は友江くんにだけしてあげたい,Manga,1793,6.19,2024,https://cdn.myanimelist.net/images/manga/3/317492l.jpg
878,A Simple Guide to Surviving as a Stepmom,A Simple Guide to Surviving as a Stepmom,"계모인데, 죽음을 피하는 게 너무 쉽다",Manhwa,606,6.18,2024,https://cdn.myanimelist.net/images/manga/1/331565l.jpg
878,Eiyuu Onna Kishi ni Yuunou to Bareta Ore no Bijin Harem Kishidan: Gaikaku Hikume no Kijutsu Kishidan,I Was Found to Be Competent By a Heroic Female Knight and Lead a Beautiful Harem of Knights.,英雄女騎士に有能とバレた俺の美人ハーレム騎士団 ガイカク・ヒクメの奇術騎士団,Manga,2174,6.18,2024,https://cdn.myanimelist.net/images/manga/1/323019l.jpg
878,Hazamada Toshikazu no Bimyou na Bouken,,間田敏和の微妙な冒険,One-shot,406,6.18,2024,https://cdn.myanimelist.net/images/manga/1/316555l.jpg
878,"Munou no Akudou Ouji wa Ikinokoritai: Renai RPG no Akuyaku Mob ni Tensei shita kedo, Gensaku Mushi shite Saikyou wo Mezasu",The Survival of an Incompetent Villainous Prince.,無能の悪童王子は生き残りたい～恋愛RPGの悪役モブに転生したけど、原作無視して最強を目指す～,Manga,1999,6.18,2024,https://cdn.myanimelist.net/images/manga/1/328838l.jpg
882,Gaogao,Roar!!,ガオがお,One-shot,276,6.17,2024,https://cdn.myanimelist.net/images/manga/1/312225l.jpg
883,Suterare Elf-san wa Sekai de Ichiban Tsuyokute Kawaii!,The Abandoned Elf Is the Strongest and Cutest in the World!,捨てられエルフさんは世界で一番強くて可愛い!,Manga,1246,6.16,2024,https://cdn.myanimelist.net/images/manga/1/317494l.jpg
883,"Tensei shita Ore ga Kawaii Sugiru node, Aisare Chara wo Mezashite Ganbarimasu",,転生した俺が可愛いすぎるので、愛されキャラを目指してがんばります,Manga,489,6.16,2024,https://cdn.myanimelist.net/images/manga/4/332283l.jpg
883,The Exiled Hero,The Exiled Hero,파티에서 추방된 영웅이 너무 뛰어남,Manhwa,2185,6.16,2024,https://cdn.myanimelist.net/images/manga/3/304669l.jpg
886,Kusozako Boukou Oshii-san,,クソザコボウコウ押井さん,Manga,641,6.15,2024,https://cdn.myanimelist.net/images/manga/3/334706l.jpg
887,Hydra,Hydra,ヒドラ,One-shot,335,6.14,2024,https://cdn.myanimelist.net/images/manga/1/311603l.jpg
887,Nadenade Skill de Maryoku Chuunyuu!!,,なでなでスキルで魔力注入!!,Manga,1658,6.14,2024,https://cdn.myanimelist.net/images/manga/2/315741l.jpg
889,Iron Emperor,Iron Emperor,강철대제,Manhwa,2182,6.13,2024,https://cdn.myanimelist.net/images/manga/2/316493l.jpg
889,Kusetsuyo Kanojo wa Toko ni Izanau,A Quirky Girl Is Inviting Me to Bed,クセ強彼女は床にいざなう,Manga,5173,6.13,2024,https://cdn.myanimelist.net/images/manga/2/314371l.jpg
889,Watashi ni Ai wo Sakebasete,Let Me Shout Out LOVE for You,私に愛を叫ばせて,Manga,537,6.13,2024,https://cdn.myanimelist.net/images/manga/1/310985l.jpg
892,"S-kyuu Party kara Tsuihou sareta Kariudo, Jitsu wa Sekai Saikyou: Shatei 9999 no Otoko, Teikoku no Sogekishu toshite Musou suru",,S級パーティーから追放された狩人、実は世界最強 ～射程9999の男、帝国の狙撃手として無双する～,Manga,1178,6.12,2024,https://cdn.myanimelist.net/images/manga/1/324470l.jpg
892,The Swordmaster's Reincarnation,The Swordmaster's Reincarnation,소드마스터의 환생,Manhwa,1299,6.12,2024,https://cdn.myanimelist.net/images/manga/2/311752l.jpg
894,Kimi no Risou no Maid ni Naru!,,キミの理想のメイドになる!,Manga,2725,6.11,2024,https://cdn.myanimelist.net/images/manga/2/316135l.jpg
894,Teisou Gyakuten Sekai de Sukebe na Bijo-tachi ni Kakomare nagara Boukensha Seikatsu,,貞操逆転異世界でスケベな美女たちに囲まれながら冒険者生活,Manga,826,6.11,2024,https://cdn.myanimelist.net/images/manga/2/317791l.jpg
896,Ankoku Delta,Ankoku Delta,暗黒デルタ,Manga,1983,6.1,2024,https://cdn.myanimelist.net/images/manga/3/305564l.jpg
896,Eiyuu to Majo no Tensei Love Comedy,A Reincarnation Romantic Comedy of a Hero and a Witch,英雄と魔女の転生ラブコメ,Manga,4815,6.1,2024,https://cdn.myanimelist.net/images/manga/2/320397l.jpg
896,Suna Mahou de Suna no Oukoku wo Tsukurou: Sabaku ni Tsuihou sareta kara Ganbatte Sokoku Ijou no Kokka wo Tatetemita,Let's Create a Sand Kingdom with Sand Magic.,砂魔法で砂の王国を作ろう ～砂漠に追放されたから頑張って祖国以上の国家を建ててみた～,Manga,2056,6.1,2024,https://cdn.myanimelist.net/images/manga/3/327345l.jpg
899,Doutei Yuusha no Harem Maou Toubatsuki,,童貞勇者のハーレム魔王討伐記,Manga,1610,6.07,2024,https://cdn.myanimelist.net/images/manga/1/314360l.jpg
899,Inaka no Kuro Gal JK to Kekkon Shimashita,,田舎の黒ギャルJKと結婚しました,Manga,2313,6.07,2024,https://cdn.myanimelist.net/images/manga/1/312744l.jpg
899,Level 0 no Munou Tansakusha to Sagesumaretemo Jitsu wa Sekai Saikyou desu: Tansaku Ranking 1-i wa Nazo no Hito,,レベル0の無能探索者と蔑まれても実は世界最強です～探索ランキング1位は謎の人～,Manga,2564,6.07,2024,https://cdn.myanimelist.net/images/manga/3/318083l.jpg
902,"Classmate wa Isekai de Yuusha ni Natta kedo, Ore dake Gendai Nihon ni Okizari ni Saremashita",,クラスメイトは異世界で勇者になったけど、俺だけ現代日本に置き去りにされました,Manga,1842,6.06,2024,https://cdn.myanimelist.net/images/manga/2/318086l.jpg
903,What Lies Within,What Lies Within,은닉,Manhwa,535,6.05,2024,https://cdn.myanimelist.net/images/manga/1/320101l.jpg
904,Nigasanai yo? Fukuroji-kun,,逃がさないよ? 袋路くん,Manga,1608,6.03,2024,https://cdn.myanimelist.net/images/manga/1/318066l.jpg
905,Yandere Kankin Seikatsu wa Igai to Tengoku desu,Being a Yandere's Prisoner Is Actually Kind of Nice,ヤンデレ監禁生活は意外と天国です,Manga,563,6.02,2024,https://cdn.myanimelist.net/images/manga/2/343659l.jpg
906,Ambivalent: Dotei wo Sutetara Shinu Sekai,,アンビバレント～童貞を捨てたら死ぬ世界～,Manga,1983,6.01,2024,https://cdn.myanimelist.net/images/manga/1/306361l.jpg
907,Doku no Okurimono,Gift of Poison,ドクの贈物,Manga,1110,6.0,2024,https://cdn.myanimelist.net/images/manga/2/305549l.jpg
908,Musume no Shinshitsu,My Daughter's Bedroom,娘の寝室,Manga,1178,5.99,2024,https://cdn.myanimelist.net/images/manga/2/316557l.jpg
908,Oyasumi Fumi-san,Good Night Fumi-san,おやすみ ふみさん,Manga,1721,5.99,2024,https://cdn.myanimelist.net/images/manga/2/317490l.jpg
910,Sarashimono,Fool,さらしもの,Manga,515,5.98,2024,https://cdn.myanimelist.net/images/manga/3/310351l.jpg
911,"Isekai de Saikyou no Skill wo Umidaseta node, Hitasura Musou suru Koto ni Shimashita. Ore dake ga Status wo Katte ni Sousa",,異世界で最強のスキルを生み出せたので、ひたすら無双することにしました。～俺だけがステータスを勝手に操作～,Manga,850,5.97,2024,https://cdn.myanimelist.net/images/manga/3/311588l.jpg
912,Chii-chan,Toxic Daughter: Chi-chan,ちーちゃん,Manga,2246,5.94,2024,https://cdn.myanimelist.net/images/manga/2/300051l.jpg
912,Nazeka S-kyuu Bijo-tachi no Wadai ni Ore ga Agaru Ken,,なぜかS級美女達の話題に俺があがる件,Manga,2456,5.94,2024,https://cdn.myanimelist.net/images/manga/1/320372l.jpg
914,Mushi Musume,Insect Girl,ムシムスメ,Manga,1468,5.93,2024,https://cdn.myanimelist.net/images/manga/1/315737l.jpg
915,Navigatoria,Navigatoria,ナヴィガトリア,Manga,1127,5.92,2024,https://cdn.myanimelist.net/images/manga/3/301185l.jpg
916,Chika Idol wo Kage de Sasaeru Ore,Underground Idol & I,地下アイドルを影で支える俺,Manga,2880,5.9,2024,https://cdn.myanimelist.net/images/manga/3/317493l.jpg
916,Leveling Up in an Exclusive Dungeon,Leveling Up in an Exclusive Dungeon,던전 독점으로 레벨업,Manhwa,623,5.9,2024,https://cdn.myanimelist.net/images/manga/1/329274l.jpg
918,In Good Faith,In Good Faith,신의성실의 원칙,Manhwa,459,5.87,2024,https://cdn.myanimelist.net/images/manga/2/315605l.jpg
919,Under the Influence,Under the Influence,오메가 노예 함락 보고서,Manhwa,314,5.86,2024,https://cdn.myanimelist.net/images/manga/3/315829l.jpg
919,Yamu ni Yamarenu! Tensei Kenja no Heion(?) na Nichijou,,ヤむにやまれぬ! ～転生賢者の平穏(?)な日常～,Manga,2990,5.86,2024,https://cdn.myanimelist.net/images/manga/2/315918l.jpg
921,Shinsou no Raputa,Deep Raputa,深層のラプタ,Manga,2465,5.85,2024,https://cdn.myanimelist.net/images/manga/3/310352l.jpg
921,Tsuma ka Shi ka: Haisenkoku no Onna-tachi,,妻か死か～敗戦国の女たち～,Manga,971,5.85,2024,https://cdn.myanimelist.net/images/manga/1/314813l.jpg
923,"Tsuihou sareta Renkinjutsushi, Adult Goods de Sekai wo Sukuu: Donna Monster mo Zettai ni Ikaseru Otoko",,追放された錬金術師、アダルトグッズで世界を救う ～どんなモンスターも絶対にイカせる男～,Manga,1553,5.83,2024,https://cdn.myanimelist.net/images/manga/2/319505l.jpg
924,"Tsuihou sareta Kajishi wa Cheat Skill de Densetsu wo Tsukurimakuru: Konyakusha ni Mise wo Oidasareta kedo, Kimama ni Mono Tsukutteirareru Ima no Hou ga Shiawase desu",,追放された鍛冶師はチートスキルで伝説を作りまくる ～婚約者に店を追い出されたけど、気ままにモノ作っていられる今の方が幸せです～,Manga,1883,5.82,2024,https://cdn.myanimelist.net/images/manga/1/323869l.jpg
925,"Aru Hi Totsuzen, Gal no Iinazuke ga Dekita","One Day, out of the Blue, I Got a Gal's Forgiving Wife.",ある日、突然ギャルの許嫁ができた,Manga,2501,5.81,2024,https://cdn.myanimelist.net/images/manga/2/312750l.jpg
925,Tsuihou Yuusha no Yuuga na Slow Life: Jiyuu ni Nattara Ore dake no Saiai Tenshi mo Te ni Haitta!,,追放勇者の優雅な生活〈スローライフ〉～自由になったら俺だけの最愛天使も手に入った!～,Manga,1949,5.81,2024,https://cdn.myanimelist.net/images/manga/2/319841l.jpg
927,Ryouta wa Otouto wo Koroshita,Ryota Killed His Brother,良太は弟を殺した,Manga,2213,5.79,2024,https://cdn.myanimelist.net/images/manga/2/320373l.jpg
928,"Kuni ni Saikyou no Barrier wo Hattara Heiwa ni Narisugite Tsuihousaremashita. Ore no Mahou ga Yabasugite, Bijo to Mazoku ni Kakomarerun da ga!?",,国に最強のバリアを張ったら平和になりすぎて追放されました。～俺の魔法がヤバすぎて、美女と魔族に囲まれてるんだが!?～,Manga,2680,5.78,2024,https://cdn.myanimelist.net/images/manga/2/309150l.jpg
929,ByeByeBye,ByeByeBye,バイバイバイ,Manga,1351,5.76,2024,https://cdn.myanimelist.net/images/manga/2/308204l.jpg
930,Cigarette Burns,Cigarette Burns,재떨이,Manhwa,564,5.72,2024,https://cdn.myanimelist.net/images/manga/2/301854l.jpg
931,Girls Zombie Party,Girls Zombie Party,ガールズゾンビパーティー,Manga,1464,5.71,2024,https://cdn.myanimelist.net/images/manga/1/311313l.jpg
932,Dear Anemone,Dear Anemone,Dear Anemone,Manga,4841,5.65,2024,https://cdn.myanimelist.net/images/manga/3/305563l.jpg
932,Negai no Astro,Astro Royale,願いのアストロ,Manga,5407,5.65,2024,https://cdn.myanimelist.net/images/manga/3/305547l.jpg
934,Kanojo wo Ubatta Ikemen Bishoujo ga Nazeka Ore made Nerattekuru,,彼女を奪ったイケメン美少女がなぜか俺まで狙ってくる,Manga,2855,5.62,2024,https://cdn.myanimelist.net/images/manga/1/326004l.jpg
935,Boku e no Esa wa Kanojo-tachi,My Bait Is the Girls,神〈ぼく〉への餌は彼女達,Manga,1337,5.6,2024,https://cdn.myanimelist.net/images/manga/1/319335l.jpg
936,Jashin Kankin Harem de Isekai Seifuku!,,邪神監禁ハーレムで異世界征服!,Manga,1467,5.59,2024,https://cdn.myanimelist.net/images/manga/3/309158l.jpg
937,Lily of the Valley,Lily of the Valley,릴리 오브 더 밸리 (LILY OF THE VALLEY),Manhwa,631,5.58,2024,https://cdn.myanimelist.net/images/manga/3/337008l.jpg
938,"Hoshino-kun, Shitagatte!",Hoshino-kun Please Follow My Lead!,星野くん、したがって!,Manga,1544,5.57,2024,https://cdn.myanimelist.net/images/manga/2/304407l.jpg
939,Bones,,본즈,Manhwa,5671,5.51,2024,https://cdn.myanimelist.net/images/manga/1/313192l.jpg
940,Harem yori Heion wo! Isekai de Shizuka ni NEET Hime sasete Kure,More Peace Than a Harem,ハーレムより平穏を!異世界で静かにニート姫させてくれ,Manga,1904,5.43,2024,https://cdn.myanimelist.net/images/manga/2/316128l.jpg
940,Kyokutou Necromance,Kyokuto Necromance,極東ネクロマンス,Manga,2405,5.43,2024,https://cdn.myanimelist.net/images/manga/1/308122l.jpg
942,Peep,,PEEP,Manga,3531,5.4,2024,https://cdn.myanimelist.net/images/manga/1/314358l.jpg
942,Zutto Suki Datta Anata ga....,,ずっと好きだったあなたが…。,One-shot,569,5.4,2024,https://cdn.myanimelist.net/images/manga/2/316998l.jpg
944,Youkai Buster Murakami,Yokai Buster Murakami,妖怪バスター村上,Manga,1476,5.34,2024,https://cdn.myanimelist.net/images/manga/2/314074l.jpg
945,Hakutaku,Hakutaku,白卓 HAKUTAKU,Manga,1778,5.29,2024,https://cdn.myanimelist.net/images/manga/1/318768l.jpg
