rank,title,title_english,title_japanese,type,members,score,year,image_url
1,Warawanaide yo Shijima-san,"Quit Laughing, Shijima",笑わないでよ しじまさん,One-shot,4387,7.07,2026,https://cdn.myanimelist.net/images/manga/2/348786l.jpg
2,Watashi no Koto Suki ja Nakatta no ka yo!?,So You Weren't into Me?!,私のこと好きじゃなかったのかよ!?,Manga,4281,6.34,2026,https://cdn.myanimelist.net/images/manga/1/347769l.jpg
3,There's No Such Thing as a Bad Lady,There's No Such Thing as a Bad Lady,세상에 나쁜 영애는 없다,Manhwa,4131,7.23,2026,https://cdn.myanimelist.net/images/manga/1/340746l.jpg
4,The Shepherd Wizard,The Shepherd Wizard,양치기 마법사,Manhwa,3734,7.74,2026,https://cdn.myanimelist.net/images/manga/3/341720l.jpg
5,"Got Dropped into a Ghost Story, Still Gotta Work",,괴담에 떨어져도 출근을 해야 하는구나,Manhwa,3432,8.34,2026,https://cdn.myanimelist.net/images/manga/3/345986l.jpg
6,Kaigeki no Kinato,Kinato's Magic,回撃のキナト,Manga,3237,6.01,2026,https://cdn.myanimelist.net/images/manga/1/345895l.jpg
7,Became the Lout First Prince,Became the Lout First Prince,망나니 1왕자가 되었다,Manhwa,3107,7.19,2026,https://cdn.myanimelist.net/images/manga/3/341000l.jpg
8,Alien Headbutt,Alien Headbutt,エイリアンヘッドバット,Manga,2894,6.14,2026,https://cdn.myanimelist.net/images/manga/3/347074l.jpg
9,Under Doctor,Under Doctor,UNDER DOCTOR,Manga,2633,6.79,2026,https://cdn.myanimelist.net/images/manga/3/345892l.jpg
10,2-nen B-gumi Yuusha Destroyers,Class 2-B Hero Destroyerz,2年B組 勇者デストロイヤーず,Manga,2623,6.98,2026,https://cdn.myanimelist.net/images/manga/1/349719l.jpg
11,I Only See You,,너만 보인단 말이야,Manhwa,2509,7.41,2026,https://cdn.myanimelist.net/images/manga/2/343578l.jpg
12,The Painter Who Draws Dungeons,,던전을 그리는 화가,Manhwa,2410,8.13,2026,https://cdn.myanimelist.net/images/manga/2/347275l.jpg
13,Tatakai shika Shiranai Onna Kishi wo Amayakashi Tsuzuketa,,戦いしかしらない女騎士を甘やかし続けた,Manga,2213,6.71,2026,https://cdn.myanimelist.net/images/manga/1/342675l.jpg
14,Sangeki,Haunted Peak,山劇,Manga,2208,7.06,2026,https://cdn.myanimelist.net/images/manga/2/347770l.jpg
15,My Slain Dragon Bride,,내가 죽인 드래곤과 결혼했다,Manhwa,2112,7.34,2026,https://cdn.myanimelist.net/images/manga/2/347590l.jpg
16,Dragon no I de Oyasumi,The Knight Commander Spends Her Off in the Dragon's Belly,ドラゴンの胃でおやすみ,Manga,2102,7.61,2026,https://cdn.myanimelist.net/images/manga/3/344602l.jpg
17,Aching,,아리도록,Manhwa,1933,7.98,2026,https://cdn.myanimelist.net/images/manga/2/345057l.jpg
18,Kominka Gal to Renovation-gurashi,Renovations with a Gyaru,古民家ギャルとリノベ暮らし,Manga,1924,6.93,2026,https://cdn.myanimelist.net/images/manga/2/342361l.jpg
19,Yuusha Izoku,The Hero's Bereaved Family,勇者遺族,Manga,1802,6.91,2026,https://cdn.myanimelist.net/images/manga/3/347014l.jpg
20,Mada Kimi wo Miageteru,I'm Still Looking Up at You,まだ君を見上げてる,Manga,1800,6.76,2026,https://cdn.myanimelist.net/images/manga/2/349903l.jpg
21,"Shujinkou no Osananajimi ga, Wakiyaku no Ore ni Guigui Kuru",,主人公の幼馴染が、脇役の俺にグイグイくる,Manga,1762,7.32,2026,https://cdn.myanimelist.net/images/manga/2/347126l.jpg
22,I Dare You,I Dare You,쪽팔려게임,Manhwa,1741,7.66,2026,https://cdn.myanimelist.net/images/manga/2/347321l.jpg
23,Daytime in the Bunker,Daytime in the Bunker,벙커의 낮,Manhwa,1737,6.9,2026,https://cdn.myanimelist.net/images/manga/3/340134l.jpg
24,30 Years Since the Prologue,,프롤로그에서 30년이 흘렀다,Manhwa,1705,7.38,2026,https://cdn.myanimelist.net/images/manga/3/348152l.jpg
25,The Otherworldly Family Man,The Otherworldly Family Man,이세계서 유부남된 썰,Manhwa,1642,7.2,2026,https://cdn.myanimelist.net/images/manga/1/345081l.jpg
26,Osananajimi wo Mirume ga Kawatte Shimatta,,幼なじみを見る目が変わってしまった,Manga,1633,7.04,2026,https://cdn.myanimelist.net/images/manga/1/343490l.jpg
27,Ano Shima no Uminesou,Umine the Island Inn,あの島の海音荘,Manga,1589,6.84,2026,https://cdn.myanimelist.net/images/manga/2/344190l.jpg
28,Roku no Okashi na Ie,Roku's House of Oddities,ロクのおかしな家,Manga,1580,7.0,2026,https://cdn.myanimelist.net/images/manga/1/349718l.jpg
29,Secretly Strong and Searching for My Daddy,Secretly Strong and Searching for My Daddy,힘숨찐 어린이가 아빠를 찾습니다,Manhwa,1557,7.77,2026,https://cdn.myanimelist.net/images/manga/2/341565l.jpg
30,Lilim Holic,,りりむホリック,Manga,1549,7.02,2026,https://cdn.myanimelist.net/images/manga/2/349006l.jpg
31,Chikasugiru Futari,,近すぎる2人,Manga,1493,6.53,2026,https://cdn.myanimelist.net/images/manga/2/344760l.jpg
32,Friend Girlfriend,,フレンドガールフレンド,Manga,1404,7.41,2026,https://cdn.myanimelist.net/images/manga/2/346427l.jpg
33,The Forgotten Field,,잊혀진 들판,Manhwa,1402,7.57,2026,https://cdn.myanimelist.net/images/manga/2/344880l.jpg
34,Ore no Ichizu wo Jama suru Aitsu,,オレの一途を邪魔するアイツ,Manga,1353,6.82,2026,https://cdn.myanimelist.net/images/manga/3/348169l.jpg
35,Kaisou Toshi Danpenshuu,,階層都市断片集,Manga,1329,7.89,2026,https://cdn.myanimelist.net/images/manga/2/346860l.jpg
36,Animal Signal,Animal Signal,アニマルシグナル,Manga,1293,6.8,2026,https://cdn.myanimelist.net/images/manga/1/346046l.jpg
37,"Dungeon de Tatakai Tsuzukete 20-nen no Doutei Yuusha, Chijou ni Modottara Danjohi 1:1000 no Sekai Datta",,ダンジョンで戦い続けて20年の童貞勇者、地上に戻ったら男女比1:1000の世界だった,Manga,1289,5.99,2026,https://cdn.myanimelist.net/images/manga/1/345181l.jpg
38,TS Tensei Bishoujo Netora Reiko wa Netoraretai,,TS転生美少女音虎玲子は寝取られたい,Manga,1288,6.73,2026,https://cdn.myanimelist.net/images/manga/3/346762l.jpg
39,Natsu to Mushikago,Drawn to the Fire,夏と蛍〈むし〉籠,Manga,1285,5.93,2026,https://cdn.myanimelist.net/images/manga/1/343503l.jpg
40,My Wife Waited in the Wheat Fields,,부인은 밀밭에서 기다렸다,Manhwa,1276,7.06,2026,https://cdn.myanimelist.net/images/manga/1/346274l.jpg
41,"Taoreta Fujin wo Sukutta Gohoubi wa, Musume no Bijin Futago to no Otsukiai Deshita.",,倒れた婦人を救ったご褒美は、娘の美人双子とのお付き合いでした。,Manga,1260,6.14,2026,https://cdn.myanimelist.net/images/manga/1/346144l.jpg
42,Uchi no Maid ga Class no Suki na Ko ni Niteiru,,うちのメイドがクラスの好きな子に似ている,Manga,1243,6.79,2026,https://cdn.myanimelist.net/images/manga/2/349366l.jpg
42,Undead-san no Bukiyou na Seishun,Ms. Undead's Awkward Age,アンデッドさんの不器用な青春,Manga,1243,6.74,2026,https://cdn.myanimelist.net/images/manga/3/342362l.jpg
44,Kakushite Kisetsu wa Ao wo Shiru,,かくして季節はアオを知る,Manga,1220,7.14,2026,https://cdn.myanimelist.net/images/manga/3/348614l.jpg
45,Resurrection Boy,Resurrection Boy,부활소년,Manhwa,1216,7.07,2026,https://cdn.myanimelist.net/images/manga/2/341822l.jpg
46,Ura no Report,The Ura Files,ウラのレポート,Manga,1215,6.82,2026,https://cdn.myanimelist.net/images/manga/2/349471l.jpg
47,"Shujinkou-sama no Imouto ni Aisareteiru kedo, Shikkari Yandere.",,主人公様の妹に愛されているけど、しっかりヤンデレ。,Manga,1195,6.75,2026,https://cdn.myanimelist.net/images/manga/3/348254l.jpg
48,Sanagi no Heart,The Chrysalis Heart,サナギの心臓〈ハート〉,Manga,1185,6.66,2026,https://cdn.myanimelist.net/images/manga/2/348558l.jpg
49,Dokushin Kizoku: Danjohi 1:99 Sekai no Akuyaku Reisoku,,読心貴族～男女比1：99世界の悪役令息～,Manga,1183,6.36,2026,https://cdn.myanimelist.net/images/manga/3/349073l.jpg
50,Osananajimi-tachi ga Ninki Idol ni Natta: Amaama na Kanojo-tachi wa Ore ni Mitsuide Kureteiru,,幼馴染たちが人気アイドルになった ～甘々な彼女たちは俺に貢いでくれている～,Manga,1169,6.1,2026,https://cdn.myanimelist.net/images/manga/2/349877l.jpg
51,Only I Have an EX-Grade Summon,,나 혼자 EX급 소환수,Manhwa,1153,7.05,2026,https://cdn.myanimelist.net/images/manga/2/343441l.jpg
52,Himegoto Kakushigoto,,ひめごとかくしごと,Manga,1122,6.99,2026,https://cdn.myanimelist.net/images/manga/3/348637l.jpg
53,Enigmatica,Enigmatica,エニグマティカ,Manga,1087,6.55,2026,https://cdn.myanimelist.net/images/manga/1/347015l.jpg
54,Tonari no Futomomo-san,,隣の太ももさん,Manga,1078,6.6,2026,https://cdn.myanimelist.net/images/manga/1/341893l.jpg
55,Hal Formula,Hal Formula,HAL FORMULA,Manga,1077,6.83,2026,https://cdn.myanimelist.net/images/manga/2/346444l.jpg
56,Cannon Master,Cannon Master,カノンマスター,Manga,1051,6.66,2026,https://cdn.myanimelist.net/images/manga/2/346685l.jpg
56,Tsuzura-senpai wa Motokano dakara,,つづら先輩は元カノだから,Manga,1051,6.74,2026,https://cdn.myanimelist.net/images/manga/1/348396l.jpg
58,"Chiisakute Kawaii Bungeibu no Chiteki na Senpai wo, Hiza no Ue ni Nosetara Mainichi Suwattekuru You ni Natta",,小さくて可愛い文芸部の知的な先輩を、膝の上に乗せたら毎日座ってくるようになった,Manga,1042,6.77,2026,https://cdn.myanimelist.net/images/manga/3/342068l.jpg
59,Amamori Junna wa Shitsudo ga Takai,,雨森潤奈は湿度が高い,Manga,1013,6.75,2026,https://cdn.myanimelist.net/images/manga/2/345437l.jpg
60,Yami Kakusei shite Shujinkou ni Bokosareru Kamaseinu ni Hyoui shita ga Gensaku to Chigaisugite Tomadotteru,The Story of the Dark Awakening of a Bait and Switch Dog,闇覚醒して主人公にボコされるかませ犬に憑依したが原作と違いすぎて戸惑ってる,Manga,928,6.63,2026,https://cdn.myanimelist.net/images/manga/3/349909l.jpg
61,"Gakuen no Madonna no Watanabe-san ga, Nazeka  Maishuu Yotei wo Kiitekuru @comic",,学園のマドンナの渡辺さんが、なぜか毎週予定を聞いてくる@COMIC,Manga,926,6.75,2026,https://cdn.myanimelist.net/images/manga/1/342330l.jpg
62,Chou Kaguya-hime!,Cosmic Princess Kaguya!,超かぐや姫!,Manga,921,7.03,2026,https://cdn.myanimelist.net/images/manga/1/341240l.jpg
63,Kiwamete Kenzen na Bishoujo Level Up,,極めて健全な美少女レベルアップ,Manga,873,,2026,https://cdn.myanimelist.net/images/manga/2/344517l.jpg
64,Koushiki Furin,Official Adultery?,公式不倫,Manga,872,5.43,2026,https://cdn.myanimelist.net/images/manga/2/347191l.jpg
65,My Possession Became a Ghost Story,My Possession Became a Ghost Story,빙의했더니 괴담이 돼 버렸다,Manhwa,870,7.5,2026,https://cdn.myanimelist.net/images/manga/1/346456l.jpg
66,Awai no Homura,Twilight Blade,あわいの焔刃〈ほむら〉,Manga,859,6.83,2026,https://cdn.myanimelist.net/images/manga/2/349723l.jpg
67,Shinkon dakedo Captain no Kanojo to wa Mada Yarenai,"I'm Newly Married, but I Still Can't Have Sex with the Captain's Girlfriend.",新婚だけどキャプテンの彼女とはまだヤれない,Manga,858,6.39,2026,https://cdn.myanimelist.net/images/manga/1/347515l.jpg
68,"Musume ni Danzai sareru Akuyaku Koushaku ni Tensei shitemashita: Akuyaku Move wo Yameta noni Nazeka Musume ga ""Koori no Reijou"" Kasuru Ken","The Villainous Duke Condemned by His Daughter ""Ice Lady""",娘に断罪される悪役公爵に転生してました ～悪役ムーブをやめたのになぜか娘が『氷の令嬢』化する件～,Manga,837,6.59,2026,https://cdn.myanimelist.net/images/manga/2/349843l.jpg
69,Ota-kun ni dake Yasashisugiru Ayame-san,,オタくんにだけ優しすぎるアヤメさん,Manga,820,6.83,2026,https://cdn.myanimelist.net/images/manga/3/347340l.jpg
69,Prism Rondo,Love Through a Prism,プリズム輪舞曲〈ロンド〉,Manga,820,6.75,2026,https://cdn.myanimelist.net/images/manga/2/339872l.jpg
71,Furueru Migite,The Trembling Right Hand,震える右手,Manga,813,4.63,2026,https://cdn.myanimelist.net/images/manga/3/343408l.jpg
72,The Necromancer of the Renowned Swordmaster Family,The Necromancer of the Renowned Swordmaster Family,검술명가의 네크로맨서,Manhwa,811,6.74,2026,https://cdn.myanimelist.net/images/manga/3/347799l.jpg
73,Guuzen Tasuketa Bishoujo ga Nazeka Ore ni Natsuiteshimatta Ken ni Tsuite,,偶然助けた美少女がなぜか俺に懐いてしまった件について,Manga,810,6.58,2026,https://cdn.myanimelist.net/images/manga/1/347376l.jpg
73,Mandragora tte Baretara Toubatsu desu ka? Hana no Majo no Hohoemi wa Kanchigai no Tane wo Maku,"If They Find Out I'm a Mandrake, Do I Get Slayed...?",魔物〈マンドラゴラ〉ってバレたら討伐ですか? ～花の魔女のほほえみは勘違いの種を蒔く～,Manga,810,6.88,2026,https://cdn.myanimelist.net/images/manga/1/344734l.jpg
73,Nikoniko Genki☆Happy-chan,Smiley & Lively☆Your Girl Happy,にこにこ元気☆ハッピーちゃん,Manga,810,6.91,2026,https://cdn.myanimelist.net/images/manga/3/345896l.jpg
76,Oosaki-san to Komori-san,,大崎さんと小森さん,Manga,801,6.93,2026,https://cdn.myanimelist.net/images/manga/1/345121l.jpg
77,"Nan no Torie mo Nai Heibon na Ore ga Bijin Futago Shimai wo Inochigake de Tasuketa Kekka, Jitsu wa Yandere Datta Futari wo Gachi Horesaseteshimatta Ken",,何の取り柄もない平凡な俺が美人双子姉妹を命懸けで助けた結果、実はヤンデレだった二人をガチ惚れさせてしまった件,Manga,789,6.49,2026,https://cdn.myanimelist.net/images/manga/3/349423l.jpg
78,Immortal's Way of Life,,불로불사로 산다는 것은,Manhwa,787,7.17,2026,https://cdn.myanimelist.net/images/manga/3/342889l.jpg
78,Tomb Raider King: End Line,Tomb Raider King: End Line,도굴왕: 엔드라인,Manhwa,787,,2026,https://cdn.myanimelist.net/images/manga/2/347128l.jpg
80,"Kanojo wo Dere saseru Houhou wo, Shourai Kekkon suru Ore dake ga Shitteiru",,彼女をデレさせる方法を、将来結婚する俺だけが知っている,Manga,786,,2026,https://cdn.myanimelist.net/images/manga/2/346933l.jpg
81,Is It Bad that the Main Character's a Roleplayer?,,주인공이 컨셉충이면 곤란한가요,Manhwa,780,6.63,2026,https://cdn.myanimelist.net/images/manga/3/347682l.jpg
81,Unmei wa Yaku ni Tatanai,,運命は役に立たない,Manga,780,6.92,2026,https://cdn.myanimelist.net/images/manga/2/341149l.jpg
83,Shijou Saikyou no Deshi Kenichi 2: Tatsujin-hen,,史上最強の弟子ケンイチ２〜達人編〜,Manga,774,6.97,2026,https://cdn.myanimelist.net/images/manga/1/349033l.jpg
83,The Regressor Creates Everything,The Regressor Creates Everything,회귀자가 다 만들어줌,Manhwa,774,6.53,2026,https://cdn.myanimelist.net/images/manga/1/345056l.jpg
85,The Iron Overlord of Sichuan,The Iron Overlord of Sichuan,사천패왕,Manhwa,771,6.55,2026,https://cdn.myanimelist.net/images/manga/1/339950l.jpg
86,The Demon God,,마신,Manhwa,769,6.21,2026,https://cdn.myanimelist.net/images/manga/1/340912l.jpg
87,Kudan no Ken ni Tsuite,With Regard to My Dear Kudan,件の件について,Manga,764,7.0,2026,https://cdn.myanimelist.net/images/manga/2/349530l.jpg
88,Ijimete Ijirarete,,イジめてイジられて,Manga,763,6.87,2026,https://cdn.myanimelist.net/images/manga/1/347829l.jpg
89,The Margrave's 10th-Class Outcast,The Margrave's 10th-Class Outcast,변경백의 10클래스 망나니,Manhwa,754,6.67,2026,https://cdn.myanimelist.net/images/manga/3/344159l.jpg
90,Tadaima Taikichuu ni Tsuki,,ただいま待機中につき,Manga,751,,2026,https://cdn.myanimelist.net/images/manga/3/347447l.jpg
91,Kuchi ni Kansuru Enquête,A Questionnaire on the Mouth,口に関するアンケート,Manga,744,6.83,2026,https://cdn.myanimelist.net/images/manga/2/348556l.jpg
92,100-nen Ryuunen shiteru Elf,The 100 Year Repeat Student Elf,100年留年してるエルフ,Manga,721,,2026,https://cdn.myanimelist.net/images/manga/3/347941l.jpg
93,Kyomu-neechan wa Kamatte Hoshii,,虚無ねーちゃんはかまってほしい,Manga,709,,2026,https://cdn.myanimelist.net/images/manga/3/343165l.jpg
93,"Tsuuhan de Katta Youtou ga Gachi Datta: Tameshigiri shitara Kuukan ga Sakete Isekai ni Tobasareta Ageku, Densetsu no Yuusha dato Kanchigai sarete Komatteimasu",,通販で買った妖刀がガチだった〜試し斬りしたら空間が裂けて異世界に飛ばされた挙句、伝説の勇者だと勘違いされて困っています〜,Manga,709,,2026,https://cdn.myanimelist.net/images/manga/3/347090l.jpg
95,Shitennou Saijaku no Jiritsu Keikaku,,四天王最弱の自立計画,Manga,705,,2026,https://cdn.myanimelist.net/images/manga/3/343582l.jpg
96,Saigo no Manga Kyoushitsu,,最後の漫画教室,Manga,704,,2026,https://cdn.myanimelist.net/images/manga/2/348888l.jpg
97,Mazoku no Musume-tachi to Okuru Midareta Isekai Seikatsu,Demon Girls and My Decadent Isekai Life,魔族の娘たちと送る乱れた異世界生活,Manga,693,,2026,https://cdn.myanimelist.net/images/manga/1/345941l.jpg
98,"Hyouga-kei Idol no Manager wo Shiteimasu ga, Mou Genkai desu.",,氷河系アイドルのマネージャーをしていますが、もう限界です。,Manga,692,,2026,https://cdn.myanimelist.net/images/manga/1/341541l.jpg
98,Ikiru no Heta na Takou no Joshi,A Girl From Another School Who's Not Very Good at Living,生きるのヘタな他校の女子,Manga,692,,2026,https://cdn.myanimelist.net/images/manga/2/348015l.jpg
100,Junjou Gal wa Kanojo ja Nai noni,The Pure Gal Is Not My Girlfriend...,純情ギャルはカノジョじゃないのに,Manga,673,,2026,https://cdn.myanimelist.net/images/manga/1/347096l.jpg
100,Life of a Demon Hunter,Life of a Demon Hunter,마수 사냥꾼이 살아가는 법,Manhwa,673,6.82,2026,https://cdn.myanimelist.net/images/manga/3/341848l.jpg
102,Mikoto to Rei,,ミコトとレイ,Manga,670,7.05,2026,https://cdn.myanimelist.net/images/manga/1/345665l.jpg
103,Reveries of the Moonlight,Reveries of the Moonlight,월야환담,Manhwa,664,,2026,https://cdn.myanimelist.net/images/manga/1/341201l.jpg
104,Something About You,Something About You,지우와 우연,Manhwa,663,,2026,https://cdn.myanimelist.net/images/manga/3/340435l.jpg
105,Asobinin na Shoujo-tachi wa Kyou mo Houkago Yatteiru,,遊び人な少女たちは今日も放課後ヤっている,Manga,659,,2026,https://cdn.myanimelist.net/images/manga/2/341957l.jpg
106,Lunolita,Lunolita,ルノリータ,Manga,658,6.75,2026,https://cdn.myanimelist.net/images/manga/3/345737l.jpg
107,"I Only Need Our Child, Your Grace","I Only Need Our Child, Your Grace",공작님의 아이만 필요합니다,Manhwa,657,,2026,https://cdn.myanimelist.net/images/manga/1/343680l.jpg
108,Becoming the Cheon Clan's Mad Dog,,천씨세가의 망나니가 되었다,Manhwa,656,6.68,2026,https://cdn.myanimelist.net/images/manga/1/341043l.jpg
108,Graykeith no Makaigoyakuroku,Graykeith: Translator Daemonica,グレイキースの魔界語訳録,Manga,656,,2026,https://cdn.myanimelist.net/images/manga/1/349852l.jpg
110,Hito no Kokoro ga Yomeru Kanojo no Hanashi,The Story of a Girl Who Read Mind,ヒトの心が読める彼女の話,Manga,652,6.47,2026,https://cdn.myanimelist.net/images/manga/1/349075l.jpg
111,The Mighty Maid Prefers Her Peace,The Mighty Maid Prefers Her Peace,힘을 숨기고 즐기는 평화로운 하녀 생활,Manhwa,648,7.04,2026,https://cdn.myanimelist.net/images/manga/3/343679l.jpg
111,The Tale of Cultivation and Demon Extermination,,멸귀수도전,Manhwa,648,7.31,2026,https://cdn.myanimelist.net/images/manga/3/348002l.jpg
111,"Tousan wa ""Kensei"", Kaasan wa ""Kenshin"", Boku wa ""Ochi〇po Chanbara Master""",,父さんは【剣聖】、母さんは【剣神】、僕は【おち〇ぽチャンバラマスター】,Manga,648,,2026,https://cdn.myanimelist.net/images/manga/1/350342l.jpg
114,To Hell with the Status Window,,언스탯,Manhwa,646,,2026,https://cdn.myanimelist.net/images/manga/2/339760l.jpg
115,Nice to See You,Nice to See You,너무 가까운 이웃,Manhwa,624,7.29,2026,https://cdn.myanimelist.net/images/manga/2/346308l.jpg
116,Gakuen no Hime Kouryaku Hajimetara Shuraba ni Natteta Ken,,学園の姫攻略始めたら修羅場になってた件,Manga,622,,2026,https://cdn.myanimelist.net/images/manga/3/345179l.jpg
117,Goblin Inc.,,고블린 주식회사,Manhwa,616,,2026,https://cdn.myanimelist.net/images/manga/3/347897l.jpg
118,Oaite wa Ippan no Kata desu,He's Just an Ordinary Person,お相手は一般の方です,Manga,613,,2026,https://cdn.myanimelist.net/images/manga/3/347350l.jpg
119,Kakenai node Yattemita,,描けないのでヤってみた,Manga,609,,2026,https://cdn.myanimelist.net/images/manga/2/346389l.jpg
120,Liar Game: The Last Game,,LIAR GAME The Last Game,Manga,604,,2026,https://cdn.myanimelist.net/images/manga/3/341855l.jpg
121,Noisering,Noisering,ノイズリング,Manga,591,,2026,https://cdn.myanimelist.net/images/manga/1/349556l.jpg
122,Nishi Tokyo Metal Brothers,West Tokyo Metal Bros,ニシトーキョーメタルブラザーズ,Manga,589,6.88,2026,https://cdn.myanimelist.net/images/manga/3/345888l.jpg
122,Sandmancer of the Scorched Desert,,불탄 사막의 모래술사,Manhwa,589,6.92,2026,https://cdn.myanimelist.net/images/manga/1/347985l.jpg
122,Satsuriku Robot to Hito no Manaka,Manaka the Human and the Slaughter Robot,殺戮ロボと人のマナカ,Manga,589,6.21,2026,https://cdn.myanimelist.net/images/manga/1/345886l.jpg
125,Ore ni Tsugou ga Yosugiru Machi: Shihaisha Skill de Isekai Harem Musou,,俺に都合が良すぎる街～支配者スキルで異世界ハーレム無双～,Manga,588,,2026,https://cdn.myanimelist.net/images/manga/3/347123l.jpg
126,Isekai Tensei Dungeon Master: Onsen Dungeon wo Tsukuru,"Reincarnated, I'll Make the Hot Spring Dungeon!",異世界転生ダンジョンマスター 温泉ダンジョンを作る,Manga,572,,2026,https://cdn.myanimelist.net/images/manga/1/343434l.jpg
126,The Trash Villainess Has Returned,,망나니 악녀가 돌아왔다,Manhwa,572,,2026,https://cdn.myanimelist.net/images/manga/3/347764l.jpg
128,Accidental Baby,Accidental Baby,엑시덴탈 베이비,Manhwa,571,,2026,https://cdn.myanimelist.net/images/manga/3/341179l.jpg
128,Tsurizao Hitotsu de Isekai Hourou,Wandering Around Another World with Just One Fishing Rod,釣り竿ひとつで異世界放浪,Manga,571,,2026,https://cdn.myanimelist.net/images/manga/3/347397l.jpg
130,You Get Dumb When You're in Love,,좋아하면 멍청해진다,Manhwa,567,,2026,https://cdn.myanimelist.net/images/manga/2/345138l.jpg
131,"Maou-sama, Re Re Revenge!",,魔王さま、リリリベンジ!,Manga,565,,2026,https://cdn.myanimelist.net/images/manga/3/345766l.jpg
132,Shukuteki no Ie no Toushu wo Tsuma ni Moraimashita: Tsuma wa Karen de Hakanakute Yasashikute Kashikokute Kawaikute Saikou desu,,宿敵の家の当主を妻に貰いました ～妻は可憐で儚くて優しくて賢くて可愛くて最高です～,Manga,553,,2026,https://cdn.myanimelist.net/images/manga/1/348482l.jpg
133,Mayori no Gakkou,Mayori Academy,魔寄りの学校,Manga,550,,2026,https://cdn.myanimelist.net/images/manga/2/349010l.jpg
134,Ore wa Gimai ni Uso wo Tsuku: Chi no Tsunagaranai Imouto wo Ore ga Hikitoru Koto ni Shita,,俺は義妹に嘘をつく〜血の繋がらない妹を俺が引き取ることにした〜,Manga,548,,2026,https://cdn.myanimelist.net/images/manga/1/348716l.jpg
134,"Osekkai Joshi, Koi wo Suru",,おせっかい女子、恋をする,Manga,548,6.76,2026,https://cdn.myanimelist.net/images/manga/1/341990l.jpg
136,Tsukimino Karma wa Akumade Boku no Pet nanoni,Tsukimino Karma Is Just My Pet...,月見野カルマはあくまで僕のペットなのに,Manga,547,,2026,https://cdn.myanimelist.net/images/manga/3/349008l.jpg
137,Ao to Haru,,青と春,Manga,546,,2026,https://cdn.myanimelist.net/images/manga/2/350348l.jpg
138,Morino-san Darugaramu,Morino-san Just Won't Leave Me Be,森野さんだるがらむ,Manga,545,,2026,https://cdn.myanimelist.net/images/manga/1/349628l.jpg
138,Tier 1 Shimai: Yuumei Yonshimai wa Boku Nashi dewa Ikirarenai,,Tier1姉妹 有名四姉妹は僕なしでは生きられない,Manga,545,,2026,https://cdn.myanimelist.net/images/manga/3/342206l.jpg
140,Ore no Osananajimi ga Dekkkkkaku Narisugita,,俺の幼馴染がデッッッッかくなりすぎた,Manga,537,,2026,https://cdn.myanimelist.net/images/manga/2/344590l.jpg
141,The Scandal Maker Has Returned,The Scandal Maker Has Returned,스캔들 메이커가 돌아왔다,Manhwa,535,,2026,https://cdn.myanimelist.net/images/manga/2/343681l.jpg
142,"Suki na Ko ni Kokuttara, Futago no Imouto ga Omake de Tsuitekita",,好きな子に告ったら、双子の妹がオマケでついてきた,Manga,533,,2026,https://cdn.myanimelist.net/images/manga/2/349275l.jpg
143,Lucky Mia!,,럭키 미아!,Manhwa,527,,2026,https://cdn.myanimelist.net/images/manga/3/341878l.jpg
144,Salamander,Salamander,サラマンダ,Manga,522,,2026,https://cdn.myanimelist.net/images/manga/3/349943l.jpg
145,Muteki no Subaru,Subaru the Invincible,無敵のスバル,Manga,521,6.55,2026,https://cdn.myanimelist.net/images/manga/3/345894l.jpg
146,Purely Delinquent,Purely Delinquent,불량순정,Manhwa,520,,2026,https://cdn.myanimelist.net/images/manga/1/345055l.jpg
147,Serim's Golden Rule,,세림의 철칙,Manhwa,513,,2026,https://cdn.myanimelist.net/images/manga/1/347531l.jpg
148,The Sword Emperor's Rise of Namgung,,검제가 남궁세가를 세우는 법,Manhwa,511,,2026,https://cdn.myanimelist.net/images/manga/3/346605l.jpg
149,Kami Yomu Futari,The Oracles of Kami,神ヨムふたり,Manga,510,,2026,https://cdn.myanimelist.net/images/manga/1/347331l.jpg
150,"Maryoku Zero no Saikyou Kenja: Mahou Riron wo Kiwametara, Sekai Saikyou ni Natteita",The Strongest Sage with 0 Magic Power,魔力ゼロの最強賢者 ～魔法理論を極めたら、世界最強になっていた～,Manga,508,,2026,https://cdn.myanimelist.net/images/manga/1/345019l.jpg
151,Miseijuku Succubus,Immature Succubus,未成熟サキュバス,One-shot,507,6.57,2026,https://cdn.myanimelist.net/images/manga/3/341659l.jpg
151,Tsun na Kanojo no Futomomo Jijou,,ツンな彼女の太もも事情,Manga,507,,2026,https://cdn.myanimelist.net/images/manga/3/349297l.jpg
153,"Craft Skill de Isekai no Mujintou wo Daikaizou! ""......toka Omottara Senjuumin ga Ite, Ore no Kodane wo Neratteiru you desu""",,クラフトスキルで異世界の無人島を大改造！ 『……とか思ったら先住民がいて、俺の子種を狙っているようです』,Manga,506,,2026,https://cdn.myanimelist.net/images/manga/1/350143l.jpg
154,"Shokei Flag no Akuyaku Kizoku ni Tensei shita ga, Shinitakunai node Yami Mahou wo Kiwamete Heroine-tachi wo Sukuimasu",,処刑フラグの悪役貴族に転生したが、死にたくないので闇魔法を極めてヒロインたちを救います,Manga,491,,2026,https://cdn.myanimelist.net/images/manga/2/344821l.jpg
155,Monkey Hunting,Monkey Hunting,モンキーハンティング,Manga,488,,2026,https://cdn.myanimelist.net/images/manga/1/348639l.jpg
156,Hatsukoi Algorithm,,初恋あるごりずむ,Manga,479,,2026,https://cdn.myanimelist.net/images/manga/2/349283l.jpg
157,The Former Supreme,,전직지존,Manhwa,478,,2026,https://cdn.myanimelist.net/images/manga/3/348301l.jpg
158,[Baku Advantage] Umareta Chokugo kara Saikyou Akuryou to Nounai Battle shitetara Maryokuryou ga Sokutei Kanou Iki wo Koetemashita: Akutsuki no Ko no Kenkyo na Hadou,The Strongest Evil Spirit,【爆アド】生まれた直後から最強悪霊と脳内バトルしてたら魔力量が測定可能域を超えてました〜悪憑の子の謙虚な覇道〜,Manga,477,,2026,https://cdn.myanimelist.net/images/manga/1/342158l.jpg
159,Honzuki no Gekokujou: Shisho ni Naru Tame ni wa Shudan wo Erandeiraremasen Dai 5-bu - Togireta Chishiki wo Tsunageyou!,,本好きの下剋上 司書になるためには手段を選んでいられません 第五部 途切れた知識を繋げよう!,Manga,476,,2026,https://cdn.myanimelist.net/images/manga/3/344141l.jpg
160,"Elf, Juukishi wo Hirou",The Elf Picked Up the Heavy Knight.,エルフ、重騎士を拾う,Manga,474,,2026,https://cdn.myanimelist.net/images/manga/2/347257l.jpg
160,The Otherworldly Nutritionist,The Otherworldly Nutritionist,이세계 영주가 밥을 잘 먹임,Manhwa,474,,2026,https://cdn.myanimelist.net/images/manga/3/341823l.jpg
162,Ake ni Somu,Stained in Crimson,朱に染む,One-shot,468,7.07,2026,https://cdn.myanimelist.net/images/manga/3/345834l.jpg
163,"Saenai Ossan, Jitsu wa Saikyou",,冴えないおっさん、実は最強,Manga,464,,2026,https://cdn.myanimelist.net/images/manga/2/349372l.jpg
164,Mizunoke: Suiiki Kaii Kitan Imayou,Mizunoke: A Modern Tale of Mysterious Water Dwellers,水ノ怪-水域怪異奇譚今様-,Manga,462,,2026,https://cdn.myanimelist.net/images/manga/1/347332l.jpg
165,Sekai wo Tsunagitsukusu Internet Miko,World Wide Web MIKO!,世界を繋ぎ尽くすインターネット巫女,Manga,447,,2026,https://cdn.myanimelist.net/images/manga/1/349725l.jpg
166,Copycat,Copycat,표절의혹,Manhwa,441,,2026,https://cdn.myanimelist.net/images/manga/3/343064l.jpg
167,"A, Akuma-chan",Hey! Devil Girl!,あっ、悪魔ちゃん,Manga,439,6.67,2026,https://cdn.myanimelist.net/images/manga/2/349722l.jpg
168,Datenshi-chan wa Ganbarenai,,堕天使ちゃんはがんばれない,Manga,434,,2026,https://cdn.myanimelist.net/images/manga/2/349900l.jpg
169,Tensei Teido de Mune no Ana wa Umaranai,The Hole in My Heart Cannot Be Filled with Reincarnation,転生程度で胸の穴は埋まらない,Manga,433,,2026,https://cdn.myanimelist.net/images/manga/2/346843l.jpg
170,Muramura shiteshimau Noroi no Youtou to Issho ni Isekai e Mayoikonde shimatta Ken: Moto no Sekai e Kaeru Tame ni Dorei wo Hikiite Harem Party de Dungeon Kouryaku shimasu,The Case of Getting Lost in Another World with a Cursed Demon Sword That Makes Me Horny.,ムラムラしてしまう呪いの妖刀と一緒に異世界へ迷い込んでしまった件 -元の世界へ帰るために奴隷を率いてハーレムパーティでダンジョン攻略します-,Manga,432,,2026,https://cdn.myanimelist.net/images/manga/1/344772l.jpg
171,"Boukensha Matching App de Aishou Batsugun dakedo Seikaku Saiaku na Onna to Party Kunda Kekka, Ecchi Aishou ga 200%-goe Datta node Yoru wa Juujun na Saikou no Teammate ni Narimashita.",,冒険者マッチングアプリで相性抜群だけど性格最悪な女とパーティー組んだ結果、エッチ相性が２００％超えだったので夜は従順な最高のチームメイトになりました。,Manga,431,,2026,https://cdn.myanimelist.net/images/manga/1/347337l.jpg
171,Fairy Tail Re:Fantasia,Fairy Tail Re:Fantasia,FAIRY TAIL RE:FANTASIA,Manga,431,,2026,https://cdn.myanimelist.net/images/manga/2/348441l.jpg
173,Jibun wo SSS-kyuu dato Omoikondeiru C-kyuu Majutsu Gakusei,The C-Class Magic Student Who Pretends to Be an SSS-Class Mage,自分をSSS級だと思い込んでいるC級魔術学生,Manga,429,,2026,https://cdn.myanimelist.net/images/manga/2/347062l.jpg
174,"Kokou na Kanojo to, Kanojo no Heya de Shiteru Koto",,孤高なカノジョと、彼女の部屋でシてること,Manga,428,,2026,https://cdn.myanimelist.net/images/manga/2/347033l.jpg
175,"Muteki no Ansatsu Madoushi, Last Boss Musume to Tabi wo Suru @comic",The Invincible Assassin Mage Journeys with the Final Boss Girl.,無敵の暗殺魔導士、ラスボス娘と旅をする@COMIC,Manga,427,,2026,https://cdn.myanimelist.net/images/manga/2/344143l.jpg
175,SATANICA,SATANICA,SATANICA,Manga,427,,2026,https://cdn.myanimelist.net/images/manga/3/344930l.jpg
177,Doutei dakedo Akuyaku Kizoku ni Tensei shita node Harem wo Tsukuru...... Hazu Datta noni Nazeka Sekai wo Sukuu Seijin ni Nattemashita (Namida),,童貞だけど悪役貴族に転生したのでハーレムを作る……はずだったのになぜか世界を救う聖人になってました（涙）,Manga,425,,2026,https://cdn.myanimelist.net/images/manga/3/346881l.jpg
178,Garden in the Closet,,ガーデン・イン・ザ・クローゼット,Manga,423,,2026,https://cdn.myanimelist.net/images/manga/1/350190l.jpg
179,Dream Partner,Dream Partner,ドリームパートナー,One-shot,422,6.81,2026,https://cdn.myanimelist.net/images/manga/1/345568l.jpg
180,Yuutousei ga Adult Goods wo Kai ni Kita,The High School Girl Came to Buy Adult Toys.,優等生がアダルトグッズを買いに来た,Manga,416,,2026,https://cdn.myanimelist.net/images/manga/3/349038l.jpg
181,Teinengo wa Isekai de Taneuma Seikatsu,,定年後は異世界で種馬生活,Manga,415,,2026,https://cdn.myanimelist.net/images/manga/2/344672l.jpg
182,"Tsuihou-kei no Akuyaku Party no Leader ni Tensei shita node, Zamaa sareru Mae ni Jibun wo Tsuihou shimashita. Skill wo Ubau ""Steal"" tte Akuyaku Sugiru kedo Tsuyosugiru",,追放系の悪役パーティのリーダーに転生したので、ざまぁされる前に自分を追放しました。 ～スキルを奪う『スティール』って悪役過ぎるけど強すぎる～,Manga,413,,2026,https://cdn.myanimelist.net/images/manga/3/350188l.jpg
183,Nanatousei wo Mitsukete,Finding the Invisible Star,七等星をみつけて,Manga,410,,2026,https://cdn.myanimelist.net/images/manga/3/348643l.jpg
183,"Unbeknownst to Me, I Am Secretly Dating the Emperor",,황제와 비밀 연애 중인데 나는 그걸 몰라,Manhwa,410,,2026,https://cdn.myanimelist.net/images/manga/2/346747l.jpg
185,Endless Yearning,,오매불망,Manhwa,406,,2026,https://cdn.myanimelist.net/images/manga/1/344203l.jpg
185,Winter Field,,윈터필드,Manhwa,406,,2026,https://cdn.myanimelist.net/images/manga/2/339566l.jpg
187,First Penguin Requiem,,ファーストペンギン・レクイエム,Manga,402,,2026,https://cdn.myanimelist.net/images/manga/2/347100l.jpg
188,Atashitachi tte Tsukiatteru yo ne!?,"We Are Dating, Right!?",あたし達って付き合ってるよね!?,Manga,399,,2026,https://cdn.myanimelist.net/images/manga/3/345645l.jpg
189,"Gokudou Reijou, Neko wo Hirou.",,極道令嬢、猫を拾う。,Manga,398,,2026,https://cdn.myanimelist.net/images/manga/1/347335l.jpg
189,When Life Gives You Tomatoes,When Life Gives You Tomatoes,피앙세는 토마토,Manhwa,398,,2026,https://cdn.myanimelist.net/images/manga/3/341186l.jpg
191,Cool na Doukyuusei no 10-nengo,Cool Classmate Girl 10 Years Later,クールな同級生の10年後,Manga,394,,2026,https://cdn.myanimelist.net/images/manga/2/349004l.jpg
192,"Shibou End wo Kaihi shita Galge no Heroine ga Ore no ""Nikkichou"" wo Yonde Himitsu wo Shitta Rashii",,死亡エンドを回避したギャルゲーのヒロインたちが俺の【日記帳】を読んで秘密を知ったらしい,Manga,389,,2026,https://cdn.myanimelist.net/images/manga/1/350182l.jpg
193,The Ruler of Darkness,,제암진천경,Manhwa,387,,2026,https://cdn.myanimelist.net/images/manga/3/347057l.jpg
194,Chou Kaguya-hime!,Cosmic Princess Kaguya!,超かぐや姫!,Light Novel,386,,2026,https://cdn.myanimelist.net/images/manga/3/341154l.jpg
195,May Sleep Befall Death,May Sleep Befall Death,죽음은 잠 못 이루고,Manhwa,385,,2026,https://cdn.myanimelist.net/images/manga/2/345259l.jpg
196,"Daremo ga Urayamu Tonari no Cool Bishoujo, Jitsu wa Nounai Pink Sugiru",,誰もが羨む隣のクール美少女、実は脳内ピンクすぎる,Manga,382,,2026,https://cdn.myanimelist.net/images/manga/2/348009l.jpg
196,Seiken-chan wa Kojiraseteiru,,聖剣ちゃんはこじらせている,Manga,382,,2026,https://cdn.myanimelist.net/images/manga/3/346359l.jpg
198,Owari no Futari,The Last Two,終わりのふたり,One-shot,379,7.08,2026,https://cdn.myanimelist.net/images/manga/1/340574l.jpg
199,Evangeline wa Kutsu wo Haku,Evangeline Puts on Shoes,エヴァンジェリンは靴を履く,Manga,374,,2026,https://cdn.myanimelist.net/images/manga/3/350107l.jpg
199,Moshne Project,Moshne Project,モシュネプロジェクト,Manga,374,6.39,2026,https://cdn.myanimelist.net/images/manga/1/349713l.jpg
201,Totsunyuu Sakusen: Kiss ga Night,Undercover Operation: Need-A-Kiss,突入作戦:キスガナイト,One-shot,371,7.01,2026,https://cdn.myanimelist.net/images/manga/3/342201l.jpg
202,Kanojo no Kanojo to Fujun na Hatsukoi,My Guilty First Love with Another Girl's Girlfriend,彼女のカノジョと不純な初恋,Manga,367,,2026,https://cdn.myanimelist.net/images/manga/2/342877l.jpg
203,"Hissatsu Reijou Liese: Tensei shita Saikyou no Koroshiya wa, Yami wo Matou Akuyaku Reijou to Naru",,必殺令嬢リーゼ ～転生した最強の殺し屋は、闇を纏う悪役令嬢となる～,Manga,365,,2026,https://cdn.myanimelist.net/images/manga/3/346787l.jpg
204,Gokuaku Hidou na Seiheki Kizoku ga Doryoku shitara Seijitsu Harem Tsukuremashita,,極悪非道な性癖貴族が努力したら誠実ハーレムつくれました,Manga,364,,2026,https://cdn.myanimelist.net/images/manga/3/345145l.jpg
205,The Light I Give You,The Light I Give You,금빛을 너에게,Manhwa,362,,2026,https://cdn.myanimelist.net/images/manga/2/341132l.jpg
206,"Yotte, Hatsukoi wa Shoumei sareta. Delta to Gamma no Rigakubu Note",,よって、初恋は証明された。-デルタとガンマの理学部ノート-,Manga,360,,2026,https://cdn.myanimelist.net/images/manga/2/344654l.jpg
207,Desire Me If You Can,Desire Me If You Can,디자이어 미 이프 유 캔(Desire Me If You Can),Manhwa,356,,2026,https://cdn.myanimelist.net/images/manga/3/346130l.jpg
208,"Heibon de Arifureta, Shiawase na Renai.","Not Special, but Enough.",平凡でありふれた、幸せな恋愛。,Manga,353,,2026,https://cdn.myanimelist.net/images/manga/1/349000l.jpg
208,Suterare Youhei wa Jiyuu Kimama ni Ikitai,The Discarded Mercenary Wants to Live Freely.,捨てられ傭兵は自由気ままに生きたい,Manga,353,,2026,https://cdn.myanimelist.net/images/manga/2/347930l.jpg
210,Garden of May,Garden of May,오월의 정원에서,Manhwa,352,,2026,https://cdn.myanimelist.net/images/manga/1/345566l.jpg
211,Isekai Gourmet Tsumamigui!,,異世界グルメ妻み食い!,Manga,350,,2026,https://cdn.myanimelist.net/images/manga/3/346689l.jpg
212,Douro☆Star,ROAD☆STAR,ドーロ☆スター,Manga,349,,2026,https://cdn.myanimelist.net/images/manga/3/348557l.jpg
212,Motome Sugaki no Zako Sotsugyou♡,,素目菅姫のざこ卒業♡,One-shot,349,6.79,2026,https://cdn.myanimelist.net/images/manga/3/342695l.jpg
214,"Osananajimi ni Kage de Tsugou no Ii Otoko Yobawari sareta Ore wa, Koui wo Reset shite Futsuu ni Seishun wo Okuritai","My Childhood Friend Called Me a Man of Convenience Behind My Back, I Want to Reset My Favor and Live a Normal Youth.",幼馴染に陰で都合の良い男呼ばわりされた俺は、好意をリセットして普通に青春を送りたい,Manga,348,,2026,https://cdn.myanimelist.net/images/manga/3/348640l.jpg
215,In Bed with the Male Lead,In Bed with the Male Lead,남주와 침대에서 뒹굴었다,Manhwa,347,,2026,https://cdn.myanimelist.net/images/manga/2/347992l.jpg
216,Moonlighting,Moonlighting,밤은 부드러워라,Manhwa,346,,2026,https://cdn.myanimelist.net/images/manga/2/341194l.jpg
217,The Martial Genius Who Remembers Everything,The Martial Genius Who Remembers Everything,모든걸 기억하는 천재무사,Manhwa,343,,2026,https://cdn.myanimelist.net/images/manga/1/349598l.jpg
218,"Hirotta Dorei-tachi ga Tabidatte Haya Juunen, Nazeka Ore ga Densetsu ni Natteita @comic",,拾った奴隷たちが旅立って早十年、なぜか俺が伝説になっていた@COMIC,Manga,342,,2026,https://cdn.myanimelist.net/images/manga/2/342597l.jpg
218,The Crown I'll Claim,The Crown I'll Claim,너에게 빼앗을 왕관,Manhwa,342,,2026,https://cdn.myanimelist.net/images/manga/2/346718l.jpg
220,I'm the Only One Who Doesn't Know That Villainess Is a Man,,악녀님이 남자인 걸 나만 몰라,Manhwa,341,,2026,https://cdn.myanimelist.net/images/manga/2/340102l.jpg
220,Ore no Tantou wa Kaibutsu,The Author I'm in Charge of Is a Monster.,俺の担当は怪物,Manga,341,,2026,https://cdn.myanimelist.net/images/manga/1/347452l.jpg
222,The Strongest Romantic,,최강의 로맨티스트,Manhwa,338,,2026,https://cdn.myanimelist.net/images/manga/1/345271l.jpg
223,"Kono Koi, Ittan Mochikaerasete Itadakimasu!",I'll Take This Love Home with Me for Now!,この恋、一旦持ち帰らせていただきます!,Manga,337,,2026,https://cdn.myanimelist.net/images/manga/2/346801l.jpg
223,MikotoHako,MikotoHako,みことはこ,Manga,337,,2026,https://cdn.myanimelist.net/images/manga/2/348550l.jpg
223,Oretachi wa Kyou Sex wo Suru,,俺たちは今日セックスをする,One-shot,337,6.83,2026,https://cdn.myanimelist.net/images/manga/1/341629l.jpg
226,"Isso, Koi Dattara Yokatta noni",I Wish It Had Just Been Love,いっそ、恋だったらよかったのに,Manga,334,6.65,2026,https://cdn.myanimelist.net/images/manga/2/343038l.jpg
227,Green Skin,,그린스킨,Manhwa,332,,2026,https://cdn.myanimelist.net/images/manga/3/346157l.jpg
228,Buyotopia,Blobtopia,ブヨトピア,Manga,329,,2026,https://cdn.myanimelist.net/images/manga/3/347330l.jpg
229,Tsuki no Joou no Nekashitsukekata,,月の女王の寝かしつけかた,Manga,324,,2026,https://cdn.myanimelist.net/images/manga/2/345857l.jpg
230,Hangyakusha toshite Oukoku de Shokei sareta Kakure Saikyou Kishi,,反逆者として王国で処刑された隠れ最強騎士,Manga,318,,2026,https://cdn.myanimelist.net/images/manga/2/347922l.jpg
231,Gunnm: Kikoujutsu Senki,,銃夢機甲術戦記,Manga,315,,2026,https://cdn.myanimelist.net/images/manga/2/349148l.jpg
232,Office Hero,Office Hero,신입사원 용사님,Manhwa,308,,2026,https://cdn.myanimelist.net/images/manga/2/340826l.jpg
232,Suterareta Tensei Reijou wa Saikyou Boukensha wo Mezasu!,,捨てられた転生令嬢は最強冒険者を目指す!,Manga,308,,2026,https://cdn.myanimelist.net/images/manga/1/349054l.jpg
234,Wavers,Waver(s),ウェイバーズ,Manga,304,,2026,https://cdn.myanimelist.net/images/manga/2/348858l.jpg
235,Miyakura Botan no Scandal,We Were Never Meant to Fall in Love.,宮倉ぼたんのスキャンダル,Manga,302,,2026,https://cdn.myanimelist.net/images/manga/1/348235l.jpg
236,Silent Hill f,,サイレントヒルf,Manga,301,,2026,https://cdn.myanimelist.net/images/manga/2/344339l.jpg
237,Proceed with Caution,Proceed with Caution,사고다발주의,Manhwa,300,,2026,https://cdn.myanimelist.net/images/manga/1/345446l.jpg
238,I Kidnapped the Tang Clan's Lady,,사천당가의 막내딸을 납치했다,Manhwa,299,,2026,https://cdn.myanimelist.net/images/manga/2/348095l.jpg
239,Ura Tokyo no Osoroshidokoro,Ura-Tokyo: Exorcist City,裏東京のオソロシドコロ,Manga,298,,2026,https://cdn.myanimelist.net/images/manga/2/346912l.jpg
240,"Ji-hye, the Not-So-Cool Adult",,안 멋진 어른 지혜 양,Manhwa,297,,2026,https://cdn.myanimelist.net/images/manga/1/346213l.jpg
240,"Parenting First, Love Later","Parenting First, Love Later",육아부터 하는 연애,Manhwa,297,,2026,https://cdn.myanimelist.net/images/manga/3/345565l.jpg
242,Gyakuten Sekai ni Nagasarete: Otoko ga Kishou na Isekai de Ikinuku Harem Life,,逆転世界に流されて ～男が希少な異世界で生き抜くハーレムライフ～,Manga,296,,2026,https://cdn.myanimelist.net/images/manga/3/347895l.jpg
242,Toritsu Gyakujuuji Byouin,Metropolitan Inverted Cross Hospital,都立逆十字病院,One-shot,296,6.64,2026,https://cdn.myanimelist.net/images/manga/3/344743l.jpg
244,Heroine ga Saigo ni Shinu Love Comedy,"""A Romantic Comedy Where the Heroine Dies in the End""",ヒロインが最後に死ぬラブコメ,Manga,295,,2026,https://cdn.myanimelist.net/images/manga/2/349180l.jpg
245,Pechi Pan Pochin,Tip Tap Slap,ぺチパンパチン,One-shot,293,6.27,2026,https://cdn.myanimelist.net/images/manga/1/341303l.jpg
246,My Relaxing Academy Convenience Store,,아카데미 편의점으로 힐링할게요,Manhwa,291,,2026,https://cdn.myanimelist.net/images/manga/2/349740l.jpg
247,"Gate Season 2: Jieitai Kanoumi nite, Kaku Tatakaeri",,ゲート SEASON２ 自衛隊 彼の海にて、斯く戦えり,Manga,290,,2026,https://cdn.myanimelist.net/images/manga/2/349214l.jpg
248,R2R: Run to Red,R2R: Run to Red,R2R : Run to Red,Manhwa,289,,2026,https://cdn.myanimelist.net/images/manga/3/341918l.jpg
249,A Blessed Night,A Blessed Night,은총의 밤,Manhwa,288,,2026,https://cdn.myanimelist.net/images/manga/1/345278l.jpg
249,Made in Yamato,,MADE IN YAMATO,Manga,288,,2026,https://cdn.myanimelist.net/images/manga/2/350144l.jpg
251,Shi ni Hoeru Inu,The Dog that Barks at Death,死に吠える犬,One-shot,287,6.44,2026,https://cdn.myanimelist.net/images/manga/1/341597l.jpg
252,Ikemen Oneesan wa Sou Yuu Me de Miraretai,,イケメンお姉さんはそーゆー目で見られたい,Manga,283,,2026,https://cdn.myanimelist.net/images/manga/1/344919l.jpg
252,Inochi wo Kamu,Devouring Life,命を噛む,One-shot,283,6.79,2026,https://cdn.myanimelist.net/images/manga/3/341924l.jpg
254,Stray Eden,Stray Eden,ストレイエデン,One-shot,279,6.85,2026,https://cdn.myanimelist.net/images/manga/3/346075l.jpg
255,Zankou Saisatsu,Reshooting the Afterglow,残光再撮,Manga,277,,2026,https://cdn.myanimelist.net/images/manga/3/344710l.jpg
256,Yakusoku no Neverland: Tokubetsu Bangai-hen - Kienai Yaiba,The Promised Neverland: Special Bonus Chapter - Undying Blade,約束のネバーランド 特別番外編 消えない刃,One-shot,275,6.66,2026,https://cdn.myanimelist.net/images/manga/2/349288l.jpg
257,Gal to Couture: Ariake Momo wa Fuku wo Tsukutte Yuushou suru Koto ni Shita,,ギャルとクチュール～有明モモは服を作って優勝することにした～,Manga,274,,2026,https://cdn.myanimelist.net/images/manga/3/342272l.jpg
258,"Otome Game no Akuyaku Kizoku ni Tensei shita node, Kane no Chikara de Main Heroine wo Kattemita.","Reincarnated as an Otome Game's Villain Noble, I Tried Buying the Main Heroine with Money.",乙女ゲームの悪役貴族に転生したので、金の力でメインヒロインを買ってみた。,Manga,272,,2026,https://cdn.myanimelist.net/images/manga/3/347488l.jpg
258,The Demonic Supreme Sword,,마도제일검,Manhwa,272,,2026,https://cdn.myanimelist.net/images/manga/1/339871l.jpg
260,Nisemono no Jeanne d'Arc,The False Joan of Arc,偽者のジャンヌ・ダルク,One-shot,271,6.99,2026,https://cdn.myanimelist.net/images/manga/2/341627l.jpg
260,Shippo to Gekirin,,しっぽと逆鱗,Manga,271,,2026,https://cdn.myanimelist.net/images/manga/3/347718l.jpg
262,Guiding Me Mad,Guiding Me Mad,환장의 가이딩,Manhwa,268,,2026,https://cdn.myanimelist.net/images/manga/3/346307l.jpg
263,Kowaku no Kowai no,,こわくのこわいの,One-shot,264,6.95,2026,https://cdn.myanimelist.net/images/manga/2/345484l.jpg
264,Sensen Senki,,千仙戦記,Manga,262,,2026,https://cdn.myanimelist.net/images/manga/3/350110l.jpg
265,Okaeri Mister Rolling Stone,"Welcome Back, Mr. Rolling Stone",おかえりミスターローリンストーン,One-shot,259,6.61,2026,https://cdn.myanimelist.net/images/manga/1/340473l.jpg
265,Tonari no Yousei-san,The Fairy Next to Me,となりの妖精さん,One-shot,259,6.67,2026,https://cdn.myanimelist.net/images/manga/2/345146l.jpg
267,Staging,Showmanship,ステージング,One-shot,252,6.62,2026,https://cdn.myanimelist.net/images/manga/3/339839l.jpg
268,Himorogi no Miko,Maiden of the Sacred Shrine,神籬の巫女,One-shot,251,6.59,2026,https://cdn.myanimelist.net/images/manga/2/341024l.jpg
269,Kyuudaiten demo Seishun wo!,,及第点でも青春を!,Manga,250,,2026,https://cdn.myanimelist.net/images/manga/2/348099l.jpg
269,Otonashi-kun no Rule,Otonashi's Rules,音無くんのルール,One-shot,250,6.7,2026,https://cdn.myanimelist.net/images/manga/2/346669l.jpg
271,The Postman of the Apocalypse,The Postman of the Apocalypse,아포칼립스를 걷는 우체부,Manhwa,249,,2026,https://cdn.myanimelist.net/images/manga/1/344823l.jpg
271,The White Tiger Clan's Baby Cotton Ball,,백호 가문의 아기 솜뭉치,Manhwa,249,,2026,https://cdn.myanimelist.net/images/manga/1/344861l.jpg
273,Majime-chan to Akashingou,Miss Serious and the Red Light,まじめちゃんと赤信号,One-shot,248,6.9,2026,https://cdn.myanimelist.net/images/manga/3/343552l.jpg
273,Ore Seijo: Ore ga Seijo de Omae ga Akuyaku Reijou - Saikyou Tag de Otome Game Kanzen Kouryaku Itashimasu wa,,俺聖女 ～俺が聖女でお前が悪役令嬢 最強タッグで乙女ゲーム完全攻略いたしますわ～,Manga,248,,2026,https://cdn.myanimelist.net/images/manga/3/348512l.jpg
273,Utsusemi no Katakage,Half-Shadow of an Empty Shell,うつせみの片影,One-shot,248,7.07,2026,https://cdn.myanimelist.net/images/manga/3/343284l.jpg
276,Survivalism,,생존지상주의,Manhwa,247,,2026,https://cdn.myanimelist.net/images/manga/1/349844l.jpg
277,"Shinigami Mina no, Shiseikatsu.",,死神ミナの、死生活。,One-shot,246,,2026,https://cdn.myanimelist.net/images/manga/3/341511l.jpg
277,Wintertime,Wintertime,동절기,Manhwa,246,,2026,https://cdn.myanimelist.net/images/manga/3/340180l.jpg
279,Hell Login,,헬 로그인,Manhwa,242,,2026,https://cdn.myanimelist.net/images/manga/2/348607l.jpg
280,Isekai Tabi wa Niwatorisu to Tomo ni,,異世界旅はニワトリスと共に,Manga,241,,2026,https://cdn.myanimelist.net/images/manga/3/347122l.jpg
281,Talisman,Talisman,액막,Manhwa,240,,2026,https://cdn.myanimelist.net/images/manga/2/342147l.jpg
282,Ashita mo Ii Hi de Arimasu You ni. Isekai de Atarashii Kazoku ga Dekimashita: Sankyoudai no Hokkori Gohan Nikki,,明日もいい日でありますように。～異世界で新しい家族ができました～三兄弟のほっこりご飯日記,Manga,239,,2026,https://cdn.myanimelist.net/images/manga/1/349966l.jpg
283,50 Ways to Leave a Psychopathic Villain,50 Ways to Leave a Psychopathic Villain,사이코패스 흑막과 파혼하는 50가지 방법,Manhwa,238,,2026,https://cdn.myanimelist.net/images/manga/2/346581l.jpg
284,Ore ga Omae wo Onna ni Suru,,俺がお前を女にする,One-shot,237,,2026,https://cdn.myanimelist.net/images/manga/1/342296l.jpg
285,Please Don't Die!,,죽지 말아 줘!,Manhwa,236,,2026,https://cdn.myanimelist.net/images/manga/3/345220l.jpg
285,Saikyou Kawaii Mibou Reijou Kojima-san: Watashi wa Maid ja Arimasen,"Miss Kojima, the Widowed Young Lady, Is the Strongest and Cutest",最強カワイイ 未亡令嬢コジマさん～私はメイドじゃありません～,Manga,236,,2026,https://cdn.myanimelist.net/images/manga/2/348717l.jpg
287,Oshiatteru Futari,"Admiring Each Other, Falling in Love.",推し合ってるふたり,Manga,235,,2026,https://cdn.myanimelist.net/images/manga/1/345624l.jpg
288,My Perfect Senior's Secret,My Perfect Senior's Secret,완벽한 선배의 Hide!,Manhwa,234,,2026,https://cdn.myanimelist.net/images/manga/1/346094l.jpg
289,Be a Bad Boy!,Be a Bad Boy!,나쁜남자가 돼라!,Manhwa,232,,2026,https://cdn.myanimelist.net/images/manga/2/341656l.jpg
289,Dropout Angel,Dropout Angel,ドロップアウトエンジェル,One-shot,232,6.28,2026,https://cdn.myanimelist.net/images/manga/2/340335l.jpg
291,"""Zettai Ouja"" to Yobareta Saikyou Dorei no Boukentan: Tokihanatareta Dorei wa, Jiyuu ni Sekai wo Ouka suru",,「絶対王者」と呼ばれた最強奴隷の冒険譚 解き放たれた奴隷は、自由に世界を謳歌する,Manga,231,,2026,https://cdn.myanimelist.net/images/manga/1/347779l.jpg
291,I Became the Mentor of the Weakest Demon King,,최약체 마왕의 스승이 되었다,Manhwa,231,,2026,https://cdn.myanimelist.net/images/manga/1/346223l.jpg
293,Isekai Fukushuu: Ore wo Ijimeta Yatsura wo Saikyou Skill de Shihai suru,,異世界復讐～俺をいじめた奴らを最強スキルで支配する～,Manga,229,,2026,https://cdn.myanimelist.net/images/manga/1/348638l.jpg
294,Haruno-san no Koto nante Zenzen Suki,,晴野さんのことなんて全然好き,Manga,227,,2026,https://cdn.myanimelist.net/images/manga/1/347492l.jpg
294,Ore wa Gakuen Zunou Battle no Enshutsuka! Jishou Mob ga Kage kara Egaku Saikyou Shujinkou Musou Scenario,,俺は学園頭脳バトルの演出家! ～自称モブが陰から描く最強主人公無双シナリオ～,Manga,227,,2026,https://cdn.myanimelist.net/images/manga/3/347375l.jpg
296,Akuyaku Reijou tte no wa Kou Yaru no yo,,悪役令嬢ってのはこうやるのよ,Manga,225,,2026,https://cdn.myanimelist.net/images/manga/3/346382l.jpg
297,Bittersour,Bittersour,시거나 떫거나,Manhwa,222,,2026,https://cdn.myanimelist.net/images/manga/1/342787l.jpg
298,Kimi ga Iu ni wa Inu no Koi,,君が言うには犬の恋,Manga,221,,2026,https://cdn.myanimelist.net/images/manga/3/341814l.jpg
299,Eroge Fantasy Mitai na Isekai no Mob Murabito ni Tensei shita kedo Sekkaku dakara Harem wo Mezasu,,エロゲファンタジーみたいな異世界のモブ村人に転生したけど折角だからハーレムを目指す,Manga,220,,2026,https://cdn.myanimelist.net/images/manga/3/348668l.jpg
299,Kanna to Niichan,Kanna and Her Ghost Guardian,カンナとにーちゃん,One-shot,220,6.89,2026,https://cdn.myanimelist.net/images/manga/2/340910l.jpg
301,By Heart,By Heart,by heart,One-shot,219,7.12,2026,https://cdn.myanimelist.net/images/manga/3/342815l.jpg
302,Kono Koi no Hisaku wa Shippai desu,,この恋の秘策は失敗です,Manga,218,,2026,https://cdn.myanimelist.net/images/manga/1/348255l.jpg
303,MBB (My Bad Boss),MBB (My Bad Boss),MBB (마이 배드 보스),Manhwa,217,,2026,https://cdn.myanimelist.net/images/manga/3/342024l.jpg
303,Se〇re ga Zenzen Warikitte Kurenai,,セ〇レが全然割り切ってくれない,Manga,217,,2026,https://cdn.myanimelist.net/images/manga/3/347865l.jpg
305,Azumi-chan to Kochou-chan,,亜澄ちゃんと胡蝶ちゃん,Manga,216,,2026,https://cdn.myanimelist.net/images/manga/2/345579l.jpg
306,"Shichijou-ke no Itotsukai: Futsuu ni Ikitai Tensai Jutsusha, Oshikake Deshi to Youkai Taiji Hajimemasu",,七条家の糸使い～普通に生きたい天才術者、押しかけ弟子と妖怪退治はじめます～,Manga,214,,2026,https://cdn.myanimelist.net/images/manga/2/347388l.jpg
306,Tobacco toka Suwanasou na Kouhai,,タバコとか吸わなそうな後輩,Doujinshi,214,,2026,https://cdn.myanimelist.net/images/manga/1/347852l.jpg
308,Onihime wa Uchi no Naka,The Demon Princess in the House,鬼姫はうちのなか,Manga,213,,2026,https://cdn.myanimelist.net/images/manga/1/349829l.jpg
309,Mechamagahara,Mechamagahara,メカマガハラ,One-shot,212,6.72,2026,https://cdn.myanimelist.net/images/manga/3/342908l.jpg
309,The Immortal Genius Spearman,,죽지 않는 천재 창잡이,Manhwa,212,,2026,https://cdn.myanimelist.net/images/manga/1/347527l.jpg
311,Dareka Ookami-san no Shitsukekata Shirimasen ka!?,Does Anyone Know How to Train a Wolf!?,誰かオオカミさんのしつけ方知りませんか!?,Manga,211,,2026,https://cdn.myanimelist.net/images/manga/2/347722l.jpg
311,Inotte Tamaru ka,,祈ってたまるか,One-shot,211,6.36,2026,https://cdn.myanimelist.net/images/manga/2/342715l.jpg
311,Kyou mo Dokka de Hachimitsu ga Nurareteiru,"Somewhere, Someone Is Spreading Honey Today",今日もどっかで蜂蜜が塗られている,One-shot,211,6.58,2026,https://cdn.myanimelist.net/images/manga/2/344833l.jpg
311,Renai Fushin na Reijou wa Reikoku Kishi-sama no Dekiai ni Kizukanai,,恋愛不信な令嬢は冷酷騎士様の溺愛に気づかない,Manga,211,,2026,https://cdn.myanimelist.net/images/manga/1/342696l.jpg
315,Exorcist Angel,Exorcist Angels,エクソシストエンジェル,One-shot,207,6.83,2026,https://cdn.myanimelist.net/images/manga/2/341758l.jpg
315,Ippitsu Ayaru,Ayaru's Brush with Romance,イッピツアヤル,Manga,207,,2026,https://cdn.myanimelist.net/images/manga/1/350037l.jpg
317,Howling Blaze: Souen no Kenshi to Fushi no Majo,The Funeral Flame Blade & the Immortal Witch,ハウリング・ブレイズ 葬焔の剣士と不死の魔女,Manga,206,,2026,https://cdn.myanimelist.net/images/manga/2/347037l.jpg
318,Kimi to Sakura no Hanataba wo,,君と桜の花束を,Manga,205,,2026,https://cdn.myanimelist.net/images/manga/1/346963l.jpg
318,"Maou-sama wa Kaifuku Majutsu wo Kiwametai: Sono Seijo, Sekai Saikyou ni Tsuki",,魔王様は回復魔術を極めたい～その聖女、世界最強につき～,Manga,205,,2026,https://cdn.myanimelist.net/images/manga/2/348053l.jpg
318,Oni no Ko,Demon Child,鬼の子,One-shot,205,6.69,2026,https://cdn.myanimelist.net/images/manga/2/340752l.jpg
318,Uchuujin Fuzai Shoumei,Proof of Alien Absence,宇宙人不在証明,One-shot,205,6.75,2026,https://cdn.myanimelist.net/images/manga/1/341091l.jpg
322,Gal to Jimiko ga Koi wo Suru Seishun Yuri Anthology,Gal & Jimiko Girls Love Anthology,ギャルと地味子が恋をする青春百合アンソロジー,Manga,203,,2026,https://cdn.myanimelist.net/images/manga/1/347236l.jpg
322,Ouchi de Koi ga Matteru,,おうちで恋が待ってる,Manga,203,,2026,https://cdn.myanimelist.net/images/manga/2/347139l.jpg
324,Dustland,,ダストランド,Manga,202,,2026,https://cdn.myanimelist.net/images/manga/1/347024l.jpg
324,Swim,Swim,SWIM,One-shot,202,6.94,2026,https://cdn.myanimelist.net/images/manga/3/344601l.jpg
326,Fukushuu no Metaist,The Avenging Metaist,復讐のメタイスト,One-shot,201,6.7,2026,https://cdn.myanimelist.net/images/manga/2/343263l.jpg
326,"While Others Became Female Leads in Romantic Fantasy Novels, I Became a Closet Monster",,남들 로판 여주 할 때 나는 장롱 괴물 됨,Manhwa,201,,2026,https://cdn.myanimelist.net/images/manga/3/347581l.jpg
326,Yoimiya Nagi ga Manager ni Yashoku wo Tsukuru Wake,,宵宮凪がマネに夜食を作る理由,Manga,201,,2026,https://cdn.myanimelist.net/images/manga/3/350100l.jpg
329,Manimani!!,Go with the Flow!!,まにまに!!,One-shot,199,6.39,2026,https://cdn.myanimelist.net/images/manga/2/341788l.jpg
330,Chicchakute Dekakute Kawaii Nanase-san wo Kanchigai Motokare kara Ubatte Shiawase ni Suru,,ちっちゃくてデカくて可愛い七瀬さんを勘違い元カレから奪って幸せにする,Manga,198,,2026,https://cdn.myanimelist.net/images/manga/1/350038l.jpg
330,Maken no Valkyria,,魔剣の花嫁〈ヴァルキュリア〉,Manga,198,,2026,https://cdn.myanimelist.net/images/manga/1/348641l.jpg
330,Oshikatsu Inochi no Onmyouji,The Stanning Onmyoji,推し活命の陰陽師,One-shot,198,6.52,2026,https://cdn.myanimelist.net/images/manga/2/341468l.jpg
333,Thinking Zombie,Thinking Zombie,シンキングゾンビ,One-shot,197,6.3,2026,https://cdn.myanimelist.net/images/manga/1/345528l.jpg
334,The God of Improv,The God of Improv,애드립의 신,Manhwa,196,,2026,https://cdn.myanimelist.net/images/manga/2/346906l.jpg
335,"Maou-sama, Kekkon desu!",,魔王様、結婚です!,Manga,193,,2026,https://cdn.myanimelist.net/images/manga/2/342188l.jpg
336,Gimai 5-nin Iru,My Five Step Sisters,義妹５人いる,Manga,191,,2026,https://cdn.myanimelist.net/images/manga/2/344653l.jpg
336,Golden Phantom,,ゴールデンファントム,Manga,191,,2026,https://cdn.myanimelist.net/images/manga/2/347972l.jpg
336,The Politician Who Can See the Future,,미래를 보는 정치인,Manhwa,191,,2026,https://cdn.myanimelist.net/images/manga/1/339807l.jpg
339,Kimi wa Akeboshi,You're the Morning Star,君は明け星,Manga,190,,2026,https://cdn.myanimelist.net/images/manga/3/349034l.jpg
339,Nakamura (Kamei) ni Okita Kowai Hanashi,A Scary Story That Happened to Nakamura (Name Changed),中村(仮名)に起きた怖い話,One-shot,190,6.67,2026,https://cdn.myanimelist.net/images/manga/1/347592l.jpg
341,Tsuki to Hitomi to Ike no Miko,"The Moon, the Eyes, and the Shrine Maiden of the Lake",月と瞳と池の巫女,One-shot,189,6.67,2026,https://cdn.myanimelist.net/images/manga/2/344306l.jpg
342,Kyou wa Nani Shiyou?,What Should We Do Today?,きょうはなにしよう?,Manga,188,,2026,https://cdn.myanimelist.net/images/manga/2/343647l.jpg
342,Oshikatsu Basket,Simping Basketball,推し活バスケ,One-shot,188,6.89,2026,https://cdn.myanimelist.net/images/manga/1/342021l.jpg
344,Ieiya,The Memorial Portrait Artist,遺影屋,One-shot,187,6.96,2026,https://cdn.myanimelist.net/images/manga/1/342144l.jpg
344,KAKAKAKA,KAKAKAKA,科科科科,Manga,187,,2026,https://cdn.myanimelist.net/images/manga/1/349294l.jpg
346,Manga Kaese yo,Give Me Back My Manga,漫画返せよ,One-shot,186,6.46,2026,https://cdn.myanimelist.net/images/manga/2/343368l.jpg
347,A Dragon's Love,A Dragon's Love,신혼입니다만?!,Manhwa,183,,2026,https://cdn.myanimelist.net/images/manga/2/346997l.jpg
348,Black-Haired U.S. Army Marshal,,검은머리 미군 대원수,Manhwa,182,,2026,https://cdn.myanimelist.net/images/manga/1/341399l.jpg
348,Shingan no Merla,Divine Eye Merla,神眼のメルラ,Manga,182,,2026,https://cdn.myanimelist.net/images/manga/1/350109l.jpg
350,Dekkkkarian,,デッッッカリアン,Manga,181,,2026,https://cdn.myanimelist.net/images/manga/3/343355l.jpg
350,Zenin Kakugo Gangimari na Eroge no Jakyouto Mob ni Tensei shiteshimatta Ken,,全員覚悟ガンギマリなエロゲーの邪教徒モブに転生してしまった件,Manga,181,,2026,https://cdn.myanimelist.net/images/manga/2/350252l.jpg
352,Magical Escapes!,Magical Escapes!,Magical Escapes!,One-shot,180,,2026,https://cdn.myanimelist.net/images/manga/2/342212l.jpg
353,Makeinu to Lion,Underdog and Lion,負け犬とライオン,Manga,179,,2026,https://cdn.myanimelist.net/images/manga/1/344163l.jpg
353,Otonarisan ni Iyasaretai,,お隣さんに癒されたい,One-shot,179,,2026,https://cdn.myanimelist.net/images/manga/1/342073l.jpg
355,"Baito-saki no Net Café ga, Nazeka Class no Bishoujo-tachi no Tamariba ni Natta Ken.",,バイト先のネットカフェが、なぜかクラスの美少女たちの溜まり場になった件。,Manga,178,,2026,https://cdn.myanimelist.net/images/manga/3/347083l.jpg
355,High-End Maid,High-End Maid,ハイエンドメイド,One-shot,178,6.76,2026,https://cdn.myanimelist.net/images/manga/1/346953l.jpg
355,Ogamida-san wa Hetaregao ga Mitai,,拝田さんはヘタレ顔が見たい,Manga,178,,2026,https://cdn.myanimelist.net/images/manga/1/347180l.jpg
355,Uruwashiki Salvatore,The Gorgeous Salvatore,麗しきサルヴァトーレ,One-shot,178,6.16,2026,https://cdn.myanimelist.net/images/manga/1/340933l.jpg
359,Ai wo Chikau ni wa Hayasugiru,It's Too Early to Swear Our Love.,愛を誓うには早すぎる,Manga,176,,2026,https://cdn.myanimelist.net/images/manga/2/347771l.jpg
359,Kao,Face,顔,One-shot,176,6.57,2026,https://cdn.myanimelist.net/images/manga/3/345494l.jpg
359,The Unrivaled Labyrinth Architect,The Unrivaled Labyrinth Architect,국가권력급 미궁설계자,Manhwa,176,,2026,https://cdn.myanimelist.net/images/manga/1/346910l.jpg
362,Elf-ppoi Hana-san no Tekitou na Apartment-gurashi,Elf-Like Hana's Casual Apartment Life,エルフっぽい花さんのてきと～なアパートぐらし,Manga,175,,2026,https://cdn.myanimelist.net/images/manga/3/344262l.jpg
363,Bias Wrecker,Bias Wrecker,최애와 한 달 살기,Manhwa,173,,2026,https://cdn.myanimelist.net/images/manga/3/342784l.jpg
364,"Ichiokunen Shugyou no Mujikaku Kensei: Tada no Bou da to Baka ni Sareta Bannou no Jingi to, Kyokugen no Shugyou de Umidashita ""Kenki"" no Jinkaku de Isekai wo Attou suru","The Unaware Sword Saint Who Trained for 1,000,000,000,000 Years",一億年修行の無自覚剣聖〜ただの棒だと馬鹿にされた万能の神器と、極限の修行で生み出した『剣鬼』の人格で異世界を圧倒する〜,Manga,172,,2026,https://cdn.myanimelist.net/images/manga/2/348114l.jpg
364,The Heavenly Demon's Otherworld Livestream,,반로환동한 천마의 마경방송,Manhwa,172,,2026,https://cdn.myanimelist.net/images/manga/3/346869l.jpg
366,Hakanage-san wa Nikushoku ni Naritai,,儚げさんは肉食になりたい,One-shot,171,,2026,https://cdn.myanimelist.net/images/manga/3/348453l.jpg
367,Sir Preston's Secret Governess,Sir Preston's Secret Governess,프레스턴 경의 비밀 가정교사,Manhwa,169,,2026,https://cdn.myanimelist.net/images/manga/3/346432l.jpg
368,Majo no Danna no Tsukurikata,How to Find a Husband as a Witch,魔女の旦那の作り方,Manga,168,,2026,https://cdn.myanimelist.net/images/manga/2/343467l.jpg
368,Yakkai Yuurei no Renai Shinan,The Meddlesome Ghost's Love Coaching,厄介幽霊の恋愛指南,One-shot,168,,2026,https://cdn.myanimelist.net/images/manga/1/344177l.jpg
370,Inter-High Yuushoukou no Hoketsu no Hanashi,The Story of a Benchwarmer of the National High School Champions,インターハイ優勝校の補欠の話,One-shot,166,,2026,https://cdn.myanimelist.net/images/manga/1/342385l.jpg
371,Sanzu no Kawa de Zarigani Tsuttemita.,I Tried Crayfish Fishing at the Sanzu River,三途の川でザリガニ釣ってみた。,One-shot,165,,2026,https://cdn.myanimelist.net/images/manga/2/342048l.jpg
371,Sharin no Ato,The Tracks We Left,車輪の跡,One-shot,165,,2026,https://cdn.myanimelist.net/images/manga/2/350003l.jpg
373,Himegoe,Himegoe,ひめごえ,One-shot,164,,2026,https://cdn.myanimelist.net/images/manga/1/342420l.jpg
373,Rowena's Surprisingly Easy Noble Marriage,Rowena's Surprisingly Easy Noble Marriage,대공가 시집살이 너무 쉬운데요,Manhwa,164,,2026,https://cdn.myanimelist.net/images/manga/1/339752l.jpg
375,Kanojo ga Mukashi no Mama Sugiru!,,カノジョが昔のまますぎる!,One-shot,163,,2026,https://cdn.myanimelist.net/images/manga/3/339960l.jpg
375,Shinkyuu Iin,Divine Class Rep,神級委員,One-shot,163,,2026,https://cdn.myanimelist.net/images/manga/1/341203l.jpg
377,London Kaiki Seimei Hoken,London Occult Life Insurance,ロンドン怪奇生命保険,One-shot,162,,2026,https://cdn.myanimelist.net/images/manga/2/346473l.jpg
378,Enya-baa no Oshikatsu Nikki,,エンヤ婆〈ばあ〉の推し活日記,One-shot,160,,2026,https://cdn.myanimelist.net/images/manga/1/342614l.jpg
379,Obakebarashi,Ghost Killer,おばけばらし,One-shot,159,,2026,https://cdn.myanimelist.net/images/manga/3/342350l.jpg
379,Suwazu Mate,Suckless Mate,吸わずメイト,One-shot,159,,2026,https://cdn.myanimelist.net/images/manga/1/346778l.jpg
381,Chika-chan wa Motto Shiritai,Chika Wants to Know More,ちかちゃんはもっとしりたい,One-shot,158,,2026,https://cdn.myanimelist.net/images/manga/3/343035l.jpg
381,Heaven's Annihilation,,천도박멸,Manhwa,158,,2026,https://cdn.myanimelist.net/images/manga/3/346883l.jpg
381,Nanafushigi-senpai to Tetsujin-kun,,七不思議先輩と鉄人くん,One-shot,158,,2026,https://cdn.myanimelist.net/images/manga/1/348460l.jpg
381,The Sword God's Livestream,The Sword God's Livestream,검술 고인물의 게임방송,Manhwa,158,,2026,https://cdn.myanimelist.net/images/manga/3/349732l.jpg
381,○ to x,○ and ×,○と×,One-shot,158,,2026,https://cdn.myanimelist.net/images/manga/1/342772l.jpg
386,Udatsu no Yorimichi,Udatsu's Detour,宇多津の寄り道,One-shot,157,,2026,https://cdn.myanimelist.net/images/manga/1/340798l.jpg
386,Yaeno Haruka wa 8-nin Iru!!,Haruka in the Multiverse,八重乃遥可は8人いる!!,Manga,157,,2026,https://cdn.myanimelist.net/images/manga/1/348016l.jpg
388,Mugen Maryoku no Isekai Kikansha,,無限魔力の異世界帰還者,Manga,155,,2026,https://cdn.myanimelist.net/images/manga/1/349513l.jpg
388,Peyotl,Peyotl,ペヨトル,One-shot,155,,2026,https://cdn.myanimelist.net/images/manga/3/347116l.jpg
388,Velmoria,Velmoria,ヴェルモリア,One-shot,155,,2026,https://cdn.myanimelist.net/images/manga/3/347190l.jpg
388,"Zangai Shoujo, Kirakira na Sekai no Soko","Wreckage Maiden, Sparkle, Bottom of the World.",残骸少女、きらきらな世界の底,Manga,155,,2026,https://cdn.myanimelist.net/images/manga/1/342105l.jpg
392,Kagomi wa Chou Fancy,Super Worried Kagomi,かごみは超ファンシー,One-shot,154,,2026,https://cdn.myanimelist.net/images/manga/2/341357l.jpg
392,Onryou Biyori,,怨霊日和,Manga,154,,2026,https://cdn.myanimelist.net/images/manga/2/341950l.jpg
392,"Tsuihou Reijou, Craft shinagara Camping Car de Isekai wo Tabishimasu",The Exiled Lady Travels to Another World in a Camper Van While Crafting.,追放令嬢、クラフトしながらキャンピングカーで異世界を旅します,Manga,154,,2026,https://cdn.myanimelist.net/images/manga/1/348677l.jpg
395,"Houkago, Voca-ken de!",,放課後、ボカ研で!,Manga,153,,2026,https://cdn.myanimelist.net/images/manga/3/347016l.jpg
395,The Archduchy's Fierce Little Captain,The Archduchy's Fierce Little Captain,대공가의 새아가는 조금 사나워요,Manhwa,153,,2026,https://cdn.myanimelist.net/images/manga/1/348391l.jpg
395,Tsuma no Namae wo Hoshi ni Tsuketa Hito,The Man Who Named a Star After His Wife,妻の名前を星に付けた人,One-shot,153,,2026,https://cdn.myanimelist.net/images/manga/3/349200l.jpg
398,Fairy Olivine,Fairy Olivine,フェアリー・オリビン,One-shot,152,,2026,https://cdn.myanimelist.net/images/manga/3/347319l.jpg
398,"Hakushaku Reijou wa, Keiyaku Kekkon shita Ore ni Itsu Koi wo Suru?",,伯爵令嬢は、契約結婚した俺にいつ恋をする?,Manga,152,,2026,https://cdn.myanimelist.net/images/manga/1/340732l.jpg
398,Sayonara Sea Moon,"Goodbye, Sea Moon.",さよならシームーン,One-shot,152,,2026,https://cdn.myanimelist.net/images/manga/2/340960l.jpg
401,Mimi Tori Tennyo,The Ear-Taking Maiden,耳とり天女,One-shot,151,,2026,https://cdn.myanimelist.net/images/manga/1/341698l.jpg
401,Tsurumi no Binta,Tsurumi's Slap,鶴見のビンタ,One-shot,151,,2026,https://cdn.myanimelist.net/images/manga/2/344969l.jpg
403,Kagiri Aru Watashitachi wa...,Our Finite Lives...,限りある私たちは…,One-shot,150,,2026,https://cdn.myanimelist.net/images/manga/2/346361l.jpg
403,Kaniki,Brosquito,蚊ニキ,One-shot,150,,2026,https://cdn.myanimelist.net/images/manga/3/348259l.jpg
403,Kashi Macho-ya,Rent-A-Muscle,貸マチョ屋,One-shot,150,,2026,https://cdn.myanimelist.net/images/manga/3/345883l.jpg
403,This Is What Revenge Looks Like,This Is What Revenge Looks Like,복수는 이렇게 하는 거다,Manhwa,150,,2026,https://cdn.myanimelist.net/images/manga/3/339786l.jpg
407,Sensei wa Moto Reikan Shoujo,My Teacher Is a Former Psychic Girl,先生は元・霊感少女,One-shot,147,,2026,https://cdn.myanimelist.net/images/manga/3/347225l.jpg
408,Kawatta Futari,The Two Who Changed,変わった2人,One-shot,146,,2026,https://cdn.myanimelist.net/images/manga/1/343632l.jpg
408,Reijou VTuber wa Maid no Yashoku ni Juurin sareru: Kindan Gohan de Shokurepo Namahaishin,,令嬢VTuberはメイドの夜食に蹂躙される～禁断ご飯で食レポ生配信～,Manga,146,,2026,https://cdn.myanimelist.net/images/manga/2/349842l.jpg
410,Sushi Buster Kizamu,Sushibuster: Kizamu,スシバスターキザム,One-shot,145,,2026,https://cdn.myanimelist.net/images/manga/1/341892l.jpg
410,Yuna-senpai no Shiranai Tokoro,,由奈先輩の知らないトコロ,One-shot,145,,2026,https://cdn.myanimelist.net/images/manga/1/342912l.jpg
412,#Love Comedy-zuki to Kossori Tsunagaritai,,#ラブコメ好きとこっそり繋がりたい,One-shot,144,,2026,https://cdn.myanimelist.net/images/manga/2/346847l.jpg
412,Bittersweet Nightshade,Bittersweet Nightshade,ビタースイートナイトシェード,One-shot,144,,2026,https://cdn.myanimelist.net/images/manga/2/348205l.jpg
412,Host Tenshi Lucian,Angel of the Night: Lucian,ホスト天使ルシアン,One-shot,144,,2026,https://cdn.myanimelist.net/images/manga/3/341853l.jpg
412,Majo Gal no Sukipi!,,魔女ギャルの好きぴ!,Manga,144,,2026,https://cdn.myanimelist.net/images/manga/3/347344l.jpg
412,"Sunderu Basho ga Inaka Sugite, Dungeon Tansakusha ga Ore Hitori Nanda ga?",I Live in Such a Rural Area That I'm the Only Dungeon Explorer Here.,住んでる場所が田舎すぎて、ダンジョン探索者が俺一人なんだが?,Manga,144,,2026,https://cdn.myanimelist.net/images/manga/2/345136l.jpg
417,Kono Itome Pierrot Shitsuji ga Ayashii!,This Squinting Jester Butler is Suspicious!,この糸目ピエロ執事が怪しい!,One-shot,142,,2026,https://cdn.myanimelist.net/images/manga/1/342294l.jpg
417,Oneechan no Tomodachi ga Kyou mo Ore wo Batsu Game ni Tsukau.,,お姉ちゃんの友達が今日も俺を罰ゲームに使う,One-shot,142,,2026,https://cdn.myanimelist.net/images/manga/1/344417l.jpg
419,"Academy Saikyou no Mob Healer: Shinige Sekai no Mob ni Tensei shita Ore wa, Hazure Job ""Healer"" to Gensaku Chishiki de Musou suru",The Academy's Strongest Mob Healer,アカデミー最強のモブヒーラー ～死にゲー世界のモブに転生した俺は、外れジョブ【ヒーラー】と原作知識で無双する～,Manga,141,,2026,https://cdn.myanimelist.net/images/manga/1/347343l.jpg
419,"Mukashi Totta Kinezuka de... to Iinagara Musou suru Teishokuya no Ossan, Jitsu wa Densetsu no Dungeon Kouryakusha",,昔取ったきねづかで…と言いながら無双する定食屋のおっさん、実は伝説のダンジョン攻略者,Manga,141,,2026,https://cdn.myanimelist.net/images/manga/1/344875l.jpg
419,One Room Dungeon Toushi,Studio Dungeon Investment,ワンルームダンジョン投資,One-shot,141,,2026,https://cdn.myanimelist.net/images/manga/2/341738l.jpg
419,Tatsumaki,,竜巻,Manga,141,,2026,https://cdn.myanimelist.net/images/manga/3/339790l.jpg
423,Catch the Smile!,Catch the Smile!,Catch the Smile!,One-shot,140,,2026,https://cdn.myanimelist.net/images/manga/2/340433l.jpg
423,Chosen as the Villainess's Favorite,Chosen as the Villainess's Favorite,악녀님의 최애로 간택된 사정,Manhwa,140,,2026,https://cdn.myanimelist.net/images/manga/3/348861l.jpg
423,Mairimashita! Iruma-kun: Boku Doumei no Game Michi,,魔入りました!入間くん 僕同盟のゲーム道,Manga,140,,2026,https://cdn.myanimelist.net/images/manga/3/349875l.jpg
423,The Journey of Ice and Steel,The Journey of Ice and Steel,철과 얼음의 여정,Manhwa,140,,2026,https://cdn.myanimelist.net/images/manga/1/345054l.jpg
427,Souji Robot J-ko no Kyuujitsu,Cleaning Robot J-ko's Day Off,掃除ロボットJ子の休日,One-shot,139,,2026,https://cdn.myanimelist.net/images/manga/3/345467l.jpg
427,Tenshi wa Tobacco no Kao wo Shite,The Cigarette Wears an Angel's Face,天使はタバコの顔をして,One-shot,139,,2026,https://cdn.myanimelist.net/images/manga/1/347265l.jpg
427,You Are Slugger,You Are a Slugger,ゆーあーすらっがー,Manga,139,,2026,https://cdn.myanimelist.net/images/manga/2/348632l.jpg
430,Black and White,Black and White,ブラックアンドホワイト,One-shot,138,,2026,https://cdn.myanimelist.net/images/manga/3/348297l.jpg
430,Kongou Densetsu Tokureika,The Legend of Kongo: Special Paranormal Division,金剛伝説特霊課,One-shot,138,,2026,https://cdn.myanimelist.net/images/manga/3/344434l.jpg
430,Yakyuuban Koushien,Tabletop Koshien,野球盤甲子園,One-shot,138,,2026,https://cdn.myanimelist.net/images/manga/1/341281l.jpg
433,Anta ga Warui,,あんたが悪い,One-shot,137,,2026,https://cdn.myanimelist.net/images/manga/3/344300l.jpg
433,Higan de Rendezvous,,彼岸でランデヴー,Manga,137,,2026,https://cdn.myanimelist.net/images/manga/3/349753l.jpg
433,highway,highway,highway,One-shot,137,,2026,https://cdn.myanimelist.net/images/manga/3/347705l.jpg
436,Lucifer-san no Daraku Gohan,Lucifer's Loose Cooking,ルシファーさんの堕落ごはん,Manga,135,,2026,https://cdn.myanimelist.net/images/manga/3/345483l.jpg
437,Ga,Ga,が,One-shot,134,,2026,https://cdn.myanimelist.net/images/manga/2/341252l.jpg
437,Hanzou to Juusannin no Kunoichi-tachi,Hanzo and 13 Kunoichis,半蔵と十三人の女忍〈くのいち〉たち,Manga,134,,2026,https://cdn.myanimelist.net/images/manga/3/344874l.jpg
437,Isekai no Bokujou wo Souzoku shimashita: Star Stream Farm,,異世界の牧場を相続しました～スタァストリームファーム～,Manga,134,,2026,https://cdn.myanimelist.net/images/manga/3/350347l.jpg
440,"Shinigami Shoujo wa Kage kara Oshi wo Nagametai: Akuyaku ni TS Tensei shita kedo, Kossori Gensaku Chara wo Kansatsu shi ni Ikimasu!",,死神少女は陰から推しを眺めたい ─悪役にTS転生したけど、こっそり原作キャラを観察しに行きます!─,Manga,133,,2026,https://cdn.myanimelist.net/images/manga/3/345712l.jpg
440,Togyo,Lunar Maria,渡御,One-shot,133,,2026,https://cdn.myanimelist.net/images/manga/3/349071l.jpg
442,I'm Off,I'm Off,アイムオフ,One-shot,132,,2026,https://cdn.myanimelist.net/images/manga/1/349711l.jpg
442,Juumonji-kun shika Mienai!!,Juumonji In Sight!,十文字くんしか見えない!!,Manga,132,,2026,https://cdn.myanimelist.net/images/manga/1/350280l.jpg
444,Black but Pure White,,까맣지만 새하얀,Manhwa,131,,2026,https://cdn.myanimelist.net/images/manga/3/349483l.jpg
444,His Majesty Is Vexed by His Handmaiden,His Majesty Is Vexed by His Handmaiden,황제는 시녀가 거슬린다,Manhwa,131,,2026,https://cdn.myanimelist.net/images/manga/2/346901l.jpg
446,Ajin no Usagi-san to Hare-kun,,亜人のうさぎさんとハレくん,Manga,130,,2026,https://cdn.myanimelist.net/images/manga/2/344458l.jpg
446,Black Sheep,Black Sheep,BLACK SHEEP,One-shot,130,,2026,https://cdn.myanimelist.net/images/manga/3/346971l.jpg
446,Momiji to Kouyou,,紅葉と紅葉,Manga,130,,2026,https://cdn.myanimelist.net/images/manga/3/349081l.jpg
446,Purrfect Choice,Purrfect Choice,상호간택,Manhwa,130,,2026,https://cdn.myanimelist.net/images/manga/1/346372l.jpg
446,Saint Seiya: Tenkai-hen,,聖闘士星矢 天界篇,Manga,130,,2026,https://cdn.myanimelist.net/images/manga/3/346973l.jpg
446,Suterareta Reijou wa Saikyou Koushaku ni Gekiomo Attack-chuu!,,捨てられた令嬢は最恐侯爵に激重アタック中!,Manga,130,,2026,https://cdn.myanimelist.net/images/manga/2/345929l.jpg
452,Otouto wa Pianist,My Little Brother Is a Pianist,弟はピアニスト,One-shot,129,,2026,https://cdn.myanimelist.net/images/manga/2/347645l.jpg
452,Sukeban Gorilla,Sukeban Gorilla,スケバンゴリラ,One-shot,129,,2026,https://cdn.myanimelist.net/images/manga/3/346532l.jpg
454,Tecchan to Ore,Tecchan and Me,てっちゃんとオレ,One-shot,128,,2026,https://cdn.myanimelist.net/images/manga/1/346686l.jpg
455,Anarchy na Shingakki!,An Anarchic New Semester!,アナーキーな新学期!,One-shot,127,,2026,https://cdn.myanimelist.net/images/manga/3/347882l.jpg
455,Strayboy Overkill,,STRAYBOY OVERKILL,Manga,127,,2026,https://cdn.myanimelist.net/images/manga/1/343276l.jpg
457,Aku no Hana no Koro,,惡の華の頃,One-shot,126,,2026,https://cdn.myanimelist.net/images/manga/2/346823l.jpg
458,Majutsushi no Sekigae,Mage Seat Scramble,魔術師の席替え,One-shot,125,,2026,https://cdn.myanimelist.net/images/manga/3/349854l.jpg
459,Love Order,,러브 오더,Manhwa,124,,2026,https://cdn.myanimelist.net/images/manga/2/344998l.jpg
460,Kimi ga Shinu made Koi wo Shitai Koushiki Comic Anthology,My Wish Is Fall in Love Until You Die. Official Comic Anthology,きみが死ぬまで恋をしたい 公式コミックアンソロジー,Manga,123,,2026,https://cdn.myanimelist.net/images/manga/2/347780l.jpg
461,I Drank the Love Potion Instead of My Husband,I Drank the Love Potion Instead of My Husband,남편 대신 먹었습니다,Manhwa,122,,2026,https://cdn.myanimelist.net/images/manga/2/346584l.jpg
461,Strawberry Cake,Strawberry Cake,ストロベリィ・ケイク,Manga,122,,2026,https://cdn.myanimelist.net/images/manga/3/347089l.jpg
463,I Hate You,,アイ・ヘイ・チュー,Manga,121,,2026,https://cdn.myanimelist.net/images/manga/2/346202l.jpg
464,New World Order,New World Order,신세계에게,Manhwa,120,,2026,https://cdn.myanimelist.net/images/manga/1/342786l.jpg
464,Sekai de Ichiban Shiawase!,The Happiest in the World!,世界で一番しあわせ!,Manga,120,,2026,https://cdn.myanimelist.net/images/manga/3/348998l.jpg
466,Don't Poke the Plum,Don't Poke the Plum,자두를 누르지 마시오,Manhwa,119,,2026,https://cdn.myanimelist.net/images/manga/3/346995l.jpg
466,Exhuma: Blind Faith,Exhuma: Blind Faith,맹종,Manhwa,119,,2026,https://cdn.myanimelist.net/images/manga/3/346200l.jpg
466,Guilty Library,,ぎるてぃらいぶらり,Manga,119,,2026,https://cdn.myanimelist.net/images/manga/1/343656l.jpg
466,Senrihin Reijou Cheryl wa Jibun wo Korosu Otto wo Rouraku shitai,"Cheryl, the Spoils-of-War Lady, Wants to Ensnare Her Husband Who Will Kill Her.",戦利品令嬢シェリルは自分を殺す夫を籠絡したい,Manga,119,,2026,https://cdn.myanimelist.net/images/manga/3/349715l.jpg
466,Super Sparkle Stars,Super Sparkle Stars,スーパースパークルスターズ,One-shot,119,,2026,https://cdn.myanimelist.net/images/manga/2/340622l.jpg
471,Tengoku Koimoyou,,天獄恋模様,One-shot,118,,2026,https://cdn.myanimelist.net/images/manga/1/345606l.jpg
472,Becoming the Villainous Duke's Family,Becoming the Villainous Duke's Family,흑막 공작님의 가족이 되려 합니다,Manhwa,117,,2026,https://cdn.myanimelist.net/images/manga/3/346907l.jpg
472,Kenkazakari,,ケンカザカリ,Manga,117,,2026,https://cdn.myanimelist.net/images/manga/3/348257l.jpg
472,"Osananajimi to no Yakusoku wo Hatasu Tame ni Hyakunen Shugyou shita Rouyuusha, Nokori no Jumyou de Maou wo Utsu",,幼馴染との約束を果たすために百年修業した老勇者、残りの寿命で魔王を討つ,Manga,117,,2026,https://cdn.myanimelist.net/images/manga/2/347430l.jpg
475,Disorder and Desire,Disorder and Desire,혼란문란무지몰각,Manhwa,116,,2026,https://cdn.myanimelist.net/images/manga/2/348591l.jpg
475,Fated to Become the Monster Duke's Wife,Fated to Become the Monster Duke's Wife,괴물 공작의 아내로 살아남는 법,Manhwa,116,,2026,https://cdn.myanimelist.net/images/manga/1/340086l.jpg
475,"Inou Gakuen no Saikyou wa Heion ni Hisomu: Kikakugai no Kaibutsu, Munou wo Enji Gakuen wo Kage kara Shihai suru",,異能学園の最強は平穏に潜む～規格外の怪物、無能を演じ学園を影から支配する～,Manga,116,,2026,https://cdn.myanimelist.net/images/manga/3/348748l.jpg
475,"Kono Yu de, Anata to",,この湯で、あなたと,Manga,116,,2026,https://cdn.myanimelist.net/images/manga/2/348299l.jpg
475,The Killer Guy Next Door,,죽여주는 옆집 남자,Manhwa,116,,2026,https://cdn.myanimelist.net/images/manga/2/341355l.jpg
475,Yankee ni Deshiiri saremashite.,,ヤンキーに弟子入りされまして。,Manga,116,,2026,https://cdn.myanimelist.net/images/manga/2/344545l.jpg
481,Caged by His Obsession,Caged by His Obsession,집착 광공이 나를 감금하려고 한다,Manhwa,115,,2026,https://cdn.myanimelist.net/images/manga/1/345045l.jpg
481,Hunter Guild no Ura Quest: SSS Rank no Watashi nara Ecchi na Quest mo Yoyuu (?) desu,,ハンターギルドの裏クエスト～SSSランクのわたしならエッチなクエストも余裕（？）です～,Manga,115,,2026,https://cdn.myanimelist.net/images/manga/1/350341l.jpg
481,Ijime to Kaeru to Mama to Fukushuu,"Bullying, Frogs, Mom, and Revenge",イジメとカエルとママと復讐,Manga,115,,2026,https://cdn.myanimelist.net/images/manga/2/346610l.jpg
481,Ookina Enban no Shita de,Beneath the Giant Saucer,大きな円盤の下で,One-shot,115,,2026,https://cdn.myanimelist.net/images/manga/3/348497l.jpg
481,Todoita no wa Hitozuma deshita,,届いたのは人妻でした,Doujinshi,115,,2026,https://cdn.myanimelist.net/images/manga/3/342651l.jpg
486,Hashiru Kinou e,Running Toward Yesterday,走る昨日へ,One-shot,114,,2026,https://cdn.myanimelist.net/images/manga/1/348007l.jpg
486,Kyonyuu Fantasy The Comic,,巨乳ファンタジー THE COMIC,Manga,114,,2026,https://cdn.myanimelist.net/images/manga/1/347725l.jpg
486,My Beloved Snail Bride,,색시한 내 우렁이,Manhwa,114,,2026,https://cdn.myanimelist.net/images/manga/1/347349l.jpg
486,Open Up!,Open Up!,"이제, 오픈 도아!",Manhwa,114,,2026,https://cdn.myanimelist.net/images/manga/3/346170l.jpg
486,Sherlock + Academy,,シャーロック+アカデミー,Manga,114,,2026,https://cdn.myanimelist.net/images/manga/1/347004l.jpg
486,Yata Miran to Seishun ni Joutou!!,"Give 'Em Hell, Miran Yata!!",八田未蘭と青春に上等!!,Manga,114,,2026,https://cdn.myanimelist.net/images/manga/1/349904l.jpg
492,A Crush Curse,A Crush Curse,연애 못하면 죽음!,Manhwa,113,,2026,https://cdn.myanimelist.net/images/manga/2/344348l.jpg
492,Marriage Under Wraps,Marriage Under Wraps,결혼사수스캔들,Manhwa,113,,2026,https://cdn.myanimelist.net/images/manga/3/346733l.jpg
494,"Atonement, for Your Cruelty",,"속죄, 그 잔혹함에 대하여",Manhwa,112,,2026,https://cdn.myanimelist.net/images/manga/3/346222l.jpg
494,"Kikoetemasu yo, Yukimiya-san",,聞こえてますよ、雪宮さん,Manga,112,,2026,https://cdn.myanimelist.net/images/manga/2/344528l.jpg
494,Tsumi ni Oboreru Crime Yuri Anthology,,罪に溺れるクライム百合アンソロジー,Manga,112,,2026,https://cdn.myanimelist.net/images/manga/2/347250l.jpg
494,Wasurerare Hime,,忘れられ姫,Manga,112,,2026,https://cdn.myanimelist.net/images/manga/1/342124l.jpg
498,Atsumare Yuurei-bu,"Ghost Club, Assemble!",あつまれ幽霊部,One-shot,111,,2026,https://cdn.myanimelist.net/images/manga/2/349785l.jpg
498,Hito to Hanasu Toki wa Sunglasses Hazushiyagare,Take Off Those Sunglasses When You're Talking to People,人と話すときはサングラス外しやがれ,One-shot,111,,2026,https://cdn.myanimelist.net/images/manga/3/346799l.jpg
498,Lemon Tree Forest,Lemon Tree Forest,레몬나무숲,Manhwa,111,,2026,https://cdn.myanimelist.net/images/manga/3/344879l.jpg
498,"Magan ga Kikanai Ore wa, Otogibanashi no Yondaimaou ni Dekiai sareteiru.",,魔眼が効かない俺は、御伽噺の四大魔王に溺愛されている。,Manga,111,,2026,https://cdn.myanimelist.net/images/manga/2/347767l.jpg
498,Saijaku to Yobareta Kentoushi no Game Chishiki Musou: Josondanpi Sekai no Colosseum de Nariagaru,,最弱と呼ばれた剣闘士のゲーム知識無双 ー女尊男卑世界のコロシアムで成り上がるー,Manga,111,,2026,https://cdn.myanimelist.net/images/manga/1/347680l.jpg
503,Area. Sasoi no Kiri,Area: The Beckoning Mist,Area.誘いの霧,One-shot,109,,2026,https://cdn.myanimelist.net/images/manga/2/347072l.jpg
504,Dolls Nest: Orphans,,Dolls Nest:ORPHANS,Manga,108,,2026,https://cdn.myanimelist.net/images/manga/1/348553l.jpg
504,"Henkyou no Majutsushi, Satori wo Hiraki Daikenja to Naru: Demo Deshi-tachi ga Mujikaku ni Yuuwaku suru kara Sorosoro Genkai desu...",,辺境の魔術師、悟りを開き大賢者となる ～でも弟子たちが無自覚に誘惑するからそろそろ限界です…～,Manga,108,,2026,https://cdn.myanimelist.net/images/manga/2/344541l.jpg
504,Iikagen Kizuke,,いいかげん気付け,One-shot,108,,2026,https://cdn.myanimelist.net/images/manga/1/343612l.jpg
504,Maou-sama kara wa Nigerarenai,,魔王様からは逃げられない,Manga,108,,2026,https://cdn.myanimelist.net/images/manga/2/342184l.jpg
504,Switch Battery,Switch Battery,スイッチバッテリー,One-shot,108,,2026,https://cdn.myanimelist.net/images/manga/2/343435l.jpg
509,"Gozen 0-ji, Furyou wo Hiroimashita.","At 0:00 A.M., I Picked Up a Delinquent.",午前０時、不良を拾いました。,Manga,107,,2026,https://cdn.myanimelist.net/images/manga/2/343112l.jpg
510,Double Down,Double Down,더블 다운(Double Down),Manhwa,106,,2026,https://cdn.myanimelist.net/images/manga/3/342025l.jpg
510,Eroge no Hakushaku Reijou wo Houshi Maid Ochisaseru Akuyaku Onzoushi ni Tensei shita Ore wa Zamaa wo Kaihi suru,,エロゲの伯爵令嬢を奉仕メイド堕ちさせる悪役御曹司に転生した俺はざまぁを回避する,Manga,106,,2026,https://cdn.myanimelist.net/images/manga/1/349420l.jpg
512,Hibari to Tsuru,The Skylark and the Crane,雲雀と鶴,One-shot,105,,2026,https://cdn.myanimelist.net/images/manga/1/346952l.jpg
512,Nanbanjin,,南蛮人,Manga,105,,2026,https://cdn.myanimelist.net/images/manga/2/344265l.jpg
512,Natsukashii Hanashi,Summers Past in Bloom,夏かしい花し,One-shot,105,,2026,https://cdn.myanimelist.net/images/manga/2/349944l.jpg
512,Tonari no Seki ni Seijo-sama wa Ore ni Kossori Skirt no Naka wo Oshietekureru,,隣の席の聖女様は俺にこっそりスカートの中を教えてくれる,Manga,105,,2026,https://cdn.myanimelist.net/images/manga/3/349414l.jpg
516,Isekai Rikujou,Another World Athletics Championships,異世界陸上,Manga,104,,2026,https://cdn.myanimelist.net/images/manga/3/347017l.jpg
516,"Kinki Kaiju no Saikyou Soubizukai: Noroi shika Tokenai Munou to Tsuihou sareta ga, Sokushi Item wo No Risk de Tsukaihoudai",,禁忌解呪の最強装備使い～呪いしか解けない無能と追放されたが、即死アイテムをノーリスクで使い放題～,Manga,104,,2026,https://cdn.myanimelist.net/images/manga/1/348046l.jpg
516,Shuuden Sugitara Nani Shite Asobu?,,終電過ぎたら何して遊ぶ?,Manga,104,,2026,https://cdn.myanimelist.net/images/manga/1/348103l.jpg
519,Channel Touroku Onegaishimasu!,Please Subscribe to My Channel!,ch〈チャンネル〉登録お願いします!,Manga,103,,2026,https://cdn.myanimelist.net/images/manga/3/346645l.jpg
519,Jibun shika Shiranai Kareshi no Ichimen,,自分しか知らない彼氏の一面,Manga,103,,2026,https://cdn.myanimelist.net/images/manga/3/343698l.jpg
521,"Card Game de Sekai ga Horobu Sekai ni Tensei shite Card Shop wo Kaiten shitara, Shuui kara Zensaku Shujinkou da to Omowareteiru",,カードゲームで世界が滅ぶ世界に転生してカードショップを開店したら、周囲から前作主人公だと思われている,Manga,102,,2026,https://cdn.myanimelist.net/images/manga/1/348682l.jpg
521,Eiyuu Shoujo to Noraware no Gin-hime,,英雄少女と呪われの銀姫,Manga,102,,2026,https://cdn.myanimelist.net/images/manga/3/341033l.jpg
521,"Wakiyaku Kensei no Sokosoko Heion na Nichijou. Tama ni Bouken, Soshite Eiyuutan.",,脇役剣聖のそこそこ平穏な日常。たまに冒険、そして英雄譚。,Manga,102,,2026,https://cdn.myanimelist.net/images/manga/3/349105l.jpg
524,"Game Kaishi Mae ni Shinu Mob Akuyaku Ouji ni Tensei shita Ore: Oshi Heroine no Imouto to Shiawase ni Naru Tame ni Saijaku Mahou ""Dark Edge"" wo Kajou na Doryoku de Kiwamenuitara, Saikyou no Bukkoware Seinou to Kashiteita Ken",,ゲーム開始前に死ぬモブ悪役皇子に転生した俺 ～推しヒロインの妹と幸せになるために最弱魔法【闇刃〈ダークエッジ〉】を過剰な努力で極め抜いたら、最強のぶっ壊れ性能と化していた件～,Manga,101,,2026,https://cdn.myanimelist.net/images/manga/1/349906l.jpg
524,Inma mo Nigedasu Kuroe-san,Incubus Run Away from Kuroe.,淫魔も逃げ出す黒江さん,Manga,101,,2026,https://cdn.myanimelist.net/images/manga/3/347734l.jpg
526,Hicchuu no Dungeon Tansaku: Hicchuu nanode Anzenken kara Pechipechi Ya wo Utte Level Up,"A Heroic Tale of a Humble Young Archer Who One Day Discovers an Incredible Way to Conquer Dungeons Using Special Skills, and Rapidly Grows into a Hero",必中のダンジョン探索 ～必中なので安全圏からペチペチ矢を射ってレベルアップ～,Manga,100,,2026,https://cdn.myanimelist.net/images/manga/1/342034l.jpg
526,Maousama no Kinyoubi,The Demon Lord's Day Off: Friday,魔王さまの金曜日,Manga,100,,2026,https://cdn.myanimelist.net/images/manga/1/349222l.jpg
528,Faceless Dropout,,フェイスレス・ドロップアウト,Manga,99,,2026,https://cdn.myanimelist.net/images/manga/2/349588l.jpg
529,Eden no Tou: Luluchika Kunya to Tou no Meikyuu,"Tower of Eden: Luluchika, Kunya, and the Dungeon Tower",エデンの塔 ルルチカクーニャと塔の迷宮,Manga,98,,2026,https://cdn.myanimelist.net/images/manga/2/349022l.jpg
529,The Ex-orcist,The Ex-orcist,X에 반하다,Manhwa,98,,2026,https://cdn.myanimelist.net/images/manga/2/340829l.jpg
531,Bouken shinai Watashi no Isekai Manual,,冒険しない私の異世界マニュアル,Manga,96,,2026,https://cdn.myanimelist.net/images/manga/1/347561l.jpg
531,Erica: When a Friend Is Obsessed with Me,,에리카 - 친구가 내게 집착할 때,Manhwa,96,,2026,https://cdn.myanimelist.net/images/manga/2/349787l.jpg
531,My Ancestors Are Watching,,조상님이 보고계셔,Manhwa,96,,2026,https://cdn.myanimelist.net/images/manga/1/346275l.jpg
531,Sumisaka-san Mousouchuu!,,澄坂さん妄想中!,Manga,96,,2026,https://cdn.myanimelist.net/images/manga/2/350170l.jpg
535,"Gokuaku Kizoku, Kenkyo Kenjitsu ni Musou suru: Gensaku Chishiki to Koyuu Mahou ""Kokuu"" wo Kushi shite, Hametsu End wo Kaihi shimasu",,極悪貴族、謙虚堅実に無双する ～原作知識と固有魔法＜虚空＞を駆使して、破滅エンドを回避します～,Manga,95,,2026,https://cdn.myanimelist.net/images/manga/1/346857l.jpg
536,Husband Thief,Husband Thief,남편 도둑,Manhwa,94,,2026,https://cdn.myanimelist.net/images/manga/2/346905l.jpg
536,Neko Mitai na Yanagi-san ga Kawaisugiru,,猫みたいな夜凪さんがかわいすぎる,Manga,94,,2026,https://cdn.myanimelist.net/images/manga/1/349734l.jpg
536,Saihokuryou no Kaibutsu: Shakkin Jigoku kara Hajimaru Fukoku Kyouhei The Comic,,最北領の怪物 ～借金地獄から始まる富国強兵～THE COMIC,Manga,94,,2026,https://cdn.myanimelist.net/images/manga/3/347587l.jpg
536,The Villainess Is a Millionaire Fixer,,악녀는 백만장자 해결사,Manhwa,94,,2026,https://cdn.myanimelist.net/images/manga/3/347794l.jpg
540,Ateuma Flag,,アテウマフラグ,Manga,93,,2026,https://cdn.myanimelist.net/images/manga/3/348651l.jpg
540,Inaka ja Kore ga Joushiki dakara!,,田舎じゃこれが常識だから!,Doujinshi,93,,2026,https://cdn.myanimelist.net/images/manga/2/344596l.jpg
540,Koroshiya Idol Matosaki Ayame,,殺し屋アイドル纏咲アヤメ,One-shot,93,,2026,https://cdn.myanimelist.net/images/manga/2/341031l.jpg
543,Black Kigyou no Kaminshitsu ga Yaribeya ni Natteta Hanashi,,ブラック企業の仮眠室がヤリ部屋になってた話,Doujinshi,92,,2026,https://cdn.myanimelist.net/images/manga/3/342552l.jpg
543,The Abandoned Prince's Ghost Bride,The Abandoned Prince's Ghost Bride,버림받은 황자의 유령 신부,Manhwa,92,,2026,https://cdn.myanimelist.net/images/manga/1/346587l.jpg
545,Kiki Kill,,KIKI KILL,Manga,91,,2026,https://cdn.myanimelist.net/images/manga/2/343431l.jpg
545,"Maryoku Zero no Ochikobore, Jusatsu no Youtou ni Erabareru.",,魔力ゼロの落ちこぼれ、呪殺の妖刀に選ばれる。,Manga,91,,2026,https://cdn.myanimelist.net/images/manga/3/341882l.jpg
545,"Shinimodotta Ore wa Seinaru Yuusha wo Yamete, Harem Tsukutte Koshi wo Hekoheko Futteitai",,死に戻った俺は聖なる勇者をやめて、ハーレム作って腰をヘコヘコふっていたい,Manga,91,,2026,https://cdn.myanimelist.net/images/manga/2/349352l.jpg
545,Song of the Wasteland,Song of the Wasteland,황야의 노래,Manhwa,91,,2026,https://cdn.myanimelist.net/images/manga/3/346775l.jpg
549,Follow the Sheep in the Abyss,,심연에서는 양을 따라가세요,Manhwa,89,,2026,https://cdn.myanimelist.net/images/manga/1/348948l.jpg
549,Ijimete Kureru Kimi ga Suki,,いじめてくれる君がすき,Manga,89,,2026,https://cdn.myanimelist.net/images/manga/1/350212l.jpg
551,An Equation Without Wrong Answers,,오답 없는 방정식,Manhwa,88,,2026,https://cdn.myanimelist.net/images/manga/3/349554l.jpg
552,Imperfect Sisters,,불완전 자매,Manhwa,87,,2026,https://cdn.myanimelist.net/images/manga/3/347355l.jpg
553,Time Healer Ceres,,시간치료사 세레스,Manhwa,86,,2026,https://cdn.myanimelist.net/images/manga/1/349582l.jpg
554,Legion,,れぎをん,Manga,84,,2026,https://cdn.myanimelist.net/images/manga/2/344913l.jpg
554,Love Came on a Moonlit Night,Love Came on a Moonlit Night,사랑은 달이 뜬 밤 찾아온다,Manhwa,84,,2026,https://cdn.myanimelist.net/images/manga/1/348240l.jpg
554,"Onna Kishi Juku ni Nyuugaku shitara, Otouto Skill de Mugen Amayakasare!?",,女騎士塾に入学したら、弟スキルで無限甘やかされ!?,Manga,84,,2026,https://cdn.myanimelist.net/images/manga/2/348153l.jpg
554,Ore wa Bishoujo VTuber,I’m a Pretty Girl VTuber,おれは美少女VTuber,Manga,84,,2026,https://cdn.myanimelist.net/images/manga/3/346530l.jpg
554,Poppin Poppin Penalty,,ポッピン・ポッピン・ペナルティ,Manga,84,,2026,https://cdn.myanimelist.net/images/manga/2/347864l.jpg
554,Shiramine-san wa Kyou mo Kaketeru,,白峰さんは今日も賭けてる,One-shot,84,,2026,https://cdn.myanimelist.net/images/manga/1/345607l.jpg
554,The Last Train to Hell,The Last Train to Hell,지옥으로 가는 막차,Manhwa,84,,2026,https://cdn.myanimelist.net/images/manga/2/341422l.jpg
561,Cherry on Top,Cherry on Top,아이싱 온 더 케이크,Manhwa,83,,2026,https://cdn.myanimelist.net/images/manga/3/348836l.jpg
561,Kimi to Hanabi to Yakusoku to @comic,,君と花火と約束と＠comic,Manga,83,,2026,https://cdn.myanimelist.net/images/manga/1/347593l.jpg
561,Omotteta Kanji ni Naranakatta Otoko no Ko,,思ってた感じにならなかった男の娘,Manga,83,,2026,https://cdn.myanimelist.net/images/manga/3/347199l.jpg
561,Onna Tomodachi to Girlfriend wa Kamihitoe.,,女友達とガールフレンドは紙一重。,One-shot,83,,2026,https://cdn.myanimelist.net/images/manga/3/345659l.jpg
565,Please Lock Me Up!,Please Lock Me Up!,감금당해 주세요!,Manhwa,82,,2026,https://cdn.myanimelist.net/images/manga/3/348808l.jpg
565,Reborn as a Hatchling,Reborn as a Hatchling,어느 날 해츨링이 되었다,Manhwa,82,,2026,https://cdn.myanimelist.net/images/manga/1/349599l.jpg
567,Boiling Frog Syndrome,Boiling Frog Syndrome,개구리 삶기,Manhwa,81,,2026,https://cdn.myanimelist.net/images/manga/3/347261l.jpg
567,Do Butterflies Dream of Spring?,Do Butterflies Dream of Spring?,일장춘몽,Manhwa,81,,2026,https://cdn.myanimelist.net/images/manga/1/348593l.jpg
567,Shiratori Kazuko wa 31-kaku,Shiratori Kazuko's Number of Strokes Is 31,白鳥運子は31画,Manga,81,,2026,https://cdn.myanimelist.net/images/manga/1/342327l.jpg
570,Caregiving Alliance,,간병동맹,Manhwa,80,,2026,https://cdn.myanimelist.net/images/manga/3/346204l.jpg
570,My Gorgeous Nightmare,,예쁜 개차반,Manhwa,80,,2026,https://cdn.myanimelist.net/images/manga/2/346360l.jpg
570,The Eldest Daughter Protects the Tang Clan,The Eldest Daughter Protects the Tang Clan,사천당가의 장녀는 가문을 지킨다,Manhwa,80,,2026,https://cdn.myanimelist.net/images/manga/1/349581l.jpg
570,Toy-katsu Maou-sama!,,トイ活魔王様!,Manga,80,,2026,https://cdn.myanimelist.net/images/manga/2/346688l.jpg
574,Boku dake Yomeru Kinsho Majutsu,,僕だけ詠める禁書魔術,Manga,79,,2026,https://cdn.myanimelist.net/images/manga/3/342376l.jpg
574,Dépaysement,Dépaysement,데페이즈망,Manhwa,79,,2026,https://cdn.myanimelist.net/images/manga/3/347701l.jpg
574,Shouwaru Gal Shitsukerareru,,性悪ギャル躾けられる,Doujinshi,79,,2026,https://cdn.myanimelist.net/images/manga/2/346525l.jpg
577,Akujo Ranking,,悪女ランキング,Manga,78,,2026,https://cdn.myanimelist.net/images/manga/3/349899l.jpg
577,Akuyaku Reijou Gloria von Caldwell no Danzai to Fukushuu @comic,The Condemnation and Revenge of Villainess Gloria von Caldwell,悪役令嬢グロリア・フォン・コードウェルの断罪と復讐@COMIC,Manga,78,,2026,https://cdn.myanimelist.net/images/manga/3/347790l.jpg
577,Kamibiki no Monarch,The God-Tier Pull Monarch,神引きのモナーク,Manga,78,,2026,https://cdn.myanimelist.net/images/manga/3/349035l.jpg
577,Kanchuu to Houshuku,Guan Zhong and Bao Shu,管仲と鮑叔,One-shot,78,,2026,https://cdn.myanimelist.net/images/manga/3/349276l.jpg
577,Soup no Mori: Doubutsu to Kaiwa suru Olivia to Moto Youhei Arthur no Monogatari,,スープの森～動物と会話するオリビアと元傭兵アーサーの物語～,Manga,78,,2026,https://cdn.myanimelist.net/images/manga/1/349728l.jpg
577,The Outlaws 0,,범죄도시0,Manhwa,78,,2026,https://cdn.myanimelist.net/images/manga/2/341836l.jpg
577,Yaoyoruzu Toriatsukai Setsumeisho,,やおよろず取扱説明書,Manga,78,,2026,https://cdn.myanimelist.net/images/manga/3/340277l.jpg
584,A Young Wife and Misdeeds,,어린 아내와 나쁜 짓,Manhwa,77,,2026,https://cdn.myanimelist.net/images/manga/3/346201l.jpg
584,Full Service Moving,Full Service Moving,이삿짐센터 직원들에게 둘러싸여,Manhwa,77,,2026,https://cdn.myanimelist.net/images/manga/2/341428l.jpg
584,Hirahirahira,Yohira's Travelogue,葩々々,Manga,77,,2026,https://cdn.myanimelist.net/images/manga/3/344323l.jpg
584,Mahou Shoujo Hibari Blood,Magical Girl Hibari Blood,魔法傷女ひばりブラッド,One-shot,77,,2026,https://cdn.myanimelist.net/images/manga/3/342161l.jpg
584,Onaji Class no Senpai,My Special Senior,同じクラスの先輩,Doujinshi,77,,2026,https://cdn.myanimelist.net/images/manga/2/341854l.jpg
584,Rural Rivalry,Rural Rivalry,넘버원 콤플렉스,Manhwa,77,,2026,https://cdn.myanimelist.net/images/manga/3/346167l.jpg
590,"Sweet, Sugar, Candyman","Sweet, Sugar, Candyman",스윗 슈가 캔디맨,Manhwa,76,,2026,https://cdn.myanimelist.net/images/manga/1/348838l.jpg
590,The Club Knight,,몽둥이기사 단,Manhwa,76,,2026,https://cdn.myanimelist.net/images/manga/3/348323l.jpg
590,Touch Your Body,,터치 유어 바디 (Touch Your Body),Manhwa,76,,2026,https://cdn.myanimelist.net/images/manga/3/344536l.jpg
593,Baki Gaiden Doppo: Hitori Nomi Kui Aruki,"Baki Gaiden Doppo: To Eat, Drink and Walk Alone",バキ外伝 独歩-独り飲み喰い歩き-,Manga,75,,2026,https://cdn.myanimelist.net/images/manga/2/345373l.jpg
593,Heavy Rain,,헤비 레인 (Heavy Rain),Manhwa,75,,2026,https://cdn.myanimelist.net/images/manga/1/345277l.jpg
593,Perfect Error,Perfect Error,퍼펙트 에러,Manhwa,75,,2026,https://cdn.myanimelist.net/images/manga/1/348840l.jpg
593,Seinaru Hime no Kakushigoto,,聖なる姫のかくしごと,Manga,75,,2026,https://cdn.myanimelist.net/images/manga/3/349413l.jpg
597,Blues for Dandelion,,민들레 블루스,Manhwa,74,,2026,https://cdn.myanimelist.net/images/manga/1/341693l.jpg
597,Kyuusei no Kishi Hime Faran,"Faran, the Knight Princess of Salvation",救世の騎士姫 ファラン,Manga,74,,2026,https://cdn.myanimelist.net/images/manga/1/339785l.jpg
597,Naraku-sama wa Inaka de Choroi,,ナラク様は田舎でチョロい,Manga,74,,2026,https://cdn.myanimelist.net/images/manga/2/345720l.jpg
597,"Sennou Skill de Isekai Musou!? Skill ga Baretara Shokei sareru node Kenzen Seijitsu ni Ikiyou to Shitara, Nazeka Bishoujo-tachi ni Aisareteiru Ken ni Tsuite",Dominating Another World with Mind Control Skills,洗脳スキルで異世界無双!? ～スキルがバレたら処刑されるので健全誠実に生きようとしたら、なぜか美少女たちに愛されている件について～,Manga,74,,2026,https://cdn.myanimelist.net/images/manga/1/347928l.jpg
597,"Yanikasu nan desu ka, Kemuriga-sensei",Does Ms. Enga Smoke?,ヤニカスなんですか、煙賀先生,Manga,74,,2026,https://cdn.myanimelist.net/images/manga/3/347892l.jpg
597,Zunou to Inou ni Kinniku de Shouri suru Death Game: Zunousen ni Maiorita Saikyou no Baka,Death Game: The Muscle Crushing the Minds and Magic,頭脳と異能に筋肉で勝利するデスゲーム ～頭脳戦に舞い降りた最強のバカ～,Manga,74,,2026,https://cdn.myanimelist.net/images/manga/3/347374l.jpg
603,Bokura Souiun ja Nai node.,,僕らそういうんじゃないので。,One-shot,73,,2026,https://cdn.myanimelist.net/images/manga/2/347649l.jpg
603,Mahoutsukai no Yoru,Witch on the Holy Night,魔法使いの夜,Light Novel,73,,2026,https://cdn.myanimelist.net/images/manga/3/349358l.jpg
603,Marriage with a Suspiciously Demure Husband,,조신한 남편의 결혼 목적이 수상하다,Manhwa,73,,2026,https://cdn.myanimelist.net/images/manga/1/349559l.jpg
603,Usotsuki Ookami wa Ai wo Kataru,,嘘つき狼は愛をかたる,Manga,73,,2026,https://cdn.myanimelist.net/images/manga/2/343537l.jpg
607,Deochi Mitai na Settei wo Fuyo shitekuru Henshuu no Aira-senpai,,出オチみたいな設定を付与してくる編集のアイラ先輩,Manga,72,,2026,https://cdn.myanimelist.net/images/manga/2/347462l.jpg
607,Guutara Elf no Nonbiri Isekai Kikou,A Lazy Elf's Leisurely Journey in Another World,ぐうたらエルフののんびり異世界紀行,Manga,72,,2026,https://cdn.myanimelist.net/images/manga/3/346751l.jpg
607,Let Loose,,렛 루즈,Manhwa,72,,2026,https://cdn.myanimelist.net/images/manga/2/345795l.jpg
607,Ojousama to Untenshu,,お嬢様と運転手,One-shot,72,,2026,https://cdn.myanimelist.net/images/manga/1/349069l.jpg
611,Switch Oshitara Ore ga Joshi!?,"If I Press the Switch, I'll Turn into a Girl!?",スイッチ押したら俺が女子!?,One-shot,71,,2026,https://cdn.myanimelist.net/images/manga/2/348112l.jpg
611,Zureta Kaishaku no Bokura,Our Misunderstandings,ズレた解釈のぼくら,Manga,71,,2026,https://cdn.myanimelist.net/images/manga/3/347267l.jpg
613,Boukyakugo no Aletheia,Aletheia After Oblivion,忘却後のアレーティア,Manga,70,,2026,https://cdn.myanimelist.net/images/manga/1/345524l.jpg
613,Gakusha to Karyuudo,,学者と狩人,Manga,70,,2026,https://cdn.myanimelist.net/images/manga/2/349409l.jpg
613,Isekai wo Sukuttemo Onaka wa Suku kara,"Even If We Save The World, We'll Still Be Hungry.",世界をすくってもお腹はすくから,Manga,70,,2026,https://cdn.myanimelist.net/images/manga/1/347704l.jpg
613,Ryuutsuhegui,,リュウツヘグイ,Manga,70,,2026,https://cdn.myanimelist.net/images/manga/3/349108l.jpg
613,The Absolute Beastmaster's Modern Life,The Absolute Beastmaster's Modern Life,절대자의 현대생활,Manhwa,70,,2026,https://cdn.myanimelist.net/images/manga/2/346902l.jpg
618,A Strange Phenomenon,,괴이현상 하나,Manhwa,69,,2026,https://cdn.myanimelist.net/images/manga/2/347353l.jpg
618,Mayonaka ni Aishite yo,Love Me Tender at Midnight.,真夜中に愛してよ,Manga,69,,2026,https://cdn.myanimelist.net/images/manga/1/349745l.jpg
618,Mezame yo Otome,,目覚めよ乙女,One-shot,69,,2026,https://cdn.myanimelist.net/images/manga/3/347853l.jpg
621,A Night of Deception,A Night of Deception,너를 속이는 밤,Manhwa,68,,2026,https://cdn.myanimelist.net/images/manga/3/342054l.jpg
621,Hikikomori Ouji no Karei naru Yonaoshi,,ひきこもり王子の華麗なる世直し,Manga,68,,2026,https://cdn.myanimelist.net/images/manga/2/347446l.jpg
621,Kaotsuki,,顔憑,Manga,68,,2026,https://cdn.myanimelist.net/images/manga/3/348154l.jpg
621,The Top Student Hides Her Regression,,전교 1등이 회귀를 숨김,Manhwa,68,,2026,https://cdn.myanimelist.net/images/manga/2/349729l.jpg
621,Vapor Trail no Ushiro,,ベイパー・トレイルのうしろ,Manga,68,,2026,https://cdn.myanimelist.net/images/manga/1/345625l.jpg
621,Youjo na Majo to Mori no Kuma-san: Isekai de Potion Tsukutte Nonbiri Slow Life ga Shitai no ja ga?,,幼女な魔女と森の熊さん ～異世界でポーション創ってのんびりスローライフがしたいのじゃが?～,Manga,68,,2026,https://cdn.myanimelist.net/images/manga/1/349783l.jpg
627,Ovcharka,,오브차카,Manhwa,67,,2026,https://cdn.myanimelist.net/images/manga/1/341821l.jpg
627,Ramen-ya ni Narabu Oniisan-tachi wo BL ni Shitai Hanashi,,ラーメン屋に並ぶお兄さん達をBLにしたい話,Manga,67,,2026,https://cdn.myanimelist.net/images/manga/4/346386l.jpg
627,Sumire wa High Calorie,,すみれはハイカロリー,Doujinshi,67,,2026,https://cdn.myanimelist.net/images/manga/1/346866l.jpg
627,Wrench to Kudamono,Wrench & Fruits,レンチとくだもの,Manga,67,,2026,https://cdn.myanimelist.net/images/manga/3/345532l.jpg
631,Kiyoku Tadashiku Utsukushiku,,清く正しく美しく,One-shot,66,,2026,https://cdn.myanimelist.net/images/manga/2/344147l.jpg
631,Mama to Mizugi Date,,ママと水着デート,One-shot,66,,2026,https://cdn.myanimelist.net/images/manga/2/343171l.jpg
631,Ponkotsu Akuryou Anko-chan,,ポンコツ悪霊 闇子ちゃん,Manga,66,,2026,https://cdn.myanimelist.net/images/manga/1/348857l.jpg
631,Rakuen,,楽園,One-shot,66,,2026,https://cdn.myanimelist.net/images/manga/3/343528l.jpg
631,Uruwashi Babaa wa Mago ga Hoshii!,"Fabulous Grandma, Desperate for a Grandkid",麗しババアは孫が欲しい!,Manga,66,,2026,https://cdn.myanimelist.net/images/manga/1/346646l.jpg
636,Fever,,피버 (fever),Manhwa,65,,2026,https://cdn.myanimelist.net/images/manga/3/345307l.jpg
636,Goddess of Fortune,Goddess of Fortune,행운의 여신,Manhwa,65,,2026,https://cdn.myanimelist.net/images/manga/2/348125l.jpg
636,Still You,Still You,Still You,Manga,65,,2026,https://cdn.myanimelist.net/images/manga/1/349218l.jpg
639,Ayagari no Kanoka,,妖狩のカノカ,Manga,64,,2026,https://cdn.myanimelist.net/images/manga/1/343454l.jpg
639,"Konyaku Haki sare Suterareru Rashii node, Gunjin Reijou Hajimemasu",,婚約破棄され捨てられるらしいので、軍人令嬢はじめます,Manga,64,,2026,https://cdn.myanimelist.net/images/manga/1/342895l.jpg
639,Mijuku na Inma de Kyoushuku desu,Sorry for Being an Inexperienced Succubus,未熟な淫魔で恐縮です,Manga,64,,2026,https://cdn.myanimelist.net/images/manga/2/348506l.jpg
639,Tottekuwanaide Tokiwa-kun,"Don't Eat Me, Tokiwa-kun.",とって喰わないで常葉くん,Manga,64,,2026,https://cdn.myanimelist.net/images/manga/3/344145l.jpg
643,Honzuki no Gekokujou: Shisho ni Naru Tame ni wa Shudan wo Erandeiraremasen - Ferdinand no Yakata nite,,本好きの下剋上～司書になるためには手段を選んでいられません～ フェルディナンドの館にて,Manga,63,,2026,https://cdn.myanimelist.net/images/manga/2/347648l.jpg
643,My Husband Is Definitely a Paladin,,남편은 분명 성기사였는데,Manhwa,63,,2026,https://cdn.myanimelist.net/images/manga/1/349735l.jpg
643,Nijigen Otaku-kun wa Gal Oppai de Kan Ochi Shasei,,二次元オタクくんはギャルおっぱいで完オチ射精,Doujinshi,63,,2026,https://cdn.myanimelist.net/images/manga/1/342643l.jpg
643,"Shinimodori no Akuyaku Reijou wa, Nidome no Jinsei de Subete wo Shiawase ni Shitemiseru",The Villainess Who Returns to Death Tries to Make Everything Happy in Her Second Life.,死に戻りの悪役令嬢は、二度目の人生ですべてを幸せにしてみせる,Manga,63,,2026,https://cdn.myanimelist.net/images/manga/1/347900l.jpg
643,Vanilla to Orange,,バニラとオレンジ,Manga,63,,2026,https://cdn.myanimelist.net/images/manga/2/347526l.jpg
648,Focusing,Focusing,포커싱,Manhwa,62,,2026,https://cdn.myanimelist.net/images/manga/1/342783l.jpg
648,Hishikai Sentou Iron Recce,Non-Vision Combat Iron Recce,非視界戦闘 アイアンレッキ,Manga,62,,2026,https://cdn.myanimelist.net/images/manga/3/345769l.jpg
648,Seiryoku ga Maryoku ni Henkan sareru Sekai ni Tensei shimashita,,精力が魔力に変換される世界に転生しました,Manga,62,,2026,https://cdn.myanimelist.net/images/manga/2/349739l.jpg
648,Shimai Youhei,Mercenary Sisters,姉妹傭兵,Manga,62,,2026,https://cdn.myanimelist.net/images/manga/3/348875l.jpg
648,Telepath wa Teremasu,,テレパスは照れます,One-shot,62,,2026,https://cdn.myanimelist.net/images/manga/1/348011l.jpg
648,"Zense ga Saikyou Madoushi Datta Ore, Isekai Mahou de Musou suru!",,前世が最強魔導師だった俺、異世界魔法で無双する!,Manga,62,,2026,https://cdn.myanimelist.net/images/manga/3/348688l.jpg
654,Maid & Roid wa Ojousama no Oyaku ni Tachitai!,,メイド＆ロイドはお嬢様のお役に立ちたい！,Manga,61,,2026,https://cdn.myanimelist.net/images/manga/3/349074l.jpg
654,Nazo no Eureka,Mysterious Eureka,謎のユリイカ,Manga,61,,2026,https://cdn.myanimelist.net/images/manga/2/347277l.jpg
656,Natural Daily Life Log,,ナチュラルデイリーライフログ,Doujinshi,60,,2026,https://cdn.myanimelist.net/images/manga/2/346462l.jpg
656,Shin Kidou Senki Gundam W x Code Geass Hangyaku no Lelouch: Minuet Zero,,新機動戦記ガンダムW × コードギアス 反逆のルルーシュ メヌエット・ゼロ,Manga,60,,2026,https://cdn.myanimelist.net/images/manga/2/347444l.jpg
656,Suiken Japan,,酔拳JAPAN,Manga,60,,2026,https://cdn.myanimelist.net/images/manga/1/347359l.jpg
656,The Ghost in the Doorway,The Ghost in the Doorway,문틈의 유령,Manhwa,60,,2026,https://cdn.myanimelist.net/images/manga/1/345526l.jpg
656,Written in the Shadows,Written in the Shadows,누군가 정해둔 것처럼,Manhwa,60,,2026,https://cdn.myanimelist.net/images/manga/3/348283l.jpg
661,Boku no Kaseifu-san wa Sukidarake!?,,僕の家政婦さんはスキだらけ!?,One-shot,59,,2026,https://cdn.myanimelist.net/images/manga/3/347793l.jpg
661,"Joshikousei ga, Koroshiya to.",,女子高生が、殺し屋と。,Manga,59,,2026,https://cdn.myanimelist.net/images/manga/1/347223l.jpg
661,Kazoku ga Neshizumaru Yoru ni Hitozuma wo Daita Hon,Midnight Rendezvous,家族が寝静まる夜に人妻を抱いた本,Doujinshi,59,,2026,https://cdn.myanimelist.net/images/manga/1/341105l.jpg
661,Please Give Me a Glass of Milk!,,우유 한 잔 주세요!,Manhwa,59,,2026,https://cdn.myanimelist.net/images/manga/2/342653l.jpg
665,Oyadori no You ni,,親鳥のように,One-shot,58,,2026,https://cdn.myanimelist.net/images/manga/3/341771l.jpg
665,The Dragon of Kunlun,,곤륜에 용이 산다,Manhwa,58,,2026,https://cdn.myanimelist.net/images/manga/2/349185l.jpg
665,The Turtle Can't Pass by the Sleeping Hare!,,거북이는 잠자는 토끼를 지나칠 수 없어!,Manhwa,58,,2026,https://cdn.myanimelist.net/images/manga/3/345420l.jpg
668,"Majo to Mashou to Mahou no Rakuen: Tsuihou sareta Tensei Kizoku no Jiyuu Kimama na ""Shuushuuka"" Seikatsu. Hazure Zense ni Mezameta Shounen wa, Isekai de Seiken mo Mofumofu mo Jibun no Shiro mo Te ni Ireru","A Paradise of Witches, Demons, and Magical Treasures",魔女と魔性と魔宝の楽園～追放された転生貴族の自由気ままな【蒐集家】生活。ハズレ前世に目覚めた少年は、異世界で聖剣もモフモフも自分の城も手に入れる～,Manga,57,,2026,https://cdn.myanimelist.net/images/manga/2/348055l.jpg
668,Musai no Shoukanshi,,無才の召喚士,Manga,57,,2026,https://cdn.myanimelist.net/images/manga/3/346972l.jpg
668,Ongaeshi no Jikan desu,,恩返しの時間です,Doujinshi,57,,2026,https://cdn.myanimelist.net/images/manga/2/342553l.jpg
668,Start Over,,スタートオーバー,Manga,57,,2026,https://cdn.myanimelist.net/images/manga/2/348661l.jpg
668,The Bridenapping Deal,The Bridenapping Deal,약탈혼으로 남편부터 바꾸겠습니다,Manhwa,57,,2026,https://cdn.myanimelist.net/images/manga/3/349433l.jpg
673,Collage,,꼴라쥬,Manhwa,56,,2026,https://cdn.myanimelist.net/images/manga/2/341954l.jpg
673,Kaijoshi Kanna no Memoir,Kanna the Unbinder: Memoir of Magic,解除師カンナの魔術録〈メモワール〉,Manga,56,,2026,https://cdn.myanimelist.net/images/manga/3/342165l.jpg
673,Men and Women Shouldn't Sit Together After Age Seven,,남녀칠세부동석,Manhwa,56,,2026,https://cdn.myanimelist.net/images/manga/2/340814l.jpg
673,Nui no Shikijitsu,Nui's Wedding Day,ぬいの式日,Manga,56,,2026,https://cdn.myanimelist.net/images/manga/3/347284l.jpg
673,Tsuihou sareta Shounin wa Kane no Chikara de Sekai wo Sukuu,Exiled Merchant Saves the World with the Power of Money,追放された商人は金の力で世界を救う,Manga,56,,2026,https://cdn.myanimelist.net/images/manga/2/348339l.jpg
678,Hole Up Gamers,,HOLE UP GAMERS,Manga,55,,2026,https://cdn.myanimelist.net/images/manga/3/348554l.jpg
679,A Sibling's POV,A Sibling's POV,1인칭 혈육시점,Manhwa,54,,2026,https://cdn.myanimelist.net/images/manga/2/349583l.jpg
679,Healing Agency,Healing Agency,힐링사무소,Manhwa,54,,2026,https://cdn.myanimelist.net/images/manga/3/348387l.jpg
679,Kimi no Kao de Boku ni Kiss shite,Kiss Me with Your Face,キミの顔で僕にキスして,Manga,54,,2026,https://cdn.myanimelist.net/images/manga/3/347220l.jpg
679,Sex Friend Numa kara Nukedasenai! Yuri Ecchi Anthology,,セフレ沼から抜け出せないっ! 百合えっちアンソロジー,Manga,54,,2026,https://cdn.myanimelist.net/images/manga/2/348211l.jpg
679,Shinomiya-kun wo Kill shitai! Game no Sekai de Class no Inkya Joshi to xx shimasu,I'll Play xx with Nerd-Girl Within the Game,四宮君をKILLしたい! ～ゲームの世界でクラスの陰キャ女子と××しますっ～,Manga,54,,2026,https://cdn.myanimelist.net/images/manga/2/349315l.jpg
684,Annoying Boy,Annoying Boy,어노잉 보이,Manhwa,53,,2026,https://cdn.myanimelist.net/images/manga/2/347983l.jpg
684,Femme Fatale wo Meshiagare @comic,Have a Femme Fatale. @comic,ファム・ファタールを召し上がれ@comic,Manga,53,,2026,https://cdn.myanimelist.net/images/manga/3/350146l.jpg
684,Maria Ju,,マリアー呪,Manga,53,,2026,https://cdn.myanimelist.net/images/manga/2/344353l.jpg
684,Taiyoukei Hanto Retsuden,The Chronicles of Solar Rebels,太陽系叛徒列伝,Manga,53,,2026,https://cdn.myanimelist.net/images/manga/1/344918l.jpg
684,Unspoken,Unspoken,기만의 틈,Manhwa,53,,2026,https://cdn.myanimelist.net/images/manga/3/346374l.jpg
689,Big Shining,,빅 샤이닝,Manhwa,52,,2026,https://cdn.myanimelist.net/images/manga/3/341391l.jpg
689,Kimi to Sumitai Undine,Water Spirit Beside Me,君と棲みたいウンディーネ,Manga,52,,2026,https://cdn.myanimelist.net/images/manga/2/346930l.jpg
689,Mashou no Mero Onna ni Otosareru Yuri Anthology,,魔性のメロ女に堕とされる百合アンソロジー,Manga,52,,2026,https://cdn.myanimelist.net/images/manga/3/347974l.jpg
689,Sazame to Rio,,さざめとりお,Manga,52,,2026,https://cdn.myanimelist.net/images/manga/1/348791l.jpg
689,Seizokusei Healer wa Onna Kishidan no Suketto Kaifuku Jutsushi wo Yattemasu,,聖属性ヒーラーは女騎士団の助っ人回復術師をやってます,Manga,52,,2026,https://cdn.myanimelist.net/images/manga/1/350156l.jpg
689,Shanghai Ronren,,上海龍人〈ロンレン〉,One-shot,52,,2026,https://cdn.myanimelist.net/images/manga/1/347196l.jpg
689,The Young Lady Only Deals with the Real Thing,,공녀님은 진짜만 취급합니다,Manhwa,52,,2026,https://cdn.myanimelist.net/images/manga/2/346230l.jpg
696,A Wholesome Love Story Turns Dark,A Wholesome Love Story Turns Dark,엔딩인 줄 알고 돌아왔더니 장르가 바뀜,Manhwa,51,,2026,https://cdn.myanimelist.net/images/manga/1/349717l.jpg
696,Bibibitto Izumi-kun,,ビビビっと和泉くん,Manga,51,,2026,https://cdn.myanimelist.net/images/manga/2/349627l.jpg
696,Caesar Eiyuuki,The Heroic Chronicle of Caesar,カエサル英雄記,Manga,51,,2026,https://cdn.myanimelist.net/images/manga/1/340777l.jpg
696,From Shamanism to Sainthood,From Shamanism to Sainthood,성녀가 아니라 선녀인데요,Manhwa,51,,2026,https://cdn.myanimelist.net/images/manga/1/347241l.jpg
696,Nijigen Otaku no Ore ga Tenkou shite Kita Kyonyuu Idol ni Otosareru made,A 2D Otaku Falls for the Curvy Idol Transfer Student,二次元オタクの俺が転校してきた巨乳アイドルに堕とされるまで,Doujinshi,51,,2026,https://cdn.myanimelist.net/images/manga/1/349425l.jpg
696,Onna Kishi wa Kukkoro Nante Iwanai,,女騎士はくっころなんていわない,One-shot,51,,2026,https://cdn.myanimelist.net/images/manga/1/349089l.jpg
696,The Eldest Daughter's Path to Peace,The Eldest Daughter's Path to Peace,장녀는 꽃길을 걷는다,Manhwa,51,,2026,https://cdn.myanimelist.net/images/manga/3/349439l.jpg
696,Youkoso Kochira no Sekai e,,ようこそこちらの世界へ,One-shot,51,,2026,https://cdn.myanimelist.net/images/manga/3/345251l.jpg
704,Gansaku no Daijuuban,,贋作の第十番,Manga,50,,2026,https://cdn.myanimelist.net/images/manga/3/350075l.jpg
704,Kuroko-chan.,,黒子ちゃん。,Manga,50,,2026,https://cdn.myanimelist.net/images/manga/1/341979l.jpg
704,"Origami Shokunin Mimoza no Nikkichou: Byoujaku Datta Watashi wa Isekai ni Tensei shite Kenkou na Karada wo Te ni Ireta node, Zensei de Dekinakatta Ongaeshi no Tabi ni Deru",,折り紙職人ミモザの日記帳～病弱だった私は異世界に転生して健康な体を手に入れたので、前世でできなかった恩返しの旅に出る～,Manga,50,,2026,https://cdn.myanimelist.net/images/manga/3/348605l.jpg
704,Otona-tachi ni wa Zutto Naisho Daze,This Stays Between Us—Don't Tell the Adults.,大人たちにはずっと内緒だぜ,Manga,50,,2026,https://cdn.myanimelist.net/images/manga/2/348715l.jpg
704,Regarding the Perfect Revenge,Regarding the Perfect Revenge,완벽한 복수에 대하여,Manhwa,50,,2026,https://cdn.myanimelist.net/images/manga/2/347454l.jpg
704,"Saiyaku-kyuu Skill ""Boushoku Maou""-mochi no Akuyaku Kizoku ni Tensei shimashita ga, Shokei saretakunai node Skill wo Kakushite Hitasura Doryoku shimasu.",,災厄級スキル〈暴食魔王〉持ちの悪役貴族に転生しましたが、処刑されたくないのでスキルを隠してひたすら努力します。,Manga,50,,2026,https://cdn.myanimelist.net/images/manga/2/347783l.jpg
704,Succubus Daikou,Agent of the Succubus,サキュバス代行,Manga,50,,2026,https://cdn.myanimelist.net/images/manga/2/347566l.jpg
704,Toshi Densetsu Kaitai Center: Another Record,,都市伝説解体センター Another Record,Manga,50,,2026,https://cdn.myanimelist.net/images/manga/2/348178l.jpg
704,Unofficial Campus Couple,Unofficial Campus Couple,비공식 CC,Manhwa,50,,2026,https://cdn.myanimelist.net/images/manga/3/349845l.jpg
713,Bad Business,,배드 비즈니스,Manhwa,49,,2026,https://cdn.myanimelist.net/images/manga/2/339808l.jpg
713,Fujisan Daifunka: Senryokugai Nintei sareta Ossan Kaishain Mochizane ga Tenpen Chii de Nariagari!?,,富士山大噴火～戦力外認定されたおっさん会社員モチザネが天変地異で成り上がり!?～,Manga,49,,2026,https://cdn.myanimelist.net/images/manga/1/347283l.jpg
713,Spooky in Love,Spooky in Love,오싹한 연애,Manhwa,49,,2026,https://cdn.myanimelist.net/images/manga/3/348797l.jpg
713,Tensei shitara Winning Eleven Datta Ken,That Time I Got Reincarnated in PES,転生したらウイニングイレブンだった件,Manga,49,,2026,https://cdn.myanimelist.net/images/manga/1/347399l.jpg
713,The Black Steed,The Black Steed,검은 목마,Manhwa,49,,2026,https://cdn.myanimelist.net/images/manga/1/348590l.jpg
713,"Tsuihou sareta Danshaku Shisoku no Karei naru Ryouchi Kaikaku: Kuzu Oyaji ni Munou to Nonoshirareta kedo, Jitsu wa Sekai Saikyou no Ryuu Mahoutsukai desu",,追放された男爵子息の華麗なる領地改革 クズ親父に無能と罵られたけど、実は世界最強の龍魔法使いです,Manga,49,,2026,https://cdn.myanimelist.net/images/manga/3/348303l.jpg
713,Warui Mushi,,わるいむし,Manga,49,,2026,https://cdn.myanimelist.net/images/manga/1/341949l.jpg
713,Watashitachi no Koi ga Hanahiraku Toki: Isekai Renai Yuri Anthology Comic,Love in Bloom: Isekai Girls Love Anthology,私たちの恋が花開くとき 異世界恋愛百合アンソロジーコミック,Manga,49,,2026,https://cdn.myanimelist.net/images/manga/1/341922l.jpg
713,"Yuusha ni Narenakatta Ossan Kyuuhei, Jinrui no Shugosha to Naru",Ossan Archer,勇者になれなかったおっさん弓兵、人類の守護者となる,Manga,49,,2026,https://cdn.myanimelist.net/images/manga/2/349619l.jpg
722,Bad Con!,Bad-Contact!,バドこん!,Manga,48,,2026,https://cdn.myanimelist.net/images/manga/1/348047l.jpg
722,Futsuu tte nan desu ka?,What Is This Thing Called Normal?,普通ってなんですか?,Manga,48,,2026,https://cdn.myanimelist.net/images/manga/3/348201l.jpg
722,Samayou 8,,さ迷う8,Manga,48,,2026,https://cdn.myanimelist.net/images/manga/2/344396l.jpg
722,Tensai Futsugakusha Lalo Purple no Hatsukoi,,天才祓学者ラロ・パープルの初恋,One-shot,48,,2026,https://cdn.myanimelist.net/images/manga/2/345218l.jpg
722,Usoda Minori no Fake Kitchen,,宇曽田みのりの代用料理〈フェイクキッチン〉,Manga,48,,2026,https://cdn.myanimelist.net/images/manga/3/344932l.jpg
727,Boyish na Ano Ko ni Numatteku!? Yuri Anthology,,ボーイッシュな彼女〈あのこ〉に沼ってく!? 百合アンソロジー,Manga,47,,2026,https://cdn.myanimelist.net/images/manga/3/346533l.jpg
727,Ishuzoku Choutei,,異種族調停,One-shot,47,,2026,https://cdn.myanimelist.net/images/manga/1/342827l.jpg
729,Ao no Kai,,アオの解,Manga,46,,2026,https://cdn.myanimelist.net/images/manga/3/344812l.jpg
729,Grasping,Grasping,그랩스핑,Manhwa,46,,2026,https://cdn.myanimelist.net/images/manga/2/347260l.jpg
729,I'm the Idol's Obsession,I'm the Idol's Obsession,아이돌이 나에게 집착한다,Manhwa,46,,2026,https://cdn.myanimelist.net/images/manga/1/345223l.jpg
729,Married Woman Sauna,,유부녀 전용 사우나,Manhwa,46,,2026,https://cdn.myanimelist.net/images/manga/2/346781l.jpg
729,Nokaze no Pink na Torisetsu,Nokaze's Erotic Manual,ノカゼのピンクなトリセツ,Manga,46,,2026,https://cdn.myanimelist.net/images/manga/2/344162l.jpg
729,Sekkaku Nouka ni Tensei shita node Yuusha wa Mezashimasen,,せっかく農家に転生したので勇者は目指しません,Manga,46,,2026,https://cdn.myanimelist.net/images/manga/1/346754l.jpg
729,The Secret That Made You Cry,,너를 울린 비밀,Manhwa,46,,2026,https://cdn.myanimelist.net/images/manga/3/347055l.jpg
736,Jingai Karte: Youkoso Gensou Byouin e,,人外カルテ ～ようこそ幻想病院へ～,Manga,45,,2026,https://cdn.myanimelist.net/images/manga/1/348678l.jpg
736,Jinrou to Elf,,人狼とエルフ,Manga,45,,2026,https://cdn.myanimelist.net/images/manga/2/348683l.jpg
736,Party Tsuihou sareta TS Succubus-san wa Fukushuu ni Shippai suru,,パーティ追放されたTSサキュバスさんは復讐に失敗する,Doujinshi,45,,2026,https://cdn.myanimelist.net/images/manga/3/343668l.jpg
736,Rat Collective,,ラットコレクティブ,Manga,45,,2026,https://cdn.myanimelist.net/images/manga/3/348635l.jpg
736,Uchuujin to Deau Mae ni Yomu Hon,,宇宙人と出会う前に読む本,Manga,45,,2026,https://cdn.myanimelist.net/images/manga/2/349907l.jpg
741,A Pervert Who Only Picks Perverts,,변태들만 골라 먹는 변태,Manhwa,44,,2026,https://cdn.myanimelist.net/images/manga/1/345162l.jpg
741,First Love Makeover Log,,첫사랑 개조일지,Manhwa,44,,2026,https://cdn.myanimelist.net/images/manga/3/348343l.jpg
741,"Konya, Aether de Machiawase",,今夜、エーテルで待ちあわせ,Manga,44,,2026,https://cdn.myanimelist.net/images/manga/2/349823l.jpg
741,"Kore wa ""Suki"" ja Arimasen",,これは「好き」じゃありません,Manga,44,,2026,https://cdn.myanimelist.net/images/manga/3/345980l.jpg
741,Natori to Shizuha,,なとりとしずは,Manga,44,,2026,https://cdn.myanimelist.net/images/manga/3/345754l.jpg
741,Sukebe Gal no Cosplayer to Off-Pako shiteru Hanashi,,スケベギャルのコスプレイヤーとオフパコしてる話,Doujinshi,44,,2026,https://cdn.myanimelist.net/images/manga/1/345856l.jpg
741,Tsunami Warning,,해일주의보,Manhwa,44,,2026,https://cdn.myanimelist.net/images/manga/2/349558l.jpg
741,Usapyon,,うさぴょん,Manga,44,,2026,https://cdn.myanimelist.net/images/manga/3/341763l.jpg
741,Vita Sexualis,,ヰタ・セクスアリス,Manga,44,,2026,https://cdn.myanimelist.net/images/manga/2/342040l.jpg
741,Wanderlust,,ワンダラスト,Manga,44,,2026,https://cdn.myanimelist.net/images/manga/2/349072l.jpg
751,A Proper Lady's Guide to Raising Villains,A Proper Lady's Guide to Raising Villains,K-유교 어린이가 악당 가족을 구함,Manhwa,43,,2026,https://cdn.myanimelist.net/images/manga/3/349432l.jpg
751,"Nazo no Shokugyou ""Bonyuu Tamer"" tte nan desu ka!?","What Is This Mysterious Profession Called ""Breast Milk Tamer""!?",謎の職業【母乳テイマー】ってなんですか!?,Manga,43,,2026,https://cdn.myanimelist.net/images/manga/2/347233l.jpg
751,Tainou Bitch Hensai Keikaku,,滞納ビッチ返済計画,One-shot,43,,2026,https://cdn.myanimelist.net/images/manga/3/348618l.jpg
751,Tensei Bonjin no Eiyuu Sakusei Kyoushitsu,,転生凡人の英雄作成教室,Manga,43,,2026,https://cdn.myanimelist.net/images/manga/1/349272l.jpg
751,"Utsu Tenkai Daisuki Shujinkou VS Yasashii Sekai: Tenseisaki ga Heiwa Sugiru node, Shikou no Zetsubou wo Motomete Tabi ni Demasu",The Hero who Likes Depressive Development Story VS a Kind World,鬱展開大好き主人公VS優しい世界 転生先が平和すぎるので、至高の絶望を求めて旅に出ます,Manga,43,,2026,https://cdn.myanimelist.net/images/manga/1/349876l.jpg
756,Horror RPG Maker Survival Story,,공포 쯔꾸르 생존기,Manhwa,42,,2026,https://cdn.myanimelist.net/images/manga/2/349484l.jpg
756,Kishimojin,,キシモジン,Manga,42,,2026,https://cdn.myanimelist.net/images/manga/2/344774l.jpg
756,Konya wa Yosuzume no Yatai de,Tonight at the Mystia's Yatai,今夜は夜雀の屋台で,Manga,42,,2026,https://cdn.myanimelist.net/images/manga/3/347970l.jpg
756,Koroshiya no Eigyoujutsu,A Hitman's Sales Techniques,殺し屋の営業術,Manga,42,,2026,https://cdn.myanimelist.net/images/manga/1/349908l.jpg
756,Let's Make Saving a Habit,Let's Make Saving a Habit,세이브를 생활화합시다,Manhwa,42,,2026,https://cdn.myanimelist.net/images/manga/1/349607l.jpg
756,My Husband Never Dies,My Husband Never Dies,남편이 도무지 죽지 않는다,Manhwa,42,,2026,https://cdn.myanimelist.net/images/manga/1/347455l.jpg
756,Winterbound,Winterbound,동연,Manhwa,42,,2026,https://cdn.myanimelist.net/images/manga/3/346371l.jpg
763,Heavenly Demon Apocalypse,,천마 아포칼립스,Manhwa,41,,2026,https://cdn.myanimelist.net/images/manga/3/349673l.jpg
763,"Saihate no Tou, Iyahate no Shoujo-tachi",,さいはての塔、いやはての少女たち,Manga,41,,2026,https://cdn.myanimelist.net/images/manga/3/349009l.jpg
763,Vista Da Gigantessa,,ビスタ・ダ・ギガンテッサ,Manga,41,,2026,https://cdn.myanimelist.net/images/manga/3/346752l.jpg
766,Ank: A Mirroring Ape,,Ank: a mirroring ape,Manga,40,,2026,https://cdn.myanimelist.net/images/manga/3/345462l.jpg
766,Corporate Punch,Corporate Punch,상사폭행,Manhwa,40,,2026,https://cdn.myanimelist.net/images/manga/1/346904l.jpg
766,Kuso Baito Kanade,,クソバイトカナデ,Manga,40,,2026,https://cdn.myanimelist.net/images/manga/1/350185l.jpg
766,Motto! Tenmaku no Jaadugar Kakioroshi Manga,,もっと!天幕のジャードゥーガル 描き下ろし漫画,One-shot,40,,2026,https://cdn.myanimelist.net/images/manga/3/349305l.jpg
766,Nyoyunyoma: Nyotaika Yuusha to Nyotaika Maou,,にょゆにょま 女体化勇者と女体化魔王,Manga,40,,2026,https://cdn.myanimelist.net/images/manga/3/349482l.jpg
766,Playmate 19,,플레이메이트19,Manhwa,40,,2026,https://cdn.myanimelist.net/images/manga/2/345842l.jpg
766,Tekikoku de Reiguu sareta Oujo-sama wa Otto no Ai ni Kizukanai,,敵国で冷遇された皇女様は夫の愛に気づかない,Manga,40,,2026,https://cdn.myanimelist.net/images/manga/1/343259l.jpg
773,Fake Wife,Fake Wife,페이크 와이프,Manhwa,39,,2026,https://cdn.myanimelist.net/images/manga/1/345563l.jpg
773,Shuuchaku Yandere ni Aisaresugite: Isekai Renai Anthology Comic,,執着ヤンデレに愛されすぎて 異世界恋愛アンソロジーコミック,Manga,39,,2026,https://cdn.myanimelist.net/images/manga/1/346301l.jpg
773,The Milky Way,The Milky Way,방문 판매 왔습니다!,Manhwa,39,,2026,https://cdn.myanimelist.net/images/manga/2/348839l.jpg
776,Gyakusatsu Kigen,,逆殺起源,Manga,38,,2026,https://cdn.myanimelist.net/images/manga/1/345541l.jpg
776,Hate Girl,Hate Girl,헤이트걸,Manhwa,38,,2026,https://cdn.myanimelist.net/images/manga/3/350041l.jpg
776,"Love Simulator, Love Stimulator","Love Simulator, Love Stimulator",B급 연애 시뮬레이션 게임,Manhwa,38,,2026,https://cdn.myanimelist.net/images/manga/1/348245l.jpg
776,Rabbit Chaser,,ラビットチェイサー,Manga,38,,2026,https://cdn.myanimelist.net/images/manga/2/349724l.jpg
776,Sawaranaide Sawara-san!,,さわらないで佐原さん!,One-shot,38,,2026,https://cdn.myanimelist.net/images/manga/2/348876l.jpg
776,The Nerd Next Door Turned Out to Be the Magic Tower Master,,옆집 너드가 마탑주라니요,Manhwa,38,,2026,https://cdn.myanimelist.net/images/manga/2/349737l.jpg
776,Tsun na Kanojo no Futomomo Jijou,,ツンな彼女の太もも事情,One-shot,38,,2026,https://cdn.myanimelist.net/images/manga/2/349296l.jpg
783,A World of Stigma,A World of Stigma,낙인의 세계,Manhwa,37,,2026,https://cdn.myanimelist.net/images/manga/3/349430l.jpg
783,"Demon King, Age 18","Demon King, Age 18",마왕18세,Manhwa,37,,2026,https://cdn.myanimelist.net/images/manga/1/349437l.jpg
783,Heikou Sekai no Jibun ga Konomi no Bishoujo de Kuse mo Onaji datta node Koishiteshimatta,,並行世界の自分が好みの美少女で癖も同じだったので恋してしまった,Light Novel,37,,2026,https://cdn.myanimelist.net/images/manga/3/349747l.jpg
783,"Keiyaku shite yo, Sumi-senpai",,契約してよ、澄先輩,Manga,37,,2026,https://cdn.myanimelist.net/images/manga/3/344225l.jpg
783,Mashiro-kun,,ましろくん,Manga,37,,2026,https://cdn.myanimelist.net/images/manga/1/347373l.jpg
783,PAX: Kokumin Koufuku Kanrikyoku,,PAX 国民幸福管理局,Manga,37,,2026,https://cdn.myanimelist.net/images/manga/2/347971l.jpg
783,Taming Dad's Friend,,아빠 친구 길들이기,Manhwa,37,,2026,https://cdn.myanimelist.net/images/manga/1/347982l.jpg
783,This Punk Wants Love,This Punk Wants Love,"양아치, 순애합니다",Manhwa,37,,2026,https://cdn.myanimelist.net/images/manga/2/349600l.jpg
783,"Watakushi, Makemasen node. Seiryaku Kekkon wa Reijou no Tashinami",,わたくし、負けませんので。 政略結婚は令嬢のたしなみ,Manga,37,,2026,https://cdn.myanimelist.net/images/manga/1/350145l.jpg
792,5-fun no Ace,Five Minutes Ace,5分のエース,Manga,36,,2026,https://cdn.myanimelist.net/images/manga/2/349971l.jpg
792,"Chou Henkyou no Ryoushu Arrow no Seikatsu: Nureginu wo Kiserare Tsuihou saremashita ga, Futari no Megami to Shinseikatsu wo Okurimasu",,超辺境の領主アローの生活 ～濡れ衣を着せられ追放されましたが、二人の女神と新生活を送ります～,Manga,36,,2026,https://cdn.myanimelist.net/images/manga/1/346606l.jpg
792,Clover Days,,클로버 데이즈,Manhwa,36,,2026,https://cdn.myanimelist.net/images/manga/3/348485l.jpg
792,Tokophobia,,トコフォビア,One-shot,36,,2026,https://cdn.myanimelist.net/images/manga/1/342156l.jpg
796,Aqua Puella: Shikinomori Koukou Suiei-bu,,アクアプエラ-四季ノ森高校水泳部-,Manga,35,,2026,https://cdn.myanimelist.net/images/manga/1/349333l.jpg
796,Fire Emblem: Banshisenkou,Fire Emblem: Fortune's Weave,ファイアーエムブレム 万紫千紅,Manga,35,,2026,https://cdn.myanimelist.net/images/manga/2/349948l.jpg
796,"Futago no Ouji ni Futago de Konyaku shita kedo ""Ja Nai Hou"" dakara Yami Mahou wo Kiwameru",,双子の王子に双子で婚約したけど「じゃない方」だから闇魔法を極める,Manga,35,,2026,https://cdn.myanimelist.net/images/manga/2/343532l.jpg
796,Hakusen ni Tenten,,白線に展転,Manga,35,,2026,https://cdn.myanimelist.net/images/manga/2/350108l.jpg
796,I'm Watching You,,アイム・ウォッチング・ユー,Manga,35,,2026,https://cdn.myanimelist.net/images/manga/3/347339l.jpg
796,"Katabutsu Onna Joushi to Haken-kun, Genkai Shachiku no Futari wa Sex ga Shitai!",,堅物女上司と派遣くん、限界社畜の二人はセックスがしたい!,Doujinshi,35,,2026,https://cdn.myanimelist.net/images/manga/1/345290l.jpg
796,Musuko no Kanojo,,息子の彼女,Manga,35,,2026,https://cdn.myanimelist.net/images/manga/1/347028l.jpg
796,The Boss Is in Heat,,보스가 발정남,Manhwa,35,,2026,https://cdn.myanimelist.net/images/manga/1/346211l.jpg
796,The Seventh Client,The Seventh Client,일곱 번째 의뢰인,Manhwa,35,,2026,https://cdn.myanimelist.net/images/manga/1/348128l.jpg
796,Zenzen Kawaikunai,,ぜんぜんかわいくない,One-shot,35,,2026,https://cdn.myanimelist.net/images/manga/1/340762l.jpg
806,Between Your Reply and Mine,Between Your Reply and Mine,당신과 나의 답장 사이,Manhwa,34,,2026,https://cdn.myanimelist.net/images/manga/2/348527l.jpg
806,Call Me Frankenstein,,コール・ミー・フランケンシュタイン,Manga,34,,2026,https://cdn.myanimelist.net/images/manga/2/346889l.jpg
806,Even Madness Strikes Thrice,Even Madness Strikes Thrice,미친 짓도 삼세번,Manhwa,34,,2026,https://cdn.myanimelist.net/images/manga/3/349434l.jpg
806,Isekai Dekasegi: Nenshuu Icchouen wo Mochikaeru Kantan na Oshigoto,,異世界出稼ぎ～年収一兆円を持ち帰る簡単なお仕事,Manga,34,,2026,https://cdn.myanimelist.net/images/manga/2/347772l.jpg
806,Suspicious Tutoring,,수상한 과외,Manhwa,34,,2026,https://cdn.myanimelist.net/images/manga/1/346744l.jpg
806,"Tasokare, Kagerou.",,誰そ彼、陽炎。,Manga,34,,2026,https://cdn.myanimelist.net/images/manga/2/346647l.jpg
806,The Grand Duke Has Awakened in a Strange Place,,대공님이 이상한 데에 눈을 떴습니다,Manhwa,34,,2026,https://cdn.myanimelist.net/images/manga/3/349570l.jpg
806,TsunLise: Tsundere Akuyaku Reijou Liselotte to Jikkyou no Endou-kun to Kaisetsu no Kobayashi-san,,ツンリゼ ～ツンデレ悪役令嬢リーゼロッテと実況の遠藤くんと解説の小林さん～,Manga,34,,2026,https://cdn.myanimelist.net/images/manga/3/348023l.jpg
806,Watashi no Tenshi na Musume,,私の天使な娘,Doujinshi,34,,2026,https://cdn.myanimelist.net/images/manga/2/349940l.jpg
806,Yotta Hana ni wa Ura ga Aru,,酔った華にはウラがある,Manga,34,,2026,https://cdn.myanimelist.net/images/manga/2/340347l.jpg
816,Dancer on the Court,Dancer on the Court,댄서,Manhwa,33,,2026,https://cdn.myanimelist.net/images/manga/2/348694l.jpg
816,Double X Date,Double X Date,더블 데이팅,Manhwa,33,,2026,https://cdn.myanimelist.net/images/manga/2/350001l.jpg
816,Josei Nigate na Around 30 Mob Shakaijin no Ore ni Ikemen Sugiru Kanojo ga Dekimashita,My Girlfriend's So Much Cooler Than I Am,女性苦手なアラサーモブ社会人の俺にイケメンすぎる彼女ができました,Manga,33,,2026,https://cdn.myanimelist.net/images/manga/2/344117l.jpg
816,"Kyou, Oneesan to Ecchi shinai? Yuri Anthology",,今日、お姉さんとエッチしない? 百合アンソロジー,Manga,33,,2026,https://cdn.myanimelist.net/images/manga/2/348210l.jpg
816,Nokoriga ni Kiba,,残り香に牙,One-shot,33,,2026,https://cdn.myanimelist.net/images/manga/2/348177l.jpg
816,Tensei Inma-ou no Harem Ikusei,,転生淫魔王のハーレム育成,Manga,33,,2026,https://cdn.myanimelist.net/images/manga/3/347688l.jpg
816,The Beast of Alvard Manor,The Beast of Alvard Manor,알바르드 저택의 짐승,Manhwa,33,,2026,https://cdn.myanimelist.net/images/manga/1/346859l.jpg
816,Tsuihou sareta Boukensha-tachi wa xxx na Dungeon de Nariagaru!,,追放された冒険者たちは×××なダンジョンでなりあがる!,Manga,33,,2026,https://cdn.myanimelist.net/images/manga/2/344662l.jpg
816,You Are at the End of the Downfall,,몰락 끝에 네가 있다,Manhwa,33,,2026,https://cdn.myanimelist.net/images/manga/3/349027l.jpg
816,Zettai ni Me wo Awasete Kurenai Kokona-san: Oshiego wa Menesujou,My Masseuse Won’t Look Me in the Eyes,絶対に目をあわせてくれない心々那さん～教え子はメンエス嬢～,Doujinshi,33,,2026,https://cdn.myanimelist.net/images/manga/2/348157l.jpg
826,Brother for Hire,Brother for Hire,렌탈 형제 서비스,Manhwa,32,,2026,https://cdn.myanimelist.net/images/manga/3/349428l.jpg
826,Chikage-kun no Tenohira no Ue.,,千景くんのてのひらの上。,Manga,32,,2026,https://cdn.myanimelist.net/images/manga/3/347150l.jpg
826,"Hitobito wo Kage nagara Sukutteiru Eiyuu, Jitsu wa Koushakuke no Kuzu Musuko. To Iu no wo Shuui wa Shitteiru",,人々を陰ながら救っている英雄、実は公爵家のクズ息子。というのを周囲は知っている,Manga,32,,2026,https://cdn.myanimelist.net/images/manga/1/345688l.jpg
826,Inazuma Eleven Cross,,イナズマイレブン クロス,One-shot,32,,2026,https://cdn.myanimelist.net/images/manga/3/345738l.jpg
826,"Itadakimasu, Yoake made. Nemurenai Shousetsuka to Suenai Kyuuketsuki",,いただきます、夜明けまで。～眠れない小説家と吸えない吸血鬼～,Manga,32,,2026,https://cdn.myanimelist.net/images/manga/1/347135l.jpg
826,Neko Neko,,ネコネコ,One-shot,32,,2026,https://cdn.myanimelist.net/images/manga/1/342375l.jpg
826,Shiranai Sekai de Rippa na ♀ Dragon toshite Ikimasu!,,しらない世界でりっぱな♀ドラゴンとして生きます！,Manga,32,,2026,https://cdn.myanimelist.net/images/manga/2/348101l.jpg
826,"Under the Broken Air Conditioner, XX",,고장난 에어컨 아래 XX,Manhwa,32,,2026,https://cdn.myanimelist.net/images/manga/2/348500l.jpg
826,Watashi wa Healer wo Yameta,I Quit Being a Healer,私はヒーラーをやめた,One-shot,32,,2026,https://cdn.myanimelist.net/images/manga/1/347056l.jpg
826,Yonezawa-san wa Ore dake no Bitch,,米澤さんは俺だけのビッチ,One-shot,32,,2026,https://cdn.myanimelist.net/images/manga/3/345161l.jpg
836,Blue Gray,,ブルー・グレー,One-shot,31,,2026,https://cdn.myanimelist.net/images/manga/2/342412l.jpg
836,Kiji to Inasa,Kiji & Inasa,キジとイナサ,Manga,31,,2026,https://cdn.myanimelist.net/images/manga/1/343039l.jpg
836,Taieki Mahou Kishi wa Henkyou de Yadoya wo Eigyouchuu,A Retired Magic Knight Is Opening an Inn.,退役魔法騎士は辺境で宿屋を営業中,Manga,31,,2026,https://cdn.myanimelist.net/images/manga/1/349532l.jpg
836,Yoru to Inu,,よるといぬ,Manga,31,,2026,https://cdn.myanimelist.net/images/manga/3/349159l.jpg
840,Apocalyptic Weapon,,종말병기,Manhwa,30,,2026,https://cdn.myanimelist.net/images/manga/1/341828l.jpg
840,Bad Beat,Bad Beat,Bad beat (베드 빗),Manhwa,30,,2026,https://cdn.myanimelist.net/images/manga/2/346373l.jpg
840,Bubbling Up!,Bubbling Up!,윈썸 오란다,Manhwa,30,,2026,https://cdn.myanimelist.net/images/manga/1/349426l.jpg
840,Killer Sitter,,キラーシッター,Manga,30,,2026,https://cdn.myanimelist.net/images/manga/1/350111l.jpg
840,My Story on My Stepsister's Secret Account,,여동생의 뒷계정에 내 얘기가,Manhwa,30,,2026,https://cdn.myanimelist.net/images/manga/1/346310l.jpg
840,Nariagari Eiyuu no Mujintou Kitan: Skill Up to Bannou Appli de Bishoujo-tachi to Kaiteki Survival,,成り上がり英雄の無人島奇譚 ～スキルアップと万能アプリで美少女たちと快適サバイバル～,Manga,30,,2026,https://cdn.myanimelist.net/images/manga/2/347377l.jpg
840,"On My Birthday, Five Husbands Appeared",,생일날 남편 다섯이 나타났다,Manhwa,30,,2026,https://cdn.myanimelist.net/images/manga/2/348466l.jpg
847,100 Days of Nahong,,백일의 나홍이,Manhwa,29,,2026,https://cdn.myanimelist.net/images/manga/3/347850l.jpg
847,Baki Gaiden: Shin Chiharu,,バキ外伝 真・チハル,Manga,29,,2026,https://cdn.myanimelist.net/images/manga/3/348699l.jpg
847,I Left My Body,,유체를 이탈하였습니다,Manhwa,29,,2026,https://cdn.myanimelist.net/images/manga/2/347879l.jpg
847,Odaroku,,オダロク,Manga,29,,2026,https://cdn.myanimelist.net/images/manga/2/349726l.jpg
847,Ooedo Ukiyoe Kisou Tengai,,大江戸浮世絵奇想天外,Manga,29,,2026,https://cdn.myanimelist.net/images/manga/2/342611l.jpg
847,The Stray Dogs War,,들개전쟁,Manhwa,29,,2026,https://cdn.myanimelist.net/images/manga/1/341827l.jpg
847,"Tonari no Heya no Onna Kishi wa, Isekaijin de Nomitomodachi",,隣の部屋の女騎士は、異世界人で飲み友達,Manga,29,,2026,https://cdn.myanimelist.net/images/manga/1/348642l.jpg
854,A Druid's Healing Days,A Druid's Healing Days,드블리와 힐링합니다.,Manhwa,28,,2026,https://cdn.myanimelist.net/images/manga/1/350238l.jpg
854,A Romance Beyond Boundaries,,선 넘는 로맨스,Manhwa,28,,2026,https://cdn.myanimelist.net/images/manga/3/339809l.jpg
854,"Boku wa Mada Sono ""Kanjou"" wo Shiranai",I Still Don't Know That Feeling,僕はまだその“感情”を知らない,Manga,28,,2026,https://cdn.myanimelist.net/images/manga/1/345760l.jpg
854,Dear My Sweet Bastard,Dear My Sweet Bastard,나의 다정한 무뢰한에게,Manhwa,28,,2026,https://cdn.myanimelist.net/images/manga/1/349440l.jpg
854,Eru-sensei to Henshuu-kun,,える先生と編集くん,Manga,28,,2026,https://cdn.myanimelist.net/images/manga/2/344284l.jpg
854,Imawa no Kiwa no Femme Fatale,,今際の際のファムファタール,Manga,28,,2026,https://cdn.myanimelist.net/images/manga/3/347450l.jpg
854,Isekai Meikyuu no Maigo-chan,Maigo-chan in the Other World Dungeon,異世界迷宮の迷子ちゃん,Manga,28,,2026,https://cdn.myanimelist.net/images/manga/2/345810l.jpg
854,Juri to Elena no Mori no Soudansho: Fuyo no Chikara de Anata no Mirai wo Omori shimasu,,ジュリとエレナの森の相談所～付与の力であなたの未来をお守りします!～,Manga,28,,2026,https://cdn.myanimelist.net/images/manga/3/348603l.jpg
854,Kininaru Ano Ko wa Gekiomo Kanjou na Otokonoko deshita,,気になるあの子は激重感情なおとこのこでした,Manga,28,,2026,https://cdn.myanimelist.net/images/manga/1/347781l.jpg
854,Mahiru to Bara no Mahouron,Mahiru and Rose's Magical Theory,まひると薔薇の魔法論,Manga,28,,2026,https://cdn.myanimelist.net/images/manga/3/349109l.jpg
854,Mechakucha Tsuihou sareru Hanashi,,めちゃくちゃ追放される話,Manga,28,,2026,https://cdn.myanimelist.net/images/manga/2/350077l.jpg
854,Pen no Yume ni Aka wo Sasu,,ペンの夢に紅〈あか〉をさす,Manga,28,,2026,https://cdn.myanimelist.net/images/manga/3/345556l.jpg
854,Puppet,,PUPPET,One-shot,28,,2026,https://cdn.myanimelist.net/images/manga/3/345672l.jpg
854,Raikou Kaii no Oto ga Suru: Yokohama Gairai Ayakashi Taisakukyoku,,来航怪異の音がする ～横濱外来妖対策局～,One-shot,28,,2026,https://cdn.myanimelist.net/images/manga/2/345839l.jpg
854,Sengoku Joshikousei: Ryuu to Tora - Himegoto-hen,,戦国女子高生 龍と虎 秘め事編,Manga,28,,2026,https://cdn.myanimelist.net/images/manga/2/345791l.jpg
854,Shirogane Shiro no Shitsukekata,,白銀シロのしつけかた,Manga,28,,2026,https://cdn.myanimelist.net/images/manga/3/348024l.jpg
854,The Last Terran,The Last Terran,THE LAST TERRAN,Manga,28,,2026,https://cdn.myanimelist.net/images/manga/1/349112l.jpg
854,Too Much to Call Us Friends,,친구라고 하기에는,Manhwa,28,,2026,https://cdn.myanimelist.net/images/manga/3/346665l.jpg
854,Transgression,Transgression,파륜(破倫),Manhwa,28,,2026,https://cdn.myanimelist.net/images/manga/3/346232l.jpg
854,Wordless,,WORDLESS,One-shot,28,,2026,https://cdn.myanimelist.net/images/manga/3/348561l.jpg
874,"Class Teni de Kyoten Mahou wo Te ni Iretara, Harem Kyoudou Seikatsu ga Hajimarimashita: Zekkai no Kotou de Survival ga Hajimatta kedo, Ore dake ga Joshi ga Issho ni Tanoshiku Kaiteki ni Seikatsu Dekiru Rashii",,クラス転移で拠点魔法を手に入れたら、ハーレム共同生活が始まりました ～絶海の孤島でサバイバルが始まったけど、俺だけが女子と一緒に楽しく快適に生活できるらしい～,Manga,27,,2026,https://cdn.myanimelist.net/images/manga/2/347367l.jpg
874,Good Night Neighbor,Good Night Neighbor,음침한 옆집 색기,Manhwa,27,,2026,https://cdn.myanimelist.net/images/manga/1/348529l.jpg
874,I Will Remarry the Husband I Murdered,I Will Remarry the Husband I Murdered,내가 죽인 전남편과 재혼하겠습니다,Manhwa,27,,2026,https://cdn.myanimelist.net/images/manga/3/349606l.jpg
874,Janome-san wa Jashin desu,,邪目さんは邪神です,Manga,27,,2026,https://cdn.myanimelist.net/images/manga/3/341075l.jpg
874,Kuro no Sekai wa Hakuboku ni Somaru,The Black World Is Dyed in White Chalk,黒の世界は白墨に染まる,Manga,27,,2026,https://cdn.myanimelist.net/images/manga/1/347740l.jpg
874,Kyoushoku,,教喰,Manga,27,,2026,https://cdn.myanimelist.net/images/manga/1/341119l.jpg
874,Mahouka Koukou no Rettousei: Dakkan-hen,,魔法科高校の劣等生 奪還編,Manga,27,,2026,https://cdn.myanimelist.net/images/manga/1/348973l.jpg
874,Plaga es Plaga,,プラガ エス プラガ,Manga,27,,2026,https://cdn.myanimelist.net/images/manga/2/348898l.jpg
874,Protocol Ryugu,Protocol Ryugu,プロトコル・リュウグウ,Manga,27,,2026,https://cdn.myanimelist.net/images/manga/3/347392l.jpg
874,Sex! Sports,,섹!스포츠,Manhwa,27,,2026,https://cdn.myanimelist.net/images/manga/3/346396l.jpg
874,Suima-chan wa Nekashitsuketai,,睡魔ちゃんは寝かしつけたい,Manga,27,,2026,https://cdn.myanimelist.net/images/manga/2/347416l.jpg
874,Synesthesia,,シナスタジア,Manga,27,,2026,https://cdn.myanimelist.net/images/manga/1/349052l.jpg
874,Tensei shita Saki wa Jigoku deshita: Sanbyakunen Tsuzuku Henkyouhaku-ke no Bouei Sensen,Reborn Into Hell.,転生した先は地獄でした――三百年続く辺境伯家の防衛戦線,Manga,27,,2026,https://cdn.myanimelist.net/images/manga/1/349370l.jpg
874,Tyrant Husband,,폭군 남편,Manhwa,27,,2026,https://cdn.myanimelist.net/images/manga/2/345260l.jpg
874,While the World Sleeps,While the World Sleeps,잠든세상,Manhwa,27,,2026,https://cdn.myanimelist.net/images/manga/1/346311l.jpg
889,Biyou Skill de Class no Onnanoko wo Kawaiku Shitai,,美容スキルでクラスの女の子を可愛くしたい,Manga,26,,2026,https://cdn.myanimelist.net/images/manga/2/350346l.jpg
889,"Datte, Watashi wa Freedom! Makoushi Fey, Kodai Bunmei ni Idomimasu",,だって、私はフリーダム! 魔工士フェイ、古代文明に挑みます,Manga,26,,2026,https://cdn.myanimelist.net/images/manga/3/348615l.jpg
889,Garden Plot,,주말 농장,Manhwa,26,,2026,https://cdn.myanimelist.net/images/manga/3/347352l.jpg
889,I Don't Want to Be a Guy!,,남자가 되기 싫어,Manhwa,26,,2026,https://cdn.myanimelist.net/images/manga/3/347956l.jpg
889,Kouhai-chan wa Yarisugiru,,後輩ちゃんはやりすぎる,Manga,26,,2026,https://cdn.myanimelist.net/images/manga/3/347768l.jpg
889,Mahouka Koukou no Rettousei: Tsuiseki-hen,,魔法科高校の劣等生 追跡編,Manga,26,,2026,https://cdn.myanimelist.net/images/manga/1/348971l.jpg
889,Nayotake Kaguya no Himegoto,,なよ竹かぐやのひめごと,Doujinshi,26,,2026,https://cdn.myanimelist.net/images/manga/3/349289l.jpg
889,Osananajimi no Musume,,おさななじみのむすめ,Doujinshi,26,,2026,https://cdn.myanimelist.net/images/manga/3/348481l.jpg
889,Our Temperature!,,우리온도!,Manhwa,26,,2026,https://cdn.myanimelist.net/images/manga/1/341312l.jpg
889,P.E. Teacher Kim Eggman,,체육교사 김계란,Manhwa,26,,2026,https://cdn.myanimelist.net/images/manga/2/345295l.jpg
889,Saihate no Michika,,さいはての実千果,One-shot,26,,2026,https://cdn.myanimelist.net/images/manga/2/349092l.jpg
889,The Accidental Legend,The Accidental Legend,하수전설,Manhwa,26,,2026,https://cdn.myanimelist.net/images/manga/2/349604l.jpg
889,The Unrequited Love Club,,짝사랑 과몰입 동아리,Manhwa,26,,2026,https://cdn.myanimelist.net/images/manga/2/349674l.jpg
889,Yuusha Rakusen Yarou wa Daiakuou e,,勇者落選野郎は大悪王へ,Manga,26,,2026,https://cdn.myanimelist.net/images/manga/1/349920l.jpg
903,Astrea Record: Dungeon ni Deai wo Motomeru no wa Machigatteiru Darou ka - Eiyuutan,,アストレア・レコード ダンジョンに出会いを求めるのは間違っているだろうか 英雄譚,Manga,25,,2026,https://cdn.myanimelist.net/images/manga/1/347067l.jpg
903,Cardfight!! Vanguard Divinez: Genma Kakusei-hen,,カードファイト!! ヴァンガード Divinez 幻真覚醒編,Manga,25,,2026,https://cdn.myanimelist.net/images/manga/3/344931l.jpg
903,Emergency Flirting,,응급 플러팅,Manhwa,25,,2026,https://cdn.myanimelist.net/images/manga/3/344952l.jpg
903,Enma-chan no Result,Enma's Result,閻魔ちゃんのリザルト,Manga,25,,2026,https://cdn.myanimelist.net/images/manga/2/347449l.jpg
903,Galgical Nina,,ギャルジカル・ニーナ,Manga,25,,2026,https://cdn.myanimelist.net/images/manga/2/347085l.jpg
903,Gunyuu wo Tsuzuru,,群雄を綴る,Manga,25,,2026,https://cdn.myanimelist.net/images/manga/2/347975l.jpg
903,I Take Back Saying My Ex Is Boring,,전남친이 재미없다는 건 취소입니다,Manhwa,25,,2026,https://cdn.myanimelist.net/images/manga/1/348320l.jpg
903,Maso Chiryou Android kara Nigerarenai: Junbi-gou,,マゾ治療アンドロイドから逃げられない 準備号,Doujinshi,25,,2026,https://cdn.myanimelist.net/images/manga/2/349946l.jpg
903,Pray to the Stars,,별에개 빌어,Manhwa,25,,2026,https://cdn.myanimelist.net/images/manga/3/346233l.jpg
903,"Re:Isekai de Saikyou no Skill wo Umidaseta node, Hitasura Musou suru Koto ni Shimashita. Ore dake ga Status wo Katte ni Sousa",,Re:異世界で最強のスキルを生み出せたので、ひたすら無双することにしました。～俺だけがステータスを勝手に操作～,Manga,25,,2026,https://cdn.myanimelist.net/images/manga/1/348880l.jpg
903,Rival Arrival,,ライバルアライバル,Manga,25,,2026,https://cdn.myanimelist.net/images/manga/3/345928l.jpg
903,Senior Brother Lee Hoe,,대사형 이회,Manhwa,25,,2026,https://cdn.myanimelist.net/images/manga/3/349738l.jpg
903,Shinmai Majo no Isekai Okiraku Tabi: Isekai ni Ochita Moto Around 40 Shachiku wa Majo no Deshi wo Nanori Daini no Jinsei wo Ouka suru,A Rookie Witch's Easygoing Journey Through Another World: A Former Corporate Slave Falls into Another World and Starts Her Best Second Life as a Witch's Apprentice,新米魔女の異世界お気楽旅 ～異世界に落ちた元アラフォー社畜は魔女の弟子を名乗り第二の人生を謳歌する～,Manga,25,,2026,https://cdn.myanimelist.net/images/manga/2/347394l.jpg
903,Shokuba no Gal ga Dosukebe Succubus Dattan dakedo?!,,職場のギャルがドスケベサキュバスだったんだけど?!,Doujinshi,25,,2026,https://cdn.myanimelist.net/images/manga/3/350039l.jpg
903,Sukidarake no Kimi wa,,スキだらけのキミは,Doujinshi,25,,2026,https://cdn.myanimelist.net/images/manga/3/349402l.jpg
903,This Childhood Friend Is Ruined,,이 소꿉친구는 망했다,Manhwa,25,,2026,https://cdn.myanimelist.net/images/manga/1/346355l.jpg
903,Watashi no Seito,,私の生徒,One-shot,25,,2026,https://cdn.myanimelist.net/images/manga/3/340764l.jpg
920,Ai ga Iru nara Kimi de Ii,,愛がいるならキミでいい,Manga,24,,2026,https://cdn.myanimelist.net/images/manga/3/345639l.jpg
920,Bitter Candy,,비터 캔디,Manhwa,24,,2026,https://cdn.myanimelist.net/images/manga/1/346203l.jpg
920,Black Roudou Mahou Shoujo,,ブラック労働魔法少女,Manga,24,,2026,https://cdn.myanimelist.net/images/manga/2/344462l.jpg
920,Dinomax,,ダイナマックス,Manga,24,,2026,https://cdn.myanimelist.net/images/manga/2/349965l.jpg
920,Haru wa Kumo no Ue,,春は雲の上,Manga,24,,2026,https://cdn.myanimelist.net/images/manga/2/349118l.jpg
920,Ichigun Gal no Watashi ga Saenai Tannin Kyoushi no Tokunou Nakadashi Wakarase H de Mesu ni Naru.,,一軍ギャルの私が冴えない担任教師の特濃中出しわからせHで雌になる。,Doujinshi,24,,2026,https://cdn.myanimelist.net/images/manga/3/349126l.jpg
920,Mama (Fenrir) no Kitai wa Omosugiru!,My Mother (Fenrir)'s Expectations Are Too Heavy!,ママ（フェンリル）の期待は重すぎる!,Manga,24,,2026,https://cdn.myanimelist.net/images/manga/1/347533l.jpg
920,Muttsuri Onna Yuusha wa Goblin ni xx saretai: Tensei Otoko no Skill Katsuyou Goblin Life,,むっつり女勇者はゴブリンに××されたい～転生男のスキル活用ゴブリンライフ～,Manga,24,,2026,https://cdn.myanimelist.net/images/manga/1/346890l.jpg
920,"Nami yori mo Odayaka de, Hoshi yori mo Aoku","Calmer Than the Waves, Bluer Than the Stars.",波よりも穏やかで、星よりも青く,Manga,24,,2026,https://cdn.myanimelist.net/images/manga/1/348171l.jpg
920,"Noroi no Sei de Yuusha Party wo Tsuihou sareta Ossan Senshi, Ryoushu ni Natte My Pace ni Henkyou Kaitaku wo Susumeteita Hazu ga Tsuyosugite Bakusoku de Ryouchi ga Hatten shiteikimasu",,呪いのせいで勇者パーティーを追放されたおっさん戦士、領主になってマイペースに辺境開拓を進めていたはずが強すぎて爆速で領地が発展していきます,Manga,24,,2026,https://cdn.myanimelist.net/images/manga/1/347431l.jpg
920,Tennis Club Shared XX,,테니스 클럽 공용 XX,Manhwa,24,,2026,https://cdn.myanimelist.net/images/manga/3/345676l.jpg
920,The Alpha That Rolled In,,굴러 들어온 알파,Manhwa,24,,2026,https://cdn.myanimelist.net/images/manga/2/348950l.jpg
920,The Star Pitcher's Secret Therapy,The Star Pitcher's Secret Therapy,먹튀범 XX 일지,Manhwa,24,,2026,https://cdn.myanimelist.net/images/manga/1/343170l.jpg
933,Datte Koi wa Tsukiyo ni Tomoru kara,"Because, Love Glow in the Moon Night.",だって恋は月夜に灯るから,Manga,23,,2026,https://cdn.myanimelist.net/images/manga/2/350336l.jpg
933,Dekai Hachi,,でかいはち,Manga,23,,2026,https://cdn.myanimelist.net/images/manga/2/348817l.jpg
933,Fight Delivery,Fight Delivery,싸움배달,Manhwa,23,,2026,https://cdn.myanimelist.net/images/manga/1/350240l.jpg
933,"Green Slime ni Tensei shita Ore wa, Norowareta Isekai wo Midori de Ippai ni Suru you desu.",,グリーンスライムに転生した俺は、呪われた異世界を緑でいっぱいにするようです。,Manga,23,,2026,https://cdn.myanimelist.net/images/manga/3/348994l.jpg
933,Himote Salaryman 40-sai no Tanjoubi ni Totsuzen Daimadoushi ni Kakusei suru: #Hanaoka Shuutarou 40-sai Dokushin Kanojo Nashi ga Sekai Trend 1-i,,非モテサラリーマン40歳の誕生日に突然大魔導士に覚醒する #花岡修太朗40歳独身彼女なしが世界トレンド1位,Manga,23,,2026,https://cdn.myanimelist.net/images/manga/3/345783l.jpg
933,"Hyodong, the Filial Piety",,효도하는 효동이,Manhwa,23,,2026,https://cdn.myanimelist.net/images/manga/1/344419l.jpg
933,Kashin ni Megumareta Tensei Kizoku no Shiawase na Nichijou,The Happy Daily Life of a Reincarnated Noble Blessed with Retainers,家臣に恵まれた転生貴族の幸せな日常,Manga,23,,2026,https://cdn.myanimelist.net/images/manga/2/347078l.jpg
933,Kinds of Blue!,,カインズオブブルー!,Manga,23,,2026,https://cdn.myanimelist.net/images/manga/3/347719l.jpg
933,Koukoku no Souheki: Kizumono no Hanayome Gaiden,,皇國の双璧 傷モノの花嫁 外伝,Manga,23,,2026,https://cdn.myanimelist.net/images/manga/3/345767l.jpg
933,Kuzu Yuusha no Sono Higurashi @comic,,クズ勇者のその日暮らし@COMIC,Manga,23,,2026,https://cdn.myanimelist.net/images/manga/3/345189l.jpg
933,Netsuzou: Chijin no Ai,Forgery of Naomi,捏造・痴人の愛,Manga,23,,2026,https://cdn.myanimelist.net/images/manga/3/348540l.jpg
933,Paradon,,パラドン,Manga,23,,2026,https://cdn.myanimelist.net/images/manga/3/347795l.jpg
933,Resurrection: Kindai Igaku no Kaijin John Hunter,The Mystery of Modern Medicine John Hunter,レザレクション-近代医学の怪人ジョン・ハンター-,Manga,23,,2026,https://cdn.myanimelist.net/images/manga/1/348496l.jpg
933,See You at the Pepper Field!,,고추밭에서 만나요!,Manhwa,23,,2026,https://cdn.myanimelist.net/images/manga/2/345082l.jpg
933,"Sekinin Totte yo, Tanaka-kun","Take Responsibility, Tanaka-kun",責任とってよ、田中くん,Manga,23,,2026,https://cdn.myanimelist.net/images/manga/1/348026l.jpg
933,Shironagasu-tou e no Kikan,Return to Shironagasu Island,シロナガス島への帰還,Manga,23,,2026,https://cdn.myanimelist.net/images/manga/2/349905l.jpg
933,Stray Bullet,,스트레이 불렛,Manhwa,23,,2026,https://cdn.myanimelist.net/images/manga/3/345681l.jpg
933,Succubus 48,,서큐버스 48수,Manhwa,23,,2026,https://cdn.myanimelist.net/images/manga/2/349849l.jpg
933,Sufficient Motivation,,그럴만한 동기,Manhwa,23,,2026,https://cdn.myanimelist.net/images/manga/3/349577l.jpg
933,Tenshi no Ashiato,,天使のあしあと,Manga,23,,2026,https://cdn.myanimelist.net/images/manga/2/348150l.jpg
933,The Timing of Falling in Love,,사랑에 빠지는 타이밍,Manhwa,23,,2026,https://cdn.myanimelist.net/images/manga/3/347851l.jpg
933,Tokai wa Okkaa-nee,,都会はおっかあねえ,One-shot,23,,2026,https://cdn.myanimelist.net/images/manga/1/340993l.jpg
933,Trapped in a Dungeon with Monsters,,마물들과 던전에 갇혔다,Manhwa,23,,2026,https://cdn.myanimelist.net/images/manga/3/349848l.jpg
933,Zettai ni Shujuu ga Gyakuten suru Yuri Ecchi Anthology,Turn the Tables Yuri H Anthology,絶対に主従が逆転する百合えっちアンソロジー,Manga,23,,2026,https://cdn.myanimelist.net/images/manga/3/349789l.jpg
957,Birdcage,,バードケージ,One-shot,22,,2026,https://cdn.myanimelist.net/images/manga/1/341604l.jpg
957,Gekijouban Mahou Shoujo Madoka☆Magica: Walpurgis no Kaiten,Puella Magi Madoka Magica the Movie - Walpurgisnacht: Rising,劇場版 魔法少女まどか☆マギカ 〈ワルプルギスの廻天〉,Manga,22,,2026,https://cdn.myanimelist.net/images/manga/3/350251l.jpg
957,Hatsukoi to Aoi Uso,,初恋と青い嘘,Manga,22,,2026,https://cdn.myanimelist.net/images/manga/1/347042l.jpg
957,Hug Me,,우리를 안아줘,Manhwa,22,,2026,https://cdn.myanimelist.net/images/manga/3/349553l.jpg
957,It's Okay to Be Out of Breath,,숨이 차도 괜찮아,Manhwa,22,,2026,https://cdn.myanimelist.net/images/manga/3/346790l.jpg
957,Kinki Reimukyoku,Kinki Spiritual Affairs Bureau,近畿霊務局,Manga,22,,2026,https://cdn.myanimelist.net/images/manga/1/344451l.jpg
957,My Crazy Boss's Dirty Proposal,My Crazy Boss's Dirty Proposal,또라이 상사의 불순한 청혼,Manhwa,22,,2026,https://cdn.myanimelist.net/images/manga/1/348530l.jpg
957,Nanami-chan yori Suki tte Itte.,,七海ちゃんより好きって言って。,Manga,22,,2026,https://cdn.myanimelist.net/images/manga/2/349399l.jpg
957,Off the Record,Off the Record,편집 불가 파트너,Manhwa,22,,2026,https://cdn.myanimelist.net/images/manga/3/350000l.jpg
957,Ookiku Nattara Kekkon suru tte Itta yo ne? Juunengoshi ni Saikai shita Muchimuchi Inkya Around 30 Onna Itoko no Neechan to no Asedaku Koubi no 7-kakan,,大きくなったら結婚するって言ったよね? ～10年越しに再会したムチムチ陰キャアラサー女従姉妹のねーちゃんとの汗だく交尾の7日間～,Doujinshi,22,,2026,https://cdn.myanimelist.net/images/manga/2/350153l.jpg
957,Oosaki-san to Komori-san R18: Fanbox Tsuzuki/Sabun,,大崎さんと小森さん R18 ファンボ続き/差分,Doujinshi,22,,2026,https://cdn.myanimelist.net/images/manga/2/349397l.jpg
957,Ray by Day,,レイバイデイ,Manga,22,,2026,https://cdn.myanimelist.net/images/manga/2/347087l.jpg
957,Ryuusei no Rockman: (Re)Birthday,Mega Man Star Force: (Re)Birthday,流星のロックマン～(Re)Birthday～,One-shot,22,,2026,https://cdn.myanimelist.net/images/manga/1/344646l.jpg
957,The Nun's Secret,,성처리 노예 수녀,Manhwa,22,,2026,https://cdn.myanimelist.net/images/manga/1/347059l.jpg
957,The Rotating Hiking Club,,돌려먹는 산악회,Manhwa,22,,2026,https://cdn.myanimelist.net/images/manga/1/347738l.jpg
957,Todoku Oto,,トドクオト,One-shot,22,,2026,https://cdn.myanimelist.net/images/manga/1/349992l.jpg
957,Toumei,,とうめい,One-shot,22,,2026,https://cdn.myanimelist.net/images/manga/3/349021l.jpg
957,Uchuujin wa Iranai,,宇宙人はいらない,Manga,22,,2026,https://cdn.myanimelist.net/images/manga/2/344452l.jpg
957,Yu Irin in the Park Restroom,,유이린은 공원 화장실에서,Manhwa,22,,2026,https://cdn.myanimelist.net/images/manga/3/347539l.jpg
957,Zenbu Omae no Sei dakara,,全部お前のせいだから,Doujinshi,22,,2026,https://cdn.myanimelist.net/images/manga/3/349127l.jpg
977,Addict,,アディクト,Manga,21,,2026,https://cdn.myanimelist.net/images/manga/2/343548l.jpg
977,Ashes & Echoes,Ashes & Echoes,담뱃재,Manhwa,21,,2026,https://cdn.myanimelist.net/images/manga/2/350002l.jpg
977,Boku dake no Amakute Kowai Manager-santachi,My Sweet & Scary Managers,僕だけの甘くてこわいマネージャーさんたち,Manga,21,,2026,https://cdn.myanimelist.net/images/manga/3/349196l.jpg
977,Hundred Note: Ugly Duck,,ハンドレッドノート－アグリーダック－,Manga,21,,2026,https://cdn.myanimelist.net/images/manga/3/345802l.jpg
977,Inshuu wo Kuro Gal to,,因習を黒ギャルと,One-shot,21,,2026,https://cdn.myanimelist.net/images/manga/2/350004l.jpg
977,Kamishiro-kun no Onozomi no Mama,"As You Wish, Reiji Kamishiro",上城くんのお望みのまま,Manga,21,,2026,https://cdn.myanimelist.net/images/manga/1/346510l.jpg
977,"Kizoku no Sannan, Dekunobou kara Saikyou Majutsushi e. Parameter wo Chousetsu shite, Subete no Majutsu wo Makaizou! Kimama ni Asondeiru dake nanoni, Nazeka Hyouga ga Agatteiku Ken ni Tsuite",,貴族の三男、でくの坊から最強魔術士へ。パラメーターを調節して、すべての魔術を魔改造! ～気ままに遊んでいるだけなのに、何故か評価が上がっていく件について～,Manga,21,,2026,https://cdn.myanimelist.net/images/manga/2/348793l.jpg
977,Kocchi Muite Oniichan♥,,こっち向いてお兄ちゃん♥,One-shot,21,,2026,https://cdn.myanimelist.net/images/manga/1/349963l.jpg
977,Kono Ue Kimi de Mitashitai,Fill Me with You,この飢え君で満たしたい,One-shot,21,,2026,https://cdn.myanimelist.net/images/manga/2/340227l.jpg
977,Moto Saikyou Boukensha no Rojiura Café Nonbiri Kaigyouroku,,元最強冒険者の路地裏カフェのんびり開業録,Manga,21,,2026,https://cdn.myanimelist.net/images/manga/3/347031l.jpg
977,Mushi Bazuru Himegimi,,虫バズる姫君,One-shot,21,,2026,https://cdn.myanimelist.net/images/manga/1/340304l.jpg
977,Sendou Toki no 5-funkan,5 Minutes with Toki,閃道トキの5分間,Manga,21,,2026,https://cdn.myanimelist.net/images/manga/2/349976l.jpg
977,Soshite Kuchibiru ni Chi ga Nijimu,,そして唇に血が滲む,Manga,21,,2026,https://cdn.myanimelist.net/images/manga/3/349293l.jpg
977,Soshite Setsuna wa Kurikaesu,Setsuna in the Loop,そして刹那は繰り返す,Manga,21,,2026,https://cdn.myanimelist.net/images/manga/3/347673l.jpg
977,Youkoso Horror Genre e,,よ～こそホラー学科〈ジャンル〉へ,Manga,21,,2026,https://cdn.myanimelist.net/images/manga/2/349874l.jpg
992,Abuku no Shimai,,あぶくの姉妹,Manga,20,,2026,https://cdn.myanimelist.net/images/manga/3/350323l.jpg
992,Amane Ojousama no Iu Koto ni wa,To What Lady Amane Says.,天音お嬢様の言うことには,Manga,20,,2026,https://cdn.myanimelist.net/images/manga/1/346917l.jpg
992,Fumajime Majime-senpai,,ふまじめまじめ先輩,One-shot,20,,2026,https://cdn.myanimelist.net/images/manga/2/343416l.jpg
992,Gohan no Otomo wo Ato Sukoshi,Side Dish Which Matches Rice Well,ごはんのおともをあと少し,Manga,20,,2026,https://cdn.myanimelist.net/images/manga/1/344069l.jpg
992,Higan no Hotaru,,彼岸の螢,Manga,20,,2026,https://cdn.myanimelist.net/images/manga/2/349727l.jpg
992,Hito ni wa Sorezore Ura ga Aru,,女〈ヒト〉にはそれぞれ裏がある,Manga,20,,2026,https://cdn.myanimelist.net/images/manga/1/349895l.jpg
992,I Can't Believe I'm an M!,,내가 M이라니,Manhwa,20,,2026,https://cdn.myanimelist.net/images/manga/2/348322l.jpg
992,"Jashin Average: Heikin wo Nozonda Bishoujo, Isekai de Heikinteki na Jashin to Naru",Average of Evil Gods,邪神アベレージ 平均を望んだ美少女、異世界で平均的な邪神となる,Manga,20,,2026,https://cdn.myanimelist.net/images/manga/1/347281l.jpg
992,Kidou Senshi Gundam EXVS.: Girls on Extreme,,機動戦士ガンダム EXVS. ガールズ on エクストリーム,Manga,20,,2026,https://cdn.myanimelist.net/images/manga/2/347280l.jpg
992,Natsume Souseki Fantasia,,夏目漱石ファンタジア,Manga,20,,2026,https://cdn.myanimelist.net/images/manga/2/349274l.jpg
992,Nusumareta Hitozuma,Stolen Wife,盗まれた人妻,Doujinshi,20,,2026,https://cdn.myanimelist.net/images/manga/1/349814l.jpg
992,Onna ni Natte Jibun wo Okashitai.,,女になって自分を犯したい。,Doujinshi,20,,2026,https://cdn.myanimelist.net/images/manga/1/350169l.jpg
992,Shinitagari no Oujo,,死にたがりの王女,Manga,20,,2026,https://cdn.myanimelist.net/images/manga/3/350231l.jpg
992,Strategy Guide for a Merry Bad Ending,,메리 배드 엔딩을 위한 공략집,Manhwa,20,,2026,https://cdn.myanimelist.net/images/manga/3/349576l.jpg
992,Wagamama Oppai no Monster Musume ni Koishichau Anthology Comic,,わがままおっぱいのモンスター娘に恋しちゃうアンソロジーコミック,Manga,20,,2026,https://cdn.myanimelist.net/images/manga/2/349013l.jpg
992,World Ender: Sekai ni Kirawareta Kimi to no N-kaime,,ワールドエンダー ―世界に嫌われた君とのN回目―,Manga,20,,2026,https://cdn.myanimelist.net/images/manga/2/344532l.jpg
992,Yakin Jiken: Chilla's Art Anthology Comic,The Convenience Store Anthology Comics,夜勤事件 Chilla's Art アンソロジーコミック,Manga,20,,2026,https://cdn.myanimelist.net/images/manga/2/345185l.jpg
1009,6-nensei to Shitai Koto,,6年生としたいこと,Manga,19,,2026,https://cdn.myanimelist.net/images/manga/3/348714l.jpg
1009,A Capable Maid Tames the Young Master,,유능한 메이드는 도련님을 길들인다,Manhwa,19,,2026,https://cdn.myanimelist.net/images/manga/1/348499l.jpg
1009,Ao wa Mijikashi Koiseyo Otome,"Blue Is Brief, Fall in Love, Girls",青は短し恋せよ乙女,Manga,19,,2026,https://cdn.myanimelist.net/images/manga/3/347395l.jpg
1009,Arknights: Endfield - Comic Anthology,,アークナイツ：エンドフィールド コミックアンソロジー,Manga,19,,2026,https://cdn.myanimelist.net/images/manga/3/346300l.jpg
1009,Back to First Base,Back to First Base,농어촌 에이스,Manhwa,19,,2026,https://cdn.myanimelist.net/images/manga/2/349601l.jpg
1009,Chikyuu Taisen 2053,,地球大戦2053,One-shot,19,,2026,https://cdn.myanimelist.net/images/manga/3/348921l.jpg
1009,Gray Zone no Mahou Shoujo,Magical Girl in the Gray Zone,グレーゾーンの魔法少女,Manga,19,,2026,https://cdn.myanimelist.net/images/manga/2/343675l.jpg
1009,How to Love a Monster,How to Love a Monster,괴물이 사랑하는 방법,Manhwa,19,,2026,https://cdn.myanimelist.net/images/manga/3/349999l.jpg
1009,Kakuriki,,カクリキ,Manga,19,,2026,https://cdn.myanimelist.net/images/manga/2/347193l.jpg
1009,Lies Are Planned,,거짓말은 계획적으로,Manhwa,19,,2026,https://cdn.myanimelist.net/images/manga/3/346397l.jpg
1009,Midnight Pillow Talk,Midnight Pillow Talk,바텐더에게 섹담 하실래요?,Manhwa,19,,2026,https://cdn.myanimelist.net/images/manga/2/346811l.jpg
1009,Ojousama no Geboku,,お嬢様の下僕,Manga,19,,2026,https://cdn.myanimelist.net/images/manga/1/343550l.jpg
1009,Rojiura no Iris,Iris in the Back Alley,路地裏のアイリス,Manga,19,,2026,https://cdn.myanimelist.net/images/manga/1/347320l.jpg
1009,Romance Saga: Succubus Story,,~ROMANCE SAGA~ 서큐버스 이야기,Manhwa,19,,2026,https://cdn.myanimelist.net/images/manga/1/346399l.jpg
1009,Rudolf to Ippaiattena,Rudolph and Ippaiattena,ルドルフとイッパイアッテナ,Manga,19,,2026,https://cdn.myanimelist.net/images/manga/2/347398l.jpg
1009,"Saredo, Futari wa Kusare Koi",,されど、ふたりはくされ恋,Manga,19,,2026,https://cdn.myanimelist.net/images/manga/1/347401l.jpg
1009,Shikkoku no Bojou,,漆黒の慕情,Manga,19,,2026,https://cdn.myanimelist.net/images/manga/1/348555l.jpg
1009,Shinjuku Kaishouroku Tenchou: Mii-chan to Yamada-san Gaiden,,新宿解消録テンチョウ みいちゃんと山田さん外伝,Manga,19,,2026,https://cdn.myanimelist.net/images/manga/3/349898l.jpg
1009,Taimashi Tensei: Kakoku na Eroge Sekai de Kitsunegao no Kansaiben na Shouwaru Otoko wa Donai surya Ee desu ka?,,退魔師転生 ～過酷なエロゲ世界でキツネ顔の関西弁な性悪男はどないすりゃええですか?～,Manga,19,,2026,https://cdn.myanimelist.net/images/manga/1/350308l.jpg
1009,The Hungry Bird Wakes Up Early,,배고픈 새가 일찍 일어난다,Manhwa,19,,2026,https://cdn.myanimelist.net/images/manga/1/342344l.jpg
1009,Will We Stay Friends Forever?,,영영 친구로 있을래?,Manhwa,19,,2026,https://cdn.myanimelist.net/images/manga/2/345945l.jpg
1030,Akai Kate,,赤い糧,One-shot,18,,2026,https://cdn.myanimelist.net/images/manga/3/343609l.jpg
1030,Ari to Hachi,,蟻と蜂,Manga,18,,2026,https://cdn.myanimelist.net/images/manga/3/347570l.jpg
1030,Boku no Shokugyou Tekisei ni wa Jinken ga Nakatta Rashii,,僕の職業適性には人権がなかったらしい,Manga,18,,2026,https://cdn.myanimelist.net/images/manga/3/344566l.jpg
1030,Cool na Aitsu wa Watashi no Mae de dake Kawaii!? Heroine Seme Comic Anthology,,クールなアイツはわたしの前でだけカワイイ!? ヒロイン攻めコミックアンソロジー,Manga,18,,2026,https://cdn.myanimelist.net/images/manga/1/349279l.jpg
1030,Croquis on a Summer Night,,여름밤의 크로키,Manhwa,18,,2026,https://cdn.myanimelist.net/images/manga/3/348321l.jpg
1030,Galpai Tengoku,,ギャルぱい天国,One-shot,18,,2026,https://cdn.myanimelist.net/images/manga/3/350149l.jpg
1030,Killing Darling Baby ♡,,킬링 달링 베이비-잉♡,Manhwa,18,,2026,https://cdn.myanimelist.net/images/manga/3/349733l.jpg
1030,Oshiroibana no Kokuhaku,Confession of the Four O'Clock,白粉花の告白,Manga,18,,2026,https://cdn.myanimelist.net/images/manga/2/349980l.jpg
1030,Pi to Po to Machinagara,,ピとポとまちながら,Manga,18,,2026,https://cdn.myanimelist.net/images/manga/1/347678l.jpg
1030,Robrave,,ロブレイブ,Manga,18,,2026,https://cdn.myanimelist.net/images/manga/2/345800l.jpg
1030,Sekokan!,,セコカン!,Manga,18,,2026,https://cdn.myanimelist.net/images/manga/3/348899l.jpg
1030,Toshi Densetsu Seisouin,,都市伝説清掃員,Manga,18,,2026,https://cdn.myanimelist.net/images/manga/3/347583l.jpg
1030,"Watashi no Mahou wa Zettai ni Atarun desu: Slow Life wo Mamoru Tame ni Mahou wo Uchitsuzuketeitara, Itsunomanika Mori no Seijo ni Natteimashita",,私の魔法は絶対に当たるんです ～スローライフを守るために魔法を撃ち続けていたら、いつの間にか森の聖女になっていました～,Manga,18,,2026,https://cdn.myanimelist.net/images/manga/2/346766l.jpg
1030,Watashi wa Succubus ja Arimasen,I Am Not a Succubus,私はサキュバスじゃありません,Manga,18,,2026,https://cdn.myanimelist.net/images/manga/1/349332l.jpg
1030,Yaksha,,야차,Manhwa,18,,2026,https://cdn.myanimelist.net/images/manga/1/340888l.jpg
1045,Aida Kawa Koubou no Futari,,アイダ革工房のふたり,Manga,17,,2026,https://cdn.myanimelist.net/images/manga/3/350345l.jpg
1045,Akuyaku Reijou Haouden: Tensei shitara Shinchou 245cm Taijuu 210kg no Keitai deshita. Dakara Musou shimasu,,悪役令嬢覇王伝 転生したら身長245cm体重210kgの恵体でした。だから無双します,Manga,17,,2026,https://cdn.myanimelist.net/images/manga/1/349341l.jpg
1045,Akuyaku Reijou wa Shaberimasen,The Villainess Never Speak,悪役令嬢はしゃべりません,Manga,17,,2026,https://cdn.myanimelist.net/images/manga/2/349051l.jpg
1045,Bandage,,BANDAGE,Manga,17,,2026,https://cdn.myanimelist.net/images/manga/2/345120l.jpg
1045,Giganto,,戯画人,Manga,17,,2026,https://cdn.myanimelist.net/images/manga/1/349970l.jpg
1045,Ikiokure Zashiki Warashi no Hina-san wa Me ni Doku Sugiru,,行き遅れ座敷童子の雛さんは目に毒すぎる,Manga,17,,2026,https://cdn.myanimelist.net/images/manga/3/345348l.jpg
1045,Jinzou Majo wa Hito ni Arazu,Artificial Witch Is Not Human,人造魔女は人にあらず,Manga,17,,2026,https://cdn.myanimelist.net/images/manga/2/347326l.jpg
1045,Kemono Install,,ケモノインストール,One-shot,17,,2026,https://cdn.myanimelist.net/images/manga/3/350142l.jpg
1045,"Manager, What's Wrong with You?",,부장님 왜 이러세요,Manhwa,17,,2026,https://cdn.myanimelist.net/images/manga/1/346231l.jpg
1045,Modoranai Kisetsu.,,戻らない季節。,One-shot,17,,2026,https://cdn.myanimelist.net/images/manga/2/347406l.jpg
1045,Nagata-chou Aliens,Aliens in the House,永田町エイリアンズ,Manga,17,,2026,https://cdn.myanimelist.net/images/manga/1/349371l.jpg
1045,"Otonari no Miyano-san wa, Watashi wo Oishiku Tabetagaru",,お隣の宮野さんは、私を美味しく食べたがる,Manga,17,,2026,https://cdn.myanimelist.net/images/manga/2/349135l.jpg
1045,Ruru-senpai wa Ryuryuryuryuryu,,ルル先輩はりゅりゅりゅりゅりゅ,One-shot,17,,2026,https://cdn.myanimelist.net/images/manga/1/340266l.jpg
1045,Sofubo wo Tazunete Iede Kyoudai Futari Tabi @comic,,祖父母をたずねて家出兄弟二人旅@COMIC,Manga,17,,2026,https://cdn.myanimelist.net/images/manga/3/347675l.jpg
1045,The Day We Do It,,하는 날,Manhwa,17,,2026,https://cdn.myanimelist.net/images/manga/2/346782l.jpg
1045,Tomoshibi kara Sparkle,,灯火からスパークル,Manga,17,,2026,https://cdn.myanimelist.net/images/manga/3/344409l.jpg
1045,Uragirareta Ore to Mamon Slave no Isekai Boukentan,,裏切られた俺と魔紋スレイブの異世界冒険譚,Manga,17,,2026,https://cdn.myanimelist.net/images/manga/3/347380l.jpg
1062,Aoba to Kanon,Aoba and Kanon,アオバとカノン,Manga,16,,2026,https://cdn.myanimelist.net/images/manga/2/349978l.jpg
1062,"Around 40 Keibiin no Meikyuu Keibi: ""Ability"" no Chikara de With Dungeon Jidai wo Ikinuku",The Dungeon Security of a Forty-something Security Guard,アラフォー警備員の迷宮警備 ～【アビリティ】の力でウィズダンジョン時代を生き抜く～,Manga,16,,2026,https://cdn.myanimelist.net/images/manga/3/343255l.jpg
1062,Bagudan: ※Sono Otokotachi Toriatsukai Chuui ni Tsuki,,バグダン ※その男たち取り扱い注意につき,Manga,16,,2026,https://cdn.myanimelist.net/images/manga/1/348120l.jpg
1062,Chikubi x Buddy,,チクビ×バディ,Manga,16,,2026,https://cdn.myanimelist.net/images/manga/3/349360l.jpg
1062,Cruel Fairy Tale,,잔혹동화,Manhwa,16,,2026,https://cdn.myanimelist.net/images/manga/3/348502l.jpg
1062,Delicatesse,,デリカテッセ,Manga,16,,2026,https://cdn.myanimelist.net/images/manga/3/347676l.jpg
1062,Galaxy Pooh-chan: Uchuu no Hajikko de Konnichiwa,,ギャラクシーぷーちゃん 宇宙のはじっこでこんにちは,Manga,16,,2026,https://cdn.myanimelist.net/images/manga/1/347777l.jpg
1062,Grow Up Show: Himawari no Circus-dan Koushiki Comic Anthology,Grow Up Show: Sunflower Circus Comic Anthology,グロウアップショウ ひまわりのサーカス団 公式コミックアンソロジー,Manga,16,,2026,https://cdn.myanimelist.net/images/manga/2/349155l.jpg
1062,"Henkyou Ryoushu no Ore wa Akuyaku Reijou toshite Tsuihou sareta Yome no Tame, Taikoku wo Horobosu Koto ni Shita",,辺境領主の俺は悪役令嬢として追放された嫁のため、大国を滅ぼすことにした。,Manga,16,,2026,https://cdn.myanimelist.net/images/manga/2/350154l.jpg
1062,Kawaii wa Subete wo Hakai suru,Kawaii Destroys Everything,可愛いはすべてを破壊する,Manga,16,,2026,https://cdn.myanimelist.net/images/manga/3/348034l.jpg
1062,Kaze to Kumo,The Wind and the Clouds,風と雲,Manga,16,,2026,https://cdn.myanimelist.net/images/manga/2/349368l.jpg
1062,Kimyouji Yokochou no Natsu,Temple Alley Summer,帰命寺横丁の夏,Manga,16,,2026,https://cdn.myanimelist.net/images/manga/1/347597l.jpg
1062,Osharezuki Ouhi wa Gisou Kekkon de Ousama ni Dekiai sareru,"Their Marriage May Be a Sham, But the King's Love for His Stylish Queen Isn't",オシャレ好き王妃は偽装結婚で王様に溺愛される,Manga,16,,2026,https://cdn.myanimelist.net/images/manga/1/348173l.jpg
1062,Oshokujidokoro Nirvana,,御贖事処 煮るばあな,Manga,16,,2026,https://cdn.myanimelist.net/images/manga/1/348868l.jpg
1062,Plus-teki Isekai no Sugoshikata,,プラス的 異世界の過ごし方,Manga,16,,2026,https://cdn.myanimelist.net/images/manga/1/347591l.jpg
1062,Rinjin no Oniisan.,The Guy Next Door.,隣人のお兄さん。,Manga,16,,2026,https://cdn.myanimelist.net/images/manga/3/347278l.jpg
1062,Seiken to Bikini Armor,Holy Sword and Bikini Armor,聖剣とビキニアーマー,Manga,16,,2026,https://cdn.myanimelist.net/images/manga/3/348860l.jpg
1062,Sensei no Tsumi to Ato,,先生の罪と痕,Manga,16,,2026,https://cdn.myanimelist.net/images/manga/3/341947l.jpg
1062,Siru/24/1km,,시루/24/1km,Manhwa,16,,2026,https://cdn.myanimelist.net/images/manga/1/345163l.jpg
1062,Tonari no Elf ga Darashinai!,,となりのエルフがだらしない!,Manga,16,,2026,https://cdn.myanimelist.net/images/manga/2/348733l.jpg
1062,Uniform Girl,,제복에 미친 여자,Manhwa,16,,2026,https://cdn.myanimelist.net/images/manga/2/346400l.jpg
1062,Wasted Chef,,WASTED CHEF,Manga,16,,2026,https://cdn.myanimelist.net/images/manga/2/345919l.jpg
1062,"Yametai! Anata no Reset, Daikou shimasu",,ヤメタイ! ～あなたのリセット、代行します～,Manga,16,,2026,https://cdn.myanimelist.net/images/manga/2/345589l.jpg
1062,Yowakute Kawaii Kimi ga Suki,You're Vulnerable and Cute,弱くて可愛い君が好き,Manga,16,,2026,https://cdn.myanimelist.net/images/manga/2/350069l.jpg
1086,100-kai Ittara Tsukiatte? Buaisou na Rival Douki no Dekiai Zetsurin Sex,,100回イッたら付き合って? 無愛想なライバル同期の溺愛絶倫セックス,Manga,15,,2026,https://cdn.myanimelist.net/images/manga/3/349160l.jpg
1086,6-nensei nanoni!,,6年生なのに!,Manga,15,,2026,https://cdn.myanimelist.net/images/manga/3/347076l.jpg
1086,Bokura wa Koi ni Ochiru Setogiwa de,,僕らは恋に落ちる瀬戸際で,Manga,15,,2026,https://cdn.myanimelist.net/images/manga/1/348701l.jpg
1086,Cool na Eikoku Bishoujo wa Orenchi ni Homestay shitai Rashii,,クールな英国美少女は俺ん家に異文化同棲したいらしい,Manga,15,,2026,https://cdn.myanimelist.net/images/manga/3/350286l.jpg
1086,Coquette,,Coquette ～コケット～,Manga,15,,2026,https://cdn.myanimelist.net/images/manga/1/349683l.jpg
1086,Deatte 3-pun de Mimikaki,Ear Cleaning in 3 Minutes,出会って3分で耳かき,Manga,15,,2026,https://cdn.myanimelist.net/images/manga/1/346794l.jpg
1086,Futari Hitokumi ni Natte Kudasai,,二人一組になってください,Manga,15,,2026,https://cdn.myanimelist.net/images/manga/2/342910l.jpg
1086,"Gacha Yuusha no Story Quest!! Yuusha no Skill toshite Ataerareta ""Gacha"" no Kakuritsu ga Shibusugirun desukedo, Nantoka Narimasen ka ne?",,ガチャ勇者のストーリークエスト!!～勇者のスキルとして与えられた『ガチャ』の確率がシブ過ぎるんですけど、何とかなりませんかね?～,Manga,15,,2026,https://cdn.myanimelist.net/images/manga/2/348054l.jpg
1086,Gensou Suikoden: The Anime - Honmono no Eiyuu,Suidoken: The Anime - A True Hero,幻想水滸伝 The Anime ～本物の英雄～,Manga,15,,2026,https://cdn.myanimelist.net/images/manga/3/348236l.jpg
1086,"Gogo 4-ji. Toumei, Tokidoki Seiyuu",,午後4時。透明、ときどき声優,Manga,15,,2026,https://cdn.myanimelist.net/images/manga/2/350335l.jpg
1086,Golf Course Gentlemen's Shared XX,,골프장 아저씨들 공용 XX,Manhwa,15,,2026,https://cdn.myanimelist.net/images/manga/1/346314l.jpg
1086,Gozen 5-ji no Record,,午前5時のレコード,Manga,15,,2026,https://cdn.myanimelist.net/images/manga/1/350254l.jpg
1086,Happy Doll Days dj - Yuri no Hanashi,,ゆりのはなし,Doujinshi,15,,2026,https://cdn.myanimelist.net/images/manga/1/347710l.jpg
1086,Hokenshitsu to Futari,The Nurse's Office and Two,保健室とふたり,Manga,15,,2026,https://cdn.myanimelist.net/images/manga/2/349340l.jpg
1086,Honjin Satsujin Jiken,The Honjin Murders,本陣殺人事件,Manga,15,,2026,https://cdn.myanimelist.net/images/manga/1/343254l.jpg
1086,Hyakudai Heikifu,,百大兵器譜,Manga,15,,2026,https://cdn.myanimelist.net/images/manga/1/346796l.jpg
1086,I'm from Next Door,,옆집에서 왔습니다,Manhwa,15,,2026,https://cdn.myanimelist.net/images/manga/2/348446l.jpg
1086,Ichimon,,いちもん,One-shot,15,,2026,https://cdn.myanimelist.net/images/manga/2/350099l.jpg
1086,Jishou Okaasan ga 1-tai Arawareta!,A Self-Styled Mother Appeared!,自称・お母さんが1体あらわれた!,Manga,15,,2026,https://cdn.myanimelist.net/images/manga/2/344496l.jpg
1086,Love Comedy wo Shitemitai,Maybe... a Love Comedy?,ラブコメディをしてみたい,One-shot,15,,2026,https://cdn.myanimelist.net/images/manga/1/350216l.jpg
1086,Mahou Shoujo ni Fukushuu wo,Vengeance on the Magical Girls,魔法少女に復讐を,Manga,15,,2026,https://cdn.myanimelist.net/images/manga/1/349750l.jpg
1086,Moruta Hakushaku no Asa Fukashi,,モルタ伯爵の朝ふかし,Manga,15,,2026,https://cdn.myanimelist.net/images/manga/3/350227l.jpg
1086,Nerd Bride,,너드 신부,Manhwa,15,,2026,https://cdn.myanimelist.net/images/manga/1/342117l.jpg
1086,Onsen Shark,Hotspring Shark Attack,温泉シャーク,Manga,15,,2026,https://cdn.myanimelist.net/images/manga/2/347207l.jpg
1086,Ryuuzaki Amane (Mata wa Fujii Misuzu)-san ni Tsuite,,竜崎天音（または藤井美鈴）さんについて,Manga,15,,2026,https://cdn.myanimelist.net/images/manga/2/347549l.jpg
1086,Satoko wa Jirai ja Nee kara,,サトコは地雷じゃねーから,Manga,15,,2026,https://cdn.myanimelist.net/images/manga/1/343596l.jpg
1086,Secret Relationship,,비밀관계,Manhwa,15,,2026,https://cdn.myanimelist.net/images/manga/3/346745l.jpg
1086,Senryou Mouja,,千両亡者,Manga,15,,2026,https://cdn.myanimelist.net/images/manga/1/341356l.jpg
1086,Shinryaku-kei Vtuber Ei Rian,Invasive Alien Vtuber,侵略系Vtuber瑛りあん,Manga,15,,2026,https://cdn.myanimelist.net/images/manga/3/347679l.jpg
1086,Silver Screen,,シルバー・スクリーン,Manga,15,,2026,https://cdn.myanimelist.net/images/manga/1/345664l.jpg
1086,"Suisei, Rock You",,彗星、ロック・ユー,Manga,15,,2026,https://cdn.myanimelist.net/images/manga/1/348170l.jpg
1086,Super Darling Oujisama no Kurui Ai,,スパダリ王子様の狂い愛,Manga,15,,2026,https://cdn.myanimelist.net/images/manga/1/348819l.jpg
1086,Sword Art Online Alternative: Gambler's Honor,,ソードアート・オンライン オルタナティブ ギャンブラーズ・オナー,Light Novel,15,,2026,https://cdn.myanimelist.net/images/manga/2/348545l.jpg
1086,Tabisuru Sushi,,旅する寿司,Manga,15,,2026,https://cdn.myanimelist.net/images/manga/2/348100l.jpg
1086,Teresa to Lucy,,テレサとルーシー,One-shot,15,,2026,https://cdn.myanimelist.net/images/manga/3/349194l.jpg
1086,The Lady Duchess's Secret Prayer,,공작 영애의 은밀한 기도,Manhwa,15,,2026,https://cdn.myanimelist.net/images/manga/3/349184l.jpg
1086,The Scarlet Bound,The Scarlet Bound,오라를 받으라,Manhwa,15,,2026,https://cdn.myanimelist.net/images/manga/1/349427l.jpg
1123,A Journal of Desire,,욕망 탐구일지,Manhwa,14,,2026,https://cdn.myanimelist.net/images/manga/2/349850l.jpg
1123,Arigatou Cheat! Tonzura Youjo wa My Pace ni Isekai wo Tannou suru Koto ni Shimashita @comic,,ありがとうチート! ～トンズラ幼女はマイペースに異世界を堪能することにしました～@COMIC,Manga,14,,2026,https://cdn.myanimelist.net/images/manga/2/347672l.jpg
1123,Black Ops,,블랙 옵스,Manhwa,14,,2026,https://cdn.myanimelist.net/images/manga/3/347434l.jpg
1123,Boku no Joui Sonzai-sensei,,僕の上位存在先生,One-shot,14,,2026,https://cdn.myanimelist.net/images/manga/2/345418l.jpg
1123,Danna no Douryou ga Elf Kamoshiremasen,My Husband's Coworker Might Be an Elf,旦那の同僚がエルフかもしれません,Manga,14,,2026,https://cdn.myanimelist.net/images/manga/2/347796l.jpg
1123,Dungeon no Sokuryoushi: Chizu de Musou suru Dungeon Kouryaku,Surveyor Inside the Dungeon,ダンジョンの測量士～地図で無双するダンジョン攻略～,Manga,14,,2026,https://cdn.myanimelist.net/images/manga/1/348160l.jpg
1123,Eat-in Wonderland,,イートインワンダーランド,Manga,14,,2026,https://cdn.myanimelist.net/images/manga/3/347436l.jpg
1123,"Fushi wo Motomeru Mono, Kore wo Doushi to Yobu",,不死を求める者、これを道士と呼ぶ,Manga,14,,2026,https://cdn.myanimelist.net/images/manga/3/348705l.jpg
1123,Gomi no Nedan,,ゴミの値段,One-shot,14,,2026,https://cdn.myanimelist.net/images/manga/2/344346l.jpg
1123,Hakubi no Tsukasa,The Curator of the Finest White Brow,白眉の司,Manga,14,,2026,https://cdn.myanimelist.net/images/manga/1/345434l.jpg
1123,"Hitoribocchi no Tensei Tamer wa, Mamonosagashi no Tabi wo Hajimemasu",,ひとりぼっちの転生テイマーは、魔物探しの旅をはじめます,Manga,14,,2026,https://cdn.myanimelist.net/images/manga/3/345901l.jpg
1123,Job Change!,,じょぶちぇんじ!,One-shot,14,,2026,https://cdn.myanimelist.net/images/manga/2/344223l.jpg
1123,"Kakato Otoshi Reijou wa Cheat na Kakato de Musou suru: Mamono wo Sokushi sasete Tanoshindeitara, Watashi wo Tsuihou shita Jikka ga Houkai shimashita",,かかと落とし令嬢はチートな踵で無双する ～魔物を即死させて楽しんでいたら、私を追放した実家が崩壊しました～,Manga,14,,2026,https://cdn.myanimelist.net/images/manga/1/348609l.jpg
1123,"Kanzaki-san, Tsuno Detemasu!?",,神崎さん、ツノ出てますっ!?,Manga,14,,2026,https://cdn.myanimelist.net/images/manga/3/346959l.jpg
1123,Ketsueki Kansen,,結液感戦,Manga,14,,2026,https://cdn.myanimelist.net/images/manga/1/346958l.jpg
1123,Kidou Senshi Gundam SEED: Onayami Kaiketsu! Shinn & Impulse,,きどーせんしガンダムSEED お悩み解決! シン&インパルス,Manga,14,,2026,https://cdn.myanimelist.net/images/manga/1/347318l.jpg
1123,Madowasanaide Himemiya-san,"Don't Mislead Me, Himemiya-san.",惑わさないで姫宮さん,One-shot,14,,2026,https://cdn.myanimelist.net/images/manga/1/349449l.jpg
1123,Makeinu Doushi wa Zeeeeeettai ni Shiawase ni Naranakucha Ikenai!,Losers Must Be Happy as Much as Possible!,負け犬同士はぜぇぇぇぇぇったいに幸せにならなくちゃいけない!,Light Novel,14,,2026,https://cdn.myanimelist.net/images/manga/1/347424l.jpg
1123,"Maou-sama, Dekiai shisugi desu! @comic",,魔王様、溺愛しすぎです！@COMIC,Manga,14,,2026,https://cdn.myanimelist.net/images/manga/1/344061l.jpg
1123,Mekurumeku Satou-san,,めくるめく佐藤さん,One-shot,14,,2026,https://cdn.myanimelist.net/images/manga/3/344641l.jpg
1123,Miwaku no Ouji to Miryou no Kikanai Hakushaku Reijou no Keiyaku Kekkon,,魅惑の王子と魅了の効かない伯爵令嬢の契約結婚,Manga,14,,2026,https://cdn.myanimelist.net/images/manga/3/343098l.jpg
1123,My Next-Door Oppa's Rearing Diary,,옆집 오빠 사육일지,Manhwa,14,,2026,https://cdn.myanimelist.net/images/manga/3/348465l.jpg
1123,Ningen no Hou ga Kowai!,,人間のほうがこわいッ!,One-shot,14,,2026,https://cdn.myanimelist.net/images/manga/1/345152l.jpg
1123,Ottava!!! Chiisana Te no Pianist,Ottava!!! The Little Handed Pianist,オッターヴァ!!! 小さな手のピアニスト,Manga,14,,2026,https://cdn.myanimelist.net/images/manga/3/346765l.jpg
1123,Re:Bon,,Re:盆,One-shot,14,,2026,https://cdn.myanimelist.net/images/manga/1/349833l.jpg
1123,Realtor,,リアルター,Manga,14,,2026,https://cdn.myanimelist.net/images/manga/2/346761l.jpg
1123,Sakusha no Kimochi wo Kotaenasai,,作者の気持ちを答えなさい,Manga,14,,2026,https://cdn.myanimelist.net/images/manga/1/343702l.jpg
1123,Senshu no Koutai wo Oshirase Itashimasu,We Have a Substitution to Announce,選手の交代をお知らせいたします,Manga,14,,2026,https://cdn.myanimelist.net/images/manga/1/344446l.jpg
1123,Sunny Surf,,써니서프,Manhwa,14,,2026,https://cdn.myanimelist.net/images/manga/3/343065l.jpg
1123,Tabisuru Jouhouya,,旅する情報屋,Manga,14,,2026,https://cdn.myanimelist.net/images/manga/1/347035l.jpg
1123,"Take Responsibility for My First Love, Noona",,"첫사랑을 책임지세요, 누나",Manhwa,14,,2026,https://cdn.myanimelist.net/images/manga/2/345943l.jpg
1123,The Dignity of Desire,,욕망의 품격,Manhwa,14,,2026,https://cdn.myanimelist.net/images/manga/3/347739l.jpg
1123,Thirty's Spring,,서른의 봄,Manhwa,14,,2026,https://cdn.myanimelist.net/images/manga/3/345425l.jpg
1123,Under Edge,,アンダーエッジ,Manga,14,,2026,https://cdn.myanimelist.net/images/manga/3/344864l.jpg
1123,Utopia Fulonpia,,ユートピア・フーロンピア,Manga,14,,2026,https://cdn.myanimelist.net/images/manga/3/347595l.jpg
1123,"Yakiniku Sukosuko, Score Attack! Yakiniku Tabehoudai Seikatsu Mezashite, Dungeon Kouryaku!",,焼肉スコスコ、スコアアタック! ～焼肉食べ放題生活目指して、ダンジョン攻略!～,Manga,14,,2026,https://cdn.myanimelist.net/images/manga/2/346962l.jpg
1123,Yaruki nanka Arimasen,,やる気なんかありません,Manga,14,,2026,https://cdn.myanimelist.net/images/manga/3/343914l.jpg
1123,Zetsurin Denka ga Muku na Hanayome wo Musaboritsukusu Anthology: Seijun de Midara na Retsujou,,絶倫殿下が無垢な花嫁を貪り尽くすアンソロジー ～清純で淫らな劣情～,Manga,14,,2026,https://cdn.myanimelist.net/images/manga/1/348718l.jpg
1161,Akutoku no Rakuen,,アクトクの楽園,Manga,13,,2026,https://cdn.myanimelist.net/images/manga/3/346563l.jpg
1161,Blue Print,,ブループリント,Manga,13,,2026,https://cdn.myanimelist.net/images/manga/3/348703l.jpg
1161,Choroin da yo Mojo Yaroo!,,チョロいんだよ喪女やろー!,Manga,13,,2026,https://cdn.myanimelist.net/images/manga/3/348536l.jpg
1161,Chouana Riron,,超穴理論,Manga,13,,2026,https://cdn.myanimelist.net/images/manga/3/350112l.jpg
1161,Concealed 17,,コンシールド17,Manga,13,,2026,https://cdn.myanimelist.net/images/manga/1/349039l.jpg
1161,Failed Influencer,,망플루언서,Manhwa,13,,2026,https://cdn.myanimelist.net/images/manga/1/346158l.jpg
1161,Furou Fushi no Okusuri Dashitokimasu ne,,不老不死のお薬だしときますね,Manga,13,,2026,https://cdn.myanimelist.net/images/manga/3/347205l.jpg
1161,Fushi taru Itansha to Wazawai no Ryuuki,,不死たる異端者と災いの竜姫,Manga,13,,2026,https://cdn.myanimelist.net/images/manga/1/348792l.jpg
1161,Gyakuten Bariba Reverse,,逆転バリバリバース,Manga,13,,2026,https://cdn.myanimelist.net/images/manga/2/348204l.jpg
1161,Harahara Dantori SOS,,ハラハラ暖とりSOS,One-shot,13,,2026,https://cdn.myanimelist.net/images/manga/3/345423l.jpg
1161,Harapeko Succubus-chan wa Mitasaretai,The Hungry Sweet Succubus Wants to Be Satisfied,腹ぺこサキュバスちゃんは満たされたい,Manga,13,,2026,https://cdn.myanimelist.net/images/manga/1/349407l.jpg
1161,Haru no Susume,,春のすゝめ,Manga,13,,2026,https://cdn.myanimelist.net/images/manga/2/346481l.jpg
1161,Hi ga Nobori Nanohana wa Saku,,陽がのぼり菜の花は咲く,Manga,13,,2026,https://cdn.myanimelist.net/images/manga/2/349897l.jpg
1161,Holy Swindler,,성스러운 사기꾼,Manhwa,13,,2026,https://cdn.myanimelist.net/images/manga/1/341430l.jpg
1161,Hoshi wo Tsugu Idol,Idols Who Inherit the Stars,星を継ぐアイドル,Manga,13,,2026,https://cdn.myanimelist.net/images/manga/2/348091l.jpg
1161,Imari-san wa Tabi Jougo,,イマリさんは旅上戸,Manga,13,,2026,https://cdn.myanimelist.net/images/manga/3/350006l.jpg
1161,Inaka de Hajimeru Kyuukatsu Slow Life: Chotto Shigoto Yamete Jikka ni Kaeru wa,Starting a Slow Life in the Countryside,田舎ではじめる休活スローライフ～ちょっと仕事辞めて実家に帰るわ～,Manga,13,,2026,https://cdn.myanimelist.net/images/manga/3/348654l.jpg
1161,Indie Game Creator Girl,,IGC〈インディ・ゲーム・クリエイター〉ガール,Manga,13,,2026,https://cdn.myanimelist.net/images/manga/3/347296l.jpg
1161,Isekai Kissa Halcyon e Youkoso!,Welcome to Café Halcyon!,異世界喫茶ハルシオンへようこそ!,Manga,13,,2026,https://cdn.myanimelist.net/images/manga/2/347036l.jpg
1161,Junk Shoot,,ジャンクシュート,Manga,13,,2026,https://cdn.myanimelist.net/images/manga/3/348692l.jpg
1161,Kamen Otoko to Noumen Onna,,仮面男と能面女,One-shot,13,,2026,https://cdn.myanimelist.net/images/manga/2/344416l.jpg
1161,Maison Death Heights: Maou no Musume dakedo Deshi ni Shite Kudasai,Maison Death Heights: The Demon King's Daughter Wants to Be a Disciple,メゾンデスハイツ ～魔王の娘だけど弟子にしてください～,Manga,13,,2026,https://cdn.myanimelist.net/images/manga/1/349339l.jpg
1161,Momo no Hana ga Chiru Koro ni,When the Peach Blossoms Fall into Death,桃の花が散る殺に,Manga,13,,2026,https://cdn.myanimelist.net/images/manga/2/347485l.jpg
1161,Musha Gakuen,,武者嶽園,Manga,13,,2026,https://cdn.myanimelist.net/images/manga/2/347212l.jpg
1161,Osananajimi wo Shiawase ni Suru made Shinenai!!,I Can't Die Until My Childhood Friend Finds Happiness!!,幼馴染を幸せにするまで死ねない!!,Manga,13,,2026,https://cdn.myanimelist.net/images/manga/3/345918l.jpg
1161,Pome Shinshi to Borzoi no Ojousan,,ポメ紳士とボルゾイのお嬢さん,Manga,13,,2026,https://cdn.myanimelist.net/images/manga/2/342534l.jpg
1161,"Rosenburg no Shimai-tei: Ochikobore Majutsushi, Shimai de Ryouriten Hajimemashita",The Rosenburg Sisters' Restaurant,ローゼンブルクの姉妹亭～落ちこぼれ魔術師、姉妹で料理店はじめました～,Manga,13,,2026,https://cdn.myanimelist.net/images/manga/3/346709l.jpg
1161,S to X: Therapist Shimotori Ichito no Shinsatsushitsu,,SとX セラピスト霜鳥壱人の診察室,Manga,13,,2026,https://cdn.myanimelist.net/images/manga/1/347080l.jpg
1161,Shounen Elf Kanon-kun no Junan,,少年エルフ・カノンくんの受難,One-shot,13,,2026,https://cdn.myanimelist.net/images/manga/1/344595l.jpg
1161,Shuumatsu Neko Shounin,,終末ねこ商人,Manga,13,,2026,https://cdn.myanimelist.net/images/manga/3/345098l.jpg
1161,Starcoin,,스타코인,Manhwa,13,,2026,https://cdn.myanimelist.net/images/manga/2/348200l.jpg
1161,Taro,,TARO,Manga,13,,2026,https://cdn.myanimelist.net/images/manga/1/347334l.jpg
1161,Uramichi Fudousan,,裏道不動産,Manga,13,,2026,https://cdn.myanimelist.net/images/manga/1/346759l.jpg
1161,Usagi to Kame no Yuru Sanpo,,ウサギとカメのゆる山歩,Manga,13,,2026,https://cdn.myanimelist.net/images/manga/2/349115l.jpg
1161,Wasurerare Reijou wa Kimama ni Kurashitai,,忘れられ令嬢は気ままに暮らしたい,Manga,13,,2026,https://cdn.myanimelist.net/images/manga/2/349154l.jpg
1161,Watashi wa Ame,,私は雨,One-shot,13,,2026,https://cdn.myanimelist.net/images/manga/3/342360l.jpg
1161,Watashitachi no Futsuu,,わたしたちのふつう,One-shot,13,,2026,https://cdn.myanimelist.net/images/manga/1/343460l.jpg
1161,Yosoji Fukuda no Ore Gohan,,四十路福田の俺ご飯,Manga,13,,2026,https://cdn.myanimelist.net/images/manga/3/347671l.jpg
1161,Yukimusume was Sazukaritai,,雪娘は授かりたい,One-shot,13,,2026,https://cdn.myanimelist.net/images/manga/2/349688l.jpg
1161,Yuusha Yukio,,勇者ユキオ,Manga,13,,2026,https://cdn.myanimelist.net/images/manga/1/349377l.jpg
1201,Amphisbaena no Kuchizuke,The Amphisbaena's Kiss,アンフィスバエナのくちづけ,Manga,12,,2026,https://cdn.myanimelist.net/images/manga/2/349335l.jpg
1201,Aomugi to Hototogisu,,青麦と時鳥,Manga,12,,2026,https://cdn.myanimelist.net/images/manga/2/348163l.jpg
1201,Datsusara Souryo no Dungeon Sousou Haishin,,脱サラ僧侶のダンジョン葬送配信,Manga,12,,2026,https://cdn.myanimelist.net/images/manga/3/345666l.jpg
1201,Elf no Yu,,エルフの湯,Manga,12,,2026,https://cdn.myanimelist.net/images/manga/2/345753l.jpg
1201,F.W.B,,F.W.B,Manhwa,12,,2026,https://cdn.myanimelist.net/images/manga/3/343630l.jpg
1201,Fusenshou,,不戦勝,One-shot,12,,2026,https://cdn.myanimelist.net/images/manga/2/348478l.jpg
1201,"Gozen 2-ji, Porno",,午前2時、ポルノ,One-shot,12,,2026,https://cdn.myanimelist.net/images/manga/3/343694l.jpg
1201,Guuzen ni Shite wa Erosugiru,,偶然にしてはエロすぎる,One-shot,12,,2026,https://cdn.myanimelist.net/images/manga/3/345151l.jpg
1201,"Henkyou no Mura no Eiyuu, 42-sai ni Shite Hajimete Mura wo Deru",,辺境の村の英雄、42歳にして初めて村を出る,Manga,12,,2026,https://cdn.myanimelist.net/images/manga/1/349153l.jpg
1201,Hongiki no Spica,Spica and Voice of Books,本聴きのスピカ,Manga,12,,2026,https://cdn.myanimelist.net/images/manga/3/350213l.jpg
1201,Ichi Kakeru,,いち駆ける,Manga,12,,2026,https://cdn.myanimelist.net/images/manga/2/349084l.jpg
1201,Kaho-chan wa Kao ga Wakaranai,,香穂ちゃんは顔がわからない,Manga,12,,2026,https://cdn.myanimelist.net/images/manga/1/347420l.jpg
1201,Keep on Walking,,キープオンウォーキング,One-shot,12,,2026,https://cdn.myanimelist.net/images/manga/3/345099l.jpg
1201,Kidou Shinseiki Gundam X Flash,,機動新世紀ガンダムX FLASH,Manga,12,,2026,https://cdn.myanimelist.net/images/manga/2/349608l.jpg
1201,Koinu no Ongaeshi,,子犬の恩返し,One-shot,12,,2026,https://cdn.myanimelist.net/images/manga/3/350134l.jpg
1201,Kyoufu! Souzai Kaii Otoko,,恐怖!惣菜怪異男,Manga,12,,2026,https://cdn.myanimelist.net/images/manga/3/348206l.jpg
1201,Married Women's Apartment,,유부녀 아파트,Manhwa,12,,2026,https://cdn.myanimelist.net/images/manga/2/349847l.jpg
1201,Meida,,メイダ,Manga,12,,2026,https://cdn.myanimelist.net/images/manga/1/343063l.jpg
1201,Motokano Cafe,,元カノカフェ,Manga,12,,2026,https://cdn.myanimelist.net/images/manga/1/348737l.jpg
1201,"Nenpi ga Warui Seijo desu ga, Koushaku-sama ni Hirowarete Shiawase desu! (Gohan-teki ni♪)",,燃費が悪い聖女ですが、公爵様に拾われて幸せです！（ごはん的に♪）,Manga,12,,2026,https://cdn.myanimelist.net/images/manga/3/348660l.jpg
1201,Nora no Inochi,,ノラのいのち,Manga,12,,2026,https://cdn.myanimelist.net/images/manga/2/349889l.jpg
1201,"Ore ga Sodateta Saikyou Chara ni Tensei shita node, Hamukau Yatsu wa Subete Bunnagutte Ikiru Koto ni Shimashita.",Reborn as the Strongest Character I Ever Built: All Who Defy Me Will Get a Beat Down!,俺が育てた最強キャラに転生したので、歯向かうヤツはすべてぶん殴って生きる事にしました。,Manga,12,,2026,https://cdn.myanimelist.net/images/manga/3/350215l.jpg
1201,Oshi Ghost!,,推しGHOST!,One-shot,12,,2026,https://cdn.myanimelist.net/images/manga/3/344885l.jpg
1201,Seimei-sama no Ossharu Koto ni wa: Heian Onmyou Shinryouroku,,晴明様のおっしゃることには 平安陰陽診療録,Manga,12,,2026,https://cdn.myanimelist.net/images/manga/3/348353l.jpg
1201,"Sekai de Yuiitsu Dungeon Saikasou ni Toutatsu shita Otoko, Bishoujo Haishinsha ni Sarasareru: Camp shiteita dake nanoni, Nazeka Bazuri Chirakashiterun desu ga",,世界で唯一ダンジョン最下層に到達した男、美少女配信者に晒される～キャンプしていただけなのに、なぜかバズり散らかしてるんですが～,Manga,12,,2026,https://cdn.myanimelist.net/images/manga/3/349378l.jpg
1201,Shinya 3-ji no Arbeit,Part-time Job at 3AM,深夜3時のアルバイト,Manga,12,,2026,https://cdn.myanimelist.net/images/manga/3/346542l.jpg
1201,Tataki the Side Hustle,,タタキザサイドハッスル,Manga,12,,2026,https://cdn.myanimelist.net/images/manga/1/349967l.jpg
1201,Te Yakase Girl no Oosawa-san,No Clumsy Girl No Love,手焼かせガールの大佐和さん,One-shot,12,,2026,https://cdn.myanimelist.net/images/manga/1/349826l.jpg
1201,Time Capsule,,タイムカプセル,One-shot,12,,2026,https://cdn.myanimelist.net/images/manga/3/346011l.jpg
1201,Watashi wa Obake,,わたしはおばけ,Manga,12,,2026,https://cdn.myanimelist.net/images/manga/2/345827l.jpg
1201,Yami Appli,,闇アプリ,Manga,12,,2026,https://cdn.myanimelist.net/images/manga/1/348350l.jpg
1201,Yoake wo Tsuretekuru Inu,,夜明けをつれてくる犬,Manga,12,,2026,https://cdn.myanimelist.net/images/manga/1/345668l.jpg
1201,"Zense, Eiyuu. 2-kaime no Jinsei wa Asobimakurou to Omoimasu.","In My Previous Life, I Was a Hero. In My Second Life, I Plan to Have a Blast.",前世、英雄。2回目の人生は遊びまくろうと思います。,Manga,12,,2026,https://cdn.myanimelist.net/images/manga/1/347054l.jpg
1234,14-sai no Saibankan,,14歳の裁判官,Manga,11,,2026,https://cdn.myanimelist.net/images/manga/2/348885l.jpg
1234,Boku no Charaful Diary,My Charaful Diary,僕のキャラフルダイアリー,Manga,11,,2026,https://cdn.myanimelist.net/images/manga/1/341988l.jpg
1234,Bungou no Oyatsu,,文豪のおやつ,Manga,11,,2026,https://cdn.myanimelist.net/images/manga/1/348216l.jpg
1234,Cardfight!! Vanguard: Full Fighters,,カードファイト!!ヴァンガード フルファイターズ,Manga,11,,2026,https://cdn.myanimelist.net/images/manga/3/345964l.jpg
1234,Fuyoujou no Kenshikan,The Coroner of Fuyojo,芙蓉城の検屍官,Manga,11,,2026,https://cdn.myanimelist.net/images/manga/2/347535l.jpg
1234,Gorilla,,ゴリラ,Manga,11,,2026,https://cdn.myanimelist.net/images/manga/1/344270l.jpg
1234,Hachigatsu no Time Machine,Eight-colored Time Machine,八月のタイムマシン,Manga,11,,2026,https://cdn.myanimelist.net/images/manga/3/347736l.jpg
1234,Hakkeyoi desu wa!,,はっけよいですわ!,Manga,11,,2026,https://cdn.myanimelist.net/images/manga/2/346383l.jpg
1234,Harukoi Reset,,春恋リセット,Manga,11,,2026,https://cdn.myanimelist.net/images/manga/2/348061l.jpg
1234,Inshuu-kei Jashin-sama Meiryu-chan,,因習系邪神様メイリュちゃん,Manga,11,,2026,https://cdn.myanimelist.net/images/manga/3/344478l.jpg
1234,"Isekai Tensei shita Moto Kyoushi, ""Rinji Kyoushi"" toshite Houkai shita Majutsu Gakuen wo Sukuu.",A Former Teacher Reborn in Another World Saves a Collapsing Magic Academy as a Substitute Teacher.,異世界転生した元教師、【臨時教師】として崩壊した魔術学園を救う。,Manga,11,,2026,https://cdn.myanimelist.net/images/manga/1/350009l.jpg
1234,Jiko Bukken de Neko wo Kau,,事故物件で猫を飼う,Manga,11,,2026,https://cdn.myanimelist.net/images/manga/2/347677l.jpg
1234,Jinrou,,人狼,One-shot,11,,2026,https://cdn.myanimelist.net/images/manga/2/344424l.jpg
1234,Kaijuu Romantics,,怪獣ロマンティクス,Manga,11,,2026,https://cdn.myanimelist.net/images/manga/3/347568l.jpg
1234,Kekekeke,,怪怪怪怪,Manga,11,,2026,https://cdn.myanimelist.net/images/manga/1/347372l.jpg
1234,Kohakukoku Bokuyaden: Koukyuu no Yoi ni Gekka wa Kagayaku,,琥珀国墨夜伝 後宮の宵に月華は輝く,Manga,11,,2026,https://cdn.myanimelist.net/images/manga/3/347534l.jpg
1234,Makanai Deka no Choushu Meshi,Police Chef's Questioning Meal,まかない刑事の聴取メシ,Manga,11,,2026,https://cdn.myanimelist.net/images/manga/3/349113l.jpg
1234,"Mangaka, Ryoushi ni Naru",A Manga Artist Becomes a Hunter,漫画家、猟師になる,Manga,11,,2026,https://cdn.myanimelist.net/images/manga/1/344769l.jpg
1234,Maten Yuugi: Tower Mansion Quest,,魔天遊戯 -タワマンクエスト-,Manga,11,,2026,https://cdn.myanimelist.net/images/manga/3/346792l.jpg
1234,Minna Hotaru wo Koroshitakatta,,みんな蛍を殺したかった,Manga,11,,2026,https://cdn.myanimelist.net/images/manga/3/348690l.jpg
1234,Mon,The Gate,門,Manga,11,,2026,https://cdn.myanimelist.net/images/manga/3/343371l.jpg
1234,Noah no Tokouken,Noah's Ticket,ノアの渡航券,Manga,11,,2026,https://cdn.myanimelist.net/images/manga/2/349736l.jpg
1234,Nokorimono ni wa Meshi ga Aru,There Is Dishes in the Last Helping,のこりものにはメシがある,Manga,11,,2026,https://cdn.myanimelist.net/images/manga/3/348182l.jpg
1234,Oshiete! Seiheki-sensei: Ponkotsu Succubus no Yuuwaku Report,Tell Me! Sexual Fetish Teacher,教えて！性癖先生 ～ポンコツサキュバスの誘惑レポート～,Manga,11,,2026,https://cdn.myanimelist.net/images/manga/3/348162l.jpg
1234,"Our Child, Dae-han",,우리애 대한,Manhwa,11,,2026,https://cdn.myanimelist.net/images/manga/2/342116l.jpg
1234,Sasoriza no Shinzou,,さそり座の心臓,Manga,11,,2026,https://cdn.myanimelist.net/images/manga/1/347582l.jpg
1234,Soloist-tachi wa Seishun Fukahi!,The Soloists Are Bound to Experience Their Youth!,ソリストたちは青春不可避!,Manga,11,,2026,https://cdn.myanimelist.net/images/manga/2/345729l.jpg
1234,Stealth Reijou no Renai Jijou: Goshujinsama no Himitsu wo Shitteshimattara Dekiai saremashite!?,,ステルス令嬢の恋愛事情 ご主人様の秘密を知ってしまったら溺愛されまして!?,Manga,11,,2026,https://cdn.myanimelist.net/images/manga/1/349752l.jpg
1234,Tane Seisan: Kono Skill ga Cheat dato Mada Daremo Kizuiteinai,,種生産 ～このスキルがチートだとまだ誰も気付いていない～,Manga,11,,2026,https://cdn.myanimelist.net/images/manga/1/349912l.jpg
1234,Umi e,,海へ,One-shot,11,,2026,https://cdn.myanimelist.net/images/manga/1/350135l.jpg
1234,Yakou Yuusei,One More Light,夜光遊星,Manga,11,,2026,https://cdn.myanimelist.net/images/manga/3/348970l.jpg
1234,Yamiochi Reijou wa Maou no Musume Alice ni Tensei shita node Outo de Anyaku suru Koto ni Shimashita,The Demon Lord's Daughter Alice Decides to Rule the Royal Capital from Within.,闇落ち令嬢は魔王の娘アリスに転生したので王都で暗躍することにしました,Manga,11,,2026,https://cdn.myanimelist.net/images/manga/3/348802l.jpg
1234,Yuusha no Moto Nakama Fuufu wa Inaka de Nonbiri Shiawase ni Kurasu,,勇者の元仲間夫婦は田舎でのんびり幸せに暮らす,Manga,11,,2026,https://cdn.myanimelist.net/images/manga/3/349910l.jpg
1234,Yuusha no Sadame,,勇者の運命〈さだめ〉,Manga,11,,2026,https://cdn.myanimelist.net/images/manga/1/350203l.jpg
1268,Ah Q Seiden,The True Story of Ah Q,阿Ｑ正伝,Manga,10,,2026,https://cdn.myanimelist.net/images/manga/1/343372l.jpg
1268,Buttai XYZ,,物体XYZ,Manga,10,,2026,https://cdn.myanimelist.net/images/manga/3/348905l.jpg
1268,"Elf ni Sodaterarete Jinrui Yuiitsu no Seirei Jutsushi ni Narimashita: Sekenshirazu no Saikyou Boukensha, Mujikaku na Mama Ningen Shakai de Musou suru",,エルフに育てられて人類唯一の精霊術師になりました～世間知らずの最強冒険者、無自覚なまま人間社会で無双する～,Manga,10,,2026,https://cdn.myanimelist.net/images/manga/2/348655l.jpg
1268,Gohoushi Doll to Zetsurin Ossan,,ご奉仕ドールと絶倫おっさん,Manga,10,,2026,https://cdn.myanimelist.net/images/manga/3/347490l.jpg
1268,Houkago Chronoswitch,,放課後クロノスウィッチ,Manga,10,,2026,https://cdn.myanimelist.net/images/manga/3/345100l.jpg
1268,Ikkakujuu no Makura,The Pillow of the Unicorn,一角獣の枕,Manga,10,,2026,https://cdn.myanimelist.net/images/manga/2/349863l.jpg
1268,Jitsuroku Kaidanshuu: Torihada Kouhi,,実録怪談集 鳥肌口碑,Manga,10,,2026,https://cdn.myanimelist.net/images/manga/3/349158l.jpg
1268,Kemono-tachi no Peregrinatio,Peregrinatio Bestiarum,獣達のペレグリナティオ,Manga,10,,2026,https://cdn.myanimelist.net/images/manga/1/350194l.jpg
1268,Konyakusha to wa Aishou Saiaku,,婚約者とは相性最悪,Manga,10,,2026,https://cdn.myanimelist.net/images/manga/3/350309l.jpg
1268,Kuraki Kyuuden no Shisha no Ou: Shiso no Kyuuketsuki to Yami wo Karu Onna Kishi,,昏き宮殿の死者の王 ～始祖の吸血鬼と闇を狩る女騎士～,Manga,10,,2026,https://cdn.myanimelist.net/images/manga/3/349977l.jpg
1268,"Kusunda Gin no Eiyuutan: Ohitoyoshi Ossan Boukensha no Second Life wa, Saidai Sainan no Daimeikyuu de",The Saga of Oxidized Silver,くすんだ銀の英雄譚 ～おひとよしおっさん冒険者のセカンドライフは、最大最難の大迷宮で～,Manga,10,,2026,https://cdn.myanimelist.net/images/manga/2/349376l.jpg
1268,Love Song,,ラブソング,Manga,10,,2026,https://cdn.myanimelist.net/images/manga/2/349913l.jpg
1268,Marcescence,,まるせっせんす,Manga,10,,2026,https://cdn.myanimelist.net/images/manga/1/350204l.jpg
1268,Moshimo Aitsu no Zense ga Mushi Dattara: Zense Doubutsu Shindan Madoguchi,If He Was an Animal in His Other Life...,もしもアイツの前世が虫だったら～前世動物診断窓口～,Manga,10,,2026,https://cdn.myanimelist.net/images/manga/2/347997l.jpg
1268,Mugoshi Nari Matsubara: Shinsengumi Yonbantai Kumigashira-den,,無腰なりマツバラ ―新選組四番隊組頭伝―,Manga,10,,2026,https://cdn.myanimelist.net/images/manga/2/349361l.jpg
1268,Nanbo no Shokutaku,,なんぼの食卓,Manga,10,,2026,https://cdn.myanimelist.net/images/manga/3/350167l.jpg
1268,Otousan wa Watashi wo Egakanai,,お父さんは私を描かない,Manga,10,,2026,https://cdn.myanimelist.net/images/manga/3/347973l.jpg
1268,Saeko wa Omou,,佐江子は思う,Manga,10,,2026,https://cdn.myanimelist.net/images/manga/2/342423l.jpg
1268,Sasamori-kun no Skirt,,笹森くんのスカート,Manga,10,,2026,https://cdn.myanimelist.net/images/manga/1/348693l.jpg
1268,Savma,,サヴマ,Manga,10,,2026,https://cdn.myanimelist.net/images/manga/1/350164l.jpg
1268,Senkan Musashi,,戦艦武蔵,Manga,10,,2026,https://cdn.myanimelist.net/images/manga/1/348102l.jpg
1268,Shuugaku Ryokou: Kyoto Nara 4-paku 4-kka,School Trip: 4 Days and 4 Nights in Kyoto & Nara,修学旅行～京都・奈良4泊4日～,Manga,10,,2026,https://cdn.myanimelist.net/images/manga/1/347698l.jpg
1268,"Tansakusha Ilias wa Hitomishiri: Saikyou Bocchi Shounen wa, Saikyou no Kamen de Kyou mo Hitori wo Tsuranukitai",,探索者イリアスは人見知り 最強ぼっち少年は、最恐の仮面で今日もひとりを貫きたい,Manga,10,,2026,https://cdn.myanimelist.net/images/manga/1/349887l.jpg
1268,Tasuketa Hina ga Densetsu no Fushichou deshita: Saikyou Mamonotsukai wa Black Kigyou wo Yamete SSS-kyuu Dungeon wo Seiha suru,,助けたヒナが伝説の不死鳥でした～最強魔物使いはブラック企業を辞めてSSS級ダンジョンを制覇する～,Manga,10,,2026,https://cdn.myanimelist.net/images/manga/3/344565l.jpg
1268,Tenshi ni Utaeba,,天使に撃たえば,Manga,10,,2026,https://cdn.myanimelist.net/images/manga/3/349359l.jpg
1268,The Younger Guy's Counterattack,,어린놈의 반격,Manhwa,10,,2026,https://cdn.myanimelist.net/images/manga/2/348473l.jpg
1268,Yasagure Shitsuji Vtuber to Negative Ponkotsu Reijou Vtuber no Kyojitsu Konzai na Haishin Seikatsu @comic,,やさぐれ執事Vtuberとネガティブポンコツ令嬢Vtuberの虚実混在な配信生活@COMIC,Manga,10,,2026,https://cdn.myanimelist.net/images/manga/1/349975l.jpg
1268,Yural Doubutsuki,Yural's Animal Chronicles,ユラル動物記,Manga,10,,2026,https://cdn.myanimelist.net/images/manga/2/347402l.jpg
1296,(Moto) Dorei Elf wo Shiawase ni Suru Ikutsuka no Houhou,,(元)奴隷エルフを幸せにするいくつかの方法,Manga,9,,2026,https://cdn.myanimelist.net/images/manga/1/345975l.jpg
1296,Akazukin-chan to Ookami-san,Little Red and the Wolf,赤ずきんちゃんとオオカミさん,Manga,9,,2026,https://cdn.myanimelist.net/images/manga/1/348354l.jpg
1296,Attachment Nanny,,애착 유모,Manhwa,9,,2026,https://cdn.myanimelist.net/images/manga/3/349846l.jpg
1296,Dokuoyagari,,ドクオヤガリ,Manga,9,,2026,https://cdn.myanimelist.net/images/manga/1/349087l.jpg
1296,Espresso Cola: Jidou Hattatsu Shien Momonoki School,,エスプレッソ・コーラ 児童発達支援ももの木スクール,Manga,9,,2026,https://cdn.myanimelist.net/images/manga/2/347536l.jpg
1296,"Fuguushoku ""Tamer"" na Sei de Party wo Tsuihou sareta node, Henkyou de Slow Life wo Okurimasu","I Was Kicked Out of My Party Because of My Unpopular Job of ""Tamer"", So I'm Living a Slow Life in the Frontier.",不遇職『テイマー』なせいでパーティーを追放されたので、辺境でスローライフを送ります,Manga,9,,2026,https://cdn.myanimelist.net/images/manga/3/349277l.jpg
1296,Hakuzuiguu no Oryouriban: Isekai no Kamisama to Meshitero Slow Life wo Mankitsu suru,,白瑞宮のお料理番 ～異世界の神様と飯テロスローライフを満喫する～,Manga,9,,2026,https://cdn.myanimelist.net/images/manga/3/350200l.jpg
1296,"Hatamoto Kaikaku Otoko: Reiwa no Salaryman, Oedo ni Tensei shite Berabou Yonaoshi",,旗本改革男 ～令和のサラリーマン、お江戸に転生してべらぼう世直し～,Manga,9,,2026,https://cdn.myanimelist.net/images/manga/1/348798l.jpg
1296,Jibun no Namae wo Kanchigai shiteiru Ko,,自分の名前を勘違いしている子,Manga,9,,2026,https://cdn.myanimelist.net/images/manga/1/342533l.jpg
1296,Kaigai no Ero Douga Site de Ore dake Mushuusei Dungeon Haishin: Musou shite Super Chat No.1 ni Nattara Sekaijuu no Josei Performer kara Bari Zougon ga DM de Todokimashita,I'm the Only Streamer Broadcasting Uncensored Dungeons on Overseas Adult Site,海外のエロ動画サイトで俺だけ無修正ダンジョン配信 ～無双してスパチャNo.1になったら世界中の女性パフォーマーから罵詈雑言がDMで届きました～,Manga,9,,2026,https://cdn.myanimelist.net/images/manga/1/350235l.jpg
1296,Komori no Konoha,,木守のこのは,Manga,9,,2026,https://cdn.myanimelist.net/images/manga/1/345880l.jpg
1296,"Kunrenjo no Sandbag Ojisan, Jitsu wa Saikyou deshita: Kubi ni Natta Totan, Shusse shita Moto Deshi-tachi ni Semarareru no da ga",,訓練所のサンドバッグおじさん、実は最強でした ～クビになった途端、出世した元弟子たちに迫られるのだが～,Manga,9,,2026,https://cdn.myanimelist.net/images/manga/3/347269l.jpg
1296,Kyou mo Barezu ni Sugoseta!,,きょうもバレずに過ごせた!,Manga,9,,2026,https://cdn.myanimelist.net/images/manga/1/346768l.jpg
1296,Maou-sama no Ezuke ni Seikou shimashita: Makai no Teishokuya de Akuyaku Reijou ga Mazoku no Ibukuro wo Tsukamimasu,,魔王様の餌付けに成功しました～魔界の定食屋で悪役令嬢が魔族の胃袋を掴みます～,Manga,9,,2026,https://cdn.myanimelist.net/images/manga/2/350083l.jpg
1296,Marriage Scam,,메리지 스캠,Manhwa,9,,2026,https://cdn.myanimelist.net/images/manga/2/348451l.jpg
1296,"Maryokuryou Rekidai Saikyou na Tensei Seijo-sama no Gakuen Seikatsu wa Haran ni Michiafureteiru You desu: Oujisama ni Akuyaku Reijou to Heroine poi Kotachi ga Iru keredo, Koko wa Otome Game Sekai desu ka?",,魔力量歴代最強な転生聖女さまの学園生活は波乱に満ち溢れているようです ～王子さまに悪役令嬢とヒロインぽい子たちがいるけれど、ここは乙女ゲー世界ですか?～,Manga,9,,2026,https://cdn.myanimelist.net/images/manga/1/350197l.jpg
1296,Mataide Nanbo,,跨いでナンボ,Manga,9,,2026,https://cdn.myanimelist.net/images/manga/3/350192l.jpg
1296,Neko to Bungou,,猫と文豪,Manga,9,,2026,https://cdn.myanimelist.net/images/manga/1/344470l.jpg
1296,Ninja to Gokudou: Engine Heart Love,Ninja vs Yakuza: Engine Heart Love,忍者と極道 エンジン・ハート・ラブ,Light Novel,9,,2026,https://cdn.myanimelist.net/images/manga/1/343669l.jpg
1296,Oni no Engawa,,鬼の縁側,Manga,9,,2026,https://cdn.myanimelist.net/images/manga/1/347258l.jpg
1296,Outfit,,アウトフィット,Manga,9,,2026,https://cdn.myanimelist.net/images/manga/3/350081l.jpg
1296,Relay-sama no Monban: Saenai Ojisan (36-sai) to Himesama (11-sai) no Sekai Boueitan,Guardian of Princess Relay,リレイ様の門番～さえないおじさん(36才)と姫様(11才)の世界防衛譚～,Manga,9,,2026,https://cdn.myanimelist.net/images/manga/3/348657l.jpg
1296,"Rinbansei de Kyuuseishu wo Tantou shitekita noni, Konkai no Ore wa Maou Rashii","I've Been in Charge of Being the Savior on a Rotational Basis, But This Time It Seems I'm the Demon King.",輪番制で救世主を担当してきたのに、今回の俺は魔王らしい,Manga,9,,2026,https://cdn.myanimelist.net/images/manga/2/347204l.jpg
1296,Shimei Tehaishi,,死命手配師,Manga,9,,2026,https://cdn.myanimelist.net/images/manga/1/344268l.jpg
1296,Susume! Hakubishin,,進め! 白鼻進,Manga,9,,2026,https://cdn.myanimelist.net/images/manga/2/348997l.jpg
1296,Tenchou! Elf-chan ga Mata Claim Dashitemasu! @comic,,店長!エルフちゃんがまたクレーム出してます!@COMIC,Manga,9,,2026,https://cdn.myanimelist.net/images/manga/1/349730l.jpg
1296,Tokoro de Machichuuka wa Date ni Hairimasu ka?,Does Machi-Chuka Count as a Date?,ところで町中華はデートに入りますか?,Manga,9,,2026,https://cdn.myanimelist.net/images/manga/1/350374l.jpg
1296,Tokyo Salad Bowl 2nd Dish: Keishichou-hen,,東京サラダボウル 2nd dish －警視庁編－,Manga,9,,2026,https://cdn.myanimelist.net/images/manga/3/348362l.jpg
1296,Tora ni Tsubasa,,虎に翼,Manga,9,,2026,https://cdn.myanimelist.net/images/manga/2/348711l.jpg
1296,Toudou-san to Nia-chan,,藤堂さんと仁愛ちゃん,Manga,9,,2026,https://cdn.myanimelist.net/images/manga/2/348803l.jpg
1296,Tousaku,,盗作,Manga,9,,2026,https://cdn.myanimelist.net/images/manga/3/350005l.jpg
1296,Vanishing,,バニシング,Manga,9,,2026,https://cdn.myanimelist.net/images/manga/3/343233l.jpg
1296,"Yankee yo, Tsue wo Mote!","Take Your Wand, Yankees!",ヤンキーよ、杖をもて!,Manga,9,,2026,https://cdn.myanimelist.net/images/manga/1/349862l.jpg
1296,"Yuusha, Kaku Arubeki: Doryoku wo Azawarau Tensai-tachi wo, Mahou wo Ubatte Ayatsuru ""Mahou Kanshou"" de Damaraseru",,勇者、かくあるべき～努力を嘲笑う天才達を、魔法を奪って操る【魔法干渉】で黙らせる～,Manga,9,,2026,https://cdn.myanimelist.net/images/manga/3/346600l.jpg
1296,Zetsushinkai no Solaris,Solaris the Abyssal,絶深海のソラリス,Manga,9,,2026,https://cdn.myanimelist.net/images/manga/3/349346l.jpg
1331,Bichon Enikki,,ビション絵日記,Manga,8,,2026,https://cdn.myanimelist.net/images/manga/3/349157l.jpg
1331,Curry wo Tabete Level Up! Curry wo Tanoshindeita dake nanoni Itsunomanika Saikyou Player ni Natteimashita,Eat Curry and Level Up!,カレーを食べてレベルアップ！～カレーを楽しんでいただけなのにいつのまにか最強プレイヤーになっていました～,Manga,8,,2026,https://cdn.myanimelist.net/images/manga/2/350157l.jpg
1331,Danchi no Futari,,団地のふたり,Manga,8,,2026,https://cdn.myanimelist.net/images/manga/3/349093l.jpg
1331,Downer Megami wa Oshi ga Tsuyoi,,ダウナー女神は推しが強い,Manga,8,,2026,https://cdn.myanimelist.net/images/manga/2/349911l.jpg
1331,"Eirei-tachi kara Shugyou wo Uketsuzuketa Saigo no Eiyuu wa, Yagate Saikyou e to Nariagaru The Comic",,英霊たちから修行を受け続けた最後の英雄は、やがて最強へと成り上がる THE COMIC,Manga,8,,2026,https://cdn.myanimelist.net/images/manga/3/349380l.jpg
1331,Ghost Catchers!,,ゴーストキャッチャーズ!,Manga,8,,2026,https://cdn.myanimelist.net/images/manga/2/345005l.jpg
1331,Hazure Skill-mochi no Tensai Renkinjutsushi: Shinjuu ni Kiniirareta node Rare Sozai Sagashi no Tabi ni Dekakemasu,,外れスキル持ちの天才錬金術師 神獣に気に入られたのでレア素材探しの旅に出かけます,Manga,8,,2026,https://cdn.myanimelist.net/images/manga/3/350117l.jpg
1331,Itsuka wa All Right,,いつかはオールライト,Manga,8,,2026,https://cdn.myanimelist.net/images/manga/2/345858l.jpg
1331,Kae Dama,,替霊～カエ・ダマ～,Manga,8,,2026,https://cdn.myanimelist.net/images/manga/3/348057l.jpg
1331,Kinban!! Edo Kinban Boys Life,,きんばん!! 〜江戸勤番ボーイズライフ〜,Manga,8,,2026,https://cdn.myanimelist.net/images/manga/1/343044l.jpg
1331,Mie-ken Tsu-shi Nishi-ku Hirayama-chou 3-15-7,,三重県津市西区平山町3-15-7,Manga,8,,2026,https://cdn.myanimelist.net/images/manga/3/346147l.jpg
1331,Shibaizuke,,しばいづけ,Manga,8,,2026,https://cdn.myanimelist.net/images/manga/3/345836l.jpg
1331,Tokio Jisho: Koroshiya Senmon Chuukai,Tokyo Estate,時生地所 ～殺し屋専門仲介～,Manga,8,,2026,https://cdn.myanimelist.net/images/manga/3/348542l.jpg
1331,"Tsuihou sareta Danshaku Shisoku no Karei naru Ryouchi Kaikaku: Kuzu Oyaji ni Munou to Nonoshirareta kedo, Jitsu wa Sekai Saikyou no Ryuu Mahoutsukai desu",,追放された男爵子息の華麗なる領地改革 ～クズ親父に無能と罵られたけど、実は世界最強の龍魔法使いです～,Light Novel,8,,2026,https://cdn.myanimelist.net/images/manga/1/348302l.jpg
1331,Yoake no Kitchen,,よあけのキッチン,Manga,8,,2026,https://cdn.myanimelist.net/images/manga/1/347589l.jpg
1346,"Benriya Saitou-san, Isekai ni Kita Bakari: Benriya Saitou-san, Isekai ni Iku Gaiden",Handyman Saitou in Another World Side Story,便利屋斎藤さん、異世界に来たばかり ～便利屋斎藤さん、異世界に行く 外伝～,Manga,7,,2026,https://cdn.myanimelist.net/images/manga/2/350214l.jpg
1346,Duel Masters: Neon Light Girl,,Duel Masters 蛍光少女〈ネオンライトガール〉,Manga,7,,2026,https://cdn.myanimelist.net/images/manga/1/348445l.jpg
1346,Hitojichi Seikatsu kara Hajimeru Slow Life Okawari!,Slow Life from Hostage Okawari!,人質生活から始めるスローライフ おかわり!,Manga,7,,2026,https://cdn.myanimelist.net/images/manga/2/348608l.jpg
1346,"Humidity, Sweetness, Density",,"습도, 당도, 밀도",Manhwa,7,,2026,https://cdn.myanimelist.net/images/manga/3/348494l.jpg
1346,Kaguya wa Kaerenai,Kaguya-hime Can't Go Back,かぐやは帰れない,Manga,7,,2026,https://cdn.myanimelist.net/images/manga/3/348909l.jpg
1346,Kuubo Ibuki: Chokepoint,,空母いぶきCHOKEPOINT,Manga,7,,2026,https://cdn.myanimelist.net/images/manga/2/344385l.jpg
1346,Saijaku no Oda: Oda Ujiharu Monogatari,The Weakest Oda: The Tale of Oda Ujiharu,最弱のオダ ～小田氏治物語～,Manga,7,,2026,https://cdn.myanimelist.net/images/manga/3/349040l.jpg
1353,Asobi no Kankei,,あそびのかんけい,Manga,6,,2026,https://cdn.myanimelist.net/images/manga/2/350372l.jpg
1353,Sare to Shita no Renai Shuuryou Koutei,The Process of Ending the Relationship Between Sare and Shita,サレとシタの恋愛終了工程,Manga,6,,2026,https://cdn.myanimelist.net/images/manga/1/348136l.jpg
1355,Sagadawn: Etou Shinpei to Hizen no Youkai,,さがドーン～江藤新平と肥前の妖怪～,Manga,5,,2026,https://cdn.myanimelist.net/images/manga/3/349156l.jpg
1356,Isekai no Bokujou wo Souzoku shimashita: Star Stream Farm,,異世界の牧場を相続しました ～スタァストリームファーム～,Light Novel,3,,2026,https://cdn.myanimelist.net/images/manga/2/350349l.jpg
1356,"Ja Nai Hou no Seijo to Yuusha: Are, Watashitachi tte Hontou ni ""Ja Nai Hou""?",,じゃない方の聖女と勇者～あれ、私たちって本当に『じゃない方』?～,Manga,3,,2026,https://cdn.myanimelist.net/images/manga/3/350351l.jpg
1358,Nidaime Seijo wa Tatakawanai,,二代目聖女は戦わない,Manga,2,,2026,https://cdn.myanimelist.net/images/manga/2/350354l.jpg
1358,Shinihime to Yobareta Mahoutsukai to Henkyou no Saikyou Kenshi,,死姫と呼ばれた魔法使いと辺境の最強剣士,Manga,2,,2026,https://cdn.myanimelist.net/images/manga/3/350364l.jpg
1358,"Uo, Dekkkka... Heroine Anthology",Wow!? She's BIG! ... A Heroine Anthology,うお、でっっっか…ヒロインアンソロジー,Manga,2,,2026,https://cdn.myanimelist.net/images/manga/3/350358l.jpg
