rank,title,title_english,title_japanese,type,members,score,year,image_url
1,Vinland Saga,Vinland Saga,ヴィンランド・サガ,Manga,368101,9.09,2005,https://cdn.myanimelist.net/images/manga/2/188925l.jpg
2,Kaichou wa Maid-sama!,Maid-sama!,会長はメイド様!,Manga,175845,8.37,2005,https://cdn.myanimelist.net/images/manga/3/267328l.jpg
3,Solanin,Solanin,ソラニン,Manga,139219,8.21,2005,https://cdn.myanimelist.net/images/manga/2/179699l.jpg
4,Kimi ni Todoke,Kimi ni Todoke: From Me to You,君に届け,Manga,133871,8.3,2005,https://cdn.myanimelist.net/images/manga/1/168283l.jpg
5,Liar Game,,LIAR GAME,Manga,128630,8.23,2005,https://cdn.myanimelist.net/images/manga/2/149018l.jpg
6,Hoshi no Samidare,Lucifer and the Biscuit Hammer,惑星のさみだれ,Manga,62980,8.31,2005,https://cdn.myanimelist.net/images/manga/3/56421l.jpg
7,Usagi Drop,Bunny Drop,うさぎドロップ,Manga,50645,6.94,2005,https://cdn.myanimelist.net/images/manga/2/203854l.jpg
8,Bitter Virgin,,ビターバージン,Manga,47712,7.75,2005,https://cdn.myanimelist.net/images/manga/2/55379l.jpg
9,Kiss x Sis,,kiss×sis,Manga,45051,7.29,2005,https://cdn.myanimelist.net/images/manga/2/291840l.jpg
10,Shugo Chara!,Shugo Chara!,しゅごキャラ！,Manga,41795,7.72,2005,https://cdn.myanimelist.net/images/manga/2/135293l.jpg
11,Dogs: Bullets & Carnage,Dogs: Bullets & Carnage,DOGS / BULLETS & CARNAGE,Manga,39086,8.05,2005,https://cdn.myanimelist.net/images/manga/2/232296l.jpg
12,07-Ghost,07-Ghost,07-GHOST,Manga,36298,7.91,2005,https://cdn.myanimelist.net/images/manga/2/21417l.jpg
13,Sayonara Zetsubou Sensei,"Sayonara, Zetsubou-Sensei",さよなら絶望先生,Manga,34778,8.15,2005,https://cdn.myanimelist.net/images/manga/3/156519l.jpg
14,Abara,Abara,アバラ,Manga,33848,6.69,2005,https://cdn.myanimelist.net/images/manga/3/171728l.jpg
15,Ga-Rei,Ga-Rei,喰霊,Manga,33394,7.64,2005,https://cdn.myanimelist.net/images/manga/2/185812l.jpg
16,Shi ga Futari wo Wakatsu made,Until Death Do Us Part,死がふたりを分かつまで,Manga,31994,7.91,2005,https://cdn.myanimelist.net/images/manga/3/167767l.jpg
17,Unbalance x2,,언밸런스×2,Manhwa,30707,7.67,2005,https://cdn.myanimelist.net/images/manga/1/159439l.jpg
18,Higurashi no Naku Koro ni: Onikakushi-hen,Higurashi WHEN THEY CRY: Abducted by Demons Arc,ひぐらしのなく頃に 鬼隠し編,Manga,29652,8.1,2005,https://cdn.myanimelist.net/images/manga/2/259982l.jpg
19,Dance in the Vampire Bund,Dance in the Vampire Bund,ダンスインザヴァンパイアバンド,Manga,29291,7.65,2005,https://cdn.myanimelist.net/images/manga/3/265065l.jpg
20,Hanma Baki,,範馬刃牙,Manga,28608,8.13,2005,https://cdn.myanimelist.net/images/manga/2/159342l.jpg
21,Ikigami,Ikigami: The Ultimate Limit,イキガミ,Manga,26521,7.83,2005,https://cdn.myanimelist.net/images/manga/3/145489l.jpg
22,Litchi☆Hikari Club,Lychee Light Club,ライチ☆光クラブ,Manga,26205,7.16,2005,https://cdn.myanimelist.net/images/manga/3/65867l.jpg
23,Moe Kare!!,,萌えカレ!!,Manga,25445,7.9,2005,https://cdn.myanimelist.net/images/manga/1/265857l.jpg
24,Cross Game,Cross Game,クロスゲーム,Manga,24847,8.48,2005,https://cdn.myanimelist.net/images/manga/1/260530l.jpg
25,The One,,獨領風騷,Manhua,23854,8.18,2005,https://cdn.myanimelist.net/images/manga/3/16312l.jpg
26,Kodomo no Jikan,,こどものじかん,Manga,23620,7.81,2005,https://cdn.myanimelist.net/images/manga/1/62557l.jpg
27,Boku no Hatsukoi wo Kimi ni Sasagu,Secret Unrequited Love,僕の初恋をキミに捧ぐ,Manga,22963,8.03,2005,https://cdn.myanimelist.net/images/manga/2/267550l.jpg
28,Majin Tantei Nougami Neuro,,魔人探偵脳噛ネウロ,Manga,22008,8.12,2005,https://cdn.myanimelist.net/images/manga/1/186638l.jpg
29,Sekai no Owari to Yoakemae,Before Dawn and the End of the World,世界の終わりと夜明け前,Manga,21931,7.64,2005,https://cdn.myanimelist.net/images/manga/3/199450l.jpg
30,Change 123,,ちぇんじ123,Manga,20836,7.6,2005,https://cdn.myanimelist.net/images/manga/4/260866l.jpg
31,Higurashi no Naku Koro ni: Watanagashi-hen,Higurashi WHEN THEY CRY: Cotton Drifting Arc,ひぐらしのなく頃に 綿流し編,Manga,20535,8.12,2005,https://cdn.myanimelist.net/images/manga/1/259983l.jpg
32,Fate/stay night,Fate/stay night,Fate/stay night,Manga,19844,7.57,2005,https://cdn.myanimelist.net/images/manga/2/115669l.jpg
33,Veritas,,베리타스,Manhwa,19709,7.52,2005,https://cdn.myanimelist.net/images/manga/1/55069l.jpg
34,Suzumiya Haruhi no Yuuutsu,The Melancholy of Haruhi Suzumiya,涼宮ハルヒの憂鬱,Manga,19563,7.75,2005,https://cdn.myanimelist.net/images/manga/2/186141l.jpg
35,Kaijuu no Kodomo,Children of the Sea,海獣の子供,Manga,19467,7.96,2005,https://cdn.myanimelist.net/images/manga/3/161119l.jpg
36,Bloody Kiss,Bloody Kiss,ブラッディKISS,Manga,19447,7.42,2005,https://cdn.myanimelist.net/images/manga/1/269704l.jpg
37,Rockin'★Heaven,,ロッキン★ヘブン,Manga,18292,7.7,2005,https://cdn.myanimelist.net/images/manga/3/4992l.jpg
38,Hana ni Arashi,Flower in a Storm,花にアラシ,Manga,17941,7.44,2005,https://cdn.myanimelist.net/images/manga/2/184460l.jpg
39,Detroit Metal City,DMC: Detroit Metal City,デトロイト・メタル・シティ,Manga,16708,8.05,2005,https://cdn.myanimelist.net/images/manga/1/207424l.jpg
40,Higurashi no Naku Koro ni: Tatarigoroshi-hen,Higurashi WHEN THEY CRY: Curse Killing Arc,ひぐらしのなく頃に 祟殺し編,Manga,16591,8.06,2005,https://cdn.myanimelist.net/images/manga/3/259984l.jpg
41,Sidooh,,SIDOOH―士道―,Manga,16458,7.57,2005,https://cdn.myanimelist.net/images/manga/1/263863l.jpg
42,Ai Kora,,あいこら,Manga,16434,7.67,2005,https://cdn.myanimelist.net/images/manga/2/60629l.jpg
43,Kaibutsu Oujo,Princess Resurrection,怪物王女,Manga,16229,7.5,2005,https://cdn.myanimelist.net/images/manga/1/163097l.jpg
44,Love-Berrish!,,ラブ・ベリッシュ！,Manga,15118,7.44,2005,https://cdn.myanimelist.net/images/manga/2/119135l.jpg
45,Blood+,Blood+,Blood+,Manga,15092,7.56,2005,https://cdn.myanimelist.net/images/manga/1/54703l.jpg
46,Itoshi no Kana,My Lovely Ghost Kana,愛しのかな,Manga,15008,7.36,2005,https://cdn.myanimelist.net/images/manga/3/1087l.jpg
47,Kingdom Hearts: Chain of Memories,Kingdom Hearts: Chain of Memories,キングダムハーツ チェインオブメモリーズ,Manga,14028,7.45,2005,https://cdn.myanimelist.net/images/manga/1/112415l.jpg
48,Private Prince,,"プライベート・プリンス,",Manga,13956,7.59,2005,https://cdn.myanimelist.net/images/manga/5/19202l.jpg
49,Jackals,,ジャッカル,Manga,13832,7.3,2005,https://cdn.myanimelist.net/images/manga/1/259164l.jpg
50,Full Metal Panic! Sigma,Full Metal Panic! Sigma,フルメタル・パニック! Σ,Manga,13822,8.35,2005,https://cdn.myanimelist.net/images/manga/1/55583l.jpg
51,Castlevania: Curse of Darkness,Castlevania: Curse of Darkness,悪魔城ドラキュラ 闇の呪印,Manga,13548,7.49,2005,https://cdn.myanimelist.net/images/manga/3/265854l.jpg
52,Love Neco,,ラブネコ,Manga,13404,7.46,2005,https://cdn.myanimelist.net/images/manga/4/172163l.jpg
53,Uragiri wa Boku no Namae wo Shitteiru,The Betrayal Knows My Name,裏切りは僕の名前を知っている,Manga,13300,7.87,2005,https://cdn.myanimelist.net/images/manga/3/195145l.jpg
54,World Embryo,World Embryo,ワールドエンブリオ,Manga,13243,7.55,2005,https://cdn.myanimelist.net/images/manga/3/53321l.jpg
55,Koukyoushihen Eureka seveN,Eureka Seven: Psalms of Planets,交響詩篇エウレカセブン,Manga,12657,7.8,2005,https://cdn.myanimelist.net/images/manga/3/161332l.jpg
56,Clannad,Clannad,クラナド,Manga,12654,7.9,2005,https://cdn.myanimelist.net/images/manga/3/6142l.jpg
57,Akuma to Dolce,,悪魔とドルチェ,Manga,12577,7.38,2005,https://cdn.myanimelist.net/images/manga/2/267923l.jpg
58,Soredemo Machi wa Mawatteiru,SoreMachi: And Yet the Town Moves,それでも町は廻っている,Manga,12572,8.24,2005,https://cdn.myanimelist.net/images/manga/1/185090l.jpg
59,Bradherley no Basha,,ブラッドハーレーの馬車,Manga,11833,6.46,2005,https://cdn.myanimelist.net/images/manga/2/56597l.jpg
60,Saraiya Goyou,House of Five Leaves,さらい屋五葉,Manga,11731,8.05,2005,https://cdn.myanimelist.net/images/manga/3/263286l.jpg
61,"Densha Otoko: Net Hatsu, Kakueki Teisha no Love Story",Train_Man: Densha Otoko,電車男 ネット発、各駅停車のラブ・ストーリー,Manga,11693,7.88,2005,https://cdn.myanimelist.net/images/manga/1/48231l.jpg
62,RustBlaster,,ラストブラスター,Manga,11398,7.32,2005,https://cdn.myanimelist.net/images/manga/3/20385l.jpg
63,Shakugan no Shana,Shakugan no Shana,灼眼のシャナ,Manga,11049,7.61,2005,https://cdn.myanimelist.net/images/manga/1/133569l.jpg
64,Boys on the Run,,ボーイズ・オン・ザ・ラン,Manga,10677,7.33,2005,https://cdn.myanimelist.net/images/manga/1/74829l.jpg
65,Melty Blood,,MELTY BLOOD,Manga,10504,7.44,2005,https://cdn.myanimelist.net/images/manga/1/186201l.jpg
66,Monster Soul,Monster Soul,MONSTER SOUL -モンスターソウル-,Manga,10362,6.83,2005,https://cdn.myanimelist.net/images/manga/5/23366l.jpg
67,Shinseiki Evangelion: Ikari Shinji Ikusei Keikaku,Neon Genesis Evangelion: The Shinji Ikari Raising Project,新世紀エヴァンゲリオン 碇シンジ育成計画,Manga,10340,6.52,2005,https://cdn.myanimelist.net/images/manga/1/172079l.jpg
68,Jigoku Shoujo,Hell Girl,地獄少女,Manga,10086,7.07,2005,https://cdn.myanimelist.net/images/manga/1/190949l.jpg
69,Yu☆Gi☆Oh! GX,Yu-Gi-Oh! GX,遊☆戯☆王GX,Manga,10055,7.11,2005,https://cdn.myanimelist.net/images/manga/3/178240l.jpg
70,Aoi Kiseki,,蒼いキセキ,Manga,10009,7.59,2005,https://cdn.myanimelist.net/images/manga/1/82032l.jpg
71,Koibana Onsen,,恋花温泉,Manga,9764,7.11,2005,https://cdn.myanimelist.net/images/manga/1/51425l.jpg
72,Yuria 100 Shiki,,ユリア100式,Manga,9694,6.93,2005,https://cdn.myanimelist.net/images/manga/3/51335l.jpg
73,Kannagi,Kannagi: Crazy Shrine Maidens,かんなぎ,Manga,9647,7.36,2005,https://cdn.myanimelist.net/images/manga/2/188972l.jpg
74,Zelda no Densetsu: Kamigami no Triforce (2005),The Legend of Zelda: A Link to the Past,ゼルダの伝説 神々のトライフォース,Manga,9394,7.22,2005,https://cdn.myanimelist.net/images/manga/1/290868l.jpg
75,Kingyosou,,金魚奏,Manga,9228,7.99,2005,https://cdn.myanimelist.net/images/manga/1/255391l.jpg
76,Purikyuu,,プリキュウ,Manga,9070,7.44,2005,https://cdn.myanimelist.net/images/manga/2/20710l.jpg
77,Crimson-Shell,Crimson-Shell,Crimson-Shell,Manga,9006,6.91,2005,https://cdn.myanimelist.net/images/manga/3/16610l.jpg
78,Zettai Karen Children,,絶対可憐チルドレン,Manga,8910,7.66,2005,https://cdn.myanimelist.net/images/manga/1/231867l.jpg
79,Cesare: Hakai no Souzousha,,チェーザレ 破壊の創造者,Manga,8861,7.98,2005,https://cdn.myanimelist.net/images/manga/2/207459l.jpg
80,Orange Yane no Chiisana Ie,,オレンジ屋根の小さな家,Manga,8665,7.77,2005,https://cdn.myanimelist.net/images/manga/2/53051l.jpg
81,Love Letter,,ラブレター,Manga,8421,7.63,2005,https://cdn.myanimelist.net/images/manga/2/18205l.jpg
82,Strawberry Panic!,Strawberry Panic,ストロベリー・パニック!,Manga,8415,7.01,2005,https://cdn.myanimelist.net/images/manga/3/341329l.jpg
83,Kieli: Shisha-tachi wa Kouya ni Nemuru,Kieli,キーリ～死者たちは荒野に眠る～,Manga,8348,7.84,2005,https://cdn.myanimelist.net/images/manga/2/185731l.jpg
84,Deep Love: Pao no Monogatari,,ＤｅｅｐＬｏｖｅ パオの物語,Manga,8325,7.86,2005,https://cdn.myanimelist.net/images/manga/3/36589l.jpg
85,Higurashi no Naku Koro ni: Onisarashi-hen,Higurashi WHEN THEY CRY: Demon Exposing Arc,ひぐらしのなく頃に 鬼曝し編,Manga,8312,7.79,2005,https://cdn.myanimelist.net/images/manga/1/116517l.jpg
86,Rappi Rangai,Ninja Girls,乱飛乱外,Manga,8163,7.24,2005,https://cdn.myanimelist.net/images/manga/2/157871l.jpg
87,Zippy Ziggy,,지피지기,Manhwa,8134,7.45,2005,https://cdn.myanimelist.net/images/manga/2/317011l.jpg
88,Bus Hashiru.,The Bus Takes You and Runs.,バス走る。,Manga,8131,7.48,2005,https://cdn.myanimelist.net/images/manga/3/181327l.jpg
89,Junai Strip,,純愛ストリップ,Manga,8111,6.56,2005,https://cdn.myanimelist.net/images/manga/3/104629l.jpg
90,Doushiyoumonai keredo,,どうしようもないけれど,Manga,8022,7.73,2005,https://cdn.myanimelist.net/images/manga/3/6252l.jpg
91,Fairy Cube,Fairy Cube,妖精標本〈フェアリー キューブ〉,Manga,7991,7.25,2005,https://cdn.myanimelist.net/images/manga/3/269921l.jpg
92,Dolls,,DOLLS,Manga,7953,7.6,2005,https://cdn.myanimelist.net/images/manga/2/15537l.jpg
93,Karakuri Odette,Karakuri Odette,カラクリオデット,Manga,7869,7.71,2005,https://cdn.myanimelist.net/images/manga/3/186260l.jpg
94,Ah! Itoshi no Banchou-sama,My Darling! Miss Bancho,あぁ愛しの番長さま,Manga,7615,7.64,2005,https://cdn.myanimelist.net/images/manga/2/185976l.jpg
95,Kyoudai Gentei!: Brother x Brother,,兄弟限定！ BROTHER X BROTHER,Manga,7304,7.56,2005,https://cdn.myanimelist.net/images/manga/5/13070l.jpg
96,Kyou kara Ma no Tsuku Jiyuugyou!,Kyo Kara Maoh!,今日から㋮のつく自由業！,Manga,7289,7.61,2005,https://cdn.myanimelist.net/images/manga/2/167622l.jpg
97,Chou yo Hana yo,"Butterflies, Flowers",蝶よ花よ,Manga,7204,7.32,2005,https://cdn.myanimelist.net/images/manga/3/87983l.jpg
98,Deep Love: Reina no Unmei,,Deep Love レイナの運命,Manga,7193,7.65,2005,https://cdn.myanimelist.net/images/manga/1/267542l.jpg
99,Inumimi,,いぬみみ,Manga,7159,7.16,2005,https://cdn.myanimelist.net/images/manga/1/67777l.jpg
100,Seitokaichou ni Chuukoku,"Hey, Class President!",生徒会長に忠告,Manga,6999,7.83,2005,https://cdn.myanimelist.net/images/manga/3/255613l.jpg
101,D.Gray-man: Reverse,,D.Gray-man reverse,Light Novel,6971,8.06,2005,https://cdn.myanimelist.net/images/manga/3/12458l.jpg
102,Dosei Mansion,Saturn Apartments,土星マンション,Manga,6930,7.43,2005,https://cdn.myanimelist.net/images/manga/5/29230l.jpg
103,Deep Love: Host,,Deep Love ホスト,Manga,6824,7.57,2005,https://cdn.myanimelist.net/images/manga/5/1995l.jpg
104,Le Théâtre de A,,LE THÉÂTRE DE A,Manga,6821,7.49,2005,https://cdn.myanimelist.net/images/manga/1/73567l.jpg
105,Devil May Cry 3,Devil May Cry 3,デビル メイ クライ 3,Manga,6762,7.08,2005,https://cdn.myanimelist.net/images/manga/5/112447l.jpg
106,Jack Frost,Jack Frost,잭 프로스트,Manhwa,6615,6.94,2005,https://cdn.myanimelist.net/images/manga/3/55257l.jpg
107,Gokuraku Seishun Hockey Club,My Heavenly Hockey Club,極楽 青春ホッケー部,Manga,6606,7.53,2005,https://cdn.myanimelist.net/images/manga/1/241814l.jpg
108,Mixed Vegetables,Mixed Vegetables,ミックスベジタブル,Manga,6603,7.56,2005,https://cdn.myanimelist.net/images/manga/3/267535l.jpg
109,Nanairo Sekai,,ナナイロセカイ,Manga,6420,7.75,2005,https://cdn.myanimelist.net/images/manga/1/13201l.jpg
110,Saiunkoku Monogatari,The Story of Saiunkoku,彩雲国物語,Manga,6353,7.78,2005,https://cdn.myanimelist.net/images/manga/3/181389l.jpg
111,Dear My Girls,,작은아씨들,Manhwa,6237,7.61,2005,https://cdn.myanimelist.net/images/manga/1/23551l.jpg
112,Shikabane Hime,Corpse Princess,屍姫,Manga,6216,7.23,2005,https://cdn.myanimelist.net/images/manga/1/56503l.jpg
113,Orange Planet,Orange Planet,オレンジ・プラネット,Manga,6186,7.27,2005,https://cdn.myanimelist.net/images/manga/2/8896l.jpg
114,Futabu! Mix,,ふた部！MIX,Manga,6185,7.65,2005,https://cdn.myanimelist.net/images/manga/2/125853l.jpg
115,Haruyuki Bus,Bus for Spring,春行バス,Manga,6061,7.71,2005,https://cdn.myanimelist.net/images/manga/3/9376l.jpg
116,Devil Ecstasy,Devil Ecstasy,デビルエクスタシー,Manga,6058,5.68,2005,https://cdn.myanimelist.net/images/manga/3/104207l.jpg
117,Abiru Junjou,,浴びる純情,Manga,6044,7.17,2005,https://cdn.myanimelist.net/images/manga/2/132645l.jpg
118,Kyoushi to Seito to,Teacher and Student,教師と生徒と,Manga,5997,7.55,2005,https://cdn.myanimelist.net/images/manga/2/161690l.jpg
119,Tales of Symphonia,,テイルズ オブ シンフォニア,Manga,5941,7.67,2005,https://cdn.myanimelist.net/images/manga/4/340108l.jpg
120,Akusaga,Blank Slate,悪性 －アクサガ－,Manga,5624,7.33,2005,https://cdn.myanimelist.net/images/manga/2/262906l.jpg
121,Ouji Romantica,,王子ロマンチカ,Manga,5542,7.49,2005,https://cdn.myanimelist.net/images/manga/5/22017l.jpg
122,Kenkou Zenrakei Suieibu Umishou,,ケンコー全裸系水泳部,Manga,5528,7.28,2005,https://cdn.myanimelist.net/images/manga/2/56923l.jpg
123,Angel Diary,Angel Diary,천행기,Manhwa,5500,7.61,2005,https://cdn.myanimelist.net/images/manga/3/264959l.jpg
124,Touhou Sangetsusei: Eastern and Little Nature Deity,,東方三月精 Eastern and Little Nature Deity,Manga,5487,6.93,2005,https://cdn.myanimelist.net/images/manga/4/6687l.jpg
125,Liberty☆Liberty!,Liberty Liberty!,リバティ☆リバティ!,Manga,5466,7.22,2005,https://cdn.myanimelist.net/images/manga/2/168858l.jpg
126,Golden Days,,ゴールデン・デイズ,Manga,5449,7.98,2005,https://cdn.myanimelist.net/images/manga/3/270289l.jpg
127,Barairo My Honey,,薔薇色myハニー,Manga,5380,7.57,2005,https://cdn.myanimelist.net/images/manga/2/185979l.jpg
128,Nousatsu Rock Shounen,,悩殺ロック少年,Manga,5295,7.57,2005,https://cdn.myanimelist.net/images/manga/3/175051l.jpg
129,Venus Versus Virus,Venus Versus Virus,Venus Versus Virus,Manga,5160,7.13,2005,https://cdn.myanimelist.net/images/manga/2/325961l.jpg
130,Yuretsuzukeru,,ゆれつづける,Manga,5142,6.66,2005,https://cdn.myanimelist.net/images/manga/2/25320l.jpg
131,Duds Hunt,,ダズハント,Manga,5035,6.95,2005,https://cdn.myanimelist.net/images/manga/2/334652l.jpg
132,Mascara Blues,,マスカラブルース,Manga,4965,6.98,2005,https://cdn.myanimelist.net/images/manga/3/181387l.jpg
133,Mel Kano.,,メルカノ。,Manga,4886,7.01,2005,https://cdn.myanimelist.net/images/manga/2/56267l.jpg
134,Hakkenden: Touhou Hakken Ibun,,八犬伝―東方八犬異聞―,Manga,4842,7.89,2005,https://cdn.myanimelist.net/images/manga/1/258614l.jpg
135,Ueki no Housoku Plus,The Law of Ueki Plus,うえきの法則プラス,Manga,4793,7.22,2005,https://cdn.myanimelist.net/images/manga/3/266595l.jpg
136,Dog Style,Dog Style,DOG STYLE,Manga,4787,8.11,2005,https://cdn.myanimelist.net/images/manga/2/266828l.jpg
137,Mother Keeper,,MOTHER KEEPER,Manga,4750,7.21,2005,https://cdn.myanimelist.net/images/manga/2/148699l.jpg
138,A Cat That Loved a Fish,,고양이를 사랑한 물고기,Manhwa,4608,6.33,2005,https://cdn.myanimelist.net/images/manga/1/22621l.jpg
139,Over Drive,,OverDrive,Manga,4524,7.42,2005,https://cdn.myanimelist.net/images/manga/3/191761l.jpg
140,Kokoro Kikai.,,ココロ機械。,Manga,4491,7.28,2005,https://cdn.myanimelist.net/images/manga/3/83933l.jpg
141,Houkago no Love Call,,放課後のラブコール,Manga,4397,7.0,2005,https://cdn.myanimelist.net/images/manga/2/334495l.jpg
142,"Koisuru Boukun dj - Aru Hi, Mori no Naka.",,ある日、森の中。,Doujinshi,4392,7.64,2005,https://cdn.myanimelist.net/images/manga/3/194452l.jpg
143,Jump Super Stars,,ジャンプスーパースターズ,One-shot,4360,6.09,2005,https://cdn.myanimelist.net/images/manga/1/312297l.jpg
144,Murder Princess,Murder Princess,MURDER PRINCESS,Manga,4308,6.93,2005,https://cdn.myanimelist.net/images/manga/3/169927l.jpg
145,Rasetsu no Hana,Rasetsu,らせつの花,Manga,4266,7.8,2005,https://cdn.myanimelist.net/images/manga/2/158188l.jpg
146,Bokutachi wa Asu ni Mukatte Ikiru no da,Living for Tomorrow,僕たちは明日に向かって生きるのだ,Manga,4256,7.3,2005,https://cdn.myanimelist.net/images/manga/1/169822l.jpg
147,Shinjuku Swan,,新宿スワン,Manga,4232,7.21,2005,https://cdn.myanimelist.net/images/manga/2/309335l.jpg
148,The Summit,The Summit,절정絶頂,Manhwa,4198,7.82,2005,https://cdn.myanimelist.net/images/manga/4/18344l.jpg
149,Marugoto♥Anju Gakuen,,まるごと♥杏樹学園,Manga,4163,7.05,2005,https://cdn.myanimelist.net/images/manga/3/5993l.jpg
150,Ciel,,씨엘,Manhwa,4146,7.64,2005,https://cdn.myanimelist.net/images/manga/1/4768l.jpg
151,Mushikago no Cagaster,Cagaster,虫籠のカガステル,Manga,4075,6.75,2005,https://cdn.myanimelist.net/images/manga/1/171351l.jpg
152,Swweeet,,SWWEEET―スウィート―,Manga,4073,6.63,2005,https://cdn.myanimelist.net/images/manga/3/56989l.jpg
153,Sex=Love²,,SEX=LOVE²,Manga,4065,6.62,2005,https://cdn.myanimelist.net/images/manga/2/73733l.jpg
154,Chrome Breaker,,クロム・ブレイカー,Manga,4062,7.06,2005,https://cdn.myanimelist.net/images/manga/1/7298l.jpg
155,Boku wa Kimi no Tori ni Naritai.,I want to become your bird.,僕は君の鳥になりたい。,Manga,4059,7.44,2005,https://cdn.myanimelist.net/images/manga/1/180997l.jpg
156,One Piece: Mugiwara Daigekijou,,ONE PIECE 麦わら大劇場,Manga,4015,7.25,2005,https://cdn.myanimelist.net/images/manga/2/273090l.jpg
157,Blood+ Adagio,Blood+: Adagio,ブラッド・プラス アダージョ,Manga,3970,7.39,2005,https://cdn.myanimelist.net/images/manga/1/10906l.jpg
158,Uso to Kiss,Lies & Kisses,うそとキス,Manga,3960,7.42,2005,https://cdn.myanimelist.net/images/manga/4/319232l.jpg
159,Kindan Kon,,禁断婚,Manga,3953,7.0,2005,https://cdn.myanimelist.net/images/manga/1/1369l.jpg
160,Hyouge Mono,,へうげもの,Manga,3932,7.97,2005,https://cdn.myanimelist.net/images/manga/1/199292l.jpg
161,Blood+: Yakou Joushi,Blood+ Kowloon Nights,BLOOD+ 夜行城市,Manga,3921,7.01,2005,https://cdn.myanimelist.net/images/manga/3/33946l.jpg
162,Dead Flowers,,DEAD FLOWERS,Manga,3880,6.4,2005,https://cdn.myanimelist.net/images/manga/1/12308l.jpg
163,ef: A Fairy Tale of the Two.,,ef - a fairy tale of the two.,Manga,3842,7.55,2005,https://cdn.myanimelist.net/images/manga/1/153812l.jpg
164,Mai-Otome,My-Otome,舞-乙HiME,Manga,3841,7.19,2005,https://cdn.myanimelist.net/images/manga/5/260849l.jpg
165,Kimi de Oboreta Ato wa,,君で溺れた後は,Manga,3836,7.18,2005,https://cdn.myanimelist.net/images/manga/3/30029l.jpg
166,Hatsu Inu,A Strange Kind of Woman,初犬,Manga,3824,7.48,2005,https://cdn.myanimelist.net/images/manga/2/198201l.jpg
167,Yuuhi Romance,,夕日ロマンス,Manga,3780,6.06,2005,https://cdn.myanimelist.net/images/manga/4/9784l.jpg
168,Kagakushitsu no Ouji,,化学室の王子,Manga,3769,7.13,2005,https://cdn.myanimelist.net/images/manga/3/337505l.jpg
169,Honggane,Honggane,홍가네,Manhwa,3761,7.52,2005,https://cdn.myanimelist.net/images/manga/4/4576l.jpg
170,Tenjou no Kajitsu,,天上の果実,Manga,3752,7.16,2005,https://cdn.myanimelist.net/images/manga/3/168449l.jpg
171,Royal 17,Royal 17,ロイヤルセブンティーン,Manga,3681,6.9,2005,https://cdn.myanimelist.net/images/manga/1/1495l.jpg
172,Gravitation EX,Gravitation EX,グラビテーションEX,Manga,3677,7.31,2005,https://cdn.myanimelist.net/images/manga/3/180139l.jpg
173,Kamisu Reina Series,,神栖麗奈シリーズ,Light Novel,3636,7.79,2005,https://cdn.myanimelist.net/images/manga/3/117705l.jpg
174,Ai no Gebokutachi,Love Prisoner,愛の下僕たち,Manga,3606,7.21,2005,https://cdn.myanimelist.net/images/manga/2/330025l.jpg
175,Dousei Recipe,,同棲レシピ,Manga,3601,6.99,2005,https://cdn.myanimelist.net/images/manga/1/125135l.jpg
176,Shissou Nikki,Disappearance Diary,失踪日記,Manga,3594,7.45,2005,https://cdn.myanimelist.net/images/manga/2/13392l.jpg
177,Ristorante Paradiso,,リストランテ・パラディーゾ,Manga,3549,7.06,2005,https://cdn.myanimelist.net/images/manga/1/205426l.jpg
178,1 Litre no Namida,,1リットルの涙,Manga,3473,7.68,2005,https://cdn.myanimelist.net/images/manga/1/88485l.jpg
179,Baki Gaiden: Scarface,Scarface: Legend of the Invincible Fist,バキ外伝 疵面 －スカーフェイス－,Manga,3466,7.31,2005,https://cdn.myanimelist.net/images/manga/1/128621l.jpg
180,Boku wa Sakana.,,僕は鱗。,One-shot,3452,6.99,2005,https://cdn.myanimelist.net/images/manga/1/19641l.jpg
181,Cherish,,チェリッシュ,Manga,3414,7.02,2005,https://cdn.myanimelist.net/images/manga/1/164356l.jpg
182,Katakoi no Tsuki,,片恋の月,Manga,3411,7.21,2005,https://cdn.myanimelist.net/images/manga/4/26901l.jpg
183,Onegai☆Twins,Onegai Twins,おねがい☆ツインズ,Manga,3409,6.9,2005,https://cdn.myanimelist.net/images/manga/3/58097l.jpg
184,Galism: Renai Joutou 3 Shimai,,ギャリズム~恋爱上等3姊妹~,Manga,3392,7.4,2005,https://cdn.myanimelist.net/images/manga/1/130919l.jpg
185,Koi Nanka Hajimaranai,,恋なんかはじまらない,Manga,3386,7.01,2005,https://cdn.myanimelist.net/images/manga/1/164444l.jpg
186,Koori-hime Kitan,,氷姫奇譚,One-shot,3380,6.56,2005,https://cdn.myanimelist.net/images/manga/3/3512l.jpg
187,"Asa made, Motto.",,朝まで、もっと。,Manga,3372,6.87,2005,https://cdn.myanimelist.net/images/manga/3/4042l.jpg
188,Koi to Wana,Love and Trap,恋と罠,Manga,3343,7.08,2005,https://cdn.myanimelist.net/images/manga/5/321381l.jpg
189,Soba ni Oite ne.,,そばにおいてね。,Manga,3327,7.07,2005,https://cdn.myanimelist.net/images/manga/1/324123l.jpg
190,Nemunoki no Geshukusou,,ねむの木の下宿荘,One-shot,3314,7.17,2005,https://cdn.myanimelist.net/images/manga/3/10377l.jpg
191,Inukami!,Inukami!,いぬかみっ!,Manga,3300,7.23,2005,https://cdn.myanimelist.net/images/manga/2/159384l.jpg
192,Hishoka Drop,Secretarial section Drop,秘書課ドロップ,Manga,3218,7.09,2005,https://cdn.myanimelist.net/images/manga/3/158746l.jpg
193,090: Eko to Issho,,090えこといっしょ。,Manga,3156,6.43,2005,https://cdn.myanimelist.net/images/manga/2/54095l.jpg
194,Love Stalking!,,ラヴストーキン!,Manga,3151,6.69,2005,https://cdn.myanimelist.net/images/manga/2/245127l.jpg
195,Aijin☆Incubus,Mister Mistress,愛人☆淫魔〈インキュバス〉,Manga,3147,7.35,2005,https://cdn.myanimelist.net/images/manga/3/267692l.jpg
196,C-blossom: Case 729,,C-blossom ―case729―,Manga,3128,7.32,2005,https://cdn.myanimelist.net/images/manga/3/62307l.jpg
197,Zenbu Ore no Mono!,,全部俺のモノ！,Manga,3098,7.13,2005,https://cdn.myanimelist.net/images/manga/1/342082l.jpg
198,Coin Laundry no Onna,,コインランドリーの女,Manga,3057,6.14,2005,https://cdn.myanimelist.net/images/manga/2/194919l.jpg
199,Gabai: Saga no Gabai Baachan,,がばい -佐賀のがばいばあちゃん-,Manga,3056,8.11,2005,https://cdn.myanimelist.net/images/manga/1/196045l.jpg
200,Mamacolle,Mamacolle,ママコレ,Manga,3014,7.23,2005,https://cdn.myanimelist.net/images/manga/3/19669l.jpg
201,Raiden-18,,RAIDEN-18,Manga,2998,6.98,2005,https://cdn.myanimelist.net/images/manga/1/246219l.jpg
202,Tonari ni Kimi no Nukumori wo,,隣にきみのぬくもりを,Manga,2968,7.14,2005,https://cdn.myanimelist.net/images/manga/1/341595l.jpg
203,Devil's Kiss,Devil's Kiss,悪魔のくちづけ,Manga,2960,6.77,2005,https://cdn.myanimelist.net/images/manga/2/267927l.jpg
204,Kamichu!,,かみちゅ!,Manga,2958,7.18,2005,https://cdn.myanimelist.net/images/manga/4/34714l.jpg
204,Nanba MG5,,ナンバMG5 (エム·ジー·ファイブ),Manga,2958,7.3,2005,https://cdn.myanimelist.net/images/manga/3/143649l.jpg
206,SOLD OUT!,,ソールドアウト！,Manga,2947,6.69,2005,https://cdn.myanimelist.net/images/manga/1/4800l.jpg
207,Tales of the Abyss,,テイルズ オブ ジ アビス,Manga,2930,7.47,2005,https://cdn.myanimelist.net/images/manga/4/76233l.jpg
208,Mimitabu no Riyuu,,耳たぶの理由,Manga,2920,7.08,2005,https://cdn.myanimelist.net/images/manga/1/338098l.jpg
209,Hidoi Otoko,Cruel Man,ヒドイ男,Manga,2846,7.03,2005,https://cdn.myanimelist.net/images/manga/5/297230l.jpg
210,Punch↑,Punch Up!,Punch↑,Manga,2832,7.82,2005,https://cdn.myanimelist.net/images/manga/1/167590l.jpg
211,Akutou Danshi Collection,,悪党男子コレクション,Manga,2802,6.93,2005,https://cdn.myanimelist.net/images/manga/2/20738l.jpg
212,Kilala☆Princess,Kilala Princess,Disney's きらら☆プリンセス,Manga,2793,7.21,2005,https://cdn.myanimelist.net/images/manga/3/190870l.jpg
213,Dekiai Paradox,Blind Love Paradox,溺愛パラドックス,Manga,2769,6.45,2005,https://cdn.myanimelist.net/images/manga/3/20750l.jpg
214,Gankutsuou,Gankutsuou: The Count of Monte Cristo,巌窟王,Manga,2765,6.88,2005,https://cdn.myanimelist.net/images/manga/2/138607l.jpg
215,Concerto,,コンチェルト,Manga,2760,6.72,2005,https://cdn.myanimelist.net/images/manga/2/61257l.jpg
216,Sumire♡17-sai!!,,スミレ♡17歳!!,Manga,2757,7.25,2005,https://cdn.myanimelist.net/images/manga/1/116283l.jpg
217,Digimon Next,,デジモンネクスト,Manga,2746,7.07,2005,https://cdn.myanimelist.net/images/manga/1/270348l.jpg
218,Dragon Eye,Dragon Eye,龍眼－ドラゴンアイ－,Manga,2741,7.57,2005,https://cdn.myanimelist.net/images/manga/2/176196l.jpg
219,Le Chevalier D'Eon,Le Chevalier D'Eon,シュヴァリエ,Manga,2721,7.03,2005,https://cdn.myanimelist.net/images/manga/3/286577l.jpg
220,"Zenbu, Hajimete.","A New Beginning, First Part.",ぜんぶ、はじめて。,Manga,2720,7.0,2005,https://cdn.myanimelist.net/images/manga/3/17836l.jpg
221,Togainu no Chi,,咎狗の血,Manga,2685,7.35,2005,https://cdn.myanimelist.net/images/manga/3/88469l.jpg
222,Kyou kara Hitman,,今日からヒットマン,Manga,2677,7.12,2005,https://cdn.myanimelist.net/images/manga/3/157886l.jpg
223,Kingdom Hearts,Kingdom Hearts,キングダムハーツ,Light Novel,2629,7.63,2005,https://cdn.myanimelist.net/images/manga/2/36970l.jpg
224,Fuyu no Doubutsuen,A Zoo in Winter,冬の動物園,Manga,2604,7.48,2005,https://cdn.myanimelist.net/images/manga/2/21934l.jpg
225,Ryuu no Hanawazurai,Two Flowers for the Dragon,龍の花わずらい,Manga,2578,7.29,2005,https://cdn.myanimelist.net/images/manga/3/257267l.jpg
226,Sugar Princess,Sugar Princess: Skating to Win,シュガープリンセス,Manga,2576,7.06,2005,https://cdn.myanimelist.net/images/manga/1/267926l.jpg
227,Shinigami no Ballad.,Ballad of a Shinigami,しにがみのバラッド。,Manga,2568,7.48,2005,https://cdn.myanimelist.net/images/manga/1/209216l.jpg
228,Y十M: Yagyuu Ninpouchou,The Yagyu Ninja Scrolls: Revenge of the Hori Clan,Y十M 〜柳生忍法帖〜,Manga,2563,7.2,2005,https://cdn.myanimelist.net/images/manga/3/157496l.jpg
229,Ade-iro Netsu Shisen,,艶色熱視線,One-shot,2555,6.33,2005,https://cdn.myanimelist.net/images/manga/1/81894l.jpg
230,Dear Green: Hitomi no Ounowa,,ディア・グリーン 瞳の追うのは,Manga,2535,7.83,2005,https://cdn.myanimelist.net/images/manga/3/276301l.jpg
231,Anata wo Mamoritakute,,アナタを守りたくて,One-shot,2533,6.63,2005,https://cdn.myanimelist.net/images/manga/1/81920l.jpg
232,100 Days Dream,,백일몽,One-shot,2530,6.48,2005,https://cdn.myanimelist.net/images/manga/5/112515l.jpg
233,Aruji no Oose no Mama ni,Your Word Is My Command,主のおおせのままに,Manga,2509,7.17,2005,https://cdn.myanimelist.net/images/manga/2/21390l.jpg
234,Bitter Sweet Café,,ビタースイートカフェ,Manga,2508,7.15,2005,https://cdn.myanimelist.net/images/manga/3/82058l.jpg
235,Ovally Trap,Ovally Trap,,One-shot,2482,6.9,2005,https://cdn.myanimelist.net/images/manga/1/80061l.jpg
236,Trigger,,TRIGGER,Manga,2472,7.09,2005,https://cdn.myanimelist.net/images/manga/2/315862l.jpg
237,Toukaidou Hisame,,東海道HISAME,Manga,2449,7.43,2005,https://cdn.myanimelist.net/images/manga/2/23601l.jpg
238,Apothecarius Argentum,Apothecarius Argentum,薬師アルジャン,Manga,2421,7.25,2005,https://cdn.myanimelist.net/images/manga/3/5234l.jpg
239,Koakuma Café,Little Devil Cafe,小悪魔カフェ,Manga,2418,6.86,2005,https://cdn.myanimelist.net/images/manga/2/191408l.jpg
240,Oneechan no Onegai,A Wish of my Sister.,お姉ちゃんのお願い,Manga,2400,6.73,2005,https://cdn.myanimelist.net/images/manga/1/49151l.jpg
241,C.M.B. Shinra Hakubutsukan no Jiken Mokuroku,,C.M.B. 森羅博物館の事件目録,Manga,2387,7.71,2005,https://cdn.myanimelist.net/images/manga/5/76317l.jpg
242,Hero Heel: Eiyuu to Akkan,Hero Heel,HERO・HEEL 英雄と悪漢,Manga,2381,7.47,2005,https://cdn.myanimelist.net/images/manga/1/193140l.jpg
243,My Girl,,마이걸,Manhwa,2365,7.2,2005,https://cdn.myanimelist.net/images/manga/4/262332l.jpg
244,07-Ghost Children,,07-GHOST CHILDREN,Manga,2358,7.45,2005,https://cdn.myanimelist.net/images/manga/1/172746l.jpg
245,Captain Tsubasa: Golden-23,,キャプテン翼 GOLDEN－23,Manga,2356,7.47,2005,https://cdn.myanimelist.net/images/manga/5/153537l.jpg
245,Konoyo Ibun,A Strange & Mystifying Story,この世 異聞,Manga,2356,7.41,2005,https://cdn.myanimelist.net/images/manga/2/179673l.jpg
247,Ghost Only: Yuurei Senyou Restaurant,,GHOST ONLY～幽霊専用レストラン～,Manga,2347,7.35,2005,https://cdn.myanimelist.net/images/manga/3/267925l.jpg
248,Koi wa Go Go!,,恋はGOGO！,Manga,2340,6.99,2005,https://cdn.myanimelist.net/images/manga/3/310876l.jpg
248,Libido,,リビドー,One-shot,2340,6.67,2005,https://cdn.myanimelist.net/images/manga/3/166465l.jpg
250,Rose Hip Zero,Rose Hip Zero,ROSE HIP ZERO,Manga,2339,7.08,2005,https://cdn.myanimelist.net/images/manga/1/177217l.jpg
251,Kanokon,,かのこん,Light Novel,2328,7.21,2005,https://cdn.myanimelist.net/images/manga/1/160731l.jpg
252,Love Lesson.com,Love Lesson.com,Love Lesson.com ラブレッスン ドット コム,Manga,2326,7.13,2005,https://cdn.myanimelist.net/images/manga/1/154261l.jpg
253,Archlord,Archlord,아크로드,Manhwa,2322,6.72,2005,https://cdn.myanimelist.net/images/manga/2/262334l.jpg
254,Forest of Gray City,Forest of Gray City,잿빛 도시숲을 달리다,Manhwa,2316,7.17,2005,https://cdn.myanimelist.net/images/manga/1/311634l.jpg
255,Adventure and Trouble Diary,,파란만장 다이어리,Manhwa,2297,7.09,2005,https://cdn.myanimelist.net/images/manga/2/269079l.jpg
256,Amon Game,,アモン・ゲーム,One-shot,2270,6.26,2005,https://cdn.myanimelist.net/images/manga/3/138567l.jpg
257,Shoujo Fight,Shojo Fight!,少女ファイト,Manga,2268,7.07,2005,https://cdn.myanimelist.net/images/manga/3/7588l.jpg
258,Akuma na Kare to Ikenie Tenshi,,悪魔なカレといけにえ天使,Manga,2264,7.24,2005,https://cdn.myanimelist.net/images/manga/3/267553l.jpg
259,"Densha Otoko: Demo, Ore Tabidatsu yo",Densha Otoko: The Story of a Train Man Who Fell in Love With A Girl,電車男 ～でも、俺旅立つよ～,Manga,2244,7.6,2005,https://cdn.myanimelist.net/images/manga/2/5240l.jpg
260,Hanbun no Tsuki ga Noboru Sora,,半分の月がのぼる空,Manga,2196,7.06,2005,https://cdn.myanimelist.net/images/manga/1/18890l.jpg
261,Pochiyama at the Pharmacy,Pochiyama at the Pharmacy,薬局のポチ山さん,Doujinshi,2187,6.48,2005,https://cdn.myanimelist.net/images/manga/2/11146l.jpg
262,Tenki Yohou no Koibito,,天気予報ノ恋人,Manga,2185,7.62,2005,https://cdn.myanimelist.net/images/manga/3/195202l.jpg
263,Azrael's Edge,,アズラエルズエッジ,Manga,2176,6.49,2005,https://cdn.myanimelist.net/images/manga/3/21416l.jpg
264,Afuganisu-tan,,あふがにすタン,Manga,2148,6.4,2005,https://cdn.myanimelist.net/images/manga/2/28670l.jpg
264,Delivery,,デリバリー,Manga,2148,6.65,2005,https://cdn.myanimelist.net/images/manga/2/161755l.jpg
266,Mahou Shoujo Lyrical Nanoha A's,,魔法少女リリカルなのはA's,Manga,2143,7.31,2005,https://cdn.myanimelist.net/images/manga/1/33371l.jpg
267,Ore no Tenshi wa Mayonaka Akuma,Angel & Devil,俺の天使は真夜中悪魔,Manga,2138,7.07,2005,https://cdn.myanimelist.net/images/manga/1/5965l.jpg
268,Iinazuke Ryokan,Fiancée Inn,許嫁旅館,Manga,2134,7.18,2005,https://cdn.myanimelist.net/images/manga/3/4641l.jpg
269,Tokyo Boys & Girls,Tokyo Boys & Girls,東京少年少女,Manga,2129,6.73,2005,https://cdn.myanimelist.net/images/manga/5/997l.jpg
270,Koi wa Keiyaku no Ato de,Lover's Pledge,恋は契約のあとで,Manga,2122,7.18,2005,https://cdn.myanimelist.net/images/manga/3/18912l.jpg
271,Masuraou,,益荒王,Manga,2114,6.65,2005,https://cdn.myanimelist.net/images/manga/1/252417l.jpg
272,Shinsetsu Bobobo-bo Bo-bobo,,真説ボボボーボ・ボーボボ,Manga,2101,7.18,2005,https://cdn.myanimelist.net/images/manga/3/275337l.jpg
273,"Oniichan ga, Suki.",,おにいちゃんが、すき。,Manga,2084,6.99,2005,https://cdn.myanimelist.net/images/manga/1/99863l.jpg
274,Moon Boy,Moon Boy,月요일 소년,Manhwa,2083,7.27,2005,https://cdn.myanimelist.net/images/manga/2/261780l.jpg
275,Kimi ga Inakerya Iki mo Dekinai,I Can't Even Breathe Without You,きみがいなけりゃ息もできない,Manga,2080,7.35,2005,https://cdn.myanimelist.net/images/manga/2/321420l.jpg
276,Kakko Warukute Kakkoii Kimi,COOL/UNCOOL,カッコ悪くてカッコイイ君,Manga,2072,7.16,2005,https://cdn.myanimelist.net/images/manga/3/22680l.jpg
277,Deep Kiss,,ディープキス,Manga,2053,6.62,2005,https://cdn.myanimelist.net/images/manga/3/161118l.jpg
278,Shiawase Ikura de Kaemasu ka?,How Much is Happiness?,幸せいくらで買えますか?,Manga,2052,7.14,2005,https://cdn.myanimelist.net/images/manga/3/267507l.jpg
279,JC Ecchi,,JCエッチ,Manga,2051,7.14,2005,https://cdn.myanimelist.net/images/manga/1/49415l.jpg
280,Tsuyogari,,つよがり,One-shot,2036,6.78,2005,https://cdn.myanimelist.net/images/manga/3/22624l.jpg
281,Mizugi Kanojo,,水着彼女,Manga,2021,7.11,2005,https://cdn.myanimelist.net/images/manga/1/48645l.jpg
282,Kazekaze no Hito,,淋風の人,Manga,2001,6.74,2005,https://cdn.myanimelist.net/images/manga/1/20824l.jpg
283,Yamikagishi,,闇鍵師,Manga,1977,6.79,2005,https://cdn.myanimelist.net/images/manga/1/64451l.jpg
284,Hanairo Virgin Soil,,花色バージンソイル,Manga,1972,7.01,2005,https://cdn.myanimelist.net/images/manga/1/30168l.jpg
285,Tropical ni Koi-iro,Colorful Love in the Tropics,トロピカルに恋色,One-shot,1958,7.04,2005,https://cdn.myanimelist.net/images/manga/3/4213l.jpg
286,Eikaiwa School Wars,,英会話スクールウォーズ,Manga,1954,6.72,2005,https://cdn.myanimelist.net/images/manga/1/173690l.jpg
286,Overdose,,,Manga,1954,6.97,2005,https://cdn.myanimelist.net/images/manga/2/2312l.jpg
288,Koisuru Heart de Taihoshite,,恋するハートでタイホして,Manga,1942,6.89,2005,https://cdn.myanimelist.net/images/manga/2/67709l.jpg
289,Dark Mage,,다크 메이지,Manhwa,1941,7.0,2005,https://cdn.myanimelist.net/images/manga/4/34917l.jpg
290,Natsukashi Machi no Rozione,Himeyuka & Rozione’s Story,昔久街のロジオネ,Manga,1936,7.06,2005,https://cdn.myanimelist.net/images/manga/2/32610l.jpg
291,Tennenkei Ouji,Natural Prince,天然系☆王子,Manga,1929,7.04,2005,https://cdn.myanimelist.net/images/manga/2/2730l.jpg
292,Yumeyume Kirakiradou,Yume Kira Dream Shoppe,ゆめゆめ煌々堂,Manga,1913,7.25,2005,https://cdn.myanimelist.net/images/manga/3/123091l.jpg
293,A Silent Greeting,,A Silent Greeting,One-shot,1902,5.76,2005,https://cdn.myanimelist.net/images/manga/2/6820l.jpg
294,Speed Grapher,Speed Grapher,スピードグラファー,Manga,1884,6.87,2005,https://cdn.myanimelist.net/images/manga/3/286161l.jpg
295,Anchoko!,,あんちょこ！,Manga,1883,6.87,2005,https://cdn.myanimelist.net/images/manga/2/29729l.jpg
296,Eureka Seven,,交響詩篇エウレカセブン,Light Novel,1882,7.64,2005,https://cdn.myanimelist.net/images/manga/2/123613l.jpg
297,Fight Ippatsu! Juuden-chan!!,,ファイト一発！充電ちゃん!!,Manga,1881,6.69,2005,https://cdn.myanimelist.net/images/manga/3/122303l.jpg
298,Honnou: Motto Midaretai,,本能 ～もっと乱れたい,Manga,1872,6.73,2005,https://cdn.myanimelist.net/images/manga/3/111777l.jpg
299,Another Kingdom,,アナザー・キングダム,Manga,1870,6.85,2005,https://cdn.myanimelist.net/images/manga/3/275291l.jpg
300,Sora no Manimani,,宙のまにまに,Manga,1869,7.26,2005,https://cdn.myanimelist.net/images/manga/3/141107l.jpg
301,Yoake Mae,,ヨアケマエ,One-shot,1868,5.04,2005,https://cdn.myanimelist.net/images/manga/2/4079l.jpg
302,Tamago no Kimi,,たまごのきみ。,Manga,1864,6.98,2005,https://cdn.myanimelist.net/images/manga/3/345335l.jpg
303,Ookami ga Kuru!,,オオカミが来る！GIB MIR SONNE,Manga,1858,7.1,2005,https://cdn.myanimelist.net/images/manga/2/5849l.jpg
304,Otogimoyou Ayanishiki,,お伽もよう綾にしき,Manga,1857,7.57,2005,https://cdn.myanimelist.net/images/manga/2/252506l.jpg
305,Kimi no Ai wa Mienikui,Invisible Love,君の愛は見えにくい,Manga,1853,7.08,2005,https://cdn.myanimelist.net/images/manga/3/5905l.jpg
306,M.C. Law,M.C. Law,エムシーロウ,Manga,1850,7.15,2005,https://cdn.myanimelist.net/images/manga/3/4291l.jpg
307,Clamp no Kiseki,,ＣＬＡＭＰノキセキ,Manga,1849,7.0,2005,https://cdn.myanimelist.net/images/manga/2/11761l.jpg
308,Meitantei Conan,Detective Conan,小説名探偵コナン,Light Novel,1842,7.72,2005,https://cdn.myanimelist.net/images/manga/1/337295l.jpg
309,Alice on Deadlines,Alice on Deadlines,D線上のアリス,Manga,1839,6.74,2005,https://cdn.myanimelist.net/images/manga/1/300l.jpg
310,Qi Shi Gong Zhu,Knight Princess,骑士公主,Manhua,1838,7.46,2005,https://cdn.myanimelist.net/images/manga/2/42140l.jpg
311,Kokoro to Karada no Hazama,The Interval Between the Heart and the Body,,One-shot,1795,6.68,2005,https://cdn.myanimelist.net/images/manga/1/2393l.jpg
312,"Te wo Tsunaide, Sora wo",Two of Hearts,手をつないで、空を,Manga,1792,7.18,2005,https://cdn.myanimelist.net/images/manga/3/279877l.jpg
313,Evil Heart,,EVIL HEART,Manga,1791,7.36,2005,https://cdn.myanimelist.net/images/manga/2/154929l.jpg
314,Fujimi 2-choume Koukyougakudan: Kanrei Zensen Conductor,,富士見二丁目交響楽団 寒冷前線コンダクター,Manga,1766,6.85,2005,https://cdn.myanimelist.net/images/manga/1/273095l.jpg
314,Love Cure,,Love Cure,Doujinshi,1766,6.62,2005,https://cdn.myanimelist.net/images/manga/5/293640l.jpg
314,Tales of Symphonia: Extra Load,,テイルズ オブ シンフォニア EXTRA LOAD,Manga,1766,7.72,2005,https://cdn.myanimelist.net/images/manga/1/10971l.jpg
314,Yasashii Ryuu no Koroshikata,,やさしい竜の殺し方,Manga,1766,7.43,2005,https://cdn.myanimelist.net/images/manga/2/21123l.jpg
318,Suki wo Choudai,,好きをちょうだい,Manga,1764,6.63,2005,https://cdn.myanimelist.net/images/manga/5/112435l.jpg
319,Affair,Affair,Affair,Manga,1760,6.43,2005,https://cdn.myanimelist.net/images/manga/3/6029l.jpg
320,Game x Rush,Game x Rush,ゲーム×ラッシュ,Manga,1745,7.33,2005,https://cdn.myanimelist.net/images/manga/2/270177l.jpg
321,Sakura no Uta: The Tear Flows Because of Tenderness.,,サクラノ詩 -The tear flows because of tenderness.-,Manga,1735,6.52,2005,https://cdn.myanimelist.net/images/manga/5/90425l.jpg
322,Usotsuki wa Shinshi no Hajimari,Lies are a Gentleman's Manners,嘘つきは紳士のはじまり,Manga,1728,7.32,2005,https://cdn.myanimelist.net/images/manga/2/33392l.jpg
323,Kemeko Deluxe!,,ケメコデラックス!,Manga,1727,6.93,2005,https://cdn.myanimelist.net/images/manga/1/159424l.jpg
324,Flowers,,FLOWERS,Manga,1725,7.18,2005,https://cdn.myanimelist.net/images/manga/2/82160l.jpg
325,Kingdom Hearts: Chain of Memories,Kingdom Hearts: Chain of Memories,キングダムハーツ チェイン オブ メモリーズ《ソラ編》,Light Novel,1723,7.5,2005,https://cdn.myanimelist.net/images/manga/3/158373l.jpg
326,Chronicles of the Grim Peddler,Chronicles of the Grim Peddler,아기장수 이야기,Manhwa,1721,7.08,2005,https://cdn.myanimelist.net/images/manga/4/35414l.jpg
327,Steal Moon,Steal Moon,Steal Moon,Manga,1715,7.22,2005,https://cdn.myanimelist.net/images/manga/1/168476l.jpg
328,Hare Yuku Sora,,晴れゆく空,Manga,1708,7.65,2005,https://cdn.myanimelist.net/images/manga/3/202425l.jpg
329,Tokyo Toy Box,,東京トイボックス,Manga,1706,7.18,2005,https://cdn.myanimelist.net/images/manga/1/191490l.jpg
330,Digimon D-Cyber,,數碼暴龍D-CYBER,Manhua,1703,6.2,2005,https://cdn.myanimelist.net/images/manga/3/276295l.jpg
331,"Fly, Daddy, Fly",,"フライ,ダディ,フライ",Manga,1688,7.13,2005,https://cdn.myanimelist.net/images/manga/2/169236l.jpg
332,Cutie Lips,,キューティ・リップス,Manga,1686,6.63,2005,https://cdn.myanimelist.net/images/manga/3/260027l.jpg
333,E.A.r.T.h,EArTh,エアリセ,Manga,1678,6.88,2005,https://cdn.myanimelist.net/images/manga/3/118847l.jpg
334,Kono Uchi de Kimi to,,この家(ウチ)できみと,Manga,1674,7.27,2005,https://cdn.myanimelist.net/images/manga/3/267539l.jpg
335,Junai no Seinen,The young person's pure love,…純愛の青年,Manga,1672,7.08,2005,https://cdn.myanimelist.net/images/manga/1/7409l.jpg
336,Tsumasaki ni Kiss,A Gentleman's Kiss,爪先にキス,Manga,1667,7.5,2005,https://cdn.myanimelist.net/images/manga/2/4927l.jpg
337,Tarinai Jikan,Not Enough Time,足りない時間,Manga,1666,6.96,2005,https://cdn.myanimelist.net/images/manga/3/282190l.jpg
338,Hanamuko-san,Mr. Flower Groom,花ムコさん,Manga,1647,6.95,2005,https://cdn.myanimelist.net/images/manga/3/19581l.jpg
338,Sayonara Watashitachi,Goodbye My Life,さよなら私たち,Manga,1647,6.99,2005,https://cdn.myanimelist.net/images/manga/2/267566l.jpg
340,Love Material,,Love Material,Doujinshi,1639,6.59,2005,https://cdn.myanimelist.net/images/manga/1/21493l.jpg
341,Satou-kun no Juunan Seikatsu,,佐藤君の柔軟生活,Manga,1638,7.35,2005,https://cdn.myanimelist.net/images/manga/2/174449l.jpg
342,Idol-sama no Yoru no Okao,,アイドル様の夜のお顔,Manga,1629,6.98,2005,https://cdn.myanimelist.net/images/manga/2/141233l.jpg
343,Akutai wa Toiki to Mazariau,Sweet Whisper,悪態は吐息とまざりあう,Manga,1617,6.89,2005,https://cdn.myanimelist.net/images/manga/1/5936l.jpg
344,Devilman Mokushiroku: Strange Days,,デビルマン黙示録STRANGE DAYS,Manga,1601,6.28,2005,https://cdn.myanimelist.net/images/manga/3/290243l.jpg
345,Boku wa Pet,,ぼくはペット,One-shot,1591,6.88,2005,https://cdn.myanimelist.net/images/manga/3/23170l.jpg
346,Ba-thump Ba-thump Diary,,,Manhwa,1590,6.64,2005,https://cdn.myanimelist.net/images/manga/2/6160l.jpg
347,Yurusarete Inai Watashitachi,,ゆるされていない私たち,Manga,1583,7.21,2005,https://cdn.myanimelist.net/images/manga/5/196194l.jpg
348,Utawarerumono,,うたわれるもの,Manga,1575,7.0,2005,https://cdn.myanimelist.net/images/manga/2/157854l.jpg
349,Japon,Japan as Viewed by 17 Creators,JAPON ～JAPAN×FRANCE MANGA COLLECTION～,Manga,1573,6.56,2005,https://cdn.myanimelist.net/images/manga/2/183123l.jpg
350,Happy Happy Clover,Happy Happy Clover,はぴはぴクローバー,Manga,1570,7.31,2005,https://cdn.myanimelist.net/images/manga/2/175862l.jpg
351,Allure,Allure,ALLURE ―蠱惑―,Manga,1566,7.0,2005,https://cdn.myanimelist.net/images/manga/1/152343l.jpg
352,Kuma to Interi,,クマとインテリ,Manga,1551,6.99,2005,https://cdn.myanimelist.net/images/manga/4/19039l.jpg
353,Kenka Shoubai,,喧嘩商売,Manga,1544,6.68,2005,https://cdn.myanimelist.net/images/manga/3/36614l.jpg
354,Takeru ~ Opera Susanoh Sword of the Devil,Takeru - Opera Susanoh Sword of the Devil,TAKERU~SUSANOH~魔性の剣より~,Manga,1531,7.42,2005,https://cdn.myanimelist.net/images/manga/3/2772l.jpg
355,Kiken na Hokeni Counselor,,危険な保健医カウンセラー,Manga,1522,6.86,2005,https://cdn.myanimelist.net/images/manga/1/276137l.jpg
356,Oyayubisagashi,,親指さがし,Manga,1518,6.89,2005,https://cdn.myanimelist.net/images/manga/3/173687l.jpg
357,Koi Tomo,,恋友,Manga,1515,6.85,2005,https://cdn.myanimelist.net/images/manga/2/2794l.jpg
358,Ani-Com,,アニコン,Manga,1514,6.8,2005,https://cdn.myanimelist.net/images/manga/4/91223l.jpg
359,Chokotto Hime,,ちょこっとヒメ,Manga,1505,7.17,2005,https://cdn.myanimelist.net/images/manga/3/211719l.jpg
360,Shounen wa Amaku Aisu,A Boy's Sweet Love,少年は甘く愛す,Manga,1488,6.77,2005,https://cdn.myanimelist.net/images/manga/5/88585l.jpg
361,Beautiful Name,,,Manga,1476,7.0,2005,https://cdn.myanimelist.net/images/manga/2/1948l.jpg
362,Kiss dake ja Kaesanai,Kiss that Started a Love,キスだけじゃかえさない。,Manga,1469,7.09,2005,https://cdn.myanimelist.net/images/manga/2/10007l.jpg
363,Alignment You! You!,,あらいめんとゆーゆー,Manga,1463,6.97,2005,https://cdn.myanimelist.net/images/manga/2/121819l.jpg
364,Gokusen Bangaichi,,番外地,One-shot,1460,7.2,2005,https://cdn.myanimelist.net/images/manga/3/64829l.jpg
365,Taizou Mote King Saga,,太臓もて王サーガ,Manga,1458,,2005,https://cdn.myanimelist.net/images/manga/2/159354l.jpg
366,Rumble Rush,,ランブル・ラッシュ,Manga,1449,6.67,2005,https://cdn.myanimelist.net/images/manga/1/15919l.jpg
367,Touch Blue,Touch Blue,九条ＡＯＩ,Manga,1445,6.9,2005,https://cdn.myanimelist.net/images/manga/3/41922l.jpg
368,Mieru Hito,,みえるひと,Manga,1442,6.8,2005,https://cdn.myanimelist.net/images/manga/2/4877l.jpg
369,.hack//GnU,,.hack//GnU （ドットハックグニュー）,Manga,1437,6.42,2005,https://cdn.myanimelist.net/images/manga/1/4776l.jpg
370,Green Peace,,グリーン・ピース,Manga,1433,6.93,2005,https://cdn.myanimelist.net/images/manga/2/334496l.jpg
371,Aibu,,,Manga,1432,6.38,2005,https://cdn.myanimelist.net/images/manga/1/15780l.jpg
372,Midara na Sasayaki,Indecent Whispers,淫らな囁き,One-shot,1425,6.81,2005,https://cdn.myanimelist.net/images/manga/3/2399l.jpg
373,Ar Tonelico: Arpeggio,,Ar tonelico -arpeggio-,Manga,1418,6.63,2005,https://cdn.myanimelist.net/images/manga/3/17287l.jpg
374,Sugar Addiction,Sugarholic,설탕 중독,Manhwa,1417,7.39,2005,https://cdn.myanimelist.net/images/manga/5/30272l.jpg
375,Aikotoba wa Hallelujah,,合言葉はハレルヤ,Manga,1414,7.09,2005,https://cdn.myanimelist.net/images/manga/2/15264l.jpg
376,Tokyo Alice,Tokyo Alice,東京アリス,Manga,1412,6.92,2005,https://cdn.myanimelist.net/images/manga/2/161352l.jpg
377,Sunaebo,,순애보,Manhwa,1400,6.86,2005,https://cdn.myanimelist.net/images/manga/1/32727l.jpg
378,Kamisama Kazoku,Kamisama Kazoku,神様家族,Manga,1393,6.92,2005,https://cdn.myanimelist.net/images/manga/1/44613l.jpg
379,Lovely♥Lesson,,ラブリー♥レッスン,Manga,1388,7.03,2005,https://cdn.myanimelist.net/images/manga/3/150440l.jpg
380,Honoo no Suna,,,Manga,1379,6.69,2005,https://cdn.myanimelist.net/images/manga/3/47837l.jpg
381,Kuchibiru ni Amai Doku,,唇に甘い毒,Manga,1377,7.17,2005,https://cdn.myanimelist.net/images/manga/1/266380l.jpg
382,Yume no Soko,,ゆめの底,Manga,1376,7.11,2005,https://cdn.myanimelist.net/images/manga/3/89045l.jpg
383,Meru Meru Mail,,メルめるメール,Manga,1374,7.15,2005,https://cdn.myanimelist.net/images/manga/2/11941l.jpg
384,Zero: Circle of Flow,,제로-흐름의 원,Manhwa,1366,6.54,2005,https://cdn.myanimelist.net/images/manga/2/36515l.jpg
385,Ookamitachi no Tengoku,The Paradise of Wolves,オオカミたちの天国,Manga,1362,6.86,2005,https://cdn.myanimelist.net/images/manga/2/29769l.jpg
386,Nephilim,Nephilim,ネフィリム,Manga,1357,6.91,2005,https://cdn.myanimelist.net/images/manga/3/5186l.jpg
387,Atori Shou,,アトリ抄,Manga,1355,6.78,2005,https://cdn.myanimelist.net/images/manga/2/127761l.jpg
388,Junai Fetizm,,純愛フェチズム,Manga,1351,6.84,2005,https://cdn.myanimelist.net/images/manga/3/6723l.jpg
389,Hibi Renren,,日々恋々,Manga,1350,6.72,2005,https://cdn.myanimelist.net/images/manga/3/30467l.jpg
390,Shiki Tsukai,Shiki Tsukai,四季使い,Manga,1349,6.91,2005,https://cdn.myanimelist.net/images/manga/4/341339l.jpg
391,Cynthia the Mission,,シンシア ザ ミッション,Manga,1345,6.66,2005,https://cdn.myanimelist.net/images/manga/3/55141l.jpg
392,Shin Violence Jack,,新バイオレンスジャック,Manga,1344,6.51,2005,https://cdn.myanimelist.net/images/manga/2/203317l.jpg
393,Ai wa Doko Itta?,Where Has Love Gone?,アイはどこいった?,Manga,1343,6.96,2005,https://cdn.myanimelist.net/images/manga/1/280695l.jpg
394,Besharigurashi,,べしゃり暮らし,Manga,1333,7.12,2005,https://cdn.myanimelist.net/images/manga/1/222503l.jpg
395,Love Recipe,Love Recipe,愛在旋轉,Manga,1331,7.14,2005,https://cdn.myanimelist.net/images/manga/2/5529l.jpg
396,Yuri Seijin Naoko-san,,百合星人ナオコサン,Manga,1330,6.62,2005,https://cdn.myanimelist.net/images/manga/1/211572l.jpg
397,Crown,Crown,クラオン,Manga,1322,7.1,2005,https://cdn.myanimelist.net/images/manga/1/18128l.jpg
398,Kidou Senshi Gundam-san,,機動戦士ガンダムさん,Manga,1314,7.59,2005,https://cdn.myanimelist.net/images/manga/3/40572l.jpg
399,Yume Yume * You You,Dream Dream You You,ゆめゆめ・ゆうゆう,Manga,1312,6.67,2005,https://cdn.myanimelist.net/images/manga/1/1997l.jpg
400,Love Blog,Love Blog,,Manga,1311,6.86,2005,https://cdn.myanimelist.net/images/manga/2/15501l.jpg
401,Kyoukan Astro,S.S. ASTRO: Asashio Sogo Teachers' ROom,教艦ASTRO,Manga,1306,7.07,2005,https://cdn.myanimelist.net/images/manga/2/19607l.jpg
402,Koko kara Dousuru?,,ここからどうする？,Manga,1301,6.78,2005,https://cdn.myanimelist.net/images/manga/3/30427l.jpg
403,Gyakuten Saiban: Turnabout Crossover,,,Manga,1295,6.93,2005,https://cdn.myanimelist.net/images/manga/2/7750l.jpg
404,With!!,Oh! My Brother,with!!,Manga,1289,7.1,2005,https://cdn.myanimelist.net/images/manga/3/267920l.jpg
405,Fujiiro Sky Coppo,,藤色スカイコーポ,One-shot,1287,6.26,2005,https://cdn.myanimelist.net/images/manga/3/12041l.jpg
406,Toto!: The Wonderful Adventure,Toto!: The Wonderful Adventure,トト！the wonderful adventure,Manga,1284,7.08,2005,https://cdn.myanimelist.net/images/manga/2/126765l.jpg
407,Akai na,,緋いな,One-shot,1278,5.84,2005,https://cdn.myanimelist.net/images/manga/2/147331l.jpg
408,Saigo no Shouzou,Last Portrait,最後の肖像,Manga,1270,7.18,2005,https://cdn.myanimelist.net/images/manga/3/5464l.jpg
409,Rival ni Ki wo Tsukero,,ライバルに気をつけろ,Manga,1266,7.06,2005,https://cdn.myanimelist.net/images/manga/1/336048l.jpg
410,Houkago Dorei Club,Afterschool Sex Slave Club,放課後奴隷倶楽部,Manga,1246,6.7,2005,https://cdn.myanimelist.net/images/manga/1/95263l.jpg
411,Puzzle+,Puzzle+,PUZZLE+,Manga,1227,6.74,2005,https://cdn.myanimelist.net/images/manga/1/159357l.jpg
412,Dorothea: Majo no Tetsutsui,Dorothea,ドロテア～魔女の鉄鎚～,Manga,1221,7.02,2005,https://cdn.myanimelist.net/images/manga/2/202846l.jpg
413,Binkan Kiss,,敏感キッス,Manga,1217,6.22,2005,https://cdn.myanimelist.net/images/manga/3/112749l.jpg
413,Shoujo no Melancholy,A Girl's Melancholy,少女のメランコリー,Manga,1217,6.75,2005,https://cdn.myanimelist.net/images/manga/2/171797l.jpg
415,Tsumi Bukaku Aishiteyo,Love Me Sinfully,罪深く愛してよ,Manga,1215,6.78,2005,https://cdn.myanimelist.net/images/manga/2/272481l.jpg
416,Nayamu hodo Nara Koi to Yobe!,,悩むほどなら恋とよべ！,Manga,1213,6.74,2005,https://cdn.myanimelist.net/images/manga/1/298407l.jpg
417,Tomodachi kara Yoroshiku desu!,,!友だちからよろしくです！,One-shot,1211,6.94,2005,https://cdn.myanimelist.net/images/manga/1/4298l.jpg
418,Keppeki Shounen Kanzen Soubi,Clean-Freak Fully-Equipped,潔癖少年 完全装備,Manga,1202,7.4,2005,https://cdn.myanimelist.net/images/manga/2/271855l.jpg
419,Kimitachi Otokonoko,,きみたち男の子,Manga,1187,7.32,2005,https://cdn.myanimelist.net/images/manga/3/30318l.jpg
420,Tenkuu Seiryuu - Innocent Dragon,Innocent Dragon,天空聖龍～イノセント・ドラゴン～,Manga,1186,7.5,2005,https://cdn.myanimelist.net/images/manga/1/6703l.jpg
421,Bakusou!! Love Attack,,爆走!! ラブアタック,Manga,1185,6.68,2005,https://cdn.myanimelist.net/images/manga/3/31469l.jpg
421,Chime♪: Peach na Seito to Banana na Kyoushi,Chime,チャイム♪～ピーチな生徒とバナナな教師～,Manga,1185,6.79,2005,https://cdn.myanimelist.net/images/manga/1/153973l.jpg
421,Nakizakura Kitan,,亡鬼桜奇譚,Manga,1185,7.46,2005,https://cdn.myanimelist.net/images/manga/3/173717l.jpg
424,Elite-sama Koi Shiyou,,エリートさま 恋・仕様,Manga,1183,6.84,2005,https://cdn.myanimelist.net/images/manga/3/313106l.jpg
424,Luo Xue Cheng Bai,,落雪成白,Manhua,1183,6.99,2005,https://cdn.myanimelist.net/images/manga/3/20203l.jpg
426,Aitsu ni Koishita 4-ttsu no Wake,,アイツに恋した4つの理由〈ワケ〉,Manga,1181,6.82,2005,https://cdn.myanimelist.net/images/manga/3/119595l.jpg
427,Utsumuku Shisen,Shy Intentions,うつむく視線 -I was cowardly in doing love.-,Manga,1179,7.09,2005,https://cdn.myanimelist.net/images/manga/2/6152l.jpg
428,Peter Panda,Peter Panda,피터판다,Manhwa,1175,7.26,2005,https://cdn.myanimelist.net/images/manga/4/30227l.jpg
429,Satanister,,サタニスター,Manga,1170,6.54,2005,https://cdn.myanimelist.net/images/manga/2/273372l.jpg
430,Sandwich Girl,Sandwich Girl,,Manhwa,1168,7.19,2005,https://cdn.myanimelist.net/images/manga/2/27138l.jpg
431,Love Romance Sweet Kiss,,ラブロマンス・スウィートキス,Manga,1158,6.47,2005,https://cdn.myanimelist.net/images/manga/1/278246l.jpg
432,Yasuko to Kenji,Yasuko and Kenji,ヤスコとケンジ,Manga,1157,7.35,2005,https://cdn.myanimelist.net/images/manga/1/83156l.jpg
433,Eureka Seven: Gravity Boys and Lifting Girl,Eureka Seven: Gravity Boys & Lifting Girl,エウレカセブン グラヴィティボーイズ＆リフティングガール,Manga,1154,6.75,2005,https://cdn.myanimelist.net/images/manga/2/166768l.jpg
434,Hakuba no Ouji-sama,,ハクバノ王子サマ,Manga,1148,6.44,2005,https://cdn.myanimelist.net/images/manga/5/76347l.jpg
435,Inner = Bloomer,,インナー＝ブルマ,Manga,1143,6.65,2005,https://cdn.myanimelist.net/images/manga/3/116317l.jpg
436,Kininaru Roommate,,気になるルームメイト,Manga,1142,6.82,2005,https://cdn.myanimelist.net/images/manga/5/112433l.jpg
437,17-sai no Mama,,17歳のママ,Manga,1141,6.53,2005,https://cdn.myanimelist.net/images/manga/3/14840l.jpg
438,Makimodoshi no Koi no Uta,,まきもどしの恋の詩,Manga,1135,6.93,2005,https://cdn.myanimelist.net/images/manga/3/36710l.jpg
439,Koi no Himitsukichi,Love's Secret Hideout,恋のひみつきち,Manga,1133,6.75,2005,https://cdn.myanimelist.net/images/manga/3/267558l.jpg
440,Love Master A,Love Master A,ラブマスターA,Manga,1128,6.96,2005,https://cdn.myanimelist.net/images/manga/1/250610l.jpg
441,Dare ga Omae wo Suki dato Itta,Did I Ever Tell You That I Love You?,誰がおまえを好きだと言った,Manga,1124,7.0,2005,https://cdn.myanimelist.net/images/manga/1/12433l.jpg
442,Koi no Ichibyougo,,恋の一秒後,Manga,1122,7.14,2005,https://cdn.myanimelist.net/images/manga/4/127451l.jpg
443,Makunouchi Deluxe,Makunouchi Deluxe,幕の内でらっくす,Manga,1117,6.94,2005,https://cdn.myanimelist.net/images/manga/3/55519l.jpg
444,Apple Lip-tan,,リプたん アップル,One-shot,1114,5.6,2005,https://cdn.myanimelist.net/images/manga/1/142711l.jpg
445,Candy Girl,,キャンディーガール,Manga,1110,6.82,2005,https://cdn.myanimelist.net/images/manga/3/50067l.jpg
446,Anata ga Oshiete Kureta Koto,It is that you taught.,あなたが教えてくれたこと,Manga,1109,6.9,2005,https://cdn.myanimelist.net/images/manga/1/6091l.jpg
447,Kiiroi Isu,,黄色いイス,Manga,1108,6.46,2005,https://cdn.myanimelist.net/images/manga/3/122355l.jpg
448,"Good-bye, My 19 year Old Self",,"안녕, 나의 열아홉 살",Manhwa,1103,6.54,2005,https://cdn.myanimelist.net/images/manga/3/6540l.jpg
448,Mata Ashita,See You Tomorrow,またあした,Manga,1103,7.18,2005,https://cdn.myanimelist.net/images/manga/2/7336l.jpg
448,Translucent: Kanojo wa Hantoumei,Translucent,トランスルーセント 彼女は半透明,Manga,1103,7.21,2005,https://cdn.myanimelist.net/images/manga/2/708l.jpg
451,Momogumi Plus Senki,Momogumi Plus Senki,桃組プラス戦記,Manga,1096,7.02,2005,https://cdn.myanimelist.net/images/manga/1/171358l.jpg
452,Umi no Kishidan,,海の綺士団,Manga,1095,7.35,2005,https://cdn.myanimelist.net/images/manga/2/192565l.jpg
453,Toumei Shounen,Invisible Boy,透明少年,Manga,1094,7.05,2005,https://cdn.myanimelist.net/images/manga/1/22775l.jpg
454,Birthday,,バースデイ,Manga,1085,6.38,2005,https://cdn.myanimelist.net/images/manga/4/60757l.jpg
455,Anata e no Tsuki,,あなたへの月,Manga,1084,6.8,2005,https://cdn.myanimelist.net/images/manga/4/169678l.jpg
456,Shounen Chuudoku,Boy Poison,少年中毒,Manga,1081,6.99,2005,https://cdn.myanimelist.net/images/manga/3/271859l.jpg
457,Akihabara@DEEP,Akihabara@DEEP,アキハバラ@DEEP,Manga,1078,6.68,2005,https://cdn.myanimelist.net/images/manga/4/76323l.jpg
458,Hatsukoi Rocket,,初恋ロケット,Manga,1077,6.71,2005,https://cdn.myanimelist.net/images/manga/1/82202l.jpg
459,Candy,,キャンディ,Manga,1075,6.67,2005,https://cdn.myanimelist.net/images/manga/2/168031l.jpg
459,Densha Otoko: Bijo to Junjou Otaku Seinen no Net-Hatsu Love Story,Train Man: A Shojo Manga,電車男―美女と純情ヲタク青年のネット発ラブストーリー,Manga,1075,7.45,2005,https://cdn.myanimelist.net/images/manga/3/167594l.jpg
461,Shinobu Kokoro wa,Shinobu Kokoro - Hidden Heart,しのぶこころは,Manga,1073,6.71,2005,https://cdn.myanimelist.net/images/manga/2/357l.jpg
462,Make Me Happy,Make Me Happy,メイク・ミー・ハッピー,Manga,1071,7.08,2005,https://cdn.myanimelist.net/images/manga/3/4525l.jpg
462,Mujintou Lovers,Lovers on a Desert Island,無人島ラバーズ,Manga,1071,6.7,2005,https://cdn.myanimelist.net/images/manga/3/283852l.jpg
464,Seifuku Zukan,,制服図鑑,Manga,1070,6.89,2005,https://cdn.myanimelist.net/images/manga/3/267921l.jpg
465,Pink no Omocha,,ピンクのおもちゃ,Manga,1069,6.57,2005,https://cdn.myanimelist.net/images/manga/2/119547l.jpg
466,Fukigen na Oujisama,,不機嫌な王子様,Manga,1064,6.56,2005,https://cdn.myanimelist.net/images/manga/1/30217l.jpg
467,Katekyou Hitman Reborn! Reborn VS Kyouaku Hitmen,,リボーンVS凶悪ヒットマン,One-shot,1059,6.51,2005,https://cdn.myanimelist.net/images/manga/3/128145l.jpg
468,Machina Angelus,,マーキナ・アンゲルス,Manga,1056,6.88,2005,https://cdn.myanimelist.net/images/manga/1/156911l.jpg
469,Let's Bible!,,Let's BIBLE！,Manga,1051,6.19,2005,https://cdn.myanimelist.net/images/manga/5/10093l.jpg
470,Go Ahead,,ゴーアヘッド,Manga,1046,6.8,2005,https://cdn.myanimelist.net/images/manga/3/164837l.jpg
471,Kaikan Fortune,Pleasure Fortune,快感フォーチュン,Manga,1042,6.68,2005,https://cdn.myanimelist.net/images/manga/3/282193l.jpg
472,Aishi Kimi ni Sasageru,,愛し君に捧げる,One-shot,1033,7.01,2005,https://cdn.myanimelist.net/images/manga/2/16277l.jpg
473,Ijiwaru na Aitsu,Stop bullying me!,意地悪なアイツ,Manga,1030,6.96,2005,https://cdn.myanimelist.net/images/manga/2/147639l.jpg
473,White & Black,,White & Black,Manga,1030,7.25,2005,https://cdn.myanimelist.net/images/manga/1/182532l.jpg
475,Atashi no Onna ni Te wo Dasuna,,あたしの女に手をだすな,Manga,1018,5.86,2005,https://cdn.myanimelist.net/images/manga/2/9438l.jpg
476,Uroboros no Wa,Uroboros's Circle,ウロボロスの輪,Manga,1014,6.71,2005,https://cdn.myanimelist.net/images/manga/1/7506l.jpg
477,Kure-nai,,紅,Light Novel,1013,7.25,2005,https://cdn.myanimelist.net/images/manga/2/145559l.jpg
478,Aventura,Adventura,Aventura,Manga,1012,7.31,2005,https://cdn.myanimelist.net/images/manga/3/5261l.jpg
479,Hot Gimmick S,Hot Gimmick S,ホットギミックS,Light Novel,1009,6.58,2005,https://cdn.myanimelist.net/images/manga/4/142829l.jpg
480,Zense to Gense to Kimi to Ore,,前世と現世と君と俺,Manga,1006,6.77,2005,https://cdn.myanimelist.net/images/manga/1/2974l.jpg
481,Skincream de Nurashite,,スキンクリームで濡らして,Manga,998,7.07,2005,https://cdn.myanimelist.net/images/manga/1/30178l.jpg
482,Shounen Maid Curo-kun,Boy Housemaid Curo,少年メイドクーロ君,Manga,991,6.22,2005,https://cdn.myanimelist.net/images/manga/1/172283l.jpg
483,Mahou no Yama,,魔法の山,Manga,988,6.38,2005,https://cdn.myanimelist.net/images/manga/1/34964l.jpg
484,Deltora Quest,Deltora Quest,デルトラ・クエスト,Manga,985,7.09,2005,https://cdn.myanimelist.net/images/manga/1/169566l.jpg
485,/Blush,,/Blush -スラッシュ・ブラッシュ-,Manga,981,6.39,2005,https://cdn.myanimelist.net/images/manga/2/126245l.jpg
486,Hanasaki Kanon,,イバラの魔術師,Manga,980,7.33,2005,https://cdn.myanimelist.net/images/manga/3/82698l.jpg
486,Oyasumi☆Darling,,おやすみ☆ダーリン,Manga,980,6.64,2005,https://cdn.myanimelist.net/images/manga/2/7280l.jpg
488,Star Blacks,Star Blacks,スターブラックス,Manga,978,6.73,2005,https://cdn.myanimelist.net/images/manga/2/10111l.jpg
489,Kage kara Mamoru!,Mamoru the Shadow Protector,陰からマモル！,Manga,974,6.95,2005,https://cdn.myanimelist.net/images/manga/2/163383l.jpg
490,Nandemo Arisa,,ナンでもありさ,One-shot,971,6.83,2005,https://cdn.myanimelist.net/images/manga/3/91755l.jpg
491,Idol Ace,,アイドルA〈エース〉,Manga,970,6.41,2005,https://cdn.myanimelist.net/images/manga/3/288034l.jpg
492,Sensual Trigger,,スイッチを入れて,Manga,968,6.2,2005,https://cdn.myanimelist.net/images/manga/2/5605l.jpg
493,S,S,エス,Light Novel,966,7.74,2005,https://cdn.myanimelist.net/images/manga/3/284068l.jpg
494,Seikesshou Albatross,,聖結晶アルバトロス,Manga,962,6.72,2005,https://cdn.myanimelist.net/images/manga/5/76361l.jpg
494,Steamboy,,スチームボーイ,Manga,962,6.79,2005,https://cdn.myanimelist.net/images/manga/3/178389l.jpg
496,Saikyou no Love♡Magic,The Strongest Love♡Magic,最強のLOVE♡MAGIC,Manga,960,6.8,2005,https://cdn.myanimelist.net/images/manga/3/207660l.jpg
497,105-goushitsu no Inu,,105号室の犬,Manga,952,6.97,2005,https://cdn.myanimelist.net/images/manga/2/59213l.jpg
498,El El,,エレル,Manga,948,6.35,2005,https://cdn.myanimelist.net/images/manga/2/102489l.jpg
498,Puri Puri: The Premature Priest,Puri Puri: The Premature Priest,プリプリ the premature priest,Manga,948,6.89,2005,https://cdn.myanimelist.net/images/manga/1/6605l.jpg
500,Lunatic Honey,,ルナテッィク・Honey,Manga,943,6.99,2005,https://cdn.myanimelist.net/images/manga/1/21323l.jpg
501,Chijo de Yajuu,,痴女で野獣,Manga,933,6.89,2005,https://cdn.myanimelist.net/images/manga/2/49467l.jpg
502,Tatakau Shisho Series,,戦う司書シリーズ,Light Novel,930,7.09,2005,https://cdn.myanimelist.net/images/manga/2/116711l.jpg
503,Doutei Hakusho,,童貞白書,Manga,927,6.7,2005,https://cdn.myanimelist.net/images/manga/1/13271l.jpg
504,Parapal,,パラパル,Manga,925,6.86,2005,https://cdn.myanimelist.net/images/manga/1/173720l.jpg
504,Wagamama Romeo,,わがままロメオ,Manga,925,6.8,2005,https://cdn.myanimelist.net/images/manga/3/45913l.jpg
506,Oujisama no Kanojo,,王子様の彼女,Manga,916,6.22,2005,https://cdn.myanimelist.net/images/manga/3/10355l.jpg
507,Nemureru Mori,,ねむれる森,One-shot,914,6.59,2005,https://cdn.myanimelist.net/images/manga/1/12334l.jpg
508,Kanjou Kairo,Manic Love,感情回路,Manga,912,6.97,2005,https://cdn.myanimelist.net/images/manga/3/11239l.jpg
509,Negai Kanae Tamae,Grant My Wish,願い叶えたまえ,Manga,910,7.04,2005,https://cdn.myanimelist.net/images/manga/1/937l.jpg
510,Watashitachi no Tamura-kun,Our Dear Tamura-kun,わたしたちの田村くん,Light Novel,903,7.18,2005,https://cdn.myanimelist.net/images/manga/1/11268l.jpg
511,"Nanji, Chikai no Kuchizuke wo...",,汝、誓いの口づけを・・・,Manga,901,6.82,2005,https://cdn.myanimelist.net/images/manga/2/60411l.jpg
512,Senaka kara Daite,,背中から抱いて,Manga,898,6.71,2005,https://cdn.myanimelist.net/images/manga/3/15097l.jpg
513,Tsumi to Kuchizuke,Sins and Kisses,罪とくちづけ ‐ 楽園に奪われた十日間‐,Manga,895,6.75,2005,https://cdn.myanimelist.net/images/manga/2/288329l.jpg
514,Bokura wa Dokonimo Hirakanai,,僕らはどこにも開かない,Light Novel,894,7.23,2005,https://cdn.myanimelist.net/images/manga/2/158495l.jpg
515,Amai Nukumori,,甘いぬくもり,Manga,893,6.62,2005,https://cdn.myanimelist.net/images/manga/3/275794l.jpg
516,Yellow Pop,,イエローポップ,Manga,889,6.72,2005,https://cdn.myanimelist.net/images/manga/3/112133l.jpg
517,Damasaretemo Suki na Hito,,だまされても好きなひと,Manga,888,6.63,2005,https://cdn.myanimelist.net/images/manga/2/334498l.jpg
518,Go Go Kikaku,5/5 Project; Project 5/5; Love Glasses,5/5☆企画; 5/5・企画; 5/5企画,Manga,877,6.46,2005,https://cdn.myanimelist.net/images/manga/1/2550l.jpg
519,Koi no Tsubo,,恋の経穴,Manga,874,6.94,2005,https://cdn.myanimelist.net/images/manga/3/278249l.jpg
520,Animal Sense,,A.S.(アニマル・センス),Manga,866,7.1,2005,https://cdn.myanimelist.net/images/manga/2/34043l.jpg
521,Aishikata mo Wakarazuni,Not Knowing How to Love,愛し方も分からずに,Manga,864,6.77,2005,https://cdn.myanimelist.net/images/manga/1/12832l.jpg
522,Nabi: The Prototype,Nabi: The Prototype,NaBi 나비 The Proto Type,Manhwa,860,6.87,2005,https://cdn.myanimelist.net/images/manga/1/8674l.jpg
523,Kimi to Boku no Junjou Renai Jijou,,君と僕の純情恋愛事情,One-shot,852,6.93,2005,https://cdn.myanimelist.net/images/manga/2/282557l.jpg
524,Heat,,,Manga,851,7.14,2005,https://cdn.myanimelist.net/images/manga/3/30315l.jpg
524,Mote ne!?,,もてね!?,Manga,851,6.36,2005,https://cdn.myanimelist.net/images/manga/3/63181l.jpg
526,Kazoku Donburi,,家族どんぶり,Manga,850,7.0,2005,https://cdn.myanimelist.net/images/manga/2/39037l.jpg
527,Togainu no Chi Anthology Comic,,咎狗の血,Manga,849,7.05,2005,https://cdn.myanimelist.net/images/manga/3/2902l.jpg
528,Blizzard Axel,,ブリザードアクセル,Manga,841,6.69,2005,https://cdn.myanimelist.net/images/manga/1/130983l.jpg
529,Mika ni Harassment,,みかにハラスメント,Manga,839,6.12,2005,https://cdn.myanimelist.net/images/manga/4/112465l.jpg
530,Taiken,,,Manga,836,6.1,2005,https://cdn.myanimelist.net/images/manga/3/14473l.jpg
531,Kokushi no Shima,,黒祠の島,Manga,830,6.87,2005,https://cdn.myanimelist.net/images/manga/3/149460l.jpg
532,China Blue Jasmine,,チャイナ・ブルー JASMINE,Manga,829,6.27,2005,https://cdn.myanimelist.net/images/manga/1/156342l.jpg
533,Toki☆Meka!,,とき☆めか!,Manga,825,6.47,2005,https://cdn.myanimelist.net/images/manga/1/288908l.jpg
534,[zion],,[zion],Manga,821,6.51,2005,https://cdn.myanimelist.net/images/manga/3/16428l.jpg
535,Gekijouban Naruto: Dai Gekitotsu! Maboroshi no Chitei Iseki Datteba yo,,劇場版NARUTO 大激突!幻の地底遺跡だってばよ,Light Novel,814,6.57,2005,https://cdn.myanimelist.net/images/manga/2/228874l.jpg
536,Saikyou! Toritsu Aoizaka Koukou Yakyuubu,,最強! 都立あおい坂高校野球部,Manga,811,7.19,2005,https://cdn.myanimelist.net/images/manga/1/66037l.jpg
537,Love Training,Love Training,ラブトレ,Manga,810,6.38,2005,https://cdn.myanimelist.net/images/manga/1/5531l.jpg
538,Little Witch's Diary,Little Witch's Diary,小巫女的童話日記,Manhua,809,7.07,2005,https://cdn.myanimelist.net/images/manga/2/12132l.jpg
539,Gekijouban Pocket Monster AG: Mew to Hadou no Yuusha Lucario,Pokémon: Lucario and the Mystery of Mew,劇場版ポケットモンスターAG ミュウと波導の勇者ルカリオ,Manga,803,7.07,2005,https://cdn.myanimelist.net/images/manga/2/17192l.jpg
540,Pixy Gale,,ピクシーゲイル,Manga,802,6.8,2005,https://cdn.myanimelist.net/images/manga/2/167210l.jpg
541,Natsu no Kakera,,夏のカケラ,Manga,801,6.75,2005,https://cdn.myanimelist.net/images/manga/2/89041l.jpg
541,Tonari no Tonari no Oneesan,,となりのとなりのお姉さん,Manga,801,6.86,2005,https://cdn.myanimelist.net/images/manga/3/48353l.jpg
543,Nakagami-ke no Ichizoku,Clan of the Nakagamis,仲神家の一族,Manga,797,6.86,2005,https://cdn.myanimelist.net/images/manga/3/31109l.jpg
544,Hitoriga,,独蛾 －ヒトリガ－,Manga,796,6.67,2005,https://cdn.myanimelist.net/images/manga/1/132561l.jpg
544,Tail Chaser,,てぇいる・ちぇいさー,Manga,796,7.0,2005,https://cdn.myanimelist.net/images/manga/3/48343l.jpg
546,Hentai Shounen: Jun no Koufuku na Hibi,,変態少年 純の幸福な日々,Manga,792,6.03,2005,https://cdn.myanimelist.net/images/manga/5/337016l.jpg
547,Miseinen Lovers,,未成年ｌｏｖｅｒｓ,Manga,786,6.94,2005,https://cdn.myanimelist.net/images/manga/3/83106l.jpg
548,Kenrou Densetsu: Akai Ashikon,,犬狼伝説 紅い足痕,Manga,785,,2005,https://cdn.myanimelist.net/images/manga/1/73893l.jpg
549,Gordias no Musubime,,ゴルディオスの結び目,Manga,780,6.65,2005,https://cdn.myanimelist.net/images/manga/3/32369l.jpg
549,Kamisama Shinkaron,Oh My God!,カミサマ進化論,Manga,780,7.26,2005,https://cdn.myanimelist.net/images/manga/3/21548l.jpg
551,Momoiro Junjou Danshi,Purehearted Boys,桃色純情男子,Manga,774,6.61,2005,https://cdn.myanimelist.net/images/manga/2/79487l.jpg
551,Yoru wo Utau Kodomotachi,,夜を謳う子供たち,Manga,774,6.55,2005,https://cdn.myanimelist.net/images/manga/2/17413l.jpg
553,Black Jack Alive,,ブラック・ジャック Ａｌｉｖｅ,Manga,767,6.6,2005,https://cdn.myanimelist.net/images/manga/2/25334l.jpg
553,Mizu no Iro Gin no Tsuki,,水の色 銀の月,Manga,767,6.16,2005,https://cdn.myanimelist.net/images/manga/2/156034l.jpg
555,Silva.,,しるバ.,Manga,765,6.78,2005,https://cdn.myanimelist.net/images/manga/3/114765l.jpg
556,Megaren: Megane x Koi,,メガレン～眼鏡×恋～,Manga,758,6.24,2005,https://cdn.myanimelist.net/images/manga/3/37408l.jpg
557,Ginban Kaleidoscope,,銀盤カレイドスコープ,Manga,756,7.1,2005,https://cdn.myanimelist.net/images/manga/3/309298l.jpg
557,Teppen no Himawari,Sunflower,てっぺんのひまわり,Manga,756,7.0,2005,https://cdn.myanimelist.net/images/manga/2/5944l.jpg
559,Hari to Orange,,針とオレンジ,Manga,755,6.15,2005,https://cdn.myanimelist.net/images/manga/3/152528l.jpg
560,Mahou Shoujo Lyrical Nanoha,,魔法少女リリカルなのは,Light Novel,753,,2005,https://cdn.myanimelist.net/images/manga/5/112423l.jpg
561,Lovely Decoration!!,Lovely Decoration!!,らぶりー・デコレーション!!,Manga,752,6.61,2005,https://cdn.myanimelist.net/images/manga/3/265985l.jpg
562,Ero Manga Mitai na Koi Shiyou,,エロマンガみたいな恋しよう,Manga,748,7.02,2005,https://cdn.myanimelist.net/images/manga/3/194078l.jpg
563,Shounen Onmyouji,,少年陰陽師,Manga,740,6.73,2005,https://cdn.myanimelist.net/images/manga/3/17595l.jpg
564,Asura Cryin',,アスラクライン,Light Novel,739,,2005,https://cdn.myanimelist.net/images/manga/3/148515l.jpg
565,Hokenshitsu de Suki ni Shite,Do as You Like,保健室で好きにして,Manga,738,6.68,2005,https://cdn.myanimelist.net/images/manga/3/177400l.jpg
565,Tales of Legendia,,テイルズ オブ レジェンディア,Manga,738,7.07,2005,https://cdn.myanimelist.net/images/manga/2/148295l.jpg
567,"Himitsu de, Hanazono",Secret Heaven,秘密で、花園。,Manga,737,6.53,2005,https://cdn.myanimelist.net/images/manga/1/16698l.jpg
568,Boku no Platinum Lady,My Platinum Lady,ボクのプラチナレディー,Manga,736,7.22,2005,https://cdn.myanimelist.net/images/manga/2/207008l.jpg
568,Momoko Manual,,桃子マニュアル,Manga,736,6.74,2005,https://cdn.myanimelist.net/images/manga/3/178099l.jpg
570,Bodyguard,,보디가드,Manhwa,735,6.65,2005,https://cdn.myanimelist.net/images/manga/3/9281l.jpg
571,Neko-chan,,,Doujinshi,732,6.63,2005,https://cdn.myanimelist.net/images/manga/2/24846l.jpg
572,"Ai no Hana, Gin no Koi","Love Flower, Silver Love",愛の花銀の恋,Manga,729,6.68,2005,https://cdn.myanimelist.net/images/manga/3/25258l.jpg
572,Senki Senki Momotama,Momo Tama,殲鬼戦記ももたま,Manga,729,7.27,2005,https://cdn.myanimelist.net/images/manga/2/1503l.jpg
574,Kono Ai wa Yuzurenai,No Competition,この愛は譲れない,Manga,728,6.71,2005,https://cdn.myanimelist.net/images/manga/1/30214l.jpg
575,Wild☆Pitch,,わいるど☆ぴっち,Manga,726,6.74,2005,https://cdn.myanimelist.net/images/manga/1/13335l.jpg
576,Inbi Temptation,Obscene Temptation,淫靡テンプテーション,Manga,724,6.67,2005,https://cdn.myanimelist.net/images/manga/3/41054l.jpg
577,5-ji kara Hajimaru Himitsu no Jikan,,5時から始まるヒミツの時間。,Manga,721,6.88,2005,https://cdn.myanimelist.net/images/manga/3/267556l.jpg
578,Akai Kami no Marure Ina,,赤い髪のマルレイナ,One-shot,720,6.52,2005,https://cdn.myanimelist.net/images/manga/1/158680l.jpg
579,Dark Age,,ダークエイジ,Manga,716,5.86,2005,https://cdn.myanimelist.net/images/manga/1/110347l.jpg
580,Emma,,エマ,Light Novel,715,7.44,2005,https://cdn.myanimelist.net/images/manga/2/170311l.jpg
581,Robo to Usakichi,Space Traveller Robo & Usakichi,ロボとうさ吉,Manga,714,,2005,https://cdn.myanimelist.net/images/manga/2/190014l.jpg
582,Rakka Ryuusui,,落花流水,Manga,711,6.93,2005,https://cdn.myanimelist.net/images/manga/2/117453l.jpg
583,3 Angels Short,,3ANGELS SHORT,Manga,701,6.36,2005,https://cdn.myanimelist.net/images/manga/3/50073l.jpg
583,Candy Girl,,キャンディーガール,Manga,701,6.5,2005,https://cdn.myanimelist.net/images/manga/3/48015l.jpg
583,Two Smiling Faces,,笑顔ふたつ,One-shot,701,5.98,2005,https://cdn.myanimelist.net/images/manga/4/20789l.jpg
586,Mr. Morning,,MR.MORNING,Manga,699,7.04,2005,https://cdn.myanimelist.net/images/manga/3/21407l.jpg
587,Kokuhaku Gokko,Confession Game,告白ごっこ,Manga,697,6.25,2005,https://cdn.myanimelist.net/images/manga/2/267169l.jpg
588,Pocket Monsters Emerald: Chousen!! Battle Frontier,,ポケットモンスターエメラルド 挑戦!! バトルフロンティア,Manga,694,6.86,2005,https://cdn.myanimelist.net/images/manga/1/36376l.jpg
589,Kirameki☆Gingachou Shoutengai,The Stellar Six of Gingacho,キラメキ☆銀河町商店街,Manga,690,7.38,2005,https://cdn.myanimelist.net/images/manga/3/267559l.jpg
590,Ai ga Nakutemo Kutteyukemasu.,Not Love But Delicious Foods Make Me So Happy,愛がなくても喰ってゆけます。,Manga,689,6.49,2005,https://cdn.myanimelist.net/images/manga/3/285689l.jpg
591,Piyopiyo,,水上悟志短編集 Vol.2 ぴよぴよ,Manga,688,6.94,2005,https://cdn.myanimelist.net/images/manga/2/123929l.jpg
592,Dokusaisha Granada,Dictator Granada,独裁者グラナダ,Manga,686,7.12,2005,https://cdn.myanimelist.net/images/manga/1/4106l.jpg
592,Hoshi no Goshujinsama,,星の王子〈ゴシュジン〉サマ,Manga,686,7.12,2005,https://cdn.myanimelist.net/images/manga/2/176629l.jpg
594,Osewa Yakimasu,,お世話やきます,Manga,684,6.76,2005,https://cdn.myanimelist.net/images/manga/2/2420l.jpg
595,Mahou Shounen Majorian,,魔法少年マジョーリアン,Manga,683,6.37,2005,https://cdn.myanimelist.net/images/manga/3/184782l.jpg
595,Saving Life,Saving Life,セイビング・ライフ,Manga,683,6.91,2005,https://cdn.myanimelist.net/images/manga/5/2409l.jpg
597,Mannaka no Ouji,,まんなかの王子,Manga,682,7.09,2005,https://cdn.myanimelist.net/images/manga/2/82708l.jpg
598,Gekiai: Motto Motometai,,激愛 ~もっと求めたい,Manga,681,6.49,2005,https://cdn.myanimelist.net/images/manga/3/267534l.jpg
598,Seton,,シートン,Manga,681,7.31,2005,https://cdn.myanimelist.net/images/manga/3/234029l.jpg
598,Shuushoku no Susume,,就職のススメ,One-shot,681,5.74,2005,https://cdn.myanimelist.net/images/manga/1/337474l.jpg
601,Hanzai wa Dame desu,,犯罪はダメです,One-shot,676,6.1,2005,https://cdn.myanimelist.net/images/manga/2/60667l.jpg
602,"Ima, Ai ni Yukimasu",Be With You,いま、会いにゆきます,Manga,674,7.16,2005,https://cdn.myanimelist.net/images/manga/3/9922l.jpg
602,Tenshi no Tamago,,天使の卵―エンジェルス・エッグ―,Manga,674,6.45,2005,https://cdn.myanimelist.net/images/manga/1/190457l.jpg
604,Ushirokara Dakishimete,,うしろから抱きしめて,Manga,673,6.74,2005,https://cdn.myanimelist.net/images/manga/2/79811l.jpg
605,Alice Turn Back Clock,,アリスタンばっくくろっく,One-shot,670,5.51,2005,https://cdn.myanimelist.net/images/manga/5/154989l.jpg
606,Ijiwaru na Kiss,,,One-shot,668,6.41,2005,https://cdn.myanimelist.net/images/manga/2/3015l.jpg
606,Junai Seichouki,Pure Love Term of Growth,純愛成長期,Manga,668,6.58,2005,https://cdn.myanimelist.net/images/manga/3/2796l.jpg
608,Panic x Panic,Panic x Panic,ぱにっく×ぱにっく,Manga,667,6.8,2005,https://cdn.myanimelist.net/images/manga/4/111783l.jpg
609,"Love, Line, Arrow","Love, Line, Arrow",ラブ、ライン、アロー。,Manga,666,6.68,2005,https://cdn.myanimelist.net/images/manga/1/10485l.jpg
609,Oki ni Mesu Mama,,お気に召すママ,Manga,666,6.59,2005,https://cdn.myanimelist.net/images/manga/3/58405l.jpg
611,Promise,Promise,프라미스,Manhwa,665,7.14,2005,https://cdn.myanimelist.net/images/manga/5/262261l.jpg
612,Milkman,,ミルクマン,Manga,664,6.89,2005,https://cdn.myanimelist.net/images/manga/3/22441l.jpg
612,Sennou Gakuen,,洗脳学園,Manga,664,6.31,2005,https://cdn.myanimelist.net/images/manga/2/48831l.jpg
614,Canvas 2: Nijiiro no Sketch,,Canvas2 ～虹色のスケッチ～,Manga,663,6.95,2005,https://cdn.myanimelist.net/images/manga/1/4763l.jpg
615,Happiness!,,HAPPINESS!,Manga,662,6.72,2005,https://cdn.myanimelist.net/images/manga/2/152213l.jpg
616,Haridama Taima Juku,Haridama Magic Cram School,はりだま退魔塾,Manga,661,6.83,2005,https://cdn.myanimelist.net/images/manga/2/341340l.jpg
617,The Third: Sabaku no Hoshi no Apprentice Girl,The Third,ザ・サード 〜砂漠の星のアプレンティスガール〜,Manga,655,7.11,2005,https://cdn.myanimelist.net/images/manga/2/5053l.jpg
618,Pink Choudai,,ピンクちょーだい,Manga,654,6.83,2005,https://cdn.myanimelist.net/images/manga/3/267547l.jpg
619,Renai Bus Stop,Love Bus Stop,恋愛バスストップ,Manga,653,6.76,2005,https://cdn.myanimelist.net/images/manga/2/31094l.jpg
620,Chaosic Rune ES,,カオシックルーンEs,Manga,648,6.57,2005,https://cdn.myanimelist.net/images/manga/3/161357l.jpg
620,Tenchi Muyou! Sasami-chan À la Carte,Tenchi Muyo! Sasami Stories,天地無用! 砂沙美ちゃんあらかると!,Manga,648,7.22,2005,https://cdn.myanimelist.net/images/manga/4/146481l.jpg
622,Kyoukasho no Koibito,,教科書の恋人,Manga,647,6.65,2005,https://cdn.myanimelist.net/images/manga/2/166986l.jpg
623,Time Guardian,Time Guardian,時の守護者〈タイム・ガーディアン〉,Manga,642,6.92,2005,https://cdn.myanimelist.net/images/manga/1/119591l.jpg
624,Devil 17,,デビル１７ 放課後の凶戦士,Manga,639,6.56,2005,https://cdn.myanimelist.net/images/manga/1/50863l.jpg
625,Stop! Goshujinsama,Stop! Master,ストップ！ご主人様,Manga,636,6.49,2005,https://cdn.myanimelist.net/images/manga/2/17486l.jpg
626,Mugen no Roukaku,,夢幻の楼閣,Manga,635,6.73,2005,https://cdn.myanimelist.net/images/manga/3/565l.jpg
627,Aisaretaino dj - Ai no Tame ni,,愛のために,Doujinshi,634,6.74,2005,https://cdn.myanimelist.net/images/manga/3/26028l.jpg
628,The Guilty,The Guilty Vol. 1 - Verdict; Vol. 2 - Original Sin; Vol. 3 - Redemption; Vol. 4 - Forsaken,有罪; 原罪; 贖罪; 堕罪,Light Novel,633,7.13,2005,https://cdn.myanimelist.net/images/manga/3/268334l.jpg
629,Hana Bolo,,花ボーロ,Manga,627,6.69,2005,https://cdn.myanimelist.net/images/manga/1/131609l.jpg
629,Ichigo to Anzu,,イチゴとアンズ,Manga,627,6.91,2005,https://cdn.myanimelist.net/images/manga/2/14196l.jpg
631,Eccentric Hobby,,エキセントリックホビー,Manga,623,6.35,2005,https://cdn.myanimelist.net/images/manga/2/69725l.jpg
632,Sexy Cool Voice,Sexy Cool Voice,セクシー・クールボイス,Manga,621,6.77,2005,https://cdn.myanimelist.net/images/manga/3/277986l.jpg
633,Akaneiro Show Time,,茜色ショー・タイム,Manga,618,6.68,2005,https://cdn.myanimelist.net/images/manga/1/159482l.jpg
634,Nyuuseihin,,乳性牝,Manga,617,6.75,2005,https://cdn.myanimelist.net/images/manga/3/178670l.jpg
634,Strike Witches: Aozora no Otome-tachi,,ストライクウィッチーズ －蒼空の乙女たち－,Manga,617,,2005,https://cdn.myanimelist.net/images/manga/2/121543l.jpg
636,Harem×Harem,,ハーレム×ハーレム,Manga,616,6.84,2005,https://cdn.myanimelist.net/images/manga/1/105371l.jpg
637,Himegimi no Icon,,姫君のアイコン,Manga,615,7.12,2005,https://cdn.myanimelist.net/images/manga/3/169702l.jpg
637,Pure,,퓨어,Manhwa,615,7.22,2005,https://cdn.myanimelist.net/images/manga/5/107319l.jpg
637,Sousei no Aquarion: Mirai Shinwa,,創聖のアクエリオン 未来神話,Manga,615,6.42,2005,https://cdn.myanimelist.net/images/manga/1/27413l.jpg
640,Dorothy of Oz,Dorothy of Oz,도로시,Manhwa,610,7.17,2005,https://cdn.myanimelist.net/images/manga/2/5881l.jpg
640,Radiata Stories: The Epic of Jack,,ラジアータストーリーズ The Epic of JACK,Manga,610,7.13,2005,https://cdn.myanimelist.net/images/manga/2/9354l.jpg
642,SM Hunter,SM Hunter,SM 헌터,Manhwa,609,7.13,2005,https://cdn.myanimelist.net/images/manga/1/32568l.jpg
643,Ochiru Tenshi,,堕ちる天使,Manga,607,6.61,2005,https://cdn.myanimelist.net/images/manga/2/48081l.jpg
644,Sengoku Jieitai 1549,Samurai Commando: Mission 1549,戦国自衛隊1549,Manga,604,6.43,2005,https://cdn.myanimelist.net/images/manga/3/86427l.jpg
645,Sumiyaki Monogatari,,炭焼物語,Manga,602,6.66,2005,https://cdn.myanimelist.net/images/manga/2/157529l.jpg
646,Happy Trouble Wedding,,ハッピートラブル・うえでぃんぐ,Manga,600,6.54,2005,https://cdn.myanimelist.net/images/manga/2/21156l.jpg
647,Tsuki wo Dakishimeru.,,ツキヲダキシメル。,Manga,597,6.83,2005,https://cdn.myanimelist.net/images/manga/3/212479l.jpg
648,Tobu Kokoro,,飛ぶ、ココロ,Manga,596,6.4,2005,https://cdn.myanimelist.net/images/manga/1/278247l.jpg
649,At Laz Meridian,,ラズ・メリディアン,Manga,594,6.97,2005,https://cdn.myanimelist.net/images/manga/1/20699l.jpg
650,Gakuen Heaven: Character Story - Nakajima-hen Returns,,学園ヘヴンキャラクターストーリー中嶋編RETURNS,Manga,587,6.49,2005,https://cdn.myanimelist.net/images/manga/1/10343l.jpg
650,Shoujo Tenshi Milcute,,少女天使みるきゅーと,Manga,587,6.7,2005,https://cdn.myanimelist.net/images/manga/3/79051l.jpg
650,Versus x Lovers,,ヴァーサス×ラヴァーズ,Manga,587,6.68,2005,https://cdn.myanimelist.net/images/manga/3/35873l.jpg
653,Junkie Fiction,,ジャンキー・フィクション,Manga,585,6.82,2005,https://cdn.myanimelist.net/images/manga/3/56077l.jpg
653,Suna no Rasen,The Spiral of Sand,砂の螺旋,Manga,585,6.57,2005,https://cdn.myanimelist.net/images/manga/2/146823l.jpg
655,Monkey Strip,,モンキー・ストリップ,Manga,584,6.39,2005,https://cdn.myanimelist.net/images/manga/1/209215l.jpg
656,Irome,,イロメ,Manga,583,6.75,2005,https://cdn.myanimelist.net/images/manga/1/22618l.jpg
656,School Girl,,スクールガール,Manga,583,6.62,2005,https://cdn.myanimelist.net/images/manga/3/197247l.jpg
658,About a Girl,,about a girl,One-shot,582,5.84,2005,https://cdn.myanimelist.net/images/manga/1/88371l.jpg
659,Cream Caramel Chocolate,,クリームキャラメルショコラ,Manga,581,6.55,2005,https://cdn.myanimelist.net/images/manga/2/22127l.jpg
660,Kanojo to Ane no Nijuurasen,Double Helix of Her and the Older Sister,彼女と姉の二重螺旋,Manga,580,6.58,2005,https://cdn.myanimelist.net/images/manga/3/175596l.jpg
661,Love Gome!,,ラブごめ!,Manga,577,6.55,2005,https://cdn.myanimelist.net/images/manga/2/69257l.jpg
662,Mizu no Naka,,水の中,One-shot,575,6.58,2005,https://cdn.myanimelist.net/images/manga/1/83400l.jpg
663,Kanzen Oppai Sengen,,完全おっぱい宣言,Manga,572,6.33,2005,https://cdn.myanimelist.net/images/manga/1/106923l.jpg
663,Netsujou no Virtuoso,Virtuoso di Amore,熱情のヴィルトゥオーソ,Manga,572,6.26,2005,https://cdn.myanimelist.net/images/manga/3/5476l.jpg
665,Yamete! Oneechan,,やめて！お姉ちゃん,Manga,571,6.6,2005,https://cdn.myanimelist.net/images/manga/3/123697l.jpg
666,Doko ga Ikenai!?,,ドコがイケない！？,Manga,570,6.74,2005,https://cdn.myanimelist.net/images/manga/2/35916l.jpg
666,Embrace,Embrace,抱擁,Manga,570,6.88,2005,https://cdn.myanimelist.net/images/manga/2/5379l.jpg
666,Lillia to Treize,,リリアとトレイズ,Light Novel,570,7.05,2005,https://cdn.myanimelist.net/images/manga/4/64127l.jpg
666,One Hot Minute,,ワン ホット ミニット,Manga,570,6.58,2005,https://cdn.myanimelist.net/images/manga/1/191722l.jpg
670,Jouzetsu na Shichakushitsu,A Talkative Fitting Room,饒舌な試着室,Manga,568,6.51,2005,https://cdn.myanimelist.net/images/manga/2/26802l.jpg
671,Honoka Lv. Up!,Honoka Lv. Up!,ほのかLv.アップ!,Manga,567,6.95,2005,https://cdn.myanimelist.net/images/manga/3/17444l.jpg
672,Café e Youkoso,,カフェへようこそ,Manga,565,6.58,2005,https://cdn.myanimelist.net/images/manga/3/183202l.jpg
672,Incandescent Moon,,焚月,Manhua,565,7.02,2005,https://cdn.myanimelist.net/images/manga/2/15786l.jpg
672,Kain,,カイン,Manga,565,6.74,2005,https://cdn.myanimelist.net/images/manga/3/178910l.jpg
675,Did I Do Something Wrong?,,내가 잘못한 거야,One-shot,563,5.45,2005,https://cdn.myanimelist.net/images/manga/1/136139l.jpg
675,Okusama wa Bijin Joushi,,奥様は美人上司,Manga,563,6.48,2005,https://cdn.myanimelist.net/images/manga/3/97107l.jpg
677,Hariyama-san,,世界の中心､針山さん,Light Novel,562,,2005,https://cdn.myanimelist.net/images/manga/2/33959l.jpg
678,Futariyome,,ふたり嫁,Manga,561,6.84,2005,https://cdn.myanimelist.net/images/manga/2/39729l.jpg
679,Wakaokusama Kaihouku,,若奥様解放区,Manga,559,6.81,2005,https://cdn.myanimelist.net/images/manga/1/31568l.jpg
680,Gakuen Utopia Manabi Straight!,,がくえんゆーとぴあ まなびストレート!,Manga,558,,2005,https://cdn.myanimelist.net/images/manga/3/163941l.jpg
680,Mimi Paradise,,みみぱら,Manga,558,6.62,2005,https://cdn.myanimelist.net/images/manga/1/294619l.jpg
682,The Missing White Dragon,The Missing White Dragon,하얀용의 실종,Manhwa,556,6.92,2005,https://cdn.myanimelist.net/images/manga/3/11373l.jpg
683,Ming Shou Ku Sha Xing: Claws of Darkness,Claws of Darkness,冥獸酷殺行 claws of darkness,Manhua,550,,2005,https://cdn.myanimelist.net/images/manga/2/337192l.jpg
684,Oneechin,,おねえちん,Manga,549,6.63,2005,https://cdn.myanimelist.net/images/manga/1/191737l.jpg
685,Kaasan wa Natural♥Taste,,義母〈かあ〉さんは天然味〈ナチュラル♥テイスト〉,Manga,547,6.64,2005,https://cdn.myanimelist.net/images/manga/1/48307l.jpg
686,Coneco!!,,コネコッ!!,Manga,546,6.55,2005,https://cdn.myanimelist.net/images/manga/3/76199l.jpg
686,Rinshi!! Ekoda-chan,,臨死!!江古田ちゃん,Manga,546,,2005,https://cdn.myanimelist.net/images/manga/3/141077l.jpg
688,Mahoui Neko to Ibarahime,The Enchantress's Kitty,森山大輔短編集 魔法医猫といばら姫,Manga,543,6.33,2005,https://cdn.myanimelist.net/images/manga/1/187543l.jpg
689,Tojikomori-hime,,閉籠姫,One-shot,542,6.68,2005,https://cdn.myanimelist.net/images/manga/2/42601l.jpg
690,Aoiro Toshokan,,青色図書館,Manga,540,6.68,2005,https://cdn.myanimelist.net/images/manga/3/10913l.jpg
690,Match-uri,The Match Seller,マッチ売り,Manga,540,6.73,2005,https://cdn.myanimelist.net/images/manga/1/179020l.jpg
692,Liberamente,,リベラメンテ ～鎌谷悠希短編集～,Manga,539,,2005,https://cdn.myanimelist.net/images/manga/5/19346l.jpg
692,Seishun Danshi Shugei Club,,青春男子手芸クラブ,Manga,539,6.71,2005,https://cdn.myanimelist.net/images/manga/1/33510l.jpg
694,Hada Made Aishite,,肌まで愛して,Manga,538,6.74,2005,https://cdn.myanimelist.net/images/manga/3/278569l.jpg
695,Hayabusa,,隼,Manga,534,5.99,2005,https://cdn.myanimelist.net/images/manga/2/4993l.jpg
696,Cho Danchizuma Keiko,,ちょ・団地妻慶子,Manga,533,6.6,2005,https://cdn.myanimelist.net/images/manga/1/27185l.jpg
697,Ennui na Kanojo,,アンニュイな彼女,Manga,532,6.46,2005,https://cdn.myanimelist.net/images/manga/2/9849l.jpg
697,Me wo Tojite Oide yo,,目を閉じておいでよ,Manga,532,6.55,2005,https://cdn.myanimelist.net/images/manga/5/335501l.jpg
699,"Sono Otoko, Taka: God Finger Densetsu",,TAKA その男、タカ 加藤鷹ゴールドフィンガー伝説,Manga,531,6.6,2005,https://cdn.myanimelist.net/images/manga/3/339895l.jpg
700,Mikansei No.1,Mikansei No. 1,未完成NO.1,Manga,530,6.78,2005,https://cdn.myanimelist.net/images/manga/3/176570l.jpg
700,Yukemuri Biyori♥Koi Meguri,,湯けむりびより♥恋めぐり,Manga,530,6.94,2005,https://cdn.myanimelist.net/images/manga/3/162428l.jpg
702,Renai Soukanzu,,恋愛相姦図,Manga,529,6.48,2005,https://cdn.myanimelist.net/images/manga/3/21710l.jpg
703,Black Jack Kuroi Ishi,,ブラック・ジャック～黒い医師～,Manga,527,6.68,2005,https://cdn.myanimelist.net/images/manga/1/14916l.jpg
703,Fushigiboshi no Futagohime,Mysterious Star of the Twin Princesses,ふしぎ星の☆ふたご姫,Manga,527,6.62,2005,https://cdn.myanimelist.net/images/manga/2/15652l.jpg
705,Coyote Ragtime Show,Coyote Ragtime Show,コヨーテ ラグタイムショー,Manga,526,6.61,2005,https://cdn.myanimelist.net/images/manga/3/76243l.jpg
706,Aibiki,,逢引,One-shot,525,6.07,2005,https://cdn.myanimelist.net/images/manga/3/21700l.jpg
706,Aki-chan no Iibun,,明ちゃんの言い分,One-shot,525,6.69,2005,https://cdn.myanimelist.net/images/manga/3/20549l.jpg
708,Koiseyo Otome,,コイセヨオトメ,Manga,524,6.67,2005,https://cdn.myanimelist.net/images/manga/2/66345l.jpg
709,Naked Play,,ネイキッドプレイ,Manga,522,6.64,2005,https://cdn.myanimelist.net/images/manga/1/174372l.jpg
710,Rain,,レイン,Light Novel,521,,2005,https://cdn.myanimelist.net/images/manga/3/301635l.jpg
711,Kakusei Shigansha,Awakened Dreamer,覚醒志願者,Manga,519,6.03,2005,https://cdn.myanimelist.net/images/manga/1/79375l.jpg
712,Mimurake no Musuko,Son of the Mimura Family,三村家の息子,Manga,516,6.7,2005,https://cdn.myanimelist.net/images/manga/2/79437l.jpg
713,Koufuku no Ouji,,幸福の王子,Manga,515,6.92,2005,https://cdn.myanimelist.net/images/manga/1/149290l.jpg
713,Makasete PET-kun,Leave it to PET!,まかせてPETくん,Manga,515,6.96,2005,https://cdn.myanimelist.net/images/manga/2/10998l.jpg
715,Chijo ga Koishicha Dame desu ka?,"May Not ""Miss Pervert"" Fall In Love?",痴女が恋しちゃダメですか？,Manga,514,6.8,2005,https://cdn.myanimelist.net/images/manga/2/48025l.jpg
715,Hitai ni Mikazuki,,ひたいに三日月,Manga,514,7.01,2005,https://cdn.myanimelist.net/images/manga/3/267568l.jpg
717,8mm,8mm,8mm,Manhwa,512,6.6,2005,https://cdn.myanimelist.net/images/manga/2/30243l.jpg
718,Amasakaru,,天離る,Manga,510,6.3,2005,https://cdn.myanimelist.net/images/manga/4/154525l.jpg
718,Love Bite,,ラブバイト,Manga,510,6.58,2005,https://cdn.myanimelist.net/images/manga/1/174494l.jpg
720,Ero Tsuma,,えろ♥つま,Manga,504,6.4,2005,https://cdn.myanimelist.net/images/manga/2/9555l.jpg
721,Fool For You,,フール フォー ユー,Manga,503,6.81,2005,https://cdn.myanimelist.net/images/manga/2/6807l.jpg
721,Kojin Jugyou,,個人授業,Manga,503,6.92,2005,https://cdn.myanimelist.net/images/manga/3/5781l.jpg
723,Soft Romantic,,ソフトロマンティック,Manga,502,6.67,2005,https://cdn.myanimelist.net/images/manga/3/12230l.jpg
724,Muchi Muchi!! Monzetsu Fever,,ムチムチ!!悶絶フィーバー,Manga,501,6.63,2005,https://cdn.myanimelist.net/images/manga/3/143861l.jpg
725,Tanpen Manga Shuu: Bunnies Hoka,,短編マンガ集 バニーズほか,Manga,500,6.39,2005,https://cdn.myanimelist.net/images/manga/1/64941l.jpg
726,Lily White,,,One-shot,497,6.34,2005,https://cdn.myanimelist.net/images/manga/4/9439l.jpg
727,Scape-God,,SCAPE-GOD,Manga,496,6.12,2005,https://cdn.myanimelist.net/images/manga/2/37389l.jpg
728,Rurou no Tabi,Wolf Man Wandering Swordsman,流狼の旅,Manga,495,6.98,2005,https://cdn.myanimelist.net/images/manga/2/218999l.jpg
729,Newmanoid Cam,,Newmanoid CAM -ニューマノイド キャム-,Manga,494,6.55,2005,https://cdn.myanimelist.net/images/manga/1/33490l.jpg
730,Go! Go! Heaven!: Jiketsu Shoujo-tai,,GO!GO!HEAVEN! 自決少女隊,Manga,493,6.63,2005,https://cdn.myanimelist.net/images/manga/5/27445l.jpg
731,Dr. wa Amai Kiss wo Suru,,Dr.は甘いキスをする,Manga,492,6.83,2005,https://cdn.myanimelist.net/images/manga/3/267541l.jpg
732,Mamma Mia!,,マンマ・ミーア！,Manga,490,6.62,2005,https://cdn.myanimelist.net/images/manga/1/49167l.jpg
733,Mushi to Medama Series,,蟲と眼球シリーズ,Light Novel,487,,2005,https://cdn.myanimelist.net/images/manga/2/159947l.jpg
734,Prism Baby,Prism Baby,プリズムベイビー,Manga,485,6.67,2005,https://cdn.myanimelist.net/images/manga/3/20638l.jpg
735,Eleven Soul,Eleven Soul,イレブンソウル,Manga,482,,2005,https://cdn.myanimelist.net/images/manga/2/10975l.jpg
736,"Aisei, Shinku wo Daku",,哀星、深紅を抱く,One-shot,480,6.23,2005,https://cdn.myanimelist.net/images/manga/2/81896l.jpg
737,Koibito no Jikan,,恋人の時間,Manga,477,6.67,2005,https://cdn.myanimelist.net/images/manga/1/300450l.jpg
738,Slayers VS Orphen,,スレイヤーズVSオーフェン,Light Novel,476,,2005,https://cdn.myanimelist.net/images/manga/2/33363l.jpg
738,Yoake Mae yori Ruriiro na,,夜明け前より瑠璃色な,Manga,476,,2005,https://cdn.myanimelist.net/images/manga/3/154238l.jpg
740,Holy☆Hearts!,,ホーリー・ハーツ!,Manga,474,6.7,2005,https://cdn.myanimelist.net/images/manga/3/27382l.jpg
740,Youkoso. Wakaba-sou e,Welcome to Wakaba-soh,ようこそ。若葉荘へ,Manga,474,6.55,2005,https://cdn.myanimelist.net/images/manga/3/207244l.jpg
742,Naturalist no Kare,,,Manga,472,6.73,2005,https://cdn.myanimelist.net/images/manga/2/7026l.jpg
742,Talking About...,,Talking About...,Manhwa,472,6.99,2005,https://cdn.myanimelist.net/images/manga/3/288149l.jpg
744,Monkey's Foot,Monkey's Foot,猿の足,One-shot,471,6.34,2005,https://cdn.myanimelist.net/images/manga/1/7710l.jpg
745,Mamazuri,,ママズリ,Manga,467,6.74,2005,https://cdn.myanimelist.net/images/manga/1/21581l.jpg
745,Shakugan no Shana Zero,,灼眼のシャナ 0,Light Novel,467,,2005,https://cdn.myanimelist.net/images/manga/1/133561l.jpg
747,Atashi ga Hamatta Yottsu no Junai,Four Pure Loves,アタシがハマった4つの純愛,Manga,464,6.67,2005,https://cdn.myanimelist.net/images/manga/1/36436l.jpg
748,Baroque,,BAROQUE 〜バロック〜,Manga,462,,2005,https://cdn.myanimelist.net/images/manga/1/164491l.jpg
749,Mogura no Uta,,土竜の唄,Manga,460,,2005,https://cdn.myanimelist.net/images/manga/5/341121l.jpg
749,Sade,,サド,Manga,460,6.49,2005,https://cdn.myanimelist.net/images/manga/2/269078l.jpg
751,Kimi no Hitomi ni Koi Shiteru,,キミの瞳に欲情してる,Manga,457,6.69,2005,https://cdn.myanimelist.net/images/manga/1/48677l.jpg
752,Iigakari Neesan,,いいがかり姉さん,One-shot,456,6.08,2005,https://cdn.myanimelist.net/images/manga/3/59171l.jpg
753,Cos-Kano,Cosplay Girlfriend,コス彼女,Manga,453,6.28,2005,https://cdn.myanimelist.net/images/manga/3/123385l.jpg
753,Nanami to Misuzu,,南波と海鈴,Manga,453,,2005,https://cdn.myanimelist.net/images/manga/3/167432l.jpg
755,H² Love,,,Manga,452,6.52,2005,https://cdn.myanimelist.net/images/manga/3/25791l.jpg
756,Yurumates,,ゆるめいつ,Manga,451,,2005,https://cdn.myanimelist.net/images/manga/3/185253l.jpg
757,Koi Cupid♥,Koi Cupid,恋きゅー♥,Manga,450,,2005,https://cdn.myanimelist.net/images/manga/3/208400l.jpg
758,Dragon Quest Retsuden: Roto no Monshou - Monshou wo Tsugu Monotachi e,,ドラゴンクエスト列伝 ロトの紋章 ～紋章を継ぐ者達へ～,Manga,449,,2005,https://cdn.myanimelist.net/images/manga/2/133281l.jpg
758,Rutsubo,,坩堝,Manga,449,6.37,2005,https://cdn.myanimelist.net/images/manga/2/49809l.jpg
760,Low Return: Toshiue no Imouto,,ローリターン 年上の妹,Manga,448,6.71,2005,https://cdn.myanimelist.net/images/manga/1/69337l.jpg
761,Not/Love dj - Demonic Conversations,,,Doujinshi,446,7.01,2005,https://cdn.myanimelist.net/images/manga/1/288120l.jpg
762,Eniro*Cinderella,,艶色*シンデレラ,Manga,445,6.57,2005,https://cdn.myanimelist.net/images/manga/1/26456l.jpg
763,Doutei Shounen,,童貞少年,Manga,443,6.79,2005,https://cdn.myanimelist.net/images/manga/1/48433l.jpg
764,Star Wars Manga Black,Star Wars: v. 1,スター・ウォーズ×マンガ【黒】,Manga,438,,2005,https://cdn.myanimelist.net/images/manga/2/33493l.jpg
765,Iinchou no Koibito,,委員長の恋人,Manga,437,6.79,2005,https://cdn.myanimelist.net/images/manga/2/50037l.jpg
766,Kodomo no Shippo,,こどものしっぽ,Manga,434,6.56,2005,https://cdn.myanimelist.net/images/manga/2/22285l.jpg
766,Koiike,,コイイケ,Manga,434,6.9,2005,https://cdn.myanimelist.net/images/manga/1/183273l.jpg
768,Phallic Girls,,Phallic Girls,Doujinshi,433,6.64,2005,https://cdn.myanimelist.net/images/manga/3/101955l.jpg
768,"Sayonara, Oppai",,さよなら、おっぱい,Manga,433,6.64,2005,https://cdn.myanimelist.net/images/manga/2/113857l.jpg
770,Aishi Aisare.,,愛し愛され。,Manga,431,6.51,2005,https://cdn.myanimelist.net/images/manga/2/17343l.jpg
770,Nuganai Otoko,The Man Who Doesn't Take Off His Clothes,脱がない男,Light Novel,431,7.08,2005,https://cdn.myanimelist.net/images/manga/5/50801l.jpg
772,Berubara Kids,,ベルばらKids,Manga,430,,2005,https://cdn.myanimelist.net/images/manga/2/197781l.jpg
772,Shachou to Watashi,The President & I,社長と私,Manga,430,6.24,2005,https://cdn.myanimelist.net/images/manga/1/278248l.jpg
774,Lolita,Lolita,ロリータ,Manga,427,,2005,https://cdn.myanimelist.net/images/manga/2/153731l.jpg
775,Kamoshika Tenrakushii,,カモシカテンラクシー,One-shot,426,5.85,2005,https://cdn.myanimelist.net/images/manga/1/156975l.jpg
776,Royal Straight,,ロイヤルストレート,Manga,425,6.65,2005,https://cdn.myanimelist.net/images/manga/3/136423l.jpg
777,Circlet Girl,,円環少女〈サークリットガール〉,Light Novel,422,,2005,https://cdn.myanimelist.net/images/manga/1/198119l.jpg
777,Dame Dame Darling,"No, No, Darling",だめだめダーリン,Manga,422,6.41,2005,https://cdn.myanimelist.net/images/manga/5/161026l.jpg
779,New Mok Yeon-Ah Honeymoon Diary,,신 목연아의 신혼일기,Manhwa,421,6.97,2005,https://cdn.myanimelist.net/images/manga/3/35711l.jpg
780,Toshiue no Hito.,,年上のヒト。,Manga,420,,2005,https://cdn.myanimelist.net/images/manga/2/178237l.jpg
781,Otome Tsuushin,,処女通信（おとめつうしん）,Manga,418,6.65,2005,https://cdn.myanimelist.net/images/manga/1/49401l.jpg
782,True Tears,True Tears,トゥルーティアーズ,Manga,417,,2005,https://cdn.myanimelist.net/images/manga/3/32902l.jpg
783,Sultan no Koukeigi,,スルタンの後継ぎ,Manga,416,6.5,2005,https://cdn.myanimelist.net/images/manga/1/44621l.jpg
784,Tomato Pretty,,,Doujinshi,414,5.9,2005,https://cdn.myanimelist.net/images/manga/2/2475l.jpg
785,Gokuraku Doumei,,極楽同盟,Manga,413,7.05,2005,https://cdn.myanimelist.net/images/manga/1/267538l.jpg
785,Orangenia na Hibi,,,Manga,413,6.64,2005,https://cdn.myanimelist.net/images/manga/1/7027l.jpg
787,To Heart 2,To Heart 2,トゥハート2,Manga,408,,2005,https://cdn.myanimelist.net/images/manga/5/341962l.jpg
788,Baka.,,ばか。,One-shot,403,5.5,2005,https://cdn.myanimelist.net/images/manga/1/155735l.jpg
789,Soukai Kessen,,蒼海訣戰,Manga,401,,2005,https://cdn.myanimelist.net/images/manga/1/198265l.jpg
790,Hotel de Dakishimete,,ホテルで抱きしめて,Manga,397,,2005,https://cdn.myanimelist.net/images/manga/5/35293l.jpg
791,Iyashite Agerun♪,,癒してあげルン♪,Doujinshi,396,6.14,2005,https://cdn.myanimelist.net/images/manga/2/181245l.jpg
791,Only You,,Only You,Manga,396,6.83,2005,https://cdn.myanimelist.net/images/manga/1/106929l.jpg
793,Boku no Tenohira de Odore,Dance on my Palm,僕の手のひらで踊れ,Manga,394,6.85,2005,https://cdn.myanimelist.net/images/manga/2/11169l.jpg
793,Full House II,,풀하우스2부,Manhwa,394,,2005,https://cdn.myanimelist.net/images/manga/2/62661l.jpg
793,Sensei no Susume,,先生のススメ,Manga,394,7.06,2005,https://cdn.myanimelist.net/images/manga/2/257665l.jpg
796,Love Pop,Love Pop,러브 팝,Manhwa,392,,2005,https://cdn.myanimelist.net/images/manga/3/100097l.jpg
797,Mitsu na Koto Shite Kudasai,Do something honey for me,蜜なことして下さい,Manga,390,6.4,2005,https://cdn.myanimelist.net/images/manga/3/179155l.jpg
798,Metroid Prime: Episode of Aether,,メトロイド プライム EPISODE OF AETHER,Manga,388,,2005,https://cdn.myanimelist.net/images/manga/2/139973l.jpg
798,Shirube no Michi,,知る辺の道,Manga,388,6.62,2005,https://cdn.myanimelist.net/images/manga/2/77867l.jpg
800,Kyouran Kazoku Nikki,,狂乱家族日記,Light Novel,386,,2005,https://cdn.myanimelist.net/images/manga/2/125385l.jpg
801,BC Anthology Collection: Tales of Symphonia,,BC ANTHOLOGY COLLECTION テイルズオブシンフォニア,Manga,381,,2005,https://cdn.myanimelist.net/images/manga/1/146625l.jpg
801,Koi no Namida to Ai no Mitsu,,恋の涙と愛の蜜,Manga,381,,2005,https://cdn.myanimelist.net/images/manga/3/203758l.jpg
803,Futari,,ふたり,One-shot,379,6.26,2005,https://cdn.myanimelist.net/images/manga/3/36348l.jpg
803,Glamorous,,グラマラス,Manga,379,6.62,2005,https://cdn.myanimelist.net/images/manga/1/93923l.jpg
805,Invader wa Ai wo Idaku,,インベーダーはアイを抱く,Manga,378,6.64,2005,https://cdn.myanimelist.net/images/manga/3/19941l.jpg
806,Futanarikko Lovers♡,,ふたなりっ娘らばーず♡,Manga,376,,2005,https://cdn.myanimelist.net/images/manga/1/68673l.jpg
806,Junior Rape,,J・R -Junior Rape-,Manga,376,,2005,https://cdn.myanimelist.net/images/manga/1/207693l.jpg
808,Sekai wo Teki ni Mawashitemo,,世界を敵に回しても,Manga,374,,2005,https://cdn.myanimelist.net/images/manga/1/164386l.jpg
809,Mahou Shoujo Neko XXX,,魔法少女猫xxx,Doujinshi,373,,2005,https://cdn.myanimelist.net/images/manga/4/112357l.jpg
810,Dorobou wa Koi no Hajimari,An Honorable Thief,泥棒は恋の始まり,Manga,369,6.7,2005,https://cdn.myanimelist.net/images/manga/2/42816l.jpg
811,G-School,,G-스쿨,Manhwa,367,,2005,https://cdn.myanimelist.net/images/manga/1/18529l.jpg
812,Grand Chase,,그랜드 체이스,Manhwa,366,,2005,https://cdn.myanimelist.net/images/manga/3/257478l.jpg
812,Love Maniac,,ラブ・マニアック,Manga,366,6.67,2005,https://cdn.myanimelist.net/images/manga/2/50197l.jpg
814,Manga Yuugi: Watase Yuu no Shoujo Manga Nyuumon,,まんが遊戯 渡瀬悠宇の少女まんが入門,Manga,365,,2005,https://cdn.myanimelist.net/images/manga/2/286784l.jpg
814,Virtus,,ウィルトゥース,Manga,365,6.61,2005,https://cdn.myanimelist.net/images/manga/1/26230l.jpg
816,Girls Shower,Girls Shower,ガールズシャワー,Manga,364,6.68,2005,https://cdn.myanimelist.net/images/manga/2/23269l.jpg
816,Warawanai Ningyo,The Unsmiling Mermaid,笑わない人魚,Manga,364,6.31,2005,https://cdn.myanimelist.net/images/manga/3/286725l.jpg
818,Yuuto,,ユート,Manga,363,,2005,https://cdn.myanimelist.net/images/manga/2/168485l.jpg
819,Ageha no Otome,The Virgin of Ageha,あげはのおとめ〈鳳蝶処女〉,Manga,358,6.4,2005,https://cdn.myanimelist.net/images/manga/1/171276l.jpg
820,Love/Knot,Love/Knot,ラブ／ノット; ＬＯＶＥ／ＫＮＯＴ,Manga,357,6.63,2005,https://cdn.myanimelist.net/images/manga/3/54073l.jpg
821,Star Wars Manga Silver,Star Wars: v. 2,スター・ウォーズ×マンガ【銀】,Manga,355,,2005,https://cdn.myanimelist.net/images/manga/1/33497l.jpg
822,Hikkatsu!,Hikkatsu!,ヒッカツ！,Manga,354,,2005,https://cdn.myanimelist.net/images/manga/2/5118l.jpg
823,Let's Go Tengoku,,レッツゴー天国,One-shot,353,6.34,2005,https://cdn.myanimelist.net/images/manga/1/154990l.jpg
824,Gate of Planet,Gate of Planet,,Manga,352,,2005,https://cdn.myanimelist.net/images/manga/3/10059l.jpg
824,Himawari: Kenichi Legend,,ひまわりっ 〜健一レジェンド〜,Manga,352,,2005,https://cdn.myanimelist.net/images/manga/1/163925l.jpg
826,Doubutsu no Mori: Hohinda Mura Dayori,,どうぶつの森 ホヒンダ村だより,Manga,351,,2005,https://cdn.myanimelist.net/images/manga/1/279885l.jpg
827,Papa Nanka Daikirai,,,Manga,350,6.86,2005,https://cdn.myanimelist.net/images/manga/3/13328l.jpg
828,Shakugan no Shana: Reshuffle,,灼眼のシャナ リシャッフル,Light Novel,349,,2005,https://cdn.myanimelist.net/images/manga/3/272022l.jpg
828,Tenkyuugi,,天球儀,One-shot,349,6.03,2005,https://cdn.myanimelist.net/images/manga/2/206876l.jpg
830,Boku to Sensei to Megane,"Teacher, Glasses, & I",僕と先生とメガネ,Manga,347,,2005,https://cdn.myanimelist.net/images/manga/2/14389l.jpg
831,Punch↑+Jinan Joutou,,Punch↑+次男上等,Manga,346,,2005,https://cdn.myanimelist.net/images/manga/3/139151l.jpg
832,Arashi no Yoru ni,,あらしのよるに,Manga,345,,2005,https://cdn.myanimelist.net/images/manga/3/182064l.jpg
832,GP Gakuen Jouhou Shoribu,Great Place High School,ＧＰ学園情報処理部,Manga,345,6.89,2005,https://cdn.myanimelist.net/images/manga/3/1478l.jpg
834,Gokujou Seitokai,,極上生徒会,Manga,344,,2005,https://cdn.myanimelist.net/images/manga/3/211776l.jpg
835,Suberu wo Itowazu,,森田まさのり短編集 スベルヲイトワズ,Manga,343,6.49,2005,https://cdn.myanimelist.net/images/manga/1/111195l.jpg
836,Haeteru Watashi to Tsuiteru Kanojo,,生えてるワタシとツいてる彼女,Manga,342,,2005,https://cdn.myanimelist.net/images/manga/3/68629l.jpg
836,Kyouten Yuuhouki,,虚天遊方記,Manga,342,6.26,2005,https://cdn.myanimelist.net/images/manga/3/68113l.jpg
838,Sougetsu no Kisetsu,,蒼月の季節,Manga,340,6.44,2005,https://cdn.myanimelist.net/images/manga/3/48617l.jpg
839,Binkan Drops,,敏感どろっぷす,Manga,339,6.43,2005,https://cdn.myanimelist.net/images/manga/2/69035l.jpg
839,Suna no Shita no Suimyaku,,砂の下の水脈,Manga,339,6.33,2005,https://cdn.myanimelist.net/images/manga/2/30417l.jpg
841,Koi toka Ai toka,,恋とか愛とか,Manga,338,,2005,https://cdn.myanimelist.net/images/manga/3/152547l.jpg
842,Kurenai Hanafubuki,,くれない花吹雪,Manga,337,6.67,2005,https://cdn.myanimelist.net/images/manga/2/267557l.jpg
843,Pink no Ana,Hole of Pink,ピンクの穴,Manga,336,,2005,https://cdn.myanimelist.net/images/manga/2/49625l.jpg
844,Yuri x Yuri Kenbunroku,,,Manga,335,,2005,https://cdn.myanimelist.net/images/manga/3/17601l.jpg
845,Hot Liquid,,ホットリキッド,Manga,333,6.5,2005,https://cdn.myanimelist.net/images/manga/1/49805l.jpg
845,Kimi to Boku no Ashiato,,よしづきくみち短編集 君と僕のアシアト,Manga,333,,2005,https://cdn.myanimelist.net/images/manga/1/161844l.jpg
847,Dendou Darlin',,電動ダーリン,Manga,332,6.16,2005,https://cdn.myanimelist.net/images/manga/2/79971l.jpg
847,Hatenkou,,破天荒,One-shot,332,6.11,2005,https://cdn.myanimelist.net/images/manga/5/82916l.jpg
849,Boy or Chicken?,,ボーイ チキン？,One-shot,331,6.1,2005,https://cdn.myanimelist.net/images/manga/1/99983l.jpg
850,Osananajimi no Baai,,おさななじみの場合,Manga,330,,2005,https://cdn.myanimelist.net/images/manga/3/81918l.jpg
851,Tsunoru Omoi ni Shirohata wo.,,募る想いに白旗を。,One-shot,328,6.1,2005,https://cdn.myanimelist.net/images/manga/2/152525l.jpg
852,Mikura-san no Koi,,三倉さんの恋,One-shot,327,6.11,2005,https://cdn.myanimelist.net/images/manga/1/146149l.jpg
852,Utopias,,ユートピアズ,Manga,327,,2005,https://cdn.myanimelist.net/images/manga/1/200571l.jpg
854,Manga Nazenani Kyoushitsu,,なぜなに教室,Manga,326,6.44,2005,https://cdn.myanimelist.net/images/manga/1/49125l.jpg
854,Opera,Opera,オペラ,Light Novel,326,,2005,https://cdn.myanimelist.net/images/manga/3/259176l.jpg
854,To Heart 2 ~Colorful Note~,,ToHeart2~colorful note,Manga,326,,2005,https://cdn.myanimelist.net/images/manga/2/34301l.jpg
857,Hotel Africa,Hotel Africa,호텔 아프리카,Manhwa,325,,2005,https://cdn.myanimelist.net/images/manga/5/315332l.jpg
857,Scandalous Girl,,スキャンダラスガール,Manga,325,6.29,2005,https://cdn.myanimelist.net/images/manga/3/177596l.jpg
859,Yuuwaku no Hitsuji,Temptation,誘惑の羊,Manga,324,6.65,2005,https://cdn.myanimelist.net/images/manga/2/162786l.jpg
860,Mother Cosmos,,マザー・コスモス,Manga,323,,2005,https://cdn.myanimelist.net/images/manga/3/166509l.jpg
860,Muchi Ero,,むちえろ,Manga,323,,2005,https://cdn.myanimelist.net/images/manga/3/58395l.jpg
862,Bu Sha,,不殺,Light Novel,322,7.21,2005,https://cdn.myanimelist.net/images/manga/1/106527l.jpg
863,Chrono Code,Chrono Code,리버사이드,Manhwa,320,,2005,https://cdn.myanimelist.net/images/manga/5/753l.jpg
863,Haitoku no O-niwa,,背徳のお庭,Manga,320,6.59,2005,https://cdn.myanimelist.net/images/manga/2/5846l.jpg
863,Usagi no Oujisama.,The Prince of Usagi,うさぎの王子様。,Manga,320,6.74,2005,https://cdn.myanimelist.net/images/manga/1/339033l.jpg
866,Eiga Futari wa Precure: Max Heart,,映画 ふたりはプリキュア Max Heart,Manga,318,,2005,https://cdn.myanimelist.net/images/manga/3/269177l.jpg
866,Himitsu na Kankei dj - Owatta Ato de mo Kankeichuu,,秘密な関係 終わった後でも関係中,Doujinshi,318,6.57,2005,https://cdn.myanimelist.net/images/manga/2/2468l.jpg
866,Kodomo no Hitomi,,こどもの瞳,Light Novel,318,,2005,https://cdn.myanimelist.net/images/manga/3/33499l.jpg
869,Hoshii Mono wa Anahitotsu!,,欲しい物わは穴ひとつ！,Manga,316,6.41,2005,https://cdn.myanimelist.net/images/manga/3/49541l.jpg
869,Inbu - Boku wa Mama no Pet,,淫舞 - ボクはママのペット,Manga,316,6.55,2005,https://cdn.myanimelist.net/images/manga/4/51905l.jpg
871,1520,1520,,Manhua,315,,2005,https://cdn.myanimelist.net/images/manga/2/14269l.jpg
871,Aneimo.,,あねいも。,Manga,315,6.18,2005,https://cdn.myanimelist.net/images/manga/2/186438l.jpg
871,Dekoboko,,でこぼこ,One-shot,315,6.21,2005,https://cdn.myanimelist.net/images/manga/2/99987l.jpg
871,Zettai Zetsumei Kyoushitsu,Desperation Classroom,絶体絶命教室,Manga,315,6.7,2005,https://cdn.myanimelist.net/images/manga/3/48891l.jpg
875,Futsutsukana Ani desu ga,My Brother is Rude,ふつつかな兄ですが,One-shot,313,6.31,2005,https://cdn.myanimelist.net/images/manga/2/19203l.jpg
875,Koisuru Nikudorei-chan,Sex-Slave in Love,恋する肉奴隷ちゃん,Manga,313,,2005,https://cdn.myanimelist.net/images/manga/3/18469l.jpg
877,Enbi,,艶美 みやびつづる初期短編集,Manga,310,,2005,https://cdn.myanimelist.net/images/manga/2/165639l.jpg
878,Boku no Adult Venus,,ボクのアダルトヴィーナス,Manga,308,6.64,2005,https://cdn.myanimelist.net/images/manga/1/49743l.jpg
879,"Telepathy Shoujo ""Ran""",,テレパシー少女「蘭」,Manga,306,,2005,https://cdn.myanimelist.net/images/manga/1/120303l.jpg
880,Fuyu no Roman Minshuku,,冬の浪漫民宿,One-shot,305,6.15,2005,https://cdn.myanimelist.net/images/manga/3/161117l.jpg
880,Mermaid no You ni,Like a Mermaid,マーメイドのように,Manga,305,6.42,2005,https://cdn.myanimelist.net/images/manga/4/173666l.jpg
882,"Otome, Sakazu ni Chiru na Kare.",,をとめ、咲かずに散るなかれ。,Manga,304,,2005,https://cdn.myanimelist.net/images/manga/2/69605l.jpg
883,Glamorous Roses,,GLAMOROUS ROSES,Manga,303,6.41,2005,https://cdn.myanimelist.net/images/manga/3/46625l.jpg
883,Sanzensekai no Karasu wo Koroshi,,三千世界の烏を殺し,Manga,303,6.66,2005,https://cdn.myanimelist.net/images/manga/2/170584l.jpg
885,Aiken Yougo Shuukan,,愛犬擁護週間,Manga,301,6.09,2005,https://cdn.myanimelist.net/images/manga/1/49431l.jpg
886,Soukyuu no Fafner: Dead Aggressor,Fafner: Dead Aggressor,蒼穹のファフナー,Light Novel,300,,2005,https://cdn.myanimelist.net/images/manga/1/32588l.jpg
887,Croquis Pop,Croquis Pop,크로키팝,Manhwa,299,,2005,https://cdn.myanimelist.net/images/manga/3/14822l.jpg
887,Dragon's Heaven,,ドラゴンズヘブン,Manga,299,,2005,https://cdn.myanimelist.net/images/manga/2/91935l.jpg
887,GRANDEEK ReeL,,グランディーク・リール,Manga,299,,2005,https://cdn.myanimelist.net/images/manga/2/16732l.jpg
887,Study,Study,,Manga,299,,2005,https://cdn.myanimelist.net/images/manga/2/14539l.jpg
891,Choumukiryoku Sentai Japafive,,超無気力戦隊ジャパファイブ,Manga,298,,2005,https://cdn.myanimelist.net/images/manga/3/127647l.jpg
891,Dual Girls,,DUAL GIRLS,Manga,298,,2005,https://cdn.myanimelist.net/images/manga/3/175046l.jpg
891,Mahiru no Youjinbou,,マヒルの用心棒,Manga,298,,2005,https://cdn.myanimelist.net/images/manga/2/83699l.jpg
891,Virgin Game,Virgin Games,ヴァージンげ～む,Manga,298,,2005,https://cdn.myanimelist.net/images/manga/3/126849l.jpg
895,Tadashii Shujuu Kankei,,正しい主従関係,Manga,294,,2005,https://cdn.myanimelist.net/images/manga/3/2547l.jpg
896,Dotsuki Manzai,,TYPE-MOON作品集 弩月万罪,Manga,293,,2005,https://cdn.myanimelist.net/images/manga/5/343059l.jpg
896,Shin Shota Naburi,,真・ショタ嫐り,Manga,293,,2005,https://cdn.myanimelist.net/images/manga/1/102559l.jpg
898,Dare ni Moyanneー!,,誰にもやんねー!,Manga,292,6.5,2005,https://cdn.myanimelist.net/images/manga/4/282523l.jpg
899,Futari wa Precure: Max Heart,,ふたりはプリキュア Max Heart,Manga,291,,2005,https://cdn.myanimelist.net/images/manga/1/181258l.jpg
899,Tokyo☆Erogance,Tokyo☆Erogance,東京☆エロガンス,Manga,291,6.26,2005,https://cdn.myanimelist.net/images/manga/5/7796l.jpg
901,Shiri Tamashii: Shirikon,,尻魂-シリコン-,Manga,290,,2005,https://cdn.myanimelist.net/images/manga/3/106995l.jpg
902,Hana ni te Sourou,,花にて候,Manga,288,,2005,https://cdn.myanimelist.net/images/manga/2/30034l.jpg
902,Ordinary± Owl,,Ordinary±梟-オウル-,One-shot,288,,2005,https://cdn.myanimelist.net/images/manga/3/104543l.jpg
902,S to M,S&M,SとM,Manga,288,,2005,https://cdn.myanimelist.net/images/manga/1/223947l.jpg
905,Emotion,,エモーション,Manga,287,,2005,https://cdn.myanimelist.net/images/manga/2/59365l.jpg
905,Gun Tribe,,ガントライブ,Manga,287,,2005,https://cdn.myanimelist.net/images/manga/1/49213l.jpg
905,Soukyuu no Fafner: Dead Aggressor,Fafner: Dead Aggressor,蒼穹のファフナー,Manga,287,,2005,https://cdn.myanimelist.net/images/manga/3/32587l.jpg
905,Tsuki no Himitsu,Secret Moon,月の秘密,Light Novel,287,,2005,https://cdn.myanimelist.net/images/manga/1/180192l.jpg
905,WonderLand,,이상하고 아름다운 도깨비 나라,Manhwa,287,,2005,https://cdn.myanimelist.net/images/manga/1/3370l.jpg
910,Misao My Love,,みさお MY LOVE,Manga,286,,2005,https://cdn.myanimelist.net/images/manga/2/68597l.jpg
911,Ayashii Haha to Midara na Oba,,妖しい母と淫らな叔母,Manga,284,,2005,https://cdn.myanimelist.net/images/manga/1/119373l.jpg
912,Radiata Stories: The Song of Ridley,,ラジアータストーリーズ The Song of RIDLEY,Manga,283,,2005,https://cdn.myanimelist.net/images/manga/2/37234l.jpg
913,Ryuuji,,龍時,Manga,282,,2005,https://cdn.myanimelist.net/images/manga/1/337338l.jpg
913,Sakuranbo Yuugi,,桜桃遊戯,One-shot,282,6.0,2005,https://cdn.myanimelist.net/images/manga/1/164361l.jpg
913,Suteki Tantei Labyrinth,,素敵探偵ラビリンス,Manga,282,,2005,https://cdn.myanimelist.net/images/manga/2/184444l.jpg
916,Manatsu no Rakuen,Paradise of Midsummer,,Manga,281,6.38,2005,https://cdn.myanimelist.net/images/manga/3/13361l.jpg
916,Miracle Dieter Miyuki,Miracle Dieter Miyuki,ミラクルダイエッターMIYUKI,Manga,281,,2005,https://cdn.myanimelist.net/images/manga/1/267545l.jpg
918,Ane no Mune,,姉の媚乳,Manga,279,,2005,https://cdn.myanimelist.net/images/manga/1/69249l.jpg
919,Bokura no Oukoku Arabian Nights,,僕らの王国 アラビアンナイト,Manga,278,,2005,https://cdn.myanimelist.net/images/manga/3/44601l.jpg
919,Ibara no Ori,Cage of Thorns,荊の檻,Manga,278,,2005,https://cdn.myanimelist.net/images/manga/3/157389l.jpg
919,Kiseki no Kakera,A Fraction of a Miracle,きせきのかけら,Manga,278,,2005,https://cdn.myanimelist.net/images/manga/3/24706l.jpg
922,Datte Otokonoko damon,,だって男の子だもん,Manga,277,,2005,https://cdn.myanimelist.net/images/manga/3/99455l.jpg
922,Hounyuu Hyakkei,,宝乳百景,Manga,277,,2005,https://cdn.myanimelist.net/images/manga/2/48013l.jpg
924,Double Lip,,ダブルリップ,Manga,276,,2005,https://cdn.myanimelist.net/images/manga/2/189608l.jpg
925,Ijime Series,,いじめ シリーズ,Manga,274,,2005,https://cdn.myanimelist.net/images/manga/2/161027l.jpg
925,Koibito wa Sweet Rabbit,,恋人はスイートラビ,Manga,274,,2005,https://cdn.myanimelist.net/images/manga/2/130197l.jpg
925,Paizuri Hime,,パイズリ姫,Manga,274,,2005,https://cdn.myanimelist.net/images/manga/2/48871l.jpg
928,Lollipo Unlimited,,ろりぽ∞,Manga,273,,2005,https://cdn.myanimelist.net/images/manga/2/9960l.jpg
929,Kidou Senshi Z Gundam: Day After Tomorrow - Kai Shiden no Report yori,,機動戦士Zガンダム デイアフタートゥモロー カイ・シデンのレポートより,Manga,272,,2005,https://cdn.myanimelist.net/images/manga/2/189610l.jpg
930,Ane to Boin,,姉とボイン,Light Novel,271,,2005,https://cdn.myanimelist.net/images/manga/2/166245l.jpg
930,Yoru to Asa,,夜と朝,Doujinshi,271,,2005,https://cdn.myanimelist.net/images/manga/5/288856l.jpg
930,Zutto Oneechan no Turn!!,,ずっとお姉ちゃんのターン！！,Manga,271,,2005,https://cdn.myanimelist.net/images/manga/3/107063l.jpg
933,Dreamer's High,,ドリーマーズハイ,Manga,270,,2005,https://cdn.myanimelist.net/images/manga/2/159636l.jpg
934,Otenki Oniisan,,お天気お兄さん,Manga,269,6.55,2005,https://cdn.myanimelist.net/images/manga/3/11496l.jpg
934,Yggdrasil no Kajitsu,Yggdrasil,ユグドラシルの果実,Manga,269,,2005,https://cdn.myanimelist.net/images/manga/2/87473l.jpg
936,Kamisama Game,The God Game,神様ゲーム,Light Novel,268,,2005,https://cdn.myanimelist.net/images/manga/1/162906l.jpg
936,Youjo no Yuuwaku,The Baby Girl's Temptation,幼女の誘惑,Manga,268,,2005,https://cdn.myanimelist.net/images/manga/1/71445l.jpg
938,Soul Drop,,ソウルドロップの幽体研究,Manga,266,,2005,https://cdn.myanimelist.net/images/manga/3/16345l.jpg
939,Kimochi Ii Koto,A Pleasant Thing,きもちイイコト,Manga,265,,2005,https://cdn.myanimelist.net/images/manga/2/207681l.jpg
940,Morotomo,With Thou,もろとも,Manga,264,6.54,2005,https://cdn.myanimelist.net/images/manga/3/15615l.jpg
941,Yareba Dekirusa,,やればできるさ,Manga,262,,2005,https://cdn.myanimelist.net/images/manga/3/16027l.jpg
942,Imouto ga Ippai: Fruit Basket,,妹がいっぱい フルーツバスケット,Light Novel,261,,2005,https://cdn.myanimelist.net/images/manga/3/166794l.jpg
942,Zig + Zag,,ジグ+ザグ,Manga,261,,2005,https://cdn.myanimelist.net/images/manga/3/326737l.jpg
944,Girls Bravo: Another Act.,,GIRLSブラボー Another Act.,One-shot,260,,2005,https://cdn.myanimelist.net/images/manga/2/209798l.jpg
945,Ciao Ciao Bambino,,チャオチャオバンビーノ,Manga,259,,2005,https://cdn.myanimelist.net/images/manga/2/342727l.jpg
946,Ai Yuugi,,愛・遊戯,Manga,257,,2005,https://cdn.myanimelist.net/images/manga/1/63115l.jpg
946,JHS,,JHS,Manga,257,,2005,https://cdn.myanimelist.net/images/manga/1/93075l.jpg
946,Rei: Shisei no Koe - Comic Anthology,,零 ～刺青の聲～コミックアンソロジー,Manga,257,,2005,https://cdn.myanimelist.net/images/manga/1/33007l.jpg
946,Try Angle,,TRYあんぐる,One-shot,257,,2005,https://cdn.myanimelist.net/images/manga/3/99979l.jpg
946,Witch Class,Witch Class,,Manhwa,257,,2005,https://cdn.myanimelist.net/images/manga/1/10167l.jpg
951,Chijoku no Meikyuu,,恥辱の迷宮,Manga,256,,2005,https://cdn.myanimelist.net/images/manga/3/48079l.jpg
951,Frame Saber,,フレームセイバー,Manga,256,,2005,https://cdn.myanimelist.net/images/manga/1/14926l.jpg
951,Kidou Senshi Gundam MS IGLOO 603,,機動戦士ガンダムMS IGLOO 603,Manga,256,,2005,https://cdn.myanimelist.net/images/manga/3/18865l.jpg
954,Imouto Factory,,妹ふぁくとりー,Manga,255,,2005,https://cdn.myanimelist.net/images/manga/3/68527l.jpg
955,Poko to Wonderful♥,,ポコとワンダフル♥,Manga,254,,2005,https://cdn.myanimelist.net/images/manga/3/178431l.jpg
956,Colorful Joker,,虹色〈カラフル〉JOKER,Manga,252,,2005,https://cdn.myanimelist.net/images/manga/3/273328l.jpg
956,Kateikyoushi no Oneesan: H no Hensachi Agechaimasu,,家庭教師のおねえさん～Hの偏差値あげちゃいます～,Light Novel,252,,2005,https://cdn.myanimelist.net/images/manga/1/128557l.jpg
958,Daite...,,抱いて…,Manga,251,,2005,https://cdn.myanimelist.net/images/manga/3/48059l.jpg
959,The President's Time,The President's Time,社長のおじかん。,Manga,250,,2005,https://cdn.myanimelist.net/images/manga/2/9058l.jpg
960,Renai Reizoku,,戀愛隸屬,Manga,249,,2005,https://cdn.myanimelist.net/images/manga/2/4166l.jpg
961,Harizuki Kagerou Enishi no Monogatari,,玻璃月蜻蛉縁物語,Manga,248,,2005,https://cdn.myanimelist.net/images/manga/3/157488l.jpg
962,Ecchi Shoujo Pantsu,,ESP エッチな少女パンツ,Manga,247,,2005,https://cdn.myanimelist.net/images/manga/3/34122l.jpg
962,Renai Nichijou Sahanji,"Honey Senior, Darling Junior",レンアイ日常茶飯事,Manga,247,,2005,https://cdn.myanimelist.net/images/manga/1/6243l.jpg
964,Ruriiro no Sora,,瑠璃色のそら,Doujinshi,244,6.16,2005,https://cdn.myanimelist.net/images/manga/3/48563l.jpg
964,Squall,,SQUALL,Manga,244,,2005,https://cdn.myanimelist.net/images/manga/1/186622l.jpg
966,Kuse ni Narisou,,クセになりそう,Manga,241,,2005,https://cdn.myanimelist.net/images/manga/1/346628l.jpg
967,Kokko-san,,こっこさん,Manga,240,,2005,https://cdn.myanimelist.net/images/manga/3/300920l.jpg
967,Mikan no Koi,,未完の恋,Manga,240,,2005,https://cdn.myanimelist.net/images/manga/3/140639l.jpg
969,Kakumei Kyoushitsu,,革命教室,Manga,239,,2005,https://cdn.myanimelist.net/images/manga/2/164278l.jpg
970,Transformers: Kiss Players/15 Go! Go! Compilation,,トランスフォーマー キスぷれ/トランスフォーマー情報管理局テレトラン15GO!GO! 総集編,Manga,237,,2005,https://cdn.myanimelist.net/images/manga/3/35699l.jpg
971,Kaisoku Man Kan Zenseki,,快速満姦全席,One-shot,236,,2005,https://cdn.myanimelist.net/images/manga/1/109521l.jpg
971,Zettai Renai Shugi,,絶対恋愛主義,Manga,236,,2005,https://cdn.myanimelist.net/images/manga/2/48709l.jpg
973,Organic Sons,Organic Sons,オーガニック・サンズ,Manga,235,,2005,https://cdn.myanimelist.net/images/manga/2/158539l.jpg
974,Juukei Hanazono,,重慶花園,Manga,233,,2005,https://cdn.myanimelist.net/images/manga/2/34213l.jpg
975,Kasai Chousakan Nanase,Fire Investigator Nanase,火災調査官ナナセ,Manga,231,,2005,https://cdn.myanimelist.net/images/manga/3/33022l.jpg
975,Mayu-sensei wa H de Komaru!!,,まゆ先生はHで困る!!,Manga,231,,2005,https://cdn.myanimelist.net/images/manga/2/64925l.jpg
977,Datte Suki Damono,,だって好きだもの,Manga,230,,2005,https://cdn.myanimelist.net/images/manga/2/59811l.jpg
978,Juurin Toiro,,蹂躙十色,Manga,228,,2005,https://cdn.myanimelist.net/images/manga/3/101971l.jpg
978,Mugen no Gunkan Yamato,,夢幻の軍艦 大和,Manga,228,,2005,https://cdn.myanimelist.net/images/manga/2/124815l.jpg
980,Kimagure,,キマグレ,Manga,227,,2005,https://cdn.myanimelist.net/images/manga/3/193173l.jpg
980,Oneesan no Mizu Asobi.,,おねいさんのみずあそび。,One-shot,227,,2005,https://cdn.myanimelist.net/images/manga/3/92839l.jpg
982,1/2 no Ringo,,１／２の林檎,Manga,226,,2005,https://cdn.myanimelist.net/images/manga/3/47787l.jpg
983,Amigo x Amiga,,あみーご×あみーが,Manga,225,,2005,https://cdn.myanimelist.net/images/manga/2/9945l.jpg
983,Samuku naru to Kata wo Yosete,,寒くなると肩を寄せて,Manga,225,,2005,https://cdn.myanimelist.net/images/manga/1/160111l.jpg
985,Domestic,,ドメスティック,Manga,222,,2005,https://cdn.myanimelist.net/images/manga/1/37482l.jpg
985,Kuchibiru ni Amai Doku dj - Bridal Night,,,Doujinshi,222,,2005,https://cdn.myanimelist.net/images/manga/2/298309l.jpg
987,Akuma no You na Anata,,悪魔のようなあなた,Manga,220,,2005,https://cdn.myanimelist.net/images/manga/2/41245l.jpg
987,Mirror Does Not Lie,,魔鏡不說謊,Manhua,220,,2005,https://cdn.myanimelist.net/images/manga/4/254881l.jpg
987,Pink Trash,,ピンクトラッシュ,Manga,220,,2005,https://cdn.myanimelist.net/images/manga/1/125811l.jpg
987,Tenshi no Sumu Machi,,天使の棲む街,Manga,220,,2005,https://cdn.myanimelist.net/images/manga/1/117725l.jpg
991,Amaetai Fucks,,甘えたいFUCKs,Manga,219,,2005,https://cdn.myanimelist.net/images/manga/3/161473l.jpg
992,Post Girl,,,One-shot,218,,2005,https://cdn.myanimelist.net/images/manga/3/40854l.jpg
993,Gakuen B,,学園B,One-shot,216,,2005,https://cdn.myanimelist.net/images/manga/3/48845l.jpg
993,Goal Den Age,,Goal Den Age,Manga,216,,2005,https://cdn.myanimelist.net/images/manga/1/199629l.jpg
993,Gun x Sword,,ガン×ソード,Manga,216,,2005,https://cdn.myanimelist.net/images/manga/1/245517l.jpg
996,Crimson Wind,Crimson Wind,クリムゾンウインド,Manga,214,,2005,https://cdn.myanimelist.net/images/manga/3/5468l.jpg
997,Colorful Princess,,カラフルプリンセス,Manga,213,,2005,https://cdn.myanimelist.net/images/manga/1/75899l.jpg
997,Timing,Timing,타이밍,Manhwa,213,,2005,https://cdn.myanimelist.net/images/manga/3/229328l.jpg
999,Futa Suki!,,ふたスキ！,Manga,212,,2005,https://cdn.myanimelist.net/images/manga/3/69385l.jpg
999,Mahou ga Tokeru made,Until You Break the Magic Spell,魔法が解ける迄,Manga,212,,2005,https://cdn.myanimelist.net/images/manga/2/150533l.jpg
1001,Ero Nee,,えろねぇ,Manga,211,,2005,https://cdn.myanimelist.net/images/manga/2/175066l.jpg
1001,Hana Shounen,,花少年,Manga,211,,2005,https://cdn.myanimelist.net/images/manga/1/95941l.jpg
1001,Hisho no Koi,Secretary's Love,秘書の恋,Manga,211,,2005,https://cdn.myanimelist.net/images/manga/2/193142l.jpg
1004,Girigiri Mousou Asobi,,ギリギリ妄想遊び,One-shot,210,,2005,https://cdn.myanimelist.net/images/manga/2/53921l.jpg
1004,Momoiro Milk,,ももいろみるく,Manga,210,,2005,https://cdn.myanimelist.net/images/manga/2/157061l.jpg
1006,Shoujo Hakkei,The End of 8 Girlhood,少女八景,Manga,209,,2005,https://cdn.myanimelist.net/images/manga/1/141999l.jpg
1006,Ultraman Story 0,,ウルトラマンSTORY0,Manga,209,,2005,https://cdn.myanimelist.net/images/manga/3/296755l.jpg
1008,Midnight Rhapsody,,골방환상곡,Manhwa,208,,2005,https://cdn.myanimelist.net/images/manga/2/106173l.jpg
1009,Cat Shit One Volume 0,,Cat Shit One VOL.0,Manga,207,,2005,https://cdn.myanimelist.net/images/manga/1/142163l.jpg
1009,Joumu Shima Kousaku,Executive Managing Director Shima Kosaku,常務 島耕作,Manga,207,,2005,https://cdn.myanimelist.net/images/manga/1/129005l.jpg
1011,Shirahata no Shoujo,,白旗の少女,Manga,206,,2005,https://cdn.myanimelist.net/images/manga/2/205662l.jpg
1012,Hadaka Yori Hiwai,,ハダカより卑猥,Manga,205,,2005,https://cdn.myanimelist.net/images/manga/1/59839l.jpg
1013,Koi wa Itsumo Arashi no You ni Plus,Love is Like a Hurricane Plus,恋はいつも嵐のように+,Manga,204,,2005,https://cdn.myanimelist.net/images/manga/3/5926l.jpg
1013,Rean no Tsubasa,,リーンの翼,Manga,204,,2005,https://cdn.myanimelist.net/images/manga/4/81582l.jpg
1015,A to Z,,,Doujinshi,203,,2005,https://cdn.myanimelist.net/images/manga/1/17896l.jpg
1015,Mrs. Junkie,,ミセスジャンキー,Light Novel,203,,2005,https://cdn.myanimelist.net/images/manga/3/166067l.jpg
1017,Yuri Sensei wa Kyou mo Joukigen,Yuri Sensei Is In A Good Mood Today As Well,由利先生は今日も上機嫌,Manga,202,,2005,https://cdn.myanimelist.net/images/manga/1/27323l.jpg
1018,Boshi Enya,Mother and child luster night,母子艶夜,Manga,201,,2005,https://cdn.myanimelist.net/images/manga/3/156545l.jpg
1018,Fetish no Hinkaku,Dignity of Fetishism,フェチの品格,Manga,201,,2005,https://cdn.myanimelist.net/images/manga/3/60467l.jpg
1020,Rin,,リン,Manga,200,,2005,https://cdn.myanimelist.net/images/manga/2/78863l.jpg
1021,Neko ga Ongaeshi?,,猫が恩返し？,One-shot,199,,2005,https://cdn.myanimelist.net/images/manga/1/51969l.jpg
1021,Shin Onimusha: Night of Genesis,Onimusha: Night of Genesis,新 鬼武者 -NIGHT OF GENESIS-,Manga,199,,2005,https://cdn.myanimelist.net/images/manga/2/196862l.jpg
1021,Yononaka Azayaka,,世の中あざやか,Manga,199,,2005,https://cdn.myanimelist.net/images/manga/5/84887l.jpg
1024,Zetsubou no Uta,,絶望の詩,Manga,198,,2005,https://cdn.myanimelist.net/images/manga/1/136489l.jpg
1025,Aaaaah! Gotoushu-sama,,あああああっ！ご当主さまっ,Manga,197,,2005,https://cdn.myanimelist.net/images/manga/3/150140l.jpg
1025,Dynamite★Beauty,,ダイナマイト・ビューティー!!,Manga,197,,2005,https://cdn.myanimelist.net/images/manga/2/35391l.jpg
1025,Hatsujou-kei Joshi.,,発情系女子。,Manga,197,,2005,https://cdn.myanimelist.net/images/manga/3/97955l.jpg
1025,Ongaku to Manga,,音楽と漫画,Manga,197,,2005,https://cdn.myanimelist.net/images/manga/1/221276l.jpg
1029,Ecchi Kanji♪,Lewd Feeling♪,えっちぃカンジ♪,Manga,196,,2005,https://cdn.myanimelist.net/images/manga/3/181806l.jpg
1029,Hirona Ex.,,ひろなex.,Manga,196,,2005,https://cdn.myanimelist.net/images/manga/1/193706l.jpg
1031,Cospet,,コスペット,Manga,195,,2005,https://cdn.myanimelist.net/images/manga/1/70397l.jpg
1031,Sore de wa Minasan,,それではみなさん。,Manga,195,,2005,https://cdn.myanimelist.net/images/manga/3/20216l.jpg
1033,Hieda no Monogatari: Mashougatake - Youkai Hunter,,稗田のモノ語り 魔障ヶ岳 －妖怪ハンター,Manga,194,,2005,https://cdn.myanimelist.net/images/manga/1/83627l.jpg
1034,Daradara Fuyuyasumi,,だらだらふゆやすみ,Doujinshi,193,,2005,https://cdn.myanimelist.net/images/manga/1/31132l.jpg
1035,Ao Ringo Kiss,Green Apple Kiss,青リンゴKISS,Manga,192,,2005,https://cdn.myanimelist.net/images/manga/3/66317l.jpg
1035,Bokura Living,,僕等Living,Manga,192,,2005,https://cdn.myanimelist.net/images/manga/2/158210l.jpg
1035,Omega Tribe Kingdom,,オメガトライブキングダム,Manga,192,,2005,https://cdn.myanimelist.net/images/manga/1/75295l.jpg
1035,Tempest,,テンペスト,Manga,192,,2005,https://cdn.myanimelist.net/images/manga/1/272612l.jpg
1039,Hontou wa Eroi Otogibanashi,,本当はエロいおとぎ話,Manga,190,,2005,https://cdn.myanimelist.net/images/manga/3/93559l.jpg
1040,12 Demons,,12DEMONS,Light Novel,189,,2005,https://cdn.myanimelist.net/images/manga/3/164241l.jpg
1041,Blue Snow Blue,blue snow blue,blue snow blue,Doujinshi,188,,2005,https://cdn.myanimelist.net/images/manga/3/101775l.jpg
1041,KURAU Phantom Memory,,クラウ ファントムメモリー,Manga,188,,2005,https://cdn.myanimelist.net/images/manga/2/38472l.jpg
1043,Akashiro Tamago,,赤白たまご,Manga,187,,2005,https://cdn.myanimelist.net/images/manga/2/201988l.jpg
1044,Arcadia,,アルカディア,Manga,186,,2005,https://cdn.myanimelist.net/images/manga/3/53913l.jpg
1044,Meshuu,,牝囚,Manga,186,,2005,https://cdn.myanimelist.net/images/manga/1/110047l.jpg
1044,School Days: Anthology Comic,,School Days アンソロジーコミック,Manga,186,,2005,https://cdn.myanimelist.net/images/manga/2/182366l.jpg
1047,Front Mission - The Drive,,フロントミッション ～ザ ドライブ～,Manga,185,,2005,https://cdn.myanimelist.net/images/manga/1/84011l.jpg
1047,Kyonyuu no Ran,,巨乳の檻,Manga,185,,2005,https://cdn.myanimelist.net/images/manga/3/69107l.jpg
1047,Maid in Heaven SuperS,,MAID iN HEAVEN SuperS,Light Novel,185,,2005,https://cdn.myanimelist.net/images/manga/1/174667l.jpg
1050,Ying Yang Road,,陰陽路,Manhua,184,,2005,https://cdn.myanimelist.net/images/manga/3/49879l.jpg
1051,Kiss Me Doctor!,,キス・ミーDr．,Manga,183,,2005,https://cdn.myanimelist.net/images/manga/4/29765l.jpg
1052,"Kumo no Mukou, Yakusoku no Basho",The Place Promised in Our Early Days,雲のむこう、約束の場所,Novel,182,,2005,https://cdn.myanimelist.net/images/manga/3/275022l.jpg
1052,Shoujotai Soshiki Bouryoku,Girls vs. Organisation Violence,少女対組織暴力,Manga,182,,2005,https://cdn.myanimelist.net/images/manga/3/27271l.jpg
1054,Chimi Anal,,稚魅穴る〜チミアナル〜,Manga,179,,2005,https://cdn.myanimelist.net/images/manga/1/109401l.jpg
1055,Banana wa Oyatsu ni Irimasen,,バナナはおやつに入りません,Manga,177,,2005,https://cdn.myanimelist.net/images/manga/1/100611l.jpg
1055,Hokenshitsu,,ほけんしつ,One-shot,177,,2005,https://cdn.myanimelist.net/images/manga/3/133769l.jpg
1057,Cross X Break,Cross X Break,クロス×ブレイク,Manga,176,,2005,https://cdn.myanimelist.net/images/manga/3/21442l.jpg
1058,Full Spec,,フルスペック,Manga,175,,2005,https://cdn.myanimelist.net/images/manga/1/225084l.jpg
1058,Fundamental/11,,ファンダメンタル/11,Manga,175,,2005,https://cdn.myanimelist.net/images/manga/2/28382l.jpg
1058,Jun Kissa Monokage-ya,,純喫茶物影屋,Manga,175,,2005,https://cdn.myanimelist.net/images/manga/3/97455l.jpg
1058,Maia: Swan Act II,,Maia まいあ -SWAN actⅡ-,Manga,175,,2005,https://cdn.myanimelist.net/images/manga/2/175475l.jpg
1058,Ring ni Kakero: Jun to Jun! Hikari to Kage no Maki,,リングにかけろ順と殉！光と影の巻,One-shot,175,,2005,https://cdn.myanimelist.net/images/manga/2/229821l.jpg
1058,Yasashii dake Ja Tarinakute,Kinky but Kind,優しいだけじゃ足りなくて,Manga,175,,2005,https://cdn.myanimelist.net/images/manga/3/17472l.jpg
1064,Mesuane,,牝姉,Manga,174,,2005,https://cdn.myanimelist.net/images/manga/2/181805l.jpg
1064,Wind: A Breath of Heart,,Wind - a breath of heart- OFFICIAL COMIC,Manga,174,,2005,https://cdn.myanimelist.net/images/manga/3/35032l.jpg
1066,Alice no Himegoto,,アリスのひめごと,Manga,173,,2005,https://cdn.myanimelist.net/images/manga/3/181079l.jpg
1066,High Tension,,ハイテンション,Manga,173,,2005,https://cdn.myanimelist.net/images/manga/3/83082l.jpg
1066,Milk Junkie 3,,MILK・ジャンキー3,Light Novel,173,,2005,https://cdn.myanimelist.net/images/manga/3/175274l.jpg
1066,Rodin,,RODIN,Manga,173,,2005,https://cdn.myanimelist.net/images/manga/1/326733l.jpg
1070,"Kaidan to Odorou, Soshite Anata wa Kaidan de Odoru",,"怪談と踊ろう, そしてあなたは階段で踊る",Light Novel,172,,2005,https://cdn.myanimelist.net/images/manga/2/132459l.jpg
1071,Moral Hazard: Haitoku no Kyoudan,,MORAL HAZARD ～背徳の教壇～,Manga,171,,2005,https://cdn.myanimelist.net/images/manga/2/177587l.jpg
1071,The Silence of Shitsuji and Others,,執事たちの沈黙,Doujinshi,171,,2005,https://cdn.myanimelist.net/images/manga/3/28979l.jpg
1073,Hajimete no Maid,,初めてのメイド,One-shot,170,,2005,https://cdn.myanimelist.net/images/manga/3/39314l.jpg
1073,Tennen♥Youeki,,天然♥幼液,Manga,170,,2005,https://cdn.myanimelist.net/images/manga/2/23343l.jpg
1075,Aishiteru.,I Love You,愛してる。; 記憶障害を乗りこえた運命の恋,Manga,169,,2005,https://cdn.myanimelist.net/images/manga/3/8838l.jpg
1075,Alice Breaker,,ありすブレイカー,Manga,169,,2005,https://cdn.myanimelist.net/images/manga/2/48895l.jpg
1075,Retsuganki,The consequences of a broken promise,烈願記,Manga,169,,2005,https://cdn.myanimelist.net/images/manga/3/59027l.jpg
1075,Seinenki Abenoseimei Ibun: Reimei No Hana,,青年期安倍晴明異聞 黎明の花,Manga,169,,2005,https://cdn.myanimelist.net/images/manga/4/38045l.jpg
1075,Sewn Souls,,,One-shot,169,,2005,https://cdn.myanimelist.net/images/manga/3/37004l.jpg
1075,Smile Cat,,スマイルキャット,Manga,169,,2005,https://cdn.myanimelist.net/images/manga/3/49939l.jpg
1081,"Imouto, Ikimasu!",,妹、イキます!,Doujinshi,168,,2005,https://cdn.myanimelist.net/images/manga/3/10736l.jpg
1081,Kiri no Naka no Shoujo,,霧の中の少女,Manga,168,,2005,https://cdn.myanimelist.net/images/manga/1/49391l.jpg
1081,Shirouto Doutei,,素人童貞。,Manga,168,,2005,https://cdn.myanimelist.net/images/manga/3/68999l.jpg
1081,Tokyo Ghost Trip,,東京ゴースト・トリップ,Manga,168,,2005,https://cdn.myanimelist.net/images/manga/2/17224l.jpg
1085,Binyuu Chousain Ayako,,美乳調査員彩子,Manga,167,,2005,https://cdn.myanimelist.net/images/manga/1/101961l.jpg
1085,Kimagure Santa,,きまぐれサンタ,One-shot,167,,2005,https://cdn.myanimelist.net/images/manga/1/68577l.jpg
1085,Makai Tenshi Djibril,,魔界天使ジブリール,Light Novel,167,,2005,https://cdn.myanimelist.net/images/manga/1/134585l.jpg
1085,Momokan,,もも缶,Manga,167,,2005,https://cdn.myanimelist.net/images/manga/3/33806l.jpg
1085,Ninku: Second Stage - Etonin-hen,,忍空 ～SECOND STAGE 干支忍編～,Manga,167,,2005,https://cdn.myanimelist.net/images/manga/1/189137l.jpg
1090,Fuki no Yakata,The Mansion of No Return,不帰の館,One-shot,166,,2005,https://cdn.myanimelist.net/images/manga/2/201109l.jpg
1090,Hashitte Yuke Dokomademo,,はしってゆけどこまでも,Manga,166,,2005,https://cdn.myanimelist.net/images/manga/3/30508l.jpg
1090,Namaiki-Zakari!,,誤解訪問,Manga,166,,2005,https://cdn.myanimelist.net/images/manga/3/82126l.jpg
1090,Nessa no Umi ni Manekarete,,熱砂の海に抱かれて,Manga,166,,2005,https://cdn.myanimelist.net/images/manga/3/18655l.jpg
1090,Seifuku Henai,,制服偏愛,Manga,166,,2005,https://cdn.myanimelist.net/images/manga/3/62921l.jpg
1095,Chat Noir no Shippo,,シャ・ノワールのしっぽ,Manga,165,,2005,https://cdn.myanimelist.net/images/manga/1/17293l.jpg
1095,Inda no Himekishi Janne,The Princess Knight Janne,淫堕の姫騎士ジャンヌ,Light Novel,165,,2005,https://cdn.myanimelist.net/images/manga/3/172754l.jpg
1095,Suna no Kusari  dj - Another End,,砂の鎖 ANOTHER END,Doujinshi,165,,2005,https://cdn.myanimelist.net/images/manga/5/252950l.jpg
1098,"Ikusa Otome Valkyrie: ""Anata ni Subete wo Sasagemasu"" - Megami Hijoku-hen",,戦乙女ヴァルキリー「あなたに全てを捧げます」 女神被辱編,Light Novel,164,,2005,https://cdn.myanimelist.net/images/manga/3/167746l.jpg
1098,Megamori Milky Pie,,めがもりみるき～ぱい,Manga,164,,2005,https://cdn.myanimelist.net/images/manga/3/110305l.jpg
1098,Rensha!!,,連写,Manga,164,,2005,https://cdn.myanimelist.net/images/manga/3/48329l.jpg
1101,Tenshu ni Sumu Oni/Gunji,,天守に棲む鬼/軍次,Manga,163,,2005,https://cdn.myanimelist.net/images/manga/3/181222l.jpg
1102,Bushidou,,武死道,Manga,162,,2005,https://cdn.myanimelist.net/images/manga/2/37163l.jpg
1102,Harem Castle,,ハーレムキャッスル,Light Novel,162,,2005,https://cdn.myanimelist.net/images/manga/1/164821l.jpg
1102,Harujan,,ハルジャン,Manga,162,,2005,https://cdn.myanimelist.net/images/manga/2/189622l.jpg
1102,Sweet Regard,Mitsumeru Manazashi,みつめるまなざし,Manga,162,,2005,https://cdn.myanimelist.net/images/manga/1/13152l.jpg
1102,Toripan,,とりぱん,Manga,162,,2005,https://cdn.myanimelist.net/images/manga/2/174528l.jpg
1107,Gakuen Kakumeiden Mitsurugi,,学園革命伝 ミツルギ; 学園革命伝ミツルギ,Manga,161,,2005,https://cdn.myanimelist.net/images/manga/1/33633l.jpg
1107,Shinkuu Katakoi Pack,,真空片戀パック,Manga,161,,2005,https://cdn.myanimelist.net/images/manga/3/37790l.jpg
1107,Shinobu no Jikan,,忍の時間,One-shot,161,,2005,https://cdn.myanimelist.net/images/manga/3/53893l.jpg
1107,Sugo! Loli,,極！幼女,Manga,161,,2005,https://cdn.myanimelist.net/images/manga/1/150205l.jpg
1111,"Kimi no Ondo, Shimobe no Netsu",,キミの温度、僕のネツ,Manga,160,,2005,https://cdn.myanimelist.net/images/manga/3/24903l.jpg
1111,Sekai Seifuku Monogatari,,世界征服物語,Manga,160,,2005,https://cdn.myanimelist.net/images/manga/1/15106l.jpg
1111,Siren: Eternal Siren,,サイレン～ETERNAL SIREN～,Manga,160,,2005,https://cdn.myanimelist.net/images/manga/3/129039l.jpg
1111,The God of Death,,THE GOD OF DEATH,Light Novel,160,,2005,https://cdn.myanimelist.net/images/manga/2/170120l.jpg
1115,Keiren Reijou,,痙攣隷嬢,Manga,159,,2005,https://cdn.myanimelist.net/images/manga/1/49797l.jpg
1115,Lewd x Roses -Midara Nabara Tachi-,,LEWD×ROSES -淫らな薔薇達-,Manga,159,,2005,https://cdn.myanimelist.net/images/manga/1/59661l.jpg
1115,Participet: Yoshinaga-kun Honsou suru,,PARTICIPET ～吉永くん奔走する～,Manga,159,,2005,https://cdn.myanimelist.net/images/manga/1/176702l.jpg
1118,Freak: Legend of the Nonblonds,Freak: Legend of the Nonblonds,프리크,Manhwa,158,,2005,https://cdn.myanimelist.net/images/manga/3/262329l.jpg
1118,Inmitsu Chirorhythm,"More Sexual Chiro ""Ero"" Rhythm",淫蜜チロリズム,Manga,158,,2005,https://cdn.myanimelist.net/images/manga/3/68649l.jpg
1120,CA to Oyobi!,,CAとお呼びっ!,Manga,157,,2005,https://cdn.myanimelist.net/images/manga/3/152730l.jpg
1120,Seikai no Danshou,,星界の断章,Light Novel,157,,2005,https://cdn.myanimelist.net/images/manga/4/125213l.jpg
1122,Kanojo no Tomodachi,Forever Friends,彼女のともだち,Manga,156,,2005,https://cdn.myanimelist.net/images/manga/2/26998l.jpg
1123,Daishoya Saei,,代書屋佐永,Manga,154,,2005,https://cdn.myanimelist.net/images/manga/2/32901l.jpg
1123,Goshoizumiken no Yugana Tashinami,,御所泉家の優雅なたしなみ,Light Novel,154,,2005,https://cdn.myanimelist.net/images/manga/3/63513l.jpg
1123,Junjou Porno,Porno Gogo,純情ポルノ,Manga,154,,2005,https://cdn.myanimelist.net/images/manga/2/150462l.jpg
1123,Soko wa Bokura no Mondai desu kara,Don't Disturb Me and Him. Please.,そこはぼくらの問題ですから,Manga,154,,2005,https://cdn.myanimelist.net/images/manga/2/30564l.jpg
1127,Omorashi Hime,,おもらし姫,Manga,153,,2005,https://cdn.myanimelist.net/images/manga/2/48915l.jpg
1127,Yakyou Haikai,,夜京徘徊,Manga,153,,2005,https://cdn.myanimelist.net/images/manga/1/100889l.jpg
1129,Oppai Party,,おっぱいパーティ,One-shot,152,,2005,https://cdn.myanimelist.net/images/manga/3/182117l.jpg
1129,Pythagoras Bitch,,ぴたごらすびっち,Manga,152,,2005,https://cdn.myanimelist.net/images/manga/3/133767l.jpg
1131,Mama ni Yamitsuki,I Addicted to Lewd Mother,淫母〈ママ〉に犯〈ヤ〉みつき,Manga,151,,2005,https://cdn.myanimelist.net/images/manga/3/304903l.jpg
1132,Digital Devil Saga: Avatar Tuner - Shinen no Matou,,DIGITAL DEVIL SAGA アバタール・チューナー 深淵の魔塔,Manga,150,,2005,https://cdn.myanimelist.net/images/manga/2/126649l.jpg
1132,Hard Lock,,ハードロック,Manga,150,,2005,https://cdn.myanimelist.net/images/manga/3/58317l.jpg
1132,Itazura Chuuihou!,,いたずら注意報！,Manga,150,,2005,https://cdn.myanimelist.net/images/manga/5/24236l.jpg
1132,Omiseban Orusuban,,おみせばんおるすばん,Doujinshi,150,,2005,https://cdn.myanimelist.net/images/manga/2/31133l.jpg
1136,Super Double,,,Manga,149,,2005,https://cdn.myanimelist.net/images/manga/1/2280l.jpg
1137,Betsuni Houridashita Wake ja Nai n dakedo....: Mikan no Manga ga Aru Riyuu,,別に放り出した訳ぢゃないんだけど...。～未完の漫画が或る理由～,Manga,148,,2005,https://cdn.myanimelist.net/images/manga/2/171538l.jpg
1137,Midarana Mesu,,ミダラナメス,Manga,148,,2005,https://cdn.myanimelist.net/images/manga/1/58455l.jpg
1137,Transformers: Galaxy Force,,トランスフォーマーギャラクシーフォース,Manga,148,,2005,https://cdn.myanimelist.net/images/manga/2/35680l.jpg
1140,Gokuraku Ladies,Paradise Ladies,極楽レディース,Manga,147,,2005,https://cdn.myanimelist.net/images/manga/2/180688l.jpg
1140,Nerima Daikon Brothers,Nerima Daikon Brothers,練馬大根ブラザーズ,Manga,147,,2005,https://cdn.myanimelist.net/images/manga/3/16813l.jpg
1140,Tsukekomareta Shoujo,,つけ込まれた少女,Manga,147,,2005,https://cdn.myanimelist.net/images/manga/3/50011l.jpg
1143,Orga Mania,,オルガマニア,Manga,146,,2005,https://cdn.myanimelist.net/images/manga/3/153602l.jpg
1144,Hougaki Musume,,萌芽生娘,Manga,145,,2005,https://cdn.myanimelist.net/images/manga/1/95049l.jpg
1144,Reijoku! Annahime-sama Jigokuhen,,隷辱！杏姫様地獄変,Doujinshi,145,,2005,https://cdn.myanimelist.net/images/manga/2/93591l.jpg
1144,Takaya: Senbu Gakuen Gekitouden,,タカヤ -閃武学園激闘伝-,Manga,145,,2005,https://cdn.myanimelist.net/images/manga/2/115275l.jpg
1147,Cartagra: Tsuki Gurui no Yamai,,カルタグラ～ツキ狂イノ病～,Light Novel,144,,2005,https://cdn.myanimelist.net/images/manga/1/144229l.jpg
1147,Japan War 1945 - Shin Daitoua Senki,,JAPAN WAR 1945 ~新大東亜戦記~,Manga,144,,2005,https://cdn.myanimelist.net/images/manga/1/25313l.jpg
1147,Koizuma,,恋妻,Manga,144,,2005,https://cdn.myanimelist.net/images/manga/3/94019l.jpg
1150,Boku no Idol,,ぼくのアイドル,Manga,143,,2005,https://cdn.myanimelist.net/images/manga/2/36276l.jpg
1151,Hinichijouteki Classmate,,非日常的クラスメイト,Manga,142,,2005,https://cdn.myanimelist.net/images/manga/2/49865l.jpg
1151,Nikusen Glamorous,,にくせんGLAMOROUS,Manga,142,,2005,https://cdn.myanimelist.net/images/manga/2/176568l.jpg
1153,Bakkyuu HIT! Crash B-daman,,爆球HIT! クラッシュビーダマン,Manga,141,,2005,https://cdn.myanimelist.net/images/manga/4/32900l.jpg
1153,Chijoku Gakuen,,恥辱学園,Doujinshi,141,,2005,https://cdn.myanimelist.net/images/manga/2/133869l.jpg
1153,Fresh Lovers,,フレッシュラバーズ,Manga,141,,2005,https://cdn.myanimelist.net/images/manga/3/69301l.jpg
1153,Hangyaku no kamon,,叛逆の家紋,Manga,141,,2005,https://cdn.myanimelist.net/images/manga/2/59021l.jpg
1153,Hototogisu,,不如帰,Manga,141,,2005,https://cdn.myanimelist.net/images/manga/3/226564l.jpg
1153,Itsumo no Asobi,,いつものあそび,One-shot,141,,2005,https://cdn.myanimelist.net/images/manga/1/106913l.jpg
1159,Checkmate,,체크 메이트,Manhwa,140,,2005,https://cdn.myanimelist.net/images/manga/3/262331l.jpg
1159,Eomaia,,エオマイア,Manga,140,,2005,https://cdn.myanimelist.net/images/manga/3/218076l.jpg
1159,Moujuu,,妄獣,Manga,140,,2005,https://cdn.myanimelist.net/images/manga/1/67313l.jpg
1159,P Angel,,Ｐ☆えんじぇる,Manga,140,,2005,https://cdn.myanimelist.net/images/manga/1/12380l.jpg
1159,Young Gun Carnaval,,ヤングガン・カルナバル,Light Novel,140,,2005,https://cdn.myanimelist.net/images/manga/1/80225l.jpg
1164,Anata ga Sore wo Nozomu nara,,あなたがそれをのぞむなら,Manga,139,,2005,https://cdn.myanimelist.net/images/manga/1/110447l.jpg
1164,Hanasake! Otome Juku,Otome: Private tutoring school,花咲け！おとめ塾,Manga,139,,2005,https://cdn.myanimelist.net/images/manga/1/177446l.jpg
1164,Houkago Kindan no Lesson,,放課後～禁断のLesson～,Manga,139,,2005,https://cdn.myanimelist.net/images/manga/1/4649l.jpg
1164,Love Love Sisters,,ラブラブシスターズ,One-shot,139,,2005,https://cdn.myanimelist.net/images/manga/3/83038l.jpg
1168,Escape Artist,,脱出少女,Manga,138,,2005,https://cdn.myanimelist.net/images/manga/1/71553l.jpg
1168,Hontou ni Atta H na Taiken Oshiemasu,,新ホントにあったHな体験,Manga,138,,2005,https://cdn.myanimelist.net/images/manga/3/35306l.jpg
1168,Sora no Makigai,,空の巻き貝,Manga,138,,2005,https://cdn.myanimelist.net/images/manga/2/194951l.jpg
1168,Ya-ya-yah ga Yattekuru!,,Ya-Ya-yahがやってくる!,Manga,138,,2005,https://cdn.myanimelist.net/images/manga/2/30218l.jpg
1168,Zettai Shounen,,絶対少年,Light Novel,138,,2005,https://cdn.myanimelist.net/images/manga/3/97873l.jpg
1173,Flat Out,,FLAT OUT,Manga,137,,2005,https://cdn.myanimelist.net/images/manga/1/237695l.jpg
1173,Sparrow's Hotel,,スパロウズホテル,Manga,137,,2005,https://cdn.myanimelist.net/images/manga/3/168398l.jpg
1173,Zettai Joushi x Buka: Furachi na Jikangai Gyoumu,,絶対上司×部下 フラチな時間外業務,Manga,137,,2005,https://cdn.myanimelist.net/images/manga/3/156693l.jpg
1176,Chibo no Hanazono,,痴母の花園,Manga,136,,2005,https://cdn.myanimelist.net/images/manga/2/119257l.jpg
1176,Eroi Neco,,エロイネコ,Manga,136,,2005,https://cdn.myanimelist.net/images/manga/3/53859l.jpg
1178,Chibikko,,ちびっこ,Manga,135,,2005,https://cdn.myanimelist.net/images/manga/3/112223l.jpg
1179,Made in Harem,,メイドインハーレム,Manga,134,,2005,https://cdn.myanimelist.net/images/manga/3/268074l.jpg
1179,Mazi Miko,,マジミコ,One-shot,134,,2005,https://cdn.myanimelist.net/images/manga/3/106915l.jpg
1181,Danna-sama wa Ginyuu Shijin,,ダンナ様は吟遊詩人,Manga,133,,2005,https://cdn.myanimelist.net/images/manga/2/94651l.jpg
1182,Hitomi kara Uroko,,瞳からウロコ。,Manga,132,,2005,https://cdn.myanimelist.net/images/manga/1/83759l.jpg
1182,Hiwai de Midara na Bakunyuu,,卑猥で淫らな爆乳,Manga,132,,2005,https://cdn.myanimelist.net/images/manga/3/120261l.jpg
1182,Toilet no Omocha,,トイレの玩具 英訳,Manga,132,,2005,https://cdn.myanimelist.net/images/manga/1/100507l.jpg
1185,Guzuguzu Shitetara Sodacchau yo?,,ぐずぐずしてたらそだっちゃうよ？,Manga,131,,2005,https://cdn.myanimelist.net/images/manga/2/94031l.jpg
1185,Moe Nee,,もえねえ,Manga,131,,2005,https://cdn.myanimelist.net/images/manga/3/119399l.jpg
1185,Sakura Taisen: Shou Gekijou,,サクラ大戦 ショウ劇場,Manga,131,,2005,https://cdn.myanimelist.net/images/manga/2/74539l.jpg
1185,Youjo no Ana,The Hole of Sweet Heart Child,幼女の穴,Manga,131,,2005,https://cdn.myanimelist.net/images/manga/1/23561l.jpg
1189,Doctor G no Shima,Doctor G's Island; Fallen Angel: White Melody,ドクターＧの島； 堕天使; 白い旋律,Manga,130,,2005,https://cdn.myanimelist.net/images/manga/4/25875l.jpg
1189,Heaven Above Heaven,Heaven Above Heaven,천외천,Manhwa,130,,2005,https://cdn.myanimelist.net/images/manga/3/152325l.jpg
1189,W Name,,Ｗネーム,Manga,130,,2005,https://cdn.myanimelist.net/images/manga/3/35241l.jpg
1192,1/4×1/2®,,1/4×1/2R クォート&ハーフR,Manga,129,,2005,https://cdn.myanimelist.net/images/manga/2/169869l.jpg
1193,Anima ni Aru,,アニマニアル,Manga,128,,2005,https://cdn.myanimelist.net/images/manga/3/267531l.jpg
1193,Busu to Himegimi,,ブスと姫君,Manga,128,,2005,https://cdn.myanimelist.net/images/manga/1/32845l.jpg
1193,Kirihoushi,,切法師,Manga,128,,2005,https://cdn.myanimelist.net/images/manga/1/192336l.jpg
1193,Kuromajo-san ga Tooru!!,,黒魔女さんが通る!!,Light Novel,128,,2005,https://cdn.myanimelist.net/images/manga/2/149358l.jpg
1193,Yamahime Anti-Mnemonics,,山姫アンチメモニクス,Light Novel,128,,2005,https://cdn.myanimelist.net/images/manga/1/197504l.jpg
1198,Abunai Strawberry Boy,Dangerous Strawberry Boy,危ないストロベリー・ボーイ,Manga,127,,2005,https://cdn.myanimelist.net/images/manga/1/155091l.jpg
1198,Hakudaku Harem,Nebula Harem,白濁ハーレム,Manga,127,,2005,https://cdn.myanimelist.net/images/manga/1/152908l.jpg
1198,Kemono to Chat,,けものとチャット,Manga,127,,2005,https://cdn.myanimelist.net/images/manga/3/39572l.jpg
1198,Miagete Goran,,見上げてごらん,Manga,127,,2005,https://cdn.myanimelist.net/images/manga/3/208725l.jpg
1198,Resin Cast Milk,,レジンキャストミルク,Light Novel,127,,2005,https://cdn.myanimelist.net/images/manga/1/148439l.jpg
1198,Sweet Monsters,,スィート・モンスターズ,One-shot,127,,2005,https://cdn.myanimelist.net/images/manga/2/113563l.jpg
1204,Makai Tenshi Djibril: Episode 2,,魔界天使ジブリール－episode2－,Light Novel,126,,2005,https://cdn.myanimelist.net/images/manga/1/134587l.jpg
1204,Salaryman Kintarou: Money Wars-hen,,サラリーマン金太郎 マネーウォーズ編,Manga,126,,2005,https://cdn.myanimelist.net/images/manga/2/171903l.jpg
1204,Yakin Byoutou 3,,夜勤病棟・参,Light Novel,126,,2005,https://cdn.myanimelist.net/images/manga/3/172785l.jpg
1207,Gakuen 2: Ingyaku no Zushiki,,学園2～淫虐の図式～,Light Novel,125,,2005,https://cdn.myanimelist.net/images/manga/1/174683l.jpg
1207,Gankutsuou Comic Anthology,,巌窟王コミックアンソロジー,Manga,125,,2005,https://cdn.myanimelist.net/images/manga/1/232627l.jpg
1207,Maid ni Negai wo,,メイドに願いを,Manga,125,,2005,https://cdn.myanimelist.net/images/manga/3/43018l.jpg
1210,Fushigi Tsuuhan Kerorindou,,不思議通販けろりん堂,Manga,124,,2005,https://cdn.myanimelist.net/images/manga/2/41024l.jpg
1210,I'll Get You!: Wanted: Mysterious Man!,I'll Get You!: Wanted: Mysterious Man!,Get you 召しませ怪盗,Manga,124,,2005,https://cdn.myanimelist.net/images/manga/3/5975l.jpg
1210,Magical Witch Academy: Boku to Sensei no Magical Lesson,,マジカルウィッチアカデミー ～ボクと先生のマジカルレッスン～,Light Novel,124,,2005,https://cdn.myanimelist.net/images/manga/2/134881l.jpg
1210,MasKano - Goshujinsama wa Kanojo,,マスカノ~ご主人様は彼女~,Manga,124,,2005,https://cdn.myanimelist.net/images/manga/2/110445l.jpg
1210,Oretachi Mew Tanteidan,,オレたちミュウ探偵団,One-shot,124,,2005,https://cdn.myanimelist.net/images/manga/3/256382l.jpg
1210,Sakura no Neko-hime,,桜の猫姫,Manga,124,,2005,https://cdn.myanimelist.net/images/manga/5/19253l.jpg
1210,Shuuchi no Yakata,Palace of Shame,羞恥の館,Manga,124,,2005,https://cdn.myanimelist.net/images/manga/1/35422l.jpg
1217,Andou Natsu: Edo Wagashi Shokunin Monogatari,,あんどーなつ 江戸和菓子職人物語,Manga,123,,2005,https://cdn.myanimelist.net/images/manga/3/134605l.jpg
1217,Girls Bravo?,,ガールズ・ブラヴォー?,Manga,123,,2005,https://cdn.myanimelist.net/images/manga/2/44831l.jpg
1217,Modorenai Futari,,戻れない二人,One-shot,123,,2005,https://cdn.myanimelist.net/images/manga/1/57585l.jpg
1217,"Rival wa, Koibito.",,敵〈ライバル〉ハ、コイビト。,Manga,123,,2005,https://cdn.myanimelist.net/images/manga/3/108239l.jpg
1221,"Akuma na Kanojo, Tenshi na Imouto",,悪魔な彼女、天使な妹,Light Novel,122,,2005,https://cdn.myanimelist.net/images/manga/3/166679l.jpg
1221,Boin Bomb,,ボインボン,Manga,122,,2005,https://cdn.myanimelist.net/images/manga/1/68785l.jpg
1221,Che Guevara,,체게바라,Manhwa,122,,2005,https://cdn.myanimelist.net/images/manga/1/154431l.jpg
1221,Escalation: Tonari no Miboujin,,Escalation～隣りの未亡人,Light Novel,122,,2005,https://cdn.myanimelist.net/images/manga/1/169491l.jpg
1221,Koisuru Karada,,こいするからだ,Manga,122,,2005,https://cdn.myanimelist.net/images/manga/2/107429l.jpg
1221,Kyoumei seyo! Shiritsu Todoroki Koukou Tosho Iinkai,,共鳴せよ! 私立轟高校図書委員会,Manga,122,,2005,https://cdn.myanimelist.net/images/manga/3/170042l.jpg
1221,Neko Neko Punch! - Cat Fighter Fubuki & Tsukushi,,ネコネコパンチ! ～キャットファイター ふぶき＆つくし～,Manga,122,,2005,https://cdn.myanimelist.net/images/manga/3/131475l.jpg
1221,Nenmaku Koui,,粘膜交慰,Manga,122,,2005,https://cdn.myanimelist.net/images/manga/3/76081l.jpg
1221,Shujuu Kankei,,主従関係,One-shot,122,,2005,https://cdn.myanimelist.net/images/manga/2/53931l.jpg
1230,Dei Ecchi Ei,,でぃ・えっち・えぃ,Light Novel,121,,2005,https://cdn.myanimelist.net/images/manga/1/164577l.jpg
1230,Ookami ga Kuru zo!?,Here Comes the Wolf?!,オオカミが来るぞ!?,Manga,121,,2005,https://cdn.myanimelist.net/images/manga/3/5978l.jpg
1230,Private Lesson,,プライベートレッスン,Manga,121,,2005,https://cdn.myanimelist.net/images/manga/3/20551l.jpg
1233,Bara no Maria Ver,A Brave Heart of Red Rose,薔薇のマリア Ver,Light Novel,120,,2005,https://cdn.myanimelist.net/images/manga/1/138961l.jpg
1233,Speed,,スピード,Manga,120,,2005,https://cdn.myanimelist.net/images/manga/3/76109l.jpg
1233,"Strange, Beautiful Tokebi World",,이상하고 아름다운 도깨비 나라,Manhwa,120,,2005,https://cdn.myanimelist.net/images/manga/3/326554l.jpg
1236,Gunparade March: Last Dance Gunparade,,,Manga,119,,2005,https://cdn.myanimelist.net/images/manga/2/23570l.jpg
1236,Kare Kura!,,彼クラ!,Manga,119,,2005,https://cdn.myanimelist.net/images/manga/2/12971l.jpg
1236,Sailor Fuku no Kaori,Fragrance,セーラー服の香り,Manga,119,,2005,https://cdn.myanimelist.net/images/manga/1/20825l.jpg
1236,Tsumi to Mitsu,,ツミトミツ～罪と蜜～,Manga,119,,2005,https://cdn.myanimelist.net/images/manga/1/160235l.jpg
1240,"Hello, World",,ハローワールド,Light Novel,118,,2005,https://cdn.myanimelist.net/images/manga/3/157047l.jpg
1240,Kimi ni Utsuru Ao,The Blue Reflects You,君に映る青,Manga,118,,2005,https://cdn.myanimelist.net/images/manga/3/25989l.jpg
1240,Kono Koi ni Hisshi desu!,,この恋に必死です!,Manga,118,,2005,https://cdn.myanimelist.net/images/manga/2/272108l.jpg
1240,Kotonoha,Word,ことのは,Manga,118,,2005,https://cdn.myanimelist.net/images/manga/1/28700l.jpg
1240,Tomcats,Tomcats,天使のじかん,Manga,118,,2005,https://cdn.myanimelist.net/images/manga/3/7249l.jpg
1240,Watashi wa Ai - Love & Truth,,わたしはあい LOVE & TRUTH,Manga,118,,2005,https://cdn.myanimelist.net/images/manga/1/115231l.jpg
1246,"Issho de Ii, Issho ga Ii",,一緒でいい一緒がいい,One-shot,117,,2005,https://cdn.myanimelist.net/images/manga/1/22947l.jpg
1246,Seiteki na Kanojo,She is Sexual,性的な彼女,Manga,117,,2005,https://cdn.myanimelist.net/images/manga/2/116439l.jpg
1246,Shiritsu! Sanjuusangen Dougakuin,,私立!三十三間堂学院,Light Novel,117,,2005,https://cdn.myanimelist.net/images/manga/3/148433l.jpg
1246,Toshi-kun to Oneechan,,としくんとお姉ちゃん,One-shot,117,,2005,https://cdn.myanimelist.net/images/manga/2/30869l.jpg
1250,Gaden Insui,,我伝淫水,Manga,116,,2005,https://cdn.myanimelist.net/images/manga/1/93675l.jpg
1250,Jii,,自慰,Manga,116,,2005,https://cdn.myanimelist.net/images/manga/1/36287l.jpg
1250,Kiseki no Riyuu,,奇跡の理由,Manga,116,,2005,https://cdn.myanimelist.net/images/manga/3/4654l.jpg
1250,Meikyuu Hyakunen no Suima,,迷宮百年の睡魔,Manga,116,,2005,https://cdn.myanimelist.net/images/manga/3/41529l.jpg
1250,Pink Shadow,,PINK SHADOW,Manga,116,,2005,https://cdn.myanimelist.net/images/manga/1/96985l.jpg
1255,Eiki Eiki no Bucchaketai!!,,エイキエイキのぶっちゃけ隊！！,Manga,115,,2005,https://cdn.myanimelist.net/images/manga/3/22530l.jpg
1255,Kanaete! Masayume Koubou,,かなえて!正夢工房,Manga,115,,2005,https://cdn.myanimelist.net/images/manga/2/85835l.jpg
1257,Frank: The Lute String,Frank: The Lute String,ポップショウ、フランクとプシュポウのリュートの弦,Manga,114,,2005,https://cdn.myanimelist.net/images/manga/2/33874l.jpg
1257,Haisetsu: Enema,,排泄 -えねま-,Manga,114,,2005,https://cdn.myanimelist.net/images/manga/3/160328l.jpg
1257,Hebereke,,へべれけ,Manga,114,,2005,https://cdn.myanimelist.net/images/manga/1/232016l.jpg
1257,Icchae Marin-chan,,いっちゃえマリンちゃん,Manga,114,,2005,https://cdn.myanimelist.net/images/manga/1/29896l.jpg
1257,Kuroda-gumi Kuruwa Aibiki,,黒田組曲輪逢引,Manga,114,,2005,https://cdn.myanimelist.net/images/manga/1/190403l.jpg
1257,Lunch Box,,lunch box,Manga,114,,2005,https://cdn.myanimelist.net/images/manga/2/20949l.jpg
1257,Momo no Tane,Peach-Pit Early Collection Momo-no-Tane,PEACH-PIT 初期作品集 もものたね,Manga,114,,2005,https://cdn.myanimelist.net/images/manga/1/26625l.jpg
1257,Shima-shima,,しましま,Manga,114,,2005,https://cdn.myanimelist.net/images/manga/2/21409l.jpg
1265,Ao no Yami Gin no Yume,Dark Green And A Dream Of Silver,碧の闇 銀の夢,Manga,113,,2005,https://cdn.myanimelist.net/images/manga/1/58123l.jpg
1265,Meshimase Sakura,Bon Appetit Sakura,召しませ桜,Manga,113,,2005,https://cdn.myanimelist.net/images/manga/5/35717l.jpg
1265,Sakuranbo Hatake wa Eien ni,,さくらんぼ畑は永遠に,Manga,113,,2005,https://cdn.myanimelist.net/images/manga/3/59701l.jpg
1265,Shintaisou: Shin,,新体操（真）,Light Novel,113,,2005,https://cdn.myanimelist.net/images/manga/2/168199l.jpg
1265,Yamato Nadeshiko 007,,大和撫子〇〇七,Manga,113,,2005,https://cdn.myanimelist.net/images/manga/2/129229l.jpg
1270,Junkyard Magnetic,,ジャンクヤード・マグネティク,Manga,112,,2005,https://cdn.myanimelist.net/images/manga/2/27474l.jpg
1270,Kunoichi Tsubaki Chinpouchou+,,くのいち椿・珍法帖プラス,Manga,112,,2005,https://cdn.myanimelist.net/images/manga/1/68545l.jpg
1270,Mahjong Hishouden: Naki no Ryuu Gaiden,,麻雀飛翔伝 哭きの竜・外伝,Manga,112,,2005,https://cdn.myanimelist.net/images/manga/2/234543l.jpg
1270,Ueto Aya Monogatari,Aya Ueto Story,上戸彩物語,Manga,112,,2005,https://cdn.myanimelist.net/images/manga/2/27143l.jpg
1270,Watashi no Aquamarine,,私のアクアマリン,Manga,112,,2005,https://cdn.myanimelist.net/images/manga/3/158106l.jpg
1275,Kyou no Nekomura-san,,きょうの猫村さん,Manga,111,,2005,https://cdn.myanimelist.net/images/manga/1/58547l.jpg
1275,Risa (Kamei) no Kokuhaku,,理沙（仮名）の告白,One-shot,111,,2005,https://cdn.myanimelist.net/images/manga/3/156543l.jpg
1275,Shounen-tachi no Himeta Yoru,,少年達の秘めた夜,Manga,111,,2005,https://cdn.myanimelist.net/images/manga/2/112147l.jpg
1278,Youkai Daisensou,The Great Yokai War,妖怪大戦争,Manga,110,,2005,https://cdn.myanimelist.net/images/manga/1/36390l.jpg
1279,GJ,God Job,GJ～ゴッドジョブ～,Manga,109,,2005,https://cdn.myanimelist.net/images/manga/1/238455l.jpg
1279,Love & Money,,LOVE&MONEY,Doujinshi,109,,2005,https://cdn.myanimelist.net/images/manga/3/156630l.jpg
1279,Marshmellow Steady♡,,マシマロすてでぃ♡,Manga,109,,2005,https://cdn.myanimelist.net/images/manga/2/326046l.jpg
1279,Nanase Ren,,七瀬恋,Light Novel,109,,2005,https://cdn.myanimelist.net/images/manga/2/166065l.jpg
1279,Otomodachi,,おともだち,Manga,109,,2005,https://cdn.myanimelist.net/images/manga/2/130487l.jpg
1284,Blue Franju,,ブルーフランジュ,One-shot,108,,2005,https://cdn.myanimelist.net/images/manga/2/284791l.jpg
1284,Lionbeat,,LIONBEAT,Doujinshi,108,,2005,https://cdn.myanimelist.net/images/manga/2/107025l.jpg
1286,"Aru Hi, Bakudan ga Ochitekite",,ある日、爆弾がおちてきて,Light Novel,107,,2005,https://cdn.myanimelist.net/images/manga/3/164313l.jpg
1286,Hagane no Shirousagi,,鋼鉄の白兎騎士団,Light Novel,107,,2005,https://cdn.myanimelist.net/images/manga/1/162038l.jpg
1286,Takunabi: Happy Hello Work at Age 21,,たくなび HAPPY HELLO WORK at age21.,Manga,107,,2005,https://cdn.myanimelist.net/images/manga/2/99387l.jpg
1286,Träumerei,,トロイメライ,Manga,107,,2005,https://cdn.myanimelist.net/images/manga/3/248090l.jpg
1290,Kamisama ni Misuterareta Hatsukakan: Kankin Jiken no Yukue,,神様に見捨てられた20日間 監禁事件の行方,Manga,106,,2005,https://cdn.myanimelist.net/images/manga/1/162528l.jpg
1290,"Silent ""e""",,"サイレント""e""",Manga,106,,2005,https://cdn.myanimelist.net/images/manga/3/114125l.jpg
1292,Hisoyaka na Kankei,,密やかな関係,Manga,105,,2005,https://cdn.myanimelist.net/images/manga/3/102573l.jpg
1292,Kosukosu Switch,,コスコススイッチ,Manga,105,,2005,https://cdn.myanimelist.net/images/manga/2/109757l.jpg
1292,Osaka Hamlet,,大阪ハムレット,Manga,105,,2005,https://cdn.myanimelist.net/images/manga/1/185485l.jpg
1292,SS Plus,,SS Plus,Doujinshi,105,,2005,https://cdn.myanimelist.net/images/manga/1/132235l.jpg
1292,Samurai Girl,,サムライガール,Light Novel,105,,2005,https://cdn.myanimelist.net/images/manga/1/166626l.jpg
1292,Tokyo Angels,Tokyo Angels,東京 ANGELS,Manga,105,,2005,https://cdn.myanimelist.net/images/manga/3/60617l.jpg
1298,Chijoshi Kousei,,痴女子攻性,Manga,104,,2005,https://cdn.myanimelist.net/images/manga/3/116329l.jpg
1298,Denpa no Shiro,,電波の城,Manga,104,,2005,https://cdn.myanimelist.net/images/manga/1/45477l.jpg
1298,Hikawa Haruka no Amazing na Junan,,氷川遥のアメージングな受難,Manga,104,,2005,https://cdn.myanimelist.net/images/manga/2/48269l.jpg
1298,"Ima, Ai ni Ikimasu.",,今、愛に生きます。,One-shot,104,,2005,https://cdn.myanimelist.net/images/manga/2/156542l.jpg
1298,Manga Kenkanryuu,,マンガ 嫌韓流,Manga,104,,2005,https://cdn.myanimelist.net/images/manga/1/200564l.jpg
1298,Oshioki Sweetie: Koisuru Oneesan wa Urahara desu,,オシオキSweetie ～恋するお姉さんはウラハラです～,Light Novel,104,,2005,https://cdn.myanimelist.net/images/manga/3/167804l.jpg
1298,Shouwa Furoufushi Densetsu Vampire,,昭和不老不死伝説バンパイア,Manga,104,,2005,https://cdn.myanimelist.net/images/manga/1/75883l.jpg
1298,Soukai no Seiki: Ouji to Otome to Kaientai,,蒼海の世紀 －王子と乙女と海援隊－,Manga,104,,2005,https://cdn.myanimelist.net/images/manga/1/129343l.jpg
1298,Time Lag dj,,タイムラグ,Doujinshi,104,,2005,https://cdn.myanimelist.net/images/manga/2/23488l.jpg
1307,Ikazuchi no Senshi Raidy: Haja no Raikou,,雷の戦士ライディ ～破邪の雷光～,Light Novel,103,,2005,https://cdn.myanimelist.net/images/manga/1/166854l.jpg
1307,Namaiki!: Critical State,,ナマイキ!critical state,Doujinshi,103,,2005,https://cdn.myanimelist.net/images/manga/2/203771l.jpg
1307,Shinmitsu: Enbo-tachi no Hiai Soukan,,親密～艶母たちの秘愛相姦～,Manga,103,,2005,https://cdn.myanimelist.net/images/manga/2/101877l.jpg
1310,9 Tails,,ナイン・テイルズ,Light Novel,102,,2005,https://cdn.myanimelist.net/images/manga/2/162705l.jpg
1310,Traveler of the Moon,,,Manhwa,102,,2005,https://cdn.myanimelist.net/images/manga/2/11372l.jpg
1312,Ginga Retsuden: Ganin,,銀牙列伝 牙忍,One-shot,101,,2005,https://cdn.myanimelist.net/images/manga/3/237707l.jpg
1312,Himitsu no Momoen,,秘密の腿園,Manga,101,,2005,https://cdn.myanimelist.net/images/manga/2/170095l.jpg
1312,Nikudo,,肉奴,One-shot,101,,2005,https://cdn.myanimelist.net/images/manga/1/101991l.jpg
1315,Daihyou Torishimariyaku Mazo,Representative Director M,代表取締役マゾ,Manga,100,,2005,https://cdn.myanimelist.net/images/manga/1/173567l.jpg
1315,Ero Figure,,EROフィギュア,Manga,100,,2005,https://cdn.myanimelist.net/images/manga/1/156717l.jpg
1315,Kabuki - Tsuki no Shou,,カブキ～月の章～,Manga,100,,2005,https://cdn.myanimelist.net/images/manga/3/14608l.jpg
1315,Ore,Me,俺,One-shot,100,,2005,https://cdn.myanimelist.net/images/manga/3/194832l.jpg
1315,Tide-Line Blue,,タイドライン・ブルー,Manga,100,,2005,https://cdn.myanimelist.net/images/manga/3/170709l.jpg
1320,Ane-iro Koi Moyou,,姉色恋模様,One-shot,99,,2005,https://cdn.myanimelist.net/images/manga/5/156564l.jpg
1320,Double Love Life,,ダブルラブライフ,Manga,99,,2005,https://cdn.myanimelist.net/images/manga/1/38092l.jpg
1320,Petit Feti H,,ぷちふぇちH,Manga,99,,2005,https://cdn.myanimelist.net/images/manga/2/112149l.jpg
1323,Ai ga Nakereba,,愛がなければ,Manga,98,,2005,https://cdn.myanimelist.net/images/manga/2/67437l.jpg
1323,Koi wa Ranhanshasuru - 0 or 0 Koi ga Hajimaru,,恋は乱反射する。 0 or 0 恋がはじまる,Manga,98,,2005,https://cdn.myanimelist.net/images/manga/1/60497l.jpg
1323,Onaho to Omocha to Seifuku,,オナホと玩具と制服,Manga,98,,2005,https://cdn.myanimelist.net/images/manga/2/57901l.jpg
1326,Daikyonyuu,,大巨乳,Manga,97,,2005,https://cdn.myanimelist.net/images/manga/2/160359l.jpg
1326,Nikubenki de Ii desu...,,肉便器でいいです…,Manga,97,,2005,https://cdn.myanimelist.net/images/manga/1/154883l.jpg
1326,Ore da yo! Wario da yo!!,I Am Wario!!,オレだよ! ワリオだよ!!,Manga,97,,2005,https://cdn.myanimelist.net/images/manga/1/258440l.jpg
1326,Party7,,,One-shot,97,,2005,https://cdn.myanimelist.net/images/manga/4/41666l.jpg
1326,Sentimental na Toki,,センチメンタルな刻,Manga,97,,2005,https://cdn.myanimelist.net/images/manga/2/129753l.jpg
1326,Tonari no Oneesan,,となりのお姉さん,Manga,97,,2005,https://cdn.myanimelist.net/images/manga/3/93129l.jpg
1332,Boku no Shoukibo na Shippai,,僕の小規模な失敗,Manga,96,,2005,https://cdn.myanimelist.net/images/manga/3/64475l.jpg
1332,Houkago Libido: Kimi mo Oideyo H Ken,Welcome to H-Ken,放課後リビドー 君もおいでよH研,Light Novel,96,,2005,https://cdn.myanimelist.net/images/manga/3/164898l.jpg
1332,Motokano,,もとかの,Manga,96,,2005,https://cdn.myanimelist.net/images/manga/3/338372l.jpg
1335,Manga de Wakaru Database,The Manga Guide to Databases,マンガでわかるデータベース,Manga,95,,2005,https://cdn.myanimelist.net/images/manga/3/307390l.jpg
1335,Watch-Men,,Watch-Men,One-shot,95,,2005,https://cdn.myanimelist.net/images/manga/2/191768l.jpg
1337,1 Senman no Koibito: Ai wo Takarakuji de Kau Onna,,1千万の恋人 夢を宝くじで買う女,Manga,94,,2005,https://cdn.myanimelist.net/images/manga/1/163733l.jpg
1337,Mako-chan to Asobou!,,まこちゃんと遊ぼう！,Manga,94,,2005,https://cdn.myanimelist.net/images/manga/3/304812l.jpg
1337,Niku Feti,,にくふぇち,Manga,94,,2005,https://cdn.myanimelist.net/images/manga/3/153599l.jpg
1337,Tonari no Nakadashi Oneesan,,隣りの中出しお姉さん,Manga,94,,2005,https://cdn.myanimelist.net/images/manga/2/59961l.jpg
1337,Toriaezu Namanaka,,とりあえづ生中,Manga,94,,2005,https://cdn.myanimelist.net/images/manga/3/30925l.jpg
1342,Billionaires,,Billionaires,Doujinshi,93,,2005,https://cdn.myanimelist.net/images/manga/2/82602l.jpg
1342,Manami-sensei no Kougai Gakushuu,,まなみ先生の肛外学羞,Manga,93,,2005,https://cdn.myanimelist.net/images/manga/1/93887l.jpg
1342,Soul,,소울,Manhwa,93,,2005,https://cdn.myanimelist.net/images/manga/1/28402l.jpg
1345,Harem Pirates,,ハーレムパイレーツ,Light Novel,92,,2005,https://cdn.myanimelist.net/images/manga/2/168744l.jpg
1345,Sheet no Shiro to Hikage no Kuro to,,シーツの白と日陰の黒と,Manga,92,,2005,https://cdn.myanimelist.net/images/manga/1/110503l.jpg
1345,Zoku♥Rhapsody,,ぞくっ♥らぷそでぃ,One-shot,92,,2005,https://cdn.myanimelist.net/images/manga/3/93319l.jpg
1348,Ana Okashi,,穴犯し,Manga,91,,2005,https://cdn.myanimelist.net/images/manga/3/192081l.jpg
1348,Black Widow: Kokui no Ansatsu-hime,,ブラックウイドウ 黒衣の暗殺姫,Light Novel,91,,2005,https://cdn.myanimelist.net/images/manga/3/170535l.jpg
1348,Genzai Kanryoukei Mofu,Ministry of Finance,現在官僚系 もふ,Manga,91,,2005,https://cdn.myanimelist.net/images/manga/1/30666l.jpg
1348,Hari no Izanai,,針の誘い,Manga,91,,2005,https://cdn.myanimelist.net/images/manga/3/106817l.jpg
1348,Purinshiparu,,,Doujinshi,91,,2005,https://cdn.myanimelist.net/images/manga/1/17644l.jpg
1348,Quojuz,,QUOJUZ （コジューツ）,Manga,91,,2005,https://cdn.myanimelist.net/images/manga/1/144005l.jpg
1348,Yawara na Hada,,柔らかな肌,Manga,91,,2005,https://cdn.myanimelist.net/images/manga/2/171531l.jpg
1355,DVD,,ディーブイディー,Doujinshi,90,,2005,https://cdn.myanimelist.net/images/manga/3/191031l.jpg
1355,Finalist,,ふぁいなりすと,Manga,90,,2005,https://cdn.myanimelist.net/images/manga/1/33634l.jpg
1355,Hanayome no Pigeon Blood,Bride Of The Pigeon Blood,花嫁のピジョンブラッド,Light Novel,90,,2005,https://cdn.myanimelist.net/images/manga/1/79389l.jpg
1355,Hitomi,,瞳 氷室芹夏短編集,Manga,90,,2005,https://cdn.myanimelist.net/images/manga/2/138695l.jpg
1355,Oneesan no Fude Oroshi,,お姉ちゅんの筆おろし,One-shot,90,,2005,https://cdn.myanimelist.net/images/manga/3/127115l.jpg
1355,Oniichan no!,,お兄ちゃんの！,Manga,90,,2005,https://cdn.myanimelist.net/images/manga/1/6224l.jpg
1355,Tenohira ni Diamonds,Diamonds,掌にダイヤモンド,Manga,90,,2005,https://cdn.myanimelist.net/images/manga/2/14925l.jpg
1362,Gensou Suikoden IV,,幻想水滸伝IV,Light Novel,89,,2005,https://cdn.myanimelist.net/images/manga/2/150296l.jpg
1362,Himitsu no Kyuukyuubako,Nurse's Secrets,ひみつの救急箱,Manga,89,,2005,https://cdn.myanimelist.net/images/manga/1/122291l.jpg
1362,Koibito-tachi ga Furu Mado,,恋人たちが降る窓,Manga,89,,2005,https://cdn.myanimelist.net/images/manga/3/116791l.jpg
1362,Kokoro Iroiro,Colorful Kokoro,ココロイロイロ,Manga,89,,2005,https://cdn.myanimelist.net/images/manga/2/267537l.jpg
1362,Mitsu Ai,,蜜愛,Manga,89,,2005,https://cdn.myanimelist.net/images/manga/1/75867l.jpg
1362,Nikutama,,ニクタマ,Manga,89,,2005,https://cdn.myanimelist.net/images/manga/1/106831l.jpg
1362,Ode to Gallantry,,俠客行,Manhua,89,,2005,https://cdn.myanimelist.net/images/manga/2/31514l.jpg
1362,Royal Standard,,Royal Standard,Doujinshi,89,,2005,https://cdn.myanimelist.net/images/manga/1/10643l.jpg
1362,Tsundere-san,,ツンデレさん,Manga,89,,2005,https://cdn.myanimelist.net/images/manga/3/179422l.jpg
1371,Anata wa Ano Hoshi no Moto ni,,あなたはあの星の下に,Manga,88,,2005,https://cdn.myanimelist.net/images/manga/3/190451l.jpg
1371,Andhaka no Kaizougaku,,アンダカの怪造学,Light Novel,88,,2005,https://cdn.myanimelist.net/images/manga/2/162873l.jpg
1371,Ane Love: Kanojo wa Sanshimai!,,あねらぶ~彼女は三姉妹！,Light Novel,88,,2005,https://cdn.myanimelist.net/images/manga/1/169481l.jpg
1371,Baito de Wizard,,バイトでウィザード,Manga,88,,2005,https://cdn.myanimelist.net/images/manga/3/135221l.jpg
1371,Cherish!!,,チェリッシュ!!,Manga,88,,2005,https://cdn.myanimelist.net/images/manga/2/267928l.jpg
1371,Fureru Yubi wa Piano,,触れる指はピアノ,Manga,88,,2005,https://cdn.myanimelist.net/images/manga/1/37767l.jpg
1371,Gakuen Happy Seven,,学園はっぴぃセブン,Manga,88,,2005,https://cdn.myanimelist.net/images/manga/1/172054l.jpg
1371,Hyakuman Kounen no Chotto Saki,A Bit Ahead of a Million Light Years,百万光年のちょっと先,Light Novel,88,,2005,https://cdn.myanimelist.net/images/manga/3/240773l.jpg
1371,Kitsune-san ni Bakasaretai!,,きつねさんに化かされたい,Manga,88,,2005,https://cdn.myanimelist.net/images/manga/4/30684l.jpg
1371,Magus to Watashi,,魔術師〈メイガス〉と私,Manga,88,,2005,https://cdn.myanimelist.net/images/manga/3/174723l.jpg
1371,Maid in Heaven: Ai to Iu Na no Yokubou,,MAID iN HEAVEN～愛という名の欲望～,Light Novel,88,,2005,https://cdn.myanimelist.net/images/manga/3/174668l.jpg
1371,Majokko Tsukune-chan Plus,,魔女っ娘つくねちゃん+,Manga,88,,2005,https://cdn.myanimelist.net/images/manga/2/175011l.jpg
1371,Saishuu Shiken Kujira,,最終試験くじら,Light Novel,88,,2005,https://cdn.myanimelist.net/images/manga/3/174879l.jpg
1384,Kazoku no Kanin,,家族ノ姦淫,Manga,87,,2005,https://cdn.myanimelist.net/images/manga/1/93113l.jpg
1384,Kumo to Canary,,蜘蛛とカナリア,One-shot,87,,2005,https://cdn.myanimelist.net/images/manga/3/164363l.jpg
1384,PenPal.net,,펜벗.net,Manhwa,87,,2005,https://cdn.myanimelist.net/images/manga/2/38003l.jpg
1384,Shichinin no Online Gamers: Offline,,七人のオンラインゲーマーズ～オフライン～,Light Novel,87,,2005,https://cdn.myanimelist.net/images/manga/3/166236l.jpg
1384,Shiritsu Sei Cattlya Shougakkou,St. Cattlya Private Primary School,私立聖カトレア小学校,Manga,87,,2005,https://cdn.myanimelist.net/images/manga/1/32919l.jpg
1389,Akaki Hitomi no Vampire,Crimson Eyes Vampire,紅き瞳のヴァンパイア,Light Novel,86,,2005,https://cdn.myanimelist.net/images/manga/2/167408l.jpg
1389,Lovers Night,Lovers Night,ラヴァーズ・ナイト,Manga,86,,2005,https://cdn.myanimelist.net/images/manga/1/6088l.jpg
1389,Minimum☆Mania,,ミニマム☆マニア,Manga,86,,2005,https://cdn.myanimelist.net/images/manga/1/23284l.jpg
1389,Younin Zukan,,幼妊図鑑,Manga,86,,2005,https://cdn.myanimelist.net/images/manga/2/108111l.jpg
1393,Hakudaku Ojoku: Heroine Bukkake Anthology,,白濁汚辱 ヒロインぶっかけアンソロジー,Manga,85,,2005,https://cdn.myanimelist.net/images/manga/2/94155l.jpg
1393,Indo e Baka ga Yattekita,Stupid Guy Goes to India,インドへ馬鹿がやって来た,Manga,85,,2005,https://cdn.myanimelist.net/images/manga/1/152691l.jpg
1393,Momo Muite Kuri Namete,,桃ムイて栗ナメて,Manga,85,,2005,https://cdn.myanimelist.net/images/manga/3/126189l.jpg
1393,Piyo,,,Doujinshi,85,,2005,https://cdn.myanimelist.net/images/manga/3/17645l.jpg
1393,Tanpopo no Watage,,たんぽぽの綿毛,Manga,85,,2005,https://cdn.myanimelist.net/images/manga/3/239165l.jpg
1398,Colorful Commune☆,,Colorfulこみゅーん☆,Manga,84,,2005,https://cdn.myanimelist.net/images/manga/1/180343l.jpg
1398,Daisuki!!: Yuzu no Kosodate Nikki,,だいすき!! ゆずの子育て日記,Manga,84,,2005,https://cdn.myanimelist.net/images/manga/3/165247l.jpg
1398,Onnanoko de Et Cetera,,女の子DEエトセトラ,Manga,84,,2005,https://cdn.myanimelist.net/images/manga/2/152849l.jpg
1401,Anya,,暗夜,Manga,83,,2005,https://cdn.myanimelist.net/images/manga/1/129991l.jpg
1401,Da Capo: Plus Communication,,D.C.P.C. 〜ダ・カーポ〜 プラスコミュニケーション,Light Novel,83,,2005,https://cdn.myanimelist.net/images/manga/3/97573l.jpg
1401,Kachin☆Ko,,カチン☆コ,Manga,83,,2005,https://cdn.myanimelist.net/images/manga/1/34866l.jpg
1401,Midnight Seminar,,真夜中ゼミナール,Manga,83,,2005,https://cdn.myanimelist.net/images/manga/3/32450l.jpg
1401,Panic Mushroom!,,パニックまっしゅROOM!,Manga,83,,2005,https://cdn.myanimelist.net/images/manga/1/182398l.jpg
1401,Rokudenashi Vacance,,ロクデナシバカンス,Manga,83,,2005,https://cdn.myanimelist.net/images/manga/3/161848l.jpg
1401,Tsugou no Ii Shoujo,Convenient Girl,都合のいい少女,Manga,83,,2005,https://cdn.myanimelist.net/images/manga/1/182009l.jpg
1408,Fukurami Hajimeta Ecchi na Toshigoro,,膨らみ始めたエッチな年頃,Manga,82,,2005,https://cdn.myanimelist.net/images/manga/3/117521l.jpg
1408,Milk Caramel,,ミルクキャラメル,Manga,82,,2005,https://cdn.myanimelist.net/images/manga/2/35619l.jpg
1408,Rescue Wings,,レスキューウイングス,Manga,82,,2005,https://cdn.myanimelist.net/images/manga/2/34263l.jpg
1408,Unlimited Wings,,アンリミテッド・ウィングス,Manga,82,,2005,https://cdn.myanimelist.net/images/manga/3/14405l.jpg
1408,Very Cheer Girl,Very Cheer Girl,ベリィ♪チアガール,Manga,82,,2005,https://cdn.myanimelist.net/images/manga/2/22912l.jpg
1413,Aoba-kun to Uchuujin,,青葉くんとウチュウ・ジン,Light Novel,81,,2005,https://cdn.myanimelist.net/images/manga/3/163287l.jpg
1413,Blue Sky: Aozora-sou no Yukai na Nakama-tachi,,ぶるーすかい ～青空荘の愉快な仲間たち～,Manga,81,,2005,https://cdn.myanimelist.net/images/manga/3/100885l.jpg
1413,Celeb no Yuuwaku,The temptation of celebrity,セレブの誘惑,Manga,81,,2005,https://cdn.myanimelist.net/images/manga/2/183806l.jpg
1413,Fujun na Houkago,,不純な放課後,Manga,81,,2005,https://cdn.myanimelist.net/images/manga/3/166813l.jpg
1413,Sakura Saku,,サクラサク,Manga,81,,2005,https://cdn.myanimelist.net/images/manga/1/203429l.jpg
1413,Sanarara,,サナララ,Light Novel,81,,2005,https://cdn.myanimelist.net/images/manga/2/173881l.jpg
1413,Tennen Milk Pie,,天然みるくパイ,Manga,81,,2005,https://cdn.myanimelist.net/images/manga/1/330180l.jpg
1420,Junjou Inju,,純情淫汁,Manga,80,,2005,https://cdn.myanimelist.net/images/manga/3/93119l.jpg
1420,Kawaruwayo,,変わるわよッ☆,Manga,80,,2005,https://cdn.myanimelist.net/images/manga/2/35348l.jpg
1420,Mahou Kaitou Magical Shadow,,魔宝怪盗マジカルシャドー,Light Novel,80,,2005,https://cdn.myanimelist.net/images/manga/3/167175l.jpg
1420,Saikachi: Manatsu no Konchuu Kakutouki,,サイカチ 真夏の昆虫格闘記,Manga,80,,2005,https://cdn.myanimelist.net/images/manga/3/27483l.jpg
1424,Double♥Mind,,ダブル♥マインド,Manga,79,,2005,https://cdn.myanimelist.net/images/manga/1/156065l.jpg
1424,Henshin! 2,,へんし～ん！２,Light Novel,79,,2005,https://cdn.myanimelist.net/images/manga/1/173880l.jpg
1424,L.A.G. Complex,L.A.G. Complex,LAGコンプレックス,Manga,79,,2005,https://cdn.myanimelist.net/images/manga/1/35789l.jpg
1424,Mahou no Maid no Misato-san,Misato of magical maid,魔法のメイドの美沙都さん,Light Novel,79,,2005,https://cdn.myanimelist.net/images/manga/2/167199l.jpg
1424,Sanzensekai no Karasu wo Koroshi Kanzenban,"Killing the Crow on 3,000 Worlds",三千世界の烏を殺し【完全版】,Manga,79,,2005,https://cdn.myanimelist.net/images/manga/1/199111l.jpg
1424,Teppenkaketaka,Betting My Life With You,テッペンカケタカ,Manga,79,,2005,https://cdn.myanimelist.net/images/manga/2/169823l.jpg
1430,Shin Kijou no Kowloon,,真 机上の九龍,Manga,78,,2005,https://cdn.myanimelist.net/images/manga/2/52387l.jpg
1430,Tokimeki Suikoden,,ときめき水滸伝,Manga,78,,2005,https://cdn.myanimelist.net/images/manga/3/160413l.jpg
1432,Koibito ga Ookami,,恋人がオオカミ,Manga,77,,2005,https://cdn.myanimelist.net/images/manga/2/43643l.jpg
1432,Machibito wa Tooku ni Airite,Faraway Places,待人は遠くにありて,Manga,77,,2005,https://cdn.myanimelist.net/images/manga/1/79481l.jpg
1432,Tono to Issho,,殿といっしょ,Manga,77,,2005,https://cdn.myanimelist.net/images/manga/2/192319l.jpg
1432,Uesugi Kenshin,,上杉謙信,Manga,77,,2005,https://cdn.myanimelist.net/images/manga/3/254011l.jpg
1436,Loli-Dra: 33-nin Oyomesan Seito!,,ロリドラ 33人お嫁さん生徒！,Light Novel,76,,2005,https://cdn.myanimelist.net/images/manga/1/164902l.jpg
1436,Longest Time,Longest Time,長い間,Manga,76,,2005,https://cdn.myanimelist.net/images/manga/3/12173l.jpg
1436,Sora!,,SORA！-フライト・アテンダント物語-,Manga,76,,2005,https://cdn.myanimelist.net/images/manga/2/50497l.jpg
1436,Super Comic Gekijou: Tales of Symphonia,,スーパーコミック劇場 テイルズ オブ シンフォニア,Manga,76,,2005,https://cdn.myanimelist.net/images/manga/2/151592l.jpg
1440,Blood Ocean,Blood Ocean,블러드 오션,Manhwa,75,,2005,https://cdn.myanimelist.net/images/manga/3/194965l.jpg
1440,Injuu Seisen DNA,,淫獣聖戦DNA,Light Novel,75,,2005,https://cdn.myanimelist.net/images/manga/3/166681l.jpg
1440,Kimi ga Neiki wo Tateru made,,君が寝息をたてるまで,Manga,75,,2005,https://cdn.myanimelist.net/images/manga/3/156072l.jpg
1440,Kuronekotei Zakkichou,,黒猫亭雑記帳,Manga,75,,2005,https://cdn.myanimelist.net/images/manga/2/227748l.jpg
1440,New Paradise,,ニューパラダイス,Manga,75,,2005,https://cdn.myanimelist.net/images/manga/3/23737l.jpg
1440,Shinobi Naizu,,忍ナイズ。,Manga,75,,2005,https://cdn.myanimelist.net/images/manga/1/24818l.jpg
1440,Tsuki wa Azuma ni Hi wa Nishi ni - Operation Sanctuary,,月は東に日は西に～Operation Sanctuary,Manga,75,,2005,https://cdn.myanimelist.net/images/manga/1/36780l.jpg
1447,Angel Stick Kiyomi-chan,,エンジェルすてぃっく聖美ちゃん,Light Novel,74,,2005,https://cdn.myanimelist.net/images/manga/2/166942l.jpg
1447,Estancia,Estancia,에스탄시아,Manhwa,74,,2005,https://cdn.myanimelist.net/images/manga/1/204971l.jpg
1447,Fun Fan Karakurihime,,Fun☆Fan☆からくり姫,Manga,74,,2005,https://cdn.myanimelist.net/images/manga/2/267919l.jpg
1447,Pocke Loli,Cute girls fitting into a pocket!,ポケロリ,Light Novel,74,,2005,https://cdn.myanimelist.net/images/manga/3/162800l.jpg
1447,Shuusen no Lorelei,,終戦のローレライ,Manga,74,,2005,https://cdn.myanimelist.net/images/manga/2/138185l.jpg
1447,Virgin Road,Dark Enchantment,バージンロード,Manga,74,,2005,https://cdn.myanimelist.net/images/manga/2/115477l.jpg
1447,Wild Arms: the 4th Detonator,,WILD ARMS the 4th Detonator ワイルドアームズ ザ フォースデトネイタ,Manga,74,,2005,https://cdn.myanimelist.net/images/manga/1/109229l.jpg
1454,Astro! Otomejuku!,,アストロ! 乙女塾!,Light Novel,73,,2005,https://cdn.myanimelist.net/images/manga/3/124025l.jpg
1454,Gakuen Happy Seven,,学園はっぴぃセブン,Light Novel,73,,2005,https://cdn.myanimelist.net/images/manga/2/172053l.jpg
1454,Kaihouku: Chikan Harem,,解放区～痴漢ハーレム,Light Novel,73,,2005,https://cdn.myanimelist.net/images/manga/3/169468l.jpg
1457,Confeito Darling ♪,,こんぺいとうダーリン♪,Manga,72,,2005,https://cdn.myanimelist.net/images/manga/2/267929l.jpg
1457,Sai-Kyo,,妻狂,Manga,72,,2005,https://cdn.myanimelist.net/images/manga/2/75967l.jpg
1459,Let's Go Together to Heaven,Let's Go Together to Heaven,天国まで御一緒に,Manga,71,,2005,https://cdn.myanimelist.net/images/manga/2/6225l.jpg
1459,Oshikake Maid-tai,,おしかけメイド隊,Light Novel,71,,2005,https://cdn.myanimelist.net/images/manga/3/164905l.jpg
1459,Shuushuu Taishitsu,,収拾体質,Manga,71,,2005,https://cdn.myanimelist.net/images/manga/1/187024l.jpg
1462,Hare Tokidoki Tenshi: Boku no Oneesama,,晴れときどき天使 ぼくのお姉さま,Light Novel,70,,2005,https://cdn.myanimelist.net/images/manga/2/169497l.jpg
1462,Love!!,Love!!,愛!! 〈ラブ〉,Manga,70,,2005,https://cdn.myanimelist.net/images/manga/1/24799l.jpg
1462,Mahotsukai no Tamagotachi,,魔法使いのたまごたち,Manga,70,,2005,https://cdn.myanimelist.net/images/manga/2/61309l.jpg
1462,Manga de Wakaru Bibun Sekibun,The Manga Guide to Calculus,マンガでわかる微分積分,Manga,70,,2005,https://cdn.myanimelist.net/images/manga/3/310544l.jpg
1462,Okubyouna Koneko,,臆病な子猫,Manga,70,,2005,https://cdn.myanimelist.net/images/manga/3/17344l.jpg
1462,Shounen Mushuku Shinkurou,,少年無宿シンクロウ,Manga,70,,2005,https://cdn.myanimelist.net/images/manga/2/168692l.jpg
1462,The Birth of Walküre,,ワルキューレの降誕,Manga,70,,2005,https://cdn.myanimelist.net/images/manga/2/184299l.jpg
1462,Tomato,,とまと,One-shot,70,,2005,https://cdn.myanimelist.net/images/manga/2/156237l.jpg
1462,Yuuhi no Mukougawa,,夕緋ノ向コウ側,Light Novel,70,,2005,https://cdn.myanimelist.net/images/manga/3/123971l.jpg
1471,Crows Yard,,クロウズヤード,Manga,69,,2005,https://cdn.myanimelist.net/images/manga/2/170723l.jpg
1471,Yureru Bus Guide: Oppai ga Ippai,,揺れるバスガイド～おっぱいがいっぱい～,Light Novel,69,,2005,https://cdn.myanimelist.net/images/manga/2/166148l.jpg
1473,H wa Suki? Kirai?,,Hはスキ?キライ?,Manga,68,,2005,https://cdn.myanimelist.net/images/manga/3/151666l.jpg
1473,Magical Witch Sisters,,マジカルウィッチシスターズ,Light Novel,68,,2005,https://cdn.myanimelist.net/images/manga/3/164899l.jpg
1473,Mavu Kare Mahou Shoujo!,Mavu Kare Magical Girl!,マヴカレ魔法少女!,Light Novel,68,,2005,https://cdn.myanimelist.net/images/manga/3/167772l.jpg
1473,Momo-Pan,,ももパン,Manga,68,,2005,https://cdn.myanimelist.net/images/manga/1/35713l.jpg
1473,Nana no Gakuen Life: Oneesama wo Get seyo,,奈々の学園ライフ お姉さまをゲットせよ,Light Novel,68,,2005,https://cdn.myanimelist.net/images/manga/2/170254l.jpg
1473,Nurse ni Omakase,,ナースにおまかせ,Light Novel,68,,2005,https://cdn.myanimelist.net/images/manga/2/128827l.jpg
1473,Sailor Fuku Kishi,,セーラー服騎士,Manga,68,,2005,https://cdn.myanimelist.net/images/manga/2/35387l.jpg
1473,Sh15uya,,Sh15uya シブヤフィフティーン,Manga,68,,2005,https://cdn.myanimelist.net/images/manga/2/131285l.jpg
1481,Atomic Nekokabutsu,,Atomicネコカブッ,Manga,67,,2005,https://cdn.myanimelist.net/images/manga/2/178039l.jpg
1481,Chou no Yume,,蝶ノ夢,Light Novel,67,,2005,https://cdn.myanimelist.net/images/manga/3/173614l.jpg
1481,Fragments,,フラグメンツ 臣士れい作品集,Manga,67,,2005,https://cdn.myanimelist.net/images/manga/2/116273l.jpg
1481,Hokenshitsu no Majo: Faye-sensei no Ikenai Kagai Jugyou,,保健室の魔女 フェイ先生のイケナイ課外授業,Light Novel,67,,2005,https://cdn.myanimelist.net/images/manga/2/170187l.jpg
1481,Kuusou Kagaku X,The nonsense science,空想科学Ⅹ,Manga,67,,2005,https://cdn.myanimelist.net/images/manga/1/164776l.jpg
1481,Motto Aishite Aisare Nakucchane!,I Want to Love and Be Loved More!,もっと愛して愛されなくっちゃね！,Manga,67,,2005,https://cdn.myanimelist.net/images/manga/3/11070l.jpg
1481,Oneesan to Tokkunchuu!,,お姉さんと特訓中!,Light Novel,67,,2005,https://cdn.myanimelist.net/images/manga/1/166664l.jpg
1481,Onegai Roommate!,,同居人におねがい！,Manga,67,,2005,https://cdn.myanimelist.net/images/manga/2/32595l.jpg
1481,Ten no Shinwa Chi no Eien,,天の神話 地の永遠,Manga,67,,2005,https://cdn.myanimelist.net/images/manga/1/270162l.jpg
1490,"Cactus, Go to Heaven!","Cactus, Go to Heaven!",ＣＧＨ！,Manga,66,,2005,https://cdn.myanimelist.net/images/manga/2/41593l.jpg
1490,Double Cross,,ダブルクロス～裏切りの十字架～,Manga,66,,2005,https://cdn.myanimelist.net/images/manga/1/89156l.jpg
1490,Inkyaku,,淫脚,Manga,66,,2005,https://cdn.myanimelist.net/images/manga/2/239274l.jpg
1490,Kimi wa Boku no Omou Tsubo,,君は僕の思うツボ,Manga,66,,2005,https://cdn.myanimelist.net/images/manga/3/39894l.jpg
1490,Mega☆Giga Panic: Shiritsu Renshuu Gakuin,,MEGA☆GIGAパニック ～私立蓮秀学院～,Manga,66,,2005,https://cdn.myanimelist.net/images/manga/3/238722l.jpg
1490,Shouka Jogakuen e Youkoso: Boku wa Rijichou,,祥華女学園へようこそ 僕は理事長,Light Novel,66,,2005,https://cdn.myanimelist.net/images/manga/3/170260l.jpg
1490,URIPO!,,うりポッ,Manga,66,,2005,https://cdn.myanimelist.net/images/manga/1/33690l.jpg
1497,Coupe to BB-dan,Coupe and the Black Bullets,コッペとBB団,Light Novel,65,,2005,https://cdn.myanimelist.net/images/manga/3/162212l.jpg
1497,Dream Knocker: Choco no Kimyou na Bunkasai,,ドリームノッカー―チョコの奇妙な文化祭―,Light Novel,65,,2005,https://cdn.myanimelist.net/images/manga/1/34190l.jpg
1497,Locksmith Karuna no Bouken,,魔法鍵師（ロックスミス）カルナの冒険,Light Novel,65,,2005,https://cdn.myanimelist.net/images/manga/1/163059l.jpg
1497,Mahou Shoujo Splash Lycée,,魔法少女スプラッシュリセ,Light Novel,65,,2005,https://cdn.myanimelist.net/images/manga/1/166954l.jpg
1497,Room No.1301: Short Stories,,ROOM NO.1301 しょーとすとーりーず,Light Novel,65,,2005,https://cdn.myanimelist.net/images/manga/3/162508l.jpg
1497,Sekai no Owari no Mahoutsukai,The Witch at the End of the World,世界の終わりの魔法使い,Manga,65,,2005,https://cdn.myanimelist.net/images/manga/1/305030l.jpg
1503,Imouto Lesson: Koko wa Otome no Sono,,いもうとレッスン ここは乙女の園,Light Novel,64,,2005,https://cdn.myanimelist.net/images/manga/2/166636l.jpg
1503,Mazan Kiden,,魔斬姫伝,Light Novel,64,,2005,https://cdn.myanimelist.net/images/manga/3/167356l.jpg
1503,Medical Sisters,,メディカルシスターズ,Light Novel,64,,2005,https://cdn.myanimelist.net/images/manga/1/167747l.jpg
1503,Otonari Kazoku,,お隣家族,Manga,64,,2005,https://cdn.myanimelist.net/images/manga/1/149780l.jpg
1503,Pia♥Carrot e Youkoso!! G.O.: Grand Open 5-gouten,,Pia♥キャロットへようこそ!!G.O. 〜グランド・オープン5号店〜,Manga,64,,2005,https://cdn.myanimelist.net/images/manga/1/252420l.jpg
1503,Seiten Gold Fish,,青天ゴールドフィッシュ,Manga,64,,2005,https://cdn.myanimelist.net/images/manga/3/89453l.jpg
1503,Shuusei Houkoku: Ginga Tsundere Densetsu,,修正報告 銀河ツンデレ伝説,Light Novel,64,,2005,https://cdn.myanimelist.net/images/manga/3/166627l.jpg
1503,Tonari wa Nani wo Suru Hito zo,,隣はナニをする人ぞ,One-shot,64,,2005,https://cdn.myanimelist.net/images/manga/2/191129l.jpg
1511,Anata no Dorei♥,,あなたのドレイ,Manga,63,,2005,https://cdn.myanimelist.net/images/manga/3/197966l.jpg
1511,Chijoku no Rakuen,,恥辱の楽園,Manga,63,,2005,https://cdn.myanimelist.net/images/manga/1/83374l.jpg
1511,Hitozuma Sentai Madam Five,,人妻戦隊マダムファイブ,Light Novel,63,,2005,https://cdn.myanimelist.net/images/manga/3/164896l.jpg
1511,Over Drive,Over Drive,Over Drive,Manga,63,,2005,https://cdn.myanimelist.net/images/manga/2/80563l.jpg
1515,Daikanyama Noroiya St.,,代官山呪い屋st.,Manga,62,,2005,https://cdn.myanimelist.net/images/manga/2/270161l.jpg
1515,Fantastic Fortune 2: Little Mermaid,,ファンタスティックフォーチュン 2 - リトル・マーメイド,Manga,62,,2005,https://cdn.myanimelist.net/images/manga/2/21421l.jpg
1515,Mecha☆Afro-kun,,メカ☆アフロくん,Manga,62,,2005,https://cdn.myanimelist.net/images/manga/3/34373l.jpg
1515,Monaco no Sora e 2: Alas,,ALAS～輝ける翼～Monacoの空へ2,Manga,62,,2005,https://cdn.myanimelist.net/images/manga/2/39180l.jpg
1515,Oneesan Nakadashi Chikan Ressha,,お姉さん中出し痴漢列車,Light Novel,62,,2005,https://cdn.myanimelist.net/images/manga/1/168214l.jpg
1515,Sakura Saki Ita,,サクラ咲イタ,One-shot,62,,2005,https://cdn.myanimelist.net/img/sp/icon/apple-touch-icon-256.png
1515,Spacchu! Ikaga ni Watashi ga Hakimono wo Aisuru you ni Natta no ka,,すぱっちゅ！～如何に私がはきものを愛するようになったのか～,Light Novel,62,,2005,https://cdn.myanimelist.net/images/manga/3/173991l.jpg
1515,Super Comic Gekijou: Tales of Rebirth,,スーパーコミック劇場 テイルズ オブ リバース,Manga,62,,2005,https://cdn.myanimelist.net/images/manga/2/151591l.jpg
1515,Tattoo Blade,,TATTOO BLADE,Light Novel,62,,2005,https://cdn.myanimelist.net/images/manga/3/184656l.jpg
1515,Warui Koto Shitai,An illicit sexual relationship,ワルイコトシタイ,Light Novel,62,,2005,https://cdn.myanimelist.net/images/manga/2/174467l.jpg
1525,Ai wo Kudasai,,愛をください,Manga,61,,2005,https://cdn.myanimelist.net/images/manga/1/181615l.jpg
1525,Duel,,デュエル,One-shot,61,,2005,https://cdn.myanimelist.net/images/manga/2/203645l.jpg
1525,Kinshin Koukan Kazoku♥,,近親交姦家族♥,Manga,61,,2005,https://cdn.myanimelist.net/images/manga/3/267284l.jpg
1525,Kochira Samejima Kenkyuujo,,こちら鮫島研究所,Manga,61,,2005,https://cdn.myanimelist.net/images/manga/3/6025l.jpg
1525,Onmyou Yumihime Sayo: Inshu no Jubaku,,陰陽弓姫 小夜 淫種の呪縛,Light Novel,61,,2005,https://cdn.myanimelist.net/images/manga/1/167618l.jpg
1525,Paracelsus no Musume,,パラケルススの娘,Light Novel,61,,2005,https://cdn.myanimelist.net/images/manga/1/163255l.jpg
1525,Rengoku no Escudo,,煉獄のエスクード,Light Novel,61,,2005,https://cdn.myanimelist.net/images/manga/3/162625l.jpg
1525,Teitai Renai Zensen,,停滞恋愛前線,Manga,61,,2005,https://cdn.myanimelist.net/images/manga/3/16757l.jpg
1533,Cue,,큐,Manhwa,60,,2005,https://cdn.myanimelist.net/images/manga/2/37713l.jpg
1533,Gakuen Tengoku Paradoxia,,学園天国パラドキシア,Manga,60,,2005,https://cdn.myanimelist.net/images/manga/3/148968l.jpg
1533,Haitoku no Gakuen: Yami ni Sasagerareta Otome-tachi,,徳の学園～闇に捧げられた乙女たち～,Light Novel,60,,2005,https://cdn.myanimelist.net/images/manga/1/178524l.jpg
1533,Lightning Lady: Ryuu Koromo Henshin Shyldiron,,ライトニングレディ 龍衣変身シアディロン,Light Novel,60,,2005,https://cdn.myanimelist.net/images/manga/1/164897l.jpg
1533,Nekomachi Shop Tour Guide,,猫町ショップガイド,Manga,60,,2005,https://cdn.myanimelist.net/images/manga/2/267548l.jpg
1533,Sentimental: Aizome Gorou Sakuhinshuu,,センチメンタル 愛染五郎作品集,Manga,60,,2005,https://cdn.myanimelist.net/images/manga/3/247131l.jpg
1533,Tokumei Kyoushi Hitomi,,特命教師 瞳,Light Novel,60,,2005,https://cdn.myanimelist.net/images/manga/3/167288l.jpg
1540,Ginza no Banneko,The Watch Cats of Ginza,銀座の番ねこ,Manga,59,,2005,https://cdn.myanimelist.net/images/manga/1/229371l.jpg
1540,Ippiki Ookami no Kindan Kiss,,一匹狼の禁断キス,Manga,59,,2005,https://cdn.myanimelist.net/images/manga/2/78195l.jpg
1540,Kidou Senshi Gundam SEED Destiny,Mobile Suit Gundam SEED Destiny,機動戦士ガンダムSEED DESTINY,Light Novel,59,,2005,https://cdn.myanimelist.net/images/manga/3/306728l.jpg
1540,Kourin Tenshi En Ceil Rena: Injoku no Rasen,,光臨天使エンシェル・レナ 淫辱の螺旋,Light Novel,59,,2005,https://cdn.myanimelist.net/images/manga/3/166666l.jpg
1540,Love♥Para: Love Heart Paradise,,ラヴ♥パラ ラヴ・ハート・パラダイス,Light Novel,59,,2005,https://cdn.myanimelist.net/images/manga/2/164901l.jpg
1540,M: Idol Shimai,,Ｍ アイドル姉妹,Light Novel,59,,2005,https://cdn.myanimelist.net/images/manga/2/167034l.jpg
1540,Omoi ba,,オモイば,One-shot,59,,2005,https://cdn.myanimelist.net/img/sp/icon/apple-touch-icon-256.png
1540,Tetsusha Teikoku no Joshuu,,鉄車帝国の女囚,Light Novel,59,,2005,https://cdn.myanimelist.net/images/manga/3/167417l.jpg
1540,Tsuya-iro Onna Kyoushi,,艶色女教師,Manga,59,,2005,https://cdn.myanimelist.net/images/manga/1/177389l.jpg
1540,Ura Nyuugaku,,裏入学,Light Novel,59,,2005,https://cdn.myanimelist.net/images/manga/2/126885l.jpg
1540,Uwasa no D-Cup Dealer Miho,,噂のDカップディーラーMIHO,Light Novel,59,,2005,https://cdn.myanimelist.net/images/manga/2/168088l.jpg
1540,Vampire Slave: Ryoujoku no Juujika,,ヴァンパイアスレイブ 陵辱の十字架,Light Novel,59,,2005,https://cdn.myanimelist.net/images/manga/3/167785l.jpg
1552,Busters: Miko Sannin Musume★Funsenchuu,,バスターズ 巫女三人娘★奮戦中,Light Novel,58,,2005,https://cdn.myanimelist.net/images/manga/1/169502l.jpg
1552,Eiyuu x Maou,,英雄×魔王,Light Novel,58,,2005,https://cdn.myanimelist.net/images/manga/3/127527l.jpg
1552,Futari de Marvel Shichaimasu! Kinou no Teki wa Kyou mo Koibito!?,,ふたりでマーヴルしちゃいます！～昨日の敵は今日も恋人!?～,Light Novel,58,,2005,https://cdn.myanimelist.net/images/manga/2/168216l.jpg
1552,Home Maid,,ホームメイド,Light Novel,58,,2005,https://cdn.myanimelist.net/images/manga/1/174598l.jpg
1552,Kohitsujitachi no Kemonomichi,,子羊たちの獣道,Manga,58,,2005,https://cdn.myanimelist.net/images/manga/2/5979l.jpg
1552,Minamino Minamino,,ミナミノミナミノ,Light Novel,58,,2005,https://cdn.myanimelist.net/images/manga/2/164376l.jpg
1552,Mr. Trouble,Heart on Fire,ミスター・トラブル,Manga,58,,2005,https://cdn.myanimelist.net/images/manga/3/41246l.jpg
1552,Oneechan to Asobo♥,,お姉ちゃんとあそぼ♥,Light Novel,58,,2005,https://cdn.myanimelist.net/images/manga/1/169510l.jpg
1552,Oresama na Koibito,,俺様な恋人,Manga,58,,2005,https://cdn.myanimelist.net/images/manga/1/6016l.jpg
1552,Ringo to Kedamono,,りんごとケダモノ,Manga,58,,2005,https://cdn.myanimelist.net/images/manga/3/10900l.jpg
1552,Tenshi no Shuushuku,,天使の収縮,Manga,58,,2005,https://cdn.myanimelist.net/images/manga/2/110229l.jpg
1552,Zashiki Warashi no Okite: Boufu wa Tsuyameku Nyotai wo Nie ni,,座敷童の掟 暴富は艶めく女体を贄に,Light Novel,58,,2005,https://cdn.myanimelist.net/images/manga/2/171070l.jpg
1564,Hakaishin Ruruko,,はかいしんるるこ,Manga,57,,2005,https://cdn.myanimelist.net/images/manga/1/131361l.jpg
1564,Inside World,,インサイド・ワールド,Light Novel,57,,2005,https://cdn.myanimelist.net/images/manga/1/164527l.jpg
1564,Intou Sennyo Feili,,淫蕩仙女妃麗,Light Novel,57,,2005,https://cdn.myanimelist.net/images/manga/2/167282l.jpg
1564,Kaitou Oshioki Harem,,怪盗おしおきハーレム,Light Novel,57,,2005,https://cdn.myanimelist.net/images/manga/2/168759l.jpg
1564,Mizugi de Paradise! Boku to Kanojo no Mujintou,,水着でパラダイス！僕と彼女の無人島,Light Novel,57,,2005,https://cdn.myanimelist.net/images/manga/2/167359l.jpg
1564,Odunu,,オヅヌ,Manga,57,,2005,https://cdn.myanimelist.net/images/manga/2/129889l.jpg
1564,Rumbling Lady: Chika Wrestling no Intou,,ランブリングレディ 地下レスリングの淫闘,Light Novel,57,,2005,https://cdn.myanimelist.net/images/manga/1/168110l.jpg
1564,Trouble Click!!,,とらぶるクリック!!,Manga,57,,2005,https://cdn.myanimelist.net/images/manga/2/151629l.jpg
1564,Will: Bara no Ojousama,,Will 薔薇のお嬢様,Light Novel,57,,2005,https://cdn.myanimelist.net/images/manga/2/167142l.jpg
1564,Yami no Shoukoujo Lyzelle,,闇の小公女 リゼル,Light Novel,57,,2005,https://cdn.myanimelist.net/images/manga/3/168107l.jpg
1574,Aoi Sora no Neosphere,,蒼い空のネオスフィア,Manga,56,,2005,https://cdn.myanimelist.net/images/manga/1/112519l.jpg
1574,Bikemono Joushi,,美獣上司,Manga,56,,2005,https://cdn.myanimelist.net/images/manga/3/267922l.jpg
1574,Choumai Taisen Sismageddon,,超妹大戦シスマゲドン,Light Novel,56,,2005,https://cdn.myanimelist.net/images/manga/1/123825l.jpg
1574,Chu♥Chu,,ちゅ♥ちゅ,Manga,56,,2005,https://cdn.myanimelist.net/images/manga/2/90927l.jpg
1574,Dorei Ichiba Renaissance,,奴隷市場ルネッサンス,Light Novel,56,,2005,https://cdn.myanimelist.net/images/manga/3/174066l.jpg
1574,Imouto Waitress,,いもうとウエイトレス,Light Novel,56,,2005,https://cdn.myanimelist.net/images/manga/1/169472l.jpg
1574,Kira☆Kira,,キラ☆キラ,Manga,56,,2005,https://cdn.myanimelist.net/images/manga/3/8832l.jpg
1574,Kunoichi Yotogibanashi: Kono Inrou ga Me ni Iranu ka?,,くノ一夜伽話 この印籠が目に入らぬか？,Light Novel,56,,2005,https://cdn.myanimelist.net/images/manga/3/168775l.jpg
1574,Sensei ga Ippai! Paradise lesson,,先生がいっぱい！ ぱらだいすLesson,Light Novel,56,,2005,https://cdn.myanimelist.net/images/manga/1/169521l.jpg
1574,Sukumizu 2: Oyogenai - Yomi Sena-hen,,すくみず2～泳・げ・な・い～ 世弥・世那編,Light Novel,56,,2005,https://cdn.myanimelist.net/images/manga/1/174779l.jpg
1574,Tokumei Keishi Justice Force,,特命警士ジャスティスフォース,Light Novel,56,,2005,https://cdn.myanimelist.net/images/manga/2/167878l.jpg
1574,Yogen no Kemono,,よげんのけもの,Manga,56,,2005,https://cdn.myanimelist.net/images/manga/1/32361l.jpg
1586,Code Age Archives: Saigo ni Ochitekita Shoujo,,コード・エイジ アーカイヴズ ～最後におちてきた少女～,Manga,55,,2005,https://cdn.myanimelist.net/images/manga/2/173417l.jpg
1586,Eccentric Lover,,エキセントリックLOVER,Manga,55,,2005,https://cdn.myanimelist.net/images/manga/1/10863l.jpg
1586,Hanataba: Sannin no Captain,,花束 三人のキャプテン,Light Novel,55,,2005,https://cdn.myanimelist.net/images/manga/3/169519l.jpg
1586,Little Princess: Youbou no Takabisha-hime,,リトルプリンセス 幼貌の高飛車姫,Light Novel,55,,2005,https://cdn.myanimelist.net/images/manga/1/164900l.jpg
1586,Maryoku Shoujo Doctor Kyrie,The Magical Doctor Kyrie,魔療少女ドクターキリエ,Light Novel,55,,2005,https://cdn.myanimelist.net/images/manga/2/168111l.jpg
1586,Money no Ken,,マネーの拳,Manga,55,,2005,https://cdn.myanimelist.net/images/manga/2/12822l.jpg
1586,Seirei Tokusou Fairy Saber W,,精霊特捜フェアリィセイバーW,Manga,55,,2005,https://cdn.myanimelist.net/images/manga/2/138047l.jpg
1586,Shirumono,,しるもの,Manga,55,,2005,https://cdn.myanimelist.net/images/manga/3/145703l.jpg
1586,Shounen Shoujo Renaigaku,,少年少女恋愛学,Manga,55,,2005,https://cdn.myanimelist.net/images/manga/3/145357l.jpg
1586,Tokusou Tenshi Shellsaver,,特捜天使シェルセイバー,Light Novel,55,,2005,https://cdn.myanimelist.net/images/manga/1/166405l.jpg
1586,Triple! Osananajimi Idol,,とりぷる！～幼なじみアイドル,Light Novel,55,,2005,https://cdn.myanimelist.net/images/manga/2/169533l.jpg
1586,White Breath: With Faint Hope,,ホワイトブレス 〜with faint hope〜,Light Novel,55,,2005,https://cdn.myanimelist.net/images/manga/1/173151l.jpg
1586,Youma Koushounin Luca,Ghost Negotiator Luca,妖魔交渉人ルカ,Light Novel,55,,2005,https://cdn.myanimelist.net/images/manga/1/168749l.jpg
1599,Boku wa Tenshi ja Nai yo,,僕は天使じゃないよ,Light Novel,54,,2005,https://cdn.myanimelist.net/images/manga/2/133781l.jpg
1599,Kaitou Night Mina,Mysterious Thief Night Mina,怪盗 ナイトミーナ,Light Novel,54,,2005,https://cdn.myanimelist.net/images/manga/2/167287l.jpg
1599,Katakoi x Renjou,Piece Of Love x Love Sickness,片恋×恋情,Manga,54,,2005,https://cdn.myanimelist.net/images/manga/2/79655l.jpg
1599,Lunatic Sisters: Itoshi no Oniisama,,るなてぃっくシスターズ 愛しのお兄さま,Light Novel,54,,2005,https://cdn.myanimelist.net/images/manga/2/170188l.jpg
1599,Sei Lucifer Gakuin: Ojousama Saiban,,聖ルシフェル学院 お嬢様裁判,Light Novel,54,,2005,https://cdn.myanimelist.net/images/manga/2/169476l.jpg
1599,"Sono Otoko, Wagamama Nitsuki - Ami♂Ban",Amigo Bambino,その男、ワガママにつき あみ♂ばん,Manga,54,,2005,https://cdn.myanimelist.net/images/manga/5/10282l.jpg
1599,Usotsuki wa Tenshi no Hajimari,,ウソツキは天使のはじまり,Light Novel,54,,2005,https://cdn.myanimelist.net/images/manga/2/175035l.jpg
1606,Asia Burai: Senjou no Toppamono,,アジア無頼 戦場の突破者,Manga,53,,2005,https://cdn.myanimelist.net/images/manga/3/166845l.jpg
1606,Break☆Cafe,Break☆Cafe,ブレイク・カフェ; ブレイク☆カフェ,Manga,53,,2005,https://cdn.myanimelist.net/images/manga/2/26334l.jpg
1606,Gentle? or Wild?,,,Manga,53,,2005,https://cdn.myanimelist.net/images/manga/1/10864l.jpg
1606,Hitozuma Fuumashi Kanae,,人妻封魔師 可南恵,Light Novel,53,,2005,https://cdn.myanimelist.net/images/manga/3/168124l.jpg
1606,Kango Shichau zo: Minarai Nurse wa Doukyuusei,,看護しちゃうぞ―見習いナースは同級生,Light Novel,53,,2005,https://cdn.myanimelist.net/images/manga/2/169484l.jpg
1606,Kuuchuuroukaku no Juunin,,空中楼閣の住人,Manga,53,,2005,https://cdn.myanimelist.net/images/manga/1/38082l.jpg
1606,Legend: Seihai no Onna Kishi,,Legend 聖杯の女騎士,Light Novel,53,,2005,https://cdn.myanimelist.net/images/manga/2/167176l.jpg
1606,Narikiri Princess,,なりきりプリンセス,Light Novel,53,,2005,https://cdn.myanimelist.net/images/manga/2/167286l.jpg
1606,Nettai no Chou wa Moete Iruka,Flame Of The Tropical Butterfly,熱帯ノ蝶ハ燃エテイルカ,Manga,53,,2005,https://cdn.myanimelist.net/images/manga/2/79485l.jpg
1606,Osananajimi na Kanojo,,幼なじみな彼女,Light Novel,53,,2005,https://cdn.myanimelist.net/images/manga/1/172937l.jpg
1606,Saru Gecchu,,サルゲッチュ,Manga,53,,2005,https://cdn.myanimelist.net/images/manga/1/43669l.jpg
1606,Sengoku no Imouto: Shichinin no Imouto,,戦国の妹 七人の妹,Light Novel,53,,2005,https://cdn.myanimelist.net/images/manga/3/127517l.jpg
1606,Strike Angel Mayu,,ストライクエンジェル真由,Light Novel,53,,2005,https://cdn.myanimelist.net/images/manga/2/168108l.jpg
1606,Taima Kenshi Feilan,,退魔拳士フェイラン,Light Novel,53,,2005,https://cdn.myanimelist.net/images/manga/1/168087l.jpg
1606,Yunohana,,ゆのはな,Light Novel,53,,2005,https://cdn.myanimelist.net/images/manga/2/173599l.jpg
1621,Anata ni Mune Ippai: Meganekko★Hatsukoi,,あなたに胸いっぱい メガネっ娘★初恋,Light Novel,52,,2005,https://cdn.myanimelist.net/images/manga/1/169466l.jpg
1621,Anettai Nine,,亜熱帯ナイン,Manga,52,,2005,https://cdn.myanimelist.net/images/manga/3/242639l.jpg
1621,Gyutte ne?,,ギュッてね?,Manga,52,,2005,https://cdn.myanimelist.net/images/manga/2/267543l.jpg
1621,Ikenai Koto Kai?,,イケナイことかい?,Manga,52,,2005,https://cdn.myanimelist.net/images/manga/2/46277l.jpg
1621,Koi Neko: Kimi ni Aetara,,こいねこ 君に逢えたら,Light Novel,52,,2005,https://cdn.myanimelist.net/images/manga/3/169460l.jpg
1621,Kouga no Ruby Wolf,,紅牙のルビーウルフ,Light Novel,52,,2005,https://cdn.myanimelist.net/images/manga/3/162520l.jpg
1621,Momoiro Secret,Peach-coloured Secret,桃色シークレット,Manga,52,,2005,https://cdn.myanimelist.net/images/manga/3/18732l.jpg
1621,Shin Noroiya Zero,,新・呪い屋零,Light Novel,52,,2005,https://cdn.myanimelist.net/images/manga/3/172755l.jpg
1621,Shirahito Mono to Sekai no Kiki,,白人萠乃と世界の危機,Light Novel,52,,2005,https://cdn.myanimelist.net/images/manga/3/124027l.jpg
1621,Tsukishin Shoukuin Quinmaster,,闘姫神将クインマスター,Manga,52,,2005,https://cdn.myanimelist.net/images/manga/3/14306l.jpg
1621,Zitadelle Sakusen,,ツィタデル作戦,Manga,52,,2005,https://cdn.myanimelist.net/images/manga/2/131919l.jpg
1632,Natsu no Kappa,,ナツノカッパ,Manga,51,,2005,https://cdn.myanimelist.net/images/manga/1/129907l.jpg
1632,Oneesan wa Santa Claus!,,お姉さんはサンタクロース！,Light Novel,51,,2005,https://cdn.myanimelist.net/images/manga/3/169473l.jpg
1632,Sai Kadoruto,,鎖衣カドルト,Manga,51,,2005,https://cdn.myanimelist.net/images/manga/3/21245l.jpg
1632,Umi wo Koetemo Koi wo Suru,,海をこえても恋をする,Manga,51,,2005,https://cdn.myanimelist.net/images/manga/3/11075l.jpg
1632,Yumemite Night!,,夢みてナイト!,Light Novel,51,,2005,https://cdn.myanimelist.net/images/manga/3/173150l.jpg
1637,Blanche wa Koishiteru,,ブランジェは恋してる,Light Novel,50,,2005,https://cdn.myanimelist.net/images/manga/1/153389l.jpg
1637,Cabaret Mama,,キャバママ,Manga,50,,2005,https://cdn.myanimelist.net/images/manga/1/193695l.jpg
1637,Fuusui Shoujo,,風水少女,Light Novel,50,,2005,https://cdn.myanimelist.net/images/manga/3/163251l.jpg
1637,Hime Kenshi Violet Ruby: Mangetsu no Wana,,姫剣士ヴァイオレットラビィ 満月の罠,Light Novel,50,,2005,https://cdn.myanimelist.net/images/manga/2/168103l.jpg
1637,Hinata no Hiyoko,,日なたのヒヨコ,Manga,50,,2005,https://cdn.myanimelist.net/images/manga/2/17342l.jpg
1637,Kinshin Chijou: Aiyoku no Kyouen,,近親痴情・愛欲の狂宴,Manga,50,,2005,https://cdn.myanimelist.net/images/manga/1/93891l.jpg
1637,Kisekae Doll Mami-chan,,きせかえDOLLマミちゃん,Manga,50,,2005,https://cdn.myanimelist.net/images/manga/3/238915l.jpg
1637,Maid in Princess,,メイド イン プリンセス,Light Novel,50,,2005,https://cdn.myanimelist.net/images/manga/3/169480l.jpg
1637,Princess Strike!,,プリンセスストライク！,Light Novel,50,,2005,https://cdn.myanimelist.net/images/manga/1/167438l.jpg
1646,Ariel Bangai-hen,,ARIEL 番外編,Light Novel,49,,2005,https://cdn.myanimelist.net/images/manga/2/228729l.jpg
1646,Custom Child,,カスタム・チャイルド,Light Novel,49,,2005,https://cdn.myanimelist.net/images/manga/2/164250l.jpg
1646,Duel Masters Fighting Edge,,デュエル・マスターズ FE〈ファイティングエッジ〉,Manga,49,,2005,https://cdn.myanimelist.net/images/manga/2/283482l.jpg
1646,Fukushuu no Joi Senshi: Takamine Ryouko,,復讐の女医戦士 高嶺遼子,Light Novel,49,,2005,https://cdn.myanimelist.net/images/manga/2/167770l.jpg
1646,Rune Princess: Boshi ni Negai wo......,,ルーンプリンセス 星に願いを……,Light Novel,49,,2005,https://cdn.myanimelist.net/images/manga/2/129385l.jpg
1646,Ryuusei Echo,Meteor Echoes,流星エコー,Manga,49,,2005,https://cdn.myanimelist.net/images/manga/1/79491l.jpg
1646,School Days,,School Days,Light Novel,49,,2005,https://cdn.myanimelist.net/images/manga/3/300811l.jpg
1646,Silver Chip,,シルバー・チップ,Manga,49,,2005,https://cdn.myanimelist.net/images/manga/2/62149l.jpg
1646,Tricksters,,トリックスターズ,Light Novel,49,,2005,https://cdn.myanimelist.net/images/manga/2/136851l.jpg
1655,Aegu! Nureru!,Blow and Wet,あえぐ! 濡れる!,Manga,48,,2005,https://cdn.myanimelist.net/images/manga/1/304639l.jpg
1655,Ame no Naka kara Yattekita,,雨の中からやってきた,Manga,48,,2005,https://cdn.myanimelist.net/images/manga/2/238605l.jpg
1655,Glee Green Island,,Ｇｌｅｅ Ｇｒｅｅｎ Ｉｓｌａｎｄ,Manga,48,,2005,https://cdn.myanimelist.net/images/manga/1/47979l.jpg
1655,Himitsu no Takaramono,,秘密のタカラモノ,Manga,48,,2005,https://cdn.myanimelist.net/images/manga/1/191026l.jpg
1655,Hirei no Ori,,姫隷の檻,Light Novel,48,,2005,https://cdn.myanimelist.net/images/manga/2/167418l.jpg
1655,Makaryuudo Kuon: Etsuraku no Kyouen,,魔狩人 九音 悦楽の饗宴,Light Novel,48,,2005,https://cdn.myanimelist.net/images/manga/1/166655l.jpg
1655,Mugen Shinshi: Ouma-hen,,夢幻紳士 逢魔篇,Manga,48,,2005,https://cdn.myanimelist.net/images/manga/1/301200l.jpg
1655,Reijou Maid Lumiera,,隷嬢メイド ルミエラ,Light Novel,48,,2005,https://cdn.myanimelist.net/images/manga/3/168089l.jpg
1655,Samurai Jupiter,,侍ジュピター,Light Novel,48,,2005,https://cdn.myanimelist.net/images/manga/3/144395l.jpg
1655,War Venus: Shoujo wa Midara ni Naburareru,,戦女神〈ウォービーナス〉―少女は淫らに嬲られる,Light Novel,48,,2005,https://cdn.myanimelist.net/images/manga/1/170176l.jpg
1665,Ai to Kanashimi no Esperman,,愛と哀しみのエスパーマン,Light Novel,47,,2005,https://cdn.myanimelist.net/images/manga/3/157915l.jpg
1665,Casa no Nekomura-san,,カーサの猫村さん,Manga,47,,2005,https://cdn.myanimelist.net/images/manga/3/61773l.jpg
1665,Hanikami Triangle,,はにかみトライアングル,Light Novel,47,,2005,https://cdn.myanimelist.net/images/manga/2/126403l.jpg
1665,Kirisaki,,キリサキ,Light Novel,47,,2005,https://cdn.myanimelist.net/images/manga/1/102721l.jpg
1665,Love x Machine Gun,Love x Machine Gun,ラブ×マシンガン,Manga,47,,2005,https://cdn.myanimelist.net/images/manga/2/14679l.jpg
1665,Manga de Wakaru Toukeigaku: Kaiki Bunseki-hen,The Manga Guide to Regression Analysis,マンガでわかる統計学 回帰分析編,Manga,47,,2005,https://cdn.myanimelist.net/images/manga/3/307847l.jpg
1665,Minamo ni Mikazuki,,水面に三日月,Manga,47,,2005,https://cdn.myanimelist.net/images/manga/1/150622l.jpg
1672,Glass no Mori no Kiss de Mezamete,,ガラスの森のキスで目覚めて,Light Novel,46,,2005,https://cdn.myanimelist.net/images/manga/3/153359l.jpg
1672,HR,,HR,Manga,46,,2005,https://cdn.myanimelist.net/images/manga/3/11099l.jpg
1672,Hakoniwa Kigeki,,ハコニワ喜劇,Manga,46,,2005,https://cdn.myanimelist.net/images/manga/1/134925l.jpg
1672,Kagekidan Princess: Futari wa Issho!,,歌劇団プリンセス ふたりは一緒！,Light Novel,46,,2005,https://cdn.myanimelist.net/images/manga/2/169525l.jpg
1672,Koi Shimai: Docchi ni Suru no!?,,恋姉妹 どっちにするの!?,Light Novel,46,,2005,https://cdn.myanimelist.net/images/manga/2/169477l.jpg
1672,Kyuuketsuki no Oshigoto SP: The Days Gone By,,吸血鬼のおしごとSP―The Days Gone By,Light Novel,46,,2005,https://cdn.myanimelist.net/images/manga/2/164323l.jpg
1672,Majokko à la mode II: Hikari to Yami no Étranger,,魔女っ娘ア・ラ・モードII～光と闇のエトランゼ～,Light Novel,46,,2005,https://cdn.myanimelist.net/images/manga/3/173297l.jpg
1672,Meikai-Banashi,,冥界噺,Manga,46,,2005,https://cdn.myanimelist.net/images/manga/2/147151l.jpg
1672,Oyatsu no Jikan,,おやつのじかん,Light Novel,46,,2005,https://cdn.myanimelist.net/images/manga/1/173152l.jpg
1672,Selfish Boy,,セルフィッシュ・ボーイ,Manga,46,,2005,https://cdn.myanimelist.net/images/manga/1/267544l.jpg
1672,Tokyo Mate,,東京メイト,Manga,46,,2005,https://cdn.myanimelist.net/images/manga/3/164809l.jpg
1683,Innocent Blade Unevil,,INNOCENT BLADE UNEVIL,Manga,45,,2005,https://cdn.myanimelist.net/images/manga/3/199443l.jpg
1683,Nangoku Dominion,,南国ドミニオン,Light Novel,45,,2005,https://cdn.myanimelist.net/images/manga/3/127513l.jpg
1683,Standby.,,スタンバイ。,Manga,45,,2005,https://cdn.myanimelist.net/images/manga/1/95945l.jpg
1683,Tomodachi Ijou Koibito Miman,,友達以上恋人未満,Light Novel,45,,2005,https://cdn.myanimelist.net/images/manga/2/173992l.jpg
1683,Toshiue Osananajimi: Oshikake Lesson,,年上幼なじみ おしかけレッスン,Light Novel,45,,2005,https://cdn.myanimelist.net/images/manga/1/169467l.jpg
1688,Idol Days,,あいどるDays,Manga,44,,2005,https://cdn.myanimelist.net/images/manga/2/155092l.jpg
1688,Oodorobou Porta,,大泥棒ポルタ,Manga,44,,2005,https://cdn.myanimelist.net/images/manga/3/227260l.jpg
1688,Sei Oujo Feriana,Legend of Feriana The Holy Princess,聖王女フェリアーナ,Light Novel,44,,2005,https://cdn.myanimelist.net/images/manga/3/175828l.jpg
1688,Shiawase no Jouken,Conditions Of Happiness,幸せの条件,Manga,44,,2005,https://cdn.myanimelist.net/images/manga/3/79445l.jpg
1692,Brother☆Beat,,ブラザー☆ビート,Manga,43,,2005,https://cdn.myanimelist.net/images/manga/1/165075l.jpg
1692,Erogappa,,エロ河童,Manga,43,,2005,https://cdn.myanimelist.net/images/manga/3/240119l.jpg
1692,Gau Gau Waata 2,,ガウガウわー太2,Manga,43,,2005,https://cdn.myanimelist.net/images/manga/3/95757l.jpg
1692,Hoshikuzu Empress,,星屑エンプレス,Light Novel,43,,2005,https://cdn.myanimelist.net/images/manga/1/162739l.jpg
1692,Jotei Farlene: Kegasareta Teikan,,女帝ファルレーネ 穢された帝冠,Light Novel,43,,2005,https://cdn.myanimelist.net/images/manga/2/167443l.jpg
1692,Kanojo wa Kisei Shijo,,彼女は帰星子女,Light Novel,43,,2005,https://cdn.myanimelist.net/images/manga/1/164642l.jpg
1692,Kiringaoka no Kokoroya,The Heartful Store of Goldenrod Hill,きりんが丘のココロ屋,Manga,43,,2005,https://cdn.myanimelist.net/images/manga/3/229388l.jpg
1692,Kokuhaku Cupid,,黒白キューピッド,Light Novel,43,,2005,https://cdn.myanimelist.net/images/manga/3/179104l.jpg
1692,Naguribito K,,殴人K,Manga,43,,2005,https://cdn.myanimelist.net/images/manga/3/236614l.jpg
1692,Ryuu & Dr. Series,,龍＆Dr.シリーズ,Light Novel,43,,2005,https://cdn.myanimelist.net/images/manga/1/185782l.jpg
1692,Shinaoshi,,シナオシ,Light Novel,43,,2005,https://cdn.myanimelist.net/images/manga/2/102725l.jpg
1692,Thunder Girl!,,サンダーガール！,Light Novel,43,,2005,https://cdn.myanimelist.net/images/manga/3/164340l.jpg
1704,Lion wa Nemuranai,,ライオンは眠らない,Manga,42,,2005,https://cdn.myanimelist.net/images/manga/2/230664l.jpg
1704,Setsunaku Yasashiku Koi wo shite,,せつなく優しく恋をして,Light Novel,42,,2005,https://cdn.myanimelist.net/images/manga/1/153390l.jpg
1706,Meitantei Madam Holmes,,名探偵マダム・ホームズ,Manga,41,,2005,https://cdn.myanimelist.net/images/manga/1/232890l.jpg
1706,Shanai Ren'ai Hisshouhou,,社內戀愛必勝法,Manga,41,,2005,https://cdn.myanimelist.net/images/manga/3/70471l.jpg
1706,Tsumi no Rakuen,Paradise of Sin,罪の楽園,Manga,41,,2005,https://cdn.myanimelist.net/images/manga/2/79567l.jpg
1706,Yuuwaku no Morocco,Beth and the Barbarian,誘惑のモロッコ,Manga,41,,2005,https://cdn.myanimelist.net/images/manga/1/227371l.jpg
1710,Golem x Girls,,ゴーレム×ガールズ,Light Novel,40,,2005,https://cdn.myanimelist.net/images/manga/3/163223l.jpg
1710,Hakase no Aishita Suushiki,,博士の愛した数式,Manga,40,,2005,https://cdn.myanimelist.net/images/manga/3/244215l.jpg
1710,Kodomotachi wa Kyou mo Taihen!!,Kids are Doing Fine Today!!,子供達は今日も大変!!,Manga,40,,2005,https://cdn.myanimelist.net/images/manga/2/79559l.jpg
1710,Nagomi Club,,なごみクラブ,Manga,40,,2005,https://cdn.myanimelist.net/images/manga/1/71851l.jpg
1710,Tonari no Satchel,,隣りのランドセル,Light Novel,40,,2005,https://cdn.myanimelist.net/images/manga/2/125971l.jpg
1715,Manga Grimm Douwa: Dokufu-tachi no Hanzai Hakusho,Wicked Women's Crime White Papers,まんがグリム童話 毒婦たちの犯罪白書,Manga,39,,2005,https://cdn.myanimelist.net/images/manga/1/137413l.jpg
1715,Ryuuhou,,龍鳳,Manga,39,,2005,https://cdn.myanimelist.net/images/manga/1/38985l.jpg
1715,Shichinin no Bukiya,,七人の武器屋,Light Novel,39,,2005,https://cdn.myanimelist.net/images/manga/3/162541l.jpg
1718,Fushigi Tsukai,,不思議使い,Light Novel,38,,2005,https://cdn.myanimelist.net/images/manga/3/163052l.jpg
1718,Kaisho Fuusatsuki,,戒書封殺記,Light Novel,38,,2005,https://cdn.myanimelist.net/images/manga/1/162622l.jpg
1718,Senkai no Thetis,Goddess in the Battle Sea,戦海のテティス,Manga,38,,2005,https://cdn.myanimelist.net/images/manga/2/174472l.jpg
1718,Super Comic Gekijou: Radiata Stories,,スーパーコミック劇場 ラジアータ ストーリーズ,Manga,38,,2005,https://cdn.myanimelist.net/images/manga/3/151607l.jpg
1722,Sakura-ment: Manatsu no Sakura ni Yakusoku wo,,SAKURA-ment ～真夏の桜に約束を～,Light Novel,37,,2005,https://cdn.myanimelist.net/images/manga/2/162775l.jpg
1723,Izakaya Tantei,Culinary de Tonguetive,居酒屋舌偵,Manga,36,,2005,https://cdn.myanimelist.net/images/manga/3/284667l.jpg
1723,Mii-tan,,みーたん,Manga,36,,2005,https://cdn.myanimelist.net/images/manga/1/149802l.jpg
1723,Moonlight Party,,ムーンライト・パーティー,Manga,36,,2005,https://cdn.myanimelist.net/images/manga/3/124391l.jpg
1726,Kohaku no Shinzou,,琥珀の心臓,Light Novel,35,,2005,https://cdn.myanimelist.net/images/manga/1/162717l.jpg
1726,Super Comic Gekijou: To Heart 2,,スーパーコミック劇場 ToHeart2,Manga,35,,2005,https://cdn.myanimelist.net/images/manga/2/151596l.jpg
1728,Kannou no Susume,,官能ノススメ,Manga,34,,2005,https://cdn.myanimelist.net/images/manga/1/164346l.jpg
1728,Kanojo wa Missile,,彼女はミサイル,Light Novel,34,,2005,https://cdn.myanimelist.net/images/manga/1/163045l.jpg
1728,Kurukuru Real,,くるくるリアル,Light Novel,34,,2005,https://cdn.myanimelist.net/images/manga/1/125277l.jpg
1728,Rabi Papa,,ラビパパ,Manga,34,,2005,https://cdn.myanimelist.net/images/manga/2/127097l.jpg
1732,Houkago Taimaroku Maruru: Warakizu,,放課後退魔録〈る〉 ワラキズ,Light Novel,33,,2005,https://cdn.myanimelist.net/images/manga/3/161591l.jpg
1732,Kawaiiya,,かわいいや,Manga,33,,2005,https://cdn.myanimelist.net/images/manga/1/46975l.jpg
1732,Moon Spell!!,,ムーンスペル!!,Light Novel,33,,2005,https://cdn.myanimelist.net/images/manga/1/162620l.jpg
1732,Soap-Gata,,も～っとソップ型,Manga,33,,2005,https://cdn.myanimelist.net/images/manga/3/23652l.jpg
1736,Hagoromo Shounen,,ハゴロモ少年,Manga,32,,2005,https://cdn.myanimelist.net/images/manga/2/100683l.jpg
1736,Soul Undertaker,,ソウル・アンダーテイカー,Light Novel,32,,2005,https://cdn.myanimelist.net/images/manga/2/176063l.jpg
1738,Sodacchau zo♥,,発育〈そだ〉っちゃうぞ♥,Manga,31,,2005,https://cdn.myanimelist.net/images/manga/3/296037l.jpg
1739,Gakuten no Arashi,,学天の嵐,Manga,30,,2005,https://cdn.myanimelist.net/images/manga/1/170066l.jpg
1739,Oresama wa Waruga Kid,,オレ様はワルガキッド,Light Novel,30,,2005,https://cdn.myanimelist.net/images/manga/1/140183l.jpg
1741,Hayashi Hiroshi,,林宏,Manga,29,,2005,https://cdn.myanimelist.net/images/manga/2/236887l.jpg
1741,Please Wings!,,날개를 달아드립니다,One-shot,29,,2005,https://cdn.myanimelist.net/images/manga/3/136177l.jpg
1743,Kannou Shousetsuka,,官能小説家,Manga,28,,2005,https://cdn.myanimelist.net/images/manga/3/287471l.jpg
1743,Kaori no Kobushi,,薫の拳,Manga,28,,2005,https://cdn.myanimelist.net/images/manga/1/78035l.jpg
1743,Nekome Yawa,,猫眼夜話,Light Novel,28,,2005,https://cdn.myanimelist.net/images/manga/2/153385l.jpg
1746,Kiri no Rochefort,Devil in Velvet,霧のロシュフォール,Manga,27,,2005,https://cdn.myanimelist.net/images/manga/2/227455l.jpg
1747,Chitei Shounen Chappie,Underground Boy Chappie,地底少年チャッピー,Manga,26,,2005,https://cdn.myanimelist.net/images/manga/1/236485l.jpg
1747,Comment Ça Va?,,comment ca va?,One-shot,26,,2005,https://cdn.myanimelist.net/images/manga/2/344425l.jpg
1749,Bokujou Monogatari,,牧場物語,One-shot,25,,2005,https://cdn.myanimelist.net/images/manga/2/328272l.jpg
1750,Awaya-ke,,アワヤケ,Manga,24,,2005,https://cdn.myanimelist.net/images/manga/2/281218l.jpg
1751,Monyuiku!,,もにゅ育！,Manga,23,,2005,https://cdn.myanimelist.net/images/manga/2/329231l.jpg
1752,Cold: Zettai Reido no Koibito,,COLD ~絶対零度の恋人~,Manga,22,,2005,https://cdn.myanimelist.net/images/manga/3/296287l.jpg
1752,Nakaochi,,膣内〈ナカ〉堕チ,Manga,22,,2005,https://cdn.myanimelist.net/images/manga/2/321814l.jpg
1752,Sunao,,淳～すなお～,Manga,22,,2005,https://cdn.myanimelist.net/images/manga/2/330507l.jpg
1752,Tokeijikake no Merveille,Clock Work Merveilles,時計仕掛けのメルヴェイユ,Doujinshi,22,,2005,https://cdn.myanimelist.net/images/manga/3/322945l.jpg
1756,DanDan,,DANDAN,Manga,21,,2005,https://cdn.myanimelist.net/images/manga/2/340260l.jpg
1756,Doubutsu no Oshaberi♥,,動物のおしゃべり♥,Manga,21,,2005,https://cdn.myanimelist.net/images/manga/1/230679l.jpg
1756,Issho ni ne,Together,いっしょにね,Manga,21,,2005,https://cdn.myanimelist.net/images/manga/1/324957l.jpg
1756,Kindan no Yousei,,禁談の幼声,Manga,21,,2005,https://cdn.myanimelist.net/images/manga/2/329260l.jpg
1756,Koisuru Beach,,恋するビーチ,Manga,21,,2005,https://cdn.myanimelist.net/images/manga/2/231321l.jpg
1756,Love Story Season II,,사랑해 그리고 기억해,Manhwa,21,,2005,https://cdn.myanimelist.net/images/manga/3/289815l.jpg
1756,Mahou no Jumon wo Tonaetara♥,,魔法の呪文を唱えたら♥,Manga,21,,2005,https://cdn.myanimelist.net/images/manga/2/315477l.jpg
1763,Bin no Naka no Kaeru,Frog in a Bottle,瓶の中の蛙,One-shot,20,,2005,https://cdn.myanimelist.net/images/manga/2/317646l.jpg
1763,Soto De Eroi Koto wo Suru Hanashi,,外でエロいことをする話,One-shot,20,,2005,https://cdn.myanimelist.net/images/manga/1/328308l.jpg
1763,Sukusuku♡Seichouki,,すくスク♡性徴期,Manga,20,,2005,https://cdn.myanimelist.net/images/manga/1/329355l.jpg
1766,Revolution No.12,,レヴォリューション No.12,Manga,18,,2005,https://cdn.myanimelist.net/images/manga/3/176015l.jpg
1766,Yakumo Hyakkai,,八雲百怪,Manga,18,,2005,https://cdn.myanimelist.net/images/manga/3/302690l.jpg
1768,Working Pure,,ワーキングピュア,Manga,17,,2005,https://cdn.myanimelist.net/images/manga/2/286207l.jpg
1769,Claude,,蔵人〈クロード〉,Manga,16,,2005,https://cdn.myanimelist.net/images/manga/3/323941l.jpg
1770,Seishun Sex,,青春セックス,One-shot,14,,2005,https://cdn.myanimelist.net/images/manga/1/345383l.jpg
1771,Inran Kachou to Ijou na Aijou,Lewd Section Chief and Abnormal Love,淫乱課長と異常な愛情,Manga,13,,2005,https://cdn.myanimelist.net/images/manga/2/340213l.jpg
1771,Inwai Tenshi,Dirty Angel,淫猥天使,Manga,13,,2005,https://cdn.myanimelist.net/images/manga/3/337156l.jpg
1773,Barber Harbor NG,,バーバーハーバーNG,Manga,12,,2005,https://cdn.myanimelist.net/images/manga/3/287474l.jpg
1774,Hiwai na Kazoku,An Indecent Family,卑猥な家族,Manga,11,,2005,https://cdn.myanimelist.net/images/manga/3/348086l.jpg
1775,Gu Fang Bu Zi Shang,,孤芳不自賞,Novel,10,,2005,https://cdn.myanimelist.net/images/manga/3/337528l.jpg
1776,Mabinogi,,마비노기,Manhwa,9,,2005,https://cdn.myanimelist.net/images/manga/3/337129l.jpg
1777,Kumohachi,,くもはち,Manga,8,,2005,https://cdn.myanimelist.net/images/manga/1/348383l.jpg
