rank,title,title_english,title_japanese,type,members,score,year,image_url
1,Chainsaw Man,Chainsaw Man,チェンソーマン,Manga,747265,8.62,2018,https://cdn.myanimelist.net/images/manga/3/216464l.jpg
2,Solo Leveling,Solo Leveling,나 혼자만 레벨업,Manhwa,628299,8.55,2018,https://cdn.myanimelist.net/images/manga/3/222295l.jpg
3,Jujutsu Kaisen,Jujutsu Kaisen,呪術廻戦,Manga,522976,8.17,2018,https://cdn.myanimelist.net/images/manga/3/210341l.jpg
4,Blue Lock,Blue Lock,ブルーロック,Manga,227120,8.41,2018,https://cdn.myanimelist.net/images/manga/5/213340l.jpg
5,Sono Bisque Doll wa Koi wo Suru,My Dress-Up Darling,その着せ替え人形〈ビスク・ドール〉は恋をする,Manga,204336,8.02,2018,https://cdn.myanimelist.net/images/manga/2/215054l.jpg
6,Jigokuraku,Hell's Paradise: Jigokuraku,地獄楽,Manga,195809,8.21,2018,https://cdn.myanimelist.net/images/manga/2/208522l.jpg
7,Gokushufudou,The Way of the Househusband,極主夫道,Manga,137387,8.09,2018,https://cdn.myanimelist.net/images/manga/3/210716l.jpg
8,Mieruko-chan,Mieruko-chan,見える子ちゃん,Manga,100348,7.87,2018,https://cdn.myanimelist.net/images/manga/3/217799l.jpg
9,Tonikaku Kawaii,Fly Me to the Moon,トニカクカワイイ,Manga,95382,8.16,2018,https://cdn.myanimelist.net/images/manga/3/209955l.jpg
10,Kage no Jitsuryokusha ni Naritakute!,The Eminence in Shadow,陰の実力者になりたくて!,Manga,91234,8.24,2018,https://cdn.myanimelist.net/images/manga/3/227280l.jpg
11,"Fuufu Ijou, Koibito Miman.","More Than a Married Couple, but Not Lovers",夫婦以上、恋人未満。,Manga,72679,7.94,2018,https://cdn.myanimelist.net/images/manga/1/215132l.jpg
12,Boku no Kokoro no Yabai Yatsu,The Dangers in My Heart,僕の心のヤバイやつ,Manga,70715,8.23,2018,https://cdn.myanimelist.net/images/manga/3/213349l.jpg
13,A Returner's Magic Should Be Special,A Returner's Magic Should Be Special,귀환자의 마법은 특별해야 합니다,Manhwa,62141,7.6,2018,https://cdn.myanimelist.net/images/manga/2/239089l.jpg
14,Shinai naru Boku e Satsui wo Komete,My Dearest Self With Malice Aforethought,親愛なる僕へ殺意をこめて,Manga,59614,8.21,2018,https://cdn.myanimelist.net/images/manga/1/211898l.jpg
15,Zom 100: Zombie ni Naru made ni Shitai 100 no Koto,Zom 100: Bucket List of the Dead,ゾン100～ゾンビになるまでにしたい100のこと～,Manga,58111,7.57,2018,https://cdn.myanimelist.net/images/manga/3/223116l.jpg
16,Act-age,Act-age,アクタージュ act-age,Manga,57012,8.24,2018,https://cdn.myanimelist.net/images/manga/2/209753l.jpg
17,Skip to Loafer,Skip and Loafer,スキップとローファー,Manga,55084,8.6,2018,https://cdn.myanimelist.net/images/manga/3/220669l.jpg
18,Ase to Sekken,Sweat and Soap,あせとせっけん,Manga,52936,8.16,2018,https://cdn.myanimelist.net/images/manga/3/271450l.jpg
19,Shadows House,Shadows House,シャドーハウス,Manga,52223,8.37,2018,https://cdn.myanimelist.net/images/manga/2/215750l.jpg
20,Suki na Ko ga Megane wo Wasureta,The Girl I Like Forgot Her Glasses,好きな子がめがねを忘れた,Manga,51636,8.08,2018,https://cdn.myanimelist.net/images/manga/3/219461l.jpg
21,Hige wo Soru. Soshite Joshikousei wo Hirou.,"Higehiro: After Being Rejected, I Shaved and Took in a High School Runaway",ひげを剃る。そして女子高生を拾う。,Manga,51112,7.18,2018,https://cdn.myanimelist.net/images/manga/1/219340l.jpg
22,Tengoku Daimakyou,Heavenly Delusion,天国大魔境,Manga,47736,8.17,2018,https://cdn.myanimelist.net/images/manga/2/210308l.jpg
23,Fairy Tail: 100 Years Quest,Fairy Tail: 100 Years Quest,FAIRY TAIL 100 YEARS QUEST,Manga,47301,7.45,2018,https://cdn.myanimelist.net/images/manga/1/213604l.jpg
24,Darling in the FranXX,Darling in the FranXX,ダーリン・イン・ザ・フランキス,Manga,47274,7.51,2018,https://cdn.myanimelist.net/images/manga/2/273376l.jpg
25,Eleceed,Eleceed,일렉시드,Manhwa,46892,8.5,2018,https://cdn.myanimelist.net/images/manga/1/260660l.jpg
26,Bakemonogatari,Bakemonogatari,化物語,Manga,46191,8.49,2018,https://cdn.myanimelist.net/images/manga/2/210355l.jpg
27,Otome Game Sekai wa Mob ni Kibishii Sekai desu,Trapped in a Dating Sim: The World of Otome Games is Tough for Mobs,乙女ゲー世界はモブに厳しい世界です,Manga,44364,7.56,2018,https://cdn.myanimelist.net/images/manga/1/224322l.jpg
28,Imamade Ichido mo Onnaatsukai sareta Koto ga Nai Onna Kishi wo Onnaatsukai suru Manga,How to Treat a Lady Knight Right,今まで一度も女扱いされたことがない女騎士を女扱いする漫画,Manga,42325,7.15,2018,https://cdn.myanimelist.net/images/manga/1/215499l.jpg
29,Sensei wa Koi wo Oshierarenai,The Teacher Can Not Tell Me Love,先生は恋を教えられない,Manga,42231,7.66,2018,https://cdn.myanimelist.net/images/manga/1/219617l.jpg
30,Edens Zero,Edens Zero,EDENS ZERO,Manga,42209,7.11,2018,https://cdn.myanimelist.net/images/manga/3/212094l.jpg
31,Senpai ga Uzai Kouhai no Hanashi,My Senpai Is Annoying,先輩がうざい後輩の話,Manga,40826,7.5,2018,https://cdn.myanimelist.net/images/manga/3/211530l.jpg
32,Hitomi-chan wa Hitomishiri,Hitomi-chan Is Shy with Strangers,瞳ちゃんは人見知り,Manga,37448,7.22,2018,https://cdn.myanimelist.net/images/manga/2/217887l.jpg
33,Boushoku no Berserk: Ore dake Level to Iu Gainen wo Toppa suru the Comic,Berserk of Gluttony,暴食のベルセルク～俺だけレベルという概念を突破する～ THE COMIC,Manga,35744,6.8,2018,https://cdn.myanimelist.net/images/manga/3/212091l.jpg
34,Fetiple,What I Love About You,フェチップル,Manga,33322,7.43,2018,https://cdn.myanimelist.net/images/manga/3/219848l.jpg
35,"Maou no Ore ga Dorei Elf wo Yome ni Shitanda ga, Dou Medereba Ii?",An Archdemon's Dilemma: How to Love Your Elf Bride,魔王の俺が奴隷エルフを嫁にしたんだが、どう愛でればいい？,Manga,32965,7.59,2018,https://cdn.myanimelist.net/images/manga/2/212195l.jpg
36,Weak Hero,Weak Hero,약한영웅,Manhwa,31827,7.96,2018,https://cdn.myanimelist.net/images/manga/3/232795l.jpg
37,Mijuku na Futari de Gozaimasu ga,We're New at This,未熟なふたりでございますが,Manga,30897,7.52,2018,https://cdn.myanimelist.net/images/manga/2/213271l.jpg
38,Kage no Jitsuryokusha ni Naritakute!,The Eminence in Shadow,陰の実力者になりたくて！,Light Novel,29028,8.48,2018,https://cdn.myanimelist.net/images/manga/1/269801l.jpg
38,Temple,TenPuru: No One Can Live on Loneliness,てんぷる,Manga,29028,7.5,2018,https://cdn.myanimelist.net/images/manga/2/221611l.jpg
40,Tsukiatte Agetemo Ii kana,How Do We Relationship?,付き合ってあげてもいいかな,Manga,28680,8.34,2018,https://cdn.myanimelist.net/images/manga/1/221553l.jpg
41,Leviathan,Leviathan,심해수,Manhwa,28600,8.33,2018,https://cdn.myanimelist.net/images/manga/3/265669l.jpg
42,Ansatsusha de Aru Ore no Status ga Yuusha yori mo Akiraka ni Tsuyoi no da ga,My Status as an Assassin Obviously Exceeds the Hero's,暗殺者である俺のステータスが勇者よりも明らかに強いのだが,Manga,27124,6.86,2018,https://cdn.myanimelist.net/images/manga/2/215176l.jpg
43,Isekai Ojisan,Uncle from Another World,異世界おじさん,Manga,27048,7.88,2018,https://cdn.myanimelist.net/images/manga/3/226205l.jpg
44,Subete no Jinrui wo Hakai suru. Sorera wa Saisei Dekinai.,Destroy All Humans. They Can't Be Regenerated.,すべての人類を破壊する。それらは再生できない。,Manga,26831,7.98,2018,https://cdn.myanimelist.net/images/manga/3/220187l.jpg
45,Real mo Tama ni wa Uso wo Tsuku,Sometimes Even Reality Is a Lie!,現実〈リアル〉もたまには嘘をつく,Manga,26727,7.54,2018,https://cdn.myanimelist.net/images/manga/3/257504l.jpg
46,Kuro no Shoukanshi,Black Summoner,黒の召喚士,Manga,26575,7.12,2018,https://cdn.myanimelist.net/images/manga/2/210357l.jpg
47,Oniichan wa Oshimai!,Onimai: I'm Now Your Sister!,お兄ちゃんはおしまい！,Manga,25274,7.87,2018,https://cdn.myanimelist.net/images/manga/1/216603l.jpg
48,"Maou ni Natta node, Dungeon Tsukutte Jingai Musume to Honobono suru",Now I'm a Demon Lord! Happily Ever After with Monster Girls in My Dungeon,魔王になったので、ダンジョン造って人外娘とほのぼのする,Manga,24630,7.4,2018,https://cdn.myanimelist.net/images/manga/3/215501l.jpg
49,Watashi no Shiawase na Kekkon,My Happy Marriage,わたしの幸せな結婚,Manga,23974,7.99,2018,https://cdn.myanimelist.net/images/manga/2/223940l.jpg
50,Asper Kanojo,That's My Atypical Girl,アスペル・カノジョ,Manga,23706,7.93,2018,https://cdn.myanimelist.net/images/manga/2/216787l.jpg
51,Yondome wa Iya na Shizokusei Majutsushi,The Death Mage,四度目は嫌な死属性魔術師,Manga,22873,7.02,2018,https://cdn.myanimelist.net/images/manga/3/214566l.jpg
52,Tonari no Furi-san ga Tonikaku Kowai.,"No Matter What You Say, Furi-san Is Scary!",となりの布里さんがとにかくコワい。,Manga,22552,7.2,2018,https://cdn.myanimelist.net/images/manga/2/220222l.jpg
53,Fukakai na Boku no Subete wo,Love Me for Who I Am,不可解なぼくのすべてを,Manga,22551,7.92,2018,https://cdn.myanimelist.net/images/manga/3/216480l.jpg
54,The Skeleton Soldier Failed to Defend the Dungeon,The Skeleton Soldier Failed to Defend the Dungeon,해골병사는 던전을 지키지 못했다,Manhwa,22340,7.53,2018,https://cdn.myanimelist.net/images/manga/1/260756l.jpg
55,Kimi ga Shinu made Koi wo Shitai,I Want to Love You Till Your Dying Day,きみが死ぬまで恋をしたい,Manga,22176,8.33,2018,https://cdn.myanimelist.net/images/manga/1/215753l.jpg
56,Citrus+,Citrus+,citrus+,Manga,22035,7.63,2018,https://cdn.myanimelist.net/images/manga/2/244143l.jpg
57,1-nen A-gumi no Monster,"The monster of 1st grade, class A.",1年A組のモンスター,Manga,21862,6.39,2018,https://cdn.myanimelist.net/images/manga/3/210493l.jpg
58,Tensei Kizoku no Isekai Boukenroku: Jichou wo Shiranai Kamigami no Shito,Chronicles of an Aristocrat Reborn in Another World,転生貴族の異世界冒険録～自重を知らない神々の使徒～,Manga,21717,6.98,2018,https://cdn.myanimelist.net/images/manga/3/219500l.jpg
59,Rettougan no Tensei Majutsushi: Shiitagerareta Motoyuusha wa Mirai no Sekai wo Yoyuu de Ikinuku,The Reincarnation Magician of the Inferior Eyes.,劣等眼の転生魔術師 ～虐げられた元勇者は未来の世界を余裕で生き抜く～,Manga,20857,6.23,2018,https://cdn.myanimelist.net/images/manga/1/218540l.jpg
60,Ori no Naka no Soloist,Soloist in a Cage,檻ノ中のソリスト,Manga,20829,7.76,2018,https://cdn.myanimelist.net/images/manga/2/245787l.jpg
61,Osananajimi ni Najimitai,,幼なじみになじみたい,Manga,20533,7.12,2018,https://cdn.myanimelist.net/images/manga/1/210835l.jpg
62,"Sensei, Ore ni Kamawazu Itte Kudasai!!","Don't Mind Me, Sensei! Give Yourself a Hand!",先生、俺にかまわずイッてください!!,Manga,20077,6.7,2018,https://cdn.myanimelist.net/images/manga/2/278377l.jpg
63,True Beauty,True Beauty,여신강림,Manhwa,19831,6.44,2018,https://cdn.myanimelist.net/images/manga/3/246434l.jpg
64,Machigatteita no wa Ore Datta n da.,,間違っていたのは俺だったんだ。,One-shot,19407,7.13,2018,https://cdn.myanimelist.net/images/manga/2/222118l.jpg
65,RaW Hero,RaW Hero,RaW HERO,Manga,19160,6.25,2018,https://cdn.myanimelist.net/images/manga/3/215834l.jpg
66,"Tensei Kenja no Isekai Life: Dai-2 no Shokugyou wo Ete, Sekai Saikyou ni Narimashita",My Isekai Life: I Gained a Second Character Class and Became the Strongest Sage in the World!,転生賢者の異世界ライフ ～第二の職業を得て、世界最強になりました～,Manga,18746,6.68,2018,https://cdn.myanimelist.net/images/manga/3/215163l.jpg
67,Danshi Koukousei wo Yashinaitai Oneesan no Hanashi,She's Adopted a High School Boy!,男子高校生を養いたいお姉さんの話,Manga,18667,6.59,2018,https://cdn.myanimelist.net/images/manga/3/210926l.jpg
68,Akuyaku Reijou nanode Last Boss wo Kattemimashita,"I'm the Villainess, So I'm Taming the Final Boss",悪役令嬢なのでラスボスを飼ってみました,Manga,18652,7.5,2018,https://cdn.myanimelist.net/images/manga/3/220256l.jpg
69,Asadora!,Asadora!,あさドラ!,Manga,18538,7.76,2018,https://cdn.myanimelist.net/images/manga/3/265880l.jpg
70,"Shin no Nakama ja Nai to Yuusha no Party wo Oidasareta node, Henkyou de Slow Life suru Koto ni Shimashita","Banished from the Hero's Party, I Decided to Live a Quiet Life in the Countryside",真の仲間じゃないと勇者のパーティーを追い出されたので、辺境でスローライフすることにしました,Manga,18436,7.15,2018,https://cdn.myanimelist.net/images/manga/2/223659l.jpg
71,Meguro-san wa Hajimete ja Nai,Meguro-san Is Not the First Time xxx,目黒さんは初めてじゃない,Manga,18399,6.78,2018,https://cdn.myanimelist.net/images/manga/2/217790l.jpg
72,Oya ga Urusai node Kouhai (♀) to Gisou Kekkon Shitemita.,I Married My Best Friend to Shut My Parents Up,親がうるさいので後輩(♀)と偽装結婚してみた。,Manga,18346,7.04,2018,https://cdn.myanimelist.net/images/manga/1/212825l.jpg
73,"Maou Gakuin no Futekigousha: Shijou Saikyou no Maou no Shiso, Tensei shite Shison-tachi no Gakkou e Kayou",The Misfit of Demon King Academy: History's Strongest Demon King Reincarnates and Goes to School with His Descendants,魔王学院の不適合者 ～史上最強の魔王の始祖、転生して子孫たちの学校へ通う～,Manga,17841,7.17,2018,https://cdn.myanimelist.net/images/manga/3/216525l.jpg
74,Koisuru Kiseichuu,,恋する寄生虫,Manga,17818,7.61,2018,https://cdn.myanimelist.net/images/manga/2/229078l.jpg
75,Nidome no Yuusha wa Fukushuu no Michi wo Warai Ayumu,The Hero Laughs While Walking the Path of Vengeance a Second Time,二度目の勇者は復讐の道を嗤い歩む,Manga,17728,6.44,2018,https://cdn.myanimelist.net/images/manga/3/211198l.jpg
76,Kaguya-sama wa Kokurasetai: Doujin-ban,,かぐや様は告らせたい 同人版,Manga,17650,7.12,2018,https://cdn.myanimelist.net/images/manga/2/215758l.jpg
77,Saotome Shimai wa Manga no Tame nara!?,,早乙女姉妹は漫画のためなら!?,Manga,17530,6.61,2018,https://cdn.myanimelist.net/images/manga/1/212665l.jpg
78,"Around 30 dakedo, Hatsukoi desu.",I'm around thirty and finally in love.,アラサーだけど、初恋です。,Manga,17482,7.39,2018,https://cdn.myanimelist.net/images/manga/3/219872l.jpg
79,"Sokushi Cheat ga Saikyou sugite, Isekai no Yatsura ga Marude Aite ni Naranai n desu ga. ΑΩ","My Instant Death Ability Is So Overpowered, No One in This Other World Stands a Chance Against Me! —AΩ—",即死チートが最強すぎて、異世界のやつらがまるで相手にならないんですが。－AΩ－,Manga,17187,6.8,2018,https://cdn.myanimelist.net/images/manga/3/216485l.jpg
80,Isekai Shoukan wa Nidome desu,Summoned to Another World... Again?!,異世界召喚は二度目です,Manga,17068,6.04,2018,https://cdn.myanimelist.net/images/manga/3/219825l.jpg
81,Kakeochi Girl,"Run Away with Me, Girl",かけおちガール,Manga,17026,8.02,2018,https://cdn.myanimelist.net/images/manga/2/266111l.jpg
82,Jishou Akuyaku Reijou na Konyakusha no Kansatsu Kiroku.,An Observation Log of My Fiancée Who Calls Herself a Villainess,自称悪役令嬢な婚約者の観察記録。,Manga,16994,7.83,2018,https://cdn.myanimelist.net/images/manga/3/219509l.jpg
83,Your Letter,Your Letter,연의 편지,Manhwa,16426,8.15,2018,https://cdn.myanimelist.net/images/manga/2/222246l.jpg
84,19 Tian,,19天,Manhua,16315,8.56,2018,https://cdn.myanimelist.net/images/manga/3/258684l.jpg
85,"Yuusha Shoukan ni Makikomareta kedo, Isekai wa Heiwa deshita","I Got Caught Up In a Hero Summons, but the Other World was at Peace!",勇者召喚に巻き込まれたけど、異世界は平和でした,Manga,16239,7.63,2018,https://cdn.myanimelist.net/images/manga/2/237032l.jpg
86,Sanpakugan-chan wa Tsutaetai.,The Girl with the Sanpaku Eyes,三白眼ちゃんは伝えたい。,Manga,16196,7.1,2018,https://cdn.myanimelist.net/images/manga/2/213015l.jpg
87,Otome Kaijuu Caraméliser,Kaiju Girl Caramelise,乙女怪獣キャラメリゼ,Manga,16152,7.59,2018,https://cdn.myanimelist.net/images/manga/3/211606l.jpg
88,Arakure Ojousama wa Monmon Shiteiru,,あらくれお嬢様はもんもんしている,Manga,16147,7.13,2018,https://cdn.myanimelist.net/images/manga/3/221681l.jpg
89,"S-Rank Monster no ""Behemoth"" dakedo, Neko to Machigawarete Elf Musume no Pet toshite Kurashitemasu","I'm a Behemoth, an S-Ranked Monster, but Mistaken for a Cat, I Live as an Elf Girl's Pet",Sランクモンスターの《ベヒーモス》だけど、猫と間違われてエルフ娘の騎士〈ペット〉として暮らしてます,Manga,16080,6.34,2018,https://cdn.myanimelist.net/images/manga/2/212979l.jpg
90,Yuusha Goikkou no Kaerimichi,,勇者ご一行の帰り道,One-shot,15817,7.89,2018,https://cdn.myanimelist.net/images/manga/1/224032l.jpg
91,Kuchi ga Saketemo Kimi ni wa,,口が裂けても君には,Manga,15808,7.34,2018,https://cdn.myanimelist.net/images/manga/3/232181l.jpg
92,Maou-sama no Machizukuri! Saikyou no Dungeon wa Kindai Toshi,Dungeon Builder: The Demon King's Labyrinth is a Modern City!,魔王様の街づくり！～最強のダンジョンは近代都市～,Manga,15621,6.56,2018,https://cdn.myanimelist.net/images/manga/3/215172l.jpg
93,Gannibal,Gannibal,ガンニバル,Manga,15406,7.68,2018,https://cdn.myanimelist.net/images/manga/1/216400l.jpg
94,"Sentouin, Haken shimasu!",Combatants Will Be Dispatched!,戦闘員、派遣します!,Manga,15387,7.37,2018,https://cdn.myanimelist.net/images/manga/2/270153l.jpg
95,Ore dake Haireru Kakushi Dungeon: Kossori Kitaete Sekai Saikyou,The Hidden Dungeon Only I Can Enter,俺だけ入れる隠しダンジョン ～こっそり鍛えて世界最強～,Manga,15195,6.25,2018,https://cdn.myanimelist.net/images/manga/2/217399l.jpg
96,Gomashio to Pudding,Black Sesame Salt and Custard Pudding,ゴマ塩とぷりん,Manga,14955,7.84,2018,https://cdn.myanimelist.net/images/manga/3/238374l.jpg
97,Himeno-chan ni Koi wa Mada Hayai,Love is Still Too Early for Himeno-chan,姫乃ちゃんに恋はまだ早い,Manga,14883,7.05,2018,https://cdn.myanimelist.net/images/manga/2/215993l.jpg
98,Nihon e Youkoso Elf-san.,"Welcome to Japan, Ms. Elf!",日本へようこそエルフさん。,Manga,14862,7.42,2018,https://cdn.myanimelist.net/images/manga/1/219415l.jpg
99,Saeki-san wa Nemutteru,Dignified asleep Saeki,佐伯さんは眠ってる,Manga,14735,7.03,2018,https://cdn.myanimelist.net/images/manga/2/217795l.jpg
100,A Business Proposal,A Business Proposal,사내 맞선,Manhwa,14652,7.93,2018,https://cdn.myanimelist.net/images/manga/1/242318l.jpg
101,Kyuujitsu no Warumono-san,Mr. Villain's Day Off,休日のわるものさん,Manga,14639,7.73,2018,https://cdn.myanimelist.net/images/manga/2/219160l.jpg
102,Sayonara Rose Garden,"Goodbye, My Rose Garden",さよならローズガーデン,Manga,14367,7.97,2018,https://cdn.myanimelist.net/images/manga/2/225361l.jpg
103,Dekisokonai no Himegimi-tachi,Failed Princesses,できそこないの姫君たち,Manga,14290,7.56,2018,https://cdn.myanimelist.net/images/manga/3/217480l.jpg
104,Kimi no Okaasan wo Boku ni Kudasai!,I Want Your Mother to Be with Me!,君のお母さんを僕に下さい！,Manga,14111,7.66,2018,https://cdn.myanimelist.net/images/manga/2/226254l.jpg
105,Boukensha ni Naritai to Miyako ni Deteitta Musume ga S-Rank ni Natteta,My Daughter Left the Nest and Returned an S-Rank Adventurer,冒険者になりたいと都に出て行った娘がSランクになってた,Manga,13989,7.4,2018,https://cdn.myanimelist.net/images/manga/3/212617l.jpg
106,Hige wo Soru. Soshite Joshikousei wo Hirou.,"Higehiro: After Being Rejected, I Shaved and Took in a High School Runaway",ひげを剃る。そして女子高生を拾う。,Light Novel,13914,7.69,2018,https://cdn.myanimelist.net/images/manga/3/213577l.jpg
107,Baki-dou,,バキ道,Manga,13812,7.28,2018,https://cdn.myanimelist.net/images/manga/1/219874l.jpg
108,No Home,,집이 없어,Manhwa,13811,8.82,2018,https://cdn.myanimelist.net/images/manga/3/264873l.jpg
109,"Yuusha, Yamemasu",I'm Quitting Heroing,勇者、辞めます,Manga,13718,6.78,2018,https://cdn.myanimelist.net/images/manga/2/212662l.jpg
110,Isekai de Tochi wo Katte Noujou wo Tsukurou,Let's Buy the Land and Cultivate It in a Different World,異世界で土地を買って農場を作ろう,Manga,13568,6.75,2018,https://cdn.myanimelist.net/images/manga/1/228354l.jpg
111,Naze Boku no Sekai wo Daremo Oboeteinai no ka?,Why Does Nobody Remember Me in This World?,なぜ僕の世界を誰も覚えていないのか?,Manga,13530,7.03,2018,https://cdn.myanimelist.net/images/manga/2/210734l.jpg
112,Saikyou no Shuzoku ga Ningen Datta Ken,,最強の種族が人間だった件,Manga,13423,6.16,2018,https://cdn.myanimelist.net/images/manga/3/217484l.jpg
113,Heavenly Demon Reborn!,Heavenly Demon Reborn!,신마경천기,Manhwa,13362,7.61,2018,https://cdn.myanimelist.net/images/manga/1/262817l.jpg
114,Orient,Orient,オリエント,Manga,13320,6.68,2018,https://cdn.myanimelist.net/images/manga/1/210790l.jpg
115,Ojou to Banken-kun,A Girl & Her Guard Dog,お嬢と番犬くん,Manga,13200,6.76,2018,https://cdn.myanimelist.net/images/manga/3/221767l.jpg
116,Kuma Kuma Kuma Bear,Kuma Kuma Kuma Bear,くま クマ 熊 ベアー,Manga,13113,7.43,2018,https://cdn.myanimelist.net/images/manga/3/210419l.jpg
117,"Chichi wa Eiyuu, Haha wa Seirei, Musume no Watashi wa Tenseisha.",Reincarnated as the Daughter of the Legendary Hero and the Queen of Spirits,父は英雄、母は精霊、娘の私は転生者。,Manga,13069,7.01,2018,https://cdn.myanimelist.net/images/manga/3/221517l.jpg
118,"Moto Sekai 1-i no Sub-Chara Ikusei Nikki: Hai Player, Isekai wo Kouryakuchuu!",The Former Top 1's Sub-Character Training Diary: A Dedicated Player is Currently Conquering Another World!,元・世界１位のサブキャラ育成日記 ～廃プレイヤー、異世界を攻略中!～,Manga,13062,6.74,2018,https://cdn.myanimelist.net/images/manga/1/224430l.jpg
119,Game of Familia: Kazoku Senki,Game of Familia,ゲーム オブ ファミリア-家族戦記-,Manga,13040,7.01,2018,https://cdn.myanimelist.net/images/manga/2/218270l.jpg
120,This Villainess Wants a Divorce!,This Villainess Wants a Divorce!,양판소 주인공의 아내로 살아남기,Manhwa,12961,7.38,2018,https://cdn.myanimelist.net/images/manga/3/253645l.jpg
121,Kinsou no Vermeil: Gakeppuchi Majutsushi wa Saikyou no Yakusai to Mahou Sekai wo Tsukisusumu,Vermeil in Gold: The Failing Student and the Strongest Scourge Plunge Into the World of Magic,金装のヴェルメイユ ～崖っぷち魔術師は最強の厄災と魔法世界を突き進む～,Manga,12828,7.12,2018,https://cdn.myanimelist.net/images/manga/1/226379l.jpg
122,Mushoku no Eiyuu: Betsu ni Skill Nanka Iranakatta n da ga - Sainou Zero no Nariagari,Hero without a Class: Who Even Needs Skills?!,無職の英雄 別にスキルなんか要らなかったんだが -才能ゼロの成り上がり-,Manga,12802,6.47,2018,https://cdn.myanimelist.net/images/manga/1/224089l.jpg
123,Maou no Musume wa Yasashisugiru!!,The Daughter of the Demon Lord Is Too Kind!!,魔王の娘は優しすぎる!!,Manga,12772,7.89,2018,https://cdn.myanimelist.net/images/manga/2/225168l.jpg
124,Jimi na Kensei wa Soredemo Saikyou desu,,地味な剣聖はそれでも最強です,Manga,12496,6.38,2018,https://cdn.myanimelist.net/images/manga/1/217662l.jpg
125,Desuraba,Destiny Lovers,デスラバ,Manga,12354,5.74,2018,https://cdn.myanimelist.net/images/manga/2/215918l.jpg
126,Namae no Nai Kaibutsu: Kumo to Shoujo to Ryouki Satsujin,,名前のない怪物 蜘蛛と少女と猟奇殺人,Manga,12337,6.82,2018,https://cdn.myanimelist.net/images/manga/3/228510l.jpg
127,Kao ni Denai Kashiwada-san to Kao ni Deru Oota-kun,Inexpressive Kashiwada and Expressive Oota,顔に出ない柏田さんと顔に出る太田君,Manga,12322,7.16,2018,https://cdn.myanimelist.net/images/manga/1/221271l.jpg
128,Ore no Ie ga Maryoku Spot Datta Ken: Sundeiru dake de Sekai Saikyou,,俺の家が魔力スポットだった件 ～住んでいるだけで世界最強～,Manga,12130,6.27,2018,https://cdn.myanimelist.net/images/manga/3/220753l.jpg
129,Shokugeki no Sanji,One Piece: Shokugeki no Sanji,食戟のサンジ,Manga,12114,7.13,2018,https://cdn.myanimelist.net/images/manga/3/265963l.jpg
130,30-sai made Doutei dato Mahoutsukai ni Nareru Rashii,Cherry Magic! Thirty Years of Virginity Can Make You a Wizard?!,30歳まで童貞だと魔法使いになれるらしい,Manga,12030,8.12,2018,https://cdn.myanimelist.net/images/manga/2/220978l.jpg
131,Hataraku Saibou Black,Cells at Work! CODE BLACK,はたらく細胞BLACK,Manga,11926,7.63,2018,https://cdn.myanimelist.net/images/manga/2/211410l.jpg
132,Miageru to Kimi wa,Looking Up You,見上げると君は,Manga,11914,7.2,2018,https://cdn.myanimelist.net/images/manga/2/219457l.jpg
133,Ingoshima,,インゴシマ,Manga,11681,5.39,2018,https://cdn.myanimelist.net/images/manga/1/219884l.jpg
134,Still Sick,Still Sick,Still Sick,Manga,11649,7.67,2018,https://cdn.myanimelist.net/images/manga/3/217424l.jpg
135,Zense Coupling,,前世カップリング,Manga,11536,8.01,2018,https://cdn.myanimelist.net/images/manga/1/233278l.jpg
136,Otome Game Sekai wa Mob ni Kibishii Sekai desu,Trapped in a Dating Sim: The World of Otome Games is Tough for Mobs,乙女ゲー世界はモブに厳しい世界です,Light Novel,11498,7.92,2018,https://cdn.myanimelist.net/images/manga/3/233906l.jpg
137,Sono Mono. Nochi ni...: Kigatsuitara S-kyuu Saikyou!? Yuusha Wazu no Daibouken,The One. Later On...,その者。のちに… ～気がついたらS級最強!? 勇者ワズの大冒険～,Manga,11462,6.97,2018,https://cdn.myanimelist.net/images/manga/3/221206l.jpg
138,Tou no Kanri wo Shitemiyou,,塔の管理をしてみよう,Manga,11411,7.12,2018,https://cdn.myanimelist.net/images/manga/1/221246l.jpg
139,Ashigei Shoujo Komura-san,,足芸少女こむらさん,Manga,11245,6.41,2018,https://cdn.myanimelist.net/images/manga/1/277375l.jpg
140,Kaguya-sama wo Kataritai,,かぐや様を語りたい,Manga,11210,7.36,2018,https://cdn.myanimelist.net/images/manga/1/287702l.jpg
141,Sensor,Sensor,センサー,Manga,11157,6.84,2018,https://cdn.myanimelist.net/images/manga/1/224108l.jpg
142,blanc,Classmates: blanc,blanc,Manga,11005,8.46,2018,https://cdn.myanimelist.net/images/manga/2/239600l.jpg
143,Adamas no Majo-tachi,The Witches of Adamas,アダマスの魔女たち,Manga,10917,5.97,2018,https://cdn.myanimelist.net/images/manga/1/217355l.jpg
144,Ano Hito no I ni wa Boku ga Tarinai,Sachi's Monstrous Appetite,あの人の胃には僕が足りない,Manga,10856,7.09,2018,https://cdn.myanimelist.net/images/manga/1/216043l.jpg
145,Goblin Slayer: Brand New Day,Goblin Slayer: Brand New Day,ゴブリンスレイヤー：ブランニュー・デイ,Manga,10826,7.34,2018,https://cdn.myanimelist.net/images/manga/1/215402l.jpg
146,Kimi to Natsu no Naka,The Summer with You,君と夏のなか,Manga,10786,7.92,2018,https://cdn.myanimelist.net/images/manga/3/224575l.jpg
147,Nande Ikiteru ka Wakaranai Hito Izumi Sumi 25-sai,She doesn't know why she lives.,なんで生きてるかわからない人 和泉澄25歳,Manga,10734,7.63,2018,https://cdn.myanimelist.net/images/manga/3/215769l.jpg
148,Reigen: Reikyuuchi Max 131 no Otoko,Mob Psycho 100: Reigen,REIGEN ～霊級値MAX131の男～,Manga,10719,7.87,2018,https://cdn.myanimelist.net/images/manga/2/215968l.jpg
149,Kujibiki Tokushou: Musou Harem-ken,Grand Prize: Unrivalled Harem Ticket,くじ引き特賞:無双ハーレム権,Manga,10612,6.27,2018,https://cdn.myanimelist.net/images/manga/2/221247l.jpg
150,Rental Oniichan,,レンタルおにいちゃん,Manga,10586,7.56,2018,https://cdn.myanimelist.net/images/manga/2/211528l.jpg
151,"Boukensha License wo Hakudatsu sareta Ossan dakedo, Manamusume ga Dekita node Nonbiri Jinsei wo Ouka suru","I Lost My Adventurer's License, but It's Fine Because I Have an Adorable Daughter Now",冒険者ライセンスを剥奪されたおっさんだけど、愛娘ができたのでのんびり人生を謳歌する,Manga,10580,7.05,2018,https://cdn.myanimelist.net/images/manga/3/219504l.jpg
152,Furyou Taimashi Reina,Bad Girl-Exorcist Reina,不良退魔師レイナ,Manga,10531,7.44,2018,https://cdn.myanimelist.net/images/manga/3/229161l.jpg
153,Lust Geass,Lust Geass,ラストギアス,Manga,10404,5.44,2018,https://cdn.myanimelist.net/images/manga/2/213306l.jpg
154,"Benriya Saitou-san, Isekai ni Iku",Handyman Saitou in Another World,便利屋斎藤さん、異世界に行く,Manga,10386,6.94,2018,https://cdn.myanimelist.net/images/manga/3/219875l.jpg
155,Batuque,,バトゥーキ,Manga,10346,7.46,2018,https://cdn.myanimelist.net/images/manga/1/275349l.jpg
156,Shuumatsu no Harem: Fantasia,World's End Harem: Fantasia,終末のハーレム ファンタジア,Manga,10337,6.61,2018,https://cdn.myanimelist.net/images/manga/1/213178l.jpg
157,School Zone,School Zone Girls,スクールゾーン,Manga,10327,7.84,2018,https://cdn.myanimelist.net/images/manga/3/228686l.jpg
158,Kumichou Musume to Sewagakari,The Yakuza's Guide to Babysitting,組長娘と世話係,Manga,10297,7.72,2018,https://cdn.myanimelist.net/images/manga/3/224470l.jpg
159,Urasekai Picnic,Otherside Picnic,裏世界ピクニック,Manga,10267,7.88,2018,https://cdn.myanimelist.net/images/manga/2/211279l.jpg
160,Cheat Kusushi no Slow Life: Isekai ni Tsukurou Drugstore,Drugstore in Another World: The Slow Life of a Cheat Pharmacist,チート薬師のスローライフ～異世界に作ろうドラッグストア～,Manga,10259,6.53,2018,https://cdn.myanimelist.net/images/manga/3/219638l.jpg
161,Honnou Switch,Changes of Heart,ホンノウスイッチ,Manga,10243,7.43,2018,https://cdn.myanimelist.net/images/manga/3/234734l.jpg
162,"Isekai de Kojiin wo Hiraita kedo, Naze ka Darehitori Sudatou to Shinai Ken",,異世界で孤児院を開いたけど、なぜか誰一人巣立とうとしない件,Manga,10196,6.08,2018,https://cdn.myanimelist.net/images/manga/1/215384l.jpg
163,Romance 101,Romance 101,바른연애 길잡이,Manhwa,10185,8.21,2018,https://cdn.myanimelist.net/images/manga/3/238367l.jpg
164,Karasugaoka Don't Be Shy!!,Crow Hill: Don't Be Shy!!,烏ヶ丘Don't be shy!!,Manga,10157,7.81,2018,https://cdn.myanimelist.net/images/manga/2/220884l.jpg
165,Ride-On King,The Ride-On King,ライドンキング,Manga,10131,7.38,2018,https://cdn.myanimelist.net/images/manga/3/215445l.jpg
166,Zettai BL ni Naru Sekai vs Zettai BL ni Naritakunai Otoko,A Man Who Defies the World of BL,絶対BLになる世界VS絶対BLになりたくない男,Manga,10101,7.72,2018,https://cdn.myanimelist.net/images/manga/3/227950l.jpg
167,Sekai Saikyou no Kouei: Meikyuukoku no Shinjin Tansakusha,The World's Strongest Rearguard: Labyrinth Country's Novice Seeker,世界最強の後衛 ～迷宮国の新人探索者～,Manga,10097,6.81,2018,https://cdn.myanimelist.net/images/manga/1/211960l.jpg
168,Gal☆Cleaning!,,ギャル☆クリ！,Manga,9907,4.18,2018,https://cdn.myanimelist.net/images/manga/1/210487l.jpg
169,Touge Oni,Touge Oni: Primal Gods in Ancient Times,峠鬼,Manga,9877,7.85,2018,https://cdn.myanimelist.net/images/manga/3/226124l.jpg
170,Yagate Kimi ni Naru: Saeki Sayaka ni Tsuite,Bloom into You: Regarding Saeki Sayaka,やがて君になる 佐伯沙弥香について,Light Novel,9821,8.5,2018,https://cdn.myanimelist.net/images/manga/3/222780l.jpg
171,"Sekkaku Cheat wo Moratte Isekai ni Teni shita n dakara, Suki na You ni Ikitemitai the Comic",Might as Well Cheat: I Got Transported to Another World Where I Can Live My Wildest Dreams!,せっかくチートを貰って異世界に転移したんだから、好きなように生きてみたい THE COMIC,Manga,9815,5.98,2018,https://cdn.myanimelist.net/images/manga/1/215412l.jpg
172,Watashi no Kobushi wo Uketomete!,Catch These Hands!,私の拳をうけとめて!,Manga,9753,7.22,2018,https://cdn.myanimelist.net/images/manga/2/220966l.jpg
173,"Tsuma, Shougakusei ni Naru.",If My Wife Became an Elementary School Student.,妻、小学生になる。,Manga,9749,7.67,2018,https://cdn.myanimelist.net/images/manga/1/221433l.jpg
174,Fushigi Neko no Kyuu-chan,Wonder Cat Kyuu-chan,ふしぎねこのきゅーちゃん,Manga,9747,8.16,2018,https://cdn.myanimelist.net/images/manga/3/220129l.jpg
175,Kirai de Isasete,"Hate Me, but Let Me Stay",嫌いでいさせて,Manga,9731,7.98,2018,https://cdn.myanimelist.net/images/manga/3/223115l.jpg
176,Houkago Shounen Hanako-kun,After-School Hanako-kun,放課後少年花子くん,Manga,9656,8.06,2018,https://cdn.myanimelist.net/images/manga/3/222371l.jpg
177,Jijou wo Shiranai Tenkousei ga Guigui Kuru.,My Clueless First Friend,事情を知らない転校生がグイグイくる。,Manga,9553,7.64,2018,https://cdn.myanimelist.net/images/manga/1/222916l.jpg
178,Love Is an Illusion!,Love Is an Illusion!,사랑은 환상!,Manhwa,9541,6.76,2018,https://cdn.myanimelist.net/images/manga/3/259358l.jpg
179,86,86: Eighty-Six,86―エイティシックス―,Manga,9512,7.72,2018,https://cdn.myanimelist.net/images/manga/3/212358l.jpg
180,Kono Yuusha ga Ore Tueee Kuse ni Shinchou sugiru,The Hero Is Overpowered but Overly Cautious,この勇者が俺TUEEEくせに慎重すぎる,Manga,9491,7.15,2018,https://cdn.myanimelist.net/images/manga/2/221749l.jpg
181,Bokutachi no Remake,Remake our Life!,ぼくたちのリメイク,Manga,9301,7.03,2018,https://cdn.myanimelist.net/images/manga/1/217361l.jpg
182,Genderless Danshi ni Aisareteimasu.,My Androgynous Boyfriend,ジェンダーレス男子に愛されています。,Manga,9284,7.19,2018,https://cdn.myanimelist.net/images/manga/3/238533l.jpg
183,Under Ninja,Under Ninja,アンダーニンジャ,Manga,9154,7.17,2018,https://cdn.myanimelist.net/images/manga/3/220916l.jpg
184,Promise Cinderella,Promise Cinderella,プロミス・シンデレラ,Manga,9118,7.53,2018,https://cdn.myanimelist.net/images/manga/2/225490l.jpg
185,"Kimi to Boku no Saigo no Senjou, Aruiwa Sekai ga Hajimaru Seisen",Our Last Crusade or the Rise of a New World,キミと僕の最後の戦場、あるいは世界が始まる聖戦,Manga,9014,6.86,2018,https://cdn.myanimelist.net/images/manga/1/223262l.jpg
186,Kimi ni wa Todokanai.,I Cannot Reach You,君には届かない。,Manga,8979,7.89,2018,https://cdn.myanimelist.net/images/manga/2/226356l.jpg
187,"Moto Saikyou no Kenshi wa, Isekai Mahou ni Akogareru the Comic",,元最強の剣士は、異世界魔法に憧れる THE COMIC,Manga,8919,6.1,2018,https://cdn.myanimelist.net/images/manga/3/215157l.jpg
188,Bungou Stray Dogs: Dead Apple,Bungo Stray Dogs: Dead Apple,文豪ストレイドッグス DEAD APPLE,Manga,8900,8.14,2018,https://cdn.myanimelist.net/images/manga/1/208101l.jpg
189,Itai no wa Iya nanode Bougyoryoku ni Kyokufuri Shitai to Omoimasu.,"Bofuri: I Don't Want to Get Hurt, so I'll Max Out My Defense.",痛いのは嫌なので防御力に極振りしたいと思います。,Manga,8858,7.15,2018,https://cdn.myanimelist.net/images/manga/1/217780l.jpg
190,The Makeup Remover,The Makeup Remover,화장 지워주는 남자,Manhwa,8721,7.68,2018,https://cdn.myanimelist.net/images/manga/3/228132l.jpg
191,Kimi wa Tsukiyo ni Hikarikagayaku,,君は月夜に光り輝く,Manga,8682,7.86,2018,https://cdn.myanimelist.net/images/manga/3/260058l.jpg
192,Nora to Zassou,,ノラと雑草,Manga,8510,7.86,2018,https://cdn.myanimelist.net/images/manga/3/213119l.jpg
193,Isekai Yururi Kikou: Kosodate shinagara Boukensha shimasu,A Journey Through Another World: Raising Kids While Adventuring,異世界ゆるり紀行 ～子育てしながら冒険者します～,Manga,8450,6.8,2018,https://cdn.myanimelist.net/images/manga/1/224398l.jpg
194,Ryoumin 0-nin Start no Henkyou Ryoushu-sama: Ao no Dias to Soukaku no Otome,The Frontier Lord Begins with Zero Subjects: Tales of Blue Dias and the Onikin Alna,領民0人スタートの辺境領主様～青のディアスと蒼角の乙女～,Manga,8416,7.08,2018,https://cdn.myanimelist.net/images/manga/1/225192l.jpg
195,"Seibetsu ""Mona Lisa"" no Kimi e.",Just Like Mona Lisa,性別「モナリザ」の君へ。,Manga,8368,7.36,2018,https://cdn.myanimelist.net/images/manga/3/213427l.jpg
196,Koushin Koinu ni Koibumi wo,,行進子犬に恋文を,Manga,8292,7.58,2018,https://cdn.myanimelist.net/images/manga/2/210500l.jpg
197,Sekai de Tada Hitori no Mamonotsukai: Tenshoku shitara Maou ni Machigawaremashita,I'm the Only Monster Tamer in the World and Was Mistaken for the Demon Lord,世界でただ一人の魔物使い ～転職したら魔王に間違われました～,Manga,8283,6.59,2018,https://cdn.myanimelist.net/images/manga/3/225926l.jpg
198,Gacha wo Mawashite Nakama wo Fuyasu: Saikyou no Bishoujo Gundan wo Tsukuriagero the Comic,Gacha Girls Corps,ガチャを回して仲間を増やす 最強の美少女軍団を作り上げろ THE COMIC,Manga,8245,6.5,2018,https://cdn.myanimelist.net/images/manga/2/215409l.jpg
198,Majo no Tabitabi,Wandering Witch: The Journey of Elaina,魔女の旅々,Manga,8245,7.82,2018,https://cdn.myanimelist.net/images/manga/1/217437l.jpg
200,Hitman,,ヒットマン,Manga,8238,7.07,2018,https://cdn.myanimelist.net/images/manga/3/212327l.jpg
201,Heion Sedai no Idaten-tachi,The Idaten Deities Know Only Peace,平穏世代の韋駄天達,Manga,8206,7.08,2018,https://cdn.myanimelist.net/images/manga/3/223864l.jpg
202,Level 1 dakedo Unique Skill de Saikyou desu,My Unique Skill Makes Me OP Even at Level 1,レベル1だけどユニークスキルで最強です,Manga,8166,6.23,2018,https://cdn.myanimelist.net/images/manga/3/225918l.jpg
203,Honzuki no Gekokujou: Shisho ni Naru Tame ni wa Shudan wo Erandeiraremasen Dai 2-bu - Hon no Tame nara Miko ni Naru!,Ascendance of a Bookworm: I'll Do Anything to Become a Librarian! Part 2 - I'll Even Join the Temple to Read Books!,本好きの下剋上～司書になるためには手段を選んでいられません～第二部 本のためなら巫女になる!,Manga,8160,7.93,2018,https://cdn.myanimelist.net/images/manga/1/227224l.jpg
203,Ijimeru Yabai Yatsu,,いじめるヤバイ奴,Manga,8160,6.33,2018,https://cdn.myanimelist.net/images/manga/1/224536l.jpg
205,Devil Number 4,Devil Number 4,악마와 계약연애,Manhwa,8076,7.6,2018,https://cdn.myanimelist.net/images/manga/2/233763l.jpg
206,"Buta Koushaku ni Tensei shita kara, Kondo wa Kimi ni Suki to Iitai",Piggy Duke Want to Say Love to You,豚公爵に転生したから、今度は君に好きと言いたい,Manga,8000,6.64,2018,https://cdn.myanimelist.net/images/manga/1/211957l.jpg
207,Dungeon-gurashi no Motoyuusha the Comic,A Former Brave Resident in the Dungeon,ダンジョン暮らしの元勇者 THE COMIC,Manga,7977,6.06,2018,https://cdn.myanimelist.net/images/manga/3/234000l.jpg
208,"""Omae Gotoki ga Maou ni Kateru to Omouna"" to Yuusha Party wo Tsuihou sareta node, Outo de Kimama ni Kurashitai the Comic",Roll Over and Die: I Will Fight for an Ordinary Life with My Love and Cursed Sword!,「お前ごときが魔王に勝てると思うな」と勇者パーティを追放されたので、王都で気ままに暮らしたい THE COMIC,Manga,7941,7.03,2018,https://cdn.myanimelist.net/images/manga/1/226495l.jpg
209,Kunoichi Tsubaki no Mune no Uchi,,くノ一ツバキの胸の内,Manga,7926,7.06,2018,https://cdn.myanimelist.net/images/manga/3/210385l.jpg
210,"Akuyaku Reijou wa, Shomin ni Totsugitai!!",,悪役令嬢は、庶民に嫁ぎたい!!,Manga,7819,6.89,2018,https://cdn.myanimelist.net/images/manga/2/217288l.jpg
211,Jishou F-Rank no Oniisama ga Game de Hyouka sareru Gakuen no Chouten ni Kunrin suru Sou desu yo?,"Dear Self-styled F rank bro' says, he's gonna rule a game-oriented school.",自称Fランクのお兄さまがゲームで評価される学園の頂点に君臨するそうですよ？,Manga,7816,6.27,2018,https://cdn.myanimelist.net/images/manga/3/215073l.jpg
212,Miniamaru Kareshi,,みにあまる彼氏,Manga,7744,7.21,2018,https://cdn.myanimelist.net/images/manga/3/219926l.jpg
213,Tasogare Out Focus,Twilight Out of Focus,黄昏アウトフォーカス,Manga,7701,7.66,2018,https://cdn.myanimelist.net/images/manga/2/222217l.jpg
214,Tensei Ouji wa Daraketai,The Reborn Prince Wants to Be Lazy,転生王子はダラけたい,Manga,7700,6.64,2018,https://cdn.myanimelist.net/images/manga/1/215282l.jpg
215,Zettai ni Hatarakitakunai Dungeon Master ga Damin wo Musaboru made,Lazy Dungeon Master,絶対に働きたくないダンジョンマスターが惰眠をむさぼるまで,Manga,7690,6.51,2018,https://cdn.myanimelist.net/images/manga/1/217470l.jpg
216,Blue Hearts,,ブルーハーツ,Manga,7675,7.48,2018,https://cdn.myanimelist.net/images/manga/2/221666l.jpg
217,Taimashi to Akuma-chan,,退魔師と悪魔ちゃん,Manga,7645,7.36,2018,https://cdn.myanimelist.net/images/manga/1/254480l.jpg
218,"Asobinin wa Kenja ni Tenshoku Dekiru tte Shittemashita? Yuusha Party wo Tsuihou sareta Lv99 Doukeshi, ""Daikenja"" ni Naru",,遊び人は賢者に転職できるって知ってました？～勇者パーティを追放されたLv99道化師、【大賢者】になる～,Manga,7631,5.98,2018,https://cdn.myanimelist.net/images/manga/3/219460l.jpg
219,Majo-senpai Nippou,Daily Report About My Witch Senpai,魔女先輩日報,Manga,7608,7.55,2018,https://cdn.myanimelist.net/images/manga/2/239879l.jpg
220,Tama no Gohoubi,,たまのごほうび,Manga,7593,7.31,2018,https://cdn.myanimelist.net/images/manga/1/244157l.jpg
221,Kuro no Maou,,黒の魔王,Manga,7557,6.48,2018,https://cdn.myanimelist.net/images/manga/1/216127l.jpg
222,Yoru ni Naru to Boku wa,At night I move,夜になると僕は,Manga,7473,6.98,2018,https://cdn.myanimelist.net/images/manga/3/212693l.jpg
223,Kondo wa Zettai ni Jama Shimasen!,I Swear I Won't Bother You Again!,今度は絶対に邪魔しませんっ！,Manga,7466,7.06,2018,https://cdn.myanimelist.net/images/manga/3/219176l.jpg
224,Heterogenia Linguistic: Ishuzoku Gengogaku Nyuumon,Heterogenia Linguistico,ヘテロゲニア リンギスティコ ～異種族言語学入門～,Manga,7451,7.61,2018,https://cdn.myanimelist.net/images/manga/2/217290l.jpg
225,Heroine Hajimemashita.,Heroine for Hire,ヒロインはじめました。,Manga,7442,7.31,2018,https://cdn.myanimelist.net/images/manga/1/217708l.jpg
226,Tensura Nikki: Tensei shitara Slime Datta Ken,The Slime Diaries: That Time I Got Reincarnated as a Slime,転スラ日記 転生したらスライムだった件,Manga,7390,7.76,2018,https://cdn.myanimelist.net/images/manga/1/220263l.jpg
227,Hokuou Kizoku to Moukinzuma no Yukiguni Karigurashi,A Nordic Noble and His Eagle Wife's Hunting Life in a Snowy Land,北欧貴族と猛禽妻の雪国狩り暮らし,Manga,7310,7.94,2018,https://cdn.myanimelist.net/images/manga/2/225853l.jpg
228,Kimi wa 008,You Are Double-O Eight,君は008,Manga,7293,6.63,2018,https://cdn.myanimelist.net/images/manga/2/209958l.jpg
229,Hayama-sensei to Terano-sensei wa Tsukiatteiru,Our Teachers are Dating!,羽山先生と寺野先生は付き合っている,Manga,7239,7.37,2018,https://cdn.myanimelist.net/images/manga/3/216473l.jpg
230,"VR Eroge Yattetara Isekai ni Tensei shita node, Bishoujo Maou wo Dorei-ka suru: Cloth Out Saber",,VRエロゲーやってたら異世界に転生したので、美少女魔王を奴隷化する ～クロスアウト・セイバー～,Manga,7173,6.27,2018,https://cdn.myanimelist.net/images/manga/3/240192l.jpg
231,Change the World: Kyou kara Satsujinki,Change the World: Bloodthirsty Killer from Today,チェンジザワールド―今日から殺人鬼―,Manga,7172,7.08,2018,https://cdn.myanimelist.net/images/manga/2/219770l.jpg
232,Kanojo ni Naritai Kimi to Boku,I Wanna Be Your Girl,カノジョになりたい君と僕,Manga,7122,7.45,2018,https://cdn.myanimelist.net/images/manga/1/217782l.jpg
233,Saikyou Juzoku Tensei: Majutsu Otaku no Risoukyou,,最強呪族転生～魔術オタクの理想郷～,Manga,7120,6.2,2018,https://cdn.myanimelist.net/images/manga/1/213474l.jpg
234,Yagate Kimi ni Naru: Koushiki Comic Anthology,Bloom into You Anthology,やがて君になる 公式コミックアンソロジー,Manga,7055,7.49,2018,https://cdn.myanimelist.net/images/manga/2/222782l.jpg
235,Majo ga Koisuru 5-byoumae,5 Seconds Before a Witch Falls in Love,魔女が恋する5秒前,Manga,6997,7.26,2018,https://cdn.myanimelist.net/images/manga/2/235090l.jpg
236,Isekai Cheat Survival Meshi,,異世界チートサバイバル飯,Manga,6989,6.49,2018,https://cdn.myanimelist.net/images/manga/2/222489l.jpg
237,Kekkai no Noah,Noah of the Blood Sea,血海のノア,Manga,6910,6.65,2018,https://cdn.myanimelist.net/images/manga/1/225593l.jpg
238,Futari de Koi wo Suru Riyuu,,ふたりで恋をする理由,Manga,6892,7.61,2018,https://cdn.myanimelist.net/images/manga/1/221389l.jpg
239,Isekai no Meikyuu Toshi de Chiyu Mahoutsukai Yattemasu,,異世界の迷宮都市で治癒魔法使いやってます,Manga,6877,6.11,2018,https://cdn.myanimelist.net/images/manga/2/216075l.jpg
240,Senken no Majutsushi to Yobareta Kenshi,The Swordsman Dubbed the Sorcerer of Countless Swords,千剣の魔術師と呼ばれた剣士,Manga,6834,6.68,2018,https://cdn.myanimelist.net/images/manga/2/220508l.jpg
241,Quanzhi Fashi,Versatile Mage,全职法师,Manhua,6803,6.96,2018,https://cdn.myanimelist.net/images/manga/2/253595l.jpg
242,Hametsu no Madouou to Golem no Banhi,The Sorcerer King of Destruction and the Golem of the Barbarian Queen,破滅の魔導王とゴーレムの蛮妃,Manga,6796,6.48,2018,https://cdn.myanimelist.net/images/manga/2/221065l.jpg
243,Ikemensugi desu Shiki-senpai!,The Girl I Want is so Handsome!,イケメンすぎです紫葵先パイ!,Manga,6772,7.15,2018,https://cdn.myanimelist.net/images/manga/2/219486l.jpg
244,Kekkaishi e no Tensei,Reborn as a Barrier Master,結界師への転生,Manga,6756,6.48,2018,https://cdn.myanimelist.net/images/manga/1/230330l.jpg
245,Kuitsume Youhei no Gensou Kitan,The Strange Adventure of a Broke Mercenary,食い詰め傭兵の幻想奇譚,Manga,6671,6.89,2018,https://cdn.myanimelist.net/images/manga/2/215372l.jpg
246,"Maou Gakuin no Futekigousha: Shijou Saikyou no Maou no Shiso, Tensei shite Shison-tachi no Gakkou e Kayou",The Misfit of Demon King Academy,魔王学院の不適合者 ～史上最強の魔王の始祖、転生して子孫たちの学校へ通う～,Light Novel,6639,7.69,2018,https://cdn.myanimelist.net/images/manga/2/211389l.jpg
247,Kimi ga Shinu made Ato 100-nichi,Last Hundred Days Till She Dies,君が死ぬまであと100日,Manga,6624,7.4,2018,https://cdn.myanimelist.net/images/manga/1/227273l.jpg
248,Yonakano Reiji ni Harem wo!!,,よなかのれいじにハーレムを!!,Manga,6505,6.94,2018,https://cdn.myanimelist.net/images/manga/2/211846l.jpg
249,Seishun Buta Yarou wa Petit Devil Kouhai no Yume wo Minai,Rascal Does Not Dream of Petite Devil Kohai,青春ブタ野郎はプチデビル後輩の夢を見ない,Manga,6486,7.87,2018,https://cdn.myanimelist.net/images/manga/1/223645l.jpg
250,Tenohira Kaitaku Mura de Isekai Kenkokuki: Fueteku Yome-tachi to Nonbiri Mujintou Life,,てのひら開拓村で異世界建国記～増えてく嫁たちとのんびり無人島ライフ～,Manga,6463,6.71,2018,https://cdn.myanimelist.net/images/manga/3/221128l.jpg
251,Sannensa,Three Years Apart,三年差,Manga,6442,7.57,2018,https://cdn.myanimelist.net/images/manga/3/232791l.jpg
252,Dogeza de Tanondemita,,土下座で頼んでみた,Manga,6368,6.38,2018,https://cdn.myanimelist.net/images/manga/2/233684l.jpg
253,Around 40 Kenja no Isekai Seikatsu Nikki,,アラフォー賢者の異世界生活日記,Manga,6360,6.38,2018,https://cdn.myanimelist.net/images/manga/1/227700l.jpg
254,Dorei Shounin shika Sentakushi ga Nai desu yo?: Harem? Nani Sore Oishii no?,,奴隷商人しか選択肢がないですよ？～ハーレム？なにそれおいしいの？～,Manga,6350,6.21,2018,https://cdn.myanimelist.net/images/manga/3/216073l.jpg
255,"Mochiron, Isharyou Seikyuu Itashimasu!","Naturally, I Demand Restitution!",勿論、慰謝料請求いたします!,Manga,6313,7.17,2018,https://cdn.myanimelist.net/images/manga/1/223745l.jpg
256,Negative Yuusha to Maou-gun Kanbu,,ネガティブ勇者と魔王軍幹部,Doujinshi,6311,7.19,2018,https://cdn.myanimelist.net/images/manga/1/234003l.jpg
257,Mamahaha no Tsurego ga Motokano datta,My Stepmom's Daughter Is My Ex,継母の連れ子が元カノだった,Light Novel,6299,7.54,2018,https://cdn.myanimelist.net/images/manga/1/239942l.jpg
258,Boukenka ni Narou! Skill Board de Dungeon Kouryaku,Call to Adventure! Defeating Dungeons with a Skill Board,冒険家になろう！～スキルボードでダンジョン攻略～,Manga,6214,6.85,2018,https://cdn.myanimelist.net/images/manga/3/224107l.jpg
259,Nukenai Seiken-chan,,ヌけない聖剣ちゃん,Manga,6120,7.09,2018,https://cdn.myanimelist.net/images/manga/3/219619l.jpg
260,5-fungo no Sekai,After the Five Minutes,5分後の世界,Manga,6111,6.87,2018,https://cdn.myanimelist.net/images/manga/3/215624l.jpg
261,Tsun-Ama na Kareshi,Sweet & Tart Boyfriend,ツン甘な彼氏,Manga,6108,7.52,2018,https://cdn.myanimelist.net/images/manga/2/226842l.jpg
262,Nihonkoku Shoukan,Japan Summons,日本国召喚,Manga,6087,6.79,2018,https://cdn.myanimelist.net/images/manga/1/219367l.jpg
263,Isshou Suki tte Yutta jan,,一生好きってゆったじゃん,Manga,6058,6.27,2018,https://cdn.myanimelist.net/images/manga/3/239489l.jpg
264,Love or Hate,Love or Hate,러브 오어 헤이트,Manhwa,6046,7.35,2018,https://cdn.myanimelist.net/images/manga/1/237922l.jpg
265,Shishunki Renaissance! David-kun,Teenage Renaissance! David,思春期ルネサンス！ダビデ君,Manga,6019,7.24,2018,https://cdn.myanimelist.net/images/manga/1/215124l.jpg
266,Liv,,Liv -リヴ-,One-shot,6012,7.25,2018,https://cdn.myanimelist.net/images/manga/1/221559l.jpg
267,Watashi Igai Jinrui Zenin Yuri,The Whole of Humanity Has Gone Yuri Except for Me,私以外人類全員百合,Manga,5971,6.59,2018,https://cdn.myanimelist.net/images/manga/3/219650l.jpg
268,Isekai Death Game ni Tensou sarete Tsurai,,異世界デスゲームに転送されてつらい,Manga,5953,6.54,2018,https://cdn.myanimelist.net/images/manga/2/210307l.jpg
269,Koi to Dangan,Yakuza Lover,恋と弾丸,Manga,5903,6.86,2018,https://cdn.myanimelist.net/images/manga/1/225002l.jpg
270,Jishou! Heibon Mazoku no Eiyuu Life: B-kyuu Mazoku nanoni Cheat Dungeon wo Tsukutteshimatta Kekka,"The Hero Life of a (Self-Proclaimed) ""Mediocre"" Demon!",自称！平凡魔族の英雄ライフ ～B級魔族なのにチートダンジョンを作ってしまった結果～,Manga,5835,6.28,2018,https://cdn.myanimelist.net/images/manga/1/219885l.jpg
271,"Kouchuugun Shikan, Boukensha ni Naru",Captain Corinth: The Galactic Navy Officer Becomes an Adventurer,航宙軍士官、冒険者になる,Manga,5814,7.12,2018,https://cdn.myanimelist.net/images/manga/2/234810l.jpg
272,Hokenshitsu no Otaku Oneesan wa Suki desu ka?,Do You Like the Nerdy Nurse?,保健室のおたくおねえさんは好きですか？,Manga,5806,6.29,2018,https://cdn.myanimelist.net/images/manga/3/219073l.jpg
273,Kimi ni Todoke Bangai-hen: Unmei no Hito,Kimi ni Todoke: From Me to You - Soulmate,君に届け 番外編～運命の人～,Manga,5803,7.88,2018,https://cdn.myanimelist.net/images/manga/1/237197l.jpg
274,Noumin Kanren no Skill bakka Agetetara Nazeka Tsuyoku Natta.,,農民関連のスキルばっか上げてたら何故か強くなった。,Manga,5716,6.02,2018,https://cdn.myanimelist.net/images/manga/2/225606l.jpg
275,Alcafus,,アルカフス,Manga,5683,5.95,2018,https://cdn.myanimelist.net/images/manga/1/215985l.jpg
276,"As You Wish, Prince","As You Wish, Prince","황자, 네 무엇이 되고 싶으냐?",Manhwa,5610,7.39,2018,https://cdn.myanimelist.net/images/manga/1/261858l.jpg
277,Mushikaburi-hime,Bibliophile Princess,虫かぶり姫,Manga,5609,7.12,2018,https://cdn.myanimelist.net/images/manga/1/221544l.jpg
278,Mukasete! Ryuugasaki-san,"Shed that Skin, Ryugasaki-san!",剥かせて！竜ケ崎さん,Manga,5607,6.5,2018,https://cdn.myanimelist.net/images/manga/1/221301l.jpg
279,Abyss Rage,Abyss Rage,アビスレイジ,Manga,5574,6.55,2018,https://cdn.myanimelist.net/images/manga/1/212245l.jpg
280,Ossan Boukensha Kane no Zenkou,The Good Deeds of Old Adventurer Kane,おっさん冒険者ケインの善行,Manga,5557,6.75,2018,https://cdn.myanimelist.net/images/manga/3/221879l.jpg
281,Omoi ga Omoi Omoi-san,Omoi-san's Overwhelming Obsession,おもいがおもいおもいさん,Manga,5534,6.59,2018,https://cdn.myanimelist.net/images/manga/1/271372l.jpg
282,Atsumori-kun no Oyomesan (←Mitei),Atsumori-kun's Bride-to-Be,あつもりくんのお嫁さん（←未定）,Manga,5527,7.43,2018,https://cdn.myanimelist.net/images/manga/3/219873l.jpg
283,"Okite Kudasai, Kusakabe-san","Wake up please, Ms. Kusakabe",起きてください、草壁さん,Manga,5522,6.69,2018,https://cdn.myanimelist.net/images/manga/3/212730l.jpg
284,What It Takes to Be a Villainess,What It Takes to Be a Villainess,악녀의 정의,Manhwa,5512,6.87,2018,https://cdn.myanimelist.net/images/manga/2/262763l.jpg
285,Shin High School DxD,,真ハイスクールD×D,Light Novel,5490,8.19,2018,https://cdn.myanimelist.net/images/manga/3/210424l.jpg
286,Yuusha to Maou no Love Comedy,Love Comedy: Hero & the Princess of Darkness,勇者と魔王のラブコメ,Manga,5475,6.7,2018,https://cdn.myanimelist.net/images/manga/3/223526l.jpg
287,Hero-san to Moto Onna Kanbu-san,Superwomen in Love! Honey Trap and Rapid Rabbit,ヒーローさんと元女幹部さん,Manga,5422,7.05,2018,https://cdn.myanimelist.net/images/manga/1/222210l.jpg
288,"Monster ga Afureru Sekai ni Natta node, Suki ni Ikitai to Omoimasu","The World is Full of Monsters, So I Want to Live as I Wish",モンスターがあふれる世界になったので、好きに生きたいと思います,Manga,5410,6.8,2018,https://cdn.myanimelist.net/images/manga/3/216414l.jpg
289,Koi wo Suru Tsumori wa Nakatta,I Didn't Mean to Fall in Love,恋をするつもりはなかった,Manga,5406,7.58,2018,https://cdn.myanimelist.net/images/manga/2/232214l.jpg
290,Akuyaku Reijou no Tsuihougo! Kyoukai Kaikaku Gohan de Yuuyuu Sister-gurashi,,悪役令嬢の追放後! 教会改革ごはんで悠々シスター暮らし,Manga,5383,6.72,2018,https://cdn.myanimelist.net/images/manga/1/224305l.jpg
291,It's Mine,It's Mine,이츠마인,Manhwa,5350,7.39,2018,https://cdn.myanimelist.net/images/manga/1/260851l.jpg
292,Eiyuu no Musume toshite Umarekawatta Eiyuu wa Futatabi Eiyuu wo Mezasu,,英雄の娘として生まれ変わった英雄は再び英雄を目指す,Manga,5346,6.28,2018,https://cdn.myanimelist.net/images/manga/2/217666l.jpg
293,Taberu dake de Level Up! Damegami to Issho ni Isekai Musou,,食べるだけでレベルアップ! ～駄女神といっしょに異世界無双～,Manga,5316,6.03,2018,https://cdn.myanimelist.net/images/manga/2/212283l.jpg
294,Lady Baby,Lady Baby,레이디 베이비,Manhwa,5296,6.48,2018,https://cdn.myanimelist.net/images/manga/3/261699l.jpg
295,Majutsu Gakuin wo Shuseki de Sotsugyoushita Ore ga Boukensha wo Hajimeru no wa Sonna ni Okashii Darou ka,Is It Odd That I Become An Adventurer Even If I Graduated The Witchcraft Institute?,魔術学院を首席で卒業した俺が冒険者を始めるのはそんなにおかしいだろうか,Manga,5289,6.72,2018,https://cdn.myanimelist.net/images/manga/1/227870l.jpg
296,Maou to Ore no Hangyakuki,The Dark Queen and I Strike Back,魔王と俺の叛逆記,Manga,5265,6.27,2018,https://cdn.myanimelist.net/images/manga/3/224446l.jpg
297,"Mannen D-Rank no Chuunen Boukensha, Yotta Ikioi de Densetsu no Ken wo Hikkonuku",Drunken D-Rank Pulls Out the Legendary Sword,万年Dランクの中年冒険者、酔った勢いで伝説の剣を引っこ抜く,Manga,5207,6.06,2018,https://cdn.myanimelist.net/images/manga/1/270094l.jpg
297,Otome no Harawata Hoshi no Iro,,乙女のはらわた星の色,Manga,5207,6.26,2018,https://cdn.myanimelist.net/images/manga/1/216468l.jpg
299,Arigatights!,,ありがタイツ！,Manga,5169,6.25,2018,https://cdn.myanimelist.net/images/manga/3/219739l.jpg
300,"Tensai Ouji no Akaji Kokka Saisei Jutsu: Souda, Baikoku shiyou","The Genius Prince's Guide to Raising a Nation Out of Debt (Hey, How About Treason?)",天才王子の赤字国家再生術〜そうだ、売国しよう〜,Light Novel,5162,7.61,2018,https://cdn.myanimelist.net/images/manga/2/221385l.jpg
301,"Chibikko Kenja, Lv.1 kara Isekai de Ganbarimasu!",,ちびっこ賢者、Lv.1から異世界でがんばります!,Manga,5157,6.46,2018,https://cdn.myanimelist.net/images/manga/1/221516l.jpg
302,Honzuki no Gekokujou: Shisho ni Naru Tame ni wa Shudan wo Erandeiraremasen Dai 3-bu - Ryouchi ni Hon wo Hirogeyou!,Ascendance of a Bookworm: I'll Do Anything to Become a Librarian! Part 3 - Let's Spread Books Through the Duchy!,本好きの下剋上～司書になるためには手段を選んでいられません～第三部 領地に本を広げよう!,Manga,5150,7.9,2018,https://cdn.myanimelist.net/images/manga/2/224003l.jpg
303,Futari Solo Camp,Solo Camping for Two,ふたりソロキャンプ,Manga,5149,6.94,2018,https://cdn.myanimelist.net/images/manga/2/220919l.jpg
304,Houkago Bitchcraft,After-School Bitchcraft,放課後ビッチクラフト,Manga,5145,5.64,2018,https://cdn.myanimelist.net/images/manga/2/217774l.jpg
305,Josou shite Mendokusai Koto ni Natteru Nekura to Yankee no Ryou Kataomoi,Crossplay Love: Otaku x Punk,女装してめんどくさい事になってるネクラとヤンキーの両片想い,Manga,5143,7.68,2018,https://cdn.myanimelist.net/images/manga/3/221159l.jpg
306,Seirei-tachi no Rakuen to Risou no Isekai Seikatsu,,精霊達の楽園と理想の異世界生活,Manga,5129,6.44,2018,https://cdn.myanimelist.net/images/manga/3/211955l.jpg
307,Kyoukai Meikyuu to Ikai no Majutsushi,Boundary Labyrinth and Magician of Alien World,境界迷宮と異界の魔術師,Manga,5077,6.14,2018,https://cdn.myanimelist.net/images/manga/3/223524l.jpg
308,Sono Koi wa Ichigo no You ni,Strawberry Love,その恋はいちごのように,Manga,5060,7.65,2018,https://cdn.myanimelist.net/images/manga/3/254340l.jpg
309,Izure Saikyou no Renkinjutsushi?,Possibly the Greatest Alchemist of All Time,いずれ最強の錬金術師?,Manga,5025,6.67,2018,https://cdn.myanimelist.net/images/manga/2/251177l.jpg
310,Madoka no Himitsu,Madoka's Secret,まどかのひみつ,Manga,5021,7.38,2018,https://cdn.myanimelist.net/images/manga/2/224031l.jpg
311,Dekiru Neko wa Kyou mo Yuuutsu,The Masterful Cat Is Depressed Again Today,デキる猫は今日も憂鬱,Manga,4978,7.89,2018,https://cdn.myanimelist.net/images/manga/1/245383l.jpg
312,Inaka no Home Center Otoko no Jiyuu na Isekai Seikatsu,,田舎のホームセンター男の自由な異世界生活,Manga,4967,6.48,2018,https://cdn.myanimelist.net/images/manga/3/226544l.jpg
312,Usami-san wa Kamawaretai!,,うさみさんは構われたい!,Manga,4967,6.72,2018,https://cdn.myanimelist.net/images/manga/3/229573l.jpg
314,I Belong to House Castielo,I Belong to House Castielo,나는 이 집 아이,Manhwa,4952,6.39,2018,https://cdn.myanimelist.net/images/manga/3/298165l.jpg
315,Violet Evergarden Gaiden,,ヴァイオレット・エヴァーガーデン 外伝,Light Novel,4934,8.36,2018,https://cdn.myanimelist.net/images/manga/2/224184l.jpg
316,"Tsuyoshi: Daremo Katenai, Aitsu ni wa",,TSUYOSHI 誰も勝てない、アイツには,Manga,4900,6.95,2018,https://cdn.myanimelist.net/images/manga/2/250722l.jpg
317,"Kitaku Tochuu de Yome to Musume ga Dekita n dakedo, Dragon datta.",,帰宅途中で嫁と娘ができたんだけど、ドラゴンだった。,Manga,4807,6.71,2018,https://cdn.myanimelist.net/images/manga/1/216482l.jpg
318,Ennead,ENNEAD,엔네아드,Manhwa,4802,7.87,2018,https://cdn.myanimelist.net/images/manga/3/238420l.jpg
319,Jun to Kaoru,,純とかおる,Manga,4780,6.7,2018,https://cdn.myanimelist.net/images/manga/2/217704l.jpg
320,Sekai no Owari ni Shiba Inu to,Doomsday with My Dog,世界の終わりに柴犬と,Manga,4771,7.34,2018,https://cdn.myanimelist.net/images/manga/3/227042l.jpg
321,"Kyou, Koshiba Aoi ni Aetara.",Chasing After Aoi Koshiba,今日、小柴葵に会えたら。,Manga,4740,6.4,2018,https://cdn.myanimelist.net/images/manga/3/221003l.jpg
322,Live Dungeon!,,ライブダンジョン!,Manga,4731,6.97,2018,https://cdn.myanimelist.net/images/manga/1/234329l.jpg
323,Yandere-kei Otome Game no Sekai ni Tensei shiteshimatta you desu,,ヤンデレ系乙女ゲーの世界に転生してしまったようです,Manga,4699,6.56,2018,https://cdn.myanimelist.net/images/manga/3/222672l.jpg
324,Taste of Illness,Taste of Illness,병의 맛,Manhwa,4676,7.85,2018,https://cdn.myanimelist.net/images/manga/1/242349l.jpg
325,Furare Girl,,フラレガール,Manga,4657,7.52,2018,https://cdn.myanimelist.net/images/manga/1/273225l.jpg
326,Kyou kara Ore wa Loli no Himo!,,今日から俺はロリのヒモ！,Manga,4630,6.38,2018,https://cdn.myanimelist.net/images/manga/2/215492l.jpg
327,Sen no Skill wo Motsu Otoko: Isekai de Shoukanjuu Hajimemashita!,A Man With a Thousand Skills 1000,千のスキルを持つ男 異世界で召喚獣はじめました!,Manga,4629,6.05,2018,https://cdn.myanimelist.net/images/manga/3/225860l.jpg
328,"Mino-san no Sore, Sawattemo Ii?",,美乃さんのそれ、さわってもいい？,Manga,4614,6.12,2018,https://cdn.myanimelist.net/images/manga/2/215084l.jpg
329,Nana to Kaoru: Last Year,Nana & Kaoru: Last Year,ナナとカオル Last Year,Manga,4565,7.38,2018,https://cdn.myanimelist.net/images/manga/1/234438l.jpg
330,Dear Signal,,dear signal,Manga,4564,7.43,2018,https://cdn.myanimelist.net/images/manga/2/232364l.jpg
331,Dekisokonai to Yobareta Motoeiyuu wa Jikka kara Tsuihou sareta node Sukikatte ni Ikiru Koto ni Shita @comic,The Banished Former Hero Lives as He Pleases,出来損ないと呼ばれた元英雄は、実家から追放されたので好き勝手に生きることにした＠comic,Manga,4527,5.58,2018,https://cdn.myanimelist.net/images/manga/2/234219l.jpg
332,Ichijou Karen wa Yuuwaku suru,Karen Ichijou Tempts Him,一条かれんは誘惑する,Manga,4495,6.99,2018,https://cdn.myanimelist.net/images/manga/1/238549l.jpg
333,Solo Leveling Side Story,,나 혼자만 레벨업 외전,Novel,4476,7.83,2018,https://cdn.myanimelist.net/images/manga/1/275479l.jpg
334,K-On! Shuffle,K-On! Shuffle,けいおん!Shuffle,Manga,4446,7.32,2018,https://cdn.myanimelist.net/images/manga/1/244141l.jpg
335,Dekoboko Majo no Oyako Jijou,,でこぼこ魔女の親子事情,Manga,4436,6.81,2018,https://cdn.myanimelist.net/images/manga/3/281841l.jpg
336,Dororo to Hyakkimaru Den,The Legend of Dororo and Hyakkimaru,どろろと百鬼丸伝,Manga,4431,7.32,2018,https://cdn.myanimelist.net/images/manga/1/217711l.jpg
337,Okashiratsuki.,A Tail's Tale,尾かしら付き。,Manga,4400,7.74,2018,https://cdn.myanimelist.net/images/manga/1/244047l.jpg
338,Vampire Dormitory,Vampire Dormitory,ヴァンパイア男子寮〈ドミトリー〉,Manga,4364,6.52,2018,https://cdn.myanimelist.net/images/manga/2/220675l.jpg
339,Majo wa Mioji kara,The life of the witch who remains single for about 300 years!,魔女は三百路〈みおじ〉から,Manga,4360,6.49,2018,https://cdn.myanimelist.net/images/manga/3/213007l.jpg
340,"Shin no Nakama ja Nai to Yuusha no Party wo Oidasareta node, Henkyou de Slow Life suru Koto ni Shimashita","Banished from the Hero's Party, I Decided to Live a Quiet Life in the Countryside",真の仲間じゃないと勇者のパーティーを追い出されたので、辺境でスローライフすることにしました,Light Novel,4343,7.36,2018,https://cdn.myanimelist.net/images/manga/2/223658l.jpg
341,"Wanwan Monogatari: Kanemochi no Inu ni Shite to wa Itta ga, Fenrir ni Shiro to wa Ittenee!","Woof Woof Story: I Told You to Turn Me Into a Pampered Pooch, Not Fenrir!",ワンワン物語 ～金持ちの犬にしてとは言ったが、フェンリルにしろとは言ってねえ！～,Manga,4335,6.39,2018,https://cdn.myanimelist.net/images/manga/2/215061l.jpg
342,This Man: Sono Kao wo Mita Mono ni wa Shi wo,,This Man その顔を見た者には死を,Manga,4327,6.15,2018,https://cdn.myanimelist.net/images/manga/1/210788l.jpg
343,Yuki-neechan no Kannou-gokko.,,ゆき姉ちゃんの官能ごっこ。,Manga,4324,6.29,2018,https://cdn.myanimelist.net/images/manga/3/219419l.jpg
344,Monster Musume no Oishasan,"The doctor for ""Monster girls.""",モンスター娘のお医者さん,Manga,4321,6.83,2018,https://cdn.myanimelist.net/images/manga/3/215559l.jpg
345,Luminous=Blue,,ルミナス＝ブルー,Manga,4288,7.07,2018,https://cdn.myanimelist.net/images/manga/1/219726l.jpg
346,Noah's Notes,Noah's Notes,ノアズノーツ,Manga,4286,6.47,2018,https://cdn.myanimelist.net/images/manga/2/210504l.jpg
347,Homeless Tensei: Isekai de Jiyuu Sugiru Jikyuu Jisoku Seikatsu,,ホームレス転生 ～異世界で自由すぎる自給自足生活～,Manga,4283,5.96,2018,https://cdn.myanimelist.net/images/manga/2/224890l.jpg
348,Kiseijuu Reversi,Parasyte Reversi,寄生獣リバーシ,Manga,4271,6.85,2018,https://cdn.myanimelist.net/images/manga/3/225856l.jpg
349,Persona 5: Mementos Mission,,ペルソナ5 メメントスミッション,Manga,4266,7.89,2018,https://cdn.myanimelist.net/images/manga/3/221876l.jpg
350,Saya no Uta,,沙耶の唄,Light Novel,4248,7.96,2018,https://cdn.myanimelist.net/images/manga/1/236467l.jpg
351,Haru to Midori,,春とみどり,Manga,4214,7.42,2018,https://cdn.myanimelist.net/images/manga/2/221538l.jpg
352,"Hazure Skill ""Mapping"" wo Te ni Shita Shounen wa Saikyou Party to Dungeon ni Idomu",Mapping: The Trash-Tier Skill That Got Me Into a Top-Tier Party,外れスキル【地図化〈マッピング〉】を手にした少年は最強パーティーとダンジョンに挑む,Manga,4187,6.06,2018,https://cdn.myanimelist.net/images/manga/2/229383l.jpg
353,Albert-ke no Reijou wa Botsuraku wo Goshomou desu,Young Lady Albert Is Courting Disaster,アルバート家の令嬢は没落をご所望です,Manga,4169,7.04,2018,https://cdn.myanimelist.net/images/manga/3/224060l.jpg
354,"Isekai de Cheat Skill wo Te ni Shita Ore wa, Genjitsu Sekai wo mo Musou Suru: Level Up wa Jinsei wo Kaeta","I Got a Cheat Skill in Another World and Became Unrivaled in The Real World, Too",異世界でチート能力〈スキル〉を手にした俺は、現実世界をも無双する ～レベルアップは人生を変えた～,Light Novel,4167,7.0,2018,https://cdn.myanimelist.net/images/manga/2/235712l.jpg
355,Usagi no Mori,Forest of the Rabbits,兎の森,Manga,4162,7.5,2018,https://cdn.myanimelist.net/images/manga/3/225848l.jpg
356,Bimajo no Ayano-san,,美魔女の綾乃さん,Manga,4092,6.61,2018,https://cdn.myanimelist.net/images/manga/1/215050l.jpg
357,Lady Rose wa Heimin ni Naritai,Lady Rose Just Wants to Be a Commoner!,レディローズは平民になりたい,Manga,4089,6.58,2018,https://cdn.myanimelist.net/images/manga/2/216677l.jpg
358,Libidors,,リビドーズ,Manga,4082,5.83,2018,https://cdn.myanimelist.net/images/manga/1/221089l.jpg
359,Walking Cat,The Walking Cat: A Cat's-Eye View of the Zombie Apocalypse,ウォーキング・キャット,Manga,4076,7.4,2018,https://cdn.myanimelist.net/images/manga/3/235229l.jpg
360,Kakushigoto,I Have a Secret,か「」く「」し「」ご「」と「,Manga,4031,6.88,2018,https://cdn.myanimelist.net/images/manga/1/219888l.jpg
361,Shouwa Otome Otogibanashi,,昭和オトメ御伽話,Manga,4030,7.36,2018,https://cdn.myanimelist.net/images/manga/2/221857l.jpg
362,Gokutei Higuma,Hell Warden Higuma,獄丁ヒグマ,Manga,4012,6.51,2018,https://cdn.myanimelist.net/images/manga/1/217675l.jpg
363,Douyara Watashi no Karada wa Kanzen Muteki no you desu ne,The Invincible Little Lady,どうやら私の身体は完全無敵のようですね,Manga,4008,6.47,2018,https://cdn.myanimelist.net/images/manga/3/226843l.jpg
364,Yurigurashi,Yuri Life,ゆりぐらし,Manga,3985,6.73,2018,https://cdn.myanimelist.net/images/manga/3/213395l.jpg
365,Watashi no Tadashii Oniichan,Searching for My Perfect Brother,私の正しいお兄ちゃん,Manga,3969,6.78,2018,https://cdn.myanimelist.net/images/manga/3/227348l.jpg
366,Isekai Seikatsu no Susume,Devilish Darlings: Portal Fantasy,異世界性活のススメ,Manga,3967,5.85,2018,https://cdn.myanimelist.net/images/manga/1/235027l.jpg
367,"Hazurewaku no ""Joutai Ijou Skill"" de Saikyou ni Natta Ore ga Subete wo Juurin suru made",Failure Frame: I Became the Strongest and Annihilated Everything With Low-Level Spells,ハズレ枠の【状態異常スキル】で最強になった俺がすべてを蹂躙するまで,Light Novel,3932,7.29,2018,https://cdn.myanimelist.net/images/manga/1/226074l.jpg
368,Shaman King: The Super Star,Shaman King: The Super Star,SHAMAN KING THE SUPER STAR,Manga,3911,7.04,2018,https://cdn.myanimelist.net/images/manga/3/215123l.jpg
369,Oniyome to Kekkon shiteshimatta Kekka,My Wife Is an Oni,鬼嫁と結婚してしまった結果,Manga,3898,6.88,2018,https://cdn.myanimelist.net/images/manga/2/234629l.jpg
370,Zoku Kono Subarashii Sekai ni Bakuen wo!,Konosuba: Even More Explosions on This Wonderful World!,続・この素晴らしい世界に爆焔を！,Manga,3892,7.67,2018,https://cdn.myanimelist.net/images/manga/2/217951l.jpg
371,Tensei Majo wa Horobi wo Tsugeru,A Reincarnated Witch Spells Doom,転生魔女は滅びを告げる,Manga,3872,6.78,2018,https://cdn.myanimelist.net/images/manga/1/224306l.jpg
372,Kimi ni Ienai Koto ga Aru,There Are Things I Can't Tell You,キミに言えないことがある,Manga,3856,7.28,2018,https://cdn.myanimelist.net/images/manga/2/226876l.jpg
373,Hen na Chishiki ni Kuwashii Kanojo Takayukashiki Souko-san,,変な知識に詳しい彼女 高床式草子さん,Manga,3850,6.17,2018,https://cdn.myanimelist.net/images/manga/3/215416l.jpg
374,Yume no Hashibashi,,夢の端々,Manga,3847,7.86,2018,https://cdn.myanimelist.net/images/manga/3/251550l.jpg
375,Yubisaki kara Honki no Netsujou: Charao Shouboushi wa Massugu na Me de Watashi wo Daita,Fire in His Fingertips: A Flirty Fireman Ravishes Me with His Smoldering Gaze,指先から本気の熱情～チャラ男消防士はまっすぐな目で私を抱いた～,Manga,3846,6.93,2018,https://cdn.myanimelist.net/images/manga/1/235613l.jpg
376,Yankee JK no Ijou na Aijou,,ヤンキーJKの異常な愛情,Manga,3821,5.64,2018,https://cdn.myanimelist.net/images/manga/2/225510l.jpg
377,Kamisama to Tobenai Tsukai,The God and the Flightless Messenger,神様と飛べない使い,Manga,3817,7.63,2018,https://cdn.myanimelist.net/images/manga/1/223014l.jpg
378,"Wakeari Akuyaku Reijou wa, Konyaku Hakigo no Jinsei wo Jiyuu ni Ikiru",The Villainess with Special Circumstances,訳あり悪役令嬢は、婚約破棄後の人生を自由に生きる,Manga,3780,6.35,2018,https://cdn.myanimelist.net/images/manga/3/224333l.jpg
379,Yuutousei to Himitsu no Oshigoto,,優等生と秘密のお仕事,Manga,3737,6.02,2018,https://cdn.myanimelist.net/images/manga/3/217928l.jpg
380,Kingdom of the Z,Kingdom of Z,キングダムオブザZ,Manga,3733,5.83,2018,https://cdn.myanimelist.net/images/manga/1/222026l.jpg
381,Scarlet,Scarlet,スカーレット,Manga,3731,6.48,2018,https://cdn.myanimelist.net/images/manga/2/219498l.jpg
382,Mikansei demo Koi ga Ii,,未完成でも恋がいい,Manga,3728,7.3,2018,https://cdn.myanimelist.net/images/manga/2/235685l.jpg
383,Hypnosis Mic: Before the Battle - The Dirty Dawg,,ヒプノシスマイク -Before the Battle- The Dirty Dawg,Manga,3727,7.95,2018,https://cdn.myanimelist.net/images/manga/3/221223l.jpg
384,Stalkers,,ストーカーズ,Manga,3717,6.35,2018,https://cdn.myanimelist.net/images/manga/3/233883l.jpg
385,Tondemo Skill de Isekai Hourou Meshi: Sui no Daibouken,Campfire Cooking in Another World with My Absurd Skill: Sui's Great Adventure,とんでもスキルで異世界放浪メシ スイの大冒険,Manga,3706,7.57,2018,https://cdn.myanimelist.net/images/manga/3/215071l.jpg
386,Tsuki no Okinimesu mama,,月のお気に召すまま,Manga,3683,7.39,2018,https://cdn.myanimelist.net/images/manga/3/229044l.jpg
387,Isekai Tensei no Boukensha,Isekai Tensei: Recruited to Another World,異世界転生の冒険者,Manga,3680,6.24,2018,https://cdn.myanimelist.net/images/manga/1/221784l.jpg
388,Tokedase! Mizore-chan,,とけだせ！みぞれちゃん,Manga,3659,7.43,2018,https://cdn.myanimelist.net/images/manga/2/217287l.jpg
389,Dark Mortal,Dark Mortal,검은인간,Manhwa,3628,7.59,2018,https://cdn.myanimelist.net/images/manga/1/263011l.jpg
390,Renai Gokko Sayokyoku,A Serenade for Pretend Lovers,恋愛ごっこ小夜曲,Manga,3618,7.12,2018,https://cdn.myanimelist.net/images/manga/1/234740l.jpg
391,Oneechan wa Koi Youkai,,お姉ちゃんは恋妖怪,Manga,3585,6.27,2018,https://cdn.myanimelist.net/images/manga/2/222767l.jpg
392,Kobayashi-san wa Jimi dakedo.,,小林さんは地味だけど。,Manga,3580,6.77,2018,https://cdn.myanimelist.net/images/manga/3/216064l.jpg
393,"Mayu, Matou",Cocoon Entwined,繭、纏う,Manga,3577,6.69,2018,https://cdn.myanimelist.net/images/manga/1/213189l.jpg
394,"Youko-san, Sugariyoru.",,陽子さん、すがりよる。,Manga,3571,6.54,2018,https://cdn.myanimelist.net/images/manga/2/217500l.jpg
395,Tomie: Nottori,,富江・乗っ取り,Manga,3537,6.89,2018,https://cdn.myanimelist.net/images/manga/3/233732l.jpg
396,Kinjo no Nanako-san,Nanako From The Neighborhood,近所のななこさん,Manga,3531,6.53,2018,https://cdn.myanimelist.net/images/manga/2/221015l.jpg
397,Nanatsu no Maken ga Shihai suru,Reign of the Seven Spellblades,七つの魔剣が支配する,Light Novel,3516,7.62,2018,https://cdn.myanimelist.net/images/manga/3/231022l.jpg
398,Kono Koi wa Kore Ijou Kirei ni Naranai.,Spotless Love: This Love Cannot Be Any More Beautiful.,この恋はこれ以上綺麗にならない。,Manga,3491,6.48,2018,https://cdn.myanimelist.net/images/manga/3/217677l.jpg
399,Kaijin Reijou,Slasher Maidens,怪人麗嬢,Manga,3487,6.77,2018,https://cdn.myanimelist.net/images/manga/1/236450l.jpg
400,So I Married the Anti-Fan,So I Married the Anti-Fan,그래서 나는 안티팬과 결혼했다,Manhwa,3468,7.04,2018,https://cdn.myanimelist.net/images/manga/3/261851l.jpg
401,Happy Kuso Life,Happy Crappy Life,ハッピークソライフ,Manga,3456,7.53,2018,https://cdn.myanimelist.net/images/manga/3/224844l.jpg
402,Oni no Youna Love Comedy,LoveCome Like A Demon,鬼のようなラブコメ,Manga,3444,6.66,2018,https://cdn.myanimelist.net/images/manga/1/217458l.jpg
403,Unintentional Love Story,Unintentional Love Story,비의도적 연애담,Manhwa,3432,7.95,2018,https://cdn.myanimelist.net/images/manga/1/258478l.jpg
404,Sekai no Owari to Majo no Koi,A Witch's Love at the End of the World,世界の終わりと魔女の恋,Manga,3417,6.94,2018,https://cdn.myanimelist.net/images/manga/3/226437l.jpg
405,Shark na Kanojo no Territory,Territory of a Shark Girl,シャークな彼女の領域〈テリトリー〉,Manga,3416,6.79,2018,https://cdn.myanimelist.net/images/manga/2/221529l.jpg
406,Himari no Mawari,,ひまりのまわり,Manga,3410,6.06,2018,https://cdn.myanimelist.net/images/manga/2/219210l.jpg
407,Junai Dropout,,純愛ドロップアウト,Manga,3398,7.28,2018,https://cdn.myanimelist.net/images/manga/2/225591l.jpg
408,Gal to Kyouryuu,My Roomie Is a Dino,ギャルと恐竜,Manga,3386,7.12,2018,https://cdn.myanimelist.net/images/manga/1/217678l.jpg
409,Abe-kun ni Nerawaretemasu,Abe-kun's Got Me Now!,阿部くんに狙われてます,Manga,3385,7.0,2018,https://cdn.myanimelist.net/images/manga/3/233805l.jpg
410,Isekai ni Tensei shitara Zenra ni Sareta,,異世界に転生したら全裸にされた,Manga,3373,5.53,2018,https://cdn.myanimelist.net/images/manga/2/215386l.jpg
411,Shindou Sephilia no Gekokujou Program,Gekokujyo Program by a Child Prodigy Sefiria,神童セフィリアの下剋上プログラム,Manga,3364,6.13,2018,https://cdn.myanimelist.net/images/manga/3/215256l.jpg
412,Me wa Kuchi hodo ni Koi to Iu,,目は口ほどに恋という,Manga,3344,7.43,2018,https://cdn.myanimelist.net/images/manga/2/222981l.jpg
413,"Yowai 5000-nen no Soushoku Dragon, Iwarenaki Jaryuu Nintei: Yada Kono Ikenie, Hito no Hanashi wo Kiite Kurenai","A Herbivorous Dragon of 5,000 Years Gets Unfairly Villainized",齢5000年の草食ドラゴン、いわれなき邪竜認定 ～やだこの生贄、人の話を聞いてくれない～,Manga,3335,6.64,2018,https://cdn.myanimelist.net/images/manga/2/217908l.jpg
414,Hagure Seireii no Shinsatsu Kiroku: Seijo Kishidan to Iyashi no Kamiwaza,,はぐれ精霊医の診察記録 ～聖女騎士団と癒やしの神業～,Manga,3327,6.22,2018,https://cdn.myanimelist.net/images/manga/2/227892l.jpg
415,Love Nest,Love Nest,ラブネスト,Manga,3322,7.9,2018,https://cdn.myanimelist.net/images/manga/1/224905l.jpg
416,Bakemono to Kedamono,Monster and the Beast,バケモノとケダモノ,Manga,3308,7.49,2018,https://cdn.myanimelist.net/images/manga/1/225616l.jpg
417,Tensei Oujo wa Kyou mo Flag wo Tatakioru,,転生王女は今日も旗〈フラグ〉を叩き折る,Manga,3266,6.4,2018,https://cdn.myanimelist.net/images/manga/3/221598l.jpg
418,Baikoku Kikan,The Queen of the Opera,売国機関,Manga,3249,7.2,2018,https://cdn.myanimelist.net/images/manga/1/215767l.jpg
419,Watashi no Oyome-kun,Mr. Bride,わたしのお嫁くん,Manga,3238,7.22,2018,https://cdn.myanimelist.net/images/manga/1/248588l.jpg
420,"Saikyou no Kurokishi, Sentou Maid ni Tenshoku shimashita",,最強の黒騎士、戦闘メイドに転職しました,Manga,3237,6.44,2018,https://cdn.myanimelist.net/images/manga/2/211203l.jpg
421,Suterare Yuusha wa Kitakuchuu,,捨てられ勇者は帰宅中,Manga,3235,6.2,2018,https://cdn.myanimelist.net/images/manga/1/219508l.jpg
422,Bozebeats,,BOZEBEATS,Manga,3221,5.73,2018,https://cdn.myanimelist.net/images/manga/1/209754l.jpg
423,Save & Load no Dekiru Yadoya-san: Counter Stop Tenseisha ga Yadoya de Shinjin Ikusei wo Hajimeta you desu,,セーブ＆ロードのできる宿屋さん ～カンスト転生者が宿屋で新人育成を始めたようです～,Manga,3211,6.32,2018,https://cdn.myanimelist.net/images/manga/3/227732l.jpg
424,Neko ga Nishi Mukya,When a Cat Faces West,猫が西向きゃ,Manga,3193,7.28,2018,https://cdn.myanimelist.net/images/manga/1/216477l.jpg
425,Teiji ni Agaretara,If We Leave on the Dot,定時にあがれたら,Manga,3192,7.39,2018,https://cdn.myanimelist.net/images/manga/3/229497l.jpg
426,Aida ni Hatachi,,あいだにはたち,Manga,3177,6.55,2018,https://cdn.myanimelist.net/images/manga/3/226241l.jpg
427,Kare no Iru Seikatsu,Living with Him,彼のいる生活,Manga,3158,7.51,2018,https://cdn.myanimelist.net/images/manga/2/221513l.jpg
428,Boku no Hero Academia: All Might:Rising,My Hero Academia: All Might Rising,僕のヒーローアカデミア ALL MIGHT：RISING,One-shot,3155,7.18,2018,https://cdn.myanimelist.net/images/manga/1/224588l.jpg
429,Yoiko-kei Furyou Succubus Saki-chan,"Naughty Succubus ""Saki-chan""",よいこ系不良サキュバスサキちゃん,Manga,3147,6.84,2018,https://cdn.myanimelist.net/images/manga/3/222522l.jpg
430,Ningen Bokujou,Human Ranch,人間牧場,Manga,3146,4.67,2018,https://cdn.myanimelist.net/images/manga/2/235148l.jpg
431,Tadareta Koi ni wa Itashimasen!,I'm Looking for Serious Love!,ただれた恋にはいたしません!,Manga,3144,6.9,2018,https://cdn.myanimelist.net/images/manga/3/225120l.jpg
432,Siscon Oneechan to Kinishinai Imouto,"Her Elder Sister Has A Crush On Her, But She Doesn't Mind",シスコンお姉ちゃんと気にしない妹,Manga,3142,6.41,2018,https://cdn.myanimelist.net/images/manga/2/216262l.jpg
433,Dousei Yankee Akamatsu Seven,"Bad Boys, Happy Home",同棲ヤンキー 赤松セブン,Manga,3124,7.65,2018,https://cdn.myanimelist.net/images/manga/1/225289l.jpg
434,Cut & Paste de Kono Sekai wo Ikiteiku,,カット&ペーストでこの世界を生きていく,Manga,3109,6.03,2018,https://cdn.myanimelist.net/images/manga/3/223275l.jpg
435,Yumi to Kurumi,,ゆみとくるみ,Manga,3100,7.36,2018,https://cdn.myanimelist.net/images/manga/2/222806l.jpg
436,Memesis,,メメシス,Manga,3032,6.53,2018,https://cdn.myanimelist.net/images/manga/2/209960l.jpg
437,Sayonara Miniskirt,Not Your Idol,さよならミニスカート,Manga,3007,7.52,2018,https://cdn.myanimelist.net/images/manga/1/223984l.jpg
438,JK to Sutego no Akachan,JK & the foundling,JKと捨て子の赤ちゃん,Manga,3000,7.3,2018,https://cdn.myanimelist.net/images/manga/2/222958l.jpg
439,Saikyou Yuusha wa Oharaibako→Maou ni Nattara Zutto Ore no Musou Turn,From Betrayed Hero to Invincible Demon King,最強勇者はお払い箱→魔王になったらずっと俺の無双ターン,Manga,2994,6.41,2018,https://cdn.myanimelist.net/images/manga/2/236093l.jpg
440,Dame na Kanojo wa Amaetai,,ダメな彼女は甘えたい,Manga,2992,6.19,2018,https://cdn.myanimelist.net/images/manga/3/210291l.jpg
441,Men's Life,Men's Life: Her Secret Life in the Boys' Dormitory,メンズライフ,Manga,2985,7.23,2018,https://cdn.myanimelist.net/images/manga/1/209998l.jpg
442,Yasashii Hikari,warm and somewhat sleepy light,やさしいヒカリ,Manga,2981,7.58,2018,https://cdn.myanimelist.net/images/manga/3/216403l.jpg
443,Fairy Tail: City Hero,Fairy Tail: City Hero,FAIRY TAIL CITY HERO,Manga,2980,6.94,2018,https://cdn.myanimelist.net/images/manga/1/219511l.jpg
444,"Ichi ka, Bachi ka",All or Nothing,いちか、ばちか,Manga,2965,6.9,2018,https://cdn.myanimelist.net/images/manga/1/225774l.jpg
445,Kedamono Arashi: Kiss Me Baby!,Beast's Storm: Kiss Me Baby!,ケダモノアラシ -kiss me baby!-,Manga,2961,7.3,2018,https://cdn.myanimelist.net/images/manga/3/225118l.jpg
446,Jaken-san wa Sugu Bureru,A Cursed Sword's Daily Life,邪剣さんはすぐブレる,Manga,2959,7.26,2018,https://cdn.myanimelist.net/images/manga/3/276558l.jpg
447,Nekogurashi no Gamer-san,Cat + Gamer,猫暮らしのゲーマーさん,Manga,2941,7.37,2018,https://cdn.myanimelist.net/images/manga/2/222202l.jpg
448,"Goodbye, In-Law!","Goodbye, In-Law!",굿바이 사돈!,Manhwa,2928,7.52,2018,https://cdn.myanimelist.net/images/manga/1/245899l.jpg
449,Tensei Akujo no Kuro Rekishi,The Dark History of the Reincarnated Villainess,転生悪女の黒歴史,Manga,2922,7.02,2018,https://cdn.myanimelist.net/images/manga/3/229039l.jpg
450,A Shoulder to Cry On,A Shoulder to Cry On,소년을 위로해줘,Manhwa,2919,7.41,2018,https://cdn.myanimelist.net/images/manga/3/259941l.jpg
451,Hiru to Yoru no Oishii Jikan,,ひるとよるのおいしい時間,Manga,2917,6.99,2018,https://cdn.myanimelist.net/images/manga/2/222463l.jpg
452,Mizu wa Umi ni Mukatte Nagareru,,水は海に向かって流れる,Manga,2896,7.46,2018,https://cdn.myanimelist.net/images/manga/2/226118l.jpg
453,Kiriko Kill,,切子・殺〈キル〉,Manga,2886,5.17,2018,https://cdn.myanimelist.net/images/manga/3/224441l.jpg
454,Arifureta Shokugyou de Sekai Saikyou Zero,Arifureta: From Commonplace to World's Strongest Zero,ありふれた職業で世界最強 零,Manga,2876,7.21,2018,https://cdn.myanimelist.net/images/manga/3/221478l.jpg
455,Adam no Rokkotsu,The Rib of Adam,アダムの肋骨,Manga,2871,7.22,2018,https://cdn.myanimelist.net/images/manga/2/219750l.jpg
456,Ookami e no Yomeiri: Ishu Konintan,Marriage to the Wolf: An Interspecies Union,狼への嫁入り～異種婚姻譚～,Manga,2845,7.23,2018,https://cdn.myanimelist.net/images/manga/2/225324l.jpg
457,Tekitou na Maid no Oneesan to Erasou de Ichizu na Bocchan,,テキトーなメイドのお姉さんと偉そうで一途な坊っちゃん,Manga,2812,6.76,2018,https://cdn.myanimelist.net/images/manga/1/222275l.jpg
458,Darling in the FranXX!,,だーりん・いん・ざ・ふらんきす！,Manga,2808,7.11,2018,https://cdn.myanimelist.net/images/manga/3/219583l.jpg
459,Jiisama ga Iku,Grandpa Is Summoned,じい様が行く,Manga,2806,6.6,2018,https://cdn.myanimelist.net/images/manga/2/220790l.jpg
460,Hypnosis Mic: Division Rap Battle - side F.P & M,,ヒプノシスマイク -Division Rap Battle- side F.P & M,Manga,2790,7.96,2018,https://cdn.myanimelist.net/images/manga/1/221225l.jpg
461,Ponkotsu ga Tensei shitara Zongai Saikyou,The Invincible Reincarnated Ponkotsu,ポンコツが転生したら存外最強,Manga,2788,6.34,2018,https://cdn.myanimelist.net/images/manga/1/222003l.jpg
462,Seika Jogakuin Koutoubu Kounin Sao-ojisan,Seika Women's Academy: Certified Comfort Man,聖華女学院高等部公認竿おじさん,Doujinshi,2784,7.89,2018,https://cdn.myanimelist.net/images/manga/3/279035l.jpg
463,Strike or Gutter,,ストライク・オア・ガター,Manga,2774,6.04,2018,https://cdn.myanimelist.net/images/manga/1/217433l.jpg
464,Iris: The Lady and Her Smartphone,Iris: The Lady and Her Smartphone,아이리스 - 스마트폰을 든 레이디,Manhwa,2766,6.71,2018,https://cdn.myanimelist.net/images/manga/1/262574l.jpg
465,"""Omae Gotoki ga Maou ni Kateru to Omouna"" to Yuusha Party wo Tsuihou sareta node, Outo de Kimama ni Kurashitai",Roll Over and Die: I Will Fight for an Ordinary Life with My Love and Cursed Sword!,「お前ごときが魔王に勝てると思うな」と勇者パーティを追放されたので、王都で気ままに暮らしたい,Light Novel,2762,7.58,2018,https://cdn.myanimelist.net/images/manga/1/233832l.jpg
466,Ore wa Inu dewa Arimasen!,,俺は犬ではありません！,Manga,2753,6.39,2018,https://cdn.myanimelist.net/images/manga/3/215503l.jpg
467,"Shijou Saikyou no Daimaou, Murabito A ni Tensei suru",The Greatest Demon Lord Is Reborn as a Typical Nobody,史上最強の大魔王、村人Aに転生する,Light Novel,2747,6.4,2018,https://cdn.myanimelist.net/images/manga/1/227085l.jpg
468,Meitantei Conan: Zero no Tea Time,Detective Conan: Zero's Tea Time,名探偵コナン ゼロの日常〈ティータイム〉,Manga,2746,7.46,2018,https://cdn.myanimelist.net/images/manga/2/211287l.jpg
469,Skeeter Rabbit!!,,スキーターらびっと!!,Manga,2744,5.82,2018,https://cdn.myanimelist.net/images/manga/2/219434l.jpg
470,Boku no Orion,You are My brightest star,僕のオリオン,Manga,2743,6.96,2018,https://cdn.myanimelist.net/images/manga/3/210311l.jpg
471,Kaguya-sama wa Kokurasetai: Shuuchiin Gakuen Nanafushigi,,かぐや様は告らせたい 小説版 ～秀知院学園七不思議～,Light Novel,2718,7.54,2018,https://cdn.myanimelist.net/images/manga/3/215419l.jpg
472,Kami Eshi JK to OL Fujoshi,Drawn Together,神絵師JKとOL腐女子,Manga,2716,6.85,2018,https://cdn.myanimelist.net/images/manga/3/236113l.jpg
473,Zettai ni Yatte wa Ikenai Isekai Shoukan,,絶対にヤッてはいけない異世界召喚,Manga,2705,5.73,2018,https://cdn.myanimelist.net/images/manga/2/223525l.jpg
474,Shuukan Shounen Hachi,Weekly Hachi,週刊少年ハチ,Manga,2691,7.24,2018,https://cdn.myanimelist.net/images/manga/2/210950l.jpg
475,Kowamote Koukousei to Jimiko-san,,コワモテ高校生と地味子さん,Manga,2680,6.55,2018,https://cdn.myanimelist.net/images/manga/3/225356l.jpg
476,Sayonara no Asa ni Yakusoku no Hana wo Kazarou,Maquia: When the Promised Flower Blooms,さよならの朝に約束の花をかざろう,Manga,2672,7.65,2018,https://cdn.myanimelist.net/images/manga/1/220810l.jpg
477,Succubus Gakuen no Inu!!,Welcome to Succubus High!,サキュバス学園の犬ッ!!,Manga,2659,5.87,2018,https://cdn.myanimelist.net/images/manga/3/226576l.jpg
478,Reo to Mabu: Futari wa Sarazanmai,Sarazanmai: Reo and Mabu,レオとマブ～ふたりはさらざんまい～,Manga,2646,7.2,2018,https://cdn.myanimelist.net/images/manga/3/219469l.jpg
479,Refund High School,Refund High School,고교생을 환불해 주세요,Manhwa,2642,7.53,2018,https://cdn.myanimelist.net/images/manga/2/261887l.jpg
480,Kimi tte Yatsu wa Konna ni mo,I Seriously Can't Believe You...,君ってやつはこんなにも,Manga,2627,7.4,2018,https://cdn.myanimelist.net/images/manga/3/227433l.jpg
481,Mokuyoubi wa Kimi to Nakitai.,I Want To Cry With You On Thursday.,木曜日は君と泣きたい。,Manga,2615,6.84,2018,https://cdn.myanimelist.net/images/manga/2/221815l.jpg
482,Bakeneko Katatte Sourou,The Cat Proposed,化け猫かたって候,Manga,2612,7.66,2018,https://cdn.myanimelist.net/images/manga/3/236814l.jpg
482,Maria-sensei wa Imouto Gachizei!,,マリア先生は妹ガチ勢！,Manga,2612,6.51,2018,https://cdn.myanimelist.net/images/manga/1/213291l.jpg
484,Nihon e Youkoso Elf-san.,"Welcome to Japan, Ms. Elf!",日本へようこそエルフさん。,Light Novel,2607,7.34,2018,https://cdn.myanimelist.net/images/manga/2/217379l.jpg
485,Thoroughbred wa Nabikanai,Thoroughbred Doesn't Flutter,サラブレッドはなびかない,Manga,2593,7.16,2018,https://cdn.myanimelist.net/images/manga/1/232461l.jpg
486,Anti Alpha,,アンチアルファ,Manga,2586,6.94,2018,https://cdn.myanimelist.net/images/manga/3/225016l.jpg
487,Count Over,,COUNT OVER,One-shot,2576,6.84,2018,https://cdn.myanimelist.net/images/manga/2/211757l.jpg
488,50cm no Isshou,A Story of Seven Lives,ゴジュッセンチの一生,Manga,2574,7.85,2018,https://cdn.myanimelist.net/images/manga/5/244397l.jpg
489,A Man of Virtue,A Man of Virtue,정숙한 남자,Manhwa,2559,7.22,2018,https://cdn.myanimelist.net/images/manga/1/334098l.jpg
490,Demon Tune,,DEMON TUNE,Manga,2557,6.7,2018,https://cdn.myanimelist.net/images/manga/3/209790l.jpg
491,"See You Later, Mermaid","See You Later, Mermaid","See you later,Mermaid",Manga,2556,7.69,2018,https://cdn.myanimelist.net/images/manga/2/228676l.jpg
492,Sabikui Bisco,Sabikui Bisco,錆喰いビスコ,Light Novel,2554,7.43,2018,https://cdn.myanimelist.net/images/manga/1/263357l.jpg
493,"Doryoku Shisugita Sekai Saikyou no Butouka wa, Mahou Sekai wo Yoyuu de Ikinuku.",,努力しすぎた世界最強の武闘家は、魔法世界を余裕で生き抜く。,Manga,2540,6.0,2018,https://cdn.myanimelist.net/images/manga/3/228903l.jpg
494,Elf to Shuryoushi no Item Koubou,The Elf and the Hunter's Item Atelier,エルフと狩猟士のアイテム工房,Manga,2534,7.17,2018,https://cdn.myanimelist.net/images/manga/1/217060l.jpg
495,Ashigei Shoujo Komura-san,,足芸少女こむらさん,One-shot,2528,6.37,2018,https://cdn.myanimelist.net/images/manga/2/214003l.jpg
496,Sunami Yuuko to Yuri na Hitobito,,須波優子と百合な人びと,Manga,2518,6.69,2018,https://cdn.myanimelist.net/images/manga/2/215494l.jpg
497,"Skill ""Daidokoro Shoukan"" wa Sugoi!: Isekai de Gohan Tsukutte Point Tamemasu",,スキル『台所召喚』はすごい！～異世界でごはん作ってポイントためます～,Manga,2517,6.72,2018,https://cdn.myanimelist.net/images/manga/2/221294l.jpg
498,Subarashii Kisetsu ni Yasashii Kimi to,This Wonderful Season With You,素晴らしい季節に優しい君と,Manga,2513,7.45,2018,https://cdn.myanimelist.net/images/manga/2/244270l.jpg
499,Mushoku Tensei: 4-koma ni Nattemo Honki Dasu,,無職転生～4コマになっても本気だす～,Manga,2501,7.23,2018,https://cdn.myanimelist.net/images/manga/1/236976l.jpg
500,Black Clover Gaiden: Quartet Knights,,ブラッククローバー外伝 カルテットナイツ,Manga,2491,7.19,2018,https://cdn.myanimelist.net/images/manga/2/221185l.jpg
500,Zombie Hide Sex,Fooling Around While the Zombies Roam,ゾンビ・ハイド・セックス,Manga,2491,7.0,2018,https://cdn.myanimelist.net/images/manga/2/290861l.jpg
502,Yoshinozuikara,Yoshi no Zuikara: The Frog in the Well Does Not Know the Ocean,ヨシノズイカラ,Manga,2480,7.13,2018,https://cdn.myanimelist.net/images/manga/2/223937l.jpg
503,Around 40 Shachiku no Golem Master,"Around Forty ""Shachiku"" is Golem Master",アラフォー社畜のゴーレムマスター,Manga,2469,5.96,2018,https://cdn.myanimelist.net/images/manga/1/232833l.jpg
504,Soukon no Shoujo to Sourei no Tabi,Alpi the Soul Sender,送魂の少女と葬礼の旅,Manga,2467,6.84,2018,https://cdn.myanimelist.net/images/manga/3/220789l.jpg
505,Shishunki no Obenkyou,,思春期のお勉強,Manga,2463,7.79,2018,https://cdn.myanimelist.net/images/manga/3/246272l.jpg
506,Subete no Jinrui wo Hakai suru. Sorera wa Saisei Dekinai.,,すべての人類を破壊する。それらは再生できない。,One-shot,2459,7.24,2018,https://cdn.myanimelist.net/images/manga/2/220188l.jpg
507,Joou Heika no Isekai Strategy,Her Majesty's Swarm,女王陛下の異世界戦略〈ストラテジー〉,Novel,2442,7.03,2018,https://cdn.myanimelist.net/images/manga/1/229572l.jpg
507,Midara na Jakyou ni Sukuu Mono,A Thing Hiding in a Erotic Cult,淫らな邪教に巣喰うモノ,Manga,2442,4.91,2018,https://cdn.myanimelist.net/images/manga/1/222265l.jpg
509,Odayaka Kizoku no Kyuuka no Susume. @comic,A Gentle Noble's Vacation Recommendation,穏やか貴族の休暇のすすめ。＠COMIC,Manga,2417,7.27,2018,https://cdn.myanimelist.net/images/manga/3/221033l.jpg
510,Achira Kochira de Aimashou,The Man in the Mirror,彼方此方で逢いましょう,Manga,2406,7.73,2018,https://cdn.myanimelist.net/images/manga/2/227471l.jpg
511,Citrus: Comic Anthology,,citrus コミックアンソロジー,Manga,2392,7.39,2018,https://cdn.myanimelist.net/images/manga/1/222948l.jpg
512,"Ashita, Naisho no Kiss Shiyou",Let's Kiss in Secret Tomorrow,明日、ナイショのキスしよう,Manga,2375,6.46,2018,https://cdn.myanimelist.net/images/manga/3/224496l.jpg
512,"Saikyoushoku ""Ryuukishi"" kara Shokyuushoku ""Hakobiya"" ni Natta noni Nazeka Yuusha-tachi kara Tayoraretemasu @comic",,最強職《竜騎士》から初級職《運び屋》になったのに、なぜか勇者達から頼られてます＠comic,Manga,2375,6.21,2018,https://cdn.myanimelist.net/images/manga/1/233968l.jpg
514,Sword Art Online: Progressive - Houei no Barcarolle,Sword Art Online: Progressive - Barcarolle of Froth,ソードアート・オンライン プログレッシブ 泡影のバルカローレ,Manga,2369,7.35,2018,https://cdn.myanimelist.net/images/manga/1/236995l.jpg
515,Kaijuu-iro no Shima,Monster-Colored Island,かいじゅう色の島,Manga,2366,6.8,2018,https://cdn.myanimelist.net/images/manga/3/245002l.jpg
516,Koukyuu no Karasu,Raven of the Inner Palace,後宮の烏,Novel,2358,7.7,2018,https://cdn.myanimelist.net/images/manga/3/268517l.jpg
517,Last Omegaverse,The Last Omegaverse,ラスト・オメガバース,Manga,2354,6.65,2018,https://cdn.myanimelist.net/images/manga/1/226321l.jpg
518,Jitsu wa Watashi Sexless de Nayandemashita,"Secretly, I've Been Suffering About Being Sexless",実は私セックスレスで悩んでました,Manga,2351,6.56,2018,https://cdn.myanimelist.net/images/manga/3/220822l.jpg
519,Ane no Yuujin,,姉の友人,Manga,2337,6.69,2018,https://cdn.myanimelist.net/images/manga/2/245794l.jpg
520,Rental Kanojo Tsukita-san,,レンタル彼女月田さん,Manga,2327,6.88,2018,https://cdn.myanimelist.net/images/manga/2/235063l.jpg
521,Kyou kara Ω ni Narimashita.,I’ve Become an Omega Today,今日からΩになりました。,Manga,2324,6.63,2018,https://cdn.myanimelist.net/images/manga/2/220670l.jpg
522,Yubiwa no Eranda Konyakusha,The Fiancée Chosen by the Ring,指輪の選んだ婚約者,Manga,2319,6.75,2018,https://cdn.myanimelist.net/images/manga/2/222675l.jpg
523,Boukyaku Battery,Oblivion Battery,忘却バッテリー,Manga,2299,7.7,2018,https://cdn.myanimelist.net/images/manga/1/215263l.jpg
524,Prison Town e Youkoso!,,監獄街〈プリスンタウン〉へようこそ！,Manga,2287,7.04,2018,https://cdn.myanimelist.net/images/manga/3/210438l.jpg
525,Zombieland Saga,,ゾンビランドサガ,Manga,2285,6.65,2018,https://cdn.myanimelist.net/images/manga/2/224965l.jpg
526,Gamblers Parade,,ギャンブラーズパレード,Manga,2275,6.46,2018,https://cdn.myanimelist.net/images/manga/2/215270l.jpg
527,Hitoribocchi no Isekai Kouryaku,Loner Life in Another World,ひとりぼっちの異世界攻略,Light Novel,2272,7.02,2018,https://cdn.myanimelist.net/images/manga/1/215580l.jpg
528,Buzzy Noise,,バジーノイズ,Manga,2266,6.97,2018,https://cdn.myanimelist.net/images/manga/2/221142l.jpg
529,Hitori to Hitori no 3650-nichi,,1人と一人の3650日,Manga,2262,7.21,2018,https://cdn.myanimelist.net/images/manga/2/235765l.jpg
530,Tensei-saki ga Shoujo Manga no Shirobuta Reijou datta,,転生先が少女漫画の白豚令嬢だった,Manga,2255,6.33,2018,https://cdn.myanimelist.net/images/manga/1/221157l.jpg
530,Urushiha Sarara wa Koi nado Shinai!,Sarara Urushiha Is Not Into Romance,漆葉さららは恋などしないっ,Manga,2255,6.54,2018,https://cdn.myanimelist.net/images/manga/3/211422l.jpg
532,Ω wa Pink no Yume wo Miru,,Ωはピンクの夢を見る,Manga,2252,6.7,2018,https://cdn.myanimelist.net/images/manga/3/224692l.jpg
533,Magia Record: Mahou Shoujo Madoka☆Magica Gaiden,Magia Record: Puella Magi Madoka Magica Side Story,マギアレコード 魔法少女まどか☆マギカ外伝,Manga,2251,7.31,2018,https://cdn.myanimelist.net/images/manga/2/260358l.jpg
534,Gekkakoku Kiiden,The Eccentric Doctor of the Moon Flower Kingdom,月華国奇医伝,Manga,2249,6.91,2018,https://cdn.myanimelist.net/images/manga/1/220958l.jpg
535,Slime Tensei. Daikenja ga Youjo Elf ni Dakishimeraretemasu,,スライム転生。 大賢者が養女エルフに抱きしめられてます,Manga,2248,6.32,2018,https://cdn.myanimelist.net/images/manga/3/228391l.jpg
536,Mizuno to Chayama,Mizuno and Chayama,水野と茶山,Manga,2247,6.7,2018,https://cdn.myanimelist.net/images/manga/2/236205l.jpg
536,Omukae Shibuya-kun,,お迎え渋谷くん,Manga,2247,6.4,2018,https://cdn.myanimelist.net/images/manga/2/220929l.jpg
538,Under Observation: My First Loves and I,Under Observation: My First Loves and I,첫사랑 모르모트,Manhwa,2245,7.24,2018,https://cdn.myanimelist.net/images/manga/1/259561l.jpg
539,Houtou Musuko to Koi no Ana,,放蕩息子と恋の穴,Manga,2240,6.97,2018,https://cdn.myanimelist.net/images/manga/3/232883l.jpg
540,Ore no Kirai na Senpai,The Guy I Hate,俺の嫌いな先輩,Manga,2239,7.23,2018,https://cdn.myanimelist.net/images/manga/1/225034l.jpg
541,Yakusoku no Neverland: Norman kara no Tegami,,約束のネバーランド～ノーマンからの手紙～,Light Novel,2236,7.43,2018,https://cdn.myanimelist.net/images/manga/2/229482l.jpg
542,Girls & Panzer: Pravda Senki,Girls und Panzer: Saga of Pravda,ガールズ&パンツァー プラウダ戦記,Manga,2235,7.97,2018,https://cdn.myanimelist.net/images/manga/3/236121l.jpg
543,Sakuraba-san wa Tomaranai!,,桜庭さんは止まらないっ！,Manga,2232,6.46,2018,https://cdn.myanimelist.net/images/manga/2/219514l.jpg
544,Azur Lane: Bisoku Zenshin!,,アズールレーン びそくぜんしんっ!,Manga,2227,7.24,2018,https://cdn.myanimelist.net/images/manga/3/220962l.jpg
545,Ne0;lation,Ne0;lation,ne0;lation,Manga,2220,6.0,2018,https://cdn.myanimelist.net/images/manga/1/217671l.jpg
546,Yurikon,,ゆりこん,Manga,2214,7.2,2018,https://cdn.myanimelist.net/images/manga/2/211753l.jpg
547,Hoshokukei Heroine ni Ato 1-nen Inai ni Taberaremasu,Destined to Be Eaten Within a Year by the Predacious Heroine,捕食系ヒロインにあと1年以内に食べられます,Manga,2208,6.6,2018,https://cdn.myanimelist.net/images/manga/1/225832l.jpg
547,Mamono-tachi wa Katazukerarenai,,魔物たちは片付けられない,Manga,2208,7.18,2018,https://cdn.myanimelist.net/images/manga/2/215702l.jpg
549,Tabetemo Oishiku Arimasen,,食べてもおいしくありません,Manga,2207,7.26,2018,https://cdn.myanimelist.net/images/manga/3/226660l.jpg
550,Lilith,Lilith,릴리트,Manhwa,2206,6.38,2018,https://cdn.myanimelist.net/images/manga/3/259682l.jpg
551,Yajin,,夜人,Manga,2189,6.83,2018,https://cdn.myanimelist.net/images/manga/1/215284l.jpg
552,The World Is Money and Power,The World Is Money and Power,세상은 돈과 권력,Manhwa,2187,6.6,2018,https://cdn.myanimelist.net/images/manga/3/263550l.jpg
553,Boku no Gemini,My Gemini,僕のジェミニ,Manga,2180,7.71,2018,https://cdn.myanimelist.net/images/manga/3/250489l.jpg
554,Yasashii Pantsu no Nugasekata,,優しいパンツの脱がせ方,Manga,2177,6.86,2018,https://cdn.myanimelist.net/images/manga/1/220777l.jpg
555,Karasu no Yomeiri,Crow's Marriage,カラスの嫁入り,Manga,2175,6.97,2018,https://cdn.myanimelist.net/images/manga/2/223773l.jpg
556,Inaka ni Kaeru to Yakeni Natsuita Kasshoku Ponytail Shota ga Iru,A Vacation With the Ponytailed Tanning Boy,田舎に帰るとやけになついた褐色ポニテショタがいる,Manga,2168,7.05,2018,https://cdn.myanimelist.net/images/manga/1/217656l.jpg
557,Hell Is Other People,Hell Is Other People,타인은 지옥이다,Manhwa,2158,7.46,2018,https://cdn.myanimelist.net/images/manga/1/253566l.jpg
558,Tale of the Yellow Dragon,Tale of the Yellow Dragon,황룡전,Manhwa,2155,7.6,2018,https://cdn.myanimelist.net/images/manga/2/259806l.jpg
559,Shakaijin Yuri Anthology,Whenever Our Eyes Meet...: A Women's Love Anthology,社会人百合アンソロジー,Manga,2144,6.95,2018,https://cdn.myanimelist.net/images/manga/1/227370l.jpg
560,Search and Destroy,Search and Destroy,サーチアンドデストロイ,Manga,2143,7.22,2018,https://cdn.myanimelist.net/images/manga/2/230492l.jpg
561,Shikei Game,,私刑ゲーム,Manga,2142,5.08,2018,https://cdn.myanimelist.net/images/manga/2/226361l.jpg
562,"Musebinake, Junjou",,むせび鳴け、純情,Manga,2138,7.16,2018,https://cdn.myanimelist.net/images/manga/2/223961l.jpg
563,Mahouka Koukou no Rettousei: Kaichou Senkyo-hen,,魔法科高校の劣等生 会長選挙編,Manga,2134,6.97,2018,https://cdn.myanimelist.net/images/manga/2/217644l.jpg
563,Tokushu Seiheki Kyoushitsu e Youkoso,Welcome to the Special Idiosyncrasy Classroom,特殊性癖教室へようこそ,Manga,2134,5.74,2018,https://cdn.myanimelist.net/images/manga/3/219820l.jpg
565,Juujin-san to Ohana-chan,Hana and the Beast Man,獣人さんとお花ちゃん,Manga,2133,7.48,2018,https://cdn.myanimelist.net/images/manga/3/245638l.jpg
565,Mahou? Sonna Koto yori Kinniku da!,Muscles are Better Than Magic!,魔法?そんなことより筋肉だ!,Manga,2133,6.71,2018,https://cdn.myanimelist.net/images/manga/3/215076l.jpg
567,Ijimekaeshi. Fukushuu no Calendrier,Calendrier Vengeur,イジメカエシ。-復讐の31〈カランドリエ〉-,Manga,2127,6.09,2018,https://cdn.myanimelist.net/images/manga/2/237046l.jpg
568,"Oda Nobunaga to Iu Nazo no Shokugyou ga Mahou Kenshi yori Cheat Datta node, Oukoku wo Tsukuru Koto ni Shimashita",Mysterious Job Called Oda Nobunaga,織田信長という謎の職業が魔法剣士よりチートだったので、王国を作ることにしました,Manga,2125,6.48,2018,https://cdn.myanimelist.net/images/manga/3/242415l.jpg
569,Narikawari,,ナリカワリ,Manga,2119,5.98,2018,https://cdn.myanimelist.net/images/manga/2/219560l.jpg
570,31-banme no Okisaki-sama,The 31st Consort,31番目のお妃様,Manga,2117,6.97,2018,https://cdn.myanimelist.net/images/manga/1/224857l.jpg
570,No Scope,No Scope,하드캐리,Manhwa,2117,6.62,2018,https://cdn.myanimelist.net/images/manga/1/261217l.jpg
572,Takane no Hana wa Usotsuki desu.,,高嶺の花はウソツキです。,Manga,2098,6.61,2018,https://cdn.myanimelist.net/images/manga/2/211844l.jpg
573,Yuzuki-san Chi no Yonkyoudai.,,柚木さんちの四兄弟。,Manga,2094,7.66,2018,https://cdn.myanimelist.net/images/manga/3/221977l.jpg
574,Tokubetsu ni Kawaiku Mieru no desu.,,特別に可愛く見えるのです。,Manga,2090,6.89,2018,https://cdn.myanimelist.net/images/manga/3/221869l.jpg
575,Kuroha to Nijisuke: Kuroki Majo no Divertimento,,クロハと虹介 黒き魔女の嬉遊曲〈ディヴェルティメント〉,Manga,2085,7.41,2018,https://cdn.myanimelist.net/images/manga/1/224376l.jpg
576,Akuyaku Reijou no Torimaki Yameyou to Omoimasu,Beating the Heroine at Her Own Game,悪役令嬢の取り巻きやめようと思います,Manga,2083,6.14,2018,https://cdn.myanimelist.net/images/manga/2/224168l.jpg
577,"Seijo ni Naru node Nidome no Jinsei wa Katteni Sasete Moraimasu: Outaishi wa, Zense de Watashi wo Futta Koibito Deshita",,聖女になるので二度目の人生は勝手にさせてもらいます ～王太子は、前世で私を振った恋人でした～,Manga,2082,6.51,2018,https://cdn.myanimelist.net/images/manga/2/222255l.jpg
578,Tsukiiro no Invader,,月色のインベーダー,Manga,2073,6.85,2018,https://cdn.myanimelist.net/images/manga/2/225092l.jpg
579,Dokumushi: The Ruins Hotel,,ドクムシ the ruins hotel,Manga,2065,5.37,2018,https://cdn.myanimelist.net/images/manga/2/236189l.jpg
580,Azur Lane: Queen's Orders,,アズールレーン Queen's Orders,Manga,2056,7.36,2018,https://cdn.myanimelist.net/images/manga/1/220961l.jpg
581,Ayashikotogatari,Ghostly Things,怪しことがたり,Manga,2055,6.48,2018,https://cdn.myanimelist.net/images/manga/3/211542l.jpg
582,"Kochira Last Boss Maoujoumae ""Kyoukai""",The church in front of the devil's castle,こちらラスボス魔王城前「教会」,Manga,2052,6.73,2018,https://cdn.myanimelist.net/images/manga/2/224351l.jpg
583,Tonari wa Nani wo Kuu Hito zo: Horoyoi,,トナリはなにを食う人ぞ ほろよい,Manga,2051,7.3,2018,https://cdn.myanimelist.net/images/manga/2/223511l.jpg
584,My Fair Footman,My Fair Footman,마이 페어 풋맨,Manhwa,2042,6.9,2018,https://cdn.myanimelist.net/images/manga/2/263008l.jpg
585,Boukensha ni Naritai to Miyako ni Deteitta Musume ga S-Rank ni Natteta,My Daughter Left the Nest and Returned an S-Rank Adventurer,冒険者になりたいと都に出て行った娘がSランクになってた,Light Novel,2035,7.34,2018,https://cdn.myanimelist.net/images/manga/1/211772l.jpg
586,Marielle Clarac no Konyaku,The Engagement of Marielle Clarac,マリエル・クララックの婚約,Manga,2030,6.82,2018,https://cdn.myanimelist.net/images/manga/1/224413l.jpg
587,Itoshi no XL Size,"His Extra-Large, Ever-So-Lovely...",愛しのXLサイズ,Manga,2019,6.98,2018,https://cdn.myanimelist.net/images/manga/2/289826l.jpg
588,Yuusha wa Shimei wo Wasureteru,,勇者は使命を忘れてる,Manga,2015,6.65,2018,https://cdn.myanimelist.net/images/manga/3/221199l.jpg
589,Inma-kun wa Oshigoto Dekinai,,淫魔くんはお仕事できない,Manga,2012,7.06,2018,https://cdn.myanimelist.net/images/manga/2/232368l.jpg
590,Zombie Bat,,ゾンビバット,Manga,2009,,2018,https://cdn.myanimelist.net/images/manga/3/211722l.jpg
591,Daiji ni Suru kara Tabete Ii?,Can I Eat You If I Cherish You?,大事にするから食べていい?,Manga,2007,6.79,2018,https://cdn.myanimelist.net/images/manga/1/238155l.jpg
592,Kimi to Oishii Ai no Kotonoha,Love at First Bite,君と美味しい愛のコトノハ,Manga,2006,7.06,2018,https://cdn.myanimelist.net/images/manga/2/236051l.jpg
593,"Chéri, Unmei no Hito!","Chéri, My Destiny!",Chéri，運命のひと!,Manga,1998,6.82,2018,https://cdn.myanimelist.net/images/manga/3/254990l.jpg
594,Zingnize,,ZINGNIZE,Manga,1994,6.59,2018,https://cdn.myanimelist.net/images/manga/2/223886l.jpg
595,"Takane no Hana wa, Chirasaretai",Scattering His Virgin Bloom,高嶺の花は、散らされたい,Manga,1993,6.88,2018,https://cdn.myanimelist.net/images/manga/1/238054l.jpg
596,Fukei-san to Ansatsu-san,Policewoman and Assassin,婦警さんと暗殺さん,Manga,1992,6.37,2018,https://cdn.myanimelist.net/images/manga/1/235529l.jpg
597,Ao no Hana Utsuwa no Mori,,青の花 器の森,Manga,1984,7.48,2018,https://cdn.myanimelist.net/images/manga/1/212590l.jpg
598,Toki wo Koeru Kage,H.P. Lovecraft's The Shadow Out of Time,時を超える影,Manga,1971,7.36,2018,https://cdn.myanimelist.net/images/manga/3/216981l.jpg
599,Ookami Ryoushu no Ojousama,Princess of the Wolf Lord,狼領主のお嬢様,Manga,1961,7.03,2018,https://cdn.myanimelist.net/images/manga/1/224429l.jpg
600,The King of Fighters: A New Beginning,The King of Fighters: A New Beginning,THE KING OF FIGHTERS ～A NEW BEGINNING～,Manga,1952,7.11,2018,https://cdn.myanimelist.net/images/manga/3/210389l.jpg
601,Hige to Suzu to Shabondama,,ヒゲと鈴としゃぼん玉,Manga,1937,7.63,2018,https://cdn.myanimelist.net/images/manga/1/237881l.jpg
602,Itonami Itonamezu,,いとなみいとなめず,Manga,1932,6.66,2018,https://cdn.myanimelist.net/images/manga/1/225947l.jpg
603,Itoshi Koishi,,いとしこいし,Manga,1929,7.03,2018,https://cdn.myanimelist.net/images/manga/2/215756l.jpg
604,Goreijou Takashima Kiyono wa Hisoka ni Tashinamu.,The Secret Etiquette of Lady Takashima.,御令嬢高嶋清乃は密かに嗜む。,Manga,1927,5.96,2018,https://cdn.myanimelist.net/images/manga/3/217699l.jpg
605,Fairy Tail: Happy no Daibouken,Fairy Tail: Happy's Heroic Adventure,FAIRY TAIL ハッピーの大冒険,Manga,1923,6.62,2018,https://cdn.myanimelist.net/images/manga/2/219513l.jpg
605,Fukigen na Kimi to Kimagure na Kiss,,不機嫌な君と気まぐれなキス,Manga,1923,7.18,2018,https://cdn.myanimelist.net/images/manga/2/224171l.jpg
607,Nisekioku Soushitsu no Hachiyo-san,Hachiyo of False Memory Loss,ニセ記憶喪失の蜂夜さん,Manga,1914,6.46,2018,https://cdn.myanimelist.net/images/manga/2/270026l.jpg
608,Yuri Moyou: Sakimiya 4 Shimai no Koi,,百合もよう～咲宮4姉妹の恋～,Manga,1913,6.81,2018,https://cdn.myanimelist.net/images/manga/1/221014l.jpg
609,Ousama α to Puppy Love♡,The Alpha King and Puppy Love,王様αとパピーラブ♡,Manga,1911,7.01,2018,https://cdn.myanimelist.net/images/manga/2/224329l.jpg
610,Ore no Aoharu wa Watasanai,,俺のアオハルは渡さない,Manga,1910,7.19,2018,https://cdn.myanimelist.net/images/manga/1/237846l.jpg
611,Neko x Neko,,ネコ×ネコ,Manga,1902,7.34,2018,https://cdn.myanimelist.net/images/manga/3/223501l.jpg
612,Moto Kouzou Kaiseki Kenkyuusho no Isekai Boukentan,An Isekai Adventure Tale of a Former Structural Analysis Researcher,元構造解析研究者の異世界冒険譚,Manga,1901,5.93,2018,https://cdn.myanimelist.net/images/manga/1/236623l.jpg
613,Burlesque Night,,バーレスクナイト,Manga,1900,6.79,2018,https://cdn.myanimelist.net/images/manga/1/218032l.jpg
614,Tate no Yuusha no Toaru Ichinichi,,盾の勇者のとある一日,Manga,1895,7.0,2018,https://cdn.myanimelist.net/images/manga/2/221788l.jpg
615,Shaman King: Red Crimson,Shaman King: Red Crimson,SHAMAN KING レッドクリムゾン,Manga,1886,7.14,2018,https://cdn.myanimelist.net/images/manga/3/223675l.jpg
616,Planet With,Planet With,プラネット・ウィズ,Manga,1881,7.15,2018,https://cdn.myanimelist.net/images/manga/4/291803l.jpg
617,Oshiego ni Kyouhaku sareru no wa Hanzai desu ka?,,教え子に脅迫されるのは犯罪ですか？,Manga,1880,6.07,2018,https://cdn.myanimelist.net/images/manga/3/216071l.jpg
618,Ore shika Shiranai Karada,I'm the Only One Who Knows Your Body,俺しか知らないカラダ,Manga,1878,7.32,2018,https://cdn.myanimelist.net/images/manga/1/238113l.jpg
619,One Piece Novel: Law,One Piece Novel: Law's Story,ONE PIECE novel LAW,Light Novel,1877,7.66,2018,https://cdn.myanimelist.net/images/manga/1/251912l.jpg
620,Kimi dake wa Shindemo Gomen,,君だけは死んでもごめん,Manga,1875,6.83,2018,https://cdn.myanimelist.net/images/manga/2/224431l.jpg
621,Slow Loop,,スローループ,Manga,1873,7.31,2018,https://cdn.myanimelist.net/images/manga/1/221723l.jpg
622,Ah! Warera ga Myao Shougun,"Oh, Our General Myao.",あゝ我らがミャオ将軍,Manga,1870,6.92,2018,https://cdn.myanimelist.net/images/manga/2/219118l.jpg
623,Land Lock,,LAND LOCK,Manga,1866,6.19,2018,https://cdn.myanimelist.net/images/manga/1/219920l.jpg
624,Hattatsu Shougai to Issho ni Otona ni Natta Watashitachi,My Brain Is Different: Stories of ADHD and Other Developmental Disorders,発達障害と一緒に大人になった私たち,Manga,1857,7.64,2018,https://cdn.myanimelist.net/images/manga/1/254701l.jpg
625,Torokeru Tsumugi-chan,,とろける紬ちゃん,Manga,1847,6.82,2018,https://cdn.myanimelist.net/images/manga/1/229622l.jpg
626,The Lady with a Mask,The Lady with a Mask,가면 쓴 여자,Manhwa,1846,7.13,2018,https://cdn.myanimelist.net/images/manga/1/264684l.jpg
627,Akane wa Tsumare Somerareru,,茜ハ摘マレ染メラレル,Doujinshi,1830,7.16,2018,https://cdn.myanimelist.net/images/manga/3/237156l.jpg
628,Inoue-kun Hajimemasen ka?,Wanna Try Dating Inoue?,井上くんはじめませんか?,Manga,1825,7.28,2018,https://cdn.myanimelist.net/images/manga/3/237737l.jpg
629,14-sai demo Shiawase ni Shimasu!,I'm Only 14 But I'll Make You Happy!,14歳でも幸せにします!,Manga,1824,6.01,2018,https://cdn.myanimelist.net/images/manga/1/228095l.jpg
630,Heart Mark Oome.,Lotsa Hearts,はーとまーく多め。,Doujinshi,1813,7.44,2018,https://cdn.myanimelist.net/images/manga/2/228208l.jpg
630,Konyakusha ga Akuyaku de Komattemasu,,婚約者が悪役で困ってます,Manga,1813,6.58,2018,https://cdn.myanimelist.net/images/manga/2/229308l.jpg
632,Head Over Heels,Head Over Heels,하얀데레,Manhwa,1806,5.81,2018,https://cdn.myanimelist.net/images/manga/1/259789l.jpg
633,I Spy,,I SPY,One-shot,1801,7.02,2018,https://cdn.myanimelist.net/images/manga/2/235071l.jpg
634,Dakishimete Tsuideni Kiss mo,Will you be the one for me? XOXO,抱きしめて ついでにキスも,Manga,1799,6.79,2018,https://cdn.myanimelist.net/images/manga/3/221863l.jpg
635,Amaenbo Honey,,あまえんぼハニー,Manga,1791,6.73,2018,https://cdn.myanimelist.net/images/manga/2/229121l.jpg
636,Hypnosis Mic: Division Rap Battle - side B.B & M.T.C,,ヒプノシスマイク -Division Rap Battle- side B.B & M.T.C,Manga,1790,7.51,2018,https://cdn.myanimelist.net/images/manga/3/221224l.jpg
637,Ore no Oniku-chan,my lovely is Plump boy.,俺のおにくちゃん,Manga,1785,6.89,2018,https://cdn.myanimelist.net/images/manga/2/223685l.jpg
638,Kono Kamen no Akuma ni Soudan wo!,,この仮面の悪魔に相談を！,Manga,1784,7.4,2018,https://cdn.myanimelist.net/images/manga/1/217631l.jpg
639,Tsuma ni Damatte Sokubaikai ni Ikun ja Nakatta,I Shouldn't Have Gone to the Doujinshi Convention without Telling My Wife,妻に黙って即売会に行くんじゃなかった,Manga,1765,7.22,2018,https://cdn.myanimelist.net/images/manga/1/276166l.jpg
640,Jisatsu shitai Onna Yuusha ni Maou ga Komarasareteimasu!,The Devil Is Troubled by the Suicidal Heroine!,自殺したい女勇者に魔王が困らされています！,Manga,1763,6.34,2018,https://cdn.myanimelist.net/images/manga/1/215686l.jpg
641,Asoko Araiya-san!,Traditional Job of Washing Girl's Body,アソコ洗い屋さん!,Manga,1759,7.33,2018,https://cdn.myanimelist.net/images/manga/3/248667l.jpg
642,Watashitachi wa Koi wo Egakenai,,私たちは恋を描けない,Manga,1755,6.59,2018,https://cdn.myanimelist.net/images/manga/3/219543l.jpg
643,Hyakuemu.,100m.,ひゃくえむ。,Manga,1745,7.75,2018,https://cdn.myanimelist.net/images/manga/1/303147l.jpg
644,Hanagara Tsumi,,花がら摘み,Manga,1739,6.87,2018,https://cdn.myanimelist.net/images/manga/3/225934l.jpg
645,Read to Level Up,Read to Level Up,책을 읽으면 경험이 쌓여,Manhwa,1738,6.42,2018,https://cdn.myanimelist.net/images/manga/1/262772l.jpg
646,VRMMO de Summoner Hajimemashita,,VRMMOでサモナー始めました,Manga,1736,6.26,2018,https://cdn.myanimelist.net/images/manga/1/237415l.jpg
647,Yakuza wo Shibatte Ii desu ka?,May I Tie Up the Yakuza,ヤクザを縛っていいですか?,Manga,1734,7.27,2018,https://cdn.myanimelist.net/images/manga/3/232417l.jpg
648,Waga Gyouyuu ni Furueyo Tenchi: Alexis Teikoku Kouryuuki,The Alexis Empire Chronicle,我が驍勇にふるえよ天地 ～アレクシス帝国興隆記～,Manga,1733,6.7,2018,https://cdn.myanimelist.net/images/manga/1/216085l.jpg
649,Our Paradise,Our Paradise,청사과 낙원,Manhwa,1726,7.83,2018,https://cdn.myanimelist.net/images/manga/2/245901l.jpg
650,Bungou Stray Dogs Koushiki Anthology: Rin,Bungo Stray Dogs Official Comic Anthology: Rin,文豪ストレイドッグス 公式アンソロジー ～凛～,Manga,1722,7.44,2018,https://cdn.myanimelist.net/images/manga/1/235430l.jpg
651,Boku no Hero Academia the Movie: Futari no Hero,,僕のヒーローアカデミア THE MOVIE～2人の英雄〈ヒーロー〉～,Light Novel,1720,7.1,2018,https://cdn.myanimelist.net/images/manga/3/243325l.jpg
652,Yoroizuka-san wo Baburasetai,,鎧塚さんをバブらせたい,Doujinshi,1719,7.14,2018,https://cdn.myanimelist.net/images/manga/1/295336l.jpg
653,Gokutsuma Days: Gokudou Sankyoudai ni Semararetemasu,Boss Bride Days,極妻デイズ～極道三兄弟にせまられてます～,Manga,1717,6.61,2018,https://cdn.myanimelist.net/images/manga/1/224385l.jpg
654,Girl in the Birdcage,Girl in the Birdcage,새장의 소녀,Manhwa,1713,7.01,2018,https://cdn.myanimelist.net/images/manga/3/260640l.jpg
655,Yuria-sensei no Akai Ito,Yuria's Red String,ゆりあ先生の赤い糸,Manga,1697,7.34,2018,https://cdn.myanimelist.net/images/manga/2/210854l.jpg
656,Yurutto Hunter☆Wantan-chan,,ゆるっとハンター☆ワンタンちゃん,Manga,1681,6.36,2018,https://cdn.myanimelist.net/images/manga/2/217467l.jpg
657,Kagekuri Kitan,,影繰姫譚,Manga,1675,6.2,2018,https://cdn.myanimelist.net/images/manga/3/275883l.jpg
658,Around 40 Kenja no Isekai Seikatsu Nikki: Kimama na Isekai Kyoushi Life,The Diary of a Middle-Aged Teacher's Carefree Life in Another World,アラフォー賢者の異世界生活日記～気ままな異世界教師ライフ～,Manga,1673,6.51,2018,https://cdn.myanimelist.net/images/manga/3/280153l.jpg
659,Dear. Door,Dear. Door,디어 도어,Manhwa,1670,7.66,2018,https://cdn.myanimelist.net/images/manga/2/331190l.jpg
660,Korisenman,The Fox & Little Tanuki,こりせんまん,Manga,1669,7.43,2018,https://cdn.myanimelist.net/images/manga/2/229269l.jpg
661,Shachiku to Gal ga Irekawarimashite,,社畜とギャルが入れ替わりまして,Manga,1667,6.4,2018,https://cdn.myanimelist.net/images/manga/3/234222l.jpg
662,Freeter ga Jimi ni Isekai Teni suru Manga,,フリーターが地味に異世界転移するマンガ,Manga,1666,6.74,2018,https://cdn.myanimelist.net/images/manga/2/225426l.jpg
662,Shoujo Junrei,A girl like a pilgrim,少女巡礼,Manga,1666,6.5,2018,https://cdn.myanimelist.net/images/manga/3/225561l.jpg
664,Joushi no Asoko wa XL Size!? Futoi Sakippo... Haitteru...!,My Boss Has XL Size,上司のアソコはXLサイズ!?～太い先っぽ…入ってる…!,Manga,1656,6.77,2018,https://cdn.myanimelist.net/images/manga/2/227610l.jpg
665,Motokare ga Fudanshi ni Natteorimashite.,My Ex-Boyfriend Loves Boys' Love!,元カレが腐男子になっておりまして。,Manga,1654,7.11,2018,https://cdn.myanimelist.net/images/manga/3/225385l.jpg
665,My Cute Beast!,My Cute Beast!,귀여운 야수님!,Manhwa,1654,7.45,2018,https://cdn.myanimelist.net/images/manga/3/267297l.jpg
667,Super Dragon Ball Heroes: Universe Mission!!,,スーパードラゴンボールヒーローズ ユニバースミッション!!,Manga,1649,6.62,2018,https://cdn.myanimelist.net/images/manga/1/228479l.jpg
668,Bunretsu Lover,,分裂ラバー,Manga,1645,6.45,2018,https://cdn.myanimelist.net/images/manga/3/215652l.jpg
668,Lady Beast,Lady Beast,레이디 비스트,Manhwa,1645,6.55,2018,https://cdn.myanimelist.net/images/manga/2/262999l.jpg
670,Kenki Renka: Re:Zero kara Hajimeru Isekai Seikatsu†Shinmeitan,,剣鬼恋歌 Re:ゼロから始める異世界生活†真銘譚,Manga,1644,7.44,2018,https://cdn.myanimelist.net/images/manga/1/219338l.jpg
671,Come On-a My House!,,カモナ マイハウス！,Manga,1641,7.18,2018,https://cdn.myanimelist.net/images/manga/3/221868l.jpg
671,"Hoshizora no Shita, Kimi no Koe dake wo Dakishimeru","I hold only your voice, under the starry sky.",星空の下、君の声だけを抱きしめる,Light Novel,1641,7.49,2018,https://cdn.myanimelist.net/images/manga/2/228383l.jpg
673,Arakusa Ninpouchou,Ero Ninja Scrolls,あらくさ忍法帖,Manga,1640,6.11,2018,https://cdn.myanimelist.net/images/manga/2/236543l.jpg
673,Honzuki no Gekokujou: Shisho ni Naru Tame ni wa Shudan wo Erandeiraremasen - Kizokuin Gaiden,Ascendance of a Bookworm: I'll do Anything to Become a Librarian! - Royal Academy Stories,本好きの下剋上～司書になるためには手段を選んでいられません～貴族院外伝,Light Novel,1640,8.18,2018,https://cdn.myanimelist.net/images/manga/3/277464l.jpg
675,Ilya,,Ilya -イリヤ-,One-shot,1637,7.09,2018,https://cdn.myanimelist.net/images/manga/2/223309l.jpg
676,Oyakusoku no Neverland,,お約束のネバーランド,Manga,1636,6.68,2018,https://cdn.myanimelist.net/images/manga/2/226717l.jpg
677,Moon Land,Moon Land,ムーンランド,Manga,1633,7.45,2018,https://cdn.myanimelist.net/images/manga/3/219927l.jpg
678,Contrast,Contrast,コントラスト,Manga,1628,7.28,2018,https://cdn.myanimelist.net/images/manga/5/252392l.jpg
679,Mou Ippon!,"""Ippon"" Again!",もういっぽん！,Manga,1627,7.45,2018,https://cdn.myanimelist.net/images/manga/1/233691l.jpg
680,Kemono Asobi,,けものあそび,Manga,1623,6.83,2018,https://cdn.myanimelist.net/images/manga/2/236171l.jpg
681,Joryuu Sakka to Yuki,,女流作家とユキ,Manga,1615,7.24,2018,https://cdn.myanimelist.net/images/manga/1/215872l.jpg
682,Roid,,Roid-ロイド-,Manga,1614,6.69,2018,https://cdn.myanimelist.net/images/manga/1/210383l.jpg
682,Yuuko-san wa Miraretai,Ghost Beside Him,幽子さんは見られたい,Doujinshi,1614,6.77,2018,https://cdn.myanimelist.net/images/manga/2/230785l.jpg
684,Dricam!!,Dricam!!,ドリキャン!!,Manga,1608,7.37,2018,https://cdn.myanimelist.net/images/manga/2/217488l.jpg
685,Overlord: Koushiki Comic à la Carte,Overlord à la Carte,オーバーロード 公式コミックアラカルト,Manga,1603,6.99,2018,https://cdn.myanimelist.net/images/manga/3/221257l.jpg
686,Niji to Kuro,Rainbow and Black,ニジとクロ,Manga,1594,6.99,2018,https://cdn.myanimelist.net/images/manga/3/227432l.jpg
687,"Hello, Hello and Hello",,"Hello, Hello and Hello",Manga,1593,6.98,2018,https://cdn.myanimelist.net/images/manga/2/224752l.jpg
688,Nekopara: Chocola & Vanilla,Nekopara,ネコぱら～ショコラ＆バニラ～,Manga,1591,6.94,2018,https://cdn.myanimelist.net/images/manga/1/230355l.jpg
689,Kimi to wa Gokai kara Hajimarimashita ga,,キミとは誤解からはじまりましたが,Manga,1590,7.18,2018,https://cdn.myanimelist.net/images/manga/1/236137l.jpg
690,"Matsurika Kanriden: Koukyuu Nyokan, Kimagure Koutei ni Misomerare",,茉莉花官吏伝～後宮女官、気まぐれ皇帝に見初められ～,Manga,1588,6.81,2018,https://cdn.myanimelist.net/images/manga/3/224412l.jpg
691,Joshikousei to Ouji-chan,,女子高生と王子ちゃん,Manga,1587,6.49,2018,https://cdn.myanimelist.net/images/manga/3/215149l.jpg
692,Fukaku ni mo Kyun to Kita,,不覚にもきゅんときた,Manga,1586,6.64,2018,https://cdn.myanimelist.net/images/manga/1/211058l.jpg
693,Castehate,,カーストヘイト,Manga,1583,6.14,2018,https://cdn.myanimelist.net/images/manga/1/221884l.jpg
694,"Class-goto Shuudan Teni shimashita ga, Ichiban Tsuyoi Ore wa Saijaku no Shounin ni Gisouchuu desu.","The Whole Class Was Transported Along, but I'm Hiding My Strength by Masquerading as a Merchant",クラスごと集団転移しましたが、一番強い俺は最弱の商人に偽装中です。,Manga,1573,5.48,2018,https://cdn.myanimelist.net/images/manga/1/239385l.jpg
695,Shiosai no Majo,,潮騒の魔女,Manga,1572,7.24,2018,https://cdn.myanimelist.net/images/manga/1/243152l.jpg
696,His Majesty's Secret Heroine,His Majesty's Secret Heroine,연록흔,Manhwa,1571,7.12,2018,https://cdn.myanimelist.net/images/manga/2/262698l.jpg
697,Rettougan no Tensei Majutsushi: Shiitagerareta Motoyuusha wa Mirai no Sekai wo Yoyuu de Ikinuku,Reincarnated Mage with Inferior Eyes: Breezing through the Future as an Oppressed Ex-Hero,劣等眼の転生魔術師 ～虐げられた元勇者は未来の世界を余裕で生き抜く～,Light Novel,1567,6.76,2018,https://cdn.myanimelist.net/images/manga/1/210411l.jpg
698,Cube Arts,Cube Arts,キューブアーツ,Manga,1551,6.2,2018,https://cdn.myanimelist.net/images/manga/1/226232l.jpg
699,Tsuki to Laika to Nosferatu,,月とライカと吸血姫,Manga,1550,,2018,https://cdn.myanimelist.net/images/manga/2/220237l.jpg
700,Onna Senshi tte Motenai n desu!,Who Says Warriors Can't be Babes?,女戦士ってモテないんです!,Manga,1544,6.43,2018,https://cdn.myanimelist.net/images/manga/1/237890l.jpg
701,Nomi x Shiba,Nomi x Shiba,のみ×しば,Manga,1540,7.32,2018,https://cdn.myanimelist.net/images/manga/1/236281l.jpg
702,"Futago, Futagokoro.",,ふたご、ふたごころ。,Manga,1539,5.91,2018,https://cdn.myanimelist.net/images/manga/3/233860l.jpg
702,Nisekoi Bangai-hen: Ticket,,ニセコイ番外編 チケット,One-shot,1539,7.1,2018,https://cdn.myanimelist.net/images/manga/1/215443l.jpg
704,Btooom! U-18,,BTOOOM! U-18,Manga,1529,6.53,2018,https://cdn.myanimelist.net/images/manga/3/216028l.jpg
705,Secchan,,セッちゃん,Manga,1527,7.09,2018,https://cdn.myanimelist.net/images/manga/1/221867l.jpg
705,Yoru no Kagi,The Sign of Abyss,ヨルの鍵,Manga,1527,6.97,2018,https://cdn.myanimelist.net/images/manga/3/210976l.jpg
707,"Jaa, Kimi no Kawari ni Korosou ka?",Then Shall I Kill in Your Stead?,じゃあ、君の代わりに殺そうか?,Manga,1526,6.47,2018,https://cdn.myanimelist.net/images/manga/3/236378l.jpg
708,Nevertheless,,"알고있지만,",Manhwa,1520,6.62,2018,https://cdn.myanimelist.net/images/manga/2/262504l.jpg
709,Ao no Tsubomi,,青の蕾,Manga,1513,6.95,2018,https://cdn.myanimelist.net/images/manga/2/225087l.jpg
709,Goodbye Dystopia,,グッバイ・ディストピア,Manga,1513,6.69,2018,https://cdn.myanimelist.net/images/manga/1/211230l.jpg
711,Ziga,Ziga,ジガ-ZIGA-,Manga,1511,5.85,2018,https://cdn.myanimelist.net/images/manga/3/210340l.jpg
712,Switch,,switch,Manga,1507,6.97,2018,https://cdn.myanimelist.net/images/manga/3/215912l.jpg
713,Hana-san wa Minorasetai!,,ハナさんは実らせたい!,Manga,1502,6.76,2018,https://cdn.myanimelist.net/images/manga/3/243095l.jpg
714,Takane no Hana-san,,高嶺のハナさん,Manga,1500,6.46,2018,https://cdn.myanimelist.net/images/manga/1/238730l.jpg
715,Shinde kudasai! Yuusha desho?,"Please kill yourself! You're a hero, aren't you?",死んでください！勇者でしょ？,Manga,1497,5.57,2018,https://cdn.myanimelist.net/images/manga/1/217544l.jpg
716,Kamoku na Shinyuu ga Tada no Muttsuri deshita,My Quiet Best Friend's Just Tongue-Tied,寡黙な親友がただのムッツリでした,Manga,1485,6.8,2018,https://cdn.myanimelist.net/images/manga/1/232884l.jpg
717,Kishuku Gakkou no Juliet: Koushiki Anthology Comic,,寄宿学校のジュリエット 公式アンソロジーコミック,Manga,1484,6.86,2018,https://cdn.myanimelist.net/images/manga/1/228153l.jpg
718,Inaka,,田舎,Manga,1483,6.38,2018,https://cdn.myanimelist.net/images/manga/2/236926l.jpg
719,Eromanga-sensei: Yamada Elf Daisensei no Koisuru Junshin Gohan,,エロマンガ先生 山田エルフ大先生の恋する純真ごはん,Manga,1476,7.12,2018,https://cdn.myanimelist.net/images/manga/1/222076l.jpg
720,Murai no Koi,Murai in Love,村井の恋,Manga,1473,6.87,2018,https://cdn.myanimelist.net/images/manga/2/257809l.jpg
721,Murenase! Seton Gakuen: Animal Academy,,群れなせ！シートン学園－Animal Academy－,Manga,1470,6.96,2018,https://cdn.myanimelist.net/images/manga/3/266488l.jpg
722,The Devil's Temptation,The Devil's Temptation,악마의 유혹,Manhwa,1468,7.12,2018,https://cdn.myanimelist.net/images/manga/3/334060l.jpg
723,Imadoki no Wakai Mon wa,,今どきの若いモンは,Manga,1466,6.71,2018,https://cdn.myanimelist.net/images/manga/1/221013l.jpg
724,Kimi ni Nare,Become You,君になれ,Manga,1463,7.12,2018,https://cdn.myanimelist.net/images/manga/3/212589l.jpg
725,Fukanzen de Fueisei de Fushidara,,不完全で不衛生でふしだら,Manga,1461,6.62,2018,https://cdn.myanimelist.net/images/manga/2/226174l.jpg
725,Tonari no Usotsuki,,隣の嘘つき,Manga,1461,7.29,2018,https://cdn.myanimelist.net/images/manga/3/217718l.jpg
727,Soko no Koisuru Baito Shokun!,,そこの恋するバイト諸君!,Manga,1458,7.0,2018,https://cdn.myanimelist.net/images/manga/2/244927l.jpg
728,Houkago,After School,放課後,Doujinshi,1456,7.42,2018,https://cdn.myanimelist.net/images/manga/2/279698l.jpg
729,Otome Yankee wa Unmei no Hito wo Matsu.,,乙女ヤンキーは運命の人を待つ。,Manga,1454,7.13,2018,https://cdn.myanimelist.net/images/manga/3/256267l.jpg
730,Hot,,HOT,One-shot,1452,6.2,2018,https://cdn.myanimelist.net/images/manga/1/210580l.jpg
730,Umi-iro March,,海色マーチ,Manga,1452,6.9,2018,https://cdn.myanimelist.net/images/manga/2/223022l.jpg
732,Gamaran: Shura,Gamaran: Shura,我間乱―修羅―,Manga,1441,7.1,2018,https://cdn.myanimelist.net/images/manga/2/220667l.jpg
733,Pâtissier-san to Ojousan,,パティシエさんとお嬢さん,Manga,1438,7.27,2018,https://cdn.myanimelist.net/images/manga/1/225979l.jpg
734,Soushite Boku wa Koi wo Shiru,And Then I Know Love,そうして僕は恋を知る,Manga,1437,7.19,2018,https://cdn.myanimelist.net/images/manga/3/224103l.jpg
735,My Daughter Is a Zombie,My Daughter Is a Zombie,좀비가 되어버린 나의 딸,Manhwa,1436,7.75,2018,https://cdn.myanimelist.net/images/manga/3/267317l.jpg
735,"Yuunagi ni Mae, Boku no Ribbon",,夕凪に舞え、僕のリボン,Manga,1436,7.63,2018,https://cdn.myanimelist.net/images/manga/2/245004l.jpg
737,Akuma no Mama,Mama Akuma,あくまのまま,Manga,1435,6.94,2018,https://cdn.myanimelist.net/images/manga/1/223634l.jpg
737,Futei with...,,不貞 with …,Manga,1435,6.99,2018,https://cdn.myanimelist.net/images/manga/3/239100l.jpg
739,Shimotsuki-sensei no Amakunai Renai Kouza,,霜月先生の甘くない恋愛講座,Manga,1429,6.63,2018,https://cdn.myanimelist.net/images/manga/1/224539l.jpg
739,Tenrou no Avalon,,天牢のアヴァロン,Manga,1429,6.64,2018,https://cdn.myanimelist.net/images/manga/1/217090l.jpg
741,The Wolf & Red Riding Hood,The Wolf & Red Riding Hood,늑대와 빨간모자,Manhwa,1426,6.95,2018,https://cdn.myanimelist.net/images/manga/3/262518l.jpg
742,Charisma AV Danyuu no Ore ga Omocha nanka de Iku Wake Nai!!!,,カリスマAV男優の俺がおもちゃなんかでイくわけない!!!,Manga,1418,6.78,2018,https://cdn.myanimelist.net/images/manga/2/224547l.jpg
742,Kaien no Bell de Oyasumi,"Curtain's Up, I'm Off",開演のベルでおやすみ,Manga,1418,6.91,2018,https://cdn.myanimelist.net/images/manga/3/217673l.jpg
744,Hatsuharu ga Saku,,初春が咲く,Manga,1416,6.84,2018,https://cdn.myanimelist.net/images/manga/1/234297l.jpg
744,Sweet Our 1R,Our Sweet One-Room Apartment,スイートアワー1R,Manga,1416,7.12,2018,https://cdn.myanimelist.net/images/manga/3/238315l.jpg
746,Ichijouma Mankitsugurashi!,,一畳間まんきつ暮らし！,Manga,1414,6.23,2018,https://cdn.myanimelist.net/images/manga/3/226540l.jpg
747,Girls x Sekuha-Life,,ガールズ×セクハライフ,Manga,1409,6.29,2018,https://cdn.myanimelist.net/images/manga/3/210030l.jpg
748,Imaginary,Imaginary,イマジナリー,Manga,1406,6.84,2018,https://cdn.myanimelist.net/images/manga/3/244721l.jpg
749,30 made ni Shinitai,I Wanna Die Before I'm 30,30までに死にたい,Manga,1404,6.65,2018,https://cdn.myanimelist.net/images/manga/3/238071l.jpg
750,"I'm Yours, Blood and Soul","I'm Yours, Blood and Soul",나의 피와 영혼을 그대에게,Manhwa,1402,7.08,2018,https://cdn.myanimelist.net/images/manga/2/259504l.jpg
751,Kunoichi no Ichi! no Ni,,クノイチノイチ！ノ弐,Manga,1395,6.17,2018,https://cdn.myanimelist.net/images/manga/2/225880l.jpg
752,Hikari no Hako,Box of Light,光の箱,Manga,1388,6.76,2018,https://cdn.myanimelist.net/images/manga/1/254262l.jpg
753,Zetsubou no Rakuen,,絶望の楽園,Manga,1385,6.31,2018,https://cdn.myanimelist.net/images/manga/1/223028l.jpg
754,8LDK: Shisha no Ou,KoLD8: King of the Living Dead,8LDK―屍者ノ王―,Manga,1379,5.68,2018,https://cdn.myanimelist.net/images/manga/2/219533l.jpg
754,"My Master, the Wolf Queen","My Master, the Wolf Queen","마이로드, 울프퀸",Manhwa,1379,6.25,2018,https://cdn.myanimelist.net/images/manga/2/262891l.jpg
756,Goblin Slayer Gaiden: Year One,Goblin Slayer Side Story: Year One,ゴブリンスレイヤー外伝：イヤーワン,Light Novel,1377,7.66,2018,https://cdn.myanimelist.net/images/manga/1/221479l.jpg
757,Mirai no Fuufu desukedo?,,みらいのふうふですけど？,Manga,1376,6.84,2018,https://cdn.myanimelist.net/images/manga/3/210501l.jpg
758,Fenrir-neesan to Boku,,フェンリル姉さんと僕,Manga,1372,6.27,2018,https://cdn.myanimelist.net/images/manga/3/210732l.jpg
758,High School La La Love,Lovestruck in High School,ハイスクールラララブ,Manga,1372,6.88,2018,https://cdn.myanimelist.net/images/manga/3/236041l.jpg
758,Mikami-san wo Furimukasetai,,三神さんを振り向かせたい,One-shot,1372,6.51,2018,https://cdn.myanimelist.net/images/manga/1/223338l.jpg
761,Dance in the Vampire Bund: Age of Scarlet Order,Dance in the Vampire Bund: Age of Scarlet Order,ダンス イン ザ ヴァンパイアバンド エイジ オブ スカーレット オーダー,Manga,1357,6.88,2018,https://cdn.myanimelist.net/images/manga/2/227193l.jpg
761,Imitation Mate,Imitation Mate,イミテーションメイト,Manga,1357,6.28,2018,https://cdn.myanimelist.net/images/manga/1/226942l.jpg
763,"Kirai ni Narimasu, Sayama-kun!",,嫌いになります、佐山くん！,Manga,1355,6.87,2018,https://cdn.myanimelist.net/images/manga/2/252969l.jpg
764,Motoyan Papa to Hitsuji-sensei: Yotsuba,Delinquent Daddy and Tender Teacher: Four-Leaf Clovers,元ヤンパパ と ヒツジ先生 よつば,Manga,1354,7.67,2018,https://cdn.myanimelist.net/images/manga/2/219709l.jpg
765,Wait Where the Shooting Star Falls,Wait Where the Shooting Star Falls,별똥별이 떨어지는 그곳에서 기다려,Manhwa,1345,7.63,2018,https://cdn.myanimelist.net/images/manga/2/229056l.jpg
766,Kimi ni wa Fureru to Naru Toko ga Atte,"Every Time We Touch, I Hear That Sound",君にはふれると鳴るとこがあって,Manga,1333,7.19,2018,https://cdn.myanimelist.net/images/manga/2/228185l.jpg
767,Aho Girl dj - Tenshi Girl,Angel Girl,天使ガール,Doujinshi,1332,6.64,2018,https://cdn.myanimelist.net/images/manga/1/223039l.jpg
768,"Tensei Kenja no Isekai Life: Dai-2 no Shokugyou wo Ete, Sekai Saikyou ni Narimashita",,転生賢者の異世界ライフ ～第二の職業を得て、世界最強になりました～,Light Novel,1322,6.86,2018,https://cdn.myanimelist.net/images/manga/2/215165l.jpg
769,Double Face ni wa Kanawanai,You Just Can't Beat a Guy With a Double Face,ダブルフェイスには敵わない,Manga,1310,7.15,2018,https://cdn.myanimelist.net/images/manga/3/252663l.jpg
769,Shinigami ni Sodaterareta Shoujo wa Shikkoku no Ken wo Mune ni Idaku,Death's Daughter and the Ebony Blade,死神に育てられた少女は漆黒の剣を胸に抱く,Light Novel,1310,7.5,2018,https://cdn.myanimelist.net/images/manga/1/227084l.jpg
771,Deadlife,Deadlife,데드라이프,Manhwa,1309,6.53,2018,https://cdn.myanimelist.net/images/manga/2/264944l.jpg
771,Kansaijin to Fukumen Satsujinki: Sex shite Ii kara Korosantoite!,"Captured by the Masked Murderer: Okay, We'll Get Cozy... Just Don't Kill Me!",関西人と覆面殺人鬼～セックスしていいから殺さんといて!,Manga,1309,6.92,2018,https://cdn.myanimelist.net/images/manga/2/245715l.jpg
773,Bokura ga Ai wo Sakebu Toki,When We Shout for Love,僕らが愛を叫ぶとき,Manga,1308,7.13,2018,https://cdn.myanimelist.net/images/manga/2/224538l.jpg
773,α ga α wo Daku Houhou,When Two Alphas Become One,αがαを抱く方法,Manga,1308,6.8,2018,https://cdn.myanimelist.net/images/manga/2/236254l.jpg
775,Fermat no Ryouri,,フェルマーの料理,Manga,1305,7.12,2018,https://cdn.myanimelist.net/images/manga/2/226170l.jpg
776,Kyoudai Gokko,,きょうだいごっこ,Manga,1304,6.65,2018,https://cdn.myanimelist.net/images/manga/1/272939l.jpg
777,July That I Randomly Discovered,July That I Randomly Discovered,어쩌다 발견한 7월,Manhwa,1302,7.7,2018,https://cdn.myanimelist.net/images/manga/2/245898l.jpg
777,Vs. Evil,,VS EVIL,Manga,1302,6.49,2018,https://cdn.myanimelist.net/images/manga/3/265691l.jpg
779,Shingeki! Kyojin Koukou: Seishun! Tonari no Marley Gakuen,,進撃!巨人高校 ～青春! となりのマーレ学園～,Manga,1293,6.49,2018,https://cdn.myanimelist.net/images/manga/2/241996l.jpg
780,Megalo Box: Shukumei no Souken,,メガロボクス 宿命の双拳,Manga,1292,,2018,https://cdn.myanimelist.net/images/manga/1/209179l.jpg
781,-50kg no Cinderella,,-50kgのシンデレラ,Manga,1291,6.37,2018,https://cdn.myanimelist.net/images/manga/2/253411l.jpg
782,Ninja Tensei Shinobi Kill,Ninja Reincarnation Shinobi Kill,忍者転生 シノビキル,Manga,1290,6.11,2018,https://cdn.myanimelist.net/images/manga/2/223650l.jpg
783,Hana no Akuta,Flower Dust,花の芥,Manga,1287,6.46,2018,https://cdn.myanimelist.net/images/manga/2/255225l.jpg
784,Reki Yomi,Reki and Yomi,レキヨミ,Manga,1280,7.16,2018,https://cdn.myanimelist.net/images/manga/1/221010l.jpg
785,Boku no Kanojo-sensei,,僕のカノジョ先生,Light Novel,1278,6.53,2018,https://cdn.myanimelist.net/images/manga/1/219625l.jpg
786,Bokura wa Souyatte Iromeiteiku,,僕らはそうやって色めいていく,Doujinshi,1275,6.67,2018,https://cdn.myanimelist.net/images/manga/1/269829l.jpg
787,Sensei mo Net Sedai,The Net Generation Teacher,先生もネット世代,Manga,1271,7.1,2018,https://cdn.myanimelist.net/images/manga/1/226257l.jpg
787,Tensei shitemo Shachiku Datta Ken,That Time I Got Reincarnated (Again!) as a Workaholic Slime,転生しても社畜だった件,Manga,1271,6.39,2018,https://cdn.myanimelist.net/images/manga/2/221903l.jpg
789,Itookashi,,いとおかし,One-shot,1269,7.06,2018,https://cdn.myanimelist.net/images/manga/2/219602l.jpg
789,"Ore no Yubi de Midarero.: Heitengo no Salon, Ijiwaru ni Jirasarete",Crazy Over His Fingers,俺の指で乱れろ｡～閉店後のサロン､意地悪に焦らされて,Manga,1269,6.76,2018,https://cdn.myanimelist.net/images/manga/3/227592l.jpg
791,Konna no Unmei ja Nai kara Kanchigai shinaide,There's No Way This Is Fate,こんなの運命じゃないから勘違いしないで,Manga,1265,6.91,2018,https://cdn.myanimelist.net/images/manga/1/238687l.jpg
791,"Sono Koi, Jihanki de Kaemasu ka?",Can I Buy Your Love from a Vending Machine?,その恋、自販機で買えますか？,Manga,1265,7.54,2018,https://cdn.myanimelist.net/images/manga/1/244639l.jpg
793,Kuyuru,,薫〈くゆる〉,Manga,1259,7.02,2018,https://cdn.myanimelist.net/images/manga/2/226235l.jpg
794,Ore no Buka ga Eroi Mousou wo Yamete Kurenai,,俺の部下がエロい妄想をやめてくれない,Manga,1254,7.1,2018,https://cdn.myanimelist.net/images/manga/1/238129l.jpg
795,Otome Bare,,おとめバレ,Manga,1251,6.13,2018,https://cdn.myanimelist.net/images/manga/3/232406l.jpg
796,Comyushou VS Yuri,Bad Texter VS Girls Love,コミュ障VS百合,Doujinshi,1248,6.59,2018,https://cdn.myanimelist.net/images/manga/3/234689l.jpg
797,Walk on Water,Walk on Water,W.O.W (Walk On Water),Manhwa,1244,7.62,2018,https://cdn.myanimelist.net/images/manga/3/331308l.jpg
798,Nageki no Bourei wa Intai shitai: Saijaku Hunter ni Yoru Saikyou Party Ikuseijutsu,Let This Grieving Soul Retire! Woe Is the Weakling Who Leads the Strongest Party,嘆きの亡霊は引退したい ～最弱ハンターによる最強パーティ育成術～,Light Novel,1240,7.62,2018,https://cdn.myanimelist.net/images/manga/3/241416l.jpg
799,Bestia,Bestia,Bestia,Manga,1238,6.56,2018,https://cdn.myanimelist.net/images/manga/2/232608l.jpg
800,Wazato Miseteru? Kamoi-san.,,わざと見せてる？加茂井さん。,Manga,1234,6.45,2018,https://cdn.myanimelist.net/images/manga/2/217923l.jpg
801,Kigurumi-kun,,きぐるみくん,Manga,1233,6.86,2018,https://cdn.myanimelist.net/images/manga/3/238036l.jpg
802,Seku☆Tsuga,,セク☆ツガ,Manga,1230,6.41,2018,https://cdn.myanimelist.net/images/manga/2/224371l.jpg
803,"Ikenai Koto, Shiyo?",Do Something Bad With Me.,いけないこと、しよ?,Manga,1226,6.79,2018,https://cdn.myanimelist.net/images/manga/2/223223l.jpg
804,Chiisana Mori no Ookami-chan,,ちいさな森のオオカミちゃん,Manga,1225,6.88,2018,https://cdn.myanimelist.net/images/manga/3/226096l.jpg
805,Bite Maker: Ousama no Ω,Bite Maker: The King's Omega,Bite Maker ～王様のΩ～,Manga,1220,6.08,2018,https://cdn.myanimelist.net/images/manga/1/229135l.jpg
805,Mobius Strip,,メビウスストリップ,Manga,1220,6.83,2018,https://cdn.myanimelist.net/images/manga/2/224928l.jpg
805,Shoujo☆Kageki Revue Starlight: Overture,,少女☆歌劇 レヴュースタァライト オーバーチュア,Manga,1220,7.51,2018,https://cdn.myanimelist.net/images/manga/1/222045l.jpg
808,2-banme no α,The Second Alpha,2番目のα,Manga,1218,7.03,2018,https://cdn.myanimelist.net/images/manga/1/232416l.jpg
808,Transjitter: Ibitsu na Karada,,トランスジッター -歪な外側〈カラダ〉-,Manga,1218,6.46,2018,https://cdn.myanimelist.net/images/manga/1/233169l.jpg
810,Neolithic Girl,Neolithic Girl,신석기녀,Manhwa,1216,6.62,2018,https://cdn.myanimelist.net/images/manga/2/263361l.jpg
811,Doushitemo Yaritakute Gakuen,,どうしてもヤリたくて学園,Manga,1208,6.77,2018,https://cdn.myanimelist.net/images/manga/1/222556l.jpg
812,Kare ni Irai Shite wa Ikemasen,,彼に依頼してはいけません,Manga,1207,7.01,2018,https://cdn.myanimelist.net/images/manga/1/219337l.jpg
813,One-of-a-Kind Romance,One-of-a-Kind Romance,유일무이 로맨스,Manhwa,1202,7.13,2018,https://cdn.myanimelist.net/images/manga/3/245523l.jpg
814,Piwi: Fushigi na Ikimono,,ピウイ～ふしぎないきもの～,Manga,1200,6.79,2018,https://cdn.myanimelist.net/images/manga/1/213170l.jpg
815,Kiss wa Kossori to.,"Four Kisses, in Secret",キスはこっそりと。,Manga,1198,6.86,2018,https://cdn.myanimelist.net/images/manga/1/235479l.jpg
816,Kamigami no Akuma,The Devil of the Gods,神々の悪魔,Manga,1196,5.88,2018,https://cdn.myanimelist.net/images/manga/1/233750l.jpg
817,Seijo Futari no Isekai Burari Tabi,Two Saints Wander Off in the Different World.,聖女二人の異世界ぶらり旅,Manga,1194,6.55,2018,https://cdn.myanimelist.net/images/manga/1/224368l.jpg
818,Tomodachi no Onna,,友達の義母,Doujinshi,1190,6.67,2018,https://cdn.myanimelist.net/images/manga/3/239861l.jpg
819,Bu Tian Ge,Song of the Sky Pacers,步天歌,Manhua,1185,7.4,2018,https://cdn.myanimelist.net/images/manga/1/252685l.jpg
819,Sokuochi Yarichin♂Yankee,,即堕ちヤリチン♂ヤンキー,Manga,1185,6.88,2018,https://cdn.myanimelist.net/images/manga/3/223401l.jpg
821,Chitra,,치트라,Manhwa,1184,6.75,2018,https://cdn.myanimelist.net/images/manga/1/274471l.jpg
822,"Shaba no ""Futsuu"" wa Muzukashii",,シャバの「普通」は難しい,Manga,1176,6.89,2018,https://cdn.myanimelist.net/images/manga/1/215213l.jpg
823,Koigokoro x Syndrome,Love Awakening x Syndrome,恋心×シンドローム,Manga,1175,7.31,2018,https://cdn.myanimelist.net/images/manga/3/229177l.jpg
824,The Skeleton Becomes a Cat Dad,The Skeleton Becomes a Cat Dad,환골탈태,Manhwa,1173,7.22,2018,https://cdn.myanimelist.net/images/manga/1/297850l.jpg
825,Kimi wa Boku no Okiniiri,You're My Favorite Toy,君は僕のおきにいり,Manga,1166,6.53,2018,https://cdn.myanimelist.net/images/manga/3/238118l.jpg
826,Yamase wa Doko e Itta?,Falling love with a double-A side boy!,山瀬はどこへ行った？,Manga,1163,6.89,2018,https://cdn.myanimelist.net/images/manga/3/213190l.jpg
827,Usotsuki Mille Feuille,Sweet Lies Layered Like a Mille Feuille,うそつきミルフイユ,Manga,1158,6.88,2018,https://cdn.myanimelist.net/images/manga/1/248097l.jpg
828,Suki koso Momo no Jouzu Nare!,,好きこそももの上手なれ!,Manga,1156,6.19,2018,https://cdn.myanimelist.net/images/manga/2/236327l.jpg
829,Giniro no Genders,,銀色のジェンダーズ,Manga,1153,5.95,2018,https://cdn.myanimelist.net/images/manga/3/219437l.jpg
829,Koisuru One Piece,,恋するワンピース,Manga,1153,6.54,2018,https://cdn.myanimelist.net/images/manga/1/222841l.jpg
829,Odoru Respawn,Dancin' Respawn,踊るリスポーン,Manga,1153,6.8,2018,https://cdn.myanimelist.net/images/manga/3/236123l.jpg
832,Penthouse XXX,Penthouse XXX,옥탑방XXX,Manhwa,1152,6.93,2018,https://cdn.myanimelist.net/images/manga/3/259575l.jpg
833,Hirano to Kagiura,Hirano and Kagiura,平野と鍵浦,Light Novel,1148,7.75,2018,https://cdn.myanimelist.net/images/manga/1/268174l.jpg
834,Meow Man,Meow Man,냐한남자,Manhwa,1146,6.94,2018,https://cdn.myanimelist.net/images/manga/2/236758l.jpg
835,S Flower,S Flower,S플라워,Manhwa,1144,6.37,2018,https://cdn.myanimelist.net/images/manga/3/259479l.jpg
836,RPG Fudousan,RPG Real Estate,RPG不動産,Manga,1143,6.65,2018,https://cdn.myanimelist.net/images/manga/2/241668l.jpg
837,Herscherik: Tensei Ouji no Eiyuutan,,ハーシェリク 転生王子の英雄譚,Manga,1142,6.76,2018,https://cdn.myanimelist.net/images/manga/1/227086l.jpg
838,Uchi no Pii-chan,,うちのピーちゃん,One-shot,1139,6.28,2018,https://cdn.myanimelist.net/images/manga/1/230432l.jpg
839,"Brocon Oniisan, Kocchi Muite",Please Look at Me Brother Complex,ブラコンお兄さん、こっち向いて,Manga,1138,6.8,2018,https://cdn.myanimelist.net/images/manga/1/236539l.jpg
840,Azur Lane Comic Anthology,,アズールレーン コミックアンソロジー,Manga,1132,7.14,2018,https://cdn.myanimelist.net/images/manga/1/235438l.jpg
840,Home Room,,ホームルーム,Manga,1132,6.52,2018,https://cdn.myanimelist.net/images/manga/2/215699l.jpg
842,Mad Summer School,,マッドサマースクール,Manga,1130,5.54,2018,https://cdn.myanimelist.net/images/manga/2/229968l.jpg
842,Senwaku Porno,A Seductive Relationship,煽惑ポルノ,Manga,1130,6.73,2018,https://cdn.myanimelist.net/images/manga/3/239219l.jpg
844,Gang no Kaikata,,ギャングの飼い方,Manga,1129,7.11,2018,https://cdn.myanimelist.net/images/manga/3/227238l.jpg
844,Yuukyuu Omega,,有休オメガ,Manga,1129,6.65,2018,https://cdn.myanimelist.net/images/manga/3/223713l.jpg
846,Ao no Shima to Neko Ippiki,,青の島とねこ一匹,Manga,1128,6.91,2018,https://cdn.myanimelist.net/images/manga/1/219496l.jpg
846,Tsuma Fes: Aniyome Netorase Kounin Tanetsuke,,ツマフェス～兄嫁ネトラセ公認種つけ～,Manga,1128,6.68,2018,https://cdn.myanimelist.net/images/manga/1/335436l.jpg
848,Kyuuketsuki Marguerite to Kuenai Gokinjo,Vampire Marguerite and Inedible Neighbor,吸血鬼マルグリットと食えないご近所,One-shot,1127,7.11,2018,https://cdn.myanimelist.net/images/manga/2/225391l.jpg
849,Shichiha Gojuuroku,,シチハゴジュウロク,Manga,1124,6.8,2018,https://cdn.myanimelist.net/images/manga/1/221346l.jpg
850,"Yowai 5000-nen no Soushoku Dragon, Iwarenaki Jaryuu Nintei","A Gentle Dragon of 5000 Years Old, It Was Recognized as an Evil Dragon without Any Cause.",齢5000年の草食ドラゴン、いわれなき邪竜認定,Light Novel,1123,6.89,2018,https://cdn.myanimelist.net/images/manga/1/217909l.jpg
851,Hari's Sexy Star,Hari's Sexy Star,몽글몽글 하리스타,Manhwa,1121,6.21,2018,https://cdn.myanimelist.net/images/manga/2/259676l.jpg
852,Bokura no Shikisai,Our Colors,僕らの色彩,Manga,1120,7.05,2018,https://cdn.myanimelist.net/images/manga/1/236709l.jpg
853,Bimyou ni Yasashii Ijimekko,,微妙に優しいいじめっ子,Manga,1118,6.95,2018,https://cdn.myanimelist.net/images/manga/3/220455l.jpg
853,Memento Memori,Memento Memori,メメントメモリ,Manga,1118,6.55,2018,https://cdn.myanimelist.net/images/manga/3/266954l.jpg
855,Jimi na Kensei wa Soredemo Saikyou desu,The World's Least Interesting Master Swordsman,地味な剣聖はそれでも最強です,Light Novel,1116,6.68,2018,https://cdn.myanimelist.net/images/manga/2/217663l.jpg
856,Tora to Hachidori,Tiger and Hummingbird,トラとハチドリ,Manga,1108,6.53,2018,https://cdn.myanimelist.net/images/manga/3/272351l.jpg
857,Madougushi Dahliya wa Utsumukanai: Kyou kara Jiyuu na Shokunin Life,Dahlia in Bloom: Crafting a Fresh Start with Magical Tools,魔導具師ダリヤはうつむかない ~今日から自由な職人ライフ~,Light Novel,1105,7.26,2018,https://cdn.myanimelist.net/images/manga/1/247701l.jpg
858,JK to Kateikyoushi,A High School Girl and A Private Teacher,JKと家庭教師,Manga,1102,6.62,2018,https://cdn.myanimelist.net/images/manga/3/239840l.jpg
859,Renai Kinshi Gakuen,Love Ban School,恋愛禁止学園,Manga,1096,5.92,2018,https://cdn.myanimelist.net/images/manga/3/215063l.jpg
860,Kodama Maria Bungaku Shuusei,,児玉まりあ文学集成,Manga,1095,7.71,2018,https://cdn.myanimelist.net/images/manga/3/239360l.jpg
861,Lost Virgin,Lost and Undefiled,ロストバージン,Manga,1092,6.96,2018,https://cdn.myanimelist.net/images/manga/1/217549l.jpg
862,Viewfinder,Viewfinder,뷰파인더,Manhwa,1091,6.89,2018,https://cdn.myanimelist.net/images/manga/1/267312l.jpg
863,Seifuku no Joou-sama,,セイフクの女王様,Manga,1089,6.78,2018,https://cdn.myanimelist.net/images/manga/3/213570l.jpg
864,She's My Type,,취향저격 그녀,Manhwa,1086,7.18,2018,https://cdn.myanimelist.net/images/manga/1/244928l.jpg
865,Kokuen no Valkyrie,,黒焔の戦乙女〈ヴァルキリー〉,Manga,1085,5.67,2018,https://cdn.myanimelist.net/images/manga/3/224717l.jpg
866,"Hatsukoi, Tokimeki Usuihon",,はつ恋、ときめき うすいほん,Manga,1084,6.71,2018,https://cdn.myanimelist.net/images/manga/3/242469l.jpg
867,Shinozaki Himeno no Koigokoro Q&A,,篠崎姫乃の恋心Q＆A,Manga,1079,6.69,2018,https://cdn.myanimelist.net/images/manga/3/219463l.jpg
868,Inner Beauty,Inner Beauty,이너뷰티,Manhwa,1075,7.23,2018,https://cdn.myanimelist.net/images/manga/3/259758l.jpg
869,Death March kara Hajimaru Isekai Kyousoukyoku Extra: Arisa Oujo no Isekai Funtouki,,デスマーチからはじまる異世界狂想曲 Ex アリサ王女の異世界奮闘記,Manga,1074,6.9,2018,https://cdn.myanimelist.net/images/manga/2/210714l.jpg
869,Machigitsune to Hito no Ko,The Yearning Fox Lies in Wait,待ち狐と人の子,Manga,1074,6.9,2018,https://cdn.myanimelist.net/images/manga/3/236847l.jpg
871,Ichiban Hoshii no,All I Want,いちばんほしいの,Manga,1071,6.66,2018,https://cdn.myanimelist.net/images/manga/2/212639l.jpg
871,Robo sapiens Zenshi,Robo Sapiens: Tales of Tomorrow,ロボ・サピエンス前史,Manga,1071,7.19,2018,https://cdn.myanimelist.net/images/manga/1/226233l.jpg
873,Honey Maple More More Sugar,Honey Maple More More Sugar,Honey Maple more more sugar,Manga,1070,6.85,2018,https://cdn.myanimelist.net/images/manga/2/247430l.jpg
874,Days on Fes,Days on Fes,デイズ・オン・フェス,Manga,1069,6.74,2018,https://cdn.myanimelist.net/images/manga/1/238445l.jpg
875,Bitter Like Light,Bitter Like Light,ビターライクライト,Manga,1067,6.72,2018,https://cdn.myanimelist.net/images/manga/1/236178l.jpg
875,Mistaken Lover,Mistaken Lover,미스테이크 러버,Manhwa,1067,6.79,2018,https://cdn.myanimelist.net/images/manga/3/260677l.jpg
877,Beriaru-sama wa Shitennou no Naka demo xx,,ベリアル様は四天王の中でも××,Manga,1060,6.49,2018,https://cdn.myanimelist.net/images/manga/3/221745l.jpg
878,Choppiri Toshiue demo Kanojo ni Shite Kuremasu ka?,Are You Okay With a Slightly Older Girlfriend?,ちょっぴり年上でも彼女にしてくれますか?,Light Novel,1047,6.81,2018,https://cdn.myanimelist.net/images/manga/1/227281l.jpg
879,Kinjo no Yasashii Oneesan,,近所のやさしいおねえさん,Doujinshi,1046,7.03,2018,https://cdn.myanimelist.net/images/manga/3/238647l.jpg
879,Kuroneko Kareshi no Arukikata,,クロネコ彼氏のあるき方,Manga,1046,7.39,2018,https://cdn.myanimelist.net/images/manga/3/224226l.jpg
879,Lion Hearts,Lion Hearts,ライオンハーツ,Manga,1046,7.58,2018,https://cdn.myanimelist.net/images/manga/1/312416l.jpg
879,Qian Qiu,Thousand Autumns: Qian Qiu,千秋,Novel,1046,7.97,2018,https://cdn.myanimelist.net/images/manga/3/279462l.jpg
883,Blood Link,Blood Link,블러드 링크,Manhwa,1039,7.29,2018,https://cdn.myanimelist.net/images/manga/2/334049l.jpg
884,Utakata ni Warau,,泡沫に笑う,Manga,1035,7.1,2018,https://cdn.myanimelist.net/images/manga/3/224884l.jpg
885,The Devil's Boy,The Devil's Boy,악마의 소년,Manhwa,1034,6.46,2018,https://cdn.myanimelist.net/images/manga/3/259978l.jpg
885,Ushiro no Seki no Katou-kun,,後ろの席の加藤くん,Manga,1034,6.74,2018,https://cdn.myanimelist.net/images/manga/2/236196l.jpg
887,Last Seven Days: Tenshi no Kegashikata,,ラストセブンデイズ―天使の穢し方―,Manga,1023,6.4,2018,https://cdn.myanimelist.net/images/manga/3/219416l.jpg
888,Suzuki-kun wa Miteiru.: Kami Appli de JK no Kokoro wo Nozoitara Do ○○ de Osowareta,,鈴木くんは覗ている。 神アプリでJKの心をノゾいたらド○○で襲われた,Manga,1022,5.84,2018,https://cdn.myanimelist.net/images/manga/3/257195l.jpg
889,Kimi wa Mou Kamenai,,きみはもう噛めない,Manga,1021,6.96,2018,https://cdn.myanimelist.net/images/manga/3/231526l.jpg
890,Tate no Yuusha no Nariagari Anthology: Raphtalia to Issho,,盾の勇者の成り上がりアンソロジー ラフタリアといっしょ,Manga,1019,6.97,2018,https://cdn.myanimelist.net/images/manga/3/232811l.jpg
891,"Isekai Izakaya ""Gen""",,異世界居酒屋｢げん」,Manga,1017,7.04,2018,https://cdn.myanimelist.net/images/manga/1/270933l.jpg
892,Rental Girls,Rental Girls,렌탈걸즈,Manhwa,1016,6.42,2018,https://cdn.myanimelist.net/images/manga/3/259778l.jpg
893,Blade Girl: Kataashi no Runner,Blade Girl,ブレードガール ～片脚のランナー～,Manga,1015,6.85,2018,https://cdn.myanimelist.net/images/manga/1/285523l.jpg
893,MabuSasa,MabuSasa,まぶささ,Manga,1015,6.74,2018,https://cdn.myanimelist.net/images/manga/3/225652l.jpg
893,Oh My Dear!,"Oh, My Dear!",オーマイディア!,One-shot,1015,6.38,2018,https://cdn.myanimelist.net/images/manga/3/234468l.jpg
896,Aiseyo Bakemono,"Just Love, the Monster.",愛せよバケモノ,Manga,1013,6.48,2018,https://cdn.myanimelist.net/images/manga/1/252754l.jpg
897,Uemura-kun wa Majime na Ii Ko.,Uemura is a Good Boy.,上村くんは真面目ないい子。,Manga,1010,7.06,2018,https://cdn.myanimelist.net/images/manga/3/227948l.jpg
898,Ijimekko ni Fukushuu!,,いじめっ子に復讐!,Manga,1009,6.64,2018,https://cdn.myanimelist.net/images/manga/1/253614l.jpg
898,Yousei-san wa Yaritai Houdai,No One Can Stop the Fairy,妖精さんはヤリたい放題,Manga,1009,6.59,2018,https://cdn.myanimelist.net/images/manga/2/233975l.jpg
900,"S-Rank Monster no ""Behemoth"" dakedo, Neko to Machigawarete Elf Musume no Pet toshite Kurashitemasu","I'm a Behemoth, an S-Ranked Monster, but Mistaken for a Cat, I Live as an Elf Girl's Pet",Sランクモンスターの《ベヒーモス》だけど、猫と間違われてエルフ娘の騎士〈ペット〉として暮らしてます,Light Novel,1008,6.64,2018,https://cdn.myanimelist.net/images/manga/2/234002l.jpg
901,Chiya-kun wa Joucho Fuantei,Chiya's Just an Unstable Guy,地屋くんはじょうちょふあんてい,Manga,1007,6.81,2018,https://cdn.myanimelist.net/images/manga/3/239221l.jpg
902,Higyaku Danshi Fujisaki-kun,Fujisaki-kun's Prey-ful Life,被虐男子 藤咲くん,Manga,1003,6.21,2018,https://cdn.myanimelist.net/images/manga/1/215697l.jpg
903,Kindaichi 37-sai no Jikenbo,,金田一37歳の事件簿,Manga,1001,7.22,2018,https://cdn.myanimelist.net/images/manga/1/210476l.jpg
904,Utsukushii Mono-tachi,,うつくしいものたち,One-shot,1000,7.08,2018,https://cdn.myanimelist.net/images/manga/3/224272l.jpg
905,Glass Taion Shoukougun,Glass Syndrome,硝子体温症候群,Manga,992,6.43,2018,https://cdn.myanimelist.net/images/manga/2/248891l.jpg
906,Arma,Arma,아르마,Manhwa,990,6.64,2018,https://cdn.myanimelist.net/images/manga/2/237322l.jpg
907,Aka no Grimoire,Crimson Grimoire,赫のグリモア,Manga,989,6.55,2018,https://cdn.myanimelist.net/images/manga/1/220861l.jpg
908,Neko to Sugar Pot,Cats and Sugar Bowls,猫とシュガーポット,Manga,986,6.6,2018,https://cdn.myanimelist.net/images/manga/2/256854l.jpg
909,Kimetsu no Yaiba Koushiki Fanbook: Kisatsutai Kenbunroku,Demon Slayer: Kimetsu no Yaiba - Corps Records,鬼滅の刃公式ファンブック 鬼殺隊見聞録,Manga,984,7.31,2018,https://cdn.myanimelist.net/images/manga/1/285561l.jpg
910,Goblin Slayer Gaiden 2: Tsubanari no Daikatana,,ゴブリンスレイヤー外伝2 鍔鳴の太刀《ダイ・カタナ》,Manga,983,6.42,2018,https://cdn.myanimelist.net/images/manga/2/227166l.jpg
911,Hatsukoi to Taiyou,My first love like a bright sun.,ハツコイと太陽,Manga,982,7.01,2018,https://cdn.myanimelist.net/images/manga/3/217864l.jpg
912,Code Geass: Hangyaku no Lelouch Re;,Code Geass: Lelouch of the Rebellion Re;,コードギアス 反逆のルルーシュ Re;,Manga,981,7.12,2018,https://cdn.myanimelist.net/images/manga/3/226466l.jpg
913,Deokure Tamer no Sono Higurashi,A Late-Start Tamer's Laid-Back Life,出遅れテイマーのその日暮らし,Manga,977,6.6,2018,https://cdn.myanimelist.net/images/manga/2/217066l.jpg
913,Mi-chan to Airi,Mi-chan and Airi,みーちゃんとアイリ,Manga,977,6.68,2018,https://cdn.myanimelist.net/images/manga/3/241981l.jpg
915,Ai ga Shinu no wa Kimi no Sei,It is because of you that love will die,愛が死ぬのは君のせい,Manga,975,6.49,2018,https://cdn.myanimelist.net/images/manga/1/210565l.jpg
916,Kouhai no Ai ga Omosugiru!,Too Deep in Love,後輩の愛が重すぎる！,Manga,972,6.11,2018,https://cdn.myanimelist.net/images/manga/2/236574l.jpg
917,Kiniro Japanesque,Golden Japanesque: A Splendid Yokohama Romance,金色ジャパネスク,Manga,968,6.79,2018,https://cdn.myanimelist.net/images/manga/2/226852l.jpg
918,Bokura wa Mahou Shounen,,ボクらは魔法少年,Manga,966,7.1,2018,https://cdn.myanimelist.net/images/manga/1/220834l.jpg
919,Anoyo de Omae ni Suki dato Ieru,"I Can Say ""I Love You"" in the Afterlife",あの世でお前に好きだと言える,Manga,963,7.25,2018,https://cdn.myanimelist.net/images/manga/3/245811l.jpg
919,Koujo Denka no Kateikyoushi,Private Tutor to the Duke's Daughter,公女殿下の家庭教師,Light Novel,963,6.9,2018,https://cdn.myanimelist.net/images/manga/1/234470l.jpg
921,Moto Yakuza ga BL Sakka ni Natta Rashii.,,元ヤクザがBL作家になったらしい。,Manga,960,7.18,2018,https://cdn.myanimelist.net/images/manga/2/244789l.jpg
922,"Hana-chan to, Sekai no Katachi",Hana-chan and the Shape of the World,はなちゃんと、世界のかたち,Manga,958,6.72,2018,https://cdn.myanimelist.net/images/manga/3/235828l.jpg
923,#Tonari no Koitsu,,#トナリノコイツ,One-shot,957,6.57,2018,https://cdn.myanimelist.net/images/manga/1/250424l.jpg
924,Soshite Mata Kiss wo Shite,"And Then, We Kiss Again",そしてまたキスをして,Manga,954,6.84,2018,https://cdn.myanimelist.net/images/manga/2/238657l.jpg
925,Watashi ni xx Shinasai!: Couple-hen,,わたしに××しなさい! カップル編,Manga,949,6.69,2018,https://cdn.myanimelist.net/images/manga/2/225545l.jpg
926,Interview with the Criminal,Interview with a Murderer,흉악범과의 면담,Manhwa,942,7.06,2018,https://cdn.myanimelist.net/images/manga/1/263484l.jpg
927,Mahoutsukai Reimeiki,The Dawn of the Witch,魔法使い黎明期,Light Novel,940,,2018,https://cdn.myanimelist.net/images/manga/2/240699l.jpg
928,Katakoi Lamp,Katakoi Lamp,片恋ランプ,Manga,936,6.6,2018,https://cdn.myanimelist.net/images/manga/1/245532l.jpg
929,Sei no Gekiyaku,Dangerous Drugs of Sex,性の劇薬,Manga,934,6.34,2018,https://cdn.myanimelist.net/images/manga/1/236560l.jpg
930,Red Candy,Red Candy,레드 캔디,Manhwa,930,7.57,2018,https://cdn.myanimelist.net/images/manga/3/334112l.jpg
931,Ami-chan no Nikki,Ami's (100 Days or More) Diary,あみちゃんの日記,Doujinshi,929,6.77,2018,https://cdn.myanimelist.net/images/manga/2/267855l.jpg
931,Shi no Tori,,死ノ鳥,Manga,929,6.24,2018,https://cdn.myanimelist.net/images/manga/3/232018l.jpg
933,Sister Complex,,Sister Complex,Doujinshi,927,6.84,2018,https://cdn.myanimelist.net/images/manga/1/237129l.jpg
934,Nali Lai de Da Baobei,Whose Baby Is It?,哪里来的大宝贝,Manhua,922,7.01,2018,https://cdn.myanimelist.net/images/manga/2/263585l.jpg
935,Saigo ni Hitotsu dake Onegai shitemo Yoroshii deshou ka,,最後にひとつだけお願いしてもよろしいでしょうか,Light Novel,917,,2018,https://cdn.myanimelist.net/images/manga/2/222299l.jpg
935,Vigilante,Vigilante,비질란테,Manhwa,917,7.11,2018,https://cdn.myanimelist.net/images/manga/2/286804l.jpg
937,Tsumasakidachi no Alice,Alice stands on tiptoe.,つまさきだちのアリス,Manga,916,6.49,2018,https://cdn.myanimelist.net/images/manga/2/269312l.jpg
938,Coffee & Vanilla Black,,コーヒー&バニラ black,Manga,913,7.1,2018,https://cdn.myanimelist.net/images/manga/2/236848l.jpg
939,Sword Art Online: Kirito no Gun Gale Wars,Sword Art Online: Kirito's Gun Gale Wars,ソードアート・オンライン キリトの千夜一夜騒動〈ガンゲイルウォーズ〉,Manga,912,6.27,2018,https://cdn.myanimelist.net/images/manga/3/215595l.jpg
940,Isekai no Toilet de Dai wo Suru.,Dungeon Toilet,異世界のトイレで大をする。,Manga,910,5.43,2018,https://cdn.myanimelist.net/images/manga/2/215748l.jpg
941,Dead End Loop,,デッドエンドループ,Manga,907,5.33,2018,https://cdn.myanimelist.net/images/manga/1/237561l.jpg
941,Yoru no Yomeiri,,宵〈よる〉の嫁入り,Manga,907,6.4,2018,https://cdn.myanimelist.net/images/manga/1/226094l.jpg
943,Degausser,,デガウザー,Manga,904,6.57,2018,https://cdn.myanimelist.net/images/manga/1/223835l.jpg
944,Asu no Esa Kimi dakara,"It's Time to Go to His Stomach, Ok?",明日のエサ キミだから,Manga,899,6.11,2018,https://cdn.myanimelist.net/images/manga/1/215446l.jpg
945,Ameiro Curriculum,,飴色カリキュラム,Manga,897,6.96,2018,https://cdn.myanimelist.net/images/manga/3/237155l.jpg
946,Hate no Shoutsuushin,Correspondence from the End of the Universe,果ての星通信,Manga,891,7.16,2018,https://cdn.myanimelist.net/images/manga/2/254485l.jpg
946,"Onna Kishi: ""Hime ni wa Shinde Itadakimasu.""","The Female Knight Says, ""My Princess, You Must Die.""",女騎士「姫には死んでいただきます。」,Manga,891,6.62,2018,https://cdn.myanimelist.net/images/manga/3/224946l.jpg
948,Ponkotsu Musume no Nichijou,,ぽんこつ娘の日常,Manga,890,6.16,2018,https://cdn.myanimelist.net/images/manga/1/217067l.jpg
949,Hentai Yoku Dekimashita,,へんたいよくできました,Manga,889,7.07,2018,https://cdn.myanimelist.net/images/manga/2/235017l.jpg
950,"Natsu, Tsuma no Sentaku",,夏、妻の選択,Doujinshi,888,6.46,2018,https://cdn.myanimelist.net/images/manga/2/243758l.jpg
951,Tsukiyo no Kurage wa Koi ni Naku,,月夜のクラゲは恋に泣く,Manga,887,6.65,2018,https://cdn.myanimelist.net/images/manga/1/225010l.jpg
952,Kamisama wa Chotto dake Ijiwaru,"Dear, My God",神様はちょっとだけいじわる,Manga,885,6.67,2018,https://cdn.myanimelist.net/images/manga/1/255029l.jpg
953,E no Genten,E no Genten: Starting Point,eの原点,One-shot,880,6.48,2018,https://cdn.myanimelist.net/images/manga/1/205419l.jpg
954,Gold Gray,Gold Gray,골드 그레이,Manhwa,878,6.85,2018,https://cdn.myanimelist.net/images/manga/3/269152l.jpg
955,Josou Oniisan ga Nonke wo Torotoro ni Naru made Kaihatsu shitara,Cross-Dresser Therapy: Make Me a Shameless Bottom,女装おにいさんがノンケをとろとろになるまで開発したら,Manga,876,6.99,2018,https://cdn.myanimelist.net/images/manga/2/244540l.jpg
956,Torokeru Tamago to Bed no Naka de,,とろけるたまごとベッドの中で,Manga,872,7.38,2018,https://cdn.myanimelist.net/images/manga/3/237017l.jpg
957,Kawaii Onnanoko ni Kouryaku sareru no wa Suki desu ka?,Do You Like to Be Captured By a Cute Girl?,可愛い女の子に攻略されるのは好きですか?,Light Novel,871,,2018,https://cdn.myanimelist.net/images/manga/2/235456l.jpg
957,Koko Hore Boketsu-chan,,ここほれ墓穴ちゃん,Manga,871,6.6,2018,https://cdn.myanimelist.net/images/manga/1/236595l.jpg
959,Kono Subarashii Sekai ni Shukufuku wo! Megumin Anthology Aka,,この素晴らしい世界に祝福を！ めぐみんアンソロジー 紅Aka,Manga,868,7.15,2018,https://cdn.myanimelist.net/images/manga/3/239328l.jpg
960,Isekai Shoukan sareta ga Kyousei Soukan sareta Ore wa Shikatanaku Yaseru Koto ni Shita.,,異世界召喚されたが強制送還された俺は仕方なくやせることにした。,Manga,865,5.98,2018,https://cdn.myanimelist.net/images/manga/1/221874l.jpg
961,Happy End wa Iranai: Mikanuji Tanpenshuu,I Don't Need a Happy Ending: A Collection of Short Stories,みかん氏短編集 ハッピーエンドはいらない,Manga,863,6.76,2018,https://cdn.myanimelist.net/images/manga/3/278801l.jpg
961,Hotaru wa Ashita Shinu,,蛍は明日死ぬ,Manga,863,6.97,2018,https://cdn.myanimelist.net/images/manga/3/226583l.jpg
963,Alice to Taiyou,Alice & Taiyo,アリスと太陽,Manga,862,6.19,2018,https://cdn.myanimelist.net/images/manga/2/213171l.jpg
963,Kekkon made Ecchi wa Kinshi!?: Nengan no Shoya wo Makaeta Futari no Ohanashi.,,結婚までエッチは禁止!? 念願の初夜を迎えた二人のお話。,Manga,862,6.31,2018,https://cdn.myanimelist.net/images/manga/1/240858l.jpg
963,Tonari no Youkai-san,My Neighbor Yokai,となりの妖怪さん,Manga,862,7.01,2018,https://cdn.myanimelist.net/images/manga/2/244774l.jpg
966,Kimi wa Kokan no Mochigusare,You're Wasting a Great Thing,君はコカンの持ち腐れ,Manga,858,6.46,2018,https://cdn.myanimelist.net/images/manga/2/236691l.jpg
966,Tonari ni,,となりに,Manga,858,7.57,2018,https://cdn.myanimelist.net/images/manga/2/224653l.jpg
968,6-koma Manga: Aobuta,,6コマまんが あおぶた,Manga,855,6.96,2018,https://cdn.myanimelist.net/images/manga/1/229885l.jpg
969,Murciélago Byproduct: Araña,,MURCIÉLAGO BYPRODUCT -アラーニァ-,Manga,854,6.88,2018,https://cdn.myanimelist.net/images/manga/1/234744l.jpg
970,Butai Shoujo☆Kageki Revue Starlight: The Live - Show Must Go On,,舞台 少女☆歌劇 レヴュースタァライト ―The LIVE― SHOW MUST GO ON,Manga,852,7.08,2018,https://cdn.myanimelist.net/images/manga/2/222046l.jpg
971,Tapris Sugar Step,,タプリスシュガーステップ,Manga,850,7.15,2018,https://cdn.myanimelist.net/images/manga/2/226405l.jpg
972,Sensei datte Yarashii Koto shitai,,センセーだってやらしいことしたい,Manga,848,6.88,2018,https://cdn.myanimelist.net/images/manga/2/246277l.jpg
972,Yume no Naka de Kimi wo Sagashite,,夢の中で君を探して,Manga,848,6.34,2018,https://cdn.myanimelist.net/images/manga/3/210502l.jpg
974,Uwasa no Hito,,噂のヒト,Doujinshi,847,6.98,2018,https://cdn.myanimelist.net/images/manga/3/237326l.jpg
975,Chihira-kun wa Maryoku ga Tarinai,Chihira Can't Get Enough Magic Power,ちひらくんは魔力がたりない,Manga,841,6.77,2018,https://cdn.myanimelist.net/images/manga/1/238334l.jpg
976,Enogu no Nioi ga Shita,,絵の具の匂いがした,One-shot,839,6.87,2018,https://cdn.myanimelist.net/images/manga/3/242856l.jpg
976,Utsukushii Karada,A Beautiful Body,うつくしい体,Manga,839,6.83,2018,https://cdn.myanimelist.net/images/manga/2/235822l.jpg
978,Kanojo Face,,彼女フェイス,Manga,836,7.05,2018,https://cdn.myanimelist.net/images/manga/1/306721l.jpg
979,Zanki x 99,,残機×99,Manga,831,5.55,2018,https://cdn.myanimelist.net/images/manga/1/215583l.jpg
980,Lingua Dolce!,Lingua Dolce,リングアドルチェ!,Manga,830,6.93,2018,https://cdn.myanimelist.net/images/manga/1/236224l.jpg
981,Penguin Highway,Penguin Highway,ペンギン・ハイウェイ,Manga,829,6.72,2018,https://cdn.myanimelist.net/images/manga/3/222954l.jpg
982,Badass,,Badass,Manga,826,7.17,2018,https://cdn.myanimelist.net/images/manga/1/255561l.jpg
982,"Kainarasu Hazu ga, Aegasarete Komattemasu.",,飼いならすはずが、喘がされて困ってます。,Manga,826,6.74,2018,https://cdn.myanimelist.net/images/manga/1/223297l.jpg
984,Daddy Darling,Don't Call Me Daddy,ダディダーリン,Manga,822,7.3,2018,https://cdn.myanimelist.net/images/manga/3/245661l.jpg
985,Shinda Kareshi ga Joshikousei ni Natte Kaettekita,,死んだ彼氏が女子高生になって帰ってきた,One-shot,819,6.72,2018,https://cdn.myanimelist.net/images/manga/1/254228l.jpg
986,Teogonia,,神統記 〈テオゴニア〉,Manga,817,,2018,https://cdn.myanimelist.net/images/manga/2/236881l.jpg
987,Randen to Saga,Randen & Saga,ランデンとサガ,Manga,816,7.06,2018,https://cdn.myanimelist.net/images/manga/1/252962l.jpg
987,The Fable,,ざ・ふぁぶる,Manga,816,7.13,2018,https://cdn.myanimelist.net/images/manga/2/286827l.jpg
989,Fukujuu Toshi,,服従都市,Manga,815,,2018,https://cdn.myanimelist.net/images/manga/2/227802l.jpg
989,Kawahara Kachou to Gal Buka-chan,Watch Out for the GAL!,河原課長とギャル部下ちゃん,Manga,815,,2018,https://cdn.myanimelist.net/images/manga/2/232353l.jpg
991,Blue! Blue! Blue! After Story,,ブルー！ブルー！ブルー！ After Story,Doujinshi,814,7.45,2018,https://cdn.myanimelist.net/images/manga/3/252635l.jpg
992,The ComiQ,The ComiQ,THE COMIQ,Manga,813,6.43,2018,https://cdn.myanimelist.net/images/manga/2/219406l.jpg
993,Itoshi no Unlucky Days,Those Wonderfully Happy Unlucky Days,いとしのアンラッキーデイズ,Manga,812,6.94,2018,https://cdn.myanimelist.net/images/manga/1/244632l.jpg
993,Ogre no Aniki to Dorei-chan,,オーガの兄貴と奴隷ちゃん,Manga,812,6.67,2018,https://cdn.myanimelist.net/images/manga/2/215687l.jpg
995,Madogiwa no Aoi Haru,Springtime by the Window,まどぎわの青い春,Manga,807,6.65,2018,https://cdn.myanimelist.net/images/manga/2/249556l.jpg
996,"Afurete Koborete, Gaman Dekinai",,溢れて零れて、我慢できない,Manga,806,6.38,2018,https://cdn.myanimelist.net/images/manga/3/237928l.jpg
996,Olympia Kyklos,,オリンピア・キュクロス,Manga,806,6.97,2018,https://cdn.myanimelist.net/images/manga/2/226057l.jpg
996,Taikoku Cheat nara Isekai Seifuku mo Rakushou desu yo?,,大国チートなら異世界征服も楽勝ですよ?,Manga,806,5.33,2018,https://cdn.myanimelist.net/images/manga/1/214263l.jpg
999,Kimi no Tonari de Yurarete,,君の隣で揺られて,Manga,804,7.33,2018,https://cdn.myanimelist.net/images/manga/1/237783l.jpg
1000,4-gatsu no Tokyo wa...,,4月の東京は…,Manga,801,7.48,2018,https://cdn.myanimelist.net/images/manga/3/237949l.jpg
1000,Metro,Metro,メトロ,Manga,801,6.55,2018,https://cdn.myanimelist.net/images/manga/1/235710l.jpg
1002,Candy Man,Candy Man,캔디맨,Manhwa,800,6.36,2018,https://cdn.myanimelist.net/images/manga/3/292484l.jpg
1002,Nande Neteru Ore no Chinko Nameta no?,,なんで寝てる俺のちんこ舐めたの?,Manga,800,6.46,2018,https://cdn.myanimelist.net/images/manga/1/245730l.jpg
1004,Kingyo no Ubugoe,First Cry of the Goldfish.,金魚の産声,Manga,798,6.58,2018,https://cdn.myanimelist.net/images/manga/2/236128l.jpg
1005,Money Game,Money Game,머니게임,Manhwa,795,7.18,2018,https://cdn.myanimelist.net/images/manga/3/302967l.jpg
1005,Urisen Boy to Koisuru Onzoushi,The Male Escort and the Son of Nobility Who Loves Him,ウリ専ボーイと恋する御曹司,Manga,795,6.9,2018,https://cdn.myanimelist.net/images/manga/2/236688l.jpg
1007,Monochrome Limit,,モノクロリミット,Manga,792,6.76,2018,https://cdn.myanimelist.net/images/manga/3/221730l.jpg
1007,Succubus no Rinjin,,サキュバスの隣人,Doujinshi,792,7.03,2018,https://cdn.myanimelist.net/images/manga/1/252135l.jpg
1009,Black Clover SD: Asta-kun Mahou Tei e no Michi,,ブラッククローバーSD アスタくん魔法帝への道,Manga,791,6.33,2018,https://cdn.myanimelist.net/images/manga/2/221184l.jpg
1010,Idol-kun wa Abakaretai,"I'm a Pop Star, Now Expose Me!",アイドル君は暴かれたい,Manga,790,6.85,2018,https://cdn.myanimelist.net/images/manga/2/236078l.jpg
1011,10 Years in the Friend Zone,10 Years in the Friend Zone,10년째 차이는 소꿉친구,Manhwa,788,6.23,2018,https://cdn.myanimelist.net/images/manga/2/259681l.jpg
1012,Mouryou Shoujo,,魍魎少女,Manga,787,6.79,2018,https://cdn.myanimelist.net/images/manga/1/211197l.jpg
1012,Satsujin Purgatorium,Murder Purgatorium,殺人プルガトリウム,Manga,787,6.26,2018,https://cdn.myanimelist.net/images/manga/3/234244l.jpg
1014,Tosca no Inu,Dogs of Tosca,トスカの狗,Manga,785,6.74,2018,https://cdn.myanimelist.net/images/manga/2/238188l.jpg
1015,Katakoto no Niwa,,カタコトの庭,Manga,784,6.58,2018,https://cdn.myanimelist.net/images/manga/2/220974l.jpg
1015,Shitabashiri,,シタバシリ,One-shot,784,6.04,2018,https://cdn.myanimelist.net/images/manga/2/235754l.jpg
1017,Fushigi no Mayuri-san,A Girl Gets on with Wonder,不思議のまゆりさん,Manga,780,6.69,2018,https://cdn.myanimelist.net/images/manga/1/288888l.jpg
1017,Hibari ga Naitara Tsukamaete,"Please Catch Me, When I Hear the Lark Singing.",ひばりが鳴いたらつかまえて,Manga,780,6.81,2018,https://cdn.myanimelist.net/images/manga/3/237471l.jpg
1017,Kegareboshi no Kakera-tachi,,ケガレボシノカケラタチ,Doujinshi,780,6.76,2018,https://cdn.myanimelist.net/images/manga/1/303674l.jpg
1020,6-gatsu no Love Letter,Love Letters Written in June,6月のラブレター,Manga,779,7.1,2018,https://cdn.myanimelist.net/images/manga/2/223730l.jpg
1021,Kitai Fuku ga Aru,,着たい服がある,Manga,776,7.26,2018,https://cdn.myanimelist.net/images/manga/3/217048l.jpg
1022,Karin-chan wa Misetagari,,カリンちゃんは魅せたがり,Manga,775,,2018,https://cdn.myanimelist.net/images/manga/2/215065l.jpg
1023,Regressor Instruction Manual,Regressor Instruction Manual,회귀자 사용설명서,Novel,768,7.09,2018,https://cdn.myanimelist.net/images/manga/1/323122l.jpg
1024,Nil Admirari no Tenbin: Teito Genwaku Kitan,,ニル・アドミラリの天秤 帝都幻惑綺譚,Manga,767,,2018,https://cdn.myanimelist.net/images/manga/2/210494l.jpg
1024,Sekai de Ichiban Kawaii!,You Are the Cutest in the World.,世界でいちばんかわいい！,Manga,767,6.72,2018,https://cdn.myanimelist.net/images/manga/1/242736l.jpg
1026,Soshite Kaede wa Hanayaka ni Saku,And Kaede Blooms Gorgeously,そして楓は華やかに咲く,Doujinshi,764,6.51,2018,https://cdn.myanimelist.net/images/manga/1/250257l.jpg
1027,Yuzu no Koto,,ユズのこと,Manga,763,6.68,2018,https://cdn.myanimelist.net/images/manga/3/262511l.jpg
1028,False Memories,False Memories,왜 속이고 난리,Manhwa,759,6.95,2018,https://cdn.myanimelist.net/images/manga/2/281606l.jpg
1028,"Hello, Hello and Hello",,"Hello,Hello and Hello",Light Novel,759,7.28,2018,https://cdn.myanimelist.net/images/manga/1/223222l.jpg
1028,Koko wo Isekai to Suru!,,ココを異世界とする!,Manga,759,6.45,2018,https://cdn.myanimelist.net/images/manga/3/220593l.jpg
1028,The Unquenchable Mr. Kim,The Unquenchable Mr. Kim,회사원 K의 비밀,Manhwa,759,7.12,2018,https://cdn.myanimelist.net/images/manga/1/331663l.jpg
1032,Bros.,,bros.,Manga,757,6.46,2018,https://cdn.myanimelist.net/images/manga/3/262264l.jpg
1032,Danshi Koukousei wa Kyou mo Onaka ga Suiteiru,,男子高校生は今日もお腹がすいている,Manga,757,6.68,2018,https://cdn.myanimelist.net/images/manga/1/215873l.jpg
1034,"Ashita Shinu ni wa,","Since I Could Die Tomorrow,",あした死ぬには、,Manga,755,,2018,https://cdn.myanimelist.net/images/manga/1/226172l.jpg
1034,Kiyoku Tadashiku Utsukushiku,,清く正しく美しく,Manga,755,6.37,2018,https://cdn.myanimelist.net/images/manga/3/238015l.jpg
1036,Tonari no Kashiwagi-san: After Days,,となりの柏木さん after days,Manga,751,,2018,https://cdn.myanimelist.net/images/manga/1/235877l.jpg
1037,Kanraku Alpha: Enigma - Dai-4 no Verse,,陥落アルファ ―エニグマ:第4のバース―,Manga,749,6.39,2018,https://cdn.myanimelist.net/images/manga/3/236353l.jpg
1038,Apollo,,アポロ,One-shot,742,6.1,2018,https://cdn.myanimelist.net/images/manga/3/223040l.jpg
1039,Tanzawa Sudachi ga Koko ni Iru!,Tanzawa Sudachi is right here!,丹沢すだちが此処にイル!,Manga,739,6.5,2018,https://cdn.myanimelist.net/images/manga/3/223220l.jpg
1039,Watashi no Maou-sama,,私の魔王さま,One-shot,739,6.07,2018,https://cdn.myanimelist.net/images/manga/3/242813l.jpg
1041,Mushoku no Eiyuu: Betsu ni Skill Nanka Iranakatta n da ga,"The Hero Who Has No Class. No Need Any Skills, It's Okay.",無職の英雄 別にスキルなんか要らなかったんだが,Light Novel,738,6.7,2018,https://cdn.myanimelist.net/images/manga/3/235904l.jpg
1041,Okashite Ageru♥,,犯してあげる♥,Manga,738,6.94,2018,https://cdn.myanimelist.net/images/manga/2/242955l.jpg
1043,Manatsu no Delta,Delta of Midsummer,真夏のデルタ,Manga,736,7.09,2018,https://cdn.myanimelist.net/images/manga/1/226251l.jpg
1044,Suginami Toubatsu Koumuin: Dungeon Kinmu no Hitobito,,スギナミ討伐公務員～異世界〈ダンジョン〉勤務の人々～,Manga,735,6.39,2018,https://cdn.myanimelist.net/images/manga/3/209450l.jpg
1045,Deceptions,Deceptions,호스트로 금수저,Manhwa,734,6.58,2018,https://cdn.myanimelist.net/images/manga/2/263318l.jpg
1046,Niwa ni wa Ninin,,にわにはににん,Manga,733,6.66,2018,https://cdn.myanimelist.net/images/manga/2/226530l.jpg
1047,Reverse,,REVERSE,Manga,731,6.77,2018,https://cdn.myanimelist.net/images/manga/2/225975l.jpg
1048,AV Joyuu no Kaasan to Hikikomori no Boku ga Sex Suru You ni Natta Wake,,AV女優の母さんと引きこもりの僕がセックスするようになった理由,Manga,729,6.96,2018,https://cdn.myanimelist.net/images/manga/3/242396l.jpg
1049,Yuri Elf to Norowareta Hime,,百合エルフと呪われた姫,Light Novel,725,6.94,2018,https://cdn.myanimelist.net/images/manga/2/225595l.jpg
1050,Ibitsu na Bokura no Katachi,,いびつなボクらのカタチ,Manga,722,7.5,2018,https://cdn.myanimelist.net/images/manga/1/244304l.jpg
1050,Peach Milk Crown,,ピーチ・ミルク・クラウン,Manga,722,5.88,2018,https://cdn.myanimelist.net/images/manga/1/223968l.jpg
1052,Ano Yoru no Pool,,あの夜のプール,One-shot,721,6.81,2018,https://cdn.myanimelist.net/images/manga/2/236819l.jpg
1052,"Boku datte, Kiss shitai.","I Want to Kiss You, Too.",僕だって、キスしたい。,Manga,721,6.68,2018,https://cdn.myanimelist.net/images/manga/1/226236l.jpg
1052,Hitomebore shita Hito ga Do M datta Mono de,,一目惚れした人がドMだったもので,Manga,721,7.11,2018,https://cdn.myanimelist.net/images/manga/2/262432l.jpg
1055,Chimamire Sukeban Chainsaw: Reflesh,,血まみれスケバンチェーンソー reflesh,Manga,720,6.28,2018,https://cdn.myanimelist.net/images/manga/2/220739l.jpg
1055,"Hazure Skill ""Mapping"" wo Te ni Shita Shounen wa Saikyou Party to Dungeon ni Idomu",Mapping: The Trash-Tier Skill That Got Me Into a Top-Tier Party,外れスキル【地図化〈マッピング〉】を手にした少年は最強パーティーとダンジョンに挑む,Light Novel,720,7.0,2018,https://cdn.myanimelist.net/images/manga/1/235249l.jpg
1057,Douji Gunkan,,童子軍鑑,Manga,719,6.51,2018,https://cdn.myanimelist.net/images/manga/2/221713l.jpg
1057,Koisuru Alpha no Sodatekata,How To Raise an Alpha You Love,恋するアルファの育て方,Manga,719,6.49,2018,https://cdn.myanimelist.net/images/manga/3/239032l.jpg
1059,"As You Like It, Margrave","As You Like It, Margrave",뜻대로 하세요,Manhwa,715,6.59,2018,https://cdn.myanimelist.net/images/manga/3/262833l.jpg
1060,Ore to Joushi no Kakushigoto: Tsuzuki no Hanashi,The Secret of Me and My Boss Sequel,俺と上司のかくしごと つづきのはなし,Manga,711,7.34,2018,https://cdn.myanimelist.net/images/manga/1/256478l.jpg
1060,Robot Izonkei Joshi no Meewaku na Nichijou,,ロボット依存系女子のメーワクな日常,Manga,711,5.94,2018,https://cdn.myanimelist.net/images/manga/3/217431l.jpg
1060,Yuukoku no Moriarty,Moriarty the Patriot,憂国のモリアーティ,Light Novel,711,7.36,2018,https://cdn.myanimelist.net/images/manga/1/249807l.jpg
1063,Kyou kara Ore wa!!: Yuusha Sagawa to Ano Futari-hen,,今日から俺は!!～勇者サガワとあの二人編～,Manga,709,6.25,2018,https://cdn.myanimelist.net/images/manga/2/221367l.jpg
1063,Majiwari no Yado,Intercourse Inn,交わりの宿,Manga,709,7.23,2018,https://cdn.myanimelist.net/images/manga/1/247832l.jpg
1065,Ken-chan to Neko. Tokidoki Ahiru,,ケンちゃんと猫。 ときどきアヒル,Manga,705,6.82,2018,https://cdn.myanimelist.net/images/manga/1/220524l.jpg
1065,Teppeki Honeymoon,Teppeki Honeymoon,鉄壁ハニームーン,Manga,705,7.01,2018,https://cdn.myanimelist.net/images/manga/3/236938l.jpg
1067,Broken Melody,Broken Melody,은사,Manhwa,700,7.19,2018,https://cdn.myanimelist.net/images/manga/2/260287l.jpg
1067,Chocolat: Shakaijin Yuri Anthology,"""Chocolat"" Girls Love Anthology",ショコラ 社会人百合アンソロジー,Manga,700,,2018,https://cdn.myanimelist.net/images/manga/2/249676l.jpg
1067,Watashi no Kanojo wa Otokonoko,,私の彼女は男の子,One-shot,700,6.78,2018,https://cdn.myanimelist.net/images/manga/3/234510l.jpg
1070,Sunshine Lovesick,,サンシャイン・ラブシック,Manga,699,6.95,2018,https://cdn.myanimelist.net/images/manga/2/226292l.jpg
1071,Ryuu no Otto: Boukoku no Kami,The Dragon's Husband: God of a Ruined Kingdom,龍の夫―亡国の神―,Manga,697,6.89,2018,https://cdn.myanimelist.net/images/manga/3/238096l.jpg
1071,Yuri to Koe to Kaze Matoi,Lilies and Voices Born Upon the Wind,百合と声と風纏い,Manga,697,6.93,2018,https://cdn.myanimelist.net/images/manga/1/280401l.jpg
1073,Hallelujah Baby,,ハレルヤベイビー,Manga,696,7.1,2018,https://cdn.myanimelist.net/images/manga/2/255779l.jpg
1073,Organ Divider,Organ Divider,オーガン・ディバイダー,Manga,696,6.68,2018,https://cdn.myanimelist.net/images/manga/3/221599l.jpg
1075,2.43: Seiin Koukou Danshi Volley-bu,,2.43 清陰高校男子バレー部,Manga,694,,2018,https://cdn.myanimelist.net/images/manga/3/231353l.jpg
1075,Daijukai no Monster Partner: Jouka Skill de Mamono Hogo Seikatsu,,大樹海のモンスターパートナー ～浄化スキルで魔物保護生活～,Manga,694,6.26,2018,https://cdn.myanimelist.net/images/manga/2/217502l.jpg
1077,Isekai Kitchen: Around 30 Eiyoushi no Second Life,Parallel Universe Kitchen,異世界健康食堂〈キッチン〉～アラサー栄養士のセカンドライフ～,Manga,693,6.46,2018,https://cdn.myanimelist.net/images/manga/2/223821l.jpg
1077,Voice Rush!!,,ボイスラ!!,Manga,693,7.1,2018,https://cdn.myanimelist.net/images/manga/1/222696l.jpg
1077,Watashi wa Akuyaku Reijou nanka ja Nai!!: Yamitsukai dakara tte Kanarazushimo Akuyaku dato Omouna yo,,私は悪役令嬢なんかじゃないっ！！ 闇使いだからって必ずしも悪役だと思うなよ,Light Novel,693,6.6,2018,https://cdn.myanimelist.net/images/manga/3/220615l.jpg
1080,Noukase,,脳枷,One-shot,692,6.86,2018,https://cdn.myanimelist.net/images/manga/1/270328l.jpg
1081,Koisuru Ryuu no Shima,The Island of Dragons in Love,恋する竜の島,Manga,689,6.42,2018,https://cdn.myanimelist.net/images/manga/2/237895l.jpg
1082,Oretachi Namamono? desu,There's Fanfiction About Us?,俺たちナマモノ?です,Manga,688,6.95,2018,https://cdn.myanimelist.net/images/manga/1/236177l.jpg
1083,Nijusseiki Denki Mokuroku,,二十世紀電氣目録,Light Novel,686,,2018,https://cdn.myanimelist.net/images/manga/3/231194l.jpg
1084,Way to Heaven,,천애협로,Manhwa,684,7.3,2018,https://cdn.myanimelist.net/images/manga/2/285268l.jpg
1085,Kemono Giga,,ケモノギガ,Manga,683,6.91,2018,https://cdn.myanimelist.net/images/manga/3/280194l.jpg
1086,Josou Cosplayer to Otouto,Josou Cosplayer & Younger Brother,女装コスプレイヤーと弟,Manga,680,6.76,2018,https://cdn.myanimelist.net/images/manga/2/234914l.jpg
1087,Kogarete Kogashite,,焦がれて焦がして,Manga,679,6.97,2018,https://cdn.myanimelist.net/images/manga/2/236270l.jpg
1088,Fenrir,Fenrir,フェンリル,Manga,677,6.69,2018,https://cdn.myanimelist.net/images/manga/3/234877l.jpg
1089,Ima Kako,,いまかこ,Manga,675,6.78,2018,https://cdn.myanimelist.net/images/manga/3/236316l.jpg
1089,Kawaigaru nara Shitemo Ii,"If You Treat Me Nice, We Can Do It",かわいがるならシてもいい,Manga,675,6.75,2018,https://cdn.myanimelist.net/images/manga/1/246036l.jpg
1091,Last Round Arthurs,Last Round Arthurs,ラストラウンド・アーサーズ,Light Novel,671,6.72,2018,https://cdn.myanimelist.net/images/manga/2/220948l.jpg
1092,Kawaii Satou-kun,,かわいい佐藤くん,One-shot,664,6.82,2018,https://cdn.myanimelist.net/images/manga/1/223928l.jpg
1093,Behind the Scenes,Behind the Scenes,씬,Manhwa,663,6.58,2018,https://cdn.myanimelist.net/images/manga/3/259977l.jpg
1094,Erotomaniac Play,Our Addictive Carnal Games,エロトマニアックプレイ,Manga,661,6.11,2018,https://cdn.myanimelist.net/images/manga/3/239311l.jpg
1094,Nibiiro no Chameleon,"The Chameleon of ""Nibiiro""",鈍色のカメレオン,Manga,661,6.65,2018,https://cdn.myanimelist.net/images/manga/2/222040l.jpg
1094,Shishi ni Hire,,ししにひれ,Manga,661,6.87,2018,https://cdn.myanimelist.net/images/manga/2/239325l.jpg
1097,Bitter Cigar,,ビター・シガー,Manga,660,7.29,2018,https://cdn.myanimelist.net/images/manga/1/255288l.jpg
1097,I Found Somebody to Love,I Found Somebody to Love,사랑하는 사람이 생겼습니다,Manhwa,660,7.34,2018,https://cdn.myanimelist.net/images/manga/1/250450l.jpg
1099,Ninja Batman,Batman Ninja,ニンジャバットマン,Manga,659,6.57,2018,https://cdn.myanimelist.net/images/manga/1/226817l.jpg
1099,Sankaku no Kyori wa Kagirinai Zero,Bizarre Love Triangle,三角の距離は限りないゼロ,Light Novel,659,,2018,https://cdn.myanimelist.net/images/manga/1/227857l.jpg
1101,Nano Hazard,Nano Hazard,ナノハザード,Manga,658,5.41,2018,https://cdn.myanimelist.net/images/manga/3/220020l.jpg
1102,Otto no Chinpo ga Hairanai,,夫のちんぽが入らない,Manga,657,6.81,2018,https://cdn.myanimelist.net/images/manga/2/216660l.jpg
1103,Hisone to Maso-tan: Nao no Sora,,ひそねとまそたん 名緒のそら,Manga,655,6.55,2018,https://cdn.myanimelist.net/images/manga/2/217444l.jpg
1104,"Raishuu, Ame ga Futtara","Next Week, If It Rains",来週、雨が降ったら,Doujinshi,654,7.38,2018,https://cdn.myanimelist.net/images/manga/3/312663l.jpg
1105,H x H x H,Forced to Warm Him up at Night,H×H×H〈ハード・ヒート・ハート〉,Manga,653,6.4,2018,https://cdn.myanimelist.net/images/manga/1/224344l.jpg
1106,Doukyo Suru Neneki,Slime Living Together,同居する粘液,Manga,650,6.73,2018,https://cdn.myanimelist.net/images/manga/1/292418l.jpg
1107,Itazura Privacy,,悪戯プライバシー,Manga,648,6.59,2018,https://cdn.myanimelist.net/images/manga/2/233063l.jpg
1108,Brother Trap,,ブラザー・トラップ,Manga,647,,2018,https://cdn.myanimelist.net/images/manga/3/235499l.jpg
1108,One Piece: Koby-ni no Kobiyama - Uri Futatsunagi no Daihihou,,ONE PIECE コビー似の小日山 〜ウリふたつなぎの大秘宝〜,Manga,647,6.51,2018,https://cdn.myanimelist.net/images/manga/1/222839l.jpg
1108,Tsuyuki-san wa Furaretenai,,露木さんはフラれてない,Manga,647,6.03,2018,https://cdn.myanimelist.net/images/manga/3/230993l.jpg
1111,Meppou Yatara to Yowaki ni Kiss,An Extremely Haphazard and Weak-willed Kiss,滅法矢鱈と弱気にキス,Manga,646,7.27,2018,https://cdn.myanimelist.net/images/manga/1/260397l.jpg
1112,Ninkoi,,忍恋,Manga,644,,2018,https://cdn.myanimelist.net/images/manga/2/220838l.jpg
1112,Youkai Gakkou no Seito Hajimemashita!,The Terrifying Students at Ghoul School!,妖怪学校の生徒はじめました!,Manga,644,7.4,2018,https://cdn.myanimelist.net/images/manga/1/235322l.jpg
1114,"Take Me, I'm Yours","Take Me, I'm Yours",날 가져요,Manhwa,643,6.98,2018,https://cdn.myanimelist.net/images/manga/1/263764l.jpg
1114,Yarisugita Majin Senmetsusha no New Game,The Seven Deadly Sins Master Ruthlessly Shatters Taboos,やりすぎた魔神殲滅者の七大罪遊戯〈ニューゲーム〉,Manga,643,,2018,https://cdn.myanimelist.net/images/manga/1/239815l.jpg
1116,Yajima-kun no Senzoku Friend,Yajima's exclusive friend,矢嶋くんの専属フレンド,Manga,642,6.5,2018,https://cdn.myanimelist.net/images/manga/1/223394l.jpg
1117,Death March kara Hajimaru Isekai Kyousoukyoku Extra,Death March to the Parallel World Rhapsody Extra,デスマーチからはじまる異世界狂想曲 Ex,Light Novel,641,,2018,https://cdn.myanimelist.net/images/manga/3/206403l.jpg
1117,"Kamiato kara, Hatsukoi",From Bite Marks to First Love,噛み痕から、初恋,Manga,641,6.16,2018,https://cdn.myanimelist.net/images/manga/1/246609l.jpg
1119,Saigo no Isha wa Sakura wo Miagete Kimi wo Omou,The Last Doctors Think of You Whenever They Look Up to Cherry Blossoms.,最後の医者は桜を見上げて君を想う,Manga,639,,2018,https://cdn.myanimelist.net/images/manga/3/220506l.jpg
1119,Sekai de Ichiban Hayai Haru,Drawing from Your Memory,世界で一番早い春,Manga,639,,2018,https://cdn.myanimelist.net/images/manga/3/213300l.jpg
1121,"Ao ni, Fureru.",Seeing Blue,青に、ふれる。,Manga,638,7.08,2018,https://cdn.myanimelist.net/images/manga/3/221732l.jpg
1121,Henai,,へんあい,One-shot,638,6.61,2018,https://cdn.myanimelist.net/images/manga/2/241251l.jpg
1123,"Sayonara, Boku no Goshujinsama","Goodbye, My Master.",さよなら、僕のご主人様,Manga,637,6.24,2018,https://cdn.myanimelist.net/images/manga/1/227859l.jpg
1124,Ossan no Remake Bouken Nikki: Auto Camp kara Hajimaru Isekai Mankitsu Life,,おっさんのリメイク冒険日記 ～オートキャンプから始まる異世界満喫ライフ～,Manga,636,,2018,https://cdn.myanimelist.net/images/manga/2/234296l.jpg
1125,Katsubou Anima Gemella,,渇望アニマジェメラ,Manga,635,6.47,2018,https://cdn.myanimelist.net/images/manga/2/235418l.jpg
1126,Bitch na Inane-samaa,,ビッチな淫姉さまぁ,Manga,634,7.05,2018,https://cdn.myanimelist.net/images/manga/3/264621l.jpg
1127,Mayonaka Sanpo,,真夜中散歩,One-shot,633,6.92,2018,https://cdn.myanimelist.net/images/manga/2/236461l.jpg
1128,Dosukebe♡Onei-chan,,ドスケベ♡おねいちゃん,Manga,632,6.7,2018,https://cdn.myanimelist.net/images/manga/3/248868l.jpg
1129,Mada Mahou nanka ni Tayotterassharu no deshou ka?,You Still Rely on Magic?,まだ魔法なんかに頼ってらっしゃるのでしょうか?,Manga,628,6.27,2018,https://cdn.myanimelist.net/images/manga/3/248652l.jpg
1130,Fukou-kun no Saiwai,The Good Luck Story of an Unlucky Guy,不幸くんの幸い,Manga,627,6.89,2018,https://cdn.myanimelist.net/images/manga/2/238154l.jpg
1130,Koroshiya S no Yuragi,Fluctuations of the Hitman S,殺し屋Sのゆらぎ,Manga,627,,2018,https://cdn.myanimelist.net/images/manga/1/232031l.jpg
1132,Endro~!,,えんどろ～！,Manga,625,6.14,2018,https://cdn.myanimelist.net/images/manga/2/223074l.jpg
1132,Kono Subarashii Sekai ni Shukufuku wo! Extra: Ano Orokamono ni mo Kyakkou wo!,,この素晴らしい世界に祝福を！エクストラ あの愚か者にも脚光を！,Manga,625,,2018,https://cdn.myanimelist.net/images/manga/3/249780l.jpg
1132,Shirayuki-hime ni Kuchizuke,,白雪姫にくちづけ,Manga,625,6.93,2018,https://cdn.myanimelist.net/images/manga/2/225393l.jpg
1135,Heibon naru Koutei,Ordinary Emperor,平凡なる皇帝,Manga,623,6.46,2018,https://cdn.myanimelist.net/images/manga/1/216392l.jpg
1135,Killer Ape,,KILLER APE,Manga,623,6.83,2018,https://cdn.myanimelist.net/images/manga/3/226017l.jpg
1137,Choukyou Kakusei BL,,調教覚醒BL,Manga,618,6.53,2018,https://cdn.myanimelist.net/images/manga/1/237956l.jpg
1137,Tsuki to Koi wa Michireba Kakeru.,,月と恋は満ちれば欠ける。,Manga,618,7.01,2018,https://cdn.myanimelist.net/images/manga/3/254643l.jpg
1139,Yurusaba.,,ゆるさば。,Manga,617,,2018,https://cdn.myanimelist.net/images/manga/1/210305l.jpg
1140,Mirai no Mirai,Mirai,未来のミライ,Novel,616,7.17,2018,https://cdn.myanimelist.net/images/manga/2/230847l.jpg
1141,Chiteki Seikatsu,Slutty Life,痴的性活,Manga,615,6.66,2018,https://cdn.myanimelist.net/images/manga/1/244726l.jpg
1141,Junai Junbi,,純愛準備,Manga,615,6.71,2018,https://cdn.myanimelist.net/images/manga/1/240051l.jpg
1143,Dekiai Kareshi wa Bucchouzura shite Yattekuru,Day-Care Pick Up,溺愛カレシは仏頂面してやってくる,Manga,612,7.29,2018,https://cdn.myanimelist.net/images/manga/1/245133l.jpg
1143,Sugar na Papa to Salt na Musume,,シュガーなパパとソルトな娘,Manga,612,6.69,2018,https://cdn.myanimelist.net/images/manga/3/216258l.jpg
1145,Kuzukago Mountain,,くずかごマウンテン,One-shot,606,6.49,2018,https://cdn.myanimelist.net/images/manga/2/211436l.jpg
1146,Princess Connect! Re:Dive,,プリンセスコネクト！Re:Dive,Manga,605,,2018,https://cdn.myanimelist.net/images/manga/1/255451l.jpg
1147,14-sai to Illustrator,A fourteen and an illustrator.,14歳とイラストレーター,Manga,604,,2018,https://cdn.myanimelist.net/images/manga/1/215048l.jpg
1147,Mahou no Tenshi Creamy Mami: Fukigen na Ohimesama,Magical Angel Creamy Mami and the Spoiled Princess,魔法の天使 クリィミーマミ 不機嫌なお姫様,Manga,604,7.15,2018,https://cdn.myanimelist.net/images/manga/3/230413l.jpg
1149,Sex suru yori Hazukashii Koto,,セックスするよりはずかしいこと,Manga,602,6.58,2018,https://cdn.myanimelist.net/images/manga/2/245905l.jpg
1149,Sora ni Mairu,,宙に参る,Manga,602,,2018,https://cdn.myanimelist.net/images/manga/3/271797l.jpg
1151,Acaria,,ACARIA,Manga,601,6.81,2018,https://cdn.myanimelist.net/images/manga/1/274939l.jpg
1151,Hana to Sumi,,花と墨,Manga,601,6.6,2018,https://cdn.myanimelist.net/images/manga/1/234836l.jpg
1153,Chiiku Gangu,Sinful Toys,恥育玩具,Manga,598,6.82,2018,https://cdn.myanimelist.net/images/manga/2/247630l.jpg
1154,How to Kill a God,,신을 죽이는 방법,Manhwa,596,,2018,https://cdn.myanimelist.net/images/manga/2/265165l.jpg
1155,Eiyuu no Musume toshite Umarekawatta Eiyuu wa Futatabi Eiyuu wo Mezasu,,英雄の娘として生まれ変わった英雄は再び英雄を目指す,Light Novel,593,6.83,2018,https://cdn.myanimelist.net/images/manga/3/217665l.jpg
1156,My Bad Boyfriend,,일진이 사나워,Manhwa,592,6.53,2018,https://cdn.myanimelist.net/images/manga/3/266974l.jpg
1156,Trinity Seven: Seven Days,,トリニティセブン セブンデイズ,Manga,592,,2018,https://cdn.myanimelist.net/images/manga/2/216668l.jpg
1158,Mucchan wa Keppaku desu,,むっちゃんは潔白です,One-shot,591,6.49,2018,https://cdn.myanimelist.net/images/manga/2/234616l.jpg
1158,Saint Seiya: Origin,,聖闘士星矢ORIGIN,Manga,591,6.36,2018,https://cdn.myanimelist.net/images/manga/2/241631l.jpg
1160,Comic Party Wonder Love,Comic Party Wonder Love,コミックパーティ ワンダーラブ,Manga,590,7.17,2018,https://cdn.myanimelist.net/images/manga/2/304178l.jpg
1160,Koishii Revival,,恋しいリバイバル,Manga,590,6.76,2018,https://cdn.myanimelist.net/images/manga/1/249493l.jpg
1162,Aizome,Fill With Love,あいぞめ,Manga,588,6.99,2018,https://cdn.myanimelist.net/images/manga/1/250954l.jpg
1163,Vacation Maou to Pet,,ばけーしょん魔王とペット,Manga,586,6.87,2018,https://cdn.myanimelist.net/images/manga/1/266071l.jpg
1164,Hoshigari na Rinjin,The Neighbor I Desire,欲しがりな隣人,Manga,585,6.77,2018,https://cdn.myanimelist.net/images/manga/1/255325l.jpg
1164,Unmei no Hito,My Destined One,運命のひと,Manga,585,6.71,2018,https://cdn.myanimelist.net/images/manga/2/255241l.jpg
1166,Saru to Momo,Monkey & Peach,猿と桃,Manga,584,6.68,2018,https://cdn.myanimelist.net/images/manga/2/225470l.jpg
1167,Otona nya Koi no Shikata ga Wakaranee!,"Goodbye, No Sex Life",大人にゃ恋の仕方がわからねぇ！,Manga,580,,2018,https://cdn.myanimelist.net/images/manga/3/233486l.jpg
1168,Alice-tachi no Hyouhon,Alice's Specimens,アリスたちの標本,Manga,579,,2018,https://cdn.myanimelist.net/images/manga/1/216067l.jpg
1168,Keppeki Danshi Kouryakuhou,How to Cure a Germaphobe,潔癖男子攻略法,Manga,579,6.81,2018,https://cdn.myanimelist.net/images/manga/3/245355l.jpg
1168,"Kou-2 ni Time Leap Shita Ore ga, Touji Suki datta Sensei ni Kokutta Kekka",,高２にタイムリープした俺が、当時好きだった先生に告った結果,Light Novel,579,,2018,https://cdn.myanimelist.net/images/manga/3/241039l.jpg
1168,Yuuenchi: Baki Gaiden,,ゆうえんち -バキ外伝-,Light Novel,579,,2018,https://cdn.myanimelist.net/images/manga/3/235643l.jpg
1172,Karasu ni Hitoe wa Niawanai,A Raven for All Seasons,烏に単は似合わない,Manga,577,7.32,2018,https://cdn.myanimelist.net/images/manga/1/283680l.jpg
1172,Motokano ni Gensou wo Idaku na Baka: Nishizawa 5mm Tanpenshuu,,西沢5ミリ短編集 元カノに幻想を抱くなバーカ,Manga,577,,2018,https://cdn.myanimelist.net/images/manga/3/246932l.jpg
1174,Vampire Itadakimasu,Biting a Vampire,バンパイアいただきます,Manga,576,6.54,2018,https://cdn.myanimelist.net/images/manga/1/255224l.jpg
1175,Tokyo Tarareba Musume Returns,Tokyo Tarareba Girls Returns,東京タラレバ娘 リターンズ,Manga,575,6.71,2018,https://cdn.myanimelist.net/images/manga/1/252915l.jpg
1176,Hatsukoi Fuzen Moratorium,,初恋不全モラトリアム,Manga,574,6.82,2018,https://cdn.myanimelist.net/images/manga/3/255989l.jpg
1176,Senpai ga Boku ni Shiteru Koto,Sex with Senpai,先輩が僕にシてるコト,Doujinshi,574,,2018,https://cdn.myanimelist.net/images/manga/3/243068l.jpg
1178,Amai Koe wa Saidai Volume de,,あまい声は最大ボリュームで,Manga,572,6.49,2018,https://cdn.myanimelist.net/images/manga/2/253808l.jpg
1178,Boogiepop wa Warawanai: VS Imaginator,Boogiepop and Others VS Imaginator,ブギーポップは笑わない VSイマジネーター,Manga,572,,2018,https://cdn.myanimelist.net/images/manga/1/215575l.jpg
1178,Unmei no Aite ga Yayakoshii!,My Complex Soulmate!,運命の相手がややこしい!,Manga,572,6.83,2018,https://cdn.myanimelist.net/images/manga/1/236310l.jpg
1181,Choco Robo!,,チョコロボ!,Manga,570,,2018,https://cdn.myanimelist.net/images/manga/3/220921l.jpg
1182,Oshikake Maid no Shirayuki-san,,おしかけメイドの白雪さん,Manga,569,,2018,https://cdn.myanimelist.net/images/manga/3/227724l.jpg
1183,Build King,Build King,BUILD KING,One-shot,567,5.61,2018,https://cdn.myanimelist.net/images/manga/3/219765l.jpg
1184,Aisaretagari no Shohousen,Prescription for a Lonely Boy Who Wants Love,愛されたがりの処方箋,Manga,566,6.78,2018,https://cdn.myanimelist.net/images/manga/3/239015l.jpg
1184,Kanashiki Ikimono-tachi,,悲しき生き物たち,One-shot,566,5.41,2018,https://cdn.myanimelist.net/images/manga/3/205456l.jpg
1186,Shaman King Faust 8: Eien no Eliza,,SHAMAN KING FAUST8 「永遠のエリザ」,Light Novel,561,7.01,2018,https://cdn.myanimelist.net/images/manga/1/220029l.jpg
1187,Sore wa Marude Amagasa no You ni,,それはまるで雨傘のように,Manga,560,6.65,2018,https://cdn.myanimelist.net/images/manga/1/225354l.jpg
1188,Egoist ni wa Nabikanai,I'll Never Fall in Love with an Egoist!,エゴイストにはなびかない,Manga,558,6.5,2018,https://cdn.myanimelist.net/images/manga/3/271122l.jpg
1188,Mesukko Daisuki♡,,メスっこ大好き♡,Manga,558,7.13,2018,https://cdn.myanimelist.net/images/manga/1/242228l.jpg
1188,Tanaka no Isekai Nariagari,,タナカの異世界成り上がり,Manga,558,6.08,2018,https://cdn.myanimelist.net/images/manga/2/229737l.jpg
1191,Haishin Yuusha,The Brave-Tuber,配信勇者,Manga,557,6.81,2018,https://cdn.myanimelist.net/images/manga/2/210831l.jpg
1191,Seitokaichou wa Geboku ni Naritai,The Student Council President Wants to be a Manservant,生徒会長は下僕になりたい,Manga,557,6.26,2018,https://cdn.myanimelist.net/images/manga/2/240779l.jpg
1193,Haibara-kun wa Gokigen Naname,Haibara is in a Bad Temper,灰原くんはご機嫌ななめ,Manga,554,,2018,https://cdn.myanimelist.net/images/manga/2/223569l.jpg
1193,Mofuku no Hanayome,Mourning and New Departure,喪服の花嫁,Manga,554,6.68,2018,https://cdn.myanimelist.net/images/manga/2/246063l.jpg
1193,Ossan (36) ga Idol ni Naru Hanashi,Ossan Idol!,オッサン(36)がアイドルになる話,Manga,554,,2018,https://cdn.myanimelist.net/images/manga/2/222810l.jpg
1193,Wedding Impossible,Wedding Impossible,웨딩 임파서블,Manhwa,554,6.78,2018,https://cdn.myanimelist.net/images/manga/3/264639l.jpg
1197,"Inakunare, Gunjou: Fragile Light of Pistol Star",,いなくなれ、群青 Fragile Light of Pistol Star,Manga,551,6.75,2018,https://cdn.myanimelist.net/images/manga/3/218115l.jpg
1198,Inugashima,Isle of Dogs,犬ヶ島,Manga,550,6.17,2018,https://cdn.myanimelist.net/images/manga/2/224750l.jpg
1198,La Vie en Rose,,ラヴィアンローズ,Manga,550,7.23,2018,https://cdn.myanimelist.net/images/manga/3/224296l.jpg
1198,Uchi no Danna ga Kawaisugiru Ken ni Tsuite,,うちの旦那がかわいすぎる件について,Manga,550,7.02,2018,https://cdn.myanimelist.net/images/manga/2/284103l.jpg
1201,Ramen Ookami to Curry Tora,Ramen Wolf and Curry Tiger,ラーメン狼とカレー虎,Manga,546,6.99,2018,https://cdn.myanimelist.net/images/manga/3/268110l.jpg
1202,Takaga Tasogare,,たかが黄昏れ,Manga,545,,2018,https://cdn.myanimelist.net/images/manga/3/223963l.jpg
1203,Tonikaku Imouto ga Hoshii: Saikyou no Kyuuketsuki wa Mujikaku Gohoushichuu!,Seriously Seeking Sister! Ultimate Vampire Princess Just Wants Little Sister; Plenty of Service Will Be Provided!,とにかく妹が欲しい最強の吸血姫は無自覚ご奉仕中！,Light Novel,544,,2018,https://cdn.myanimelist.net/images/manga/3/234736l.jpg
1204,"VR Eroge Yattetara Isekai ni Tensei shita node, Bishoujo Maou wo Dorei-ka suru: Cloth Out Saber",,ＶＲエロゲーやってたら異世界に転生したので、美少女魔王を奴隷化する ～クロスアウト・セイバー～,Light Novel,543,,2018,https://cdn.myanimelist.net/images/manga/3/214752l.jpg
1205,Hinata to Mikasa,,ひなたと三笠,Manga,540,6.65,2018,https://cdn.myanimelist.net/images/manga/2/246512l.jpg
1206,Akiyama-san no Tori Life,,秋山さんのとりライフ,Manga,537,,2018,https://cdn.myanimelist.net/images/manga/2/236973l.jpg
1207,Haime to Zoukihime,,ハイメと臓器姫,Manga,535,,2018,https://cdn.myanimelist.net/images/manga/2/221968l.jpg
1207,Ikai no Himemiko wa Pâtissière,,異界の姫巫女はパティシエール,Manga,535,6.33,2018,https://cdn.myanimelist.net/images/manga/1/238616l.jpg
1209,Isekai de Slow Life wo (Ganbou),I have a slow living in different world (I wish),異世界でスローライフを（願望）,Light Novel,534,,2018,https://cdn.myanimelist.net/images/manga/2/226071l.jpg
1209,Sore wa Tabun Kyuuai,Maybe It's Courtship,それは多分求愛,Manga,534,6.48,2018,https://cdn.myanimelist.net/images/manga/2/255522l.jpg
1211,Juujun Bitch Lover,,従順ビッチLover,Manga,530,6.17,2018,https://cdn.myanimelist.net/images/manga/3/224482l.jpg
1212,Aisaretagari no Anti Romance,To Be Loved Anti Romance,愛されたがりのアンチロマンス,Manga,529,6.74,2018,https://cdn.myanimelist.net/images/manga/2/243493l.jpg
1212,Mimori-san no Yarashii Okuchi,Mimori's Naughty Mouth,三森さんのやらしいおくち,Manga,529,6.71,2018,https://cdn.myanimelist.net/images/manga/1/254755l.jpg
1212,Orokamono Wangel Night,,愚か者ワンゲルナイト,Manga,529,6.94,2018,https://cdn.myanimelist.net/images/manga/1/227117l.jpg
1215,Release the Spyce: Naisho no Mission,Release the Spyce: The Secret Mission,RELEASE THE SPYCE ないしょのミッション,Manga,528,6.58,2018,https://cdn.myanimelist.net/images/manga/3/220051l.jpg
1215,Sougou Jikan Jigyougaisha Daihyou Torishimariyaku Shachou Senzoku Hisho Tanaka Seiji,Seiji Tanaka,総合時間事業会社代表取締役社長専属秘書 田中誠司,Manga,528,6.22,2018,https://cdn.myanimelist.net/images/manga/3/219502l.jpg
1217,Hitsuji ni Narasete Itadakimasu!,Please Let Me Be Your Sheep!,ヒツジにならせていただきます！,Manga,527,6.7,2018,https://cdn.myanimelist.net/images/manga/1/241826l.jpg
1218,Chounyuu Gakuen,,跳乳学園,Manga,525,7.04,2018,https://cdn.myanimelist.net/images/manga/2/243976l.jpg
1219,Boxer's Blast,,BOXER's BLAST,Manga,524,,2018,https://cdn.myanimelist.net/images/manga/3/215369l.jpg
1219,Secret Note,,シークレットノート,Manga,524,6.51,2018,https://cdn.myanimelist.net/images/manga/1/236697l.jpg
1219,Senritsu no Majutsushi to Goteijuu,,戦慄の魔術師と五帝獣,Manga,524,6.43,2018,https://cdn.myanimelist.net/images/manga/2/246502l.jpg
1219,"Shinjuu suru made, Mattete ne",,心中するまで、待っててね,Manga,524,7.38,2018,https://cdn.myanimelist.net/images/manga/1/238138l.jpg
1223,Jikobukken no Yuurei-chan,,事故物件の幽霊ちゃん,Manga,522,,2018,https://cdn.myanimelist.net/images/manga/3/240208l.jpg
1224,AI Kareshi to Mojo Hakase,,AI彼氏と喪女博士,Manga,521,6.66,2018,https://cdn.myanimelist.net/images/manga/1/239162l.jpg
1224,Hokkaido no Geneki Hunter ga Isekai ni Hourikomaretemita,An Active Hunter in Hokkaido Has Been Thrown into a Different World,北海道の現役ハンターが異世界に放り込まれてみた,Light Novel,521,,2018,https://cdn.myanimelist.net/images/manga/3/247231l.jpg
1224,Shounen to Kamikakushi,,少年と神隠し,Manga,521,7.1,2018,https://cdn.myanimelist.net/images/manga/1/239633l.jpg
1227,Seishounen no Tame no Yuuryou Tosho,,青少年のための優良図書,Manga,520,6.53,2018,https://cdn.myanimelist.net/images/manga/2/235947l.jpg
1228,Evening Dinner,,イブニングダイナー,Manga,518,6.62,2018,https://cdn.myanimelist.net/images/manga/2/248384l.jpg
1228,Fujimi no Tokkouhei: Ikitoshi Ikeru Monotachi e,,不死身の特攻兵 生キトシ生ケル者タチヘ,Manga,518,,2018,https://cdn.myanimelist.net/images/manga/2/225605l.jpg
1228,Sake to Namida to Otoko to Nyanko,Hard-Boiled Stories from the Cat Bar,酒と涙と男とニャンコ,Manga,518,6.35,2018,https://cdn.myanimelist.net/images/manga/1/245689l.jpg
1231,"Seijo no Yurikago, Dokujo no Hitsugi",,聖女の揺籃、毒女の柩,Manga,516,,2018,https://cdn.myanimelist.net/images/manga/1/224893l.jpg
1232,Kawaii Kouhai ga Otoko ni Natta Hanashi,,かわいい後輩が男になった話,Doujinshi,514,6.23,2018,https://cdn.myanimelist.net/images/manga/1/238388l.jpg
1232,Kinou wa Otanoshimi deshita ne,,昨日はおたのしみでしたね,Manga,514,6.5,2018,https://cdn.myanimelist.net/images/manga/3/236167l.jpg
1232,"Shinmai Ossan Boukensha, Saikyou Party ni Shinu hodo Kitaerarete Muteki ni Naru.",,新米オッサン冒険者、最強パーティに死ぬほど鍛えられて無敵になる。,Light Novel,514,,2018,https://cdn.myanimelist.net/images/manga/1/279405l.jpg
1235,Denei Shoujo 2018,,電影少女-VIDEO GIRL AI 2018-,One-shot,513,,2018,https://cdn.myanimelist.net/images/manga/2/205249l.jpg
1236,"Immortal, Invincible",,불사무적,Manhwa,512,,2018,https://cdn.myanimelist.net/images/manga/2/304894l.jpg
1237,"Nanji, Ware wo Kouryaku seyo","Thou, Capture Me.",汝、我を攻略せよ,Manga,511,6.61,2018,https://cdn.myanimelist.net/images/manga/1/245468l.jpg
1238,Kinai: Juujin Omegaverse,Forbidden Love: Therianthropic Omegaverse,禁愛～獣人オメガバース～,Manga,507,6.12,2018,https://cdn.myanimelist.net/images/manga/2/232066l.jpg
1239,Shitsuke ga Nattenai!,,しつけがなってない!,Manga,505,6.83,2018,https://cdn.myanimelist.net/images/manga/3/256361l.jpg
1240,Isekai Trip shita Sonoba de Taberarechaimashita,,異世界トリップしたその場で食べられちゃいました,Manga,504,,2018,https://cdn.myanimelist.net/images/manga/3/226310l.jpg
1240,Saikyou no Kanteishi tte Dare no Koto?: Manpuku Gohan de Isekai Seikatsu,,最強の鑑定士って誰のこと？～満腹ごはんで異世界生活～,Manga,504,,2018,https://cdn.myanimelist.net/images/manga/1/224552l.jpg
1242,Marriage Purple,,マリッジパープル,Manga,503,,2018,https://cdn.myanimelist.net/images/manga/3/222437l.jpg
1243,Kemuri to Mitsu,Smoke & Honey,煙と蜜,Manga,499,7.01,2018,https://cdn.myanimelist.net/images/manga/1/268349l.jpg
1244,Himekoi,,秘め恋,Manga,498,6.57,2018,https://cdn.myanimelist.net/images/manga/3/260609l.jpg
1245,Koisuru YouTuber,,恋するユーチューバー,Manga,495,,2018,https://cdn.myanimelist.net/images/manga/1/215555l.jpg
1245,Oshiego ni Kyouhaku sareru no wa Hanzai desu ka?,,教え子に脅迫されるのは犯罪ですか？,Light Novel,495,,2018,https://cdn.myanimelist.net/images/manga/2/216072l.jpg
1247,Bokura no Chronostasis,Our Chronostasis,ぼくらのクロノスタシス,Manga,494,6.39,2018,https://cdn.myanimelist.net/images/manga/3/211202l.jpg
1247,Isekai Shuukyou e Youkoso!,,異世界宗教へようこそ!,Manga,494,6.16,2018,https://cdn.myanimelist.net/images/manga/2/224275l.jpg
1249,Deathtament: Shin Megami Tensei DSJ Another Report,,デスタメントー真・女神転生DSJ Another Reportー,Manga,492,6.61,2018,https://cdn.myanimelist.net/images/manga/2/250837l.jpg
1249,Rui wa Koi wo Yobu,Rui Teaches Me the Love,ルイは恋を呼ぶ,Manga,492,,2018,https://cdn.myanimelist.net/images/manga/3/208864l.jpg
1249,Tsukigami to Bonbon,"The Phantom and ""bonbon""",憑き神とぼんぼん,Manga,492,6.72,2018,https://cdn.myanimelist.net/images/manga/2/223938l.jpg
1252,Milk Tea,,MILK TEA,Manga,491,6.53,2018,https://cdn.myanimelist.net/images/manga/1/247129l.jpg
1253,Jimoto ga Japan,I'm From Japan,ジモトがジャパン,Manga,490,5.78,2018,https://cdn.myanimelist.net/images/manga/2/214050l.jpg
1253,Koi no Gunfight,,恋のガンファイト,Manga,490,6.88,2018,https://cdn.myanimelist.net/images/manga/1/332551l.jpg
1253,Otomari Shita no wa H na Gal Oneechan-tachi no Ouchi deshita,,お泊りしたのはHなギャルお姉ちゃん達のお家でした,Doujinshi,490,,2018,https://cdn.myanimelist.net/images/manga/1/243129l.jpg
1256,Heat and Run,Heat and Run,히트앤런,Manhwa,489,6.92,2018,https://cdn.myanimelist.net/images/manga/2/334113l.jpg
1256,Tonari no Mitsuru-san: Kono Apartment ni wa Domestic na Oniisan ga Sundeiru,My Neighbor Mitsuru: There's A Hot Young Guy Living in My Building...,隣の満さん このアパートにはド雌ティックなお兄さんが住んでいる,Manga,489,6.63,2018,https://cdn.myanimelist.net/images/manga/2/229335l.jpg
1258,Sisana,Sister Hole,シスアナ,Doujinshi,487,6.93,2018,https://cdn.myanimelist.net/images/manga/3/281722l.jpg
1259,Hikari no Ou,,火狩りの王,Light Novel,485,,2018,https://cdn.myanimelist.net/images/manga/1/275001l.jpg
1259,Kirei na Oniisan ga Ore no Pet ni Narimashita,The Beautiful Man Became My Pet,キレイなお兄さんが俺のペットになりました,Manga,485,6.33,2018,https://cdn.myanimelist.net/images/manga/1/239083l.jpg
1259,Sheik-sama to Harem de.,With the Sheikh in His Harem,シーク様とハーレムで。,Manga,485,6.61,2018,https://cdn.myanimelist.net/images/manga/3/216638l.jpg
1262,Mesu Toiro,,メス10〈と〉色,Manga,483,6.57,2018,https://cdn.myanimelist.net/images/manga/1/276948l.jpg
1263,Doushitemo Hametsu Shitakunai Akuyaku Reijou ga Gendai Heiki wo Te ni Shita Kekka ga Kore desu,Villainess: Reloaded! Blowing Away Bad Ends with Modern Weapons,どうしても破滅したくない悪役令嬢が現代兵器を手にした結果がこれです,Light Novel,482,6.54,2018,https://cdn.myanimelist.net/images/manga/2/245138l.jpg
1263,Wolf Pack,Wolf Pack,WOLF PACK,Manga,482,7.23,2018,https://cdn.myanimelist.net/images/manga/2/276492l.jpg
1265,Girls & Panzer: Momi no Ki to Tetsu no Hane no Majo,,ガールズ&パンツァー 樅の木と鉄の羽の魔女,Manga,481,7.14,2018,https://cdn.myanimelist.net/images/manga/1/246078l.jpg
1266,Omae no Subete wo Ubau Made,,お前の全てを奪うまで,Manga,479,6.26,2018,https://cdn.myanimelist.net/images/manga/2/226290l.jpg
1267,Tsukuoki Seikatsu: Shuumatsu Matomete Tsukurioki Recipe,,つくおき生活 週末まとめて作り置きレシピ,Manga,478,,2018,https://cdn.myanimelist.net/images/manga/1/234735l.jpg
1267,Yidai Ling Hou,The Spirit Queen,一代灵后,Manhua,478,7.42,2018,https://cdn.myanimelist.net/images/manga/2/263321l.jpg
1269,Akuyaku Reijou Koukyuu Monogatari,,悪役令嬢後宮物語,Manga,477,,2018,https://cdn.myanimelist.net/images/manga/3/248040l.jpg
1270,3 Partner Hajimemashita!!,We Started a Threesome!!,3P〈パートナー〉始めました!!,Manga,476,6.1,2018,https://cdn.myanimelist.net/images/manga/1/278806l.jpg
1270,Oboreru Omega,,溺れるオメガ,Manga,476,6.16,2018,https://cdn.myanimelist.net/images/manga/1/255526l.jpg
1270,Ryoumin 0-nin Start no Henkyou Ryoushu-sama,The Frontier Lord Begins with Zero Subjects: The Blue-Horned Maiden,領民0人スタートの辺境領主様,Light Novel,476,,2018,https://cdn.myanimelist.net/images/manga/3/240479l.jpg
1273,Talim: Daremo Shiranai Ryuu no Hanashi,Talim: Nobody Knows About the Dragon's Secrets,タリム～誰も知らない竜のはなし～,Manga,475,6.89,2018,https://cdn.myanimelist.net/images/manga/2/241917l.jpg
1274,Ai wo Kataru nara Hisoyaka ni,Talk About Love Secretly.,愛を語るなら密やかに,Manga,474,6.7,2018,https://cdn.myanimelist.net/images/manga/1/277356l.jpg
1274,Kore mo Brocon no Uchi desu ka?,This Is Taking Brotherly Love Way Too Far,これもブラコンのうちですか?,Manga,474,6.46,2018,https://cdn.myanimelist.net/images/manga/3/241245l.jpg
1276,Hatsukoi Jikan.,,初恋時間。,Manga,473,,2018,https://cdn.myanimelist.net/images/manga/3/300214l.jpg
1276,Kiraware Maou ga Botsuraku Reijou to Koi ni Ochite Nani ga Warui!,Why Shouldn't a Detestable Demon Lord Fall in Love?!,嫌われ魔王が没落令嬢と恋に落ちて何が悪い!,Light Novel,473,6.72,2018,https://cdn.myanimelist.net/images/manga/2/224735l.jpg
1276,Rinjin Inmon Elf Manga Matomebon,,隣人淫紋エルフ漫画まとめ本,Doujinshi,473,,2018,https://cdn.myanimelist.net/images/manga/2/253779l.jpg
1279,Kamuya Ride,,カムヤライド,Manga,472,,2018,https://cdn.myanimelist.net/images/manga/1/214808l.jpg
1279,My Special Squishy Someone,My Special Squishy Someone,말랑한 그이,Manhwa,472,6.6,2018,https://cdn.myanimelist.net/images/manga/3/275222l.jpg
1281,Kappa no Yomeiri,,河童の嫁入り,Manga,471,6.87,2018,https://cdn.myanimelist.net/images/manga/1/255285l.jpg
1281,Onryou Okusama,,怨霊奥様,Manga,471,,2018,https://cdn.myanimelist.net/images/manga/2/225319l.jpg
1283,Otoshiai,,堕トシ合イ,Manga,470,6.82,2018,https://cdn.myanimelist.net/images/manga/2/247135l.jpg
1284,Kajitsu,,かじつ,Manga,468,6.86,2018,https://cdn.myanimelist.net/images/manga/1/235498l.jpg
1284,Oyasumi Scheherazade,"Night night, Scheherazade",おやすみシェヘラザード,Manga,468,,2018,https://cdn.myanimelist.net/images/manga/2/222576l.jpg
1286,Dousei kara Hajimaru Otaku Kanojo no Tsukurikata,Guide to the Perfect Otaku Girlfriend: Roomies and Romance,同棲から始まるオタク彼女の作りかた,Light Novel,467,6.85,2018,https://cdn.myanimelist.net/images/manga/2/230566l.jpg
1287,Okusama wa Succubus,,奥さまはサキュバス,Doujinshi,466,6.76,2018,https://cdn.myanimelist.net/images/manga/3/238763l.jpg
1288,Isekai de Tochi wo Katte Noujou wo Tsukurou,Let's Buy the Land and Cultivate in Different World,異世界で土地を買って農場を作ろう,Light Novel,465,,2018,https://cdn.myanimelist.net/images/manga/1/238797l.jpg
1289,Moshi Watashi ga Dokusaisha Datta nara,,もし私が独裁者だったなら,Manga,463,6.27,2018,https://cdn.myanimelist.net/images/manga/1/253344l.jpg
1290,Suguru-kun Fight!,,スグルくんファイト!,Manga,461,6.78,2018,https://cdn.myanimelist.net/images/manga/1/255925l.jpg
1291,Nomiya Keibuho wa Yurusanai,,野宮警部補は許さない,Manga,460,,2018,https://cdn.myanimelist.net/images/manga/2/223312l.jpg
1292,You Are My Darling!!!,,ユア マイ ダーリン!!!,Manga,459,6.75,2018,https://cdn.myanimelist.net/images/manga/1/238839l.jpg
1293,Madan no Ou to Michelia,Lord Marksman and Michelia,魔弾の王と凍漣の雪姫〈ミーチェリア〉,Light Novel,458,,2018,https://cdn.myanimelist.net/images/manga/2/245722l.jpg
1294,Haru to Ao no Obentoubako,Haru and Ao's Lunch Box,ハルとアオのお弁当箱,Manga,457,,2018,https://cdn.myanimelist.net/images/manga/3/215079l.jpg
1294,Kanzen Koufuku Darling,Full Surrender Darling,完全降伏ダーリン,Manga,457,6.21,2018,https://cdn.myanimelist.net/images/manga/2/236627l.jpg
1294,Memeshii Aku to Azatoi Suu,,めめしいアクとあざといスウ,Manga,457,6.16,2018,https://cdn.myanimelist.net/images/manga/2/255517l.jpg
1294,Shuumatsu no Nosferatu,,終末のノスフェラトゥ,Manga,457,,2018,https://cdn.myanimelist.net/images/manga/1/212657l.jpg
1298,Oazuke no Kiss no Yukue,After Waiting for a Kiss,おあずけのキスのゆくえ,Manga,454,6.93,2018,https://cdn.myanimelist.net/images/manga/3/253501l.jpg
1298,Rinjin ni Ai no Te wo,,隣人に愛の手を,Manga,454,6.7,2018,https://cdn.myanimelist.net/images/manga/3/237739l.jpg
1300,Ikkakujuu wa Tsuranukanai!,Unicorns Aren't Horny,一角獣は貫かない!,Manga,453,6.42,2018,https://cdn.myanimelist.net/images/manga/1/237904l.jpg
1301,Kyoukoku no Leceld,,教国のレクエルド,Manga,452,7.02,2018,https://cdn.myanimelist.net/images/manga/1/231372l.jpg
1301,Rival wa Kimi no Ushiro ni,,恋敵〈ライバル〉は君のうしろに,Manga,452,6.49,2018,https://cdn.myanimelist.net/images/manga/1/225812l.jpg
1303,Dekiai Honey Baby,,溺愛ハニーベイビー,Manga,450,6.42,2018,https://cdn.myanimelist.net/images/manga/3/226820l.jpg
1303,Ogren Smoke,,オーガンスモーク,One-shot,450,6.25,2018,https://cdn.myanimelist.net/images/manga/1/238766l.jpg
1303,Shissou Sengen,,失踪宣言,Manga,450,6.44,2018,https://cdn.myanimelist.net/images/manga/2/233460l.jpg
1306,Kamiato ni Kiss,,噛みあとにキス,Manga,449,6.69,2018,https://cdn.myanimelist.net/images/manga/1/262281l.jpg
1306,Kokuou Heika no Daimeiwaku na Kyuukon,,国王陛下の大迷惑な求婚,Manga,449,,2018,https://cdn.myanimelist.net/images/manga/2/224350l.jpg
1306,Majime Girl to Seishun Lingerie,,真面目ガールと青春ランジェリー,Manga,449,,2018,https://cdn.myanimelist.net/images/manga/2/228064l.jpg
1306,Monster to Parent,Monster and Parent,モンスターとペアレント,Manga,449,6.54,2018,https://cdn.myanimelist.net/images/manga/3/213646l.jpg
1310,Ghosts of Greywoods,Ghosts of Greywoods,시선의 끝,Manhwa,448,7.23,2018,https://cdn.myanimelist.net/images/manga/1/331970l.jpg
1311,Dokuzetsu Shoujo no Tame ni Kitakubu Yamemashita,,毒舌少女のために帰宅部辞めました,Light Novel,447,7.61,2018,https://cdn.myanimelist.net/images/manga/1/262111l.jpg
1311,Sazanka,,さざんか,Doujinshi,447,6.93,2018,https://cdn.myanimelist.net/images/manga/1/274327l.jpg
1313,Shishunki na Omaera no Muda na Doryoku,,思春期なお前らの無駄な努力,Manga,446,6.23,2018,https://cdn.myanimelist.net/images/manga/1/222490l.jpg
1314,"BL Sakka, Tokidoki Ookami.",The Manga Artist's Pen and the Company Ink,BL作家、時々オオカミ,Manga,445,6.76,2018,https://cdn.myanimelist.net/images/manga/1/238253l.jpg
1314,"Maou desu. Onna Yuusha no Hahaoya to Saikon shita node, Onna Yuusha ga Giri no Musume ni Narimashita.","I Am a Demon King. I Got Remarried to a Mother of a Brave Woman, So She Became My Daughter-in-Law.",魔王です。女勇者の母親と再婚したので、女勇者が義理の娘になりました。,Light Novel,445,,2018,https://cdn.myanimelist.net/images/manga/3/223865l.jpg
1316,Sensei to Boku,,先生とぼく,Manga,444,7.17,2018,https://cdn.myanimelist.net/images/manga/1/266286l.jpg
1316,Tobakushi wa Inoranai,,賭博師は祈らない,Manga,444,,2018,https://cdn.myanimelist.net/images/manga/1/217975l.jpg
1318,Goumon Meikyuu,,拷問迷宮,Manga,443,,2018,https://cdn.myanimelist.net/images/manga/1/227000l.jpg
1318,Kimi wa Alpha,You Are My Alpha,君はアルファ,Manga,443,6.58,2018,https://cdn.myanimelist.net/images/manga/2/256500l.jpg
1318,Nijiyon: Love Live! Nijigasaki Gakuen School Idol Doukoukai Yonkoma,,にじよん ~ラブライブ!虹ヶ咲学園スクールアイドル同好会 よんこま~,Manga,443,,2018,https://cdn.myanimelist.net/images/manga/2/235021l.jpg
1321,Kogetsu no Yume,Dreams of the Solitary Moon,孤月の夢,One-shot,442,6.69,2018,https://cdn.myanimelist.net/images/manga/1/236350l.jpg
1321,Namida no Priceless,Priceless Is You in Tears,泪のプライスレス,Manga,442,7.09,2018,https://cdn.myanimelist.net/images/manga/1/263169l.jpg
1323,Witch Order,,ウィッチオーダー,Manga,440,,2018,https://cdn.myanimelist.net/images/manga/3/216860l.jpg
1324,Elskar,Elskar,엘스카르,Manhwa,437,,2018,https://cdn.myanimelist.net/images/manga/1/262872l.jpg
1324,Kuma to Tanuki,,クマとたぬき,Manga,437,7.13,2018,https://cdn.myanimelist.net/images/manga/2/228677l.jpg
1324,Oniichan datte Amaetai Wake de.,I May Be Your Big Brother but I Want You to Be Sweet on Me,お兄ちゃんだって甘えたいわけで。,Manga,437,6.58,2018,https://cdn.myanimelist.net/images/manga/2/255697l.jpg
1327,Fate/Grand Order Comic Anthology: The Next,,Fate/Grand Order コミックアンソロジー THE NEXT,Manga,433,,2018,https://cdn.myanimelist.net/images/manga/2/240933l.jpg
1327,Hinagiku Virgin Lost Club e Youkoso♡,Welcome to Hinagiku Virgin Lost Club,ヒナギクヴァージンロストクラブへようこそ♡,Manga,433,,2018,https://cdn.myanimelist.net/images/manga/1/256263l.jpg
1329,Saimin Fuufunaka Chousa,,催眠夫婦仲調査,Manga,432,6.88,2018,https://cdn.myanimelist.net/images/manga/2/227209l.jpg
1329,The Wilting Light,The Wilting Light,아스란히,Manhwa,432,,2018,https://cdn.myanimelist.net/images/manga/2/259502l.jpg
1331,Rakka no α Ou,The Fallen Alpha,落果のα王,Manga,430,6.52,2018,https://cdn.myanimelist.net/images/manga/2/250121l.jpg
1332,Rin to shite Karen na Hana no You ni,Like a Dignified and Noble Flowers,凛としてカレンな花のように,Manga,429,,2018,https://cdn.myanimelist.net/images/manga/1/215391l.jpg
1333,Cheng Ye Xiao He,For the Win!,成也萧河,Manhua,428,,2018,https://cdn.myanimelist.net/images/manga/3/268660l.jpg
1334,Koisuru Bokura wa Ichou ga Yowai,,恋する僕らは胃腸が弱い,Manga,427,6.58,2018,https://cdn.myanimelist.net/images/manga/1/236478l.jpg
1335,Bibibi!!,,ビビビ!!,One-shot,426,6.45,2018,https://cdn.myanimelist.net/images/manga/2/244232l.jpg
1335,Don't Like This,,don't like this,Manga,426,,2018,https://cdn.myanimelist.net/images/manga/3/229130l.jpg
1335,Kohaku no Yume de Yoimashou,,琥珀の夢で酔いましょう,Manga,426,,2018,https://cdn.myanimelist.net/images/manga/2/281091l.jpg
1338,Blunder Turned Wonder,Blunder Turned Wonder,오해가 계속되면 오예입니다,Manhwa,425,6.77,2018,https://cdn.myanimelist.net/images/manga/3/259836l.jpg
1338,"Chichi wa Eiyuu, Haha wa Seirei, Musume no Watashi wa Tenseisha.",,父は英雄、母は精霊、娘の私は転生者。,Light Novel,425,,2018,https://cdn.myanimelist.net/images/manga/2/235301l.jpg
1338,Fake Rebellion,Fake Rebellion,フェイク・リベリオン,Manga,425,,2018,https://cdn.myanimelist.net/images/manga/3/224487l.jpg
1341,Yuurei,,幽霊,Manga,424,6.91,2018,https://cdn.myanimelist.net/images/manga/3/277865l.jpg
1342,From Another World,,フロム・アナザー・ワールド,One-shot,423,6.53,2018,https://cdn.myanimelist.net/images/manga/3/239148l.jpg
1343,Antimoral Omegaverse,,アンチモラル・オメガバース,Manga,422,6.09,2018,https://cdn.myanimelist.net/images/manga/3/254452l.jpg
1343,Haburi,,葬-はぶり-,Manga,422,,2018,https://cdn.myanimelist.net/images/manga/3/220742l.jpg
1345,Aegea-kai wo Wataru Hana-tachi,Flowers Crossing the Aegean Sea,エーゲ海を渡る花たち,Manga,421,,2018,https://cdn.myanimelist.net/images/manga/3/215630l.jpg
1346,This Life to the Next,This Life to the Next,고인의 명복,Manhwa,420,,2018,https://cdn.myanimelist.net/images/manga/3/264599l.jpg
1347,JK Genkai Koubi: Goui Sounyuu de Bachibachi Niku Anaka,,JK限界交尾～合意挿入でバチバチ肉穴化～,Manga,419,,2018,https://cdn.myanimelist.net/images/manga/3/266283l.jpg
1348,Garbage Brave: Isekai ni Shoukan sare Suterareta Yuusha no Fukushuu Monogatari,,ガベージブレイブ 異世界に召喚され捨てられた勇者の復讐物語,Light Novel,418,6.36,2018,https://cdn.myanimelist.net/images/manga/2/240907l.jpg
1348,Kamisama yori mo Yakuza-sama!?,I Chose a Gangster Over God!?,神様よりもヤクザさま!?,Manga,418,6.5,2018,https://cdn.myanimelist.net/images/manga/3/237468l.jpg
1348,Kemono no Noroi wa Koi de Hodoku,Curse of the Beast Is Solved by Love,獣の呪いは恋で解く,Manga,418,6.68,2018,https://cdn.myanimelist.net/images/manga/2/246544l.jpg
1351,Lisa no Taberarenai Shokutaku,,リサの食べられない食卓,Manga,416,,2018,https://cdn.myanimelist.net/images/manga/1/238336l.jpg
1351,Narnia-koku Monogatari 1: Majutsushi no Oi,,ナルニア国物語 1 魔術師のおい,Manga,416,,2018,https://cdn.myanimelist.net/images/manga/2/280331l.jpg
1351,Usagi no Furafura,,うさぎのふらふら,Manga,416,6.58,2018,https://cdn.myanimelist.net/images/manga/2/253177l.jpg
1354,Hoshi-iro Girldrop: Comic Anthology,,星色ガールドロップ コミックアンソロジー,Manga,415,,2018,https://cdn.myanimelist.net/images/manga/2/223610l.jpg
1354,Isekai de Dorei ni Narimashita ga Goshujinsama wa Watashi ni Yokujou Shimasen,,異世界で奴隷になりましたがご主人さまは私に欲情しません,Manga,415,6.65,2018,https://cdn.myanimelist.net/images/manga/3/222574l.jpg
1354,Maseki Gourmet: Mamono no Chikara wo Tabeta Ore wa Saikyou!,Magic Stone Gourmet: Eating Magical Power Made Me the Strongest!,魔石グルメ 魔物の力を食べたオレは最強!,Light Novel,415,,2018,https://cdn.myanimelist.net/images/manga/1/230996l.jpg
1354,Tomodachi dakedo Oishisou,He Looks Delicious Though He Is Just a Friend,友達だけど美味しそう,Manga,415,6.15,2018,https://cdn.myanimelist.net/images/manga/2/245244l.jpg
1358,Kazoku Taikou Satsuriku Gassen,,家族対抗殺戮合戦,Manga,414,6.88,2018,https://cdn.myanimelist.net/images/manga/3/256515l.jpg
1359,Mami no Meguri,,魔魅の廻,Doujinshi,412,6.88,2018,https://cdn.myanimelist.net/images/manga/2/304141l.jpg
1359,"Shinshi, Aruiwa Moujuu.: Fugou ni Ubawareta Otome no Junketsu",Gentleman or Beast?,紳士、或イハ猛獣。～富豪に奪われた乙女の純潔,Manga,412,6.79,2018,https://cdn.myanimelist.net/images/manga/1/226938l.jpg
1361,Himitsu ni wa Mukanai Shokugyou,,秘密には向かない職業,Manga,407,7.2,2018,https://cdn.myanimelist.net/images/manga/3/238311l.jpg
1361,Shirayuri wa Aka ni Somaranai,,白百合は朱に染まらない,Manga,407,,2018,https://cdn.myanimelist.net/images/manga/1/215979l.jpg
1363,Oretachi wa Shinkon-san kamo Shirenai,,俺達は新婚さんかもしれない,Manga,406,,2018,https://cdn.myanimelist.net/images/manga/2/238330l.jpg
1363,Shachiku-san to Iede Shoujo,Corporate Slave Lady and Runaway Girl,社畜さんと家出少女,Manga,406,,2018,https://cdn.myanimelist.net/images/manga/1/235194l.jpg
1363,Yandere Shoujo ni Icha Love sarechau: Anthology Comic,,ヤンデレ少女にいちゃラブされちゃうアンソロジーコミック,Manga,406,,2018,https://cdn.myanimelist.net/images/manga/2/223190l.jpg
1366,Hirahira to Gunjou,,ひらひらと群青,One-shot,405,6.24,2018,https://cdn.myanimelist.net/images/manga/3/226587l.jpg
1367,#Batsuichi Around 30 Joshi to Danshi Koukousei,Promise Cinderella # Strike One,#バツイチアラサー女子と男子高校生,Manga,403,,2018,https://cdn.myanimelist.net/images/manga/1/265811l.jpg
1367,"Backstage, Kimi no Iinari.","Backstage, I'm Yours",バックステージ、君のいいなり。,Manga,403,6.4,2018,https://cdn.myanimelist.net/images/manga/1/239465l.jpg
1367,Kiraware Joushi to Perfect Buka,,嫌われ上司とパーフェクト部下,Manga,403,6.46,2018,https://cdn.myanimelist.net/images/manga/1/229380l.jpg
1367,Mebuki,,雌吹,Manga,403,,2018,https://cdn.myanimelist.net/images/manga/2/246360l.jpg
1367,Utsui-kun ga Shitekurenai,Shun Won't Sleep With Me.,宇津井くんがシてくれない,Manga,403,6.75,2018,https://cdn.myanimelist.net/images/manga/3/226082l.jpg
1372,Fukanzen Marble,Imperfect Marble,不完全マーブル,Manga,402,7.08,2018,https://cdn.myanimelist.net/images/manga/3/253758l.jpg
1372,Jian Jin de Xintiao,Closer Heartbeat,渐近的心跳,Manhua,402,,2018,https://cdn.myanimelist.net/images/manga/1/296481l.jpg
1374,Chijou no Seppun,,痴情の接吻,Manga,401,,2018,https://cdn.myanimelist.net/images/manga/3/246267l.jpg
1374,Onakura no Yuurei-san,,おなクラの幽霊さん,Manga,401,,2018,https://cdn.myanimelist.net/images/manga/2/222106l.jpg
1376,"Nee Sensei, Shiranai no?",,ねぇ先生、知らないの?,Manga,399,,2018,https://cdn.myanimelist.net/images/manga/3/244870l.jpg
1377,Risou to Koi,"My Ideal, My Love",理想と恋,Manga,398,,2018,https://cdn.myanimelist.net/images/manga/1/226680l.jpg
1378,Koisuru Son of a Bitch,Son of a Bitch in Love,恋するサノバビッチ,Manga,397,,2018,https://cdn.myanimelist.net/images/manga/2/226359l.jpg
1379,Surviving as the Prince's Fiancée,Surviving as the Prince's Fiancée,황태자 약혼녀로 살아남기,Manhwa,396,,2018,https://cdn.myanimelist.net/images/manga/2/269188l.jpg
1380,Rental Kanojo,,レンタル彼女,Doujinshi,394,6.36,2018,https://cdn.myanimelist.net/images/manga/2/250402l.jpg
1380,Siren: ReBIRTH,,SIREN ReBIRTH,Manga,394,,2018,https://cdn.myanimelist.net/images/manga/1/223629l.jpg
1380,Yarashii Kibun ni Naru Application: Ane to Ore to Imouto to,,やらしい気分になるアプリ 姉と俺と妹と,Manga,394,7.01,2018,https://cdn.myanimelist.net/images/manga/2/266534l.jpg
1383,#BL-gokko,,#BLごっこ,Manga,393,6.5,2018,https://cdn.myanimelist.net/images/manga/3/245887l.jpg
1384,Otome no Houkago,,乙女の放課後,Manga,391,,2018,https://cdn.myanimelist.net/images/manga/2/215259l.jpg
1385,Aishite Hoshii to Itte Kure,Entwined,愛してほしいと言ってくれ,Manga,390,6.76,2018,https://cdn.myanimelist.net/images/manga/1/239137l.jpg
1385,Mahouka Koukou no Rettousei: Shiba Tatsuya Ansatsu Keikaku,The Irregular at Magic High School: Plan to Assassinate Tatsuya Shiba,魔法科高校の劣等生 司波達也暗殺計画,Light Novel,390,,2018,https://cdn.myanimelist.net/images/manga/2/235047l.jpg
1385,Quiet Life Crisis,,クワイエットライフクライシス,Manga,390,6.7,2018,https://cdn.myanimelist.net/images/manga/2/249588l.jpg
1385,Sousei no Onmyouji: Tenen Jakko - Nishoku Kokkeiga,,双星の陰陽師 天縁若虎〜二色滑稽画〜,Manga,390,7.19,2018,https://cdn.myanimelist.net/images/manga/1/232292l.jpg
1389,Baker Baker Paradox,,ベイカーベイカーパラドクス,Manga,389,6.11,2018,https://cdn.myanimelist.net/images/manga/3/238252l.jpg
1389,Oneesan ni Ii Koto sarechau Anthology Comic,The Anthology of Elder Sisterly Mischieves♡,お姉さんにイイことされちゃうアンソロジーコミック,Manga,389,,2018,https://cdn.myanimelist.net/images/manga/3/273854l.jpg
1389,Yuusha to Monshou no Ragnarok,Ragnarok of the Hero and the Crest,勇者と紋章のラグナロク,Manga,389,,2018,https://cdn.myanimelist.net/images/manga/1/216667l.jpg
1392,Immoral Game Master,,淫モラル・ゲームマスター,Manga,388,6.45,2018,https://cdn.myanimelist.net/images/manga/3/336068l.jpg
1392,Kaede to Suzu,Kaede & Suzu,楓と鈴,Manga,388,,2018,https://cdn.myanimelist.net/images/manga/3/332816l.jpg
1392,Shoujikimono ga Baka wo Miru,,正直者がバカを見る,One-shot,388,6.31,2018,https://cdn.myanimelist.net/images/manga/2/206658l.jpg
1392,Sorehodo Hima dewa Arimasen.,,それほど暇ではありません。,Manga,388,,2018,https://cdn.myanimelist.net/images/manga/3/215053l.jpg
1396,Masaomi-kun ni Metoraremashita.,,正臣くんに娶られました。,Manga,386,,2018,https://cdn.myanimelist.net/images/manga/2/254648l.jpg
1397,Nyotai-ka + Kanojo,,女体化+カノジョ,Manga,384,,2018,https://cdn.myanimelist.net/images/manga/1/273970l.jpg
1398,Kenja no Mago: Extra Story,,賢者の孫 Extra Story,Manga,383,,2018,https://cdn.myanimelist.net/images/manga/3/243699l.jpg
1398,Kyonyuu Tights: Kuro Tights Bishoujo to Icha Ero Shichau - Anthology Comic,,巨乳タイツ～黒タイツ美少女といちゃエロしちゃう～アンソロジーコミック,Manga,383,,2018,https://cdn.myanimelist.net/images/manga/3/249688l.jpg
1398,Mahou Sekai no Uketsukejou ni Naritai desu,The Sorcerer's Receptionist,魔法世界の受付嬢になりたいです,Light Novel,383,,2018,https://cdn.myanimelist.net/images/manga/2/234745l.jpg
1398,Omega Megaera,Omega Megaera,オメガ・メガエラ,Manga,383,,2018,https://cdn.myanimelist.net/images/manga/2/215493l.jpg
1398,Tie Me Up,Tie Me Up,조여주세요,Manhwa,383,,2018,https://cdn.myanimelist.net/images/manga/1/268391l.jpg
1403,Hatachi Sugireba Ore no Mono,,二十歳過ぎれば俺のモノ,Manga,381,6.38,2018,https://cdn.myanimelist.net/images/manga/1/268316l.jpg
1404,Arne no Jikenbo,The Case Book of Arne,アルネの事件簿,Manga,380,,2018,https://cdn.myanimelist.net/images/manga/2/222331l.jpg
1404,"Kono Yakuza, Intelli-butta Kedamono.: Mata wo Hiraite Ore wo Sasoe",This Yakuza Is No Gentleman!,このヤクザ、インテリぶったケダモノ。～股を開いて俺を誘え,Manga,380,6.56,2018,https://cdn.myanimelist.net/images/manga/1/236618l.jpg
1406,Hentai Shinshi to Kisekae Danshou,A Pervert Gentleman and a Man Who Dresses Up,変態紳士と着せ替え男娼,Manga,379,6.87,2018,https://cdn.myanimelist.net/images/manga/3/238047l.jpg
1406,Niko-iro no Canvas,A Nico-Colored Canvas,ニコ色のキャンバス,Manga,379,,2018,https://cdn.myanimelist.net/images/manga/1/227041l.jpg
1406,"Sensei, Ijiwaru shinaide Kudasai","Please Don't Be So Mean to Me, Teacher",先生、いじわるしないでください,Manga,379,6.38,2018,https://cdn.myanimelist.net/images/manga/1/255668l.jpg
1409,"SV, Koi no Shinchoku ni Tsuite.",,SV、恋の進捗について。,Manga,378,6.61,2018,https://cdn.myanimelist.net/images/manga/2/235393l.jpg
1410,Netorare Serenade,,寝取られセレナーデ,Manga,377,6.75,2018,https://cdn.myanimelist.net/images/manga/3/247286l.jpg
1410,The Librarian of St. Bright Tower,The Librarian of St. Bright Tower,마탑의 사서,Manhwa,377,6.58,2018,https://cdn.myanimelist.net/images/manga/3/265227l.jpg
1410,"Usotsuki na Tsugai: Sono Nioi, Naka made Shimikomasete",Liar Mate: Let That Scent Soak Deep Inside,嘘つきな番～その匂い、ナカまで染み込ませて,Manga,377,,2018,https://cdn.myanimelist.net/images/manga/2/236238l.jpg
1413,Saimin's Play,,サイミンスプレイ,Manga,376,6.53,2018,https://cdn.myanimelist.net/images/manga/3/246692l.jpg
1414,"Free Life Fantasy Online: Immortal Princess, Hajimemashita",Free Life Fantasy Online: Immortal Princess,Free Life Fantasy Online ～人外姫様〈イモータルプリンセス〉、始めました～,Light Novel,375,,2018,https://cdn.myanimelist.net/images/manga/3/270424l.jpg
1414,Osaka Mad Family,,大阪MADファミリー,Manga,375,,2018,https://cdn.myanimelist.net/images/manga/2/217104l.jpg
1416,Grangerie,Grand Lingerie,グランジェリー,Manga,374,,2018,https://cdn.myanimelist.net/images/manga/3/215327l.jpg
1416,Rent Boy,Rent Boy,렌트 보이,Manhwa,374,6.4,2018,https://cdn.myanimelist.net/images/manga/2/269216l.jpg
1416,Yoake no Boogiepop,,夜明けのブギーポップ,Manga,374,,2018,https://cdn.myanimelist.net/images/manga/2/231883l.jpg
1419,Haunted by Desire,Haunted by Desire,귀태,Manhwa,371,7.13,2018,https://cdn.myanimelist.net/images/manga/3/282083l.jpg
1420,Doutei to Terminator Kanojo,,童貞とターミネーター彼女,Manga,366,,2018,https://cdn.myanimelist.net/images/manga/2/229658l.jpg
1420,Tsukiatte Yatte yo,,付き合ってやってよ,Doujinshi,366,6.86,2018,https://cdn.myanimelist.net/images/manga/1/312706l.jpg
1422,Blue Striker,,ブルーストライカー,Manga,365,,2018,https://cdn.myanimelist.net/images/manga/2/226524l.jpg
1422,Kaibutsugoroshi,,怪物殺し,One-shot,365,6.69,2018,https://cdn.myanimelist.net/images/manga/1/237485l.jpg
1424,Fischer's x One Piece: Nanatsunagi no Daihihou,,Fischer's×ONE PIECE 7つなぎの大秘宝,Manga,364,,2018,https://cdn.myanimelist.net/images/manga/2/253804l.jpg
1425,Playmate,,PLAYMATE,Manga,363,6.49,2018,https://cdn.myanimelist.net/images/manga/3/247898l.jpg
1426,The Waning Moon,The Waning Moon,기우는 달,Manhwa,362,,2018,https://cdn.myanimelist.net/images/manga/1/334095l.jpg
1427,Ai no Su e Ochiro!,,愛の巣へ落ちろ!,Manga,361,,2018,https://cdn.myanimelist.net/images/manga/3/255304l.jpg
1427,Chin Piece,,CHIN PIECE,Manga,361,,2018,https://cdn.myanimelist.net/images/manga/2/253803l.jpg
1429,Sakuramiya Shimai no Netorare Kiroku,,桜宮姉妹のネトラレ記録,Manga,360,6.53,2018,https://cdn.myanimelist.net/images/manga/3/246151l.jpg
1429,Tokubetsu ni Naritai.,,とくべつになりたい。,One-shot,360,6.85,2018,https://cdn.myanimelist.net/images/manga/3/254565l.jpg
1431,Physical Talkroom,Talk to Me,フィジカル・トークルーム,Manga,358,6.72,2018,https://cdn.myanimelist.net/images/manga/1/247879l.jpg
1432,Tiempo,,TIEMPO-ティエンポ-,Manga,357,,2018,https://cdn.myanimelist.net/images/manga/3/223412l.jpg
1433,8-gatsu no Loss Time,The Loss Time in August,8月のロスタイム,Manga,354,,2018,https://cdn.myanimelist.net/images/manga/3/256788l.jpg
1433,Boku no Kanojo wa Kirei ni Warau,,僕の彼女はキレイに嗤う,Manga,354,,2018,https://cdn.myanimelist.net/images/manga/2/289933l.jpg
1433,Nopan no Onnanoko wa Suki desu ka? Anthology Comic,Do You Love No Panty Girls? Anthology Comic,ノーパンの女の子は好きですか？アンソロジーコミック,Manga,354,,2018,https://cdn.myanimelist.net/images/manga/2/250123l.jpg
1433,Sayuu Byoudou Shugi,,左右平等主義,One-shot,354,6.42,2018,https://cdn.myanimelist.net/images/manga/3/241404l.jpg
1437,Give and Take!,,ギブアンドテイク！,One-shot,353,6.78,2018,https://cdn.myanimelist.net/images/manga/2/253115l.jpg
1437,Kyoudai Gokko to Shojo Bitch,Playing Brothers: Bossy and Undefiled,兄弟ごっこと処女ビッチ,Manga,353,6.68,2018,https://cdn.myanimelist.net/images/manga/1/246330l.jpg
1437,Osasete! My Teacher,,推させて！ Myティーチャー,Manga,353,,2018,https://cdn.myanimelist.net/images/manga/3/244720l.jpg
1437,Ryuu to Ryuugoroshi no Miko,,龍と龍殺しの巫女,Manga,353,,2018,https://cdn.myanimelist.net/images/manga/3/221733l.jpg
1437,Suna no Miyako,City of Sands,砂の都,Manga,353,6.93,2018,https://cdn.myanimelist.net/images/manga/1/298316l.jpg
1442,Hana to Gaku,,華と楽,Manga,351,6.9,2018,https://cdn.myanimelist.net/images/manga/1/264677l.jpg
1442,Room to Room,Room to Room,방 건너 방,Manhwa,351,6.51,2018,https://cdn.myanimelist.net/images/manga/1/331359l.jpg
1444,Gakuran no Naka made Sawatte Hoshii,,学ランの中までさわって欲しい,Manga,350,6.66,2018,https://cdn.myanimelist.net/images/manga/2/224840l.jpg
1444,"Iede Gal ni Namanakadashi shimakutte, Dousei Seikatsu Hajimemashita",Runaway Girl,家出ギャルに生中出ししまくって、同棲性活始めました,Manga,350,,2018,https://cdn.myanimelist.net/images/manga/2/243978l.jpg
1444,Izure Saikyou no Renkinjutsushi?,Someday Will I Be the Greatest Alchemist?,いずれ最強の錬金術師?,Light Novel,350,,2018,https://cdn.myanimelist.net/images/manga/2/302046l.jpg
1447,Dekisokonai to Yobareta Motoeiyuu wa Jikka kara Tsuihou sareta node Sukikatte ni Ikiru Koto ni Shita,The Banished Former Hero Lives as He Pleases,出来損ないと呼ばれた元英雄は、実家から追放されたので好き勝手に生きることにした,Light Novel,348,,2018,https://cdn.myanimelist.net/images/manga/1/283663l.jpg
1447,Egaobeta na Naruse-kun,,笑顔下手な鳴瀬くん,One-shot,348,6.72,2018,https://cdn.myanimelist.net/images/manga/2/234530l.jpg
1447,Ookami Rise,,オオカミライズ,Manga,348,,2018,https://cdn.myanimelist.net/images/manga/1/249760l.jpg
1447,Over Squall,,オーバー・スコール,Manga,348,6.88,2018,https://cdn.myanimelist.net/images/manga/3/238093l.jpg
1451,Roland Roland,,롤랑롤랑,Manhwa,347,,2018,https://cdn.myanimelist.net/images/manga/3/242112l.jpg
1452,"Ashita, Okitara Kimi wa",When You Wake Up Tomorrow,明日、起きたら君は,Manga,345,6.77,2018,https://cdn.myanimelist.net/images/manga/3/248795l.jpg
1452,Bokura ni Namae wo Tsukeru nara,If You Had to Put a Label on Us,僕等に名前をつけるなら,Manga,345,6.57,2018,https://cdn.myanimelist.net/images/manga/1/245705l.jpg
1452,Suezen Kurau wa Otoko no Tachi,,据え膳喰らうは男のタチ,Manga,345,6.76,2018,https://cdn.myanimelist.net/images/manga/2/305462l.jpg
1455,Joshi Kouishitsu Series,Girls Locker Room Series,女子更衣室シリーズ,Doujinshi,344,6.9,2018,https://cdn.myanimelist.net/images/manga/1/296703l.jpg
1455,You Shou Yan,,有兽焉,Manhua,344,,2018,https://cdn.myanimelist.net/images/manga/2/310802l.jpg
1457,Super Darling is Dead,,スパダリ is DEAD,Manga,343,6.88,2018,https://cdn.myanimelist.net/images/manga/2/247981l.jpg
1457,Yuusha no Musume to Midoriiro no Mahoutsukai,,勇者の娘と緑色の魔法使い,Manga,343,,2018,https://cdn.myanimelist.net/images/manga/2/210484l.jpg
1459,Cromartie Koukou: Shokuinshitsu,,クロマティ高校 職員室,Manga,342,,2018,https://cdn.myanimelist.net/images/manga/1/227571l.jpg
1459,Mukashi wa Kawaikatta,She Used to Be Cute,昔は可愛かった,Doujinshi,342,6.74,2018,https://cdn.myanimelist.net/images/manga/3/293919l.jpg
1461,Ecchi na Oneesan ga Shounen ni Itazura Shichau: One Shota Anthology Comic,,エッチなお姉さんが少年にイタズラしちゃう おねショタアンソロジーコミック,Manga,341,,2018,https://cdn.myanimelist.net/images/manga/1/288167l.jpg
1461,Nigate nano wa Amai Momo,He Does Not Like a Sweet Peach,苦手なのは甘い桃,One-shot,341,6.61,2018,https://cdn.myanimelist.net/images/manga/2/249913l.jpg
1461,No One's Perfect,No One's Perfect,No one's perfect,Manga,341,6.77,2018,https://cdn.myanimelist.net/images/manga/1/238387l.jpg
1461,Salad Bowl,,サラダボウル,Manga,341,,2018,https://cdn.myanimelist.net/images/manga/2/219483l.jpg
1465,Prefect no Hakoniwa,The Prefect's Private Garden,プリフェクトの箱庭,Manga,340,,2018,https://cdn.myanimelist.net/images/manga/2/237291l.jpg
1466,"Odagiri-san ni wa, Kirikirimai",,オダギリさんには、きりきり舞い,Manga,338,6.43,2018,https://cdn.myanimelist.net/images/manga/1/257726l.jpg
1466,"Sensei to, Watashi wa.","Teacher and, I are...",先生と、わたしは。,Manga,338,,2018,https://cdn.myanimelist.net/images/manga/3/224819l.jpg
1468,Hajimemashite no Koi,Love at First Sight,はじめましての恋,Manga,337,6.67,2018,https://cdn.myanimelist.net/images/manga/2/248026l.jpg
1468,The Tyrant's Whereabouts,,폭군의 행방,Manhwa,337,,2018,https://cdn.myanimelist.net/images/manga/3/269114l.jpg
1468,Unsung Cinderella: Byouin Yakuzaishi Aoi Midori,,アンサングシンデレラ 病院薬剤師 葵みどり,Manga,337,,2018,https://cdn.myanimelist.net/images/manga/1/236437l.jpg
1471,Hajimete no Otsukiai,My First Boyfriend,はじめてのお付き合い,Manga,336,,2018,https://cdn.myanimelist.net/images/manga/1/243772l.jpg
1471,Ikenai Koto kamo...,,イケないことかも…,Manga,336,,2018,https://cdn.myanimelist.net/images/manga/2/247414l.jpg
1471,Inazuma Eleven: Ares no Tenbin,,イナズマイレブン アレスの天秤,Manga,336,,2018,https://cdn.myanimelist.net/images/manga/1/231226l.jpg
1471,Kimi wo Shinryaku Seyo!,Invade You!,キミを侵略せよ!,Manga,336,,2018,https://cdn.myanimelist.net/images/manga/2/219207l.jpg
1471,Matayuru-sou,,マタユルソウ,Manga,336,,2018,https://cdn.myanimelist.net/images/manga/2/266633l.jpg
1476,Isekai Kita node Mahou wo Sukebe na Koto ni Riyou Shiyou to Omou,,異世界来たので魔法をスケベな事に利用しようと思う,Doujinshi,335,,2018,https://cdn.myanimelist.net/images/manga/2/302843l.jpg
1476,One Night Friend,,ワンナイトフレンド,Manga,335,,2018,https://cdn.myanimelist.net/images/manga/1/224754l.jpg
1476,Resonant Blue,Girl's Best Time,レゾナントブルー,Manga,335,6.92,2018,https://cdn.myanimelist.net/images/manga/1/281307l.jpg
1476,You Are My Destiny,You Are My Destiny,유어 마이 데스티니,Manhwa,335,,2018,https://cdn.myanimelist.net/images/manga/3/264747l.jpg
1480,Eishashitsu no Wakaba-san,,映写室のわかばさん,Manga,334,,2018,https://cdn.myanimelist.net/images/manga/1/245522l.jpg
1480,Love Live! Sunshine!!: School Idol Diary,,ラブライブ! サンシャイン!! School idol diary,Manga,334,,2018,https://cdn.myanimelist.net/images/manga/1/230422l.jpg
1480,Sacchi sarenai Rule Breaker,,察知されない最強職〈ルール・ブレイカー〉,Light Novel,334,,2018,https://cdn.myanimelist.net/images/manga/3/235485l.jpg
1480,Satsujin Gokko,,殺人ごっこ,One-shot,334,6.22,2018,https://cdn.myanimelist.net/images/manga/2/282232l.jpg
1484,Hametsu no Madouou to Golem no Banhi,The Sorcerer King of Destruction and the Golem of the Barbarian Queen,破滅の魔導王とゴーレムの蛮妃,Light Novel,333,,2018,https://cdn.myanimelist.net/images/manga/3/242381l.jpg
1485,Sore wo Koi to Yobazu ni Nanto Iu,What to Say Without Calling It Love,それを恋と呼ばずになんと言う,Manga,332,,2018,https://cdn.myanimelist.net/images/manga/2/237962l.jpg
1485,Tachi Neko Soudatsu BL,,タチネコ争奪BL,Manga,332,,2018,https://cdn.myanimelist.net/images/manga/2/256025l.jpg
1487,"Kono Isekai demo, Yandere ni Shinu hodo Aisareru",,この異世界でも、ヤンデレに死ぬほど愛される,Light Novel,331,,2018,https://cdn.myanimelist.net/images/manga/3/207324l.jpg
1487,Maga Maga Yama,,マガマガヤマ,Manga,331,,2018,https://cdn.myanimelist.net/images/manga/3/234982l.jpg
1489,Nidaime!: Jigoku Brothers,Hell Brother Heirs,二代目! 地獄ブラザーズ,Manga,330,6.96,2018,https://cdn.myanimelist.net/images/manga/1/248028l.jpg
1490,Bena,Bena,べな,Manga,329,,2018,https://cdn.myanimelist.net/images/manga/2/270322l.jpg
1490,Fate/Ixtella,,フェイト／育ステラ,Manga,329,,2018,https://cdn.myanimelist.net/images/manga/3/245046l.jpg
1490,Jelly Pool,,ゼリープール,Manga,329,6.58,2018,https://cdn.myanimelist.net/images/manga/2/246008l.jpg
1490,Nishimori-san Chi no Shinobu-kun,,西森さん家のシノブ君,One-shot,329,6.91,2018,https://cdn.myanimelist.net/images/manga/1/263518l.jpg
1490,Wall of Glass,Wall of Glass,유리의 벽,Manhwa,329,7.29,2018,https://cdn.myanimelist.net/images/manga/3/331569l.jpg
1495,Rockabye Dear,,ロッカバイディア,Manga,328,6.79,2018,https://cdn.myanimelist.net/images/manga/2/238038l.jpg
1495,"Sennen Kitsune: Kan Pou ""Soujinki"" yori",,千年狐 〜干宝「捜神記」より〜,Manga,328,,2018,https://cdn.myanimelist.net/images/manga/3/236199l.jpg
1497,Mendoukusai Ko no Yuri no Ohanashi,,面倒くさい子の百合のおはなし,Doujinshi,327,6.72,2018,https://cdn.myanimelist.net/images/manga/2/230769l.jpg
1497,Minos no Beef 100%,Minos's Beef 100%,ミノスのビーフ100％,Manga,327,,2018,https://cdn.myanimelist.net/images/manga/3/232365l.jpg
1497,Muchi na Kimi to Shitai Koto,How to Play With Your Naive Friend,無知な君としたいこと,Manga,327,6.62,2018,https://cdn.myanimelist.net/images/manga/2/255257l.jpg
1497,Persona 5 the Animation: Dengeki Comic Anthology,,PERSONA5 the Animation 電撃コミックアンソロジー,Manga,327,,2018,https://cdn.myanimelist.net/images/manga/3/259526l.jpg
1497,Vampire Chef,Vampire Chef,뱀파이어 셰프,Manhwa,327,,2018,https://cdn.myanimelist.net/images/manga/2/265027l.jpg
1502,Hentai Shitsuji kara Nigeraremasen!,,変態執事から逃げられません!,Manga,325,6.32,2018,https://cdn.myanimelist.net/images/manga/2/238206l.jpg
1503,Rebirth,Rebirth,재생,Manhwa,324,,2018,https://cdn.myanimelist.net/images/manga/2/269884l.jpg
1504,1031 Wan Sheng Jie,,1031万圣街,Manhua,323,,2018,https://cdn.myanimelist.net/images/manga/2/310803l.jpg
1505,Ijiwaru na Tsugai,,いじわるな番,Manga,322,,2018,https://cdn.myanimelist.net/images/manga/3/256024l.jpg
1506,Kemonomimi Loli Yuusha wa Ecchi na Shuusei ni Komatteiru,The Furry-Eared Lolita Hero Has Difficulty in Obscene Revision,獣耳ロリ勇者はえっちな修正に困っている,Manga,320,,2018,https://cdn.myanimelist.net/images/manga/2/225692l.jpg
1506,Lost Princess,Lost Princess,로스트 프린세스,Manhwa,320,,2018,https://cdn.myanimelist.net/images/manga/1/264933l.jpg
1506,Sentimental Beach Side,,センチメンタルビーチサイド,One-shot,320,6.89,2018,https://cdn.myanimelist.net/images/manga/3/248759l.jpg
1509,Eien shika Hoshikunai,,永遠しか欲しくない,Manga,319,6.58,2018,https://cdn.myanimelist.net/images/manga/3/238081l.jpg
1510,Secret x Secret,,シークレット×シークレット,Manga,318,,2018,https://cdn.myanimelist.net/images/manga/3/242290l.jpg
1511,"Kedamono, Choukyouchuu ni Tsuki",The Beast Is Currently Being Broken In,ケダモノ、調教中につき,Manga,316,6.61,2018,https://cdn.myanimelist.net/images/manga/2/250131l.jpg
1511,Uchuu toka to Kurabetara Chippoke na Mondai desu ga,,宇宙とかと比べたらちっぽけな問題ですが,Manga,316,,2018,https://cdn.myanimelist.net/images/manga/2/235415l.jpg
1513,Shiritsu Teijou Gakuen: Shiitsu,The Teijo Academy,私立帝城学園－四逸－,Manga,315,,2018,https://cdn.myanimelist.net/images/manga/3/246489l.jpg
1514,"Maishuu Suiyou, Danshi Toilet de Matteite",Please Meet Me in the Restroom Every Wednesday,毎週水曜、男子トイレで待っていて,Manga,314,6.81,2018,https://cdn.myanimelist.net/images/manga/2/253696l.jpg
1514,Nishino: Gakunai Caste Saikai ni shite Inou Sekai Saikyou no Shounen,Nishino: the boy at the bottom of the school caste and also at the top of the underground,西野～学内カースト最下位にして異能世界最強の少年～,Light Novel,314,,2018,https://cdn.myanimelist.net/images/manga/2/219248l.jpg
1514,Sokuochi Lolibabaa,,即堕ちロリババア,Manga,314,6.86,2018,https://cdn.myanimelist.net/images/manga/3/297833l.jpg
1517,Kawaii Boku no Meine Liebe,"My Love, Meine Liebe",かわいいボクのマイネリーベ,Manga,312,6.83,2018,https://cdn.myanimelist.net/images/manga/3/245472l.jpg
1517,Shouko-sensei!,,しょうこセンセイ!,Manga,312,,2018,https://cdn.myanimelist.net/images/manga/2/278788l.jpg
1517,Wistful Summer,Wistful Summer,단 하나의 여름,Manhwa,312,,2018,https://cdn.myanimelist.net/images/manga/1/264998l.jpg
1517,noe67: Warawanai Sexaroid,,noe67～笑わないセクサロイド～,Manga,312,6.9,2018,https://cdn.myanimelist.net/images/manga/2/237472l.jpg
1521,Doutei Otaku to no Sex ga Ii Hazu ga Nai,Sex with a Virgin Otaku Can't Be Good,童貞オタクとのセックスがいいはずがない,Manga,311,6.89,2018,https://cdn.myanimelist.net/images/manga/1/335290l.jpg
1521,Haikyo no Meshi,Meals in the Ruins,廃墟のメシ,Manga,311,,2018,https://cdn.myanimelist.net/images/manga/1/290402l.jpg
1521,Houkago no Tetsugaku-san,,放課後の哲学さん,Manga,311,,2018,https://cdn.myanimelist.net/images/manga/3/234988l.jpg
1521,Inazuma Eleven: Penguin wo Tsugu Mono,,イナズマイレブン～ペンギンを継ぐ者～,Manga,311,,2018,https://cdn.myanimelist.net/images/manga/1/231233l.jpg
1521,The Dog Diaries,The Dog Diaries,개를 낳았다,Manhwa,311,,2018,https://cdn.myanimelist.net/images/manga/1/248658l.jpg
1526,Boukoku no Marguerite,Princess Marguerite of the Ruined Country,亡国のマルグリット,Manga,310,,2018,https://cdn.myanimelist.net/images/manga/1/249059l.jpg
1526,"Kako no Anata, Mirai no Kimi",You in the Past. You in the Future.,過去のあなた、未来のきみ,Manga,310,7.19,2018,https://cdn.myanimelist.net/images/manga/3/244190l.jpg
1526,Muhyo to Rouji no Mahouritsu Soudan Jimusho: Mazoku Magushi-hen,,ムヒョとロージーの魔法律相談事務所 魔属魔具師編,Manga,310,,2018,https://cdn.myanimelist.net/images/manga/1/227302l.jpg
1526,Saihyou to Tokeru,,細氷と溶ける,Manga,310,6.25,2018,https://cdn.myanimelist.net/images/manga/3/236252l.jpg
1526,Satsujin-hime to Fushi no Majutsushi,Cursed Princess and Her Immortal Servant,殺人姫と不死の魔術師,Manga,310,,2018,https://cdn.myanimelist.net/images/manga/3/259002l.jpg
1526,Soreyuke! Isekai Cheat Magician,,それゆけ！異世界チート魔術師〈マジシャン〉,Manga,310,,2018,https://cdn.myanimelist.net/images/manga/2/217298l.jpg
1532,"Gochisousama, Virgin Cherry","Thank You for the Meal, Virgin Cherry",ごちそうさま、ヴァージンチェリー,Manga,308,6.62,2018,https://cdn.myanimelist.net/images/manga/2/235277l.jpg
1532,Petshop of Horrors: Hyouhaku no Hakobune-hen,,Petshop of Horrors 漂泊の箱舟編,Manga,308,,2018,https://cdn.myanimelist.net/images/manga/3/281089l.jpg
1532,Sakurairo Kiss Holic,,桜色キスホリック,Manga,308,,2018,https://cdn.myanimelist.net/images/manga/2/223756l.jpg
1532,Takane no Hanao-kun,The Boy Out of My Reach,高嶺の花男くん,Manga,308,,2018,https://cdn.myanimelist.net/images/manga/2/283147l.jpg
1532,Yonkoma Starlight,,よんこま すたぁらいと,Manga,308,,2018,https://cdn.myanimelist.net/images/manga/2/222047l.jpg
1537,Ane Megane,Spectacled Sister,アネメガネ,Manga,307,6.89,2018,https://cdn.myanimelist.net/images/manga/3/230309l.jpg
1538,"Biribiri♂Yankee, Hameraretemasu",,ビリビリ♂ヤンキー、ハメられてます,Manga,306,,2018,https://cdn.myanimelist.net/images/manga/1/246627l.jpg
1539,Chigireru Kubiwa,You're Released From the Collar.,ちぎれる首輪,Manga,304,6.15,2018,https://cdn.myanimelist.net/images/manga/2/274429l.jpg
1539,Love Live! Sunshine!! Guilty Kiss Comic Anthology,,ラブライブ！サンシャイン!! Guilty Kissコミックアンソロジー,Manga,304,,2018,https://cdn.myanimelist.net/images/manga/3/234738l.jpg
1541,Kesaran Nanigashi to Soup-ya-san,,ケサランなにがしとスープ屋さん,Manga,303,,2018,https://cdn.myanimelist.net/images/manga/3/248858l.jpg
1542,Kouya ni Kemuru wa Shi no Kaori,The Smell of Death Smokes in the Wilderness,荒野に煙るは死の香り,Manga,302,,2018,https://cdn.myanimelist.net/images/manga/2/266959l.jpg
1543,Eishuu Meikaroku,,瀛州迷花録,Manga,301,,2018,https://cdn.myanimelist.net/images/manga/2/242756l.jpg
1543,Ishuzoku Reviewers,Interspecies Reviewers,異種族レビュアーズ,Light Novel,301,,2018,https://cdn.myanimelist.net/images/manga/3/223528l.jpg
1543,Narae's Fantasy,Narae's Fantasy,상상의 나래,Manhwa,301,,2018,https://cdn.myanimelist.net/images/manga/1/267742l.jpg
1546,Okaeri,Welcome Home,おかえり,Manga,300,,2018,https://cdn.myanimelist.net/images/manga/3/251533l.jpg
1546,Unmei wa Maigo,,運命は迷子,Manga,300,,2018,https://cdn.myanimelist.net/images/manga/3/226033l.jpg
1548,Kuro Ane Insomnia,Black Sister Insomnia,黒姉インソムニア,Manga,299,,2018,https://cdn.myanimelist.net/images/manga/1/211723l.jpg
1548,Onna Yuusha ni Tensei shitara Mazoku no Tsuma ga 5-nin mo Iru Rashii,A Heroine's Isekai Monster Wives Harem,女勇者に転生したら魔族の妻が5人もいるらしい,Doujinshi,299,,2018,https://cdn.myanimelist.net/images/manga/3/255928l.jpg
1548,"Seishun Haisha Bocchi Yarou, Kinbatsu Shirigaru Gal no Okiniiri ni Naru",,青春敗者ぼっち野郎、金髪尻軽ギャルのお気に入りになる,Light Novel,299,,2018,https://cdn.myanimelist.net/images/manga/1/248133l.jpg
1551,Kono Koi wa Te ni Amaru,This Love Is Too Much for Me,この恋は手に余る,Manga,298,6.71,2018,https://cdn.myanimelist.net/images/manga/2/262369l.jpg
1552,My Little Doggy,My Little Doggy,マイ リトル ドギー,Manga,297,6.84,2018,https://cdn.myanimelist.net/images/manga/1/233321l.jpg
1552,Yoromeki Yomawari,The Hooligan and the Night Patrol,よろめきよまわり,Manga,297,6.66,2018,https://cdn.myanimelist.net/images/manga/1/249000l.jpg
1554,Kojinsa Arimasu,,個人差あり〼,Manga,296,,2018,https://cdn.myanimelist.net/images/manga/3/217088l.jpg
1555,Kuroisha no Dessert,,黒医者のデザート,Manga,295,,2018,https://cdn.myanimelist.net/images/manga/2/226901l.jpg
1555,Mahoutsukai de Hikikomori?,"He Is Wizard, But Social Withdrawal?",魔法使いで引きこもり?,Manga,295,,2018,https://cdn.myanimelist.net/images/manga/1/226049l.jpg
1557,Futsugyou: Dansou Majutsushi to Kin no Kishi,The Daybreak: A Magician in Male Attire and the Gold Knight,払暁 男装魔術師と金の騎士,Manga,294,,2018,https://cdn.myanimelist.net/images/manga/2/232399l.jpg
1557,Kyokutou Jihen,The Far East Incident,極東事変,Manga,294,,2018,https://cdn.myanimelist.net/images/manga/3/280185l.jpg
1559,Kangtawoo,,캉타우,Manhwa,293,,2018,https://cdn.myanimelist.net/images/manga/2/266144l.jpg
1559,My Fair Milf,,My Fair MILF,Manga,293,,2018,https://cdn.myanimelist.net/images/manga/2/250173l.jpg
1559,Toaru Kagaku no Railgun SS3,,とある科学の超電磁砲SS3,Light Novel,293,,2018,https://cdn.myanimelist.net/images/manga/2/266950l.jpg
1562,Kimi Arite Koufuku,You Are My Happiness,君ありて幸福,Manga,291,,2018,https://cdn.myanimelist.net/images/manga/1/252533l.jpg
1562,Riht.,,riht.,Manga,291,6.39,2018,https://cdn.myanimelist.net/images/manga/3/233778l.jpg
1564,Ai to Mogumogu,Love & Mogumogu,愛ともぐもぐ,Manga,290,,2018,https://cdn.myanimelist.net/images/manga/3/211853l.jpg
1564,Bosabosa Melancholy,,ボサボサメランコリー,One-shot,290,6.59,2018,https://cdn.myanimelist.net/images/manga/1/236105l.jpg
1564,Godzilla: Kaijuu Wakusei,,GODZILLA 怪獣惑星,Manga,290,,2018,https://cdn.myanimelist.net/images/manga/3/221575l.jpg
1564,Hahakogui,,母娘喰い,Manga,290,,2018,https://cdn.myanimelist.net/images/manga/1/263623l.jpg
1564,Seiju no Kuni no Kinjutsukai,,聖樹の国の禁呪使い,Manga,290,,2018,https://cdn.myanimelist.net/images/manga/2/233516l.jpg
1569,Konna Koi nara Owari ni Shitai!,Is This the Kind of Love I Want?,こんな恋なら終わりにしたい!,Manga,289,6.88,2018,https://cdn.myanimelist.net/images/manga/1/288425l.jpg
1569,The Professor Who Reads Love Stories,,연애소설 읽는 교수,Manhwa,289,,2018,https://cdn.myanimelist.net/images/manga/3/269537l.jpg
1571,"Hyung, You're My Idol","Hyung, You're My Idol",우리형은 존잘님,Manhwa,287,,2018,https://cdn.myanimelist.net/images/manga/3/268127l.jpg
1571,Jikai no Death Game ni Gokitai Kudasai!!,,次回のデスゲームにご期待ください!!,Manga,287,,2018,https://cdn.myanimelist.net/images/manga/1/233764l.jpg
1571,Kimi no Nioi,,きみのにおい,Manga,287,6.66,2018,https://cdn.myanimelist.net/images/manga/2/255700l.jpg
1571,Yoake Ato no Shizu,,夜明け後の静,Manga,287,,2018,https://cdn.myanimelist.net/images/manga/1/210474l.jpg
1575,"Ojousama, Otona no Kiss no Ojikan desu.","It's Time for the Kiss, My Lady.",お嬢様、大人のキスのお時間です。,Manga,285,,2018,https://cdn.myanimelist.net/images/manga/2/238210l.jpg
1575,Shimaidon Itadakimasu,,姉妹丼いただきます,Doujinshi,285,6.86,2018,https://cdn.myanimelist.net/images/manga/1/244222l.jpg
1577,Junketsu☆Knight no Glanz Reise: Kaerimichi,The Pure☆Knight's Shining Journey: The Road Home,純潔☆騎士のグランツライゼ～帰り道～,Manga,284,6.86,2018,https://cdn.myanimelist.net/images/manga/2/229131l.jpg
1577,Keikoku no Shitateya Rose Bertin,Rose Bertin: The Dressmaker That Launched a Thousand Dreams,傾国の仕立て屋 ローズ・ベルタン,Manga,284,,2018,https://cdn.myanimelist.net/images/manga/1/241614l.jpg
1579,A Fine Line,A Fine Line,한 끗 차이,Manhwa,282,6.02,2018,https://cdn.myanimelist.net/images/manga/1/272467l.jpg
1579,Itsuka Subete ga Kimi no Chikara ni Naru,,コミカライズ いつかすべてが君の力になる,Manga,282,,2018,https://cdn.myanimelist.net/images/manga/1/216366l.jpg
1579,"Nazeka Gakkou-ichi no Bishoujo ga Yasumi Jikan no Tabi ni, Bocchi no Ore ni Hanashikaketekuru n daga?",,何故か学校一の美少女が休み時間の度に、ぼっちの俺に話しかけてくるんだが?,Light Novel,282,,2018,https://cdn.myanimelist.net/images/manga/3/245796l.jpg
1582,Fudanshi Bartender no Tashinami,Accomplishment of Fudanshi Bartender,腐男子バーテンダーの嗜み,Manga,281,,2018,https://cdn.myanimelist.net/images/manga/1/263245l.jpg
1582,Inazuma Eleven: Reloaded,,イナズマイレブン リローデッド,One-shot,281,,2018,https://cdn.myanimelist.net/images/manga/3/231230l.jpg
1582,Kidou Senshi Gundam NT,Mobile Suit Gundam Narrative,機動戦士ガンダムNT〈ナラティブ〉,Manga,281,,2018,https://cdn.myanimelist.net/images/manga/2/227250l.jpg
1582,Neko ga OL ni Miete Komarimasu,,ネコがOLに見えて困ります,Manga,281,,2018,https://cdn.myanimelist.net/images/manga/1/238406l.jpg
1586,Suki ja Nai kedo Suki na Hito,,好きじゃないけど好きな人,Doujinshi,280,,2018,https://cdn.myanimelist.net/images/manga/2/315083l.jpg
1587,Hakoiri Otome to Gaten no Oujisama,,箱入り乙女とガテンの王子様,Manga,279,6.7,2018,https://cdn.myanimelist.net/images/manga/3/246659l.jpg
1587,Mitsugetsuhime to Vampire,The Honey-blood Beauty & Her Vampire,蜜血姫とヴァンパイア,Manga,279,,2018,https://cdn.myanimelist.net/images/manga/3/255167l.jpg
1587,Revisions,,revisions リヴィジョンズ,Manga,279,,2018,https://cdn.myanimelist.net/images/manga/2/227776l.jpg
1590,"Shoujo, Akuma to Naru ni wa",,少女、悪魔となるには,Manga,278,,2018,https://cdn.myanimelist.net/images/manga/1/225277l.jpg
1590,Yanpapa to Tenshi to Ore,,ヤンパパと天使と俺,Manga,278,6.84,2018,https://cdn.myanimelist.net/images/manga/2/274156l.jpg
1592,Love Live! Comic Anthology μ's Precious Days,,ラブライブ！ コミックアンソロジー μ'sプレシャスデイズ,Manga,277,,2018,https://cdn.myanimelist.net/images/manga/3/235599l.jpg
1593,Osananajimi ga Chotto Hen,,幼なじみがちょっと変,One-shot,276,,2018,https://cdn.myanimelist.net/images/manga/2/306357l.jpg
1593,Utsuroboros,,ウツロボロス,Manga,276,6.42,2018,https://cdn.myanimelist.net/images/manga/2/312156l.jpg
1595,A3! Summer,,A3! SUMMER,Manga,275,,2018,https://cdn.myanimelist.net/images/manga/1/235794l.jpg
1595,Crows Zero Reboot,,クローズZEROリブート,Manga,275,,2018,https://cdn.myanimelist.net/images/manga/2/233909l.jpg
1595,God Bless You,God Bless You,갓블레스유,Manhwa,275,,2018,https://cdn.myanimelist.net/images/manga/1/264949l.jpg
1598,Deokure Tamer no Sono Higurashi,A Late-Start Tamer's Laid-Back Life,出遅れテイマーのその日暮らし,Light Novel,274,,2018,https://cdn.myanimelist.net/images/manga/3/233905l.jpg
1598,Houkago Collage Note,,放課後コラージュノート,Manga,274,,2018,https://cdn.myanimelist.net/images/manga/3/237142l.jpg
1598,Isekai Rakugo,,異世界落語,Manga,274,,2018,https://cdn.myanimelist.net/images/manga/2/216409l.jpg
1598,Legal x Love,,リーガル×ラブ,Manga,274,6.84,2018,https://cdn.myanimelist.net/images/manga/1/236188l.jpg
1602,88rhapsody,,88rhapsody,Manga,273,,2018,https://cdn.myanimelist.net/images/manga/1/249144l.jpg
1602,Fukigen Itoko ga Kawaisugite Shikatanai,My Grumpy Cousin Is Too Cute,不機嫌イトコがかわい過ぎて仕方ない,Manga,273,6.33,2018,https://cdn.myanimelist.net/images/manga/2/255231l.jpg
1602,Girly Air Force,,ガーリー・エアフォース,Manga,273,,2018,https://cdn.myanimelist.net/images/manga/1/222472l.jpg
1602,Kimi to Hamuhamu shitai no da!,,きみとハムハムしたいのだ!,Manga,273,6.59,2018,https://cdn.myanimelist.net/images/manga/2/255920l.jpg
1606,Hatsukoi*Rail Trip,,初恋＊れ～るとりっぷ,Manga,272,,2018,https://cdn.myanimelist.net/images/manga/1/224541l.jpg
1607,Nanahoshi to Tachibana,,ナナホシとタチバナ,Manga,271,,2018,https://cdn.myanimelist.net/images/manga/2/225909l.jpg
1607,Riddle Joker,,RIDDLE JOKER,Manga,271,,2018,https://cdn.myanimelist.net/images/manga/1/222112l.jpg
1607,Uruha no Sekai de Arisugawa,,麗の世界で有栖川,Manga,271,,2018,https://cdn.myanimelist.net/images/manga/2/216665l.jpg
1607,Yama wo Wataru: Santamadai Gakuburoku,,山を渡る -三多摩大岳部録-,Manga,271,,2018,https://cdn.myanimelist.net/images/manga/2/245296l.jpg
1611,"Jouhai Shougun, Mata Yabureru",The Loser General Gets Beaten Once Again,常敗将軍、また敗れる,Manga,269,,2018,https://cdn.myanimelist.net/images/manga/2/234847l.jpg
1611,Kirinji Gate,,キリンジゲート,Manga,269,,2018,https://cdn.myanimelist.net/images/manga/2/245716l.jpg
1613,Dare ga Yonda no!?: Isekai to Game Tsukuri to Recruit Shoukan,,誰が喚んだの!? ～異世界とゲーム作りとリクルート召喚～,Manga,268,,2018,https://cdn.myanimelist.net/images/manga/1/242204l.jpg
1613,Mousou Timeline,,妄想タイムライン,Manga,268,,2018,https://cdn.myanimelist.net/images/manga/3/259122l.jpg
1613,Seijo Insetsu,Dirty Diaries,性女淫説,Manga,268,,2018,https://cdn.myanimelist.net/images/manga/1/259292l.jpg
1616,Love Live! Comic Anthology μ's Sweet  Memories,,ラブライブ！ コミックアンソロジー μ'sスイートメモリーズ,Manga,267,,2018,https://cdn.myanimelist.net/images/manga/1/235600l.jpg
1616,Meitantei Conan: Karakurenai no Love Letter,Detective Conan the Movie: The Crimson Love Letter,名探偵コナン から紅の恋歌〈ラブレター〉,Manga,267,,2018,https://cdn.myanimelist.net/images/manga/3/240770l.jpg
1616,Yakuza na Anego ni Semeraretai!: Anthology Comic,,ヤクザな姉御に責められたい! アンソロジーコミック,Manga,267,,2018,https://cdn.myanimelist.net/images/manga/2/226496l.jpg
1619,Mr. CB,,Mr.CB,Manga,266,,2018,https://cdn.myanimelist.net/images/manga/3/216955l.jpg
1619,Oujo Denka wa Oikari no you desu,Her Royal Highness Seems to Be Angry,王女殿下はお怒りのようです,Light Novel,266,,2018,https://cdn.myanimelist.net/images/manga/1/230217l.jpg
1619,Tianbao Fuyao Lu,Legend of Exorcism: Tianbao Fuyao Lu,天宝伏妖录,Novel,266,,2018,https://cdn.myanimelist.net/images/manga/1/302246l.jpg
1619,Two Sides of the Same Coin,,Two sides of the same coin,Manga,266,,2018,https://cdn.myanimelist.net/images/manga/2/251923l.jpg
1623,Business Like,Business-like,ビジネス・ライク,Manga,265,,2018,https://cdn.myanimelist.net/images/manga/2/246559l.jpg
1623,Ibara no Shokutaku,Thorny Table,いばらの食卓,Manga,265,,2018,https://cdn.myanimelist.net/images/manga/1/249164l.jpg
1625,Ijimete Aishite,,いじめて愛して,Manga,264,,2018,https://cdn.myanimelist.net/images/manga/3/250772l.jpg
1625,Musume-san wo Kudasai!!,,むすめさんをください!!,Manga,264,,2018,https://cdn.myanimelist.net/images/manga/3/244426l.jpg
1625,Nakimushi Akuma no Maria-kun,"My Demon Cry Baby, Maria",なきむし悪魔のマリアくん,Manga,264,,2018,https://cdn.myanimelist.net/images/manga/3/253917l.jpg
1625,S-juku Nichoume Love Hour,Every Rose Has Its Thorns,S宿二丁目ラブアワー,Manga,264,,2018,https://cdn.myanimelist.net/images/manga/2/283407l.jpg
1625,Sutemi no Koubousen,A Desperate Battle,捨て身の攻防戦,Manga,264,6.69,2018,https://cdn.myanimelist.net/images/manga/2/238310l.jpg
1625,Yakkai na Hatsukoi wa... Senpai to,,やっかいな初恋は…先輩と,Manga,264,,2018,https://cdn.myanimelist.net/images/manga/1/226722l.jpg
1631,Bakunyuu Gal to Umi H Shitee!!,,爆乳ギャルと海Hしてえ！！,Doujinshi,263,,2018,https://cdn.myanimelist.net/images/manga/1/265848l.jpg
1631,Kamikujimura,The world that only Lot knows,かみくじむら,Manga,263,,2018,https://cdn.myanimelist.net/images/manga/1/234576l.jpg
1631,Panda Tanteisha,,パンダ探偵社,Manga,263,,2018,https://cdn.myanimelist.net/images/manga/3/224920l.jpg
1631,"Shiteru no, Misete",Show Me How You Do It!,シてるの、見せて,Doujinshi,263,,2018,https://cdn.myanimelist.net/images/manga/3/255366l.jpg
1635,Kobamanai Otoko,A Man Who Never Says No.,拒まない男,Manga,262,6.9,2018,https://cdn.myanimelist.net/images/manga/2/259000l.jpg
1635,Nuyi Jiuqing,The Goddess of Healing,女医九卿,Manhua,262,,2018,https://cdn.myanimelist.net/images/manga/2/288063l.jpg
1635,Pokemon wo Tsukutta Otoko: Tajiri Satoshi,,ポケモンをつくった男 田尻智,Manga,262,,2018,https://cdn.myanimelist.net/images/manga/1/293676l.jpg
1638,Heart Synchro,,はぁとシンクロ,Doujinshi,261,,2018,https://cdn.myanimelist.net/images/manga/3/236451l.jpg
1639,Destiny Child,Destiny Child,DESTINY CHILD,Manga,260,,2018,https://cdn.myanimelist.net/images/manga/1/222114l.jpg
1639,Torokeru Kaikan Sokuochi Akuma,,トロける快感ソク堕ち悪魔,Manga,260,,2018,https://cdn.myanimelist.net/images/manga/3/287757l.jpg
1641,Futanari Osananajimi to Ore to Hajimete no Gyaku Anal Kagai Jugyou,,ふたなり幼なじみと俺とはじめての逆アナル課外授業,Doujinshi,259,,2018,https://cdn.myanimelist.net/images/manga/2/238541l.jpg
1641,Mukou no Hito,The Man on the Other Side,向こうの人,Manga,259,,2018,https://cdn.myanimelist.net/images/manga/2/236079l.jpg
1641,Umbilical Sex: Ijou Henai Shoukougun,Addicted to His Touch,アンビリカル・セックス -異常偏愛症候群-,Manga,259,,2018,https://cdn.myanimelist.net/images/manga/3/256269l.jpg
1644,Oshiego to Onsen Ryokou,,教え子と温泉旅行,One-shot,258,,2018,https://cdn.myanimelist.net/images/manga/2/243805l.jpg
1645,I'll Encount!,,あいるエンカウント!,Manga,257,,2018,https://cdn.myanimelist.net/images/manga/2/214524l.jpg
1645,Olga to Jiří,,オルガとイリ,One-shot,257,6.19,2018,https://cdn.myanimelist.net/images/manga/2/231381l.jpg
1645,Persona Q2: New Cinema Labyrinth - Roundabout SP,,ペルソナQ2 ニュー シネマ ラビリンス Roundabout SP,Manga,257,,2018,https://cdn.myanimelist.net/images/manga/1/244360l.jpg
1648,Koubutsu wa Mayonaka no Uchi ni Hara no Naka,Having My Favorite in the Middle of the Night,好物は真夜中のうちに腹のなか,Manga,256,,2018,https://cdn.myanimelist.net/images/manga/3/279525l.jpg
1648,Meikyuu Biyori,,迷宮日和,Manga,256,,2018,https://cdn.myanimelist.net/images/manga/1/277631l.jpg
1650,Girls & Panzer: Saishuushou - Keizoku Koukou Harapeko Shokujidou,,ガールズ＆パンツァー 最終章 継続高校はらぺこ食事道,Manga,255,,2018,https://cdn.myanimelist.net/images/manga/1/271233l.jpg
1651,Hakaiou: GaoGaiGar tai Betterman the Comic,,覇界王～ガオガイガー対ベターマン～the COMIC,Manga,254,,2018,https://cdn.myanimelist.net/images/manga/3/226543l.jpg
1651,Jia You Hei Mao Mo Fashi,Black Cat and Magician,家有黑貓魔法師,Manhua,254,,2018,https://cdn.myanimelist.net/images/manga/1/280704l.jpg
1651,Shisenbeya: Mesuochi Tanpenshuu,The Monitored Room,視線部屋 -メス堕ち短篇集-,Manga,254,,2018,https://cdn.myanimelist.net/images/manga/2/255554l.jpg
1654,Asakusa Oniyome Nikki: Ayakashi Fuufu wa Konse koso Shiawase ni Naritai.,,浅草鬼嫁日記 あやかし夫婦は今世こそ幸せになりたい。,Manga,252,,2018,https://cdn.myanimelist.net/images/manga/3/223926l.jpg
1654,Nani Suru no!? Oniichan!!,,なにするの!? おにいちゃん!!,Manga,252,,2018,https://cdn.myanimelist.net/images/manga/2/246100l.jpg
1654,Ore to Osananajimi no XL Jijou,,俺と幼馴染のXL事情,Manga,252,,2018,https://cdn.myanimelist.net/images/manga/3/274171l.jpg
1657,Koisuru Moon Dog,Loving Moon Dog,恋するMOON DOG,Manga,251,,2018,https://cdn.myanimelist.net/images/manga/2/267874l.jpg
1658,Makka na Freesia,,真っ赤なフリージア,Manga,250,,2018,https://cdn.myanimelist.net/images/manga/1/232058l.jpg
1658,Teogonia,Teogonia,神統記 〈テオゴニア〉,Light Novel,250,,2018,https://cdn.myanimelist.net/images/manga/1/248052l.jpg
1660,Akechi,,AKECHI,Manga,249,,2018,https://cdn.myanimelist.net/images/manga/1/222898l.jpg
1660,Digitalis,Digitalis,디기탈리스,Manhwa,249,,2018,https://cdn.myanimelist.net/images/manga/1/268685l.jpg
1660,Sensei wa Bitch ja Arimasen.,The Teacher Is Not Your **** Hole.,先生は便器〈ビッチ〉じゃありません。,Manga,249,,2018,https://cdn.myanimelist.net/images/manga/1/255552l.jpg
1663,Kabeana Gossip Star,,壁穴ゴシップスター,Manga,248,,2018,https://cdn.myanimelist.net/images/manga/1/231379l.jpg
1663,Kasei Madoushi no Isekai Seikatsu: Boukenchuu no Kaseifugyou Uketamawarimasu!,Housekeeping Mage from Another World: Making Your Adventures Feel Like Home!,家政魔導士の異世界生活～冒険中の家政婦業承ります！～,Light Novel,248,,2018,https://cdn.myanimelist.net/images/manga/3/252451l.jpg
1665,Kumo to Saga,The Spider's Web,蜘蛛と性,Manga,247,,2018,https://cdn.myanimelist.net/images/manga/3/262579l.jpg
1666,Fortnite,,フォートナイト,One-shot,246,,2018,https://cdn.myanimelist.net/images/manga/3/256386l.jpg
1666,Inui to Tatsumi: Siberia Shuppei Hishi,,乾と巽ーシベリア出兵秘史ー,Manga,246,,2018,https://cdn.myanimelist.net/images/manga/3/226004l.jpg
1666,Penalty School,,ペナルティスクール,Manga,246,,2018,https://cdn.myanimelist.net/images/manga/3/265991l.jpg
1669,"Amai, Nigai, Amai",,あまい、にがい、あまい,One-shot,245,6.59,2018,https://cdn.myanimelist.net/images/manga/3/242283l.jpg
1669,"Asobinin wa Kenja ni Tenshoku Dekiru tte Shittemashita? Yuusha Party wo Tsuihou sareta Lv99 Doukeshi, ""Daikenja"" ni Naru",,遊び人は賢者に転職できるって知ってました？～勇者パーティを追放されたLv99道化師、【大賢者】になる～,Light Novel,245,,2018,https://cdn.myanimelist.net/images/manga/1/227535l.jpg
1669,Kiss and Cry,,キスアンドクライ,Manga,245,,2018,https://cdn.myanimelist.net/images/manga/2/225376l.jpg
1669,Levi-san to Ore: Ari yori no Happiness,Mr. Levi and Me,レヴィさんとオレ ~ありよりのハピネス~,Manga,245,,2018,https://cdn.myanimelist.net/images/manga/3/239844l.jpg
1669,Surechigai Vegetable Garden,Crossing Paths in a Vegetable Garden,すれ違いベジタブル・ガーデン,Manga,245,6.45,2018,https://cdn.myanimelist.net/images/manga/3/245473l.jpg
1674,Harmonia,Harmonia,하르모니아,Manhwa,244,,2018,https://cdn.myanimelist.net/images/manga/2/263942l.jpg
1674,Uchuu Sensou,The War of the Worlds,宇宙戦争,Manga,244,,2018,https://cdn.myanimelist.net/images/manga/2/238186l.jpg
1676,Love Live! Sunshine!! CYaRon! Comic Anthology,,ラブライブ！サンシャイン!! CYaRon!コミックアンソロジー,Manga,243,,2018,https://cdn.myanimelist.net/images/manga/1/234742l.jpg
1676,Seikei Cinderella,Plastic Surgery Cinderella,整形シンデレラ,Manga,243,,2018,https://cdn.myanimelist.net/images/manga/3/254275l.jpg
1676,Shinobu Koi hodo: Sukisugiru Dannasama ni Dekiai saretemasu?,To Ninja Love Is to Ninja Live: Is the Man I Love Infatuated with Me?,忍ぶ恋ほど －好きすぎる旦那さまに溺愛されてます？－,Manga,243,,2018,https://cdn.myanimelist.net/images/manga/3/270833l.jpg
1676,Suiyoubi no Trip Lunch,The Story of Lunch and Love that Wednesday Connects,水曜日のトリップランチ,Manga,243,,2018,https://cdn.myanimelist.net/images/manga/1/249275l.jpg
1680,"Akuyaku Reijou wa, Shomin ni Totsugitai!!",,悪役令嬢は、庶民に嫁ぎたい!!,Light Novel,242,,2018,https://cdn.myanimelist.net/images/manga/2/234661l.jpg
1680,Bakashoujiki ga Taosenai!,People Pleaser,バカ正直が倒せない！,Manga,242,,2018,https://cdn.myanimelist.net/images/manga/1/268143l.jpg
1680,Kawaikute Dosukebe na Oneesan to...,,可愛くてドスケベなお姉さんと…,Manga,242,,2018,https://cdn.myanimelist.net/images/manga/3/241955l.jpg
1680,Love Live! Sunshine!! AZALEA Comic Anthology,,ラブライブ！サンシャイン!! AZALEAコミックアンソロジー,Manga,242,,2018,https://cdn.myanimelist.net/images/manga/1/234739l.jpg
1680,Polar Night,,극야,Manhwa,242,,2018,https://cdn.myanimelist.net/images/manga/3/270676l.jpg
1680,The Girl Beyond the Wall,The Girl Beyond the Wall,벽 너머의 여자,Manhwa,242,,2018,https://cdn.myanimelist.net/images/manga/3/288653l.jpg
1686,Horoyoi♂♀Switch: Kaseifu no Jouzu na Tabekata,Tipsy Transformation: The Best Way to Enjoy Your Housekeeper,ほろよい♂♀スイッチ ―家政夫の上手な食べ方―,Manga,241,,2018,https://cdn.myanimelist.net/images/manga/3/263249l.jpg
1686,Mononoke: Bakeneko,,モノノ怪 -化猫-,Manga,241,,2018,https://cdn.myanimelist.net/images/manga/1/295473l.jpg
1686,Nanashi: Nakushita Nani ka no Sagashikata,,ナナシ ～ナくしたナにかのさがシかた～,Manga,241,,2018,https://cdn.myanimelist.net/images/manga/3/236741l.jpg
1686,Yarisugi Brothers,Brothers Taking Things Too Far,ヤリすぎブラザーズ,Manga,241,,2018,https://cdn.myanimelist.net/images/manga/2/239732l.jpg
1690,Akuma ga Boku wo,,悪魔がぼくを,One-shot,240,,2018,https://cdn.myanimelist.net/images/manga/1/243419l.jpg
1691,Boku to Kimi dake ni Seiya wa Konai,You'll Not Give Me Christmas.,僕と君だけに聖夜は来ない,Light Novel,239,,2018,https://cdn.myanimelist.net/images/manga/1/241514l.jpg
1691,Live!: Soto de Koubi Shiyou!,Live!: Let's Have Outdoor Sex!,Live! 外で交尾しよう!,Manga,239,,2018,https://cdn.myanimelist.net/images/manga/2/308193l.jpg
1691,Re:Monster: Ankoku Tairiku-hen,,Re:Monster 暗黒大陸編,Light Novel,239,,2018,https://cdn.myanimelist.net/images/manga/2/266285l.jpg
1691,Shijuukara,,シジュウカラ,Manga,239,,2018,https://cdn.myanimelist.net/images/manga/2/270508l.jpg
1695,Gochisousama,That was delicious.,ごちそうさま,Manga,237,,2018,https://cdn.myanimelist.net/images/manga/1/274001l.jpg
1695,Gokko Asobi.,,ごっこ遊び。,One-shot,237,,2018,https://cdn.myanimelist.net/images/manga/3/243804l.jpg
1695,♡♡♡ suru Onnanoko,,♡♡♡するオンナノコ,Manga,237,,2018,https://cdn.myanimelist.net/images/manga/2/248005l.jpg
1698,Champagne,,シャンパーニュ,Manga,235,,2018,https://cdn.myanimelist.net/images/manga/1/226845l.jpg
1698,Happy Nest,,ハピネス,Doujinshi,235,6.75,2018,https://cdn.myanimelist.net/images/manga/1/243852l.jpg
1698,Ma Chérie,,ma cherie,One-shot,235,,2018,https://cdn.myanimelist.net/images/manga/3/313181l.jpg
1698,Yasashisa Ippai no Tsuchi no Ue de,On the Earth Full of Kindness,やさしさいっぱいの土の上で,Manga,235,,2018,https://cdn.myanimelist.net/images/manga/2/301550l.jpg
1702,Do Aphorism,,弩アホリズム,Manga,234,,2018,https://cdn.myanimelist.net/images/manga/2/219553l.jpg
1702,Omochikaeri,Take Me Home,おもちかえり,Manga,234,,2018,https://cdn.myanimelist.net/images/manga/3/247020l.jpg
1702,Sei no Mamono,The Sexual Demon,性のマモノ,Manga,234,,2018,https://cdn.myanimelist.net/images/manga/2/244127l.jpg
1705,Hoshino Doubutsuen Koimonogatari,Love Story of Hoshino Zoo,ほしの動物園恋物語,Manga,233,,2018,https://cdn.myanimelist.net/images/manga/3/254725l.jpg
1705,"Isekai Maigo, Hogo Shitemasu",The Lost Children's Desk in Another World,異世界迷子、保護してます,Manga,233,,2018,https://cdn.myanimelist.net/images/manga/3/233908l.jpg
1705,Kenshin Nadeshiko,,献身ナデシコ,Manga,233,,2018,https://cdn.myanimelist.net/images/manga/1/246103l.jpg
1705,Lanxi Zhen,,蓝溪镇,Manhua,233,,2018,https://cdn.myanimelist.net/images/manga/2/258215l.jpg
1705,"Yogosasete yo, Megane-san","Let Me Make You Nice and Dirty, Mr. Glasses",汚させてよ、メガネさん,Manga,233,,2018,https://cdn.myanimelist.net/images/manga/3/246862l.jpg
1710,Aoi-kun wa Shinitagari no Onnanoko (♂),,葵くんは死にたがりの女の子(♂),One-shot,232,,2018,https://cdn.myanimelist.net/images/manga/2/255684l.jpg
1710,"Ikemen ni Tensei shita kedo, Cheat wa Dekimasen deshita.",,イケメンに転生したけど、チートはできませんでした。,Light Novel,232,,2018,https://cdn.myanimelist.net/images/manga/2/242207l.jpg
1710,Isekaigaeri no Yuusha ga Gendai Saikyou!,,異世界帰りの勇者が現代最強!,Light Novel,232,,2018,https://cdn.myanimelist.net/images/manga/2/238796l.jpg
1713,Black Terror,,ブラック・テラー,Manga,231,,2018,https://cdn.myanimelist.net/images/manga/1/257481l.jpg
1713,Danzai no Dragnet,,断罪のドラグネット,Manga,231,,2018,https://cdn.myanimelist.net/images/manga/1/224325l.jpg
1713,En-encore ga Nariyamanai,His Voice Keeps Ringing in My Ears!,アンアンコールが鳴り止まない,Manga,231,6.53,2018,https://cdn.myanimelist.net/images/manga/3/262383l.jpg
1713,Hug tto! Precure,,HUGっと!プリキュア,Manga,231,,2018,https://cdn.myanimelist.net/images/manga/3/226995l.jpg
1713,Yakan: Okitsune-sama no Iutoori,,野干～お狐さまの言うとおり～,One-shot,231,,2018,https://cdn.myanimelist.net/images/manga/2/234630l.jpg
1713,Yasashiku Furetai,Touch You Tenderly,やさしくふれたい,Manga,231,,2018,https://cdn.myanimelist.net/images/manga/1/238254l.jpg
1719,"Bikyaku Mimic, Harumi-san: Tensei Monster Isekai Nariagari Densetsu",These Legs Don't Lie! Harumi's Legacy as the Strongest Mimic,美脚ミミック、ハルミさん～転生モンスター異世界成り上がり伝説～,Light Novel,230,,2018,https://cdn.myanimelist.net/images/manga/3/248896l.jpg
1719,City Hunter Gaiden: Ijuuin Hayato-shi no Heion naranu Nichijou,Mr. Hayato Ijuin's not so peaceful life,CITY HUNTER外伝 伊集院隼人氏の平穏ならぬ日常,Manga,230,,2018,https://cdn.myanimelist.net/images/manga/1/214835l.jpg
1719,Naitou Shishiruirui Messatsu Death Road,,内藤死屍累々滅殺デスロード,Manga,230,,2018,https://cdn.myanimelist.net/images/manga/3/228155l.jpg
1719,Sneak Peek,Sneak Peek,아! 미안한데 다 보여요,Manhwa,230,,2018,https://cdn.myanimelist.net/images/manga/2/262453l.jpg
1723,Hatsujou Muchimuchi Girl,Luscious Lusty Ladies,発情むちむちガール,Manga,229,,2018,https://cdn.myanimelist.net/images/manga/1/260668l.jpg
1723,Hatsukoi Dance!,,ハツコイダンス！,Manga,229,,2018,https://cdn.myanimelist.net/images/manga/1/233305l.jpg
1723,Mitsu ni Kiba,,蜜に牙,Manga,229,,2018,https://cdn.myanimelist.net/images/manga/1/260650l.jpg
1726,Sekai de Ichiban Kirei na Hatsukoi,Awakening Kiss to Snow White,世界で一番きれいな初恋,Manga,228,,2018,https://cdn.myanimelist.net/images/manga/1/238525l.jpg
1726,Shiba wa Kyou mo Baka!,,シバは今日もばか!,Manga,228,,2018,https://cdn.myanimelist.net/images/manga/2/254333l.jpg
1726,"Sono Otoko Yakusha ni Tsuki,",My Boyfriend's a Famous Actor,その男 役者につき、,Manga,228,,2018,https://cdn.myanimelist.net/images/manga/1/253832l.jpg
1729,Aimai Diary,,曖妹だいありぃ,Manga,227,,2018,https://cdn.myanimelist.net/images/manga/1/242681l.jpg
1729,Hageshiku Daite Ii desu ka? Do Majime Danshi to Tsuyogari Around 30,Can We Do It Harder? A Too-Serious Man and a Tough 30-Year-Old,激しく抱いていいですか? ド真面目男子と強がりアラサー,Manga,227,,2018,https://cdn.myanimelist.net/images/manga/1/263673l.jpg
1729,Hashikko Ensemble,,はしっこアンサンブル,Manga,227,,2018,https://cdn.myanimelist.net/images/manga/2/223585l.jpg
1729,Kirai na Joushi wa Himitsu no Onafure,My Awful Boss Is My Secret Jerk-Off Partner,嫌いな上司は秘密のオナフレ,Manga,227,,2018,https://cdn.myanimelist.net/images/manga/1/275063l.jpg
1729,Meitantei Conan: Tenkuu no Lost Ship,Detective Conan the Movie: The Lost Ship in the Sky,名探偵コナン 天空の難破船〈ロスト・シップ〉,Manga,227,,2018,https://cdn.myanimelist.net/images/manga/2/252958l.jpg
1734,Habataki Ein Märchen,,羽ばたき Ein Märchen,Manga,226,,2018,https://cdn.myanimelist.net/images/manga/2/242617l.jpg
1734,Kyonyuu Itoko ga Iru Kyuuka,Holiday with My Busty Cousin,巨乳イトコがいる休暇,Doujinshi,226,,2018,https://cdn.myanimelist.net/images/manga/1/296810l.jpg
1734,Shigeki-kei My Hero dj - Ore no Honki wo Miseteyaru,,オレの本気を見せてやる,Doujinshi,226,,2018,https://cdn.myanimelist.net/images/manga/2/226855l.jpg
1737,Hana wa Docchi da?,Which Hana?,花はどっちだ?,Manga,225,,2018,https://cdn.myanimelist.net/images/manga/3/225896l.jpg
1737,Koi wo Shiru ni wa Mada Aoi,It's Still Too Early to be Love,恋を知るにはまだ青い,Manga,225,,2018,https://cdn.myanimelist.net/images/manga/3/279827l.jpg
1737,Tsukikagerou de Aimashou: Yuukaku Omegaverse,Let's Meet At Tsukikagerou: Red Light Omegaverse,月影楼で逢いましょう～遊郭オメガバース～,Manga,225,,2018,https://cdn.myanimelist.net/images/manga/2/254784l.jpg
1737,Z no Jikan,When the Clock Strikes Z,Zの時間,Light Novel,225,,2018,https://cdn.myanimelist.net/images/manga/2/212286l.jpg
1741,Motto Teikou shite Kure yo: Sawayaka Ouji no Yuganda Seiheki,Resist Me More: The Prince's Secret Fetish,もっと抵抗してくれよ 爽やか王子の歪んだ性癖,Manga,224,,2018,https://cdn.myanimelist.net/images/manga/3/255385l.jpg
1742,Sentimental Darling,,センチメンタル・ダーリン,Manga,223,,2018,https://cdn.myanimelist.net/images/manga/1/300006l.jpg
1742,The Ashen Snowfield,The Ashen Snowfield,잿빛설원,Manhwa,223,,2018,https://cdn.myanimelist.net/images/manga/1/263990l.jpg
1744,Kagami no Mukou,,鏡の向こう,One-shot,222,6.81,2018,https://cdn.myanimelist.net/images/manga/3/277009l.jpg
1744,Oni Gal-san! Kiki Semaru!!,,鬼ギャルさん! 鬼気迫る!!,Manga,222,,2018,https://cdn.myanimelist.net/images/manga/2/322496l.jpg
1746,Bathtub ni Notta Kyoudai: Chikyuu Suibotsuki,,バスタブに乗った兄弟～地球水没記～,Manga,221,,2018,https://cdn.myanimelist.net/images/manga/3/228561l.jpg
1746,Minami-san Sensational,,皆見さんセンセーショナル,Doujinshi,221,,2018,https://cdn.myanimelist.net/images/manga/3/250560l.jpg
1746,Ore no Megane wa Tabun Sekai Seifuku Dekiru to Omou.: Eil no Kimyou na Megane Seikatsu,"My Glasses Will Be Able to Conquer the Whole World, I Suppose. Eile's Strange Life with His Glasses",俺のメガネはたぶん世界征服できると思う。 エイルの奇妙なメガネ生活,Manga,221,,2018,https://cdn.myanimelist.net/images/manga/2/234915l.jpg
1746,"Saitei nan desu yo, Boku wa.",,最低なんですよ、ぼくは。,Manga,221,,2018,https://cdn.myanimelist.net/images/manga/3/252228l.jpg
1750,Houshin Engi Gaiden,,封神演義外伝,Manga,220,,2018,https://cdn.myanimelist.net/images/manga/2/223143l.jpg
1750,N to S,,NとS,Manga,220,,2018,https://cdn.myanimelist.net/images/manga/1/212668l.jpg
1750,Ureoji BL,,熟れおじBL,Manga,220,,2018,https://cdn.myanimelist.net/images/manga/1/293903l.jpg
1753,Haru wo Maneku Suzu,,春を招く鈴,One-shot,219,,2018,https://cdn.myanimelist.net/images/manga/1/253142l.jpg
1753,The Vampire's Flower,The Vampire's Flower,뱀파이어의 꽃,Manhwa,219,,2018,https://cdn.myanimelist.net/images/manga/1/272339l.jpg
1753,Tightrope,Tightrope,애완의 미학,Manhwa,219,,2018,https://cdn.myanimelist.net/images/manga/3/335782l.jpg
1756,Otome Tsubaki wa Warawanai,Otome Tsubaki Never Laughs,乙女椿は笑わない,Manga,218,,2018,https://cdn.myanimelist.net/images/manga/3/226864l.jpg
1757,Hajimete no Gyakusatsu,,はじめての虐殺,Manga,217,,2018,https://cdn.myanimelist.net/images/manga/1/227749l.jpg
1757,Kigi wa Haru,The Trees in Spring,木々は春,Manga,217,,2018,https://cdn.myanimelist.net/images/manga/3/240015l.jpg
1757,"Konna no, Shiranai","I've Never, Ever Learned This",こんなの、しらない,Manga,217,,2018,https://cdn.myanimelist.net/images/manga/1/271766l.jpg
1757,The Fantasie of a Stepmother,The Fantasie of a Stepmother,어떤 계모님의 메르헨,Novel,217,,2018,https://cdn.myanimelist.net/images/manga/2/301790l.jpg
1757,Yarimoku Kouen,,ヤリモク交園,Doujinshi,217,,2018,https://cdn.myanimelist.net/images/manga/3/239859l.jpg
1762,JK Kingdom♡Tokyo,,JKキングダム♡東京,Manga,215,,2018,https://cdn.myanimelist.net/images/manga/1/285114l.jpg
1762,Kyuuketsuki to Bara Shoujo,Vampire and the Rose,吸血鬼と薔薇少女,Manga,215,,2018,https://cdn.myanimelist.net/images/manga/1/242714l.jpg
1764,Reincarnation,,リーインカーネーション,Manga,214,,2018,https://cdn.myanimelist.net/images/manga/1/230732l.jpg
1764,Strike the Blood: Append,,ストライク・ザ・ブラッド APPEND,Light Novel,214,,2018,https://cdn.myanimelist.net/images/manga/3/249774l.jpg
1766,Jigoku Sensei Nube S,Hell Teacher: Jigoku Sensei Nube S,地獄先生ぬ～べ～S,Manga,213,,2018,https://cdn.myanimelist.net/images/manga/3/222111l.jpg
1766,Kotoba no Tsuujinai Kimi to,,言葉の通じない君と,Doujinshi,213,,2018,https://cdn.myanimelist.net/images/manga/2/312574l.jpg
1766,Omega wa Bed de Uso wo Tsuku,Omega disguises his origin in bed,オメガはベッドで嘘をつく,Manga,213,,2018,https://cdn.myanimelist.net/images/manga/3/228760l.jpg
1769,Hamabe no Happy Kuso Night,,浜辺のハッピークソナイト,One-shot,212,,2018,https://cdn.myanimelist.net/images/manga/3/288745l.jpg
1769,Idol Kinsei,,王子〈アイドル〉禁制,Manga,212,,2018,https://cdn.myanimelist.net/images/manga/2/253586l.jpg
1769,Kimi to wa 2-do to Kiss Dekinai,,君とは2度とキスできない,Manga,212,,2018,https://cdn.myanimelist.net/images/manga/2/236111l.jpg
1772,"2DK, G Pen, Aftertime.: Oosawa Yayoi Tanpenshuu","2DK, G-Pen, Aftertime. Oosawa Yayoi Short Stories",2DK、Gペン、アフタータイム。 大沢やよい短編集,Manga,211,,2018,https://cdn.myanimelist.net/images/manga/3/307467l.jpg
1772,Fire Rabbit!!,,FIRE RABBIT!!,Manga,211,,2018,https://cdn.myanimelist.net/images/manga/2/217647l.jpg
1772,Ikenie Navy,,イケニエネイビー,Doujinshi,211,,2018,https://cdn.myanimelist.net/images/manga/2/279498l.jpg
1772,Isekai Chanko: Yokozuna Mokuzen ni Shoukan sareta n da ga,,異世界ちゃんこ ～横綱目前に召喚されたんだが～,Manga,211,,2018,https://cdn.myanimelist.net/images/manga/1/213004l.jpg
1772,"Ure Hajime, Onnazakari.",,熟れはじめ、女ざかり。,Manga,211,,2018,https://cdn.myanimelist.net/images/manga/2/246328l.jpg
1777,Exciting Reflexology♥,,EXCITING REFLEXOLOGY♥,Doujinshi,210,,2018,https://cdn.myanimelist.net/images/manga/2/287856l.jpg
1777,Kegasare Glamorous,,穢されグラマラス,Manga,210,,2018,https://cdn.myanimelist.net/images/manga/2/247026l.jpg
1777,Nogizaka Asuka no Himitsu,,乃木坂明日夏の秘密,Light Novel,210,,2018,https://cdn.myanimelist.net/images/manga/1/219846l.jpg
1777,Succubus Company,,サキュバスカンパニー,Manga,210,,2018,https://cdn.myanimelist.net/images/manga/2/244131l.jpg
1777,Tankobu: Tanba Terumi × Kobushi Jun - girls love book,,TANKOBU tanba terumi × kobushi jun girls love book,Doujinshi,210,,2018,https://cdn.myanimelist.net/images/manga/1/329965l.jpg
1777,Yatteminakerya Wakaranai,,犯ッてみなけりゃ解らない,Manga,210,,2018,https://cdn.myanimelist.net/images/manga/3/266964l.jpg
1783,Itsuka Hataraku Oniisan!,,いつか働くお兄さん!,Manga,209,,2018,https://cdn.myanimelist.net/images/manga/3/222086l.jpg
1783,Like You've Never Been Hurt,Like You've Never Been Hurt,한 번도 상처받지 않은 것처럼,Manhwa,209,,2018,https://cdn.myanimelist.net/images/manga/2/266873l.jpg
1783,Loli to Asobo♪,,ろりとあそぼ♪,Manga,209,,2018,https://cdn.myanimelist.net/images/manga/3/274653l.jpg
1783,Omae de Dame nara Mou Dame da,,おまえでダメならもうダメだ,Manga,209,,2018,https://cdn.myanimelist.net/images/manga/1/264731l.jpg
1783,Peko to Sensei,,ぺこと先生,Manga,209,,2018,https://cdn.myanimelist.net/images/manga/1/265276l.jpg
1783,Spilt Milk,Spilt Milk,spilt milk -スプリット・ミルク-,Manga,209,,2018,https://cdn.myanimelist.net/images/manga/1/283163l.jpg
1789,Ichioku no Otoko,100 Million Man,一億の男,Manga,208,,2018,https://cdn.myanimelist.net/images/manga/3/255261l.jpg
1789,"Isekai Cheat Survival Meshi: Tabete, Tsuyoku Natte, Mata Taberu",,異世界チートサバイバル飯 食べて、強くなって、また食べる,Light Novel,208,,2018,https://cdn.myanimelist.net/images/manga/3/217485l.jpg
1789,Risou no Otoko,The Ideal Man,理想のオトコ,Manga,208,,2018,https://cdn.myanimelist.net/images/manga/1/235419l.jpg
1792,Dog Signal,,DOG SIGNAL,Manga,207,,2018,https://cdn.myanimelist.net/images/manga/2/275276l.jpg
1792,Kiss and Night,,キス・アンド・ナイト,Manga,207,,2018,https://cdn.myanimelist.net/images/manga/2/255825l.jpg
1792,Makaze ga Fuku,,魔風が吹く,Manga,207,,2018,https://cdn.myanimelist.net/images/manga/3/223158l.jpg
1792,Momiji no Kisetsu,,紅葉の棋節,Manga,207,,2018,https://cdn.myanimelist.net/images/manga/3/256316l.jpg
1792,Natsu Yuki,,夏雪,Manga,207,,2018,https://cdn.myanimelist.net/images/manga/3/252644l.jpg
1792,This Girl Is a Little Wild,,칼과 드레스,Manhwa,207,,2018,https://cdn.myanimelist.net/images/manga/1/341465l.jpg
1792,Yurayura Q,,ゆらゆらＱ,Manga,207,,2018,https://cdn.myanimelist.net/images/manga/2/257908l.jpg
1799,The Reason Why Raeliana Ended up at the Duke's Mansion Side Story,The Reason Why Raeliana Ended up at the Duke's Mansion Side Story,그녀가 공작저로 가야 했던 사정 외전,Novel,206,,2018,https://cdn.myanimelist.net/images/manga/3/300753l.jpg
1800,Anata no Kodou wo Misasete.,Let me watch your heartbeat.,あなたの鼓動を見させて。,Manga,205,,2018,https://cdn.myanimelist.net/images/manga/2/215683l.jpg
1800,Copper Red no Akuma,Copper Red Devil,カッパーレッドの悪魔,Manga,205,,2018,https://cdn.myanimelist.net/images/manga/1/253289l.jpg
1800,Ginga Tetsudou 999 Another Story: Ultimate Journey,,銀河鉄道999 ANOTHER STORY アルティメットジャーニー,Manga,205,,2018,https://cdn.myanimelist.net/images/manga/3/225722l.jpg
1800,Haru wa Mijikashi Koiseyo Danshi.,"Springtime Is Short, Fall In Love, Boys",春は短し恋せよ男子。,Manga,205,,2018,https://cdn.myanimelist.net/images/manga/3/225583l.jpg
1800,Ikenai Ko to dato Wakatteiru kedo,,逝けない娘とだとわかっているけど,Manga,205,,2018,https://cdn.myanimelist.net/images/manga/3/255107l.jpg
1800,"Kimi to Boku no Saigo no Senjou, Aruiwa Sekai ga Hajimaru Seisen: Secret File",Our Last Crusade or the Rise of a New World: Secret File,キミと僕の最後の戦場、あるいは世界が始まる聖戦 Secret File,Light Novel,205,,2018,https://cdn.myanimelist.net/images/manga/1/278839l.jpg
1800,Naji to Claudia,Naji and Claudia,ナジとクラウディア,One-shot,205,,2018,https://cdn.myanimelist.net/images/manga/1/238906l.jpg
1800,Uchi ni wa Yuurei-san ga Imasu,,うちには幽霊さんがいます,Doujinshi,205,,2018,https://cdn.myanimelist.net/images/manga/2/248940l.jpg
1808,Batsuichi JK,,バツイチJK,Manga,204,,2018,https://cdn.myanimelist.net/images/manga/2/295351l.jpg
1808,Boku ga Te ni Ireta Chounouryoku,,ボクが手に入れた超能力,Doujinshi,204,,2018,https://cdn.myanimelist.net/images/manga/1/246460l.jpg
1808,Come On-a My House,Come On-a My House,カモナマイハウス,Manga,204,,2018,https://cdn.myanimelist.net/images/manga/3/281314l.jpg
1808,"Koyoi, Kaijin to Tea Time wo","Tonight, Let's Have a Tea Time with the Phantom",今宵、怪人とティータイムを,Manga,204,,2018,https://cdn.myanimelist.net/images/manga/3/215740l.jpg
1812,"Zubuzubu ni Aisareru kara Nanigoto kato Omottara, Wana deshita.","Love Trap: I Couldn't Believe How Head Over Heels He was for Me, But It was Just a Trap.",ズブズブに愛されるから何事かと思ったら、罠でした。,Manga,203,,2018,https://cdn.myanimelist.net/images/manga/2/249340l.jpg
1813,Koguma no Cake-ya-san,Baby Bear's Bakery,こぐまのケーキ屋さん,Manga,202,,2018,https://cdn.myanimelist.net/images/manga/3/243492l.jpg
1814,Circlet Princess: First Bout,,サークレット・プリンセス -ファースト・バウト-,Manga,201,,2018,https://cdn.myanimelist.net/images/manga/2/215504l.jpg
1814,Moto Kizoku Reijou de Mikon no Haha desu ga Musume-tachi ga Kawaisugite Boukenshagyou mo Ku ni Narimasen,,元貴族令嬢で未婚の母ですが、娘たちが可愛すぎて冒険者業も苦になりません,Light Novel,201,,2018,https://cdn.myanimelist.net/images/manga/1/230955l.jpg
1814,Pink Royal,,ピンクロイヤル,Manga,201,,2018,https://cdn.myanimelist.net/images/manga/2/230200l.jpg
1814,Reijou wa Mattari wo Goshomou.,,令嬢はまったりをご所望。,Light Novel,201,,2018,https://cdn.myanimelist.net/images/manga/3/230018l.jpg
1814,The Villainess Turns the Hourglass,The Villainess Turns the Hourglass,악녀는 모래시계를 되돌린다,Novel,201,,2018,https://cdn.myanimelist.net/images/manga/1/280394l.jpg
1814,Yoake ni Yamadori,The Mountain Bird Cries at Dawn,夜明けに山鳥,Manga,201,,2018,https://cdn.myanimelist.net/images/manga/2/251674l.jpg
1820,Curtain Call ni wa Mada Hayai,Too Early for Curtain Call,カーテンコールにはまだ早い,Manga,200,,2018,https://cdn.myanimelist.net/images/manga/1/262287l.jpg
1820,Junkyouju Takatsuki Akira no Suisatsu,Associate Professor Akira Takatsuki's Conjecture,准教授・高槻彰良の推察,Novel,200,,2018,https://cdn.myanimelist.net/images/manga/2/279046l.jpg
1822,Gekijouban Pocket Monsters: Minna no Monogatari Gaiden - Episode Zeraora,Pokémon the Movie: The Power of Us - Zeraora's Story,劇場版ポケットモンスター みんなの物語外伝 エピソード・ゼラオラ,Manga,199,,2018,https://cdn.myanimelist.net/images/manga/2/234138l.jpg
1822,"Miss You, Lucifer","Miss You, Lucifer","보고 싶어, 루시퍼",Manhwa,199,,2018,https://cdn.myanimelist.net/images/manga/1/331309l.jpg
1822,Terror Kyouju no Ayashii Jugyou,Strange Lessons by Professor Terror,テロール教授の怪しい授業,Manga,199,,2018,https://cdn.myanimelist.net/images/manga/1/224455l.jpg
1825,Dangeum and Jigyo,Dangeum and Jigyo,단금지교,Manhwa,198,,2018,https://cdn.myanimelist.net/images/manga/2/274484l.jpg
1825,Niizuma Koyomi,,新妻こよみ,Light Novel,198,,2018,https://cdn.myanimelist.net/images/manga/2/241535l.jpg
1825,Panpan♥Yawaraka Ecchi Ana,,ぱんぱん♥やわらか・えっち穴,Manga,198,,2018,https://cdn.myanimelist.net/images/manga/1/292998l.jpg
1825,S Hisho-san to M Shachou-san,Sadistic Secretary and Masochistic President,S秘書さんとM社長さん,Manga,198,,2018,https://cdn.myanimelist.net/images/manga/2/285801l.jpg
1825,Succubus-chan to Jaaku na Futanari Motokano Gundan,,サキュバスちゃんと邪悪なふたなり元カノ軍団,Manga,198,,2018,https://cdn.myanimelist.net/images/manga/2/251432l.jpg
1825,eRomantic Days,eRomantic Days,えろまんちっくデイズ,Manga,198,,2018,https://cdn.myanimelist.net/images/manga/1/254713l.jpg
1831,Ero Mangaka to Ashi-kun,,エロ漫画家とアシくん,Manga,197,,2018,https://cdn.myanimelist.net/images/manga/3/328329l.jpg
1831,Gigante wo Ute,Attack the Gigante,ギガントを撃て,Manga,197,,2018,https://cdn.myanimelist.net/images/manga/2/216919l.jpg
1831,Gyakuhaa Mousou Confusion: King to Watashi,Daydream Paradise Confusion: The King and I,逆ハー妄想コンフュージョン <キングと私>,Manga,197,,2018,https://cdn.myanimelist.net/images/manga/2/246194l.jpg
1831,Jingai-san no Yome: Yoimachi no Miko,,人外さんの嫁 宵町の巫女,Manga,197,,2018,https://cdn.myanimelist.net/images/manga/2/221808l.jpg
1831,"Mainichi Kanon, Nichinichi Kanon",,毎日カノン、日日カノン,Manga,197,,2018,https://cdn.myanimelist.net/images/manga/3/232097l.jpg
1836,Ito wo Yoru,,糸を撚る,Manga,196,,2018,https://cdn.myanimelist.net/images/manga/3/318477l.jpg
1836,Koisuru Asahaka,,恋するあさはか,Manga,196,,2018,https://cdn.myanimelist.net/images/manga/2/244994l.jpg
1836,Koisuru Fukurahagi,,恋するふくらはぎ,Manga,196,,2018,https://cdn.myanimelist.net/images/manga/3/226819l.jpg
1836,Let's Go Kaiki-gumi,,レッツゴー怪奇組,Manga,196,,2018,https://cdn.myanimelist.net/images/manga/3/336112l.jpg
1836,Odayaka Kizoku no Kyuuka no Susume.,A Mild Noble's Vacation Suggestion,穏やか貴族の休暇のすすめ。,Light Novel,196,,2018,https://cdn.myanimelist.net/images/manga/3/322724l.jpg
1841,Nodomoto ni Yoake no Aji,,喉元に夜明けの味,Manga,195,,2018,https://cdn.myanimelist.net/images/manga/1/252646l.jpg
1842,Fude to Kizu,,筆と疵,One-shot,194,,2018,https://cdn.myanimelist.net/images/manga/2/219645l.jpg
1843,Ikigami to Donor,Ikigami & Donor,イキガミとドナー,Manga,193,,2018,https://cdn.myanimelist.net/images/manga/1/244574l.jpg
1843,Yamashii Koi no Hajimekata,,やましい恋のはじめかた,Manga,193,,2018,https://cdn.myanimelist.net/images/manga/1/254455l.jpg
1845,Genki ga Nai nara Shite Ageru,,げんきがないならしてあげる,Doujinshi,192,,2018,https://cdn.myanimelist.net/images/manga/1/238752l.jpg
1845,Kaitei,Ocean Adventurer Kaitei,海帝,Manga,192,,2018,https://cdn.myanimelist.net/images/manga/3/234408l.jpg
1847,Igakusei: Kanbe Sakutarou no Kaibou Karte,The karte of Medical student Sakutaro Kanbe.,医學生 神戸朔太郎の解剖カルテ,Manga,191,,2018,https://cdn.myanimelist.net/images/manga/3/221835l.jpg
1847,Kaguya-san wa Hansei Shinasai,,カグヤさんは反省しなさい,Manga,191,,2018,https://cdn.myanimelist.net/images/manga/3/246299l.jpg
1847,Made in Hikkomuse,,メイド・イン・ひっこみゅ〜ず,Manga,191,,2018,https://cdn.myanimelist.net/images/manga/1/269123l.jpg
1847,Saikyou Hikikomori Onzoushi no Torokeru Konkatsu Harem,,最強引き篭り御曹司のとろける婚活ハーレム,Manga,191,,2018,https://cdn.myanimelist.net/images/manga/1/285665l.jpg
1847,Shanai Marriage Honey,In-house Marriage Honey,社内マリッジハニー,Manga,191,,2018,https://cdn.myanimelist.net/images/manga/1/246005l.jpg
1847,Tsukiaikirenai Mainichi,,付き合いきれない毎日,Doujinshi,191,,2018,https://cdn.myanimelist.net/images/manga/2/323161l.jpg
1853,Make Me Sweat,Make Me Sweat,비누 줍지 마세요,Manhwa,190,,2018,https://cdn.myanimelist.net/images/manga/3/331687l.jpg
1853,Yarashii Okusan,,やらしい奥さん,Manga,190,,2018,https://cdn.myanimelist.net/images/manga/2/246538l.jpg
1855,Goth Loli Ping Pong,Gothic & Lolita Ping-Pong,ゴスロリ卓球〈ピンポン〉,Light Novel,189,,2018,https://cdn.myanimelist.net/images/manga/3/221974l.jpg
1855,Yuuryou Shoujo Family Yan,,優良少女ファミリヤン,Manga,189,,2018,https://cdn.myanimelist.net/images/manga/3/222961l.jpg
1857,Apricot no Shinzou,,アプリコットの心臓,Manga,188,,2018,https://cdn.myanimelist.net/images/manga/3/323288l.jpg
1857,Jumping Over,Jumping Over,점핑오버,Manhwa,188,,2018,https://cdn.myanimelist.net/images/manga/1/264679l.jpg
1857,Saijaku Gal wa Ikizurai!,The Weakest Pussy Is Hard to Go.,最弱ギャルはイきづらい！,Manga,188,,2018,https://cdn.myanimelist.net/images/manga/2/246555l.jpg
1857,Tensei-saki ga Shoujo Manga no Shirobuta Reijou datta,,転生先が少女漫画の白豚令嬢だった,Light Novel,188,,2018,https://cdn.myanimelist.net/images/manga/1/221158l.jpg
1861,Kouhai-kun wa Amayakashitai,,後輩くんは甘やかしたい,Manga,187,,2018,https://cdn.myanimelist.net/images/manga/1/235539l.jpg
1861,Osananajimi,,幼馴染,Doujinshi,187,,2018,https://cdn.myanimelist.net/images/manga/3/279175l.jpg
1861,"Sensei to shika, Netakunai.",I Only Want to Sleep With My Doctor.,先生としか、寝たくない。,Manga,187,,2018,https://cdn.myanimelist.net/images/manga/1/253473l.jpg
1861,Shitsuji Kuroboshi wa Kashizukanai,,執事・黒星は傅かない,Manga,187,,2018,https://cdn.myanimelist.net/images/manga/3/258275l.jpg
1865,Kasei Zombie,Zombie of Mars,火星ゾンビ,Manga,186,,2018,https://cdn.myanimelist.net/images/manga/3/211708l.jpg
1865,Kyuuketsuki wa Shinzou no Yume wo Miru,The Vampire Dreams of a Heart,吸血鬼は心臓の夢をみる,Manga,186,,2018,https://cdn.myanimelist.net/images/manga/3/306955l.jpg
1865,Stripper no Midara na Itazura,The Stripper's Raunchy Antics,ストリッパーの淫らな悪戯,Manga,186,,2018,https://cdn.myanimelist.net/images/manga/1/255314l.jpg
1868,Kyonyuu Princess Saimin,,巨乳プリンセス催眠,Light Novel,185,,2018,https://cdn.myanimelist.net/images/manga/1/247403l.jpg
1868,Oniichan to Issho!,Tales of Oniichan!,おにいちゃんといっしょ!,Doujinshi,185,,2018,https://cdn.myanimelist.net/images/manga/1/294282l.jpg
1870,Tonari no Heya kara Aegigoe ga Suru n desu kedo...,,隣の部屋から喘ぎ声がするんですけど...,Doujinshi,184,,2018,https://cdn.myanimelist.net/images/manga/1/243490l.jpg
1871,Ane Sora Moyou,,あねそらもよう,Doujinshi,183,,2018,https://cdn.myanimelist.net/images/manga/3/293126l.jpg
1871,"Boss Renoma: ""Shuujin Riku"" Gaiden",,ボスレノマ～「囚人リク」外伝～,Manga,183,,2018,https://cdn.myanimelist.net/images/manga/3/226468l.jpg
1871,Neko to Geboku,,ねことげぼく,Manga,183,,2018,https://cdn.myanimelist.net/images/manga/3/278765l.jpg
1871,Rix Vanus,Rix Vanus,릭스베이누스,Manhwa,183,,2018,https://cdn.myanimelist.net/images/manga/3/335608l.jpg
1875,Tonari no Akujo,,隣の悪女,Manga,182,,2018,https://cdn.myanimelist.net/images/manga/3/222669l.jpg
1876,Break It,Break It,break it,Manga,181,,2018,https://cdn.myanimelist.net/images/manga/3/247856l.jpg
1876,High Spec da yo! Iona-chan,,ハイスペックだよ! イオナちゃん,Manga,181,,2018,https://cdn.myanimelist.net/images/manga/2/226162l.jpg
1876,Megami ni nante Narenai.,,女神になんてなれない.,Doujinshi,181,,2018,https://cdn.myanimelist.net/images/manga/2/255588l.jpg
1876,Meshibe to Meshibe,Pistil and Pistil,めしべとめしべ,Manga,181,,2018,https://cdn.myanimelist.net/images/manga/2/251291l.jpg
1876,Muchimuchi Haishin Musume wo Mechakucha Offpako shitai Hon,I Wanna Meet and Fuck This THICC Camgirl So Bad!,むちむち配信娘をめちゃくちゃオフパコしたい本,Doujinshi,181,,2018,https://cdn.myanimelist.net/images/manga/1/296807l.jpg
1876,Neko ni Sasageru Curtain Call,,猫に捧げるカーテンコール,Manga,181,,2018,https://cdn.myanimelist.net/images/manga/3/254166l.jpg
1876,"Nichiyoubi, Gogo 1-ji",Sunday. 1:00pm,日曜日、午後１時,Doujinshi,181,,2018,https://cdn.myanimelist.net/images/manga/1/256408l.jpg
1876,Reset,,リセット,Manga,181,,2018,https://cdn.myanimelist.net/images/manga/3/262440l.jpg
1876,Yukiake no Wonder,,雪明けのワンダー,One-shot,181,,2018,https://cdn.myanimelist.net/images/manga/3/230576l.jpg
1885,Adabana no Garuden,,徒花のガルデン,Manga,180,,2018,https://cdn.myanimelist.net/images/manga/3/322780l.jpg
1885,Mugiwara Boushi to Koi,,麦わら帽子とこい,One-shot,180,,2018,https://cdn.myanimelist.net/images/manga/2/235504l.jpg
1885,Suginami Kuritsu Mahou Jogakuen Heiwa Iji-bu,Peace Keeping Club of Suginami Municipal School For Witches,杉並区立魔法女学園平和維持部,Manga,180,,2018,https://cdn.myanimelist.net/images/manga/2/216115l.jpg
1885,Super Darling-sama to Super Darling-kun,,スパダリさまとスパダリくん,Manga,180,,2018,https://cdn.myanimelist.net/images/manga/1/254331l.jpg
1889,Bitch na Neko wa Retsujou no Tsume wo Togu,The Loose Cat Sharpens Claws of Lust,ビッチな猫は劣情の爪を研ぐ,Manga,179,,2018,https://cdn.myanimelist.net/images/manga/2/255266l.jpg
1889,Love & Hate,,LOVE&HATE,Manga,179,,2018,https://cdn.myanimelist.net/images/manga/3/254347l.jpg
1889,Muchimuchi Boin,,むちむちぼいん,Manga,179,,2018,https://cdn.myanimelist.net/images/manga/1/245042l.jpg
1889,Night Trap,Night Trap,NIGHT TRAP,Manga,179,,2018,https://cdn.myanimelist.net/images/manga/3/282169l.jpg
1893,Ai ni nante Oborenai,Black or White,愛になんて溺れない,Manga,178,,2018,https://cdn.myanimelist.net/images/manga/2/232357l.jpg
1893,Break the Border: Rebirth of Echoes,,BREAK THE BORDER rebirth of ECHOES,Manga,178,,2018,https://cdn.myanimelist.net/images/manga/1/248011l.jpg
1893,Mijika na Ana to Sao: Shasei shitara Ii Ko Ii Ko,,身近な姉穴と弟棒 〜射精したらいい子いい子〜,Manga,178,,2018,https://cdn.myanimelist.net/images/manga/2/272882l.jpg
1896,Goshidou no Hodo!,With Your Guidance,ご指導のほど!,Manga,177,,2018,https://cdn.myanimelist.net/images/manga/1/254472l.jpg
1896,Hanamatsu Ibara: Meguru Haru,,花待ついばら めぐる春,Manga,177,,2018,https://cdn.myanimelist.net/images/manga/1/222905l.jpg
1896,Kowaremono:Risa: Iede Musume to Tadareta Natsu,,コワレモノ:璃沙 ~家出娘と爛れた夏~,Light Novel,177,,2018,https://cdn.myanimelist.net/images/manga/3/219226l.jpg
1896,Ore no Kanojo wa Hamedori JK: Koukai Bokki wo Soete,,俺の彼女はハメ撮りJK ～後悔勃起を添えて～,One-shot,177,,2018,https://cdn.myanimelist.net/images/manga/3/247627l.jpg
1896,Rokushou!,Lockshow,ロクショウ!,Manga,177,,2018,https://cdn.myanimelist.net/images/manga/3/218653l.jpg
1896,Saye,Run Wild: Sa Ye,撒野,Novel,177,,2018,https://cdn.myanimelist.net/images/manga/3/318814l.jpg
1896,"Shinkurou, Hashiru!",,新九郎、奔る！,Manga,177,,2018,https://cdn.myanimelist.net/images/manga/1/210830l.jpg
1896,"Yutori Shain ga Kachou no Karada, Nerattemasu!",Yutori Has His Eye on His Boss' Body,ゆとり社員が課長のカラダ、狙ってます!,Manga,177,,2018,https://cdn.myanimelist.net/images/manga/1/262745l.jpg
1904,Colorful Days!,,カラフルデイズ！,Manga,176,,2018,https://cdn.myanimelist.net/images/manga/3/247413l.jpg
1904,Forward!,,Forward!－フォワード!－,Manga,176,,2018,https://cdn.myanimelist.net/images/manga/2/288273l.jpg
1906,Buta-san Daisuki Nunone-chan,,ブタさん大好きぬのねちゃん,One-shot,175,,2018,https://cdn.myanimelist.net/images/manga/1/299997l.jpg
1906,Da Aphorism,,堕アホリズム,Manga,175,,2018,https://cdn.myanimelist.net/images/manga/3/226825l.jpg
1906,Kiss the Bride,Kiss the Bride,Kiss the bride,Manhwa,175,,2018,https://cdn.myanimelist.net/images/manga/2/331659l.jpg
1906,"Omae no Subete wo Dakitsukusu: Kousai 0-nichi, Ikinari Kekkon!?","I'll Embrace All of You: Zero Days Dating, Then Suddenly Marriage?!",お前のすべてを抱き尽くす～交際0日、いきなり結婚!?～,Manga,175,,2018,https://cdn.myanimelist.net/images/manga/2/290338l.jpg
1910,Double Decker! Doug & Kirill,,DOUBLE DECKER! ダグ＆キリル,Manga,174,,2018,https://cdn.myanimelist.net/images/manga/1/224468l.jpg
1910,Kaida-san no Kaidan,,開田さんの怪談,Manga,174,,2018,https://cdn.myanimelist.net/images/manga/3/233406l.jpg
1912,My Girlfriend Is the Man!,My Girlfriend Is the Man!,내 여자친구는 상남자,Manhwa,173,,2018,https://cdn.myanimelist.net/images/manga/1/318808l.jpg
1913,Alice to Amaryllis,Alice & Amaryllis,アリスとアマリリス,Manga,172,,2018,https://cdn.myanimelist.net/images/manga/1/243861l.jpg
1913,Dangerous 1969,,ダンゲロス1969,Manga,172,,2018,https://cdn.myanimelist.net/images/manga/3/213445l.jpg
1913,Jun,,준이오빠,Manhwa,172,,2018,https://cdn.myanimelist.net/images/manga/2/265210l.jpg
1913,Poe no Ichizoku: Unicorn,,ポーの一族 ユニコーン,Manga,172,,2018,https://cdn.myanimelist.net/images/manga/2/226212l.jpg
1917,Bishamonten-sama no Itoshigo,,毘沙門天様の愛し子,Manga,171,,2018,https://cdn.myanimelist.net/images/manga/2/288223l.jpg
1917,Homeless Tensei: Isekai de Jiyuu Sugiru Jikyuu Jisoku Seikatsu,,ホームレス転生 ～異世界で自由すぎる自給自足生活～,Light Novel,171,,2018,https://cdn.myanimelist.net/images/manga/3/224889l.jpg
1917,"Saikyou no Kurokishi, Sentou Maid ni Tenshoku shimashita",,最強の黒騎士、戦闘メイドに転職しました,Light Novel,171,,2018,https://cdn.myanimelist.net/images/manga/1/208074l.jpg
1917,Shinmai Nitta-ism,,シンマイ新田イズム,Manga,171,,2018,https://cdn.myanimelist.net/images/manga/1/211647l.jpg
1917,Stalker Joukadan,Stalker Jokers,ストーカー浄化団,Manga,171,,2018,https://cdn.myanimelist.net/images/manga/2/235921l.jpg
1917,Taishokutodoke wa Pocket no Naka,,退職届はポケットの中,Doujinshi,171,,2018,https://cdn.myanimelist.net/images/manga/3/323537l.jpg
1923,Akuma Shoujo wa Exorcist to Keiyaku Haki shitai,A Devil Girl Wants to Destroy a Contract with an Exorcist,悪魔少女はエクソシストと契約破棄したい,Manga,170,,2018,https://cdn.myanimelist.net/images/manga/3/260376l.jpg
1923,Captain Tsubasa: Kids Dream,,キャプテン翼 KIDS DREAM,Manga,170,,2018,https://cdn.myanimelist.net/images/manga/3/258444l.jpg
1923,Isekai ni Kita Boku wa Kiyoubinbou de Subayasa Dayori na Tabi wo Suru,,異世界に来た僕は器用貧乏で素早さ頼りな旅をする,Light Novel,170,,2018,https://cdn.myanimelist.net/images/manga/3/241508l.jpg
1923,"Koiseyo Maou, Aiseyo Yuusha",,恋せよ魔王、愛せよ勇者,Manga,170,,2018,https://cdn.myanimelist.net/images/manga/1/283086l.jpg
1923,Shounin Yuusha wa Isekai wo Gyuujiru!: Saibai Skill de Nandemo Fuyashichaimasu,,商人勇者は異世界を牛耳る! ~栽培スキルでなんでも増やしちゃいます~,Light Novel,170,,2018,https://cdn.myanimelist.net/images/manga/3/218842l.jpg
1923,Yuri Kagi: Senpai no Himitsu wo Nozoitemita,,百合鍵 ～先輩の秘密をのぞいてみた～,Manga,170,,2018,https://cdn.myanimelist.net/images/manga/1/301389l.jpg
1923,Yuzurenai,,ゆずれない,One-shot,170,,2018,https://cdn.myanimelist.net/images/manga/3/261307l.jpg
1930,Assassin Rose,,暗殺者ROSE-アサシンロゼ-,Manga,169,,2018,https://cdn.myanimelist.net/images/manga/1/224140l.jpg
1930,Kamisamamamori,,神様まもり,Manga,169,,2018,https://cdn.myanimelist.net/images/manga/1/210957l.jpg
1930,Uresugi!! Tsuyasugi!? Buchou-chan,,熟れすぎ!! 艶すぎ!? 部長ちゃん,Manga,169,,2018,https://cdn.myanimelist.net/images/manga/2/211226l.jpg
1933,Around 40 Otoko no Isekai Tsuuhan Seikatsu,,アラフォー男の異世界通販生活,Light Novel,168,,2018,https://cdn.myanimelist.net/images/manga/2/309302l.jpg
1933,Assistant Assassin,,アシスタントアサシン,Manga,168,,2018,https://cdn.myanimelist.net/images/manga/1/220463l.jpg
1933,Nenmaku,Wet Skin,粘膜,Manga,168,,2018,https://cdn.myanimelist.net/images/manga/3/248021l.jpg
1933,Oishii Verandah.,,おいしいベランダ。,Manga,168,,2018,https://cdn.myanimelist.net/images/manga/3/222349l.jpg
1933,Shiro to Tsubaki,Shiro and Tsubaki,シロと椿,Manga,168,,2018,https://cdn.myanimelist.net/images/manga/1/276654l.jpg
1933,Succubus-sama ni Hallelujah!,Hallelujah and The Succubus!,淫魔〈サキュバス〉様にハレルヤ！,Manga,168,,2018,https://cdn.myanimelist.net/images/manga/3/291069l.jpg
1933,Yuribute,Yuribute: Comic Yuri-Hime Short Story Tribute Anthology,ユリビュート,Manga,168,,2018,https://cdn.myanimelist.net/images/manga/3/308908l.jpg
1940,Jigoku Kurayami Hana mo Naki,Hell Is Dark with No Flowers,地獄くらやみ花もなき,Novel,167,,2018,https://cdn.myanimelist.net/images/manga/2/297709l.jpg
1940,Mist Gears Blast,,MIST GEARS BLAST,Manga,167,,2018,https://cdn.myanimelist.net/images/manga/1/222143l.jpg
1940,Urasaki-san wa Omoteno-kun ni Tsutaetai.,,裏崎さんは表野くんに伝えたい。,Manga,167,,2018,https://cdn.myanimelist.net/images/manga/2/248646l.jpg
1943,"Daisan Ouji wa Hakkoubutsu ni Tsuki, Chokushi Chuui!",,第三王子は発光ブツにつき、直視注意！,Manga,166,,2018,https://cdn.myanimelist.net/images/manga/3/234852l.jpg
1943,Dragon Zakura 2,Dragon Zakura 2,ドラゴン桜2,Manga,166,,2018,https://cdn.myanimelist.net/images/manga/1/208226l.jpg
1943,Satsujin Muzai,Murder Innocence,殺人無罪,Manga,166,,2018,https://cdn.myanimelist.net/images/manga/1/215942l.jpg
1946,Imouto wa Succubus,,いもうとはサキュバス,Doujinshi,165,,2018,https://cdn.myanimelist.net/images/manga/3/247120l.jpg
1946,Koutei-tsuki Nyokan wa Hanayome toshite Nozomarechuu,The Emperor's Lady-in-Waiting Is Wanted as a Bride,皇帝つき女官は花嫁として望まれ中,Light Novel,165,,2018,https://cdn.myanimelist.net/images/manga/1/243476l.jpg
1946,Pocket Monsters Let's Go! Pikachu Let's Go! Eievui: Bouken Kaishi Comic,,ポケットモンスター Let's Go! ピカチュウ・Let's Go! イーブイ 冒険開始コミック,One-shot,165,,2018,https://cdn.myanimelist.net/images/manga/2/225676l.jpg
1946,Shikijou,,色情,Manga,165,,2018,https://cdn.myanimelist.net/images/manga/3/255549l.jpg
1950,Doukyuusei!!: Zutto Kimi ga Suki datta,,同・級・生!! ～ずっとキミがスキだった～,Manga,164,,2018,https://cdn.myanimelist.net/images/manga/3/223258l.jpg
1950,Himitsu no Amayadori,Secret Love Shelter,ひみつの甘やどり,Manga,164,,2018,https://cdn.myanimelist.net/images/manga/3/247347l.jpg
1950,Ojousama wa Oshioki ga Suki,,お嬢様はお仕置きが好き,Manga,164,,2018,https://cdn.myanimelist.net/images/manga/3/271793l.jpg
1950,Yaochi no Ran,,ヤオチノ乱,Manga,164,,2018,https://cdn.myanimelist.net/images/manga/2/234679l.jpg
1954,Bokura no Koi to Seishun no Subete: Doukyuusei no Bokura,All in love and youth,僕らの恋と青春のすべて 同級生の僕ら,Manga,163,,2018,https://cdn.myanimelist.net/images/manga/1/225999l.jpg
1954,Kanzen Kaihi Healer no Kiseki,,完全回避ヒーラーの軌跡,Light Novel,163,,2018,https://cdn.myanimelist.net/images/manga/3/249080l.jpg
1954,Virtual YouTuber Kizuna AI: Koushiki Comic Anthology - Tomodachi wo Tsukurou-hen,,バーチャルYouTuber キズナアイ 公式コミックアンソロジー ～トモダチをつくろう編～,Manga,163,,2018,https://cdn.myanimelist.net/images/manga/1/250142l.jpg
1957,101 no Kuroneko,,101の黒猫,Manga,162,,2018,https://cdn.myanimelist.net/images/manga/3/233331l.jpg
1957,Hiyake Shoujo no Shiroi Toko♥: Kasshoku Musume no Pink na Asoko♥,,日焼け少女の白いトコ♥褐色娘のピンクなアソコ♥,Manga,162,,2018,https://cdn.myanimelist.net/images/manga/3/245861l.jpg
1957,Inishie no Horobimon,Inishie no Horobimon: Ancient Ruined Crests,いにしえの滅び紋,One-shot,162,,2018,https://cdn.myanimelist.net/images/manga/3/223861l.jpg
1957,Motoyan Nouka no H ga Yabai!,Former Delinquent Farmer's Sex Appeal Is Dangerous! At Least Let Me Feel You Up,元ヤン農家のHがヤバい!,Manga,162,,2018,https://cdn.myanimelist.net/images/manga/1/279851l.jpg
1957,Romantic,,ロマンティック,Manga,162,,2018,https://cdn.myanimelist.net/images/manga/1/246523l.jpg
1957,Suterare Ω wa Nido Naku,The Abandoned Omega Cry Twice.,捨てられΩは二度啼く,Manga,162,,2018,https://cdn.myanimelist.net/images/manga/3/262770l.jpg
1963,Rec Me,Rec Me,Rec me,Manga,161,,2018,https://cdn.myanimelist.net/images/manga/3/247826l.jpg
1963,The Snail in My House,,우리 집 우렁이는,Manhwa,161,,2018,https://cdn.myanimelist.net/images/manga/1/228133l.jpg
1965,Ateuma Kanojo,Ateuma Girl,当て馬カノジョ,Manga,160,,2018,https://cdn.myanimelist.net/images/manga/3/247487l.jpg
1965,Barezu ni Dekitara Gohoubi Yaru yo,Secretly Cumming During Class,バレずにデキたらご褒美やるよ,Manga,160,,2018,https://cdn.myanimelist.net/images/manga/3/286678l.jpg
1965,Try Knights,,トライナイツ,Manga,160,,2018,https://cdn.myanimelist.net/images/manga/1/228145l.jpg
1965,Yakusoku no Neverland: Omoide no Film-tachi,,約束のネバーランド ～想い出のフィルムたち～,Light Novel,160,,2018,https://cdn.myanimelist.net/images/manga/1/306386l.jpg
1969,Aoharu Snatch,Snatch a Youth Time,アオハルスナッチ,Manga,159,,2018,https://cdn.myanimelist.net/images/manga/1/285058l.jpg
1969,Love Request No.0510,Love Request No.0510,ラブリクエストNo.0510,Manga,159,,2018,https://cdn.myanimelist.net/images/manga/2/238203l.jpg
1969,Naomi Kaede wa Majime de Sukebe,Naomi Kaede: The Straight-A Slut,直実楓は真面目でスケベ,Doujinshi,159,,2018,https://cdn.myanimelist.net/images/manga/2/326022l.jpg
1969,Nurse na Kare wa Ore ni dake Kibishime,He's a Nurse and He's Especially Hard on Me,ナースな彼は俺にだけ厳しめ,Manga,159,,2018,https://cdn.myanimelist.net/images/manga/3/262747l.jpg
1969,Onnanoko no Gakkou Sex,Everyday H Life of Schoolgirls,おんなのこのがっこうせっくす,Manga,159,,2018,https://cdn.myanimelist.net/images/manga/2/244605l.jpg
1969,Perfect Pink,Perfect Pink,パーフェクト・ピンク,Manga,159,,2018,https://cdn.myanimelist.net/images/manga/1/237276l.jpg
1969,Saretagawa no Blue,The Betrayed Husband's Blue,サレタガワのブルー,Manga,159,,2018,https://cdn.myanimelist.net/images/manga/3/272524l.jpg
1976,Anata dake no Kajitsu,,あなただけの果実,Manga,158,,2018,https://cdn.myanimelist.net/images/manga/1/325693l.jpg
1976,JK Manual,,JKマニュアル,Manga,158,,2018,https://cdn.myanimelist.net/images/manga/3/244838l.jpg
1976,Maid no Oshigoto.,,メイドのおしごと。,Doujinshi,158,,2018,https://cdn.myanimelist.net/images/manga/2/243132l.jpg
1979,Gokuama Nyurutoro Tengoku,,極甘にゅるトロ天国,Manga,157,,2018,https://cdn.myanimelist.net/images/manga/2/300725l.jpg
1979,Hana to Hoho,,花と頬,Manga,157,,2018,https://cdn.myanimelist.net/images/manga/3/254424l.jpg
1979,Katou Kyouju no Iutoori,,加藤教授の言うとおり,One-shot,157,,2018,https://cdn.myanimelist.net/images/manga/1/227017l.jpg
1979,Love on My Terms,Love on My Terms,이율배반,Manhwa,157,,2018,https://cdn.myanimelist.net/images/manga/2/331752l.jpg
1979,Neko to Watashi to Deutschland,,ねこと私とドイッチュラント,Manga,157,,2018,https://cdn.myanimelist.net/images/manga/1/211839l.jpg
1979,Oni no Manimani,,鬼のまにまに,Manga,157,,2018,https://cdn.myanimelist.net/images/manga/3/217102l.jpg
1979,"Sensei, Zenbu Dasasete Kudasai",How to Lend Your Student a Helping Hand,先生、全部ださせてください,Manga,157,,2018,https://cdn.myanimelist.net/images/manga/1/247944l.jpg
1979,Uma Himesama to Shika Ouji,,馬姫様と鹿王子,Manga,157,,2018,https://cdn.myanimelist.net/images/manga/2/298669l.jpg
1987,Automaton,,AUTOMATON,Manga,155,,2018,https://cdn.myanimelist.net/images/manga/3/236064l.jpg
1987,Kaitou Saint Tail Girls!,,怪盗セイント・テール girls!,Manga,155,,2018,https://cdn.myanimelist.net/images/manga/1/234099l.jpg
1987,Sekai Seifuku!! Shrimp Kingdom,World Conquest of Shrimp Kingdom,世界征服!! シュリンプキングダム,Manga,155,,2018,https://cdn.myanimelist.net/images/manga/2/223834l.jpg
1987,Yuri Drill,,百合ドリル,Manga,155,,2018,https://cdn.myanimelist.net/images/manga/2/320993l.jpg
1991,5 no 2 no Koibana.,,5の2のこいばな。,Manga,154,,2018,https://cdn.myanimelist.net/images/manga/2/246096l.jpg
1991,Between Coolness and Passion,,냉정과 열정 사이,Manhwa,154,,2018,https://cdn.myanimelist.net/images/manga/2/338600l.jpg
1991,Dolls: Jun Nikutai Kankei,,DOLLS～純肉体関係～,Manga,154,,2018,https://cdn.myanimelist.net/images/manga/2/317299l.jpg
1991,Fenrir Kaasan to Attaka Gohan: Isekai Mofumofu Seikatsu,Heart-warming Meals with Mother Fenrir,フェンリル母さんとあったかご飯～異世界もふもふ生活～,Light Novel,154,,2018,https://cdn.myanimelist.net/images/manga/1/241724l.jpg
1991,Hadaka no Gakkou,Her Daily Naked Life.,裸の学校,Manga,154,,2018,https://cdn.myanimelist.net/images/manga/2/256021l.jpg
1991,Ichido wa Kanojo ni Nattemitai!,I Want a Boyfriend at Least Once!,一度は彼女になってみたい!,Manga,154,,2018,https://cdn.myanimelist.net/images/manga/1/221768l.jpg
1991,Kemono to Ω,,獣とΩ,Manga,154,,2018,https://cdn.myanimelist.net/images/manga/3/260403l.jpg
1991,Monkey Circle,,モンキーサークル,Manga,154,,2018,https://cdn.myanimelist.net/images/manga/1/253206l.jpg
1991,Red Velvet,,レッド・ベルベット,Manga,154,,2018,https://cdn.myanimelist.net/images/manga/1/265410l.jpg
1991,The Seagull and the Hunter,The Seagull and the Hunter,갈매기와 밀렵꾼,Manhwa,154,,2018,https://cdn.myanimelist.net/images/manga/3/276146l.jpg
1991,Tokushu Seiheki Kyoushitsu e Youkoso,Welcome to the Special Idiosyncrasy Classroom,特殊性癖教室へようこそ,Light Novel,154,,2018,https://cdn.myanimelist.net/images/manga/1/219821l.jpg
2002,15-nengo no Onna,,15年後の女,One-shot,153,,2018,https://cdn.myanimelist.net/images/manga/1/282962l.jpg
2002,Douyara Osananajimi ga Boku no Okaasan wo Neratteiru Rashii,,どうやら幼馴染が僕のお母さんを狙っているらしい,Doujinshi,153,,2018,https://cdn.myanimelist.net/images/manga/2/316701l.jpg
2002,Kanchigai Love Factory,Misconception Love Factory,カン違いラブファクトリー,One-shot,153,,2018,https://cdn.myanimelist.net/images/manga/2/271662l.jpg
2002,Mochizuki Ketsueki Kenkyuujo no Musume,,望月血液研究所の娘,Manga,153,,2018,https://cdn.myanimelist.net/images/manga/1/254446l.jpg
2002,Vouivre Yousaiten: Kinuyo to Harriet,Dress of Illusional Monster,ヴィーヴル洋裁店～キヌヨとハリエット～,Manga,153,,2018,https://cdn.myanimelist.net/images/manga/3/261946l.jpg
2007,Konyuu,,混融,Doujinshi,152,,2018,https://cdn.myanimelist.net/images/manga/2/305607l.jpg
2007,"Monster ga Afureru Sekai ni Natta node, Suki ni Ikitai to Omoimasu","The World Is Full of Monsters Now, Therefore I Want to Live as I Wish.",モンスターがあふれる世界になったので、好きに生きたいと思います,Light Novel,152,,2018,https://cdn.myanimelist.net/images/manga/2/238146l.jpg
2007,Nanatsu no Taizai: Tenkuu no Torawarebito,,七つの大罪 天空の囚われ人,Manga,152,,2018,https://cdn.myanimelist.net/images/manga/3/309554l.jpg
2010,"Katawarezuki, Renren toshite",,片破れ月、恋々として,Manga,151,,2018,https://cdn.myanimelist.net/images/manga/3/246671l.jpg
2010,Onna Kyoushi Dorei Gakuen,Female Teacher Slave School,女教師奴隷学園,Manga,151,,2018,https://cdn.myanimelist.net/images/manga/3/254021l.jpg
2010,Umayon,,うまよん,Manga,151,,2018,https://cdn.myanimelist.net/images/manga/2/258231l.jpg
2010,Wakazuma Netorare Seikouroku,,若妻ネトラレ性交録,Manga,151,,2018,https://cdn.myanimelist.net/images/manga/1/256026l.jpg
2014,Fukyagakusei no Himawari,,不可逆性の向日葵,Manga,150,,2018,https://cdn.myanimelist.net/images/manga/3/274356l.jpg
2014,Makeup wa Tada no Mahou ja Nai no Beginners,Makeup Is Not (Just) Magic: A Manga Guide to Cosmetics and Skin Care,メイクはただの魔法じゃないの ビギナーズ,Manga,150,,2018,https://cdn.myanimelist.net/images/manga/2/280466l.jpg
2014,Watashi no Waltz,,私のワルツ,One-shot,150,,2018,https://cdn.myanimelist.net/images/manga/1/317063l.jpg
2017,"Ashita, Cinema Kasumiza de",,明日、シネマかすみ座で,Manga,149,,2018,https://cdn.myanimelist.net/images/manga/1/226214l.jpg
2017,Chi no Soko no Mahoutsukai,,地の底の魔法使い,Manga,149,,2018,https://cdn.myanimelist.net/images/manga/2/227709l.jpg
2017,Chikubeam! Bibibibibi!!,,ちくびーむ!びびびびび!!,Doujinshi,149,,2018,https://cdn.myanimelist.net/images/manga/3/294387l.jpg
2017,Koi bakkari no Sekai de Watashi wa Kimi to,"I am in a world of love, I am with you",恋ばっかりの世界でわたしはキミと,Manga,149,,2018,https://cdn.myanimelist.net/images/manga/2/225697l.jpg
2017,Sagi Kekkon♡Renaichuu,,詐欺結婚♡恋愛中,Manga,149,,2018,https://cdn.myanimelist.net/images/manga/1/294798l.jpg
2017,Soredemo Kimi ga Suki,,それでも君が好き,One-shot,149,,2018,https://cdn.myanimelist.net/images/manga/3/246536l.jpg
2023,Code Vein: Memory Echoes,,CODE VEIN -Memory echoes-,Manga,148,,2018,https://cdn.myanimelist.net/images/manga/1/277944l.jpg
2023,Heiye Yousuo Si,Fall in the Night with You,黑夜有所斯,Manhua,148,,2018,https://cdn.myanimelist.net/images/manga/1/280955l.jpg
2023,Holy†Baits,,Holy†Baits,One-shot,148,,2018,https://cdn.myanimelist.net/images/manga/3/246683l.jpg
2023,Love Live! Sunshine!! Comic Anthology: Nakane Nata 4-koma Gekijou,,ラブライブ！サンシャイン!!コミックアンソロジー ～中音ナタ４コマ劇場～,Manga,148,,2018,https://cdn.myanimelist.net/images/manga/1/235602l.jpg
2023,Makuai!,,まくあい!,Manga,148,,2018,https://cdn.myanimelist.net/images/manga/3/246780l.jpg
2023,Manatsu no Housenka,,真夏の鳳仙花,Doujinshi,148,,2018,https://cdn.myanimelist.net/images/manga/3/251538l.jpg
2023,Tennouji-san wa Board Game ga Shitai,,天王寺さんはボドゲがしたい,Manga,148,,2018,https://cdn.myanimelist.net/images/manga/2/217487l.jpg
2030,Anata to Issho ni Ikitai,I'm Gonna Come With You,あなたといっしょにイきたい,Manga,147,,2018,https://cdn.myanimelist.net/images/manga/2/249461l.jpg
2030,Azur Lane: Comic à la Carte,,アズールレーン コミックアラカルト,Manga,147,,2018,https://cdn.myanimelist.net/images/manga/2/292956l.jpg
2030,Babel no Sekkeishi,Babel's Architects,バベルの設計士,Manga,147,,2018,https://cdn.myanimelist.net/images/manga/2/234819l.jpg
2030,Hagure Seireii no Shinsatsu Kiroku: Seijo Kishidan to Iyashi no Kamiwaza,,はぐれ精霊医の診察記録 ～聖女騎士団と癒やしの神業～,Light Novel,147,,2018,https://cdn.myanimelist.net/images/manga/1/227893l.jpg
2030,Latna Saga: Survival of a Sword King,,이계 검왕 생존기,Novel,147,,2018,https://cdn.myanimelist.net/images/manga/1/320891l.jpg
2035,Kuneru Marta Novo,,くーねるまるた ぬーぼ,Manga,146,,2018,https://cdn.myanimelist.net/images/manga/2/328831l.jpg
2035,Samayou Bitch wa Koi wo Shiru,A Wandering Slut Finds Love,彷徨うビッチは恋を知る,Manga,146,,2018,https://cdn.myanimelist.net/images/manga/1/263253l.jpg
2035,Shitakute Shitakute,,したくてしたくて,Manga,146,,2018,https://cdn.myanimelist.net/images/manga/1/247121l.jpg
2035,"Sono Ossan, Isekai de Nishuume Play wo Mankitsuchuu","The Man, Enjoying the 2nd ROUND in a Different World.",そのおっさん、異世界で二周目プレイを満喫中,Light Novel,146,,2018,https://cdn.myanimelist.net/images/manga/1/240260l.jpg
2035,Torotoro Recipe♥,,とろとろレシピ♥,Manga,146,,2018,https://cdn.myanimelist.net/images/manga/2/300641l.jpg
2040,Dorokei,,ドロ刑,Manga,145,,2018,https://cdn.myanimelist.net/images/manga/1/224794l.jpg
2040,Haramase no Hoshi,Star of Stallion,孕ませの星,Manga,145,,2018,https://cdn.myanimelist.net/images/manga/1/246608l.jpg
2042,Automatic Girl,My Automatic Maiden,オートマチック・ガール,Manga,144,,2018,https://cdn.myanimelist.net/images/manga/3/246940l.jpg
2042,Dear Boys Act 4,,DEAR BOYS ACT4,Manga,144,,2018,https://cdn.myanimelist.net/images/manga/3/216913l.jpg
2042,In Hand,,インハンド,Manga,144,,2018,https://cdn.myanimelist.net/images/manga/2/217080l.jpg
2042,Isekai Soapland Kaguya,Otherworldly's Soapland Kaguya,異世界ソープランド輝夜,Manga,144,,2018,https://cdn.myanimelist.net/images/manga/2/283170l.jpg
2042,Red Honey,Red Honey,레드허니,Manhwa,144,,2018,https://cdn.myanimelist.net/images/manga/1/265675l.jpg
2042,Suuji de Asobo.,,数字であそぼ。,Manga,144,,2018,https://cdn.myanimelist.net/images/manga/2/240894l.jpg
2042,Tsuyoki na Koneko no Midashikata,How to Mess with a Feisty Kitten,強気な子猫の乱しかた,Manga,144,,2018,https://cdn.myanimelist.net/images/manga/1/255814l.jpg
2049,"Anata de Fukuramu, Watashi no Peshanko.",Thank You for Erecting to Me,あなたでふくらむ、私のぺしゃんこ。,Manga,143,,2018,https://cdn.myanimelist.net/images/manga/3/236031l.jpg
2049,Cross the Line,Cross the Line,크로스 더 라인,Manhwa,143,,2018,https://cdn.myanimelist.net/images/manga/1/266608l.jpg
2049,DeSpo FighterZ,,DeスポファイターZ,Manga,143,,2018,https://cdn.myanimelist.net/images/manga/2/256632l.jpg
2049,Harigane Service Ace,,ハリガネサービスACE,Manga,143,,2018,https://cdn.myanimelist.net/images/manga/2/234218l.jpg
2049,Ikemen no Senpai ga Jitsu wa Bukiyou de Donkan deshita,,イケメンの先輩が実は不器用で鈍感でした,Manga,143,,2018,https://cdn.myanimelist.net/images/manga/1/274362l.jpg
2049,Taishou Denki Busters: Furyou Shoujo to Onmyouji,,大正電氣バスターズ～不良少女と陰陽師～,Manga,143,,2018,https://cdn.myanimelist.net/images/manga/1/246312l.jpg
2049,Yome ni Shitai Otoko,,嫁にしたい男,Manga,143,,2018,https://cdn.myanimelist.net/images/manga/3/226116l.jpg
2056,Do M na High Elf-san to Isekai Haramase Slow Life,,ドMなハイエルフさんと異世界孕ませスローライフ,Light Novel,142,,2018,https://cdn.myanimelist.net/images/manga/2/215531l.jpg
2056,Oboreru Kiss ni Yowasarete,,溺れるキスに酔わされて,Manga,142,,2018,https://cdn.myanimelist.net/images/manga/1/255605l.jpg
2056,Oborozukiyo ni Ginrou to Naku,Silver Wolf Cries in Full Moon,朧月夜に銀狼と鳴く,Doujinshi,142,,2018,https://cdn.myanimelist.net/images/manga/3/232790l.jpg
2056,Ote shite Aishite,Paw & Love Me,お手して愛して,Manga,142,,2018,https://cdn.myanimelist.net/images/manga/2/246157l.jpg
2056,"Senpai, Kawaii desu ne",,先輩、かわいいですね,Manga,142,,2018,https://cdn.myanimelist.net/images/manga/1/285883l.jpg
2061,Adventure of the After School!!,,Adventure of the After school!!,Doujinshi,141,,2018,https://cdn.myanimelist.net/images/manga/1/247658l.jpg
2061,Kuchidoke Peace!,Spread the Peace!,くちどけピース!,Manga,141,,2018,https://cdn.myanimelist.net/images/manga/3/299663l.jpg
2061,Shigokare: Ecchi na Joshidaisei to Doki x2 Love Lesson!!,,しごカレ エッチな女子大生とドキ×2ラブレッスン！！,Light Novel,141,,2018,https://cdn.myanimelist.net/images/manga/1/241628l.jpg
2061,The Cat's Bride,The Cat's Bride,고양이 신부,Manhwa,141,,2018,https://cdn.myanimelist.net/images/manga/1/332057l.jpg
2065,Boku no Mamakatsu,,僕のママ活,Manga,140,,2018,https://cdn.myanimelist.net/images/manga/3/300507l.jpg
2065,"Kuro de Naku, Shiro de Nai.",,黒でなく、白でない。,Doujinshi,140,,2018,https://cdn.myanimelist.net/images/manga/2/321904l.jpg
2065,Unmei to wa Ie Kono Teido,That's the Way the Cookie Crumbles,運命とはいえこの程度,Manga,140,,2018,https://cdn.myanimelist.net/images/manga/2/256056l.jpg
2068,AR/MS!!,Augmented Reality/Multiple Survive,AR/MS!!(エーアール・マルチプルサヴァイヴ),Manga,139,,2018,https://cdn.myanimelist.net/images/manga/2/215346l.jpg
2068,Ayako,,亜夜子,Manga,139,,2018,https://cdn.myanimelist.net/images/manga/2/271321l.jpg
2068,Furachi na Boku wo Aishitamae,,不埒な僕を愛したまえ,Manga,139,,2018,https://cdn.myanimelist.net/images/manga/1/256554l.jpg
2068,Gesokon Tantei,,ゲソコン探偵,Manga,139,,2018,https://cdn.myanimelist.net/images/manga/2/216854l.jpg
2068,Hebi no Yama,,蛇の山,One-shot,139,,2018,https://cdn.myanimelist.net/images/manga/1/253865l.jpg
2068,Houkago no Binetsu,Slight Fever After School,放課後の微熱,Manga,139,,2018,https://cdn.myanimelist.net/images/manga/1/249667l.jpg
2068,SAL,Stories About Love,SAL,Manga,139,,2018,https://cdn.myanimelist.net/images/manga/2/338191l.jpg
2068,Sake yo Hana Sake!,Flowers In Bloom!,咲けよ花咲け！,Manga,139,,2018,https://cdn.myanimelist.net/images/manga/3/269067l.jpg
2068,Tsugou no Ii Inbi na Shasei Ana,,都合のいい淫美な射精穴,Manga,139,,2018,https://cdn.myanimelist.net/images/manga/3/311212l.jpg
2077,Game no Naka ni Iru!,,ゲームの中にいる！,Manga,138,,2018,https://cdn.myanimelist.net/images/manga/3/243813l.jpg
2077,Hatsukoi Reset,First Love Reset,ハツコイ・リセット,Manga,138,,2018,https://cdn.myanimelist.net/images/manga/3/235841l.jpg
2077,Interview with a Murderer,Interview with a Murderer,살인자와의 인터뷰,Manhwa,138,,2018,https://cdn.myanimelist.net/images/manga/1/331193l.jpg
2077,Kokuhaku wa Yume no Naka de...,I Confess to You in My Dreams...,告白は夢の中で…,Manga,138,,2018,https://cdn.myanimelist.net/images/manga/2/270629l.jpg
2077,Mama Kari: Ijimekko no Mama,,母狩～いじめっ子のママ～,Manga,138,,2018,https://cdn.myanimelist.net/images/manga/1/253769l.jpg
2077,Out of the Cocoon,Out of the Cocoon,アウト・オブ・ザ・コクーン,Manga,138,,2018,https://cdn.myanimelist.net/images/manga/2/339320l.jpg
2077,Thompson,Thompson,トンプソン,Manga,138,,2018,https://cdn.myanimelist.net/images/manga/1/282218l.jpg
2077,Time Share House,Time Share House,타임셰어하우스,Manhwa,138,,2018,https://cdn.myanimelist.net/images/manga/2/266876l.jpg
2085,Hatsujou Give and Take: Midara na Ω e Kaihatsuchuu,Give and Take: Naughty Omega in the Making,発情ギブアンドテイク~淫らなΩへ開発中~,Manga,137,,2018,https://cdn.myanimelist.net/images/manga/2/292936l.jpg
2085,Past Life Returner,Past Life Returner,전생자,Novel,137,,2018,https://cdn.myanimelist.net/images/manga/3/303558l.jpg
2085,Shouwa Genroku Rakugo Shinjuu Bangai-hen,,昭和元禄落語心中 番外篇,Manga,137,,2018,https://cdn.myanimelist.net/images/manga/1/276249l.jpg
2088,Around 30 Kuso Bitch no Bouken,A Late-Twenty-Something's Super Slutty Adventure,アラサークソビッチの冒険,One-shot,136,,2018,https://cdn.myanimelist.net/images/manga/3/247253l.jpg
2088,Eccentric Love,,エキセントリックラブ,Manga,136,,2018,https://cdn.myanimelist.net/images/manga/1/247082l.jpg
2088,Momiiro no Heya to Yoru no Tsubo,,紅絹色の部屋と夜の壺,Doujinshi,136,,2018,https://cdn.myanimelist.net/images/manga/2/238740l.jpg
2088,Ossan's Love,,おっさんずラブ,Manga,136,,2018,https://cdn.myanimelist.net/images/manga/1/238013l.jpg
2088,Shikamettsura ni Kiss,,しかめっつらにキス,One-shot,136,,2018,https://cdn.myanimelist.net/images/manga/2/230829l.jpg
2088,Toromeki Shuugaku Ryokou: Seijun Bishoujo to Soujuku Bishoujo,,とろめき修学旅行 清純美少女と早熟美少女,Light Novel,136,,2018,https://cdn.myanimelist.net/images/manga/2/219810l.jpg
2088,Watashi no Kirai na Shachou,I Don't Like You... Mr. President!,わたしのきらいな社長,Manga,136,,2018,https://cdn.myanimelist.net/images/manga/3/271171l.jpg
2095,Onnanoko ni Shite yo,Make Me Your First Lover.,女の子にしてよ,Manga,135,,2018,https://cdn.myanimelist.net/images/manga/2/324916l.jpg
2095,Risou no Musume nara Sekai Saikyou demo Kawaigatte Kuremasu ka?,"If Only It's an Ideal Daughter, Would You Even Pamper The World's Strongest?",理想の娘なら世界最強でも可愛がってくれますか？,Light Novel,135,,2018,https://cdn.myanimelist.net/images/manga/3/241438l.jpg
2097,Choukyou-kei Danshi: Ookami-sama to Koneko-chan,,調教系男子 オオカミ様と子猫ちゃん,Manga,134,,2018,https://cdn.myanimelist.net/images/manga/3/285466l.jpg
2097,Isekai Harem Dungeon Master: Ero Trap de Himekishi Party & Maou wo Yarimakuri!,,異世界ハーレムダンジョンマスター～エロトラップで姫騎士パーティー＆魔王をヤリまくり！～,Light Novel,134,,2018,https://cdn.myanimelist.net/images/manga/2/241068l.jpg
2097,JK Anal?,Anal Fuck With JK,じぇいけい穴る？,Manga,134,,2018,https://cdn.myanimelist.net/images/manga/3/281948l.jpg
2097,Jingai x Kinniku BL,,人外×筋肉BL,Manga,134,,2018,https://cdn.myanimelist.net/images/manga/3/281651l.jpg
2097,Oba Shota Harem,,おばしょたハーレム,Manga,134,,2018,https://cdn.myanimelist.net/images/manga/2/245213l.jpg
2097,Samayou Maboroshi,,さまようまぼろし,Manga,134,,2018,https://cdn.myanimelist.net/images/manga/2/235801l.jpg
2103,Gainen Dorobou,,概念ドロボウ,Manga,133,,2018,https://cdn.myanimelist.net/images/manga/1/216238l.jpg
2103,Miracle Nikki: Nikki no Okigae Diary,,ミラクルニキ～ニキのおきがえダイアリー～,Manga,133,,2018,https://cdn.myanimelist.net/images/manga/3/225657l.jpg
2103,Otona ni Naritai...♡,I Wanna Be a Lady...,オトナになりたい…♡,Manga,133,,2018,https://cdn.myanimelist.net/images/manga/2/248760l.jpg
2103,Pastel Memories,,ぱすてるメモリーズ,Manga,133,,2018,https://cdn.myanimelist.net/images/manga/2/226045l.jpg
2107,Alpha Sentai Al-Ranger,Alpha Squadron Al-Ranger,アルファ戦隊 アルレンジャー,Manga,132,,2018,https://cdn.myanimelist.net/images/manga/2/247593l.jpg
2107,Death Ball,Death Ball,デスボール,Manga,132,,2018,https://cdn.myanimelist.net/images/manga/2/239228l.jpg
2107,Kaguya Luna Gachizei no Nichijou,,輝夜月ガチ勢の日常,Manga,132,,2018,https://cdn.myanimelist.net/images/manga/3/225861l.jpg
2107,Koi ni Arazu,,恋ニ非ズ,Manga,132,,2018,https://cdn.myanimelist.net/images/manga/3/233797l.jpg
2107,Matsukage ni Ikou,,松かげに憩う,Manga,132,,2018,https://cdn.myanimelist.net/images/manga/1/238477l.jpg
2107,Odoru Ahou to Kusare Gedou,,踊る阿呆と腐れ外道,Manga,132,,2018,https://cdn.myanimelist.net/images/manga/3/246470l.jpg
2107,Shiawase NTR Keikaku,Happiness Netorare Plan,幸せNTR計画,Manga,132,,2018,https://cdn.myanimelist.net/images/manga/1/241753l.jpg
2107,Shounen wa Kakkou wo Haramu,The Boy is Pregnant with Cuckoo,少年はカッコウを孕む,Manga,132,,2018,https://cdn.myanimelist.net/images/manga/3/224372l.jpg
2107,Shousetsu Hanebado!,,小説 はねバド!,Light Novel,132,,2018,https://cdn.myanimelist.net/images/manga/2/233405l.jpg
2116,Enemy Girl,,Enemy Girl,Doujinshi,131,,2018,https://cdn.myanimelist.net/images/manga/3/298413l.jpg
2116,Hoshi no Kodomotachi: Mitsuboshi Tama Tanpenshuu,Star Children: Tama Mitsuboshi Short Stories,星の子どもたち 三星たま短編集,Manga,131,,2018,https://cdn.myanimelist.net/images/manga/3/294974l.jpg
2116,Mayonaka Wonder Sanpo,,真夜中ワンダーさんぽ,One-shot,131,,2018,https://cdn.myanimelist.net/images/manga/1/270598l.jpg
2116,Stalker Koui ga Barete Jinsei Shuuryou Otoko,,ストーカー行為がバレて人生終了男,Manga,131,,2018,https://cdn.myanimelist.net/images/manga/1/223295l.jpg
2116,Warui Ko demo Ii no,,悪い子でもいいの,Manga,131,,2018,https://cdn.myanimelist.net/images/manga/3/216640l.jpg
2121,Shikkokutsukai no Saikyou Yuusha: Nakama Zenin ni Uragirareta node Saikyou no Mamono to Kumimasu,The Strongest Brave Man of the Black Wizard,漆黒使いの最強勇者 仲間全員に裏切られたので最強の魔物と組みます,Light Novel,130,,2018,https://cdn.myanimelist.net/images/manga/1/240310l.jpg
2121,Warui Onnanoko,,わるいおんなのこ,Manga,130,,2018,https://cdn.myanimelist.net/images/manga/1/226793l.jpg
2121,"Warukute H na Ojisama wa, Are mo Yappari Sugoin desu!",The Wild Sex Drive of an Older Man,ワルくてHなオジサマは、アレもやっぱり凄いんです!,Manga,130,,2018,https://cdn.myanimelist.net/images/manga/2/268883l.jpg
2124,An Exclusive Contract,,"독점계약입니다만,",Manhwa,129,,2018,https://cdn.myanimelist.net/images/manga/2/290043l.jpg
2124,Onaji Keshiki,,同じ景色,One-shot,129,,2018,https://cdn.myanimelist.net/images/manga/1/246680l.jpg
2124,Phantasy Star Online 2: Puso Ni Comi,Phantasy Star Online 2 Comic,ファンタシースターオンライン2 ぷそ煮コミ,Manga,129,,2018,https://cdn.myanimelist.net/images/manga/3/226709l.jpg
2124,Raise wa Kimi no Mono,,来世は君のもの,Manga,129,,2018,https://cdn.myanimelist.net/images/manga/2/285522l.jpg
2124,Saijaku Shokushu no Gekokujou: Natte Misemasu Shikou no Niku Vibrator,,最弱触手の下克上 なってみせます至高の肉バイブ,Light Novel,129,,2018,https://cdn.myanimelist.net/images/manga/3/217236l.jpg
2124,Shi mo Mata Shisuru Mono Nareba,Even Death May Die,死もまた死するものなれば,Manga,129,,2018,https://cdn.myanimelist.net/images/manga/1/232865l.jpg
2130,Azarashi no Takeda-kun,The Seal Takeda-kun,アザラシの武田くん,Manga,128,,2018,https://cdn.myanimelist.net/images/manga/2/224518l.jpg
2130,Mijuku na Bokura,Immature Weather,未熟なぼくら,One-shot,128,,2018,https://cdn.myanimelist.net/images/manga/3/274430l.jpg
2130,Senya Ichiya Arabian Tonight,,千夜一夜アラビアントゥナイト,Manga,128,,2018,https://cdn.myanimelist.net/images/manga/2/231598l.jpg
2130,The Taming of the Shrew,,말괄량이 길들이기,Manhwa,128,,2018,https://cdn.myanimelist.net/images/manga/1/337500l.jpg
2130,Ushi Chichi Girls,,うしちちガールズ,Manga,128,,2018,https://cdn.myanimelist.net/images/manga/3/345364l.jpg
2135,Ano Natsu wo Sugitemo,,あの夏をすぎても,One-shot,127,,2018,https://cdn.myanimelist.net/images/manga/2/257108l.jpg
2135,Cinderella Concierge,,シンデレラ・コンシェルジュ,Manga,127,,2018,https://cdn.myanimelist.net/images/manga/3/222336l.jpg
2135,Mori no Hotori de Jam wo Niru: Isekai de Hajimeru Slow Life,Making Jam in the Woods: My Relaxing Life Starts in Another World,森のほとりでジャムを煮る ～異世界ではじめる田舎暮らし〈スローライフ〉～,Light Novel,127,,2018,https://cdn.myanimelist.net/images/manga/1/232956l.jpg
2135,Shitsu Rakuen,,湿楽艶,Manga,127,,2018,https://cdn.myanimelist.net/images/manga/2/289540l.jpg
2135,The Uncanny Counter,The Uncanny Counter,경이로운 소문,Manhwa,127,,2018,https://cdn.myanimelist.net/images/manga/1/331967l.jpg
2140,R-40 BL,,R-40BL,Manga,126,,2018,https://cdn.myanimelist.net/images/manga/2/283719l.jpg
2140,"Sasaki, Ore wa Amaku wa Nai kara na",Don't Think I'm That Easy.,佐々木、俺は甘くはないからな,Manga,126,,2018,https://cdn.myanimelist.net/images/manga/2/254052l.jpg
2140,What's Your Name?,,이름을 알려주세요,Manhwa,126,,2018,https://cdn.myanimelist.net/images/manga/3/338566l.jpg
2143,3 Inch,,3インチ,Manga,125,,2018,https://cdn.myanimelist.net/images/manga/3/215365l.jpg
2143,Hanayakko,,はなやっこ,Manga,125,,2018,https://cdn.myanimelist.net/images/manga/5/229305l.jpg
2143,Ninkyou Neko Choko,Choco Is a Cat of Honor,任侠猫ちょこ,Manga,125,,2018,https://cdn.myanimelist.net/images/manga/1/274199l.jpg
2146,"Aishiteru tte Iwanakya, Shinu.",,愛してるって言わなきゃ、死ぬ。,Manga,124,,2018,https://cdn.myanimelist.net/images/manga/2/233882l.jpg
2146,Ask,,ASKアスク,Manga,124,,2018,https://cdn.myanimelist.net/images/manga/3/258781l.jpg
2146,Daisuki na Kimi dakara Mechakucha ni Kegashitai.,,大好きな君だからめちゃくちゃに汚したい。,Doujinshi,124,,2018,https://cdn.myanimelist.net/images/manga/1/309074l.jpg
2146,Hatsujou Rabbits,,発情ラビッツ,Manga,124,,2018,https://cdn.myanimelist.net/images/manga/2/245382l.jpg
2146,Hatsukoi dj - Hatsu Yoru,,初夜〈ハツヨル〉,Doujinshi,124,,2018,https://cdn.myanimelist.net/images/manga/2/256948l.jpg
2146,Kumori Nochi Saku,"Cloudy, Blooming Later",くもりのち咲く,One-shot,124,,2018,https://cdn.myanimelist.net/images/manga/1/230709l.jpg
2152,Magan to Dangan wo Tsukatte Isekai wo Buchinuku!,,魔眼と弾丸を使って異世界をぶち抜く！,Light Novel,123,,2018,https://cdn.myanimelist.net/images/manga/2/241458l.jpg
2152,Micchaku Room Share,,密着ルームシェア,Manga,123,,2018,https://cdn.myanimelist.net/images/manga/2/245892l.jpg
2152,Ninja Slayer: Kyoto Hell On Earth,,ニンジャスレイヤー・キョート・ヘル・オン・アース,Manga,123,,2018,https://cdn.myanimelist.net/images/manga/1/281703l.jpg
2152,Oh! My Prince!,,오! 나의 왕자님,Manhwa,123,,2018,https://cdn.myanimelist.net/images/manga/1/290142l.jpg
2156,Boku wa Doko kara,Where Do I Come From?,僕はどこから,Manga,122,,2018,https://cdn.myanimelist.net/images/manga/2/222813l.jpg
2156,Future Card Shin Buddyfight,Future Card Buddyfight Ace,フューチャーカード 神バディファイト,Manga,122,,2018,https://cdn.myanimelist.net/images/manga/3/230435l.jpg
2156,Hayami-san wa Me ga Mienai,,早見さんは目が見えない,Doujinshi,122,,2018,https://cdn.myanimelist.net/images/manga/2/313217l.jpg
2156,Hishoka Usagi no Neya,Our Secretary's Bedroom Affairs,秘書課うさぎの閨,Manga,122,,2018,https://cdn.myanimelist.net/images/manga/3/272203l.jpg
2156,Inya Kouro: Onna Sousakan Cosplay Shojo Koukai,,淫夜航路 女捜査官コスプレ処女航海,Light Novel,122,,2018,https://cdn.myanimelist.net/images/manga/2/219333l.jpg
2156,Neko Kawaigari wa Kinshi desu,,猫かわいがりは禁止です,Manga,122,,2018,https://cdn.myanimelist.net/images/manga/2/226289l.jpg
2156,Ore to Anta no Aishou wa,,俺とアンタの相性は,Manga,122,,2018,https://cdn.myanimelist.net/images/manga/3/279705l.jpg
2163,Hanikami wo Toke,Breaking His Shyness,はにかみを解け,Manga,121,,2018,https://cdn.myanimelist.net/images/manga/3/226003l.jpg
2163,Himachi no Jouou,,ヒマチの嬢王,Manga,121,,2018,https://cdn.myanimelist.net/images/manga/2/225946l.jpg
2163,Kojirase Doutei wa Akiramenai,,こじらせ童貞はあきらめない,Manga,121,,2018,https://cdn.myanimelist.net/images/manga/2/301086l.jpg
2163,Minna Hajimete no Kuse ni,Everyone for the First Time,みんなはじめての癖に,Manga,121,,2018,https://cdn.myanimelist.net/images/manga/1/254231l.jpg
2163,Mujaki na Kaibutsu,,むじゃきなかいぶつ,Doujinshi,121,,2018,https://cdn.myanimelist.net/images/manga/3/281412l.jpg
2163,Ottori Midara na Mikami-san,,おっとりみだらな三上さん,Manga,121,,2018,https://cdn.myanimelist.net/images/manga/2/234032l.jpg
2163,Taiyou no Tou,,太陽の塔,Manga,121,,2018,https://cdn.myanimelist.net/images/manga/2/292106l.jpg
2170,Assassins Pride: Secret Garden,,アサシンズプライドSecret Garden,Light Novel,120,,2018,https://cdn.myanimelist.net/images/manga/3/249897l.jpg
2170,Black Dragon Romance,Black Dragon Romance,흑룡연인,Manhwa,120,,2018,https://cdn.myanimelist.net/images/manga/2/331378l.jpg
2170,Don't Touch Me!,Cumming in Your Pubic Bone?,ドント・タッチ・ミー！,Manga,120,,2018,https://cdn.myanimelist.net/images/manga/1/283221l.jpg
2170,Hatsujou no Anubis,Estrus of Anubis,発情のアヌビス,One-shot,120,,2018,https://cdn.myanimelist.net/images/manga/2/246097l.jpg
2170,Outbreak Company: Moeru Shinryakusha Gaiden!,Outbreak Company: The Power of Moe Gaiden,アウトブレイク・カンパニー 萌える侵略者 外伝!,Light Novel,120,,2018,https://cdn.myanimelist.net/images/manga/1/277672l.jpg
2170,Yaruna yo Yaruna yo Zettai Yaruna yo Kotori-chan,,ヤるなよヤるなよ絶対ヤるなよことりちゃん,Manga,120,,2018,https://cdn.myanimelist.net/images/manga/2/221779l.jpg
2176,Himitsu no Innocent World,,ひみつのイノセントワールド,Manga,119,,2018,https://cdn.myanimelist.net/images/manga/3/215853l.jpg
2176,Hito no Kanojo ni Yaritai Houdai,,人の彼女に犯りたい放題,Manga,119,,2018,https://cdn.myanimelist.net/images/manga/3/292616l.jpg
2176,Junjou Wanko to Retsujou Tattoo,The Pure-Hearted Puppy and the Erotic Tattoo,純情ワンコと劣情タトゥー,Manga,119,,2018,https://cdn.myanimelist.net/images/manga/2/299713l.jpg
2176,Mikage-kun wa Kaeritai!,Mikage Wants to Go Home,御影くんは帰りたい!,Manga,119,,2018,https://cdn.myanimelist.net/images/manga/3/295595l.jpg
2176,Oneechan Boot Camp ni Youkoso!,,お姉ちゃんブートキャンプにようこそ！,Manga,119,,2018,https://cdn.myanimelist.net/images/manga/2/253043l.jpg
2176,Sicilia Daifugou no Gosan,The Sicilian's Stolen Son,シチリア大富豪の誤算,Manga,119,,2018,https://cdn.myanimelist.net/images/manga/1/228789l.jpg
2176,Zoids Wild,,ゾイドワイルド,Manga,119,,2018,https://cdn.myanimelist.net/images/manga/1/227569l.jpg
2183,Keizoku wa Maryoku nari: Munou Mahou ga Benri Mahou ni Shinka wo Togemashita,,継続は魔力なり～無能魔法が便利魔法に進化を遂げました～,Light Novel,118,,2018,https://cdn.myanimelist.net/images/manga/3/227984l.jpg
2183,Kono Koi wa Tsumi nano ka!?,Will this love is a checkmate?,この恋はツミなのか!?,Manga,118,,2018,https://cdn.myanimelist.net/images/manga/1/210970l.jpg
2183,Manten no Hoshi to Aoi Sora,,満天の星と青い空,Manga,118,,2018,https://cdn.myanimelist.net/images/manga/2/219559l.jpg
2183,Nureta Hana no Nioi,Scent of Wet Flower,濡れた花のにおい,Manga,118,,2018,https://cdn.myanimelist.net/images/manga/1/298458l.jpg
2183,Omega Porno: Case. Tatsuru,Omega Marking,オメガポルノ case.たつる,Manga,118,,2018,https://cdn.myanimelist.net/images/manga/2/279945l.jpg
2183,Seikimatsu Blue,,セイキマツブルー,Manga,118,,2018,https://cdn.myanimelist.net/images/manga/3/221923l.jpg
2183,Seiryaku Kekkon no Dannasama (Kari) to Koi wo Hajimemasu.,Trying Out Love with My Political Engagement Hubby,政略結婚の旦那様（仮）と恋を始めます。,Manga,118,,2018,https://cdn.myanimelist.net/images/manga/1/281580l.jpg
2183,Urekko Model to Kaseifu-san,,売れっ子モデルと家政夫さん,Manga,118,,2018,https://cdn.myanimelist.net/images/manga/3/263418l.jpg
2183,Yoiko-sensei to Usui Hon no Akuma,,よい子先生と薄い本の悪魔,Manga,118,,2018,https://cdn.myanimelist.net/images/manga/2/241780l.jpg
2192,2 People,,2인용 인간,Manhwa,117,,2018,https://cdn.myanimelist.net/images/manga/3/248365l.jpg
2192,Art Gangsta,,アートギャングスタ,Manga,117,,2018,https://cdn.myanimelist.net/images/manga/1/227319l.jpg
2192,Chikyuu Shinryaku Shoujo Asuka,Earth Invading Girl Asuka,地球侵略少女アスカ,Manga,117,,2018,https://cdn.myanimelist.net/images/manga/1/221780l.jpg
2192,Futari ga Kazoku ni Naru made ni,By the Time They Become a Family,ふたりが家族になるまでに,Manga,117,,2018,https://cdn.myanimelist.net/images/manga/2/240904l.jpg
2192,Imouto Rireki,,妹りれき,Manga,117,,2018,https://cdn.myanimelist.net/images/manga/2/217646l.jpg
2192,Kanojo ga Hadaka wo Miseru Toki,When She Shows Naked,彼女が裸を見せるとき,Manga,117,,2018,https://cdn.myanimelist.net/images/manga/2/238244l.jpg
2192,Mori Girl,Spearfishing Girl,銛ガール,Manga,117,,2018,https://cdn.myanimelist.net/images/manga/3/232184l.jpg
2192,Neko to Geboku,,ねことげぼく,Doujinshi,117,,2018,https://cdn.myanimelist.net/images/manga/3/278766l.jpg
2192,Recipe for Love,Recipe for Love,맛있는 스캔들,Manhwa,117,,2018,https://cdn.myanimelist.net/images/manga/1/301824l.jpg
2201,Aitsu no Koe wo Kiku dake de,,アイツの声を聞くだけで,Manga,116,,2018,https://cdn.myanimelist.net/images/manga/1/236517l.jpg
2201,Hitozuma no Hinkaku,A Married Woman's Dignity,人妻の品格,One-shot,116,,2018,https://cdn.myanimelist.net/images/manga/3/248621l.jpg
2201,Korolevna,,Korolevna,One-shot,116,,2018,https://cdn.myanimelist.net/images/manga/3/246527l.jpg
2201,"Kuroko ni Koi wa, Irimasen.",Kuroko never steps in the love again.,黒子に恋は、いりません。,Manga,116,,2018,https://cdn.myanimelist.net/images/manga/3/225491l.jpg
2201,Ore to no Flag wo Heshionna!,70% of Overtime Workers Will Have Sex,俺とのフラグをへし折んな!,Manga,116,,2018,https://cdn.myanimelist.net/images/manga/3/271795l.jpg
2206,"Akogare no Elf-senpai ni, Ecchi na Saiminjutsu Kaketemita.",,憧れのエルフ先輩に、えっちな催眠術かけてみた。,Doujinshi,115,,2018,https://cdn.myanimelist.net/images/manga/3/277960l.jpg
2206,Netorareta Hitozuma,,寝取られた人妻,Manga,115,,2018,https://cdn.myanimelist.net/images/manga/2/291287l.jpg
2206,Oretachi Tsukiattenai kara,Not a Serious Relationship.,俺たちつき合ってないから,Manga,115,,2018,https://cdn.myanimelist.net/images/manga/2/258034l.jpg
2206,Saikyou no Madoushi. Hiza ni Ya wo Uketeshimatta node Inaka no Eihei ni Naru,,最強の魔導士。ひざに矢をうけてしまったので田舎の衛兵になる,Light Novel,115,,2018,https://cdn.myanimelist.net/images/manga/2/241962l.jpg
2206,The Duke's Servant,The Duke's Servant,린지 앤 린지안,Manhwa,115,,2018,https://cdn.myanimelist.net/images/manga/3/331670l.jpg
2211,Akatora,,アカトラ,Manga,114,,2018,https://cdn.myanimelist.net/images/manga/2/216647l.jpg
2211,Aoao Dai Bu,Dragon in Distress,敖敖待捕,Manhua,114,,2018,https://cdn.myanimelist.net/images/manga/1/315811l.jpg
2211,Busamen Gachi Fighter,,ブサメンガチファイター,Light Novel,114,,2018,https://cdn.myanimelist.net/images/manga/3/314965l.jpg
2211,Hakui no Tenshi wa Osewazuki! Love Love Ecchi na Nyuuin Seikatsu,,白衣の天使はお世話好き！～ラブラブエッチな入院生活～,Light Novel,114,,2018,https://cdn.myanimelist.net/images/manga/2/215530l.jpg
2211,Rinjuu no Yousai,Fortress of the End,臨終の要塞,Manga,114,,2018,https://cdn.myanimelist.net/images/manga/1/216611l.jpg
2211,Wakudeki Midnight,Midnight Delight,惑溺ミッドナイト,Manga,114,,2018,https://cdn.myanimelist.net/images/manga/3/262620l.jpg
2211,Well Done,Well Done,웰던(WELL DONE),Manhwa,114,,2018,https://cdn.myanimelist.net/images/manga/2/335817l.jpg
2218,Antagonist,,アンタゴニスト,Manga,113,,2018,https://cdn.myanimelist.net/images/manga/1/275483l.jpg
2218,Gal Mi Mamire,,ギャルみまみれ,Manga,113,,2018,https://cdn.myanimelist.net/images/manga/3/245862l.jpg
2218,Kataomoi Shrink,,片想いシュリンク,Manga,113,,2018,https://cdn.myanimelist.net/images/manga/1/222070l.jpg
2218,Kisetsu no Kuni no Kemono-tachi,The Tiger in the Bamboo Forest,季節の国のけものたち,Manga,113,,2018,https://cdn.myanimelist.net/images/manga/2/274292l.jpg
2218,Kono Ai wa Itan.: Belial Bunsho,,この愛は、異端。-ベリアル文書-,Manga,113,,2018,https://cdn.myanimelist.net/images/manga/3/285629l.jpg
2218,Ore wo Mamoru to Chikatte yo More!,Please Swear to Protect Me More!,オレを守ると誓ってよ more!,Manga,113,,2018,https://cdn.myanimelist.net/images/manga/3/225818l.jpg
2224,Mitsugetsu Paradise,Honeymoon Paradise♥,蜜月パラダイス,Manga,112,,2018,https://cdn.myanimelist.net/images/manga/3/295628l.jpg
2224,Sabi no Yume Migi,,錆のゆめ 右,Manga,112,,2018,https://cdn.myanimelist.net/images/manga/3/305184l.jpg
2226,Bishoujo Bosatsu Miroku-chan,,美少女菩薩ミロクちゃん,Manga,111,,2018,https://cdn.myanimelist.net/images/manga/3/227226l.jpg
2226,Boukenka ni Narou! Skill Board de Dungeon Kouryaku,,冒険家になろう！～スキルボードでダンジョン攻略～,Light Novel,111,,2018,https://cdn.myanimelist.net/images/manga/3/241131l.jpg
2226,Hitoribocchi de Koi wo shitemita,,ひとりぼっちで恋をしてみた,Manga,111,,2018,https://cdn.myanimelist.net/images/manga/2/239452l.jpg
2226,Mahoutsukai desu. Yuusha Party wo Nuketai desu.,I am a Magician. I want to escape the party of the Brave.,魔法使いです。勇者のパーティーを抜けたいです。,Light Novel,111,,2018,https://cdn.myanimelist.net/images/manga/1/210412l.jpg
2226,Ore dake ga Shitteiru,,俺だけが知っている,Manga,111,,2018,https://cdn.myanimelist.net/images/manga/1/318429l.jpg
2226,Revenge,,REVENGE,Doujinshi,111,,2018,https://cdn.myanimelist.net/images/manga/3/283433l.jpg
2226,Suiyoubi no Cinema,Cinema on Wednesday,水曜日のシネマ,Manga,111,,2018,https://cdn.myanimelist.net/images/manga/3/216915l.jpg
2233,Androgynous,Androgynous,アンドロジナス,Manga,110,,2018,https://cdn.myanimelist.net/images/manga/1/282106l.jpg
2233,Risou no Shiri,Ideal Assets,理想の尻,Manga,110,,2018,https://cdn.myanimelist.net/images/manga/2/289043l.jpg
2233,Rocking You!!!,Rocking You!!!,ロッキンユー!!!,Manga,110,,2018,https://cdn.myanimelist.net/images/manga/1/227422l.jpg
2233,Suki yori Atsuino...,Hotter Than Love,好きより熱いの…,Manga,110,,2018,https://cdn.myanimelist.net/images/manga/3/246577l.jpg
2237,Boku to Tsugai ni Natte Kudasai!,Please Bond with Me!,ボクと番になってください!,Manga,109,,2018,https://cdn.myanimelist.net/images/manga/3/284779l.jpg
2237,Haguruma Drive.,Gear Drive,はぐるまどらいぶ。,Light Novel,109,,2018,https://cdn.myanimelist.net/images/manga/1/220587l.jpg
2237,Hodaka Rinka no Chari to Meshi.,,穂高輪花のチャリと飯。,Manga,109,,2018,https://cdn.myanimelist.net/images/manga/1/250311l.jpg
2237,Santa Maria Heartland,,サンタマリア・ハートランド,Manga,109,,2018,https://cdn.myanimelist.net/images/manga/3/249458l.jpg
2237,Torimi-bu no Takanashi-san,,鳥見部の小鳥遊さん,Manga,109,,2018,https://cdn.myanimelist.net/images/manga/2/230995l.jpg
2237,Yankee-kun ni Gohoubi Nama Voice,Getting to Hear Prince Lion's Voice Live,ヤンキーくんにご褒美生ボイス,Manga,109,,2018,https://cdn.myanimelist.net/images/manga/2/292899l.jpg
2243,Bokura no Issen,,ぼくらの一線,Manga,108,,2018,https://cdn.myanimelist.net/images/manga/2/310114l.jpg
2243,Dad no Gotoku!,Just Like Dad!,ダッドのごとく!,Manga,108,,2018,https://cdn.myanimelist.net/images/manga/3/282952l.jpg
2243,Hakanaki Rakuen,,ハカナキ楽園,Manga,108,,2018,https://cdn.myanimelist.net/images/manga/1/208440l.jpg
2243,Keep Holding On,Keep Holding On,킵홀딩온,Manhwa,108,,2018,https://cdn.myanimelist.net/images/manga/2/340280l.jpg
2243,Otoko wo Dame ni Suru Shucchou Este,Emasculating Business Trip Massage,男をダメにする出張エステ,Manga,108,,2018,https://cdn.myanimelist.net/images/manga/3/262368l.jpg
2243,Watashi wa Tada Skirt wo Mijikaku shita dake,All I Did Was Wear My Skirt Short,私はただスカートを短くしただけ,Manga,108,,2018,https://cdn.myanimelist.net/images/manga/2/327455l.jpg
2243,Yumemiru Henshuusha to Mukiryoku Shousetsuka,The Starry-Eyed Editor and the Apathetic Writer,夢見る編集者と無気力小説家,Manga,108,,2018,https://cdn.myanimelist.net/images/manga/1/303157l.jpg
2250,Ane to Iu Mono: Ecchi na Oneechan wa Suki desu ka? - Anthology Comic,,姉というもの～エッチなお姉ちゃんは？～ アンソロジーコミック,Manga,107,,2018,https://cdn.myanimelist.net/images/manga/2/279740l.jpg
2250,His Enemy Downstairs,His Enemy Downstairs,아랫집 웬수,Manhwa,107,,2018,https://cdn.myanimelist.net/images/manga/2/331288l.jpg
2250,Manga Niku,Manga-ka x Niku,マンガ肉,Manga,107,,2018,https://cdn.myanimelist.net/images/manga/2/299170l.jpg
2250,Mangaka Assistant Misato-san (29) wa Konkatsuchuu,Marriage Hunter Misato,漫画家アシスタント三郷さん（29）は婚活中,Manga,107,,2018,https://cdn.myanimelist.net/images/manga/2/219797l.jpg
2250,Meikon no Chigiri,,冥婚の契,Manga,107,,2018,https://cdn.myanimelist.net/images/manga/1/221839l.jpg
2250,"Sensei, Docchi ka Erande yo",Teacher! Whichever you choose,先生、どっちか選んでよ,Manga,107,,2018,https://cdn.myanimelist.net/images/manga/1/223627l.jpg
2256,Bonkura Onmyouji no Oniyome,,ぼんくら陰陽師の鬼嫁,Manga,106,,2018,https://cdn.myanimelist.net/images/manga/3/281595l.jpg
2256,Idol-sama no Okiniiri!?,,アイドル様のお気に入り!?,Manga,106,,2018,https://cdn.myanimelist.net/images/manga/3/223472l.jpg
2256,Kimi ga Tsugai ni Naru made,,きみが番になるまで,Manga,106,,2018,https://cdn.myanimelist.net/images/manga/2/226560l.jpg
2256,Otogi no Mago,,おとぎの孫,Manga,106,,2018,https://cdn.myanimelist.net/images/manga/3/224850l.jpg
2256,Reborn no Kishi,,リボーンの棋士,Manga,106,,2018,https://cdn.myanimelist.net/images/manga/3/221333l.jpg
2256,Zombie no Mukuro,Zombie Girl Mukuro,ゾンビのむくろ,Manga,106,,2018,https://cdn.myanimelist.net/images/manga/2/289435l.jpg
2262,Amazing Grace: What Color Is Your Attribute?,,アメイジング・グレイス -What color is your attribute?-,Manga,105,,2018,https://cdn.myanimelist.net/images/manga/1/226047l.jpg
2262,App,,App,Manhwa,105,,2018,https://cdn.myanimelist.net/images/manga/1/338555l.jpg
2262,En to Yukari,,エンとゆかり,Manga,105,,2018,https://cdn.myanimelist.net/images/manga/1/235888l.jpg
2262,Fella Kano,,フェラカノ,One-shot,105,,2018,https://cdn.myanimelist.net/images/manga/1/305040l.jpg
2262,Gokudou-san wa Papa de Aisaika,,極道さんはパパで愛妻家,Manga,105,,2018,https://cdn.myanimelist.net/images/manga/1/226655l.jpg
2262,"It Wasn't There, but Now It Is","It Wasn't There, but Now It Is",없다 있으니까,Manhwa,105,,2018,https://cdn.myanimelist.net/images/manga/2/288661l.jpg
2262,Kimi wa Koi wo Shiranai,You don't know what love is.,君は恋を知らない,Manga,105,,2018,https://cdn.myanimelist.net/images/manga/1/227021l.jpg
2262,Mahou Yakushi ga Niban Deshi wo Mederu Riyuu: Senzoku Oshokuji-gakari ni Ninmei saremashita,Reason why a magical pharmacist loves the second disciple,魔法薬師が二番弟子を愛でる理由〜専属お食事係に任命されました〜,Manga,105,,2018,https://cdn.myanimelist.net/images/manga/1/224714l.jpg
2262,Nth Romance,Nth Romance,N번째 연애,Manhwa,105,,2018,https://cdn.myanimelist.net/images/manga/3/264701l.jpg
2271,Bloom Brothers,Bloom Brothers,ブルーム・ブラザーズ,Manga,104,,2018,https://cdn.myanimelist.net/images/manga/2/282108l.jpg
2271,Draconir,,ドラコニル,One-shot,104,,2018,https://cdn.myanimelist.net/images/manga/2/223422l.jpg
2271,Kyoukai.,,キョウカイ。,Doujinshi,104,,2018,https://cdn.myanimelist.net/images/manga/1/251186l.jpg
2271,Love App,,ラブアプリ,Manga,104,,2018,https://cdn.myanimelist.net/images/manga/1/212634l.jpg
2271,Moshi Role Playing Game no Sekai ni SNS ga Attara,If the RPG World Had Social Media,もしロールプレイングゲームの世界にSNSがあったら,Light Novel,104,,2018,https://cdn.myanimelist.net/images/manga/2/279490l.jpg
2271,Sheets no Ue no Tenshi,,シーツの上の天使,Manga,104,,2018,https://cdn.myanimelist.net/images/manga/3/251224l.jpg
2277,Bakkatsu! Bakushu Kassai,Bakkatsu: Cheers for Beers,ばっかつ!〜麦酒喝采〜,Manga,103,,2018,https://cdn.myanimelist.net/images/manga/3/293834l.jpg
2277,Kamattechan to Gamer Kareshi,,かまってちゃんとゲーマー彼氏,Manga,103,,2018,https://cdn.myanimelist.net/images/manga/1/232437l.jpg
2277,Ore to Leo,,オレとレオ,Manga,103,,2018,https://cdn.myanimelist.net/images/manga/1/221890l.jpg
2277,Osananajimi no Karen naru Henshin,,幼馴染の可憐なる変身,One-shot,103,,2018,https://cdn.myanimelist.net/images/manga/2/315449l.jpg
2277,Ra Girl!!!,,裸ガール!!!,Manga,103,,2018,https://cdn.myanimelist.net/images/manga/3/253448l.jpg
2277,Saikyou Guild Master no Isshuukan Kenkokuki,One Week Founding Kingdom Tales of the Strongest Guild Master,最強ギルドマスターの一週間建国記,Light Novel,103,,2018,https://cdn.myanimelist.net/images/manga/3/232532l.jpg
2277,Takahira-san no Ongaeshi,Takahira of Gratitude,高比良さんの恩返し,Manga,103,,2018,https://cdn.myanimelist.net/images/manga/1/223635l.jpg
2284,Captain Tsubasa Memories,,キャプテン翼 MEMORIES,Manga,102,,2018,https://cdn.myanimelist.net/images/manga/1/305523l.jpg
2284,Genkai Seiyoku: Gaman Dekinai Hitozuma-tachi,,限界性欲～我慢できない人妻たち～,Manga,102,,2018,https://cdn.myanimelist.net/images/manga/1/248199l.jpg
2284,"Gyakuten Saiban: Sono ""Shinjitsu"", Igi Ari!: Gyakuten Tokkyuu, Kita e",,逆転裁判～その「真実」、異議あり！～逆転特急、北へ,Manga,102,,2018,https://cdn.myanimelist.net/images/manga/3/273674l.jpg
2284,Imouto Tarumono: Ecchi Imouto wa Suki desu ka? - Anthology Comic,,妹たるもの ～えっちぃ妹はスキですか？～ アンソロジーコミック,Manga,102,,2018,https://cdn.myanimelist.net/images/manga/3/265930l.jpg
2284,"Kekkon shimashou, Yamome-san","Let's Get Married, My Sweet Single Divorcee",結婚しましょう、ヤモメさん,Manga,102,,2018,https://cdn.myanimelist.net/images/manga/2/269313l.jpg
2284,Kono Sukebe ni shite Kono Sukebe Ari,,この淫娘〈スケベ〉にしてこの淫母 〈スケベ〉あり,Manga,102,,2018,https://cdn.myanimelist.net/images/manga/3/263064l.jpg
2284,Rei-chan wa Koyubi wo Tateru,Claimed by Rei,レイちゃんは小指をたてる,Manga,102,,2018,https://cdn.myanimelist.net/images/manga/1/250017l.jpg
2284,Zure ga Aru ni mo Hodo ga Aru,A Gap Can Only Be So Wide,ズレがあるにも程がある,Manga,102,,2018,https://cdn.myanimelist.net/images/manga/3/263242l.jpg
2292,Haraguro Onzoushi ga Ijiwaru desu,Merciless Teasing from a High-Class Suitor,腹黒御曹司がイジワルです,Manga,101,,2018,https://cdn.myanimelist.net/images/manga/1/286899l.jpg
2292,Igyou Yorozu no Kouzuya-san,,異形萬乃好事屋さん,Manga,101,,2018,https://cdn.myanimelist.net/images/manga/3/213180l.jpg
2292,Kojireta Koi no Hodokikata,"Unfaithful Love, A Thing of the Past",こじれた恋のほどき方,Manga,101,,2018,https://cdn.myanimelist.net/images/manga/2/294490l.jpg
2292,Mesu-ka no Susume,Slutification Tips,メス化のススメ,One-shot,101,,2018,https://cdn.myanimelist.net/images/manga/3/247920l.jpg
2292,Mofa Shaonu Tongji Zhong!,,魔法少女通緝中!,Manhua,101,,2018,https://cdn.myanimelist.net/images/manga/3/282780l.jpg
2292,Ningyo no Koe,,人魚の声,One-shot,101,,2018,https://cdn.myanimelist.net/images/manga/1/315967l.jpg
2292,Saru Lock Reboot,,猿ロックREBOOT,Manga,101,,2018,https://cdn.myanimelist.net/images/manga/2/244489l.jpg
2292,Torokete Mazatte,,とろけてまざって,Manga,101,,2018,https://cdn.myanimelist.net/images/manga/1/244429l.jpg
2300,Akayoroshi: Yami Hanafuda Yugitan,,あかよろし ～闇花札遊鬼譚～,Manga,100,,2018,https://cdn.myanimelist.net/images/manga/3/248397l.jpg
2300,Android ni Ecchi na Kaihatsu saremashita!?,,アンドロイドにえっちな開発されましたっ!?,Manga,100,,2018,https://cdn.myanimelist.net/images/manga/2/237537l.jpg
2300,Draft King,Draft King,ドラフトキング,Manga,100,,2018,https://cdn.myanimelist.net/images/manga/3/236023l.jpg
2300,Itsuwari no Ai wo Haramu: Omegaverse,,偽りの愛を孕む ―オメガバース―,Manga,100,,2018,https://cdn.myanimelist.net/images/manga/2/264447l.jpg
2300,Iyagaru Anta no Kao ga Mitai Soushuuhen,,嫌がるあんたの顔が見たいー総集編,Doujinshi,100,,2018,https://cdn.myanimelist.net/images/manga/2/298529l.jpg
2300,Kagura Maimai!,,かぐらまいまい！,Manga,100,,2018,https://cdn.myanimelist.net/images/manga/3/233762l.jpg
2300,Kokoro Hodokeba,,こころほどけば,One-shot,100,,2018,https://cdn.myanimelist.net/images/manga/3/237228l.jpg
2300,Kyousei Renai,Forced Love,強制レンアイ,Manga,100,,2018,https://cdn.myanimelist.net/images/manga/1/297874l.jpg
2300,Scapegoat Baby,Scapegoat Baby,スケープゴートベイビー,Doujinshi,100,,2018,https://cdn.myanimelist.net/images/manga/3/277684l.jpg
2300,Sensei to Aiken,,センセイと愛犬,Manga,100,,2018,https://cdn.myanimelist.net/images/manga/1/226462l.jpg
2300,Shouan to Hibi.,,しょうあんと日々。,Manga,100,,2018,https://cdn.myanimelist.net/images/manga/3/231497l.jpg
2300,Sonoda no Uta,,園田の歌,Manga,100,,2018,https://cdn.myanimelist.net/images/manga/3/234747l.jpg
2300,Yondete Hazushiku naru Love Comedy,,読んでて恥ずかしくなるラブコメ,Manga,100,,2018,https://cdn.myanimelist.net/images/manga/1/208091l.jpg
2313,Baihua Baise,,百花百色,Manhua,99,,2018,https://cdn.myanimelist.net/images/manga/3/294300l.jpg
2313,Dekiai Engage: 12-sai Toshiue no Ojisama to,Lovey-Dovey Engagement: My Fiance is 12 Years Older,溺愛エンゲージ～12歳年上のオジサマと～,Manga,99,,2018,https://cdn.myanimelist.net/images/manga/2/274784l.jpg
2313,Hanafuru Futari,,花降るふたり,Manga,99,,2018,https://cdn.myanimelist.net/images/manga/3/255598l.jpg
2313,Kokoro Nagu Yashiro,,心凪ぐ社,Manga,99,,2018,https://cdn.myanimelist.net/images/manga/2/244672l.jpg
2313,Kujira no Kora wa Sajou ni Manabu!,,クジラの子らは砂上に学ぶ！,Manga,99,,2018,https://cdn.myanimelist.net/images/manga/1/281685l.jpg
2313,Miboujin Tozan,,未亡人登山,Manga,99,,2018,https://cdn.myanimelist.net/images/manga/1/260270l.jpg
2313,"Nee, Shikotteyo.",,ねぇ、シコってよ。,Manga,99,,2018,https://cdn.myanimelist.net/images/manga/3/258854l.jpg
2313,Sakasama Lollipop,,さかさまロリポップ,Manga,99,,2018,https://cdn.myanimelist.net/images/manga/2/235535l.jpg
2313,The Hardest Part Girl,,The Hardest Part Girl,Doujinshi,99,,2018,https://cdn.myanimelist.net/images/manga/3/268027l.jpg
2313,Wakamen: The Mineral Boys,,わかメン ～The Mineral Boys～,Manga,99,,2018,https://cdn.myanimelist.net/images/manga/1/242108l.jpg
2323,Happy End wo Yakusoku shimasu,I Promise You a Happy Ending,ハッピーエンドを約束します,Manga,98,,2018,https://cdn.myanimelist.net/images/manga/3/284470l.jpg
2323,"Kami Skill ""Kokyuu"" Suru dake de Level Up Suru Boku wa, Kamigami no Dungeon e Idomu.",,神スキル【呼吸】するだけでレベルアップする僕は、神々のダンジョンへ挑む。,Light Novel,98,,2018,https://cdn.myanimelist.net/images/manga/1/242076l.jpg
2323,Katte ni Hero Yattemasu.,"I'm a hero, but nobody respects me.",勝手にヒーローやってます。,Manga,98,,2018,https://cdn.myanimelist.net/images/manga/3/210196l.jpg
2326,JS Enkou Nisshi,JS Enkou Diary,JS援交日誌,Manga,97,,2018,https://cdn.myanimelist.net/images/manga/2/244837l.jpg
2326,Kimi no Neko ni Naritai,,きみのネコになりたい,Manga,97,,2018,https://cdn.myanimelist.net/images/manga/3/268405l.jpg
2326,Kimi no Suki to wa Chigau,,きみの好きとはちがう,Manga,97,,2018,https://cdn.myanimelist.net/images/manga/3/256282l.jpg
2326,Maru-sensei no ○○ ga Kawaii.,,丸先生の○○がかわいい。,Manga,97,,2018,https://cdn.myanimelist.net/images/manga/3/300537l.jpg
2326,Momonoki-ke no Yonshimai,Four Sisters of Momonoki Family,桃ノ木家の四姉妹,Manga,97,,2018,https://cdn.myanimelist.net/images/manga/3/225620l.jpg
2326,Nonke Ryman no Ore desu ga Maiban Himo ni Aegasaretemasu,"Although I'm a Straight Office Worker, a Freeloader Is Making Me Moan Every Night",ノンケリーマンの俺ですが毎晩ヒモに喘がされてます,Manga,97,,2018,https://cdn.myanimelist.net/images/manga/1/287629l.jpg
2326,Secret Sing,,Secret Sing,One-shot,97,,2018,https://cdn.myanimelist.net/images/manga/1/281404l.jpg
2326,Shiroi Kyotou,White Tower,白い巨塔,Manga,97,,2018,https://cdn.myanimelist.net/images/manga/3/216661l.jpg
2334,Fukujuu no Noroi,,服従の呪い,Manga,96,,2018,https://cdn.myanimelist.net/images/manga/1/268792l.jpg
2334,Hiru-2,,ヒル・ツー,Manga,96,,2018,https://cdn.myanimelist.net/images/manga/3/210685l.jpg
2334,"Hug de Owaru Wake Nee Daro?: Konya, Douki ni Dakitsubusareru",Hugging Is Not Enough,ハグで終わるわけねぇだろ？～今夜、同期に抱き潰される,Manga,96,,2018,https://cdn.myanimelist.net/images/manga/3/254476l.jpg
2334,Isekai Tennis Musou: Tennis Player toka Iu Nazo no Otoko ga Chotto Tsuyosugiru n desu kedo!,,異世界テニス無双 テニスプレイヤーとかいう謎の男がちょっと強すぎるんですけど！,Light Novel,96,,2018,https://cdn.myanimelist.net/images/manga/2/205641l.jpg
2334,Kyonyuu Sousakan Yura: Bitch Order,,巨乳捜査官由良・ビッチオーダー,Manga,96,,2018,https://cdn.myanimelist.net/images/manga/2/228164l.jpg
2334,Misuto no Kaibouroku,,ミストの怪剖録,One-shot,96,,2018,https://cdn.myanimelist.net/images/manga/1/216114l.jpg
2334,Miwaku no Makazoku,,みわくの魔かぞく,Manga,96,,2018,https://cdn.myanimelist.net/images/manga/1/235545l.jpg
2334,Soredewa Mou Oai shimasen You,,それではもうお会いしませんよう,One-shot,96,,2018,https://cdn.myanimelist.net/images/manga/3/338508l.jpg
2334,Yotsugogurashi,Four Child Life,四つ子ぐらし,Novel,96,,2018,https://cdn.myanimelist.net/images/manga/2/235753l.jpg
2343,Banchou x Banchou,,番長×番長,Manga,95,,2018,https://cdn.myanimelist.net/images/manga/3/246396l.jpg
2343,Possessing Nothing,,쥐뿔도 없는 회귀,Novel,95,,2018,https://cdn.myanimelist.net/images/manga/2/313948l.jpg
2345,Ankoku Kishi no Ore desu ga Saikyou no Paladin wo Mezashimasu,,暗黒騎士の俺ですが最強の聖騎士〈パラディン〉をめざします,Light Novel,94,,2018,https://cdn.myanimelist.net/images/manga/2/235371l.jpg
2345,Dali no Witchcraft,Dali's Witchcraft,ダリのウィッチクラフト,One-shot,94,,2018,https://cdn.myanimelist.net/images/manga/2/247779l.jpg
2345,Elite Senmu no Amai Sakuryaku,The Managing Director's Ingeniously Sweet Plan,エリート専務の甘い策略,Manga,94,,2018,https://cdn.myanimelist.net/images/manga/1/278282l.jpg
2345,Hitodenai Ookami,,人でない狼,Manga,94,,2018,https://cdn.myanimelist.net/images/manga/1/256275l.jpg
2345,"Keikenzumi da yo, Watashitachi",We are experienced,経験済みだよ、私たち,Manga,94,,2018,https://cdn.myanimelist.net/images/manga/2/247416l.jpg
2345,Million Dollar Digger,,ミリオンダラーディガー,Manga,94,,2018,https://cdn.myanimelist.net/images/manga/2/220932l.jpg
2345,Naisho no Kyouko-neesan,,ないしょの京子姉さん,Manga,94,,2018,https://cdn.myanimelist.net/images/manga/1/233373l.jpg
2345,Yawaraka Hunter Brothers,,やわらかハンターブラザーズ,One-shot,94,,2018,https://cdn.myanimelist.net/images/manga/1/287877l.jpg
2345,Yosuga Scenario Parade,,よすがシナリオパレェド,Manga,94,,2018,https://cdn.myanimelist.net/images/manga/3/227189l.jpg
2345,and310: Himote Hakase to Koisuru Android,,and310～非モテ博士と恋するアンドロイド～,One-shot,94,,2018,https://cdn.myanimelist.net/images/manga/2/293850l.jpg
2355,10-nengoshi no Koi dakara,Because I've Been in Love With You for a Decade,10年越しの恋だから,Manga,93,,2018,https://cdn.myanimelist.net/images/manga/1/279567l.jpg
2355,Boku to Kimi wa,,ぼくときみは,One-shot,93,,2018,https://cdn.myanimelist.net/images/manga/2/290909l.jpg
2355,Hokahoka JS Onsen,,ホカホカJS温泉,Doujinshi,93,,2018,https://cdn.myanimelist.net/images/manga/3/247410l.jpg
2355,Ojisan to Youjo to Marshmallow,,おじさんとようじょとマシュマロ,Manga,93,,2018,https://cdn.myanimelist.net/images/manga/3/217109l.jpg
2355,Oppai/Oshiri BL,,雄っぱい・雄尻BL,Manga,93,,2018,https://cdn.myanimelist.net/images/manga/1/283795l.jpg
2355,Sabi no Yume Hidari,,錆のゆめ 左,Manga,93,,2018,https://cdn.myanimelist.net/images/manga/1/305174l.jpg
2355,Tensei Kenja wa Musume to Kurasu.,The Reborned Wizard Lives with My Pretty Girls,転生賢者は娘と暮らす。,Light Novel,93,,2018,https://cdn.myanimelist.net/images/manga/3/240410l.jpg
2362,Appare! Urayasu Tekkin Kazoku,,あっぱれ! 浦安鉄筋家族,Manga,92,,2018,https://cdn.myanimelist.net/images/manga/3/214597l.jpg
2362,Asana-kun wa Nonke ja Nai!,,あさな君はノンケじゃない!,Manga,92,,2018,https://cdn.myanimelist.net/images/manga/3/255651l.jpg
2362,Boku wa Nandomo Umarekawaru,I will be born again and again.,僕は何度も生まれ変わる,Light Novel,92,,2018,https://cdn.myanimelist.net/images/manga/3/210969l.jpg
2362,Coffee to Boku: Mangaka ni Zasetsu shita Boku ga 22-sai de Kigyou shite Coffee-ya ni Naru made,Coffee & Me,コーヒーとボク 漫画家に挫折したボクが22歳で起業してコーヒー屋になるまで,Manga,92,,2018,https://cdn.myanimelist.net/images/manga/1/236684l.jpg
2362,Hansuke Kuimonochou,,半助喰物帖,Manga,92,,2018,https://cdn.myanimelist.net/images/manga/3/227019l.jpg
2362,JS to Kekkon Dekiru Yasashii Sekai,,JSと結婚できる優しい世界,Doujinshi,92,,2018,https://cdn.myanimelist.net/images/manga/3/247115l.jpg
2362,Jog! Jog! Jog!,,Jog! Jog! Jog!,Manga,92,,2018,https://cdn.myanimelist.net/images/manga/3/235723l.jpg
2362,Satorare: Usotsuki-tachi no Yuuutsu,Satorare: Melancholy of the Liars,サトラレ～嘘つきたちの憂鬱～,Manga,92,,2018,https://cdn.myanimelist.net/images/manga/2/215688l.jpg
2362,Utawarerumono: Chiriyukumono e no Komoriuta - Tsudoi,,うたわれるもの 散りゆく者への子守唄 集,Manga,92,,2018,https://cdn.myanimelist.net/images/manga/2/216041l.jpg
2362,Yamitsuki Trip,,やみつきトリップ,Manga,92,,2018,https://cdn.myanimelist.net/images/manga/3/274759l.jpg
2372,Kanojo ga Suki na Mono wa Homo de Atte Boku dewa Nai,,彼女が好きなものはホモであって僕ではない,Novel,91,,2018,https://cdn.myanimelist.net/images/manga/1/277661l.jpg
2372,Rockman 11: Unmei no Haguruma!!,,ロックマン11 運命の歯車!!,One-shot,91,,2018,https://cdn.myanimelist.net/images/manga/2/234610l.jpg
2372,Sexual Cheat de In-line Game Kouryaku!,Sexual♡Cheat♡Inlinegame,セクシャル・痴ートで淫ラインゲーム攻略！,Light Novel,91,,2018,https://cdn.myanimelist.net/images/manga/1/219240l.jpg
2372,"Tsuki ni Murakumo, Hana ni Arashi",All Roses Have Thorns,月にむら雲、花にあらし,Manga,91,,2018,https://cdn.myanimelist.net/images/manga/1/235334l.jpg
2376,Arashi no Naka de Kagayaite,,嵐の中で輝いて,One-shot,90,,2018,https://cdn.myanimelist.net/images/manga/1/244119l.jpg
2376,Bomber Boy,,ボンバボーイ,Manga,90,,2018,https://cdn.myanimelist.net/images/manga/2/248441l.jpg
2376,Kurogane no Mahoutsukai,,黒鉄の魔法使い,Light Novel,90,,2018,https://cdn.myanimelist.net/images/manga/2/246566l.jpg
2379,Bari-tachi Tenshi ni Dakareru Oshigoto,Aggressive Sex with an Angelic Smile,ﾊﾞﾘﾀﾁ天使に抱かれるお仕事,Manga,89,,2018,https://cdn.myanimelist.net/images/manga/1/335798l.jpg
2379,Kako no Anata wo Yuukai Shimashita,,過去のあなたを誘拐しました,Manga,89,,2018,https://cdn.myanimelist.net/images/manga/2/221719l.jpg
2379,Kurayami no Venus,Twilight Vows,暗闇のヴィーナス,Manga,89,,2018,https://cdn.myanimelist.net/images/manga/1/228883l.jpg
2379,Mesugao,,発情表情〈メスガオ〉,Manga,89,,2018,https://cdn.myanimelist.net/images/manga/3/307186l.jpg
2379,Wind Sword,,풍검,Manhwa,89,,2018,https://cdn.myanimelist.net/images/manga/2/334044l.jpg
2384,Funky Baby,,ファンキーベイビー,Manga,88,,2018,https://cdn.myanimelist.net/images/manga/3/299295l.jpg
2384,Hisshuu!! Sex-bu,,必修!!セックス部,Manga,88,,2018,https://cdn.myanimelist.net/images/manga/3/244612l.jpg
2384,Ichinichi Sanshoku Zettai Tabetai,I Want to Eat Three Meals a Day.,一日三食絶対食べたい,Manga,88,,2018,https://cdn.myanimelist.net/images/manga/3/228162l.jpg
2384,Lever Gacha Archive,,レバガチャアーカイブ,Manga,88,,2018,https://cdn.myanimelist.net/images/manga/1/215151l.jpg
2384,Minimum Kyonyuu Shoujo,Minimum Busty Girl,みにまむ巨乳少女,Manga,88,,2018,https://cdn.myanimelist.net/images/manga/3/244836l.jpg
2384,Neko to Wakagashira,,猫と若頭,Doujinshi,88,,2018,https://cdn.myanimelist.net/images/manga/1/299130l.jpg
2384,"Ore, Tsushima",,俺、つしま,Manga,88,,2018,https://cdn.myanimelist.net/images/manga/2/291136l.jpg
2384,"Orekko Haiboku: Ore, Onnanoko Datta n da",,俺っ娘敗北～俺、女の子だったんだ～,Doujinshi,88,,2018,https://cdn.myanimelist.net/images/manga/2/289368l.jpg
2384,Welcome to the Intimate Night,,다정한 밤에 어서오세요,Manhwa,88,,2018,https://cdn.myanimelist.net/images/manga/3/338569l.jpg
2384,Ω Jikenbo: Kono Ko Ore ga Umimashita,Omega's Case File: I Gave Birth to This Baby.,Ω事件簿 この子オレが産みました,Manga,88,,2018,https://cdn.myanimelist.net/images/manga/3/301953l.jpg
2394,Baritachi (Jishou) no Ore wa Kantan ni wa Dakaremasen!,A Total Top (Like Me) Won't Get Fucked So Easily!,バリタチ(自称)の俺は簡単には抱かれません!,Manga,87,,2018,https://cdn.myanimelist.net/images/manga/2/319256l.jpg
2394,Damasare Ue Haha Toroke Seikou,Fooled Starve Mother Melting Sex,だまされ飢え母とろけ性交,Manga,87,,2018,https://cdn.myanimelist.net/images/manga/3/257719l.jpg
2394,Gurazeni: Pa League-hen,,グラゼニ ～パ・リーグ編～,Manga,87,,2018,https://cdn.myanimelist.net/images/manga/1/210747l.jpg
2394,Kaban Koubou Nikki,,鞄工房日記,Manga,87,,2018,https://cdn.myanimelist.net/images/manga/3/219799l.jpg
2394,Kekkon Afro Tanaka,,結婚アフロ田中,Manga,87,,2018,https://cdn.myanimelist.net/images/manga/3/214256l.jpg
2394,Kigoku no Yoru,,鬼獄の夜,Manga,87,,2018,https://cdn.myanimelist.net/images/manga/2/339651l.jpg
2394,Kimi wa Ma Chérie,,きみはマシェリ,Manga,87,,2018,https://cdn.myanimelist.net/images/manga/1/269492l.jpg
2394,Kyoui Touma,,侠医冬馬,Manga,87,,2018,https://cdn.myanimelist.net/images/manga/3/215449l.jpg
2394,Noise Cancelling,,Noise Cancelling,Manga,87,,2018,https://cdn.myanimelist.net/images/manga/2/263763l.jpg
2394,Watashi no Kamisama,,私の神様,Manga,87,,2018,https://cdn.myanimelist.net/images/manga/1/219567l.jpg
2404,1 Milky Way Street,1 Milky Way Street,은하수 1번가,Manhwa,86,,2018,https://cdn.myanimelist.net/images/manga/2/332100l.jpg
2404,Aki no Shika wa Fue ni Yoru,,秋の鹿は笛に寄る,Manga,86,,2018,https://cdn.myanimelist.net/images/manga/3/237036l.jpg
2404,Chouju Giga,,長寿戯画,Manga,86,,2018,https://cdn.myanimelist.net/images/manga/1/245451l.jpg
2404,Guruguru Tekuteku,,ぐるぐるてくてく,Manga,86,,2018,https://cdn.myanimelist.net/images/manga/1/228136l.jpg
2404,Hitai ni Furu Shiro,,ひたいに降る白,Doujinshi,86,,2018,https://cdn.myanimelist.net/images/manga/1/339615l.jpg
2404,Kokoronashi no Kirimu,,心なしのキリム,Manga,86,,2018,https://cdn.myanimelist.net/images/manga/3/211432l.jpg
2404,NocturnaL,,NocturnaL,Manga,86,,2018,https://cdn.myanimelist.net/images/manga/3/321026l.jpg
2404,Nyotaika Tengoku,,女体化天国,Manga,86,,2018,https://cdn.myanimelist.net/images/manga/1/330603l.jpg
2404,Sex Friend ni Koishite Naze Warui,Childhood Friend → Sex Friend → Lovers?,セフレに恋してなぜ悪い,Manga,86,,2018,https://cdn.myanimelist.net/images/manga/1/267042l.jpg
2413,Boku no Renai Hakusho: Oneesan to Icha Love,,ボクの恋愛白書～おねーさんとイチャラブ～,Manga,85,,2018,https://cdn.myanimelist.net/images/manga/1/251896l.jpg
2413,Bug Girl.,Bug Girl,バグガール。,Manga,85,,2018,https://cdn.myanimelist.net/images/manga/1/221960l.jpg
2413,Bukyou Souha,,武狂争覇,Manga,85,,2018,https://cdn.myanimelist.net/images/manga/1/230688l.jpg
2413,Dolo Mingyun Jiaonang,Dolo's Destiny Capsule,DOLO命运胶囊,Manhua,85,,2018,https://cdn.myanimelist.net/images/manga/2/316198l.jpg
2413,Himitsu no Tokkun,Secret Training,ひみつのとっくん,One-shot,85,,2018,https://cdn.myanimelist.net/images/manga/3/256396l.jpg
2413,Hitozuma Chuudoku♡,,人妻ちゅーードクッ♡,Manga,85,,2018,https://cdn.myanimelist.net/images/manga/1/285293l.jpg
2413,Itomusubi Soushuuhen,Cat's Cradle,イトムスビ総集編,Doujinshi,85,,2018,https://cdn.myanimelist.net/images/manga/1/310510l.jpg
2413,Kabedon!,,壁ドン!,Manga,85,,2018,https://cdn.myanimelist.net/images/manga/3/234720l.jpg
2413,Kawaisou na Mina,Poor Little Mina: A Ghost Tale,かわいそうなミーナ,Manga,85,,2018,https://cdn.myanimelist.net/images/manga/3/325226l.jpg
2413,Kenja no Manabiya: Bouei Ika Daigakkou Monogatari,,賢者の学び舎 防衛医科大学校物語,Manga,85,,2018,https://cdn.myanimelist.net/images/manga/3/210570l.jpg
2413,Shounen Jeanne,,娼年ジャンヌ,Doujinshi,85,,2018,https://cdn.myanimelist.net/images/manga/1/315773l.jpg
2413,Watashi ga Tsuyoku shitai Kami,The god I want to strengthen,わたしが強くしたい神,Manga,85,,2018,https://cdn.myanimelist.net/images/manga/2/211724l.jpg
2413,Yoi Ten Totte ne Watashi no Tame ni,Get Good Grades for Me,良い点取ってね 私のために,Doujinshi,85,,2018,https://cdn.myanimelist.net/images/manga/2/304525l.jpg
2426,Ishibashi Boueitai (Kounin),Ishibashi Defense Corps Official,石橋防衛隊（公認）,Manga,84,,2018,https://cdn.myanimelist.net/images/manga/1/276079l.jpg
2426,Kuzu to Kemomimi,,クズとケモ耳,Manga,84,,2018,https://cdn.myanimelist.net/images/manga/1/242996l.jpg
2426,Layton Mystery Tanteisha: Katri no Nazotoki File,,レイトンミステリー探偵社 カトリーのナゾトキファイル,Manga,84,,2018,https://cdn.myanimelist.net/images/manga/3/307436l.jpg
2426,London-tou no Nue,Chimera in the Tower of London,倫敦塔の鵺,Manga,84,,2018,https://cdn.myanimelist.net/images/manga/2/210619l.jpg
2426,Motokano Sharing,,元カノしぇありんぐ,One-shot,84,,2018,https://cdn.myanimelist.net/images/manga/3/284276l.jpg
2426,Sentou de Yaritai Houdai,A naughty girl has sex in a public bath.,銭湯でヤリたい放題,Manga,84,,2018,https://cdn.myanimelist.net/images/manga/3/272482l.jpg
2426,Tsuma ga Yoso de Dakareru Wake,,妻が他所で抱かれるわけ,Manga,84,,2018,https://cdn.myanimelist.net/images/manga/2/258090l.jpg
2426,Zero no Daikenja: Wakagaetta Saikyou Kenja wa Shoutai wo Kakushite Nariagaru,,ゼロの大賢者 ～若返った最強賢者は正体を隠して成り上がる～,One-shot,84,,2018,https://cdn.myanimelist.net/images/manga/1/260352l.jpg
2434,Anata wa Watashi no Unmei no Hito,,あなたは私の運命のひと,Doujinshi,83,,2018,https://cdn.myanimelist.net/images/manga/3/323338l.jpg
2434,Eiyuu Densetsu: Sen no Kiseki IV - The End of Saga - Prologue Comic,,英雄伝説 閃の軌跡IV -THE END OF SAGA- Prologue COMIC,One-shot,83,,2018,https://cdn.myanimelist.net/images/manga/3/230731l.jpg
2434,Fantasyland,Fantasyland,망상구간,Manhwa,83,,2018,https://cdn.myanimelist.net/images/manga/1/320036l.jpg
2434,Freezing Point,Freezing Point,어는 점,Manhwa,83,,2018,https://cdn.myanimelist.net/images/manga/3/332473l.jpg
2434,Jiu Ming Ren: Shi Zhi Lunhui,,九命人-時之輪迴,Manhua,83,,2018,https://cdn.myanimelist.net/images/manga/1/300634l.jpg
2434,Kimi ga Tsurarete Warau kara: Sora Yukiya 1st Sakuhinshuu,Because You Always Laugh with Me...,君がつられて笑うから 蒼空ユキヤ 1st作品集,Manga,83,,2018,https://cdn.myanimelist.net/images/manga/1/288922l.jpg
2434,Kowaku no Sato,,蠱惑の里,Manga,83,,2018,https://cdn.myanimelist.net/images/manga/2/283524l.jpg
2434,Momonoke Togari,,モモノ怪トガリ,Manga,83,,2018,https://cdn.myanimelist.net/images/manga/1/212642l.jpg
2434,Onna ni wa 3-nen ni Ichido Dounika Saretai Hi ga Aru,Woman Can't Control Her Desire.,女には３年に一度どうにかされたい日がある,Manga,83,,2018,https://cdn.myanimelist.net/images/manga/2/246046l.jpg
2434,Sagara: S no Dousotai,,サガラ～Ｓの同素体～,Manga,83,,2018,https://cdn.myanimelist.net/images/manga/3/216101l.jpg
2434,Shell,,껍데기,Manhwa,83,,2018,https://cdn.myanimelist.net/images/manga/3/263915l.jpg
2434,Soutaisei Otome Riron,Soutaisei Virgin Theory,双体性おとめ理論,Manga,83,,2018,https://cdn.myanimelist.net/images/manga/3/245234l.jpg
2434,Tenmasu,Tender Master,てんます,Doujinshi,83,,2018,https://cdn.myanimelist.net/images/manga/1/311263l.jpg
2434,Yoake wo Matteta,I Was Waiting for the Dawn,夜明けを待ってた,Manga,83,,2018,https://cdn.myanimelist.net/images/manga/1/251882l.jpg
2434,Yuzu no Doubutsu Karte: Chiisana Juui - Kochira Wan Nyan Doubutsu Byouin,,ゆずのどうぶつカルテ~小さな獣医~こちらわんニャンどうぶつ病院,Manga,83,,2018,https://cdn.myanimelist.net/images/manga/3/228113l.jpg
2449,A Business Proposal,A Business Proposal,사내 맞선,Novel,82,,2018,https://cdn.myanimelist.net/images/manga/1/295203l.jpg
2449,Aka to Kuro dj - Ashita Sekai ga Owaru nara,,明日世界が終わるなら,Doujinshi,82,,2018,https://cdn.myanimelist.net/images/manga/1/265812l.jpg
2449,Dokoka no Heya de,In A Dark Room Somewhere,どこかの部屋で,Manga,82,,2018,https://cdn.myanimelist.net/images/manga/3/250691l.jpg
2449,Hidoku Shinaide dj - Akakute Oishii,,あかくておいしい,Doujinshi,82,,2018,https://cdn.myanimelist.net/images/manga/3/305350l.jpg
2449,"Juunengo ni Agatta, Ano Hi no Ame.",,十年後にあがった、あの日の雨。,Manga,82,,2018,https://cdn.myanimelist.net/images/manga/1/255634l.jpg
2449,Mushikago Kitan,,蟲籠奇譚,Manga,82,,2018,https://cdn.myanimelist.net/images/manga/2/242644l.jpg
2449,Sono Ki ni Sasete,Turn Me On,その気にさせて,Manga,82,,2018,https://cdn.myanimelist.net/images/manga/1/255460l.jpg
2456,120-jikanbun no Orgasm: Polynesian Sex tte Kimochi Yosugiru,The 120-Hour Polynesian Orgasm,120時間分のオーガズム～ポリネシアンセックスって気持ちよすぎる,Manga,81,,2018,https://cdn.myanimelist.net/images/manga/1/271976l.jpg
2456,Boku wa Kimi wo Futorasetai!,I want to fatten you up!,僕は君を太らせたい!,Manga,81,,2018,https://cdn.myanimelist.net/images/manga/2/216189l.jpg
2456,Doukoku no Majutsushi: Brave & Chicken,,導国の魔術師 -BRAVE&CHICKEN-,Manga,81,,2018,https://cdn.myanimelist.net/images/manga/3/215854l.jpg
2456,"Doumo, Fujoshi desu.",,どうも、腐女子です。,Manga,81,,2018,https://cdn.myanimelist.net/images/manga/1/238506l.jpg
2456,Dungeon de Ohanatsumi nanka Yurushimasen!!,,ダンジョンでお花摘みなんか許しません！！,Manga,81,,2018,https://cdn.myanimelist.net/images/manga/1/220042l.jpg
2456,Hoozuki-san Chi no Aneki (+Imouto no Omake),,鬼灯さん家のアネキ(＋妹のおまけ),Manga,81,,2018,https://cdn.myanimelist.net/images/manga/1/321293l.jpg
2456,JK-ka Reflect,,JK化リフレ,Doujinshi,81,,2018,https://cdn.myanimelist.net/images/manga/3/310843l.jpg
2456,Kaguya Den,,輝夜伝,Manga,81,,2018,https://cdn.myanimelist.net/images/manga/3/289259l.jpg
2456,Kanojo ni Kubittake,,彼女に首ったけ,Manga,81,,2018,https://cdn.myanimelist.net/images/manga/2/222737l.jpg
2456,Ketsueki Null,,血液ヌル,One-shot,81,,2018,https://cdn.myanimelist.net/images/manga/2/276600l.jpg
2456,Kurayami Neko no Aishikata,,暗闇猫の愛し方,Manga,81,,2018,https://cdn.myanimelist.net/images/manga/3/237870l.jpg
2456,Ososugita Isekai Tensei: Jinrui wo Horoboshita Maou desu kedo Yokattara Uchi de Hatarakimasen ka?,It Was Insanely Too Late to Incarnate!,遅すぎた異世界転生 人類を滅ぼした魔王ですけどよかったらウチで働きませんか?,Light Novel,81,,2018,https://cdn.myanimelist.net/images/manga/1/234945l.jpg
2456,Shinnichi Gakuen: Naitou Tetsuya Monogatari,New Japan Academy: The Tale of Tetsuya Naito,新日学園 内藤哲也物語,Manga,81,,2018,https://cdn.myanimelist.net/images/manga/3/254067l.jpg
2456,Tandeki Moratorium,Indulgence Moratorium,耽溺モラトリアム,Manga,81,,2018,https://cdn.myanimelist.net/images/manga/1/319258l.jpg
2456,Yakumotatsu Arata,,八雲立つ 灼,Manga,81,,2018,https://cdn.myanimelist.net/images/manga/3/211416l.jpg
2471,Ai to Aizawa,Ai in the Ai,アイとアイザワ,Manga,80,,2018,https://cdn.myanimelist.net/images/manga/2/231866l.jpg
2471,Anata no Karada datta noni,,あなたのカラダだったのに,Manga,80,,2018,https://cdn.myanimelist.net/images/manga/3/272748l.jpg
2471,Fuck no Jikan,Time to Fxxk me,ふぁ~っくのじかん,Manga,80,,2018,https://cdn.myanimelist.net/images/manga/3/294472l.jpg
2471,Kami no Ko Nonoko,,かみのこののこ,Manga,80,,2018,https://cdn.myanimelist.net/images/manga/1/218112l.jpg
2471,Omega Porno: Case. Chiaki,Omega Marking,オメガポルノ case.千昭,Manga,80,,2018,https://cdn.myanimelist.net/images/manga/3/279946l.jpg
2471,"Uzuku Karada, Kaihatsu wa Omocha de",,疼くカラダ、開発は玩具で,Manga,80,,2018,https://cdn.myanimelist.net/images/manga/2/245998l.jpg
2477,Akanesasu Shoujo: 4-koma Parallel,,あかねさす少女 4コマぱられる,Manga,79,,2018,https://cdn.myanimelist.net/images/manga/2/234542l.jpg
2477,Charco,,チャー子,Manga,79,,2018,https://cdn.myanimelist.net/images/manga/2/280830l.jpg
2477,Daifugou to Taorareta Hana,A Different Dream,大富豪と手折られた花,Manga,79,,2018,https://cdn.myanimelist.net/images/manga/2/227175l.jpg
2477,Hadaka no Ruu-kun,Naked Ruu-kun,裸のるーくん,Manga,79,,2018,https://cdn.myanimelist.net/images/manga/3/234584l.jpg
2477,Isekai Hoikuen wo Hirakimashita: Fusei Skill de Saikyou Loli Seirei-tachi wa Deredere desu,"I Opened the ""Different World Nursery School"".",異世界保育園を開きました ～父性スキルで最強ロリ精霊たちはデレデレです～,Light Novel,79,,2018,https://cdn.myanimelist.net/images/manga/1/241374l.jpg
2477,Sea of June,,유월의 바다,Manhwa,79,,2018,https://cdn.myanimelist.net/images/manga/1/341067l.jpg
2477,Shishunki wa Ichido dake,The One and Only Adolescence.,思春期はいちどだけ,Manga,79,,2018,https://cdn.myanimelist.net/images/manga/2/325969l.jpg
2477,Shousetsu Gekjouban Nanatsu no Taizai: Tenkuu no Torawarebito,,小説 劇場版 七つの大罪 天空の囚われ人,Light Novel,79,,2018,https://cdn.myanimelist.net/images/manga/2/309553l.jpg
2477,Toshi no Sa x Omegaverse BL,,年の差×オメガバースBL,Manga,79,,2018,https://cdn.myanimelist.net/images/manga/1/289942l.jpg
2477,Yarashii Oniisan de Doutei Soushitsu,A Lustful Older Guy Took My Virginity,やらしいお兄さんで童貞喪失,Manga,79,,2018,https://cdn.myanimelist.net/images/manga/1/306952l.jpg
2487,Azuma Otoko Kyou Otoko,,東オトコ京オトコ,Manga,78,,2018,https://cdn.myanimelist.net/images/manga/2/284554l.jpg
2487,Hanakui,,花喰い,Manga,78,,2018,https://cdn.myanimelist.net/images/manga/1/215859l.jpg
2487,Kamaitaku Naru Senaka,,構いたくなる背中,Manga,78,,2018,https://cdn.myanimelist.net/images/manga/2/270356l.jpg
2487,Kateikyoushi no Hitsuyou na,,家庭教師の必要な,Doujinshi,78,,2018,https://cdn.myanimelist.net/images/manga/3/311587l.jpg
2487,"Kono Otoko, Moujuu ni Tsuki Youchuu. Kiken na Kouhai no Gokujou Sex",Beware of the Beast,この男、猛獣につき要注意。―危険な後輩の極上セックス―,Manga,78,,2018,https://cdn.myanimelist.net/images/manga/3/299384l.jpg
2487,Midnight Rescue,,ミッドナイトレスキュー,Doujinshi,78,,2018,https://cdn.myanimelist.net/images/manga/1/294166l.jpg
2487,Tatta Hitotsu no Koto shika Shiranai,,たったひとつのことしか知らない,One-shot,78,,2018,https://cdn.myanimelist.net/images/manga/2/306194l.jpg
2487,Touhikou ja Arumai shi,,逃避行じゃあるまいし,Manga,78,,2018,https://cdn.myanimelist.net/images/manga/2/315183l.jpg
2487,Un-Re-Write,Un-Re-Write,アンリライト,Manga,78,,2018,https://cdn.myanimelist.net/images/manga/2/288297l.jpg
2496,Hanabusa-kun wa Kimi Izonshou,,花房くんはキミ依存症,Manga,77,,2018,https://cdn.myanimelist.net/images/manga/1/213245l.jpg
2496,Hanarezurai Asa,,離れづらい朝,Doujinshi,77,,2018,https://cdn.myanimelist.net/images/manga/2/329967l.jpg
2496,Hazukashii Kateikyoushi de Gomennasai,,恥ずかしい家庭教師でごめんなさい,Light Novel,77,,2018,https://cdn.myanimelist.net/images/manga/3/219809l.jpg
2496,Heroine Jijou,,ヒロイン事情,One-shot,77,,2018,https://cdn.myanimelist.net/images/manga/1/233549l.jpg
2496,Hip Runner,,ヒップランナー,Manga,77,,2018,https://cdn.myanimelist.net/images/manga/2/246783l.jpg
2496,Kasshoku no Rose,,褐色のロゼ,One-shot,77,,2018,https://cdn.myanimelist.net/images/manga/3/244709l.jpg
2496,Konyoku no Okite,The Law of Mixed Bathing,混浴の掟,One-shot,77,,2018,https://cdn.myanimelist.net/images/manga/1/248620l.jpg
2496,Kuukai,,空海 -KU-KAI-,Manga,77,,2018,https://cdn.myanimelist.net/images/manga/3/206844l.jpg
2496,Oh! My Assistant,Oh! My Assistant,오! 나의 어시님,Manhwa,77,,2018,https://cdn.myanimelist.net/images/manga/2/347580l.jpg
2496,Raise de wa Chanto Shimasu,,来世ではちゃんとします,Manga,77,,2018,https://cdn.myanimelist.net/images/manga/2/278825l.jpg
2496,Senpai wa Joshikousei♂,Pornostar in Schoolgirl Uniform,先輩は女子校生♂,Manga,77,,2018,https://cdn.myanimelist.net/images/manga/2/278472l.jpg
2496,Yomizuka no Kaii-san,,四見塚の怪異さん,Manga,77,,2018,https://cdn.myanimelist.net/images/manga/1/230412l.jpg
2508,Akatsuki no Hanayome,Married By Dawn,暁の花嫁,Manga,76,,2018,https://cdn.myanimelist.net/images/manga/3/240435l.jpg
2508,Annie's Pantser,,アニーズ・ぱんつぁー,Manga,76,,2018,https://cdn.myanimelist.net/images/manga/2/245688l.jpg
2508,Hei Lang,,黒狼〈ヘイラン〉,Manga,76,,2018,https://cdn.myanimelist.net/images/manga/3/229837l.jpg
2508,Ishukoi Holic,Interspecies Addiction,異種恋HOLIC,Manga,76,,2018,https://cdn.myanimelist.net/images/manga/2/265002l.jpg
2508,KB-bu,,KB部,Light Novel,76,,2018,https://cdn.myanimelist.net/images/manga/3/226696l.jpg
2508,Maria-sama no Inai Machi: Story of Carocheila,,マリア様のいない町 -Story of Carocheila-,Manga,76,,2018,https://cdn.myanimelist.net/images/manga/3/288046l.jpg
2508,My Secret Pet,My Secret Pet,My Secret Pet,One-shot,76,,2018,https://cdn.myanimelist.net/images/manga/2/283646l.jpg
2508,Oishiku Meshiagare,Enjoy Your Meal.,おいしく召しあがれ,Manga,76,,2018,https://cdn.myanimelist.net/images/manga/2/287166l.jpg
2508,Shinu Toki wa Mabayuku,,死ぬときはまばゆく,Manga,76,,2018,https://cdn.myanimelist.net/images/manga/3/216065l.jpg
2517,Butlers: Chitose Momotose Monogatari,,Butlers～千年百年物語～,Manga,75,,2018,https://cdn.myanimelist.net/images/manga/3/225538l.jpg
2517,Ii Ko ni Naritai♡,I want to be a good girl.,いいコになりたい♡,Manga,75,,2018,https://cdn.myanimelist.net/images/manga/3/243255l.jpg
2517,Joushi Joshi.,,じょうしじょし。,Manga,75,,2018,https://cdn.myanimelist.net/images/manga/2/222413l.jpg
2517,"Kayou, 25-ji no Koibito",,火曜、25時の恋人,Manga,75,,2018,https://cdn.myanimelist.net/images/manga/2/252333l.jpg
2517,Manga de! Nyanko Daisensou,,まんがで！にゃんこ大戦争,Manga,75,,2018,https://cdn.myanimelist.net/images/manga/3/276714l.jpg
2517,"Mawaru Gakuen to, Senpai to Boku: Simple Life","The School, the Senior and I",廻る学園と、先輩と僕 Simple Life,Light Novel,75,,2018,https://cdn.myanimelist.net/images/manga/3/254660l.jpg
2517,Mona Lisa Mania,,モナリザマニア,Manga,75,,2018,https://cdn.myanimelist.net/images/manga/1/221286l.jpg
2517,Mousou wo Genjitsu ni Suru Houhou,,妄想を現実にする方法,Manga,75,,2018,https://cdn.myanimelist.net/images/manga/2/276263l.jpg
2517,Seichouki,,せいちょうき,Manga,75,,2018,https://cdn.myanimelist.net/images/manga/1/244120l.jpg
2517,Seishun Again,,セイシュンアゲイン,Manga,75,,2018,https://cdn.myanimelist.net/images/manga/3/246373l.jpg
2517,Sunny Day,Sunny Day,SUNNY DAY,One-shot,75,,2018,https://cdn.myanimelist.net/images/manga/1/240352l.jpg
2517,Versus Gyoshin-san!,,バーサス魚紳さん!,Manga,75,,2018,https://cdn.myanimelist.net/images/manga/3/216100l.jpg
2517,Yarisugita Majin Senmetsusha no New Game,,やりすぎた魔神殲滅者の七大罪遊戯〈ニューゲーム〉,Light Novel,75,,2018,https://cdn.myanimelist.net/images/manga/3/259640l.jpg
2530,Afumi no Umi: Minamo ga Yureru Toki,The Sea of Afumi: When the Waters Shook,淡海乃海 水面が揺れる時,Manga,74,,2018,https://cdn.myanimelist.net/images/manga/1/235826l.jpg
2530,Houkago Kagura Vibes,After School Kagura Story,放課後カグラヴァイブス,Manga,74,,2018,https://cdn.myanimelist.net/images/manga/2/210318l.jpg
2530,Hyakka Ryouran: Sengoku Otome - Karakuri Soudou-hen,,百花繚乱 戦国乙女 -カラクリ騒動編-,Manga,74,,2018,https://cdn.myanimelist.net/images/manga/2/222078l.jpg
2530,"Rin to shite Saku, Karen na Hana no You ni",,凛として咲く、カレンな花のように,One-shot,74,,2018,https://cdn.myanimelist.net/images/manga/3/211247l.jpg
2530,Sensei de Asonja Ikemasen!,No Messing Around with Your Teacher!,先生で遊んじゃイケません!,Manga,74,,2018,https://cdn.myanimelist.net/images/manga/3/296539l.jpg
2530,Smoking Savage,,スモーキング・サベージ,Manga,74,,2018,https://cdn.myanimelist.net/images/manga/1/217103l.jpg
2536,Age '87,AGE eighty-seventh,エイジ'87,Manga,73,,2018,https://cdn.myanimelist.net/images/manga/2/215305l.jpg
2536,Isekai Elf no Dorei-chan,,異世界エルフの奴隷ちゃん,Light Novel,73,,2018,https://cdn.myanimelist.net/images/manga/3/242732l.jpg
2536,"Iya, Tsuresaru Aite Machigatteru kara!",Hey! You've Kidnapped the Wrong Royal!,いや、つれさる相手間違ってるから!,Light Novel,73,,2018,https://cdn.myanimelist.net/images/manga/3/243522l.jpg
2536,"Kono Saki, Dobunuma Chuui",5 seconds stoppable,この先、どぶ沼注意,Manga,73,,2018,https://cdn.myanimelist.net/images/manga/3/216401l.jpg
2536,Murderball,,マーダーボール,Manga,73,,2018,https://cdn.myanimelist.net/images/manga/1/227043l.jpg
2536,Nanika Ii no Mitsuketa! Re:,Found Something Good!,何かいいの見つけた! Re:,Manga,73,,2018,https://cdn.myanimelist.net/images/manga/1/270451l.jpg
2536,Oneechan ga Boku no Maou wo Mamotteru!,,お姉ちゃんが僕の魔王を守ってる！,Manga,73,,2018,https://cdn.myanimelist.net/images/manga/2/219687l.jpg
2536,Psycho Against,,サイコアゲンスト,Manga,73,,2018,https://cdn.myanimelist.net/images/manga/3/216398l.jpg
2536,"Shanai Koiwazurai: Ore, Kaisha no Kouhai ni Ikenai Koto sareteimasu",Office Love Sickness,社内恋煩い～俺、会社の後輩にイケナイことされています～,Manga,73,,2018,https://cdn.myanimelist.net/images/manga/1/264651l.jpg
2545,35 no Hi,,35の日,One-shot,72,,2018,https://cdn.myanimelist.net/images/manga/1/277829l.jpg
2545,Aoiro Stripe,Blue Color Stripe,青色ストライプ,Manga,72,,2018,https://cdn.myanimelist.net/images/manga/1/215254l.jpg
2545,Best Eight,Best 8+,ベストエイト,Manga,72,,2018,https://cdn.myanimelist.net/images/manga/3/215698l.jpg
2545,Double Oyako Mitsukurabe,,ダブル母娘蜜くらべ,Light Novel,72,,2018,https://cdn.myanimelist.net/images/manga/3/219332l.jpg
2545,Furies: Kokuu no Ginyoku,Furies: Silver Wing in Empty Sky,フューリーズ 虚空の銀翼,Manga,72,,2018,https://cdn.myanimelist.net/images/manga/1/228202l.jpg
2545,Koitsura no Shoutai ga Onna dato Ore dake ga Shitteiru,,こいつらの正体が女だと俺だけが知っている,Light Novel,72,,2018,https://cdn.myanimelist.net/images/manga/3/250294l.jpg
2545,Kojirase Hyakki Do Minor,,こじらせ百鬼ドマイナー,Manga,72,,2018,https://cdn.myanimelist.net/images/manga/3/215333l.jpg
2545,Mrs. Mermaid,,ミセス・マーメイド,Manga,72,,2018,https://cdn.myanimelist.net/images/manga/1/287774l.jpg
2545,Oneesan ga Iyashite Ageru,,お姉さんが癒してあげる,Manga,72,,2018,https://cdn.myanimelist.net/images/manga/1/278119l.jpg
2545,Oniichan wa Se ga Chiisai,My Brother Is Short,お兄ちゃんは背が小さい,Manga,72,,2018,https://cdn.myanimelist.net/images/manga/3/211423l.jpg
2545,"Shounen Jump+ 10-shuunen Kinen Manga Yomikirishuu ""Jou""",,少年ジャンプ+10周年記念漫画 読切集『情』,Manga,72,,2018,https://cdn.myanimelist.net/images/manga/2/318664l.jpg
2545,"Tobira wo Akete, Boku dake wo Mite.",Open the Door and Look at Me.,扉をあけて、僕だけを見て。,Manga,72,,2018,https://cdn.myanimelist.net/images/manga/1/264653l.jpg
2557,Cheers!,,チアーズ！,Manga,71,,2018,https://cdn.myanimelist.net/images/manga/3/216123l.jpg
2557,"Himegimi, Kusemono to Dousei shimasu!",My Lady Is Living with a Rogue!,姫君、くせ者と同棲します!,Manga,71,,2018,https://cdn.myanimelist.net/images/manga/3/285463l.jpg
2557,Jouzu ni Mate ga Dekiru kana,,上手に待てができるかな,Manga,71,,2018,https://cdn.myanimelist.net/images/manga/3/289066l.jpg
2557,Kodai Senshi Haniwatt,Ancient Warrior Haniwatt,古代戦士ハニワット,Manga,71,,2018,https://cdn.myanimelist.net/images/manga/1/256272l.jpg
2557,Koi to Retsujou no Serenata,Serenade of Love and Lust,恋と劣情のセレナータ,Manga,71,,2018,https://cdn.myanimelist.net/images/manga/3/288271l.jpg
2557,Nekogami-sama wa Fuwafuwa no Ofuton ga Osuki,,ねこ神様はふわふわのお布団がお好き,Manga,71,,2018,https://cdn.myanimelist.net/images/manga/1/215328l.jpg
2557,Nikusogimura,,肉祓村,Manga,71,,2018,https://cdn.myanimelist.net/images/manga/3/230340l.jpg
2557,Paradise Lost,Paradise Lost,쉴라 건,Manhwa,71,,2018,https://cdn.myanimelist.net/images/manga/2/266507l.jpg
2557,Pochi to Hina,,ポチとヒナ,Manga,71,,2018,https://cdn.myanimelist.net/images/manga/1/215978l.jpg
2557,Tactics Shinsetsu,,tactics 新説,Manga,71,,2018,https://cdn.myanimelist.net/images/manga/1/282559l.jpg
2557,The Devil's Tango,The Devil's Tango,악마와 함께 춤을,Manhwa,71,,2018,https://cdn.myanimelist.net/images/manga/3/333891l.jpg
2568,"Hakoiri Musume desu ga, Keiyaku Renai Hajimemashita",A Sheltered Girl's Fake Love Agreement,箱入り娘ですが、契約恋愛はじめました,Manga,70,,2018,https://cdn.myanimelist.net/images/manga/3/299075l.jpg
2568,Himegoto no Ura ni wa,,秘め事のウラには,Manga,70,,2018,https://cdn.myanimelist.net/images/manga/2/238989l.jpg
2568,Kaizou Hero Reapers,,改造公務員〈ヒーロー〉リーパーズ,Manga,70,,2018,https://cdn.myanimelist.net/images/manga/2/219727l.jpg
2568,Kamisama Shop de Cheat no Kaori,,神さまSHOPでチートの香り,Manga,70,,2018,https://cdn.myanimelist.net/images/manga/2/216089l.jpg
2568,Sorairo Melancholic,,空色メランコリック,Doujinshi,70,,2018,https://cdn.myanimelist.net/images/manga/1/322794l.jpg
2568,Virtual Shirokami TS Musume NewTuber Ojisan,,バーチャルシロ髪TS娘NewTuberおじさん,One-shot,70,,2018,https://cdn.myanimelist.net/images/manga/3/281522l.jpg
2568,Yumemiru Renaissance,Dreaming Renaissance,夢見るルネサンス,Manga,70,,2018,https://cdn.myanimelist.net/images/manga/1/228988l.jpg
2575,Aroma Trip,Aroma Trip,アロマトリップ,One-shot,69,,2018,https://cdn.myanimelist.net/images/manga/1/303156l.jpg
2575,Bebe-san no Koibito,,ベベさんの恋人,One-shot,69,,2018,https://cdn.myanimelist.net/images/manga/1/311300l.jpg
2575,Himiko: Shinsetsu Yamatai Kokuden,,卑弥呼 －真説・邪馬台国伝－,Manga,69,,2018,https://cdn.myanimelist.net/images/manga/1/282549l.jpg
2575,Kare to Watashi no Kowareta Kizuna,,カレと私の壊れたキズナ,Doujinshi,69,,2018,https://cdn.myanimelist.net/images/manga/2/306345l.jpg
2575,Majutsushi Orphen: Mubou-hen,Sorcerous Stabber Orphen: The Reckless Journey,魔術士オーフェン 無謀編,Manga,69,,2018,https://cdn.myanimelist.net/images/manga/3/289074l.jpg
2575,Maou-sama wa Yuusha no Ken de Midaretai,,魔王さまは勇者の剣で乱れたい,Manga,69,,2018,https://cdn.myanimelist.net/images/manga/2/294867l.jpg
2575,Saikyou Yuusha wa Oharaibako→Maou ni Nattara Zutto Ore no Musou Turn,,最強勇者はお払い箱→魔王になったらずっと俺の無双ターン,Light Novel,69,,2018,https://cdn.myanimelist.net/images/manga/3/246118l.jpg
2575,Sweet Nightmare,,スイート・ナイトメア,Manga,69,,2018,https://cdn.myanimelist.net/images/manga/2/335922l.jpg
2575,Usotsuki no Atelier,Liar's Atelier,嘘つきのアトリエ,Manga,69,,2018,https://cdn.myanimelist.net/images/manga/3/250704l.jpg
2584,Aan-chan no Aan,,あ～んちゃんのあ～ん,Manga,68,,2018,https://cdn.myanimelist.net/images/manga/3/268105l.jpg
2584,An Imperfect Kiss,,완벽하지 않은 키스,Manhwa,68,,2018,https://cdn.myanimelist.net/images/manga/3/292988l.jpg
2584,Change Drug,The Drug of Change,ちぇんじどらっぐ,Manga,68,,2018,https://cdn.myanimelist.net/images/manga/3/306240l.jpg
2584,Chrono Ma:Gia: Toki no Shoukansha to Hakujin no Hanayome,Chrono Ma:Gia: Time Summoner and Naked Sword Bride,クロノマギア 時の召喚者と白刃の花嫁,Manga,68,,2018,https://cdn.myanimelist.net/images/manga/1/223277l.jpg
2584,Futago Ane,,ふたご姉,Doujinshi,68,,2018,https://cdn.myanimelist.net/images/manga/3/314694l.jpg
2584,Icha Love Temptation,,いちゃらぶテンプテーション,Manga,68,,2018,https://cdn.myanimelist.net/images/manga/3/309683l.jpg
2584,Kill the Rose,,KILL the ROSE,Manga,68,,2018,https://cdn.myanimelist.net/images/manga/2/225833l.jpg
2584,Kushiyama Ishio no Kyoukiroku,,櫛山石尾の凶器録,Manga,68,,2018,https://cdn.myanimelist.net/images/manga/2/251267l.jpg
2584,Milk Splash♥,,Milk Splash♥,Manga,68,,2018,https://cdn.myanimelist.net/images/manga/3/308100l.jpg
2584,Seikou Harem,,性交ハーレム,Manga,68,,2018,https://cdn.myanimelist.net/images/manga/1/310808l.jpg
2594,Ai wo Shiru Hoshi,,あいをしる星,Manga,67,,2018,https://cdn.myanimelist.net/images/manga/2/263434l.jpg
2594,Bokutachi no Shippai,,ぼくたちの失敗,Manga,67,,2018,https://cdn.myanimelist.net/images/manga/1/222455l.jpg
2594,Geinoujin no Kareshi,,芸能人の彼氏,Manga,67,,2018,https://cdn.myanimelist.net/images/manga/3/298474l.jpg
2594,Hatsukoi Game Set,Game Set of First Love,初恋ゲームセット,Manga,67,,2018,https://cdn.myanimelist.net/images/manga/1/284993l.jpg
2594,Koi wa Haremono Sawaru bekarazu,A Tender Romance Treat With Care,恋ははれものさわるべからず,Doujinshi,67,,2018,https://cdn.myanimelist.net/images/manga/2/314642l.jpg
2594,My X Report,My X Report,마이X리포트,Manhwa,67,,2018,https://cdn.myanimelist.net/images/manga/1/345047l.jpg
2594,Ningen no Tantei-san,"Mico is the ""Human"" Detective",ニンゲンの探偵さん,Manga,67,,2018,https://cdn.myanimelist.net/images/manga/2/216845l.jpg
2594,Osanai 135-san,,小山内135さん,One-shot,67,,2018,https://cdn.myanimelist.net/images/manga/1/237334l.jpg
2594,Yami Guild no Master wa Kyou mo Hohoemu,The Dark Guild Master's Smile Would Fit Best,闇ギルドのマスターは今日も微笑む,Light Novel,67,,2018,https://cdn.myanimelist.net/images/manga/3/259148l.jpg
2603,Aguri to Tane,Aguri & Seed,あぐりとたね,Manga,66,,2018,https://cdn.myanimelist.net/images/manga/1/237090l.jpg
2603,Gokukan Chiiki,,獄姦恥域,Manga,66,,2018,https://cdn.myanimelist.net/images/manga/1/250740l.jpg
2603,Itsudatte Amai,,いつだってあまい,Manga,66,,2018,https://cdn.myanimelist.net/images/manga/1/226407l.jpg
2603,Kijoui Ecchi,,きじょういえっち,Manga,66,,2018,https://cdn.myanimelist.net/images/manga/3/310420l.jpg
2603,"Kochira Last Boss Maoujoumae ""Kyoukai""",The church in front of the devil's castle,こちらラスボス魔王城前「教会」,Light Novel,66,,2018,https://cdn.myanimelist.net/images/manga/2/242160l.jpg
2603,Last Boss Majo wa Katabutsu Juusha to Tawamureru,,らすぼす魔女は堅物従者と戯れる,Light Novel,66,,2018,https://cdn.myanimelist.net/images/manga/3/235185l.jpg
2603,Lotion Motion,,ろーしょんモーション,One-shot,66,,2018,https://cdn.myanimelist.net/images/manga/3/296148l.jpg
2603,Master Baek's Case Notes,Master Baek's Case Notes,백도사의 사건수첩,Manhwa,66,,2018,https://cdn.myanimelist.net/images/manga/3/334165l.jpg
2603,Mound no Taiyou,,マウンドの太陽,Manga,66,,2018,https://cdn.myanimelist.net/images/manga/1/217423l.jpg
2603,Nikuana Full Package,,肉穴フルパッケージ,Manga,66,,2018,https://cdn.myanimelist.net/images/manga/1/313690l.jpg
2603,Saimin Hitozuma: Muishiki no Mama Hazukashimerarete,,催眠人妻～無意識のまま辱められて～,Manga,66,,2018,https://cdn.myanimelist.net/images/manga/3/282573l.jpg
2603,Sweet Home,,sweet home,One-shot,66,,2018,https://cdn.myanimelist.net/images/manga/1/294669l.jpg
2603,Toromitsu Ecstasy,Hot Honey Ecstasy,トロ蜜エクスタシー,Manga,66,,2018,https://cdn.myanimelist.net/images/manga/2/311861l.jpg
2616,Bokura Fuyou Mono,,ぼくら扶養者,One-shot,65,,2018,https://cdn.myanimelist.net/images/manga/1/266565l.jpg
2616,Damashi Ai,,騙し愛,One-shot,65,,2018,https://cdn.myanimelist.net/images/manga/2/240900l.jpg
2616,Jugyouchuu ni Icchatta?: Sensei wa Yankee no Omocha,Did You Cum During Class?: The Teacher is the Delinquent's Toy,授業中にイッちゃった?～先生はヤンキーのオモチャ,Manga,65,,2018,https://cdn.myanimelist.net/images/manga/2/299921l.jpg
2616,Kirizaki-kun wa.,Kirizaki-kun is...,キリザキ君は。,Manga,65,,2018,https://cdn.myanimelist.net/images/manga/2/226499l.jpg
2616,Miwaku no Onsen Ryokou: Ranjuku Enbo to Bishimai,,魅惑の温泉旅行 爛熟艶母と美姉妹,Light Novel,65,,2018,https://cdn.myanimelist.net/images/manga/1/219330l.jpg
2616,Otasuke Chara ni Kanojo ga Iru Wake Nai ja Nai desu ka,,お助けキャラに彼女がいるわけないじゃないですか,Light Novel,65,,2018,https://cdn.myanimelist.net/images/manga/3/241456l.jpg
2616,Please Eat Without Hesitation,,거침없이 먹어 줘요,Manhwa,65,,2018,https://cdn.myanimelist.net/images/manga/3/287546l.jpg
2616,Sixteen,,식스틴,Manhwa,65,,2018,https://cdn.myanimelist.net/images/manga/3/263582l.jpg
2616,Tennen Half to Sobakasu-hime to,,天然ハーフとソバカス姫と,One-shot,65,,2018,https://cdn.myanimelist.net/images/manga/1/311540l.jpg
2616,Unbreakable Master,Unbreakable Master,언브레이커블 마스터,Manhwa,65,,2018,https://cdn.myanimelist.net/images/manga/3/295371l.jpg
2616,Zetsurin Principal,Unequaled Principal,絶倫プリンシパル,Manga,65,,2018,https://cdn.myanimelist.net/images/manga/3/279527l.jpg
2627,19-sai no Otto ni wa Himitsu ga Aru,A 19-Year-Old Husband Has a Secret,19歳の夫には秘密がある,Manga,64,,2018,https://cdn.myanimelist.net/images/manga/2/245975l.jpg
2627,31-banme no Okisaki-sama,The 31st Consort,31番目のお妃様,Light Novel,64,,2018,https://cdn.myanimelist.net/images/manga/2/240916l.jpg
2627,Ai wo Wasureta Prince,Pregnant with the Prince's Child,愛を忘れたプリンス,Manga,64,,2018,https://cdn.myanimelist.net/images/manga/3/238372l.jpg
2627,Itazura Talk,,イタズラトーク,Manga,64,,2018,https://cdn.myanimelist.net/images/manga/1/311565l.jpg
2627,Karakai Oneesan ga Kaeriuchi ni Au Hon,,からかいお姉さんが返り討ちにあう本,Doujinshi,64,,2018,https://cdn.myanimelist.net/images/manga/3/341651l.jpg
2627,Kitan Gekitetsu Survivor!!,Apex Predator's Hammer Survivor!!,鬼啖撃鉄サバイヴァ!!,Manga,64,,2018,https://cdn.myanimelist.net/images/manga/2/216935l.jpg
2627,Love Child Nightmare,,ラブチャイルド・ナイトメア,Manga,64,,2018,https://cdn.myanimelist.net/images/manga/1/245478l.jpg
2627,Maji Good Chance Doutei,,マジグッドチャンス童貞,One-shot,64,,2018,https://cdn.myanimelist.net/images/manga/2/249097l.jpg
2627,Material Puzzle: Kaminaki Sekai no Mahoutsukai,Material Puzzle: A World Magician Without God.,マテリアル・パズル 〜神無き世界の魔法使い〜,Manga,64,,2018,https://cdn.myanimelist.net/images/manga/3/227987l.jpg
2627,Mise-san wa Misetagari,,三瀬さんは見せたがり,One-shot,64,,2018,https://cdn.myanimelist.net/images/manga/2/340142l.jpg
2627,Nekura x Neaka,Gloomy X Cheery,ネクラ×ネアカ,One-shot,64,,2018,https://cdn.myanimelist.net/images/manga/1/279276l.jpg
2627,"Nichijou dewa Saenai Tada no Ossan, Hontou wa Chijou Saikyou no Senshin",A Normally Dowdy Man Is in Essence the Mightiest War-God.,日常ではさえないただのおっさん、本当は地上最強の戦神,Light Novel,64,,2018,https://cdn.myanimelist.net/images/manga/2/242589l.jpg
2627,Onegai♥Melty Gekijou,"Please, Melty Theater",お願い♥メルティ劇場,Manga,64,,2018,https://cdn.myanimelist.net/images/manga/1/301246l.jpg
2627,Onna Kyoushi Rinkan,Female Teacher Gangbang,女教師輪姦,Manga,64,,2018,https://cdn.myanimelist.net/images/manga/1/247208l.jpg
2627,Sekaiichi Muzukashii Galge: Heart wo Tsukande Sekai Seifuku!,,世界一難しいギャルゲ～ハートをつかんで世界征服！～,Manga,64,,2018,https://cdn.myanimelist.net/images/manga/3/217893l.jpg
2627,Sora Meshi!,,宇宙めし！,Manga,64,,2018,https://cdn.myanimelist.net/images/manga/1/239648l.jpg
2627,Urara no Pantsu wa Tenchou wo Komaraseru,,うららのパンツは店長を困らせる,Manga,64,,2018,https://cdn.myanimelist.net/images/manga/2/256865l.jpg
2627,Vampire Academy,Vampire Academy,여신님이 아니야,Manhwa,64,,2018,https://cdn.myanimelist.net/images/manga/2/301950l.jpg
2627,X Equals: X wa Nazotoki ga Osuki,,エックスイコール 〜Xは謎解きがお好き〜,Manga,64,,2018,https://cdn.myanimelist.net/images/manga/1/215563l.jpg
2627,Zettai Himitsu no Kikai Shoujo,,絶対秘密の機械少女,Manga,64,,2018,https://cdn.myanimelist.net/images/manga/3/215550l.jpg
2647,Binetsu Danshi no Oose no mama,,微熱男子のおおせのまま,Manga,63,,2018,https://cdn.myanimelist.net/images/manga/1/225701l.jpg
2647,Cooking Go,,요리GO,Manhwa,63,,2018,https://cdn.myanimelist.net/images/manga/3/321300l.jpg
2647,Gecko to Gekkou to Kekkon,,ゲッコーと月光と結婚,One-shot,63,,2018,https://cdn.myanimelist.net/images/manga/1/235386l.jpg
2647,Kanojo no Imouto ga Kyonyuu Miniskirt JK de Koakuma-kei,,彼女の妹が巨乳ミニスカJKで小悪魔系,Doujinshi,63,,2018,https://cdn.myanimelist.net/images/manga/3/338845l.jpg
2647,Kirai na Otoko ni Saimin App wo Kakerareru Musume-tachi,,嫌いな男に催眠アプリをかけられる娘たち,Doujinshi,63,,2018,https://cdn.myanimelist.net/images/manga/2/255717l.jpg
2647,Koi to Kokkai,,恋と国会,Manga,63,,2018,https://cdn.myanimelist.net/images/manga/2/226848l.jpg
2647,Kyuubi no Kitsune to Kozure no Bouzu,Nine-tailed Fox and a Priest With a Child,九尾の狐と子連れの坊主,Manga,63,,2018,https://cdn.myanimelist.net/images/manga/1/260612l.jpg
2647,Mizumaho: Mizugi ni Nattara Mahou wo Daseta!,,みずまほ～水着になったら魔法を出せた！～,Manga,63,,2018,https://cdn.myanimelist.net/images/manga/3/230721l.jpg
2647,Shinkeinaikai to Otome Gamer,Neurologist & Otome Gamer,神経内科医と乙女ゲーマー,Manga,63,,2018,https://cdn.myanimelist.net/images/manga/1/293203l.jpg
2647,Shousetsu Kidou Senshi Gundam NT,Mobile Suit Gundam Narrative,小説 機動戦士ガンダムNT〈ナラティブ〉,Light Novel,63,,2018,https://cdn.myanimelist.net/images/manga/3/290005l.jpg
2647,Succubus Don’t Let Me Do It,,Succubus don’t let me do it,Doujinshi,63,,2018,https://cdn.myanimelist.net/images/manga/1/316016l.jpg
2647,"Zetsurin Otoko, Hajimete no Karaiki.",Stud Man's Dry Orgasm,絶倫男、ハジメテの空イキ。,Manga,63,,2018,https://cdn.myanimelist.net/images/manga/2/294077l.jpg
2659,Baiyakuzumi no Megami-sama,,売約済みの女神さま,Manga,62,,2018,https://cdn.myanimelist.net/images/manga/1/345321l.jpg
2659,Kachiku Hinpyoukai,,家畜品評会,One-shot,62,,2018,https://cdn.myanimelist.net/images/manga/3/296100l.jpg
2659,Kare Cafe,,カレカフェ,Manga,62,,2018,https://cdn.myanimelist.net/images/manga/2/208360l.jpg
2659,Kihei Senki,,キヘイ戰記,Manga,62,,2018,https://cdn.myanimelist.net/images/manga/2/226697l.jpg
2659,Kinbaku Date: Toshishita Kanojo ni Shibararete,Bondage Date: Tied up by a Younger Girl,緊縛デート～年下彼女に縛られて～,Doujinshi,62,,2018,https://cdn.myanimelist.net/images/manga/1/336526l.jpg
2659,Koi ka Hakai ka,Love or Destruction,恋か破壊か,Manga,62,,2018,https://cdn.myanimelist.net/images/manga/3/345050l.jpg
2659,Kojika-sensei wa Moujuu no Ori no Naka,,こじか先生は猛獣の檻の中,Manga,62,,2018,https://cdn.myanimelist.net/images/manga/3/234213l.jpg
2659,Konkai no Jinsei wa Maid Rashii,,今回の人生はメイドらしい,Manga,62,,2018,https://cdn.myanimelist.net/images/manga/1/226953l.jpg
2659,Kunikida Shachou no Yuuga na Choukyou,Elegant Lessons with President Kunikida,國木田社長の優雅な調教,Manga,62,,2018,https://cdn.myanimelist.net/images/manga/3/270644l.jpg
2659,Liberal Fuuki Iin Yamada Tarou,,リベラル風紀委員 山田太郎,One-shot,62,,2018,https://cdn.myanimelist.net/images/manga/1/243693l.jpg
2659,Mochi wa Pomeranian,Mochi is Pomeranian,もちはポメラニアン,Manga,62,,2018,https://cdn.myanimelist.net/images/manga/2/271482l.jpg
2659,Oshiego to Shika Tsukiawanai,My Student Only,教え子としか付き合わない,Manga,62,,2018,https://cdn.myanimelist.net/images/manga/1/310697l.jpg
2659,Ougon no Koku,,黄金の刻,One-shot,62,,2018,https://cdn.myanimelist.net/images/manga/1/245391l.jpg
2659,Shinwa Keisatsu 24-ji,Cthulu Mythos police 24,神話警察24時,Manga,62,,2018,https://cdn.myanimelist.net/images/manga/2/216057l.jpg
2659,Tenshi wa Ichiya de Maiorite,A Child Claimed by Gold,天使は一夜で舞い降りて,Manga,62,,2018,https://cdn.myanimelist.net/images/manga/2/227156l.jpg
2659,Tokoro de Ima wa Nanbanme deshou ka.,,ところで今は何番目でしょうか。,Manga,62,,2018,https://cdn.myanimelist.net/images/manga/2/328956l.jpg
2659,Yoichi,,夜市,Manga,62,,2018,https://cdn.myanimelist.net/images/manga/1/235232l.jpg
2676,"Aitsu to Ore no ""Suki"" no Tenmatsu",,あいつと俺の「好き」の顛末,Manga,61,,2018,https://cdn.myanimelist.net/images/manga/1/300184l.jpg
2676,Biblia Koshodou no Jiken Techou Spin-off: Koguchi-san to Boku no Biblia Fight-bu Katsudou Nisshi,,ビブリア古書堂の事件手帖スピンオフ こぐちさんと僕のビブリアファイト部活動日誌,Manga,61,,2018,https://cdn.myanimelist.net/images/manga/2/225664l.jpg
2676,Biblio Collect,,ビブリオコレクト,Manga,61,,2018,https://cdn.myanimelist.net/images/manga/2/226409l.jpg
2676,Chishou no Ko wo Onaho ni Suru,,池沼の子をオナホにする,Doujinshi,61,,2018,https://cdn.myanimelist.net/images/manga/3/306783l.jpg
2676,DTC: Yukemuri Junjou-hen from High & Low,,DTC-湯けむり純情篇-from HiGH&LOW,Manga,61,,2018,https://cdn.myanimelist.net/images/manga/3/259192l.jpg
2676,Freshman,Freshman,새내기,Manhwa,61,,2018,https://cdn.myanimelist.net/images/manga/2/338034l.jpg
2676,Ijimerarekko no Ongaeshi: Boku no Mama to Sex Shimasen ka,,いじめられっ子の恩返し ～僕のママとSEXしませんか～,Doujinshi,61,,2018,https://cdn.myanimelist.net/images/manga/1/311535l.jpg
2676,Maya-san wa Urameshii,,マヤさんはうらめしい,Manga,61,,2018,https://cdn.myanimelist.net/images/manga/3/216124l.jpg
2676,Sousei no Onmyouji: Santen Haja,,双星の陰陽師 ―三天破邪―,Light Novel,61,,2018,https://cdn.myanimelist.net/images/manga/2/306965l.jpg
2676,Untrace,,アントレース,Manga,61,,2018,https://cdn.myanimelist.net/images/manga/3/222803l.jpg
2686,Aka x Rina Enikki,,あか×リナ絵日記,Manga,60,,2018,https://cdn.myanimelist.net/images/manga/2/208088l.jpg
2686,Anata no Senzoku Soap-jou,Your Exclusive Soapland Lady,貴方の専属ソープ嬢,Manga,60,,2018,https://cdn.myanimelist.net/images/manga/2/320522l.jpg
2686,Bishoujo Sakka to Mezasu Million Selleraaaaaaaa!!,,美少女作家と目指すミリオンセラアアアアアアアアッ!!,One-shot,60,,2018,https://cdn.myanimelist.net/images/manga/1/289881l.jpg
2686,Donglin Xixiang,Beauty and the West Chamber,东邻西厢,Manhua,60,,2018,https://cdn.myanimelist.net/images/manga/1/308748l.jpg
2686,Good Job,,グッドジョブ,Manga,60,,2018,https://cdn.myanimelist.net/images/manga/2/244638l.jpg
2686,Hairan Gakuen: Seido Shidou,,排卵学園~性奴指導~,Manga,60,,2018,https://cdn.myanimelist.net/images/manga/2/257874l.jpg
2686,Hakoniwa Escape,,箱庭エスケープ,One-shot,60,,2018,https://cdn.myanimelist.net/images/manga/1/292853l.jpg
2686,Nanajin,,ナナジン,Manga,60,,2018,https://cdn.myanimelist.net/images/manga/1/249835l.jpg
2686,Sadogashima Tokidoki Radio Girl,,佐渡島ときどきラジオガール,Manga,60,,2018,https://cdn.myanimelist.net/images/manga/2/217807l.jpg
2686,Sayonara Chinchin Welcome Manman: OL ni Naritakute Seibetsu Tekigou Shujutsu shimashita,,さよならちんちん ウェルカムまんまん ～ＯＬになりたくて性別適合手術しました～,Manga,60,,2018,https://cdn.myanimelist.net/images/manga/3/346879l.jpg
2686,Suki na Hito wa.jpg,My Lover is.jpg,好きな人は.jpg,Manga,60,,2018,https://cdn.myanimelist.net/images/manga/3/226046l.jpg
2686,Venus Resort: Kyonyuu Rankou Island,,ヴィーナスリゾート 巨乳乱交アイランド,Light Novel,60,,2018,https://cdn.myanimelist.net/images/manga/1/247103l.jpg
2698,15-nengo ni Oretachi wa,,15年後に俺たちは,Manga,59,,2018,https://cdn.myanimelist.net/images/manga/1/298581l.jpg
2698,Aishiteru dewa Omosugite,"""I Love You"" Is Too Heavy",愛してるでは重すぎて,Manga,59,,2018,https://cdn.myanimelist.net/images/manga/2/278504l.jpg
2698,Anywords,,ANYWORDS,Manga,59,,2018,https://cdn.myanimelist.net/images/manga/1/245389l.jpg
2698,Futatabi no Caribbean-kai,The Greek And The Single Mum,ふたたびのカリブ海,Manga,59,,2018,https://cdn.myanimelist.net/images/manga/1/229453l.jpg
2698,Gakkou ni Ikenai Watashitachi,,学校に行けない私たち,Manga,59,,2018,https://cdn.myanimelist.net/images/manga/2/215560l.jpg
2698,Ichikei no Karasu,,イチケイのカラス,Manga,59,,2018,https://cdn.myanimelist.net/images/manga/3/217082l.jpg
2698,Kemono no Sakarikata,How to Arouse a Beast,けもののさかりかた,One-shot,59,,2018,https://cdn.myanimelist.net/images/manga/2/268574l.jpg
2698,Kimi wa Ore no Oshi ja Nai,,キミは俺の推しじゃない,Manga,59,,2018,https://cdn.myanimelist.net/images/manga/2/230406l.jpg
2698,Love Note: Ore dake ga Shitteiru Heroine Route no Kouryakuhou,,ラブノート 俺だけが知っているヒロインルートの攻略法,Light Novel,59,,2018,https://cdn.myanimelist.net/images/manga/3/207246l.jpg
2698,Neconeco Keiyaku,,ねこねこケイヤク,Manga,59,,2018,https://cdn.myanimelist.net/images/manga/2/261709l.jpg
2698,Oshiete Bra-sensei,Teach Me! Bra Teacher,教えてブラジャー先生,Manga,59,,2018,https://cdn.myanimelist.net/images/manga/2/270775l.jpg
2698,Share With Blood,,シェア・ウィズ・ブラッド,Manga,59,,2018,https://cdn.myanimelist.net/images/manga/2/226122l.jpg
2698,Triangle,,トライアングル,One-shot,59,,2018,https://cdn.myanimelist.net/images/manga/2/316048l.jpg
2711,Ashita wa Kimi no Koto nanka.,,明日はキミのことなんか。,Manga,58,,2018,https://cdn.myanimelist.net/images/manga/3/237048l.jpg
2711,Buzama ni! Gehin ni! Tsugou Yoku!: Kyokon Suuhai! Haramase Onaho Gakuen♪,,無様に！下品に！都合よく！ 巨根崇拝！孕ませオナホ学園♪,Light Novel,58,,2018,https://cdn.myanimelist.net/images/manga/2/247105l.jpg
2711,Charge!! or Die,,Charge!! or die,Doujinshi,58,,2018,https://cdn.myanimelist.net/images/manga/2/308622l.jpg
2711,Hannam-dong K-House,,한남동 케이하우스,Manhwa,58,,2018,https://cdn.myanimelist.net/images/manga/3/317738l.jpg
2711,"IT's a Wonderful Work: Shinjin desu kedo, Shigoto mo Koi? mo Ganbarimasu!","It's a Wonderful Job: I'm a Newbie, but I'll Do My Best at Work... And Love!",IT's a ワンダフルワーク -新人ですけど、仕事も恋? も頑張ります!,Manga,58,,2018,https://cdn.myanimelist.net/images/manga/1/314978l.jpg
2711,Joshi Ana,,ジョシアナ,Doujinshi,58,,2018,https://cdn.myanimelist.net/images/manga/1/307006l.jpg
2711,Kahogo de Ecchi na Boku no Ane,,過保護でエッチな僕の姉,Light Novel,58,,2018,https://cdn.myanimelist.net/images/manga/1/247104l.jpg
2711,Kanojo no L: Usotsuki-tachi no Koubousen,She Tells a Lie.,彼女のL ～嘘つきたちの攻防戦～,Light Novel,58,,2018,https://cdn.myanimelist.net/images/manga/2/258630l.jpg
2711,Karasu Hyakka,,烏百花,Novel,58,,2018,https://cdn.myanimelist.net/images/manga/1/291227l.jpg
2711,Kyou mo Sekai wa Kumorizora,Today the World Is Cloudy Sky,今日も世界は曇り空,Doujinshi,58,,2018,https://cdn.myanimelist.net/images/manga/2/336072l.jpg
2711,Love Comedy (Butsuri),,ラブコメ（物理）,Manga,58,,2018,https://cdn.myanimelist.net/images/manga/2/217083l.jpg
2711,Moushinteki Cherry,Foolish Love Cherry Boy Will Nonstop,妄進的チェリー,Manga,58,,2018,https://cdn.myanimelist.net/images/manga/3/299718l.jpg
2711,Netorare Time Leap,,ネトラレタイムリープ,Manga,58,,2018,https://cdn.myanimelist.net/images/manga/3/330696l.jpg
2711,Niichan no Otouto,,兄ちゃんの弟,Manga,58,,2018,https://cdn.myanimelist.net/images/manga/3/250789l.jpg
2711,Oshiete! Sabbath-san,Teach Me! Mr. Sabbath,教えて！サバトさん,Manga,58,,2018,https://cdn.myanimelist.net/images/manga/1/239843l.jpg
2711,Yaneurabeya no Koushaku Fujin,Duchess in the Attic,屋根裏部屋の公爵夫人,Light Novel,58,,2018,https://cdn.myanimelist.net/images/manga/3/306234l.jpg
2711,"Yaritsukai to, Kuroneko.",Stranger & Black Cat,槍使いと、黒猫。,Manga,58,,2018,https://cdn.myanimelist.net/images/manga/3/335461l.jpg
2711,Yoake no Ryodan,,夜明けの旅団,Manga,58,,2018,https://cdn.myanimelist.net/images/manga/2/216103l.jpg
2711,Yozakura Sex Trance,Night Cherry Blossom Trance,よざくらセックストランス,Manga,58,,2018,https://cdn.myanimelist.net/images/manga/1/297371l.jpg
2711,Zombie Heroine to Akuninzura no Hage,,ゾンビヒロインと悪人面のハゲ,Manga,58,,2018,https://cdn.myanimelist.net/images/manga/1/302267l.jpg
2731,Ai wo Meijita Yuigon,A Wife Worth Keeping,愛を命じた遺言,Manga,57,,2018,https://cdn.myanimelist.net/images/manga/2/227546l.jpg
2731,Hatsuiki,The First Orgasm♥,初イキ,Manga,57,,2018,https://cdn.myanimelist.net/images/manga/1/315409l.jpg
2731,I Got No Boy,I Got No Boy,남친 없음,Manhwa,57,,2018,https://cdn.myanimelist.net/images/manga/2/286295l.jpg
2731,Inaka ni Kaeru to Yakeni Natsuita Kasshoku Ponytail Shota ga Iru,,田舎に帰るとやけになついた褐色ポニテショタがいる,Doujinshi,57,,2018,https://cdn.myanimelist.net/images/manga/2/283891l.jpg
2731,Kairaku Shouten: Oneesama Meguri,,快楽掌天〈お姉様巡り〉,Manga,57,,2018,https://cdn.myanimelist.net/images/manga/1/262643l.jpg
2731,Kuro no Kamisama to Shiro no Adept,,黒のカミサマと白のアデプト,Manga,57,,2018,https://cdn.myanimelist.net/images/manga/2/223010l.jpg
2731,Mana-san to Omoya wo Hanarete...,,マナさんと母屋を離れて…,Manga,57,,2018,https://cdn.myanimelist.net/images/manga/1/318684l.jpg
2731,Nozoicha Dame tte Itta yo ne?,,覗いちゃダメって言ったよね?,Doujinshi,57,,2018,https://cdn.myanimelist.net/images/manga/1/306784l.jpg
2731,Omotenashi-san wa Motenashitai,,オモテナシさんはもてなしたい,Manga,57,,2018,https://cdn.myanimelist.net/images/manga/1/210617l.jpg
2731,Osananajimi to Kamisama to,,幼なじみと神さまと,Manga,57,,2018,https://cdn.myanimelist.net/images/manga/3/241663l.jpg
2731,"Shaba no ""Futsuu"" wa Muzukashii",,シャバの「普通」は難しい,Novel,57,,2018,https://cdn.myanimelist.net/images/manga/3/259072l.jpg
2731,Shikaru Neko,,しかるねこ,Manga,57,,2018,https://cdn.myanimelist.net/images/manga/1/318981l.jpg
2731,Shinya! Tensai Bakabon,,深夜！天才バカボン,Manga,57,,2018,https://cdn.myanimelist.net/images/manga/3/226822l.jpg
2731,Sweet Honey Family: Manamusume ni ne Darare Aisai to Ichatsuku Oyakodon Seikatsu,,すぃ～と・はに～・ふぁみり～愛娘にねだられ愛妻といちゃつく母娘丼性活,Light Novel,57,,2018,https://cdn.myanimelist.net/images/manga/2/247398l.jpg
2731,Sweet Spot,,Sweetスポット,Manga,57,,2018,https://cdn.myanimelist.net/images/manga/3/319789l.jpg
2746,Cool de M na Kaichou to Kageki na Amaicha Kozukuri Gakuen Seikatsu,,クールでＭな会長と過激な甘イチャ子作り学園性活,Light Novel,56,,2018,https://cdn.myanimelist.net/images/manga/1/247402l.jpg
2746,Gekkousha Boorei Kitan,,月光社ボーレイ奇譚,Manga,56,,2018,https://cdn.myanimelist.net/images/manga/3/246598l.jpg
2746,Hiroi Neko no Mocha,Mocha the Cat and His Forever Family,拾い猫のモチャ,Manga,56,,2018,https://cdn.myanimelist.net/images/manga/2/321516l.jpg
2746,Hitozuma Switch,,人妻スイッチ,Manga,56,,2018,https://cdn.myanimelist.net/images/manga/3/314508l.jpg
2746,Idol no Ane ga Shinimashita,My sister was a teenage idol,アイドルの姉が死にました,Manga,56,,2018,https://cdn.myanimelist.net/images/manga/1/224449l.jpg
2746,Kanoko Koukou Oshare Club,Kanoko High School Fashion Lovers Club,鹿の子高校オシャレ倶楽部,One-shot,56,,2018,https://cdn.myanimelist.net/images/manga/3/287026l.jpg
2746,Koi to BL Danyuu to Share House,Love and BL Actor and Share House,恋とBL男優とシェアハウス,Manga,56,,2018,https://cdn.myanimelist.net/images/manga/3/270439l.jpg
2746,Nidome no Jinsei Animator,,二度目の人生 アニメーター,Manga,56,,2018,https://cdn.myanimelist.net/images/manga/1/215874l.jpg
2746,Rakuukan no Sekai toka,,裸空間の世界とか,Manga,56,,2018,https://cdn.myanimelist.net/images/manga/3/324790l.jpg
2746,Sakurae-san wa Guigui Kisugiru.,,さくら江さんはグイグイ来すぎる。,Manga,56,,2018,https://cdn.myanimelist.net/images/manga/2/227062l.jpg
2746,Sangekitou no Mowgli,,惨劇塔のモーグリ,Manga,56,,2018,https://cdn.myanimelist.net/images/manga/2/258647l.jpg
2746,Shougeki wa Bougyo Shitsutsu Kaesu no ga Touzen desu: Tensei Reijou no Mi wo Mamoru Isekai Life Jutsu,,衝撃は防御しつつ返すのが当然です～転生令嬢の身を守る異世界ライフ術～,Manga,56,,2018,https://cdn.myanimelist.net/images/manga/3/221300l.jpg
2746,Tsukiyo no Gourmet,,月夜のグルメ,Manga,56,,2018,https://cdn.myanimelist.net/images/manga/2/273092l.jpg
2759,Blue Note,,ブルーノート,Manga,55,,2018,https://cdn.myanimelist.net/images/manga/3/276471l.jpg
2759,Kyonyuu Onna Joushi Saimin Niku Ningyou,,巨乳女上司催眠肉人形,Doujinshi,55,,2018,https://cdn.myanimelist.net/images/manga/1/317296l.jpg
2759,Losers,,LOSERS,Manga,55,,2018,https://cdn.myanimelist.net/images/manga/1/284190l.jpg
2759,Maou-sama no Nukiuchi Dungeon Shisatsu,Maoh's Unannounced Inspection of the Dungeon,魔王さまの抜き打ちダンジョン視察,Manga,55,,2018,https://cdn.myanimelist.net/images/manga/2/228692l.jpg
2759,Shall We Go Surfing?,,서핑하러 갈래?,Manhwa,55,,2018,https://cdn.myanimelist.net/images/manga/1/340867l.jpg
2759,Shiosai no Bon,,潮騒の凡,Manga,55,,2018,https://cdn.myanimelist.net/images/manga/1/216608l.jpg
2759,Tora to Mike,,トラとミケ,Manga,55,,2018,https://cdn.myanimelist.net/images/manga/2/250324l.jpg
2759,Toroama Bitch Tsuma,,とろあまビッチ妻,Manga,55,,2018,https://cdn.myanimelist.net/images/manga/3/291159l.jpg
2759,Yaki,,夜鬼,Manga,55,,2018,https://cdn.myanimelist.net/images/manga/3/207989l.jpg
2768,Aru Hakushaku to Cinderella no Monogatari,Cinderella's Perfect Christmas,ある伯爵とシンデレラの物語,Manga,54,,2018,https://cdn.myanimelist.net/images/manga/1/246963l.jpg
2768,"Bokja Moon, the Royal Concubine","Bokja Moon, the Royal Concubine",무수리 문복자 후궁되다,Manhwa,54,,2018,https://cdn.myanimelist.net/images/manga/1/319534l.jpg
2768,Boku no Hajimete Gay Konkatsu,,ぼくのはじめてゲイ婚活,Manga,54,,2018,https://cdn.myanimelist.net/images/manga/3/294067l.jpg
2768,Chou Rakuen Ichiba,,超・楽園市場,Manga,54,,2018,https://cdn.myanimelist.net/images/manga/1/208032l.jpg
2768,Haiyuki no Machi no Sobaka,Dogs in the City of Ash-Like Snow,灰雪の街のサバーカ,Manga,54,,2018,https://cdn.myanimelist.net/images/manga/1/323500l.jpg
2768,Jigoku no Kama no Futa wo Akero: Mabinogion Giten,,地獄の釜の蓋を開けろ～マビノギオン偽典～,Manga,54,,2018,https://cdn.myanimelist.net/images/manga/2/294886l.jpg
2768,Kinyoku no Kanojo,,筋欲のカノジョ,Manga,54,,2018,https://cdn.myanimelist.net/images/manga/2/239904l.jpg
2768,Na mo Naki Hitsuji-tachi no Machi: Story of Carocheila,,名もなき羊たちの町 -Story of Carocheila-,Manga,54,,2018,https://cdn.myanimelist.net/images/manga/1/288047l.jpg
2768,Nama-Iki! Kyousei Zecchou no Utage,,ナマ逝き！ 強制絶頂の宴,Manga,54,,2018,https://cdn.myanimelist.net/images/manga/1/260652l.jpg
2768,The Best Time of Youth,,the best time of youth,Manga,54,,2018,https://cdn.myanimelist.net/images/manga/1/233777l.jpg
2768,Urayami: Shouwa Nihon Kishuu-shuu,,ウラヤミ～昭和日本奇習集～,Manga,54,,2018,https://cdn.myanimelist.net/images/manga/2/212939l.jpg
2779,Bored Man,,지루한 남자,Manhwa,53,,2018,https://cdn.myanimelist.net/images/manga/2/334093l.jpg
2779,Chiisai Ko demo Zenbu Hairu Ana,,小さい子でも全部入る穴,Manga,53,,2018,https://cdn.myanimelist.net/images/manga/3/292087l.jpg
2779,Chunjiang Hua Yue,A Moonlit Spring River,春江花月,Manhua,53,,2018,https://cdn.myanimelist.net/images/manga/1/314214l.jpg
2779,Dr. Quench,,Dr.クインチ,Manga,53,,2018,https://cdn.myanimelist.net/images/manga/1/230537l.jpg
2779,Houki ni Matagaru Shuukatsu Sensou,,ホウキにまたがる就活戦争,Manga,53,,2018,https://cdn.myanimelist.net/images/manga/3/244051l.jpg
2779,Jimigao Haha wa Bitch na Gal Musume ni Irekawaru,,地味顔母はビッチなギャル娘に入れ替わる,Manga,53,,2018,https://cdn.myanimelist.net/images/manga/2/244977l.jpg
2779,Kuro no Shinobi,,クロノシノビ,Manga,53,,2018,https://cdn.myanimelist.net/images/manga/1/253947l.jpg
2779,Miryou Cheat de Nariagaru Isekai Harem,,魅了チートで成り上がる異世界ハーレム,Light Novel,53,,2018,https://cdn.myanimelist.net/images/manga/3/241886l.jpg
2779,Ousama to Princess Alice,Princess Alice and the King,王様とプリンセス・アリス,Manga,53,,2018,https://cdn.myanimelist.net/images/manga/3/257573l.jpg
2779,Sonna ni Kirei ja Nakute Ii,I Don't Mind If You're Not So Pure,そんなにキレイじゃなくていい,Manga,53,,2018,https://cdn.myanimelist.net/images/manga/3/299452l.jpg
2779,Touken Ranbu Online Anthology: Senjou ni Sakaseru Hana,,刀剣乱舞ーONLINEーアンソロジー ～戦場に咲かせる花～,Manga,53,,2018,https://cdn.myanimelist.net/images/manga/2/246660l.jpg
2790,Cabaret-jou Sensei to Boku no Heya de,In My Room With The Hostess Teacher,キャバ嬢先生と僕の部屋で,Manga,52,,2018,https://cdn.myanimelist.net/images/manga/1/294214l.jpg
2790,Chou Gingakei Gedou Shoujo Leona,Super Galaxy Bad Girl Leona,超銀河系外道少女レオナ,One-shot,52,,2018,https://cdn.myanimelist.net/images/manga/1/257793l.jpg
2790,Comic Girls Anthology Comic,,こみっくがーるずアンソロジーコミック,Manga,52,,2018,https://cdn.myanimelist.net/images/manga/1/309630l.jpg
2790,Ikkagetsukan no Paradise,One-Month Paradise,1ヶ月間のパラダイス,Doujinshi,52,,2018,https://cdn.myanimelist.net/images/manga/1/311304l.jpg
2790,JK☆Rock,,JK☆ROCK,Manga,52,,2018,https://cdn.myanimelist.net/images/manga/2/234770l.jpg
2790,Kawasemi-san no Tsuri Gohan,,カワセミさんの釣りごはん,One-shot,52,,2018,https://cdn.myanimelist.net/images/manga/3/220007l.jpg
2790,Koisuru Ojousama wa Papa to Yobitakunai,Daughter in Love Won't Call Me Papa,恋するお嬢様はパパと呼びたくない,Manga,52,,2018,https://cdn.myanimelist.net/images/manga/1/255640l.jpg
2790,Last Summer,,らすとさま～,Manga,52,,2018,https://cdn.myanimelist.net/images/manga/1/330405l.jpg
2790,Living Dead Kitchen,,リビングデッドキッチン,Manga,52,,2018,https://cdn.myanimelist.net/images/manga/2/217092l.jpg
2790,Madorigoto,,まどりごと,Manga,52,,2018,https://cdn.myanimelist.net/images/manga/2/226037l.jpg
2790,Majutsushi Orphen Hagure Tabi: Waga Mune de Nemure Bourei,Sorcerous Stabber Orphen,魔術士オーフェンはぐれ旅 我が胸で眠れ亡霊,Manga,52,,2018,https://cdn.myanimelist.net/images/manga/2/289014l.jpg
2790,Momotarou-kun wa Iu Koto wo Kikanai,,桃太郎くんは言うコトをきかない,Manga,52,,2018,https://cdn.myanimelist.net/images/manga/3/238536l.jpg
2790,Restless,,전전반측,Manhwa,52,,2018,https://cdn.myanimelist.net/images/manga/3/346302l.jpg
2790,Save Data de Koi wo Shitemita,Fell in Love in Save Data,セーブデータで恋をしてみた,Manga,52,,2018,https://cdn.myanimelist.net/images/manga/2/244813l.jpg
2790,Sennin no Succubus wo Oyobi Kudasai,,専任のサキュバスをお呼びください,Doujinshi,52,,2018,https://cdn.myanimelist.net/images/manga/2/314445l.jpg
2790,Shousetsu Koi to Uso: Koi wo Shiranai Shoujo,,小説 恋と嘘 恋を知らない少女,Light Novel,52,,2018,https://cdn.myanimelist.net/images/manga/3/317853l.jpg
2806,15-sai demo Ore no Yome!,My Wife Is 15!,15歳でも俺の嫁!,Light Novel,51,,2018,https://cdn.myanimelist.net/images/manga/1/283166l.jpg
2806,Decision,,디시젼,Manhwa,51,,2018,https://cdn.myanimelist.net/images/manga/3/341184l.jpg
2806,Gakkou no Kodomo,Dormitory's Child,学校のこども,Manga,51,,2018,https://cdn.myanimelist.net/images/manga/1/211775l.jpg
2806,Hechimon: Shigaraki Dougei Nikki,,へちもん～信楽陶芸日記～,Manga,51,,2018,https://cdn.myanimelist.net/images/manga/2/208023l.jpg
2806,Hikage no Hisho no Kenshin,Acquired by Her Greek Boss,日陰の秘書の献身,Manga,51,,2018,https://cdn.myanimelist.net/images/manga/2/227448l.jpg
2806,Ijiwaru Ouji to Dame Wanko,The Wicked Prince and the Helpless Pup,いじわる王子とダメわんこ,Manga,51,,2018,https://cdn.myanimelist.net/images/manga/2/323575l.jpg
2806,Minoribon.,,みのり本。,Doujinshi,51,,2018,https://cdn.myanimelist.net/images/manga/3/317253l.jpg
2806,"Osananajimi de Akuma na Kishi wa, Watashi no Koto ga Daikirai",,幼馴染みで悪魔な騎士は、私のことが大嫌い,Light Novel,51,,2018,https://cdn.myanimelist.net/images/manga/3/239421l.jpg
2806,Otome Initiative,Girl's Initiative,乙女イニシアチブ,Manga,51,,2018,https://cdn.myanimelist.net/images/manga/2/320677l.jpg
2806,Shiritsu Hamanasu Chuukoutou Gakkou Danshiryou no Tomadoi,The confusion over the men's dormitory at Hamanasu Junior and Senior High School,私立浜茄子中高等学校男子寮の戸惑い,Manga,51,,2018,https://cdn.myanimelist.net/images/manga/2/232180l.jpg
2806,Tsuukin Douchuu de Ano Ko ga Midara na Koui wo Shitekuru Matome Hanashi,Dirty Deeds on the Way to Work,通勤道中であの娘がみだらな行為をしてくるまとめ話,Doujinshi,51,,2018,https://cdn.myanimelist.net/images/manga/1/312596l.jpg
2806,"Your Highness, Please!","Your Highness, Please!",왕자님 참으세요,Manhwa,51,,2018,https://cdn.myanimelist.net/images/manga/1/290378l.jpg
2818,Atarashii Kazoku ga Dekimashita.,A new family has been made.,あたらしい家族ができました。,Manga,50,,2018,https://cdn.myanimelist.net/images/manga/1/220013l.jpg
2818,Bitch Friend: Netori no Sahou,,ビッチフレンド 寝取りの作法,Manga,50,,2018,https://cdn.myanimelist.net/images/manga/2/310635l.jpg
2818,Coffee no Mazui Gokudou Kissaten,,珈琲のまずい極道喫茶店,Manga,50,,2018,https://cdn.myanimelist.net/images/manga/1/215574l.jpg
2818,Daifugou no Itoshii Nameinu,The Licking Dog is Loved by the Millionare,大富豪の愛しい舐め犬,Manga,50,,2018,https://cdn.myanimelist.net/images/manga/3/292510l.jpg
2818,Daredemo Hatsujou Saiin!?: Saiin Video Camera de Osananajimi no Bakunyuu Shojo Gal ga Ore Senyou no Onaho ni Naru made Douga Haishin Shitemita!,,誰でも発情催淫!?～催淫ビデオカメラで幼馴染の爆乳処女ギャルが 俺専用のオナホになるまでを動画配信してみた!～,Doujinshi,50,,2018,https://cdn.myanimelist.net/images/manga/2/314609l.jpg
2818,Juliet no Junai,A Night in the Prince's Bed,ジュリエットの純愛,Manga,50,,2018,https://cdn.myanimelist.net/images/manga/3/227489l.jpg
2818,Konpou Shoujo Soushuuhen,Girl in a Box,梱包少女 総集編,Doujinshi,50,,2018,https://cdn.myanimelist.net/images/manga/2/322285l.jpg
2818,Koubi Gokko,,交尾ごっこ,Manga,50,,2018,https://cdn.myanimelist.net/images/manga/2/293090l.jpg
2818,Lost Food: Zettai Mikaku Tantei Mozu no Jikentan,Lost Food: Absolute Taste Detective Mozu's File,ロストフード 絶対味覚探偵モズの事件譚,Manga,50,,2018,https://cdn.myanimelist.net/images/manga/3/217089l.jpg
2818,"Oujisama ni Dekiai sarete Komattemasu: Tensei Heroine, Otome Game Funtouki",,王子様に溺愛されて困ってます ～転生ヒロイン、乙女ゲーム奮闘記～,Light Novel,50,,2018,https://cdn.myanimelist.net/images/manga/3/246141l.jpg
2818,Papa! Papa! Suki! Suki! Chou Chou Aishiteru,Papa! Papa! Love! Love! Super-Super Love You,パパ！パパ！好き！好き！超超愛してる,Light Novel,50,,2018,https://cdn.myanimelist.net/images/manga/3/229954l.jpg
2818,"Sensei, Atashi Dare ni mo Iimasen","This Is Just Between Us, Mr. Teacher",先生、あたし誰にも言いません,Manga,50,,2018,https://cdn.myanimelist.net/images/manga/1/236419l.jpg
2818,Shinyaku Ribbon no Kishi,New Princess Knight,新約・リボンの騎士,Manga,50,,2018,https://cdn.myanimelist.net/images/manga/3/299248l.jpg
2818,Soukou Musume,,装甲娘,Manga,50,,2018,https://cdn.myanimelist.net/images/manga/1/277416l.jpg
2818,Tonari no Seki no Satou-san,,隣の席の佐藤さん,Novel,50,,2018,https://cdn.myanimelist.net/images/manga/1/317393l.jpg
2833,Baton no Hoshi,Stars of Baton,バトンの星,Manga,49,,2018,https://cdn.myanimelist.net/images/manga/1/227572l.jpg
2833,Gokujou Kuso Zako Busu Mesu Ma○ko,,極上クソザコブスメスマ○コ,Doujinshi,49,,2018,https://cdn.myanimelist.net/images/manga/2/336625l.jpg
2833,Hatsukoi Poolside,My First Love,初恋プールサイド,Manga,49,,2018,https://cdn.myanimelist.net/images/manga/3/315978l.jpg
2833,Heart Effect,Heart Effect,하트 이펙트,Manhwa,49,,2018,https://cdn.myanimelist.net/images/manga/3/340551l.jpg
2833,Hitozuma no Himitsu,,ヒトヅマノヒミツ,Manga,49,,2018,https://cdn.myanimelist.net/images/manga/1/321157l.jpg
2833,Jyojizm Seasons,,JYOJIZM SEASONS,Doujinshi,49,,2018,https://cdn.myanimelist.net/images/manga/3/320512l.jpg
2833,Kisaragi-san Coming Out,,如月さんカミングアウト,Light Novel,49,,2018,https://cdn.myanimelist.net/images/manga/1/246187l.jpg
2833,Minchi Shokudou,Minced Dining Room,ミンチ食堂,One-shot,49,,2018,https://cdn.myanimelist.net/images/manga/3/242623l.jpg
2833,Momoiro Beat,Momo-Colored Heartbeat,桃色ビート,Manga,49,,2018,https://cdn.myanimelist.net/images/manga/2/299055l.jpg
2833,Nazo no Mrs.,Bachelor's Wife,謎のミセス,Manga,49,,2018,https://cdn.myanimelist.net/images/manga/3/227565l.jpg
2833,Neko Borabu no Milk-san,,ねこボラ部のみるくさん,Manga,49,,2018,https://cdn.myanimelist.net/images/manga/3/239833l.jpg
2833,Shizumare! Vincent,,しずまれ！ヴィンセント,Manga,49,,2018,https://cdn.myanimelist.net/images/manga/3/216610l.jpg
2833,Toku Chou: Shikyoku Tokushu Chou Hanzai Taisakushitsu,,特蝶 死局特殊蝶犯罪対策室,Manga,49,,2018,https://cdn.myanimelist.net/images/manga/1/255180l.jpg
2833,Tsumugi-kun no Sakippo,,つむぎくんのさきっぽ,Manga,49,,2018,https://cdn.myanimelist.net/images/manga/3/309848l.jpg
2847,Akuyaku Reijou no Ani ni Narimashite,,悪役令嬢の兄になりまして,Light Novel,48,,2018,https://cdn.myanimelist.net/images/manga/2/239036l.jpg
2847,Clip Your Face,,クリップ ユア フェイス,One-shot,48,,2018,https://cdn.myanimelist.net/images/manga/3/249886l.jpg
2847,Happy Merry Ending,Happy Merry Ending,해피메리엔딩,Manhwa,48,,2018,https://cdn.myanimelist.net/images/manga/3/340281l.jpg
2847,Himegoto Lip,,ひめごとりっぷ,Manga,48,,2018,https://cdn.myanimelist.net/images/manga/2/334720l.jpg
2847,Husky Kareshi to Junjou-chan: H na Banken wa Mate ga Dekinai,,ハスキー彼氏と純情ちゃん Hな番犬は待てができない,Manga,48,,2018,https://cdn.myanimelist.net/images/manga/1/299787l.jpg
2847,Inou Shiori no Meiji Taishou Youshokuki,Ino Shiori's Meiji-Taisho Western food memoirs,伊能栞の明治大正洋食記,Manga,48,,2018,https://cdn.myanimelist.net/images/manga/1/224301l.jpg
2847,Keshigomu Kareshi,,消しゴム彼氏,Manga,48,,2018,https://cdn.myanimelist.net/images/manga/1/293857l.jpg
2847,Kimi to Boku no Hole Share,,君と僕のホールシェア,Manga,48,,2018,https://cdn.myanimelist.net/images/manga/2/225915l.jpg
2847,Kyuuketsuki no Aria,,吸血鬼のアリア,Manga,48,,2018,https://cdn.myanimelist.net/images/manga/3/261713l.jpg
2847,Message no Ato,,メッセージのあと,One-shot,48,,2018,https://cdn.myanimelist.net/images/manga/1/293488l.jpg
2847,My High School Romance,My High School Romance,일상다정사,Manhwa,48,,2018,https://cdn.myanimelist.net/images/manga/3/316029l.jpg
2847,Nudist Beach nite,,ヌーディストビーチにて,Doujinshi,48,,2018,https://cdn.myanimelist.net/images/manga/3/328809l.jpg
2847,Ojisama ni Dakarete: Kanbi na Aibu ni Nureru Yoru,,おじさまに抱かれて 甘美な愛撫に濡れる夜,Manga,48,,2018,https://cdn.myanimelist.net/images/manga/2/295792l.jpg
2847,Rakuen no Omochabako Soushuuhen,,楽園のおもちゃ箱 総集編,Doujinshi,48,,2018,https://cdn.myanimelist.net/images/manga/2/320424l.jpg
2847,Say The Name!: SEVENTEEN - Nihon Debut made no Michi,,Say the name! SEVENTEEN～日本デビューまでの道～,Manga,48,,2018,https://cdn.myanimelist.net/images/manga/2/222776l.jpg
2847,Yuusha no Katsuyaku wa Korekara da!: Isekai kara no Demodori Yuusha wa Heion ni Kurashitai,The Hero's Success Is Now!,勇者の活躍はこれからだ! 異世界からの出戻り勇者は平穏に暮らしたい,Light Novel,48,,2018,https://cdn.myanimelist.net/images/manga/2/240947l.jpg
2863,Aiyoku no Penguin-jima Koukuutai,,愛翼のペンギン島航空隊,Manga,47,,2018,https://cdn.myanimelist.net/images/manga/1/262710l.jpg
2863,"Anata no, Choudai",,あなたの、ちょうだい,Manga,47,,2018,https://cdn.myanimelist.net/images/manga/2/326145l.jpg
2863,Anjuu,,あんじゅう,Manga,47,,2018,https://cdn.myanimelist.net/images/manga/3/326156l.jpg
2863,Ayakasarete Kazoku Keikaku,,あやかされて家族計画,One-shot,47,,2018,https://cdn.myanimelist.net/images/manga/2/313177l.jpg
2863,Blue de Roi,Blue de Roi,ブルー・ド・ロワ,Manga,47,,2018,https://cdn.myanimelist.net/images/manga/2/295138l.jpg
2863,Fushigi to Bokura wa,,不思議とぼくらは,One-shot,47,,2018,https://cdn.myanimelist.net/images/manga/2/206426l.jpg
2863,Hyakuman Pound no Nise no Hanayome,A Bride Worth Millions,百万ポンドの偽の花嫁,Manga,47,,2018,https://cdn.myanimelist.net/images/manga/2/227161l.jpg
2863,Kanojo ga Ishuzoku Datta Baai. Oshiego Vampire no Amatoro Reizoku Choukyou,,彼女が異種族だった場合。～教え子ヴァンパイアの甘トロ隷属調教～,Light Novel,47,,2018,https://cdn.myanimelist.net/images/manga/3/247102l.jpg
2863,"Succubus Shimai to Sugosu, Isekai Mattari Seikatsu",,サキュバス姉妹と過ごす、異世界まったり性活,Light Novel,47,,2018,https://cdn.myanimelist.net/images/manga/3/219251l.jpg
2863,Zero no Daikenja: Wakagaetta Saikyou Kenja wa Shoutai wo Kakushite Nariagaru,,ゼロの大賢者 ~若返った最強賢者は正体を隠して成り上がる~,Light Novel,47,,2018,https://cdn.myanimelist.net/images/manga/2/241353l.jpg
2873,Akuma na Osananajimi no Ijou na Junjou,My Childhood Friend Like the Devil Loves Me Abnormally,悪魔な幼なじみの異常な純情,Manga,46,,2018,https://cdn.myanimelist.net/images/manga/3/297109l.jpg
2873,"Boukensha License wo Hakudatsu sareta Ossan dakedo, Manamusume ga Dekita node Nonbiri Jinsei wo Ouka suru",Enjoy New Life with My Daughter,冒険者ライセンスを剥奪されたおっさんだけど、愛娘ができたのでのんびり人生を謳歌する,Light Novel,46,,2018,https://cdn.myanimelist.net/images/manga/2/339755l.jpg
2873,Chikyuu Boueigun Nirasawa Chuutonchi,,地球防衛軍韮沢駐屯地,One-shot,46,,2018,https://cdn.myanimelist.net/images/manga/3/226744l.jpg
2873,Fukigen na Romance,,不機嫌なロマンス,Manga,46,,2018,https://cdn.myanimelist.net/images/manga/2/288534l.jpg
2873,Girls' Fist!!!!,,ガールズフィスト!!!!,Manga,46,,2018,https://cdn.myanimelist.net/images/manga/1/228002l.jpg
2873,Junshin na Rakusatsusha,Tycoon for Auction,純真な落札者,Manga,46,,2018,https://cdn.myanimelist.net/images/manga/2/229457l.jpg
2873,Kanojo ga Ishuzoku Datta Baai. Bungeibu no Majime na Kouhai Succubus,,彼女が異種族だった場合。～文芸部の真面目な後輩サキュバス～,Light Novel,46,,2018,https://cdn.myanimelist.net/images/manga/3/247101l.jpg
2873,Kyokou Unison,Fictitious Unison,虚構ユニゾン,Manga,46,,2018,https://cdn.myanimelist.net/images/manga/3/246503l.jpg
2873,Lust Summer,,ラス一サマー,Manga,46,,2018,https://cdn.myanimelist.net/images/manga/1/345611l.jpg
2873,Mahou Shoujo Fairy Flower: Seigi no Kokoro wo Kyokon de Kujike! - Saikyou Heroine-tachi no Zettai Chuusei Harem♪,,魔法少女フェアリーフラワー～正義の心を巨根で挫け！最強ヒロイン達の絶対忠誠ハーレム♪～,Light Novel,46,,2018,https://cdn.myanimelist.net/images/manga/3/241214l.jpg
2873,Otouto no Koibito ga Mukashi Choukyo shita Motokano datta,My Little Brother Is Dating My Ex,弟の恋人が昔調教した元カノだった,Doujinshi,46,,2018,https://cdn.myanimelist.net/images/manga/2/310618l.jpg
2873,Sensei no Suki ni Ugoite Ii yo,"My teacher, you are free to move your hips and thrust your penis.",せんせいの好きに動いていいよ,Manga,46,,2018,https://cdn.myanimelist.net/images/manga/1/293300l.jpg
2873,Shin Sangoku Shimai,,真・三国志妹,Light Novel,46,,2018,https://cdn.myanimelist.net/images/manga/2/232361l.jpg
2873,Somosomo Koi wa Yoku Darake,Love Is Always Self-Serving,そもそも恋は欲だらけ,Manga,46,,2018,https://cdn.myanimelist.net/images/manga/3/292651l.jpg
2873,Teliot Jogakuen Benjo Onaho-bu,,ティリオット女学園便所オナホ部,Doujinshi,46,,2018,https://cdn.myanimelist.net/images/manga/1/335645l.jpg
2873,Three Star,,スリースター,Manga,46,,2018,https://cdn.myanimelist.net/images/manga/2/269304l.jpg
2873,Tobi ni Koumori,,鳶に蝙蝠,Manga,46,,2018,https://cdn.myanimelist.net/images/manga/2/233959l.jpg
2873,Vanilla Enderman,,ヴァニラエンダーマン,Manga,46,,2018,https://cdn.myanimelist.net/images/manga/1/223034l.jpg
2873,Watashitachi wa Tsukiatteinai: #Hobo Shuukan Sousaku Manga Challenge,,私たちは付き合っていない #ほぼ週刊創作漫画チャレンジ,Manga,46,,2018,https://cdn.myanimelist.net/images/manga/3/226509l.jpg
2892,A-Teen,,에이틴,Manhwa,45,,2018,https://cdn.myanimelist.net/images/manga/1/307540l.jpg
2892,Aika to Ojisan,,あいかと叔父さん,Doujinshi,45,,2018,https://cdn.myanimelist.net/images/manga/2/329650l.jpg
2892,Jokers Crisis,,ジョーカーズクライシス,Manga,45,,2018,https://cdn.myanimelist.net/images/manga/2/299844l.jpg
2892,Kimi ga Inai to Owarenai,,君がいないと終われない,Manga,45,,2018,https://cdn.myanimelist.net/images/manga/2/300194l.jpg
2892,Ottori Mama wa Musuko no Onedari ni Yowai,,おっとり義母〈ママ〉は息子のオネダリに弱い,Doujinshi,45,,2018,https://cdn.myanimelist.net/images/manga/1/311534l.jpg
2892,Saigentsukai wa Kaeritai,,再現使いは帰りたい,Light Novel,45,,2018,https://cdn.myanimelist.net/images/manga/3/235116l.jpg
2892,Sailor Fuku to Himawari,Sailor School Uniform and Sunflower,セーラー服と向日葵,Manga,45,,2018,https://cdn.myanimelist.net/images/manga/2/299202l.jpg
2892,Sobo no Kami wo Kitta Hi,,祖母の髪を切った日,Manga,45,,2018,https://cdn.myanimelist.net/images/manga/2/270014l.jpg
2892,Susume! Giga Green,Let's go! Giga Green,進め!ギガグリーン,Manga,45,,2018,https://cdn.myanimelist.net/images/manga/3/215947l.jpg
2901,11:59,,11시 59분의 당신에게,Manhwa,44,,2018,https://cdn.myanimelist.net/images/manga/3/347813l.jpg
2901,Bentenbashi Minami Shoutengai Joshi Pro Wrestling!!,,弁天橋南商店街女子プロレス!!,Manga,44,,2018,https://cdn.myanimelist.net/images/manga/2/310078l.jpg
2901,Egoistic Venus,,エゴイスティック ヴィーナス,Manga,44,,2018,https://cdn.myanimelist.net/images/manga/1/322538l.jpg
2901,I Stan You,I Stan You,우리가 사랑하는 방법,Manhwa,44,,2018,https://cdn.myanimelist.net/images/manga/3/333254l.jpg
2901,Kawareta Junai,A Virgin For Vasquez,買われた純愛,Manga,44,,2018,https://cdn.myanimelist.net/images/manga/1/227485l.jpg
2901,Kin no Chikara: Takahashi Rumiko Kessakushuu,,高橋留美子傑作集 金の力,Manga,44,,2018,https://cdn.myanimelist.net/images/manga/1/300236l.jpg
2901,Kitsune no Yometori,,狐の嫁取り,Manga,44,,2018,https://cdn.myanimelist.net/images/manga/1/281072l.jpg
2901,Kizuite yo B.F.F.,Notice Me!: Best Friends Forever,気づいてよB.F.F.,Manga,44,,2018,https://cdn.myanimelist.net/images/manga/2/299821l.jpg
2901,Lost Drive,,LOST DRIVE,Manga,44,,2018,https://cdn.myanimelist.net/images/manga/3/232622l.jpg
2901,Nekura Ijimerarekko wo Tasuketara Natsukareta!: Kakure Bakunyuu Bishoujo to Iinari Haramase Dousei Seikatsu,,根暗いじめられっこを助けたら懐かれた！ ～隠れ爆乳美少女といいなり孕ませ同棲生活～,Light Novel,44,,2018,https://cdn.myanimelist.net/images/manga/1/247401l.jpg
2901,Sayonara no Parade,,さよならのパレード,Manga,44,,2018,https://cdn.myanimelist.net/images/manga/2/214755l.jpg
2901,Trip shita Saki ga Clear Zumi Otome Game datta kara Oshi to wa Zettai Tsukiaeru,A Girl's Story Aiming to Become a Lover of My Favorite Character by Tripping to the World of My Favorite Game.,トリップした先がクリア済み乙女ゲームだったから推しとは絶対付き合える,Manga,44,,2018,https://cdn.myanimelist.net/images/manga/1/246205l.jpg
2901,Tsukiyo no Iede Hime,,つきよのいえでひめ,One-shot,44,,2018,https://cdn.myanimelist.net/images/manga/2/289715l.jpg
2901,Umibe no Byouin de Kanojo to Hanashita Ikutsuka no Koto,Several Things I Talked to Her at the Beach Hospital,海辺の病院で彼女と話した幾つかのこと,Light Novel,44,,2018,https://cdn.myanimelist.net/images/manga/1/307470l.jpg
2901,Ura Kyoto,,裏京都,One-shot,44,,2018,https://cdn.myanimelist.net/images/manga/2/268014l.jpg
2916,Akuma Eigo: Shabereru Hito dake ga Shitteiru Kindan no Housoku,,悪魔英語 喋れる人だけが知っている禁断の法則,Manga,43,,2018,https://cdn.myanimelist.net/images/manga/1/231872l.jpg
2916,Ama-Lilith Series,,甘リリスシリーズ,Doujinshi,43,,2018,https://cdn.myanimelist.net/images/manga/1/335479l.jpg
2916,Chanoyu no Jikan,,茶の湯のじかん,Manga,43,,2018,https://cdn.myanimelist.net/images/manga/2/228035l.jpg
2916,Hokuto no Ken: BBQ Aji,,北斗の拳 BBQ味,Manga,43,,2018,https://cdn.myanimelist.net/images/manga/3/335178l.jpg
2916,Kimi ni Soba ni Ite Hoshii,Stay by My Side,君にそばにいて欲しい,Manga,43,,2018,https://cdn.myanimelist.net/images/manga/2/224701l.jpg
2916,Kocchi Muite Aishiteru,Turn Over I Love You,こっち向いて愛してる,Manga,43,,2018,https://cdn.myanimelist.net/images/manga/3/309197l.jpg
2916,"Koibito → Fuufu: Dekiai Seikatsu wa Amaku, Iyarashiku",,恋人→夫婦 溺愛生活は甘く、いやらしく,Manga,43,,2018,https://cdn.myanimelist.net/images/manga/3/295794l.jpg
2916,Mobius Heart,,メビウスハート,Manga,43,,2018,https://cdn.myanimelist.net/images/manga/2/246606l.jpg
2916,NTR Ecchi,Cuckold Sex,NTR (寝取られ) えっち,Manga,43,,2018,https://cdn.myanimelist.net/images/manga/3/312648l.jpg
2916,Natsuyasumi mo Itoko no Oneechan ni Asonde Moraimashita.,,なつやすみもいとこのおねえちゃんにあそんでもらいました。,Doujinshi,43,,2018,https://cdn.myanimelist.net/images/manga/1/337448l.jpg
2916,Ore no Kanojo ga Gachi Hentai Sugiru,,俺の彼女がガチ変態すぎる,Light Novel,43,,2018,https://cdn.myanimelist.net/images/manga/1/247399l.jpg
2916,Palace Meidi Bangai-hen: Heika no Protocol,Palace Meidi Side Story: Majesty's Protocol,パレス・メイヂ 番外編～陛下のプロトコール～,Manga,43,,2018,https://cdn.myanimelist.net/images/manga/1/288260l.jpg
2916,Princess Night,,プリンセスナイト,Manga,43,,2018,https://cdn.myanimelist.net/images/manga/2/294436l.jpg
2916,Private Beach nite,,プライベートビーチにて,Doujinshi,43,,2018,https://cdn.myanimelist.net/images/manga/3/328798l.jpg
2916,Rising Sun R,,ライジングサンR,Manga,43,,2018,https://cdn.myanimelist.net/images/manga/3/282613l.jpg
2916,Seiten,,青天,Manga,43,,2018,https://cdn.myanimelist.net/images/manga/3/238298l.jpg
2916,Shinitagari-kun to Inma,,死にたがりくんと淫魔,Manga,43,,2018,https://cdn.myanimelist.net/images/manga/2/296171l.jpg
2916,Square Enix no Shachou ni YouTuber Debut saseraremashita: Daradol Yamada no Daradara YouTuber-gurashi,,スクウェア・エニックスの社長にYouTuberデビューさせられました ダラドル・ヤマダのだらだらYouTuber暮らし,Manga,43,,2018,https://cdn.myanimelist.net/images/manga/2/302306l.jpg
2916,"Tabun, Couple.",,たぶん、カップル。,One-shot,43,,2018,https://cdn.myanimelist.net/images/manga/2/300346l.jpg
2916,Tenka Hyakken: Shun,,天華百剣 ‐瞬‐,Manga,43,,2018,https://cdn.myanimelist.net/images/manga/1/217169l.jpg
2916,World Heroes,,ワールドヒーローズ,Manga,43,,2018,https://cdn.myanimelist.net/images/manga/2/235558l.jpg
2937,Agaritaru Yo to Kumo Gozen,,あがりたる世と蜘蛛御前,Manga,42,,2018,https://cdn.myanimelist.net/images/manga/3/283556l.jpg
2937,Baramutsu!!,Baramutsu!!,バラムツっ!!,Doujinshi,42,,2018,https://cdn.myanimelist.net/images/manga/1/314165l.jpg
2937,Hachimaki Love Letter,,ハチマキラブレター,One-shot,42,,2018,https://cdn.myanimelist.net/images/manga/1/300307l.jpg
2937,Izumi-san wa Miboujin desushi...,,泉さんは未亡人ですし…,Manga,42,,2018,https://cdn.myanimelist.net/images/manga/2/221737l.jpg
2937,Jinrui (♀) Sougal-ka: Nakadashi Rankou 365-nichi,,人類（♀）総ギャル化 中出し乱交365日,Manga,42,,2018,https://cdn.myanimelist.net/images/manga/3/316439l.jpg
2937,Kazoku wo Amu,,かぞくを編む,Manga,42,,2018,https://cdn.myanimelist.net/images/manga/1/256938l.jpg
2937,Kouen de Koukousei-tachi ga Asobu dake,High School Students Play in Park,公園で高校生達が遊ぶだけ,Light Novel,42,,2018,https://cdn.myanimelist.net/images/manga/3/234996l.jpg
2937,Kyou wa Kateikyoushi ga Kite Kyousei Mesuochi Saimin Jugyou wo Suru Hi,,今日は家庭教師が来て強制メス堕ち催眠授業をする日,Doujinshi,42,,2018,https://cdn.myanimelist.net/images/manga/2/330153l.jpg
2937,Nemuru Koumori: Kimi no Nioi de Nemurasete,Sleeping Koumori,ねむるこうもり～君のにおいで眠らせて～,Manga,42,,2018,https://cdn.myanimelist.net/images/manga/2/276104l.jpg
2937,Not for the Faint of Heart,,심약자의 출입을 금합니다,Manhwa,42,,2018,https://cdn.myanimelist.net/images/manga/2/347812l.jpg
2937,Osotte Kure to Itteru Youna Mon da,You're Just Asking to be Ravished,襲ってくれと言ってるようなもんだ,Manga,42,,2018,https://cdn.myanimelist.net/images/manga/3/274782l.jpg
2937,Otona no Mondai Teiki Series: Sakebi,,大人の問題提起シリーズ さけび,Manga,42,,2018,https://cdn.myanimelist.net/images/manga/1/313860l.jpg
2937,Satou-kun no Banyuu Inryoku,,佐藤くんの万有引力,Manga,42,,2018,https://cdn.myanimelist.net/images/manga/3/208034l.jpg
2937,Yuuwaku no Serenade,A Woman Accused,誘惑のセレナーデ,Manga,42,,2018,https://cdn.myanimelist.net/images/manga/3/227446l.jpg
2951,Blue Hour,,ブルーアワー,Manga,41,,2018,https://cdn.myanimelist.net/images/manga/3/319002l.jpg
2951,Gosujin Daisuki Ponta no Yuuutsu,,ごすじん大好きポン太の憂鬱,Manga,41,,2018,https://cdn.myanimelist.net/images/manga/2/233769l.jpg
2951,Gyakushuu Inferno,,逆襲インフェルノ,Manga,41,,2018,https://cdn.myanimelist.net/images/manga/2/225331l.jpg
2951,Hero no Inai Sekai,World Without Heroes,ヒーローのいない世界,Manga,41,,2018,https://cdn.myanimelist.net/images/manga/1/231084l.jpg
2951,Hobohobo Horobimashite,,ほぼほぼほろびまして,Manga,41,,2018,https://cdn.myanimelist.net/images/manga/3/249075l.jpg
2951,Houseki Ouji to Koubutsu Café,Prince of Jewelry & Mineral Café,宝石王子と鉱物カフェ,Manga,41,,2018,https://cdn.myanimelist.net/images/manga/1/247463l.jpg
2951,Iron Snow,,アイアンスノー,Manga,41,,2018,https://cdn.myanimelist.net/images/manga/3/215489l.jpg
2951,Koyomikko,,こよみっこ,Manga,41,,2018,https://cdn.myanimelist.net/images/manga/3/229889l.jpg
2951,Maguro Maid mo Minna mo Shikotama Ecchi!,,マグロメイドもみんなもしこたまえっち！,Manga,41,,2018,https://cdn.myanimelist.net/images/manga/3/325223l.jpg
2951,Mukankei (?) na Onna,,無関係(?)な女,One-shot,41,,2018,https://cdn.myanimelist.net/images/manga/2/287069l.jpg
2951,Netorare JK Koibito no Shinyuu,,寝取られjk 恋人の親友,Doujinshi,41,,2018,https://cdn.myanimelist.net/images/manga/2/321036l.jpg
2951,Ore no Koto Mukashi no Mama dato Omotteta? Irai shita Housekeeper wa Bed Making ga Nigate deshita.,I'm Not the Boy You Remember: My Housekeeper Has Trouble Keeping the Sheets Clean,俺のこと昔のままだと思ってた? ‐依頼したハウスキーパーはベッドメイキングが苦手でした。‐,Manga,41,,2018,https://cdn.myanimelist.net/images/manga/1/286863l.jpg
2951,Percht to Aruku Mori,,ペルヒトと歩く森,One-shot,41,,2018,https://cdn.myanimelist.net/images/manga/3/229834l.jpg
2951,Shigoto no Ato wa Koishiyou,Let's Fall in Love After Work,仕事の後は恋しよう,Manga,41,,2018,https://cdn.myanimelist.net/images/manga/3/314575l.jpg
2951,Shima-chan Sensei ga Kawaikute Shikatanai,,嶋ちゃん先生が可愛くてしかたない,Manga,41,,2018,https://cdn.myanimelist.net/images/manga/1/303092l.jpg
2951,"Shoujo to Toshi no Sa, Futamawari.",,少女と年の差、ふたまわり。,Light Novel,41,,2018,https://cdn.myanimelist.net/images/manga/3/247400l.jpg
2951,Sono Sugao wa Ore dake no Mono,Your True Face Is Just for Me,その素顔は俺だけのもの,Manga,41,,2018,https://cdn.myanimelist.net/images/manga/1/294159l.jpg
2951,The iDOLM@STER Cinderella Girls: Cinderella Girls Gekijou Wide☆,,アイドルマスター シンデレラガールズ シンデレラガールズ劇場 わいど☆,Manga,41,,2018,https://cdn.myanimelist.net/images/manga/2/301441l.jpg
2951,Toro² x Nama² x Seishidou,,とろ²×なま²×性指導,One-shot,41,,2018,https://cdn.myanimelist.net/images/manga/2/278275l.jpg
2951,Urekko Sensei ni wa Himitsu ga Aru.,,売れっ子先生には秘密がある。,Manga,41,,2018,https://cdn.myanimelist.net/images/manga/2/289096l.jpg
2951,Uwasa no Blonde Musume,Asking for Trouble,噂のブロンド娘,Manga,41,,2018,https://cdn.myanimelist.net/images/manga/1/227549l.jpg
2951,Virtual Enji☆Osanai Mei,Virtual Kindergarten Pupil Osanai Mei,バーチャル園児☆小山内めい,Manga,41,,2018,https://cdn.myanimelist.net/images/manga/3/267085l.jpg
2973,5 no 2 to 3 no 2 no Koibana. 2-jikanme!!,Girl's talk in 5-2 and 3-2. 2nd period!!,5の2と3の2のこいばな。2時間め!!,Manga,40,,2018,https://cdn.myanimelist.net/images/manga/2/329365l.jpg
2973,Enchanting Poison,,ENCHANTING POISON,Doujinshi,40,,2018,https://cdn.myanimelist.net/images/manga/2/330677l.jpg
2973,Futsukame no Yoiko-chan,She Always Drinks and Hangover,二日目の酔い子ちゃん,Manga,40,,2018,https://cdn.myanimelist.net/images/manga/2/220089l.jpg
2973,H Daisuki Saaya-san to Kusuri de Youji Taikou shita Danna,The Miracle Cure to Feel Young Again,H大好き紗彩さんと薬で幼児退行した旦那,Doujinshi,40,,2018,https://cdn.myanimelist.net/images/manga/1/310180l.jpg
2973,Hakushaku yori Tsukiyo no Lady ni Sasagu,The Earl's Sacrifice to the Moonlight Lady,伯爵より月夜のレディに捧ぐ,Manga,40,,2018,https://cdn.myanimelist.net/images/manga/3/257625l.jpg
2973,Hanaemi no Majo ni Tsugu,,花咲みの魔女に告ぐ,Manga,40,,2018,https://cdn.myanimelist.net/images/manga/2/283165l.jpg
2973,Hitozuma Shichou no Inbi na Seikou Kaikaku,Erotic Reforms of Sex by a Married Female Mayor,人妻市長の淫靡な性交改革,Manga,40,,2018,https://cdn.myanimelist.net/images/manga/3/321399l.jpg
2973,"JK-domo, Kouya wo Yuke",Desperadoes Go to the Wilderness,JKども、荒野をゆけ,Manga,40,,2018,https://cdn.myanimelist.net/images/manga/3/229045l.jpg
2973,Juushinki Pandora 0,,重神機パンドーラ 0,Manga,40,,2018,https://cdn.myanimelist.net/images/manga/2/233721l.jpg
2973,Kugayama-kun ga Asa made Hanashite Kuremasen! Toshishita Kare to no Himitsu no Shinkon Seikatsu,Kugayama Refuses to Let Go of Me Until Morning!: Secret Newly-Wed Life with a Younger Husband♥,久我山くんが朝まではなしてくれません! ～年下彼との秘密の新婚生活～,Manga,40,,2018,https://cdn.myanimelist.net/images/manga/1/281614l.jpg
2973,"Oniichan, Hitorijime shitai no...!",,お兄ちゃん、独り占めしたいの…！,Doujinshi,40,,2018,https://cdn.myanimelist.net/images/manga/2/329483l.jpg
2973,Taiteishi Darari Nomi,,立石だらり呑み,Manga,40,,2018,https://cdn.myanimelist.net/images/manga/2/247474l.jpg
2973,Toumei no Kimi,,透明の君,Manga,40,,2018,https://cdn.myanimelist.net/images/manga/1/235855l.jpg
2973,Watashi no Aishita Playboy,At Dante's Service,私の愛したプレイボーイ,Manga,40,,2018,https://cdn.myanimelist.net/images/manga/2/227510l.jpg
2973,Yutori Yakuza,,ゆとりやくざ,Manga,40,,2018,https://cdn.myanimelist.net/images/manga/3/236886l.jpg
2973,Zurichichi Heaven!!,Heaven is a girl's boobs.,ずりちちヘブン!!,Manga,40,,2018,https://cdn.myanimelist.net/images/manga/3/335876l.jpg
2989,"24-jikan, Kanojo no Karada Kashimasu.",You Can Borrow Her Body For 24 Hours Only.,24時間、彼女のカラダ貸します。,Manga,39,,2018,https://cdn.myanimelist.net/images/manga/2/330264l.jpg
2989,Ace no Himitsu,Ace's Secret,エースの秘密,One-shot,39,,2018,https://cdn.myanimelist.net/images/manga/2/331083l.jpg
2989,Azamukareta Muku na Hanayome,Baby Business,欺かれた無垢な花嫁,Manga,39,,2018,https://cdn.myanimelist.net/images/manga/2/227562l.jpg
2989,Baiyou Niku-kun,,培養肉くん,Manga,39,,2018,https://cdn.myanimelist.net/images/manga/3/283717l.jpg
2989,Futsuu no Kimochi,,ふつうのきもち,Manga,39,,2018,https://cdn.myanimelist.net/images/manga/3/254811l.jpg
2989,Gal to JC to Enkou to,,ギャルとJCと援交と,Manga,39,,2018,https://cdn.myanimelist.net/images/manga/1/290026l.jpg
2989,Hoshikatta no wa Ookina Chi〇ko,I Wanted The Big Penis,欲しかったのは大きなち〇こ,Manga,39,,2018,https://cdn.myanimelist.net/images/manga/1/292472l.jpg
2989,Jiman no Bijinzuma ga Tonari ni Sumu Kimoi Otoko ni Netorareteita no wo Boku dake ga Shiranai,,自慢の美人妻が隣に住むキモイ男に寝取られていたのを僕だけが知らない,Doujinshi,39,,2018,https://cdn.myanimelist.net/images/manga/1/314247l.jpg
2989,"Joshikousei kara, Konkatsu shitemasu.",,女子高生から、婚活してます。,Manga,39,,2018,https://cdn.myanimelist.net/images/manga/3/224229l.jpg
2989,Muchi Pocha Poyon,,ムチぽちゃぽよん,Manga,39,,2018,https://cdn.myanimelist.net/images/manga/2/345308l.jpg
2989,Obasan no Himitsu,,叔母さんの秘蜜,One-shot,39,,2018,https://cdn.myanimelist.net/images/manga/3/278326l.jpg
2989,Prince's Lollipop,Prince's Lollipop,왕자님의 막대사탕,Manhwa,39,,2018,https://cdn.myanimelist.net/images/manga/1/291358l.jpg
2989,Rekiai! Rekishi to Ai,,レキアイ! 歴史と愛,Manga,39,,2018,https://cdn.myanimelist.net/images/manga/3/215980l.jpg
2989,Salty & Sweet,Salty & Sweet,Salty&Sweet,Manhwa,39,,2018,https://cdn.myanimelist.net/images/manga/3/338108l.jpg
3003,Akachan Hiroba,,あかちゃんひろば,Doujinshi,38,,2018,https://cdn.myanimelist.net/images/manga/1/336560l.jpg
3003,Coda-hime to Noroi no Kubiwa,Life History of Princess Coda,コーダ姫と呪いの首輪,One-shot,38,,2018,https://cdn.myanimelist.net/images/manga/1/283473l.jpg
3003,Dolce: Teihen Idol no Nichijou,,Dolce ～底辺アイドルの日常～,Manga,38,,2018,https://cdn.myanimelist.net/images/manga/3/278884l.jpg
3003,Eshi Shoujo no Junan,,絵師少女の受難,One-shot,38,,2018,https://cdn.myanimelist.net/images/manga/3/308615l.jpg
3003,Fools,,フールズ,Manga,38,,2018,https://cdn.myanimelist.net/images/manga/1/293554l.jpg
3003,Henai Libido,Libido of Lovers,変愛リビドー,Manga,38,,2018,https://cdn.myanimelist.net/images/manga/1/324729l.jpg
3003,Hitozuma no Uso wa Sugu Bareru,A Wife's Lies Are Transparent.,人妻の嘘はすぐバレる,Manga,38,,2018,https://cdn.myanimelist.net/images/manga/2/335307l.jpg
3003,Honjitsu no Kamioroshi,Serendipity of the Day,本日の神降ろし,Manga,38,,2018,https://cdn.myanimelist.net/images/manga/3/223566l.jpg
3003,Izakaya Baito no Shiba-san,"Shiba, the Part-Time Waiter",居酒屋バイトのしばさん,Manga,38,,2018,https://cdn.myanimelist.net/images/manga/2/294434l.jpg
3003,Jason-sensei to Oishii Shokutaku,,ジェイソン先生とおいしい食卓,Manga,38,,2018,https://cdn.myanimelist.net/images/manga/1/219490l.jpg
3003,Kimi no Sekai ni Iteitai,I Want to Stay in Your World,きみの世界にいていたい,Manga,38,,2018,https://cdn.myanimelist.net/images/manga/1/248560l.jpg
3003,Koi wo Suru nara Nidome ga Joutou,"Fall in Love for the Second Time, Bring It On",恋をするなら二度目が上等,Manga,38,,2018,https://cdn.myanimelist.net/images/manga/2/317108l.jpg
3003,Muchi Chichi♥,,むちちち♥,Manga,38,,2018,https://cdn.myanimelist.net/images/manga/3/317763l.jpg
3003,Odoru Heihou Hehou,,踊るヘイホーヘホー,One-shot,38,,2018,https://cdn.myanimelist.net/images/manga/1/301584l.jpg
3003,Otto no Neteru Aida ni Torokasarete Ochita Hitozuma,Let Sleeping Husbands Lie,夫の寝てる間に蕩かされて堕ちた人妻,Doujinshi,38,,2018,https://cdn.myanimelist.net/images/manga/1/312676l.jpg
3003,Sabaku no Kaze ni Natte,,砂漠の風になって,Manga,38,,2018,https://cdn.myanimelist.net/images/manga/2/231639l.jpg
3003,Seishun♡Knockout,,性春♡ノックアウト,One-shot,38,,2018,https://cdn.myanimelist.net/images/manga/2/330804l.jpg
3003,Waitress no Himitsu no Tenshi,"Her Little Secret, His Hidden Heir",ウエイトレスの秘密の天使,Manga,38,,2018,https://cdn.myanimelist.net/images/manga/2/246997l.jpg
3021,Aozora to Brocante,,青空とブロカント,Manga,37,,2018,https://cdn.myanimelist.net/images/manga/1/319215l.jpg
3021,Densha nite,,電車にて,Doujinshi,37,,2018,https://cdn.myanimelist.net/images/manga/2/328803l.jpg
3021,Hakunetsu Nihonshu Kyoushitsu,"Learning About ""Sake""",白熱日本酒教室,Manga,37,,2018,https://cdn.myanimelist.net/images/manga/1/271184l.jpg
3021,Heion wo Nozomu Madoushi no Heion ja Nai Nichijou,,平穏を望む魔導師の平穏じゃない日常,Light Novel,37,,2018,https://cdn.myanimelist.net/images/manga/3/247460l.jpg
3021,If You Wish,If You Wish,당신이 원하신다면,Manhwa,37,,2018,https://cdn.myanimelist.net/images/manga/1/333275l.jpg
3021,Itoshigo no Shouzou,A Natural Mother,愛し子の肖像,Manga,37,,2018,https://cdn.myanimelist.net/images/manga/1/227442l.jpg
3021,Kamishiro Misuzu no Matataki,,神代三鈴の瞬き,Manga,37,,2018,https://cdn.myanimelist.net/images/manga/3/224647l.jpg
3021,Kizu wo Otta Tenshi,Doctor for Keeps,傷を負った天使,Manga,37,,2018,https://cdn.myanimelist.net/images/manga/2/247163l.jpg
3021,Manatsu no Siren,A Siren in Midsummer,真夏のサイレン,Manga,37,,2018,https://cdn.myanimelist.net/images/manga/1/316900l.jpg
3021,Naho-chan wa Onahoya-san,,菜穂ちゃんはオナホ屋さん,Manga,37,,2018,https://cdn.myanimelist.net/images/manga/3/328394l.jpg
3021,Otome wo Aishita Akuma,The Greatest of Sins,乙女を愛した悪魔,Manga,37,,2018,https://cdn.myanimelist.net/images/manga/3/236944l.jpg
3021,Ousama no Shitateya: Shitamachi Tailor,,王様の仕立て屋〜下町テーラー〜,Manga,37,,2018,https://cdn.myanimelist.net/images/manga/2/232907l.jpg
3021,Over Line,,Over Line,Manga,37,,2018,https://cdn.myanimelist.net/images/manga/1/300946l.jpg
3021,Reign of Desire,Reign of Desire,치정,Manhwa,37,,2018,https://cdn.myanimelist.net/images/manga/2/337105l.jpg
3021,Roberta-sama wa Shojo de Arareru!!,,ロベルザ様は処女であられる!!,Doujinshi,37,,2018,https://cdn.myanimelist.net/images/manga/1/320044l.jpg
3021,Seika Amai ka Shoppai ka,,生花甘いかしょっぱいか,Manga,37,,2018,https://cdn.myanimelist.net/images/manga/3/273329l.jpg
3021,Succubus-san to Sugosu Hibi: Succubus Oneesan to Amaama Icha Lovex,Life With a Succubus: Making Sweet Love to a Meaty Succubus,サキュバスさんと過ごす日々ーサキュバスおねえさんと甘々いちゃらぶックスー,Doujinshi,37,,2018,https://cdn.myanimelist.net/images/manga/3/309574l.jpg
3021,Tantei Minarai Akio...,,探偵見習い アキオ…,Manga,37,,2018,https://cdn.myanimelist.net/images/manga/1/272709l.jpg
3021,Teppoudama to Hitsuzen no Koi,Hopelessly in Love With a Hitman!,鉄砲玉と必然の恋,Manga,37,,2018,https://cdn.myanimelist.net/images/manga/2/303073l.jpg
3021,Tetsuhai no Jan! VR,,鉄牌のジャン! VR,Manga,37,,2018,https://cdn.myanimelist.net/images/manga/1/250127l.jpg
3021,Virtual YouTuber Mirai Akari: Koushiki Comic Anthology - Akari to Love Comedy Shichaimaashou! Hen,Virtual YouTuber Mirai Akari Official Comic Anthology,バーチャルYouTuber ミライアカリ 公式コミックアンソロジー ～アカリとラブコメしちゃいまーしょう！編～,Manga,37,,2018,https://cdn.myanimelist.net/images/manga/1/324321l.jpg
3021,Yawaraka na Meinichi,Gentle Farewell,やわらかな命日,Manga,37,,2018,https://cdn.myanimelist.net/images/manga/1/317104l.jpg
3043,Aijin Shigan,No Quiet Refuge,愛人志願,Manga,36,,2018,https://cdn.myanimelist.net/images/manga/2/247043l.jpg
3043,Ayakashi Onsen Kitan Kitan,,あやかし温泉奇譚綺譚,Manga,36,,2018,https://cdn.myanimelist.net/images/manga/1/242755l.jpg
3043,Ecchi Daisuki Joshi Chuu○sei wa Miinna Ninshin Kibou♡,,えっち大好き女子中○生はみーんな妊娠希望♡,Manga,36,,2018,https://cdn.myanimelist.net/images/manga/2/290096l.jpg
3043,Haitte Oide yo,"Come Inside Me, Darling.",はいっておいでよ,Manga,36,,2018,https://cdn.myanimelist.net/images/manga/1/331343l.jpg
3043,Itoshiki Wagaya,My Beloved Home,愛しき我が家,Manga,36,,2018,https://cdn.myanimelist.net/images/manga/3/324955l.jpg
3043,Kedama no Gonjirou,,けだまのゴンじろー,Manga,36,,2018,https://cdn.myanimelist.net/images/manga/3/233601l.jpg
3043,Love Hame,Love Fxxk,らぶはめ,Manga,36,,2018,https://cdn.myanimelist.net/images/manga/2/322878l.jpg
3043,Menkee naa Emi-chan,,めんけぇなぁ えみちゃん,Manga,36,,2018,https://cdn.myanimelist.net/images/manga/1/225666l.jpg
3043,Mukidashi,,むきだし,Manga,36,,2018,https://cdn.myanimelist.net/images/manga/1/316823l.jpg
3043,"Ne, Ii yo.",,ね、いいよ。,Manga,36,,2018,https://cdn.myanimelist.net/images/manga/2/312858l.jpg
3043,Nekomata Manma,,猫又まんま,Manga,36,,2018,https://cdn.myanimelist.net/images/manga/1/222519l.jpg
3043,Ningyou no Kura,,人形の蔵,One-shot,36,,2018,https://cdn.myanimelist.net/images/manga/2/314240l.jpg
3043,Orikou-san,Orikou Bow Wow!,おりこうさん,Doujinshi,36,,2018,https://cdn.myanimelist.net/images/manga/3/319426l.jpg
3043,Sanmusubi!,,さんむすび！,Manga,36,,2018,https://cdn.myanimelist.net/images/manga/3/235626l.jpg
3043,Tensei Tokuten de Commuryoku ni Zenfuri Shita Watashi Saikyou de Kawaii!,,転生特典でコミュ力に全振りしたわたし最強でかわいい！,Light Novel,36,,2018,https://cdn.myanimelist.net/images/manga/1/241867l.jpg
3043,The Esper's Game,The Esper's Game,초인의 게임,Novel,36,,2018,https://cdn.myanimelist.net/images/manga/1/322350l.jpg
3059,Ane To Iu Onna,Sisterly Woman,姉という女,One-shot,35,,2018,https://cdn.myanimelist.net/images/manga/1/325262l.jpg
3059,Elixir no Izumi no Mizu wo Nonde Sodatta Murabito,,エリクサーの泉の水を飲んで育った村人,Light Novel,35,,2018,https://cdn.myanimelist.net/images/manga/3/234830l.jpg
3059,Gal Man,,ギャルマン,Doujinshi,35,,2018,https://cdn.myanimelist.net/images/manga/3/336248l.jpg
3059,Haramase Nakadashi 3-chouen,,孕ませ膣出し3兆円,Manga,35,,2018,https://cdn.myanimelist.net/images/manga/1/292817l.jpg
3059,Kiritani-kun wa Sakaraenai,Kiritani-Kun Can't Resist Him!,桐谷くんは逆らえない,Manga,35,,2018,https://cdn.myanimelist.net/images/manga/3/297723l.jpg
3059,Mashita no Fudanshi-kun+,The Downstairs Resident Is Mr. Fudanshi,ましたの腐男子くん+,Manga,35,,2018,https://cdn.myanimelist.net/images/manga/3/339187l.jpg
3059,One Day Nyanger Sister,,わんでいずにゃんがーしすたー,One-shot,35,,2018,https://cdn.myanimelist.net/images/manga/2/274812l.jpg
3059,Sakkon no Cinderella wa Kutsu wo Otosanai.,Modern Cindellera Does Not Drop Shoes.,昨今のシンデレラは靴を落とさない。,Light Novel,35,,2018,https://cdn.myanimelist.net/images/manga/3/259071l.jpg
3059,Shousetsuou,,小説王,Manga,35,,2018,https://cdn.myanimelist.net/images/manga/2/226922l.jpg
3059,Tonari no Juunin,The Man Next Door,隣の住人,Doujinshi,35,,2018,https://cdn.myanimelist.net/images/manga/3/304310l.jpg
3059,Uwabami Otome Zukan,,うわばみ乙女ずかん,Manga,35,,2018,https://cdn.myanimelist.net/images/manga/3/246630l.jpg
3070,A Better Labor,A Better Labor,노동본색,Manhwa,34,,2018,https://cdn.myanimelist.net/images/manga/3/315890l.jpg
3070,Aji Ichi Monme: Tsugi Aji,,味いちもんめ 継ぎ味,Manga,34,,2018,https://cdn.myanimelist.net/images/manga/2/285081l.jpg
3070,Amaete♡Sutte♡,,甘えて♡吸って♡,Manga,34,,2018,https://cdn.myanimelist.net/images/manga/3/324868l.jpg
3070,Amai Yume,,甘いユメ,Doujinshi,34,,2018,https://cdn.myanimelist.net/images/manga/3/334077l.jpg
3070,Bishounen Club no Himitsu,,美少年倶楽部の秘密,Manga,34,,2018,https://cdn.myanimelist.net/images/manga/1/279812l.jpg
3070,Chou Keroro Gunsou: Ultra Cool Gekitou!! Keroro Robo Daikessen,,超ケロロ軍曹 UC〈うるとらくーる〉 激闘!! ケロロロボ大決戦,Manga,34,,2018,https://cdn.myanimelist.net/images/manga/2/319710l.jpg
3070,Furete Torokete.,The Melting Heart,ふれてトロけて。,Manga,34,,2018,https://cdn.myanimelist.net/images/manga/1/322536l.jpg
3070,Guns and Valinta,,Guns and Valinta ガンズ アンド ヴァリンタ,One-shot,34,,2018,https://cdn.myanimelist.net/images/manga/2/346609l.jpg
3070,"Haikei Heika, 2-dome no Ouhi wa Okotowari!",,拝啓陛下、２度目の王妃はお断り！,Light Novel,34,,2018,https://cdn.myanimelist.net/images/manga/2/240813l.jpg
3070,Hiroshima Imouto: Odoryaa! Momiji-chan!!,,広島妹 おどりゃー! もみじちゃん!!,Manga,34,,2018,https://cdn.myanimelist.net/images/manga/3/234496l.jpg
3070,Ii Ko Ii Ko tte shite,,いいこいいこってして,Manga,34,,2018,https://cdn.myanimelist.net/images/manga/3/318419l.jpg
3070,"Ippai Ijimete, Ippai Aishite.",,いっぱい虐めて、いっぱい愛して。,Doujinshi,34,,2018,https://cdn.myanimelist.net/images/manga/1/336868l.jpg
3070,Jazu,,邪図,Manga,34,,2018,https://cdn.myanimelist.net/images/manga/3/227255l.jpg
3070,Júnior,,ジュニオール,Manga,34,,2018,https://cdn.myanimelist.net/images/manga/2/294499l.jpg
3070,Kamisama no Iutoori?,As God Wills?,かみさまの言うとおり?,One-shot,34,,2018,https://cdn.myanimelist.net/images/manga/1/331450l.jpg
3070,Onsen Musume,,温泉むすめ,Manga,34,,2018,https://cdn.myanimelist.net/images/manga/1/327004l.jpg
3070,Rikujou Kanojo wa Cool Tokidoki Dere,,陸上彼女はクールときどきデレ,Doujinshi,34,,2018,https://cdn.myanimelist.net/images/manga/1/341745l.jpg
3070,Souta to Ako,Souta & Ako,ソウタとアコ,Manga,34,,2018,https://cdn.myanimelist.net/images/manga/2/234130l.jpg
3070,Tamaharu,,たまはる,Manga,34,,2018,https://cdn.myanimelist.net/images/manga/2/330414l.jpg
3070,Watashi ga Daisuki na Shousetsuka wo Korosu made,,私が大好きな小説家を殺すまで,Novel,34,,2018,https://cdn.myanimelist.net/images/manga/1/336593l.jpg
3090,Akuma no Moka-chan,Devil Child Moka-chan,悪魔のモカちゃん,Manga,33,,2018,https://cdn.myanimelist.net/images/manga/3/244723l.jpg
3090,Alternative Girls: First Step!,,オルタナティブガールズ First Step!,Manga,33,,2018,https://cdn.myanimelist.net/images/manga/2/224440l.jpg
3090,Artist,Artist,아티스트,Manhwa,33,,2018,https://cdn.myanimelist.net/images/manga/2/283020l.jpg
3090,Chikan ni Chuui♥,,チカンニチュウイ♥,Doujinshi,33,,2018,https://cdn.myanimelist.net/images/manga/2/332455l.jpg
3090,Dengeki! Bunko no Hiru Gohan!!,,電撃! 文庫の昼ごはん!!,Manga,33,,2018,https://cdn.myanimelist.net/images/manga/2/224485l.jpg
3090,Fiancé Kachou wa Yasashii Do S,The Boss Is My Sadistic Sweetheart!,フィアンセ課長は優しいドS,Manga,33,,2018,https://cdn.myanimelist.net/images/manga/1/274711l.jpg
3090,Hakaba no Sata mo Kane Shidai!,,墓場の沙汰も金しだい!,Manga,33,,2018,https://cdn.myanimelist.net/images/manga/3/283075l.jpg
3090,Hakushaku no Karisome no Tsuma,His Black Sheep Bride,伯爵のかりそめの妻,Manga,33,,2018,https://cdn.myanimelist.net/images/manga/1/229730l.jpg
3090,Hokenshitsu no Sensei.,,保健室のせんせい。,Manga,33,,2018,https://cdn.myanimelist.net/images/manga/1/215577l.jpg
3090,Kinirobachi ni Mitsu,The Golden Bee Drops Into Honey,金色蜂に蜜,Manga,33,,2018,https://cdn.myanimelist.net/images/manga/3/322054l.jpg
3090,Koushaku no Nigedashita Hanayome,Improperly Wed,侯爵の逃げ出した花嫁,Manga,33,,2018,https://cdn.myanimelist.net/images/manga/3/229731l.jpg
3090,Not Long Goodbye,,ノット ロンググッドバイ,Manga,33,,2018,https://cdn.myanimelist.net/images/manga/1/303747l.jpg
3090,Oni to Majiwaru Ouma ga Toki: Dame! Nando mo Surikomanaide...,Entwined at Twilight with a Demon: Again... and Again... He Can't Be Stopped!,鬼と交わる逢魔が時～ダメッ!何度も擦り込まないで…,Manga,33,,2018,https://cdn.myanimelist.net/images/manga/2/298694l.jpg
3090,Oogata Shinjin no Kyouikugakari: Shanai Renaichuu,Trainer of Super Rookie,大型新人の教育係 社内恋愛中,Manga,33,,2018,https://cdn.myanimelist.net/images/manga/2/330921l.jpg
3090,Rikedan! Watashi ga Dokushinryou no Kanrinin ni...!?,The Men in Science Majors,リケダン! 私が独身寮の管理人に…!?,Manga,33,,2018,https://cdn.myanimelist.net/images/manga/1/297900l.jpg
3090,Sasaeng: Obsessive and Tenacious,Sasaeng: Obsessive and Tenacious,사생,Manhwa,33,,2018,https://cdn.myanimelist.net/images/manga/3/332290l.jpg
3090,"Yankee Haiyuu, Ecchi na Engi Shidou saretemasu.","I'll Act, But I Never Said I'd Do That!",ヤンキー俳優、えっちな演技指導されてます。,Manga,33,,2018,https://cdn.myanimelist.net/images/manga/3/334600l.jpg
3090,Yuri no Tsubomi ni Kuchibiru Furete,Touch the Lily Buds with Your Lips,百合の蕾に唇触れて,Manga,33,,2018,https://cdn.myanimelist.net/images/manga/3/332060l.jpg
3108,Bicho Nurekko,,びちょ濡れっ娘,Manga,32,,2018,https://cdn.myanimelist.net/images/manga/1/319806l.jpg
3108,Boku dake ni Mieru Hikari,,僕だけに見える光,One-shot,32,,2018,https://cdn.myanimelist.net/images/manga/3/233129l.jpg
3108,Clear Lovers,,クリアラバーズ,One-shot,32,,2018,https://cdn.myanimelist.net/images/manga/1/241044l.jpg
3108,Dream ni Kogarete,Longing For a Dream,DREAMにこがれて,Manga,32,,2018,https://cdn.myanimelist.net/images/manga/2/324350l.jpg
3108,Elf no Sumu Mori.,Elven forests.,エルフの住む森。,Doujinshi,32,,2018,https://cdn.myanimelist.net/images/manga/1/322731l.jpg
3108,Himitsu no Shoukan de Ajin Maid wo,How to Train Demihuman Maids,秘密の娼館で亜人メイドを,Doujinshi,32,,2018,https://cdn.myanimelist.net/images/manga/2/336180l.jpg
3108,Kedamono Shunga: Onibarai Jikentan,,けだもの春画 ~鬼祓い事件譚~,Manga,32,,2018,https://cdn.myanimelist.net/images/manga/1/325245l.jpg
3108,Konna Sekai de Nani sunno!?,,こんな世界でナニすんの！？,Manga,32,,2018,https://cdn.myanimelist.net/images/manga/1/336646l.jpg
3108,Kono Ai Kuraiyagare Kudasai!,,この愛喰らいやがれください!,Manga,32,,2018,https://cdn.myanimelist.net/images/manga/1/299274l.jpg
3108,Kumazou to Game na Goshujin,Kumazo & Goshujin in Game Life,クマ蔵とゲームなご主人,Manga,32,,2018,https://cdn.myanimelist.net/images/manga/1/323754l.jpg
3108,Kurayami no Rhapsody,Embrace the Twilight,暗闇のラプソディ,Manga,32,,2018,https://cdn.myanimelist.net/images/manga/3/247213l.jpg
3108,Migawari Hanayome no Tameiki,His Ring Is Not Enough,身代わり花嫁のため息,Manga,32,,2018,https://cdn.myanimelist.net/images/manga/1/257633l.jpg
3108,One Coin Girl♡,One Coin Girl♡,ワンコインがーる♡,One-shot,32,,2018,https://cdn.myanimelist.net/images/manga/1/332719l.jpg
3108,Seihanzai Saihan Boushi Program,,性犯罪再犯防止プログラム,One-shot,32,,2018,https://cdn.myanimelist.net/images/manga/3/335551l.jpg
3108,Shiromuku-san wa Oyome ni Yukitai,,白無垢さんはお嫁にゆきたい,Manga,32,,2018,https://cdn.myanimelist.net/images/manga/3/216964l.jpg
3108,Zecchou Love Vegas,Climax Love Vegas,絶頂ラブベガス,One-shot,32,,2018,https://cdn.myanimelist.net/images/manga/3/332720l.jpg
3124,Ainaki Fugou to Yumemiru Hanayome,A Ring for the Greek's Baby,愛なき富豪と夢見る花嫁,Manga,31,,2018,https://cdn.myanimelist.net/images/manga/2/257608l.jpg
3124,Bokura wa Minna Shiro to Kuro no Doubutsu Onayami Soudangakari,,ぼくらはみんな シロとクロの動物お悩み相談係,Manga,31,,2018,https://cdn.myanimelist.net/images/manga/1/274136l.jpg
3124,Danchi Shoujo,,団地少女,Doujinshi,31,,2018,https://cdn.myanimelist.net/images/manga/3/332459l.jpg
3124,Manga no Naka de. Series,,マンガの中で―。シリーズ,Doujinshi,31,,2018,https://cdn.myanimelist.net/images/manga/2/328786l.jpg
3124,"Scenario-doori ni Taijou shita noni, Imasara Nan no Goyou desu ka?",,シナリオ通りに退場したのに、いまさらなんの御用ですか?,Light Novel,31,,2018,https://cdn.myanimelist.net/images/manga/2/245125l.jpg
3124,Sheikh no Koi wa Totsuzen ni,Love Suddenly Befalls the Sheikh,シークの恋は突然に,Manga,31,,2018,https://cdn.myanimelist.net/images/manga/2/257626l.jpg
3124,Stylish Cheat BBA to Binbou JK,Stylish Cheat BBA & Poor JK,スタイリッシュチートBBAと貧乏JK,Manga,31,,2018,https://cdn.myanimelist.net/images/manga/3/291904l.jpg
3124,Tenshi wo Daita Koori no Fugou,The Blackstone Heir,天使を抱いた氷の富豪,Manga,31,,2018,https://cdn.myanimelist.net/images/manga/1/246988l.jpg
3124,Toshishita Kareshi ni Hirowaremashita dj - Anta ga Omou hodo Otona ja Nai shi,,アンタが思うほど大人じゃないし,Doujinshi,31,,2018,https://cdn.myanimelist.net/images/manga/1/332740l.jpg
3133,Caribbean no Musume,Offer Me a Rainbow,カリブの娘,Manga,30,,2018,https://cdn.myanimelist.net/images/manga/3/229694l.jpg
3133,Furyou-kun: Moto Pashiri no Onna ni Naru,,不良君 元パシリの女になる,Doujinshi,30,,2018,https://cdn.myanimelist.net/images/manga/1/329601l.jpg
3133,Hatsukoi Crisis,,初恋クライシス,Manga,30,,2018,https://cdn.myanimelist.net/images/manga/1/327998l.jpg
3133,Mei-chan wa Yakiniku ga Koishii,,メイちゃんは焼肉が恋しい,Manga,30,,2018,https://cdn.myanimelist.net/images/manga/2/239890l.jpg
3133,Rinshou Gakuen,,臨床学園,Manga,30,,2018,https://cdn.myanimelist.net/images/manga/2/325064l.jpg
3133,Satsuki-chan,,さつきちゃん,Manga,30,,2018,https://cdn.myanimelist.net/images/manga/2/222852l.jpg
3133,Satsushobun Idol!,,殺処分アイドル！,Manga,30,,2018,https://cdn.myanimelist.net/images/manga/2/239960l.jpg
3133,Shokushu to Shachiku no At Home na Kankei,,触手と社畜のアットホームな関係,Manga,30,,2018,https://cdn.myanimelist.net/images/manga/2/226002l.jpg
3133,Slow Start Anthology Comic,,スロウスタートアンソロジーコミック,Manga,30,,2018,https://cdn.myanimelist.net/images/manga/2/320787l.jpg
3133,Suri Kawatta Ouke no Hanayome,The Prince's Nine-Month Scandal,すり替わった王家の花嫁,Manga,30,,2018,https://cdn.myanimelist.net/images/manga/1/247046l.jpg
3133,"Watashi, Zettai ni Roshutsu nante Shimasen.",,わたし、絶対に露出なんてしません。,Doujinshi,30,,2018,https://cdn.myanimelist.net/images/manga/3/334945l.jpg
3133,Yabai Onna,,ヤバい女,Manga,30,,2018,https://cdn.myanimelist.net/images/manga/2/328772l.jpg
3145,Automan,,オートマン,Manga,29,,2018,https://cdn.myanimelist.net/images/manga/1/287662l.jpg
3145,"Bogiwan ga, Kuru",Bogiwan Is Coming,ぼぎわんが、来る,Manga,29,,2018,https://cdn.myanimelist.net/images/manga/3/296272l.jpg
3145,Furete Yawaraka,,ふれてやわらか,Manga,29,,2018,https://cdn.myanimelist.net/images/manga/2/331552l.jpg
3145,Fuwafuwa Labyrinth,,ふわふわらびりんす,Manga,29,,2018,https://cdn.myanimelist.net/images/manga/1/331555l.jpg
3145,"Gochuumon wa Dekiai Love Lesson de: Shoujo OL, Hatsukoi to Ecchi no Hajime Kata",,ご注文は溺愛ラブレッスンで～処女OL、初恋とえっちのはじめ方～,Manga,29,,2018,https://cdn.myanimelist.net/images/manga/2/296836l.jpg
3145,Hikari On Stage!,Girls Just Want to Be Shine!,ひかりオンステージ！,Manga,29,,2018,https://cdn.myanimelist.net/images/manga/3/318879l.jpg
3145,Himitsu Kichi de Hotta to,,ひみつ基地で堀田と,One-shot,29,,2018,https://cdn.myanimelist.net/images/manga/3/324932l.jpg
3145,Itsuwari no Kekkon Game,Wed at Any Price,偽りの結婚ゲーム,Manga,29,,2018,https://cdn.myanimelist.net/images/manga/1/247001l.jpg
3145,Kyouka Ayakashi Hichou Kanzenban,,鏡花あやかし秘帖 完全版,Manga,29,,2018,https://cdn.myanimelist.net/images/manga/3/284665l.jpg
3145,Meitei Rendezvous,Drunken Rendezvous,酩酊らんでぶー,One-shot,29,,2018,https://cdn.myanimelist.net/images/manga/3/331856l.jpg
3145,Netorare Rocket Oppai JK Suiei-bu,,寝取られロケットおっぱいjk水泳部,Doujinshi,29,,2018,https://cdn.myanimelist.net/images/manga/1/321034l.jpg
3145,Omotenashi Seitokai,,オモテナシ生徒会,Manga,29,,2018,https://cdn.myanimelist.net/images/manga/1/224713l.jpg
3145,Ookami no Sumika,Home of the Wolf,オオカミの住処,Manga,29,,2018,https://cdn.myanimelist.net/images/manga/3/261909l.jpg
3145,Otona nante Baka bakka,,大人なんてバカばっか,Doujinshi,29,,2018,https://cdn.myanimelist.net/images/manga/2/332973l.jpg
3145,Soshiranu Kao de,Pretend Strangers,素知らぬ顔で,One-shot,29,,2018,https://cdn.myanimelist.net/images/manga/3/326294l.jpg
3145,Wakare no Daishou,Shattered Trust,別れの代償,Manga,29,,2018,https://cdn.myanimelist.net/images/manga/1/247023l.jpg
3145,Watashi wa Zettai Chorokunai!!,I'm Not Definitely Naive!,私は絶対ちょろくないっ!!,Manga,29,,2018,https://cdn.myanimelist.net/images/manga/1/326817l.jpg
3145,"Yatoinushi to, Shitemo Ii desu ka?: Babysitter Yamada-san no Junan",,雇い主と、シてもいいですか?～ベビーシッター山田さんの受難～,Manga,29,,2018,https://cdn.myanimelist.net/images/manga/2/296805l.jpg
3163,Brat Hunt Chu,,ブラット・ハント ちゅっ,Manga,28,,2018,https://cdn.myanimelist.net/images/manga/2/317112l.jpg
3163,Cafe Eternal e Youkoso!,Welcome to Cafe Eternal!,カフェエターナルへようこそ!,Manga,28,,2018,https://cdn.myanimelist.net/images/manga/1/324989l.jpg
3163,Chitsunai Renai Shijou Shugi,Can You Love My Vagina?,膣内レンアイ至上主義,Manga,28,,2018,https://cdn.myanimelist.net/images/manga/2/322537l.jpg
3163,Doushiyoumonai Boku to Kiss Shiyou,,どうしようもない僕とキスしよう,Manga,28,,2018,https://cdn.myanimelist.net/images/manga/3/296877l.jpg
3163,Ecchi Daisuki♥Honoka-chan no Isshuukan Sundome Kinyoku Seikatsu,,えっち大好き♥ほのかちゃんの一週間寸止め禁欲性活,Doujinshi,28,,2018,https://cdn.myanimelist.net/images/manga/1/336700l.jpg
3163,Gakusei Seikatsu no Okurikata ni Tsuite,How to Send Someone off on Their School Life,学生生活の送り方について,One-shot,28,,2018,https://cdn.myanimelist.net/images/manga/2/333749l.jpg
3163,Henai Binetsu,,偏愛微熱,Manga,28,,2018,https://cdn.myanimelist.net/images/manga/2/334722l.jpg
3163,Kaseifu demo Aijin demo Naku,An Enticing Debt To Pay,家政婦でも愛人でもなく,Manga,28,,2018,https://cdn.myanimelist.net/images/manga/3/227563l.jpg
3163,Kin no Button Gin no Eri: Palace Meidi Sokubun,,金の釦 銀の襟 ―パレス・メイヂ側聞―,Manga,28,,2018,https://cdn.myanimelist.net/images/manga/3/288214l.jpg
3163,Kunoichi no Mitsuyaku,,くのいちの密約,Doujinshi,28,,2018,https://cdn.myanimelist.net/images/manga/2/335941l.jpg
3163,Kurokami Kenran,,黒髪絢爛,Manga,28,,2018,https://cdn.myanimelist.net/images/manga/3/319451l.jpg
3163,Me ga Sametara Koibito ni Nattemashita!,,目が覚めたら恋人になってました!,One-shot,28,,2018,https://cdn.myanimelist.net/images/manga/1/304879l.jpg
3163,Minna no Idol,,みんなのアイドル,Manga,28,,2018,https://cdn.myanimelist.net/images/manga/2/326818l.jpg
3163,Nakanaori Skinship,,仲直りスキンシップ,One-shot,28,,2018,https://cdn.myanimelist.net/images/manga/3/313369l.jpg
3163,Oainiku-sama!,That's Too Bad!,おあいにくさま!,Manga,28,,2018,https://cdn.myanimelist.net/images/manga/1/286131l.jpg
3163,Present for You,,present for you,Doujinshi,28,,2018,https://cdn.myanimelist.net/images/manga/1/331988l.jpg
3163,Tokubai desu yo!! Nobunaga-sama,,特売ですよ!!信長様,Manga,28,,2018,https://cdn.myanimelist.net/images/manga/1/216240l.jpg
3163,Tonari no Motoru Shoujo,,となりの悖る少女,Doujinshi,28,,2018,https://cdn.myanimelist.net/images/manga/1/336157l.jpg
3181,A... Sugoi Mama no Naka,Great!! Mom's Vagina,あっ…スゴいママの膣内〈ナカ〉,Manga,27,,2018,https://cdn.myanimelist.net/images/manga/3/330671l.jpg
3181,"Aru Hi, Suzume ga Yattekita.",,ある日、すずめがやって来た。,Manga,27,,2018,https://cdn.myanimelist.net/images/manga/1/236587l.jpg
3181,Boku wa Love Song ga Utaenai,,僕はラブソングが歌えない,Manga,27,,2018,https://cdn.myanimelist.net/images/manga/3/294786l.jpg
3181,Charming Grim Reaper,,꽃미남 저승사자,Manhwa,27,,2018,https://cdn.myanimelist.net/images/manga/2/340991l.jpg
3181,Fukujuu Reversible,Submission Reversible,服従リバーシブル,One-shot,27,,2018,https://cdn.myanimelist.net/images/manga/2/333197l.jpg
3181,Futatsume no Machigai,The Unexpected Baby,二つ目の間違い,Manga,27,,2018,https://cdn.myanimelist.net/images/manga/3/257621l.jpg
3181,Juuden Max!,Fully Charged!,充電まっくす!,One-shot,27,,2018,https://cdn.myanimelist.net/images/manga/1/333196l.jpg
3181,Kagitsuki no Alter: Outside,,鉤月のオルタ-outside-,Doujinshi,27,,2018,https://cdn.myanimelist.net/images/manga/3/255100l.jpg
3181,Mahira ga Kuru,,万閃が来る,Manga,27,,2018,https://cdn.myanimelist.net/images/manga/1/300763l.jpg
3181,Mayonaka no Prologue,Midnight Prologue,真夜中のプロローグ,One-shot,27,,2018,https://cdn.myanimelist.net/images/manga/1/333198l.jpg
3181,Naisho no Ecchi Gokko,Secret Immoral Play,ないしょのえっちごっこ,Manga,27,,2018,https://cdn.myanimelist.net/images/manga/3/311299l.jpg
3181,Nora,,NORA—ノラ—,Manga,27,,2018,https://cdn.myanimelist.net/images/manga/2/265732l.jpg
3181,"Panicuru!?: Panic Shougai, ""Aseranai!"" ga Kiku Kusuri.",,パニくる!? パニック障害、「焦らない!」が効くクスリ。,Manga,27,,2018,https://cdn.myanimelist.net/images/manga/3/247444l.jpg
3181,Sensha de Hoihoi,Generation Tank,戦車でホイホイ,Manga,27,,2018,https://cdn.myanimelist.net/images/manga/2/294080l.jpg
3181,Tabegoro♥Musume,,たべごろ♥むすめ,Manga,27,,2018,https://cdn.myanimelist.net/images/manga/1/332022l.jpg
3181,Utage no Yoru wa...,After Party...,宴の夜は…,One-shot,27,,2018,https://cdn.myanimelist.net/images/manga/1/329551l.jpg
3181,VRMMO de Summoner Hajimemashita,"I Began the Summoner in VRMMO ""Fantasy World Online""",VRMMOでサモナー始めました,Light Novel,27,,2018,https://cdn.myanimelist.net/images/manga/1/306736l.jpg
3181,"Watashi, Kiraku na Boukensha de Itai noni! Dou no Tsurugi +999 no Mae ni wa Densetsu no Ken mo Kanaimasen",,私、気楽な冒険者でいたいのに！～どうのつるぎ+999の前には伝説の剣もかないません～,Light Novel,27,,2018,https://cdn.myanimelist.net/images/manga/2/308637l.jpg
3199,Ai no Yukue,Hungarian Rhapsody,愛のゆくえ,Manga,26,,2018,https://cdn.myanimelist.net/images/manga/2/257576l.jpg
3199,Akai wa Kimi no Toga,,赤いはキミの咎,Doujinshi,26,,2018,https://cdn.myanimelist.net/images/manga/3/322128l.jpg
3199,"Gomen ne... Kyou wa, Kaerenai.",,ごめんね…今日は、帰れない。,Manga,26,,2018,https://cdn.myanimelist.net/images/manga/1/332064l.jpg
3199,Je t'aime,Beyond Her Control,ジュ・テーム,Manga,26,,2018,https://cdn.myanimelist.net/images/manga/1/227401l.jpg
3199,Junai Tears,Pure Love Tears,純愛てぃあーず,Manga,26,,2018,https://cdn.myanimelist.net/images/manga/3/332026l.jpg
3199,Kamen Rider Amazons Gaiden: Hotarubi,,仮面ライダーアマゾンズ外伝 蛍火,Manga,26,,2018,https://cdn.myanimelist.net/images/manga/2/323124l.jpg
3199,Kokyou no Tama Baa-sama,Granny Tama in Hometown,故郷の珠婆様,Manga,26,,2018,https://cdn.myanimelist.net/images/manga/2/324986l.jpg
3199,Koufuku Gokko,,幸福ごっこ,Manga,26,,2018,https://cdn.myanimelist.net/images/manga/1/223708l.jpg
3199,Kouhai Danshi ni Netorare Sex,Cheating Sex with a Younger Guy,後輩男子に寝取られSEX,Manga,26,,2018,https://cdn.myanimelist.net/images/manga/3/327480l.jpg
3199,Ore ja Dame…? Ecchi na Oneesan ni Asobaretai-kei Danshi,,俺じゃダメ…？えっちなお姉さんに遊ばれたい系男子,Manga,26,,2018,https://cdn.myanimelist.net/images/manga/3/320759l.jpg
3199,Positively Yours,Positively Yours,아기가 생겼어요,Novel,26,,2018,https://cdn.myanimelist.net/images/manga/1/329062l.jpg
3199,Release the Spyce: Golden Genesis,,RELEASE THE SPYCE GOLDEN GENESIS,Light Novel,26,,2018,https://cdn.myanimelist.net/images/manga/2/304024l.jpg
3199,Renji Ronji Ganji,Renji & Ronji & Ganji,蓮二ロンジ巌治,Manga,26,,2018,https://cdn.myanimelist.net/images/manga/1/299056l.jpg
3199,Return Like a Tidal Wave,Return Like a Tidal Wave,돌아올 땐 해일같이,Manhwa,26,,2018,https://cdn.myanimelist.net/images/manga/1/304221l.jpg
3199,Room 1305,Room 1305,1305호,Manhwa,26,,2018,https://cdn.myanimelist.net/images/manga/1/347544l.jpg
3199,Sekijitsu no Ori,Jail of Olden Days,昔日の檻,One-shot,26,,2018,https://cdn.myanimelist.net/images/manga/3/331077l.jpg
3199,Sex Suit Love Battle,Businessman Love Battle,セックススーツラブバトル,Manga,26,,2018,https://cdn.myanimelist.net/images/manga/1/333086l.jpg
3199,Skill Rich World Online: Rare to Iu yori Minor Skill ni Furimawasareru Boku,,スキルリッチ・ワールド・オンライン ～レアというよりマイナーなスキルに振り回される僕～,Manga,26,,2018,https://cdn.myanimelist.net/images/manga/1/302723l.jpg
3199,Tegami Watari no Sakana,,手紙渡りのサカナ,Manga,26,,2018,https://cdn.myanimelist.net/images/manga/1/231422l.jpg
3199,Yuutosei JK no Himitsu no Houkago,,優等生jkの秘密の放課後,Doujinshi,26,,2018,https://cdn.myanimelist.net/images/manga/2/321030l.jpg
3219,Coming Out!,,かみんぐアウト!,Manga,25,,2018,https://cdn.myanimelist.net/images/manga/1/331068l.jpg
3219,Daifugou to Ningyou no Hanayome,The Magnate's Tempestuous Marriage,大富豪と人形の花嫁,Manga,25,,2018,https://cdn.myanimelist.net/images/manga/1/257575l.jpg
3219,Gakkou ja Oshietekurenai Koto: 2-jikanme,What They Won't Teach You in School: Second Period,学校じゃ教えてくれないコト～2時間目～,One-shot,25,,2018,https://cdn.myanimelist.net/images/manga/3/326317l.jpg
3219,Gato: Zero Ichi no Senjou,,GATO -ゼロイチの戦場-,Manga,25,,2018,https://cdn.myanimelist.net/images/manga/3/216989l.jpg
3219,Jidou Yougo Shisetsu de Sodatta Ore ga Mangaka ni Naru made no (Ooyoso) 8760-nichi,,児童養護施設で育った俺がマンガ家になるまでの(おおよそ)8760日,Manga,25,,2018,https://cdn.myanimelist.net/images/manga/1/245387l.jpg
3219,Kaze wa Berochuu de Naosu♥,,風邪はベロチューでなおす♥,Doujinshi,25,,2018,https://cdn.myanimelist.net/images/manga/2/334947l.jpg
3219,Kochokocho Pakopako Bikunbikun,Tickle Tickle Ecstasy!!!!,こちょこちょパコパコびくんびくん,Manga,25,,2018,https://cdn.myanimelist.net/images/manga/1/324414l.jpg
3219,"Kuu ka, Kuwareru ka?",,食うか、食われるか？,Doujinshi,25,,2018,https://cdn.myanimelist.net/images/manga/2/335805l.jpg
3219,Lost Day Hour,,ロストデイアワー,One-shot,25,,2018,https://cdn.myanimelist.net/images/manga/1/322808l.jpg
3219,Meiko no Asobiba,,メイコの遊び場,Manga,25,,2018,https://cdn.myanimelist.net/images/manga/2/299773l.jpg
3219,Mujintou JK! Choroi yo Yoshimura-san!,,無人島JK！ちょろいよ吉村さん!,Doujinshi,25,,2018,https://cdn.myanimelist.net/images/manga/3/300391l.jpg
3219,Playboy no Yuuutsu,Stormbound with a Tycoon,プレイボーイの憂鬱,Manga,25,,2018,https://cdn.myanimelist.net/images/manga/1/247258l.jpg
3219,Saotsuki Honey,,竿つきハニー,Manga,25,,2018,https://cdn.myanimelist.net/images/manga/1/330510l.jpg
3219,Touch Your Heart,Touch Your Heart,진심이 닿다,Novel,25,,2018,https://cdn.myanimelist.net/images/manga/3/304301l.jpg
3219,Wizard,,ウィザード,Manga,25,,2018,https://cdn.myanimelist.net/images/manga/1/240440l.jpg
3234,Bungeibu no Asaren,,文芸部の朝練,Doujinshi,24,,2018,https://cdn.myanimelist.net/images/manga/3/340852l.jpg
3234,Chie to Karen no Dosukebe Sex Match,Chie and Karen Super Sex Match,千恵と可憐のドスケベセックスマッチ,Manga,24,,2018,https://cdn.myanimelist.net/images/manga/2/329628l.jpg
3234,Dekiama Suite Room: Hotel Onzoushi no Dokusen Ai,Love So Suite: The Hotel Heir Wants Me to Himself,溺甘スイートルーム ～ホテル御曹司の独占愛～,Manga,24,,2018,https://cdn.myanimelist.net/images/manga/1/292673l.jpg
3234,Genkai Shachiku Massage,,限界社畜・マッサージ,Manga,24,,2018,https://cdn.myanimelist.net/images/manga/1/297892l.jpg
3234,Homestay,,ホームステイ,Doujinshi,24,,2018,https://cdn.myanimelist.net/images/manga/3/335959l.jpg
3234,Ihou no Oswald,,異邦のオズワルド,Manga,24,,2018,https://cdn.myanimelist.net/images/manga/3/324589l.jpg
3234,Koko de Shichao,Let's Make Love.,ここでシちゃお,Manga,24,,2018,https://cdn.myanimelist.net/images/manga/2/324985l.jpg
3234,Konya mo Warikan de,,今夜も割りカンで,Manga,24,,2018,https://cdn.myanimelist.net/images/manga/2/243171l.jpg
3234,Kuon-sou no Youba-tachi,,久遠荘の幼婆たち,Manga,24,,2018,https://cdn.myanimelist.net/images/manga/3/324988l.jpg
3234,Moto Shоugun no Undead Knight,Undead Knight of Former General,元将軍のアンデッドナイト,Light Novel,24,,2018,https://cdn.myanimelist.net/images/manga/3/317968l.jpg
3234,Nekomata Shachou to Chimari-chan,,猫俣社長とちまりちゃん,Manga,24,,2018,https://cdn.myanimelist.net/images/manga/1/283035l.jpg
3234,Nyotaika shitara Kuzu Otoko no Omocha ni Saremashita,,女体化したらクズ男のオモチャにされました,Manga,24,,2018,https://cdn.myanimelist.net/images/manga/1/343069l.jpg
3234,Oshikake Sun Shower,,おしかけサンシャワー,Manga,24,,2018,https://cdn.myanimelist.net/images/manga/2/335646l.jpg
3234,Pocchari♡Diet Keikaku!,Chubby's♥Diet Plan!,ぽっちゃり♡ダイエット計画!,One-shot,24,,2018,https://cdn.myanimelist.net/images/manga/1/333195l.jpg
3234,The Timekeeper's Final Summer,,타임키퍼의 마지막 여름,Manhwa,24,,2018,https://cdn.myanimelist.net/images/manga/1/345065l.jpg
3249,6-gatsu no Nanahoshi,,六月の七星,Manga,23,,2018,https://cdn.myanimelist.net/images/manga/1/342138l.jpg
3249,Akuyaku wa Koishicha Dame desu ka?,,悪役は恋しちゃダメですか？,Light Novel,23,,2018,https://cdn.myanimelist.net/images/manga/3/306694l.jpg
3249,Christmas wa Tokubetsu ni,The Christmas Child,クリスマスは特別に,Manga,23,,2018,https://cdn.myanimelist.net/images/manga/3/257469l.jpg
3249,Golden Sakura,Golden Sakura,ゴールデン桜,Manga,23,,2018,https://cdn.myanimelist.net/images/manga/2/323052l.jpg
3249,Hadakanbo Dakko,,はだかんぼ抱っこ,Manga,23,,2018,https://cdn.myanimelist.net/images/manga/2/328928l.jpg
3249,Kojirase☆Ressenti Girl,,こじらせ☆ルサンチガール,Manga,23,,2018,https://cdn.myanimelist.net/images/manga/2/216450l.jpg
3249,Kunoichi Inbaku Taisen,,くノ一淫縛大戦,Manga,23,,2018,https://cdn.myanimelist.net/images/manga/3/330501l.jpg
3249,Manatsu no Junjou,,真夏の純情,Doujinshi,23,,2018,https://cdn.myanimelist.net/images/manga/1/340652l.jpg
3249,Minikui Anoko wa Watashi no Kagami,Copycat Complex,みにくいあの子は私の鏡,Manga,23,,2018,https://cdn.myanimelist.net/images/manga/1/330278l.jpg
3249,Neesan no Naka made Onna ni Shite Ageru,"Sis, I'll Make You a Woman All the Way In",姉さんのナカまで女にしてあげる,Manga,23,,2018,https://cdn.myanimelist.net/images/manga/3/305648l.jpg
3249,Neko-senpai Sasuga desu!,,ネコ先輩さすがです！,Manga,23,,2018,https://cdn.myanimelist.net/images/manga/1/255445l.jpg
3249,Noraneko wa Ai ni Oboreru,,野良猫は愛に溺れる,Manga,23,,2018,https://cdn.myanimelist.net/images/manga/2/332451l.jpg
3249,Shikumareta Ai no Hibi,Once a Moretti Wife,仕組まれた愛の日々,Manga,23,,2018,https://cdn.myanimelist.net/images/manga/2/257637l.jpg
3249,Subete no Chouten ni Tatsu Onna God Lady Junko,,すべての頂点に立つ女 ゴッドレディ純子,Manga,23,,2018,https://cdn.myanimelist.net/images/manga/3/240862l.jpg
3249,Switch ON-sen,Switch ON-sen,スイッチON泉,One-shot,23,,2018,https://cdn.myanimelist.net/images/manga/1/330516l.jpg
3249,Tokumu Zaika Shikkou Juusan Kaidan,,特務罪科執行 十三階段,One-shot,23,,2018,https://cdn.myanimelist.net/images/manga/2/294236l.jpg
3265,Ao wo Sagasu Bokura: Oosora Akira Sakuhinshuu,,大宙晃作品集「青を探す僕ら」,Manga,22,,2018,https://cdn.myanimelist.net/images/manga/1/289125l.jpg
3265,Brother Trade,,ブラザートレード,Doujinshi,22,,2018,https://cdn.myanimelist.net/images/manga/2/334208l.jpg
3265,Elemental Counselor: Hiyokko Hoshimamori to Seireikai,,エレメンタル・カウンセラー -ひよっこ星守りと精霊科医-,Light Novel,22,,2018,https://cdn.myanimelist.net/images/manga/1/247432l.jpg
3265,Kishi wa Kaikon ni Naku,,騎士は悔恨に泣く,Light Novel,22,,2018,https://cdn.myanimelist.net/images/manga/2/229915l.jpg
3265,Koakumanman,,こあくまんまん,Manga,22,,2018,https://cdn.myanimelist.net/images/manga/1/327491l.jpg
3265,Natsukusa no Märchen,Sweet Compulsion,夏草のメルヘン,Manga,22,,2018,https://cdn.myanimelist.net/images/manga/2/257624l.jpg
3265,Role & Role,,ROLE&ROLE,Manga,22,,2018,https://cdn.myanimelist.net/images/manga/2/264513l.jpg
3265,Silent Love,,Silent Love,Doujinshi,22,,2018,https://cdn.myanimelist.net/images/manga/3/335958l.jpg
3273,Chiisana Boku no Kanojo.,"""Tiny my lover, she is.""",小さな僕のかのじょ。,Manga,21,,2018,https://cdn.myanimelist.net/images/manga/1/344558l.jpg
3273,Four Years Apart,,네 살 차이,Manhwa,21,,2018,https://cdn.myanimelist.net/images/manga/3/347716l.jpg
3273,Goblin ni Eroi Koto sarechau: Anthology Comic,,ゴブリンにエロいことされちゃうアンソロジーコミック,Manga,21,,2018,https://cdn.myanimelist.net/images/manga/3/344704l.jpg
3273,Inma to Encount,,淫魔とENCOUNT,Doujinshi,21,,2018,https://cdn.myanimelist.net/images/manga/3/329600l.jpg
3273,Koakuma Archive,Little Devil Archive,小悪魔あーかいぶ,Manga,21,,2018,https://cdn.myanimelist.net/images/manga/2/332914l.jpg
3273,Kokoro no Sukima,Gap in My Heart,ココロノスキマ,Manga,21,,2018,https://cdn.myanimelist.net/images/manga/3/334629l.jpg
3273,Manatsu no Kedamono,,真夏のケダモノ,Doujinshi,21,,2018,https://cdn.myanimelist.net/images/manga/1/340653l.jpg
3273,Marie Morning,,マリーMorning,Doujinshi,21,,2018,https://cdn.myanimelist.net/images/manga/2/332295l.jpg
3273,Netsuai Progress,Deep Love Progress,ネツアイプログレス,Manga,21,,2018,https://cdn.myanimelist.net/images/manga/3/345156l.jpg
3273,Next Door Friend,,옆집친구,Manhwa,21,,2018,https://cdn.myanimelist.net/images/manga/3/321491l.jpg
3273,Oniichan ni Maketara Ecchi!: Shikotte Pakotte Jankenpon,,お兄ちゃんに負けたらエッチ! ～シコってパコってじゃんけんぽん～,Manga,21,,2018,https://cdn.myanimelist.net/images/manga/2/340784l.jpg
3273,Otona no Oshigoto,,おとなのおしごと,Manga,21,,2018,https://cdn.myanimelist.net/images/manga/2/288731l.jpg
3273,Powerless,Powerless,무능력자,Manhwa,21,,2018,https://cdn.myanimelist.net/images/manga/2/332657l.jpg
3273,Seishun Bitter End,A Bitter End to Youth,青春ビターエンド,Manga,21,,2018,https://cdn.myanimelist.net/images/manga/1/343683l.jpg
3273,Sheikh ni Aisareta Ichiya,Saved by the Sheikh!,シークに愛された一夜,Manga,21,,2018,https://cdn.myanimelist.net/images/manga/1/257627l.jpg
3273,Sono Atari ni Yoku Iru Jimikei Joshi-tachi ga Mechakucha Dosukebe datta Hanashi,,その辺りによくいる地味系女子たちがめちゃくちゃドスケベだった話,Manga,21,,2018,https://cdn.myanimelist.net/images/manga/1/343022l.jpg
3289,Bloody Idol,,Bloodyidol,Manga,20,,2018,https://cdn.myanimelist.net/images/manga/3/329723l.jpg
3289,Hadaka no Shouzou: Kanou Rie Tanpenshuu,Naked Portrait: Rie Kanou Short Story Collection,裸の肖像 加納梨衣短編集,Manga,20,,2018,https://cdn.myanimelist.net/images/manga/1/343007l.jpg
3289,Koi wa Ichido dake,And the Bride Wore Black,恋は一度だけ,Manga,20,,2018,https://cdn.myanimelist.net/images/manga/1/257581l.jpg
3289,The Golden Forest,The Golden Forest,황금숲,Novel,20,,2018,https://cdn.myanimelist.net/images/manga/1/305327l.jpg
3289,Utakata 80(s),,UTAKATA80(S),Manga,20,,2018,https://cdn.myanimelist.net/images/manga/2/337564l.jpg
3294,Chocotto Dracula,,チョコっとドラキュラ,Manga,19,,2018,https://cdn.myanimelist.net/images/manga/1/299242l.jpg
3294,Fukigen na Dear: Sakuraba-sensei no Keu na Nayami,My Dear Disgruntled Lover: Mr Sakuraba's Peculiar Struggle,ふきげんなディア 桜庭先生の稀有な悩み,Manga,19,,2018,https://cdn.myanimelist.net/images/manga/3/346833l.jpg
3294,"Hello, Hello and Hello: Piece of Mind",,"Hello,Hello and Hello ～piece of mind～",Light Novel,19,,2018,https://cdn.myanimelist.net/images/manga/3/335291l.jpg
3294,Ikka Danran: Oji ni Shirareta Watashi no Himitsu,,一家団乱～伯父に知られた私の秘密～,Doujinshi,19,,2018,https://cdn.myanimelist.net/images/manga/3/335342l.jpg
3294,Imadoki OL wa Okatai Are ga Osuki,Trendy Office Lady Likes Hard xxx.,イマドキOLはお硬いアレがお好き,Manga,19,,2018,https://cdn.myanimelist.net/images/manga/1/331021l.jpg
3294,"Kinou, Kyou, Ashita",,きのう、きょう、あした,Manga,19,,2018,https://cdn.myanimelist.net/images/manga/2/322307l.jpg
3294,Mezamereba Ai wa Yadori,The Boss's Nine-Month Negotiation,目覚めれば愛は宿り,Manga,19,,2018,https://cdn.myanimelist.net/images/manga/1/247143l.jpg
3294,Negawakuba Kono Te ni Koufuku wo,"As For Me, Give Me Happiness",願わくばこの手に幸福を,Light Novel,19,,2018,https://cdn.myanimelist.net/images/manga/2/301436l.jpg
3302,Harley Takes the House,,그 오빠들을 조심해!,Novel,18,,2018,https://cdn.myanimelist.net/images/manga/1/335563l.jpg
3302,Hello! My Baby,,はろー! マイベイビー,Manga,18,,2018,https://cdn.myanimelist.net/images/manga/3/319242l.jpg
3302,In-Chara na Ore to Ichatsukitai tte Maji ka yo......,,陰キャラな俺とイチャつきたいってマジかよ……,Light Novel,18,,2018,https://cdn.myanimelist.net/images/manga/3/332506l.jpg
3302,Itsutsu no Tou no Itadaki e,,五つの塔の頂へ,Light Novel,18,,2018,https://cdn.myanimelist.net/images/manga/3/290911l.jpg
3302,"Kyou, Sensei to Hajimete wo.: Kizutsuku made Tsuyoku Daite",,今日、先生とハジメテを。-傷付くまで強く抱いて-,Manga,18,,2018,https://cdn.myanimelist.net/images/manga/1/321657l.jpg
3302,Mabuta no Ura no Natsu,A Memory from Summer,まぶたの裏の夏,Manga,18,,2018,https://cdn.myanimelist.net/images/manga/2/334980l.jpg
3302,Megami-sama no Iu Toori,As Goddess Says,女神さまのいうとおり,Manga,18,,2018,https://cdn.myanimelist.net/images/manga/3/350165l.jpg
3302,"Ohayou to, Egao to, Kirakira","Greetings, Smiles and Sparkles",おはようと、笑顔と、キラキラ,Doujinshi,18,,2018,https://cdn.myanimelist.net/images/manga/2/335297l.jpg
3302,Yuurei-chan ga Kyou mo Midara ni Ikiteiru.,,幽霊ちゃんが今日も淫らに生きている。,Doujinshi,18,,2018,https://cdn.myanimelist.net/images/manga/2/335898l.jpg
3311,Hyougokukou wa Seijo wo Ubau,,氷獄公は聖女を奪う,Light Novel,17,,2018,https://cdn.myanimelist.net/images/manga/1/304818l.jpg
3311,Itsumo Tsukiyo ni Kome no Meshi,,いつも月夜に米の飯,Manga,17,,2018,https://cdn.myanimelist.net/images/manga/1/302039l.jpg
3311,Mononofu!!,,もののふっ!!,Manga,17,,2018,https://cdn.myanimelist.net/images/manga/3/334922l.jpg
3311,Muchi na Ojousama wo Suki Houdai Suru Hon,,無知なお嬢様を好き放題する本,Doujinshi,17,,2018,https://cdn.myanimelist.net/images/manga/1/349892l.jpg
3311,Oshapic Shimasen ka?,,おしゃピクしませんか?,Manga,17,,2018,https://cdn.myanimelist.net/images/manga/2/320654l.jpg
3311,Romantic Box,,로맨틱 박스,Manhwa,17,,2018,https://cdn.myanimelist.net/images/manga/3/347556l.jpg
3311,Uchi no Ane,,ウチの姉,One-shot,17,,2018,https://cdn.myanimelist.net/images/manga/3/323752l.jpg
3311,Yomenai Kokoro,,読めないココロ,One-shot,17,,2018,https://cdn.myanimelist.net/images/manga/2/341176l.jpg
3311,Yuusha to Maou no Ekstasis,,勇者と魔王の魂魄歴程〈エクスタシス〉,Manga,17,,2018,https://cdn.myanimelist.net/images/manga/2/346725l.jpg
3320,Ex-Arm: The Novel - Kikaishin,Ex-Arm: The Novel - Deus Ex Machina,EX-ARM エクスアーム THE NOVEL 機械神,Light Novel,16,,2018,https://cdn.myanimelist.net/images/manga/1/330480l.jpg
3320,Gag Mangaka: Ningen Dock Death Race,,ギャグマンガ家 人間ドックデスレース,Manga,16,,2018,https://cdn.myanimelist.net/images/manga/1/334139l.jpg
3320,I Belong to House Castielo,I Belong to House Castielo,나는 이 집 아이,Novel,16,,2018,https://cdn.myanimelist.net/images/manga/3/323143l.jpg
3320,Ore no Scoop wo Toru na!,Don't Get a Scoop of Me!,オレのスクープを撮るな!,Manga,16,,2018,https://cdn.myanimelist.net/images/manga/3/332259l.jpg
3320,Saimin Shippai: Sensei wa Doushiyou mo Nai Baka desu,,催眠失敗 先生はどうしようもないバカです,Doujinshi,16,,2018,https://cdn.myanimelist.net/images/manga/2/346993l.jpg
3320,Sakushi na Koutei wa Migawari Hime wo Metoritai,,策士な皇帝は身代わり姫を娶りたい,Light Novel,16,,2018,https://cdn.myanimelist.net/images/manga/3/309647l.jpg
3320,Seiteki na Youji,,性的なようじ,Manga,16,,2018,https://cdn.myanimelist.net/images/manga/3/345828l.jpg
3320,Tokushu Play Hajimemashita,I Started Special Play,特殊プレイ始めました,Manga,16,,2018,https://cdn.myanimelist.net/images/manga/1/343633l.jpg
3320,"Valia, Tribute to Shuden","Valia, Tribute to Shuden",슈공녀,Novel,16,,2018,https://cdn.myanimelist.net/images/manga/2/320446l.jpg
3320,Yonshimai wa Otouto to Harem shitai!,Four sisters want to harem with their younger brother.,四姉妹は弟とハーレムしたい!,Manga,16,,2018,https://cdn.myanimelist.net/images/manga/2/342107l.jpg
3330,Bullbuster,,ブルバスター,Novel,15,,2018,https://cdn.myanimelist.net/images/manga/3/328495l.jpg
3330,Damonde Toyohashi ga Suki tte Ittoru jan!,,だもんで豊橋が好きって言っとるじゃん!,Manga,15,,2018,https://cdn.myanimelist.net/images/manga/2/331001l.jpg
3330,Houkago Stray Sheep,,放課後ストレイシープ,Manga,15,,2018,https://cdn.myanimelist.net/images/manga/1/312668l.jpg
3330,Katsuji Shoujo,,活字少女,One-shot,15,,2018,https://cdn.myanimelist.net/images/manga/3/308148l.jpg
3330,L.A. Neko Monogatari: The Walking Cat,,L.A.猫物語 the walking cat,Manga,15,,2018,https://cdn.myanimelist.net/images/manga/2/344666l.jpg
3330,Sugar-ism,,sugar-ism,Doujinshi,15,,2018,https://cdn.myanimelist.net/images/manga/1/347683l.jpg
3336,Hiruneburu.,,ひるねぶる。,Manga,14,,2018,https://cdn.myanimelist.net/images/manga/1/330171l.jpg
3336,"Kiku Mimi: Mimi kara Kikoeru, Anata no Kokoro",,キクミミ～耳から聞こえる、あなたの心～,Manga,14,,2018,https://cdn.myanimelist.net/images/manga/3/317463l.jpg
3338,Kako wo Nakushita Bouken to Tenshi,Despot and Angel,過去をなくした暴君と天使,Manga,13,,2018,https://cdn.myanimelist.net/images/manga/1/297177l.jpg
3338,Okibariyasu,,おきばりやす,Manga,13,,2018,https://cdn.myanimelist.net/images/manga/1/308910l.jpg
3338,Okubyou na Dear,My Dear Insecure Lover,おくびょうなディア,Manga,13,,2018,https://cdn.myanimelist.net/images/manga/1/346834l.jpg
3338,Osamu no Kuni no Alice,,治虫の国のアリス,Manga,13,,2018,https://cdn.myanimelist.net/images/manga/3/299251l.jpg
3338,Ryuukishi wa Himegimi ni Eien no Ai wo Chikau,,竜騎士は姫君に永遠の愛を誓う,Light Novel,13,,2018,https://cdn.myanimelist.net/images/manga/1/283071l.jpg
3338,Sabori-senpai,,サボり先輩,Manga,13,,2018,https://cdn.myanimelist.net/images/manga/2/344484l.jpg
3344,Kikoku no Doujo: Ibun Ooeyama Oni Taiji,,鬼哭の童女 異聞大江山鬼退治,Manga,12,,2018,https://cdn.myanimelist.net/images/manga/3/339380l.jpg
3344,L△L△L,,L△L△L,Manga,12,,2018,https://cdn.myanimelist.net/images/manga/1/303271l.jpg
3344,The Yes Girl,The Yes Girl,거절 못하는 여자,Manhwa,12,,2018,https://cdn.myanimelist.net/images/manga/2/347497l.jpg
3344,Tomohame Series,,『トモハメ』シリーズ,Light Novel,12,,2018,https://cdn.myanimelist.net/images/manga/1/325023l.jpg
3344,Yamanba Meshi,Mountain Witch Cooking,やまんば飯,Manga,12,,2018,https://cdn.myanimelist.net/images/manga/1/340504l.jpg
3349,Battle Arena,,バトル・アリーナ,Manga,11,,2018,https://cdn.myanimelist.net/images/manga/2/338700l.jpg
3349,Renai Kinshi Library,No Love in the Library,恋愛禁止ライブラリー,Manga,11,,2018,https://cdn.myanimelist.net/images/manga/3/349985l.jpg
3349,Shihonron,,資本論,Manga,11,,2018,https://cdn.myanimelist.net/images/manga/2/346954l.jpg
3352,35cm,,35cm,Manhwa,10,,2018,https://cdn.myanimelist.net/images/manga/1/346535l.jpg
3352,Bakuon!! Amano Onsa no Nikoichi Hanjouki,,ばくおん! ! ~天野恩紗のニコイチ繁盛記~,Manga,10,,2018,https://cdn.myanimelist.net/images/manga/3/348337l.jpg
3354,5★G★B: Five Gener Brothers,,5★G★B -ファイブ・ジーナー・ブラザーズ-,Manga,9,,2018,https://cdn.myanimelist.net/images/manga/2/342100l.jpg
3354,Burasaka Bravo!!,Bravo Blind Soccer,ブラサカブラボー!!,Manga,9,,2018,https://cdn.myanimelist.net/images/manga/1/348138l.jpg
3354,Gokuhin JK to Jingai Shinshi,,極貧JKと人外紳士,Manga,9,,2018,https://cdn.myanimelist.net/images/manga/3/348115l.jpg
3354,"Ijuu, Kominka, Sex Friend-tsuki!?","New Place, Old House, Friends with Benefits Included",移住、古民家、セフレ付き!?,Manga,9,,2018,https://cdn.myanimelist.net/images/manga/2/349149l.jpg
3354,Tamashii no Sekisho nite,,魂の関所にて,Manga,9,,2018,https://cdn.myanimelist.net/images/manga/2/350223l.jpg
3354,Yadokari to Skirt,,やどかりとスカート,Manga,9,,2018,https://cdn.myanimelist.net/images/manga/1/261978l.jpg
3360,Chikyuu Saigo no Zombie: Night with the Living Dead,,地球最後のゾンビ -NIGHT WITH THE LIVING DEAD-,Light Novel,8,,2018,https://cdn.myanimelist.net/images/manga/1/341920l.jpg
3360,Furyou ga Neko ni Tasukerareteku Hanashi,,不良がネコに助けられてく話,Manga,8,,2018,https://cdn.myanimelist.net/images/manga/2/342525l.jpg
3360,Jisatsu ni Tsuite,,自殺について,Manga,8,,2018,https://cdn.myanimelist.net/images/manga/3/346640l.jpg
3363,Arima-kun wa Mahoutsukai,,蟻魔君は魔法使い,Manga,7,,2018,https://cdn.myanimelist.net/images/manga/2/349666l.jpg
3363,Ashita wo Tsuzuru Shashinkan,This Photo Studio Depicts Your Tomorrow.,明日を綴る写真館,Manga,7,,2018,https://cdn.myanimelist.net/images/manga/1/348853l.jpg
3363,Campus no Mahoutsukai,Witch on Campus,キャンパスの魔法使い,Manga,7,,2018,https://cdn.myanimelist.net/images/manga/1/350015l.jpg
3363,Tekisei Saikyoushu ga Ore ni Icha Love shitagaru Okaasan ni Nattan desu ga?!,,敵性最強種が俺にイチャラブしたがるお義母さんになったんですが?!,Light Novel,7,,2018,https://cdn.myanimelist.net/images/manga/1/332432l.jpg
3363,The Antagonist's Pet,The Antagonist's Pet,악녀의 애완동물,Novel,7,,2018,https://cdn.myanimelist.net/images/manga/1/344208l.jpg
3368,Gunshuu Shinri,,群衆心理,Manga,6,,2018,https://cdn.myanimelist.net/images/manga/1/346724l.jpg
3368,Koufuku ni Tsuite,,幸福について,Manga,6,,2018,https://cdn.myanimelist.net/images/manga/3/346641l.jpg
3368,Renai to Zeitaku to Shihon Shugi,,恋愛と贅沢と資本主義,Manga,6,,2018,https://cdn.myanimelist.net/images/manga/2/346603l.jpg
3368,Subete Hai ni Nattemo,Though You May Burn to Ash spin-off,すべて灰になっても,Manga,6,,2018,https://cdn.myanimelist.net/images/manga/1/349799l.jpg
3368,Zarathustra wa Kaku Katariki,,ツァラトゥストラかく語りき,Manga,6,,2018,https://cdn.myanimelist.net/images/manga/1/346955l.jpg
3373,Yoake no Uta,,夜明けの唄,One-shot,4,,2018,https://cdn.myanimelist.net/images/manga/2/350366l.jpg
