rank,title,title_english,title_japanese,type,members,score,year,image_url
1,Koe no Katachi,A Silent Voice,聲の形,Manga,295323,8.86,2013,https://cdn.myanimelist.net/images/manga/1/120529l.jpg
2,ReLIFE,ReLIFE,ReLIFE,Manga,178314,8.63,2013,https://cdn.myanimelist.net/images/manga/2/171573l.jpg
3,Mahoutsukai no Yome,The Ancient Magus' Bride,魔法使いの嫁,Manga,99543,8.33,2013,https://cdn.myanimelist.net/images/manga/3/121263l.jpg
4,Tomodachi Game,Tomodachi Game,トモダチゲーム,Manga,98839,8.35,2013,https://cdn.myanimelist.net/images/manga/1/302138l.jpg
5,Karakai Jouzu no Takagi-san,Teasing Master Takagi-san,からかい上手の高木さん,Manga,85911,8.09,2013,https://cdn.myanimelist.net/images/manga/3/136045l.jpg
6,Namaikizakari.,Cheeky Brat,なまいきざかり。,Manga,83784,7.92,2013,https://cdn.myanimelist.net/images/manga/1/128825l.jpg
7,Innocent,Innocent,イノサン,Manga,74310,8.2,2013,https://cdn.myanimelist.net/images/manga/1/275351l.jpg
8,Given,Given,ギヴン,Manga,72386,8.49,2013,https://cdn.myanimelist.net/images/manga/1/172497l.jpg
9,Wind Breaker,Wind Breaker,윈드 브레이커,Manhwa,68551,8.56,2013,https://cdn.myanimelist.net/images/manga/1/189563l.jpg
10,Kamisama ga Uso wo Tsuku.,The Gods Lie.,神様がうそをつく。,Manga,64141,7.86,2013,https://cdn.myanimelist.net/images/manga/1/143365l.jpg
11,Ten Count,Ten Count,テンカウント,Manga,60565,7.85,2013,https://cdn.myanimelist.net/images/manga/2/159479l.jpg
12,Kono Subarashii Sekai ni Shukufuku wo!,Konosuba: God's Blessing on This Wonderful World!,この素晴らしい世界に祝福を！,Light Novel,60546,8.61,2013,https://cdn.myanimelist.net/images/manga/1/174932l.jpg
13,Sousei no Onmyouji,Twin Star Exorcists,双星の陰陽師,Manga,58567,7.89,2013,https://cdn.myanimelist.net/images/manga/2/188935l.jpg
14,Shingeki no Kyojin: Kuinaki Sentaku,Attack on Titan: No Regrets,進撃の巨人 悔いなき選択,Manga,55696,8.16,2013,https://cdn.myanimelist.net/images/manga/1/121101l.jpg
15,Henshin,Metamorphosis,変身,Manga,54894,7.05,2013,https://cdn.myanimelist.net/images/manga/2/178602l.jpg
16,UQ Holder!,UQ Holder!,UQ HOLDER!,Manga,54867,7.46,2013,https://cdn.myanimelist.net/images/manga/1/112577l.jpg
17,Tenkuu Shinpan,High-Rise Invasion,天空侵犯,Manga,54650,7.11,2013,https://cdn.myanimelist.net/images/manga/3/128611l.jpg
18,Jitsu wa Watashi wa,"My Monster Secret: ""Actually, I am...""",実は私は,Manga,54295,7.98,2013,https://cdn.myanimelist.net/images/manga/3/191399l.jpg
19,Watashi ga Motete Dousunda,"Kiss Him, Not Me",私がモテてどうすんだ,Manga,53422,7.51,2013,https://cdn.myanimelist.net/images/manga/1/206834l.jpg
20,World Trigger,World Trigger,ワールドトリガー,Manga,53362,7.84,2013,https://cdn.myanimelist.net/images/manga/1/187850l.jpg
21,Kobayashi-san Chi no Maid Dragon,Miss Kobayashi's Dragon Maid,小林さんちのメイドラゴン,Manga,49247,7.87,2013,https://cdn.myanimelist.net/images/manga/3/138919l.jpg
22,Boku Girl,,ボクガール,Manga,49077,7.41,2013,https://cdn.myanimelist.net/images/manga/1/188806l.jpg
23,Tate no Yuusha no Nariagari,The Rising of the Shield Hero,盾の勇者の成り上がり,Light Novel,48613,7.91,2013,https://cdn.myanimelist.net/images/manga/3/115755l.jpg
24,Mikkakan no Koufuku,Three Days of Happiness,三日間の幸福,Novel,45511,8.91,2013,https://cdn.myanimelist.net/images/manga/3/248674l.jpg
25,Shingeki no Kyojin: Before the Fall,Attack on Titan: Before the Fall,進撃の巨人 Before the fall,Manga,44162,7.41,2013,https://cdn.myanimelist.net/images/manga/2/128683l.jpg
26,Dungeon ni Deai wo Motomeru no wa Machigatteiru Darou ka,Is It Wrong to Try to Pick Up Girls in a Dungeon?,ダンジョンに出会いを求めるのは間違っているだろうか,Manga,41826,7.6,2013,https://cdn.myanimelist.net/images/manga/2/121555l.jpg
27,Mahou Shoujo Site,Magical Girl Site,魔法少女サイト,Manga,40235,6.85,2013,https://cdn.myanimelist.net/images/manga/2/118501l.jpg
28,Umibe no Étranger,Seaside Stranger: Umibe no Etranger,海辺のエトランゼ,Manga,39912,7.83,2013,https://cdn.myanimelist.net/images/manga/2/134281l.jpg
29,Magi: Sinbad no Bouken,Magi: The Adventures of Sinbad,マギ シンドバッドの冒険,Manga,39155,8.12,2013,https://cdn.myanimelist.net/images/manga/3/209406l.jpg
30,Kasane,Kasane,累－かさね－,Manga,38002,7.85,2013,https://cdn.myanimelist.net/images/manga/3/161524l.jpg
31,Hidamari ga Kikoeru,I Hear the Sunspot,ひだまりが聴こえる,Manga,36688,8.15,2013,https://cdn.myanimelist.net/images/manga/1/186753l.jpg
32,"Tokyo Ghoul: ""Jack""",Tokyo Ghoul [Jack],東京喰種－トーキョーグール－ [JACK],Manga,34674,7.38,2013,https://cdn.myanimelist.net/images/manga/3/134713l.jpg
33,Akame ga Kill! Zero,Akame ga Kill! Zero,アカメが斬る！零,Manga,34348,7.44,2013,https://cdn.myanimelist.net/images/manga/3/130745l.jpg
34,Kanojo ni Naru Hi,,彼女になる日,Manga,33662,7.31,2013,https://cdn.myanimelist.net/images/manga/3/127733l.jpg
35,No Game No Life,"No Game, No Life",ノーゲーム・ノーライフ,Manga,32232,7.83,2013,https://cdn.myanimelist.net/images/manga/2/209665l.jpg
36,Dungeon ni Deai wo Motomeru no wa Machigatteiru Darou ka,Is It Wrong to Try to Pick Up Girls in a Dungeon?,ダンジョンに出会いを求めるのは間違っているだろうか,Light Novel,32129,8.26,2013,https://cdn.myanimelist.net/images/manga/1/186978l.jpg
37,Tanaka-kun wa Itsumo Kedaruge,Tanaka-kun Is Always Listless,田中くんはいつもけだるげ,Manga,31518,8.05,2013,https://cdn.myanimelist.net/images/manga/2/125893l.jpg
38,Ana Satsujin,Peephole,穴殺人,Manga,29847,6.43,2013,https://cdn.myanimelist.net/images/manga/2/128593l.jpg
39,Blue Giant,Blue Giant,BLUE GIANT,Manga,29000,8.53,2013,https://cdn.myanimelist.net/images/manga/1/148869l.jpg
40,Murciélago,Murciélago,MURCIÉLAGO,Manga,28535,7.62,2013,https://cdn.myanimelist.net/images/manga/1/123541l.jpg
41,Amaama to Inazuma,Sweetness and Lightning,甘々と稲妻,Manga,28287,8.15,2013,https://cdn.myanimelist.net/images/manga/3/188833l.jpg
42,ib: Instant Bullet,,ib -インスタントバレット-,Manga,27999,7.53,2013,https://cdn.myanimelist.net/images/manga/1/253199l.jpg
43,Youjo Senki,The Saga of Tanya the Evil,幼女戦記,Light Novel,27521,8.46,2013,https://cdn.myanimelist.net/images/manga/2/155214l.jpg
44,Youkai Kyoushitsu,Junji Ito's Dissolving Classroom,溶解教室,Manga,26754,6.89,2013,https://cdn.myanimelist.net/images/manga/1/149388l.jpg
45,Hitoribocchi no ○○ Seikatsu,,ひとりぼっちの○○生活,Manga,26532,8.08,2013,https://cdn.myanimelist.net/images/manga/3/173131l.jpg
46,Dame na Watashi ni Koishite Kudasai,,ダメな私に恋してください,Manga,25802,7.8,2013,https://cdn.myanimelist.net/images/manga/1/163578l.jpg
47,Arslan Senki,The Heroic Legend of Arslan,アルスラーン戦記,Manga,25657,7.76,2013,https://cdn.myanimelist.net/images/manga/2/149815l.jpg
48,New Game!,New Game!,NEW GAME!,Manga,25019,7.93,2013,https://cdn.myanimelist.net/images/manga/3/117451l.jpg
49,Hai to Gensou no Grimgar,Grimgar of Fantasy and Ash,灰と幻想のグリムガル,Light Novel,24992,8.26,2013,https://cdn.myanimelist.net/images/manga/2/174954l.jpg
50,Ma no Kakera,Fragments of Horror,魔の断片,Manga,24932,7.54,2013,https://cdn.myanimelist.net/images/manga/2/138905l.jpg
51,Shiori Experience: Jimi na Watashi to Hen na Ojisan,,SHIORI EXPERIENCE ～ジミなわたしとヘンなおじさん～,Manga,24808,8.47,2013,https://cdn.myanimelist.net/images/manga/2/151902l.jpg
52,World Customize Creator,World Customize Creator,ワールド・カスタマイズ・クリエーター,Manga,24586,6.76,2013,https://cdn.myanimelist.net/images/manga/3/193979l.jpg
53,Kamisama no Iutoori 2,As the Gods Will: The Second Series,神さまの言うとおり弐,Manga,23886,7.84,2013,https://cdn.myanimelist.net/images/manga/1/187899l.jpg
54,Devils Line,Devils' Line,デビルズライン,Manga,23523,7.58,2013,https://cdn.myanimelist.net/images/manga/1/167817l.jpg
55,Baraou no Souretsu,Requiem of the Rose King,薔薇王の葬列,Manga,22796,8.11,2013,https://cdn.myanimelist.net/images/manga/1/262927l.jpg
56,Sword Art Online: Progressive,Sword Art Online: Progressive,ソードアート・オンライン プログレッシブ,Manga,22728,7.94,2013,https://cdn.myanimelist.net/images/manga/2/164933l.jpg
57,Skill of Lure,,유혹의 기술,Manhwa,22296,7.94,2013,https://cdn.myanimelist.net/images/manga/2/155593l.jpg
58,Bocchi na Bokura no Renai Jijou,,ぼっちな僕らの恋愛事情,Manga,22200,7.14,2013,https://cdn.myanimelist.net/images/manga/2/188880l.jpg
59,Himouto! Umaru-chan,Himouto! Umaru-chan,干物妹〈ひもうと〉! うまるちゃん,Manga,21735,7.36,2013,https://cdn.myanimelist.net/images/manga/2/204588l.jpg
60,Kujira no Kora wa Sajou ni Utau,Children of the Whales,クジラの子らは砂上に歌う,Manga,20582,7.72,2013,https://cdn.myanimelist.net/images/manga/3/122289l.jpg
61,Fukushuu Kyoushitsu,,復讐教室,Manga,19945,6.56,2013,https://cdn.myanimelist.net/images/manga/3/142809l.jpg
62,Kaichou wa Maid-sama!: Marriage,,会長はメイド様！マリアージュ,Manga,19593,8.25,2013,https://cdn.myanimelist.net/images/manga/2/210825l.jpg
63,Magika no Kenshi to Basileus,Magika Swordsman and Summoner,魔技科の剣士と召喚魔王〈ヴァシレウス〉,Manga,19563,6.97,2013,https://cdn.myanimelist.net/images/manga/1/143619l.jpg
64,Giganto Makhia,Giganto Maxia,ギガントマキア ΓΙΓΑΝΤΟ ΜΑΧΙΑ,Manga,19406,6.99,2013,https://cdn.myanimelist.net/images/manga/1/280724l.jpg
65,ReRe Hello,,ReReハロ,Manga,19238,7.75,2013,https://cdn.myanimelist.net/images/manga/1/183754l.jpg
66,Rakudai Kishi no Cavalry,Chivalry of a Failed Knight,落第騎士の英雄譚《キャバルリィ》,Light Novel,19141,7.97,2013,https://cdn.myanimelist.net/images/manga/2/157992l.jpg
67,Kyou no Cerberus,Today's Cerberus,今日のケルベロス,Manga,19038,7.52,2013,https://cdn.myanimelist.net/images/manga/3/115893l.jpg
68,Shinmai Maou no Testament,The Testament of Sister New Devil,新妹魔王の契約者〈テスタメント〉,Manga,18946,7.18,2013,https://cdn.myanimelist.net/images/manga/1/105683l.jpg
69,Handa-kun,Handa-kun,はんだくん,Manga,17929,7.56,2013,https://cdn.myanimelist.net/images/manga/1/137793l.jpg
70,Momochi-san Chi no Ayakashi Ouji,The Demon Prince of Momochi House,百千さん家のあやかし王子,Manga,17463,7.54,2013,https://cdn.myanimelist.net/images/manga/2/153291l.jpg
71,Fudatsuki no Kyouko-chan,,ふだつきのキョーコちゃん,Manga,17434,7.02,2013,https://cdn.myanimelist.net/images/manga/3/113429l.jpg
72,Shinigami-sama to 4-nin no Kanojo,Grim Reaper and Four Girlfriends,死神様と4人の彼女,Manga,17312,7.16,2013,https://cdn.myanimelist.net/images/manga/3/107525l.jpg
73,Gabriel DropOut,Gabriel DropOut,ガヴリールドロップアウト,Manga,17216,7.72,2013,https://cdn.myanimelist.net/images/manga/2/263106l.jpg
74,Fukumenkei Noise,Anonymous Noise,覆面系ノイズ,Manga,17109,7.48,2013,https://cdn.myanimelist.net/images/manga/3/175909l.jpg
75,Soredemo Boku wa Kimi ga Suki,Forget Me Not,それでも僕は君が好き,Manga,17093,7.58,2013,https://cdn.myanimelist.net/images/manga/1/151925l.jpg
76,Kill la Kill,KILL la KILL,キルラキル,Manga,16953,6.78,2013,https://cdn.myanimelist.net/images/manga/1/108467l.jpg
77,Koimonogatari,Koimonogatari: Love Stories,こいものがたり,Manga,16765,8.23,2013,https://cdn.myanimelist.net/images/manga/2/211855l.jpg
78,Killing Bites,Killing Bites,キリングバイツ,Manga,16580,6.77,2013,https://cdn.myanimelist.net/images/manga/1/293828l.jpg
79,Tokyo Ghoul,Tokyo Ghoul,東京喰種トーキョーグール,Light Novel,16565,8.02,2013,https://cdn.myanimelist.net/images/manga/3/194456l.jpg
80,Sick,Sick,sick,Manga,16338,7.25,2013,https://cdn.myanimelist.net/images/manga/3/155646l.jpg
81,Green Worldz,Green Worldz,GREEN WORLDZ,Manga,16282,6.89,2013,https://cdn.myanimelist.net/images/manga/1/128603l.jpg
82,Blue Sky Complex,Blue Sky Complex,ブルースカイコンプレックス,Manga,16281,8.18,2013,https://cdn.myanimelist.net/images/manga/1/265105l.jpg
83,Arte,Arte,アルテ,Manga,15914,7.96,2013,https://cdn.myanimelist.net/images/manga/3/131495l.jpg
84,Dokumushi,,ドクムシ,Manga,15575,5.23,2013,https://cdn.myanimelist.net/images/manga/2/165110l.jpg
85,xxxHOLiC: Rei,xxxHOLiC Rei,xxxHOLiC・戻,Manga,15439,8.21,2013,https://cdn.myanimelist.net/images/manga/2/243539l.jpg
86,Fragtime,,フラグタイム,Manga,15118,7.04,2013,https://cdn.myanimelist.net/images/manga/3/118505l.jpg
87,Tsubasa to Hotaru,,つばさとホタル,Manga,15029,7.41,2013,https://cdn.myanimelist.net/images/manga/1/168284l.jpg
88,Colette wa Shinu Koto ni Shita,Colette Decides to Die,コレットは死ぬことにした,Manga,15001,8.05,2013,https://cdn.myanimelist.net/images/manga/3/269712l.jpg
89,Kotonoha no Niwa,The Garden of Words,言の葉の庭,Manga,14899,7.59,2013,https://cdn.myanimelist.net/images/manga/4/128633l.jpg
90,Keijo!!!!!!!!,,競女!!!!!!!!,Manga,14862,7.38,2013,https://cdn.myanimelist.net/images/manga/3/168393l.jpg
91,Fukigen na Mononokean,The Morose Mononokean,不機嫌なモノノケ庵,Manga,14808,8.16,2013,https://cdn.myanimelist.net/images/manga/3/130743l.jpg
92,Itoshi no Karin,Karin who I think tenderly of,愛しの花凛,Manga,14628,7.54,2013,https://cdn.myanimelist.net/images/manga/1/202211l.jpg
93,Shingeki no Kyojin Volume 0,,進撃の巨人 0巻,Manga,14551,6.23,2013,https://cdn.myanimelist.net/images/manga/1/100805l.jpg
94,Aizawa-san Zoushoku,Aizawa-san Multiplies,相沢さん増殖,Manga,14411,7.15,2013,https://cdn.myanimelist.net/images/manga/1/188837l.jpg
95,Re:Marina,,Re：まりな,Manga,14395,7.2,2013,https://cdn.myanimelist.net/images/manga/3/113773l.jpg
96,Ano Ko ni Kiss to Shirayuri wo,Kiss and White Lily for My Dearest Girl,あの娘にキスと白百合を,Manga,14357,7.67,2013,https://cdn.myanimelist.net/images/manga/1/139603l.jpg
97,Panlong,,盘龙,Manhua,14331,7.19,2013,https://cdn.myanimelist.net/images/manga/1/194454l.jpg
98,Ousama Game: Kigen,King's Game: Origin,王様ゲーム 起源,Manga,14250,7.08,2013,https://cdn.myanimelist.net/images/manga/3/116339l.jpg
99,Koisuru Harinezumi,A Hedgehog in Love,恋するハリネズミ,Manga,14125,7.49,2013,https://cdn.myanimelist.net/images/manga/1/268775l.jpg
100,Kimi ni Koishite Ii desu ka.,May I be in love with you?,キミに恋していーですか。,Manga,13760,7.3,2013,https://cdn.myanimelist.net/images/manga/3/268777l.jpg
101,Kichikujima,Freak Island,鬼畜島,Manga,13706,5.53,2013,https://cdn.myanimelist.net/images/manga/2/133709l.jpg
102,The Gamer,The Gamer,더 게이머,Manhwa,12780,6.48,2013,https://cdn.myanimelist.net/images/manga/2/262502l.jpg
103,Saenai Heroine no Sodatekata: Koisuru Metronome,,冴えない彼女〈ヒロイン〉の育てかた 恋するメトロノーム,Manga,12702,7.97,2013,https://cdn.myanimelist.net/images/manga/2/150334l.jpg
104,Watashitachi ni wa Kabe ga Aru.,The Walls Between Us,私たちには壁がある。,Manga,12666,7.09,2013,https://cdn.myanimelist.net/images/manga/3/147349l.jpg
105,Nekota no Koto ga Kininatte Shikatanai.,,猫田のことが気になって仕方ない。,Manga,12637,8.04,2013,https://cdn.myanimelist.net/images/manga/3/185397l.jpg
106,Ginga Patrol Jaco,Jaco the Galactic Patrolman,銀河パトロール ジャコ,Manga,12447,6.98,2013,https://cdn.myanimelist.net/images/manga/3/120565l.jpg
107,Tobaku Datenroku Kaiji: One Poker-hen,,賭博堕天録カイジ ワン・ポーカー編,Manga,12392,8.62,2013,https://cdn.myanimelist.net/images/manga/3/311934l.jpg
108,Chichi Chichi,,チチチチ,Manga,12131,5.85,2013,https://cdn.myanimelist.net/images/manga/3/159848l.jpg
109,Mushihime,,蟲姫,Manga,12037,6.23,2013,https://cdn.myanimelist.net/images/manga/2/166267l.jpg
110,YataMomo,YataMomo,やたもも,Manga,11809,7.61,2013,https://cdn.myanimelist.net/images/manga/2/155664l.jpg
111,Clockwork Planet,Clockwork Planet,クロックワーク・プラネット,Manga,11795,7.36,2013,https://cdn.myanimelist.net/images/manga/2/160737l.jpg
112,Haru x Kiyo,,ハル×キヨ,Manga,11758,7.21,2013,https://cdn.myanimelist.net/images/manga/2/165636l.jpg
113,Danganronpa: Kibou no Gakuen to Zetsubou no Koukousei The Animation,Danganronpa: The Animation,ダンガンロンパ 希望の学園と絶望の高校生 THE ANIMATION,Manga,11708,7.08,2013,https://cdn.myanimelist.net/images/manga/2/106371l.jpg
114,Joshikausei,Joshi Kausei,女子かう生,Manga,11598,7.21,2013,https://cdn.myanimelist.net/images/manga/1/121107l.jpg
115,Tsuki ga Michibiku Isekai Douchuu,Tsukimichi: Moonlit Fantasy,月が導く異世界道中,Light Novel,11593,7.97,2013,https://cdn.myanimelist.net/images/manga/3/158263l.jpg
116,Nishiki-kun no Nasugamama,Snake on the LOVE!!,ニシキくんのなすがまま,Manga,11543,7.06,2013,https://cdn.myanimelist.net/images/manga/1/103573l.jpg
117,Toaru Majutsu no Index Gaiden: Toaru Kagaku no Accelerator,A Certain Scientific Accelerator,とある魔術の禁書目録外伝 とある科学の一方通行〈アクセラレータ〉,Manga,11526,7.42,2013,https://cdn.myanimelist.net/images/manga/1/251278l.jpg
118,Cheese in the Trap Season 3,Cheese in the Trap Season 3,치즈인더트랩 시즌3,Manhwa,11422,8.19,2013,https://cdn.myanimelist.net/images/manga/3/204020l.jpg
119,Mirai Nikki: Redial,,未来日記リダイヤル,Manga,11216,7.05,2013,https://cdn.myanimelist.net/images/manga/3/306883l.jpg
120,Days,Days,DAYS,Manga,11125,7.67,2013,https://cdn.myanimelist.net/images/manga/3/164463l.jpg
121,Wallman,,Wallman-ウォールマン-,Manga,11024,6.78,2013,https://cdn.myanimelist.net/images/manga/2/165375l.jpg
122,Nanoka no Kare,,菜の花の彼－ナノカノカレ－,Manga,10982,6.97,2013,https://cdn.myanimelist.net/images/manga/2/162757l.jpg
123,Ore to Kawazu-san no Isekai Hourouki,,俺と蛙さんの異世界放浪記,Manga,10920,6.94,2013,https://cdn.myanimelist.net/images/manga/2/199771l.jpg
124,Dice,Dice,다이스,Manhwa,10834,6.72,2013,https://cdn.myanimelist.net/images/manga/3/261754l.jpg
125,Fairy Tail x Nanatsu no Taizai Christmas Special,,『FAIRY TAIL』＆『七つの大罪』合作漫画,One-shot,10602,6.53,2013,https://cdn.myanimelist.net/images/manga/3/110375l.jpg
126,"Ano Ko no, Toriko.",,あのコの、トリコ。,Manga,10527,7.1,2013,https://cdn.myanimelist.net/images/manga/2/156296l.jpg
127,Birdmen,,BIRDMEN,Manga,10473,7.42,2013,https://cdn.myanimelist.net/images/manga/1/316704l.jpg
128,Hatsukoi Wazurai,,初恋わずらい,Manga,10399,6.81,2013,https://cdn.myanimelist.net/images/manga/2/119581l.jpg
129,Funouhan,Impossibility Defense,不能犯,Manga,10166,7.2,2013,https://cdn.myanimelist.net/images/manga/1/293829l.jpg
130,Bloody†Mary,Bloody Mary,ブラッディ†メアリー,Manga,10112,7.69,2013,https://cdn.myanimelist.net/images/manga/2/130979l.jpg
131,12 Beast,12 Beast,12BEAST,Manga,10053,6.93,2013,https://cdn.myanimelist.net/images/manga/2/188908l.jpg
132,Blend S,Blend S,ブレンド・S,Manga,9976,7.28,2013,https://cdn.myanimelist.net/images/manga/2/149976l.jpg
133,Hiren Trip,,ヒレントリップ,Manga,9972,7.05,2013,https://cdn.myanimelist.net/images/manga/3/99411l.jpg
134,Nanbaka,Nanbaka,ナンバカ,Manga,9938,7.85,2013,https://cdn.myanimelist.net/images/manga/2/166984l.jpg
135,SE,System Engineer,SE,Manga,9842,6.79,2013,https://cdn.myanimelist.net/images/manga/3/112467l.jpg
136,Museum,Museum,ミュージアム,Manga,9806,7.34,2013,https://cdn.myanimelist.net/images/manga/1/120621l.jpg
137,Oukoku Game,,王国ゲェム,Manga,9780,6.42,2013,https://cdn.myanimelist.net/images/manga/2/188951l.jpg
138,Shinazu no Ryouken,Immortal Hounds,不死〈しなず〉の猟犬,Manga,9751,7.09,2013,https://cdn.myanimelist.net/images/manga/1/137815l.jpg
139,Kuroneko Kareshi no Amaekata,,クロネコ彼氏の甘え方,Manga,9690,7.78,2013,https://cdn.myanimelist.net/images/manga/2/100763l.jpg
140,Kanojo ni Naru Hi: Another,,彼女になる日 another,Manga,9637,7.19,2013,https://cdn.myanimelist.net/images/manga/1/184545l.jpg
141,"Owari no Seraph: Ichinose Guren, 16-sai no Catastrophe",Seraph of the End: Guren Ichinose - Catastrophe at Sixteen,終わりのセラフ 一瀬グレン、16歳の破滅〈カタストロフィ〉,Light Novel,9480,8.05,2013,https://cdn.myanimelist.net/images/manga/2/205755l.jpg
142,Sensei Kunshu,,センセイ君主,Manga,9344,7.33,2013,https://cdn.myanimelist.net/images/manga/2/199923l.jpg
143,Bambi to Dhole,,バンビとドール,Manga,9288,7.76,2013,https://cdn.myanimelist.net/images/manga/1/159376l.jpg
144,Gekijouban Mahou Shoujo Madoka★Magica: Shinpen - Hangyaku no Monogatari,Puella Magi Madoka★Magica: The Movie - Rebellion,劇場版 魔法少女まどか★マギカ [新編] 叛逆の物語,Manga,9251,8.13,2013,https://cdn.myanimelist.net/images/manga/3/107535l.jpg
145,Hazuki Kanon wa Amakunai.,Kanon is not Sweet,葉月カノンは甘くない。,Manga,9221,6.99,2013,https://cdn.myanimelist.net/images/manga/3/162931l.jpg
146,Kuroneko Kareshi no Aishikata,,クロネコ彼氏の愛し方,Manga,9166,7.79,2013,https://cdn.myanimelist.net/images/manga/4/135051l.jpg
147,Lip Smoke,,リップ スモーク,Manga,9126,7.01,2013,https://cdn.myanimelist.net/images/manga/1/125235l.jpg
148,Hiai Mousou,,被愛妄想,Manga,8969,5.86,2013,https://cdn.myanimelist.net/images/manga/2/169448l.jpg
149,Absolute Duo,Absolute Duo,アブソリュート・デュオ,Manga,8914,6.8,2013,https://cdn.myanimelist.net/images/manga/1/148013l.jpg
150,Fujimi Lovers,Undead Lovers,不死身ラヴァーズ,Manga,8901,7.32,2013,https://cdn.myanimelist.net/images/manga/3/188784l.jpg
151,Nise x Koi Boyfriend,,偽×恋ボーイフレンド,Manga,8855,7.15,2013,https://cdn.myanimelist.net/images/manga/1/142981l.jpg
152,Pandemonium: Majutsushi no Mura,,Pandemonium -魔術師の村-,Manga,8834,7.54,2013,https://cdn.myanimelist.net/images/manga/2/114895l.jpg
153,Joou to Shitateya,Queen and the tailor,女王と仕立て屋,Manga,8710,7.84,2013,https://cdn.myanimelist.net/images/manga/1/186508l.jpg
154,Saenai Heroine no Sodatekata,How to Raise a Boring Girlfriend,冴えない彼女〈ヒロイン〉の育てかた,Manga,8707,7.44,2013,https://cdn.myanimelist.net/images/manga/1/182516l.jpg
155,Boku wa Ohimesama ni Narenai,,僕はお姫様になれない,Manga,8690,7.05,2013,https://cdn.myanimelist.net/images/manga/1/188820l.jpg
156,Mahouka Koukou no Rettousei: Kyuukousen-hen,,魔法科高校の劣等生 九校戦編,Manga,8679,7.82,2013,https://cdn.myanimelist.net/images/manga/3/120979l.jpg
157,Okobore Hime to Entaku no Kishi,,おこぼれ姫と円卓の騎士,Manga,8548,7.44,2013,https://cdn.myanimelist.net/images/manga/2/123693l.jpg
158,Psycome,Psycome,サイコメ,Light Novel,8443,7.42,2013,https://cdn.myanimelist.net/images/manga/3/158572l.jpg
159,Vampire Knight: Memories,Vampire Knight: Memories,ヴァンパイア騎士〈ナイト〉 memories,Manga,8372,7.5,2013,https://cdn.myanimelist.net/images/manga/2/340702l.jpg
160,Secret,Secret,Secret,Manga,8349,6.31,2013,https://cdn.myanimelist.net/images/manga/2/150380l.jpg
161,Yamada to Shounen,Yamada and the Boy,山田と少年,Manga,8342,7.71,2013,https://cdn.myanimelist.net/images/manga/3/165493l.jpg
162,Gakusen Toshi Asterisk,The Asterisk War,学戦都市アスタリスク,Manga,8301,7.02,2013,https://cdn.myanimelist.net/images/manga/1/183816l.jpg
163,Mousugu Shinu Hito,,もうすぐ死ぬひと,Manga,7921,6.36,2013,https://cdn.myanimelist.net/images/manga/2/114985l.jpg
164,Hinekure Chaser,,ひねくれチェイサー,Manga,7918,7.13,2013,https://cdn.myanimelist.net/images/manga/1/159549l.jpg
165,Sakurasaku Syndrome,,サクラサク症候群〈シンドローム〉,Manga,7845,7.18,2013,https://cdn.myanimelist.net/images/manga/3/98955l.jpg
166,Eromanga-sensei,,エロマンガ先生,Light Novel,7806,7.17,2013,https://cdn.myanimelist.net/images/manga/2/184183l.jpg
167,Chichikogusa,,ちちこぐさ,Manga,7749,8.01,2013,https://cdn.myanimelist.net/images/manga/3/96283l.jpg
168,Mangaka-san to Assistant-san to 2,,マンガ家さんとアシスタントさんと2,Manga,7719,6.87,2013,https://cdn.myanimelist.net/images/manga/2/130741l.jpg
169,Minori no Te,Minori's Hand,みのりの手,Manga,7684,7.01,2013,https://cdn.myanimelist.net/images/manga/3/166040l.jpg
170,Online: The Comic,Online,オンライン The Comic,Manga,7610,7.06,2013,https://cdn.myanimelist.net/images/manga/3/136597l.jpg
171,"17-sai, Kiss to Dilemma",,17歳、キスとジレンマ,Manga,7445,6.82,2013,https://cdn.myanimelist.net/images/manga/3/175170l.jpg
172,The New Gate,The New Gate,THE NEW GATE,Light Novel,7435,7.71,2013,https://cdn.myanimelist.net/images/manga/1/209213l.jpg
173,Shingeki no Kyojin: Kuinaki Sentaku - Full Color Kanzenban,Attack on Titan: No Regrets - Complete Color Edition,進撃の巨人 悔いなき選択 フルカラー完全版,Manga,7231,7.51,2013,https://cdn.myanimelist.net/images/manga/2/266616l.jpg
174,Hitomi-sensei no Hokenshitsu,Nurse Hitomi's Monster Infirmary,ヒトミ先生の保健室,Manga,7194,7.26,2013,https://cdn.myanimelist.net/images/manga/1/118953l.jpg
175,Oushitsu Kyoushi Heine,The Royal Tutor,王室教師ハイネ,Manga,7058,7.83,2013,https://cdn.myanimelist.net/images/manga/3/130353l.jpg
176,Mushishi Tokubetsu-hen: Hihamukage,,蟲師 特別篇「日蝕む翳」,Manga,7033,8.34,2013,https://cdn.myanimelist.net/images/manga/2/123403l.jpg
177,Kyoudai hodo Chikaku Tooimono wa Nai,I'm Obsessed With My Little Bro!,姉弟ほど近く遠いものはない,Manga,6999,6.57,2013,https://cdn.myanimelist.net/images/manga/1/136601l.jpg
178,Net-juu no Susume,Recommendation of The Internet Enhancement,ネト充のススメ,Manga,6926,7.28,2013,https://cdn.myanimelist.net/images/manga/2/150436l.jpg
179,Ore Ride!!,,俺ライド!!,One-shot,6909,7.1,2013,https://cdn.myanimelist.net/images/manga/1/92509l.jpg
180,Madoromi-chan ga Iku.,Go!Go! Madoromi-chan.,まどろみちゃんが行く。,Manga,6817,7.37,2013,https://cdn.myanimelist.net/images/manga/3/179934l.jpg
181,Hatarakanai Futari,,働かないふたり,Manga,6791,7.53,2013,https://cdn.myanimelist.net/images/manga/3/277293l.jpg
181,Shiny Doll,,シャイニードール,Manga,6791,6.83,2013,https://cdn.myanimelist.net/images/manga/1/126795l.jpg
183,Sonna Me de Mitekure,,そんな目で見てくれ,Manga,6756,7.37,2013,https://cdn.myanimelist.net/images/manga/1/158268l.jpg
184,Number Call,Number Call,ナンバーコール,Manga,6737,7.43,2013,https://cdn.myanimelist.net/images/manga/2/328917l.jpg
185,Dolls Code,,ドールズコード,Manga,6721,6.37,2013,https://cdn.myanimelist.net/images/manga/2/134995l.jpg
186,Hal,,ハル,Manga,6683,7.26,2013,https://cdn.myanimelist.net/images/manga/1/160819l.jpg
187,Sensei no Shiroi Uso,Sensei's Pious Lie,先生の白い嘘,Manga,6662,6.56,2013,https://cdn.myanimelist.net/images/manga/2/208097l.jpg
188,Iron Knight,,アイアンナイト,Manga,6600,6.72,2013,https://cdn.myanimelist.net/images/manga/2/155705l.jpg
189,Zui Wu Dao,,最武道,Manhua,6596,7.21,2013,https://cdn.myanimelist.net/images/manga/3/196969l.jpg
190,Miwakujikake: Amai Wana,Sweet Doom in His Hand,魅惑仕掛け 甘い罠,Manga,6561,7.11,2013,https://cdn.myanimelist.net/images/manga/2/194792l.jpg
191,Hanebado!,,はねバド!,Manga,6548,7.46,2013,https://cdn.myanimelist.net/images/manga/3/135083l.jpg
192,Strange Dragon,,ストレンジ ドラゴン,Manga,6541,7.33,2013,https://cdn.myanimelist.net/images/manga/3/117393l.jpg
193,Graineliers,Graineliers,グランネリエ,Manga,6497,7.25,2013,https://cdn.myanimelist.net/images/manga/2/164093l.jpg
194,Flow,Flow,플로우,Manhwa,6495,7.5,2013,https://cdn.myanimelist.net/images/manga/3/216590l.jpg
195,Yume Nikki,,ゆめにっき,Manga,6492,5.88,2013,https://cdn.myanimelist.net/images/manga/3/123761l.jpg
196,Katsute Mahou Shoujo to Aku wa Tekitai shiteita.,The Magical Girl and the Evil Lieutenant Used to Be Archenemies,かつて魔法少女と悪は敵対していた。,Manga,6466,7.25,2013,https://cdn.myanimelist.net/images/manga/3/131223l.jpg
197,Kuro Hakushaku wa Hoshi wo Mederu,,黒伯爵は星を愛でる,Manga,6371,7.5,2013,https://cdn.myanimelist.net/images/manga/1/209956l.jpg
198,Kamisama no Iutoori.,Say Yes to My God,神さまの言うとおり。,Manga,6368,7.63,2013,https://cdn.myanimelist.net/images/manga/2/167969l.jpg
199,Zai x 10,,罪×10 (じゅうざい),Manga,6359,7.42,2013,https://cdn.myanimelist.net/images/manga/3/122803l.jpg
200,Owaranai Fukou ni Tsuite no Hanashi,The Story of Never Ending Unhappiness,終わらない不幸についての話,Manga,6235,7.54,2013,https://cdn.myanimelist.net/images/manga/2/165102l.jpg
201,Kigurumi Guardians,Kigurumi Guardians,きぐるみ防衛隊〈ガーディアンズ〉,Manga,6211,7.54,2013,https://cdn.myanimelist.net/images/manga/2/286582l.jpg
202,Shiro no Koukoku Monogatari,,白の皇国物語,Manga,6195,6.84,2013,https://cdn.myanimelist.net/images/manga/1/186493l.jpg
203,"Kichiku, Encount",,キチク、エンカウント,Manga,6183,7.11,2013,https://cdn.myanimelist.net/images/manga/2/155675l.jpg
204,My Fair Neighbor,,マイ・フェア・ネイバー,Manga,6154,7.23,2013,https://cdn.myanimelist.net/images/manga/1/172438l.jpg
205,Out of Control,Out of Control,이해불능,Manhwa,6048,7.75,2013,https://cdn.myanimelist.net/images/manga/2/259594l.jpg
206,Danganronpa Kirigiri,,ダンガンロンパ霧切,Light Novel,6024,8.02,2013,https://cdn.myanimelist.net/images/manga/3/107919l.jpg
207,Ore Koi!!,,俺コイ!! 俺物語×ニセコイ!!,Manga,6009,6.7,2013,https://cdn.myanimelist.net/images/manga/3/100739l.jpg
208,Colorful Line,,カラフルライン,Manga,5878,7.11,2013,https://cdn.myanimelist.net/images/manga/1/135227l.jpg
209,Hundred,,ハンドレッド,Manga,5850,6.57,2013,https://cdn.myanimelist.net/images/manga/2/161929l.jpg
210,Donten ni Warau Gaiden,,曇天に笑う 外伝,Manga,5845,7.87,2013,https://cdn.myanimelist.net/images/manga/2/190626l.jpg
211,Aiki-S,,愛気-S,Manga,5827,6.97,2013,https://cdn.myanimelist.net/images/manga/1/205666l.jpg
212,Marginal Operation,Marginal Operation,マージナル・オペレーション,Manga,5792,7.42,2013,https://cdn.myanimelist.net/images/manga/1/174841l.jpg
213,Chicchai Toki kara Suki dakedo,,ちっちゃいときから好きだけど,Manga,5761,7.08,2013,https://cdn.myanimelist.net/images/manga/1/195181l.jpg
214,Mario,,マリオ,One-shot,5743,6.78,2013,https://cdn.myanimelist.net/images/manga/1/262159l.jpg
215,Watashi no Tomodachi ga Motenai no wa Dou Kangaetemo Omaera ga Warui.,,私の友達がモテないのはどう考えてもお前らが悪い。,Manga,5742,7.28,2013,https://cdn.myanimelist.net/images/manga/2/162685l.jpg
216,Amarimawari,,あまりまわり,Manga,5730,6.85,2013,https://cdn.myanimelist.net/images/manga/3/158527l.jpg
217,Rengoku ni Warau,,煉獄に笑う,Manga,5692,7.85,2013,https://cdn.myanimelist.net/images/manga/5/124315l.jpg
218,Kiken Mania,,キケンマニア,Manga,5642,7.04,2013,https://cdn.myanimelist.net/images/manga/1/146407l.jpg
219,Hyakuman-jou Labyrinth,,百万畳ラビリンス,Manga,5612,7.31,2013,https://cdn.myanimelist.net/images/manga/1/196858l.jpg
220,Hima nanode Hajimete Mimasu.,,ヒマなのでハジメテみます。,Manga,5608,7.28,2013,https://cdn.myanimelist.net/images/manga/1/87319l.jpg
221,Sankaku Mado no Sotogawa wa Yoru,The Night Beyond the Tricornered Window,さんかく窓の外側は夜,Manga,5535,7.78,2013,https://cdn.myanimelist.net/images/manga/2/116395l.jpg
222,Hamatora The Comic,,ハマトラ THE COMIC,Manga,5530,7.31,2013,https://cdn.myanimelist.net/images/manga/4/133589l.jpg
223,Kuang Shen,,狂神 Fury,Manhua,5526,6.53,2013,https://cdn.myanimelist.net/images/manga/3/132125l.jpg
224,Osananajimi wa Onnanoko ni Naare,,幼なじみは女の子になぁれ,Manga,5512,6.53,2013,https://cdn.myanimelist.net/images/manga/2/140713l.jpg
225,Dolls Fall,,DOLLS FALL ドールズ・フォール,Manga,5468,5.64,2013,https://cdn.myanimelist.net/images/manga/3/115553l.jpg
226,"Koi toka, Kiss toka, Karada toka.",,恋とか、キスとか、カラダとか。,Manga,5457,7.14,2013,https://cdn.myanimelist.net/images/manga/3/198161l.jpg
227,"Kamisama, Kisama wo Koroshitai.",,神様、キサマを殺したい。,Manga,5425,6.72,2013,https://cdn.myanimelist.net/images/manga/3/132589l.jpg
228,Eguchi-kun wa Minogasanai,,江口くんは見逃さない,Manga,5416,6.56,2013,https://cdn.myanimelist.net/images/manga/3/195212l.jpg
229,Hana wo Meshimase,Please Love Flowers,花を召しませ,Manga,5415,7.38,2013,https://cdn.myanimelist.net/images/manga/3/177903l.jpg
230,Amagi Brilliant Park,Amagi Brilliant Park,甘城ブリリアントパーク,Light Novel,5353,7.6,2013,https://cdn.myanimelist.net/images/manga/3/175109l.jpg
231,"Inochi Mijikashi, Koiseyo Furyou Shounen!",,命みじかし、恋せよ不良少年!,Manga,5336,6.95,2013,https://cdn.myanimelist.net/images/manga/2/151979l.jpg
232,Clockwork Planet,Clockwork Planet,クロックワーク・プラネット,Light Novel,5335,7.63,2013,https://cdn.myanimelist.net/images/manga/3/132635l.jpg
233,Otokonoko ni Toriko,,オトコノコに虜,Manga,5302,6.97,2013,https://cdn.myanimelist.net/images/manga/3/149517l.jpg
234,ACCA: 13-ku Kansatsu-ka,ACCA: 13-Territory Inspection Department,ACCA13区監察課,Manga,5288,7.59,2013,https://cdn.myanimelist.net/images/manga/3/108733l.jpg
235,Magnet na Watashitachi,Love Like a Magnet,マグネットな私たち,Manga,5281,7.09,2013,https://cdn.myanimelist.net/images/manga/3/142529l.jpg
236,Masamune-kun no Revenge,Masamune-kun's Revenge,政宗くんのリベンジ,Light Novel,5263,7.61,2013,https://cdn.myanimelist.net/images/manga/2/293826l.jpg
237,Sword Art Online: Girls Ops,Sword Art Online: Girls' Ops,ソードアート・オンライン ガールズ・オプス,Manga,5240,7.22,2013,https://cdn.myanimelist.net/images/manga/3/156370l.jpg
238,ēlDLIVE,élDLIVE,エルドライブ 【ēlDLIVE】,Manga,5237,6.72,2013,https://cdn.myanimelist.net/images/manga/1/173532l.jpg
239,Hoshi no Ponko to Toufuya Reiko,,星のポン子と豆腐屋れい子,Manga,5108,6.55,2013,https://cdn.myanimelist.net/images/manga/2/137791l.jpg
240,Cherry Teacher Sakura Naoki,,CHERRY TEACHER 佐倉直生,Manga,5048,6.79,2013,https://cdn.myanimelist.net/images/manga/2/188825l.jpg
241,Tadashikunai Renai no Susume,,正しくない恋愛のススメ,Manga,4991,6.04,2013,https://cdn.myanimelist.net/images/manga/3/128257l.jpg
242,Stretch,,ストレッチ,Manga,4925,7.2,2013,https://cdn.myanimelist.net/images/manga/1/117217l.jpg
243,Ochite Chikachika,,おちてチカチカ,Manga,4888,7.06,2013,https://cdn.myanimelist.net/images/manga/3/129769l.jpg
244,Mahouka Koukou no Rettousei: Yokohama Souran-hen,,魔法科高校の劣等生 横浜騒乱編,Manga,4886,7.47,2013,https://cdn.myanimelist.net/images/manga/2/120977l.jpg
245,Saijaku Muhai no Bahamut,Undefeated Bahamut Chronicle,最弱無敗の神装機竜《バハムート》,Light Novel,4861,7.51,2013,https://cdn.myanimelist.net/images/manga/2/175077l.jpg
246,Silent Kiss,,サイレント・キス,Manga,4854,6.78,2013,https://cdn.myanimelist.net/images/manga/3/269038l.jpg
247,Fate/hollow ataraxia,,Fate/hollow ataraxia,Manga,4829,7.17,2013,https://cdn.myanimelist.net/images/manga/3/115043l.jpg
248,Wu Dong Qian Kun,Martial Universe,武动乾坤,Manhua,4825,7.27,2013,https://cdn.myanimelist.net/images/manga/3/223798l.jpg
249,Billion Dogs,Billion Dogs,ビリオンドッグズ,Manga,4757,7.01,2013,https://cdn.myanimelist.net/images/manga/1/128605l.jpg
250,Saenai Heroine no Sodatekata: Egoistic-Lily,,冴えない彼女〈ヒロイン〉の育てかた ～egoistic-lily～,Manga,4743,7.06,2013,https://cdn.myanimelist.net/images/manga/2/181003l.jpg
251,Kigenzen 10000-nen no Ota,The Otaku in 10000 B.C.,紀元前1万年のオタ,Manga,4685,7.19,2013,https://cdn.myanimelist.net/images/manga/1/260696l.jpg
252,Grisaia no Kajitsu: Sanctuary Fellows,,グリザイアの果実 ～サンクチュアリ フェローズ～,Manga,4633,7.26,2013,https://cdn.myanimelist.net/images/manga/1/109171l.jpg
253,Monster Petite Panic,,モンスターぷちパニック,Manga,4578,7.42,2013,https://cdn.myanimelist.net/images/manga/3/152421l.jpg
254,Umareru Kachi no Nakatta Jibun ga Anna no Tame ni Dekiru Ikutsuka no Koto,,生まれる価値のなかった自分がアンナのためにできるいくつかのこと,Manga,4574,5.49,2013,https://cdn.myanimelist.net/images/manga/2/129673l.jpg
255,I Love You yori Aishiteru,,愛羅武勇より愛してる,Manga,4569,7.28,2013,https://cdn.myanimelist.net/images/manga/1/154699l.jpg
256,"Daidai wa, Hantoumei ni Nidone suru",,橙は、半透明に二度寝する,Manga,4566,7.21,2013,https://cdn.myanimelist.net/images/manga/2/167004l.jpg
257,Komomo Confiserie,Komomo Confiserie,こももコンフィズリー,Manga,4476,7.17,2013,https://cdn.myanimelist.net/images/manga/3/270294l.jpg
258,High☆Speed!,,ハイ☆スピード!,Light Novel,4470,7.84,2013,https://cdn.myanimelist.net/images/manga/1/97365l.jpg
259,Koi to wa Baka de Aru Koto da,It's Impossible to Love and to Be Wise!,恋とはバカであることだ,Manga,4445,7.02,2013,https://cdn.myanimelist.net/images/manga/2/142205l.jpg
260,Scarlet Order: Dance in the Vampire Bund 2,Dance in the Vampire Bund II: Scarlet Order,スカーレットオーダー ダンス イン ザ ヴァンパイド バンド2,Manga,4433,7.27,2013,https://cdn.myanimelist.net/images/manga/3/153266l.jpg
261,Shall we Have Dinner Tonight?,Shall We Have Dinner Tonight?,저녁 같이 드실래요?,Manhwa,4420,7.61,2013,https://cdn.myanimelist.net/images/manga/2/180894l.jpg
262,Little Witch Academia,,リトルウィッチアカデミア,Manga,4357,6.89,2013,https://cdn.myanimelist.net/images/manga/2/172298l.jpg
263,Awfully Damn Kiss and Hug,,지독하게 끌어안고 지독하게 키스하고,Manhwa,4338,6.67,2013,https://cdn.myanimelist.net/images/manga/3/135451l.jpg
264,Aoi Uroko to Suna no Machi,Mermaid Scales and the Town of Sand,青い鱗と砂の街,Manga,4337,7.2,2013,https://cdn.myanimelist.net/images/manga/1/264801l.jpg
265,Saint Seiya: Saintia Shou,Saint Seiya: Saintia Shou,聖闘士星矢 セインティア翔,Manga,4293,7.2,2013,https://cdn.myanimelist.net/images/manga/2/154143l.jpg
266,Haru-nee ga Boku ni xx Suru Riyuu,,ハル姉が僕に××する理由,Manga,4282,6.03,2013,https://cdn.myanimelist.net/images/manga/3/158533l.jpg
267,Pandemonium,Pandemonium,ぱんでもにうむ,Manga,4279,7.32,2013,https://cdn.myanimelist.net/images/manga/2/167156l.jpg
268,Kiss My Ass,,KISS MY ASS,Manga,4269,6.32,2013,https://cdn.myanimelist.net/images/manga/2/185982l.jpg
269,Nagi no Asu kara,,凪のあすから,Manga,4256,7.5,2013,https://cdn.myanimelist.net/images/manga/1/103479l.jpg
270,Fate/Extra CCC: Fox Tail,,Fate/EXTRA CCC FoxTail,Manga,4255,7.53,2013,https://cdn.myanimelist.net/images/manga/2/120387l.jpg
271,Magi: Sinbad no Bouken - Prototype,,マギ シンドバッドの冒険 ～プロトタイプ～,Manga,4240,7.47,2013,https://cdn.myanimelist.net/images/manga/2/104553l.jpg
272,Durarara!! Koukinzoku-hen,Durarara!! Yellow Scarves Arc,デュラララ!! 黄巾賊編,Manga,4220,7.75,2013,https://cdn.myanimelist.net/images/manga/3/149952l.jpg
273,Magika no Kenshi to Basileus,,魔技科の剣士と召喚魔王〈ヴァシレウス〉,Light Novel,4208,7.51,2013,https://cdn.myanimelist.net/images/manga/2/200207l.jpg
274,Mahou Shoujo Suzune★Magica,Puella Magi Suzune★Magica,魔法少女すずね★マギカ,Manga,4198,6.81,2013,https://cdn.myanimelist.net/images/manga/3/107537l.jpg
274,Soukyuu no Lapis Lazuli,,蒼柩のラピスラズリ,Manga,4198,6.72,2013,https://cdn.myanimelist.net/images/manga/3/114455l.jpg
276,Koi nante Shinai!,,恋なんてしない!,Manga,4154,7.19,2013,https://cdn.myanimelist.net/images/manga/2/146537l.jpg
277,Girl May Kill,Girl May Kill,ガール メイ キル,Manga,4151,6.44,2013,https://cdn.myanimelist.net/images/manga/1/112059l.jpg
278,K: Days of Blue,,K デイズ・オブ・ブルー,Manga,4131,7.65,2013,https://cdn.myanimelist.net/images/manga/1/129641l.jpg
279,Boku ni Koisuru Mechanical,Mechanical Love,僕に恋するメカニカル,Manga,4130,6.72,2013,https://cdn.myanimelist.net/images/manga/3/105469l.jpg
280,"Sayonara, Heron","Good-Bye, Heron",さよなら、ヘロン,Manga,4112,7.13,2013,https://cdn.myanimelist.net/images/manga/3/123897l.jpg
281,Warui Ouji demo Suki,,ワルイ王子でもスキ,Manga,4110,7.45,2013,https://cdn.myanimelist.net/images/manga/2/136007l.jpg
282,Ero♥Märchen: Ningyo-hime,,えろ♥めるへん 人魚姫,Manga,4076,7.01,2013,https://cdn.myanimelist.net/images/manga/1/169799l.jpg
283,Brand New School Day,,ぶらんにゅーSCHOOL DAY,One-shot,4066,7.07,2013,https://cdn.myanimelist.net/images/manga/1/89401l.jpg
284,K: The First,,K ―THE FIRST―,Manga,4027,7.45,2013,https://cdn.myanimelist.net/images/manga/1/170852l.jpg
285,Umi no Cradle,The Cradle of The Sea,海のクレイドル,Manga,3986,7.28,2013,https://cdn.myanimelist.net/images/manga/1/123557l.jpg
286,Kageno datte Seishun Shitai,,影野だって青春したい,Manga,3958,7.05,2013,https://cdn.myanimelist.net/images/manga/2/160768l.jpg
287,Vivid Cherry,,ビビッドチェリー,Manga,3938,6.83,2013,https://cdn.myanimelist.net/images/manga/1/125205l.jpg
288,Salty Studio,Salty Studio,스튜디오 짭쪼롬,Manhwa,3926,7.67,2013,https://cdn.myanimelist.net/images/manga/1/171278l.jpg
289,Oldman,,OLDMAN奧德曼,Manhua,3925,6.81,2013,https://cdn.myanimelist.net/images/manga/3/105329l.jpg
290,Joshikousei ni Korosaretai,,女子高生に殺されたい,Manga,3923,6.35,2013,https://cdn.myanimelist.net/images/manga/1/171065l.jpg
291,My Beautiful World,My Beautiful World,나의 빛나는 세계,Manhwa,3917,7.62,2013,https://cdn.myanimelist.net/images/manga/1/151887l.jpg
292,Hime-dol!!,,ひめドル!!,Manga,3905,6.92,2013,https://cdn.myanimelist.net/images/manga/1/222015l.jpg
293,Sungeki no Kyojin,Spoof on Titan,寸劇の巨人,Manga,3892,6.99,2013,https://cdn.myanimelist.net/images/manga/2/136001l.jpg
294,Magdala de Nemure,May Your Soul Rest in Magdala,マグダラで眠れ,Manga,3885,7.16,2013,https://cdn.myanimelist.net/images/manga/2/102685l.jpg
295,Geten no Hana,,下天の華,Manga,3856,7.18,2013,https://cdn.myanimelist.net/images/manga/2/111011l.jpg
296,Netoge no Yome wa Onnanoko ja Nai to Omotta?,And you thought there is never a girl online?,ネトゲの嫁は女の子じゃないと思った?,Light Novel,3846,7.07,2013,https://cdn.myanimelist.net/images/manga/3/175122l.jpg
297,Chichi to Ko,Father and Son,ちちとこ,Manga,3839,7.66,2013,https://cdn.myanimelist.net/images/manga/2/132857l.jpg
298,Hatsukoi Monster,First Love Monster,初恋モンスター,Manga,3808,6.0,2013,https://cdn.myanimelist.net/images/manga/3/180249l.jpg
299,Kenrantaru Grande Scène,La Magnifique Grande Scène,絢爛たるグランドセーヌ,Manga,3781,7.84,2013,https://cdn.myanimelist.net/images/manga/1/119683l.jpg
300,Akkun to Kanojo,,あっくんとカノジョ,Manga,3778,6.83,2013,https://cdn.myanimelist.net/images/manga/3/117389l.jpg
301,Fukouchuu no Shiawase,,不幸中のしあわせ,Manga,3764,7.4,2013,https://cdn.myanimelist.net/images/manga/2/154651l.jpg
302,Kiss shite Yowamushi-kun!,Please kiss me Yowamushi-kun!,キスして弱虫くん！,Manga,3760,6.84,2013,https://cdn.myanimelist.net/images/manga/2/172290l.jpg
303,"Nietzsche-sensei: Conveni ni, Satori Sedai no Shinjin ga Maiorita",Mr. Nietzsche in the convenience store,ニーチェ先生 ～コンビニに、さとり世代の新人が舞い降りた～,Manga,3755,6.99,2013,https://cdn.myanimelist.net/images/manga/3/115091l.jpg
304,Manin Densha to Watashi to Kare,,満員電車×私×彼,One-shot,3747,6.68,2013,https://cdn.myanimelist.net/images/manga/1/96473l.jpg
305,Koudai-ke no Hitobito,,高台家の人々,Manga,3732,7.67,2013,https://cdn.myanimelist.net/images/manga/1/126855l.jpg
306,Neko to Watashi no Kinyoubi,,猫と私の金曜日,Manga,3725,6.77,2013,https://cdn.myanimelist.net/images/manga/1/163559l.jpg
307,31☆Idream,Idol Dreams,31☆アイドリーム,Manga,3722,7.07,2013,https://cdn.myanimelist.net/images/manga/2/146293l.jpg
308,Drag-On Dragoon: Shi ni Itaru Aka,,DRAG-ON DRAGOON 死ニ至ル赤,Manga,3720,6.4,2013,https://cdn.myanimelist.net/images/manga/3/114671l.jpg
308,Tales of the Unusual,Tales of the Unusual,기기괴괴,Manhwa,3720,7.64,2013,https://cdn.myanimelist.net/images/manga/1/229435l.jpg
310,Kenshin no Succeed,,剣神の継承者【サクシード】,Manga,3700,6.46,2013,https://cdn.myanimelist.net/images/manga/2/158132l.jpg
311,Tenraku Akuma! Demon's Core,,転落悪魔！ デモンズ・コア,Manga,3694,6.52,2013,https://cdn.myanimelist.net/images/manga/2/188937l.jpg
312,Fushigi no Kuni no Bird,Isabella Bird in Wonderland: Unbeaten Tracks in Japan,ふしぎの国のバード,Manga,3673,7.66,2013,https://cdn.myanimelist.net/images/manga/3/157913l.jpg
313,Knight's & Magic,Knight's & Magic,ナイツ&マジック,Light Novel,3672,7.42,2013,https://cdn.myanimelist.net/images/manga/3/175441l.jpg
314,Soul Catcher(S),,SOUL CATCHER（S）,Manga,3667,7.26,2013,https://cdn.myanimelist.net/images/manga/2/156895l.jpg
315,Sumika Sumire,,スミカスミレ,Manga,3652,7.4,2013,https://cdn.myanimelist.net/images/manga/2/210988l.jpg
316,Ousama-tachi no Viking,Kings' Viking,王様達のヴァイキング KINGS' VIKING,Manga,3633,7.34,2013,https://cdn.myanimelist.net/images/manga/3/123741l.jpg
317,Tokyo DTED,,東京DTED,Manga,3629,6.07,2013,https://cdn.myanimelist.net/images/manga/3/188931l.jpg
318,Uchi no Maid ga Uzasugiru,UzaMaid: Our Maid is Way Too Annoying!,うちのメイドがウザすぎる,Manga,3612,6.61,2013,https://cdn.myanimelist.net/images/manga/3/203219l.jpg
319,Momoiro Ningyo,Peach Mermaid,ももいろ人魚,Manga,3590,6.63,2013,https://cdn.myanimelist.net/images/manga/1/165438l.jpg
320,Koi nanka Shitakunai,I don't want to love,恋なんかしたくない,Manga,3588,7.49,2013,https://cdn.myanimelist.net/images/manga/1/160803l.jpg
321,Kare no Shousou to Koi ni Tsuite,About His Irritation and Love,彼の焦燥と恋について,Manga,3572,7.33,2013,https://cdn.myanimelist.net/images/manga/2/149914l.jpg
322,Mogusa-san,,もぐささん,Manga,3562,6.43,2013,https://cdn.myanimelist.net/images/manga/1/178117l.jpg
323,Hatsukoi Shinjuu,First Love Suicide Pact,初恋心中,Manga,3553,6.66,2013,https://cdn.myanimelist.net/images/manga/1/128601l.jpg
324,Virgin Blood: Hiiro no Bansan,,バージンブラッド～緋色の晩餐～,Manga,3551,6.43,2013,https://cdn.myanimelist.net/images/manga/2/136811l.jpg
325,Gotouge Koyoharu Tanpenshuu,Koyoharu Gotouge Before Demon Slayer: Kimetsu no Yaiba,吾峠呼世晴短編集,Manga,3518,6.61,2013,https://cdn.myanimelist.net/images/manga/2/222608l.jpg
326,Usotsuki Boyfriend,Boyfriend with the lie,嘘つきボーイフレンド,Manga,3509,7.15,2013,https://cdn.myanimelist.net/images/manga/3/177451l.jpg
327,Sekai no Hajikko to Anzu Jam,World's End and Apricot Jam,世界の端っことあんずジャム,Manga,3469,7.09,2013,https://cdn.myanimelist.net/images/manga/1/174538l.jpg
328,Opapagoto,,オパパゴト,Manga,3455,7.36,2013,https://cdn.myanimelist.net/images/manga/1/147179l.jpg
329,Cocytus,,コキュートス,Manga,3452,6.48,2013,https://cdn.myanimelist.net/images/manga/3/151730l.jpg
330,Endou-kun no Jikken Note,,えんどうくんの実験ノート,Manga,3439,7.55,2013,https://cdn.myanimelist.net/images/manga/4/197879l.jpg
331,Ubume no Natsu,,姑獲鳥の夏,Manga,3406,7.59,2013,https://cdn.myanimelist.net/images/manga/1/120947l.jpg
332,"Mahou Shoujo Tart★Magica: The Legend of ""Jeanne d'Arc""","Puella Magi Tart★Magica: The Legend of ""Jeanne d'Arc""","魔法少女たると★マギカ The Legend of ""Jeanne d'Arc""",Manga,3402,7.63,2013,https://cdn.myanimelist.net/images/manga/1/191170l.jpg
333,Watashi ga Motenai no wa Dou Kangaetemo Omaera ga Warui! Anthology,,私がモテないのはどう考えてもお前らが悪い! アンソロジー,Manga,3381,7.1,2013,https://cdn.myanimelist.net/images/manga/2/107211l.jpg
334,Yankee-kun na Yamada-kun to Megane-chan to Majo,,ヤンキー君な山田くんとメガネちゃんと魔女,One-shot,3369,6.89,2013,https://cdn.myanimelist.net/images/manga/2/109759l.jpg
335,Yoru wo Tomenaide,,夜をとめないで,Manga,3351,6.65,2013,https://cdn.myanimelist.net/images/manga/2/171830l.jpg
336,Sorenara Isso Koi ni Nare,,それならいっそ恋になれ,Manga,3344,6.94,2013,https://cdn.myanimelist.net/images/manga/2/121719l.jpg
337,Diabolik Lovers: Prequel,,DIABOLIK LOVERS Prequel,Manga,3339,6.52,2013,https://cdn.myanimelist.net/images/manga/1/85747l.jpg
338,Mahou Sensou,Magical Warfare,魔法戦争,Manga,3337,6.66,2013,https://cdn.myanimelist.net/images/manga/1/158060l.jpg
339,Samishigariya no Love Letter,,さみしがりやのラブレター,Manga,3326,7.46,2013,https://cdn.myanimelist.net/images/manga/1/163348l.jpg
340,Wizard's Soul: Koi no Jihad,,Wizard's SOUL ～恋の聖戦〈ジハード〉～,Manga,3318,7.09,2013,https://cdn.myanimelist.net/images/manga/3/161439l.jpg
341,Glow!,,GLOW!,Manga,3314,7.04,2013,https://cdn.myanimelist.net/images/manga/2/156499l.jpg
342,Nemuri Otoko to Koi Otoko,A sleeping man and a loving man,眠り男と恋男,Manga,3293,7.45,2013,https://cdn.myanimelist.net/images/manga/2/169580l.jpg
343,Neko Para,,ネコぱら,Doujinshi,3282,7.4,2013,https://cdn.myanimelist.net/images/manga/1/115925l.jpg
344,Cross x Regalia,,クロス×レガリア,Manga,3277,6.54,2013,https://cdn.myanimelist.net/images/manga/1/133303l.jpg
345,Amairo*IsleNauts,,天色＊アイルノーツ,Manga,3275,6.29,2013,https://cdn.myanimelist.net/images/manga/1/121891l.jpg
346,Stella to Mille Feuille,,ステラとミルフィユ,Manga,3272,6.89,2013,https://cdn.myanimelist.net/images/manga/3/127423l.jpg
347,Beauty♥Bunny,Beauty Bunny,ビューティー♥バニィ,Manga,3263,6.74,2013,https://cdn.myanimelist.net/images/manga/3/143063l.jpg
348,Koi to Yokubou no Susume,,恋と欲望のススメ,Manga,3254,6.86,2013,https://cdn.myanimelist.net/images/manga/3/151292l.jpg
349,Ousama App,King App,王様アプリ,Manga,3251,6.94,2013,https://cdn.myanimelist.net/images/manga/3/145853l.jpg
350,Onnanoko ga Shinu Hanashi,,女の子が死ぬ話,Manga,3247,7.21,2013,https://cdn.myanimelist.net/images/manga/1/115687l.jpg
351,Umi to Anata to Taiyou to,"South Pacific Girlfriend: The Ocean, the Sun, and You...",海とあなたと太陽と,Doujinshi,3229,7.06,2013,https://cdn.myanimelist.net/images/manga/1/126335l.jpg
352,Bread & Butter,,Bread&Butter,Manga,3216,7.45,2013,https://cdn.myanimelist.net/images/manga/2/127553l.jpg
353,Sekisei Inko,,セキセイインコ,Manga,3211,6.83,2013,https://cdn.myanimelist.net/images/manga/3/156243l.jpg
354,Nemuri no Fuchi,,ネムリノフチ,Manga,3199,5.63,2013,https://cdn.myanimelist.net/images/manga/1/152434l.jpg
355,Shin Kurosawa: Saikyou Densetsu,,新・黒沢 最強伝説,Manga,3189,7.05,2013,https://cdn.myanimelist.net/images/manga/3/115007l.jpg
356,Suisei no Gargantia,,翠星のガルガンティア‬,Manga,3162,7.09,2013,https://cdn.myanimelist.net/images/manga/1/88769l.jpg
357,"Sayonara, Hero.",,さよなら、ヒーロー。,Manga,3156,7.31,2013,https://cdn.myanimelist.net/images/manga/1/98677l.jpg
358,Futsutsukamono no Ani desu ga,My Brother the Shut-in,ふつつか者の兄ですが,Manga,3154,7.5,2013,https://cdn.myanimelist.net/images/manga/2/165068l.jpg
358,Tamayura,,玉響,Manga,3154,7.59,2013,https://cdn.myanimelist.net/images/manga/1/130425l.jpg
360,Log Horizon: Nishikaze no Ryodan,Log Horizon: The West Wind Brigade,ログ・ホライズン 西風の旅団,Manga,3149,7.31,2013,https://cdn.myanimelist.net/images/manga/2/118159l.jpg
361,Henai,,変愛,Manga,3148,7.26,2013,https://cdn.myanimelist.net/images/manga/1/157478l.jpg
362,Les Misérables,Les Misérables,LES MISERABLES レ・ミゼラブル,Manga,3140,7.87,2013,https://cdn.myanimelist.net/images/manga/3/109201l.jpg
363,Yume Onna,,夢女,One-shot,3134,6.04,2013,https://cdn.myanimelist.net/images/manga/1/162105l.jpg
364,Kimi no Iru Machi: Mousou 200-wa,,君のいる町 妄想200話,Manga,3106,7.25,2013,https://cdn.myanimelist.net/images/manga/3/212732l.jpg
365,3-manen no Kareshi,,3万円の彼氏,Manga,3098,6.92,2013,https://cdn.myanimelist.net/images/manga/2/125239l.jpg
366,Bikachou Shinshi Kaikoroku,Memoirs of Amorous Gentlemen,鼻下長紳士回顧録,Manga,3060,7.24,2013,https://cdn.myanimelist.net/images/manga/3/164764l.jpg
367,Gentei Kareshi,,限定カレシ,Manga,3046,7.11,2013,https://cdn.myanimelist.net/images/manga/5/116055l.jpg
368,High Spec Lovers,,ハイスペック・ラヴァーズ,One-shot,3045,7.05,2013,https://cdn.myanimelist.net/images/manga/1/92063l.jpg
369,Musaigen no Phantom World,Myriad Colors Phantom World,無彩限のファントム・ワールド,Light Novel,3036,7.24,2013,https://cdn.myanimelist.net/images/manga/2/109885l.jpg
370,Yuusha ni Narenakatta Ore wa Shibushibu Shuushoku wo Ketsui Shimashita.,,勇者になれなかった俺はしぶしぶ就職を決意しました。,Manga,2996,6.84,2013,https://cdn.myanimelist.net/images/manga/3/158591l.jpg
371,Toshigoro no Otokonoko to Are,Adolescence Boy & It,年頃のオトコノコとアレ,Manga,2987,7.21,2013,https://cdn.myanimelist.net/images/manga/3/154268l.jpg
372,"Sorekara, Kimi wo Kangaeru","Then, I think of you",それから、君を考える,Manga,2963,7.09,2013,https://cdn.myanimelist.net/images/manga/2/160518l.jpg
373,Acute,Hatsune Miku: Acute,ACUTE,Manga,2952,6.49,2013,https://cdn.myanimelist.net/images/manga/2/166481l.jpg
374,Ramen Daisuki Koizumi-san,Ms. Koizumi Loves Ramen Noodles.,ラーメン大好き小泉さん,Manga,2943,6.77,2013,https://cdn.myanimelist.net/images/manga/2/193985l.jpg
375,Harukaze no Snegurochka,Snegurochka of the Spring Breeze,春風のスネグラチカ,Manga,2939,6.5,2013,https://cdn.myanimelist.net/images/manga/2/132967l.jpg
376,Jibun Katte.,,自分勝手。,Manga,2934,6.84,2013,https://cdn.myanimelist.net/images/manga/3/175506l.jpg
377,Paradise View,,パラダイス・ビュー,Manga,2932,7.76,2013,https://cdn.myanimelist.net/images/manga/3/116681l.jpg
378,Shuukan Shounen Girl,,週刊少年ガール,Manga,2928,7.26,2013,https://cdn.myanimelist.net/images/manga/1/167491l.jpg
379,Gekijouban Steins;Gate: Fuka Ryouiki no Déjà vu,,劇場版 STEINS；GATE 負荷領域のデジャヴ,Manga,2916,7.81,2013,https://cdn.myanimelist.net/images/manga/3/108051l.jpg
379,Suicide Parabellum,,スーサイド・パラベラム,Manga,2916,7.21,2013,https://cdn.myanimelist.net/images/manga/3/173039l.jpg
381,Medicine,,メディスン,One-shot,2901,5.99,2013,https://cdn.myanimelist.net/images/manga/1/90881l.jpg
382,Hatsukoi Canvas,,初恋キャンバス,Manga,2889,6.46,2013,https://cdn.myanimelist.net/images/manga/2/109999l.jpg
383,Dívčí Válka,Dívčí Válka: Maidens' War,乙女戦争〈ディーヴチー・ヴァールカ〉,Manga,2867,6.39,2013,https://cdn.myanimelist.net/images/manga/1/111871l.jpg
384,Ikinari! Harem Life,,いきなり！ハーレムライフ,Manga,2852,7.41,2013,https://cdn.myanimelist.net/images/manga/1/130357l.jpg
385,The Girl from Class,The Girl from Class,수업시간 그녀,Manhwa,2834,7.23,2013,https://cdn.myanimelist.net/images/manga/1/213482l.jpg
386,"30-sai, Shojo OL",,30歳、処女OL,Manga,2829,6.02,2013,https://cdn.myanimelist.net/images/manga/2/118389l.jpg
387,"Mousouka, Koi wo Suru.",,妄想家、恋をする。,Manga,2817,6.96,2013,https://cdn.myanimelist.net/images/manga/3/127861l.jpg
388,IS: Infinite Stratos,,IS 〈インフィニット・ストラトス〉,Manga,2811,6.99,2013,https://cdn.myanimelist.net/images/manga/1/177346l.jpg
389,Kuroneko wa Shippo de Amaeru,,黒猫はしっぽで甘える,Manga,2809,6.99,2013,https://cdn.myanimelist.net/images/manga/3/285515l.jpg
390,Hikidashi ni Terrarium,Terrarium in a Drawer,ひきだしにテラリウム,Manga,2794,7.31,2013,https://cdn.myanimelist.net/images/manga/2/145037l.jpg
391,"Yoake ni Furu,",,夜明けにふる、,Manga,2792,7.47,2013,https://cdn.myanimelist.net/images/manga/2/231420l.jpg
392,Kuro no Tantei,Black Detective,黒の探偵,Manga,2787,7.15,2013,https://cdn.myanimelist.net/images/manga/3/158493l.jpg
393,Kamisama x Oresama x Dannasama!?,,カミサマ×おれさま×旦那様!?,Manga,2777,7.05,2013,https://cdn.myanimelist.net/images/manga/1/123341l.jpg
394,Yuusha Gojo Kumiai Kouryuugata Keijiban,,勇者互助組合 交流型掲示板,Manga,2776,7.47,2013,https://cdn.myanimelist.net/images/manga/3/186476l.jpg
395,Slow Start,,スロウスタート,Manga,2769,7.37,2013,https://cdn.myanimelist.net/images/manga/2/157435l.jpg
396,Love and Baseball,,ラブ アンド ベースボール,Manga,2763,7.11,2013,https://cdn.myanimelist.net/images/manga/2/165420l.jpg
397,Inou-Battle wa Nichijou-kei no Naka de,Inou-Battle in the Usually Daze.,異能バトルは日常系のなかで,Manga,2752,7.03,2013,https://cdn.myanimelist.net/images/manga/2/157995l.jpg
398,Baki Gaiden: Kenjin,,バキ外伝 拳刃,Manga,2730,6.86,2013,https://cdn.myanimelist.net/images/manga/3/126057l.jpg
399,Koi wa Hikari,,恋は光,Manga,2697,6.76,2013,https://cdn.myanimelist.net/images/manga/1/152602l.jpg
400,Meiyaku no Leviathan,The Leviathan of the Covenant,盟約のリヴァイアサン,Manga,2688,6.45,2013,https://cdn.myanimelist.net/images/manga/3/158018l.jpg
401,Love Revolution,,연애혁명,Manhwa,2682,7.75,2013,https://cdn.myanimelist.net/images/manga/2/297630l.jpg
402,Suiyoubi,,スイようび,Manga,2679,7.01,2013,https://cdn.myanimelist.net/images/manga/2/123093l.jpg
403,Soredemo Kamawanai,,それでも構わない,Manga,2676,7.31,2013,https://cdn.myanimelist.net/images/manga/2/106505l.jpg
404,Ibitsu na Koi no Seesaw Game,The seesaw game of distorted love,いびつな恋のシーソーゲーム,Manga,2675,6.99,2013,https://cdn.myanimelist.net/images/manga/1/193252l.jpg
405,Rensou Mode,,恋想モード,One-shot,2646,7.14,2013,https://cdn.myanimelist.net/images/manga/3/111253l.jpg
406,Angolmois: Genkou Kassenki,,アンゴルモア 元寇合戦記,Manga,2619,7.17,2013,https://cdn.myanimelist.net/images/manga/3/172186l.jpg
407,Uchi no Heika ga Shinmai de.,,うちの陛下が新米で。,Manga,2603,7.08,2013,https://cdn.myanimelist.net/images/manga/3/156882l.jpg
408,SSG: Meimon Danshikou Keppuroku,,SSG ～名門男子校血風録～,Manga,2601,6.86,2013,https://cdn.myanimelist.net/images/manga/1/152731l.jpg
409,Ani no Senaka,,義兄〈あに〉の背中,Manga,2590,6.92,2013,https://cdn.myanimelist.net/images/manga/4/151451l.jpg
410,Toumei Ningen no Koi,Invisible Girl in Love,透明人間の恋,Manga,2568,7.32,2013,https://cdn.myanimelist.net/images/manga/1/107299l.jpg
411,Gunjou Senki,War of the Youths,群青戦記 グンジョーセンキ,Manga,2562,6.7,2013,https://cdn.myanimelist.net/images/manga/1/197297l.jpg
411,TSF Monogatari Append,,TSF物語アペンド,Doujinshi,2562,7.17,2013,https://cdn.myanimelist.net/images/manga/1/106895l.jpg
413,Psycho-Pass,,PSYCHO-PASS サイコパス,Light Novel,2557,7.68,2013,https://cdn.myanimelist.net/images/manga/3/118865l.jpg
414,Match Shoujo,The Little Match Girl,燐寸少女,Manga,2536,7.28,2013,https://cdn.myanimelist.net/images/manga/2/142527l.jpg
415,Magical☆Star Kanon 100%,,マジカル☆スター かのん100％,Manga,2531,6.4,2013,https://cdn.myanimelist.net/images/manga/3/88467l.jpg
416,Koi no Kotoba,,こいのことば,Manga,2519,6.21,2013,https://cdn.myanimelist.net/images/manga/1/188959l.jpg
417,Nikukyuu!,,にくきゅー！,Manga,2507,6.29,2013,https://cdn.myanimelist.net/images/manga/3/147445l.jpg
418,Aioimusubi,,相生結び,Manga,2505,6.74,2013,https://cdn.myanimelist.net/images/manga/1/155668l.jpg
419,Marmalade Boy Little,,ママレード・ボーイ little,Manga,2499,6.98,2013,https://cdn.myanimelist.net/images/manga/2/166223l.jpg
420,Ero♥Märchen: Hoshi no Ginka,,えろ♥めるへん 星の銀貨,Manga,2480,6.18,2013,https://cdn.myanimelist.net/images/manga/3/131157l.jpg
420,Mielino Kashiwagi,,ミエリーノ柏木,Manga,2480,6.98,2013,https://cdn.myanimelist.net/images/manga/1/95069l.jpg
422,Ana no Mujina,,アナノムジナ,Manga,2471,7.34,2013,https://cdn.myanimelist.net/images/manga/2/154545l.jpg
423,Aiyoku Heaven,,愛欲ヘヴン,Manga,2462,6.51,2013,https://cdn.myanimelist.net/images/manga/2/103435l.jpg
424,Space☆Dandy,Space Dandy,スペース☆ダンディ,Manga,2447,7.18,2013,https://cdn.myanimelist.net/images/manga/2/129627l.jpg
425,Kare Kano Hajimemashita,,カレカノ始めました,One-shot,2443,6.47,2013,https://cdn.myanimelist.net/images/manga/1/111205l.jpg
425,Yokoshima na Eguchi-kun,,よこしまな江口くん,Manga,2443,6.41,2013,https://cdn.myanimelist.net/images/manga/1/180839l.jpg
427,Fate/Prototype: Sougin no Fragments,,Fate/Prototype 蒼銀のフラグメンツ,Light Novel,2436,7.37,2013,https://cdn.myanimelist.net/images/manga/1/139339l.jpg
428,Shiryoku Kensa,,シリョクケンサ,Manga,2433,6.87,2013,https://cdn.myanimelist.net/images/manga/2/114965l.jpg
429,Ai no Binzoko.,,愛のびんぞこ。,Manga,2419,6.72,2013,https://cdn.myanimelist.net/images/manga/1/162548l.jpg
430,Baroque K/night,,バロックナイト,Manga,2416,6.26,2013,https://cdn.myanimelist.net/images/manga/1/139335l.jpg
431,Rokka Melt: Fiancé wa Yukiotoko,,ロッカメルト～フィアンセは雪男～,Manga,2389,7.13,2013,https://cdn.myanimelist.net/images/manga/3/138285l.jpg
432,"Itoshii, to Iu Koto",,いとしい、ということ,Manga,2374,6.82,2013,https://cdn.myanimelist.net/images/manga/1/96433l.jpg
433,Yoru wa Tomodachi,,夜はともだち,Manga,2366,7.1,2013,https://cdn.myanimelist.net/images/manga/2/182160l.jpg
434,Hatsukoi,,ハツこい,Manga,2363,7.07,2013,https://cdn.myanimelist.net/images/manga/5/104183l.jpg
435,Cosmic Color,,コズミックカラー,Manga,2355,6.97,2013,https://cdn.myanimelist.net/images/manga/1/132511l.jpg
436,Hope,,HOPE,Manga,2341,7.16,2013,https://cdn.myanimelist.net/images/manga/1/152022l.jpg
437,Date A Live: Tooka Dead End,,デート・ア・ライブ 十香デッドエンド,Manga,2332,7.44,2013,https://cdn.myanimelist.net/images/manga/3/121829l.jpg
438,In the Room,,in THE ROOM,Manga,2315,4.6,2013,https://cdn.myanimelist.net/images/manga/3/223964l.jpg
439,Yahari 4-koma demo Ore no Seishun Love Comedy wa Machigatteiru.,,やはり4コマでも俺の青春ラブコメはまちがっている。,Manga,2311,7.64,2013,https://cdn.myanimelist.net/images/manga/3/138455l.jpg
440,Choudouryoku Mouko Daishuurai,The Ultra Power Mongol Invasion,超動力蒙古大襲来,Manga,2304,6.48,2013,https://cdn.myanimelist.net/images/manga/3/154852l.jpg
441,Hatsukoi wa Gunjou ni Tokeru,The First Love Melt in Ultramarine,初恋は群青に溶ける,Manga,2302,7.47,2013,https://cdn.myanimelist.net/images/manga/2/165505l.jpg
442,Nageki no Marie,,嘆きのマリー,Manga,2295,6.4,2013,https://cdn.myanimelist.net/images/manga/3/130737l.jpg
443,Kyou mo Uchi de Machiawase,,今日もウチで待ち合わせ,Manga,2293,7.19,2013,https://cdn.myanimelist.net/images/manga/1/122909l.jpg
444,Hshs Sasero!!,"Because she is a little girl, I am excited sexually.",hshsさせろ!!,Manga,2290,6.4,2013,https://cdn.myanimelist.net/images/manga/2/188848l.jpg
445,Shinigami x Doctor,,シニガミ×ドクター,Manga,2289,6.9,2013,https://cdn.myanimelist.net/images/manga/1/115483l.jpg
446,Netoraserare,,ネトラセラレ,Manga,2287,6.08,2013,https://cdn.myanimelist.net/images/manga/2/139701l.jpg
447,Tsuyokute New Saga,,強くてニューサーガ,Light Novel,2285,7.25,2013,https://cdn.myanimelist.net/images/manga/1/186492l.jpg
448,ReCollection,ReCollection,ReCollection,Manga,2280,7.44,2013,https://cdn.myanimelist.net/images/manga/2/169613l.jpg
449,Salaryman Exorcist: Okumura Yukio no Aishuu,,サラリーマン祓魔師〈エクソシスト〉 奥村雪男の哀愁,Manga,2275,6.98,2013,https://cdn.myanimelist.net/images/manga/1/167812l.jpg
450,Kyou kara Yonshimai,,きょうから四姉妹,Manga,2271,6.56,2013,https://cdn.myanimelist.net/images/manga/2/133523l.jpg
451,Oubou Ookami to Shoushin Akazukin,,横暴オオカミと小心赤ずきん,One-shot,2268,6.76,2013,https://cdn.myanimelist.net/images/manga/1/88239l.jpg
452,Ochitekita Naga to Horobiyuku Majo no Kuni,,落ちてきた龍王〈ナーガ〉と滅びゆく魔女の国,Manga,2256,6.67,2013,https://cdn.myanimelist.net/images/manga/3/104249l.jpg
453,Kuma Miko,Kuma Miko: Girl Meets Bear,くまみこ,Manga,2252,6.98,2013,https://cdn.myanimelist.net/images/manga/3/108399l.jpg
454,Boku no Geboku ni Nare!,,ボクの下僕になぁれっ!,Manga,2220,6.02,2013,https://cdn.myanimelist.net/images/manga/3/171956l.jpg
455,Kakafukaka,Kakafukaka,カカフカカ,Manga,2217,6.81,2013,https://cdn.myanimelist.net/images/manga/1/178713l.jpg
456,Shiyakusho,,死役所,Manga,2215,7.38,2013,https://cdn.myanimelist.net/images/manga/1/123553l.jpg
457,Kodomo no Jikan: Houkago,,こどものじかん ほうかご,Manga,2214,7.28,2013,https://cdn.myanimelist.net/images/manga/2/96461l.jpg
458,Steins;Gate: Heiji Kyokusen no Epigraph,,STEINS;GATE 閉時曲線のエピグラフ,Manga,2210,7.66,2013,https://cdn.myanimelist.net/images/manga/1/121181l.jpg
459,1F: Fukushima Daiichi Genshiryoku Hatsudensho Annaiki,Ichi-F: A Worker's Graphic Memoir of the Fukushima Nuclear Power Plant,いちえふ 福島第一原子力発電所案内記,Manga,2209,6.99,2013,https://cdn.myanimelist.net/images/manga/3/286580l.jpg
459,Brothers Conflict feat. Natsume,,BROTHERS CONFLICT feat.Natsume,Manga,2209,7.05,2013,https://cdn.myanimelist.net/images/manga/3/98971l.jpg
461,Acma:Game,Acma:Game,ACMA：GAME,Manga,2199,7.06,2013,https://cdn.myanimelist.net/images/manga/1/164639l.jpg
462,Tonari no Robot,,となりのロボット,Manga,2193,7.25,2013,https://cdn.myanimelist.net/images/manga/2/149799l.jpg
463,Hanazono no Kioku,,花園の記憶,Manga,2190,7.37,2013,https://cdn.myanimelist.net/images/manga/2/106227l.jpg
464,High School DxD: Akuma no Oshigoto,,ハイスクールD×D アクマのおしごと,Manga,2186,7.66,2013,https://cdn.myanimelist.net/images/manga/2/168982l.jpg
465,Himesama Tanuki no Koizanyou,Don't Count Your Tanukis,姫さま狸の恋算用,Manga,2182,6.6,2013,https://cdn.myanimelist.net/images/manga/2/126799l.jpg
465,Hitotsu no Koi no Hajimari,Beginning of love,ひとつの恋のはじまり,Manga,2182,7.06,2013,https://cdn.myanimelist.net/images/manga/2/159533l.jpg
467,Isekai Cheat Magician,,異世界チート魔術師〈マジシャン〉,Light Novel,2177,6.61,2013,https://cdn.myanimelist.net/images/manga/3/217547l.jpg
468,Drag-On Dragoon: Utahime Five,,どらっぐ おん どらぐーん ウタヒメファイブ,Manga,2176,6.79,2013,https://cdn.myanimelist.net/images/manga/2/114619l.jpg
468,Freezing: Pair Love Stories,,フリージング ペアラブストーリーズ,Manga,2176,7.04,2013,https://cdn.myanimelist.net/images/manga/3/96873l.jpg
468,Last Notes,,ラストノーツ,Manga,2176,7.14,2013,https://cdn.myanimelist.net/images/manga/2/113427l.jpg
471,Hidoku Shinaide dj - Onsen Flag Kaishuu!!,,酷くしないで おんせんフラグ回収!!,Doujinshi,2162,7.57,2013,https://cdn.myanimelist.net/images/manga/2/154994l.jpg
472,Mokushiroku Alice,Apocalypse Alice,黙示録アリス,Light Novel,2160,7.59,2013,https://cdn.myanimelist.net/images/manga/2/177137l.jpg
473,+α no Tachiichi,,+αの立ち位置,Manga,2155,6.39,2013,https://cdn.myanimelist.net/images/manga/3/159784l.jpg
474,γ,,γ－ガンマ－,Manga,2150,7.22,2013,https://cdn.myanimelist.net/images/manga/3/144157l.jpg
475,Trap,,TRAP,Manga,2148,6.8,2013,https://cdn.myanimelist.net/images/manga/1/140213l.jpg
476,Mousou One-Room,One-Room Delusion,妄想ワンルーム,Manga,2140,6.94,2013,https://cdn.myanimelist.net/images/manga/1/121573l.jpg
477,"Chibi to Pocchari de Renai Shimasu kedo, Nani ka?",,ちびとぽっちゃりで恋愛しますけど、何か?,One-shot,2138,6.99,2013,https://cdn.myanimelist.net/images/manga/2/274195l.jpg
478,Koisuru Mitsuba,,恋するみつば,Manga,2134,7.18,2013,https://cdn.myanimelist.net/images/manga/3/156357l.jpg
479,Ore no Ushiro ni Tatsuna!!,Don't Rub Yourself Against My Ass!!,俺の後ろに勃つな!!,Manga,2129,6.41,2013,https://cdn.myanimelist.net/images/manga/2/103891l.jpg
480,Hanakaku,,ハナカク,Manga,2126,6.78,2013,https://cdn.myanimelist.net/images/manga/2/166224l.jpg
481,Sora no Yousei,,ソラの妖精,Manga,2125,7.17,2013,https://cdn.myanimelist.net/images/manga/3/123151l.jpg
482,Sakurako-san no Ashimoto ni wa Shitai ga Umatteiru,,櫻子さんの足下には死体が埋まっている,Novel,2121,7.16,2013,https://cdn.myanimelist.net/images/manga/3/117437l.jpg
483,Takahashi-san ga Kiiteiru.,Takahashi-san Is Listening.,高橋さんが聞いている。,Manga,2118,6.49,2013,https://cdn.myanimelist.net/images/manga/2/188934l.jpg
484,"Ore no Nounai Sentakushi ga, Gakuen Love Comedy wo Zenryoku de Jama shiteiru",,俺の脳内選択肢が、学園ラブコメを全力で邪魔している,Manga,2112,6.9,2013,https://cdn.myanimelist.net/images/manga/2/158067l.jpg
485,Seifuku Aventure,,制服あばんちゅーる,Manga,2095,6.68,2013,https://cdn.myanimelist.net/images/manga/3/187687l.jpg
486,Paranoia Cage,Paranoia Cage,ぱらのいあけ〜じ,Manga,2091,6.13,2013,https://cdn.myanimelist.net/images/manga/2/162093l.jpg
487,Choujigen Game Neptune: The Animation - Hello New World,,超次元ゲイム ネプテューヌ THE ANIMATION はろーにゅーわーるど,Manga,2090,7.51,2013,https://cdn.myanimelist.net/images/manga/1/120045l.jpg
487,Girls & Panzer: Motto Love Love Sakusen desu!,,ガールズ＆パンツァー もっとらぶらぶ作戦です!,Manga,2090,7.72,2013,https://cdn.myanimelist.net/images/manga/1/205711l.jpg
489,Earth Girls,Earth Girls,EARTH GIRLS,Doujinshi,2089,7.05,2013,https://cdn.myanimelist.net/images/manga/3/106233l.jpg
490,Katekyo! dj - Milk Soda,,Milk Soda,Doujinshi,2087,7.52,2013,https://cdn.myanimelist.net/images/manga/3/105613l.jpg
491,Te to Kuchi,,てとくち,Manga,2070,7.09,2013,https://cdn.myanimelist.net/images/manga/2/113411l.jpg
492,Boku no Yamanoue Mura Haramase Nikki,Pregnancy Diary,僕の山ノ上村日記,Manga,2063,7.4,2013,https://cdn.myanimelist.net/images/manga/2/150890l.jpg
493,Hitorijime: Choukyou Ganbou,,ひとりじめ～調教願望～,Manga,2062,6.32,2013,https://cdn.myanimelist.net/images/manga/2/182667l.jpg
494,Assassin's Creed 4: Black Flag - Kakusei,Assassin's Creed: Awakening,アサシン クリード4 ブラック フラッグ 覚醒,Manga,2060,6.42,2013,https://cdn.myanimelist.net/images/manga/1/131471l.jpg
495,Nisekoi: Urabana,,ニセコイ ウラバナ,Light Novel,2045,7.26,2013,https://cdn.myanimelist.net/images/manga/2/111109l.jpg
496,Girls Go Around,,ガールズ・ゴー・アラウンド,Manga,2039,7.0,2013,https://cdn.myanimelist.net/images/manga/2/118685l.jpg
497,Yorimichi,,よりみち,One-shot,2037,6.44,2013,https://cdn.myanimelist.net/images/manga/3/110639l.jpg
498,Black Yome ni Yoroshiku!,Regards to Black Wife!,ブラック嫁によろしく！,Manga,2036,6.84,2013,https://cdn.myanimelist.net/images/manga/1/188980l.jpg
498,Hibike! Euphonium,Sound! Euphonium,響け！ユーフォニアム,Novel,2036,7.81,2013,https://cdn.myanimelist.net/images/manga/1/230762l.jpg
500,Kenjutsu Komachi,,剣術小町,Manga,2013,6.67,2013,https://cdn.myanimelist.net/images/manga/3/142535l.jpg
501,AFO-Guard,,アフォガード,Manga,2010,6.97,2013,https://cdn.myanimelist.net/images/manga/3/125889l.jpg
502,Oshiete Katekyo♥,"Teach Me, Tutor",教えてカテキョ♥,Manga,2008,6.48,2013,https://cdn.myanimelist.net/images/manga/2/192629l.jpg
503,Uchi no Tenshi ga Kemono deshita.,,うちの天使がケモノでした。,Manga,2007,7.08,2013,https://cdn.myanimelist.net/images/manga/3/158622l.jpg
504,Type-Moon Gakuen: Chibichuki!,,TYPE-MOON学園 ちびちゅき!,Manga,2002,7.18,2013,https://cdn.myanimelist.net/images/manga/3/155052l.jpg
505,Vampire Knight: Flail no Yume,Vampire Knight: Fleeting Dreams,ヴァンパイア騎士〈ナイト〉 煌銀〈フレイル〉の夢,Light Novel,2000,7.31,2013,https://cdn.myanimelist.net/images/manga/3/106027l.jpg
506,Kamatte Hoshi no?,,かまってほしいの?,Manga,1979,6.61,2013,https://cdn.myanimelist.net/images/manga/3/143287l.jpg
507,Fantasma,,FANTASMA ファンタズマ,Manga,1973,6.6,2013,https://cdn.myanimelist.net/images/manga/3/158522l.jpg
508,Grancrest Senki,Record of Grancrest War,グランクレスト戦記,Light Novel,1967,7.22,2013,https://cdn.myanimelist.net/images/manga/1/208548l.jpg
509,Mukidashi no Koi,,むきだしの恋,Manga,1965,6.85,2013,https://cdn.myanimelist.net/images/manga/2/153998l.jpg
510,SK8R'S,,SK8R'S スケーターズ,Manga,1957,7.27,2013,https://cdn.myanimelist.net/images/manga/2/195967l.jpg
511,Second Brain,,SECOND BRAIN セカンドブレイン,Manga,1951,6.36,2013,https://cdn.myanimelist.net/images/manga/2/123383l.jpg
512,Species Domain,Species Domain,スピーシーズドメイン,Manga,1944,7.0,2013,https://cdn.myanimelist.net/images/manga/1/155063l.jpg
513,Monogatari Series Heroine Hon,,アニメ＜物語＞シリーズヒロイン本,Light Novel,1935,7.35,2013,https://cdn.myanimelist.net/images/manga/2/150485l.jpg
514,Rebirth Knight,,리버스 나이트,Manhwa,1920,6.88,2013,https://cdn.myanimelist.net/images/manga/4/124355l.jpg
515,Chikyuu Umare no Anata e,To you of earth-born,地球生まれのあなたへ,Manga,1918,7.48,2013,https://cdn.myanimelist.net/images/manga/1/147605l.jpg
516,Gekijouban Gintama: Kanketsu-hen - Yorozuya yo Eien Nare,,劇場版 銀魂 完結篇 万事屋よ永遠なれ,Light Novel,1915,8.31,2013,https://cdn.myanimelist.net/images/manga/2/160222l.jpg
517,Koukaku Kidoutai: Arise - Sleepless Eye,,攻殻機動隊ARISE～眠らない眼の男 Sleepless Eye～,Manga,1906,7.42,2013,https://cdn.myanimelist.net/images/manga/1/95927l.jpg
518,"Medete, Junjou",,愛でて、純情,Manga,1904,6.84,2013,https://cdn.myanimelist.net/images/manga/2/168929l.jpg
519,Toaru Majutsu no Index: Endymion no Kiseki,,とある魔術の禁書目録 エンデュミオンの奇蹟,Manga,1886,7.28,2013,https://cdn.myanimelist.net/images/manga/1/100847l.jpg
520,Bocchiman,,ぼっちマン,Manga,1882,5.96,2013,https://cdn.myanimelist.net/images/manga/3/133273l.jpg
520,Eikyuu Shoujo,,永久少女,One-shot,1882,6.88,2013,https://cdn.myanimelist.net/images/manga/5/93783l.jpg
522,Yuutai Nova: Kanketsu-hen,,ユウタイノヴァ 完結編,Manga,1880,5.74,2013,https://cdn.myanimelist.net/images/manga/2/97599l.jpg
523,Boku to Kotori-chan,,ぼくとことりちゃん,Manga,1878,6.5,2013,https://cdn.myanimelist.net/images/manga/3/153557l.jpg
524,"Hajimete, Kanojo to.",The Conditions of Paradise: Our First Time,初めて、彼女と。,Manga,1877,6.78,2013,https://cdn.myanimelist.net/images/manga/3/105079l.jpg
525,Aru Yoru.,NightS: Another Night,或る夜,Doujinshi,1876,7.49,2013,https://cdn.myanimelist.net/images/manga/1/288333l.jpg
526,Hitorijime no Jouken,,独り占めの条件,Manga,1867,6.66,2013,https://cdn.myanimelist.net/images/manga/1/166014l.jpg
526,Itoshi no Sakura-san,,愛しの桜さん,Manga,1867,6.36,2013,https://cdn.myanimelist.net/images/manga/1/188411l.jpg
528,Natsume Yuujinchou,,小説・夏目友人帳,Light Novel,1857,7.74,2013,https://cdn.myanimelist.net/images/manga/1/98121l.jpg
529,Musashi-kun to Murayama-san wa Tsukiattemita.,,武蔵くんと村山さんは付き合ってみた。,Manga,1844,6.61,2013,https://cdn.myanimelist.net/images/manga/2/176895l.jpg
530,Feeding Lamb,,Feeding Lamb,Doujinshi,1841,6.1,2013,https://cdn.myanimelist.net/images/manga/1/224188l.jpg
531,Mahoutsukai no Deshi ga Warau Toki.,When a Magician's Pupil Smiles,魔法使いの弟子が笑う時。,Manga,1839,6.88,2013,https://cdn.myanimelist.net/images/manga/3/146533l.jpg
532,Metsuko ni Yoroshiku,,滅子に夜露死苦,Manga,1838,6.45,2013,https://cdn.myanimelist.net/images/manga/2/173129l.jpg
533,Mawaru Penguindrum,Penguindrum,輪るピングドラム,Manga,1837,6.73,2013,https://cdn.myanimelist.net/images/manga/3/167525l.jpg
534,Ichiban Chikaku de Koi wo Suru,Love is close.,いちばん近くで恋をする,Manga,1833,6.99,2013,https://cdn.myanimelist.net/images/manga/1/145379l.jpg
535,NEET dakedo Hello Work ni Ittara Isekai ni Tsuretekareta,,ニートだけどハロワにいったら異世界につれてかれた,Light Novel,1832,6.9,2013,https://cdn.myanimelist.net/images/manga/1/133517l.jpg
536,Sankarea: All Night Rea Long,,さんかれあ おーる・ないとれあ・ろんぐ,Light Novel,1828,7.47,2013,https://cdn.myanimelist.net/images/manga/1/126653l.jpg
537,Haikyuu!! Shousetsu-ban!!,,ハイキュー!! ショーセツバン!!,Light Novel,1817,7.4,2013,https://cdn.myanimelist.net/images/manga/3/127767l.jpg
538,Uchouten Kazoku,,有頂天家族,Manga,1812,7.29,2013,https://cdn.myanimelist.net/images/manga/2/157964l.jpg
539,K Side:Black & White,,K SIDE:BLACK&WHITE,Light Novel,1806,7.33,2013,https://cdn.myanimelist.net/images/manga/3/91293l.jpg
540,Hatsukoi Lollipop,,初恋ロリポップ,Manga,1805,6.94,2013,https://cdn.myanimelist.net/images/manga/2/156016l.jpg
541,Guren 5,,グレン5,Manga,1800,6.41,2013,https://cdn.myanimelist.net/images/manga/2/145413l.jpg
542,Love Live! School Idol Diary,,ラブライブ! School idol diary,Light Novel,1798,7.44,2013,https://cdn.myanimelist.net/images/manga/3/104917l.jpg
543,The Unlimited: Hyoubu Kyousuke,,THE UNLIMITED 兵部京介,Manga,1790,7.19,2013,https://cdn.myanimelist.net/images/manga/2/157876l.jpg
544,Samenai Yume,,醒めない夢,Manga,1789,6.6,2013,https://cdn.myanimelist.net/images/manga/3/251874l.jpg
545,"Danganronpa: Naegi Makoto, Jinsei Saiaku no Hi",,ダンガンロンパ 苗木誠、人生最悪の日,Light Novel,1784,6.93,2013,https://cdn.myanimelist.net/images/manga/3/172167l.jpg
546,Jelly Beans,,Jelly Beans,Doujinshi,1781,7.4,2013,https://cdn.myanimelist.net/images/manga/3/122713l.jpg
547,"17-sai, Hajimete: Hatsunetsu",,17歳、はじめて~発熱~,Manga,1774,6.74,2013,https://cdn.myanimelist.net/images/manga/1/188584l.jpg
548,Uchi wa Futago de Teippai!,,うちは双子で手いっぱい,Manga,1767,6.35,2013,https://cdn.myanimelist.net/images/manga/2/161088l.jpg
548,Zero no Shiniki,My Name Is Zero,零の神域,Manga,1767,6.68,2013,https://cdn.myanimelist.net/images/manga/3/133285l.jpg
550,"Ashita, Boku wa Shinu. Kimi wa Ikikaeru.","Tomorrow, I will die. You will revive.",明日、ボクは死ぬ。キミは生き返る。,Light Novel,1766,7.59,2013,https://cdn.myanimelist.net/images/manga/2/195032l.jpg
551,Sakura no Sono,Sakura's Garden,さくらの園,Manga,1755,6.49,2013,https://cdn.myanimelist.net/images/manga/1/172594l.jpg
552,Ano Ko no Ie,,あの子の家,Manga,1750,6.7,2013,https://cdn.myanimelist.net/images/manga/1/132313l.jpg
553,Amnesia Later,,AMNESIA LATER アムネシアレイター,Manga,1749,6.24,2013,https://cdn.myanimelist.net/images/manga/3/95285l.jpg
554,Shinohayu: The Dawn of Age,,シノハユ the dawn of age,Manga,1743,7.79,2013,https://cdn.myanimelist.net/images/manga/1/110173l.jpg
555,Otogi Taisen Phantasma,,御伽大戦 ファンタズマ,Manga,1740,6.85,2013,https://cdn.myanimelist.net/images/manga/3/188956l.jpg
556,Ame to Kiss,Candy and Kiss,飴とキス,Manga,1739,7.09,2013,https://cdn.myanimelist.net/images/manga/3/182338l.jpg
557,Demokratia,,デモクラティア,Manga,1735,7.22,2013,https://cdn.myanimelist.net/images/manga/2/147659l.jpg
557,Family Simulation!!,,ふぁみりーしゅみれーしょん!!,Manga,1735,7.14,2013,https://cdn.myanimelist.net/images/manga/1/194097l.jpg
559,B Group no Shounen,"The Boy Who belongs to Group ""B""",Bグループの少年,Manga,1729,6.37,2013,https://cdn.myanimelist.net/images/manga/3/135043l.jpg
560,Kekkon shite yo... Oujisama!?,,結婚シテよ…王子様!?,Manga,1726,6.66,2013,https://cdn.myanimelist.net/images/manga/1/197034l.jpg
561,"Diabolik Lovers More,Blood Anthology",,"DIABOLIK LOVERS MORE,BLOOD アンソロジー",Manga,1723,6.89,2013,https://cdn.myanimelist.net/images/manga/3/115921l.jpg
562,Boku no Tonari ni Ankoku Hakaishin ga Imasu.,,ぼくのとなりに暗黒破壊神がいます。,Manga,1722,6.92,2013,https://cdn.myanimelist.net/images/manga/2/105267l.jpg
562,Otome to Meteor,Meteor Prince,おとめとメテオ,Manga,1722,7.05,2013,https://cdn.myanimelist.net/images/manga/3/106035l.jpg
564,Hyakuren no Haou to Seiyaku no Valkyria,The Master of Ragnarok & Blesser of Einherjar,百錬の覇王と聖約の戦乙女〈ヴァルキュリア〉,Light Novel,1719,6.72,2013,https://cdn.myanimelist.net/images/manga/1/115133l.jpg
564,Toaru Nichijou no Index-san,,とある日常のいんでっくすさん,Manga,1719,7.28,2013,https://cdn.myanimelist.net/images/manga/3/125225l.jpg
566,Biblio Mania!,,ビブリオマニア！,One-shot,1717,6.93,2013,https://cdn.myanimelist.net/images/manga/1/93557l.jpg
567,Zenaku no Kuzu,,善悪の屑,Manga,1714,6.57,2013,https://cdn.myanimelist.net/images/manga/2/216887l.jpg
568,The Moon That Rises in the Day,,낮에 뜨는 달,Manhwa,1712,7.41,2013,https://cdn.myanimelist.net/images/manga/3/223704l.jpg
569,Pikapika Days,,ぴかぴかdays,One-shot,1711,7.01,2013,https://cdn.myanimelist.net/images/manga/2/101479l.jpg
570,Yume Nikki: Anata no Yume ni Watashi wa Inai,Yume Nikki: I Am Not in Your Dream,ゆめにっき －あなたの夢に私はいない－,Light Novel,1708,7.4,2013,https://cdn.myanimelist.net/images/manga/2/101147l.jpg
571,Ougon no Ringo,Golden apples,黄金のリンゴ,Manga,1705,6.74,2013,https://cdn.myanimelist.net/images/manga/1/181207l.jpg
572,Genocider,,ジェノサイダー,Manga,1704,5.62,2013,https://cdn.myanimelist.net/images/manga/3/167795l.jpg
573,Dragon's Crown,Dragon's Crown,ドラゴンズクラウン,Manga,1703,6.25,2013,https://cdn.myanimelist.net/images/manga/1/174405l.jpg
574,Nanika Ii no Mitsuketa!,Found Something Good!,何かいいの見つけた!,Manga,1702,6.29,2013,https://cdn.myanimelist.net/images/manga/1/154951l.jpg
575,Liar Kiss,,ライアーキス,One-shot,1701,6.03,2013,https://cdn.myanimelist.net/images/manga/3/122609l.jpg
576,Fubin BL,,不憫BL,Manga,1699,6.83,2013,https://cdn.myanimelist.net/images/manga/3/262389l.jpg
577,Memento Mori,,めめんと森,Manga,1698,6.8,2013,https://cdn.myanimelist.net/images/manga/3/167277l.jpg
578,Oto☆Koi,,おと☆こい -とめきちオトコの娘作品集-,Manga,1697,6.59,2013,https://cdn.myanimelist.net/images/manga/3/99111l.jpg
579,Captain Tsubasa: Rising Sun,,キャプテン翼 ライジングサン,Manga,1694,7.58,2013,https://cdn.myanimelist.net/images/manga/1/125043l.jpg
580,Haisha nante Kirai da!,,歯医者なんてキライだ！,Manga,1692,6.82,2013,https://cdn.myanimelist.net/images/manga/1/131081l.jpg
581,Ushirogawa kara Koigokoro,,後ろ側からコイゴコロ,One-shot,1689,6.98,2013,https://cdn.myanimelist.net/images/manga/1/111235l.jpg
582,Hatsukoi ni Kiss,,発恋にキス,Manga,1677,7.04,2013,https://cdn.myanimelist.net/images/manga/3/142197l.jpg
583,Dorothy wa Gokigennaname?,Is Dorothy in a Bad Temper?,ドロシーはご機嫌ななめ?,Manga,1675,6.55,2013,https://cdn.myanimelist.net/images/manga/1/168565l.jpg
584,Aisaresugi Confusion,,あいされすぎコンフュージョン,Manga,1672,6.74,2013,https://cdn.myanimelist.net/images/manga/3/186207l.jpg
585,Aisopos,Aisopos,아이소포스,Manhwa,1667,7.31,2013,https://cdn.myanimelist.net/images/manga/3/182690l.jpg
586,17-sai °C,,17歳℃,Manga,1660,5.91,2013,https://cdn.myanimelist.net/images/manga/1/118831l.jpg
587,Nijikuro Gakuen no Nijichou: Seikatsu Shidou-hen,,虹黒学園の日常 ～生活指導編～,One-shot,1653,6.78,2013,https://cdn.myanimelist.net/images/manga/2/103163l.jpg
588,Diabolik Lovers: Sequel,,DIABOLIK LOVERS Sequel,Manga,1646,6.76,2013,https://cdn.myanimelist.net/images/manga/2/154933l.jpg
589,Inaba Rabbits,,イナバラビッツ,Manga,1642,6.35,2013,https://cdn.myanimelist.net/images/manga/3/193152l.jpg
590,IS: Infinite Stratos - Sugar & Honey,,IS〈インフィニット・ストラトス〉シュガー＆ハニー,Manga,1622,7.2,2013,https://cdn.myanimelist.net/images/manga/3/134905l.jpg
591,Nomi Joshi,,のみじょし,Manga,1619,7.04,2013,https://cdn.myanimelist.net/images/manga/2/163654l.jpg
591,[Shinyaku] Mahou Shoujo Oriko★Magica: Sadness Prayer,[New Testament] Puella Magi Oriko Magica: Sadness Prayer,［新約］魔法少女おりこ★マギカ～sadness prayer～,Manga,1619,6.92,2013,https://cdn.myanimelist.net/images/manga/2/159418l.jpg
593,Double Hound,,DOUBLE HOUND,Manga,1618,7.2,2013,https://cdn.myanimelist.net/images/manga/3/171262l.jpg
594,Tamako Market,,たまこまーけっと,Light Novel,1611,7.52,2013,https://cdn.myanimelist.net/images/manga/3/109537l.jpg
595,Bokura wa Bara no Ko,,ぼくらはバラの子,Manga,1601,7.1,2013,https://cdn.myanimelist.net/images/manga/3/271381l.jpg
595,Shireba Shiru hodo,,知れば知るほど,One-shot,1601,6.72,2013,https://cdn.myanimelist.net/images/manga/1/137777l.jpg
597,Majo no Ie: Ellen no Nikki,The Witch's House: The Diary of Ellen,魔女の家 エレンの日記,Light Novel,1599,7.81,2013,https://cdn.myanimelist.net/images/manga/2/150605l.jpg
598,Toaru Majutsu no Index: Road to Endymion,,とある魔術の禁書目録 ―ロード トゥ エンデュミオン―,Light Novel,1597,7.24,2013,https://cdn.myanimelist.net/images/manga/1/85901l.jpg
599,Ao Natsu,That Blue Summer,青Ao-Natsu夏,Manga,1591,7.07,2013,https://cdn.myanimelist.net/images/manga/1/192740l.jpg
600,Kanojo wa Mada Koi wo Shiranai,,彼女はまだ恋を知らない,Manga,1590,7.21,2013,https://cdn.myanimelist.net/images/manga/1/135041l.jpg
601,Hatsujou Keihou,Heat Alert,発情警報,Manga,1589,7.2,2013,https://cdn.myanimelist.net/images/manga/1/181492l.jpg
602,Kara no Kyoukai: Shuumatsu Rokuon/The Garden of Oblivion,,空の境界 終末録音／the Garden of oblivion,Light Novel,1587,7.28,2013,https://cdn.myanimelist.net/images/manga/1/147355l.jpg
603,Glass Mukou no Ano Ko,,ガラス向こうのあのコ,One-shot,1581,6.89,2013,https://cdn.myanimelist.net/images/manga/4/101711l.jpg
604,White Album 2,,WHITE ALBUM2 -ホワイトアルバム2-,Manga,1578,7.0,2013,https://cdn.myanimelist.net/images/manga/3/125925l.jpg
605,Investor Z,Investor Z,インベスターZ,Manga,1572,6.94,2013,https://cdn.myanimelist.net/images/manga/3/118975l.jpg
606,Coulomb Fille,,クーロンフィーユ,Manga,1560,7.25,2013,https://cdn.myanimelist.net/images/manga/3/129681l.jpg
607,Geiger Counter,,がいがぁかうんたぁ,Doujinshi,1549,5.86,2013,https://cdn.myanimelist.net/images/manga/3/112249l.jpg
608,"Oshioki da yo, Shiba-kun",,おしおきだよ、シーバくん,One-shot,1539,6.73,2013,https://cdn.myanimelist.net/images/manga/2/114421l.jpg
608,Shakunetsu no Takkyuu Musume,,灼熱の卓球娘,Manga,1539,7.49,2013,https://cdn.myanimelist.net/images/manga/3/174705l.jpg
610,Juuou Mujin no Fafnir,,銃皇無尽のファフニール,Light Novel,1536,7.12,2013,https://cdn.myanimelist.net/images/manga/2/158128l.jpg
611,Sword Art Online dj - Pina Edition,,ソードアート・オンライン ピナ・エディション,Doujinshi,1534,6.44,2013,https://cdn.myanimelist.net/images/manga/3/97903l.jpg
612,Teens House,,ティーンズハウス,Manga,1531,6.65,2013,https://cdn.myanimelist.net/images/manga/2/128317l.jpg
613,Gal toka Bitch toka Iroiro.,"Kogals, Sluts, and Whatever.",ギャルとかビッチとか色々。,Manga,1527,7.08,2013,https://cdn.myanimelist.net/images/manga/3/178214l.jpg
614,"Kantai Collection 4-koma Comic: Fubuki, Ganbarimasu!",,艦隊これくしょん -艦これ- 4コマコミック 吹雪、がんばります!,Manga,1524,7.46,2013,https://cdn.myanimelist.net/images/manga/1/108365l.jpg
615,Ikusaba Animation,,戦場アニメーション -IKUSABA ANIMATION-,Manga,1521,7.06,2013,https://cdn.myanimelist.net/images/manga/2/92337l.jpg
616,Durarara!!: 3 Way Standoff - Alley,,デュラララ!! 3way standoff -alley-,Manga,1511,7.06,2013,https://cdn.myanimelist.net/images/manga/2/119479l.jpg
617,Rock Paper Scissors,,ロック・ペーパー・シザーズ,Manga,1510,6.46,2013,https://cdn.myanimelist.net/images/manga/2/170096l.jpg
618,Ana Aki Bukuro wa Wasuregachi,,穴あき袋は忘れがち,One-shot,1509,6.91,2013,https://cdn.myanimelist.net/images/manga/1/113191l.jpg
619,Tadoru Yubi,,たどるゆび,Manga,1507,6.98,2013,https://cdn.myanimelist.net/images/manga/2/186503l.jpg
620,Natsume Isaku Fanbook,,夏目イサク ファンブック,Manga,1500,7.14,2013,https://cdn.myanimelist.net/images/manga/1/122637l.jpg
620,Plinivs,,プリニウス,Manga,1500,7.28,2013,https://cdn.myanimelist.net/images/manga/3/150433l.jpg
622,Bousou Girls-teki Mousou Renai-teki Suteki Project,,ボウソウガールズテキモウソウレンアイテキステキプロジェクト（B・G・M・R・S・P）,Manga,1499,6.31,2013,https://cdn.myanimelist.net/images/manga/1/138701l.jpg
623,Hanabatake to Wakarebanashi,,花畑と別れ話,Manga,1498,7.11,2013,https://cdn.myanimelist.net/images/manga/3/286721l.jpg
624,Koisuru Taka wa Tsume wo Kakusu,The Falcon Hides His Love,恋する鷹はツメを隠す,Manga,1496,6.8,2013,https://cdn.myanimelist.net/images/manga/2/189107l.jpg
625,Ninja Slayer,Ninja Slayer: Machine of Vengeance,ニンジャスレイヤー,Manga,1495,6.93,2013,https://cdn.myanimelist.net/images/manga/1/155685l.jpg
626,Aibuka! (Kari),,アイブカ！ (仮),Manga,1494,7.07,2013,https://cdn.myanimelist.net/images/manga/1/125437l.jpg
627,Nishuukan Kareshi,,二週間彼氏,One-shot,1493,6.73,2013,https://cdn.myanimelist.net/images/manga/1/128499l.jpg
628,Kuusen Madoushi Kouhosei no Kyoukan,,空戦魔導士候補生の教官,Light Novel,1488,6.81,2013,https://cdn.myanimelist.net/images/manga/1/131775l.jpg
629,Mikagura Gakuen Kumikyoku,Mikagura School Suite: The Manga Companion,ミカグラ学園組曲,Manga,1478,6.89,2013,https://cdn.myanimelist.net/images/manga/1/111807l.jpg
630,Kinoko Ningen no Kekkon,Mushroom Girls in Love,きのこ人間の結婚,Manga,1476,6.18,2013,https://cdn.myanimelist.net/images/manga/1/164284l.jpg
631,My Hero,,マイヒーロー,One-shot,1475,7.08,2013,https://cdn.myanimelist.net/images/manga/1/121207l.jpg
632,Dame na Yatsu Hodo Kawaii,,ダメなやつほどかわいい,Manga,1474,6.26,2013,https://cdn.myanimelist.net/images/manga/2/192034l.jpg
633,Kamisama wa Ikiru no ga Tsurai,,神様は生きるのがつらい,Manga,1473,7.02,2013,https://cdn.myanimelist.net/images/manga/2/161320l.jpg
634,Mousou Elektel dj - Mousou Graffiti,,妄想グラフィティ,Doujinshi,1464,7.34,2013,https://cdn.myanimelist.net/images/manga/1/115453l.jpg
635,Esoragoto Note,,絵空事ノート,Manga,1461,6.81,2013,https://cdn.myanimelist.net/images/manga/2/97855l.jpg
636,Nozomu Bekumonai,,望むべくもない,Manga,1454,7.02,2013,https://cdn.myanimelist.net/images/manga/2/96459l.jpg
637,12 Seiza Danshi,12 Zodiac Boys,12星座男子,Manga,1453,6.45,2013,https://cdn.myanimelist.net/images/manga/2/208297l.jpg
638,Mitsumei,,密命,Manga,1451,7.12,2013,https://cdn.myanimelist.net/images/manga/3/194193l.jpg
639,Psycho-Pass Zero: Namae no Nai Kaibutsu,,PSYCHO-PASS 0 名前のない怪物,Light Novel,1437,6.98,2013,https://cdn.myanimelist.net/images/manga/1/123267l.jpg
639,Wanko Number One,Man's Bestest Friend,わんこナンバーわん,Manga,1437,6.96,2013,https://cdn.myanimelist.net/images/manga/2/149713l.jpg
641,My Little Pony: Tomodachi wa Mahou,,マイリトルポニー～トモダチは魔法～,Manga,1421,6.53,2013,https://cdn.myanimelist.net/images/manga/2/254659l.jpg
642,Ayakashi no Ou,,妖の王,One-shot,1420,6.24,2013,https://cdn.myanimelist.net/images/manga/3/90135l.jpg
643,Black Peach Flower,,black peach flower,One-shot,1416,6.54,2013,https://cdn.myanimelist.net/images/manga/2/101291l.jpg
643,Sugar Pain,,シュガーペイン,Manga,1416,6.62,2013,https://cdn.myanimelist.net/images/manga/5/113745l.jpg
645,Tensei Shoujo Zukan,Guide of Transmigration Girls,転生少女図鑑,Manga,1412,6.24,2013,https://cdn.myanimelist.net/images/manga/2/178406l.jpg
646,"Sailor Fuku, Tokidoki Apron",Schoolgirl Landlord Honoka,セーラー服、ときどきエプロン,Manga,1410,6.28,2013,https://cdn.myanimelist.net/images/manga/3/128613l.jpg
647,Maria Boy,,マリアボーイ,Manga,1409,6.51,2013,https://cdn.myanimelist.net/images/manga/3/147353l.jpg
648,Blood Lad,,ブラッドラッド,Light Novel,1406,7.29,2013,https://cdn.myanimelist.net/images/manga/2/138911l.jpg
649,Koi to Natsu Tsubaki,,恋とナツツバキ,Manga,1399,6.82,2013,https://cdn.myanimelist.net/images/manga/5/109661l.jpg
650,Otonarisan Game,,お隣さんゲーム,Manga,1395,6.71,2013,https://cdn.myanimelist.net/images/manga/3/162170l.jpg
651,Dead Word Puzzle,,デッドワードパズル,Manga,1394,3.84,2013,https://cdn.myanimelist.net/images/manga/2/176679l.jpg
652,Okite Saisho ni Suru Koto wa,First Thing I Do When I Wake Up.,起きて最初にすることは,Manga,1391,6.53,2013,https://cdn.myanimelist.net/images/manga/3/157237l.jpg
653,Boyfriend no Jouken,Boyfriend Requirement,ボーイフレンドの条件,Manga,1390,6.74,2013,https://cdn.myanimelist.net/images/manga/1/171559l.jpg
654,Megane to Koi to Aoi Tori,,メガネと恋と青い鳥,Manga,1386,6.57,2013,https://cdn.myanimelist.net/images/manga/3/117857l.jpg
655,Naturaturally,,ナチュラチュラリィ,Manga,1384,6.58,2013,https://cdn.myanimelist.net/images/manga/3/189110l.jpg
656,Angel Beats! The 4-koma: Osora no Shinda Sekai kara,,Angel Beats! The4コマ お空の死んだ世界から,Manga,1383,6.88,2013,https://cdn.myanimelist.net/images/manga/1/176835l.jpg
657,Kare to Kare no Ijiwaru na Kyori,,彼と彼の意地悪な距離,Manga,1380,7.16,2013,https://cdn.myanimelist.net/images/manga/3/166262l.jpg
658,Gendai Majo Zukan,Generation Witch,現代魔女図鑑,Manga,1374,6.55,2013,https://cdn.myanimelist.net/images/manga/3/162319l.jpg
659,Border,,BORDER,Manga,1372,6.91,2013,https://cdn.myanimelist.net/images/manga/1/148277l.jpg
660,"5-tsu no Hajimete: Ubawaretemo Ii, Kimi ni nara",,5つのハジメテ-うばわれてもいい、キミになら-,Manga,1362,6.23,2013,https://cdn.myanimelist.net/images/manga/3/123331l.jpg
660,Baka de Guzu wa Daikirai,He abhors foolish and slow person.,馬鹿で愚図は大嫌い,Manga,1362,6.54,2013,https://cdn.myanimelist.net/images/manga/2/168426l.jpg
660,Inai Boku wa Hotarumachi ni Iru,,いないボクは蛍町にいる,Manga,1362,7.28,2013,https://cdn.myanimelist.net/images/manga/3/189630l.jpg
663,Seinen Hakkaten,,青年発火点,Manga,1358,7.29,2013,https://cdn.myanimelist.net/images/manga/1/150309l.jpg
664,Kurokuroku,,クロクロク,Manga,1356,6.62,2013,https://cdn.myanimelist.net/images/manga/1/256306l.jpg
664,Rokujouma no Shinryakusha!?,,六畳間の侵略者!?,Manga,1356,6.95,2013,https://cdn.myanimelist.net/images/manga/3/191574l.jpg
666,Draw: Majo no Nemuru Umi de,,DRAW 魔女の眠る海で,Manga,1350,6.46,2013,https://cdn.myanimelist.net/images/manga/1/162617l.jpg
667,Abyss,,アビス,Manga,1349,6.56,2013,https://cdn.myanimelist.net/images/manga/3/144377l.jpg
667,Walkure Romanze: Shoujo Kishi Monogatari,,ワルキューレロマンツェ 少女騎士物語,Manga,1349,6.51,2013,https://cdn.myanimelist.net/images/manga/3/120451l.jpg
669,Chrono Monochrome,,クロノ・モノクローム,Manga,1348,6.78,2013,https://cdn.myanimelist.net/images/manga/2/123581l.jpg
669,Fate/kaleid liner Prisma☆Illya,,Fate/kaleid liner プリズマ☆イリヤ,Light Novel,1348,7.38,2013,https://cdn.myanimelist.net/images/manga/3/161426l.jpg
671,AV Gokko,Playtime AV,AVごっこ,Manga,1347,6.66,2013,https://cdn.myanimelist.net/images/manga/1/100591l.jpg
672,Hangyaku no Kage Tsukai,,反逆の影使い,Manga,1341,6.81,2013,https://cdn.myanimelist.net/images/manga/2/107543l.jpg
672,Majo no Yaen,,マジョの夜宴,One-shot,1341,6.0,2013,https://cdn.myanimelist.net/images/manga/1/194178l.jpg
672,Shirokuro-kun to Anzu-chan.,,しろくろくんとあんずちゃん。,Manga,1341,6.33,2013,https://cdn.myanimelist.net/images/manga/1/132689l.jpg
675,Mononoke: Umibouzu,,モノノ怪-海坊主-,Manga,1338,7.32,2013,https://cdn.myanimelist.net/images/manga/3/155676l.jpg
676,Sword Art Online: Celeste no Yousei,,ソードアート・オンライン チェレステの妖精,Light Novel,1336,6.69,2013,https://cdn.myanimelist.net/images/manga/4/148041l.jpg
677,Shuuen no Shiori,,終焉ノ栞,Light Novel,1327,7.4,2013,https://cdn.myanimelist.net/images/manga/3/87555l.jpg
678,Norn9: Norn+Nonet,,NORN9 ノルン+ノネット,Manga,1324,6.4,2013,https://cdn.myanimelist.net/images/manga/3/141065l.jpg
679,Hatsukoi wa Yuki no You ni Awakute,,はつ恋は雪のように淡くて,Manga,1322,6.93,2013,https://cdn.myanimelist.net/images/manga/1/123763l.jpg
680,Bitter Short Cakes,,ビターショートケイクス,One-shot,1319,6.72,2013,https://cdn.myanimelist.net/images/manga/3/116003l.jpg
681,Ore no Aneki wa Kioku Soushitsu: Sex tte Nani?,,俺の姉貴は記憶喪失－セックスってなぁに？－,Manga,1317,5.99,2013,https://cdn.myanimelist.net/images/manga/1/182348l.jpg
682,Human System,,ヒューマン システム,Manga,1307,6.99,2013,https://cdn.myanimelist.net/images/manga/3/205574l.jpg
683,Deri♥Pocha: Yajuu no H na Gohan,,デリ♥ぽちゃ～野獣のHなごはん～,Manga,1300,6.27,2013,https://cdn.myanimelist.net/images/manga/1/207052l.jpg
684,Hanyuu-sensei no Ryou Seikatsu,,羽生センセイの寮生活,Manga,1298,6.76,2013,https://cdn.myanimelist.net/images/manga/1/182290l.jpg
685,Ore no Pantsu ga Nerawareteita.,,俺のぱんつが狙われていた。,Manga,1290,6.92,2013,https://cdn.myanimelist.net/images/manga/1/173223l.jpg
686,Ameiro no Toge,,あめいろの棘,One-shot,1289,6.72,2013,https://cdn.myanimelist.net/images/manga/3/123425l.jpg
686,Houkago Saikoro Club,,放課後さいころ倶楽部,Manga,1289,6.63,2013,https://cdn.myanimelist.net/images/manga/1/118233l.jpg
686,Logick,Logick,ロジック,Manga,1289,6.82,2013,https://cdn.myanimelist.net/images/manga/2/128595l.jpg
689,Shiritsu Hakanai Gakuen,"No Panties, No Problem",私立はかない学園,Manga,1286,6.01,2013,https://cdn.myanimelist.net/images/manga/1/162130l.jpg
690,Ookami-kun to Cinderella,,オオカミ君とシンデレラ,One-shot,1283,6.16,2013,https://cdn.myanimelist.net/images/manga/1/126827l.jpg
691,Kantai Collection: Shimakaze Tsumujikaze no Shoujo,,艦隊これくしょん -艦これ- 島風 つむじ風の少女,Manga,1278,6.95,2013,https://cdn.myanimelist.net/images/manga/2/164274l.jpg
691,Toaru Majutsu no Index SS: Necessarius Tokubetsu Hennyuu Shiken-hen,,とある魔術の禁書目録SS 『必要悪の教会』特別編入試験編,Light Novel,1278,7.17,2013,https://cdn.myanimelist.net/images/manga/4/341711l.jpg
693,Hyakunen Kesshou Mokuroku,The Hundred-Year Crystal Catalogue,百年結晶目録,Manga,1277,6.88,2013,https://cdn.myanimelist.net/images/manga/5/142171l.jpg
694,Ame Tokidoki Koi Moyou,,雨ときどき恋もよう,One-shot,1273,6.05,2013,https://cdn.myanimelist.net/images/manga/2/104447l.jpg
695,Gringo 2061,,GRINGO2061,Manga,1267,6.01,2013,https://cdn.myanimelist.net/images/manga/2/100939l.jpg
696,Hore Tokidoki Nukumori,Fall in love partly heartwarming.,惚れときどきヌクもり,Manga,1259,7.06,2013,https://cdn.myanimelist.net/images/manga/2/180137l.jpg
697,Kinjo no Ko ga Short Pants wo Haite Ore wo Yuuwaku Shite Kurunda ga,,近所の子がショートパンツを履いて俺を誘惑してくるんだが,Manga,1256,7.1,2013,https://cdn.myanimelist.net/images/manga/1/122931l.jpg
698,Ani no Hanashi,,兄の話,Manga,1249,7.54,2013,https://cdn.myanimelist.net/images/manga/1/213975l.jpg
699,Waga Tousou: Imouto no Tame nara Sekai wo Shukusei shitemo Ii yo ne!,,わが闘争 妹のためなら世界を粛正してもいいよね！,Manga,1245,5.48,2013,https://cdn.myanimelist.net/images/manga/1/180701l.jpg
700,Occult Maiden: Hi Shou - Oni wo Tsugu Shounen,Occult Maiden: Cultural Depictions of Exorcist and Ghost,オカルトメイデン 陽章 鬼を継ぐ少年,Manga,1241,6.76,2013,https://cdn.myanimelist.net/images/manga/3/163460l.jpg
701,Doukyonin no Binandomo,,同居人の美男ども,Manga,1238,6.57,2013,https://cdn.myanimelist.net/images/manga/3/118397l.jpg
701,The Dragon Next Door,,용이 산다,Manhwa,1238,7.31,2013,https://cdn.myanimelist.net/images/manga/3/332165l.jpg
701,Tsugihagi na Kanojo,,ツギハギな彼女,Manga,1238,6.21,2013,https://cdn.myanimelist.net/images/manga/1/143141l.jpg
704,Guutara Renai no Seihou,,ぐうたら恋愛の製法,Manga,1236,6.49,2013,https://cdn.myanimelist.net/images/manga/1/110359l.jpg
705,Valkyrja Engine,,ヴァルキュリヤ内燃機関〈エンジン〉,Manga,1235,6.41,2013,https://cdn.myanimelist.net/images/manga/3/161987l.jpg
706,Ai wo Hamu Akuma,,愛を喰む悪魔,One-shot,1230,6.64,2013,https://cdn.myanimelist.net/images/manga/3/144503l.jpg
706,Alice or Alice: Siscon Niisan to Futago no Imouto,,ありすorありす ～シスコン兄さんと双子の妹～,Manga,1230,6.45,2013,https://cdn.myanimelist.net/images/manga/1/152727l.jpg
708,Buchou wa Onee,,部長はオネエ,Manga,1229,6.66,2013,https://cdn.myanimelist.net/images/manga/1/160091l.jpg
709,Hana to Kurumi to Amai Seikatsu,"Flower, Walnut and Sweet Life",花とクルミと甘い生活,Manga,1227,7.15,2013,https://cdn.myanimelist.net/images/manga/1/179463l.jpg
710,Dokidoki Lolix,,ドキドキろりっくす,Manga,1226,7.02,2013,https://cdn.myanimelist.net/images/manga/2/145835l.jpg
711,Koi Lemon,,恋れもん,Manga,1222,6.19,2013,https://cdn.myanimelist.net/images/manga/2/188958l.jpg
712,Brothers Conflict feat.Tsubaki&Azusa,,BROTHERS CONFLICT feat.Tsubaki&Azusa,Manga,1221,6.56,2013,https://cdn.myanimelist.net/images/manga/3/99375l.jpg
713,Itoshi no Mirai-kun,Mirai Is My Lover,いとしの未来くん,Manga,1218,6.25,2013,https://cdn.myanimelist.net/images/manga/1/119039l.jpg
714,Issho ni Kaero.,,いっしょにかえろ。,One-shot,1217,7.02,2013,https://cdn.myanimelist.net/images/manga/1/106377l.jpg
715,"Kirakira Namida: Koishiteta, Aishiteta",,キラキラナミダ ～恋してた、愛してた～,One-shot,1209,6.85,2013,https://cdn.myanimelist.net/images/manga/5/111303l.jpg
716,Puzzle,,パズル,One-shot,1208,6.67,2013,https://cdn.myanimelist.net/images/manga/1/109387l.jpg
717,Chousuinou Kei: Makafushigi Jiken File,,超推脳KEI～摩訶不思議事件ファイル～,Manga,1207,6.72,2013,https://cdn.myanimelist.net/images/manga/1/150817l.jpg
718,Shinigami no Aria,,死神のアリア,One-shot,1206,6.59,2013,https://cdn.myanimelist.net/images/manga/1/93597l.jpg
719,Medaka Box: Juvenile - Shousetsuban,,めだかボックス ジュブナイル 小説版,Light Novel,1200,6.97,2013,https://cdn.myanimelist.net/images/manga/1/127871l.jpg
720,Baku to Nemurihime,,バクと眠り姫,One-shot,1199,7.15,2013,https://cdn.myanimelist.net/images/manga/3/130937l.jpg
721,Tama-nyan,,たまにゃん,Manga,1193,6.41,2013,https://cdn.myanimelist.net/images/manga/2/158589l.jpg
722,Cutie Honey Tai Devilman Lady,,キューティーハニー対デビルマンレディー,Manga,1192,5.74,2013,https://cdn.myanimelist.net/images/manga/3/131333l.jpg
723,Game,,game ガーム,Manga,1191,7.08,2013,https://cdn.myanimelist.net/images/manga/3/134927l.jpg
724,Murder Incarnation,Murder Incarnation,マーダー・インカーネイション,Manga,1190,6.06,2013,https://cdn.myanimelist.net/images/manga/3/115683l.jpg
724,Ningen Bokujou-hen,,人間牧場編,Manga,1190,6.53,2013,https://cdn.myanimelist.net/images/manga/1/94361l.jpg
726,Gouin Sakka to Makeinu no Hatsukoi,,強引作家と負け犬の初恋,Manga,1189,6.67,2013,https://cdn.myanimelist.net/images/manga/1/146973l.jpg
727,"Sawarasete yo, Shiba-kun",,さわらせてよ、シーバくん,One-shot,1188,6.76,2013,https://cdn.myanimelist.net/images/manga/3/113235l.jpg
728,Doutei Dou Deshou,How do you like cherry boy?,童貞どうでしょう,Manga,1186,6.56,2013,https://cdn.myanimelist.net/images/manga/1/155623l.jpg
729,Renai Metro,Love Road,恋愛メトロ,Manga,1184,6.33,2013,https://cdn.myanimelist.net/images/manga/1/165404l.jpg
730,Magicraft Meister,,マギクラフト・マイスター,Light Novel,1182,7.27,2013,https://cdn.myanimelist.net/images/manga/1/175202l.jpg
731,Suzuka-sama no Geboku,,鈴香様の下僕,Doujinshi,1176,6.49,2013,https://cdn.myanimelist.net/images/manga/2/122899l.jpg
732,Lost Man,,ロストマン,One-shot,1175,6.7,2013,https://cdn.myanimelist.net/images/manga/2/125237l.jpg
733,Neechan wa Chuunibyou,My Big Sister Lives in a Fantasy World,姉ちゃんは中二病,Light Novel,1171,6.94,2013,https://cdn.myanimelist.net/images/manga/1/198874l.jpg
734,Qishi Huanxiang Ye,Knight Fantastic Night,骑士幻想夜,Manhua,1162,7.43,2013,https://cdn.myanimelist.net/images/manga/1/222763l.jpg
735,Hinata NTRism,,ひなたネトリズム,Manga,1161,6.52,2013,https://cdn.myanimelist.net/images/manga/3/180201l.jpg
736,Tenshi-chan to Akuma-kun,My Angel is Devil,てんしちゃんとあくまくん,Manga,1151,6.8,2013,https://cdn.myanimelist.net/images/manga/1/117463l.jpg
737,Hananusubito,,花盗人,Manga,1148,6.37,2013,https://cdn.myanimelist.net/images/manga/2/155692l.jpg
737,Smoky B.B.,,スモーキーB.B,Manga,1148,6.27,2013,https://cdn.myanimelist.net/images/manga/2/189780l.jpg
739,Tomodachi to Koi no Mannaka,,ともだちと恋のまんなか,Manga,1146,6.92,2013,https://cdn.myanimelist.net/images/manga/1/149225l.jpg
740,Koori no Joou,The Ice Queen,氷の女王,Manga,1145,6.66,2013,https://cdn.myanimelist.net/images/manga/2/164559l.jpg
741,Tong,,통,Manhwa,1144,7.44,2013,https://cdn.myanimelist.net/images/manga/1/222323l.jpg
742,Kininaru Ano Ko,,気になるあの子,Manga,1143,6.7,2013,https://cdn.myanimelist.net/images/manga/3/155717l.jpg
742,Shionomiya Ayane wa Machigaenai.,Ayane Shionomiya never makes an error.,汐ノ宮綾音は間違えない。,Manga,1143,6.37,2013,https://cdn.myanimelist.net/images/manga/2/188940l.jpg
744,Ore no Imouto ga Konna ni Kawaii Wake ga Nai: 4-koma Koushiki Anthology,,俺の妹がこんなに可愛いわけがない 4コマ公式アンソロジー,Manga,1142,6.98,2013,https://cdn.myanimelist.net/images/manga/3/93325l.jpg
745,Gendai Mahoutsukai no Okiniiri,Modern Witch & Her Dearest,現代魔法使いのお気に入り,Manga,1138,6.88,2013,https://cdn.myanimelist.net/images/manga/1/247642l.jpg
745,Ongaku no Jikan,,おんがくのじかん,One-shot,1138,6.41,2013,https://cdn.myanimelist.net/images/manga/2/91157l.jpg
747,Yami BL,,病みBL,Manga,1136,6.49,2013,https://cdn.myanimelist.net/images/manga/4/130165l.jpg
748,Samurai Flamenco: Another Days,,サムライフラメンコ Another Days,Manga,1135,6.54,2013,https://cdn.myanimelist.net/images/manga/3/132977l.jpg
749,Nakamura Koedo to Daizu Keisuke wa Umaku Ikanai,,中村小江戸と大豆恵亮はうまくいかない,Manga,1132,6.44,2013,https://cdn.myanimelist.net/images/manga/2/144001l.jpg
750,Kaname,,要 -かなめ-,Doujinshi,1128,7.19,2013,https://cdn.myanimelist.net/images/manga/2/107905l.jpg
751,Senyuu.: Main Quest Dai-1 Shou,,戦勇。メインクエスト第一章,Manga,1114,7.61,2013,https://cdn.myanimelist.net/images/manga/2/125957l.jpg
752,Shin Seitokai no Ichizon,,新生徒会の一存,Manga,1111,7.36,2013,https://cdn.myanimelist.net/images/manga/3/98617l.jpg
753,Inio-chan no Cool Japan!,,いにおちゃんのクールジャパン!,One-shot,1110,5.26,2013,https://cdn.myanimelist.net/images/manga/2/240945l.jpg
754,D.Y.N. Freaks,,D.Y.N.FREAKS ダイン・フリークス,Manga,1109,6.09,2013,https://cdn.myanimelist.net/images/manga/2/120805l.jpg
755,Bokunchi no Kaseifu-san,The Maid at My House,僕んちの家政婦さん,Manga,1102,6.82,2013,https://cdn.myanimelist.net/images/manga/1/219535l.jpg
756,Musuko no Yome,,息子の嫁,Manga,1101,6.69,2013,https://cdn.myanimelist.net/images/manga/2/132221l.jpg
757,Karneval Anthology,,カーニヴァル アンソロジー,Manga,1099,7.3,2013,https://cdn.myanimelist.net/images/manga/3/102507l.jpg
758,Shujuu Exctasy,S&M Ecstasy,主従えくすたしー,Manga,1096,7.3,2013,https://cdn.myanimelist.net/images/manga/3/183090l.jpg
759,Sono Hoshi wo Bokutachi wa Koi to Yobu Koto ni Suru.,"Twinkle, Twinkle, Little Star",その星を僕たちは恋と呼ぶことにする。,Manga,1093,6.97,2013,https://cdn.myanimelist.net/images/manga/3/164136l.jpg
760,Rin-chan Now,Hatsune Miku: Rin-Chan Now!,リンちゃんなう,Manga,1092,7.06,2013,https://cdn.myanimelist.net/images/manga/1/194943l.jpg
760,Touzouku to Houseki Shoujo,,盗賊と宝石少女,One-shot,1092,7.05,2013,https://cdn.myanimelist.net/images/manga/3/130833l.jpg
762,Chichi Yuri Girls,,ちちゆりガールズ,Manga,1091,6.79,2013,https://cdn.myanimelist.net/images/manga/2/152879l.jpg
763,Under (xGround) Grand Hotel Kiss & Kill,,アンダーグラ〔×ウ〕ンドホテルKISS&KILL,Manga,1086,7.12,2013,https://cdn.myanimelist.net/images/manga/1/88213l.jpg
764,Koi ga Saku Koro Sakura Doki: Charming Scarlet,,恋がさくころ桜どき -Charming scarlet-,Manga,1081,6.8,2013,https://cdn.myanimelist.net/images/manga/1/158553l.jpg
765,Choujigen Game Neptune,,超次元ゲイム ネプテューヌ,Manga,1078,7.02,2013,https://cdn.myanimelist.net/images/manga/3/117445l.jpg
766,Koukaku Kidoutai: Stand Alone Complex - The Laughing Man,,攻殻機動隊 STAND ALONE COMPLEX ～The Laughing Man～,Manga,1060,7.15,2013,https://cdn.myanimelist.net/images/manga/1/142963l.jpg
766,Sayonara Alter: Nakatani Nio Tanpenshuu,Farewell to My Alter,仲谷鳰短編集 さよならオルタ,Manga,1060,6.89,2013,https://cdn.myanimelist.net/images/manga/1/246736l.jpg
768,Haru wo Daiteita: Alive,,春を抱いていた ALIVE,Manga,1054,7.55,2013,https://cdn.myanimelist.net/images/manga/2/118463l.jpg
768,He Is Beautiful.,,He is beautiful.,Manga,1054,7.16,2013,https://cdn.myanimelist.net/images/manga/1/142537l.jpg
768,Maoyuu Maou Yuusha: Comic Anthology,,まおゆう魔王勇者 コミックアンソロジー,Manga,1054,6.86,2013,https://cdn.myanimelist.net/images/manga/2/120011l.jpg
771,Milk Dip,,ミルクヂイップ,Manga,1052,6.78,2013,https://cdn.myanimelist.net/images/manga/1/102591l.jpg
772,Ai ga Matteru,,愛が待ってる,Manga,1049,7.07,2013,https://cdn.myanimelist.net/images/manga/1/154859l.jpg
772,Gachinko Battle!!,,ガチンコバトル!!,Doujinshi,1049,7.32,2013,https://cdn.myanimelist.net/images/manga/2/90161l.jpg
774,Neko no Kohana,,ねこのこはな,Manga,1046,7.08,2013,https://cdn.myanimelist.net/images/manga/3/161769l.jpg
774,Sayonara Kodomotachi,,さよなら子供たち,One-shot,1046,6.81,2013,https://cdn.myanimelist.net/images/manga/3/105955l.jpg
776,Chikyuu no Kaijuu,,地球の怪獣,Doujinshi,1045,6.99,2013,https://cdn.myanimelist.net/images/manga/2/232366l.jpg
777,Shota Eater,,ショタイーター,Manga,1043,6.66,2013,https://cdn.myanimelist.net/images/manga/1/127127l.jpg
778,Airuika,,愛涙家,One-shot,1041,6.56,2013,https://cdn.myanimelist.net/images/manga/3/275062l.jpg
779,Take Off,,テイクオフ,One-shot,1038,6.0,2013,https://cdn.myanimelist.net/images/manga/2/97175l.jpg
780,Brothers Conflict 2nd Season,,BROTHERS CONFLICT 2nd SEASON,Light Novel,1035,7.03,2013,https://cdn.myanimelist.net/images/manga/1/118617l.jpg
781,Tsukiyoda Sadame no Sekai no Sukuikata,How to Save the World by Sadame Tsukiyoda,月夜田定の世界の救い方,Manga,1034,6.74,2013,https://cdn.myanimelist.net/images/manga/1/120685l.jpg
782,Horizon,Horizon,ホライズン,Manga,1033,6.6,2013,https://cdn.myanimelist.net/images/manga/2/125483l.jpg
783,Namaikizakari,Frisky Fever,なまイキざかり,Manga,1031,7.2,2013,https://cdn.myanimelist.net/images/manga/1/192853l.jpg
783,Yoru ga Aketemo,,夜が明けても,Manga,1031,6.84,2013,https://cdn.myanimelist.net/images/manga/1/166351l.jpg
785,Cinderella Syndrome,,シンデレラしんどろーむ,One-shot,1025,6.41,2013,https://cdn.myanimelist.net/images/manga/1/96007l.jpg
786,Chikako Obasan to Kedamono Mitai na Oikko,The Annoying Aunt and Her Sadistic Nephew,知可子伯母さんと獣みたいな甥っ子,Doujinshi,1019,6.6,2013,https://cdn.myanimelist.net/images/manga/3/112217l.jpg
787,A-Size,,Aサイズ,Manga,1015,6.74,2013,https://cdn.myanimelist.net/images/manga/3/150235l.jpg
788,Buffalo 5-nin Musume,Buffalo 5 Girls,バッファロー5人娘,Manga,1010,6.01,2013,https://cdn.myanimelist.net/images/manga/1/333809l.jpg
788,Onnanoko Awase,,女の子合わせ,Manga,1010,6.73,2013,https://cdn.myanimelist.net/images/manga/2/105061l.jpg
790,Danganronpa: Kibou no Gakuen to Zetsubou no Koukousei The Animation - Dengeki Comic Anthology,,ダンガンロンパ 希望の学園と絶望の高校生 The Animation 電撃コミックアンソロジー,Manga,1008,6.97,2013,https://cdn.myanimelist.net/images/manga/3/205156l.jpg
790,Magical Nipple Kiss♥,,MAGICAL NIPPLE KISS♥,Doujinshi,1008,6.76,2013,https://cdn.myanimelist.net/images/manga/3/160332l.jpg
792,Ano Ko ni Yasashii Sekai ga Ii,Wish the world stay kind to you.,あの子に優しい世界がいい,Manga,1005,6.44,2013,https://cdn.myanimelist.net/images/manga/2/192202l.jpg
793,Clay Lord,Clay Lord: Master of Golems,CLAY・LORD－土の王－,Manga,1002,7.03,2013,https://cdn.myanimelist.net/images/manga/3/136805l.jpg
794,Mitsuba Ouji to Ibara no Shukujo,,三つ葉王子といばらの淑女,One-shot,1000,6.82,2013,https://cdn.myanimelist.net/images/manga/1/102447l.jpg
794,Sachi Are!,,さちあれ！,Manga,1000,6.65,2013,https://cdn.myanimelist.net/images/manga/2/116807l.jpg
796,Kuro no Innyuu,Black Eros Tits,黒の淫乳,Manga,998,6.25,2013,https://cdn.myanimelist.net/images/manga/2/195793l.jpg
797,Deli Mama: Midara na Ore no Gibo-san,,デリママ～淫らな俺の義母さん,Manga,997,7.1,2013,https://cdn.myanimelist.net/images/manga/1/150231l.jpg
798,Koinashi Ainashi,,恋なし愛なし,Manga,996,7.34,2013,https://cdn.myanimelist.net/images/manga/2/172130l.jpg
799,Amnesia Joker,,AMNESIA JOKER,Manga,993,6.67,2013,https://cdn.myanimelist.net/images/manga/1/144873l.jpg
800,Dekichatta Shitsuji,,できちゃった執事,Manga,992,6.4,2013,https://cdn.myanimelist.net/images/manga/2/154944l.jpg
800,Dynamite Star,,ダイナマイトスター,One-shot,992,6.27,2013,https://cdn.myanimelist.net/images/manga/1/137779l.jpg
802,Saint Seiya Omega: New Cross Tanjou-hen,,聖闘士星矢Ω 新生聖衣（ニュークロス）誕生編,Manga,990,5.75,2013,https://cdn.myanimelist.net/images/manga/1/121603l.jpg
803,Shichifuku Mafia,Seven Gods Familia Story,七福マフィア,Manga,986,6.68,2013,https://cdn.myanimelist.net/images/manga/3/142907l.jpg
804,Tokku Hakkenshi [code:T-8],District Hakkenshi [code:T-8],特区八犬士 [code:T-8],Manga,984,6.77,2013,https://cdn.myanimelist.net/images/manga/1/159059l.jpg
805,Code Geass: Boukoku no Akito,Code Geass: Akito the Exiled,コードギアス 亡国のアキト,Light Novel,983,6.87,2013,https://cdn.myanimelist.net/images/manga/2/170698l.jpg
806,Kindaichi Shounen no Jikenbo Returns,,金田一少年の事件簿R（リターンズ）,Manga,979,7.35,2013,https://cdn.myanimelist.net/images/manga/1/203492l.jpg
807,Risou no Oujisama no Tsukurikata,,理想の王子様のつくりかた,One-shot,974,6.5,2013,https://cdn.myanimelist.net/images/manga/2/115875l.jpg
808,Asa made Matemasen!,,朝まで待てません,Manga,973,6.96,2013,https://cdn.myanimelist.net/images/manga/3/168422l.jpg
808,Sarishinohara,,サリシノハラ,Manga,973,7.11,2013,https://cdn.myanimelist.net/images/manga/2/114971l.jpg
810,Suna wo Kizamu Hari,,砂を刻む針,Manga,972,7.26,2013,https://cdn.myanimelist.net/images/manga/1/119691l.jpg
811,Mahoroba Kissa,,まほろばきっさ,Manga,965,6.36,2013,https://cdn.myanimelist.net/images/manga/2/171490l.jpg
812,Brothers Conflict feat.Yusuke&Futo,,BROTHERS CONFLICT feat.Yusuke&Futo,Manga,964,6.68,2013,https://cdn.myanimelist.net/images/manga/1/113787l.jpg
812,Ibara no Kanmuri,Crown of Thorns,いばらの冠,Manga,964,6.7,2013,https://cdn.myanimelist.net/images/manga/3/166255l.jpg
812,Zutto Suki Datta,,ずっと好きだった,Manga,964,6.55,2013,https://cdn.myanimelist.net/images/manga/3/185779l.jpg
815,Ningen Deshita,I Was Human,人間でした,Manga,959,6.95,2013,https://cdn.myanimelist.net/images/manga/3/128615l.jpg
815,Unknown,,UNKNOWN,Manga,959,6.85,2013,https://cdn.myanimelist.net/images/manga/2/147855l.jpg
817,Joushi to Ore no Himitsu,The Secret Between a Boss and Me,上司と俺のヒミツ,Manga,958,6.89,2013,https://cdn.myanimelist.net/images/manga/2/161096l.jpg
818,Hanger,Hanger,HANGER―執行人―,Manga,957,6.88,2013,https://cdn.myanimelist.net/images/manga/2/206212l.jpg
818,Retsujou Mixture,Lust Mix,劣情ミクスチュア,Manga,957,6.66,2013,https://cdn.myanimelist.net/images/manga/1/234618l.jpg
820,Kitsune no Yomeiri,,狐の嫁入り,Manga,955,7.08,2013,https://cdn.myanimelist.net/images/manga/2/152299l.jpg
820,Mongrel,MONGREL,モングレル,Manga,955,6.77,2013,https://cdn.myanimelist.net/images/manga/2/139225l.jpg
822,BlazBlue,,BLAZBLUE －ブレイブルー－,Manga,953,6.79,2013,https://cdn.myanimelist.net/images/manga/3/113585l.jpg
823,Ikusen no Toki wo Koete,,幾千の刻を越えて,Manga,952,6.89,2013,https://cdn.myanimelist.net/images/manga/1/118497l.jpg
824,Chicha Koi Nikki,A Little Love Story,ちちゃこい日記,Manga,949,6.91,2013,https://cdn.myanimelist.net/images/manga/1/188826l.jpg
825,Nanatsuya: Shinobu no Housekibako,Nanatsu-ya: Shinobu and Her Jewelry Box,七つ屋 志のぶの宝石匣,Manga,948,6.96,2013,https://cdn.myanimelist.net/images/manga/3/143299l.jpg
826,Osananajimi wa Boku no Hero!,,幼馴染は僕のヒーロー!,Manga,947,6.27,2013,https://cdn.myanimelist.net/images/manga/3/220849l.jpg
827,Kimi-iro Eden,,君色エデン,Manga,946,7.11,2013,https://cdn.myanimelist.net/images/manga/3/184609l.jpg
828,Kemono no Joou,,獣の女王,Manga,945,6.18,2013,https://cdn.myanimelist.net/images/manga/1/192936l.jpg
829,Donten ni Sirius,The first star of evening,曇天にシリウス,Manga,944,6.61,2013,https://cdn.myanimelist.net/images/manga/1/159487l.jpg
830,SM Gokko,,SMごっこ,Manga,942,6.24,2013,https://cdn.myanimelist.net/images/manga/1/221693l.jpg
831,Uncanny Brains,,Uncanny Brains,Manga,941,6.47,2013,https://cdn.myanimelist.net/images/manga/3/106185l.jpg
832,Poor Poor Lips dj - Berry Berry Berry A,,ベリーベリーベリーA,Doujinshi,939,7.21,2013,https://cdn.myanimelist.net/images/manga/2/96737l.jpg
833,Dragon Recipe,,드레곤 레시피,Manhwa,937,6.06,2013,https://cdn.myanimelist.net/images/manga/2/145271l.jpg
834,Kodomo x Otona no Houteishiki,The Generation Equation,こども×おとなの方程式,Manga,936,6.58,2013,https://cdn.myanimelist.net/images/manga/1/190989l.jpg
835,Kiyomizu Iroha wa Koi wo Shiranai,,清水いろはは恋を知らない,One-shot,935,6.46,2013,https://cdn.myanimelist.net/images/manga/2/111191l.jpg
836,Short Pants no Onnanoko no Hatsuiku ga Yosugiru Ken ni Tsuite,,ショートパンツの女の子の発育が良すぎる件について,Manga,933,6.99,2013,https://cdn.myanimelist.net/images/manga/3/154912l.jpg
837,Koko dake no Himitsu,,ここだけの秘密,One-shot,932,6.18,2013,https://cdn.myanimelist.net/images/manga/2/90371l.jpg
838,Hakaijuu VS Mahou Shoujo of the End VS Vs Earth,,ハカイジュウ VS 魔法少女オブジエンド VS バーサスアース,Manga,931,5.68,2013,https://cdn.myanimelist.net/images/manga/2/183299l.jpg
838,Houkago Vanilla,After School Vanilla,放課後バニラ,Manga,931,7.15,2013,https://cdn.myanimelist.net/images/manga/3/171199l.jpg
838,Residence: Yuganda Negai de Shoujo ni Kawaru,Residence: Reborn Through Twisted Desire,レジデンス～歪んだ願いで少女に変わる～,Manga,931,6.61,2013,https://cdn.myanimelist.net/images/manga/3/161392l.jpg
841,Escha & Logy no Atelier: Tasogare no Sora no Renkinjutsushi,,エスカ＆ロジーのアトリエ ～黄昏の空の錬金術士～,Manga,928,6.59,2013,https://cdn.myanimelist.net/images/manga/2/164743l.jpg
841,Necro;Chronicle,,ネクロ；クロニクル,Manga,928,6.26,2013,https://cdn.myanimelist.net/images/manga/2/158558l.jpg
843,Implicity,,Implicity,Manga,927,7.02,2013,https://cdn.myanimelist.net/images/manga/2/193751l.jpg
843,Yume kara Sameta Ano Ko to wa Kitto Umaku Shaberenai,,夢から覚めたあの子とはきっと上手く喋れない,Manga,927,6.64,2013,https://cdn.myanimelist.net/images/manga/2/159721l.jpg
845,Ano Ko wa Toshi Densetsu.,,あの娘は都市伝説。,Doujinshi,925,6.93,2013,https://cdn.myanimelist.net/images/manga/3/141737l.jpg
845,Mamire Chichi,,まみれ乳,Manga,925,6.74,2013,https://cdn.myanimelist.net/images/manga/3/92281l.jpg
845,Mozaik Role,,モザイクロール,Manga,925,6.68,2013,https://cdn.myanimelist.net/images/manga/2/114967l.jpg
848,Kasou Ryouiki no Elysion,Elysion Virtual Region,仮想領域のエリュシオン,Light Novel,921,6.76,2013,https://cdn.myanimelist.net/images/manga/1/163378l.jpg
848,Minidura,,みにでゅら,Manga,921,7.13,2013,https://cdn.myanimelist.net/images/manga/3/140991l.jpg
850,Hanayome wa Okusan,,花嫁は奥さん,Manga,920,6.77,2013,https://cdn.myanimelist.net/images/manga/3/116411l.jpg
851,Gakkou no Shinigami-san,,学校の死神さん,One-shot,919,6.12,2013,https://cdn.myanimelist.net/images/manga/1/85601l.jpg
851,Mein Hole,Girls' Hole,女淫ホール,Manga,919,6.64,2013,https://cdn.myanimelist.net/images/manga/1/332006l.jpg
853,Moukin-chan,,猛禽ちゃん,Manga,918,6.84,2013,https://cdn.myanimelist.net/images/manga/3/160059l.jpg
854,Akegata ni Yamu Ame,,明け方に止む雨,Manga,915,6.42,2013,https://cdn.myanimelist.net/images/manga/2/119645l.jpg
855,Kore kara Hajimaru Koi wo Oshiete,,これからはじまる恋をおしえて,Manga,912,7.18,2013,https://cdn.myanimelist.net/images/manga/5/156536l.jpg
856,Kamen Teacher Black,,仮面ティーチャーBLACK,Manga,905,7.1,2013,https://cdn.myanimelist.net/images/manga/3/144905l.jpg
856,Mermaid Prince,The Mermaid Prince,人魚の王子さま 〜マーメイド・プリンス〜,Manga,905,6.56,2013,https://cdn.myanimelist.net/images/manga/3/131079l.jpg
858,Hajimari wa Suna no Ichiya,,はじまりは砂の一夜,Manga,904,6.57,2013,https://cdn.myanimelist.net/images/manga/3/150243l.jpg
858,Kalyx,Kalyx,カリュクス,Manga,904,6.69,2013,https://cdn.myanimelist.net/images/manga/2/116145l.jpg
860,Isobe Isobee Monogatari: Ukiyo wa Tsurai yo,,磯部磯兵衛物語 〜浮世はつらいよ〜,Manga,902,7.05,2013,https://cdn.myanimelist.net/images/manga/1/115627l.jpg
861,Usotsuki Ouji no Karekano Gokko,,嘘つき王子のカレカノごっこ,Manga,900,6.49,2013,https://cdn.myanimelist.net/images/manga/1/236647l.jpg
862,Otome Hime,,オトメヒメ,Manga,899,7.08,2013,https://cdn.myanimelist.net/images/manga/1/153597l.jpg
863,School Kill,,SCHOOL KILL -スクール・キル-,One-shot,896,3.74,2013,https://cdn.myanimelist.net/images/manga/2/142807l.jpg
864,Kagome Kagome,,かごめかごめ,Manga,891,6.95,2013,https://cdn.myanimelist.net/images/manga/3/146573l.jpg
865,Prototype Lolita,,プロトタイプロリータ,Manga,890,6.87,2013,https://cdn.myanimelist.net/images/manga/3/250301l.jpg
866,Cinderella☆Lesson,,シンデレラ☆レッスン,One-shot,889,6.44,2013,https://cdn.myanimelist.net/images/manga/3/140345l.jpg
867,Yukionna Gensou: Michiyuki-hen,,雪女幻想 みちゆき篇,Manga,888,6.87,2013,https://cdn.myanimelist.net/images/manga/1/150633l.jpg
868,Anti Platonic,Anti Platonic,アンチプラトニック,Manga,887,6.53,2013,https://cdn.myanimelist.net/images/manga/2/236781l.jpg
869,"Ame no Mukou, Kimi to",,雨のむこう、きみと,Manga,885,6.26,2013,https://cdn.myanimelist.net/images/manga/2/96171l.jpg
870,Zutto Miteita Mono desu kara,,ずっとみていたものですから,One-shot,884,6.2,2013,https://cdn.myanimelist.net/images/manga/2/111553l.jpg
871,JC Manual,JC Manual,JCマニュアル,Manga,881,7.01,2013,https://cdn.myanimelist.net/images/manga/2/161229l.jpg
872,La Vie en Doll,,La Vie en Doll,Manga,880,6.57,2013,https://cdn.myanimelist.net/images/manga/1/111107l.jpg
873,Kamu Otoko,,嚙む男,Manga,879,6.56,2013,https://cdn.myanimelist.net/images/manga/1/168530l.jpg
874,Koi Maguwai,,恋まぐわい,Manga,878,6.78,2013,https://cdn.myanimelist.net/images/manga/1/151805l.jpg
875,Akogare no Kinjo no Obasan ni Nengan no Tanetsuke,,憧れの近所のオバさんに念願の種付け,Doujinshi,873,6.92,2013,https://cdn.myanimelist.net/images/manga/1/107101l.jpg
875,Diamond no Kuni no Alice: Bet On My Heart,Alice in the Country of Diamonds: Bet On My Heart,ダイヤの国のアリス~ベット・オン・マイ・ハート~,Light Novel,873,7.25,2013,https://cdn.myanimelist.net/images/manga/5/144539l.jpg
875,Mabataki no Aida,In a Heartbeat,まばたきのあいだ,Manga,873,6.94,2013,https://cdn.myanimelist.net/images/manga/1/128617l.jpg
878,Kimimachi Terminal,,君待ちターミナル,Manga,872,6.7,2013,https://cdn.myanimelist.net/images/manga/3/171832l.jpg
879,Omae wo Oniichan ni Shite Yarou ka!?,,お前をお兄ちゃんにしてやろうか！？,Light Novel,870,6.99,2013,https://cdn.myanimelist.net/images/manga/2/158560l.jpg
880,Mayonaka ni Binetsu,,真夜中に、微熱,One-shot,869,6.09,2013,https://cdn.myanimelist.net/images/manga/2/93781l.jpg
880,Samishii Hito,,さみしいひと,Manga,869,6.81,2013,https://cdn.myanimelist.net/images/manga/1/158233l.jpg
882,Bayonetta: Bloody Fate,,ベヨネッタ ブラッディフェイト,Manga,866,,2013,https://cdn.myanimelist.net/images/manga/2/108831l.jpg
883,Ittsuu,,いっツー,Manga,865,6.36,2013,https://cdn.myanimelist.net/images/manga/3/174514l.jpg
883,Koisuru Onnanoko wa Itsumo,Love Makes a Life Girly,恋する女の子はいつも,Manga,865,6.74,2013,https://cdn.myanimelist.net/images/manga/3/153426l.jpg
885,Sensei no Koto ga Suki nan desu,,先生のことが好きなんです,One-shot,864,6.51,2013,https://cdn.myanimelist.net/images/manga/4/111243l.jpg
886,Mutou Black,,無刀ブラック,Manga,862,6.12,2013,https://cdn.myanimelist.net/images/manga/1/100567l.jpg
887,Tokkou Zero,,特公 零 TOKKÔ ZERO,Manga,860,6.64,2013,https://cdn.myanimelist.net/images/manga/2/154475l.jpg
888,Natsumichi Drive,,なつみちドライブ,Manga,856,6.8,2013,https://cdn.myanimelist.net/images/manga/1/206458l.jpg
889,Hakugin Gymnasium,,白銀ギムナジウム,Manga,854,6.99,2013,https://cdn.myanimelist.net/images/manga/1/149770l.jpg
890,Kidou Senshi Gundam 0083: Rebellion,,機動戦士ガンダム0083 REBELLION,Manga,853,7.34,2013,https://cdn.myanimelist.net/images/manga/2/117433l.jpg
890,Okusama to Maid-san,,奥様とメイドさん,Doujinshi,853,6.54,2013,https://cdn.myanimelist.net/images/manga/3/109945l.jpg
892,Hame Ai Game,,ハメあいゲーム,Manga,851,7.16,2013,https://cdn.myanimelist.net/images/manga/3/127399l.jpg
892,Zou no Miru Yume,,象の見る夢,One-shot,851,6.32,2013,https://cdn.myanimelist.net/images/manga/3/134027l.jpg
894,Sensei wa Sonna Koto Oshietenai!,I Never Taught You That!,先生はそんなこと教えてない!,Manga,849,6.42,2013,https://cdn.myanimelist.net/images/manga/1/233429l.jpg
895,Cat and Dog,,케덴독,Manhwa,848,6.68,2013,https://cdn.myanimelist.net/images/manga/1/189407l.jpg
896,Heart wo Nusumu no wa Dare da,,ハートを盗むのは誰だ,Manga,845,6.78,2013,https://cdn.myanimelist.net/images/manga/3/87315l.jpg
897,Kaette Kita! Shinmai Fukei Kiruko-san,,帰ってきたっ! 新米婦警キルコさん,Manga,841,6.52,2013,https://cdn.myanimelist.net/images/manga/1/150414l.jpg
897,Sekkachi Hakushaku to Jikan Dorobou,,せっかち伯爵と時間どろぼう,Manga,841,6.98,2013,https://cdn.myanimelist.net/images/manga/2/117455l.jpg
899,Florist no Koi wa Saku,,フローリストの恋は咲く,Manga,839,6.66,2013,https://cdn.myanimelist.net/images/manga/2/169197l.jpg
900,Zetsubou no Hantou: 100-nin no Brief Otoko to Hitori no Kaizou Gal,,絶望の犯島―100人のブリーフ男と1人の改造ギャル―,Manga,838,6.36,2013,https://cdn.myanimelist.net/images/manga/1/119055l.jpg
901,"Hitokoishi, Tsuma",,人恋し、妻,Manga,835,6.95,2013,https://cdn.myanimelist.net/images/manga/3/184449l.jpg
902,Yoake e no Senkou,,夜明けへの閃光,Manga,834,6.78,2013,https://cdn.myanimelist.net/images/manga/3/250476l.jpg
903,Etotama,,えとたま（干支魂）,Manga,830,6.29,2013,https://cdn.myanimelist.net/images/manga/1/149277l.jpg
903,Primo Prima!,,プリモ・プリーマ！,Manga,830,6.92,2013,https://cdn.myanimelist.net/images/manga/3/146377l.jpg
905,Tatta Hitori no Youheidan,,たったひとりの傭兵団,Doujinshi,828,6.77,2013,https://cdn.myanimelist.net/images/manga/1/101771l.jpg
905,Yukiwaribana,,雪割花,One-shot,828,6.62,2013,https://cdn.myanimelist.net/images/manga/2/161668l.jpg
907,Koi. - Itoshii Itoshii to Iu Kokoro,,戀。 [いとしい いとしい というこころ。],Manga,827,7.07,2013,https://cdn.myanimelist.net/images/manga/2/88107l.jpg
908,"Yuki-chan no Baka, Daisuki.",,雪ちゃんのバカ、大好き。,One-shot,826,6.16,2013,https://cdn.myanimelist.net/images/manga/3/145295l.jpg
909,Anee to Imooto,,アネートイモート,Manga,824,6.94,2013,https://cdn.myanimelist.net/images/manga/2/145855l.jpg
909,Hakuouki SSL,,薄桜鬼SSL ～sweet school life～,Manga,824,6.81,2013,https://cdn.myanimelist.net/images/manga/1/166719l.jpg
911,Ai ni Chimayoe!,,愛に血迷え,Manga,823,6.45,2013,https://cdn.myanimelist.net/images/manga/3/192466l.jpg
911,Misshitsu no Rakuen,,密室の楽園,One-shot,823,6.32,2013,https://cdn.myanimelist.net/images/manga/3/90853l.jpg
913,Carnaval Glare,,カルナバル・グレア,Manga,822,6.18,2013,https://cdn.myanimelist.net/images/manga/1/123243l.jpg
914,Asahina Koharu no Mousou Biyori,,朝比奈小春の妄想日和,One-shot,820,6.02,2013,https://cdn.myanimelist.net/images/manga/3/119631l.jpg
915,Haruno to Natsukawa.,,春野と夏川。 エミリ女装少年アンソロジー作品集,Manga,815,6.47,2013,https://cdn.myanimelist.net/images/manga/1/87743l.jpg
916,Senyuu.: Alba/Ross-hen - Minato Machi no Eiyuu,,戦勇。アルバ・ロス編「港町の英雄」,Manga,814,7.5,2013,https://cdn.myanimelist.net/images/manga/2/121559l.jpg
917,Kagerou Daze Koushiki Anthology Comic: Upper,,カゲロウデイズ公式アンソロジーコミック-UPPER-,Manga,813,7.02,2013,https://cdn.myanimelist.net/images/manga/2/140059l.jpg
918,Kagerou Daze Koushiki Anthology Comic: Downer,,カゲロウデイズ公式アンソロジーコミック-DOWNER-,Manga,812,7.03,2013,https://cdn.myanimelist.net/images/manga/2/140065l.jpg
919,Hatsukoi Chronicle,,初恋クロニクル,One-shot,811,6.95,2013,https://cdn.myanimelist.net/images/manga/1/113005l.jpg
919,Ten no Hanayome,,天の花嫁,Manga,811,6.97,2013,https://cdn.myanimelist.net/images/manga/3/110707l.jpg
921,Nadenade Shikoshiko.,NadeNadeShikoShiko,なでなでしこしこ。,Manga,810,6.4,2013,https://cdn.myanimelist.net/images/manga/1/170927l.jpg
922,Goshiki no Fune,,五色の舟,Manga,808,6.63,2013,https://cdn.myanimelist.net/images/manga/3/144155l.jpg
922,Suzumiya Haruhi Series: Atezuppo Numbers,,涼宮ハルヒシリーズ あてずっぽナンバーズ,Light Novel,808,7.33,2013,https://cdn.myanimelist.net/images/manga/2/123311l.jpg
924,Danshigurashi,,ダンシグラシ,Manga,806,6.86,2013,https://cdn.myanimelist.net/images/manga/3/144093l.jpg
924,Tengen Toppa Gurren Lagann: Otoko Ippiki-hen,,天元突破グレンラガン 男一匹編,Manga,806,6.85,2013,https://cdn.myanimelist.net/images/manga/1/131499l.jpg
924,Tsuya-iro Trip,,艶色トリップ,Manga,806,6.59,2013,https://cdn.myanimelist.net/images/manga/1/176547l.jpg
927,Higan no Ishi,,彼岸の石,Manga,802,6.61,2013,https://cdn.myanimelist.net/images/manga/2/206030l.jpg
927,Knockin' on Your Door,,knockin' on your door,Manga,802,7.02,2013,https://cdn.myanimelist.net/images/manga/3/116505l.jpg
929,Pinkerton,,PINKERTON,Manga,799,6.95,2013,https://cdn.myanimelist.net/images/manga/1/173204l.jpg
929,Sakura Device,,さくらデバイス,Manga,799,,2013,https://cdn.myanimelist.net/images/manga/3/165364l.jpg
931,Switch: the volume on Dragon Fruit,,switch the volume on Dragon Fruit -ドラゴンフルーツ編-,Manga,798,7.26,2013,https://cdn.myanimelist.net/images/manga/1/174715l.jpg
932,Hajimete no Shitsuren,My First Lost Love,初めての失恋,Manga,797,6.59,2013,https://cdn.myanimelist.net/images/manga/1/142983l.jpg
933,Analism,,アナリズム,Manga,796,6.75,2013,https://cdn.myanimelist.net/images/manga/3/92795l.jpg
933,Hime♥Seme,Princess Top,ヒメ♥セメ,Manga,796,6.35,2013,https://cdn.myanimelist.net/images/manga/2/225131l.jpg
935,Koori no Kuni no Amaryllis,Amaryllis in the Ice Country,氷の国のアマリリス,Light Novel,795,7.14,2013,https://cdn.myanimelist.net/images/manga/2/164393l.jpg
935,Namaiki na Ryouken no Shitsukekata,,生意気な猟犬の躾け方,Manga,795,6.89,2013,https://cdn.myanimelist.net/images/manga/1/99781l.jpg
937,Kantan na Monitor desu,,簡単なモニターです,Light Novel,794,7.15,2013,https://cdn.myanimelist.net/images/manga/3/117771l.jpg
937,Yonhyakunijuu Renpai Girl,"420 Renpai Girl; If I don't successfully pick up 420 girls, I am going to die in a lot of different ways.",四百二十連敗ガール,Light Novel,794,,2013,https://cdn.myanimelist.net/images/manga/1/163873l.jpg
939,Takato Shounen no Jikenbo,Kindaichi Case Files: Takato's Side,高遠少年の事件簿,Manga,793,6.75,2013,https://cdn.myanimelist.net/images/manga/3/125799l.jpg
939,Yuushibu. - Yuusha ni Narenakatta Ore wa Shibushibu Shuushoku wo Ketsui Shimashita.,,勇しぶ。～勇者になれなかった俺はしぶしぶ就職を決意しました。～,Manga,793,,2013,https://cdn.myanimelist.net/images/manga/2/113675l.jpg
941,Misasagi Shougakkou Sensou,,御陵小学校戦争,One-shot,792,6.44,2013,https://cdn.myanimelist.net/images/manga/2/91913l.jpg
941,So cute?,,So cute?,Manga,792,6.65,2013,https://cdn.myanimelist.net/images/manga/3/107965l.jpg
943,Amanojaku ni Koishite!,,あまのじゃくに恋して！,Manga,791,6.67,2013,https://cdn.myanimelist.net/images/manga/1/190476l.jpg
944,Osanazuma to Issho,,おさなづまといっしょ,Manga,788,7.1,2013,https://cdn.myanimelist.net/images/manga/1/160394l.jpg
944,Tousaku Shoujo Shoukougun,,倒錯少女症候群,Manga,788,6.55,2013,https://cdn.myanimelist.net/images/manga/2/154704l.jpg
946,JK Nanka Kowakunai!,,JKなんかこわくない！,One-shot,787,6.73,2013,https://cdn.myanimelist.net/images/manga/3/94283l.jpg
947,Hebikuidori,The Bird Eating Snake,蛇喰い鳥,Manga,783,6.61,2013,https://cdn.myanimelist.net/images/manga/3/268149l.jpg
948,Ryouomoi nante Joudan ja Nai!!,,両想いなんて冗談じゃない!!,Manga,780,7.22,2013,https://cdn.myanimelist.net/images/manga/1/226973l.jpg
949,Kunoichi Joshikousei Otonashi-san,"High School Ninja Girl, Otonashi-san",くのいち女子高生 音無さん,Manga,778,6.55,2013,https://cdn.myanimelist.net/images/manga/1/131077l.jpg
950,Kagerou Daze Koushiki Anthology Comic: Summer,,カゲロウデイズ公式アンソロジーコミック-SUMMER-,Manga,777,6.95,2013,https://cdn.myanimelist.net/images/manga/2/140281l.jpg
951,Konna Karada de Ii no nara,Does This Strange Body Please You?,こんな軆でいいのなら,Manga,776,6.67,2013,https://cdn.myanimelist.net/images/manga/3/194083l.jpg
952,Kakusansei Million Arthur: Gunjou no Sorcery Lord,,拡散性ミリオンアーサー －群青の守護者〈ソーサリーロード〉－,Manga,775,6.66,2013,https://cdn.myanimelist.net/images/manga/3/114207l.jpg
952,Succu Life,,さきゅらいふ,Manga,775,6.97,2013,https://cdn.myanimelist.net/images/manga/2/138883l.jpg
954,Nostradamus Love,,ノストラダムス・ラブ,Manga,774,6.34,2013,https://cdn.myanimelist.net/images/manga/2/168526l.jpg
955,Fukufuku Fu-nya~n: Koneko da Nyan,FukuFuku: Kitten Tales,ふくふくふにゃ～ん 子猫だにゃん,Manga,772,6.87,2013,https://cdn.myanimelist.net/images/manga/2/144735l.jpg
955,Hahaoya Shikkaku: Elite Oyako no M Buta Netorare Tenraku Jinsei,,母親失格・エリート親子のM豚寝取られ転落人生,Doujinshi,772,6.88,2013,https://cdn.myanimelist.net/images/manga/1/94313l.jpg
955,White Album 2: Yuki ga Tsumugu Senritsu,,WHITE ALBUM 2 雪が紡ぐ旋律,Light Novel,772,7.4,2013,https://cdn.myanimelist.net/images/manga/3/148287l.jpg
958,Kakuriyo Monogatari,,かくりよものがたり,Manga,771,6.54,2013,https://cdn.myanimelist.net/images/manga/2/109823l.jpg
959,Kao ga Suki,,顔が好き,Manga,770,6.17,2013,https://cdn.myanimelist.net/images/manga/3/168043l.jpg
959,Xun Zhao Qian Shi Zhi Lu,,寻找前世之旅,Manhua,770,7.44,2013,https://cdn.myanimelist.net/images/manga/1/197351l.jpg
961,Suki ni Natte wa Ikenai Hito,,好きになってはいけない人,Manga,769,6.8,2013,https://cdn.myanimelist.net/images/manga/3/164104l.jpg
962,Bigger Hunter,,Bigger Hunter,One-shot,764,6.3,2013,https://cdn.myanimelist.net/images/manga/3/97499l.jpg
963,Renai Prism,,恋愛プリズム,Manga,762,6.98,2013,https://cdn.myanimelist.net/images/manga/1/186053l.jpg
964,Hatsujou,,発情,Manga,761,6.59,2013,https://cdn.myanimelist.net/images/manga/2/165848l.jpg
965,Nekomata.,,ねこまた。,Manga,752,7.16,2013,https://cdn.myanimelist.net/images/manga/3/194190l.jpg
966,Koko dake no Hanashi.,,ここだけのはなし。,Manga,750,6.87,2013,https://cdn.myanimelist.net/images/manga/1/272943l.jpg
967,Kantai Collection: Itsuka Shizuka na Umi de,Combined Fleet Girls Who Long For Peaceful Sea,艦隊これくしょん -艦これ- いつか静かな海で,Manga,749,7.11,2013,https://cdn.myanimelist.net/images/manga/1/146697l.jpg
968,Chouko to Ippon Shoubu nanoda!,,蝶子と一本勝負なのだ!,One-shot,747,6.85,2013,https://cdn.myanimelist.net/images/manga/3/88127l.jpg
968,Mikagura Gakuen Kumikyoku,Mikagura School Suite,ミカグラ学園組曲,Light Novel,747,,2013,https://cdn.myanimelist.net/images/manga/3/111809l.jpg
970,Kakumeiki Valvrave,,革命機ヴァルヴレイヴ,Manga,744,6.25,2013,https://cdn.myanimelist.net/images/manga/2/115041l.jpg
971,Unmei no Onnanoko,,運命の女の子,Manga,743,6.48,2013,https://cdn.myanimelist.net/images/manga/1/138727l.jpg
972,Oyacodon,,OYACODON,Doujinshi,742,6.92,2013,https://cdn.myanimelist.net/images/manga/2/90347l.jpg
972,Yometori!,,よめとり!,Manga,742,6.33,2013,https://cdn.myanimelist.net/images/manga/3/157431l.jpg
974,Kuusou Spin Flower,Fancy Spinflower,空想スピンフラワ,Manga,738,6.77,2013,https://cdn.myanimelist.net/images/manga/3/132647l.jpg
975,Another: Episode S,Another: Episode S,Another エピソードS,Novel,735,7.05,2013,https://cdn.myanimelist.net/images/manga/1/271126l.jpg
975,Marusei,,まるせい,Manga,735,,2013,https://cdn.myanimelist.net/images/manga/3/136333l.jpg
977,Taiyou no Hitomi,,タイヨウノヒトミ,Manga,732,6.44,2013,https://cdn.myanimelist.net/images/manga/1/102017l.jpg
978,Nozoemon,,のぞえもん,Manga,729,6.34,2013,https://cdn.myanimelist.net/images/manga/2/158833l.jpg
979,Choujigen Game Neptune: The Animation - Dengeki Comic Anthology,,超次元ゲイム ネプテューヌ THE ANIMATION 電撃コミックアンソロジー,Manga,728,7.19,2013,https://cdn.myanimelist.net/images/manga/2/120053l.jpg
980,Shin Megami Tensei IV: Demonic Gene,,真・女神転生IV DEMONIC GENE,Manga,727,6.76,2013,https://cdn.myanimelist.net/images/manga/2/182110l.jpg
981,Senpai no Houkago Osawari Kyoushitsu,,先輩の放課後おさわり教室,One-shot,726,5.82,2013,https://cdn.myanimelist.net/images/manga/1/111245l.jpg
982,Enkou Sedai,,援交世代,Manga,725,6.57,2013,https://cdn.myanimelist.net/images/manga/2/339788l.jpg
983,Ringouri no Utakata Shoujo,,林檎売りの泡沫少女,One-shot,724,6.7,2013,https://cdn.myanimelist.net/images/manga/2/113623l.jpg
984,"Koi, Koinegau",,恋、希う,One-shot,723,6.69,2013,https://cdn.myanimelist.net/images/manga/1/97765l.jpg
984,Mugen Sowaka: Tokyo Shoujo Onmyouji,,夢幻ソワカ～東京少女陰陽師～,Manga,723,7.0,2013,https://cdn.myanimelist.net/images/manga/2/144681l.jpg
984,"Suki desu, Zenbu Kudasai",,好きです、全部ください,Manga,723,6.48,2013,https://cdn.myanimelist.net/images/manga/2/194184l.jpg
987,Give to the Heart,Give to the Heart,심장에게 주다,Manhwa,722,7.06,2013,https://cdn.myanimelist.net/images/manga/2/97501l.jpg
988,Hajimari no Haru,,はじまりの春,One-shot,720,6.34,2013,https://cdn.myanimelist.net/images/manga/3/96069l.jpg
989,Junai Trickster,,純愛トリックスター,Manga,715,6.62,2013,https://cdn.myanimelist.net/images/manga/3/154887l.jpg
990,Versailles no Bara: Episode-hen,,ベルサイユのばら エピソード編,Manga,713,7.29,2013,https://cdn.myanimelist.net/images/manga/3/272102l.jpg
991,Enjokousai,,援JK祭,Manga,711,6.84,2013,https://cdn.myanimelist.net/images/manga/2/154921l.jpg
991,Yurikamone,,ゆりかもね,Doujinshi,711,6.38,2013,https://cdn.myanimelist.net/images/manga/3/110283l.jpg
993,Akuma ni Kiss wo,,悪魔にキスを,Manga,708,6.6,2013,https://cdn.myanimelist.net/images/manga/2/257076l.jpg
994,Drump,,DRUMP,One-shot,707,6.07,2013,https://cdn.myanimelist.net/images/manga/2/110977l.jpg
994,Vividred Operation,,ビビッドレッド・オペレーション,Manga,707,,2013,https://cdn.myanimelist.net/images/manga/2/117147l.jpg
996,Spirit Migration,,スピリット・マイグレーション,Light Novel,706,7.13,2013,https://cdn.myanimelist.net/images/manga/3/186484l.jpg
997,Sendai Yuusha wa Inkyo Shitai,,先代勇者は隠居したい,Light Novel,705,6.81,2013,https://cdn.myanimelist.net/images/manga/1/177566l.jpg
997,Tokkabu: Tokubetsu Kagai Katsudou-bu,,とっかぶ 特別課外活動部,Manga,705,,2013,https://cdn.myanimelist.net/images/manga/1/152133l.jpg
999,Ore to Kawazu-san no Isekai Hourouki,,俺と蛙さんの異世界放浪記,Light Novel,704,6.87,2013,https://cdn.myanimelist.net/images/manga/1/186490l.jpg
1000,All I Need,,オールアイニード,Manga,703,,2013,https://cdn.myanimelist.net/images/manga/1/110403l.jpg
1000,Warashibe Tantei Numa Shichirou,,わらしべ探偵 沼七郎,One-shot,703,6.06,2013,https://cdn.myanimelist.net/images/manga/1/127445l.jpg
1002,Alice in Deadly School,,アリス イン デッドリースクール,Manga,702,,2013,https://cdn.myanimelist.net/images/manga/1/182424l.jpg
1003,Otona no Tame no Piano Lesson,,大人のためのピアノレッスン,One-shot,701,6.52,2013,https://cdn.myanimelist.net/images/manga/5/93779l.jpg
1004,Gekijouban Pocket Monster Best Wishes: Shinsoku no Genesect - Mewtwo Kakusei,Pokémon the Movie: Genesect and the Legend Awakened,劇場版ポケットモンスターベストウイッシュ 神速のゲノセクト ミュウツー覚醒,Manga,698,6.35,2013,https://cdn.myanimelist.net/images/manga/3/115137l.jpg
1005,Kyouchou no Yume,The dream of mad morpho butterflies.,狂蝶の夢,Doujinshi,697,6.47,2013,https://cdn.myanimelist.net/images/manga/1/145851l.jpg
1006,Motoka no★Shokudou,,モトカノ★食堂,Manga,695,6.79,2013,https://cdn.myanimelist.net/images/manga/3/235963l.jpg
1006,Otona Gokko,,おとなごっこ,Manga,695,6.42,2013,https://cdn.myanimelist.net/images/manga/2/220711l.jpg
1008,Seikatsu Koujou Keikaku,My Care Lady,性活交情計画,Manga,694,6.95,2013,https://cdn.myanimelist.net/images/manga/1/174024l.jpg
1009,Furohile: Jitaku no Furo ni Hairu to Saki ni Shiranai Hadaka no Onna ga Haitteru,,FUROHILE-自宅の風呂に入ると先に知らない裸の女が入ってる-,Doujinshi,693,7.19,2013,https://cdn.myanimelist.net/images/manga/2/322736l.jpg
1010,Rokuhou-dou Yotsuirobiyori,,鹿楓堂よついろ日和,Manga,692,,2013,https://cdn.myanimelist.net/images/manga/1/205529l.jpg
1011,Crime Crime: Hard Luck Woman,,クライムクライム hard luck woman,One-shot,688,6.77,2013,https://cdn.myanimelist.net/images/manga/1/88519l.jpg
1012,Chiisana Majo no Collier,Little Witch's Collier,小さな魔女の首輪〈コリエ〉,Manga,686,6.94,2013,https://cdn.myanimelist.net/images/manga/1/202995l.jpg
1013,Ikenie Yakata,,いけにえ館,One-shot,685,4.65,2013,https://cdn.myanimelist.net/images/manga/2/170649l.jpg
1014,As You Like: Metamorphosis,,As You Like―メタモルフォーゼ―,Manga,684,6.83,2013,https://cdn.myanimelist.net/images/manga/1/161394l.jpg
1014,Ichikyuu,,いちきゅう,One-shot,684,6.5,2013,https://cdn.myanimelist.net/images/manga/3/101115l.jpg
1016,Asanaga Ryuutarou no Midara na Nichijou,,朝長隆太郎の淫らな日常,Manga,683,6.51,2013,https://cdn.myanimelist.net/images/manga/2/154945l.jpg
1016,Gyakushuu no Dragon Rider,Dragonrider Counterattack,逆襲のドラゴンライダー,Manga,683,6.71,2013,https://cdn.myanimelist.net/images/manga/2/170724l.jpg
1018,Dear My Girl,,Dear My Girl,Doujinshi,681,6.83,2013,https://cdn.myanimelist.net/images/manga/2/195404l.jpg
1018,Kimi ni Chiisana Uso Hitotsu,,キミに小さな嘘ひとつ,Manga,681,6.61,2013,https://cdn.myanimelist.net/images/manga/2/173967l.jpg
1020,F-Rank no Boukun,,Fランクの暴君,Light Novel,680,,2013,https://cdn.myanimelist.net/images/manga/1/196496l.jpg
1020,Futanari! Oshioki Time,,ふたなりっ！おしおきタイム,Doujinshi,680,6.89,2013,https://cdn.myanimelist.net/images/manga/1/146153l.jpg
1020,Zettai Fukujuu Game,,絶対服従ゲーム,Manga,680,5.87,2013,https://cdn.myanimelist.net/images/manga/2/176560l.jpg
1023,Dragon's Dogma Progress,,DRAGON'S DOGMA PROGRESS,Manga,678,5.87,2013,https://cdn.myanimelist.net/images/manga/3/159548l.jpg
1024,Bu Sha,,不殺,Manhua,676,6.8,2013,https://cdn.myanimelist.net/images/manga/2/97803l.jpg
1024,"Kanojo ga Flag wo Oraretara: Ooyuusha yo, Flag wo Tateteshimau to wa Nanigoto da!?",,彼女がフラグをおられたら おお勇者よ、フラグを立ててしまうとは何事だ!?,Manga,676,6.83,2013,https://cdn.myanimelist.net/images/manga/2/160733l.jpg
1026,Kagerou Daze Koushiki Anthology Comic: Winter,,カゲロウデイズ 公式アンソロジーコミック-WINTER-,Manga,672,7.05,2013,https://cdn.myanimelist.net/images/manga/2/140081l.jpg
1027,Araidoki.,ARAIDOKI,あらいどき。,Manga,670,6.5,2013,https://cdn.myanimelist.net/images/manga/3/128607l.jpg
1028,Area no Kishi Gaiden: Enokou Early Days,The Knight in the Area,エリアの騎士 外伝 ～江ノ高アーリーデイズ～,Manga,668,6.69,2013,https://cdn.myanimelist.net/images/manga/2/137945l.jpg
1028,Shidenkai no Maki,,紫電改のマキ,Manga,668,,2013,https://cdn.myanimelist.net/images/manga/1/129231l.jpg
1030,Ran♡Kon,,らん♡こん,Manga,666,7.07,2013,https://cdn.myanimelist.net/images/manga/3/156137l.jpg
1030,Shirokuma to Fumeikyoku,,シロクマと不明局,Manga,666,6.53,2013,https://cdn.myanimelist.net/images/manga/1/167337l.jpg
1032,Yuridori Midori,,ゆりどりみどり,Manga,663,6.7,2013,https://cdn.myanimelist.net/images/manga/2/150749l.jpg
1033,Junjou x Bousou Honey,,純情×妄想ハニー,One-shot,662,6.73,2013,https://cdn.myanimelist.net/images/manga/2/89431l.jpg
1034,Kimi wo Taosu to Kokoro ni Kimeta!!,,キミを倒すと心に決めた!!,Doujinshi,661,6.62,2013,https://cdn.myanimelist.net/images/manga/2/298372l.jpg
1035,Elf no Yomeiri,Elven Bride,エルフの嫁入り,Manga,660,6.74,2013,https://cdn.myanimelist.net/images/manga/3/196798l.jpg
1035,Kono Sekai ga Game da to Ore dake ga Shitteiru,,この世界がゲームだと俺だけが知っている,Light Novel,660,6.91,2013,https://cdn.myanimelist.net/images/manga/2/144961l.jpg
1037,Inu-kei Danshi ni Natsukarechuu,A Loyal Guy's Attached to Me,犬系男子になつかれ中,Manga,659,6.5,2013,https://cdn.myanimelist.net/images/manga/1/224578l.jpg
1037,S-kke Mama no Kibishii Kozukuri Seikyouiku,,Sっ気ママのキビシイ子作り性教育,Doujinshi,659,6.99,2013,https://cdn.myanimelist.net/images/manga/2/97563l.jpg
1039,Re:Mahou Shoujo,Re: Magical Girl,Re：魔法少女,Manga,658,6.3,2013,https://cdn.myanimelist.net/images/manga/2/119979l.jpg
1039,Seikatsu Shidou!!,,せいかつ指導!!,Doujinshi,658,6.64,2013,https://cdn.myanimelist.net/images/manga/3/174351l.jpg
1041,Gyugyutto Takahashi,Glamorous Gathering Takahashi,ぎゅぎゅっと高橋,Manga,653,6.32,2013,https://cdn.myanimelist.net/images/manga/1/301311l.jpg
1041,Otokonoko ni wa Himitsu ga Aru,A Boy Has a Secret.,男の子には秘密がある,Manga,653,7.0,2013,https://cdn.myanimelist.net/images/manga/1/261537l.jpg
1041,Red Fox,Red Fox,붉은 여우,Manhwa,653,6.9,2013,https://cdn.myanimelist.net/images/manga/1/264250l.jpg
1044,Iromeki x Girls,,色めき×ガールズ,Manga,652,6.69,2013,https://cdn.myanimelist.net/images/manga/3/174078l.jpg
1045,Kuudere Sugiru Mirai no Yome no Mendou na 7-kakan,,クーデレすぎる未来の嫁の面倒な7日間,Light Novel,650,6.66,2013,https://cdn.myanimelist.net/images/manga/1/166355l.jpg
1046,Girls & Panzer: Comic Anthology,,ガールズ&パンツァー コミックアンソロジー,Manga,649,,2013,https://cdn.myanimelist.net/images/manga/2/155613l.jpg
1047,Suisei no Gargantia,Gargantia on the Verdurous Planet,翠星のガルガンティア‬,Light Novel,648,,2013,https://cdn.myanimelist.net/images/manga/2/161455l.jpg
1048,Shuuten Unknown,,終点unknown,Manga,646,7.28,2013,https://cdn.myanimelist.net/images/manga/2/171024l.jpg
1049,Yue ni Hitozuma wa Netorareta.,,故に人妻は寝取られた.,Manga,644,6.51,2013,https://cdn.myanimelist.net/images/manga/3/247917l.jpg
1050,35-sai Yarigorozuma,,35歳やりごろ妻,Manga,642,6.69,2013,https://cdn.myanimelist.net/images/manga/1/107061l.jpg
1050,Choujigen Game Neptune: The Animation,,超次元ゲイム ネプテューヌ THE ANIMATION,Light Novel,642,,2013,https://cdn.myanimelist.net/images/manga/3/92655l.jpg
1052,Iinari Acme,She loves Orgasm Slavery,いいなりアクメ,Manga,639,6.92,2013,https://cdn.myanimelist.net/images/manga/3/153604l.jpg
1053,Hakoniwa no Fräulein,,箱庭の令嬢探偵〈フロイライン〉,Manga,637,,2013,https://cdn.myanimelist.net/images/manga/1/137599l.jpg
1053,Renchi na Himoto,,恋痴な日本,Manga,637,6.48,2013,https://cdn.myanimelist.net/images/manga/1/159765l.jpg
1055,Genei wo Kakeru Taiyou,,幻影ヲ駆ケル太陽,Manga,635,,2013,https://cdn.myanimelist.net/images/manga/2/125897l.jpg
1055,Koisuru Sha Girl,,恋する射ガール,One-shot,635,6.17,2013,https://cdn.myanimelist.net/images/manga/2/111297l.jpg
1057,Angel Fall: Tengoku e to Ochiru Otome-tachi,,エンジェルフォール~天獄へと堕ちる乙女たち~,Manga,633,6.41,2013,https://cdn.myanimelist.net/images/manga/2/127129l.jpg
1057,Hoshi Furu Makiba!,,星降るまきば!,Manga,633,6.78,2013,https://cdn.myanimelist.net/images/manga/2/269668l.jpg
1057,Hoshi no Ame Tsuki no Geboku,Star's Rain Moon's Manservant,星の雨 月の下僕,Manga,633,6.6,2013,https://cdn.myanimelist.net/images/manga/1/146735l.jpg
1060,Mahou Tsukai no Hako: Starlit Marmalade,,まほうつかいの箱 スターリット・マーマレード,Manga,632,6.43,2013,https://cdn.myanimelist.net/images/manga/1/147375l.jpg
1060,Watashi no Itoshii Kutsu,,私の愛しい靴,One-shot,632,6.63,2013,https://cdn.myanimelist.net/images/manga/2/124375l.jpg
1062,Hachi: Tokyo 23-ku,,HACHI-東京23宮-,Manga,630,6.47,2013,https://cdn.myanimelist.net/images/manga/2/222022l.jpg
1062,Koiseyo Moyashi,,恋せよ もやし,One-shot,630,6.45,2013,https://cdn.myanimelist.net/images/manga/4/111299l.jpg
1062,Samayou Shinki no Duelist,,さまよう神姫の剣使徒〈デュエリスト〉,Light Novel,630,7.1,2013,https://cdn.myanimelist.net/images/manga/2/162715l.jpg
1065,Fuyu no Kemono,,ふゆのけもの,One-shot,629,6.57,2013,https://cdn.myanimelist.net/images/manga/1/117077l.jpg
1065,Kou-1 desu ga Isekai de Joushu Hajimemashita,,高1ですが異世界で城主はじめました,Light Novel,629,,2013,https://cdn.myanimelist.net/images/manga/3/175101l.jpg
1065,Ore no Kanojo to Osananajimi ga Shuraba sugiru Comic Anthology,,俺の彼女と幼なじみが修羅場すぎる コミックアンソロジー,Manga,629,6.89,2013,https://cdn.myanimelist.net/images/manga/2/149105l.jpg
1065,Tengen Toppa Gurren Lagann: Otoko Doahou!-hen,,天元突破グレンラガン 男どアホウ! 編,Manga,629,,2013,https://cdn.myanimelist.net/images/manga/2/157918l.jpg
1069,Kimi wo Mawashitai.,,君を回したい。,Manga,627,6.03,2013,https://cdn.myanimelist.net/images/manga/2/195941l.jpg
1070,Motenai Riyuu ga Oosugiru!!!!!,,モテない理由が多すぎる!!!!!,Manga,626,6.31,2013,https://cdn.myanimelist.net/images/manga/2/136313l.jpg
1070,Mujintou ni Motteiku nara,,無人島に持っていくなら,Manga,626,6.58,2013,https://cdn.myanimelist.net/images/manga/2/222435l.jpg
1072,Dounen Hakai: Ookami to Nanahiki no Kohitsuji,The Wolf and the Seven Young Goats.,童年破壊～狼と七匹の子羊～,Doujinshi,625,6.87,2013,https://cdn.myanimelist.net/images/manga/2/150893l.jpg
1073,Mugen Himitsu,,夢幻秘密,One-shot,624,6.6,2013,https://cdn.myanimelist.net/images/manga/4/87645l.jpg
1074,Saiki Kusuo no Ψ-nan: Extra Story of Psychics,,斉木楠雄のΨ難 EXTRA STORY OF PSYCHICS,Light Novel,623,7.11,2013,https://cdn.myanimelist.net/images/manga/1/219847l.jpg
1074,Shousetsu Kotonoha no Niwa,The Garden of Words,小説 言の葉の庭,Novel,623,7.7,2013,https://cdn.myanimelist.net/images/manga/1/265836l.jpg
1076,Bitch Stream,,びっちストリーム,Manga,622,6.79,2013,https://cdn.myanimelist.net/images/manga/1/180136l.jpg
1077,Bamboo Blade C,,BAMBOO BLADE C,Manga,621,,2013,https://cdn.myanimelist.net/images/manga/3/134511l.jpg
1078,Onigashima no Iinazuke,Oni Bride,鬼ヶ島の許嫁,Manga,620,6.81,2013,https://cdn.myanimelist.net/images/manga/3/150796l.jpg
1078,The Mark of Watzel,,The Mark of Watzel,Manga,620,7.19,2013,https://cdn.myanimelist.net/images/manga/2/198954l.jpg
1080,Christmas ni Omoi wo Nosete,,クリスマスに想いをのせて,One-shot,619,6.55,2013,https://cdn.myanimelist.net/images/manga/2/130655l.jpg
1081,Imouto Complete,,いもうとコンプリート,Doujinshi,618,6.92,2013,https://cdn.myanimelist.net/images/manga/2/90343l.jpg
1081,Onaho no Tsukumogami Onaho,,オナホの付喪神 お奈帆,Doujinshi,618,6.54,2013,https://cdn.myanimelist.net/images/manga/3/146065l.jpg
1083,Dungeon Meshi,,ダンジョン飯,One-shot,616,6.81,2013,https://cdn.myanimelist.net/images/manga/3/309932l.jpg
1083,Wareware wa Neko de Aru,,我々は猫である,Manga,616,6.96,2013,https://cdn.myanimelist.net/images/manga/1/239751l.jpg
1085,Futanari Musume ni Okasarechau!,,ふたなり娘に犯されちゃうッ！,Doujinshi,615,6.65,2013,https://cdn.myanimelist.net/images/manga/1/121643l.jpg
1085,Rose Guns Days: Season 2,Rose Guns Days: Season 2,ROSE GUNS DAYS Season2,Manga,615,6.8,2013,https://cdn.myanimelist.net/images/manga/1/115989l.jpg
1087,Areyo Hoshikuzu,,あれよ星屑,Manga,614,,2013,https://cdn.myanimelist.net/images/manga/1/168723l.jpg
1088,Onedari Shitemite,,おねだりしてみて,Manga,613,,2013,https://cdn.myanimelist.net/images/manga/2/187981l.jpg
1089,Jika Renai Chuudoku,,自家恋愛中毒,Manga,612,6.56,2013,https://cdn.myanimelist.net/images/manga/2/142247l.jpg
1089,"Yokosu Inu, Mekuru Yoru",A Stray Dog in the Night,寄越す犬、めくる夜,Manga,612,6.82,2013,https://cdn.myanimelist.net/images/manga/3/216086l.jpg
1091,Mesuhame Ikizome,,メスはめイキぞめ,Manga,610,6.75,2013,https://cdn.myanimelist.net/images/manga/3/199481l.jpg
1091,Onee na Kareshi to Boyish Kanojo,,オネエな彼氏とボーイッシュ彼女,Manga,610,6.85,2013,https://cdn.myanimelist.net/images/manga/2/192210l.jpg
1093,Petit♥Cawa,,ぷち♥きゃわ,Manga,606,6.76,2013,https://cdn.myanimelist.net/images/manga/2/156761l.jpg
1094,Ushiro no Hikaruko-chan,,うしろの光子ちゃん,Manga,605,7.05,2013,https://cdn.myanimelist.net/images/manga/1/156262l.jpg
1095,Choujigen Game Neptune: The Animation - Comic Anthology,,超次元ゲイム ネプテューヌ THE ANIMATION コミックアンソロジー,Manga,604,7.06,2013,https://cdn.myanimelist.net/images/manga/2/122769l.jpg
1096,Ningen Igai ja Dame desu ka?,,人間以外じゃダメですか？,Manga,602,6.89,2013,https://cdn.myanimelist.net/images/manga/1/101781l.jpg
1096,Star Light Woman,Star Light Woman,スターライトウーマン,Manga,602,6.6,2013,https://cdn.myanimelist.net/images/manga/2/129177l.jpg
1096,Uta no☆Prince-sama♪ Maji Love 2000%,,うたの☆プリンスさまっ♪ マジLOVE2000%,Manga,602,,2013,https://cdn.myanimelist.net/images/manga/2/156085l.jpg
1099,Danzai no Judith,,断罪のユディト,Manga,601,,2013,https://cdn.myanimelist.net/images/manga/3/130755l.jpg
1100,"Ore, Higaisha",I am a victim.,俺、被害者,Manga,598,6.45,2013,https://cdn.myanimelist.net/images/manga/3/194043l.jpg
1101,Ai mo Kawarazu,,あいもかわらず,Manga,596,6.62,2013,https://cdn.myanimelist.net/images/manga/3/224380l.jpg
1102,Entwine,,entwine,Doujinshi,590,6.62,2013,https://cdn.myanimelist.net/images/manga/1/110625l.jpg
1103,Holy Bitch!,,ほーりーびっち！,Manga,587,6.52,2013,https://cdn.myanimelist.net/images/manga/3/197991l.jpg
1104,Aisaretemiru?,Do You Want to Be Dominated?,支配〈あい〉されてみる?,Manga,584,5.88,2013,https://cdn.myanimelist.net/images/manga/3/247590l.jpg
1104,Midnight Dog Show,,ミッドナイト ドッグ ショー,Manga,584,6.53,2013,https://cdn.myanimelist.net/images/manga/2/87739l.jpg
1106,He/n/shi/n,Henshin,ヘ／ン／シ／ン,Manga,583,6.65,2013,https://cdn.myanimelist.net/images/manga/1/125539l.jpg
1107,Mouretsu Pirates: Abyss of Hyperspace,Bodacious Space Pirates: Abyss of Hyperspace,モーレツ宇宙海賊 ABYSS OF HYPERSPACE -亜空の深淵‐,Manga,582,6.44,2013,https://cdn.myanimelist.net/images/manga/3/161607l.jpg
1107,Non-Human Life,,のんひゅーまんらいふ,Manga,582,6.8,2013,https://cdn.myanimelist.net/images/manga/3/203345l.jpg
1109,Ureta Karada no Hatsujouki,Estral Mature Woman,熟れた躰の発情期,Manga,581,6.84,2013,https://cdn.myanimelist.net/images/manga/1/186742l.jpg
1110,SSS!,,SSS!,Manga,579,,2013,https://cdn.myanimelist.net/images/manga/2/166273l.jpg
1111,Komori Quintet!,,こもりクインテット!,Manga,577,6.86,2013,https://cdn.myanimelist.net/images/manga/1/156359l.jpg
1112,Shoujo no Toge: Toranoana Tokuten Shousasshi,,少女のトゲ とらのあな特典小冊子,One-shot,576,6.54,2013,https://cdn.myanimelist.net/images/manga/1/145775l.jpg
1113,Girls Aloud!!,,Girls Aloud!!,Doujinshi,574,6.97,2013,https://cdn.myanimelist.net/images/manga/3/209219l.jpg
1113,Guru☆Guru: Triangle Struggle,,ぐる☆ぐる TRIANGLE STRUGGLE,Doujinshi,574,6.33,2013,https://cdn.myanimelist.net/images/manga/2/126231l.jpg
1113,Himawari Sharing,,向日葵シェアリング,Doujinshi,574,6.2,2013,https://cdn.myanimelist.net/images/manga/3/117545l.jpg
1116,Aibenki: Tonari no Dosukebe Oneesan,,愛便器 隣の絶倫〈ドスケベ〉お姉さん,Manga,573,6.73,2013,https://cdn.myanimelist.net/images/manga/1/194000l.jpg
1116,Kizashi,Signs,きざし,Manga,573,6.9,2013,https://cdn.myanimelist.net/images/manga/1/205691l.jpg
1116,Omae ga Baka wo Iidasu Hi ni wa,,お前がバカを言いだす日には,Manga,573,6.56,2013,https://cdn.myanimelist.net/images/manga/2/212127l.jpg
1119,Kanyuu Shoujo,,姦遊少女,One-shot,572,6.47,2013,https://cdn.myanimelist.net/images/manga/3/107127l.jpg
1120,Hana yori mo Yaiba no Gotoku,,花よりも刃のごとく,Manga,571,,2013,https://cdn.myanimelist.net/images/manga/3/161980l.jpg
1120,Houkago no Sukima,Gap After School,放課後のスキマ,Manga,571,6.75,2013,https://cdn.myanimelist.net/images/manga/1/160428l.jpg
1120,Namaiki Shoujo,,ナマイキ少女,Manga,571,6.6,2013,https://cdn.myanimelist.net/images/manga/2/150784l.jpg
1120,Rose Guns Days: Season 3,Rose Guns Days: Season 3,ROSE GUNS DAYS Season3,Manga,571,7.06,2013,https://cdn.myanimelist.net/images/manga/1/125883l.jpg
1124,Eien no Mae,,永遠のまえ,One-shot,570,5.9,2013,https://cdn.myanimelist.net/images/manga/2/88001l.jpg
1124,Kawaguchi Ichizoku no Kakun,,川口一族の家訓,One-shot,570,6.6,2013,https://cdn.myanimelist.net/images/manga/3/119861l.jpg
1126,Gundam Build Fighters A,,ガンダムビルドファイターズA,Manga,569,6.92,2013,https://cdn.myanimelist.net/images/manga/3/135491l.jpg
1126,Kodoku no Mori no Majo,,孤独の森の魔女,Doujinshi,569,6.85,2013,https://cdn.myanimelist.net/images/manga/3/230661l.jpg
1128,Hatsujou Virus,,発情ウイルス,Manga,567,6.31,2013,https://cdn.myanimelist.net/images/manga/2/166780l.jpg
1128,"Musunde, Hodoite, Kiss wo Shite","Tie Me, Unravel Me, Kiss Me",結んで、ほどいて、キスをして,Manga,567,6.75,2013,https://cdn.myanimelist.net/images/manga/1/224935l.jpg
1130,Mushinuyun,,ムシヌユン,Manga,566,,2013,https://cdn.myanimelist.net/images/manga/1/176252l.jpg
1130,Nibiiro no Seishun,,鈍色の青春,Manga,566,5.77,2013,https://cdn.myanimelist.net/images/manga/3/172943l.jpg
1132,Rurimiya Mugen Kobutsuten,Rurimiya's curios antique shop,瑠璃宮夢幻古物店,Manga,564,,2013,https://cdn.myanimelist.net/images/manga/2/158225l.jpg
1133,Junjou Lingerie Doll,,純情ランジェリードール,Manga,563,6.45,2013,https://cdn.myanimelist.net/images/manga/2/94975l.jpg
1133,Rin to Shite Shabure,,凛としてしゃぶれ,One-shot,563,5.97,2013,https://cdn.myanimelist.net/images/manga/1/105743l.jpg
1135,Koukoku no Hiiro,Scarlet Empire,皇国の緋色,Manga,562,,2013,https://cdn.myanimelist.net/images/manga/3/127395l.jpg
1136,Fire Fire Fire: Black Sword,,FIRE FIRE FIRE BLACK SWORD,Manga,560,,2013,https://cdn.myanimelist.net/images/manga/3/178129l.jpg
1136,Jinsei Reset Button,Life Reset Button,人生リセットボタン,Light Novel,560,,2013,https://cdn.myanimelist.net/images/manga/2/138373l.jpg
1138,Toroman Style,Honey Pot Style,とろまんスタイル,Manga,557,7.08,2013,https://cdn.myanimelist.net/images/manga/2/193371l.jpg
1139,Mari no Kakuu Sekai,,マリーの架空世界,One-shot,555,6.79,2013,https://cdn.myanimelist.net/images/manga/1/157432l.jpg
1139,PiNKS,,PiNKS,Manga,555,6.22,2013,https://cdn.myanimelist.net/images/manga/1/196554l.jpg
1141,Kataomoism,Loveism,片想イズム,Manga,554,6.46,2013,https://cdn.myanimelist.net/images/manga/3/160724l.jpg
1142,Hentai Kyoudai to Inu,,へんたい姉弟と犬,One-shot,553,6.03,2013,https://cdn.myanimelist.net/images/manga/1/94215l.jpg
1143,Brothers Conflict Short Stories,,BROTHERS CONFLICT Short Stories,Light Novel,552,,2013,https://cdn.myanimelist.net/images/manga/1/95405l.jpg
1143,Manatsu no Blue,,真夏のブルー,One-shot,552,6.62,2013,https://cdn.myanimelist.net/images/manga/2/144499l.jpg
1145,Wootan to Fumi,Wootan and Fumi,うーたんとふみ,Manga,551,6.81,2013,https://cdn.myanimelist.net/images/manga/2/154829l.jpg
1146,Barairo no Kenkyuu to Hana Kurau Kimi,,ばら色の研究と花喰らふきみ,Manga,548,6.45,2013,https://cdn.myanimelist.net/images/manga/3/223819l.jpg
1146,Bokutachi no Kinki,,ぼくたちの禁忌,Manga,548,6.97,2013,https://cdn.myanimelist.net/images/manga/3/151786l.jpg
1146,Strike Witches: Aurora no Majo,,ストライクウィッチーズ オーロラの魔女,Manga,548,7.12,2013,https://cdn.myanimelist.net/images/manga/1/139221l.jpg
1149,Do S Joshi-kai,,ドS女子会,Manga,547,6.84,2013,https://cdn.myanimelist.net/images/manga/1/160436l.jpg
1149,Shishi,,獣〈シシ〉,Manga,547,6.25,2013,https://cdn.myanimelist.net/images/manga/3/153852l.jpg
1149,Yoru no Taiko,,夜の太鼓,Manga,547,6.62,2013,https://cdn.myanimelist.net/images/manga/3/164171l.jpg
1152,Kakumeiki Valvrave Anthology Comic,,革命機ヴァルヴレイヴ アンソロジーコミック,Manga,546,6.57,2013,https://cdn.myanimelist.net/images/manga/3/115187l.jpg
1153,Coppelion Site Story,,COPPELION SITE STORY,Manga,543,6.83,2013,https://cdn.myanimelist.net/images/manga/2/139019l.jpg
1153,Toilet ga Hanako-san,,トイレが花子さん,One-shot,543,5.73,2013,https://cdn.myanimelist.net/images/manga/2/164963l.jpg
1155,Action Kamen,Action Mask,アクション仮面,Manga,542,6.29,2013,https://cdn.myanimelist.net/images/manga/1/114901l.jpg
1155,Shisen no Saki ni,,視線の先に,One-shot,542,6.79,2013,https://cdn.myanimelist.net/images/manga/1/89305l.jpg
1157,Oooku no Sakura: Gendai Oooku Jogakuin,,大奥のサクラ 現代大奥女学院,Manga,541,6.51,2013,https://cdn.myanimelist.net/images/manga/2/162923l.jpg
1158,Romsen SaGa,,Romsen SaGa,Manga,540,,2013,https://cdn.myanimelist.net/images/manga/1/176082l.jpg
1159,Love Comedy♥,,LOVEこめっ♥,Manga,539,6.89,2013,https://cdn.myanimelist.net/images/manga/2/99891l.jpg
1160,Shinitaku naru Shoumonai Hibi ga Shinitaku naru kurai Shoumonakute Shinu hodo Shinitakunai Hibi,,死にたくなるしょうもない日々が死にたくなるくらいしょうもなくて死ぬほど死にたくない日々,Manga,538,,2013,https://cdn.myanimelist.net/images/manga/1/149625l.jpg
1160,Vespa,,Vespa,Manga,538,6.34,2013,https://cdn.myanimelist.net/images/manga/3/134285l.jpg
1162,Oneesan to Aishiacchaou!,Let's Love with your sister,お姉さんと愛しあっちゃおう！,Manga,537,7.05,2013,https://cdn.myanimelist.net/images/manga/3/160257l.jpg
1163,Junren,,じゅんれん,Manga,535,6.78,2013,https://cdn.myanimelist.net/images/manga/1/160382l.jpg
1164,Chounyuu Daifungoku,,超乳大噴獄,Manga,534,6.44,2013,https://cdn.myanimelist.net/images/manga/3/160388l.jpg
1165,Toufuu (Fu)Kenbunroku,,東風（不）見聞録,One-shot,533,6.61,2013,https://cdn.myanimelist.net/images/manga/3/100233l.jpg
1166,Jigokugata Ningen Doubutsuen: Daiisshou - Noushou Sakuretsu Girl,,地獄型人間動物園～第一章～ 脳漿炸裂ガール,Manga,532,6.48,2013,https://cdn.myanimelist.net/images/manga/1/169483l.jpg
1167,Damatte Watashi no Iu Koto Kikinasai!,,黙って私の言うコトききなさい!,One-shot,531,6.2,2013,https://cdn.myanimelist.net/images/manga/5/111153l.jpg
1168,Imouto ga Kita!,,妹が来た！,One-shot,530,6.86,2013,https://cdn.myanimelist.net/images/manga/3/106873l.jpg
1168,Kanjuku Chijo,,甘熟痴妻,Manga,530,6.44,2013,https://cdn.myanimelist.net/images/manga/3/247915l.jpg
1170,Osananajimi no Kahanshin Jijou,Just Between Friends,幼馴染みの下半身事情,Manga,527,6.86,2013,https://cdn.myanimelist.net/images/manga/3/235079l.jpg
1171,Cheerful Days,,チアフルデイズ,Manga,526,6.76,2013,https://cdn.myanimelist.net/images/manga/2/113435l.jpg
1172,Killer Queen,,KILLER QUEEN,Manga,525,6.65,2013,https://cdn.myanimelist.net/images/manga/1/178613l.jpg
1172,Nekama CirCra♂chan,,ネカマサークラ♂ちゃん,Doujinshi,525,6.29,2013,https://cdn.myanimelist.net/images/manga/2/150192l.jpg
1174,Boku no Koto Suki ni Natte,,ボクのことスキになって,Manga,524,6.34,2013,https://cdn.myanimelist.net/images/manga/1/142553l.jpg
1174,Imouto Calendar,,いもうとカレンダー,Doujinshi,524,6.92,2013,https://cdn.myanimelist.net/images/manga/3/90345l.jpg
1176,Anecon!,,あねこん!,One-shot,523,5.55,2013,https://cdn.myanimelist.net/images/manga/3/98809l.jpg
1176,Chou Saisentan Kanojo,,超最先端彼女,Manga,523,7.0,2013,https://cdn.myanimelist.net/images/manga/1/170583l.jpg
1176,Kimi dake ni,I Only Love You...,きみだけに,Manga,523,6.82,2013,https://cdn.myanimelist.net/images/manga/3/312015l.jpg
1176,Live Cum,,ライブカム,Manga,523,6.32,2013,https://cdn.myanimelist.net/images/manga/2/90641l.jpg
1180,Ace Maid,,エースメイド,Manga,521,,2013,https://cdn.myanimelist.net/images/manga/2/95333l.jpg
1180,My Joy,My Joy,나의 보람,Manhwa,521,5.7,2013,https://cdn.myanimelist.net/images/manga/3/260010l.jpg
1180,Oujisama ni Nemurihime no Kiss wo,,王子様に眠り姫のキスを,One-shot,521,6.58,2013,https://cdn.myanimelist.net/images/manga/1/133749l.jpg
1180,Yowamushi Resound,,弱虫リザウンド,Manga,521,,2013,https://cdn.myanimelist.net/images/manga/3/164332l.jpg
1184,S wa Fragile no S,,SはフラジールのS,Manga,520,6.73,2013,https://cdn.myanimelist.net/images/manga/3/221781l.jpg
1184,Seikousai,School Love Festival♥,性交祭,Manga,520,6.8,2013,https://cdn.myanimelist.net/images/manga/1/160395l.jpg
1186,Boku ga Otouto to Nakayoku Naru Houhou,,ボクが弟と仲良くなる方法,One-shot,519,5.66,2013,https://cdn.myanimelist.net/images/manga/1/113933l.jpg
1186,Yurushite Anata...,,ゆるしてあなた…,Manga,519,6.66,2013,https://cdn.myanimelist.net/images/manga/3/193308l.jpg
1188,Fuyuu Gakuen no Alice & Shirley,,浮遊学園のアリス&シャーリー,Light Novel,518,,2013,https://cdn.myanimelist.net/images/manga/1/158755l.jpg
1189,Momoiro Triangle,Peachy Triangle,桃色トライアングル,Manga,517,6.89,2013,https://cdn.myanimelist.net/images/manga/3/94213l.jpg
1189,Tobenai Washi Ouji,,飛べないワシ王子,One-shot,517,6.48,2013,https://cdn.myanimelist.net/images/manga/1/116091l.jpg
1191,Suki Style,Love Style,好きスタイル,Manga,516,6.68,2013,https://cdn.myanimelist.net/images/manga/1/256299l.jpg
1192,God Virgin,,God Virgin,One-shot,514,6.28,2013,https://cdn.myanimelist.net/images/manga/2/92639l.jpg
1193,Kokushi Musou!!,,国士無双!!,Manga,513,6.64,2013,https://cdn.myanimelist.net/images/manga/2/127233l.jpg
1193,Lock Up: Warera Akatsuki Pro Wrestling-dan,,ロックアップ 我等 あかつきプロレス団,Manga,513,6.84,2013,https://cdn.myanimelist.net/images/manga/3/107867l.jpg
1195,NTR²,,NTR²,Manga,512,6.63,2013,https://cdn.myanimelist.net/images/manga/2/132275l.jpg
1195,Sakai no Musume: Cat in the Car,,砂海の娘 -CAT IN THE CAR-,Manga,512,6.8,2013,https://cdn.myanimelist.net/images/manga/2/164074l.jpg
1197,In the Apartment,,IN THE APARTMENT,Manga,511,6.95,2013,https://cdn.myanimelist.net/images/manga/2/203796l.jpg
1197,Next Life,,ネクストライフ,Light Novel,511,,2013,https://cdn.myanimelist.net/images/manga/2/195245l.jpg
1197,Rental Hearts,,レンタルハーツ,Manga,511,,2013,https://cdn.myanimelist.net/images/manga/2/135081l.jpg
1197,Sore ga Sekai no Futsuu ni Naru,It will become the world's futsu.,それが世界のフツーになる,Manga,511,,2013,https://cdn.myanimelist.net/images/manga/1/165433l.jpg
1201,Dojikko Pantsu,,ドジっこぱんつ,Manga,509,6.8,2013,https://cdn.myanimelist.net/images/manga/1/237179l.jpg
1202,Kemopai: Sakusei Girls,,けもぱい～搾精ガールズ～,Manga,508,6.91,2013,https://cdn.myanimelist.net/images/manga/3/138897l.jpg
1203,Busshi no Busshin: Kamakura Hanbun Busshiroku,,ぶっしのぶっしん －鎌倉半分仏師録－,Manga,507,,2013,https://cdn.myanimelist.net/images/manga/1/135039l.jpg
1204,Dokuzetsu Shitsuji: Earl Grey wa Koi no Tsundere Aji de,,毒舌執事~アールグレイは恋のツンデレ味で~,Manga,506,6.29,2013,https://cdn.myanimelist.net/images/manga/2/134063l.jpg
1205,Pocket Monsters XY-hen,,ポケットモンスターX・Y編,Manga,505,6.6,2013,https://cdn.myanimelist.net/images/manga/1/339366l.jpg
1206,Digimon World Re:Digitize Encode,,デジモンワールド リ：デジタイズ エンコード,Manga,504,,2013,https://cdn.myanimelist.net/images/manga/2/109061l.jpg
1206,Nyanko-sensei ga Iku!,,ニャンコ先生が行く!,Manga,504,,2013,https://cdn.myanimelist.net/images/manga/1/155817l.jpg
1206,Wana Love: Wanna Be the Honey Trap.,,ワナ・ラブ ～wanna be the honey trap.～,Manga,504,6.86,2013,https://cdn.myanimelist.net/images/manga/2/126215l.jpg
1209,Erohon♥: Bukkake,,エロほん♥―ぶっかけ―,Manga,503,6.4,2013,https://cdn.myanimelist.net/images/manga/1/146561l.jpg
1210,100 Days in Europe,100 Days in Europe,유럽에서 100일,Manhwa,502,7.3,2013,https://cdn.myanimelist.net/images/manga/1/222734l.jpg
1210,Aku no Taizai: Akujiki Musume Conchita,,悪ノ大罪 悪食娘コンチータ,Light Novel,502,,2013,https://cdn.myanimelist.net/images/manga/2/106529l.jpg
1210,Omocha no Kyouso-sama,Toy Mother of the Immortal Cult,おもちゃの教祖さま,Manga,502,6.12,2013,https://cdn.myanimelist.net/images/manga/3/125941l.jpg
1210,Walkure Romanze,,ワルキューレロマンツェ,Light Novel,502,,2013,https://cdn.myanimelist.net/images/manga/2/108341l.jpg
1214,Kimi ga Suki datta,,きみが好きだった,Light Novel,501,,2013,https://cdn.myanimelist.net/images/manga/3/164089l.jpg
1215,Melty Moment,,MeltyMoment -メルティモーメント-,Manga,498,6.85,2013,https://cdn.myanimelist.net/images/manga/1/141445l.jpg
1216,Lolicon☆Justice,,ロリコン☆ジャスティス,Manga,496,6.56,2013,https://cdn.myanimelist.net/images/manga/1/145833l.jpg
1217,Ecchi♥Milk,,えっち♥みるく,Manga,495,6.8,2013,https://cdn.myanimelist.net/images/manga/2/156725l.jpg
1218,Fugitto Amor,,フギット・アモール,One-shot,494,6.73,2013,https://cdn.myanimelist.net/images/manga/2/112457l.jpg
1218,Girl Meets Girl,,girl meets girl,Doujinshi,494,6.57,2013,https://cdn.myanimelist.net/images/manga/2/183223l.jpg
1218,Imouto wa America-jin!?,,妹はアメリカ人!?,Manga,494,,2013,https://cdn.myanimelist.net/images/manga/1/114807l.jpg
1218,Kairaku Holic,Pleasure Holic,快楽ほりっく,Manga,494,6.58,2013,https://cdn.myanimelist.net/images/manga/3/161500l.jpg
1222,Vetsunova,,ヴェツノバ,One-shot,493,5.99,2013,https://cdn.myanimelist.net/images/manga/4/90607l.jpg
1223,DOODLE,,DOODLE [ドードル],Manga,491,,2013,https://cdn.myanimelist.net/images/manga/1/102165l.jpg
1223,Imouto Paradise! 2: Oniichan to 5-nin no Imouto no Mo~tto! Ecchi Shimakuri na Mainichi,,妹ぱらだいす! 2 〜お兄ちゃんと5人の妹のも～っと!エッチしまくりな毎日〜,Manga,491,,2013,https://cdn.myanimelist.net/images/manga/1/147559l.jpg
1223,Kyoushi no Junjou Seito no Yokubou,,教師の純情 生徒の欲望,Manga,491,,2013,https://cdn.myanimelist.net/images/manga/3/142025l.jpg
1226,Katakoi Fragment,Fragmented Love,片恋フラグメント,Manga,489,6.45,2013,https://cdn.myanimelist.net/images/manga/3/329452l.jpg
1226,"Mou, Sou Shichau?",,もう、そうしちゃう?,One-shot,489,6.22,2013,https://cdn.myanimelist.net/images/manga/2/91205l.jpg
1226,Tokyo Ravens: Sword of Song,,東京レイヴンズ Sword of Song,Manga,489,,2013,https://cdn.myanimelist.net/images/manga/1/162303l.jpg
1229,A-bout!!: Asagiri Daikatsuyaku-hen,,A-BOUT!!〜朝桐大活躍編〜,Manga,487,,2013,https://cdn.myanimelist.net/images/manga/1/117505l.jpg
1229,Kagehinata,,カゲヒナタ,Manga,487,6.94,2013,https://cdn.myanimelist.net/images/manga/2/142019l.jpg
1229,Ore to Fuuki Iin no.,,俺と風紀委員の。,One-shot,487,5.53,2013,https://cdn.myanimelist.net/images/manga/3/88219l.jpg
1232,Kaname-ke,,かなめけ,Manga,486,,2013,https://cdn.myanimelist.net/images/manga/3/157043l.jpg
1232,Sei Yariman Gakuen Enkou Nikki,,聖ヤリマン学園援交日記,Light Novel,486,,2013,https://cdn.myanimelist.net/images/manga/3/118181l.jpg
1232,Tonari no Juunin,,となりの住人,Manga,486,6.83,2013,https://cdn.myanimelist.net/images/manga/3/105055l.jpg
1235,Kuro no Maou,,黒の魔王,Light Novel,485,,2013,https://cdn.myanimelist.net/images/manga/1/212614l.jpg
1236,"Kominami Shoutarou, Ie kara Deru wo Hajimemashita.",Shut-In Shoutarou Kominami Takes on the World,小南正太郎、家から出るをはじめました。,Manga,484,6.73,2013,https://cdn.myanimelist.net/images/manga/1/153752l.jpg
1236,Ore no Suki na Ko ga Buracon sugiru!!,,俺のスキな子がブラコンすぎる!!,Manga,484,6.75,2013,https://cdn.myanimelist.net/images/manga/1/159547l.jpg
1238,"Kikonsha desu kedo, Nani ka?",Do You Have Any Problem With Me?,既婚者ですけど、何か?,Manga,483,7.31,2013,https://cdn.myanimelist.net/images/manga/1/254169l.jpg
1239,Daisuki dakara Ijimetai!,,大好きだからイジメたいっ！,Manga,482,6.29,2013,https://cdn.myanimelist.net/images/manga/3/209460l.jpg
1239,Kakumeiki Valvrave,Valvrave the Liberator,革命機ヴァルヴレイヴ,Light Novel,482,,2013,https://cdn.myanimelist.net/images/manga/2/122273l.jpg
1241,Joou-sama no Jikenbo,,女王様の事件簿,One-shot,481,6.43,2013,https://cdn.myanimelist.net/images/manga/1/136591l.jpg
1242,Believe Machine Gaiden,,ビリーヴ・マシーン 外伝,One-shot,480,6.66,2013,https://cdn.myanimelist.net/images/manga/2/92715l.jpg
1242,Gene Metallica: Machine-Doll wa Kizutsukanai Re:Acta,,ジーンメタリカ -機巧少女〈マシンドール〉は傷つかない Re:Acta-,Manga,480,,2013,https://cdn.myanimelist.net/images/manga/1/105787l.jpg
1242,Ore no Class ni Haruhi wa Inai,,俺の教室にハルヒはいない,Light Novel,480,,2013,https://cdn.myanimelist.net/images/manga/3/106203l.jpg
1245,Edo of the Dead,,EDO of the DEAD エド オブ ザ デッド,Manga,479,,2013,https://cdn.myanimelist.net/images/manga/1/114463l.jpg
1246,Outen no Mon,,応天の門,Manga,478,,2013,https://cdn.myanimelist.net/images/manga/2/123551l.jpg
1247,Shin Megami Tensei IV: Prayers,,真・女神転生IV -Prayers-,Manga,477,6.39,2013,https://cdn.myanimelist.net/images/manga/2/313966l.jpg
1248,Akumakko Shoukan Program Aku Collection,,悪魔っ娘召還プログラム 悪コレ,Manga,476,6.68,2013,https://cdn.myanimelist.net/images/manga/1/101827l.jpg
1248,Ka-Non,,KA‐NON かりん×碧海のAiON 影崎由那短編集,Manga,476,6.76,2013,https://cdn.myanimelist.net/images/manga/2/136267l.jpg
1250,Dousei Chuu!!,,同棲ちゅう!!,Manga,475,6.47,2013,https://cdn.myanimelist.net/images/manga/1/87735l.jpg
1251,Kyonyuu Eromangaka-san to no Pakohame Shiryouzukuri wa Taihen desu!,,巨乳エロ漫画家さんとのパコハメ資料づくりは大変ですっ！,Manga,473,6.56,2013,https://cdn.myanimelist.net/images/manga/1/193748l.jpg
1252,Kantai Collection -Kan Colle- Comic à la Carte: Maizuru Chinjufu-hen,,艦隊これくしょん‐艦これ‐コミックアラカルト 舞鶴鎮守府編,Manga,472,,2013,https://cdn.myanimelist.net/images/manga/2/108353l.jpg
1253,Nande Sonna ni Kawaii no,,なんでそんなにかわいいの,Manga,471,6.52,2013,https://cdn.myanimelist.net/images/manga/3/177453l.jpg
1254,21 Seiki★Maid,,21世紀★メイド,One-shot,470,6.34,2013,https://cdn.myanimelist.net/images/manga/3/110161l.jpg
1254,Shinigami Hakushaku wa Yuuutsu,,死神伯爵はユウウツ,One-shot,470,6.33,2013,https://cdn.myanimelist.net/images/manga/1/159857l.jpg
1256,"Kare wa Ima, Koi wo Shiteiru.","""Now, He Is in Love""",彼は今、恋をしている。,Manga,469,6.63,2013,https://cdn.myanimelist.net/images/manga/2/167190l.jpg
1257,Ikkitousen: Gekirin Kousatsu.,,一騎当千 逆鱗考察。,Manga,467,,2013,https://cdn.myanimelist.net/images/manga/1/180442l.jpg
1257,Kakumeiki Valvrave: Ryuusei no Valkyrie,,革命機ヴァルヴレイヴ 流星の乙女,Manga,467,6.63,2013,https://cdn.myanimelist.net/images/manga/2/114015l.jpg
1257,Kawaii Shounen wa Suki desu ka?,,かわいい少年は好きですか？,Manga,467,6.49,2013,https://cdn.myanimelist.net/images/manga/1/192650l.jpg
1257,Michelin Star,Michelin Star,미슐랭스타,Manhwa,467,,2013,https://cdn.myanimelist.net/images/manga/3/207467l.jpg
1257,Ukare Bakemono no Hogaraka na Hatan,,浮かれバケモノの朗らかな破綻,Manga,467,,2013,https://cdn.myanimelist.net/images/manga/1/168112l.jpg
1262,Hime Koi,,ひめこい,One-shot,466,6.1,2013,https://cdn.myanimelist.net/images/manga/4/111311l.jpg
1262,Magical 12th Graders,Magical 12th Graders,매지컬 고삼즈,Manhwa,466,7.11,2013,https://cdn.myanimelist.net/images/manga/2/259368l.jpg
1264,Koi-iro Canvas,,恋色キャンバス,One-shot,465,6.54,2013,https://cdn.myanimelist.net/images/manga/2/103057l.jpg
1265,Ijimete Hoshii no?,,いじめて欲しいの?,Manga,463,,2013,https://cdn.myanimelist.net/images/manga/2/88731l.jpg
1265,Mirai Delivery: Chiisana Asimov to Midori no Wasuremono,Hatsune Miku: Future Delivery - Little Asimov and the Green Thing Left Behind,未来デリバリー ちいさなアシモフと緑の忘れ物,Manga,463,6.91,2013,https://cdn.myanimelist.net/images/manga/3/220646l.jpg
1267,Nobunaga the Fool,,ノブナガ・ザ・フール,Manga,462,,2013,https://cdn.myanimelist.net/images/manga/2/151901l.jpg
1268,Hikikomori-tachi ni Ore no Seishun ga Honrou Sareteiru,,引きこもりたちに俺の青春が翻弄されている,Light Novel,461,,2013,https://cdn.myanimelist.net/images/manga/1/160556l.jpg
1269,Kimi wo Nakasetai,I want to see you cry,キミを泣かせたい,Manga,460,6.5,2013,https://cdn.myanimelist.net/images/manga/4/161505l.jpg
1270,Akoya Tsutae,The Chronicle of Akoya,アコヤツタヱ,Manga,459,6.08,2013,https://cdn.myanimelist.net/images/manga/2/142745l.jpg
1270,Akuma no Kagi to Shoujo no Raison d'être,The Devil's Key & Girl's Raison d'être,悪魔の鍵と少女のレゾンデートル,Manga,459,6.58,2013,https://cdn.myanimelist.net/images/manga/1/115501l.jpg
1270,Halloween Night,,Halloween Night,One-shot,459,6.39,2013,https://cdn.myanimelist.net/images/manga/2/166720l.jpg
1273,A Thousand Petals,,천개의 꽃잎,Manhwa,458,,2013,https://cdn.myanimelist.net/images/manga/1/164635l.jpg
1273,Hustle! Danchizuma♥,,ハッスル！団地妻♥,Manga,458,6.96,2013,https://cdn.myanimelist.net/images/manga/3/160236l.jpg
1273,Koi-iro Oppai,,恋色おっぱい,Manga,458,6.65,2013,https://cdn.myanimelist.net/images/manga/3/93893l.jpg
1276,Danshikou no Nikubenki-kun,,男子校の肉便器くん,Doujinshi,457,6.27,2013,https://cdn.myanimelist.net/images/manga/3/101899l.jpg
1276,Omae sae Inakerya,,おまえさえいなけりゃ,One-shot,457,5.97,2013,https://cdn.myanimelist.net/images/manga/5/338502l.jpg
1276,"Tenchou, Koi desu.",,店長、恋です。,Manga,457,6.73,2013,https://cdn.myanimelist.net/images/manga/3/221975l.jpg
1279,Bitch na Boketsu,,媚痴な母穴,Manga,455,6.45,2013,https://cdn.myanimelist.net/images/manga/2/161842l.jpg
1279,Koisuru Edison,,恋するエジソン,Manga,455,5.98,2013,https://cdn.myanimelist.net/images/manga/5/97789l.jpg
1279,Macaron Daisuki na Onnanoko ga Dounika-Kounika Sennen Ikitsuzukeru Ohanashi.,The Tale of the Macaron Loving Girl who survives somehow for a 1000 years.,マカロン大好きな女の子がどうにかこうにか千年生き続けるお話。,Light Novel,455,7.12,2013,https://cdn.myanimelist.net/images/manga/2/135673l.jpg
1279,Monster Musume ga Koibito ni Naritasou ni Kochira wo Miteiru!,,モンスター娘が恋人になりたそうにこちらを見ている！,Light Novel,455,,2013,https://cdn.myanimelist.net/images/manga/2/168630l.jpg
1283,Gumi from Vocaloid,,GUMI from Vocaloid,Manga,453,,2013,https://cdn.myanimelist.net/images/manga/1/166194l.jpg
1284,"Gokujou Beef Curry, Himitsu-iri",The Finest Beef Curry with a Secret,極上ビーフカレー、秘密入り,Manga,452,6.12,2013,https://cdn.myanimelist.net/images/manga/3/193966l.jpg
1285,Petite Pêche!,,プティトゥ・ペッシュ!,Manga,451,6.98,2013,https://cdn.myanimelist.net/images/manga/2/167313l.jpg
1285,Taikutsu na Gogo no Sugoshikata,,退屈な午後の過ごし方,Manga,451,7.0,2013,https://cdn.myanimelist.net/images/manga/1/143137l.jpg
1287,Hito Moe Iinkai,,ヒトモエ委員会,Manga,450,6.69,2013,https://cdn.myanimelist.net/images/manga/1/151784l.jpg
1287,Toushu-sama wa Itazura ga Osuki,,当主様は悪戯がお好き,Manga,450,6.61,2013,https://cdn.myanimelist.net/images/manga/1/98359l.jpg
1289,Ace-kun no Tonari.,,エースくんのとなり。,Manga,449,6.56,2013,https://cdn.myanimelist.net/images/manga/3/181959l.jpg
1289,Ao Oni,Ao Oni,青鬼,Light Novel,449,,2013,https://cdn.myanimelist.net/images/manga/2/202671l.jpg
1289,Natsu no Omoide,,夏のおもいで,One-shot,449,6.78,2013,https://cdn.myanimelist.net/images/manga/3/164217l.jpg
1292,Sex Friend no Heart no Tsukamikata,,セフレのハートの掴み方,Manga,447,6.82,2013,https://cdn.myanimelist.net/images/manga/3/168438l.jpg
1293,Take Dake Dake!: Takedakei Gentei,Bushido Academy,たけだけだけ-武田系限定-,Manga,446,6.16,2013,https://cdn.myanimelist.net/images/manga/1/193754l.jpg
1294,MM2-gou,,MM2号,Manga,445,6.63,2013,https://cdn.myanimelist.net/images/manga/2/160461l.jpg
1294,Majo-san to Issho,,魔女さんといっしょ,One-shot,445,6.05,2013,https://cdn.myanimelist.net/images/manga/3/126043l.jpg
1296,Chihiro-san,,ちひろさん,Manga,444,,2013,https://cdn.myanimelist.net/images/manga/3/292499l.jpg
1296,Kantai Collection: KanColle nano desu!,,艦これなのです！ 艦隊これくしょん －艦これ－,Manga,444,,2013,https://cdn.myanimelist.net/images/manga/3/125065l.jpg
1296,Shin Garouden,,真・餓狼伝,Manga,444,,2013,https://cdn.myanimelist.net/images/manga/3/205860l.jpg
1296,Thirsty Thirty,Thirsty Thirty,물고기의 밤,Manhwa,444,6.93,2013,https://cdn.myanimelist.net/images/manga/1/136243l.jpg
1300,Atatamete Kureru Hito.,"Heat Up, Warm Up.",あたためてくれるひと。,Manga,443,6.76,2013,https://cdn.myanimelist.net/images/manga/2/222234l.jpg
1300,Shokubutsu Zukan,,植物図鑑,Manga,443,,2013,https://cdn.myanimelist.net/images/manga/3/179096l.jpg
1302,Akumu no Rakuen,Paradise of Nightmare,悪夢の楽園,Manga,442,,2013,https://cdn.myanimelist.net/images/manga/2/200508l.jpg
1303,Kiniro no Corda: Blue♪Sky,,金色のコルダ Blue♪Sky,Manga,440,,2013,https://cdn.myanimelist.net/images/manga/1/119923l.jpg
1304,Koh-Boku,,KOH-BOKU〈コーボク〉,Manga,439,6.8,2013,https://cdn.myanimelist.net/images/manga/1/226408l.jpg
1305,Kimi wa Junjou Incubus,,君は純情淫魔〈インキュバス〉,Manga,437,6.81,2013,https://cdn.myanimelist.net/images/manga/2/143973l.jpg
1305,Suisei no Gargantia: Mizuhana no Bellows,,翠星のガルガンティア 水端のベローズ,Manga,437,,2013,https://cdn.myanimelist.net/images/manga/2/116823l.jpg
1307,Fukufuku Heights,,ふくふくハイツ,Manga,436,,2013,https://cdn.myanimelist.net/images/manga/1/167201l.jpg
1308,Oneechan to Issho,,お姉ちゃんといっしょ,One-shot,435,5.92,2013,https://cdn.myanimelist.net/images/manga/1/107579l.jpg
1309,Ibara no Koi,,いばらのこい,One-shot,432,6.19,2013,https://cdn.myanimelist.net/images/manga/3/165421l.jpg
1309,Omae wa Mada Gunma wo Shiranai,You don't know Gunma yet.,お前はまだグンマを知らない,Manga,432,,2013,https://cdn.myanimelist.net/images/manga/1/191167l.jpg
1311,Ashikokism,,アシコキズム,Manga,430,6.7,2013,https://cdn.myanimelist.net/images/manga/3/165617l.jpg
1311,Succubus and Lover,,サキュらば,One-shot,430,,2013,https://cdn.myanimelist.net/images/manga/3/106845l.jpg
1313,Hokuto no Ken: Ichigo Aji,,北斗の拳 イチゴ味,Manga,429,,2013,https://cdn.myanimelist.net/images/manga/3/126853l.jpg
1314,Fetish Ken!,,フェチ研！,One-shot,427,6.47,2013,https://cdn.myanimelist.net/images/manga/2/97937l.jpg
1315,The Girl Who Sees Smells,,냄새를 보는 소녀,Manhwa,426,,2013,https://cdn.myanimelist.net/images/manga/1/189041l.jpg
1316,Ark IX,,アークIX,Light Novel,424,,2013,https://cdn.myanimelist.net/images/manga/3/197051l.jpg
1317,"Houkago, 2-C no Kyoushitsu de.",,放課後、2-Cの教室で。,One-shot,423,5.61,2013,https://cdn.myanimelist.net/images/manga/3/91253l.jpg
1318,Koi no Enchousen,,恋の延長線,One-shot,422,6.39,2013,https://cdn.myanimelist.net/images/manga/3/115411l.jpg
1319,Puchi Love★Kingdom,,プチらぶ★きんぐだむ,Manga,421,6.63,2013,https://cdn.myanimelist.net/images/manga/3/244831l.jpg
1319,Yuki no Koi,,雪の恋,One-shot,421,6.37,2013,https://cdn.myanimelist.net/images/manga/2/130141l.jpg
1319,Yurei-kun Tsuitemasu,Possessed by a Ghost,ユーレイくん憑いてます,Manga,421,6.47,2013,https://cdn.myanimelist.net/images/manga/3/243301l.jpg
1322,Eromame,,えろまめ,Manga,420,,2013,https://cdn.myanimelist.net/images/manga/2/145669l.jpg
1322,Full Metal Panic! 0,,フルメタル・パニック！ 0 ‐ZERO‐,Manga,420,,2013,https://cdn.myanimelist.net/images/manga/2/123467l.jpg
1322,Kisei Sareta Bishoujo ga Midara ni Kawaru,,寄生サレタ美少女ガ淫ラニカワ,Manga,420,,2013,https://cdn.myanimelist.net/images/manga/2/121029l.jpg
1322,Sensei! Koi no Shitsumon desu!,,先生！ 恋の質問です！,One-shot,420,6.54,2013,https://cdn.myanimelist.net/images/manga/2/165566l.jpg
1326,"Isekai de ""Kuro no Iyashi Te"" tte Yobareteimasu",,異世界で『黒の癒し手』って呼ばれています,Light Novel,419,,2013,https://cdn.myanimelist.net/images/manga/1/149422l.jpg
1326,My Sweet Mistress,,My Sweet Mistress,Manga,419,6.36,2013,https://cdn.myanimelist.net/images/manga/2/201348l.jpg
1328,Secret x Siblings,,SECRET×SIBLINGS 〜シークレット×シブリングス〜,Manga,418,,2013,https://cdn.myanimelist.net/images/manga/3/128661l.jpg
1328,Semen High,,ザーメン・ハイ,One-shot,418,6.39,2013,https://cdn.myanimelist.net/images/manga/3/119315l.jpg
1330,Futaribocchi no Shokutaku,,ふたりぼっちの食卓,Manga,417,6.51,2013,https://cdn.myanimelist.net/images/manga/3/204281l.jpg
1330,Mega Heart,,めがはーと,Manga,417,,2013,https://cdn.myanimelist.net/images/manga/3/244050l.jpg
1332,"Sensei, Ote wo Douzo?",,センセイ、お手をどうぞ？,One-shot,416,6.04,2013,https://cdn.myanimelist.net/images/manga/1/124733l.jpg
1333,Oi JK♂,,甥JK♂,Doujinshi,415,6.32,2013,https://cdn.myanimelist.net/images/manga/3/147513l.jpg
1334,Ryuugajou Nanana no Maizoukin: The Animation,Nanana's Buried Treasure,龍ヶ嬢七々々の埋蔵金 The Animation,Manga,414,,2013,https://cdn.myanimelist.net/images/manga/2/125487l.jpg
1335,Shishou Series,,師匠シリーズ,Manga,413,,2013,https://cdn.myanimelist.net/images/manga/1/209764l.jpg
1336,Ai Container,,アイコンテイナー,One-shot,412,5.92,2013,https://cdn.myanimelist.net/images/manga/4/111727l.jpg
1337,Kirakira no Natsu,,ささだあすか短篇集 きらきらのなつ,Manga,411,6.48,2013,https://cdn.myanimelist.net/images/manga/3/159041l.jpg
1338,Hayate x Blade 2,,はやて×ブレード2,Manga,410,,2013,https://cdn.myanimelist.net/images/manga/2/166590l.jpg
1339,Ore to Kanojo ga Geboku de Dorei de Shuujuu Keiyaku,,俺と彼女が下僕で奴隷で主従契約,Light Novel,409,,2013,https://cdn.myanimelist.net/images/manga/1/177265l.jpg
1339,Ryuugajou Nanana no Maizoukin,Nanana's Buried Treasure,龍ヶ嬢七々々の埋蔵金,Manga,409,,2013,https://cdn.myanimelist.net/images/manga/3/160063l.jpg
1341,Ookami Kyoudai to Akazukin-chan,,狼兄弟と赤ずきんちゃん,One-shot,407,6.48,2013,https://cdn.myanimelist.net/images/manga/2/103335l.jpg
1342,Daitai Konnande?,,だいたいこんなンで?,Manga,406,,2013,https://cdn.myanimelist.net/images/manga/1/160171l.jpg
1342,Yatte Shimaimashita,,ヤッて姉妹ました,Manga,406,,2013,https://cdn.myanimelist.net/images/manga/3/146043l.jpg
1344,Fukushuu Josou Rape!! Namaiki na Kawaii Furyou wo Kyouikuteki Shioki Kan.,,復讐女装レイプ！！生意気な可愛い不良を狂育的仕置き姦。,Doujinshi,404,5.95,2013,https://cdn.myanimelist.net/images/manga/1/107911l.jpg
1344,Suzuki-san no Suzuki-kun,,鈴木さんの鈴木くん,Manga,404,,2013,https://cdn.myanimelist.net/images/manga/3/174105l.jpg
1346,Majimoji Rurumo: Houkago no Mahou Chuugakusei,,まじもじるるも 放課後の魔法中学生,Manga,403,,2013,https://cdn.myanimelist.net/images/manga/3/173980l.jpg
1346,Onikirimaruden,The Legend of Onikirimaru,鬼切丸伝,Manga,403,,2013,https://cdn.myanimelist.net/images/manga/1/136939l.jpg
1348,Renai Hero,,恋愛ヒーロー,Light Novel,402,,2013,https://cdn.myanimelist.net/images/manga/3/124173l.jpg
1348,Yuujou Kakin Karman Gain,,友情課金カルマンゲイン,Manga,402,6.79,2013,https://cdn.myanimelist.net/images/manga/1/115685l.jpg
1350,Pinkscrap,Pinkscrap,ピンクスクラップ,Manga,400,6.53,2013,https://cdn.myanimelist.net/images/manga/2/318730l.jpg
1350,Shinrei Tantei Yakumo: Another Files,,心霊探偵八雲 ANOTHER FILES,Novel,400,,2013,https://cdn.myanimelist.net/images/manga/2/115733l.jpg
1352,Devi★Rock,,デビ★ロック,Manga,399,,2013,https://cdn.myanimelist.net/images/manga/3/109559l.jpg
1352,Unsweet Haha Wakui Kazumi Plus: Side Hitori Musuko Ryousuke,,アンスイート 母 和久井和美プラス SIDE一人息子 良介,Doujinshi,399,6.39,2013,https://cdn.myanimelist.net/images/manga/3/141761l.jpg
1354,Lupin III vs. Meitantei Conan,Lupin the 3rd vs Detective Conan,ルパン三世vs名探偵コナン,Manga,398,,2013,https://cdn.myanimelist.net/images/manga/3/240399l.jpg
1354,Super Family Complete,,SUPERファミリーコンプリート,Manga,398,6.47,2013,https://cdn.myanimelist.net/images/manga/3/110817l.jpg
1354,Tokyo Ravens EX,,東京レイヴンズ EX,Light Novel,398,,2013,https://cdn.myanimelist.net/images/manga/3/149078l.jpg
1354,Tsumaranai Ninomiya-san,Boring Ninomiya-san,つまらない二宮さん,Manga,398,6.46,2013,https://cdn.myanimelist.net/images/manga/3/164053l.jpg
1358,37.5°C no Namida,,37.5℃の涙,Manga,397,,2013,https://cdn.myanimelist.net/images/manga/1/190107l.jpg
1358,Gondwana no Nemuri,,ゴンドワナの眠り,Manga,397,,2013,https://cdn.myanimelist.net/images/manga/2/136827l.jpg
1358,Yowamushi Mont Blanc,,弱虫モンブラン,One-shot,397,6.41,2013,https://cdn.myanimelist.net/images/manga/1/123209l.jpg
1361,Innocent Noise,,イノセントノイズ,Manga,396,6.57,2013,https://cdn.myanimelist.net/images/manga/3/203543l.jpg
1362,Kokyuu no Aida ni Koi ni Naru,,呼吸のあいだに恋になる,One-shot,394,6.59,2013,https://cdn.myanimelist.net/images/manga/3/143275l.jpg
1362,Mahou de Chocolat,,魔法deショコラ,One-shot,394,5.96,2013,https://cdn.myanimelist.net/images/manga/1/90883l.jpg
1364,Ore ga xx de Model Debut!?,,俺が××でモデルデビュー!?,One-shot,393,6.13,2013,https://cdn.myanimelist.net/images/manga/2/102749l.jpg
1364,Rozen Maiden,,ローゼンメイデン,Light Novel,393,,2013,https://cdn.myanimelist.net/images/manga/3/155635l.jpg
1364,Senyuu.: Foyfoy/Rudolf-hen - Mogura to Oasis,,戦勇。フォイフォイ・ルドルフ編「モグラとオアシス」,Manga,393,7.02,2013,https://cdn.myanimelist.net/images/manga/2/171256l.jpg
1364,Xian Ni,,仙逆,Manhua,393,,2013,https://cdn.myanimelist.net/images/manga/2/208528l.jpg
1368,Kemono Michi,,ケモノみち,Manga,392,,2013,https://cdn.myanimelist.net/images/manga/2/196371l.jpg
1368,Onihime,,鬼姫,One-shot,392,6.75,2013,https://cdn.myanimelist.net/images/manga/2/103485l.jpg
1370,Kono Hito wo Ore ni Kudasai,,この男を俺に下さい,Manga,390,,2013,https://cdn.myanimelist.net/images/manga/1/90567l.jpg
1370,Piace: Watashi no Italian,Piacevole! My Italian Cooking,ピアシェ～私のイタリアン～,Manga,390,,2013,https://cdn.myanimelist.net/images/manga/2/178657l.jpg
1370,Sweet Spot,,Sweet spot,One-shot,390,6.19,2013,https://cdn.myanimelist.net/images/manga/3/134405l.jpg
1370,Tenmasou no Sanshimai: Skyhigh,Three Sisters of Tenmasou,天間荘の三姉妹 スカイハイ,Manga,390,,2013,https://cdn.myanimelist.net/images/manga/2/264111l.jpg
1374,Ashita no Kimi ni Hanabata wo,,明日の君に花束を,Manga,389,6.48,2013,https://cdn.myanimelist.net/images/manga/3/149790l.jpg
1374,Motoyome,,モトヨメ,Manga,389,,2013,https://cdn.myanimelist.net/images/manga/1/165127l.jpg
1374,Super Danganronpa 2: Nangoku Zetsubou Carnival!,,スーパーダンガンロンパ2 南国ぜつぼうカーニバル!,Manga,389,,2013,https://cdn.myanimelist.net/images/manga/3/238958l.jpg
1374,Tokyo Ravens: Another x Holiday,,東京レイヴンズ ANOTHER×holiday,Manga,389,,2013,https://cdn.myanimelist.net/images/manga/3/161438l.jpg
1374,Usurai ni Saku,,薄氷に咲く,One-shot,389,6.69,2013,https://cdn.myanimelist.net/images/manga/2/88101l.jpg
1379,Ao ni Koubou,The shaft of light in the blue.,青に光芒,Manga,388,6.76,2013,https://cdn.myanimelist.net/images/manga/2/151908l.jpg
1379,Dareka Kono Joukyou wo Setsumei shite Kudasai! Keiyaku kara Hajimaru Wedding,Can Someone Please Explain What's Going On?!,誰かこの状況を説明してください! ～契約から始まるウェディング～,Light Novel,388,,2013,https://cdn.myanimelist.net/images/manga/2/172194l.jpg
1379,Kedamono no Ie,,けだものの家,Manga,388,6.42,2013,https://cdn.myanimelist.net/images/manga/3/153648l.jpg
1379,Kuroki Eiyuu no One Turn Kill!,One Turn Kill of the Dark Partisan,黒き英雄の一撃無双〈ワンターンキル!〉,Light Novel,388,,2013,https://cdn.myanimelist.net/images/manga/2/176918l.jpg
1379,Megamori!,,めがもり!,Manga,388,6.7,2013,https://cdn.myanimelist.net/images/manga/2/248299l.jpg
1379,Zettai Reibo,,絶対隷母,Manga,388,,2013,https://cdn.myanimelist.net/images/manga/1/150779l.jpg
1385,"""Ano Shoutengai no, Honya no, Chiisana Okusan no Ohanashi.""",,「あの商店街の、本屋の、小さな奥さんのお話。」,Manga,387,,2013,https://cdn.myanimelist.net/images/manga/3/166976l.jpg
1386,Sasagerareta Yoru no Otome,Arabian Pearl,ささげられた夜の乙女,Manga,386,6.45,2013,https://cdn.myanimelist.net/images/manga/1/136443l.jpg
1387,Bokutachi wa Gaman ga Dekinai!,,僕たちはガマンができないっ!,Manga,385,,2013,https://cdn.myanimelist.net/images/manga/2/138761l.jpg
1387,Imouto Paradise! 2,,妹ぱらだいす!2,Light Novel,385,,2013,https://cdn.myanimelist.net/images/manga/2/170116l.jpg
1387,Kantai Collection -Kan Colle- Dengeki Comic Anthology: Sasebo Chinjufu-hen,,艦隊これくしょん -艦これ- 電撃コミックアンソロジー 佐世保鎮守府編,Manga,385,,2013,https://cdn.myanimelist.net/images/manga/1/108361l.jpg
1387,Shinkou ni Tokeyuku Omoi no Hate ni,,深紅にとけゆく想いの果てに,Manga,385,,2013,https://cdn.myanimelist.net/images/manga/1/96545l.jpg
1391,Aisuru Hinba ga Tanetsuke Sarete,,愛する牝馬が種付けされて,Doujinshi,384,6.03,2013,https://cdn.myanimelist.net/images/manga/2/137027l.jpg
1392,Kantai Collection -Kan Colle- Anthology Comic: Yokosuka Chinjufu-hen,,艦隊これくしょん -艦これ- アンソロジーコミック 横須賀鎮守府編,Manga,383,,2013,https://cdn.myanimelist.net/images/manga/3/108349l.jpg
1392,Lodoss-tou Senki: Haiiro no Majo,Record of Lodoss War: The Grey Witch,ロードス島戦記 灰色の魔女,Manga,383,,2013,https://cdn.myanimelist.net/images/manga/3/152639l.jpg
1394,Siren,,サイレーン,Manga,381,,2013,https://cdn.myanimelist.net/images/manga/3/126153l.jpg
1395,Aruji no Kigen,,主のキゲン,One-shot,380,6.06,2013,https://cdn.myanimelist.net/images/manga/1/110829l.jpg
1395,Midori no Hoshi,,みどりの星,Manga,380,,2013,https://cdn.myanimelist.net/images/manga/2/147389l.jpg
1397,Pocket Monsters Special: Shirogane-Yama Shuugyou-hen,,ポケットモンスターSPECIAL シロガネ山修業編,Manga,379,6.8,2013,https://cdn.myanimelist.net/images/manga/3/234861l.jpg
1398,BlazBlue,,BLAZBLUE －ブレイブルー－,Light Novel,376,,2013,https://cdn.myanimelist.net/images/manga/1/113589l.jpg
1398,Kimi ga Haramu made Nando mo Aishiteru,,キミが孕むまで何度も愛してる,Manga,376,6.56,2013,https://cdn.myanimelist.net/images/manga/3/160371l.jpg
1400,Mankangoku: Umaretekite Gomennasai,,卍姦獄～産まれてきてごめんなさい～,Manga,375,6.41,2013,https://cdn.myanimelist.net/images/manga/1/197953l.jpg
1400,Mitsubo no Kokuhaku,,蜜母の告白,Manga,375,6.68,2013,https://cdn.myanimelist.net/images/manga/1/190146l.jpg
1400,Sekai Chizu no Ma,World Map Room,世界地図の間,Manga,375,6.58,2013,https://cdn.myanimelist.net/images/manga/3/134769l.jpg
1400,Senichiya Drop,,千一夜ドロップ,Manga,375,,2013,https://cdn.myanimelist.net/images/manga/2/130739l.jpg
1400,Void's Enigmatic Mansion,Void's Enigmatic Mansion,보이드 씨의 기묘한 저택,Manhwa,375,,2013,https://cdn.myanimelist.net/images/manga/2/189583l.jpg
1405,Little Busters!,,リトルバスターズ!,Light Novel,374,,2013,https://cdn.myanimelist.net/images/manga/2/164823l.jpg
1405,Paper Braver,,ペーパーブレイバー,Manga,374,,2013,https://cdn.myanimelist.net/images/manga/2/185302l.jpg
1405,Tackle Shoujo,,タックル少女,One-shot,374,5.98,2013,https://cdn.myanimelist.net/images/manga/1/105807l.jpg
1408,Futago Epidendrum,,双子エピデンドラム,Doujinshi,373,6.38,2013,https://cdn.myanimelist.net/images/manga/1/173472l.jpg
1409,+α no Jijou,Life... and Then Some,+αの事情,Manga,372,,2013,https://cdn.myanimelist.net/images/manga/3/148647l.jpg
1409,Ayamachi Endless,,アヤマチエンドレス,Manga,372,,2013,https://cdn.myanimelist.net/images/manga/2/203710l.jpg
1409,Final Fantasy X-2.5: Eien no Daishou,,Final Fantasy X-2.5 ~永遠の代償~,Light Novel,372,,2013,https://cdn.myanimelist.net/images/manga/3/139691l.jpg
1409,Houkago Sword Club,After School Sword Club,放課後ソードクラブ,Manga,372,,2013,https://cdn.myanimelist.net/images/manga/2/115247l.jpg
1409,Kurumada Suikoden: Hero of Heroes,,車田水滸伝～HERO OF HEROES～,Manga,372,,2013,https://cdn.myanimelist.net/images/manga/2/186509l.jpg
1414,Chari ni Norenai!,Can't Ride a Bicycle!,チャリに乗れない!,Manga,371,,2013,https://cdn.myanimelist.net/images/manga/2/131075l.jpg
1414,Cos x Cos,,コス×コス,One-shot,371,5.71,2013,https://cdn.myanimelist.net/images/manga/1/158421l.jpg
1414,Mizugi de Shiyo!,,水着deしよっ！,Doujinshi,371,6.47,2013,https://cdn.myanimelist.net/images/manga/3/146171l.jpg
1414,Tasuuketsu,,多数欠,Manga,371,,2013,https://cdn.myanimelist.net/images/manga/2/228307l.jpg
1418,Surrogate,,SURROGATE サロゲート,One-shot,370,6.34,2013,https://cdn.myanimelist.net/images/manga/1/127405l.jpg
1419,Beank & Rosa,,ビーンク&ロサ,Manga,369,6.57,2013,https://cdn.myanimelist.net/images/manga/2/235500l.jpg
1419,Kusakanmuri ni Bakeru to Kaite,"The ""Flow"" in Flower",くさかんむりに化けると書いて,Manga,369,6.68,2013,https://cdn.myanimelist.net/images/manga/3/228290l.jpg
1419,Tsukushi-biyori,,つくし日和,Manga,369,,2013,https://cdn.myanimelist.net/images/manga/1/125567l.jpg
1422,Angel Clock,,天使時計〈エンジェル・クロック〉,Manga,368,,2013,https://cdn.myanimelist.net/images/manga/2/119427l.jpg
1423,Inga no Sakana,Fish Tied with Fate,因果の魚,Manga,367,6.23,2013,https://cdn.myanimelist.net/images/manga/3/227933l.jpg
1423,Sacharias no Me,,サハリアスの眼,One-shot,367,6.01,2013,https://cdn.myanimelist.net/images/manga/1/129209l.jpg
1425,Charön,,カロン,Manga,366,,2013,https://cdn.myanimelist.net/images/manga/1/107815l.jpg
1425,Kaze no Stra,Stra the Warlock,邪風〈かぜ〉のストラ,Manga,366,,2013,https://cdn.myanimelist.net/images/manga/1/128599l.jpg
1425,Sensei datte Gaman Shiteru,,先生だってガマンしてる,Manga,366,,2013,https://cdn.myanimelist.net/images/manga/1/178383l.jpg
1425,Tales of Symphonia: Ratatosk no Kishi - Onshuu no Richter,,テイルズ オブ シンフォニア ―ラタトスクの騎士― 恩讐のリヒター,Manga,366,,2013,https://cdn.myanimelist.net/images/manga/3/149409l.jpg
1425,Toaru Around Thirty no Mousouroku,,とあるアラサーの妄想録,Manga,366,5.74,2013,https://cdn.myanimelist.net/images/manga/3/111165l.jpg
1430,"Hizumu Sankaku, Hodokete Karamu","A Warped Triangle, Undone and Entangled",ひずむ三角、ほどけて絡む,Manga,365,6.0,2013,https://cdn.myanimelist.net/images/manga/2/222346l.jpg
1430,Nureteru Hitozuma,,濡れてる人妻,Manga,365,6.72,2013,https://cdn.myanimelist.net/images/manga/2/125351l.jpg
1432,Ashita mo Kiss shite Ii desu ka?,Can I Kiss You Tomorrow?,明日もキスしていいですか?,Manga,364,,2013,https://cdn.myanimelist.net/images/manga/1/250386l.jpg
1433,Lyrical Cute,,リリカルきゅーと,Manga,363,,2013,https://cdn.myanimelist.net/images/manga/1/107249l.jpg
1434,Hokuto no Ken Gaiden: Kinyoku no Garuda - Nanto Goshasei Zenshi,,北斗の拳外伝 金翼のガルダ～南斗五車星前史～,Manga,362,,2013,https://cdn.myanimelist.net/images/manga/2/194912l.jpg
1434,Oshigerinanshi: Rouchou Tantei Fuyou no Otogibanashi,,おしげりなんし 篭鳥探偵・芙蓉の夜伽噺,Manga,362,,2013,https://cdn.myanimelist.net/images/manga/3/176098l.jpg
1434,Shy Girl,,しゃいがーる,Doujinshi,362,6.55,2013,https://cdn.myanimelist.net/images/manga/3/145955l.jpg
1434,Tsuzuki wa Mata Yoru ni,Leave a Sequel for Night,続きはまた夜に,Manga,362,,2013,https://cdn.myanimelist.net/images/manga/3/146863l.jpg
1438,Aimitsu Caraméliser,,愛蜜キャラメリゼ,Manga,361,6.67,2013,https://cdn.myanimelist.net/images/manga/2/178708l.jpg
1438,Nuigurumi Crash,,ぬいぐるみクラッシュ,Manga,361,,2013,https://cdn.myanimelist.net/images/manga/1/166228l.jpg
1440,Chissai Shitsuren,,ちっさい失恋,One-shot,360,6.31,2013,https://cdn.myanimelist.net/images/manga/2/127577l.jpg
1440,Classmates!,CLASSMATES!,CLASSMATES！,Doujinshi,360,6.68,2013,https://cdn.myanimelist.net/images/manga/3/125323l.jpg
1442,Chibikkokikoki,,ちびっコキコキ,Manga,359,6.27,2013,https://cdn.myanimelist.net/images/manga/3/278982l.jpg
1442,Honey Kiss,,ほにーきす,One-shot,359,6.18,2013,https://cdn.myanimelist.net/images/manga/3/101863l.jpg
1442,Mesuzuma Nikuyoku Kousai,,牝妻肉欲交際,Doujinshi,359,6.38,2013,https://cdn.myanimelist.net/images/manga/2/160454l.jpg
1442,Sheng Wang,,圣王,Manhua,359,,2013,https://cdn.myanimelist.net/images/manga/2/231195l.jpg
1446,Present Koukan wa Kiken na Kaori...!?,,プレゼント交換はキケンな香り…！？,One-shot,358,5.95,2013,https://cdn.myanimelist.net/images/manga/4/111255l.jpg
1446,Torawareta Amai Kemono-tachi,,囚われた甘い獣たち,Manga,358,6.49,2013,https://cdn.myanimelist.net/images/manga/3/153538l.jpg
1448,Bitches Plan,,Bitches Plan,Manga,357,,2013,https://cdn.myanimelist.net/images/manga/1/178051l.jpg
1448,Chii-chan wa Chotto Tarinai,,ちーちゃんはちょっと足りない,Manga,357,,2013,https://cdn.myanimelist.net/images/manga/1/124561l.jpg
1448,"Futanari★Idol: Dekatama-kei - Watashitachi no Ecchi na ""Fruits"" Ippai Totte ne★",,ふたなり★アイドル でかたま系～私たちのえっちな「フルーツ」いっぱい撮ってね★～,Light Novel,357,,2013,https://cdn.myanimelist.net/images/manga/2/169427l.jpg
1448,Majo to Inma to Kawaii Odeshi Bangai-hen: Mahou Jukujo Karin☆Wilke,,魔女と淫魔とカワイイお弟子 tale番外編 魔法熟女カリン☆ヴィルケ,One-shot,357,6.68,2013,https://cdn.myanimelist.net/images/manga/1/114727l.jpg
1452,Kabe ni Umekomareta Shoujo de Seiyoku Shori,,壁に埋め込まれた少女で性欲処理,Manga,356,,2013,https://cdn.myanimelist.net/images/manga/1/110241l.jpg
1452,Naita Oni-Musume,,泣いた鬼娘,One-shot,356,5.96,2013,https://cdn.myanimelist.net/images/manga/3/94163l.jpg
1454,Bakunyuu Boin Mama♥,,爆乳母淫ママ♥,Doujinshi,355,,2013,https://cdn.myanimelist.net/images/manga/2/133695l.jpg
1454,Sexy School Infirmary,,Sexy School Infirmary セクシー・スクール・インファーマリー,One-shot,355,6.63,2013,https://cdn.myanimelist.net/images/manga/3/161430l.jpg
1456,Christmas no Sono Mae ni,,クリスマスのその前に,One-shot,354,6.49,2013,https://cdn.myanimelist.net/images/manga/2/149715l.jpg
1456,Higajo no Mon,,ヒガジョの門,One-shot,354,6.59,2013,https://cdn.myanimelist.net/images/manga/3/96205l.jpg
1456,Niizuma Osenaka Nagashimasu,,にーづまお背中流します,Manga,354,6.87,2013,https://cdn.myanimelist.net/images/manga/1/166378l.jpg
1456,Passiomaid Sister,,Passiomaid Sister,One-shot,354,6.49,2013,https://cdn.myanimelist.net/images/manga/2/137023l.jpg
1456,Tenshi na Anego,,天使なアネゴ,One-shot,354,6.64,2013,https://cdn.myanimelist.net/images/manga/2/97083l.jpg
1461,Afureru made shite♥,,あふれるまでシて♥,Manga,353,,2013,https://cdn.myanimelist.net/images/manga/2/154880l.jpg
1461,Boku no Ojiichan wa Hen na Hanashi suru!,My Grandpa's Stories Can't Be This Weird!,僕のおじいちゃんが変な話する！,Manga,353,6.75,2013,https://cdn.myanimelist.net/images/manga/3/131073l.jpg
1461,Kiss shitemo Ii Koro,When I can give you my kiss,キスしてもいいころ,Manga,353,,2013,https://cdn.myanimelist.net/images/manga/1/164449l.jpg
1464,Bewitching Smile,,BEWITCHING SMILE,One-shot,352,6.54,2013,https://cdn.myanimelist.net/images/manga/2/108867l.jpg
1464,Onigiri,,鬼斬,Manga,352,,2013,https://cdn.myanimelist.net/images/manga/2/127581l.jpg
1466,Midara na Nettaigyo,Indecent Tropical fish,みだらな熱帯魚,Manga,351,,2013,https://cdn.myanimelist.net/images/manga/1/116385l.jpg
1466,Otogi,Otogi: Tales of Humans and Demons,御伽,Manga,351,,2013,https://cdn.myanimelist.net/images/manga/3/225645l.jpg
1468,Kokuyou no Sheikh wa Ai wo Sasayaku,,黒燿のシークは愛を囁く,Manga,349,,2013,https://cdn.myanimelist.net/images/manga/3/159978l.jpg
1469,Kirugumi,,キルぐみ,Light Novel,348,,2013,https://cdn.myanimelist.net/images/manga/2/160739l.jpg
1470,Junjou Love Punch,Pure Heart Love Punch,純情ラブパンチ,Manga,347,,2013,https://cdn.myanimelist.net/images/manga/3/160383l.jpg
1470,"Kanojo wa, Boku no Tokushu Seiheki wo Subete Uketomete Kureru.",,彼女は、僕の特殊性癖を全て受け止めてくれる。,Manga,347,,2013,https://cdn.myanimelist.net/images/manga/2/146429l.jpg
1470,Kyou kara Shimobe!,,今日からシモベ！,One-shot,347,6.59,2013,https://cdn.myanimelist.net/images/manga/1/99907l.jpg
1473,Love x Wanko,,愛×野獣（らぶわんこ）,Manga,346,,2013,https://cdn.myanimelist.net/images/manga/3/166414l.jpg
1473,Shiro,,白,One-shot,346,5.47,2013,https://cdn.myanimelist.net/images/manga/4/341089l.jpg
1473,Watashi no Himitsu,,わたしのひみつ,Doujinshi,346,,2013,https://cdn.myanimelist.net/images/manga/2/108207l.jpg
1476,Ten ni Kou,,天に恋う,Manga,345,,2013,https://cdn.myanimelist.net/images/manga/1/166419l.jpg
1476,Tounan Kadobeya,,東南角部屋,Manga,345,,2013,https://cdn.myanimelist.net/images/manga/3/139589l.jpg
1478,Aikata no Aishikata,,相方の愛しかた,Manga,343,,2013,https://cdn.myanimelist.net/images/manga/3/157233l.jpg
1478,Nikubenki-kun no Ichinichi,,肉便器くんの一日,Doujinshi,343,6.29,2013,https://cdn.myanimelist.net/images/manga/1/101945l.jpg
1480,Haha wa Buzama ni Koshi wo Furu: Gogo no Seibo-tachi,,母はブザマに腰を振る～午後の性母たち～,Manga,342,,2013,https://cdn.myanimelist.net/images/manga/1/153651l.jpg
1481,3-nin Asobi: Ore to Charao to Junjou Wanko,,3人遊び -俺とチャラ男と純情ワンコ-,Manga,341,,2013,https://cdn.myanimelist.net/images/manga/2/97273l.jpg
1481,Boku no Joshiryoku wa Ano Ko no Pantsu ni Tsumatteiru.,,ボクの女子力はあの娘のパンツに詰まっている。,Manga,341,,2013,https://cdn.myanimelist.net/images/manga/2/160698l.jpg
1483,Nanashi wa Ittai Dare deshou?,,名無しは一体誰でしょう?,Manga,339,,2013,https://cdn.myanimelist.net/images/manga/3/107513l.jpg
1483,Oishii Oniku no Meshiagarikata,'How to eat delicious meat',おいしいお肉の召し上がり方,Manga,339,,2013,https://cdn.myanimelist.net/images/manga/3/97929l.jpg
1485,Katagiri Shimai,,片桐姉妹,One-shot,338,6.75,2013,https://cdn.myanimelist.net/images/manga/1/98037l.jpg
1486,Steve Jobs,,スティーブ・ジョブズ,Manga,337,,2013,https://cdn.myanimelist.net/images/manga/1/197237l.jpg
1486,Yuujou ka Yokujou ka!?,,友情か欲情かっ！？,One-shot,337,6.89,2013,https://cdn.myanimelist.net/images/manga/2/97091l.jpg
1488,Torotoro no Koi,,とろとろの恋,Manga,336,,2013,https://cdn.myanimelist.net/images/manga/1/190888l.jpg
1488,Tsubakirou Cantarella,,椿楼カンタレラ,Manga,336,6.65,2013,https://cdn.myanimelist.net/images/manga/2/154761l.jpg
1490,"Renai 3-jigen Debut: 30-sai Otaku Mangaka, Kekkon e no Michi.",,恋愛3次元デビュー ～30歳オタク漫画家、結婚への道。～,Manga,335,,2013,https://cdn.myanimelist.net/images/manga/2/128591l.jpg
1491,"Blue Moon, Blue: Between the Sheets",,"Blue Moon, Blue ～between the sheets～",Manga,334,6.74,2013,https://cdn.myanimelist.net/images/manga/1/223609l.jpg
1492,Colossus Order,,COLOSSUS ORDER コロッサス・オーダー,Manga,333,,2013,https://cdn.myanimelist.net/images/manga/1/137657l.jpg
1492,Okujou de Kimi to Yume Miru,,屋上で君と夢見る,One-shot,333,6.49,2013,https://cdn.myanimelist.net/images/manga/2/144427l.jpg
1494,Girl's Domination,,ガールズドミネイション,Manga,332,6.51,2013,https://cdn.myanimelist.net/images/manga/1/327039l.jpg
1495,Kiritorisen,,キリトリセン,One-shot,331,6.26,2013,https://cdn.myanimelist.net/images/manga/3/111507l.jpg
1495,Tayun♪Purun♬Monyun♥,,たゆん♪ぷるん♬もにゅん♥,Manga,331,,2013,https://cdn.myanimelist.net/images/manga/2/133815l.jpg
1497,Loli Gurui,,ろりぐるい,Manga,330,,2013,https://cdn.myanimelist.net/images/manga/1/100037l.jpg
1497,Yoru Yoru Soba ni,In the Night Comes a Girl,夜よる傍に,Manga,330,6.52,2013,https://cdn.myanimelist.net/images/manga/2/221496l.jpg
1499,Devil Survivor 2: The Animation - Kujiraza no Prequel,Devil Survivor 2 The Animation CETUS's PREQUEL,DEVIL SURVIVOR 2 the ANIMATION: くじら座のプリクエル,Light Novel,329,,2013,https://cdn.myanimelist.net/images/manga/3/134035l.jpg
1500,Fukuda Ayano Monogatari,,福田彩乃物語,One-shot,328,6.25,2013,https://cdn.myanimelist.net/images/manga/1/89093l.jpg
1500,Ilya,,ilya 일리아,Manhwa,328,,2013,https://cdn.myanimelist.net/images/manga/2/136125l.jpg
1500,Imouto Kansatsu Nikki,The Record of Sex with My Sister,妹姦察日記,Manga,328,,2013,https://cdn.myanimelist.net/images/manga/3/160392l.jpg
1500,Mesuochi Z: Kyousei Ninkatsu Haigou Zukan,,メスオチＺ～強制妊活配合図鑑～,Manga,328,,2013,https://cdn.myanimelist.net/images/manga/3/161841l.jpg
1504,Killer: Unparalleled Freedom,,殺手 無與倫比的自由,Manhua,327,,2013,https://cdn.myanimelist.net/images/manga/2/271851l.jpg
1504,Suki Yanen kedo Dou Yaro ka,"Although I Love You, and You?",好きやねんけどどうやろか,Manga,327,6.64,2013,https://cdn.myanimelist.net/images/manga/2/247147l.jpg
1506,Futari no Himitsu,,ふたりのひみつ,Manga,325,,2013,https://cdn.myanimelist.net/images/manga/2/203542l.jpg
1506,Man x Koi: Ero Manga de Hajimaru Koi no Plot,,まん×こい,Manga,325,,2013,https://cdn.myanimelist.net/images/manga/1/150173l.jpg
1506,Ore no Neesan...,,俺の義姉（ねえ）さん…,Manga,325,,2013,https://cdn.myanimelist.net/images/manga/1/146427l.jpg
1506,Rikijo,,りきじょ,Manga,325,,2013,https://cdn.myanimelist.net/images/manga/1/174045l.jpg
1510,Himitsu♥Kango,,秘蜜♥看護,One-shot,324,6.37,2013,https://cdn.myanimelist.net/images/manga/1/115945l.jpg
1510,Mucchiri Megaton,,むっちりメガ豚〈トン〉,Manga,324,,2013,https://cdn.myanimelist.net/images/manga/1/153645l.jpg
1510,Nagisa Shokudou,,なぎさ食堂,Manga,324,,2013,https://cdn.myanimelist.net/images/manga/1/149054l.jpg
1513,Eh? Heibon desu yo??,,えっ? 平凡ですよ??,Light Novel,323,,2013,https://cdn.myanimelist.net/images/manga/2/186486l.jpg
1513,Horobi Club: Cool-kyou Shinja Tanpenshuu,Horobi Club: The Collected Short Stories - Coolkyou Siinjya,ホロビクラブ～クール教信者短編集～,Manga,323,,2013,https://cdn.myanimelist.net/images/manga/3/249071l.jpg
1513,Love Tutorial,,ラブチュートリアル,Manga,323,,2013,https://cdn.myanimelist.net/images/manga/2/107067l.jpg
1513,Toshokan de Suteru!!,,図書姦DEステル！！,One-shot,323,6.5,2013,https://cdn.myanimelist.net/images/manga/2/100017l.jpg
1513,Yuki ni Tsubasa: Haru,,雪にツバサ・春,Manga,323,,2013,https://cdn.myanimelist.net/images/manga/3/131589l.jpg
1518,Kanojo to Yukata de Natsu no Yoru,,カノジョと浴衣で夏ノ夜,One-shot,322,6.56,2013,https://cdn.myanimelist.net/images/manga/3/107047l.jpg
1518,Saihate no Amrita,Amrita of the Farthest Land,最果てのアムリタ,Manga,322,6.99,2013,https://cdn.myanimelist.net/images/manga/1/186295l.jpg
1518,Zenana Biyaku Choukyou: Nikubenki Collection,,全穴媚薬調教 肉便器コレクション,Manga,322,,2013,https://cdn.myanimelist.net/images/manga/2/305651l.jpg
1521,Bartender à Tokyo,,バーテンダー a Tokyo,Manga,321,,2013,https://cdn.myanimelist.net/images/manga/1/215961l.jpg
1522,Original Chronicle Mahou Shoujo Lyrical Nanoha The 1st,,ORIGINAL CHRONICLE 魔法少女リリカルなのは The 1st,Manga,320,,2013,https://cdn.myanimelist.net/images/manga/1/128047l.jpg
1522,Zannen Ouji to Dokuzetsu Ninpu,,残念王子と毒舌妊婦,One-shot,320,6.51,2013,https://cdn.myanimelist.net/images/manga/2/100035l.jpg
1524,Charao-kun to Haraguro-kun no Himitsu,,チャラ男くんと腹黒くんの秘密,Manga,319,6.55,2013,https://cdn.myanimelist.net/images/manga/1/224738l.jpg
1525,Honoo no Haramase Oppai Nyuu Doukyuusei: Oppai mo Haramase! New Class Zenin Harama Sensation!,,炎の孕ませおっぱい乳同級生～おっぱいも孕ませ！ 乳（new）クラス全員孕まセンセーション！～,Light Novel,316,,2013,https://cdn.myanimelist.net/images/manga/2/120789l.jpg
1525,Yabai Me de Minna yo!!,,ヤバイ目で見ンなよ!!,Manga,316,6.65,2013,https://cdn.myanimelist.net/images/manga/1/91825l.jpg
1527,Oyako no Ori,,母娘の檻,Doujinshi,315,,2013,https://cdn.myanimelist.net/images/manga/2/161188l.jpg
1528,Josounin Hibana,,女装忍緋華,Doujinshi,314,6.44,2013,https://cdn.myanimelist.net/images/manga/3/145895l.jpg
1528,Kegareta Seishi de Shikyuu ga Panpan!,,穢れた精子で子宮がパンパン！,Manga,314,,2013,https://cdn.myanimelist.net/images/manga/2/160373l.jpg
1528,Monogatari no Naka no Hito,,物語の中の人,Light Novel,314,,2013,https://cdn.myanimelist.net/images/manga/2/130959l.jpg
1528,Nightmare Express,,ナイトメア・エクスプレス,Manga,314,,2013,https://cdn.myanimelist.net/images/manga/1/144827l.jpg
1528,Risou no Yuuwaku,Temptation of an Ideal,理想の誘惑,Manga,314,6.81,2013,https://cdn.myanimelist.net/images/manga/3/165101l.jpg
1533,Sayonara Fairies,,サヨナラ フェアリーズ,Manga,313,,2013,https://cdn.myanimelist.net/images/manga/1/94427l.jpg
1534,Are na Kare to no Kurashikata,,oo【アレ】な彼との暮らし方,One-shot,312,5.87,2013,https://cdn.myanimelist.net/images/manga/3/90009l.jpg
1534,Fair Bianca,,フェアビアンカ,Manga,312,,2013,https://cdn.myanimelist.net/images/manga/3/101589l.jpg
1534,Hitozuma Kari,,ヒトヅマカリ,Doujinshi,312,,2013,https://cdn.myanimelist.net/images/manga/2/160345l.jpg
1534,Suki Kirai,,スキキライ,Light Novel,312,,2013,https://cdn.myanimelist.net/images/manga/2/179369l.jpg
1534,Tsuki to Odoriko,,月と踊り子,One-shot,312,6.69,2013,https://cdn.myanimelist.net/images/manga/1/107043l.jpg
1539,Akogare no Senpai ni xxx ga Haete Boku no Oshiri ga Yabai.,,憧れの先輩に×××が生えて僕のお尻がヤバイ。,Doujinshi,311,6.35,2013,https://cdn.myanimelist.net/images/manga/2/146183l.jpg
1539,Kashiwagi Kyoudai no Renai Jijou,,柏木兄弟の恋愛事情,Manga,311,,2013,https://cdn.myanimelist.net/images/manga/2/134717l.jpg
1539,New Normal: Class 8,New Normal: Class 8,평범한 8반,Manhwa,311,6.74,2013,https://cdn.myanimelist.net/images/manga/1/262809l.jpg
1542,Petshop of Horrors: Passage-hen,,Petshop of Horrors パサージュ編,Manga,310,,2013,https://cdn.myanimelist.net/images/manga/3/281086l.jpg
1542,Pocha Waki Bitch,,ぽちゃワキびっち,Manga,310,,2013,https://cdn.myanimelist.net/images/manga/3/150322l.jpg
1544,Akihabara Dungeon Bouken Kitan,Adventure Legends in Akihabara Dungeon,秋葉原ダンジョン冒険奇譚,Light Novel,308,,2013,https://cdn.myanimelist.net/images/manga/1/120751l.jpg
1544,Ankoku Gakkou,,暗黒学校,Manga,308,,2013,https://cdn.myanimelist.net/images/manga/3/265853l.jpg
1544,Boku no Trauma Red,Red: My Superhero,ぼくのトラウマレッド,Manga,308,6.62,2013,https://cdn.myanimelist.net/images/manga/3/238693l.jpg
1547,ATM no Naka no Otoko,,ATMの中の男,One-shot,307,6.6,2013,https://cdn.myanimelist.net/images/manga/3/245821l.jpg
1547,Fudoutoku Sex,,不道徳SEX,Manga,307,,2013,https://cdn.myanimelist.net/images/manga/2/146433l.jpg
1547,No Sex No Teens!,,NO SEX NO TEENS!,Doujinshi,307,6.38,2013,https://cdn.myanimelist.net/images/manga/3/129749l.jpg
1550,Bara no Oniwa no Kemono-tachi,Cat & Dog in Rose Garden,ばらのお庭のけものたち,Manga,306,6.73,2013,https://cdn.myanimelist.net/images/manga/2/228902l.jpg
1550,Futari no Kaihoubi,,ふたりの開放日,Doujinshi,306,,2013,https://cdn.myanimelist.net/images/manga/1/108209l.jpg
1550,Taimanin Asagi 3: Saikyou no Taimanin - Igawa Asagi-hen,,対魔忍アサギ3 最強の対魔忍~井河アサギ編~,Light Novel,306,,2013,https://cdn.myanimelist.net/images/manga/2/166175l.jpg
1553,"Dakara Kamisama, Boku ni shika Mienai Chiisana Koibito wo Kudasai.",,だから神様、ボクにしか見えないちいさな恋人をください。,Manga,305,,2013,https://cdn.myanimelist.net/images/manga/3/219644l.jpg
1553,Hoshigari GF,,ほしがりGF,Manga,305,,2013,https://cdn.myanimelist.net/images/manga/1/330454l.jpg
1553,Kantai Collection: Side:Kongou,,艦隊これくしょん ‐艦これ‐ side:金剛,Manga,305,,2013,https://cdn.myanimelist.net/images/manga/2/128421l.jpg
1556,God Eater 2,,GOD EATER 2,Manga,304,,2013,https://cdn.myanimelist.net/images/manga/3/235358l.jpg
1556,The Broken Knightmare,,THE BROKEN KNIGHTMARE,Doujinshi,304,,2013,https://cdn.myanimelist.net/images/manga/3/153595l.jpg
1556,Trench Flowers,,トレンチフラワーズ,Manga,304,,2013,https://cdn.myanimelist.net/images/manga/1/210398l.jpg
1559,Kaeru no Ossan,Old Man Frog,蛙のおっさん,Manga,303,,2013,https://cdn.myanimelist.net/images/manga/1/124831l.jpg
1560,Ameri-chan Dream,,あめりちゃんどり～む,Doujinshi,302,6.0,2013,https://cdn.myanimelist.net/images/manga/1/191193l.jpg
1560,Boku to Kanojo no Offline,,僕と彼女のオフライン,One-shot,302,6.58,2013,https://cdn.myanimelist.net/images/manga/1/107103l.jpg
1560,Kocchi Muite! Sensei,,こっちむいて！先生,One-shot,302,6.74,2013,https://cdn.myanimelist.net/images/manga/3/98561l.jpg
1560,Uri Uri JK,,ウリ売春（ウリ）JK,Manga,302,,2013,https://cdn.myanimelist.net/images/manga/2/150151l.jpg
1564,Yaritai Koto wo Yarimashou,,やりたいことをヤりましょう,Manga,301,7.0,2013,https://cdn.myanimelist.net/images/manga/2/150278l.jpg
1565,Craft Girl,,クラフトガール,Manga,300,6.19,2013,https://cdn.myanimelist.net/images/manga/3/149059l.jpg
1565,"Please, Marry Me!!",,"please, marry me!!",Manga,300,,2013,https://cdn.myanimelist.net/images/manga/1/231858l.jpg
1565,Rokuchou-nen to Ichiya Monogatari,A Tale of Six Trillion Years and a Night,六兆年と一夜物語,Light Novel,300,,2013,https://cdn.myanimelist.net/images/manga/1/138355l.jpg
1565,Seikoku no Ryuu to Powder Kiss,,聖黒の龍と火薬の儀式〈パウダーキス〉,Light Novel,300,,2013,https://cdn.myanimelist.net/images/manga/1/177494l.jpg
1569,Aoku Kiyoku,"Blue, clean",青く清く,Manga,298,6.74,2013,https://cdn.myanimelist.net/images/manga/3/194357l.jpg
1570,Chew and Swallow,Chew and Swallow,씹어 삼키다,Manhwa,297,,2013,https://cdn.myanimelist.net/images/manga/2/264796l.jpg
1571,Inu to Watashi no Kazoku Jijou,,狼〈イヌ〉と私の家族事情,One-shot,296,6.74,2013,https://cdn.myanimelist.net/images/manga/3/226632l.jpg
1571,Naisho no Murikuri,,ないしょのむりくり,Manga,296,6.37,2013,https://cdn.myanimelist.net/images/manga/3/248865l.jpg
1571,Natsu Neiro,,夏音色,One-shot,296,6.21,2013,https://cdn.myanimelist.net/images/manga/2/166311l.jpg
1574,Coward Cross World,,カワードクロスワールド,One-shot,295,6.66,2013,https://cdn.myanimelist.net/images/manga/2/240710l.jpg
1574,Hitotsu no Tairiku no Monogatari: Allison to Will to Lillia to Treize to Meg to Seron to Sono Hoka,,一つの大陸の物語 ～アリソンとヴィルとリリアとトレイズとメグとセロンとその他～,Light Novel,295,,2013,https://cdn.myanimelist.net/images/manga/2/128887l.jpg
1574,Ikkyuu Tensai no Kiwamete Fuhoni na Meisuiri,Tensai's Reluctant Deduction,壱級天災の極めて不本意な名推理,Light Novel,295,,2013,https://cdn.myanimelist.net/images/manga/3/195198l.jpg
1577,Buddy!!!,,バディ!!!,Manga,293,,2013,https://cdn.myanimelist.net/images/manga/3/158097l.jpg
1577,Chevalière,,しゅばりえーる,Manga,293,,2013,https://cdn.myanimelist.net/images/manga/3/149971l.jpg
1577,Miho to Yuuko,,ミホとユーコ,Manga,293,6.63,2013,https://cdn.myanimelist.net/images/manga/2/189428l.jpg
1577,Miyamoto-san Maji de Yamete Kudasai,"Stop please, Miyamoto-san!",宮本さん本気〈マジ〉でヤメてくださいっ,Manga,293,,2013,https://cdn.myanimelist.net/images/manga/1/151012l.jpg
1581,Bi Daniku Endo,,美駄肉艶奴,Manga,292,,2013,https://cdn.myanimelist.net/images/manga/2/160657l.jpg
1581,Free Draw,,프리드로우,Manhwa,292,,2013,https://cdn.myanimelist.net/images/manga/2/279241l.jpg
1581,Hentai Kamen Second,,HENTAI KAMEN S -ヘンタイカメン セカンド-,One-shot,292,,2013,https://cdn.myanimelist.net/images/manga/3/182340l.jpg
1581,Senjou no Mahoutsukai,The Wizard of battlefield,戦場の魔法使い,Manga,292,,2013,https://cdn.myanimelist.net/images/manga/1/161666l.jpg
1581,Shiinamachi-senpai no Anzenbi,,椎名町先輩の安全日,Light Novel,292,,2013,https://cdn.myanimelist.net/images/manga/2/158711l.jpg
1586,Boku no Gakuen Seikatsu wa Mada Hajimatta Bakari da!,,僕の学園生活はまだ始まったばかりだ!,Light Novel,291,,2013,https://cdn.myanimelist.net/images/manga/2/163867l.jpg
1586,Hatsukoi Elektra,,発恋エレクトラ,Manga,291,6.8,2013,https://cdn.myanimelist.net/images/manga/1/141783l.jpg
1586,Koi-iro Diary,,恋色ダイアリー,Manga,291,,2013,https://cdn.myanimelist.net/images/manga/1/101901l.jpg
1589,Hatsukoi Double Edge,A Devotion That Changes Worlds,初恋ダブルエッジ,Manga,290,,2013,https://cdn.myanimelist.net/images/manga/2/203194l.jpg
1589,Wagamama Oppai♥,,わがままオッパイ♥,Manga,290,,2013,https://cdn.myanimelist.net/images/manga/1/125823l.jpg
1591,H na Man-￮ no Tsukurikata,,Hなマン○の作り方,Manga,289,,2013,https://cdn.myanimelist.net/images/manga/2/108199l.jpg
1591,Minase Youmu to Hontou wa Kowai Cthulhu Shinwa,,水瀬陽夢と本当はこわいクトゥルフ神話,Manga,289,,2013,https://cdn.myanimelist.net/images/manga/3/110883l.jpg
1593,Houkago Tokubetsu Saimin Gakushuu,,放課後特別催眠学習,Doujinshi,288,,2013,https://cdn.myanimelist.net/images/manga/3/160312l.jpg
1593,Suikan Muchuu,,睡姦夢中,One-shot,288,,2013,https://cdn.myanimelist.net/images/manga/1/109423l.jpg
1595,Gunka no Baltzar Gaiden: Yuukoku no Liebknecht,,軍靴のバルツァー外伝 憂国のリープクネヒト,Manga,287,,2013,https://cdn.myanimelist.net/images/manga/2/154932l.jpg
1596,Loli Bocchi.,,ろりぼっち。,Manga,286,,2013,https://cdn.myanimelist.net/images/manga/1/192945l.jpg
1596,My Nasty Sister,,my nasty sister,One-shot,286,6.14,2013,https://cdn.myanimelist.net/images/manga/1/114423l.jpg
1596,Sensei Anone....,,せんせいあのね・・・。,Doujinshi,286,,2013,https://cdn.myanimelist.net/images/manga/1/101777l.jpg
1596,Taimanin Asagi 3: Koutetsu no Shinigami - Kokawa Asuka-hen,,対魔忍アサギ3 鋼鉄の死神~甲河アスカ編~,Light Novel,286,,2013,https://cdn.myanimelist.net/images/manga/3/166174l.jpg
1600,Homunculus no Musume,,ホムンクルスの娘,Manga,285,,2013,https://cdn.myanimelist.net/images/manga/2/114535l.jpg
1600,Sumikko no Futari,,すみっこのふたり,One-shot,285,6.2,2013,https://cdn.myanimelist.net/images/manga/3/187847l.jpg
1602,Kanojo no Carrera RS,My Favorite Carrera RS,彼女のカレラRS,Manga,284,,2013,https://cdn.myanimelist.net/images/manga/3/171096l.jpg
1602,Mama ni Sukumizu,,ママにスク水,Doujinshi,284,,2013,https://cdn.myanimelist.net/images/manga/3/160455l.jpg
1604,Fantasista Doll,,ファンタジスタドール,Manga,283,,2013,https://cdn.myanimelist.net/images/manga/1/148019l.jpg
1605,Aurora,AURORA,AURORA,Doujinshi,282,6.18,2013,https://cdn.myanimelist.net/images/manga/1/150137l.jpg
1605,Impatiens,,インパチェンス,One-shot,282,6.48,2013,https://cdn.myanimelist.net/images/manga/1/89797l.jpg
1605,Juui-san no Oshigoto in Isekai,A Veterinarian in Another World,獣医さんのお仕事 in異世界,Light Novel,282,,2013,https://cdn.myanimelist.net/images/manga/1/194513l.jpg
1608,Lance N' Masques,,Lance N' Masques （ランス・アンド・マスクス）,Light Novel,281,,2013,https://cdn.myanimelist.net/images/manga/2/123117l.jpg
1608,Mata Kimi ni Koi wo Suru,I Can't Help Falling in Love,また君に恋をする,Manga,281,6.41,2013,https://cdn.myanimelist.net/images/manga/3/222656l.jpg
1610,Berry's,,Berry's,Manga,280,,2013,https://cdn.myanimelist.net/images/manga/1/150599l.jpg
1610,Gekijouban Hunter x Hunter: Phantom Rouge,,劇場版 HUNTER×HUNTER 緋色の幻影〈ファントム・ルージュ〉,Light Novel,280,,2013,https://cdn.myanimelist.net/images/manga/1/298268l.jpg
1610,Hitozuma Onna Kyoushi Main-san,,人妻女教師まいんさん,Manga,280,,2013,https://cdn.myanimelist.net/images/manga/2/168479l.jpg
1610,Kanazuchi na Joou-sama,,金づちな女王様,One-shot,280,,2013,https://cdn.myanimelist.net/images/manga/2/125847l.jpg
1610,Kanojo no Carrera RS 0,My Favorite Carrera RS 0,彼女のカレラRS 0,Manga,280,,2013,https://cdn.myanimelist.net/images/manga/1/171095l.jpg
1610,Kenzen Robo Daimidaler OGS,,健全ロボ ダイミダラーOGS,Manga,280,,2013,https://cdn.myanimelist.net/images/manga/2/124091l.jpg
1610,Meitantei Conan: Shikkoku no Chaser,Detective Conan the Movie: The Raven Chaser,名探偵コナン 漆黒の追跡者〈チェイサー〉,Manga,280,,2013,https://cdn.myanimelist.net/images/manga/1/240193l.jpg
1610,Strike Witches: Dai-501 Tougou Sentou Koukuudan,,ストライクウィッチーズ 第501統合戦闘航空団,Manga,280,,2013,https://cdn.myanimelist.net/images/manga/1/163951l.jpg
1618,Dekapai,Big Boobs Police,刑事π〈デカパイ〉,Manga,278,,2013,https://cdn.myanimelist.net/images/manga/3/197899l.jpg
1618,Sekai kara Neko ga Kieta nara,,世界から猫が消えたなら,Manga,278,,2013,https://cdn.myanimelist.net/images/manga/2/173808l.jpg
1620,Kyuu: neuntöte,,九～neuntöte～,Manga,277,,2013,https://cdn.myanimelist.net/images/manga/3/139493l.jpg
1621,Taberarechau-kei Danshi.,,食べられちゃう系男子。,Manga,276,6.38,2013,https://cdn.myanimelist.net/images/manga/3/223523l.jpg
1622,Death Trap,,DEATH TRAP,Manhwa,275,5.56,2013,https://cdn.myanimelist.net/images/manga/2/107241l.jpg
1622,Pocket Monsters XY: Pokemon Ryuuouden,,ポケットモンスターX・Y ポケモン竜王伝,Manga,275,,2013,https://cdn.myanimelist.net/images/manga/1/222640l.jpg
1624,Momo,,MOMO,Manga,274,6.5,2013,https://cdn.myanimelist.net/images/manga/1/223903l.jpg
1625,Able,,ABLE,Manga,273,,2013,https://cdn.myanimelist.net/images/manga/2/149121l.jpg
1625,Hadaka no Makyou,,裸の魔境,One-shot,273,6.18,2013,https://cdn.myanimelist.net/images/manga/3/113527l.jpg
1625,Inu to Kakezuki,The Dog and Waning Moon,犬と欠け月,Manga,273,,2013,https://cdn.myanimelist.net/images/manga/2/228140l.jpg
1625,Konya wa Kimi no BabyDoll,,今夜は君のBabyDoll,Doujinshi,273,,2013,https://cdn.myanimelist.net/images/manga/2/146173l.jpg
1625,Ojamajo Doremi 17,,おジャ魔女どれみ17,Light Novel,273,,2013,https://cdn.myanimelist.net/images/manga/1/138245l.jpg
1625,"Sono Gakusai, Inran Otoko no Ko Kyakuhiki Chuui!",,その学祭、淫乱男の娘客引き注意！,Doujinshi,273,,2013,https://cdn.myanimelist.net/images/manga/2/130645l.jpg
1625,Suisei no Gargantia Gaiden: Shounen to Kyojin,,翠星のガルガンティア 外伝・少年と巨人,Light Novel,273,,2013,https://cdn.myanimelist.net/images/manga/2/116369l.jpg
1625,Suppli Shichau?,,ズップリしちゃう？,Manga,273,,2013,https://cdn.myanimelist.net/images/manga/2/150227l.jpg
1633,Koi Sasayaite...,Whispering all the sweet things...,恋ささやいて…,Manga,272,,2013,https://cdn.myanimelist.net/images/manga/2/199251l.jpg
1633,Shigoite Ageru,,シゴいてアゲル,One-shot,272,6.55,2013,https://cdn.myanimelist.net/images/manga/1/160254l.jpg
1633,Taka to Tonbi to Aburaage,,タカとトンビと油アゲ,Manga,272,6.52,2013,https://cdn.myanimelist.net/images/manga/2/222915l.jpg
1633,Zero no Okite,,0の掟,One-shot,272,6.22,2013,https://cdn.myanimelist.net/images/manga/2/112759l.jpg
1637,Fancy May Kill or Cure,,Fancy may kill or cure,One-shot,271,6.45,2013,https://cdn.myanimelist.net/images/manga/3/171505l.jpg
1637,Shingeki no Bahamut: Mystalsia Saga,Rage of Bahamut: Mystalsia Saga,神撃のバハムート ミスタルシアサーガ,Manga,271,,2013,https://cdn.myanimelist.net/images/manga/2/201201l.jpg
1637,"Suki, dakara Furetai.",I Want To Feel You Because I Like You,好き、だから触れたい。,Manga,271,6.29,2013,https://cdn.myanimelist.net/images/manga/3/245923l.jpg
1640,One Kano,,年上彼女(おねカノ),Manga,270,,2013,https://cdn.myanimelist.net/images/manga/2/139447l.jpg
1640,Robot Girls Z,,ロボットガールズZ,Manga,270,,2013,https://cdn.myanimelist.net/images/manga/1/194996l.jpg
1642,Hatsuiki☆Syndrome,,初イキ☆しんどろーむっ,Manga,269,,2013,https://cdn.myanimelist.net/images/manga/1/122097l.jpg
1642,Jidori Girl!,,自撮りガール!,Manga,269,,2013,https://cdn.myanimelist.net/images/manga/3/238423l.jpg
1642,Kakumeiki Valvrave: Uragiri no Rakuin,,革命機ヴァルヴレイヴ 裏切りの烙印,Manga,269,,2013,https://cdn.myanimelist.net/images/manga/1/113789l.jpg
1642,Koi wa Genjitsu Shugi de Yumemigachi,Realism and Dreamy,恋は現実主義で夢みがち,Manga,269,,2013,https://cdn.myanimelist.net/images/manga/2/215754l.jpg
1642,Tasogare Takako,,たそがれたかこ,Manga,269,,2013,https://cdn.myanimelist.net/images/manga/3/168722l.jpg
1642,Toritate-ya Onihime vs. Mougyuu Fuck!,,取立屋鬼姫VS猛牛FUCK！,One-shot,269,,2013,https://cdn.myanimelist.net/images/manga/1/116555l.jpg
1648,Oni ga Warau,,鬼が笑う,One-shot,268,6.48,2013,https://cdn.myanimelist.net/images/manga/2/112287l.jpg
1648,Shounen Collect,,少年コレクト,Manga,268,,2013,https://cdn.myanimelist.net/images/manga/2/109941l.jpg
1650,Air Ecchi!,,えあエッチ！,Manga,267,,2013,https://cdn.myanimelist.net/images/manga/2/150647l.jpg
1651,Aimitsu Yuugi,,愛蜜遊戯,Manga,266,,2013,https://cdn.myanimelist.net/images/manga/1/255723l.jpg
1651,Amari ni Kaichou ga Are nanode.,,あまりに会長がアレなので。,One-shot,266,,2013,https://cdn.myanimelist.net/images/manga/2/176072l.jpg
1651,Jingai Shota Soushuuhen: Ajin Shounen,,人外ショタ総集編 亜人少年,Doujinshi,266,,2013,https://cdn.myanimelist.net/images/manga/2/168933l.jpg
1651,Renai☆SLG,,恋愛☆SLG〈スター・ライト・ガール〉,Manga,266,,2013,https://cdn.myanimelist.net/images/manga/2/120095l.jpg
1655,Itsumo Oujisama ga,,いつも王子様が,Manga,265,6.55,2013,https://cdn.myanimelist.net/images/manga/3/205393l.jpg
1655,Kimi to Nakayoshi,,キミとナカよし,Manga,265,,2013,https://cdn.myanimelist.net/images/manga/3/155102l.jpg
1655,Nakimushi Buchou Makenaide! Hentai Seikotsu vs. Volleyball Buchou,,なきむし部長まけないで！～変態整骨院VSバレー部長～,Doujinshi,265,,2013,https://cdn.myanimelist.net/images/manga/1/161019l.jpg
1655,Polaris no Rakuin,,ポラリスの烙印,Manga,265,6.56,2013,https://cdn.myanimelist.net/images/manga/1/221348l.jpg
1655,Sore wa Himitsu desu,,それは秘密です,Manga,265,6.59,2013,https://cdn.myanimelist.net/images/manga/1/161183l.jpg
1660,Hakubo no Chronicle,,白暮のクロニクル,Manga,264,,2013,https://cdn.myanimelist.net/images/manga/2/166214l.jpg
1660,Sekigan no Shounen: Occult Maiden - Kage Shou,,隻眼ノ少年 オカルトメイデン～影章～,Manga,264,,2013,https://cdn.myanimelist.net/images/manga/2/114683l.jpg
1660,Sexual Lesson,,SEXUAL LESSON セクシル・レッスン,One-shot,264,,2013,https://cdn.myanimelist.net/images/manga/2/154890l.jpg
1663,Burgund Haneiyuutan,The anti heroic epic of Burgund,バーガント反英雄譚,Light Novel,263,,2013,https://cdn.myanimelist.net/images/manga/2/158588l.jpg
1663,Rinkan Biyaku Chuudoku: Nigeba Nashi! 1428-nin no Seito Zenin ni Sex Sareru Reijou Sayaka,,輪姦媚薬中毒 ～逃げ場無し！1428人の生徒全員にSEXされる令嬢沙也香～,Light Novel,263,,2013,https://cdn.myanimelist.net/images/manga/3/165982l.jpg
1665,Hoshi ni Negai wo,When You Wish upon a Star,ほしにねがいを,Manga,262,,2013,https://cdn.myanimelist.net/images/manga/3/134061l.jpg
1665,Houkago Aimashou,,ほうかご会いましょう,Doujinshi,262,,2013,https://cdn.myanimelist.net/images/manga/1/125833l.jpg
1665,Kyou wa Imouto ga Seme,,今日は妹が攻め,Doujinshi,262,,2013,https://cdn.myanimelist.net/images/manga/2/159925l.jpg
1665,Rinkan Glamorous,,凛姦グラマラス,Manga,262,,2013,https://cdn.myanimelist.net/images/manga/3/193333l.jpg
1665,Watashi ga Hentai ni Natta Riyuu,,私が変態になった理由,Manga,262,,2013,https://cdn.myanimelist.net/images/manga/1/160247l.jpg
1670,Boku no Pacostant,,ボクのパコスタント,One-shot,261,,2013,https://cdn.myanimelist.net/images/manga/2/110519l.jpg
1670,Kimi to H,,きみとえっち,Manga,261,,2013,https://cdn.myanimelist.net/images/manga/1/182706l.jpg
1670,Selections,,Selections,Doujinshi,261,,2013,https://cdn.myanimelist.net/images/manga/1/97451l.jpg
1673,A Compendium of Ghosts,A Compendium of Ghosts,신기록,Manhwa,260,,2013,https://cdn.myanimelist.net/images/manga/1/265404l.jpg
1673,Ao no Souyoku: Phantom of Dragon,,青の双翼～Phantom of Dragon～,Manga,260,,2013,https://cdn.myanimelist.net/images/manga/2/193146l.jpg
1673,Dokidoki! Precure,,ドキドキ! プリキュア,Manga,260,,2013,https://cdn.myanimelist.net/images/manga/2/235678l.jpg
1673,Netsuai,Ardent Love,熱愛,Manga,260,,2013,https://cdn.myanimelist.net/images/manga/3/223642l.jpg
1673,Vered no Rosemary,,ベレットのローズマリー,One-shot,260,6.49,2013,https://cdn.myanimelist.net/images/manga/2/130841l.jpg
1678,Thanatos no Shisha,,タナトスの使者,Manga,259,,2013,https://cdn.myanimelist.net/images/manga/3/116709l.jpg
1679,Deep Water - Shinen,,Deep Water〈深淵〉,Manga,258,,2013,https://cdn.myanimelist.net/images/manga/2/132577l.jpg
1679,Future Card Buddyfight,Future Card Buddyfight,フューチャーカード バディファイト,Manga,258,,2013,https://cdn.myanimelist.net/images/manga/2/180973l.jpg
1679,Life Ho,,인생은 강호,Manhwa,258,,2013,https://cdn.myanimelist.net/images/manga/4/103079l.jpg
1679,Mikado☆Boy,,ミカド☆ボーイ,Manga,258,,2013,https://cdn.myanimelist.net/images/manga/2/98055l.jpg
1679,Mujou no Sekki,,無生の刹鬼,One-shot,258,6.57,2013,https://cdn.myanimelist.net/images/manga/1/130349l.jpg
1684,Aoki Ao no Atopos,"Blue, Blue, Atopos",碧き青のアトポス,Manga,257,,2013,https://cdn.myanimelist.net/images/manga/3/146739l.jpg
1684,Rose Guns Days: Fukushuu wa Ougon no Kaori,,ROSE GUNS DAYS 復讐は黄金の香り,Manga,257,,2013,https://cdn.myanimelist.net/images/manga/1/115979l.jpg
1684,Yozora no Albireo,Albireo in the night sky,夜空のアルビレオ,One-shot,257,6.33,2013,https://cdn.myanimelist.net/images/manga/2/150825l.jpg
1687,Boku no Suki na Senpai,,僕の好きな先輩,Doujinshi,256,,2013,https://cdn.myanimelist.net/images/manga/3/115831l.jpg
1687,Loliman Complex,,ろりまん娘んぷれっくす,Manga,256,,2013,https://cdn.myanimelist.net/images/manga/1/101795l.jpg
1687,Mata ne.,,またね。,One-shot,256,6.04,2013,https://cdn.myanimelist.net/images/manga/3/141987l.jpg
1690,Ameshizuku,,雨雫,Manga,255,,2013,https://cdn.myanimelist.net/images/manga/1/222347l.jpg
1690,Crimson no Meikyuu,,クリムゾンの迷宮,Manga,255,,2013,https://cdn.myanimelist.net/images/manga/5/122335l.jpg
1690,Fire◎Flower: Juunintoiro ni Kagayaita Hibi,,Fire◎Flower: 十人十色に輝いた日々,Light Novel,255,,2013,https://cdn.myanimelist.net/images/manga/3/106277l.jpg
1690,Motto Nee Motto,,もっとねぇもっと,Manga,255,,2013,https://cdn.myanimelist.net/images/manga/3/205821l.jpg
1694,"3-byougo ni wa, Hoshigari no Kiss",We kiss in three seconds.,3秒後には、欲しがりのキス,Manga,254,,2013,https://cdn.myanimelist.net/images/manga/1/135447l.jpg
1694,Koisuru Daigo-sensei,,恋するダイゴ先生,Manga,254,6.49,2013,https://cdn.myanimelist.net/images/manga/3/236239l.jpg
1694,Koyujiru Cream Pie,,濃ゆ汁クリームパイ,Manga,254,,2013,https://cdn.myanimelist.net/images/manga/1/132283l.jpg
1697,Daikanojo,,大彼女,Manga,253,,2013,https://cdn.myanimelist.net/images/manga/2/226557l.jpg
1697,"Konya, Sensei no Ude no Naka",,今夜、先生の腕の中,Manga,253,,2013,https://cdn.myanimelist.net/images/manga/3/157734l.jpg
1697,Please Hold Me,,ぷりーずほーるどみー,One-shot,253,6.41,2013,https://cdn.myanimelist.net/images/manga/2/97557l.jpg
1700,Kaidan Is Dead,,怪談イズデッド,Manga,252,,2013,https://cdn.myanimelist.net/images/manga/1/188976l.jpg
1700,Nourin Petit,,のうりん プチ,Manga,252,,2013,https://cdn.myanimelist.net/images/manga/2/147677l.jpg
1700,Ore to Buka no Koi no Saki,"Me, My Trainee, and the Sequel to Our Love",俺と部下の恋の先,Manga,252,,2013,https://cdn.myanimelist.net/images/manga/3/127067l.jpg
1700,Umehara: To Live Is to Game,,ウメハラ To live is to game,Manga,252,,2013,https://cdn.myanimelist.net/images/manga/1/104139l.jpg
1704,Ame ga Yamu made,Until the Tears Stop,雨がやむまで,Manga,251,,2013,https://cdn.myanimelist.net/images/manga/1/199164l.jpg
1704,Erika,,エリカ,Manga,251,,2013,https://cdn.myanimelist.net/images/manga/3/317595l.jpg
1704,I Am Here for You,,I am here for you,One-shot,251,6.54,2013,https://cdn.myanimelist.net/images/manga/2/128399l.jpg
1704,Sexy♥Aroma♥Night,Sexy♥Aroma♥Night,SEXY♥アロマ♥NIGHT,Manga,251,,2013,https://cdn.myanimelist.net/images/manga/2/138411l.jpg
1708,Kachiku no Danran,Gatherings of livestock,家畜乃団欒（かちくのだんらん）,Manga,250,,2013,https://cdn.myanimelist.net/images/manga/1/161231l.jpg
1708,Onnanoko Touban Hajimemashita,,おんなのこ当番はじめました,Manga,250,,2013,https://cdn.myanimelist.net/images/manga/3/101825l.jpg
1708,Tomodachi no Uta,Song of Friends,ともだちのうた,Manga,250,,2013,https://cdn.myanimelist.net/images/manga/1/251284l.jpg
1708,Yareba Dekiruko,,ヤればデキる子,One-shot,250,,2013,https://cdn.myanimelist.net/images/manga/1/94099l.jpg
1712,Houkago no Sangatsu Usagi-tachi,,放課後の三月ウサギたち,Manga,249,,2013,https://cdn.myanimelist.net/images/manga/2/116717l.jpg
1712,Tokoharu no Shoujo-tachi,The Girls in the Eternal Spring,常春の少女たち,Manga,249,,2013,https://cdn.myanimelist.net/images/manga/1/143795l.jpg
1714,Amai Dousei Ai,,甘い同生愛,One-shot,248,,2013,https://cdn.myanimelist.net/images/manga/2/101839l.jpg
1714,Ginga Kikoutai Majestic Prince,,銀河機攻隊 マジェスティックプリンス,Manga,248,,2013,https://cdn.myanimelist.net/images/manga/3/172153l.jpg
1714,Kaitou Lupin Den: Aventurier,,怪盗ルパン伝 アバンチュリエ,Manga,248,,2013,https://cdn.myanimelist.net/images/manga/1/98641l.jpg
1717,Arigatou Oniichan: Seihin Chounan Manbiki Kyouhaku,,ありがとうお兄ちゃん～清貧長男万引き脅迫～,Doujinshi,247,,2013,https://cdn.myanimelist.net/images/manga/2/161020l.jpg
1717,"Grancrest Adept: Mushoku no Seijo, Soen no Kenshi",,グランクレスト・アデプト 無色の聖女、蒼炎の剣士,Light Novel,247,,2013,https://cdn.myanimelist.net/images/manga/1/162663l.jpg
1717,Ikenai Nee Chang,,いけない姉Chang,Manga,247,,2013,https://cdn.myanimelist.net/images/manga/2/119389l.jpg
1717,Love Master Peach,,LOVE MASTERぴ~ち,Manga,247,,2013,https://cdn.myanimelist.net/images/manga/1/113993l.jpg
1717,Mahou Shoujo Lyrical Nanoha: Material Musume. - Innocent,,魔法少女リリカルなのは マテリアル娘。 -INNOCENT-,Manga,247,,2013,https://cdn.myanimelist.net/images/manga/3/147261l.jpg
1717,Mitoubun: Haruba Negi Tanpenshuu,,春場ねぎ短編集 未等分,Manga,247,,2013,https://cdn.myanimelist.net/images/manga/1/321819l.jpg
1717,Otome Sensei,,処女せんせい,Manga,247,,2013,https://cdn.myanimelist.net/images/manga/3/94233l.jpg
1724,Fxxk Street Girls,Fxxk Street Girls,Fxxk Street Girls,Manga,245,,2013,https://cdn.myanimelist.net/images/manga/2/280348l.jpg
1724,"Kantai Collection: Kagerou, Batsubyou shimasu!",,艦隊これくしょん -艦これ- 陽炎、抜錨します!,Light Novel,245,,2013,https://cdn.myanimelist.net/images/manga/2/115101l.jpg
1724,Nourin: Gaiya,,のうりん-野生-〈ガイヤ〉,Manga,245,,2013,https://cdn.myanimelist.net/images/manga/2/147681l.jpg
1724,Seishun Hensachi,,青春偏差値,Manga,245,6.66,2013,https://cdn.myanimelist.net/images/manga/2/233693l.jpg
1728,Bukiyou na Kanojo,,不器用なカノジョ,One-shot,244,,2013,https://cdn.myanimelist.net/images/manga/1/119309l.jpg
1728,Dragoon: Ryuu Kishi e no Michi,,ドラグーン ～竜騎士への道～,Light Novel,244,,2013,https://cdn.myanimelist.net/images/manga/1/201336l.jpg
1728,Heart ni Harukaze!!,,ハートに春風!!,One-shot,244,6.23,2013,https://cdn.myanimelist.net/images/manga/2/169002l.jpg
1731,4-ban no Takkyuu,,4番の卓球,Manga,243,,2013,https://cdn.myanimelist.net/images/manga/1/145161l.jpg
1731,Attaka-san,,あったかさん,Manga,243,,2013,https://cdn.myanimelist.net/images/manga/2/137019l.jpg
1731,Mizukami Satoshi no Manga Sadou,,水上悟志のまんが左道,Manga,243,,2013,https://cdn.myanimelist.net/images/manga/3/276993l.jpg
1734,Hoshikuzu Lemonade,Stardust Lemonade,星屑レモネード,Manga,242,,2013,https://cdn.myanimelist.net/images/manga/1/148579l.jpg
1734,Install,,いんすと～る,One-shot,242,,2013,https://cdn.myanimelist.net/images/manga/2/99913l.jpg
1734,"Kimi, Hentai ...da yo ne",,君、変態 …だよね,Manga,242,,2013,https://cdn.myanimelist.net/images/manga/3/122087l.jpg
1734,Kore ga Watashi no Maid Michi!,,これが私のメイド道！,One-shot,242,,2013,https://cdn.myanimelist.net/images/manga/3/97109l.jpg
1734,Rules 2nd,,RULES 2nd,Manga,242,6.72,2013,https://cdn.myanimelist.net/images/manga/1/178607l.jpg
1734,Shimai,,姉妹,One-shot,242,,2013,https://cdn.myanimelist.net/images/manga/2/92773l.jpg
1734,Shoujo Kesshou Cocological,,少女結晶ココロジカル,Manga,242,,2013,https://cdn.myanimelist.net/images/manga/3/128331l.jpg
1734,Sono Tamashii ni Yasuragi wo,,その魂に安らぎを,One-shot,242,,2013,https://cdn.myanimelist.net/images/manga/3/124049l.jpg
1742,Cake,,ケーキ,One-shot,239,6.34,2013,https://cdn.myanimelist.net/images/manga/2/119439l.jpg
1742,Kenshuui wa Koakuma to Odoru,A Waltz in the Clinic,研修医は小悪魔と踊る,Manga,239,,2013,https://cdn.myanimelist.net/images/manga/1/88753l.jpg
1742,Kozure Doushin,,子連れ同心,Manga,239,,2013,https://cdn.myanimelist.net/images/manga/3/155065l.jpg
1742,Zetsurinzuma no Chijou,,絶倫妻の痴情,Manga,239,,2013,https://cdn.myanimelist.net/images/manga/1/160356l.jpg
1746,Tsuma-iro Inbi,Wife color indecent beauty,妻色いんび,Manga,238,,2013,https://cdn.myanimelist.net/images/manga/3/180205l.jpg
1747,Ani to Replace,Replace and brother,兄妹肉体交換〈あにとリプレイス〉,Manga,237,,2013,https://cdn.myanimelist.net/images/manga/2/161436l.jpg
1747,Boku to Kanojo to Kanojo to Kanojo,Boy meets girl and girl and girl.,僕と彼女とカノジョとかのじょ,Light Novel,237,,2013,https://cdn.myanimelist.net/images/manga/1/159955l.jpg
1747,Princess Ledalia: Bara no Kaizoku,,プリンセス・レダリア～薔薇の海賊～,Manga,237,,2013,https://cdn.myanimelist.net/images/manga/3/221577l.jpg
1750,Elf wo Karu Mono-tachi 2,Those Who Hunt Elves Two,エルフを狩るモノたち2,Manga,236,,2013,https://cdn.myanimelist.net/images/manga/1/180335l.jpg
1750,Shoujo Hakanashi Chirase yo Otome,,少女儚し散らせよ処女,Manga,236,,2013,https://cdn.myanimelist.net/images/manga/3/244839l.jpg
1750,Zombie-chan no Ohakamairi!,,ぞんびちゃんのおはかまいり！,One-shot,236,,2013,https://cdn.myanimelist.net/images/manga/2/129419l.jpg
1753,Jikantou,,時間島,Manga,235,,2013,https://cdn.myanimelist.net/images/manga/2/153878l.jpg
1753,Kantai Collection -Kan Colle- Comic Anthology: Kure Chinjufu-hen,,艦隊これくしょん -艦これ- コミックアンソロジー 呉鎮守府編,Manga,235,,2013,https://cdn.myanimelist.net/images/manga/2/108351l.jpg
1753,Kantai Collection: Suirai Sentai Chronicle,,艦隊これくしょん －艦これ－ 水雷戦隊クロニクル,Manga,235,,2013,https://cdn.myanimelist.net/images/manga/2/160552l.jpg
1753,M & A,,M＆A,One-shot,235,,2013,https://cdn.myanimelist.net/images/manga/1/97065l.jpg
1753,Oshikake Saori-chan,,おしかけ沙織ちゃん,One-shot,235,,2013,https://cdn.myanimelist.net/images/manga/3/102579l.jpg
1753,Rin-chan Now! SSs,,リンちゃんなう! SSs,Light Novel,235,,2013,https://cdn.myanimelist.net/images/manga/2/111317l.jpg
1753,Tanoshii♥B-Chiku,,たのしい♥B地区,Manga,235,,2013,https://cdn.myanimelist.net/images/manga/2/91459l.jpg
1753,Toilet no Loli-Bitch na Hanako-san,Lolita-Bitch Ms. Hanako of a Toilet,トイレのロリビッチな花子さん,Doujinshi,235,,2013,https://cdn.myanimelist.net/images/manga/2/166482l.jpg
1761,Bitch-kun wa Gaman ga Dekinai,,ビッチくんは我慢ができない,Manga,234,,2013,https://cdn.myanimelist.net/images/manga/1/182280l.jpg
1761,Hanamachi Oni,,花街鬼,Manga,234,,2013,https://cdn.myanimelist.net/images/manga/2/190875l.jpg
1761,Monkurochou,,モンクロチョウ,Manga,234,,2013,https://cdn.myanimelist.net/images/manga/1/173494l.jpg
1764,"""Kanchigai Shinaide yo ne! Anta no Koto nanka Daisuki Nan Dakara!"" Noroi de Honne shika Ienakunatta Tsundere Ojousama",,「勘違いしないでよね!アンタの事なんか大好きなんだから!」呪いで本音しか言えなくなったツンデレお嬢様,Light Novel,233,,2013,https://cdn.myanimelist.net/images/manga/2/167690l.jpg
1764,Fake♂,,フェイク♂,Manga,233,,2013,https://cdn.myanimelist.net/images/manga/2/183020l.jpg
1764,Oyako Kankei,,母娘姦刑,Manga,233,,2013,https://cdn.myanimelist.net/images/manga/2/127409l.jpg
1764,Shoshin Kanojo,,初心彼女,One-shot,233,,2013,https://cdn.myanimelist.net/images/manga/3/107881l.jpg
1764,"Sono Hanami, Inran Otoko no Ko Basho Tori Chuui!",,その花見、淫乱男の娘場所取り注意！,Doujinshi,233,,2013,https://cdn.myanimelist.net/images/manga/2/121657l.jpg
1769,Hanamizuki,,はなみずき,Doujinshi,232,,2013,https://cdn.myanimelist.net/images/manga/3/119375l.jpg
1769,Heisei Umare 2,Natural Born Heisei 2,平成生まれ2,Manga,232,,2013,https://cdn.myanimelist.net/images/manga/2/236294l.jpg
1769,Mazinger Z Tai Kekkou Kamen,,マジンガーZ対けっこう仮面,One-shot,232,,2013,https://cdn.myanimelist.net/images/manga/2/159916l.jpg
1769,S Master☆Holic,,Sマスター☆Holic,Manga,232,,2013,https://cdn.myanimelist.net/images/manga/1/159846l.jpg
1769,Shiawase no Shoujo,,幸せの少女,One-shot,232,6.33,2013,https://cdn.myanimelist.net/images/manga/1/112189l.jpg
1774,Ashigaru,,あしがる,Manga,231,,2013,https://cdn.myanimelist.net/images/manga/1/130733l.jpg
1774,Fire Ball!,,FIRE BALL!,Manga,231,,2013,https://cdn.myanimelist.net/images/manga/3/251678l.jpg
1774,Manami Ganbaru,,まなみがんばる,One-shot,231,,2013,https://cdn.myanimelist.net/images/manga/2/108755l.jpg
1777,Discommunication,,でぃす×こみ Discommunication,Manga,230,,2013,https://cdn.myanimelist.net/images/manga/3/189170l.jpg
1777,Girls Syndrome,,girls syndrome [ガールズ・シンドローム],Manga,230,,2013,https://cdn.myanimelist.net/images/manga/2/134923l.jpg
1779,Apartment of Gundam,,アパートメント・オブ・ガンダム,Manga,229,,2013,https://cdn.myanimelist.net/images/manga/2/167202l.jpg
1779,Bad Boss,Bad Boss,나쁜 상사,Manhwa,229,,2013,https://cdn.myanimelist.net/images/manga/3/253400l.jpg
1779,Soshite Fumetsu no Regnare,,そして不滅の神域封剣〈レグナーレ〉,Light Novel,229,,2013,https://cdn.myanimelist.net/images/manga/1/161041l.jpg
1782,Goumontou wa Nemuranai: Nightmare Dream,,拷問塔は眠らない ~ナイトメア ドリーム~,Manga,228,,2013,https://cdn.myanimelist.net/images/manga/2/106713l.jpg
1782,Rune Troopers: Jieitai Hyouryuu Senki,,ルーントルーパーズ―自衛隊漂流戦記―,Light Novel,228,,2013,https://cdn.myanimelist.net/images/manga/1/204838l.jpg
1782,Seiken to Maryuu no Sekai,The World of Sword and Dragon,聖剣と魔竜の世界,Light Novel,228,,2013,https://cdn.myanimelist.net/images/manga/2/177480l.jpg
1785,Chokkaku no Choku,,直角の直,One-shot,227,,2013,https://cdn.myanimelist.net/images/manga/3/94981l.jpg
1785,Kaibou Higaisha!,,カイボウヒガイシャ！,Doujinshi,227,,2013,https://cdn.myanimelist.net/images/manga/3/137223l.jpg
1787,Dokusen Kimi-Code,Monopolistic Kimi-Code,独占キミコード,Manga,226,,2013,https://cdn.myanimelist.net/images/manga/1/131777l.jpg
1787,Domino,,DOMINO,Manga,226,,2013,https://cdn.myanimelist.net/images/manga/1/140851l.jpg
1787,Maple Trap,,メープルトラップ,Manga,226,,2013,https://cdn.myanimelist.net/images/manga/1/102589l.jpg
1787,Pieces,,PIECES,Manga,226,,2013,https://cdn.myanimelist.net/images/manga/2/246933l.jpg
1791,Cherry Crisis,,ちぇりーくらいしす,Manga,225,,2013,https://cdn.myanimelist.net/images/manga/1/175456l.jpg
1791,Dog Breeders,,Dog Breeders,Manga,225,,2013,https://cdn.myanimelist.net/images/manga/3/259207l.jpg
1791,Higyaku to Kousoku,Masochism & Restraint,被虐ト拘束,Manga,225,,2013,https://cdn.myanimelist.net/images/manga/3/138841l.jpg
1791,Inran Seifuku Hame Nikki,,淫乱制服ハメ日記,Manga,225,,2013,https://cdn.myanimelist.net/images/manga/1/116859l.jpg
1791,JosoOna Ecstasies,,じょそオナ・エクスタシス,Doujinshi,225,,2013,https://cdn.myanimelist.net/images/manga/2/161713l.jpg
1791,Kinjirareta Koibanashi,,禁じられた恋噺,Manga,225,,2013,https://cdn.myanimelist.net/images/manga/3/92609l.jpg
1791,Ninja Slayer: Glamorous Killers,,ニンジャスレイヤー グラマラス・キラーズ,Manga,225,,2013,https://cdn.myanimelist.net/images/manga/2/155686l.jpg
1791,Sexercise & Hard Puncher,,セクササイズ＆ハードパンチャー,One-shot,225,,2013,https://cdn.myanimelist.net/images/manga/3/95137l.jpg
1791,UMA Report,,UMA report,Doujinshi,225,,2013,https://cdn.myanimelist.net/images/manga/1/200888l.jpg
1791,Xiongba Tianxia,The Great Conqueror,雄霸天下,Manhua,225,,2013,https://cdn.myanimelist.net/images/manga/1/228103l.jpg
1801,Bi no Kyoujin: X Side,,媚の凶刃 ～X side～,Manga,224,,2013,https://cdn.myanimelist.net/images/manga/2/247958l.jpg
1802,Aku no Meshitsukai: Opera Buffa!,,悪ノ召使 ~おぺらぶっふぁ!~,Manga,223,,2013,https://cdn.myanimelist.net/images/manga/1/143221l.jpg
1802,Maid-san to Boin Damashii,,メイドさんとボイン魂,Light Novel,223,,2013,https://cdn.myanimelist.net/images/manga/3/166241l.jpg
1804,Asobiai,,あそびあい,Manga,222,,2013,https://cdn.myanimelist.net/images/manga/1/144795l.jpg
1804,Himehajime,,ひめはじめ,Manga,222,,2013,https://cdn.myanimelist.net/images/manga/2/199216l.jpg
1804,Zenra Otoko to Shibainu Otoko: Keishichou Seikatsu Anzenbu Yuugeki Sousahan,,全裸男と柴犬男 警視庁生活安全部遊撃捜査班,Manga,222,,2013,https://cdn.myanimelist.net/images/manga/1/220588l.jpg
1807,Boku no Himejima-kun,,ぼくの姫島くん,Manga,221,,2013,https://cdn.myanimelist.net/images/manga/3/238366l.jpg
1807,Hatsujou Kanojo Kinpatsu Kanojo,,発情彼女 金髪彼女,Manga,221,,2013,https://cdn.myanimelist.net/images/manga/2/122911l.jpg
1807,Holy Holy,,HOLY HOLY,Manga,221,,2013,https://cdn.myanimelist.net/images/manga/2/171536l.jpg
1807,Koisuru Futago to Megane no Blue,,恋するふたごとメガネのブルー,Manga,221,,2013,https://cdn.myanimelist.net/images/manga/3/167316l.jpg
1807,Koushiki Comic Anthology: Toaru Kagaku no Railgun featuring Toaru Majutsu no Index,,公式コミックアンソロジー とある科学の超電磁砲featuringとある魔術の禁書目録,Manga,221,,2013,https://cdn.myanimelist.net/images/manga/1/283310l.jpg
1807,Kuchibiru ni Uta wo,,くちびるに歌を,Manga,221,,2013,https://cdn.myanimelist.net/images/manga/1/137465l.jpg
1807,Shissou Nikki 2: Al-chuu Byoutou,,失踪日記2 アル中病棟,Manga,221,,2013,https://cdn.myanimelist.net/images/manga/1/117625l.jpg
1814,Dear My Guardy,,ディアマイガーディ,Manga,220,,2013,https://cdn.myanimelist.net/images/manga/2/96769l.jpg
1814,Gakusei Shima Kousaku,Student Shima Kosaku,学生 島耕作,Manga,220,,2013,https://cdn.myanimelist.net/images/manga/1/159516l.jpg
1814,Golden Honey Milk,,ゴールデンハニーミルク,Manga,220,,2013,https://cdn.myanimelist.net/images/manga/2/141769l.jpg
1814,Hogosha Shikkaku. Issen wo Koeta Yoru,,保護者失格。一線を越えた夜,Manga,220,,2013,https://cdn.myanimelist.net/images/manga/1/247039l.jpg
1814,The Passion of Gengoroh Tagame,The Passion of Gengoroh Tagame: The Master of 'Bara' Manga,,Manga,220,,2013,https://cdn.myanimelist.net/images/manga/1/87615l.jpg
1819,7th Dragon 2020: EGO,,7TH DRAGON -セブンスドラゴン- 2020 -EGO-,Manga,219,,2013,https://cdn.myanimelist.net/images/manga/1/121187l.jpg
1819,Akuochi,,あくおち,One-shot,219,,2013,https://cdn.myanimelist.net/images/manga/1/99903l.jpg
1819,Kanojo no Pet Jinsei,,彼女のペット人生,Doujinshi,219,,2013,https://cdn.myanimelist.net/images/manga/1/119271l.jpg
1819,Nyuu Inchuu,,入婬中,One-shot,219,,2013,https://cdn.myanimelist.net/images/manga/2/145937l.jpg
1819,Rinkan♥Hobo Shota,,輪姦♥保母ショタ,One-shot,219,,2013,https://cdn.myanimelist.net/images/manga/1/155770l.jpg
1824,Henkoi Holic,,変恋ホリック,Manga,218,,2013,https://cdn.myanimelist.net/images/manga/3/164911l.jpg
1824,Mesuochi,,めすおち,Manga,218,,2013,https://cdn.myanimelist.net/images/manga/1/161712l.jpg
1824,Momoiro Closer,,ももいろクローザー,One-shot,218,,2013,https://cdn.myanimelist.net/images/manga/1/114197l.jpg
1824,Neko-san no Kimagure Mahou,,ねこさんのきまぐれまほう,One-shot,218,5.92,2013,https://cdn.myanimelist.net/images/manga/1/128953l.jpg
1824,Net Auction Otoko no Tanoshii Isekai Boueki,,ネトオク男の楽しい異世界貿易,Light Novel,218,,2013,https://cdn.myanimelist.net/images/manga/2/177154l.jpg
1829,Kuro Ageha,,くろアゲハ,Manga,217,,2013,https://cdn.myanimelist.net/images/manga/1/284400l.jpg
1830,Kamidarake,,かみだらけ,Manga,216,,2013,https://cdn.myanimelist.net/images/manga/2/169446l.jpg
1830,"Kocchi Mite, Kamatte",,こっちみて、かまって,Manga,216,,2013,https://cdn.myanimelist.net/images/manga/1/114793l.jpg
1830,Kuuya Shounin ga Ita,,空也上人がいた,Manga,216,,2013,https://cdn.myanimelist.net/images/manga/3/210921l.jpg
1833,Anmitsu no Ippai♥Cosu tte Ageru,,アンミツのいっパイ♥コスってあげる,Manga,215,,2013,https://cdn.myanimelist.net/images/manga/2/120369l.jpg
1833,Glamorous Voice,,共鳴―グラマラス・ヴォイス―,Manga,215,,2013,https://cdn.myanimelist.net/images/manga/1/168079l.jpg
1833,Sekuhara Brothers,My Younger Stepbrother Can't Keep His Hands Off Me!,セクハラブラザーズ,Manga,215,,2013,https://cdn.myanimelist.net/images/manga/1/223640l.jpg
1836,Energy Kyouka!!,,えなじぃキョーカ!!,Doujinshi,214,,2013,https://cdn.myanimelist.net/images/manga/2/322348l.jpg
1836,Junai Memorial,,純愛メモリアル,Manga,214,,2013,https://cdn.myanimelist.net/images/manga/3/153652l.jpg
1836,Natsu no Owari,,夏の終わり,One-shot,214,6.02,2013,https://cdn.myanimelist.net/images/manga/3/141985l.jpg
1839,Braja D○ Soccer-bu ni Masawareru,,ブラジャーD○サッカー部にまさわれる,Doujinshi,213,,2013,https://cdn.myanimelist.net/images/manga/1/150167l.jpg
1839,California Poppy,,カリフォルニアポピー,One-shot,213,,2013,https://cdn.myanimelist.net/images/manga/2/92881l.jpg
1839,Danshiryou no Omocha,The Boys' Dorm Sex Slave: Kept by a Savage for Three Years,男子寮の玩具,Manga,213,,2013,https://cdn.myanimelist.net/images/manga/1/224966l.jpg
1842,Body Language,,ボディーランゲージ,One-shot,212,,2013,https://cdn.myanimelist.net/images/manga/2/128749l.jpg
1842,Lustful Berry,,LUSTFUL BERRY,Manga,212,,2013,https://cdn.myanimelist.net/images/manga/3/160411l.jpg
1842,Oshikake Fiancée,,おしかけフィアンセ,Manga,212,,2013,https://cdn.myanimelist.net/images/manga/3/143135l.jpg
1842,Skirt Mekuri no Batsu!,,スカートめくりのバツ！,Doujinshi,212,,2013,https://cdn.myanimelist.net/images/manga/2/137221l.jpg
1842,Smartphone de Iinari♥Juujun Kanojo,,スマホdeいいなり♥従順カノジョ,Manga,212,,2013,https://cdn.myanimelist.net/images/manga/1/160378l.jpg
1842,Toshiue Lovers,,としうえLovers,Manga,212,,2013,https://cdn.myanimelist.net/images/manga/1/93833l.jpg
1842,Tsuki ni Hoerannee,,月に吠えらんねえ,Manga,212,,2013,https://cdn.myanimelist.net/images/manga/2/194443l.jpg
1842,Youkai Watch: Wakuwaku☆Nyanderful Days,,妖怪ウォッチ～わくわく☆にゃんだふるデイズ～,Manga,212,,2013,https://cdn.myanimelist.net/images/manga/3/163310l.jpg
1850,Himitsu no Otoko no Ko,,ひみつのオトコのコ,Doujinshi,211,,2013,https://cdn.myanimelist.net/images/manga/3/160319l.jpg
1850,Pato-ko Ikkimasu!,Girl and Car on the Beat,パト娘 いっきまーす！,Manga,211,,2013,https://cdn.myanimelist.net/images/manga/1/171884l.jpg
1852,Ane wa Hajimete Imouto ni Ienai Koto wo Shita,,姉は初めて妹に言エナイ事をした,Manga,210,,2013,https://cdn.myanimelist.net/images/manga/3/231559l.jpg
1852,Couple Hajimemashita,,カップルはじめました,Manga,210,,2013,https://cdn.myanimelist.net/images/manga/2/101289l.jpg
1852,I My Mask,,あいまいますく,Manga,210,,2013,https://cdn.myanimelist.net/images/manga/1/166119l.jpg
1852,Million Doll,,ミリオンドール,Manga,210,,2013,https://cdn.myanimelist.net/images/manga/3/208975l.jpg
1856,Ai no Risshou Houshiki,Loves Proof System,愛の立証方式,One-shot,209,,2013,https://cdn.myanimelist.net/images/manga/2/150777l.jpg
1856,Boku dake no Oniichan,,僕だけのお兄ちゃん,Doujinshi,209,,2013,https://cdn.myanimelist.net/images/manga/1/160318l.jpg
1856,Doujin ni Yumemite,,同人に夢みて,Manga,209,,2013,https://cdn.myanimelist.net/images/manga/1/110155l.jpg
1856,Furare Otoko to Koi no Hanashi,Heartbreak Man's Love Story,フラれ男と恋のはなし,Manga,209,,2013,https://cdn.myanimelist.net/images/manga/2/151644l.jpg
1856,Lunch wa Futari de,lunch with you!,ランチはふたりで,Manga,209,,2013,https://cdn.myanimelist.net/images/manga/2/113341l.jpg
1861,Amanza,Amanza,아만자,Manhwa,208,,2013,https://cdn.myanimelist.net/images/manga/3/204784l.jpg
1861,Gal♂Chin,,ぎゃる♂ちん,One-shot,208,,2013,https://cdn.myanimelist.net/images/manga/3/135697l.jpg
1861,JC,,JC,Doujinshi,208,,2013,https://cdn.myanimelist.net/images/manga/2/99993l.jpg
1861,Misoji to Lady,"Teacher in 30s and Student Called ""Lady""",三十路とレディ,Manga,208,,2013,https://cdn.myanimelist.net/images/manga/3/190614l.jpg
1861,Ookami to Hitsuji,,おおかみとひつじ,One-shot,208,,2013,https://cdn.myanimelist.net/images/manga/1/223960l.jpg
1861,Rose Guns Days: Season 1,,ローズガンズデイズ season1,Light Novel,208,,2013,https://cdn.myanimelist.net/images/manga/1/132305l.jpg
1861,Sanbanme no Tsuki,The third moon,三番目の月,Manga,208,,2013,https://cdn.myanimelist.net/images/manga/3/146783l.jpg
1868,Koufuku no Ouji-sama,The Happy Prince,幸福の王子さま,Manga,207,,2013,https://cdn.myanimelist.net/images/manga/3/137207l.jpg
1868,Sasha-chan ga Iku☆,,サーシャちゃんがイクッ☆,Doujinshi,207,,2013,https://cdn.myanimelist.net/images/manga/2/287320l.jpg
1868,School Live Online,,スクールライブ・オンライン,Light Novel,207,,2013,https://cdn.myanimelist.net/images/manga/2/138359l.jpg
1868,Sekitsui House,,セキツイハウス,Manga,207,,2013,https://cdn.myanimelist.net/images/manga/2/156973l.jpg
1868,Tomaranai Omoi,,止まらない想い,One-shot,207,,2013,https://cdn.myanimelist.net/images/manga/3/93215l.jpg
1873,Comic L.Q.M: Little Queen Mount,,COMIC L.Q.M ～リトル クイン マウント～,Manga,206,,2013,https://cdn.myanimelist.net/images/manga/2/128747l.jpg
1873,Cross Triangle!,,くろすとらいあんぐる！,One-shot,206,,2013,https://cdn.myanimelist.net/images/manga/2/119365l.jpg
1873,Joker Game,,ジョーカーゲーム,Manga,206,,2013,https://cdn.myanimelist.net/images/manga/3/163826l.jpg
1873,Koi-iro Byoutou,,恋色病棟,Manga,206,,2013,https://cdn.myanimelist.net/images/manga/2/342045l.jpg
1873,Otoko no Ko to Onna no Ko,,おとこのことおんなのこ,Manga,206,,2013,https://cdn.myanimelist.net/images/manga/2/134557l.jpg
1873,Sokuochi♡Acme,Immediately fallen and acme,即堕ち♡アクメ,Manga,206,,2013,https://cdn.myanimelist.net/images/manga/2/178071l.jpg
1879,Hotel S.L.,,ホテルS.L.,Manga,205,,2013,https://cdn.myanimelist.net/images/manga/3/190633l.jpg
1879,Marriage Battle!,,マリッジ・バトル!,Manga,205,,2013,https://cdn.myanimelist.net/images/manga/2/149761l.jpg
1881,170 cm☆Otometica,,170cm☆オトメチカ,Manga,204,,2013,https://cdn.myanimelist.net/images/manga/1/148735l.jpg
1881,Hazukashime no Ran: Tanetsuke Gokumon Shikyuu Ikimawashi,,辱めの乱 種付け獄悶子宮イキ廻し,Manga,204,,2013,https://cdn.myanimelist.net/images/manga/3/161134l.jpg
1881,Naisho no Futari,,内緒のふたり,Manga,204,,2013,https://cdn.myanimelist.net/images/manga/1/132343l.jpg
1881,Ryuuguujou to Kumo no Ito,,竜宮城とクモの糸,One-shot,204,,2013,https://cdn.myanimelist.net/images/manga/2/113953l.jpg
1881,Watashi to Kanojo wa Kiss wo Suru,,私と彼女はキスをする,One-shot,204,,2013,https://cdn.myanimelist.net/images/manga/1/153624l.jpg
1886,Moero Seitokaichou,,もえろ生徒会長,One-shot,203,,2013,https://cdn.myanimelist.net/images/manga/3/94725l.jpg
1886,Ojousama to Maid no Midara na Seikatsu,,お嬢様とメイドのみだらな性活,Manga,203,,2013,https://cdn.myanimelist.net/images/manga/3/240359l.jpg
1886,Urthotics,,Urthotics ウルソシス,Manga,203,,2013,https://cdn.myanimelist.net/images/manga/3/132361l.jpg
1889,Kenka Joutou! Kiss Joutou!,,ケンカ上等!キス上等!,Manga,202,,2013,https://cdn.myanimelist.net/images/manga/2/113407l.jpg
1889,Majihore Motion,,マジ惚れもーしょん,Manga,202,,2013,https://cdn.myanimelist.net/images/manga/2/332246l.jpg
1889,Niboshi-kun no Hentai,,ニボシ君の変態,Manga,202,,2013,https://cdn.myanimelist.net/images/manga/1/176952l.jpg
1889,Okusama wa Vampire,,おくさまはヴァンパイア,Manga,202,,2013,https://cdn.myanimelist.net/images/manga/1/165129l.jpg
1893,Ore to Kanojo no Battle wa Living de,,勇者〈オレ〉と魔王〈カノジョ〉のバトルはリビングで,Light Novel,201,,2013,https://cdn.myanimelist.net/images/manga/1/160890l.jpg
1893,Rock Paper Scissors,,ロック・ペーパー・シザーズ,Light Novel,201,,2013,https://cdn.myanimelist.net/images/manga/1/118271l.jpg
1895,Hatoful Kareshi dj - Focus on the Hawks,,FOCUS ON THE HAWKS,Doujinshi,200,,2013,https://cdn.myanimelist.net/images/manga/2/128337l.jpg
1895,Samurai Sensei,,サムライせんせい,Manga,200,,2013,https://cdn.myanimelist.net/images/manga/1/163695l.jpg
1897,Hameana Jirashi Ketsu Naburi,,前穴生殺シ 尻穴嬲リ,Manga,199,,2013,https://cdn.myanimelist.net/images/manga/3/160387l.jpg
1897,Itsudemo Dokodemo Donna Koto demo,Anytime! Anywhere!! Anything!!!,いつでもどこでもどんなことでも,Manga,199,,2013,https://cdn.myanimelist.net/images/manga/2/147441l.jpg
1897,Ultimate Lovers,,アルティメット・ラヴァーズ,Manga,199,,2013,https://cdn.myanimelist.net/images/manga/2/172439l.jpg
1900,Meminisse: Sai x Rai,,meminisse（メミニッセ） ～サイ×ライ～,One-shot,198,,2013,https://cdn.myanimelist.net/images/manga/2/110825l.jpg
1900,Sensei ga Konna ni Do Hentai nan datte Koto wo Touzen Minna wa Shiranai,,先生がこんなにド変態なんだって事を当然みんなは知らない,Doujinshi,198,,2013,https://cdn.myanimelist.net/images/manga/2/145693l.jpg
1902,Decorate,,Decorate,Doujinshi,197,,2013,https://cdn.myanimelist.net/images/manga/3/93443l.jpg
1903,Keisan Suru made mo Nai,,計算するまでもない,One-shot,196,,2013,https://cdn.myanimelist.net/images/manga/1/106977l.jpg
1903,Ore no Kanojo to Oneechan no Yuuwaku Mizugi Shoubu!,Temptation Swimmingsuit Match,俺の彼女とお姉ちゃんの誘惑水着勝負!,Light Novel,196,,2013,https://cdn.myanimelist.net/images/manga/3/168387l.jpg
1905,Kataomoi Couple,,片想いカップル,One-shot,195,,2013,https://cdn.myanimelist.net/images/manga/3/127925l.jpg
1905,Kingdom Bangai-hen,,キングダム 番外編,One-shot,195,,2013,https://cdn.myanimelist.net/images/manga/1/292533l.jpg
1905,MajiKoi!: Maji de Iikagen Koi ga Shitai!,,マジコイ！マジでいい加減恋がしたい！,Manga,195,,2013,https://cdn.myanimelist.net/images/manga/1/177119l.jpg
1905,Ore ga Abnormal Kamoshirenai Ken ni Tsuite,,俺がアブノーマルかもしれない件について,Manga,195,,2013,https://cdn.myanimelist.net/images/manga/1/116853l.jpg
1905,Yoi Yume wo Oyasumi,,よい夢をおやすみ,One-shot,195,,2013,https://cdn.myanimelist.net/images/manga/3/177636l.jpg
1910,Boshi no Hibi,,母子の日々,One-shot,194,,2013,https://cdn.myanimelist.net/images/manga/1/160849l.jpg
1910,CatWoooman: Neko to Anata no Monogatari,,CatWoooman～猫とあなたの物語～,One-shot,194,,2013,https://cdn.myanimelist.net/images/manga/3/137051l.jpg
1910,Naoto-kun no Sainan,,直人くんの災難,One-shot,194,,2013,https://cdn.myanimelist.net/images/manga/3/100131l.jpg
1910,Pakori Share,,パコりシェア,Manga,194,,2013,https://cdn.myanimelist.net/images/manga/3/181515l.jpg
1910,QooPA,,QooPA,Manga,194,,2013,https://cdn.myanimelist.net/images/manga/2/110033l.jpg
1910,Sanvitalia,,サンビタリア,One-shot,194,,2013,https://cdn.myanimelist.net/images/manga/3/130545l.jpg
1910,Zettai Fukujuu Camera,,絶対服従カメラ,Manga,194,,2013,https://cdn.myanimelist.net/images/manga/2/97945l.jpg
1917,Ashika no Harem ni Mazarikonda Shoujo no Tenmatsu,,アシカのハーレムに混ざりこんだ少女の顛末,Doujinshi,193,,2013,https://cdn.myanimelist.net/images/manga/1/102549l.jpg
1917,Gangbang♥,,ぎゃんぐばんぐ♥,Manga,193,,2013,https://cdn.myanimelist.net/images/manga/1/193793l.jpg
1917,High Voltage,,HIGH VOLTAGE,Doujinshi,193,,2013,https://cdn.myanimelist.net/images/manga/1/122937l.jpg
1917,Hitozuma Mire,,ひとづまみれ,Manga,193,,2013,https://cdn.myanimelist.net/images/manga/1/109415l.jpg
1917,Inshitsu Otaku ni Ikareru Kanojo,,陰湿オタクにイカれる妹〈彼女〉,Light Novel,193,,2013,https://cdn.myanimelist.net/images/manga/3/165985l.jpg
1917,Junai Ero Kano!,,純愛エロカノ！,Manga,193,,2013,https://cdn.myanimelist.net/images/manga/2/180837l.jpg
1917,Miyata-san Chi,,宮田さん家,One-shot,193,,2013,https://cdn.myanimelist.net/images/manga/2/94329l.jpg
1917,Otoko no Ko Uke♥,,オトコの娘ウケ♥,Manga,193,,2013,https://cdn.myanimelist.net/images/manga/2/129841l.jpg
1925,"Hataraite Kudasai, Haruko-sensei!",,はたらいてください、はるこ先生。,One-shot,192,,2013,https://cdn.myanimelist.net/images/manga/3/115899l.jpg
1925,Koi no Cupid: Yakenohara Jin,,恋のキューピッド焼野原塵,Manga,192,,2013,https://cdn.myanimelist.net/images/manga/3/256307l.jpg
1925,Kyonyuu Yuutousei: Do M no Inran Mesubuta ni Daihenshin!,,巨乳優等生～ドMの淫乱雌豚に大変身!～,Manga,192,,2013,https://cdn.myanimelist.net/images/manga/1/240369l.jpg
1925,Marunomi Iki Jigoku: Monster ni Hoshoku Sareta Heroine-tachi,,丸呑みイキ地獄 モンスターに捕食されたヒロイン達,Manga,192,,2013,https://cdn.myanimelist.net/images/manga/3/122517l.jpg
1925,Sentai Heroine Pink Zettaizetsumei,,戦隊ヒロインピンク絶体絶命,Manga,192,,2013,https://cdn.myanimelist.net/images/manga/3/93461l.jpg
1925,Uso! Aitsu ga Watashi no Danna-sama!?: Mezametara 10-nengo no Mirai,"No Way! He's My Husband!? My Life, Ten Years Later",嘘! アイツが私の旦那様!? ～目覚めたら10年後の未来～,Manga,192,,2013,https://cdn.myanimelist.net/images/manga/2/124189l.jpg
1931,16:00 no Shoukan Mahou,Summon Magic at 16:00,16:00の召喚魔法,Light Novel,191,,2013,https://cdn.myanimelist.net/images/manga/3/159878l.jpg
1931,Cardfight!! Vanguard Gaiden: Hikari no Kenshi,,カードファイト!! ヴァンガード外伝 光の剣士,Manga,191,,2013,https://cdn.myanimelist.net/images/manga/1/151358l.jpg
1931,Fuafuwa Hakusho,,ふあふわ白書,Manga,191,,2013,https://cdn.myanimelist.net/images/manga/1/235594l.jpg
1931,Gangoose,,ギャングース,Manga,191,,2013,https://cdn.myanimelist.net/images/manga/3/189276l.jpg
1931,Heinetsu 37.2℃,As Sane As 37.2℃,平熱37.2℃,Manga,191,,2013,https://cdn.myanimelist.net/images/manga/2/174822l.jpg
1931,Himesamaotoshi,Fallen Princesses,ひめさまおとし,Manga,191,,2013,https://cdn.myanimelist.net/images/manga/3/208363l.jpg
1931,Mori Boy no Yukue,,森ボーイの行方,Manga,191,,2013,https://cdn.myanimelist.net/images/manga/2/187823l.jpg
1931,Yuri Gradol Yui: Kindan Girls Love,,百合グラドル・優衣 禁断ガールズラブ,Light Novel,191,,2013,https://cdn.myanimelist.net/images/manga/1/152862l.jpg
1939,Handsome Kareshi: Gakuen no Oujisama,,ハンサム彼氏〜学園の王子様〜,Manga,190,,2013,https://cdn.myanimelist.net/images/manga/3/142233l.jpg
1939,Kano Kare Complex,,カノカレコンプレックス,One-shot,190,,2013,https://cdn.myanimelist.net/images/manga/1/299466l.jpg
1939,Kanojo no Ana.,,彼女の穴。,Manga,190,,2013,https://cdn.myanimelist.net/images/manga/3/109953l.jpg
1939,Samuzora Due Date,,寒空デューデート,One-shot,190,,2013,https://cdn.myanimelist.net/images/manga/1/101903l.jpg
1939,Sanzu no Kawa no Mukou no Kimi,The River Styx Lies Between Us,三途の川の向こうの君,Manga,190,,2013,https://cdn.myanimelist.net/images/manga/3/170601l.jpg
1939,Seinaru Manabiya no Sono de,,聖なる学舎（まなびや）の園で,Manga,190,,2013,https://cdn.myanimelist.net/images/manga/3/150198l.jpg
1945,Hatoful Kareshi dj - Hamideta! Moredeta! EX,Hatoful Boyfriend Overload! Overflow! EX,はーとふる彼氏 はみでた！もれでた！EX,Doujinshi,189,,2013,https://cdn.myanimelist.net/images/manga/1/128339l.jpg
1945,Rennyuu Tales: Toranoana Tokuten Shousasshi,Before x After,恋乳ているず とらのあな特典小冊子,One-shot,189,,2013,https://cdn.myanimelist.net/images/manga/2/145777l.jpg
1945,Shishunki Blood Monster,,思春期ブラッド・モンスター,Manga,189,,2013,https://cdn.myanimelist.net/images/manga/1/228754l.jpg
1945,Yotogizoushi: Ero Manga Nippon Mukashibanashi,,夜伽草子 ～エロマンガ日本昔ばなし～,Manga,189,,2013,https://cdn.myanimelist.net/images/manga/2/194230l.jpg
1949,4-koma Suisei no Gargantia,,4コマ翠星のガルガンティア,Manga,188,,2013,https://cdn.myanimelist.net/images/manga/3/150623l.jpg
1949,Eroge Kanojo,Erotic Game Girlfriend,エロゲーヘブン,Manga,188,,2013,https://cdn.myanimelist.net/images/manga/1/154918l.jpg
1949,Million Joe,,ミリオンジョー,Manga,188,,2013,https://cdn.myanimelist.net/images/manga/1/255681l.jpg
1949,Natsu to Mikoshi to Kyodai Kaijuu,,夏と神輿と巨大怪獣,Manga,188,,2013,https://cdn.myanimelist.net/images/manga/3/115505l.jpg
1949,Ore no Yome wa Ningyo-hime,,俺の嫁は人魚姫,One-shot,188,,2013,https://cdn.myanimelist.net/images/manga/1/101851l.jpg
1949,Sei Shoujo: Seido Ikusei Gakuen,,聖娼女 ～性奴育成学園～,Light Novel,188,,2013,https://cdn.myanimelist.net/images/manga/2/165979l.jpg
1955,4-koma C³,,4コマしーきゅーぶ,Manga,187,,2013,https://cdn.myanimelist.net/images/manga/3/125921l.jpg
1955,Anti-lovers,,アンチラバーズ,Manga,187,,2013,https://cdn.myanimelist.net/images/manga/2/159490l.jpg
1955,Botebara♡Hobo Shotappai,,ボテ腹♡ 保母ショタっぱい,One-shot,187,,2013,https://cdn.myanimelist.net/images/manga/2/155942l.jpg
1955,Ice Cream Line,,アイスクリームライン,Manga,187,,2013,https://cdn.myanimelist.net/images/manga/3/263769l.jpg
1955,Kakumeiki Valvrave: Under Taker,Valvrave the Liberator: Under Taker,革命機ヴァルヴレイヴ アンダー・テイカー,Novel,187,,2013,https://cdn.myanimelist.net/images/manga/2/337552l.jpg
1955,One Shota Renshuu Erotica Drill,,おねショタ練習エロティカドリル,Manga,187,,2013,https://cdn.myanimelist.net/images/manga/3/160372l.jpg
1955,Oneesan ni Katemasen,,おねーさんに勝てません,Doujinshi,187,,2013,https://cdn.myanimelist.net/images/manga/3/203249l.jpg
1955,Yuurei ga Sumitsuita node Chyoukyou shitemita.,,幽霊が住みついたので調教してみた。,Manga,187,,2013,https://cdn.myanimelist.net/images/manga/3/177900l.jpg
1963,Complete Novice,,コンプリート・ノービス,Light Novel,186,,2013,https://cdn.myanimelist.net/images/manga/3/159362l.jpg
1963,Kenka Kagyou,,喧嘩稼業,Manga,186,,2013,https://cdn.myanimelist.net/images/manga/1/120609l.jpg
1963,My Sweety,,My Sweety,One-shot,186,,2013,https://cdn.myanimelist.net/images/manga/2/93363l.jpg
1963,Otoko no Ko Comic Anthology: Zettai Fukujuu-hen,,オトコの娘コミックアンソロジー ～絶対服従編～,Manga,186,,2013,https://cdn.myanimelist.net/images/manga/3/108437l.jpg
1963,Tokyo Dennou Tanteidan,,東京電脳探偵団,Light Novel,186,,2013,https://cdn.myanimelist.net/images/manga/3/110107l.jpg
1963,Yumemiru Slave,Dreamy Slave,ユメミルスレイブ,Manga,186,,2013,https://cdn.myanimelist.net/images/manga/1/180199l.jpg
1963,Zettai♥Kaikan Mechanism,,ぜったい♥快感めかにずむ,Manga,186,,2013,https://cdn.myanimelist.net/images/manga/3/97927l.jpg
1970,Iinari-kun,,いいなりくん,Doujinshi,185,,2013,https://cdn.myanimelist.net/images/manga/1/147511l.jpg
1970,Kaichou Shima Kousaku,Chairman Shima Kosaku,会長 島耕作,Manga,185,,2013,https://cdn.myanimelist.net/images/manga/3/129013l.jpg
1972,Bakeneko System,,化け猫システム,Manga,184,,2013,https://cdn.myanimelist.net/images/manga/3/192188l.jpg
1972,Steal and Dead,,STEAL AND DEAD,Manga,184,,2013,https://cdn.myanimelist.net/images/manga/3/171745l.jpg
1974,Akuochisukii-sensei no Heroine Haiboku no Houteishiki,Equation of heroine's defeat,アクオチスキー先生のヒロイン敗北の方程式,Manga,183,,2013,https://cdn.myanimelist.net/images/manga/1/160397l.jpg
1974,Familiar,,familiar,One-shot,183,,2013,https://cdn.myanimelist.net/images/manga/1/97453l.jpg
1974,Taitei no Ken,The Great's Sword,大帝の剣,Manga,183,,2013,https://cdn.myanimelist.net/images/manga/2/154797l.jpg
1977,Nyuu Collection,,乳これくしょん,Manga,182,,2013,https://cdn.myanimelist.net/images/manga/3/133715l.jpg
1977,Silent Möbius QD,,サイレントメビウスQD〈クアドリガ〉,Manga,182,,2013,https://cdn.myanimelist.net/images/manga/2/158979l.jpg
1979,Gekijouban Ataru: The First Love & The Last Kill,,劇場版 ATARU-THE FIRST LOVE & THE LAST KILL-,Manga,181,,2013,https://cdn.myanimelist.net/images/manga/2/137535l.jpg
1979,Jinrou Chronicle,,神狼クロニクル,Manga,181,,2013,https://cdn.myanimelist.net/images/manga/1/104451l.jpg
1979,Junai Shower,,潤愛シャワー,Manga,181,,2013,https://cdn.myanimelist.net/images/manga/3/160381l.jpg
1979,Uchikomi!!,,ウチコミ!!,Manga,181,,2013,https://cdn.myanimelist.net/images/manga/1/178608l.jpg
1983,Jack: The American Ghost,Jack: The American Ghost,아메리칸 유령잭,Manhwa,180,,2013,https://cdn.myanimelist.net/images/manga/1/331272l.jpg
1984,Ai to Itsuwari no Kiss,,愛と偽りのキス,Manga,179,,2013,https://cdn.myanimelist.net/images/manga/1/142289l.jpg
1984,Beast Wheeler,,ビーストホイラー,Manga,179,,2013,https://cdn.myanimelist.net/images/manga/1/176936l.jpg
1984,Daichi ni Tadoritsuku made ni,Before I arrive at the earth,大地にたどり着くまでに,Manga,179,,2013,https://cdn.myanimelist.net/images/manga/1/199167l.jpg
1984,Hairo-ism Sukumizu Syndrome,,はいろイズム スクミズシンドローム,Doujinshi,179,,2013,https://cdn.myanimelist.net/images/manga/1/106957l.jpg
1984,Saimin Choukyou Gakuen,,催眠調教学園,Manga,179,,2013,https://cdn.myanimelist.net/images/manga/2/197784l.jpg
1984,Shujuu na Doukyuusei,,主従な同級生,Manga,179,,2013,https://cdn.myanimelist.net/images/manga/3/158969l.jpg
1990,Anata no Tonari de,,あなたのトナリで,Doujinshi,178,,2013,https://cdn.myanimelist.net/images/manga/1/119267l.jpg
1990,Boku wa Vibrator de Kanojo wa Onaho,I'm a Vibrator and She Is a Artifical Vagina,僕はバイブで彼女はオナホ,Manga,178,,2013,https://cdn.myanimelist.net/images/manga/3/193367l.jpg
1990,Dirty Christ Superstar,,ダーティー・クライスト・スーパースター,Manga,178,,2013,https://cdn.myanimelist.net/images/manga/1/163924l.jpg
1990,Houkago wa Mesu no Kao,The Other Side of Aftershool,放課後はメスの顔,Manga,178,,2013,https://cdn.myanimelist.net/images/manga/2/203541l.jpg
1990,Oboreru x Kajitsu,,おぼれる×果実,One-shot,178,,2013,https://cdn.myanimelist.net/images/manga/2/122787l.jpg
1990,Oyatsu no Jikan,,おやつのじかん,Manga,178,,2013,https://cdn.myanimelist.net/images/manga/3/199474l.jpg
1990,Saigo no Omoide,,最後の思い出,One-shot,178,,2013,https://cdn.myanimelist.net/images/manga/3/112199l.jpg
1997,Danball Senki Wars,,ダンボール戦機WARS,Manga,177,,2013,https://cdn.myanimelist.net/images/manga/1/169025l.jpg
1997,Konyaku 0-nichikon wa Dou desu ka?,,婚約0日婚はどうですか？,Manga,177,,2013,https://cdn.myanimelist.net/images/manga/2/191018l.jpg
1997,Mitsugoku Marriage: Do S Akuma to Virgin Hanayome,,蜜獄マリッジ~ドS悪魔とバージン花嫁~,Manga,177,,2013,https://cdn.myanimelist.net/images/manga/1/128207l.jpg
1997,Moriawase Girls,,盛り合わせガール,Manga,177,,2013,https://cdn.myanimelist.net/images/manga/1/167638l.jpg
1997,"To, Aru Hi no Sugoku Fushigi",And the Strange and Funky Happenings One Day,と、ある日のすごくふしぎ,Manga,177,,2013,https://cdn.myanimelist.net/images/manga/2/276198l.jpg
2002,Kantan Kiss,,カンタンキス,Manga,176,,2013,https://cdn.myanimelist.net/images/manga/2/146765l.jpg
2002,Nihon no Natsu: Fudeoroshi no Natsu,,日本の夏 筆おろしの夏,One-shot,176,,2013,https://cdn.myanimelist.net/images/manga/1/155349l.jpg
2002,Oneechan mo Watashi mo,Both My Sister and I Are...,お姉ちゃんも私も,Manga,176,,2013,https://cdn.myanimelist.net/images/manga/2/329367l.jpg
2002,Tane,,タネ,One-shot,176,,2013,https://cdn.myanimelist.net/images/manga/1/100019l.jpg
2002,Trapped,,덫으로 가뒀다,One-shot,176,,2013,https://cdn.myanimelist.net/images/manga/3/104587l.jpg
2002,Ubawareta Ryoshuu-hime: Pharaoh no Gekiai ni Oujo wa Oboreru,,奪われた虜囚姫 ファラオの激愛に王女は溺れる,Light Novel,176,,2013,https://cdn.myanimelist.net/images/manga/3/184500l.jpg
2002,Ukare Beat,,浮かれビート,One-shot,176,,2013,https://cdn.myanimelist.net/images/manga/3/119355l.jpg
2009,After School Black Arts,,放課後の魔法戦争〈アフタースクール・ブラックアーツ〉,Light Novel,175,,2013,https://cdn.myanimelist.net/images/manga/1/103649l.jpg
2009,Anasen,,あなせん,Manga,175,,2013,https://cdn.myanimelist.net/images/manga/3/109943l.jpg
2009,Gokudou ga Soap de Awa-hime toshite Hataraku Koto ni Natta Kekka,,極道がソープで泡姫として働く事になった結果,Doujinshi,175,,2013,https://cdn.myanimelist.net/images/manga/3/151235l.jpg
2009,Kaze Hime Kankan,,風姫姦々,Doujinshi,175,,2013,https://cdn.myanimelist.net/images/manga/1/125317l.jpg
2009,Mijika na Koi dato Omou kedo,,身近な恋だと思うけど,Manga,175,,2013,https://cdn.myanimelist.net/images/manga/3/237578l.jpg
2009,"Sekai wa ""Pocchari"" ni Michiteiru",,"世界は""ぽっちゃり""に満ちている",Manga,175,,2013,https://cdn.myanimelist.net/images/manga/2/192925l.jpg
2009,Shasei Kanri Maniacs,,射精管理マニアックス,Manga,175,,2013,https://cdn.myanimelist.net/images/manga/2/130365l.jpg
2016,Buriki no Artist,Archist of Tinplate,錻力のアーチスト,Manga,174,,2013,https://cdn.myanimelist.net/images/manga/3/151975l.jpg
2016,Gosick: Gray Wolf Tanteisha-hen,,GOSICK グレイウルフ探偵社編,Novel,174,,2013,https://cdn.myanimelist.net/images/manga/2/304316l.jpg
2016,Karadasagashi,,カラダ探し,Novel,174,,2013,https://cdn.myanimelist.net/images/manga/2/253256l.jpg
2016,Koko wa Kasugai Mura,,ここは春日井村,One-shot,174,,2013,https://cdn.myanimelist.net/images/manga/2/113601l.jpg
2016,"Nee, Sono Tsuzuki Misete yo",,ねぇ、その続き見せてよ,One-shot,174,,2013,https://cdn.myanimelist.net/images/manga/3/121549l.jpg
2021,Evil Scream,,いーぶるすくりーむ,One-shot,173,,2013,https://cdn.myanimelist.net/images/manga/3/101823l.jpg
2021,Nimo Kakawarazu,,にもかかわらず,Manga,173,,2013,https://cdn.myanimelist.net/images/manga/2/135761l.jpg
2021,Shitei Koukan,,姉弟交姦,Manga,173,,2013,https://cdn.myanimelist.net/images/manga/2/139451l.jpg
2021,Sono Ki ni Natta?,,ソノ気になった?,Manga,173,,2013,https://cdn.myanimelist.net/images/manga/1/91403l.jpg
2021,Tonari no Wagamama,,となりのワガママ,One-shot,173,,2013,https://cdn.myanimelist.net/images/manga/2/96999l.jpg
2026,Deku: Block Head,,木偶 ～BLOCK HEAD～,Manga,172,,2013,https://cdn.myanimelist.net/images/manga/3/118983l.jpg
2026,Hitozuma Musubi,,人妻結び,Manga,172,,2013,https://cdn.myanimelist.net/images/manga/1/138839l.jpg
2026,Koi wa Shimekiri no Ato ni,,恋は〆切の後に,One-shot,172,,2013,https://cdn.myanimelist.net/images/manga/1/107845l.jpg
2029,Hanten Kousei! Furyou to Onna no Boku,,反転攻勢！不良と女の僕,One-shot,171,,2013,https://cdn.myanimelist.net/images/manga/2/101917l.jpg
2029,Kimi to,,君と,Doujinshi,171,,2013,https://cdn.myanimelist.net/images/manga/3/174228l.jpg
2029,Koko ga Genkai no Oval Gakuen,,ここが限界のオーバル学園,Manga,171,,2013,https://cdn.myanimelist.net/images/manga/3/115723l.jpg
2029,Tatta 30-en de JS to Yareteshimatta Hanashi,,たった30円でJSとヤれてしまった話,Doujinshi,171,,2013,https://cdn.myanimelist.net/images/manga/3/125321l.jpg
2029,"Zettai Junshu☆Kyousei Kozukuri Kyokashou Paradise!! Aa, Subarashiki Harama Sekai",,ぜったい遵守☆強制子作り許可証ぱらだいす!!～嗚呼、素晴らしき孕ま世界～,Light Novel,171,,2013,https://cdn.myanimelist.net/images/manga/1/166278l.jpg
2034,Hana Hook Anthology Comics,,鼻フック アンソロジーコミックス,Manga,170,,2013,https://cdn.myanimelist.net/images/manga/1/99943l.jpg
2034,Honjitsu kara no Rinjinai,,本日からの隣人愛,Manga,170,,2013,https://cdn.myanimelist.net/images/manga/1/110125l.jpg
2034,Loveho de Go!,,ラブホでGO！,One-shot,170,,2013,https://cdn.myanimelist.net/images/manga/2/107027l.jpg
2034,Omoibito,,おもいびと,One-shot,170,,2013,https://cdn.myanimelist.net/images/manga/2/145695l.jpg
2034,Ore no Kouhai no Futokoro ga Fukasugite Kowai.,My Junior's so Tolerant It's Scary.,俺の後輩の懐が深すぎてこわい。,Manga,170,,2013,https://cdn.myanimelist.net/images/manga/3/204888l.jpg
2034,SaSex,,させックス,Manga,170,,2013,https://cdn.myanimelist.net/images/manga/2/160852l.jpg
2034,Zurui x Pool Asobi,,ずるい×プール遊び,One-shot,170,,2013,https://cdn.myanimelist.net/images/manga/1/113321l.jpg
2041,Amai Yubisaki,,あまいゆびさき,Light Novel,169,,2013,https://cdn.myanimelist.net/images/manga/1/150870l.jpg
2041,Ayana to Keisuke,,あやなとケイスケ,One-shot,169,,2013,https://cdn.myanimelist.net/images/manga/2/110159l.jpg
2041,Gachinko Harem,,がちんこハ～レム,Manga,169,,2013,https://cdn.myanimelist.net/images/manga/3/96935l.jpg
2041,Hatsukoi Gummi Choco Pine,,初恋ぐみちょこぱいん,Manga,169,,2013,https://cdn.myanimelist.net/images/manga/3/193698l.jpg
2041,Junai Torotolip,,純愛とろとりっぷ,Manga,169,,2013,https://cdn.myanimelist.net/images/manga/2/165135l.jpg
2041,Kiss wo Shitemo Ii desu ka,"If you like me, accept a kiss...",キスをしてもいいですか,Manga,169,,2013,https://cdn.myanimelist.net/images/manga/3/152891l.jpg
2041,Na mo Naki Hana wo Mederu Hi ni,,名も無き花を愛でる日に,One-shot,169,,2013,https://cdn.myanimelist.net/images/manga/3/151932l.jpg
2041,Zetsubou no Eve,,絶望のイヴ,Manga,169,,2013,https://cdn.myanimelist.net/images/manga/3/166839l.jpg
2049,Aigan Kibou Shoujo,,愛玩希望少女,Doujinshi,168,,2013,https://cdn.myanimelist.net/images/manga/2/160278l.jpg
2049,Away,,AWAY -アウェイ-,Manga,168,,2013,https://cdn.myanimelist.net/images/manga/2/150292l.jpg
2049,Love Letter wo Morattara Osananajimi ni Osowareta Kudan,,ラブレターをもらったら幼馴染に襲われた件,One-shot,168,,2013,https://cdn.myanimelist.net/images/manga/1/110491l.jpg
2049,Nekomimi Smock,,ネコミミスモック,One-shot,168,,2013,https://cdn.myanimelist.net/images/manga/3/155087l.jpg
2053,Dekiai no Ori,,溺愛の檻,Manga,167,,2013,https://cdn.myanimelist.net/images/manga/2/225068l.jpg
2053,GJ-bu◎,,GJ部◎,Light Novel,167,,2013,https://cdn.myanimelist.net/images/manga/2/156352l.jpg
2053,Hakoniwa Telepathy,,箱庭テレパシー,Manga,167,,2013,https://cdn.myanimelist.net/images/manga/1/126237l.jpg
2053,Otoko no Ko wa Ore no Yome,,男の娘は俺の嫁,Manga,167,,2013,https://cdn.myanimelist.net/images/manga/3/101761l.jpg
2053,Uchuu Senkan Yamato 2199: Higan no Ace,,宇宙戦艦ヤマト2199 緋眼のエース,Manga,167,,2013,https://cdn.myanimelist.net/images/manga/2/101077l.jpg
2058,Azalea,,アザレア,One-shot,166,,2013,https://cdn.myanimelist.net/images/manga/3/119651l.jpg
2058,Chikan Densha,The Train Molester,痴姦電車,Doujinshi,166,,2013,https://cdn.myanimelist.net/images/manga/2/174046l.jpg
2058,Eien no Shouzou,,永遠の肖像,One-shot,166,,2013,https://cdn.myanimelist.net/images/manga/1/109449l.jpg
2058,Genkansaki de,,玄関先で,Manga,166,,2013,https://cdn.myanimelist.net/images/manga/1/99717l.jpg
2058,Hakai Yuugi,,破壊遊戯,Doujinshi,166,,2013,https://cdn.myanimelist.net/images/manga/2/145729l.jpg
2058,Hanazono to Egoist,Flower Garden & Egoist,花園とエゴイスト,Manga,166,,2013,https://cdn.myanimelist.net/images/manga/1/176171l.jpg
2058,Menhera Ayuri no Yamanai Onedari: Headphone wa Hazusenai,,メンヘラ歩理のヤまないおねだり ～ヘッドホンははずせない～,Light Novel,166,,2013,https://cdn.myanimelist.net/images/manga/2/165881l.jpg
2058,Ore to Kanojo no Love Comedy ga Zenryoku de Kuro Rekishi,"A Secret ""Love&Comedy"" Between Me and Her.",俺と彼女のラブコメが全力で黒歴史,Light Novel,166,,2013,https://cdn.myanimelist.net/images/manga/1/163615l.jpg
2058,Otome Claw,,オトメクロー,One-shot,166,,2013,https://cdn.myanimelist.net/images/manga/1/138407l.jpg
2067,Dansou Host★: Yajuu no Sono ni Onna Hitori,,男装ホスト★野獣の園に女1人,Manga,165,,2013,https://cdn.myanimelist.net/images/manga/1/128205l.jpg
2067,Match Uri no Otoko no Ko to Kimeseku!,,マッチ売りの男の娘とキメセク！,Doujinshi,165,,2013,https://cdn.myanimelist.net/images/manga/2/145959l.jpg
2067,Meisou! Underworld,,迷走！アンダーワールド,One-shot,165,,2013,https://cdn.myanimelist.net/images/manga/3/121539l.jpg
2067,Ooedo Youkai Kawaraban,,大江戸妖怪かわら版,Manga,165,,2013,https://cdn.myanimelist.net/images/manga/3/152164l.jpg
2067,Otto ni Koishicha Dame desu ka?,I Can't Fall in Love with My Husband!,オットに恋しちゃダメですか?,Manga,165,,2013,https://cdn.myanimelist.net/images/manga/3/237648l.jpg
2067,Tales of Symphonia: Shokuzai no Kratos,Tales of Symphonia: Kratos of the Expiation,テイルズ オブ シンフォニア 贖罪のクラトス,Light Novel,165,,2013,https://cdn.myanimelist.net/images/manga/2/159967l.jpg
2073,Akuyaku Reijou Koukyuu Monogatari,,悪役令嬢後宮物語,Light Novel,164,,2013,https://cdn.myanimelist.net/images/manga/3/167554l.jpg
2073,Dragon Quest X: 4-koma Manga Gekijou,,ドラゴンクエストX 4コママンガ劇場,Manga,164,,2013,https://cdn.myanimelist.net/images/manga/3/109001l.jpg
2073,Hame Sakari♥,,ハメさかり♥,Manga,164,,2013,https://cdn.myanimelist.net/images/manga/2/160327l.jpg
2073,Noumitsu Exercise: Sports Gym no Kaikan Lesson,,濃蜜エクササイズ スポーツジムの快感レッスン,Light Novel,164,,2013,https://cdn.myanimelist.net/images/manga/1/169247l.jpg
2073,Pastel Kazoku,The Pastel Family,パステル家族,Manga,164,,2013,https://cdn.myanimelist.net/images/manga/3/165439l.jpg
2073,Rem le Rose no Majo,,レムルローズの魔女,Manga,164,,2013,https://cdn.myanimelist.net/images/manga/2/174724l.jpg
2079,Atokata no Machi,,あとかたの街,Manga,163,,2013,https://cdn.myanimelist.net/images/manga/1/167225l.jpg
2079,Dekiai Humming♪,,デキ愛孕みんぐ♪,Manga,163,,2013,https://cdn.myanimelist.net/images/manga/2/157372l.jpg
2079,Toumei na Yurikago: Sanfujinkain Kangoshi Minarai Nikki,,透明なゆりかご 産婦人科院 看護師見習い日記,Manga,163,,2013,https://cdn.myanimelist.net/images/manga/3/176037l.jpg
2079,Tsutau,,ツタウ,One-shot,163,,2013,https://cdn.myanimelist.net/images/manga/2/127855l.jpg
2083,"By Chance, We... and...",,우리는 우연히 그리고,Manhwa,162,,2013,https://cdn.myanimelist.net/images/manga/2/263775l.jpg
2083,Daisuki ga Mushi wa Tadashi-kun no,,大好きが虫はタダシくんの,Manga,162,,2013,https://cdn.myanimelist.net/images/manga/2/152733l.jpg
2083,Gyoran,,ぎょらん,One-shot,162,,2013,https://cdn.myanimelist.net/images/manga/3/108073l.jpg
2083,Inferno Girl,,インフェルノガール,Manga,162,,2013,https://cdn.myanimelist.net/images/manga/1/149754l.jpg
2083,Kinu Roku,,キヌ六,Manga,162,,2013,https://cdn.myanimelist.net/images/manga/1/157709l.jpg
2083,Reveries of the Moonlight,Reveries of the Moonlight,월야환담,Manhwa,162,,2013,https://cdn.myanimelist.net/images/manga/1/292241l.jpg
2083,Share Style: Yuina ni Yuuwaku,,シェアスタイル～ゆいなに誘惑～,Manga,162,,2013,https://cdn.myanimelist.net/images/manga/1/154896l.jpg
2083,Shoujo wa Orc no Koubi Dorei,,少女はオークの交尾奴隷,Manga,162,,2013,https://cdn.myanimelist.net/images/manga/1/137017l.jpg
2083,Teach Me! Triangle,,教えてトライアングル,One-shot,162,,2013,https://cdn.myanimelist.net/images/manga/1/97449l.jpg
2092,Boku no Heroine wa Te ni Oenai,,僕の欲望〈ヒロイン〉は手に負えない,Light Novel,161,,2013,https://cdn.myanimelist.net/images/manga/1/162854l.jpg
2092,Hatsujou Carnival,,発情カーニバル,Manga,161,,2013,https://cdn.myanimelist.net/images/manga/2/178728l.jpg
2092,Mangetsu no Jinrou to Hangetsu no Vampire,,満月の人狼と半月の吸血姫〈ヴァンパイア〉,Light Novel,161,,2013,https://cdn.myanimelist.net/images/manga/1/164075l.jpg
2092,Sailor-fuku no Naisho,Secret of My Uniform,セーラー服のないしょ,Manga,161,,2013,https://cdn.myanimelist.net/images/manga/1/96181l.jpg
2092,Trap,,올가미,Manhwa,161,,2013,https://cdn.myanimelist.net/images/manga/2/150709l.jpg
2097,Death Need Round,,デスニードラウンド,Light Novel,160,,2013,https://cdn.myanimelist.net/images/manga/2/160033l.jpg
2097,Himitsu no Kankei,,秘密のカンケイ,Manga,160,,2013,https://cdn.myanimelist.net/images/manga/1/93731l.jpg
2097,Isekai no Honya-san e Youkoso!,Welcome to My Book Store in Another World!,異世界の本屋さんへようこそ！,Light Novel,160,,2013,https://cdn.myanimelist.net/images/manga/2/208723l.jpg
2097,Nagisa Break,,渚ブレイク,One-shot,160,,2013,https://cdn.myanimelist.net/images/manga/1/108415l.jpg
2097,Oretachi no Paizuriina: Issaitafu no Susume,,俺たちのパイズリーナ 一妻多夫のススメ,Manga,160,,2013,https://cdn.myanimelist.net/images/manga/2/178120l.jpg
2097,Shiroi Machi no Yoru-tachi,,白い街の夜たち,Manga,160,,2013,https://cdn.myanimelist.net/images/manga/1/195327l.jpg
2097,Zettai Seifuku Pheromone-chan♥,,絶対征服フェロモンちゃん♥,Manga,160,,2013,https://cdn.myanimelist.net/images/manga/3/93237l.jpg
2104,Oshiete☆Mizuki Sensei,,おしえて☆みずき先生,One-shot,159,,2013,https://cdn.myanimelist.net/images/manga/1/116161l.jpg
2104,Otodoke ni Agarimasu!,Special Delivery!,届けに上がります!,Manga,159,,2013,https://cdn.myanimelist.net/images/manga/1/270525l.jpg
2104,Sensei datte Otokonoko desu kara!,Even a teacher is a boy!,先生だって男の子ですから！,Manga,159,,2013,https://cdn.myanimelist.net/images/manga/2/172586l.jpg
2104,Sin For Not Swallowing,,삼키지 못한 죄,Manhwa,159,,2013,https://cdn.myanimelist.net/images/manga/2/115315l.jpg
2108,"""Tadashi Imouto no Shitsukekata"" tte Donna Hon?",,「正しい妹の躾け方」ってどんな本？,One-shot,158,,2013,https://cdn.myanimelist.net/images/manga/3/113517l.jpg
2108,Chikujin no Niwa,,畜人の庭,One-shot,158,,2013,https://cdn.myanimelist.net/images/manga/2/100045l.jpg
2108,Fureau Tabi ni Koi wo shite,,ふれあう度に恋をして,One-shot,158,,2013,https://cdn.myanimelist.net/images/manga/3/150642l.jpg
2108,Futari Chouri Jisshuu,,ふたり調理実習,One-shot,158,,2013,https://cdn.myanimelist.net/images/manga/2/101841l.jpg
2108,Gokigen Hachimitsu Holiday,Happy Honey Holiday,ごきげんハチミツホリデー,Manga,158,,2013,https://cdn.myanimelist.net/images/manga/1/154942l.jpg
2108,Kuchibiru-iro no Bara no Hana,Rose of Lip Color,唇色のばらのはな,Manga,158,,2013,https://cdn.myanimelist.net/images/manga/1/222400l.jpg
2108,Majuu Youjo,,魔獣孕女,Manga,158,,2013,https://cdn.myanimelist.net/images/manga/3/102625l.jpg
2108,Oniichan no Oyomesan,,お兄ちゃんのおよめさん,Doujinshi,158,,2013,https://cdn.myanimelist.net/images/manga/2/150210l.jpg
2108,Rokumonsen Rock,,六文銭ロック,Manga,158,,2013,https://cdn.myanimelist.net/images/manga/2/166212l.jpg
2108,Rokunin no Eve to Kamigoroshi no Shito,,六人のイヴと神殺しの使徒,Light Novel,158,,2013,https://cdn.myanimelist.net/images/manga/1/160936l.jpg
2118,Atelier Ayesha: Aru Renkinjutsushi no Tabi no Nikki yori,,小説 アーシャのアトリエ ～ある錬金術士の旅の日記より～,Light Novel,157,,2013,https://cdn.myanimelist.net/images/manga/2/131649l.jpg
2118,Chigiri no Ie,A pledge of abnormal Love.,契りの家,Manga,157,,2013,https://cdn.myanimelist.net/images/manga/3/178543l.jpg
2118,Kanojo-tachi no Meshi ga Mazui 100 no Riyuu,,彼女たちのメシがマズい100の理由,Manga,157,,2013,https://cdn.myanimelist.net/images/manga/2/110687l.jpg
2118,"Kusogaki, Itoko wo Kegasu",,クソガキ、従妹を汚す,Doujinshi,157,,2013,https://cdn.myanimelist.net/images/manga/1/189317l.jpg
2118,Nangoku Hatsujou Shinrinyoku,,南国発情森林浴,One-shot,157,,2013,https://cdn.myanimelist.net/images/manga/3/102037l.jpg
2118,Nobunaga no Yabou: Rinne Tenshou,Nobunaga no Yabou ～Rin-ne～,信長の野望 ～輪廻転将～,Manga,157,,2013,https://cdn.myanimelist.net/images/manga/3/138295l.jpg
2118,Oshikake Riot: Bangai-hen,,おしかけRIOT~番外編~,One-shot,157,,2013,https://cdn.myanimelist.net/images/manga/3/119357l.jpg
2118,Tsurami Entangle,,つらみ相互関係【entangle】,Manga,157,,2013,https://cdn.myanimelist.net/images/manga/2/133279l.jpg
2126,Hatsukoi Party,,はつこいパーティー,Manga,156,,2013,https://cdn.myanimelist.net/images/manga/3/193326l.jpg
2126,Houkago! Dungeon Koukou,,放課後！ダンジョン高校,Manga,156,,2013,https://cdn.myanimelist.net/images/manga/3/217800l.jpg
2126,Time Slot,,TIME SLOT,One-shot,156,,2013,https://cdn.myanimelist.net/images/manga/2/99971l.jpg
2129,1-2 Fan Club,,いーあるふぁんくらぶ,Manga,155,,2013,https://cdn.myanimelist.net/images/manga/1/157787l.jpg
2129,AV Joyuu to AV Danyuu ga Doukyo suru Hanashi.,When A Porn Actress And Actor Live Together...,AV女優とAV男優が同居する話。,Manga,155,,2013,https://cdn.myanimelist.net/images/manga/1/243395l.jpg
2129,After Party,,After Party,One-shot,155,,2013,https://cdn.myanimelist.net/images/manga/3/112877l.jpg
2129,Eichi Gakuen no Under Heart,,英知学園のアンダーハート,Light Novel,155,,2013,https://cdn.myanimelist.net/images/manga/1/159306l.jpg
2129,Gendai Nihon ni Yattekita Sega no Megami ni Arigachi na Koto,,現代日本にやってきたセガの女神にありがちなこと,Light Novel,155,,2013,https://cdn.myanimelist.net/images/manga/1/160499l.jpg
2129,Gennama ni Karada wo Hare,,現金に体を張れ,One-shot,155,,2013,https://cdn.myanimelist.net/images/manga/3/107115l.jpg
2129,Mesufune: Shoujo wa Fune de Mesu ni Naru,,牝船～少女は船で牝になる～,Doujinshi,155,,2013,https://cdn.myanimelist.net/images/manga/3/120257l.jpg
2129,The Chronicle of Myo-Jin,Myojin Tales,묘진전,Manhwa,155,,2013,https://cdn.myanimelist.net/images/manga/3/167326l.jpg
2137,Bed no Shita no Joou-sama,My Queen under the bed.,ベッドの下の女王様,Manga,154,,2013,https://cdn.myanimelist.net/images/manga/2/199220l.jpg
2137,Ijimetai Oppai Hajimemashita,,イジめたいおっぱいはじめました,Manga,154,,2013,https://cdn.myanimelist.net/images/manga/3/95017l.jpg
2137,Maou-sama no Haramase Douchuuki,,魔王様の孕ませ道中記,Light Novel,154,,2013,https://cdn.myanimelist.net/images/manga/1/166286l.jpg
2137,Shoujo-tachi no Yuugi,Girls' Game,少女達の遊戯,Manga,154,,2013,https://cdn.myanimelist.net/images/manga/3/193404l.jpg
2141,Kihon Muryou Kanojo: NG Nashi,,基本無料彼女 NG無し,Manga,153,,2013,https://cdn.myanimelist.net/images/manga/3/160430l.jpg
2141,Kita kara Kita Suikaku,The Drunken Woman Who Came In From The North,北から来た酔客,One-shot,153,,2013,https://cdn.myanimelist.net/images/manga/2/158869l.jpg
2141,Koukyuu Rakuen Kyuujou: Harem League Baseball,,後宮楽園球場 ハレムリーグ・ベースボール,Light Novel,153,,2013,https://cdn.myanimelist.net/images/manga/1/176907l.jpg
2141,Netsujou no Rhythm,,熱情の律動,One-shot,153,,2013,https://cdn.myanimelist.net/images/manga/2/101889l.jpg
2141,Share★Chin,,しぇあ★ちん,One-shot,153,,2013,https://cdn.myanimelist.net/images/manga/2/160451l.jpg
2141,Yasashii Hari,Affectionate Needle,やさしい針,Manga,153,,2013,https://cdn.myanimelist.net/images/manga/1/149760l.jpg
2141,Zettai Saikyou☆Oppai Sensou!! Kyonyuu Oukoku vs Hinnyuu Oukoku,,ぜったい最胸☆おっぱい戦争!! ~巨乳王国 VS 貧乳王国~,Light Novel,153,,2013,https://cdn.myanimelist.net/images/manga/2/166282l.jpg
2148,Aigan Concierge,,愛玩コンシェルジュ,Manga,152,,2013,https://cdn.myanimelist.net/images/manga/1/102405l.jpg
2148,Basilisk no Michi,,バジリスクの道,One-shot,152,,2013,https://cdn.myanimelist.net/images/manga/2/112413l.jpg
2148,CV:Heroine,,CV：ヒロイン,Manga,152,,2013,https://cdn.myanimelist.net/images/manga/3/114571l.jpg
2148,Chijou no Hoshi,,痴嬢の星,Manga,152,,2013,https://cdn.myanimelist.net/images/manga/1/144901l.jpg
2148,Chuuni♥Erotica,,厨二♥エロチカ,One-shot,152,,2013,https://cdn.myanimelist.net/images/manga/1/106881l.jpg
2148,Kyojin Meikyuu to Gakuen Kouryakuka no Madoushi,The Huge Dungeon and the Wizard of the Gigantic School,巨大迷宮と学園攻略科の魔術師,Light Novel,152,,2013,https://cdn.myanimelist.net/images/manga/2/160751l.jpg
2148,Nar Doma,,ナルどマ,Manga,152,,2013,https://cdn.myanimelist.net/images/manga/3/177985l.jpg
2148,Oboreru Toiki ni Amai Kiss,Drowning Sighes and Sweet Kisses,溺れる吐息に甘いキス,Manga,152,,2013,https://cdn.myanimelist.net/images/manga/2/150432l.jpg
2148,Otona no Omocha Danshi.,,大人のオモチャ男子。,Manga,152,,2013,https://cdn.myanimelist.net/images/manga/1/150534l.jpg
2148,Strike Witches: CHIi Size,,ストライクウィッチーズ 小ぃさいズ,Manga,152,,2013,https://cdn.myanimelist.net/images/manga/3/158917l.jpg
2148,Sweets Kurosawa,,スイーツ黒澤,Manga,152,,2013,https://cdn.myanimelist.net/images/manga/3/139483l.jpg
2148,Tabegoro Otome♥,,たべごろ処女♥〈おとめ〉,Manga,152,,2013,https://cdn.myanimelist.net/images/manga/1/158867l.jpg
2160,Amai Sasayaki,,あまい囁き,Manga,151,,2013,https://cdn.myanimelist.net/images/manga/3/149374l.jpg
2160,Ecstasy Holic,,えくすたしーホリック,Manga,151,,2013,https://cdn.myanimelist.net/images/manga/2/178082l.jpg
2160,"Hibi, Seishun.",,日々、青春。,Manga,151,,2013,https://cdn.myanimelist.net/images/manga/1/189542l.jpg
2160,Junai,,純愛,Light Novel,151,,2013,https://cdn.myanimelist.net/images/manga/2/329810l.jpg
2160,Kanojo no Setsuna,,彼女のせつな,Manga,151,,2013,https://cdn.myanimelist.net/images/manga/3/193790l.jpg
2160,"Kimi to, Hatsukoi",,キミと、ハツコイ,Manga,151,,2013,https://cdn.myanimelist.net/images/manga/3/149603l.jpg
2160,Makoto no Kuni,,誠のくに,Manga,151,,2013,https://cdn.myanimelist.net/images/manga/1/262920l.jpg
2160,Oretachi no Chuunibyou wa Mada Hajimatta Bakari da!,Our chuunibyou has only just begun!,俺達の中二病はまだ始まったばかりだ!,Light Novel,151,,2013,https://cdn.myanimelist.net/images/manga/3/160896l.jpg
2160,Vampire Summer Time,,ヴァンパイア・サマータイム,Light Novel,151,,2013,https://cdn.myanimelist.net/images/manga/1/159501l.jpg
2160,Watashi ni Mienai Koigokoro,,私に見えない恋心,Manga,151,,2013,https://cdn.myanimelist.net/images/manga/3/165038l.jpg
2170,Hatsukoi no Theory,,初恋のセオリー,Manga,150,,2013,https://cdn.myanimelist.net/images/manga/1/103681l.jpg
2170,Houkago Shukujo-kai,,放課後淑女会,Manga,150,,2013,https://cdn.myanimelist.net/images/manga/3/150212l.jpg
2170,Kanojo e Class Change!,,彼女へクラスチェンジ！,One-shot,150,,2013,https://cdn.myanimelist.net/images/manga/1/97923l.jpg
2170,Madoushi wa Heibon wo Nozomu,,魔導師は平凡を望む,Light Novel,150,,2013,https://cdn.myanimelist.net/images/manga/1/199105l.jpg
2170,Sena-chan to Kareshi+,,セナちゃんと彼氏＋,One-shot,150,,2013,https://cdn.myanimelist.net/images/manga/2/169662l.jpg
2175,(Kuro) no Tenshi,The (Black) Angels,（くろ）の天使,Manga,149,,2013,https://cdn.myanimelist.net/images/manga/1/114285l.jpg
2175,Hana Yan!,,華ヤン!,Manga,149,,2013,https://cdn.myanimelist.net/images/manga/3/174818l.jpg
2175,Kage Koi,Patterns of Yuri at the Girls' School,影恋,Doujinshi,149,,2013,https://cdn.myanimelist.net/images/manga/3/238745l.jpg
2175,Ren Wa Qi: Huan Xu Zhen,,人娃契 幻・虛・真,Light Novel,149,,2013,https://cdn.myanimelist.net/images/manga/3/281021l.jpg
2175,Romantic Marbling,Romantic Marbling,로맨틱 마블링,Manhwa,149,,2013,https://cdn.myanimelist.net/images/manga/1/259541l.jpg
2175,Uragirareta Yuusha no Sonogo...,After that of the Betrayed Hero,裏切られた勇者のその後…,Light Novel,149,,2013,https://cdn.myanimelist.net/images/manga/2/161089l.jpg
2175,Yamiko wa Uchuu ni Akogareru.,,ヤミコは宇宙に憧れる。,One-shot,149,,2013,https://cdn.myanimelist.net/images/manga/3/155101l.jpg
2182,Chuugaku Sei Nikki,,中学聖日記,Manga,148,,2013,https://cdn.myanimelist.net/images/manga/3/224930l.jpg
2182,Futsutsuka Mono desu ga...,,ふつつかものですが…,One-shot,148,,2013,https://cdn.myanimelist.net/images/manga/1/94225l.jpg
2182,Gifuu Doudou!!: Kaze no Gunshi Kuroda Kanbee,,義風堂々!! 疾風の軍師 黒田官兵衛,Manga,148,,2013,https://cdn.myanimelist.net/images/manga/1/188578l.jpg
2182,Hajimari no Uta,,はじまりのうた,Doujinshi,148,,2013,https://cdn.myanimelist.net/images/manga/1/168906l.jpg
2182,Korekara Combat,,これからコンバット,Manga,148,,2013,https://cdn.myanimelist.net/images/manga/3/164138l.jpg
2182,Koshoku Robot,,孤食ロボット,Manga,148,,2013,https://cdn.myanimelist.net/images/manga/1/190330l.jpg
2182,Kyoudai Chuudoku: Sister Holic,,姉弟中毒 ~Sister Holic~,Manga,148,,2013,https://cdn.myanimelist.net/images/manga/1/93187l.jpg
2182,Mama ga Idol!?,,ママがアイドル!?,Manga,148,,2013,https://cdn.myanimelist.net/images/manga/2/192263l.jpg
2182,Musume no Mizugi ni Kigaetara♥,,娘の水着に着替えたら♥,One-shot,148,,2013,https://cdn.myanimelist.net/images/manga/2/155771l.jpg
2182,Omoibito dj - Holiday,,holiday,Doujinshi,148,,2013,https://cdn.myanimelist.net/images/manga/2/193791l.jpg
2182,Otokogokoro to Haru no Sora,,オトコごころと春の空,Manga,148,,2013,https://cdn.myanimelist.net/images/manga/3/192499l.jpg
2193,Genshikou,Into Illusion,幻視行,Light Novel,147,,2013,https://cdn.myanimelist.net/images/manga/2/123249l.jpg
2194,Gedou Ouji no Lemegeton,An evil-principles prince's Lemegeton Clavicula Salomonis,外道王子の魔神隷従<レメゲトン>,Light Novel,146,,2013,https://cdn.myanimelist.net/images/manga/2/173065l.jpg
2194,"Iinoyo, Heru Mon ja Naishi♪",,いーのよ、減るもんじゃなし♪,Doujinshi,146,,2013,https://cdn.myanimelist.net/images/manga/3/112171l.jpg
2194,Kouma Choubuku Douchuuki,,肛魔調伏道中記,One-shot,146,,2013,https://cdn.myanimelist.net/images/manga/1/94081l.jpg
2194,Sentou Hawaii,,銭湯ハワイ,Manga,146,,2013,https://cdn.myanimelist.net/images/manga/2/150868l.jpg
2194,Shukufuku no Kuro to Hametsu no Shiro - Dragon Kishidan II,Dragon Knights: Heavenly Black and Evil White,祝福の黒と破滅の白 ドラゴン騎士団Ⅱ,Manga,146,,2013,https://cdn.myanimelist.net/images/manga/3/149511l.jpg
2199,Hakudaku Senki Eleanor,,白濁戦姫エレアノール,Manga,145,,2013,https://cdn.myanimelist.net/images/manga/1/161171l.jpg
2199,Kaijin no Karshel: What a Beautiful Sanctuary,,灰燼のカルシェール -What a beautiful sanctuary-,Light Novel,145,,2013,https://cdn.myanimelist.net/images/manga/3/149464l.jpg
2199,Koibito Complex,Sexual Relations Complex,コイビト コンプレックス,Manga,145,,2013,https://cdn.myanimelist.net/images/manga/1/323224l.jpg
2199,Netoraresou: Wana ni Hamatta Onna-tachi,,寝取られ荘 ～罠に嵌った女たち～,Manga,145,,2013,https://cdn.myanimelist.net/images/manga/1/193746l.jpg
2199,Next Haven,,新世の学園戦区〈ネクスト・ヘイヴン〉,Light Novel,145,,2013,https://cdn.myanimelist.net/images/manga/3/162721l.jpg
2199,Nobelu,,NOBELU-演-,Manga,145,,2013,https://cdn.myanimelist.net/images/manga/1/195926l.jpg
2199,SM Danchi: Mazo Mesu Heaven,The Heaven of Masochistically Bitches,SM団地～マゾメスヘブン～,Manga,145,,2013,https://cdn.myanimelist.net/images/manga/2/150256l.jpg
2199,Sekai 8-banme no Fushigi,Eighth Wonder of the World,世界八番目の不思議,Manga,145,,2013,https://cdn.myanimelist.net/images/manga/1/203266l.jpg
2199,Shirudaku Nikumatsuri,,汁だく肉乱交,Manga,145,,2013,https://cdn.myanimelist.net/images/manga/2/93569l.jpg
2208,Aka-chan no Host,,赤ちゃんのホスト,Manga,144,,2013,https://cdn.myanimelist.net/images/manga/3/192571l.jpg
2208,Doutei Sotsugyou,,童貞卒業,Manga,144,,2013,https://cdn.myanimelist.net/images/manga/3/176636l.jpg
2208,Hatsukoi Shounen Shoujo,,初恋少年少女,Manga,144,,2013,https://cdn.myanimelist.net/images/manga/3/167314l.jpg
2208,Isago Megumi Kaori-san no Himitsu,,沙恵香さんとの秘密,One-shot,144,,2013,https://cdn.myanimelist.net/images/manga/2/156591l.jpg
2208,Kanojo wa Hazukashii no Toriko,,彼女は恥ずかしいの虜,Manga,144,,2013,https://cdn.myanimelist.net/images/manga/3/193378l.jpg
2208,Oort no Kumo kara,,オールトの雲から,Manga,144,,2013,https://cdn.myanimelist.net/images/manga/2/227069l.jpg
2208,Scar Face,,SCAR FACE,Doujinshi,144,,2013,https://cdn.myanimelist.net/images/manga/3/150934l.jpg
2208,Wagashi no Anne,,和菓子のアン,Manga,144,,2013,https://cdn.myanimelist.net/images/manga/3/275360l.jpg
2216,Genei wo Kakeru Taiyou: Koborechiru wa Unmei no Suna,,幻影ヲ駆ケル太陽 〜こぼれ落ちるは運命の砂〜,Light Novel,143,,2013,https://cdn.myanimelist.net/images/manga/4/145293l.jpg
2216,Inpio!,,いんぴお！,One-shot,143,,2013,https://cdn.myanimelist.net/images/manga/3/108127l.jpg
2216,Nakute Nanakusa,,なくてななくさ,Manga,143,,2013,https://cdn.myanimelist.net/images/manga/1/113301l.jpg
2216,Nineteen,Nineteen,나인틴 (nineteen): 화양연화,Manhwa,143,,2013,https://cdn.myanimelist.net/images/manga/2/270724l.jpg
2216,Ore no Revenge ga Heroine wo Zenin Taosu!,Erotic Revenger beats all Heroines!,オレのリベンジがヒロインを全員倒す!,Light Novel,143,,2013,https://cdn.myanimelist.net/images/manga/3/164237l.jpg
2216,Sleeping Beauty,,スリーピングビューティー,Manga,143,,2013,https://cdn.myanimelist.net/images/manga/3/128497l.jpg
2216,Sotsugyou Shimashita.,I Graduated,卒業しました。,Manga,143,,2013,https://cdn.myanimelist.net/images/manga/2/302174l.jpg
2223,Akuma ga Chigiru Hime to Kishi: Hanayome wo Dakkan Seyo,,悪魔が契る姫と騎士 花嫁を奪還せよ,Light Novel,142,,2013,https://cdn.myanimelist.net/images/manga/2/125595l.jpg
2223,Arawa Tawawa,,あらわ たわわ,Manga,142,,2013,https://cdn.myanimelist.net/images/manga/3/248347l.jpg
2223,Omamori-kun,Mr. Good Luck Charm,お守りくん,Manga,142,,2013,https://cdn.myanimelist.net/images/manga/2/277000l.jpg
2223,Rouman no Okuni de Aimashou,,浪漫のお国で逢いましょう,Manga,142,,2013,https://cdn.myanimelist.net/images/manga/1/114845l.jpg
2223,Shimaman,,しままん,Manga,142,,2013,https://cdn.myanimelist.net/images/manga/2/117447l.jpg
2223,Torokeru Otome,,とろける乙女,Manga,142,,2013,https://cdn.myanimelist.net/images/manga/3/199476l.jpg
2223,Ushiro no Shoumen,,うしろの正面,One-shot,142,,2013,https://cdn.myanimelist.net/images/manga/2/107149l.jpg
2230,Anata wo Yogarasete Ageru,I'll give feel comfortable to you,あなたをヨがらせてあげる,Manga,141,,2013,https://cdn.myanimelist.net/images/manga/3/178824l.jpg
2230,Demon Gaze,,デモンゲイズ,Manga,141,,2013,https://cdn.myanimelist.net/images/manga/1/164741l.jpg
2230,Ikenai Amane-san,,イけないあまねさん,One-shot,141,,2013,https://cdn.myanimelist.net/images/manga/1/101869l.jpg
2230,Inferno,,インヘルノ,Manga,141,,2013,https://cdn.myanimelist.net/images/manga/2/127967l.jpg
2230,Otouto ni Josou Sasetara Sekkyokuteki Kawaii,,弟に女装させたら積極的可愛い,Doujinshi,141,,2013,https://cdn.myanimelist.net/images/manga/2/160317l.jpg
2230,Shinai naru Koroshiya-sama,,親愛なる殺し屋様,Manga,141,,2013,https://cdn.myanimelist.net/images/manga/3/215404l.jpg
2236,Amai Tsubomi no Sodatekata,,あまいつぼみのそだてかた,Doujinshi,140,,2013,https://cdn.myanimelist.net/images/manga/3/151787l.jpg
2236,Ano Ko♂Donna Ko♂Otoko no Ko,,あの子♂どんな子♂オトコノコ,One-shot,140,,2013,https://cdn.myanimelist.net/images/manga/3/152882l.jpg
2236,Bari♥Suki,,バリ♥スキ,One-shot,140,,2013,https://cdn.myanimelist.net/images/manga/1/110501l.jpg
2236,Chuugaku-sei Nikki,,中学性日記,Manga,140,,2013,https://cdn.myanimelist.net/images/manga/2/115693l.jpg
2236,Harattama Kiyottama,,はらったまきよったま,Doujinshi,140,,2013,https://cdn.myanimelist.net/images/manga/3/189571l.jpg
2236,Invitation,Invitation,淫びてーしょん,Manga,140,,2013,https://cdn.myanimelist.net/images/manga/2/146275l.jpg
2236,Kairaku Ningyou Ideology,,快楽人形イデオロギー,Manga,140,,2013,https://cdn.myanimelist.net/images/manga/1/199161l.jpg
2236,Kamisama to Unmei Kakumei no Paradox,,神様と運命革命のパラドックス,Manga,140,,2013,https://cdn.myanimelist.net/images/manga/2/122965l.jpg
2236,Kotatsu to Anime to Oniichan,,コタツとアニメとおにいちゃん,Doujinshi,140,,2013,https://cdn.myanimelist.net/images/manga/1/203772l.jpg
2236,Masochistic Ecstasy,,マゾヒスティック・エクスタシー,Light Novel,140,,2013,https://cdn.myanimelist.net/images/manga/3/160795l.jpg
2236,Sasen mo Warukunai,Demotion Is Not So Bad,左遷も悪くない,Light Novel,140,,2013,https://cdn.myanimelist.net/images/manga/2/179350l.jpg
2236,Secret Between You And Me,,나와 그녀의 비밀,One-shot,140,,2013,https://cdn.myanimelist.net/images/manga/1/111589l.jpg
2236,Seisen Cerberus: Mou Hitori no Eiyuu,,聖戦ケルベロス～もう一人の英雄～,Manga,140,,2013,https://cdn.myanimelist.net/images/manga/2/173427l.jpg
2236,Switch,,スウィッチ,One-shot,140,,2013,https://cdn.myanimelist.net/images/manga/2/95887l.jpg
2236,Taishou Rouman: Oni-san Yameteee!!,,大正浪漫 鬼さんやめてえぇっ!!,Manga,140,,2013,https://cdn.myanimelist.net/images/manga/2/149964l.jpg
2236,Yoru no Tobari no Orita Nochi,,夜の帳の下りた後,One-shot,140,,2013,https://cdn.myanimelist.net/images/manga/1/110499l.jpg
2252,Aku Ochi Darkness,,悪堕ちダークネス,Manga,139,,2013,https://cdn.myanimelist.net/images/manga/1/107125l.jpg
2252,Danshiryou 301-goushitsu no Renai Flag,,男子寮301号室の恋愛フラグ,Manga,139,,2013,https://cdn.myanimelist.net/images/manga/3/101595l.jpg
2252,Imouto Kindan Shoudou,Sister-in-law Forbidden Impulse,義妹禁断衝動,Manga,139,,2013,https://cdn.myanimelist.net/images/manga/3/190712l.jpg
2252,"Imouto-sama ni Yoru, Ore Route Kouryaku Love Comedy Riron",,妹様による、俺ルート攻略・ラブコメ理論,Light Novel,139,,2013,https://cdn.myanimelist.net/images/manga/3/170581l.jpg
2252,Kore ga Hoshiin Desho!?,,美脚が欲しいんでしょ！？,Manga,139,,2013,https://cdn.myanimelist.net/images/manga/1/174188l.jpg
2252,Pretty Monster,,プリティモンスター,One-shot,139,,2013,https://cdn.myanimelist.net/images/manga/1/97019l.jpg
2252,Rinkan Tsuma Inka no Shizuku,,輪姦妻 淫花の雫,Manga,139,,2013,https://cdn.myanimelist.net/images/manga/2/152822l.jpg
2259,Bukiyou na Hito dj - Bukiyou na Futari,,ぶきようなふたり,Doujinshi,138,,2013,https://cdn.myanimelist.net/images/manga/1/193761l.jpg
2259,"Elevator Ecchi, Mirarechatta!",,エレベーターえっち、見られちゃった！,Manga,138,,2013,https://cdn.myanimelist.net/images/manga/2/128187l.jpg
2259,Haramase! Hitozuma Choukyoushi,,孕ませ！人妻調教師,Manga,138,,2013,https://cdn.myanimelist.net/images/manga/1/194243l.jpg
2259,JK Chakuism,,JK着衣ズム,Manga,138,,2013,https://cdn.myanimelist.net/images/manga/3/327578l.jpg
2259,"Kodou yori Tsuyoku, Kokyuu yori Fukaku",,鼓動よりつよく、呼吸よりふかく,Manga,138,,2013,https://cdn.myanimelist.net/images/manga/2/172447l.jpg
2259,Naishogoto,,ないしょごと,Manga,138,,2013,https://cdn.myanimelist.net/images/manga/1/193031l.jpg
2259,Oshiete Sensei♡ Bangai-hen: Sensei-tachi mo Wakakatta,,教えて先生っ♡番外編「先生たちも若かった」,One-shot,138,,2013,https://cdn.myanimelist.net/images/manga/3/129441l.jpg
2259,Sayonara Shikyuu,Goodbye My Womb,さよならしきゅう,Manga,138,,2013,https://cdn.myanimelist.net/images/manga/1/223021l.jpg
2267,"3P, Hajimemashita!",,3P、はじめました!,One-shot,137,,2013,https://cdn.myanimelist.net/images/manga/1/238601l.jpg
2267,Dracul,,Dracul,Manga,137,,2013,https://cdn.myanimelist.net/images/manga/3/152660l.jpg
2267,"Hakuchuu no Boukun, Mayonaka no Shihaisha",,白昼の暴君、真夜中の支配者,Manga,137,,2013,https://cdn.myanimelist.net/images/manga/2/127943l.jpg
2267,Kaikan Change♂⇔♀,,快感チェンジ♂⇔♀,Manga,137,,2013,https://cdn.myanimelist.net/images/manga/3/151615l.jpg
2267,Meganebu!: Sekai wa Lens Goshi ni Kagayaku!!,,メガネブ！～世界はレンズ越しに輝く!!～,Manga,137,,2013,https://cdn.myanimelist.net/images/manga/3/126333l.jpg
2267,Messiah Chi￮ko,,救世主（メシア）チ○コ,Manga,137,,2013,https://cdn.myanimelist.net/images/manga/2/150232l.jpg
2267,Nyotai Koukai Jikkenshitsu,,女体肛開実験室,Manga,137,,2013,https://cdn.myanimelist.net/images/manga/2/129661l.jpg
2267,Ore to Kareshi no Koi no Hate,"Me, My Boyfriend, and the Future of Our Love",俺と彼氏の恋の果て,Manga,137,,2013,https://cdn.myanimelist.net/images/manga/3/250634l.jpg
2267,RPM,,RPM,Manga,137,,2013,https://cdn.myanimelist.net/images/manga/3/237694l.jpg
2276,Ane no Te no Naka de Odore!,,姉の手の中で踊れ!,One-shot,136,,2013,https://cdn.myanimelist.net/images/manga/3/152861l.jpg
2276,Futaribocchi de Koi wo,,ふたりぼっちで恋を,Manga,136,,2013,https://cdn.myanimelist.net/images/manga/1/136917l.jpg
2276,Kiss-uma Danshi no Sodatekata,,キスうま男子の育て方,Manga,136,,2013,https://cdn.myanimelist.net/images/manga/3/135469l.jpg
2276,Netoge no Yome ga Seitokaichou Datta Ken ni Tsuite,,ネトゲの嫁が生徒会長だった件について,Light Novel,136,,2013,https://cdn.myanimelist.net/images/manga/3/168892l.jpg
2276,Renai Kikan no Meltdown,Meltdown of love organ,恋愛器官のメルトダウン,Manga,136,,2013,https://cdn.myanimelist.net/images/manga/3/150894l.jpg
2281,Goumontou wa Nemuranai,,拷問塔は眠らない,Light Novel,135,,2013,https://cdn.myanimelist.net/images/manga/1/135155l.jpg
2281,Hana,,하나,Manhwa,135,,2013,https://cdn.myanimelist.net/images/manga/3/320190l.jpg
2281,Holly Mix,,HOLLY MIX,Light Novel,135,,2013,https://cdn.myanimelist.net/images/manga/1/153925l.jpg
2281,Kuroda-san to Katagiri-san,,黒田さんと片桐さん,Manga,135,,2013,https://cdn.myanimelist.net/images/manga/2/152607l.jpg
2285,13-banme no Boku no Majo,,13番目の僕の魔女,Light Novel,134,,2013,https://cdn.myanimelist.net/images/manga/1/108327l.jpg
2285,Boku no Party ga Sentouchuu ni Yuuwaku Shitekuru node Sekai ga Sukuenai,,僕のパーティーが戦闘中に誘惑してくるので世界が救えない,Light Novel,134,,2013,https://cdn.myanimelist.net/images/manga/2/168627l.jpg
2285,Chiisai Ana wa Dou desu ka?,,ちいさいあなはどうですか？,Manga,134,,2013,https://cdn.myanimelist.net/images/manga/1/244834l.jpg
2285,Fantasista Doll: Prelude Kagami,,ファンタジスタドール ～プレリュードかがみ～,Manga,134,,2013,https://cdn.myanimelist.net/images/manga/1/148017l.jpg
2285,Futari no Houkago♂♀,,2人の放課後♂♀,One-shot,134,,2013,https://cdn.myanimelist.net/images/manga/2/120105l.jpg
2285,Nenmaku Renai,The Love of the Flesh,粘膜恋愛,Manga,134,,2013,https://cdn.myanimelist.net/images/manga/2/194249l.jpg
2285,Okasare Yuusha: Ririshiku Sekai wo Sukuu Hazu Datta Boku...,,犯され勇者～凛々しく世界を救うハズだったボク…～,Light Novel,134,,2013,https://cdn.myanimelist.net/images/manga/1/166362l.jpg
2292,"Daisanji Seichouki, Ootsuka-kun!",,第三次性徴期、大塚くん!,Manga,133,,2013,https://cdn.myanimelist.net/images/manga/1/125887l.jpg
2292,Kasshoku Anamate: Momojirikko wo Otose♪,,褐色アナメイト -桃尻っ娘を堕とせ♪-,Light Novel,133,,2013,https://cdn.myanimelist.net/images/manga/2/166171l.jpg
2292,Kimi no Na wa,,少年〈きみ〉の名は,Manga,133,,2013,https://cdn.myanimelist.net/images/manga/2/134921l.jpg
2292,Kyouiku♡Jisshuu,,狂イク♡実習,Manga,133,,2013,https://cdn.myanimelist.net/images/manga/3/213384l.jpg
2292,Man♡Pai: Tokunou Sukebest,Crème de la Crème,まん♡ぱい〜特濃スケベスト〜,Manga,133,,2013,https://cdn.myanimelist.net/images/manga/2/301349l.jpg
2292,Root Double: Before Crime*After Days - √After,,ルートダブル Before Crime＊After Days √After,Manga,133,,2013,https://cdn.myanimelist.net/images/manga/1/125671l.jpg
2298,Akuma to Koi nanka Shimasen!,,悪魔と恋なんかしません!,Manga,132,,2013,https://cdn.myanimelist.net/images/manga/3/165533l.jpg
2298,Ayuhara Yorunami wa Yoku Nureru,,鮎原夜波はよく濡れる,Light Novel,132,,2013,https://cdn.myanimelist.net/images/manga/2/179786l.jpg
2298,Huaichun Zaijian!,,フイチン再見！,Manga,132,,2013,https://cdn.myanimelist.net/images/manga/3/176874l.jpg
2298,Kakumei Club Valvra-bu,,革命倶楽部ヴァルヴレイ部,Manga,132,,2013,https://cdn.myanimelist.net/images/manga/2/152885l.jpg
2298,Kyodai Monster ni Okasarechau Bishoujo-tachi,,巨大モンスターに犯されちゃう美少女たち,Manga,132,,2013,https://cdn.myanimelist.net/images/manga/1/94261l.jpg
2298,Mesu Kyoushi 3: Inetsu no Gakusha - Touko-hen,,牝教師3~淫悦の学舎~ 灯子編,Light Novel,132,,2013,https://cdn.myanimelist.net/images/manga/2/174411l.jpg
2298,Satsuriku no Matrix Edge,,殺戮のマトリクスエッジ,Light Novel,132,,2013,https://cdn.myanimelist.net/images/manga/2/177470l.jpg
2305,Honenuki Sakusen!,,骨抜き作戦!,Doujinshi,131,,2013,https://cdn.myanimelist.net/images/manga/3/189697l.jpg
2305,Invisible,,インビジブル,Light Novel,131,,2013,https://cdn.myanimelist.net/images/manga/2/138375l.jpg
2305,Kaasan ga Nandemo Shite Kureru,,母さんが何でもしてくれる,Doujinshi,131,,2013,https://cdn.myanimelist.net/images/manga/1/112165l.jpg
2305,Ma Curriculum!,,魔カリキュラム!,Manga,131,,2013,https://cdn.myanimelist.net/images/manga/1/239778l.jpg
2305,Manken tte Nan no Ryaku desu ka?,,マン研って何の略ですか？,One-shot,131,,2013,https://cdn.myanimelist.net/images/manga/3/191839l.jpg
2305,Otome no Wareme,,乙女のわれめ,Manga,131,,2013,https://cdn.myanimelist.net/images/manga/3/146027l.jpg
2305,Seitokai Yakuin no Tokubetsu Gyoumu,,生徒会役員の特別業務,Doujinshi,131,,2013,https://cdn.myanimelist.net/images/manga/2/189269l.jpg
2305,Short Peace,,ショート・ピース,Manga,131,,2013,https://cdn.myanimelist.net/images/manga/2/229850l.jpg
2305,Umi to Dolittle,Dolittle and the Sea,海とドリトル,Manga,131,,2013,https://cdn.myanimelist.net/images/manga/2/158828l.jpg
2305,Yurippu Chu♡,,ユリップchu♡,Manga,131,,2013,https://cdn.myanimelist.net/images/manga/1/151515l.jpg
2305,Zettai Jusei♥Namahame Shoujo,,絶対受精♥ナマハメ少女,Manga,131,,2013,https://cdn.myanimelist.net/images/manga/2/160417l.jpg
2316,30cm Star,,30センチスター,Manga,130,,2013,https://cdn.myanimelist.net/images/manga/3/320886l.jpg
2316,Boku wa Otome de Hitorijime!,,ボクが乙女でひとり占め!,Light Novel,130,,2013,https://cdn.myanimelist.net/images/manga/1/159956l.jpg
2316,Chuunibyou Dakara Harem Shitai! Doukyuusei wa Minna Mousou-kei,,中二病だからハーレムしたい！ 同級生はみんな妄想系,Light Novel,130,,2013,https://cdn.myanimelist.net/images/manga/3/170671l.jpg
2316,Hamamura Nagisa no Keisan Note,,浜村渚の計算ノート,Manga,130,,2013,https://cdn.myanimelist.net/images/manga/1/118455l.jpg
2316,Issho ni Hajimete!,,いっしょにはじめて！,One-shot,130,,2013,https://cdn.myanimelist.net/images/manga/1/135699l.jpg
2316,Kyojo Kasshoku Inma,,巨女褐色淫魔,Manga,130,,2013,https://cdn.myanimelist.net/images/manga/2/193343l.jpg
2316,Monster ni Kiss wo,,モンスターにキスを,Manga,130,,2013,https://cdn.myanimelist.net/images/manga/3/179449l.jpg
2316,Tsuma ga Nani Yara,,妻がナニやら,Manga,130,,2013,https://cdn.myanimelist.net/images/manga/2/177477l.jpg
2316,Umi de Shiyou yo,,海でしようよ,One-shot,130,,2013,https://cdn.myanimelist.net/images/manga/2/106979l.jpg
2316,Yandere Oneechan no Otouto Shiiku Nikki,,ヤンデレお姉ちゃんの弟飼育日記,Light Novel,130,,2013,https://cdn.myanimelist.net/images/manga/2/153489l.jpg
2326,CL-astia Bangai-hen,,CL-astia 番外編,Doujinshi,129,,2013,https://cdn.myanimelist.net/images/manga/1/160561l.jpg
2326,Koi-iro Ryokan,,恋色旅館,Manga,129,,2013,https://cdn.myanimelist.net/images/manga/1/90577l.jpg
2326,Material Polka,,マテリアルポルカ,Manga,129,,2013,https://cdn.myanimelist.net/images/manga/2/206950l.jpg
2326,Okina to Tsuyuko,,おきなとつゆこ,Manga,129,,2013,https://cdn.myanimelist.net/images/manga/2/123797l.jpg
2326,Root Double: Before Crime*After Days - √Before,,ルートダブル Before Crime＊After Days √Before,Manga,129,,2013,https://cdn.myanimelist.net/images/manga/2/125673l.jpg
2326,Seventh Hole no Majo,"The Flying Witch Co. Rise Against Catastrophe ""The 7th Holes""",セブンスホールの魔女,Light Novel,129,,2013,https://cdn.myanimelist.net/images/manga/2/160977l.jpg
2326,Shinobi no Oiwai,,忍のお祝い,One-shot,129,,2013,https://cdn.myanimelist.net/images/manga/1/98039l.jpg
2326,Yuuwaku Vanilla Fukigen Mint,,誘惑バニラ 不機嫌ミント,Manga,129,,2013,https://cdn.myanimelist.net/images/manga/1/166412l.jpg
2334,Red,,red,One-shot,128,,2013,https://cdn.myanimelist.net/images/manga/1/93465l.jpg
2334,Roukagawa-kei Hitaishou Girl,,廊下側系非対称ガール,Doujinshi,128,,2013,https://cdn.myanimelist.net/images/manga/3/153613l.jpg
2334,Skirt Darling,,スカートダーリン,Manga,128,,2013,https://cdn.myanimelist.net/images/manga/2/246625l.jpg
2334,Suki ni Naru to wa Nanigoto da,How Did I Fall in Love With You!?,好きになるとは何事だ,Manga,128,,2013,https://cdn.myanimelist.net/images/manga/1/255855l.jpg
2338,Boku to Kanojo ga Ichaicha Ichaicha,,僕と彼女がいちゃいちゃいちゃいちゃ,Light Novel,127,,2013,https://cdn.myanimelist.net/images/manga/2/163294l.jpg
2338,Kissa Terrine Colorful,,喫茶テリーヌカラフル,One-shot,127,,2013,https://cdn.myanimelist.net/images/manga/1/160303l.jpg
2338,Love Deli,Love Delivery,ラヴデリ,Manga,127,,2013,https://cdn.myanimelist.net/images/manga/1/254136l.jpg
2338,Meropon Dashi!,,メロポンだし!,Manga,127,,2013,https://cdn.myanimelist.net/images/manga/2/125221l.jpg
2338,Noushou Sakuretsu Girl,,脳漿炸裂ガール,Light Novel,127,,2013,https://cdn.myanimelist.net/images/manga/1/162205l.jpg
2338,Nyan Communication,,にゃんこみゅにけーしょん,Manga,127,,2013,https://cdn.myanimelist.net/images/manga/2/181720l.jpg
2338,Shinkon... Datteba,,新婚…だってば,One-shot,127,,2013,https://cdn.myanimelist.net/images/manga/3/96963l.jpg
2338,Tokimeki Tonight: Makabe Shun no Jijou,,ときめきトゥナイト 真壁俊の事情,Manga,127,,2013,https://cdn.myanimelist.net/images/manga/2/159407l.jpg
2346,Ane Hole: Oneesan no Chitsuana,,おねホール お姉さんの窒穴,Manga,126,,2013,https://cdn.myanimelist.net/images/manga/3/199151l.jpg
2346,Invisiblewd Lovers,,淫ビジブルLOVERS,One-shot,126,,2013,https://cdn.myanimelist.net/images/manga/1/160343l.jpg
2346,Karakuri Onigami Akatuski,,機関鬼神アカツキ,Light Novel,126,,2013,https://cdn.myanimelist.net/images/manga/1/160688l.jpg
2349,Kotori mo Naka Zuba,,小鳥も鳴かずば,Manga,125,,2013,https://cdn.myanimelist.net/images/manga/3/93813l.jpg
2349,Nettai no Mori,,熱帯の森,Doujinshi,125,,2013,https://cdn.myanimelist.net/images/manga/3/221048l.jpg
2349,Ore ga Ikiru Raison D'être,,俺が生きる意味,Light Novel,125,,2013,https://cdn.myanimelist.net/images/manga/3/97189l.jpg
2349,Safety Game,,セーフティ・ゲーム,Manga,125,,2013,https://cdn.myanimelist.net/images/manga/1/247847l.jpg
2349,"Senpai, Suki desu",,先パイ、スキです,Doujinshi,125,,2013,https://cdn.myanimelist.net/images/manga/1/189661l.jpg
2349,Usuba Kagerou,,薄翅蜉蝣,One-shot,125,,2013,https://cdn.myanimelist.net/images/manga/1/102613l.jpg
2349,Watashi no Hibi,,わたしの日々,Manga,125,,2013,https://cdn.myanimelist.net/images/manga/3/161482l.jpg
2356,8-banme no Cafeteria Girl,The 8th Cafeteria Girl.,8番目のカフェテリアガール,Light Novel,124,,2013,https://cdn.myanimelist.net/images/manga/3/161622l.jpg
2356,Guilty Black & Red,,ギルティブラック＆レッド,Light Novel,124,,2013,https://cdn.myanimelist.net/images/manga/3/162536l.jpg
2356,Hatsuyuki Sakura,White Graduation,はつゆきさくら,Light Novel,124,,2013,https://cdn.myanimelist.net/images/manga/1/149282l.jpg
2356,Kutsuya no Musuko,,靴屋の息子,One-shot,124,,2013,https://cdn.myanimelist.net/images/manga/3/229069l.jpg
2356,Mahou Shoujo Kinshihou,,魔法少女禁止法,Light Novel,124,,2013,https://cdn.myanimelist.net/images/manga/1/177011l.jpg
2356,Mesu Kyoushi 3: Inetsu no Gakusha - Chisato-hen,,牝教師３～淫悦の学舎～千里編,Light Novel,124,,2013,https://cdn.myanimelist.net/images/manga/3/175335l.jpg
2356,Oniisan to Kozukuri★: Homodachi 100-nin Dekiru kana?,"Making babies with brother! -Let's ""mate"" 100 friends!-",おにいさんと子作り★ホモだち100人できるかな?,Manga,124,,2013,https://cdn.myanimelist.net/images/manga/2/143505l.jpg
2356,Shitsuren Tantei Momose,Heart Break Detective Momose,失恋探偵ももせ,Light Novel,124,,2013,https://cdn.myanimelist.net/images/manga/3/164384l.jpg
2356,Spy no Ie,A Blood of Spy,スパイの家,Manga,124,,2013,https://cdn.myanimelist.net/images/manga/1/167062l.jpg
2365,Fantasista Doll Mix,,ファンタジスタドール Mix,Manga,123,,2013,https://cdn.myanimelist.net/images/manga/2/148015l.jpg
2365,Futago no Tenkousei Ema to Eve,Transfer Student of Twins Ema & Eve,双子の転校生エマとイヴ,Doujinshi,123,,2013,https://cdn.myanimelist.net/images/manga/1/238534l.jpg
2365,Hero ni Naru Tame ni: 7-kakan no Shuuchuu Kouza,,ヒーローになるために～7日間の集中講座～,Doujinshi,123,,2013,https://cdn.myanimelist.net/images/manga/1/161017l.jpg
2365,Hiren Mousou,,被恋妄想,One-shot,123,,2013,https://cdn.myanimelist.net/images/manga/2/94363l.jpg
2365,Sakura no Awai,,さくらのあわい,One-shot,123,,2013,https://cdn.myanimelist.net/images/manga/2/264666l.jpg
2370,Loli-himesama no Kenkaku Nisshi,Founding of the country diary,ろりひめさまの建国日誌,Light Novel,122,,2013,https://cdn.myanimelist.net/images/manga/2/160775l.jpg
2370,Nameless Newbie,,名称未設定〈ネイムレス・ニュービー〉,Light Novel,122,,2013,https://cdn.myanimelist.net/images/manga/1/163869l.jpg
2370,Seitokaichou to Ojousama wo Iinari Saimin!,,生徒会長とお嬢さまを言いなり催眠,Light Novel,122,,2013,https://cdn.myanimelist.net/images/manga/1/165839l.jpg
2370,Sword Art Online Comic Anthology,,ソードアート・オンライン コミックアンソロジー,Manga,122,,2013,https://cdn.myanimelist.net/images/manga/1/249368l.jpg
2370,Yumemigokochi,,ユメミゴコチ,One-shot,122,,2013,https://cdn.myanimelist.net/images/manga/1/141741l.jpg
2375,BMI - Mazoku Chousakyoku,,BMI ～魔族調査局,Manga,121,,2013,https://cdn.myanimelist.net/images/manga/3/115663l.jpg
2375,Manga de Wakaru Nanatsu no Shuukan,,まんがでわかる7つの習慣,Manga,121,,2013,https://cdn.myanimelist.net/images/manga/3/123653l.jpg
2375,Seitokaichou ni Chuukoku: Koushiki Anthology,,生徒会長に忠告 公式アンソロジー,Manga,121,,2013,https://cdn.myanimelist.net/images/manga/2/255611l.jpg
2375,Tsuyokunai Mama New Game,,強くないままニューゲーム,Light Novel,121,,2013,https://cdn.myanimelist.net/images/manga/3/164473l.jpg
2379,Colorful Brapan,,カラフルぶらぱん,Manga,120,,2013,https://cdn.myanimelist.net/images/manga/1/190618l.jpg
2379,Hontou no Watashi,,ホントウのワタシ,One-shot,120,,2013,https://cdn.myanimelist.net/images/manga/3/132279l.jpg
2379,Ikoku Yome 8-sai,,異国ヨメ8才,One-shot,120,,2013,https://cdn.myanimelist.net/images/manga/1/120103l.jpg
2379,Manpuku Yuri,,満腹百合,Manga,120,,2013,https://cdn.myanimelist.net/images/manga/2/149556l.jpg
2379,Miss Fabre no Almas Givrer,,ミス・ファーブルの蟲ノ荒園〈アルマス・ギヴル〉,Light Novel,120,,2013,https://cdn.myanimelist.net/images/manga/1/197053l.jpg
2379,Nemu Hana,,睡華,One-shot,120,,2013,https://cdn.myanimelist.net/images/manga/1/123085l.jpg
2379,Netori Ojisan: Seijunha Joshi◯sei Tobe Miho-hen,,寝取りオジサン～清純派女子◯生 戸部美帆編～,Doujinshi,120,,2013,https://cdn.myanimelist.net/images/manga/3/251230l.jpg
2379,Nishikida Keibu wa Dorobou ga Osuki,,錦田警部はどろぼうがお好き,Manga,120,,2013,https://cdn.myanimelist.net/images/manga/2/233869l.jpg
2379,Shokuinshitsu no Himegoto,A Secret of Teachers Room,職員室の秘めごと,Manga,120,,2013,https://cdn.myanimelist.net/images/manga/3/276442l.jpg
2379,White List,,ホワイトリスト,Manga,120,,2013,https://cdn.myanimelist.net/images/manga/3/199478l.jpg
2389,4Rang,,4랑,Manhwa,119,,2013,https://cdn.myanimelist.net/images/manga/3/105815l.jpg
2389,Boku no Mae dake Chijo na Kanojo,,僕の前だけ痴女な彼女,Manga,119,,2013,https://cdn.myanimelist.net/images/manga/2/178548l.jpg
2389,Goumontou wa Nemuranai: Doukeshi no Shou,The Sleepless Torture Tower: Chapter of Clown,拷問塔は眠らない ―道化師の章―,Manga,119,,2013,https://cdn.myanimelist.net/images/manga/1/220859l.jpg
2389,Ijou Chitai: Kanojo wa Boku no Jikken Dorei,,異常痴態 ～彼女は僕の実験奴隷～,Light Novel,119,,2013,https://cdn.myanimelist.net/images/manga/3/165983l.jpg
2389,Konna Hazu dewa,How It's Supposed to Be,こんなはずでは,Manga,119,,2013,https://cdn.myanimelist.net/images/manga/1/282173l.jpg
2389,Toshishita Danshi no Atsukaikata.,,年下男子の扱い方。,Manga,119,,2013,https://cdn.myanimelist.net/images/manga/1/112571l.jpg
2395,AkuMusu,,あくむす,Manga,118,,2013,https://cdn.myanimelist.net/images/manga/3/194179l.jpg
2395,Hakuginhi,Princess of Silvery White,白銀妃,Manga,118,,2013,https://cdn.myanimelist.net/images/manga/3/134911l.jpg
2395,Honto wa Suki da,,ほんとは好きだ,Manga,118,,2013,https://cdn.myanimelist.net/images/manga/2/129247l.jpg
2395,Houkago no Sangatsu Usagi,,放課後の三月ウサギ,One-shot,118,,2013,https://cdn.myanimelist.net/images/manga/1/116713l.jpg
2395,Itatani-san to Ushiyama-san,,板谷さんと牛山さん,Manga,118,,2013,https://cdn.myanimelist.net/images/manga/3/165461l.jpg
2395,Kamisama Sakuragi Produce,,神様桜木プロデュース,Manga,118,,2013,https://cdn.myanimelist.net/images/manga/1/142137l.jpg
2395,Koi Caramel no Recipe,Recipe of Love caramel,恋カラメルのレシピ,Manga,118,,2013,https://cdn.myanimelist.net/images/manga/2/164706l.jpg
2395,"Koori no Joou, Tokimekuru.",,氷の女王、ときめくる。,Manga,118,,2013,https://cdn.myanimelist.net/images/manga/2/193494l.jpg
2395,Kuusou Shoujo,Day Dream Girls,空想少女,Manga,118,,2013,https://cdn.myanimelist.net/images/manga/2/153921l.jpg
2395,Nee Nee,,ねぇねぇ,One-shot,118,,2013,https://cdn.myanimelist.net/images/manga/1/106997l.jpg
2395,Ore no Kaachan ga 17-sai ni Natta,,俺のかーちゃんが17歳になった,Light Novel,118,,2013,https://cdn.myanimelist.net/images/manga/1/121015l.jpg
2395,Seifuku JK,,制服JK,Manga,118,,2013,https://cdn.myanimelist.net/images/manga/3/237916l.jpg
2407,Anti-Gravity Girl,,반중력소녀,Manhwa,117,,2013,https://cdn.myanimelist.net/images/manga/3/292500l.jpg
2407,Ballad,,BALLAD,Manga,117,,2013,https://cdn.myanimelist.net/images/manga/3/174722l.jpg
2407,Double Secret,The Double Secret,ダブルシークレット,Manga,117,,2013,https://cdn.myanimelist.net/images/manga/1/247634l.jpg
2407,Fukigen na Prince,,不機嫌なプリンス,Manga,117,,2013,https://cdn.myanimelist.net/images/manga/3/113477l.jpg
2407,Ningyoutsukai,Puppet Master,人形遣い,Light Novel,117,,2013,https://cdn.myanimelist.net/images/manga/2/172020l.jpg
2407,Suki to Iu no wa Uso no Uso desu,,好きというのは嘘のウソです,Manga,117,,2013,https://cdn.myanimelist.net/images/manga/3/141947l.jpg
2407,"Totsuzen, Planter kara Ikemen ga Haetekitanda ga.",A Hunk Suddenly Sprouted from the Planter...,突然、プランターからイケメンが生えてきたんだが。,Manga,117,,2013,https://cdn.myanimelist.net/images/manga/2/153495l.jpg
2414,Ai wo Kurae!!,,愛を喰らえ!!,Manga,116,,2013,https://cdn.myanimelist.net/images/manga/3/143971l.jpg
2414,"Do S Megane, Tokidoki Dame Otoko",Super Sadistic Guy Wearing Glasses Sometimes Can't Do Anything Right,ドSメガネ、ときどきダメ男,Manga,116,,2013,https://cdn.myanimelist.net/images/manga/3/112113l.jpg
2414,Kedamono Switch,,ケダモノスイッチ,Manga,116,,2013,https://cdn.myanimelist.net/images/manga/2/183257l.jpg
2414,Omoikomi wa Koi no Hajimari,Accidental Love,思いこみは恋のはじまり,Manga,116,,2013,https://cdn.myanimelist.net/images/manga/2/112575l.jpg
2414,Sainey Encount,,催ニー艶カウント,One-shot,116,,2013,https://cdn.myanimelist.net/images/manga/1/93851l.jpg
2414,Saint Seiya: The Lost Canvas - Meiou Shinwa Bangai-hen,,聖闘士星矢 THE LOST CANVAS 冥王神話 番外編,Manga,116,,2013,https://cdn.myanimelist.net/images/manga/1/335456l.jpg
2414,Saishin no Game wa Sugosugi daro,,最新のゲームは凄すぎだろ,Light Novel,116,,2013,https://cdn.myanimelist.net/images/manga/3/158316l.jpg
2414,The Pink: Tokusatsu Heroine Tsukamaeta!!!,,the Pink 特撮ヒロイン掴まえた!!!,Doujinshi,116,,2013,https://cdn.myanimelist.net/images/manga/2/195682l.jpg
2414,Yebisu Celebrities: Kuge x Masunaga Ver.,,YEBISUセレブリティーズ 久家×益永ver.,Manga,116,,2013,https://cdn.myanimelist.net/images/manga/2/225672l.jpg
2423,Futanarist,,フタナリスト,Manga,115,,2013,https://cdn.myanimelist.net/images/manga/3/248584l.jpg
2423,Josou Danshi Mii-chan to Sono Kareshi? Kei-kun,,女装男子みいちゃんとその彼氏?けい君,Manga,115,,2013,https://cdn.myanimelist.net/images/manga/3/231403l.jpg
2423,Juugoya Usagi wa Sekkyokuteki!?,,十五夜うさぎは積極的！？,One-shot,115,,2013,https://cdn.myanimelist.net/images/manga/1/107031l.jpg
2423,Kyuusuitou no Yuurei,,給水塔の幽霊,One-shot,115,,2013,https://cdn.myanimelist.net/images/manga/3/97497l.jpg
2423,Marble,,Marble,Manga,115,,2013,https://cdn.myanimelist.net/images/manga/3/225927l.jpg
2428,Chitai Kairou,,恥帯回廊,Manga,114,,2013,https://cdn.myanimelist.net/images/manga/3/106837l.jpg
2428,Ero Gaki-tachi ni Okasareta Heroine-tachi,,エロガキたちに犯されたヒロインたち,Manga,114,,2013,https://cdn.myanimelist.net/images/manga/2/106949l.jpg
2428,Fushidara na Oniisan,,ふしだらなお兄さん,Manga,114,,2013,https://cdn.myanimelist.net/images/manga/2/100649l.jpg
2428,Gakuen NTR: Boku no Shiranai Kanojo no Kao,,学園NTR ～僕の知らない彼女の淫顔～,Light Novel,114,,2013,https://cdn.myanimelist.net/images/manga/1/165871l.jpg
2428,Ginga Teikoku Kouboushi,,銀河帝国興亡史,Manga,114,,2013,https://cdn.myanimelist.net/images/manga/2/104643l.jpg
2428,Grimoire no Shisho: Majin no Miko to Ubawareshi Danpen,Librarian of Grimoire,魔導書〈グリモワール〉の司書 魔人の魅女と奪われし断片,Light Novel,114,,2013,https://cdn.myanimelist.net/images/manga/2/166464l.jpg
2428,Ikenai♥Cosplaytion,,いけない♥コスプレーション,Manga,114,,2013,https://cdn.myanimelist.net/images/manga/3/172546l.jpg
2428,Juuyoku no Hanayome-tachi,The Bestial Brides,獣欲の花嫁たち,Manga,114,,2013,https://cdn.myanimelist.net/images/manga/2/145857l.jpg
2428,Kakai Ouken no Disvairocana,Disvairocana of the Acala Sword,火界王剣の神滅者〈ディスビルシャナ〉,Light Novel,114,,2013,https://cdn.myanimelist.net/images/manga/1/163603l.jpg
2428,Kankin Oyuugi,Confinement Game,監禁お遊戯,Manga,114,,2013,https://cdn.myanimelist.net/images/manga/1/174222l.jpg
2428,Mikan Shoujo Lovecraft,,未完少女ラヴクラフト,Light Novel,114,,2013,https://cdn.myanimelist.net/images/manga/2/160815l.jpg
2428,Nian Shang x Nian Xia,,年上×年下,Manhua,114,,2013,https://cdn.myanimelist.net/images/manga/1/111883l.jpg
2428,Oppabu Crown,,おっぱぶクラウン,Manga,114,,2013,https://cdn.myanimelist.net/images/manga/1/90617l.jpg
2428,"Tadashi, Kare wa Yandere ni Sae Motemasen",,ただし、彼はヤンデレにさえモテません,Light Novel,114,,2013,https://cdn.myanimelist.net/images/manga/1/163396l.jpg
2428,Torikago no Shoujo-tachi,,鳥籠の少女たち,Manga,114,,2013,https://cdn.myanimelist.net/images/manga/1/151401l.jpg
2443,Biniku no Kangoku,,媚肉の監獄,Manga,113,,2013,https://cdn.myanimelist.net/images/manga/1/102637l.jpg
2443,Choukyou no Jikan - Kichiku na Kare to Junjou Dorei,,調教の時間 ~キチクな彼と純情ドレイ~,Manga,113,,2013,https://cdn.myanimelist.net/images/manga/1/94763l.jpg
2443,Hard Nerd Daddy: Hatarake! Otaku!!,,ハード・ナード・ダディ -働け! オタク!!-,Manga,113,,2013,https://cdn.myanimelist.net/images/manga/3/115441l.jpg
2443,Jishou Kouha no Ore ga Onna ni Nattara Omoi no Hoka Sugee Bitch Datta,,自称硬派のオレが女になったら思いのほかすげぇビッチだった,Light Novel,113,,2013,https://cdn.myanimelist.net/images/manga/2/165984l.jpg
2443,Moratte Kudasai!! Azumi-sensei!!!,,モラって下さいっ！！あずみ先生っ！！！,One-shot,113,,2013,https://cdn.myanimelist.net/images/manga/3/160447l.jpg
2443,Shuumatsu Ryouiki no Nemesis,Nemesis of End Domain,終末領域のネメシス,Light Novel,113,,2013,https://cdn.myanimelist.net/images/manga/2/123031l.jpg
2443,Taimanin Asagi 3 the Comic,,対魔忍アサギ3 THE COMIC,Manga,113,,2013,https://cdn.myanimelist.net/images/manga/3/289894l.jpg
2443,Zettai Saikyou☆Oppai Sensou!! Yureru Nyuutopia,,ぜったい最胸☆おっぱい戦争!! 揺れる乳トピア,Light Novel,113,,2013,https://cdn.myanimelist.net/images/manga/1/166283l.jpg
2451,Bounce Out,,バウンスアウト,Manga,112,,2013,https://cdn.myanimelist.net/images/manga/1/201649l.jpg
2451,Higashi-Ikebukuro Stray Cats,East Ikebukuro Stray Cats,東池袋ストレイキャッツ,Light Novel,112,,2013,https://cdn.myanimelist.net/images/manga/1/202959l.jpg
2451,Kemono no Kuni no Harami Hime,,獣の国の孕み姫,Doujinshi,112,,2013,https://cdn.myanimelist.net/images/manga/1/155789l.jpg
2451,Meigyoku no Almaine,The Curse of Fimmelhausen Dynasty,冥玉のアルメイン,Light Novel,112,,2013,https://cdn.myanimelist.net/images/manga/1/177084l.jpg
2451,Meishiiku: Ane no Musume to no Inkan Nikki,Breeding Niece,姪飼育 姉の娘との淫姦日記,Manga,112,,2013,https://cdn.myanimelist.net/images/manga/1/146181l.jpg
2451,Sensei no Otoriyose,Sensei's Mail-Order Food,先生のおとりよせ,Manga,112,,2013,https://cdn.myanimelist.net/images/manga/1/317753l.jpg
2451,Shoujo Pet,,少女ペット,Manga,112,,2013,https://cdn.myanimelist.net/images/manga/3/197013l.jpg
2451,Walkure Romanze: Noel no Koimonogatari,,ワルキューレ ロマンツェ[ノエルの恋物語],Light Novel,112,,2013,https://cdn.myanimelist.net/images/manga/3/166532l.jpg
2459,Cappuccino,,カプチーノ,Manga,111,,2013,https://cdn.myanimelist.net/images/manga/1/203468l.jpg
2459,Engage: Ojousama to Hisho Keiyaku,,エンゲージ お嬢様と秘書契約,Light Novel,111,,2013,https://cdn.myanimelist.net/images/manga/3/160139l.jpg
2459,Flagger no Houteishiki,,フラッガーの方程式,Manga,111,,2013,https://cdn.myanimelist.net/images/manga/3/122529l.jpg
2459,Hinabita♪ Rin to Shite Saku Hana no Gotoku,,ひなビタ♪ 凛として咲く花の如く,Light Novel,111,,2013,https://cdn.myanimelist.net/images/manga/3/162719l.jpg
2459,Hizamazuite Kutsu wo Namero,Kneel down and lick my shoes.,跪いて靴を舐めろ,Manga,111,,2013,https://cdn.myanimelist.net/images/manga/1/139559l.jpg
2459,Kaasan Shika Aisenai: Futei no Kizuna,,母さんしか愛せない～不貞の絆～,Manga,111,,2013,https://cdn.myanimelist.net/images/manga/3/155100l.jpg
2459,Killzone,,KILLZONE,One-shot,111,,2013,https://cdn.myanimelist.net/images/manga/3/130955l.jpg
2459,Maki-kun no Sainan,,牧くんの災難,One-shot,111,,2013,https://cdn.myanimelist.net/images/manga/2/136999l.jpg
2459,Muriyari Hametai,,ムリヤリハメたいっ,Manga,111,,2013,https://cdn.myanimelist.net/images/manga/2/178505l.jpg
2459,Rafnas,,ラフナス,Manga,111,,2013,https://cdn.myanimelist.net/images/manga/1/151010l.jpg
2459,Tonari no Oneesan Dousei-hen,,となりのお姉さん 同棲編,One-shot,111,,2013,https://cdn.myanimelist.net/images/manga/1/93839l.jpg
2459,Yandere Gakuen Harem Tengoku,,ヤンデレ学園ハーレム天国,Light Novel,111,,2013,https://cdn.myanimelist.net/images/manga/3/190972l.jpg
2471,Bimajo no Hanazono,,美魔女の花園,Doujinshi,110,,2013,https://cdn.myanimelist.net/images/manga/3/146421l.jpg
2471,Boku no Yuusha,,ぼくのゆうしゃ,Light Novel,110,,2013,https://cdn.myanimelist.net/images/manga/1/176157l.jpg
2471,Calcio na Shitsuji,,カルチョな執事,Manga,110,,2013,https://cdn.myanimelist.net/images/manga/2/146361l.jpg
2471,Crisis Gear,,クライシス・ギア,Light Novel,110,,2013,https://cdn.myanimelist.net/images/manga/1/159015l.jpg
2471,Death Chichi,,デスちち,Manga,110,,2013,https://cdn.myanimelist.net/images/manga/2/187831l.jpg
2471,H Jigyoubu Eigyou-ka,H Division Sales Section,H事業部営業課,Manga,110,,2013,https://cdn.myanimelist.net/images/manga/2/245718l.jpg
2471,Hikikomori Yuusha no Tame ni Bishoujo Party ga Hitohadanugu you desu,A beautiful girl party seems to undress,引きこもり勇者のために美少女パーティーが一肌脱ぐようです,Light Novel,110,,2013,https://cdn.myanimelist.net/images/manga/1/168648l.jpg
2471,Inda no Himekishi Janne: Biki Tensei,The Princess Knight Janne,淫堕の姫騎士ジャンヌ 美姫転生,Light Novel,110,,2013,https://cdn.myanimelist.net/images/manga/1/168954l.jpg
2471,Kaidan Shounen,,怪談少年,Manga,110,,2013,https://cdn.myanimelist.net/images/manga/3/252596l.jpg
2471,Maotome-tachi no Eden,Witch Maidens' Eden,魔乙女たちのエデン,Manga,110,,2013,https://cdn.myanimelist.net/images/manga/1/151864l.jpg
2471,Marebito Cafe xx,,マレビトカフェ××,One-shot,110,,2013,https://cdn.myanimelist.net/images/manga/2/92395l.jpg
2471,Orichalcum Reycal Duo,,オリハルコン レイカル DUO,Manga,110,,2013,https://cdn.myanimelist.net/images/manga/1/176733l.jpg
2471,Toshokan Kyuuseishu Club,,図書館救世主倶楽部,One-shot,110,,2013,https://cdn.myanimelist.net/images/manga/3/118615l.jpg
2484,Actress Act,,アクトレスアクト,Manga,109,,2013,https://cdn.myanimelist.net/images/manga/3/260093l.jpg
2484,Board of the Dead,,BOARD of the DEAD,One-shot,109,,2013,https://cdn.myanimelist.net/images/manga/3/299137l.jpg
2484,Degen Mädchen,,デーゲンメイデン Degen Mädchen,Manga,109,,2013,https://cdn.myanimelist.net/images/manga/1/99121l.jpg
2484,K-sensei no Furachi na Junai,,K先生の不埒な純愛,Manga,109,,2013,https://cdn.myanimelist.net/images/manga/1/255641l.jpg
2484,Kanojo to Hajimete no,For the First Time with Her,カノジョとハジメテノ,Manga,109,,2013,https://cdn.myanimelist.net/images/manga/2/192051l.jpg
2484,"Karada dake, Amaku Shibirete. - Otona no Koi no Hajimekata",,カラダだけ、甘く痺れて。～オトナの恋のはじめ方～,Manga,109,,2013,https://cdn.myanimelist.net/images/manga/3/128209l.jpg
2484,Otona no Jikanwari,,大人のじかん割り,Manga,109,,2013,https://cdn.myanimelist.net/images/manga/2/96987l.jpg
2484,Tokyo Yamimushi: 2nd Scenario - Pandora,,東京闇虫 ─2nd scenario─ パンドラ,Manga,109,,2013,https://cdn.myanimelist.net/images/manga/1/145533l.jpg
2484,Tonari no AV Tsuma,,隣のAV妻,One-shot,109,,2013,https://cdn.myanimelist.net/images/manga/3/139475l.jpg
2484,Tonelico no Ou,King of Tonelico,トネリコの王,Light Novel,109,,2013,https://cdn.myanimelist.net/images/manga/3/158051l.jpg
2484,Yuuwaku no Pit In,,誘惑ピットイン,Manga,109,,2013,https://cdn.myanimelist.net/images/manga/1/97931l.jpg
2495,Arist Craisi,,アリストクライシ,Light Novel,108,,2013,https://cdn.myanimelist.net/images/manga/2/159872l.jpg
2495,Idol Chijoku Park,,アイドル恥辱パーク,Manga,108,,2013,https://cdn.myanimelist.net/images/manga/2/166810l.jpg
2495,Joshikousei no Seibun. Schoolgirl Overflow,,ジョシコーセーの成分。 SCHOOL GIRL OVERFLOW,Light Novel,108,,2013,https://cdn.myanimelist.net/images/manga/3/164472l.jpg
2495,Kanojo to Kanojo no Neko,She and Her Cat,彼女と彼女の猫,Novel,108,,2013,https://cdn.myanimelist.net/images/manga/3/306003l.jpg
2495,Madarame-sensei no Mousou Gakkyuu Nisshi,,斑目先生の妄想学級日誌,Manga,108,,2013,https://cdn.myanimelist.net/images/manga/3/125891l.jpg
2495,"Ore no Nounai Sentakushi ga, Gakuen Love Comedy wo Zenryoku de Jama shiteiru H",,俺の脳内選択肢が、学園ラブコメを全力で邪魔しているH,Manga,108,,2013,https://cdn.myanimelist.net/images/manga/3/286411l.jpg
2495,Ore wa Nani wo Machigaeta!?,,俺はナニを間違えた!?,Manga,108,,2013,https://cdn.myanimelist.net/images/manga/2/146767l.jpg
2495,Otoko no Ko Dorei,,オトコの娘奴隷,Manga,108,,2013,https://cdn.myanimelist.net/images/manga/2/99205l.jpg
2495,Reverse;End,,リバース;エンド,Light Novel,108,,2013,https://cdn.myanimelist.net/images/manga/3/121945l.jpg
2495,Romnia Teikoku Koubouki,,ロムニア帝国興亡記,Light Novel,108,,2013,https://cdn.myanimelist.net/images/manga/1/177316l.jpg
2495,Seiyuu Mashimashi Club,,声優ましまし倶楽部,Manga,108,,2013,https://cdn.myanimelist.net/images/manga/1/157822l.jpg
2495,Sixteen Syndrome,,シックスティーン症候群(シンドローム),Manga,108,,2013,https://cdn.myanimelist.net/images/manga/3/99757l.jpg
2495,Yawaraka,,やわらか,Manga,108,,2013,https://cdn.myanimelist.net/images/manga/2/158099l.jpg
2495,Zannen! Banchou-chan,,ざんねん! 番長ちゃん,Manga,108,,2013,https://cdn.myanimelist.net/images/manga/3/157402l.jpg
2509,Amatsuka Mikoto wa Zenchi Zennou desu.,Amatsuka Mikoto is Omniscience & Omnipotence,天束ミコトは全知全能です。,Light Novel,107,,2013,https://cdn.myanimelist.net/images/manga/3/129307l.jpg
2509,Bijukubo to Boku: Kindan no Ure Hada,,美熟母と僕 禁断の熟肌,Light Novel,107,,2013,https://cdn.myanimelist.net/images/manga/3/169139l.jpg
2509,Hako no Naka ni wa Buta ga Ita♪,,箱の中には豚がいた♪,Manga,107,,2013,https://cdn.myanimelist.net/images/manga/2/112229l.jpg
2509,Ikigami no Fatima,,生き神のファティマ,Manga,107,,2013,https://cdn.myanimelist.net/images/manga/3/123555l.jpg
2509,Meganebu!: Seitokai yori Ai wo Komete,,メガネブ! ～生徒会よりアイを込めて～,Manga,107,,2013,https://cdn.myanimelist.net/images/manga/1/123413l.jpg
2509,Onikurashi,,鬼暮らし,Doujinshi,107,,2013,https://cdn.myanimelist.net/images/manga/3/297904l.jpg
2509,Saimin Yuugi,,催眠遊戯,Light Novel,107,,2013,https://cdn.myanimelist.net/images/manga/2/170185l.jpg
2509,Shiroki Kououhime to Cheat Force,,白き煌王姫と異能魔導小隊〈チート・フォース〉,Light Novel,107,,2013,https://cdn.myanimelist.net/images/manga/2/161031l.jpg
2509,Tomiko no Kimochi,,トミコの気持ち,Manga,107,,2013,https://cdn.myanimelist.net/images/manga/1/161385l.jpg
2509,Zodiac Witches: Juuni Seiza no Majo,,ゾディアック・ウィッチーズ 十二星座の魔女,Light Novel,107,,2013,https://cdn.myanimelist.net/images/manga/3/162706l.jpg
2509,Zoids SS,,ZOIDS ゾイドSS,Manga,107,,2013,https://cdn.myanimelist.net/images/manga/1/337191l.jpg
2520,Binetsu x Hatsunetsu,,微熱×発熱,Manga,106,,2013,https://cdn.myanimelist.net/images/manga/1/124921l.jpg
2520,Bishoujo ga Oosugite Ikite Ikenai,,美少女が多すぎて生きていけない,Light Novel,106,,2013,https://cdn.myanimelist.net/images/manga/3/164612l.jpg
2520,Boku no Yuusha,,ぼくのゆうしゃ,Manga,106,,2013,https://cdn.myanimelist.net/images/manga/2/137161l.jpg
2520,Eroi Onna,,エロいオンナ,Manga,106,,2013,https://cdn.myanimelist.net/images/manga/3/246469l.jpg
2520,Hakuou Shijin,,白桜四神,Light Novel,106,,2013,https://cdn.myanimelist.net/images/manga/3/153681l.jpg
2520,Hamezu Kids,,ハメ好きっず,Manga,106,,2013,https://cdn.myanimelist.net/images/manga/3/249927l.jpg
2520,Hatsukoi Hoikuen,Puppy Love Preschool,はつこい保育園,Manga,106,,2013,https://cdn.myanimelist.net/images/manga/3/231902l.jpg
2520,JC☆Encount,,JC☆援カウント,Manga,106,,2013,https://cdn.myanimelist.net/images/manga/3/181619l.jpg
2520,Kyou no Osusume Sememikko,,今日のおすすめ攻め身っ娘,Manga,106,,2013,https://cdn.myanimelist.net/images/manga/1/156716l.jpg
2520,Leading Blood,,リーディング・ブラッド,Light Novel,106,,2013,https://cdn.myanimelist.net/images/manga/3/163870l.jpg
2520,Nekodomo,,ネコドモ,Manga,106,,2013,https://cdn.myanimelist.net/images/manga/2/239762l.jpg
2520,Re:Monster Gaiden: Fumetsu Taitei no Mezame,,Re:Monster外伝 斧滅大帝の目覚め,Light Novel,106,,2013,https://cdn.myanimelist.net/images/manga/2/266284l.jpg
2520,School Gossip Scream,Schoo Gossip Scream,スクール・ゴシップ・スクリーム,One-shot,106,,2013,https://cdn.myanimelist.net/images/manga/2/151803l.jpg
2520,Sukebe Diary,,すけべDIARY,Manga,106,,2013,https://cdn.myanimelist.net/images/manga/1/247833l.jpg
2520,Tawaman,Tawaman,たわまん,Manga,106,,2013,https://cdn.myanimelist.net/images/manga/1/223967l.jpg
2520,Vampire Erotics,,ヴァンパイア・エロティクス,Light Novel,106,,2013,https://cdn.myanimelist.net/images/manga/2/95687l.jpg
2520,Xuezu Jin Yu,Vampire Sphere,血族禁域,Manhua,106,,2013,https://cdn.myanimelist.net/images/manga/1/304895l.jpg
2537,Ayamachi Unmeiron,,あやまち運命論,Manga,105,,2013,https://cdn.myanimelist.net/images/manga/1/181625l.jpg
2537,Bakumatsu Gurenta,,幕末紅蓮隊,Manga,105,,2013,https://cdn.myanimelist.net/images/manga/3/124725l.jpg
2537,Boku to Ojousama no Seikyouiku,,僕とお嬢さまの性教育,Light Novel,105,,2013,https://cdn.myanimelist.net/images/manga/2/168878l.jpg
2537,Haruka Toudo no Canaan,,遙か凍土のカナン,Light Novel,105,,2013,https://cdn.myanimelist.net/images/manga/1/184526l.jpg
2537,Inran de Seijun,I Am Pure and Innocent in Lechery,淫乱で清純,Manga,105,,2013,https://cdn.myanimelist.net/images/manga/2/248272l.jpg
2537,Koisuru Lingerie,,恋するランジェルー,Manga,105,,2013,https://cdn.myanimelist.net/images/manga/1/165547l.jpg
2537,Megane Gahou,,メガネ画報,Manga,105,,2013,https://cdn.myanimelist.net/images/manga/2/154507l.jpg
2537,Natsu-iro Asagao Residence,,夏色あさがおレジデンス,Manga,105,,2013,https://cdn.myanimelist.net/images/manga/3/128783l.jpg
2545,38-sai Youen Yogarizuma,38 Years Old Bewitching Wife Wriggle Herself,38歳妖艶よがり妻,Manga,104,,2013,https://cdn.myanimelist.net/images/manga/3/240555l.jpg
2545,Ankoku Maou na Oresama TUEEE!,,暗黒魔王なオレ様TUEEE!,Light Novel,104,,2013,https://cdn.myanimelist.net/images/manga/2/159887l.jpg
2545,Fantasy Sketch: The Game,Fantasy Sketch: The Game,판타지스케치 - 더 게임,Manhwa,104,,2013,https://cdn.myanimelist.net/images/manga/1/265320l.jpg
2545,"Hare Tokidoki, Wakabasou",,晴れときどき、わかば荘,Manga,104,,2013,https://cdn.myanimelist.net/images/manga/3/160728l.jpg
2545,Hitomi wo Tojite,,ひとみをとじて,Doujinshi,104,,2013,https://cdn.myanimelist.net/images/manga/3/191413l.jpg
2545,"Iro Otoko, Tsuya Otoko",,色オトコ、艶オトコ,Manga,104,,2013,https://cdn.myanimelist.net/images/manga/3/114861l.jpg
2545,Shiroki Haou no Servant,,白き覇王の魔戦従姫〈サーヴァント〉,Light Novel,104,,2013,https://cdn.myanimelist.net/images/manga/2/163684l.jpg
2552,Ai-Sis!: Anata dake no Idol Imouto,,アイシス！～アナタだけのアイドル妹～,Light Novel,103,,2013,https://cdn.myanimelist.net/images/manga/2/190653l.jpg
2552,Daisaimin,,大催眠,Light Novel,103,,2013,https://cdn.myanimelist.net/images/manga/1/166727l.jpg
2552,Don Quixote: Ureigao no Kishi Sono Ai,,ドン・キホーテ 憂い顔の騎士その愛,Manga,103,,2013,https://cdn.myanimelist.net/images/manga/3/109037l.jpg
2552,End Start Line,,エンドスタートライン,Manga,103,,2013,https://cdn.myanimelist.net/images/manga/2/220856l.jpg
2552,Housekibako no Ningyo,,宝石箱の人魚,One-shot,103,,2013,https://cdn.myanimelist.net/images/manga/3/102775l.jpg
2552,Kagami no Mukou no Watashi e,,鏡の向こうの私へ,Manga,103,,2013,https://cdn.myanimelist.net/images/manga/2/94087l.jpg
2552,Mashou no Kuchibiru,,魔性の唇,Manga,103,,2013,https://cdn.myanimelist.net/images/manga/1/110593l.jpg
2552,Muffled Message,,설중언,One-shot,103,,2013,https://cdn.myanimelist.net/images/manga/1/110373l.jpg
2560,Gokudou Naive,,極道ナイーブ,Manga,102,,2013,https://cdn.myanimelist.net/images/manga/2/232322l.jpg
2560,Hokaka Works,,ほかかわーくす,Manga,102,,2013,https://cdn.myanimelist.net/images/manga/2/133317l.jpg
2560,I.R:I.S - Indirect Ruler:Infinite Seizor,,I.R:I.S Indirect Ruler:Infinite Seizor,Light Novel,102,,2013,https://cdn.myanimelist.net/images/manga/2/160658l.jpg
2560,Imouto no Aji wa Mitsu no Aji,Sister Honey,妹の味は蜜の味,Manga,102,,2013,https://cdn.myanimelist.net/images/manga/2/193176l.jpg
2560,Maou no Kuse ni Namaiki da!,,魔王のくせに生イキだっ!,Light Novel,102,,2013,https://cdn.myanimelist.net/images/manga/1/165874l.jpg
2560,Namaiki na Kiss,,生意気なキス,Manga,102,,2013,https://cdn.myanimelist.net/images/manga/2/100147l.jpg
2560,Ouame Zubu Nure Chuuihou!,,大雨ずぶヌレ注意報！,One-shot,102,,2013,https://cdn.myanimelist.net/images/manga/3/97021l.jpg
2560,Steep Cliff,,고꾸라지는 절벽,One-shot,102,,2013,https://cdn.myanimelist.net/images/manga/3/104895l.jpg
2560,Tar Trip,,星野之宣スペシャルセレクション1 タール・トラップ,Manga,102,,2013,https://cdn.myanimelist.net/images/manga/3/157482l.jpg
2560,Trattoria Yamiichi,,トラットリア闇市,Manga,102,,2013,https://cdn.myanimelist.net/images/manga/2/152765l.jpg
2560,Uchi no Class no Tayorinai Last Boss,,うちのクラスの頼りないラスボス,Light Novel,102,,2013,https://cdn.myanimelist.net/images/manga/1/163706l.jpg
2571,Akuma Maid wa Tsun Tsun Dere Dere!,,悪魔メイドはツンツンデレデレ!,Light Novel,101,,2013,https://cdn.myanimelist.net/images/manga/1/170672l.jpg
2571,Dororon! Okuni-chan,,ドロロン! お国ちゃん,Manga,101,,2013,https://cdn.myanimelist.net/images/manga/3/250758l.jpg
2571,ER,ER,ER,Manga,101,,2013,https://cdn.myanimelist.net/images/manga/2/145785l.jpg
2571,Hikikomori Pandemonium,,ひきこもりパンデモニウム,Light Novel,101,,2013,https://cdn.myanimelist.net/images/manga/3/163331l.jpg
2571,Hizumi no Dual,,歪の半神〈デュアル〉,One-shot,101,,2013,https://cdn.myanimelist.net/images/manga/3/196500l.jpg
2571,Ijimekko Switching,,いじめっこスイッチング,One-shot,101,,2013,https://cdn.myanimelist.net/images/manga/1/170991l.jpg
2571,Job Change,,じょぶちぇんじ,One-shot,101,,2013,https://cdn.myanimelist.net/images/manga/3/160023l.jpg
2571,Mesu Note,,メス・ノート,Manga,101,,2013,https://cdn.myanimelist.net/images/manga/3/181233l.jpg
2571,Nemesis no Tsue,,ネメシスの杖,Manga,101,,2013,https://cdn.myanimelist.net/images/manga/2/228032l.jpg
2571,"Shikyuukou no Kanata, Oniichan no Hate",,子宮口の彼方、お兄ちゃんの果て,Doujinshi,101,,2013,https://cdn.myanimelist.net/images/manga/1/246893l.jpg
2571,"Shin, Maou Kourin!",,真・魔王降臨!,Light Novel,101,,2013,https://cdn.myanimelist.net/images/manga/2/124157l.jpg
2571,Tokyo Train,,トーキョートレイン,Manga,101,,2013,https://cdn.myanimelist.net/images/manga/1/256758l.jpg
2583,Back to the Hero,,バック・トゥ・ザ・ヒーロー,Manga,100,,2013,https://cdn.myanimelist.net/images/manga/3/151640l.jpg
2583,Houkago Re-Trip,Afterschool Little-Re-Trip,放課後リトリップ,Manga,100,,2013,https://cdn.myanimelist.net/images/manga/2/206221l.jpg
2583,Iryuu: Team Medical Dragon Gaiden,,医龍-Team Medical Dragon- 外伝,One-shot,100,,2013,https://cdn.myanimelist.net/images/manga/2/294229l.jpg
2583,Kare wa Onna to Shita Koto Nai.,He has never xxx.,カレは女とシたことない。,Manga,100,,2013,https://cdn.myanimelist.net/images/manga/3/167200l.jpg
2583,Koi no Unifura,,恋のウニフラ,Manga,100,,2013,https://cdn.myanimelist.net/images/manga/2/153751l.jpg
2583,Milky Mint,,ミルキィミント,Manga,100,,2013,https://cdn.myanimelist.net/images/manga/1/94027l.jpg
2583,Ooki-kun to Kosame-chan,,大木くんと小鮫ちゃん,One-shot,100,,2013,https://cdn.myanimelist.net/images/manga/1/121241l.jpg
2583,Reppuu no Merge to Shoukan Sensou,,烈風の魔札使（マージ）と召喚戦争,Light Novel,100,,2013,https://cdn.myanimelist.net/images/manga/1/240107l.jpg
2583,Y no Rakuen,Paradise of Y,Yの楽園,Manga,100,,2013,https://cdn.myanimelist.net/images/manga/2/164433l.jpg
2583,Yankee Kanojo to Kozukuri Gakuen Life,,ヤンキー彼女と子作り学園ライフ,Light Novel,100,,2013,https://cdn.myanimelist.net/images/manga/1/166089l.jpg
2593,Egokoro♥Toiro,,エゴコロ♥トイロ,Manga,99,,2013,https://cdn.myanimelist.net/images/manga/1/221663l.jpg
2593,Eigou Kaiki no Lily Materia,,永劫回帰のリリィ・マテリア,Light Novel,99,,2013,https://cdn.myanimelist.net/images/manga/3/163329l.jpg
2593,Jukujo ga Bloomer ni Hakikaetara: Mama-san Volleyball Paradise,,熟女がブルマに穿きかえたら ママさんバレーパラダイス,Light Novel,99,,2013,https://cdn.myanimelist.net/images/manga/2/169124l.jpg
2593,Mahou no Megane.,,まほうのめがね。,Manga,99,,2013,https://cdn.myanimelist.net/images/manga/3/149088l.jpg
2593,Nantsuttatte Idol,,なんつったってアイドル,One-shot,99,,2013,https://cdn.myanimelist.net/images/manga/3/137073l.jpg
2593,Ore ga Shujinkou ja Nakatta Koro no Hanashi wo Suru,,俺が主人公じゃなかった頃の話をする,Light Novel,99,,2013,https://cdn.myanimelist.net/images/manga/2/160885l.jpg
2593,Performance Complex,,Performance Complex,One-shot,99,,2013,https://cdn.myanimelist.net/images/manga/3/240170l.jpg
2593,Shimaware Otome,,しまわれ乙女,Doujinshi,99,,2013,https://cdn.myanimelist.net/images/manga/2/203778l.jpg
2593,Ultra Red,,ウルトラ・レッド,Manga,99,,2013,https://cdn.myanimelist.net/images/manga/1/202681l.jpg
2593,Uruwashi no Tinker Bell,The Beauteous Tinker Bell,麗しのティンカーベル,Doujinshi,99,,2013,https://cdn.myanimelist.net/images/manga/1/279521l.jpg
2603,Assassin Maid wa Meromero desu,,暗殺〈アサシン〉メイドはメロメロです,Light Novel,98,,2013,https://cdn.myanimelist.net/images/manga/1/179259l.jpg
2603,Karma Karma,,業業〈カルマカルマ〉,Manga,98,,2013,https://cdn.myanimelist.net/images/manga/3/318281l.jpg
2603,Koi no Uranai Yokochou,,恋の占い横丁,Manga,98,,2013,https://cdn.myanimelist.net/images/manga/3/231856l.jpg
2603,Konjiki Renka,,金色恋歌,One-shot,98,,2013,https://cdn.myanimelist.net/images/manga/2/145881l.jpg
2603,Mahou Seiren: Garnarouge to Hinagikutei Elcca,,魔法精錬～ガルナルージュと雛菊亭のエルッカ～,Manga,98,,2013,https://cdn.myanimelist.net/images/manga/2/150312l.jpg
2603,Nana no Literacy,Literacy of nana,ナナのリテラシー,Manga,98,,2013,https://cdn.myanimelist.net/images/manga/1/176234l.jpg
2603,Robot no Momo-chan,Momo the Robot,ロボットのモモちゃん,Manga,98,,2013,https://cdn.myanimelist.net/images/manga/2/167815l.jpg
2610,Aoki Hakoniwa no Progress,,蒼き箱庭のプログレス,Light Novel,97,,2013,https://cdn.myanimelist.net/images/manga/1/159894l.jpg
2610,Eureka Shoukougun,Eureka Syndrome,ユリイカ症候群,Manga,97,,2013,https://cdn.myanimelist.net/images/manga/3/174650l.jpg
2610,Himitsu wa Koi no Hajimari,Love comes out of the secret,ヒミツは恋のはじまり,Manga,97,,2013,https://cdn.myanimelist.net/images/manga/1/149198l.jpg
2610,Kindan DNA: Sex ga Kinjirareta Shakai,Forbidden DNA: A Society Where Sex is Forbidden,禁断DNA－セックスが禁じられた社会－,Manga,97,,2013,https://cdn.myanimelist.net/images/manga/3/153922l.jpg
2610,Kurenai no Senkan,,紅の戦艦,Manga,97,,2013,https://cdn.myanimelist.net/images/manga/1/200560l.jpg
2610,Kyou kara Chikyuujin no Imouto ni Narimashita.,,今日から地球人の妹になりました。,Doujinshi,97,,2013,https://cdn.myanimelist.net/images/manga/2/191036l.jpg
2610,Omajinai,,おまじない,Manga,97,,2013,https://cdn.myanimelist.net/images/manga/2/112233l.jpg
2610,Panatea Itan,Other story of Panatea,パナティーア異譚,Light Novel,97,,2013,https://cdn.myanimelist.net/images/manga/2/160901l.jpg
2610,Renai Sophisticate,,恋愛ソフィスティケート,Manga,97,,2013,https://cdn.myanimelist.net/images/manga/2/177458l.jpg
2619,"15 de Shoujo wa, Are ni Naru.",,15で少女は、あれになる。,Manga,96,,2013,https://cdn.myanimelist.net/images/manga/2/241878l.jpg
2619,Ahoppoi Nekomimi Joshikousei,High school girl of the cat ear like the fool,アホっぽいネコ耳女子高生,Manga,96,,2013,https://cdn.myanimelist.net/images/manga/3/146849l.jpg
2619,Chikasugite Doushiyou,,近すぎてどうしよう,Manga,96,,2013,https://cdn.myanimelist.net/images/manga/3/96763l.jpg
2619,Douyara Ore wa Onnanoko Un ga Warui Rashii,"Probably, I Have Ill Fortune with Woman.",どうやら僕は女の子運が悪いらしい,Light Novel,96,,2013,https://cdn.myanimelist.net/images/manga/2/168737l.jpg
2619,Ingoku no Otome-tachi,,淫獄の乙女たち,Manga,96,,2013,https://cdn.myanimelist.net/images/manga/3/108575l.jpg
2619,Irotoridori no Mirai,,いろとりどりのミライ,Light Novel,96,,2013,https://cdn.myanimelist.net/images/manga/2/258870l.jpg
2619,Kirisaki Walter,,切り裂きウォルター,Manga,96,,2013,https://cdn.myanimelist.net/images/manga/1/118229l.jpg
2619,Maasa wa Chotto Tennen dakara Kyou mo Oniichan ni Nagasarete Iroiro Sarechau no desu...><,,真麻はちょっと天然だから今日もお兄ちゃんに流されて色々されちゃうのです。。。><,Doujinshi,96,,2013,https://cdn.myanimelist.net/images/manga/2/189761l.jpg
2619,Maou to Hime to Ecchi no Sho,"The Satan, the Princess and the ""H"" Book",魔王と姫と叡智〈えっち〉の書,Light Novel,96,,2013,https://cdn.myanimelist.net/images/manga/1/160791l.jpg
2619,Matsuri,,茉里,Doujinshi,96,,2013,https://cdn.myanimelist.net/images/manga/3/211636l.jpg
2619,Saint Estera Gakuin no Shichinin no Majo: Majo no Uwasa tte... Kiita Koto Aru?,,聖〈セント〉エステラ学院の七人の魔女 ‐魔女の噂って…聞いたことある?‐,Light Novel,96,,2013,https://cdn.myanimelist.net/images/manga/2/166457l.jpg
2619,Shuumatsu Fuuki Iinkai,,終末風紀委員会,Manga,96,,2013,https://cdn.myanimelist.net/images/manga/2/162162l.jpg
2619,Tsuyoki na Himekishi-sama no Shitsukekata,How to baste the bold princess knight.,強気な姫騎士さまのしつけ方,Light Novel,96,,2013,https://cdn.myanimelist.net/images/manga/3/154459l.jpg
2619,Yousei no Yuuwaku,,幼性の誘惑,Doujinshi,96,,2013,https://cdn.myanimelist.net/images/manga/3/190746l.jpg
2633,Aozora Stripe,,あおぞらストライプ,Light Novel,95,,2013,https://cdn.myanimelist.net/images/manga/3/166461l.jpg
2633,Chu Suru dake no Kantan na Oshigoto desu [Shihaisha],,チューするだけの簡単なお仕事です 【支配者】,Light Novel,95,,2013,https://cdn.myanimelist.net/images/manga/1/164033l.jpg
2633,Hito wa Mitame ga 100 Percent,Woman's All About the Looks,人は見た目が100パーセント,Manga,95,,2013,https://cdn.myanimelist.net/images/manga/1/191448l.jpg
2633,Isekai Igan no Travelogue,The Travelogue to build a relationship with Aeternumia,異世界因果のトラベローグ,Light Novel,95,,2013,https://cdn.myanimelist.net/images/manga/2/160668l.jpg
2633,Kakute Horobita Dystopia,,かくて滅びた幻想楽園〈ディストピア〉,Light Novel,95,,2013,https://cdn.myanimelist.net/images/manga/2/162673l.jpg
2633,Kasugazaka Koukou Manga Kenkyuubu,,春日坂高校漫画研究部,Light Novel,95,,2013,https://cdn.myanimelist.net/images/manga/2/171927l.jpg
2633,Katakoi Troublemaker,One-sided Love of Troublemaker,片恋トラブルメーカー,Manga,95,,2013,https://cdn.myanimelist.net/images/manga/3/340674l.jpg
2633,Kedakaki Kemono no Tenazukekata,Secretary and the Beast,気高き獣の手懐け方,Manga,95,,2013,https://cdn.myanimelist.net/images/manga/1/335384l.jpg
2633,Koharu Biyori,,小春日和,One-shot,95,,2013,https://cdn.myanimelist.net/images/manga/2/162023l.jpg
2633,Kousoku Maid: Yuri no Saku Choubatsudai,,拘束メイド－百合の咲く懲罰台－,Light Novel,95,,2013,https://cdn.myanimelist.net/images/manga/1/169727l.jpg
2633,Kyouetsu ni Shizumu Kuro Bara,,狂悦に沈む黒薔薇,One-shot,95,,2013,https://cdn.myanimelist.net/images/manga/3/128697l.jpg
2633,Neko Pitcher,,猫ピッチャー,Manga,95,,2013,https://cdn.myanimelist.net/images/manga/2/116383l.jpg
2633,"Okasare Yuusha II: Yuusha nanoni, Chinchin wo Pikupiku Sarete Bakari no Boku...",,犯され勇者Ⅱ～勇者なのに、ちんちんをピクピクされてばかりのボク…～,Light Novel,95,,2013,https://cdn.myanimelist.net/images/manga/3/166363l.jpg
2633,"Okasare Yuusha III: Yuusha nanoni, Binkan Sugiru Boku no Ochinchin...",,犯され勇者Ⅲ～勇者なのに、ビンカンすぎるボクのおちんちん…～,Light Novel,95,,2013,https://cdn.myanimelist.net/images/manga/2/166364l.jpg
2633,Sarawarete Ai no Mori,It Is Monopolized to the Forest of Love,さらわれて愛の森,Manga,95,,2013,https://cdn.myanimelist.net/images/manga/1/189192l.jpg
2633,Tsurugi no Hime to Aldebaran,,聖剣〈つるぎ〉の姫と神盟騎士団〈アルデバラン〉,Light Novel,95,,2013,https://cdn.myanimelist.net/images/manga/1/177854l.jpg
2649,Bikun Bikun Ojousama to Nure Nure Maid!,,ビクンビクンお嬢様とぬれぬれメイド!,Light Novel,94,,2013,https://cdn.myanimelist.net/images/manga/3/187239l.jpg
2649,Diorama Toy Box,,ジオラマ・トイボックス,Manga,94,,2013,https://cdn.myanimelist.net/images/manga/1/134899l.jpg
2649,Futatsuboshi Kudou Rikigaku Kenkyuujo,TMFL: Twin Stars Mechanomotive Force Laboratory,二ツ星駆動力学研究所,Manga,94,,2013,https://cdn.myanimelist.net/images/manga/2/165430l.jpg
2649,Glau Standear Koukoku Monogatari,Glau Standear Empire Story,グラウスタンディア皇国物語,Light Novel,94,,2013,https://cdn.myanimelist.net/images/manga/3/140207l.jpg
2649,Hen-ai Kanojo: Yada♥ Kareshi no ga Hoka no Ko ni Haicchatteruu♥,,変愛彼女～やだ♥ 彼氏のが他の娘に入っちゃってるう♥～,Manga,94,,2013,https://cdn.myanimelist.net/images/manga/2/193752l.jpg
2649,Inmoralism♥,,いんもらりずむ♥,Manga,94,,2013,https://cdn.myanimelist.net/images/manga/2/281369l.jpg
2649,Ito Okashi,,愛犯 ～イトヲカシ～,Manga,94,,2013,https://cdn.myanimelist.net/images/manga/1/107119l.jpg
2649,Kemono no You ni Daiteyaru,Embrace of the Beast,獣のように抱いてやる,Manga,94,,2013,https://cdn.myanimelist.net/images/manga/2/163354l.jpg
2649,Kyouai Honey Trap,,狂愛ハニートラップ,Manga,94,,2013,https://cdn.myanimelist.net/images/manga/3/193745l.jpg
2649,Love Live! Comic Anthology,,ラブライブ！ コミックアンソロジー,Manga,94,,2013,https://cdn.myanimelist.net/images/manga/3/297283l.jpg
2649,Mendou na Otoko ni Sukaretara,,面倒な男に好かれたら,Manga,94,,2013,https://cdn.myanimelist.net/images/manga/1/117555l.jpg
2649,Mimicry,,ミミクリ,Manga,94,,2013,https://cdn.myanimelist.net/images/manga/1/247645l.jpg
2649,Onnanoko wa Yasashikute Kawaii Mono dato Kangaeteita Jiki ga Ore ni mo Arimashita,,女の子は優しくて可愛いものだと考えていた時期が俺にもありました,Light Novel,94,,2013,https://cdn.myanimelist.net/images/manga/2/160880l.jpg
2649,Ore no Pet Life ga Harem ni Mieru Dato?,,俺のペット生活〈ライフ〉がハーレムに見えるだと？,Light Novel,94,,2013,https://cdn.myanimelist.net/images/manga/2/160889l.jpg
2649,"Otousan, Chibi ga Inakunarimashita",,お父さん、チビがいなくなりました,Manga,94,,2013,https://cdn.myanimelist.net/images/manga/2/166543l.jpg
2649,Sanzensekai no Maou-sama,Satan of the whole world,三千世界の魔王サマ,Light Novel,94,,2013,https://cdn.myanimelist.net/images/manga/3/163343l.jpg
2649,Summon Night U:X,,サモンナイトU:X〈ユークロス〉,Light Novel,94,,2013,https://cdn.myanimelist.net/images/manga/1/109133l.jpg
2666,Bell Ring wa Kane,,ベルリンは鐘,Manga,93,,2013,https://cdn.myanimelist.net/images/manga/2/149637l.jpg
2666,Gindan no Gunswordia,,銀弾の銃剣姫〈ガンソーディア〉,Light Novel,93,,2013,https://cdn.myanimelist.net/images/manga/2/194505l.jpg
2666,Ikimono System,,イキモノシステム,Manga,93,,2013,https://cdn.myanimelist.net/images/manga/2/157433l.jpg
2666,Kimi no Chronous,Flowers for Chronous,キミノクロノス,Manga,93,,2013,https://cdn.myanimelist.net/images/manga/1/318568l.jpg
2666,Kuzumi SOS Gaiden,,くずみSOS外伝,One-shot,93,,2013,https://cdn.myanimelist.net/images/manga/1/100107l.jpg
2666,Mirumo-sama ga Miteru,Mirumu Watches Over Us,ミルモ様が見てる,Manga,93,,2013,https://cdn.myanimelist.net/images/manga/3/314679l.jpg
2666,Rasen no Emperoider,The Emperoider Spin,螺旋のエンペロイダー,Light Novel,93,,2013,https://cdn.myanimelist.net/images/manga/2/189590l.jpg
2666,Ryuuguu no Kyoudai,,流寓の姉弟,Manga,93,,2013,https://cdn.myanimelist.net/images/manga/1/197033l.jpg
2666,Sekai wo Sukuu no wa Harem Party,,セカイを救うのは相思相愛（ハーレムパーティー）,Light Novel,93,,2013,https://cdn.myanimelist.net/images/manga/1/168346l.jpg
2666,Shinreki no Apocrypha,,神暦のアポクリファ,Light Novel,93,,2013,https://cdn.myanimelist.net/images/manga/1/160984l.jpg
2666,Tonari no Heya kara Kikoeru Kanojo no Koe,Voice of girl friend who hears from the next room,隣の部屋から聞こえる彼女の声,Manga,93,,2013,https://cdn.myanimelist.net/images/manga/1/193750l.jpg
2666,Valkyrie Works,,ヴァルキリーワークス,Light Novel,93,,2013,https://cdn.myanimelist.net/images/manga/3/163564l.jpg
2666,Watashi no Slime ni Narinasai!,,わたしのスライムになりなさい！,Light Novel,93,,2013,https://cdn.myanimelist.net/images/manga/2/164076l.jpg
2666,Yandere Oyako ni Aisaresugite!,,ヤンデレ母娘に愛されすぎて！,Light Novel,93,,2013,https://cdn.myanimelist.net/images/manga/1/190649l.jpg
2680,Asmodeus Online: Fantasy Kuukan de Ani wa Imouto wo Haramaseru,,アスモデウス・オンライン ファンタジー空間で兄は妹を孕ませる,Light Novel,92,,2013,https://cdn.myanimelist.net/images/manga/3/170664l.jpg
2680,Bannou Kanteishi Q no Tanteitan,,万能鑑定士Qの探偵譚,Light Novel,92,,2013,https://cdn.myanimelist.net/images/manga/3/107619l.jpg
2680,"Boku ga Yumemita Dare to demo Yareru Sekai wa, Onna ga Otoko wo Yaru Sekai datta",,僕が夢見た誰とでも犯れる世界は、 女が男を犯る世界だった,Manga,92,,2013,https://cdn.myanimelist.net/images/manga/2/256031l.jpg
2680,Choukyou→Kuppuku→Nikudorei: Namaiki Mesudomo Zenin Haramase,,調教→屈服→肉奴隷～ナマイキ牝ども全員孕ませ～,Manga,92,,2013,https://cdn.myanimelist.net/images/manga/1/194091l.jpg
2680,Erect!: Tsun na Kaichou-sama ga Dere Dere Kanojo ni Naru made,,えれくと! ツンな会長様がデレデレ彼女になるまで,Light Novel,92,,2013,https://cdn.myanimelist.net/images/manga/3/169425l.jpg
2680,Harem Dragoon,,ハーレムドラグーン,Light Novel,92,,2013,https://cdn.myanimelist.net/images/manga/2/168816l.jpg
2680,Inokori☆Lecture,,居残り☆レクチャー,One-shot,92,,2013,https://cdn.myanimelist.net/images/manga/1/160588l.jpg
2680,Kanojo no Ijou na Hatsujou Extra,,彼女の異常な発情 EXTRA,One-shot,92,,2013,https://cdn.myanimelist.net/images/manga/3/108837l.jpg
2680,Kawakanai Bypass Court,The wet body and me that crave for you,渇かないバイパスコート,Manga,92,,2013,https://cdn.myanimelist.net/images/manga/2/229816l.jpg
2680,Kidan Hyakkei,,鬼談百景,Manga,92,,2013,https://cdn.myanimelist.net/images/manga/2/301299l.jpg
2680,Lolikko Muraokoshi,,ろりっ娘ムラ勃起こし,Manga,92,,2013,https://cdn.myanimelist.net/images/manga/2/247418l.jpg
2680,Mahou no Ko,,魔法の子,Light Novel,92,,2013,https://cdn.myanimelist.net/images/manga/2/160778l.jpg
2680,Pentacle,Pentacle,펜타클,One-shot,92,,2013,https://cdn.myanimelist.net/images/manga/1/102033l.jpg
2680,Ring Ring Busters!,,RING RING BUSTERS! 葉乃はるか リトルバスターズ! 作品集,Manga,92,,2013,https://cdn.myanimelist.net/images/manga/3/113173l.jpg
2680,Shoukan Gakuen no Magistry,Old magic never die: Still waiting for your calling.,召喚学園の魔術史学〈マギストリ〉,Light Novel,92,,2013,https://cdn.myanimelist.net/images/manga/1/163482l.jpg
2680,Zenyasai wa Kanojo no Heya de,,前夜祭は彼女の部屋で,One-shot,92,,2013,https://cdn.myanimelist.net/images/manga/1/106959l.jpg
2696,Boku ga Ojousama no Pet ni Natta Wake,,僕がお嬢さまのペットになった理由(ワケ),Light Novel,91,,2013,https://cdn.myanimelist.net/images/manga/1/128303l.jpg
2696,Hotch Kiss,,ホチキス,Light Novel,91,,2013,https://cdn.myanimelist.net/images/manga/2/130839l.jpg
2696,Ippen Sekai,,一変世界,Manga,91,,2013,https://cdn.myanimelist.net/images/manga/2/221437l.jpg
2696,"Kindan, Hatsukoi, Ichigo Tart",,禁断、初恋、イチゴタルト,Manga,91,,2013,https://cdn.myanimelist.net/images/manga/1/167666l.jpg
2696,Kyou no Koi no Diagram,Diagram of Love in Today,今日の恋のダイヤ,Manga,91,,2013,https://cdn.myanimelist.net/images/manga/1/180671l.jpg
2696,Love Comedy Kareshi to 18-kin Kanojo,Lovecome Boy & R-18 Girl,ラブコメ彼氏と18禁彼女,Manga,91,,2013,https://cdn.myanimelist.net/images/manga/2/165112l.jpg
2696,Me to Me ga Attara Sayounara,,目と目が合ったらサヨウナラ,Manga,91,,2013,https://cdn.myanimelist.net/images/manga/3/165190l.jpg
2696,Milk Celeb: Erokawa Bijo-tachi no Nyuuwaku,Milk Celebrity,ミルクセレブ エロカワ美女たちのにゅ~わく,Light Novel,91,,2013,https://cdn.myanimelist.net/images/manga/3/168830l.jpg
2704,Abunai Oyuugi,,アブナイお遊戯,Manga,90,,2013,https://cdn.myanimelist.net/images/manga/1/104435l.jpg
2704,D.D.D.,,D.D.D.,Manga,90,,2013,https://cdn.myanimelist.net/images/manga/2/273308l.jpg
2704,Double Date,,더블 데이트,One-shot,90,,2013,https://cdn.myanimelist.net/images/manga/1/108279l.jpg
2704,Hishokon,,秘書魂 〈ヒショコン〉,Manga,90,,2013,https://cdn.myanimelist.net/images/manga/1/240401l.jpg
2704,Inya Kouro,,淫夜行路,Manga,90,,2013,https://cdn.myanimelist.net/images/manga/2/112657l.jpg
2704,Josou Poker,Drag Poker,女装ポーカー,Manga,90,,2013,https://cdn.myanimelist.net/images/manga/3/130263l.jpg
2704,Just One Kiss,,Just one kiss,One-shot,90,,2013,https://cdn.myanimelist.net/images/manga/3/104829l.jpg
2704,Lady Cool,,LADY COOL,Manga,90,,2013,https://cdn.myanimelist.net/images/manga/1/115799l.jpg
2704,Soreyuke! Meitantei!!,,それゆけ！迷探偵！！,One-shot,90,,2013,https://cdn.myanimelist.net/images/manga/3/93693l.jpg
2713,A Day of the Prince,A Day of the Prince,황태자의 하루,Manhwa,89,,2013,https://cdn.myanimelist.net/images/manga/1/266714l.jpg
2713,Ayakashi Change!,,あやかしちぇんじ!,Light Novel,89,,2013,https://cdn.myanimelist.net/images/manga/3/159951l.jpg
2713,Danzai no Regalia,Regalia of Judgment,断罪のレガリア,Light Novel,89,,2013,https://cdn.myanimelist.net/images/manga/3/160029l.jpg
2713,Danzai no Warlock,,断罪のワーロック,Manga,89,,2013,https://cdn.myanimelist.net/images/manga/2/114495l.jpg
2713,Hatsukoi Continue,,初恋コンテニュー,Light Novel,89,,2013,https://cdn.myanimelist.net/images/manga/1/160549l.jpg
2713,Icha-Love Chichi Musume,,いちゃラブ乳娘,Manga,89,,2013,https://cdn.myanimelist.net/images/manga/3/191414l.jpg
2713,Namahame Debut♡,,生ハメdeビューッ♡,Manga,89,,2013,https://cdn.myanimelist.net/images/manga/3/179409l.jpg
2713,Nekomimi Tenshi to Koisuru Ringo,,猫耳天使と恋するリンゴ,Light Novel,89,,2013,https://cdn.myanimelist.net/images/manga/2/163376l.jpg
2713,Usotsuki Hime,,うそつき姫,Manga,89,,2013,https://cdn.myanimelist.net/images/manga/1/240443l.jpg
2713,Virgin Zombie,,ばーじんゾンビ,Manga,89,,2013,https://cdn.myanimelist.net/images/manga/1/193753l.jpg
2723,Ao to Kuro no Kyoukaisen,,青と黒の境界線,Light Novel,88,,2013,https://cdn.myanimelist.net/images/manga/2/159893l.jpg
2723,BB Deformer,Bamboo Blade Deformer,BBデフォルメ,Manga,88,,2013,https://cdn.myanimelist.net/images/manga/1/225709l.jpg
2723,Fire Girl,,ファイヤー・ガール,Manga,88,,2013,https://cdn.myanimelist.net/images/manga/1/152005l.jpg
2723,Hatsujou Yarisugi♥Collection,,発情ヤリすぎ♥これくしょん,Manga,88,,2013,https://cdn.myanimelist.net/images/manga/2/193377l.jpg
2723,Hatsujouki Shoujo,,発情期少女,Manga,88,,2013,https://cdn.myanimelist.net/images/manga/1/109119l.jpg
2723,Lyrical! Otoko no Ko ga Kanaderu Koi no Uta,,りりかる! 男の娘が奏でるコイノウタ,Light Novel,88,,2013,https://cdn.myanimelist.net/images/manga/2/170110l.jpg
2723,Minarai Shinkan Level 1,Seminarian Level 1,見習い神官レベル1,Light Novel,88,,2013,https://cdn.myanimelist.net/images/manga/2/136625l.jpg
2723,Pichi Patsu,,ぴちぱつ,Manga,88,,2013,https://cdn.myanimelist.net/images/manga/1/239908l.jpg
2723,Shimai Oyako Kan,,姉妹母娘姦,Manga,88,,2013,https://cdn.myanimelist.net/images/manga/2/181849l.jpg
2723,Vamp on the Deadline,,ヴァンプオンザデッドライン,Light Novel,88,,2013,https://cdn.myanimelist.net/images/manga/3/163304l.jpg
2723,Zoku Hameln no Violin-hiki,,続ハーメルンのバイオリン弾き,Manga,88,,2013,https://cdn.myanimelist.net/images/manga/2/231567l.jpg
2734,Ama Love Love!: Tsun na Kanojo to Koi no Step,,あまらぶLOVE！ ～ツンな彼女と恋のステップ～,Light Novel,87,,2013,https://cdn.myanimelist.net/images/manga/2/168366l.jpg
2734,Boku no Toshiue no Kanojo,So Cute My Adult Honey,僕の年上のカノジョ,Manga,87,,2013,https://cdn.myanimelist.net/images/manga/2/298638l.jpg
2734,Futago de Koi wa Dekinai,,双子で恋はできない,Manga,87,,2013,https://cdn.myanimelist.net/images/manga/2/190475l.jpg
2734,Gokudou no Ana-dou: Fundoshi kara Nozoku Karen na Kikudo,,極道のアナ道~フンドシから覗く可憐な菊門~,Manga,87,,2013,https://cdn.myanimelist.net/images/manga/2/128197l.jpg
2734,Harusame Tunnel,A Tunnel of Spring Rain,春雨トンネル,Manga,87,,2013,https://cdn.myanimelist.net/images/manga/2/254974l.jpg
2734,Himegoto Masquerade: Ojousama-tachi no Tawamure,,ヒメゴト・マスカレイド～お嬢様たちの戯れ～,Light Novel,87,,2013,https://cdn.myanimelist.net/images/manga/3/166084l.jpg
2734,Hisesshoku-kei Lovers,,非接触系ラバーズ,One-shot,87,,2013,https://cdn.myanimelist.net/images/manga/1/108585l.jpg
2734,Hitozuma Full Course: Uregoro Tabegoro Ajimigoro,,妻フルコース～熟れ頃・食べ頃・味見頃～,Light Novel,87,,2013,https://cdn.myanimelist.net/images/manga/2/169288l.jpg
2734,Mainichi Shabutte Ii desu ka? 1-Heya-Manyuu Kazoku,,毎日しゃぶっていいですか？ ～1部屋-魔乳家族～,Light Novel,87,,2013,https://cdn.myanimelist.net/images/manga/1/168215l.jpg
2734,Majo wa Sekai ni Kowareru,The Witch is hated in the world,魔女は世界に嫌われる,Light Novel,87,,2013,https://cdn.myanimelist.net/images/manga/2/171373l.jpg
2734,Nymph,,ニンフ,Manga,87,,2013,https://cdn.myanimelist.net/images/manga/1/203997l.jpg
2734,Okitsune-sama ni Oyomeiri,,おキツネ様にお嫁入り♥,Manga,87,,2013,https://cdn.myanimelist.net/images/manga/2/114505l.jpg
2734,Ore no Imouto wa Chuunibyou Dere: Kyuuketsuhime na Imouto ni Suitsuku Sarechau!,,俺の妹は中二病デレ 吸血姫な妹に吸い尽くされちゃう！,Light Novel,87,,2013,https://cdn.myanimelist.net/images/manga/3/168734l.jpg
2734,Renai 0 Kilometer: Moshimo no wo Hanashi,Love 0 Kilometers,恋愛0キロメートル 〜もしものおはなし〜,Light Novel,87,,2013,https://cdn.myanimelist.net/images/manga/1/178448l.jpg
2734,Renai♥Cocktail,Love Love Love Cocktail,恋愛♥カクテル,Manga,87,,2013,https://cdn.myanimelist.net/images/manga/2/181962l.jpg
2734,Shitateya to Bocchan,Tailor and Rich Heir,仕立て屋と坊ちゃん,Manga,87,,2013,https://cdn.myanimelist.net/images/manga/1/301985l.jpg
2750,Anti-Flowers,Anti-Flowers,アンチフラワーズ,Manga,86,,2013,https://cdn.myanimelist.net/images/manga/2/183389l.jpg
2750,Bishoujo Uchuujin to Fushigi Dougu Kaishuu no Hazu ga Hadairo Tenkai Sugite Yabai,,美少女宇宙人とふしぎ道具回収のはずが肌色展開すぎてヤバイ,Light Novel,86,,2013,https://cdn.myanimelist.net/images/manga/1/159953l.jpg
2750,Hero Hero Harem,,英雄英雄（ひろひろ）ハーレム,Light Novel,86,,2013,https://cdn.myanimelist.net/images/manga/2/114627l.jpg
2750,Jibun no Mune ni Kiitemina,,自分の胸に聞いてみな,One-shot,86,,2013,https://cdn.myanimelist.net/images/manga/2/237540l.jpg
2750,Kousha Ura no Hazuki-san,,校舎裏の葉月さん,One-shot,86,,2013,https://cdn.myanimelist.net/images/manga/2/162052l.jpg
2750,Monster Shoujo to no Retsujou,,モンスター少女との劣情,Manga,86,,2013,https://cdn.myanimelist.net/images/manga/2/160404l.jpg
2750,Rinka to Mukai no Monjirizuma-tachi,,隣家と向かいの悶尻妻たち,Light Novel,86,,2013,https://cdn.myanimelist.net/images/manga/3/169255l.jpg
2750,Under☆C,,Under☆C,Manga,86,,2013,https://cdn.myanimelist.net/images/manga/3/166826l.jpg
2750,Yongzhe Shi Nuhai,,勇者是女孩,Manhua,86,,2013,https://cdn.myanimelist.net/images/manga/3/291910l.jpg
2759,Bootleggers,,ブートレガーズ BOOTLEGGERS,Light Novel,85,,2013,https://cdn.myanimelist.net/images/manga/1/120433l.jpg
2759,CO Chuu,Carbon Dioxide & Kiss,しー・おー・ちゅー,Manga,85,,2013,https://cdn.myanimelist.net/images/manga/3/119953l.jpg
2759,Choukyouki: Ikasu Niku no Metengoku,,調教鬼 ～イカす肉の女天獄～,Manga,85,,2013,https://cdn.myanimelist.net/images/manga/3/194240l.jpg
2759,Dog Live,,ドッグライヴ,Light Novel,85,,2013,https://cdn.myanimelist.net/images/manga/3/164235l.jpg
2759,Double Cross The 3rd Edition Replay Moebius,,ダブルクロス The 3rd Edition リプレイ・メビウス,Light Novel,85,,2013,https://cdn.myanimelist.net/images/manga/3/160133l.jpg
2759,Junkou no Hanmegami,,巡幸の半女神,Light Novel,85,,2013,https://cdn.myanimelist.net/images/manga/2/124307l.jpg
2759,Kentei no Harem Road,,剣帝の女難創世記〈ハーレムロード〉,Light Novel,85,,2013,https://cdn.myanimelist.net/images/manga/3/162776l.jpg
2759,Kirai no Hantai,Can't I Hate You?,嫌いの反対,Manga,85,,2013,https://cdn.myanimelist.net/images/manga/3/233427l.jpg
2759,Lunfor,,鸞鳳 LUNFOR,Manga,85,,2013,https://cdn.myanimelist.net/images/manga/2/128471l.jpg
2759,Maid Sanshimai: Chuusei no Cerberus,,メイド三姉妹 忠誠のケルベロス,Light Novel,85,,2013,https://cdn.myanimelist.net/images/manga/1/190982l.jpg
2759,Mugen no Drifter: Sekai wa Tenshi no Mono,Infinite Drifter,無限のドリフター 世界は天使のもの,Light Novel,85,,2013,https://cdn.myanimelist.net/images/manga/3/121457l.jpg
2759,Onsen Dragon Oukoku,Onsen Dragon Kingdom,温泉ドラゴン王国,Light Novel,85,,2013,https://cdn.myanimelist.net/images/manga/2/160881l.jpg
2759,Rinjin JD no Ecchi Koe ni Koufun shite Onanie Shichau OL Oneesan,,隣人JDのエッチ声に興奮して××ニーしちゃうOLお姉さん,Doujinshi,85,,2013,https://cdn.myanimelist.net/images/manga/3/160456l.jpg
2759,Saint Estera Gakuin no Shichinin no Majo: Daijoubu... Watashi wa Anata no Majo Dakara,,聖〈セント〉エステラ学院の七人の魔女 ―大丈夫…私はあなたの魔女だから―,Light Novel,85,,2013,https://cdn.myanimelist.net/images/manga/2/166456l.jpg
2759,Shikkoku no Einherjar,Einherjar of Black Onyx,漆黒のエインヘリアル,Light Novel,85,,2013,https://cdn.myanimelist.net/images/manga/2/158334l.jpg
2759,Tsubasa Pizzicato!,,つばさピチカート!,Manga,85,,2013,https://cdn.myanimelist.net/images/manga/2/174628l.jpg
2775,Aisuru Musume kara no Kyouikuteki Shidou,,愛するムスメからの教育的指導,Light Novel,84,,2013,https://cdn.myanimelist.net/images/manga/2/122137l.jpg
2775,Boku wa Boku yori Tomodachi ga Ooi Boku no Kanojo ga Shinpai!,,僕は僕より友達が多い僕の彼女が心配!,Manga,84,,2013,https://cdn.myanimelist.net/images/manga/3/165132l.jpg
2775,Clean with Passion for Now,Clean with Passion for Now,일단 뜨겁게 청소하라?!,Manhwa,84,,2013,https://cdn.myanimelist.net/images/manga/1/321633l.jpg
2775,Diana,,ディアーナ,Manga,84,,2013,https://cdn.myanimelist.net/images/manga/2/226398l.jpg
2775,Harem Suiei-bu: Akogare Bishoujo to Houman Jokyoushi,,ハーレム水泳部 憧れ美少女と豊満女教師,Light Novel,84,,2013,https://cdn.myanimelist.net/images/manga/3/169151l.jpg
2775,Ikan♂Chikan: Hentai darake no Manin Densha,,イカン♂チカン～変態だらけの満員電車～,Manga,84,,2013,https://cdn.myanimelist.net/images/manga/2/128193l.jpg
2775,Kawaii Hunter,,かわいいハンター,Manga,84,,2013,https://cdn.myanimelist.net/images/manga/2/165638l.jpg
2775,Kinki no Karma to Seiyaku no Himegimi,,禁忌の転生術〈カルマ〉と誓約の姫君,Light Novel,84,,2013,https://cdn.myanimelist.net/images/manga/2/163871l.jpg
2775,Nise Yuusha Quest: Toaru Murabito no Kakusei,False Hero's Quest: Awakening of a certain villager,偽勇者クエスト とある村人の覚醒,Light Novel,84,,2013,https://cdn.myanimelist.net/images/manga/2/163616l.jpg
2775,Oppai Oppai Sanshimai!,,おっぱいおっぱい三姉妹!,Light Novel,84,,2013,https://cdn.myanimelist.net/images/manga/1/190973l.jpg
2775,Rock & Gem,Rock & Gem,ロック&ジェム,Manga,84,,2013,https://cdn.myanimelist.net/images/manga/1/137665l.jpg
2775,Sengoku Bocchi,,戦国ぼっち,Light Novel,84,,2013,https://cdn.myanimelist.net/images/manga/2/177514l.jpg
2775,Shounen yo Guitar wo Idake,We can't just live on a prayer.,少年よギターを抱け,Manga,84,,2013,https://cdn.myanimelist.net/images/manga/1/169938l.jpg
2775,Tsubame to Umi to Dolce,,つばめと海とドルチェ,Manga,84,,2013,https://cdn.myanimelist.net/images/manga/1/227623l.jpg
2775,Yokubou Hatsukoi,,欲望はつこい,Manga,84,,2013,https://cdn.myanimelist.net/images/manga/2/164280l.jpg
2790,Aho ni mo Rekishi ga Arimasu no,,阿呆にも歴史がありますの,Manga,83,,2013,https://cdn.myanimelist.net/images/manga/3/106069l.jpg
2790,Ane to Ore wa Naka ga Ii,,姉と俺はナカがいい,Light Novel,83,,2013,https://cdn.myanimelist.net/images/manga/3/168163l.jpg
2790,Baby Zoccha,Baby Zoccha,べいびー・ぞっちゃ,Manga,83,,2013,https://cdn.myanimelist.net/images/manga/3/311127l.jpg
2790,Harem Seishoukan kara Hitori wo Kimete!,,ハーレム性召喚から婚約者〈ひとり〉を決めて!,Light Novel,83,,2013,https://cdn.myanimelist.net/images/manga/2/168380l.jpg
2790,Hunter Dark,,ハンターダーク,Light Novel,83,,2013,https://cdn.myanimelist.net/images/manga/3/158509l.jpg
2790,Hydrangea,,HYDRANGEA,Doujinshi,83,,2013,https://cdn.myanimelist.net/images/manga/1/242323l.jpg
2790,Ichamazo!! Do M Ojousama to Do S Maid no Chousenjou,,イチャマゾ!! ~ドMお嬢さまとドSメイドの挑戦状~,Light Novel,83,,2013,https://cdn.myanimelist.net/images/manga/3/168381l.jpg
2790,Kajiba no Baka IQ,,火事場のバカIQ,Manga,83,,2013,https://cdn.myanimelist.net/images/manga/1/167459l.jpg
2790,Mahou Shoujo Kanrikan Hanmura Hisayuki,Witch Vanguard Controller Hisayuki Hanmura,魔法少女管理官・半村久雪,Manga,83,,2013,https://cdn.myanimelist.net/images/manga/1/128183l.jpg
2790,Rokugatsu no Oka no Hanageshi,,六月の丘のひなげし,Manga,83,,2013,https://cdn.myanimelist.net/images/manga/2/114585l.jpg
2790,Sayonara Armageddon,Good-bye Armageddon,さよならハルメギド,Manga,83,,2013,https://cdn.myanimelist.net/images/manga/1/157784l.jpg
2790,Tobira no Majutsushi no Advent Gate,,扉の魔術師の召喚契約〈アドヴェント・ゲート〉,Light Novel,83,,2013,https://cdn.myanimelist.net/images/manga/3/163683l.jpg
2790,Wataru Seken wa Baka bakari,,渡る世間はバカばかり,Manga,83,,2013,https://cdn.myanimelist.net/images/manga/1/162695l.jpg
2790,Yuganda Kazoku,Distorted Family,歪んだ家族,Manga,83,,2013,https://cdn.myanimelist.net/images/manga/3/228028l.jpg
2790,Yuuwaku Tsundereation,,誘惑ツンデレーション,Manga,83,,2013,https://cdn.myanimelist.net/images/manga/2/164051l.jpg
2805,2KZ,,2KZ,Manga,82,,2013,https://cdn.myanimelist.net/images/manga/1/154647l.jpg
2805,Ama Love!: Amaenbou na Kanojo to Koi no Lesson,,あまらぶ！ ～甘えん坊な彼女と恋のレッスン～,Light Novel,82,,2013,https://cdn.myanimelist.net/images/manga/2/168350l.jpg
2805,Amaimono = Cake < Kimi.,Sweeter Than Cake,甘いモノ=ケーキ＜キミ。,Manga,82,,2013,https://cdn.myanimelist.net/images/manga/3/255892l.jpg
2805,Doubutsu Zukan,,どうぶつずかん,Manga,82,,2013,https://cdn.myanimelist.net/images/manga/1/157870l.jpg
2805,Gakuen wo Sukuu no wa Harem Seitokai,,学園を救うのはハーレム生徒会,Light Novel,82,,2013,https://cdn.myanimelist.net/images/manga/2/168377l.jpg
2805,Hyakki Yakou,,百騎夜行,Manga,82,,2013,https://cdn.myanimelist.net/images/manga/3/140849l.jpg
2805,Makeruna!! Aku no Gundan!,,まけるな!! あくのぐんだん！,Manga,82,,2013,https://cdn.myanimelist.net/images/manga/1/193546l.jpg
2805,Niponga!,Japanese painting!,にぽんが!,Doujinshi,82,,2013,https://cdn.myanimelist.net/images/manga/1/169558l.jpg
2805,Nonoyu,,のの湯,Manga,82,,2013,https://cdn.myanimelist.net/images/manga/1/158103l.jpg
2805,Royal Prince no Hatsukoi: Kyuutei Netsuai Romance,,ロイヤル・プリンスの初恋 宮廷熱愛ロマンス,Manga,82,,2013,https://cdn.myanimelist.net/images/manga/3/182727l.jpg
2805,Saimin Lesson! Idol Produce wa Saimin de,Hypnosis Lesson!,さいみんレッスン! アイドルプロデュースは催眠で,Light Novel,82,,2013,https://cdn.myanimelist.net/images/manga/3/168735l.jpg
2816,Ajisai Sabou e Youkoso,,紫陽花茶房へようこそ,Light Novel,81,,2013,https://cdn.myanimelist.net/images/manga/1/158353l.jpg
2816,Haru to Mahou no Kagi,,ハルと魔法のカギ,Manga,81,,2013,https://cdn.myanimelist.net/images/manga/3/174823l.jpg
2816,Hyakka Ryouran Elixir,,百花繚乱エリクシル,Light Novel,81,,2013,https://cdn.myanimelist.net/images/manga/3/166530l.jpg
2816,Hyoujou Fubu,,氷上布武,One-shot,81,,2013,https://cdn.myanimelist.net/images/manga/1/235404l.jpg
2816,Kotori,,子捕り,Manga,81,,2013,https://cdn.myanimelist.net/images/manga/3/153788l.jpg
2816,Kuchita Kami e no Fantasia,,朽ちた神への聖謡譚〈ファンタジア〉,Light Novel,81,,2013,https://cdn.myanimelist.net/images/manga/2/163371l.jpg
2816,"Mahou Shoujo Magical Marika: Mahou Shoujo, Miko, Himekishi, Social Game no Heroine to Harem Days",,魔法少女マジカルまりか 魔法少女、巫女、姫騎士、ソーシャルゲームのヒロインとハーレムデイズ,Light Novel,81,,2013,https://cdn.myanimelist.net/images/manga/3/170663l.jpg
2816,Saitou Alice wa Yuugai desu.,,斉藤アリスは有害です。,Light Novel,81,,2013,https://cdn.myanimelist.net/images/manga/1/121465l.jpg
2816,Sakura Code,,サクラコード,Manga,81,,2013,https://cdn.myanimelist.net/images/manga/2/156896l.jpg
2816,"Seisou 2-ka no Onna: Asoko, Kirei ni Shimasu",The Cleaning Lady: I'll Clean That Up for You,性掃2課の女～アソコ、きれいにします～,Manga,81,,2013,https://cdn.myanimelist.net/images/manga/1/150242l.jpg
2816,Souvenir in Blue Exorcist: The Movie - Okumura Yukio Saiaku no Mikkakan,,Souvenir in BLUE EXORCIST THE MOVIE ～奥村雪男最悪の三日間～,Novel,81,,2013,https://cdn.myanimelist.net/images/manga/2/306759l.jpg
2816,Strange Moon,,ストレンジムーン,Light Novel,81,,2013,https://cdn.myanimelist.net/images/manga/3/164704l.jpg
2816,Sugar Wall,,シュガーウォール,Manga,81,,2013,https://cdn.myanimelist.net/images/manga/1/117489l.jpg
2816,Tenkuu no Gyokuza,,天空の玉座,Manga,81,,2013,https://cdn.myanimelist.net/images/manga/3/152633l.jpg
2816,Toki Watari no Scarlet Knights,,時渡りの〈紅女神騎士団〉（スカーレット・ナイツ）,Light Novel,81,,2013,https://cdn.myanimelist.net/images/manga/2/120775l.jpg
2831,Babel Stars,,バベルスターズ,Light Novel,80,,2013,https://cdn.myanimelist.net/images/manga/3/164563l.jpg
2831,Egypt no Sankaku,,エジプトの三角,Manga,80,,2013,https://cdn.myanimelist.net/images/manga/2/183530l.jpg
2831,Giri Giri Mahou Shoujo? Noriko,,ギリギリ魔法少女? 法子,Manga,80,,2013,https://cdn.myanimelist.net/images/manga/1/123931l.jpg
2831,Hito Hake no Niji,Color Me Rainbow,ひとはけの虹,Manga,80,,2013,https://cdn.myanimelist.net/images/manga/2/329727l.jpg
2831,Idol≒Vampire,Idol nearly equal Vampire,アイドル≒ヴァンパイア,Light Novel,80,,2013,https://cdn.myanimelist.net/images/manga/2/160662l.jpg
2831,Junketsu x Shojo Vampire Cafe,The Pure-Blood and the Maiden: Vampire Cafe,純血×処女 ヴァンパイアカフェ,Manga,80,,2013,https://cdn.myanimelist.net/images/manga/1/231415l.jpg
2831,Lost Witch Bride Magical,,ロストウィッチ・ブライドマジカル,Light Novel,80,,2013,https://cdn.myanimelist.net/images/manga/3/160776l.jpg
2831,Maze Breakers,,メイズブレイカーズ,Manga,80,,2013,https://cdn.myanimelist.net/images/manga/2/105425l.jpg
2831,Palpal & Rocketta,,パルパル＆ロケッタ,Manga,80,,2013,https://cdn.myanimelist.net/images/manga/1/180730l.jpg
2831,Paradise War,,パラダイスウォー,Light Novel,80,,2013,https://cdn.myanimelist.net/images/manga/1/184042l.jpg
2831,Saihate no Higashi,,最果ての東,Light Novel,80,,2013,https://cdn.myanimelist.net/images/manga/1/122077l.jpg
2831,Shinseki no Seishitsu no Warui Oneesan Natsuki Aya,Nasty Aunt Aya Natsuki,親戚の性質の悪いお姉さん夏木彩,Doujinshi,80,,2013,https://cdn.myanimelist.net/images/manga/2/239220l.jpg
2831,Tenshi to Akuma to Aiyoku Keiyaku!,Lust contract angel and devil!,天使と悪魔と愛欲ケイヤク!,Light Novel,80,,2013,https://cdn.myanimelist.net/images/manga/2/168863l.jpg
2831,Yuusha Rin no Densetsu,,勇者リンの伝説,Manga,80,,2013,https://cdn.myanimelist.net/images/manga/3/116245l.jpg
2845,Current Tale,,カレントテイル,Light Novel,79,,2013,https://cdn.myanimelist.net/images/manga/1/163306l.jpg
2845,Dainihon Samurai Girl Gekijou,,大日本さむらいがーる劇場,Manga,79,,2013,https://cdn.myanimelist.net/images/manga/1/116495l.jpg
2845,Fetters,,FETTERS,Doujinshi,79,,2013,https://cdn.myanimelist.net/images/manga/2/237075l.jpg
2845,Futsuma Gakuen no Mitralka,,祓魔学園の背教者〈ミトラルカ〉,Light Novel,79,,2013,https://cdn.myanimelist.net/images/manga/3/121003l.jpg
2845,Gargoyle,,ガーゴイル,Manga,79,,2013,https://cdn.myanimelist.net/images/manga/3/167650l.jpg
2845,Hrasvelgr Exceed,,フレースヴェルグ・イクシード,Light Novel,79,,2013,https://cdn.myanimelist.net/images/manga/2/163375l.jpg
2845,Iinazuke wa Imouto-sama!,,許嫁は妹さま！,Light Novel,79,,2013,https://cdn.myanimelist.net/images/manga/2/119671l.jpg
2845,Koakumadomo ga Ore no Heya wo Tamariba ni Shiteiru,,小悪魔どもが俺の部屋を溜まり場にしている,Light Novel,79,,2013,https://cdn.myanimelist.net/images/manga/1/164197l.jpg
2845,Koi ni Hensuru Overwrite,,恋に変する魔改上書〈オーバーライト〉,Light Novel,79,,2013,https://cdn.myanimelist.net/images/manga/2/172022l.jpg
2845,Mainichi ga Hairan Hi,,毎日が排卵日,One-shot,79,,2013,https://cdn.myanimelist.net/images/manga/2/150165l.jpg
2845,Majo wa Tsuki Izuru Tokoro ni Nemuru,,魔女は月出づるところに眠る,Light Novel,79,,2013,https://cdn.myanimelist.net/images/manga/2/108375l.jpg
2845,Migawari Hakushaku no Kekkon Koushinkyoku,,身代わり伯爵の結婚行進曲,Light Novel,79,,2013,https://cdn.myanimelist.net/images/manga/1/153663l.jpg
2845,Momone Shion no Ranobe Nikki,,桃音しおんのラノベ日記,Light Novel,79,,2013,https://cdn.myanimelist.net/images/manga/1/121453l.jpg
2845,Namaiki Delation: Hitotsuki Goto ni Dereru Saikyou Otome Nagisa,,ナマイキデレーション ひと突きごとにデレる最強乙女 渚,Light Novel,79,,2013,https://cdn.myanimelist.net/images/manga/1/166537l.jpg
2845,Okosama Basket,,おこさまばすけっと,Manga,79,,2013,https://cdn.myanimelist.net/images/manga/1/245231l.jpg
2845,Onozomi no Mama ni! Ojousama Shimai-sama: Shitsuji wa Kouki na Ane to Mazo na Imouto ni Hasamarete,,お望みのままに! お嬢様姉妹サマ: 執事は高貴な姉とマゾな妹に挟まれて,Light Novel,79,,2013,https://cdn.myanimelist.net/images/manga/1/190974l.jpg
2845,Osananajimi to Irekawatta Ore wa Sukihoudai suru,,幼なじみと入れ替わった俺は好き放題する,Light Novel,79,,2013,https://cdn.myanimelist.net/images/manga/1/168389l.jpg
2845,Shards of Sin,,죄의 파편,Manhwa,79,,2013,https://cdn.myanimelist.net/images/manga/2/291338l.jpg
2845,Shuuen Sekai no Rebellion,The Closed World's Rebellion,終焉世界の天災姫〈レベリオン〉,Light Novel,79,,2013,https://cdn.myanimelist.net/images/manga/3/161036l.jpg
2845,Ufu Ufu Fuufu,,うぶうぶふうふ,Manga,79,,2013,https://cdn.myanimelist.net/images/manga/2/136875l.jpg
2845,Usotsuki Akuma,Lying Devil,うそつきあくま,Manga,79,,2013,https://cdn.myanimelist.net/images/manga/1/250342l.jpg
2845,Wadaiko†Girls,,和太鼓†ガールズ,Manga,79,,2013,https://cdn.myanimelist.net/images/manga/1/135031l.jpg
2845,Would You Give Your Heart to Me?,Would You Give Your Heart to Me?,너의 HEART를 나에게 줄래?,Manhwa,79,,2013,https://cdn.myanimelist.net/images/manga/3/263849l.jpg
2845,Yuusha Rin no Densetsu,"The Legend of ""Brave"" Rin",勇者リンの伝説,Light Novel,79,,2013,https://cdn.myanimelist.net/images/manga/2/177968l.jpg
2869,Ai wo Wasureta Koori no Joou,What Lies Beneath,愛を忘れた氷の女王,Manga,78,,2013,https://cdn.myanimelist.net/images/manga/2/349481l.jpg
2869,Bright Prison,,ブライト・プリズン,Light Novel,78,,2013,https://cdn.myanimelist.net/images/manga/2/153750l.jpg
2869,Harattemasen yo?,,祓ってませんよ?,Manga,78,,2013,https://cdn.myanimelist.net/images/manga/1/122531l.jpg
2869,Ichamazo! Oshioki Joou-sama Shimai,,イチャマゾ! お仕置き女王さま姉妹,Light Novel,78,,2013,https://cdn.myanimelist.net/images/manga/3/181227l.jpg
2869,Inaka no Kekkon,,田舎の結婚,Manga,78,,2013,https://cdn.myanimelist.net/images/manga/1/205847l.jpg
2869,Nikujiri Kurabe: Gibo to Osananajimi no Shirudaku Gouhoshi,,肉尻くらべ 義母と幼なじみの汁だくご奉仕,Light Novel,78,,2013,https://cdn.myanimelist.net/images/manga/1/169134l.jpg
2869,Oneechan Hatsujo~ Chu!,My sister is in heat,お姉ちゃんはつじょ～チュッ！,Light Novel,78,,2013,https://cdn.myanimelist.net/images/manga/3/168857l.jpg
2869,Sennen no Toriko - Shitsuji Hiiragi,,千年の虜~執事・柊~,Manga,78,,2013,https://cdn.myanimelist.net/images/manga/1/88515l.jpg
2869,Setsuna no Aonisai,,刹那の青二才,Manga,78,,2013,https://cdn.myanimelist.net/images/manga/1/161143l.jpg
2869,Tasogare no Sinsemilla: Fuyu no Komorebi,,黄昏のシンセミア 〜冬の木漏れ日〜,Light Novel,78,,2013,https://cdn.myanimelist.net/images/manga/3/178446l.jpg
2869,Tsun-Ahe Harem: Houkago Ikigao Satsueikai,,ツンアヘハーレム 放課後イキ顔撮影会,Light Novel,78,,2013,https://cdn.myanimelist.net/images/manga/1/190656l.jpg
2869,Yome Musuko,,嫁息子,Manga,78,,2013,https://cdn.myanimelist.net/images/manga/2/250941l.jpg
2881,Aoki Jupiter,,蒼きユピテル,Manga,77,,2013,https://cdn.myanimelist.net/images/manga/3/114083l.jpg
2881,Cherish! Imouto ga Ore wo Aishiteiru Dokoroka Toshiue ni Natta,,チェリッシュ！ 妹が俺を愛しているどころか年上になった,Light Novel,77,,2013,https://cdn.myanimelist.net/images/manga/3/132805l.jpg
2881,Daikagaku Shoujo,,大科学少女,Manga,77,,2013,https://cdn.myanimelist.net/images/manga/2/286776l.jpg
2881,Fringe-man,,FRINGE-MAN フリンジマン,Manga,77,,2013,https://cdn.myanimelist.net/images/manga/1/134425l.jpg
2881,Hanairo,,ハナイロ,Manga,77,,2013,https://cdn.myanimelist.net/images/manga/3/149975l.jpg
2881,Henshin Oyako Beauty Craft: Otoshiau Oyako wa Aku ni Somaru,,変身母娘ビューティクラフト 堕としあう母娘は悪に染まる,Light Novel,77,,2013,https://cdn.myanimelist.net/images/manga/3/168971l.jpg
2881,Hisho to Ero Sick,,秘書とエロシック,Manga,77,,2013,https://cdn.myanimelist.net/images/manga/2/118453l.jpg
2881,Horyo x Gunjin no Seiteki Gyakushuu,,捕虜×軍人の性的逆襲,Manga,77,,2013,https://cdn.myanimelist.net/images/manga/2/152760l.jpg
2881,Kidou Senshi Gundam Unicorn: Niji ni Norenakatta Otoko,Mobile Suit Gundam Unicorn: Bright Noah Story,機動戦士ガンダムUC〈ユニコーン〉 虹にのれなかった男,Manga,77,,2013,https://cdn.myanimelist.net/images/manga/1/282229l.jpg
2881,Mangaka-san Irasshai! R's Bar: Mangaka no Atsumaru Mise,,漫画家さん いらっしゃい! R's Bar ～漫画家の集まる店～,Manga,77,,2013,https://cdn.myanimelist.net/images/manga/2/179343l.jpg
2881,Maternity Monsters! Dekichaimashita!,,またにてぃもんすたぁず!~デキちゃいましたっ!~,Light Novel,77,,2013,https://cdn.myanimelist.net/images/manga/3/165886l.jpg
2881,Nai Mono Nedari wa Mou Oshimai,Sister run out of cry for the moon,ナイものねだりはもうお姉妹,Light Novel,77,,2013,https://cdn.myanimelist.net/images/manga/1/165877l.jpg
2881,Nanahara Nanase no Soshage Kouza,,奈々原七瀬のソシャゲー講座,Light Novel,77,,2013,https://cdn.myanimelist.net/images/manga/2/126383l.jpg
2881,Oishiku Meshiagaremasu,,おいしく召し上がれます,One-shot,77,,2013,https://cdn.myanimelist.net/images/manga/2/284026l.jpg
2881,Ontama!,,おんたま!,Light Novel,77,,2013,https://cdn.myanimelist.net/images/manga/2/164481l.jpg
2881,Seifuku Duty,,制服DUTY,Manga,77,,2013,https://cdn.myanimelist.net/images/manga/3/165615l.jpg
2881,Shippo! Enhancement,,しっぽ! エンハンスメント,Manga,77,,2013,https://cdn.myanimelist.net/images/manga/3/151964l.jpg
2881,The Awl,The Awl,송곳,Manhwa,77,,2013,https://cdn.myanimelist.net/images/manga/2/289244l.jpg
2881,Uwaba Kids,,うわばきっず,Manga,77,,2013,https://cdn.myanimelist.net/images/manga/1/163643l.jpg
2881,Yomaiyamaiya no Kodomotachi,,ヨマイヤマイヤのこどもたち,Manga,77,,2013,https://cdn.myanimelist.net/images/manga/3/140029l.jpg
2881,Yorozu Uranaidokoro: Onmyouya e Yokoso,,よろず占い処 陰陽屋へようこそ,Manga,77,,2013,https://cdn.myanimelist.net/images/manga/3/110677l.jpg
2902,Anekano Gachihame Harem,,あねかのガチハメはーれむ,Manga,76,,2013,https://cdn.myanimelist.net/images/manga/1/257343l.jpg
2902,Aoiro Chalk,Azure Chalk,アオイロチョーク,Manga,76,,2013,https://cdn.myanimelist.net/images/manga/3/254323l.jpg
2902,Gohoubi wa Yawahada de: Akogare no Osananajimi wa Seitokaichou,,ご褒美は柔肌で 憧れの幼なじみは生徒会長,Light Novel,76,,2013,https://cdn.myanimelist.net/images/manga/2/169119l.jpg
2902,Hatsukoi no Senki to Yuuwaku no Koakuma: Sekai wo Sukuu ni wa Ore ga Inai to Dame Mitai!,,初恋の戦姫と誘惑の小悪魔 世界を救うには俺がいないとダメみたい!,Light Novel,76,,2013,https://cdn.myanimelist.net/images/manga/3/153722l.jpg
2902,Hoshikuzu Honey,Stardust Honey,星屑ハニィ,Manga,76,,2013,https://cdn.myanimelist.net/images/manga/2/143403l.jpg
2902,Hounyuu no Ryoujoku-teki na Nichijou,,豊乳の凌辱的な日常,Manga,76,,2013,https://cdn.myanimelist.net/images/manga/2/196452l.jpg
2902,Infinity Blade: Saigen naki Kyuusaisha,,インフィニティ・ブレヱド-際限なき救済者-,Light Novel,76,,2013,https://cdn.myanimelist.net/images/manga/2/122061l.jpg
2902,Itoko no Futago to Christmas.,,従姉妹の双子とクリスマス。,Doujinshi,76,,2013,https://cdn.myanimelist.net/images/manga/3/189344l.jpg
2902,Kaban Toridori,,かばんとりどり,Manga,76,,2013,https://cdn.myanimelist.net/images/manga/3/126863l.jpg
2902,Koizome Henge Hana Emaki,,恋染変化花絵巻,Light Novel,76,,2013,https://cdn.myanimelist.net/images/manga/3/139725l.jpg
2902,Kunoichi Shoujo wa Egao ga Nigate,Female ninja can't smile well,くノ一少女は笑顔が苦手,Light Novel,76,,2013,https://cdn.myanimelist.net/images/manga/1/168739l.jpg
2902,"Nee, Irete?","Hey, Can I Come Insert?",ねぇ、入れて?,Manga,76,,2013,https://cdn.myanimelist.net/images/manga/2/307957l.jpg
2902,Oniichan no Koto Daisuki dakara Sukumizu de Nousatsu shitemo Ii yo ne,,お兄ちゃんのこと大好きだからスク水で悩殺してもいいよねっ,Doujinshi,76,,2013,https://cdn.myanimelist.net/images/manga/3/189808l.jpg
2902,"Ore to 5-nin no Yomesan ga Love Love nano wa, Mirai kara Kita Akachan no Okage ni Chigainai!?",,俺と5人の嫁さんがラブラブなのは、未来からきた赤ちゃんのおかげに違いない!?,Light Novel,76,,2013,https://cdn.myanimelist.net/images/manga/3/165882l.jpg
2902,Sabbatini-ke no Renai Jijou,The Sabbatini Brothers,サバティーニ家の恋愛事情,Manga,76,,2013,https://cdn.myanimelist.net/images/manga/2/227762l.jpg
2902,Seishun Limited,,青春リミテッド,Manga,76,,2013,https://cdn.myanimelist.net/images/manga/2/144409l.jpg
2902,"Sensei, Koi ga Shitai desu",,先生、恋がしたいです,Manga,76,,2013,https://cdn.myanimelist.net/images/manga/2/96363l.jpg
2902,Shura no Dress,,修羅のドレス,Manga,76,,2013,https://cdn.myanimelist.net/images/manga/2/166591l.jpg
2902,Tsunaide Hoshii,,つないでほしい,Manga,76,,2013,https://cdn.myanimelist.net/images/manga/3/105619l.jpg
2902,♂x♂ Renai Shidouan,,♂×♂恋愛指導案,Manga,76,,2013,https://cdn.myanimelist.net/images/manga/2/146851l.jpg
2922,15½,,15½,Manga,75,,2013,https://cdn.myanimelist.net/images/manga/2/231114l.jpg
2922,2LDK ni Sumitsuku Koi,Love in Apartment 2LDK,2LDKに住みつく恋,Manga,75,,2013,https://cdn.myanimelist.net/images/manga/2/238596l.jpg
2922,9 Days Wonder,,9デイズ ワンダー,Manga,75,,2013,https://cdn.myanimelist.net/images/manga/2/202975l.jpg
2922,Batosupi Bu!,,バトスピ部!,One-shot,75,,2013,https://cdn.myanimelist.net/images/manga/1/97203l.jpg
2922,Chwihyang,,취향,One-shot,75,,2013,https://cdn.myanimelist.net/images/manga/3/104357l.jpg
2922,Himote no Noroi de Ore no Kanojo ga Taihen na Koto ni,,非モテの呪いで俺の彼女が大変なことに,Light Novel,75,,2013,https://cdn.myanimelist.net/images/manga/2/151866l.jpg
2922,Joshiritsu no Takasugiru Suiei-bu de Irojikake ni Maketa Ore,,女子率の高すぎる水泳部で色仕掛けに負けた俺,Light Novel,75,,2013,https://cdn.myanimelist.net/images/manga/1/126385l.jpg
2922,Kamikuu no Ex Machina,Ex Machina the God Devourer,神喰のエクスマキナ,Light Novel,75,,2013,https://cdn.myanimelist.net/images/manga/3/162716l.jpg
2922,Kangoku Onna: Dasshutsu Fukanou no Injoku Shisetsu,,姦獄女－脱出不可能の淫辱施設－,Light Novel,75,,2013,https://cdn.myanimelist.net/images/manga/3/145221l.jpg
2922,Konrei no Yoru wo Futatabi,After Their Vows,婚礼の夜をふたたび,Manga,75,,2013,https://cdn.myanimelist.net/images/manga/1/165935l.jpg
2922,Maou-sama Seitokai wa Ore no Mono!,,魔王さま生徒会は俺のもの!,Light Novel,75,,2013,https://cdn.myanimelist.net/images/manga/1/168367l.jpg
2922,Sensei nante Daikirai!,,センセイなんて大嫌い！,Manga,75,,2013,https://cdn.myanimelist.net/images/manga/2/174624l.jpg
2922,Tsun Tsun Ojousama wa Boku Senyou no Seishori Dougu!,,ツンツンお嬢様は僕専用の性処理道具！,Light Novel,75,,2013,https://cdn.myanimelist.net/images/manga/1/168870l.jpg
2922,Uchi no Neko no Te wa Karitakunai,,うちの猫の手は借りたくない,Light Novel,75,,2013,https://cdn.myanimelist.net/images/manga/1/129019l.jpg
2922,Zettai Muteki Shoujo,Can't Beat Me at Sex!!,絶対ムテキ少女,Manga,75,,2013,https://cdn.myanimelist.net/images/manga/2/246613l.jpg
2937,Baiin Reijou: Suouin Sakurako no Zaiwai,,売淫令嬢~周防院櫻子の罪穢~,Light Novel,74,,2013,https://cdn.myanimelist.net/images/manga/3/173289l.jpg
2937,Chinju no Mori no Unicorn,,鎮守の森のユニコーン,Manga,74,,2013,https://cdn.myanimelist.net/images/manga/3/105447l.jpg
2937,Delivery,,デリバリー,Manga,74,,2013,https://cdn.myanimelist.net/images/manga/2/234997l.jpg
2937,Drag Limit Fantasia,,ドラグリミット・ファンタジア,Light Novel,74,,2013,https://cdn.myanimelist.net/images/manga/1/160137l.jpg
2937,Garei Chousashitsu Unit 11-Beta,,牙霊調査室ユニット11‐β,Light Novel,74,,2013,https://cdn.myanimelist.net/images/manga/1/162852l.jpg
2937,In The Milk,,in the milk,Doujinshi,74,,2013,https://cdn.myanimelist.net/images/manga/3/250381l.jpg
2937,Josou Joushi no Nakasekata,How to Make Your Cross-Dressing Boss Cry Out,女装上司の啼かせ方,Manga,74,,2013,https://cdn.myanimelist.net/images/manga/1/255754l.jpg
2937,Kimisen♡,I belong only to you.,キミセン♡,Manga,74,,2013,https://cdn.myanimelist.net/images/manga/1/289230l.jpg
2937,Kiss kara Hajimaru Valkyria,,キスから始まる戦機乙女〈ヴァルキュリア〉,Light Novel,74,,2013,https://cdn.myanimelist.net/images/manga/1/163373l.jpg
2937,Manga Grimm Douwa: Chinurareta Hakkinbon,Bloody Prohibited Books,まんがグリム童話 血塗られた発禁本,Manga,74,,2013,https://cdn.myanimelist.net/images/manga/1/137359l.jpg
2937,OL wa Futatabi Otoko wo Kau.,,OLは二度男を買う。,Manga,74,,2013,https://cdn.myanimelist.net/images/manga/2/128191l.jpg
2937,Resire: Kurikaesareru Negai,,resire「リザイア」～繰りかえされる願い～,Light Novel,74,,2013,https://cdn.myanimelist.net/images/manga/1/108331l.jpg
2937,Sushi Ichi!,,すしいち！,Manga,74,,2013,https://cdn.myanimelist.net/images/manga/2/187557l.jpg
2937,Xunzhao Clotho,Looking for Clotho,寻找克洛托,Manhua,74,,2013,https://cdn.myanimelist.net/images/manga/2/313315l.jpg
2937,Zoku Ozu-kun no Vita Sexualis,,続・小津くんのヰタ・セクスアリス,One-shot,74,,2013,https://cdn.myanimelist.net/images/manga/2/238344l.jpg
2952,Fuminijirareta Bara,,踏みにじられた薔薇,Manga,73,,2013,https://cdn.myanimelist.net/images/manga/2/127291l.jpg
2952,Lonely Myself Saga,,ロンリー・マイセルフ・サーガ,Light Novel,73,,2013,https://cdn.myanimelist.net/images/manga/3/120773l.jpg
2952,Milk Gakuen SS: Nangoku Icha Love Nyu~ Beach,,ミルク学園SS 南国イチャラブにゅ～ビーチ,Light Novel,73,,2013,https://cdn.myanimelist.net/images/manga/2/168855l.jpg
2952,Otonari no Oneechan na Joshidaisei wa Ore no Iinari desu,,お隣のお姉ちゃんな女子大生は俺のいいなりです,Light Novel,73,,2013,https://cdn.myanimelist.net/images/manga/3/168732l.jpg
2952,Restor Fujin,,レストー夫人,Manga,73,,2013,https://cdn.myanimelist.net/images/manga/1/158912l.jpg
2952,"Saimin Fantasia: Seijo kara Maou made, Tanetsuke Harabote Yarihoudai!!",,催眠ファンタジア～聖女から魔王まで、種付け腹ボテやり放題!!～,Light Novel,73,,2013,https://cdn.myanimelist.net/images/manga/2/166366l.jpg
2952,"Tsuya, Himegoto",,艶、ひめごと,Manga,73,,2013,https://cdn.myanimelist.net/images/manga/2/193347l.jpg
2952,Yuzuriha Corporation,,ゆずりはコーポレーション,Manga,73,,2013,https://cdn.myanimelist.net/images/manga/1/163855l.jpg
2960,Aoni no Sora ni Ryuu wa Naku,,あおにの空に竜は哭く,Manga,72,,2013,https://cdn.myanimelist.net/images/manga/3/118225l.jpg
2960,Bakunyuu Maid no Omotenashi,,爆乳メイドのおもてなし,Light Novel,72,,2013,https://cdn.myanimelist.net/images/manga/1/169722l.jpg
2960,Chijoku no Fuushuu: Sasagerareta Niizuma,,恥辱の風習 捧げられた新妻,Light Novel,72,,2013,https://cdn.myanimelist.net/images/manga/3/169136l.jpg
2960,Daites-ryou Koubouki,Offense and Defense in Daites,ダィテス領攻防記,Light Novel,72,,2013,https://cdn.myanimelist.net/images/manga/1/197765l.jpg
2960,Datsuiden,,脱衣伝,Light Novel,72,,2013,https://cdn.myanimelist.net/images/manga/1/171800l.jpg
2960,Fairy Tale Chronicle: Kuuki Yomanai Isekai Life,,フェアリーテイル・クロニクル 〜空気読まない異世界ライフ〜,Light Novel,72,,2013,https://cdn.myanimelist.net/images/manga/2/212279l.jpg
2960,Harem Warrior,,ハーレムウォーリア,Light Novel,72,,2013,https://cdn.myanimelist.net/images/manga/1/168812l.jpg
2960,Hitotoki dake no Koibito,The Billionaire's Housekeeper Mistress,ひとときだけの恋人,Manga,72,,2013,https://cdn.myanimelist.net/images/manga/3/172239l.jpg
2960,Kimi to FuwaToro,,キミとふわとろ,Manga,72,,2013,https://cdn.myanimelist.net/images/manga/1/196052l.jpg
2960,Maou ga Chijou de wa Kyuuseishu ni Natteiru Riyuu,The reason the Devil is the Savior on the ground,魔王が地上では救世主になっている理由,Light Novel,72,,2013,https://cdn.myanimelist.net/images/manga/1/171130l.jpg
2960,Monster Hazard,,モンスター・ハザード,Light Novel,72,,2013,https://cdn.myanimelist.net/images/manga/3/152716l.jpg
2960,Nakadashi Collection,,ナカダシコレクション,Manga,72,,2013,https://cdn.myanimelist.net/images/manga/3/109339l.jpg
2960,Seikan Tenshi Exragna,Reincarnate Angel Exragna,聖換天使エクスラグナ,Light Novel,72,,2013,https://cdn.myanimelist.net/images/manga/3/170183l.jpg
2960,Unlimited Over Skill,,アンリミテッド・オーバースキル,Light Novel,72,,2013,https://cdn.myanimelist.net/images/manga/2/124799l.jpg
2974,Arcdia,,Arcdia -アークディア-,Manga,71,,2013,https://cdn.myanimelist.net/images/manga/3/117009l.jpg
2974,Chiguhagu Shoujo no Dialogue,,ちぐはぐ少女のダイアログ,Manga,71,,2013,https://cdn.myanimelist.net/images/manga/1/164043l.jpg
2974,Dosukebe♡Application,,ドスケベ♡アプリ,Manga,71,,2013,https://cdn.myanimelist.net/images/manga/3/287725l.jpg
2974,Dragon Fleet Senki: Shingan no Admiral,,ドラゴンフリート戦記 神眼の英雄提督〈アドミラル〉,Light Novel,71,,2013,https://cdn.myanimelist.net/images/manga/1/160136l.jpg
2974,Girl@Girl,,Girl@Girl,Manga,71,,2013,https://cdn.myanimelist.net/images/manga/1/248305l.jpg
2974,Girls Solid Senders,,ガールズ・ソリッドセンダーズ,Manga,71,,2013,https://cdn.myanimelist.net/images/manga/3/110401l.jpg
2974,Hanayome no Kinjirareta Jounetsu,,花嫁の禁じられた情熱,Manga,71,,2013,https://cdn.myanimelist.net/images/manga/2/127289l.jpg
2974,"Koi mo H mo Obenkyou mo, Omakase! Oneechan-bu",,恋もHもお勉強も、おまかせ！お姉ちゃん部,Light Novel,71,,2013,https://cdn.myanimelist.net/images/manga/3/170530l.jpg
2974,Mayoi Neko Overdrive: Ginrou vs Dog Ninja,,迷い猫オーバードライブ銀狼VSドッグニンジャ,Light Novel,71,,2013,https://cdn.myanimelist.net/images/manga/1/125767l.jpg
2974,Mini Mini na Vampire wa Suu no ga Daisuki,,ミニミニな吸血鬼〈ヴァンパイア〉は吸うのが大好き,Light Novel,71,,2013,https://cdn.myanimelist.net/images/manga/1/168384l.jpg
2974,"Nama Haishin: Ojousama ni Ijimerareta Ore ga, Ero Douga wo Haishin Shitemitara",,"ナマ配信 お嬢様にいじめられてた俺が, エロ動画を配信してみたら",Light Novel,71,,2013,https://cdn.myanimelist.net/images/manga/3/166369l.jpg
2974,Sawatte Aishite,"Love me, touch me",触って愛シテ,Manga,71,,2013,https://cdn.myanimelist.net/images/manga/3/198011l.jpg
2974,Shintaku Gakuen no Transcender,,神託学園の超越者〈トランセンダー〉,Light Novel,71,,2013,https://cdn.myanimelist.net/images/manga/3/161029l.jpg
2974,Variable Axel,,ヴァリアブル・アクセル,Light Novel,71,,2013,https://cdn.myanimelist.net/images/manga/1/163480l.jpg
2988,Hell Princess to Solomon no Shoukanshi,,ヘルプリンセスと王統〈ソロモン〉の召喚師,Light Novel,70,,2013,https://cdn.myanimelist.net/images/manga/3/163703l.jpg
2988,Houkago ○○ Club,,放課後○○倶楽部,Manga,70,,2013,https://cdn.myanimelist.net/images/manga/1/139495l.jpg
2988,Muchimuchi Body no Tonari no Neechan ga Diet wo Hajimeru Moyou desu,,ムチムチボディの隣の姉ちゃんがダイエットを始める模様です,Light Novel,70,,2013,https://cdn.myanimelist.net/images/manga/3/168815l.jpg
2988,Naisho no Toguro-san,,ナイショの戸黒さん,Manga,70,,2013,https://cdn.myanimelist.net/images/manga/2/180326l.jpg
2988,OP-Ticket Game,,OP-TICKET GAME,Light Novel,70,,2013,https://cdn.myanimelist.net/images/manga/3/160883l.jpg
2988,Omochikaeri Ikemen Shop: Ouchi de Juppori Tasting,Hottie Take-out: Full-bodied Tasting in your Home,お持ち帰りイケメンSHOP～お家でじゅっぽりテイスティング～,Manga,70,,2013,https://cdn.myanimelist.net/images/manga/1/144287l.jpg
2988,Oto no Kyoushitsu,,おとの教室,Manga,70,,2013,https://cdn.myanimelist.net/images/manga/2/175551l.jpg
2988,Survival Onigokko,,サバイバル鬼ごっこ,Manga,70,,2013,https://cdn.myanimelist.net/images/manga/1/127153l.jpg
2988,Tokunou! Otoko no Musume Milk,,特濃！男の娘ミルク,Manga,70,,2013,https://cdn.myanimelist.net/images/manga/1/102603l.jpg
2988,Toshoshitsu no Yome wa Princess,,図書室の嫁はプリンセス,Light Novel,70,,2013,https://cdn.myanimelist.net/images/manga/2/178047l.jpg
2988,Tsugounoii Kanojo: H-Cup Iinari Fukujuu Iinchou Haruka,,ツゴウノイイ彼女 Hカップいいなり服従委員長『遥』,Light Novel,70,,2013,https://cdn.myanimelist.net/images/manga/1/184878l.jpg
2988,Uchi no Kanojo ga Chuuni de Komattemasu.,,ウチの彼女が中二で困ってます。,Light Novel,70,,2013,https://cdn.myanimelist.net/images/manga/3/162662l.jpg
2988,Utahime Chanter Seiren: Kougoku nite Saku Midarabana,,歌姫シャンテ・セイレン ~口獄にて咲く淫ら花~,Light Novel,70,,2013,https://cdn.myanimelist.net/images/manga/3/170186l.jpg
2988,Yorozuya Taimashi no Hensai Keika,,よろず屋退魔士の返済計画,Light Novel,70,,2013,https://cdn.myanimelist.net/images/manga/2/161097l.jpg
2988,Yuuwaku W Joshidaisei: Seiso na Gishi to Houman Bijo,,誘惑W女子大生 清楚な義姉と豊満美女,Light Novel,70,,2013,https://cdn.myanimelist.net/images/manga/2/169137l.jpg
3003,2DK,,2DK,Manga,69,,2013,https://cdn.myanimelist.net/images/manga/1/170471l.jpg
3003,B-kyuu Cinema Shoujo-gumi in Grindhouse,,B級シネマ少女組inグラインドハウス,Manga,69,,2013,https://cdn.myanimelist.net/images/manga/3/171408l.jpg
3003,Binzume Mahou Shoujo Jigoku,,瓶詰魔法少女地獄,Light Novel,69,,2013,https://cdn.myanimelist.net/images/manga/3/138591l.jpg
3003,Doubutsu Tantei Madoka no Suiri Nisshi,,動物探偵まどかの推理日誌,Manga,69,,2013,https://cdn.myanimelist.net/images/manga/2/107627l.jpg
3003,Harem Saber,,ハーレムセイバー,Light Novel,69,,2013,https://cdn.myanimelist.net/images/manga/1/168826l.jpg
3003,Kimi ga Kokoro ni Sumitsuita S,You Always Inhabit My Heart S,きみが心に棲みついたS,Manga,69,,2013,https://cdn.myanimelist.net/images/manga/3/231846l.jpg
3003,"Kiseki no Ringo: ""Zettai Fukanou"" wo Kutsugaeshita Nouka Kimura Akinori no Kiroku",,奇跡のリンゴ 「絶対不可能」を覆した農家 木村秋則の記録,Manga,69,,2013,https://cdn.myanimelist.net/images/manga/3/172264l.jpg
3003,Kugiko-chan ga Iru!,,クギ子ちゃんがいる!,Manga,69,,2013,https://cdn.myanimelist.net/images/manga/3/231051l.jpg
3003,Meguru Linker,,巡ル結魂者〈リンカ〉,Light Novel,69,,2013,https://cdn.myanimelist.net/images/manga/3/160799l.jpg
3003,Psycho Romantica,,サイコろまんちか,Manga,69,,2013,https://cdn.myanimelist.net/images/manga/2/174574l.jpg
3003,Ryoujokutou: Slave Hunting,,猟辱島 スレイブハンティング,Light Novel,69,,2013,https://cdn.myanimelist.net/images/manga/1/170633l.jpg
3003,Sensei no Iutoori!!,,先生のいうとおり!!,Manga,69,,2013,https://cdn.myanimelist.net/images/manga/2/134983l.jpg
3003,Shuuen no Cathédrale,,終焉のカテドラル,Manga,69,,2013,https://cdn.myanimelist.net/images/manga/1/87655l.jpg
3003,Tortoise Delivery,,トータスデリバリー,Manga,69,,2013,https://cdn.myanimelist.net/images/manga/1/120955l.jpg
3003,Tsugounoii Kanojo: G-Cup Omorashi Tsundere Kakyuusei Ruriko,,ツゴウノイイ彼女 Gカップおもらしツンデレ下級生『瑠璃子』,Light Novel,69,,2013,https://cdn.myanimelist.net/images/manga/1/172921l.jpg
3003,Uchi no Pet Jijou,,ウチのペット事情,Doujinshi,69,,2013,https://cdn.myanimelist.net/images/manga/3/203785l.jpg
3003,Yuuwaku no Ie: Yonshimai to Boku no Mitsu-iro Seikatsu,,誘惑の家 四姉妹と僕の蜜色生活,Light Novel,69,,2013,https://cdn.myanimelist.net/images/manga/3/169152l.jpg
3003,Zombie-chan,,ゾンビチャン,Manga,69,,2013,https://cdn.myanimelist.net/images/manga/1/231245l.jpg
3021,Akureki,,アクレキ,Manga,68,,2013,https://cdn.myanimelist.net/images/manga/1/136259l.jpg
3021,Fanatic Breakthrough,,ファナティック・ブレイクスルー,Light Novel,68,,2013,https://cdn.myanimelist.net/images/manga/2/164077l.jpg
3021,Guroapolis no Frau,,超粒子実験都市（グロアポリス）のフラウ,Light Novel,68,,2013,https://cdn.myanimelist.net/images/manga/2/160542l.jpg
3021,Harem Fantasia: Toraware no Hime Kishidan,,ハーレムファンタジア 囚われの姫騎士団,Light Novel,68,,2013,https://cdn.myanimelist.net/images/manga/1/190654l.jpg
3021,Kanami Ikuseichuu!,,かなみ育成中!,Manga,68,,2013,https://cdn.myanimelist.net/images/manga/3/226382l.jpg
3021,Kinki: Zettai ni Yatte wa Ikenai 13 no Koto,,禁忌 絶対にやってはいけない13のこと,Manga,68,,2013,https://cdn.myanimelist.net/images/manga/3/149526l.jpg
3021,Mogura no Uta Gaiden: Papillon Dance,,土竜の唄外伝 狂蝶の舞〈パピヨンダンス〉,Manga,68,,2013,https://cdn.myanimelist.net/images/manga/3/131249l.jpg
3021,Okuriya: Shisha wo Okuru Yasashiku Bukiyou na Hitotachi,,送り屋 死者を送る優しく不器用な人たち,Light Novel,68,,2013,https://cdn.myanimelist.net/images/manga/1/134809l.jpg
3021,Shougi no Watanabe-kun,,将棋の渡辺くん,Manga,68,,2013,https://cdn.myanimelist.net/images/manga/3/215701l.jpg
3021,Tengu Girl,,テングガール,Manga,68,,2013,https://cdn.myanimelist.net/images/manga/2/123785l.jpg
3021,Uchuu Kaijin Mizuki-chan,,宇宙怪人みずきちゃん,Manga,68,,2013,https://cdn.myanimelist.net/images/manga/3/149634l.jpg
3021,Uwabami Kanojo,,うわばみ彼女,Manga,68,,2013,https://cdn.myanimelist.net/images/manga/1/166215l.jpg
3033,20 Seiki Bishoujo,,20世紀美少女,Manga,67,,2013,https://cdn.myanimelist.net/images/manga/1/254897l.jpg
3033,Doukyonin ga Otoko nante Kiitenai!,No One Said My Roommate Would Be a Guy!,同居人が男なんて聞いてナイッ!,Manga,67,,2013,https://cdn.myanimelist.net/images/manga/2/231952l.jpg
3033,Ecchi wa NG na Osananajimi to Roshutsu Play Shitemita,,エッチはNGな幼なじみと露出プレイしてみた,Light Novel,67,,2013,https://cdn.myanimelist.net/images/manga/1/168740l.jpg
3033,Harem Quest: Maou to Kenja to Senshi to Love Bouken!,,ハーレムクエスト 魔王と賢者と戦士とラブ冒険！,Light Novel,67,,2013,https://cdn.myanimelist.net/images/manga/1/190979l.jpg
3033,Harem Revolution,,ハーレムレボリューション,Light Novel,67,,2013,https://cdn.myanimelist.net/images/manga/1/168860l.jpg
3033,Konyoku Harem Seitokai: Koi to Senkyo to Onsen Ryokou to,Konyoku harem wish Students union,混浴ハーレム生徒会~恋と選挙と温泉旅行と~,Light Novel,67,,2013,https://cdn.myanimelist.net/images/manga/1/169149l.jpg
3033,Kuwagata ni Chop shitara Time Slip shita,Time-travelled after chopping the stag beetle,クワガタにチョップしたらタイムスリップした,Manga,67,,2013,https://cdn.myanimelist.net/images/manga/2/159781l.jpg
3033,Love Live! School Idol Project,,ラブライブ! School Idol Project,Light Novel,67,,2013,https://cdn.myanimelist.net/images/manga/2/304816l.jpg
3033,Marble★Bloomer,,マーブル★ブルマ,Light Novel,67,,2013,https://cdn.myanimelist.net/images/manga/3/166055l.jpg
3033,NEET-kei Sentai Lovely Little Drops,,ニート系戦隊らぶりぃー・りとる・どろっぷす,Light Novel,67,,2013,https://cdn.myanimelist.net/images/manga/3/164669l.jpg
3033,Reikan NEET,,霊感ニート,Light Novel,67,,2013,https://cdn.myanimelist.net/images/manga/2/108325l.jpg
3033,Sekai wo Sukuu no wa Harem Party,,世界を救うのはハーレム部隊(パーティー),Light Novel,67,,2013,https://cdn.myanimelist.net/images/manga/2/168345l.jpg
3033,Shichinin Misaki mo Koi wo Suru,,七人ミサキも恋をする,Light Novel,67,,2013,https://cdn.myanimelist.net/images/manga/1/160978l.jpg
3033,Tsugihagi Butterfly,,ツギハギ運命翅（バタフライ）,Light Novel,67,,2013,https://cdn.myanimelist.net/images/manga/2/120783l.jpg
3033,Yoiko to Ikenai Houkago,,よいこといけない放課後,Manga,67,,2013,https://cdn.myanimelist.net/images/manga/2/297158l.jpg
3033,Yoruhime to Boukoku no Roku Kishi,,夜姫と亡国の六姫士,Light Novel,67,,2013,https://cdn.myanimelist.net/images/manga/1/161098l.jpg
3049,Anne no Sekai Chizu: It's a small world,,アンの世界地図～It's a small world～,Manga,66,,2013,https://cdn.myanimelist.net/images/manga/1/240662l.jpg
3049,Asa no Konai Ie,,朝の来ない家,Manga,66,,2013,https://cdn.myanimelist.net/images/manga/2/240283l.jpg
3049,Edo no Tamamono,,江戸のたまもの,Manga,66,,2013,https://cdn.myanimelist.net/images/manga/2/235179l.jpg
3049,Kanzaki-kun wa Dokushin,,神崎くんは独身,Manga,66,,2013,https://cdn.myanimelist.net/images/manga/3/151487l.jpg
3049,Komori to Tenma,,こもりとてんま,Manga,66,,2013,https://cdn.myanimelist.net/images/manga/3/196399l.jpg
3049,Kukuri-hime,,くくりひめ,Manga,66,,2013,https://cdn.myanimelist.net/images/manga/3/157962l.jpg
3049,Momoiro Taisen Pairon: Another Paradox,Release the seal concealed on the card,桃色大戦ぱいろん～アナザ・パラドクス～,Light Novel,66,,2013,https://cdn.myanimelist.net/images/manga/2/178445l.jpg
3049,Ninkyou Harem,,任侠ハーレム,Manga,66,,2013,https://cdn.myanimelist.net/images/manga/2/256451l.jpg
3049,Noroware Lady Thor,,呪われ雷姫〈レディ・トール〉,Light Novel,66,,2013,https://cdn.myanimelist.net/images/manga/1/163875l.jpg
3049,Odaiba Chuuton Kichi no Yousei: Strike Princess,,お台場駐屯基地の妖精 ストライク・プリンセス,Light Novel,66,,2013,https://cdn.myanimelist.net/images/manga/3/162870l.jpg
3049,Ojousama wa Oshikake Dorei!?,,お嬢様は押しかけドレイ!?,Light Novel,66,,2013,https://cdn.myanimelist.net/images/manga/2/179290l.jpg
3049,Ookami Kakka no Uso to Dilemma,Your Excellency's Like a Wolf Lie and Dilemma,狼閣下の嘘とジレンマ,Manga,66,,2013,https://cdn.myanimelist.net/images/manga/2/287518l.jpg
3049,Progress Eve: Ange Chronicle Side:Black,,プログレス・イヴ Ange Chronicle Side:BLACK,Light Novel,66,,2013,https://cdn.myanimelist.net/images/manga/1/162707l.jpg
3049,Vampire Seitokai ni Suwareru dake!,,ヴァンパイア生徒会に吸われるだけ！,Light Novel,66,,2013,https://cdn.myanimelist.net/images/manga/2/115069l.jpg
3049,Youkoso Seerua Gakuen Nakadashi Festival,,ようこそ♪ セールア学園中出しフェスティバル,Light Novel,66,,2013,https://cdn.myanimelist.net/images/manga/2/166292l.jpg
3064,Dragcane no Conductor,Conductor of Dragcane,竜魔杖〈ドラグケイン〉のコンダクター,Light Novel,65,,2013,https://cdn.myanimelist.net/images/manga/3/162847l.jpg
3064,Gothic Doll: Ijippari no Hanayome,,ゴシックドール ～意地っぱりの花嫁～,Light Novel,65,,2013,https://cdn.myanimelist.net/images/manga/3/153339l.jpg
3064,Hanayashiki Sumika no Seichi Junrei,,花屋敷澄花の聖地巡礼,Light Novel,65,,2013,https://cdn.myanimelist.net/images/manga/1/206692l.jpg
3064,Heavenly Homesick,Heavenly Homesick,ヘブンリーホームシック,Manga,65,,2013,https://cdn.myanimelist.net/images/manga/1/282171l.jpg
3064,Icha-Pri: Akogare no Himekishi-sama to Love Shugyou,Icha-Princess,イチャプリ 憧れの姫騎士さまとラブ修行,Light Novel,65,,2013,https://cdn.myanimelist.net/images/manga/3/168813l.jpg
3064,"Inmu Kyoushi, Shiiku Kaikin.",,淫夢教師、飼育解禁。,Manga,65,,2013,https://cdn.myanimelist.net/images/manga/2/233272l.jpg
3064,Kadan,,Kadan,Manga,65,,2013,https://cdn.myanimelist.net/images/manga/3/304580l.jpg
3064,Koukousei Maou no Ketsudan,,高校生魔王の決断,Light Novel,65,,2013,https://cdn.myanimelist.net/images/manga/2/171365l.jpg
3064,Maid ga Oshieru Maou-gaku!,,メイドが教える魔王学！,Light Novel,65,,2013,https://cdn.myanimelist.net/images/manga/3/160787l.jpg
3064,Makai de Hofu-san Hajimemashita,,魔界で保父さんはじめました,Light Novel,65,,2013,https://cdn.myanimelist.net/images/manga/1/168654l.jpg
3064,Makita Kiyoka wa H ga Shitai.,,牧田清香はHがしたい。,Manga,65,,2013,https://cdn.myanimelist.net/images/manga/3/248710l.jpg
3064,Norausagi,,のらうさぎ,Manga,65,,2013,https://cdn.myanimelist.net/images/manga/2/152052l.jpg
3064,Oneechan Reboot!,,おねえちゃん再起動〈リブート〉！,Light Novel,65,,2013,https://cdn.myanimelist.net/images/manga/1/164120l.jpg
3064,Oyasumi Memories,Good night Memories,おやすみメモリーズ,Manga,65,,2013,https://cdn.myanimelist.net/images/manga/2/198394l.jpg
3064,Tantei Opera Milky Holmes: Feathers-hen,,探偵オペラ ミルキィホームズ～フェザーズ篇～,Manga,65,,2013,https://cdn.myanimelist.net/images/manga/3/152087l.jpg
3064,Toki no Akuma to Mitsu no Monogatari,,時の悪魔と三つの物語,Light Novel,65,,2013,https://cdn.myanimelist.net/images/manga/3/163617l.jpg
3080,Buster-Do!,,バスタード!,Light Novel,64,,2013,https://cdn.myanimelist.net/images/manga/3/159994l.jpg
3080,Chijokoi,,痴女恋,Manga,64,,2013,https://cdn.myanimelist.net/images/manga/3/248709l.jpg
3080,Chirasareta Shojoka: Joshikousei Idol ni Muragaru Yajuu,,散らされた処女花 ―女子高生アイドルに群がる野獣―,Light Novel,64,,2013,https://cdn.myanimelist.net/images/manga/3/169162l.jpg
3080,Crow: Sandatsu no Shikkousha,,クロウ 簒奪の執行者,Light Novel,64,,2013,https://cdn.myanimelist.net/images/manga/2/125025l.jpg
3080,GOD W（｀・ω・´）RLD - God World,,GOD W（｀・ω・´）RLD ―ごっど・わーるど―,Light Novel,64,,2013,https://cdn.myanimelist.net/images/manga/1/158158l.jpg
3080,Maou wo Love Dorei ni Shite Mimasen ka?,,魔王をラブ奴隷にしてみませんか?,Light Novel,64,,2013,https://cdn.myanimelist.net/images/manga/2/168738l.jpg
3080,Onna ni Horesasu Meigenshuu,The Great Phrases Women Fall For,女に惚れさす名言集,Manga,64,,2013,https://cdn.myanimelist.net/images/manga/1/122119l.jpg
3080,Revolver Girl☆Hammer Lady: Kaibutsu yori Tsuyokute Kawaii Onnanoko-tachi,,リヴォルバーガール☆ハンマーレディ ～怪物より強くてカワイイ女の子たち～,Light Novel,64,,2013,https://cdn.myanimelist.net/images/manga/1/170113l.jpg
3080,Seishun Canon,Canon of Youth,青春カノン,Manga,64,,2013,https://cdn.myanimelist.net/images/manga/3/254842l.jpg
3080,Tempestas no Seijuu Tsukai,Holy Gun Shooter of Tempestas,魔天世界〈テンペスタス〉の聖銃使い,Light Novel,64,,2013,https://cdn.myanimelist.net/images/manga/2/163713l.jpg
3080,Tomaranaide Jitensha Otome,Don't stop! Bicycle Girl,止まらないで自転車乙女,Light Novel,64,,2013,https://cdn.myanimelist.net/images/manga/2/125015l.jpg
3080,Tonari no Bioyako: Joshikousei Kanojo to Kindan no Kanohaha,,隣の美母娘 ～女子高生彼女と禁断のカノ母～,Light Novel,64,,2013,https://cdn.myanimelist.net/images/manga/3/169126l.jpg
3080,Yuuwaku Choukyou Hitorijime: Gibo no Himitsu Menu,,誘惑調教ひとりじめ 義母の秘密メニュー,Light Novel,64,,2013,https://cdn.myanimelist.net/images/manga/2/169120l.jpg
3080,Zettai Chouwa☆Orisaki-chan!,,絶対調和☆御裏崎ちゃんっ！,Light Novel,64,,2013,https://cdn.myanimelist.net/images/manga/3/163341l.jpg
3094,20-sai OL: Hitori de Dekirumon,,20歳OL 独りでできるもん,Manga,63,,2013,https://cdn.myanimelist.net/images/manga/2/232822l.jpg
3094,Amayadori,,雨宿り,One-shot,63,,2013,https://cdn.myanimelist.net/images/manga/1/243806l.jpg
3094,Baby Actually,Executive's Pregnancy Ultimatum,ベイビー・アクチュアリー,Manga,63,,2013,https://cdn.myanimelist.net/images/manga/3/227522l.jpg
3094,Bokura wa Tsuma wo Aishiteru,We love our wife.,ぼくらは妻を愛してる,Manga,63,,2013,https://cdn.myanimelist.net/images/manga/3/164438l.jpg
3094,Burai-hen,,かわぐちかいじ自選短編集 無頼編,Manga,63,,2013,https://cdn.myanimelist.net/images/manga/1/129609l.jpg
3094,Classmate Collection,,クラスメイト・コレクション,Light Novel,63,,2013,https://cdn.myanimelist.net/images/manga/1/160013l.jpg
3094,Cold Case: Mikaiketsu File.1 - Renzoku Jidou Jisatsu Jiken,,コールド・ケース 未解決File.1「連続児童自殺事件」,Manga,63,,2013,https://cdn.myanimelist.net/images/manga/1/178759l.jpg
3094,Genba Kantoku na Seigi no Mikata,Genbaman the Hero,現場監督な正義のミカタ,Doujinshi,63,,2013,https://cdn.myanimelist.net/images/manga/1/129911l.jpg
3094,Houkago Owaraibu,,放課後おわらいぶ,Manga,63,,2013,https://cdn.myanimelist.net/images/manga/3/96059l.jpg
3094,Kaze to Lute no Shirabe ni Nosete,,風とリュートの調べにのせて,Light Novel,63,,2013,https://cdn.myanimelist.net/images/manga/3/149623l.jpg
3094,Kyousei Josou Danshi: Rental Otoko no Ko,,強制女装男子 レンタル男の娘,Manga,63,,2013,https://cdn.myanimelist.net/images/manga/2/139543l.jpg
3094,Manga Grimm Douwa: Yajuu Ouji to Toraware-hime,A Wild Prince and Captivity Princess,まんがグリム童話 野獣王子と囚われ姫,Manga,63,,2013,https://cdn.myanimelist.net/images/manga/2/137367l.jpg
3094,Neko Kan ga Hirotta no desu ga,,ネコ缶ひろったのですが,Manga,63,,2013,https://cdn.myanimelist.net/images/manga/1/157400l.jpg
3094,Ore no Idol wa Renai Kinshi!,,俺の天使（アイドル）は恋愛禁止!,Light Novel,63,,2013,https://cdn.myanimelist.net/images/manga/2/122213l.jpg
3094,Otoko no Ko to Nurechau!? Kagai Jugyou,,男の娘と濡れちゃう!?課外授業,Manga,63,,2013,https://cdn.myanimelist.net/images/manga/1/136337l.jpg
3094,Seven³,,セブンきゅ～ぶ,Manga,63,,2013,https://cdn.myanimelist.net/images/manga/2/129481l.jpg
3094,Shinmai Nurse no Yarisugi Kango,,新米ナースのヤリすぎ看護,Light Novel,63,,2013,https://cdn.myanimelist.net/images/manga/2/169718l.jpg
3094,Shitaku Nacchatta.,,したくなっちゃった。,Manga,63,,2013,https://cdn.myanimelist.net/images/manga/1/261448l.jpg
3094,Takaramono wa Hako no Naka dj - Takaramono wa Mune no Naka,,たからものは胸の中,Doujinshi,63,,2013,https://cdn.myanimelist.net/images/manga/2/237754l.jpg
3094,Waon!,,和おん!,Manga,63,,2013,https://cdn.myanimelist.net/images/manga/3/165446l.jpg
3094,Yokubari no Kubisuji,Please love my cervix more.,欲ばりな首すじ,Light Novel,63,,2013,https://cdn.myanimelist.net/images/manga/3/193008l.jpg
3115,Akamurasaki Aoiko no Bunseki wa Detarame,,赤村崎葵子の分析はデタラメ,Light Novel,62,,2013,https://cdn.myanimelist.net/images/manga/2/164569l.jpg
3115,Cracking Wizard: Eidatsu no Majin to Maken no Shoujo,,クラッキング・ウィザード ~鋭奪ノ魔人と魔剣の少女,Light Novel,62,,2013,https://cdn.myanimelist.net/images/manga/1/258394l.jpg
3115,Harem Tempest,,ハーレムテンペスト,Light Novel,62,,2013,https://cdn.myanimelist.net/images/manga/1/168804l.jpg
3115,Himegoto Zanmai,,ヒメゴトザンマイ,Manga,62,,2013,https://cdn.myanimelist.net/images/manga/1/284180l.jpg
3115,Himitsu x Himitsu,,ひみつ×ひみつ,Manga,62,,2013,https://cdn.myanimelist.net/images/manga/1/174815l.jpg
3115,Honey Come Trap,,はにかむとらっぷ,Manga,62,,2013,https://cdn.myanimelist.net/images/manga/2/194459l.jpg
3115,Houseki-hime wa Mitsu ni Nurete: Aishite Jewel Star,,宝石姫は蜜に濡れて 愛してJEWELSTAR,Manga,62,,2013,https://cdn.myanimelist.net/images/manga/2/152284l.jpg
3115,Kacchuu-san,,甲冑さん,Manga,62,,2013,https://cdn.myanimelist.net/images/manga/2/140027l.jpg
3115,Maou no Omori wo Oosetsukarimashita.,,魔王のおもりを仰せつかりました。,Light Novel,62,,2013,https://cdn.myanimelist.net/images/manga/2/139001l.jpg
3115,Oshikake Shimai to Kozukuri Jugyou wo Hajimemashita,,押しかけ姉妹と子づくり授業を始めました,Light Novel,62,,2013,https://cdn.myanimelist.net/images/manga/2/190652l.jpg
3115,Pako Houdai,,パコほーだい,Manga,62,,2013,https://cdn.myanimelist.net/images/manga/3/210678l.jpg
3115,Shigatsu no Me,,四月のめ,Doujinshi,62,,2013,https://cdn.myanimelist.net/images/manga/1/200892l.jpg
3115,Wagamai wa Neko de Aru,,吾妹は猫である,Light Novel,62,,2013,https://cdn.myanimelist.net/images/manga/2/190651l.jpg
3115,Yaoyorozu no Kami ni Tou,,八百万の神に問う,Light Novel,62,,2013,https://cdn.myanimelist.net/images/manga/3/127959l.jpg
3129,Barairo no Jidai,,バラ色の時代,Manga,61,,2013,https://cdn.myanimelist.net/images/manga/1/220485l.jpg
3129,Clavay no Kagi,Clavay's Keys,クラーヴェイの鍵,Manga,61,,2013,https://cdn.myanimelist.net/images/manga/1/164406l.jpg
3129,Daishou no Guiltaon,,代償のギルタオン,Light Novel,61,,2013,https://cdn.myanimelist.net/images/manga/1/161663l.jpg
3129,Ii Ko Level wa Sensei Shidai,,イイ子レベルは先生次第,Manga,61,,2013,https://cdn.myanimelist.net/images/manga/3/230634l.jpg
3129,Kanojo wa Seidokaichou!,,カノジョはセイド会長！,Light Novel,61,,2013,https://cdn.myanimelist.net/images/manga/2/190978l.jpg
3129,Kare to Kanojo no Fatal Error,,彼と彼女の不都合な真実〈フェイタルエラー〉,Light Novel,61,,2013,https://cdn.myanimelist.net/images/manga/2/160690l.jpg
3129,Koukidou Hishou Heiki: Busou Yousei Fairia,,光機動飛翔兵器 武装妖精フェアリア,Light Novel,61,,2013,https://cdn.myanimelist.net/images/manga/1/163380l.jpg
3129,Kyou mo Nuide yo! Nikaidou-san!,,今日も脱いでよ! 二階堂さん!,Light Novel,61,,2013,https://cdn.myanimelist.net/images/manga/3/120757l.jpg
3129,Mamonokko Fantasy,,魔物っ娘ふぁんたじ～,Light Novel,61,,2013,https://cdn.myanimelist.net/images/manga/2/166287l.jpg
3129,Oneechan ni wa Sakaraenai!,,お姉ちゃんには逆らえない！,Light Novel,61,,2013,https://cdn.myanimelist.net/images/manga/1/170665l.jpg
3129,Pan to Shishunki,,パンと思春期,Doujinshi,61,,2013,https://cdn.myanimelist.net/images/manga/2/310245l.jpg
3129,Reizoku Tsun-Maid: Hikkoshi Iwai ni Natte Agerun Dakara!,,隷属ツンメイド 引っ越し祝いになってあげるんだからっ！,Light Novel,61,,2013,https://cdn.myanimelist.net/images/manga/1/168746l.jpg
3129,Shirayuri ni Dokumushi: Hisoka ni Aishiau Bijin Kyoushi to Joseito ga Kichiku no Gangu ni...,,白百合に毒蟲 密かに愛し合う美人教師と女生徒が鬼畜の玩具に…,Manga,61,,2013,https://cdn.myanimelist.net/images/manga/2/238654l.jpg
3129,Sparrow's Hotel Annex,,スパロウズホテル ANNEX,Manga,61,,2013,https://cdn.myanimelist.net/images/manga/3/194162l.jpg
3129,Taishou Otome Karte,,大正乙女カルテ,Manga,61,,2013,https://cdn.myanimelist.net/images/manga/3/247094l.jpg
3129,Tokimeki Keion-bu: Himitsu no Houkago Lesson,,ときめき軽音部 ヒミツの放課後レッスン,Light Novel,61,,2013,https://cdn.myanimelist.net/images/manga/3/169141l.jpg
3129,U wa Uchuu Yabai no U! Sekai ga Horobu 5-byoumae,,ウは宇宙ヤバイのウ！ ~セカイが滅ぶ５秒前~,Light Novel,61,,2013,https://cdn.myanimelist.net/images/manga/3/164133l.jpg
3129,Watashi no Tama-no-Koshi Keikaku!,,私の玉の輿計画！,Light Novel,61,,2013,https://cdn.myanimelist.net/images/manga/1/180942l.jpg
3129,Zettai Kyuuai♥Prince,,絶対求愛♥プリンス,Manga,61,,2013,https://cdn.myanimelist.net/images/manga/2/246728l.jpg
3148,Haiboku no Onna Shougun Leia: Inma ga Otosu Kedakaki Ouzoku Oyako,,敗北の女将軍レイア 淫魔が堕とす気高き王族母娘,Light Novel,60,,2013,https://cdn.myanimelist.net/images/manga/1/110557l.jpg
3148,Harem Venus,,ハーレムヴィーナス,Light Novel,60,,2013,https://cdn.myanimelist.net/images/manga/1/168817l.jpg
3148,Heaven and Earth,,천지해,Manhwa,60,,2013,https://cdn.myanimelist.net/images/manga/3/287046l.jpg
3148,Hinomoto no Miko,,日ノ本の巫女,Light Novel,60,,2013,https://cdn.myanimelist.net/images/manga/3/170541l.jpg
3148,Kyou kara Kakemochi Shitennou!,,今日からかけもち四天王!,Light Novel,60,,2013,https://cdn.myanimelist.net/images/manga/1/160754l.jpg
3148,Maid to Onnashitsuji wo Shiiku Choukyou,,メイドと女執事を飼育調教,Light Novel,60,,2013,https://cdn.myanimelist.net/images/manga/2/168444l.jpg
3148,Maougoroshi to Itsuwari no Yuusha,,魔王殺しと偽りの勇者,Light Novel,60,,2013,https://cdn.myanimelist.net/images/manga/2/163975l.jpg
3148,Minikui Kaeru no Ko,The Ugly Frog Girl,みにくいカエルの娘,Manga,60,,2013,https://cdn.myanimelist.net/images/manga/2/186349l.jpg
3148,Otome Kishidan ga Tai no Sonzoku no Tame ni Makura Eigyou Suru you desu,,乙女騎士団が隊の存続のために枕営業するようです,Light Novel,60,,2013,https://cdn.myanimelist.net/images/manga/2/168650l.jpg
3148,Seiouken to Ushinawareta Ryuuhime,,聖王剣と喪われた龍姫,Light Novel,60,,2013,https://cdn.myanimelist.net/images/manga/2/163884l.jpg
3148,"Sekai ga Bishoujo Teikoku ni Shihai Sareta node, Seiteki ni Hangyaku Shitemita",,世界が美少女帝国に支配されたので、性的に反逆してみた,Light Novel,60,,2013,https://cdn.myanimelist.net/images/manga/3/168624l.jpg
3148,Sensei wa Ero Ero Virgin!?,,先生はエロエロバージン!?,Light Novel,60,,2013,https://cdn.myanimelist.net/images/manga/3/170528l.jpg
3148,Sousou: 2011.3.11 Bokou ga Itaianchisho ni Natta Hi,,葬送 2011.3.11母校が遺体安置所になった日,Manga,60,,2013,https://cdn.myanimelist.net/images/manga/3/178760l.jpg
3148,To Start,,시작을 위하여,One-shot,60,,2013,https://cdn.myanimelist.net/images/manga/2/119603l.jpg
3148,Tsun Imouto wa Oniichan Daisuki!,,ツン妹はお兄ちゃん大好きィィィ！,Light Novel,60,,2013,https://cdn.myanimelist.net/images/manga/1/128877l.jpg
3163,Apollo,,アポロ,One-shot,59,,2013,https://cdn.myanimelist.net/images/manga/3/253929l.jpg
3163,Boukun Dokuzetsu Maid wo Mazomazo ni Shitemita,,暴君毒舌メイドをマゾマゾにしてみた,Light Novel,59,,2013,https://cdn.myanimelist.net/images/manga/2/190975l.jpg
3163,Danzai no Bishou,,断罪の微笑,Light Novel,59,,2013,https://cdn.myanimelist.net/images/manga/3/184800l.jpg
3163,Fuuki Kaden,,封鬼花伝,Light Novel,59,,2013,https://cdn.myanimelist.net/images/manga/2/140243l.jpg
3163,Gesui yo! Hanamura-san,Sleazebag! Hanamura-san,ゲスいよ！花村さん,Manga,59,,2013,https://cdn.myanimelist.net/images/manga/2/192479l.jpg
3163,Gunshin-chan to Yobanaide,,軍神ちゃんとよばないで,Manga,59,,2013,https://cdn.myanimelist.net/images/manga/3/237193l.jpg
3163,Hatenaki Ten no Fatalsis,,果てなき天のファタルシス,Light Novel,59,,2013,https://cdn.myanimelist.net/images/manga/1/258811l.jpg
3163,Karudia no Gunshi,,天翔虎〈カルーディア〉の軍師,Light Novel,59,,2013,https://cdn.myanimelist.net/images/manga/3/159308l.jpg
3163,Koredakara Anime tte Yatsu wa!,,これだからアニメってやつは！,Manga,59,,2013,https://cdn.myanimelist.net/images/manga/2/146867l.jpg
3163,Kouki na Princess wo Shiiku Choukyou!,,高貴なプリンセスを飼育調教!,Light Novel,59,,2013,https://cdn.myanimelist.net/images/manga/1/170753l.jpg
3163,Master wa Stray Cat,,召喚主〈マスター〉は家出猫〈ストレイ・キャット〉,Light Novel,59,,2013,https://cdn.myanimelist.net/images/manga/2/160796l.jpg
3163,Musakui Chuushutsu Renai Yuugi,,無作為抽出恋愛遊戯,Light Novel,59,,2013,https://cdn.myanimelist.net/images/manga/3/171823l.jpg
3163,"Oneechan wa Hatsujouchuu! Koi no Cupid ni Deattara...... Zannen, Alpaca deshita!",,お姉ちゃんは発情中！ ～恋のキューピットに出逢ったら……残念、アルパカでした！,Light Novel,59,,2013,https://cdn.myanimelist.net/images/manga/1/190657l.jpg
3163,Rui wa Tomo wo Yobu Plus: Majo-tachi to Taiheiyou no Hoshi,,るいは智を呼ぶPLUS 魔女たちと太平洋の星,Light Novel,59,,2013,https://cdn.myanimelist.net/images/manga/2/178447l.jpg
3163,Sekai no Onago wa Ore no Mono: ※Tadashi Bishoujo ni Kagiru,,世界のおなごは俺のモノ ※ただし美少女に限る,Light Novel,59,,2013,https://cdn.myanimelist.net/images/manga/1/169716l.jpg
3163,Shino Shino,,シノシノ,Light Novel,59,,2013,https://cdn.myanimelist.net/images/manga/1/122223l.jpg
3163,Shiri-para: Sawatte Monde Boku no Mono!,,しりパラ さわって揉んでボクのもの！,Light Novel,59,,2013,https://cdn.myanimelist.net/images/manga/1/172580l.jpg
3163,Summer Snow Palette,,サマーSnow Palette,One-shot,59,,2013,https://cdn.myanimelist.net/images/manga/2/121749l.jpg
3163,Teisoutai My Lover,,貞操帯妹らばぁ,Light Novel,59,,2013,https://cdn.myanimelist.net/images/manga/3/168736l.jpg
3163,Tsugounoii Kanojo: I-Cup Amaesase Iyashikei Joukyuusei Natsune,,ツゴウノイイ彼女 Iカップ甘えさせ癒し系上級生『夏音』,Light Novel,59,,2013,https://cdn.myanimelist.net/images/manga/3/184879l.jpg
3183,Ao to Haru,Blue and Spring,アオとハル,Manga,58,,2013,https://cdn.myanimelist.net/images/manga/2/241428l.jpg
3183,Beni Tsubaki: Sokubaku Hanayome,,紅椿 束縛花嫁,Light Novel,58,,2013,https://cdn.myanimelist.net/images/manga/1/182806l.jpg
3183,Binkan Saikyou! Futago Sisters,,ビンカン最強！ 双子シスターズ,Light Novel,58,,2013,https://cdn.myanimelist.net/images/manga/1/190977l.jpg
3183,Chichi Dorei: Oyako Gokainin,,乳奴隷 ～母娘ご懐妊～,Manga,58,,2013,https://cdn.myanimelist.net/images/manga/3/255291l.jpg
3183,Giaku no Ou,,偽悪の王,Light Novel,58,,2013,https://cdn.myanimelist.net/images/manga/2/160500l.jpg
3183,Ichamazo!!! Double Princess wa Seidorei,,イチャマゾ!!! ダブルプリンセスは性奴隷,Light Novel,58,,2013,https://cdn.myanimelist.net/images/manga/1/168382l.jpg
3183,Imouto no Miu ga Zenbu Shite Ageru!,,妹の美羽が全部シテあげる!,Light Novel,58,,2013,https://cdn.myanimelist.net/images/manga/1/190976l.jpg
3183,Kawaii Joshi ga Benkyou wo Oshiete Kureru to Omotta Ore ga Baka Deshita,,可愛い女子が勉強を教えてくれると思った俺がバカでした,Light Novel,58,,2013,https://cdn.myanimelist.net/images/manga/3/128573l.jpg
3183,Kumichou Doushi,Yakuza Godfathers,組長同士,Doujinshi,58,,2013,https://cdn.myanimelist.net/images/manga/3/189720l.jpg
3183,Osananajimi ga Tennen Sugite Seidorei ni Naru to Iidashita Ken,,幼なじみが天然すぎて性奴隷になるといいだした件,Light Novel,58,,2013,https://cdn.myanimelist.net/images/manga/1/168814l.jpg
3183,Princess☆Senryou Gakuen,,プリンセス☆占領学園,Light Novel,58,,2013,https://cdn.myanimelist.net/images/manga/2/142659l.jpg
3183,Seigi no Mikata no Mikata no Mikata,,正義の味方の味方の味方,Light Novel,58,,2013,https://cdn.myanimelist.net/images/manga/2/164535l.jpg
3183,Serifu de Kanjite! Seiyuu Doushi,,セリフで感じて！声優どうし,Light Novel,58,,2013,https://cdn.myanimelist.net/images/manga/2/116953l.jpg
3183,Shin Erodere: Koakuma JK Jurina no Baai,,新エロデレ 小悪魔JK樹里奈の場合,Light Novel,58,,2013,https://cdn.myanimelist.net/images/manga/1/168897l.jpg
3183,Tokumu Sousa Harrassment: Ikiyoi Mesu Debut,,特務捜査ハラスメント 絶頂酔い牝デビュー,Light Novel,58,,2013,https://cdn.myanimelist.net/images/manga/1/170435l.jpg
3183,Toshokan Para Sect,,図書館パラセクト,Light Novel,58,,2013,https://cdn.myanimelist.net/images/manga/2/155590l.jpg
3183,Watashi wo Erande! Ecchi na Miko-san,,わたしを選んでっ！H〈エッチ〉な巫女×3〈さん〉,Light Novel,58,,2013,https://cdn.myanimelist.net/images/manga/1/172581l.jpg
3183,△Danshi,,△男子,Manga,58,,2013,https://cdn.myanimelist.net/images/manga/3/169447l.jpg
3201,7-kakan Kareshi,7days Lover,7日間彼氏,Manga,57,,2013,https://cdn.myanimelist.net/images/manga/1/149061l.jpg
3201,Boukensha Yousei Gakkou D-gumi no Chousen,,冒険者養成学校D組の挑戦,Light Novel,57,,2013,https://cdn.myanimelist.net/images/manga/1/162718l.jpg
3201,Cesare: Hakai no Souzousha Tokubetsu-hen - Futari no Kyoshou,,チェーザレ 破壊の創造者 特別編 二人の巨匠,Manga,57,,2013,https://cdn.myanimelist.net/images/manga/3/320819l.jpg
3201,Gallery and Abacus,,화랑과 주판,Manhwa,57,,2013,https://cdn.myanimelist.net/images/manga/2/126707l.jpg
3201,Imouto-tachi wa Naze Ore no Ue de Koshi wo Furu no ka?,,妹達はなぜ俺の上で腰を振るのか?,Light Novel,57,,2013,https://cdn.myanimelist.net/images/manga/3/170538l.jpg
3201,Juuyou Sankounin Tantei,,重要参考人探偵,Manga,57,,2013,https://cdn.myanimelist.net/images/manga/3/199611l.jpg
3201,Mahou no Tsukaenai Mahoutsukai no Monogatari,,魔法の使えない魔法使いの物語,Light Novel,57,,2013,https://cdn.myanimelist.net/images/manga/1/162652l.jpg
3201,Makai wo Kouryaku shite Maou wo Ero Dorei ni Shitemita,,魔界を攻略して魔王をエロドレイにしてみた,Light Novel,57,,2013,https://cdn.myanimelist.net/images/manga/3/179287l.jpg
3201,Monster Days,,ＭＯＮＳＴＥＲ ＤＡＹＳ,Light Novel,57,,2013,https://cdn.myanimelist.net/images/manga/3/156647l.jpg
3201,Märchen Welt,,メルヒェン ヴェルト,Manga,57,,2013,https://cdn.myanimelist.net/images/manga/3/158011l.jpg
3201,Oniichan ni wa Zettai Ienai Taisetsu na Koto.,,お兄ちゃんにはぜったい言えないたいせつなこと。,Light Novel,57,,2013,https://cdn.myanimelist.net/images/manga/2/168177l.jpg
3201,Picaro,,ピカロ,Manga,57,,2013,https://cdn.myanimelist.net/images/manga/2/184583l.jpg
3201,Ramiel no Densetsu,Legend of Ramiel,レミエルの伝説,Light Novel,57,,2013,https://cdn.myanimelist.net/images/manga/1/164484l.jpg
3201,Shinkyuu Chie no Nekobitashi,Chie Shinkyu's Nekobitashi: The Daily Life of Chie and Her Cats,新久千映のねこびたし,Manga,57,,2013,https://cdn.myanimelist.net/images/manga/2/274143l.jpg
3201,Shirakawa Hisui no Himegoto,,白河氷翠のひめごと,Light Novel,57,,2013,https://cdn.myanimelist.net/images/manga/3/164080l.jpg
3201,Soukou Shoujo wa Osuki desu ka?,Armor Girl,装甲少女はお好きですか？,Light Novel,57,,2013,https://cdn.myanimelist.net/images/manga/3/164658l.jpg
3201,Tekkamen no Ibuki-san,,鉄仮面のイブキさん,Manga,57,,2013,https://cdn.myanimelist.net/images/manga/2/182346l.jpg
3201,Triple Ojousama to Omiai shite Onedari Haramase na Ken,,トリプルお嬢様とお見合いしておねだり孕ませな件,Light Novel,57,,2013,https://cdn.myanimelist.net/images/manga/3/168811l.jpg
3201,Tsun Tsun Ojousama no Dere Yome Shugyou,,ツンツンお嬢様のデレ嫁修行,Light Novel,57,,2013,https://cdn.myanimelist.net/images/manga/2/190981l.jpg
3220,Chigyaku no Mesu-hime,,恥虐の牝姫,Manga,56,,2013,https://cdn.myanimelist.net/images/manga/3/304202l.jpg
3220,Four Seams,,フォーシーム,Manga,56,,2013,https://cdn.myanimelist.net/images/manga/3/194263l.jpg
3220,Gikeiki: Onmyouji Hougen no Musume,,義経鬼～陰陽師法眼の娘～,Manga,56,,2013,https://cdn.myanimelist.net/images/manga/1/296638l.jpg
3220,Hiyoko no Shokudou,,ひよこの食堂,Manga,56,,2013,https://cdn.myanimelist.net/images/manga/2/195379l.jpg
3220,Let's Party!,,Let's パーティー!,Light Novel,56,,2013,https://cdn.myanimelist.net/images/manga/2/160773l.jpg
3220,Love Cross,,ラブクロス,Manga,56,,2013,https://cdn.myanimelist.net/images/manga/1/245793l.jpg
3220,Onsen-bu!,,おんせん部!,Light Novel,56,,2013,https://cdn.myanimelist.net/images/manga/2/124489l.jpg
3220,Ore to Onna Kishi no Naka wo Ohimesama ga Jama wo Suru,,王子（おれ）と女騎士の仲をお姫さまが邪魔をする,Light Novel,56,,2013,https://cdn.myanimelist.net/images/manga/2/168351l.jpg
3220,Osananajimi no Bishimai to Yuuwaku Onsenkyou,,幼馴染みの美姉妹と誘惑温泉郷,Light Novel,56,,2013,https://cdn.myanimelist.net/images/manga/1/169127l.jpg
3220,Seijun Nurse to Houen Joi: Tokimeki no Momoiro Nyuuin Seikatsu,,清純ナースと豊艶女医 ときめきの桃色入院生活,Light Novel,56,,2013,https://cdn.myanimelist.net/images/manga/3/169262l.jpg
3220,Shiden no Yaiba to Doukoku no Keening,,紫電の刃と慟哭の精霊姫(キーニング),Light Novel,56,,2013,https://cdn.myanimelist.net/images/manga/2/124529l.jpg
3220,Shin Fortune Quest II,,新フォーチュン・クエストII,Light Novel,56,,2013,https://cdn.myanimelist.net/images/manga/1/109621l.jpg
3220,Shishunki Syndrome,,思春期シンドローム,Manga,56,,2013,https://cdn.myanimelist.net/images/manga/3/138173l.jpg
3220,Stripe the Panzer,,ストライプ・ザ・パンツァー,Light Novel,56,,2013,https://cdn.myanimelist.net/images/manga/3/163342l.jpg
3220,Tenka Touitsu! Maid Senshuken,,天下統一! メイド選手権,Light Novel,56,,2013,https://cdn.myanimelist.net/images/manga/1/179254l.jpg
3220,"Toaru Ame no Hi, Koakuma Bitch ni Semararete",,とある雨の日、小悪魔ビッチにせまられて,Light Novel,56,,2013,https://cdn.myanimelist.net/images/manga/3/169724l.jpg
3220,Trap You,,TRAP YOU,Manga,56,,2013,https://cdn.myanimelist.net/images/manga/1/232325l.jpg
3220,Triple Ohimesama ga Maid ni Natte Gohoushi Wars na Ken,,トリプルお姫さまがメイドになってご奉仕ウォーズな件,Light Novel,56,,2013,https://cdn.myanimelist.net/images/manga/2/168854l.jpg
3238,Houkago Quartet,,放課後四重奏〈カルテット〉,Light Novel,55,,2013,https://cdn.myanimelist.net/images/manga/1/163474l.jpg
3238,Immoral Koshoten: Kindai Ero Bungaku wo Motto Iyarashiku Yomu Houhou,,インモラル古書店 近代エロ文学をもっといやらしく読む方法,Light Novel,55,,2013,https://cdn.myanimelist.net/images/manga/1/170666l.jpg
3238,Innocent Angel Pure Heart: Hakudaku ni Kegasareru Hatsujou Costume,,聖白天使〈イノセントエンジェル〉ピュアハート 白濁に穢される発情コスチューム,Light Novel,55,,2013,https://cdn.myanimelist.net/images/manga/2/171094l.jpg
3238,Jakuniku Kyoushoku: Modae Naku Joshikousei,,若肉矯食 ―悶え啼く女子高生―,Light Novel,55,,2013,https://cdn.myanimelist.net/images/manga/1/169289l.jpg
3238,Kagirohi Sayaka,,かぎろひさやか,Light Novel,55,,2013,https://cdn.myanimelist.net/images/manga/5/139955l.jpg
3238,Kamisama no Goyounin,,神様の御用人,Novel,55,,2013,https://cdn.myanimelist.net/images/manga/3/239816l.jpg
3238,Kidou Senshi Gundam: Blazing Shadow,Mobile Suit Gundam: Blazing Shadow,機動戦士ガンダム ブレイジングシャドウ,Light Novel,55,,2013,https://cdn.myanimelist.net/images/manga/1/287891l.jpg
3238,Kimitachi,,君達,Doujinshi,55,,2013,https://cdn.myanimelist.net/images/manga/1/308660l.jpg
3238,Koukan Ryuugaku,,好感留学,One-shot,55,,2013,https://cdn.myanimelist.net/img/sp/icon/apple-touch-icon-256.png
3238,Kyuuseishu no Thesis,Messiah Thesis,救世主の命題〈テーゼ〉,Light Novel,55,,2013,https://cdn.myanimelist.net/images/manga/2/176961l.jpg
3238,Mahou Shoujo Ria: Juuyoku ni Hamaru Oyako,,魔法娼女理愛 獣欲に嵌まる母娘,Light Novel,55,,2013,https://cdn.myanimelist.net/images/manga/2/167371l.jpg
3238,Maou Kouhousei-sama wa Oshikake Konyakusha,,魔王候補生様はおしかけ婚約者,Light Novel,55,,2013,https://cdn.myanimelist.net/images/manga/2/153946l.jpg
3238,Nakano Kidnap Company,Far East Kidnapper,中野キッドナップ・カンパニー,Light Novel,55,,2013,https://cdn.myanimelist.net/images/manga/1/163463l.jpg
3238,Nerawareta Joshikousei Shimai: Fushoku no Shissou Chousa,,狙われた女子高生姉妹 腐蝕の失踪調査,Light Novel,55,,2013,https://cdn.myanimelist.net/images/manga/2/169138l.jpg
3238,Re:make,,リメイク,Manga,55,,2013,https://cdn.myanimelist.net/images/manga/2/165193l.jpg
3238,Seikan Yoga Lesson: Yawahada Bijo ni Kakomarete,,性感ヨガレッスン ～柔肌美女に囲まれて～,Light Novel,55,,2013,https://cdn.myanimelist.net/images/manga/1/169148l.jpg
3238,Seishun Elegy's,,青春エレジーズ,Manga,55,,2013,https://cdn.myanimelist.net/images/manga/2/199536l.jpg
3238,Strawberry Time,Sweet strawberry time with you.,すとろべりぃタイム,Manga,55,,2013,https://cdn.myanimelist.net/images/manga/1/305900l.jpg
3238,Youkai Seishun Hakusho: Yukio-kun to Kaoruko-san,,妖怪青春白書 ―雪雄くんと薫子さん―,Light Novel,55,,2013,https://cdn.myanimelist.net/images/manga/2/164667l.jpg
3257,Akuma Iwaku Ore no Yome,,悪魔曰く俺の嫁,Manga,54,,2013,https://cdn.myanimelist.net/images/manga/3/215587l.jpg
3257,Ijimekko Ojousama ni Baigaeshi!? Ijime no Batsu toshite Nandemo shimasu♥,,イジメっ子お嬢様に倍返し!? イジメの罰としてなんでもします♥,Light Novel,54,,2013,https://cdn.myanimelist.net/images/manga/3/184971l.jpg
3257,Joshidaisei no Nichijou,,女子大生の日常,Manga,54,,2013,https://cdn.myanimelist.net/images/manga/3/165690l.jpg
3257,Kanpeki Seitokaichou wa Kousoku Do M!?,,完璧生徒会長は拘束ドM!?,Light Novel,54,,2013,https://cdn.myanimelist.net/images/manga/3/113381l.jpg
3257,Koigokoro Hiroimashita,,恋心ひろいました,Manga,54,,2013,https://cdn.myanimelist.net/images/manga/2/221883l.jpg
3257,Konna Omiai Hansoku desu.,,こんなお見合い反則です｡,Manga,54,,2013,https://cdn.myanimelist.net/images/manga/2/128201l.jpg
3257,Kurenai no Touzoku-hime Leia,Deep red thief Leia,紅の盗賊姫レイア,Light Novel,54,,2013,https://cdn.myanimelist.net/images/manga/1/168957l.jpg
3257,Kurokishi Ou no Tadashi Kaikata,,黒騎士王の正しい飼い方,Light Novel,54,,2013,https://cdn.myanimelist.net/images/manga/3/114999l.jpg
3257,Motemote na Boku wa Sekai made Sukucchaun da ze (Mousou),,モテモテな僕は世界まで救っちゃうんだぜ（妄想）,Light Novel,54,,2013,https://cdn.myanimelist.net/images/manga/3/139521l.jpg
3257,Nanamagari Nanami no Naname na Jijou,,七曲ナナミの斜めな事情,Light Novel,54,,2013,https://cdn.myanimelist.net/images/manga/3/160830l.jpg
3257,"Oh, My God!",,"OH, MY GOD!",Manhwa,54,,2013,https://cdn.myanimelist.net/images/manga/2/292041l.jpg
3257,Reboot,,REBOOT,Manga,54,,2013,https://cdn.myanimelist.net/images/manga/1/227878l.jpg
3257,Seiso na Senki to Kouki na Maou wo Shiiku Choukyou!,,清楚な戦姫と高貴な魔王を飼育調教!,Light Novel,54,,2013,https://cdn.myanimelist.net/images/manga/2/171221l.jpg
3257,Utagawareta Tsuma,Pregnant By the Greek Tycoon,疑われた妻,Manga,54,,2013,https://cdn.myanimelist.net/images/manga/1/230090l.jpg
3257,Zhaohuan Wansui,,召唤万岁,Manhua,54,,2013,https://cdn.myanimelist.net/images/manga/2/305598l.jpg
3272,Aigan Buffet,Petting Buffet,愛玩ビュッフェ,Manga,53,,2013,https://cdn.myanimelist.net/images/manga/2/303342l.jpg
3272,Aira Series,,アイラシーリス,Light Novel,53,,2013,https://cdn.myanimelist.net/images/manga/2/155720l.jpg
3272,Akatsuki no Renka: Hanayome wa Seiya ni Kanaderareru,,暁の恋歌～花嫁は聖夜に奏でられる～,Light Novel,53,,2013,https://cdn.myanimelist.net/images/manga/2/191842l.jpg
3272,Anata wa Ai wo Shinjimasu ka?,Do You Believe in Love?,あなたは愛を信じますか?,Manga,53,,2013,https://cdn.myanimelist.net/images/manga/1/238917l.jpg
3272,Aurora no Ginyoku,,極光ノ銀翼,Manga,53,,2013,https://cdn.myanimelist.net/images/manga/3/166221l.jpg
3272,Baby Doll: Gifu to Gikei ni Ubawareta Yoru,,Baby Doll: 義父と義兄に奪われた夜,Light Novel,53,,2013,https://cdn.myanimelist.net/images/manga/3/181106l.jpg
3272,Chousou: Mada Ningen ja Nai,,鳥葬 -まだ人間じゃない-,Light Novel,53,,2013,https://cdn.myanimelist.net/images/manga/2/120443l.jpg
3272,Death House: Shi no Ie,,デスハウス ―死の家,Manga,53,,2013,https://cdn.myanimelist.net/images/manga/1/269040l.jpg
3272,"Haramase Shuugaku Ryokou: Souda, Kozukuri ni Ikou",,孕ませ修学旅行～そうだ、子作りに行こう～,Light Novel,53,,2013,https://cdn.myanimelist.net/images/manga/2/166289l.jpg
3272,Hero kara Tenshoku Shita Ore no Tsukaima na Seikatsu,,ヒーローから転職した俺の使い魔な生活,Light Novel,53,,2013,https://cdn.myanimelist.net/images/manga/1/164056l.jpg
3272,Inu no Iru Seikatsu,Everyday with A Dog,犬のいる生活,Manga,53,,2013,https://cdn.myanimelist.net/images/manga/2/103679l.jpg
3272,Kaiten no Bahamut Tamer,,壊天の召喚撃退士〈バハムートテイマー〉,Light Novel,53,,2013,https://cdn.myanimelist.net/images/manga/2/151314l.jpg
3272,Kakinsei Kanojo: Kihon Otsukiai wa Muryou desu,,課金制彼女 基本おつきあいは無料です,Light Novel,53,,2013,https://cdn.myanimelist.net/images/manga/1/168745l.jpg
3272,Kidou Senshi Gundam: Na mo Naki Senjou,Mobile Suit Gundam: Nameless Battle,機動戦士ガンダム 名も無き戦場,Manga,53,,2013,https://cdn.myanimelist.net/images/manga/2/318120l.jpg
3272,Kimi ni mo Dekiru! Onnanoko Ipponzuri Manual,,キミにもできる! 女の子一本釣りマニュアル,Light Novel,53,,2013,https://cdn.myanimelist.net/images/manga/3/206163l.jpg
3272,Kirakira Hikaru Uso no Tsubu,Sparkly Grain of Lie,キラキラ光る嘘の粒,Manga,53,,2013,https://cdn.myanimelist.net/images/manga/1/192208l.jpg
3272,Mahou Shoujo Shiken Shoutai,,魔法少女試験小隊,Light Novel,53,,2013,https://cdn.myanimelist.net/images/manga/3/108373l.jpg
3272,Mitsuhaji Mannequin★: Do S Shachou no Kageki na OJT,,蜜辱マネキン★ドS社長の過激なOJT,Manga,53,,2013,https://cdn.myanimelist.net/images/manga/3/128199l.jpg
3272,Nameless Rebellion,,ネームレス・リベリオン,Light Novel,53,,2013,https://cdn.myanimelist.net/images/manga/3/268578l.jpg
3272,Ryoujoku Leotard: Ingoku ni Ochita Joshikousei,,凌辱レオタード ～淫獄に堕ちた女子高生～,Light Novel,53,,2013,https://cdn.myanimelist.net/images/manga/2/169123l.jpg
3272,Seitokaichou no Himitsu♥,,生徒会長の秘蜜♥,Manga,53,,2013,https://cdn.myanimelist.net/images/manga/3/277028l.jpg
3272,Senretsu no Hekatonkheir,,閃烈の神なる御手〈ヘカトンケイル〉,Light Novel,53,,2013,https://cdn.myanimelist.net/images/manga/1/132353l.jpg
3272,Toshi no Sa 15-sai.,,年の差15歳。,Light Novel,53,,2013,https://cdn.myanimelist.net/images/manga/3/158258l.jpg
3272,Triple Ojousama wo Sashiosae!,,トリプルお嬢様を差し押さえ！,Light Novel,53,,2013,https://cdn.myanimelist.net/images/manga/2/154572l.jpg
3296,Hadaka Mantle no Ronriteki Saiban,,裸マントの論理的裁判,Manga,52,,2013,https://cdn.myanimelist.net/images/manga/3/134041l.jpg
3296,Harusora Koushinkyoku,Harusora March,ハルソラ行進曲,Manga,52,,2013,https://cdn.myanimelist.net/images/manga/1/235915l.jpg
3296,Jikan wo Tomete xx Suru Kantan na Oshigoto,,時間を止めて××する簡単なお仕事,Light Novel,52,,2013,https://cdn.myanimelist.net/images/manga/3/169719l.jpg
3296,Kemono no Kanzume,,けもののかんづめ,Light Novel,52,,2013,https://cdn.myanimelist.net/images/manga/2/171827l.jpg
3296,Koibito Program,Lovers Program,恋人プログラム,Manga,52,,2013,https://cdn.myanimelist.net/images/manga/2/255031l.jpg
3296,"Korekara ""Seigi"" no Hanashi wo Shiyou: Ima wo Ikinuku Tame no Seikoui Kouza",,これから『性戯』の話をしよう いまをイキ抜くための性行為講座,Light Novel,52,,2013,https://cdn.myanimelist.net/images/manga/3/140613l.jpg
3296,Mage Oblige,,メイジオブリージュ,Light Novel,52,,2013,https://cdn.myanimelist.net/images/manga/2/163301l.jpg
3296,Ore to Gimai no Naka wo Jitsumai ga Jama wo Suru,,俺と義妹の仲を実妹が邪魔をする,Light Novel,52,,2013,https://cdn.myanimelist.net/images/manga/2/168388l.jpg
3296,Seimei-san wa Ganbaranai,She can't get motivated,晴明さんはがんばらない,Manga,52,,2013,https://cdn.myanimelist.net/images/manga/2/195806l.jpg
3296,"Sekuhara Koukuu 801-bin: Okyaku-sama, Chaku to Belt wo Oshime Kudasai",,セクハラ航空801便~お客様、チャックとベルトをお閉めください~,Manga,52,,2013,https://cdn.myanimelist.net/images/manga/2/128203l.jpg
3296,Senden no Shugo Kishi Niina,Guardian of Lightning Nina,閃電の守護騎士ニィナ,Light Novel,52,,2013,https://cdn.myanimelist.net/images/manga/3/165885l.jpg
3296,Sushi: Kokuu-hen,Sushi Kokuu Hen,寿司 虚空編,Manga,52,,2013,https://cdn.myanimelist.net/images/manga/2/270645l.jpg
3296,Tenshi to Ohimesama no Icha Love Seiryokou!,,天使とお姫さまのイチャラブ性旅行！,Light Novel,52,,2013,https://cdn.myanimelist.net/images/manga/3/168358l.jpg
3296,Toromitsu Shutter Chance: Jokyoushi & Seifuku Shoujo to Himitsu no Satsueikai,,とろ蜜シャッターチャンス 女教師＆制服少女と秘密の撮影会,Light Novel,52,,2013,https://cdn.myanimelist.net/images/manga/2/169263l.jpg
3296,Tsuyu Tsuyu Midnight,,つゆつゆミッドナイト,Manga,52,,2013,https://cdn.myanimelist.net/images/manga/1/104399l.jpg
3296,Yorimichi no Futari,,寄り道のふたり,Manga,52,,2013,https://cdn.myanimelist.net/images/manga/2/167104l.jpg
3312,Aobara no Ouji: Midara na Lesson wa Veil no Kage de,,青薔薇の王子 淫らなレッスンはベールの陰で,Light Novel,51,,2013,https://cdn.myanimelist.net/images/manga/3/181047l.jpg
3312,Hanbun Omocha,,半分玩具,Manga,51,,2013,https://cdn.myanimelist.net/images/manga/3/288683l.jpg
3312,Kyou no Sue,,きょうのスー,Manga,51,,2013,https://cdn.myanimelist.net/images/manga/3/174529l.jpg
3312,Senkou no Whiteout,,閃光のホワイトアウト,Light Novel,51,,2013,https://cdn.myanimelist.net/images/manga/1/108333l.jpg
3312,Shin Erodere: Gokujou Gohoushi Maid Mahiru no Baai,,新エロデレ 極上ご奉仕メイドまひるの場合,Light Novel,51,,2013,https://cdn.myanimelist.net/images/manga/1/168896l.jpg
3312,Shinryaku Mono de,,シンリャクモノデ,Manga,51,,2013,https://cdn.myanimelist.net/images/manga/3/150096l.jpg
3312,Shiranui Monogatari: Hakata Youiki,,しらぬいものがたり～葉華多妖異記～,Manga,51,,2013,https://cdn.myanimelist.net/images/manga/3/139591l.jpg
3312,Suteinu Shoujo ni Chikai no Kiss,,捨て犬少女に誓いのキス,Light Novel,51,,2013,https://cdn.myanimelist.net/images/manga/2/168629l.jpg
3312,Uzukumari Hermit,The Hermit Crouches Down,うずくまりハーミット,Manga,51,,2013,https://cdn.myanimelist.net/images/manga/3/237521l.jpg
3321,Gemini no Koibito,,双子〈ジェミニ〉の恋人,Manga,50,,2013,https://cdn.myanimelist.net/images/manga/1/152282l.jpg
3321,Gichigichi Chou Kousoku: Ori no Naka no Cruz Tera,,ギチギチ超拘束 檻の中の剣姫〈クルステラ〉,Light Novel,50,,2013,https://cdn.myanimelist.net/images/manga/3/169717l.jpg
3321,Hokenshitsu made Nan M? dj - Space,,スペース,Doujinshi,50,,2013,https://cdn.myanimelist.net/images/manga/2/248665l.jpg
3321,Kamen Butoukai wa Koushaku to,His Cavalry Lady,仮面舞踏会は公爵と,Manga,50,,2013,https://cdn.myanimelist.net/images/manga/1/228842l.jpg
3321,Keyaki no Mangadana,Manga BookShelf of the Keyaki,欅のまんが棚,Manga,50,,2013,https://cdn.myanimelist.net/images/manga/2/300914l.jpg
3321,Miyako no Hirune Monogatari,,都の昼寝物語,Manga,50,,2013,https://cdn.myanimelist.net/images/manga/3/168482l.jpg
3321,Neko ni Sayonara,,ネコにさよなら,Manga,50,,2013,https://cdn.myanimelist.net/images/manga/1/246152l.jpg
3321,Nigitte Full Swing,,にぎってフルスイング,Light Novel,50,,2013,https://cdn.myanimelist.net/images/manga/3/168818l.jpg
3321,Souten no Samurai,,蒼天のサムライ,Light Novel,50,,2013,https://cdn.myanimelist.net/images/manga/1/161047l.jpg
3321,Souyoku no Gift,The Gift of Both Wings,双翼のギフト,Manga,50,,2013,https://cdn.myanimelist.net/images/manga/3/165822l.jpg
3321,Suzumin wa Nikushokukei Karyu,,すずみんは肉食系火竜,Light Novel,50,,2013,https://cdn.myanimelist.net/images/manga/3/163872l.jpg
3321,Tatsujinden: 9-manri wo Kaze ni Nori,,達人伝～9万里を風に乗り～,Manga,50,,2013,https://cdn.myanimelist.net/images/manga/1/230006l.jpg
3321,Tokitama♥Mutsu Mutsu,,ときたま♥むつむつ,Manga,50,,2013,https://cdn.myanimelist.net/images/manga/2/248095l.jpg
3321,Toriaezu Share shimasen ka?,Why Don't We Start By Sharing For Now?,とりあえずシェアしませんか?,Manga,50,,2013,https://cdn.myanimelist.net/images/manga/1/236100l.jpg
3335,Do☆Teen!,,DO☆TEEN！,Doujinshi,49,,2013,https://cdn.myanimelist.net/images/manga/2/283462l.jpg
3335,Hajiman: Challenge! Hajimete no Manga,,はじマン チャレンジ！はじめてのマンガ,Manga,49,,2013,https://cdn.myanimelist.net/images/manga/3/271088l.jpg
3335,Hoka ni Riyuu Nante Nai Deshou,What Other Reason Could There Be?,他に理由なんてないでしょう,Manga,49,,2013,https://cdn.myanimelist.net/images/manga/2/276628l.jpg
3335,Horyuusou no Yatsura,,保留荘の奴ら,Manga,49,,2013,https://cdn.myanimelist.net/images/manga/3/207750l.jpg
3335,"Korekara Seitokaichou ni wa, Vam♀pire to H Shite Itadakimasu",,これから生徒会長には、吸血鬼〈ヴァン♀パイア〉とHして頂きます,Light Novel,49,,2013,https://cdn.myanimelist.net/images/manga/3/142731l.jpg
3335,Kuhou Sayuri ga Senkyo Shimasu! Moeru Kusei Jissen Manual,,久宝さゆりがセンキョします！ 萌える区政実践マニュアル,Light Novel,49,,2013,https://cdn.myanimelist.net/images/manga/1/164525l.jpg
3335,Maid wa Tekase Ashikase Gohoushitsuki,,メイドは手枷足枷ご奉仕付き,Light Novel,49,,2013,https://cdn.myanimelist.net/images/manga/1/190659l.jpg
3335,Metal★Nikki,,鋼鉄日記―メタ★にっき―,Manga,49,,2013,https://cdn.myanimelist.net/images/manga/2/192794l.jpg
3335,Motemote na Boku wa Sekai made Sukucchaun da ze (Nyuumon),,モテモテな僕は世界まで救っちゃうんだぜ（入門）,Light Novel,49,,2013,https://cdn.myanimelist.net/images/manga/2/139523l.jpg
3335,Mousou Koukou Kyouin Morishita,,妄想高校教員 森下,Manga,49,,2013,https://cdn.myanimelist.net/images/manga/2/114049l.jpg
3335,Ookami Hakushaku ni Kiss no Gohoubi wo,,狼伯爵にキスのご褒美を,Light Novel,49,,2013,https://cdn.myanimelist.net/images/manga/1/183891l.jpg
3335,Osananajimi to Musubareru no ga Tadashii to wa Kagiranai,,幼馴染と結ばれるのが正しいとは限らない,Manga,49,,2013,https://cdn.myanimelist.net/images/manga/3/242327l.jpg
3335,Princess Pirates: Hakushaku Reijou wa Mitsuai ni Oboreru,,プリンセス・パイレーツ ～伯爵令嬢は蜜愛に溺れる～,Light Novel,49,,2013,https://cdn.myanimelist.net/images/manga/2/187183l.jpg
3335,"Renai Kyoufushou no Boku no Mawari ni, Koibito Kouho Shika Inain desu kedo!",,恋愛恐怖症の僕のまわりに、恋人候補しかいないんですけど!,Light Novel,49,,2013,https://cdn.myanimelist.net/images/manga/2/137849l.jpg
3335,Spo-Kon!: Oaite wa Megami Sanshimai,,スポ婚！ お相手は女神三姉妹,Light Novel,49,,2013,https://cdn.myanimelist.net/images/manga/3/190658l.jpg
3335,Tokkou Jimuin Minowa,,特攻事務員ミノワ,Manga,49,,2013,https://cdn.myanimelist.net/images/manga/1/138417l.jpg
3335,Tsuki no Seiyaku to Gensho no Hime,,月の誓約と原書の姫,Light Novel,49,,2013,https://cdn.myanimelist.net/images/manga/3/123681l.jpg
3335,W.W.W: World Wide War,,Ｗ．Ｗ．Ｗ ワールド・ワイド・ウォー,Light Novel,49,,2013,https://cdn.myanimelist.net/images/manga/3/161091l.jpg
3335,Wand of Fortune,,ワンド オブ フォーチュン,Manga,49,,2013,https://cdn.myanimelist.net/images/manga/1/287712l.jpg
3354,Black Heart Star,,ブラックハートスター,Manga,48,,2013,https://cdn.myanimelist.net/images/manga/1/293786l.jpg
3354,DT to Koigokoro wa Kiku Mimi Motanai.,Love and Virginity Turn a Deaf Ear,DTと恋心は聞く耳持たない。,Manga,48,,2013,https://cdn.myanimelist.net/images/manga/1/255315l.jpg
3354,Dress no Bukishounin to Ikusabana no Kuni,,ドレスの武器商人と戦華の国,Light Novel,48,,2013,https://cdn.myanimelist.net/images/manga/2/162660l.jpg
3354,Junketsu no Hanayome to Itsuwari no Aijou: Ochita Ouji to Shinku no Wana,,純潔の花嫁と偽りの愛情 ～堕ちた王子と真紅の罠～,Light Novel,48,,2013,https://cdn.myanimelist.net/images/manga/2/152806l.jpg
3354,Juusandaime Ishikawa Goemon,,十三代目 石川五ェ門,Manga,48,,2013,https://cdn.myanimelist.net/images/manga/2/299276l.jpg
3354,Milk ga Dechau,Milk Me Dry,ミルクがでちゃう,Manga,48,,2013,https://cdn.myanimelist.net/images/manga/3/286982l.jpg
3354,Okaerinasai Sanagi-san,Welcome back Miss SANAGI,おかえりなさいサナギさん,Manga,48,,2013,https://cdn.myanimelist.net/images/manga/1/149638l.jpg
3354,Penguin no Mondai+,A penguin's troubles+,ペンギンの問題+,Manga,48,,2013,https://cdn.myanimelist.net/images/manga/2/148995l.jpg
3354,Sora no Oto,,そらのおと,Manga,48,,2013,https://cdn.myanimelist.net/images/manga/3/247504l.jpg
3354,Vatican Kiseki Chousakan: Satan no Sabaki,Vatican Miracle Examiner: Satan's Judgment,バチカン奇跡調査官 サタンの裁き,Manga,48,,2013,https://cdn.myanimelist.net/images/manga/3/286992l.jpg
3354,Yume demo Yoshi,It's Fine Even If It's Just a Dream,夢でもよし,Doujinshi,48,,2013,https://cdn.myanimelist.net/images/manga/3/253287l.jpg
3365,Amai Oshioki wo Kimi ni,,甘いおしおきを君に,Light Novel,47,,2013,https://cdn.myanimelist.net/images/manga/1/184799l.jpg
3365,Bakemonodarake,,ばけものだらけ,Manga,47,,2013,https://cdn.myanimelist.net/images/manga/2/202972l.jpg
3365,Daemon no Shokutaku,,悪魔(ダイモン)の食卓,Manga,47,,2013,https://cdn.myanimelist.net/images/manga/1/108793l.jpg
3365,Degen Mädchen EX,,デーゲンメイデンEX,Light Novel,47,,2013,https://cdn.myanimelist.net/images/manga/2/159296l.jpg
3365,Enka to Hanamichi,,エンカとハナミチ,Manga,47,,2013,https://cdn.myanimelist.net/images/manga/1/154801l.jpg
3365,Imouto Aji: Nikushoku Osananajimi or Charisma Seitokaichou,,妹味 ~肉食幼馴染み or カリスマ生徒会長~,Light Novel,47,,2013,https://cdn.myanimelist.net/images/manga/3/258857l.jpg
3365,Iyashi no Tenshi no Iyashii Tenmei: Hyouketsu Futaana Seme no Akumu,,癒しの天使の卑しい天命 ―氷結二穴責めの悪夢―,Light Novel,47,,2013,https://cdn.myanimelist.net/images/manga/2/169723l.jpg
3365,Maze Maker no Capriccio,,迷宮建造師(メイズメーカー)の狂騒曲(カプリチオ),Light Novel,47,,2013,https://cdn.myanimelist.net/images/manga/3/126377l.jpg
3365,Megatoro Ponchi,,めがとろぽんち,One-shot,47,,2013,https://cdn.myanimelist.net/images/manga/3/246113l.jpg
3365,Migawari Maker,,ミガワリメーカー,Manga,47,,2013,https://cdn.myanimelist.net/images/manga/3/164086l.jpg
3365,Seiai Reizoku Ecstasy,,性愛隷属エクスタシー,Manga,47,,2013,https://cdn.myanimelist.net/images/manga/1/238610l.jpg
3365,Tsuki no Ou to Kami no Houseki: Sheikh no Ryakudatsuai,,月の王と神の宝石 ～シークの略奪愛～,Light Novel,47,,2013,https://cdn.myanimelist.net/images/manga/3/153327l.jpg
3365,Vampire Roumanshiki,Vampire Romantic Type,ヴァンパイア 浪漫式,Manga,47,,2013,https://cdn.myanimelist.net/images/manga/2/247095l.jpg
3365,Waga Mai wa Kyuuketsuki de Aru,,我が妹は吸血鬼である,Light Novel,47,,2013,https://cdn.myanimelist.net/images/manga/1/180937l.jpg
3379,Aegigoe wa Oshizuka ni,Keep the Moaning to a Minimum,あえぎ声はお静かに,Manga,46,,2013,https://cdn.myanimelist.net/images/manga/3/270888l.jpg
3379,Boku no Ryouseiguyuu Mechanism,My Androgynous Mechanism,僕の両性具有性周期〈メカニズム〉,Manga,46,,2013,https://cdn.myanimelist.net/images/manga/1/280527l.jpg
3379,Full Scale Summer,,フルスケール・サマー,Light Novel,46,,2013,https://cdn.myanimelist.net/images/manga/1/164705l.jpg
3379,Idol no Virgin wo Flying Get,,アイドルのヴァージンをフライングゲット,Light Novel,46,,2013,https://cdn.myanimelist.net/images/manga/3/140435l.jpg
3379,Kage no Hanayome,,影の花嫁,Light Novel,46,,2013,https://cdn.myanimelist.net/images/manga/1/185341l.jpg
3379,Kasou Tenshi wa Majutsu wo Utau,,仮想天使は魔術を詠(うた)う,Light Novel,46,,2013,https://cdn.myanimelist.net/images/manga/1/103119l.jpg
3379,Kegare Seija no Eque Ce Lethuta,The Eque Ce Lethuta of sinful saint,穢れ聖者のエク・セ・レスタ,Light Novel,46,,2013,https://cdn.myanimelist.net/images/manga/1/162366l.jpg
3379,Majin Fulurie wa Ashita kara Honki Dasu,,魔神フゥリエは明日から本気出す,Light Novel,46,,2013,https://cdn.myanimelist.net/images/manga/1/164084l.jpg
3379,Marufuku Kataomoi Extra,,まるふく片思い #ex.,One-shot,46,,2013,https://cdn.myanimelist.net/images/manga/2/133635l.jpg
3379,Nibelung no Yubiwa,,ニーベルングの指輪,Light Novel,46,,2013,https://cdn.myanimelist.net/images/manga/3/160873l.jpg
3389,Atlantis no Nazo: Fukkatsu no Savila,,アトランチスの謎 復活のザヴィーラ,Light Novel,45,,2013,https://cdn.myanimelist.net/images/manga/1/178556l.jpg
3389,Ginko no Madoguchi,,銀子の窓口,Manga,45,,2013,https://cdn.myanimelist.net/images/manga/2/226324l.jpg
3389,Glass Feet,,GLASS FEET,One-shot,45,,2013,https://cdn.myanimelist.net/images/manga/2/256293l.jpg
3389,Hi no Mizukagami,,緋の水鏡,Light Novel,45,,2013,https://cdn.myanimelist.net/images/manga/3/178558l.jpg
3389,"Kouki na Ojousama wo Katappashi kara Haramasetara, Dou Naru ka?",,高貴なお嬢様を片っ端から孕ませたら、どうなるか？,Light Novel,45,,2013,https://cdn.myanimelist.net/images/manga/3/170115l.jpg
3389,Mitsu no Hane ga Mogareru Toki: Hakudaku ni Somaru Hikari,,三つの羽がもがれるとき ~白濁に染まる光~,Light Novel,45,,2013,https://cdn.myanimelist.net/images/manga/2/169726l.jpg
3389,Thief Sisters: Bijo darake no Kaitoudan,,シーフ・シスターズ 美女だらけの怪盗団,Light Novel,45,,2013,https://cdn.myanimelist.net/images/manga/3/197430l.jpg
3389,Yukimura-kun wa Kyou mo,"Once again, Yukimura is...",幸村くんは今日も,Manga,45,,2013,https://cdn.myanimelist.net/images/manga/3/171805l.jpg
3397,Fushi Kitan Kyuukon: Sennen Shoujo,,不死鬼譚きゅうこん 千年少女,Light Novel,44,,2013,https://cdn.myanimelist.net/images/manga/1/142015l.jpg
3397,Hisareta Yuugi,,秘された遊戯,Light Novel,44,,2013,https://cdn.myanimelist.net/images/manga/2/185338l.jpg
3397,Itakano to Karera no Okashina Mainichi,,イタカノと彼らのおかしな毎日,Light Novel,44,,2013,https://cdn.myanimelist.net/images/manga/1/133169l.jpg
3397,Manga Grimm Douwa: Aohige wo Aishita Onna,The woman who loved the bluebeard duke,まんがグリム童話 青髭を愛した女,Manga,44,,2013,https://cdn.myanimelist.net/images/manga/2/140675l.jpg
3397,Motesuke,,もて介,Manga,44,,2013,https://cdn.myanimelist.net/images/manga/1/130753l.jpg
3397,Shoujo wo Karu Mura,,牝〈少女〉を狩る村,Manga,44,,2013,https://cdn.myanimelist.net/images/manga/1/342575l.jpg
3397,Soutaiteki Iseda-kun,,相対的伊勢田くん,Manga,44,,2013,https://cdn.myanimelist.net/images/manga/1/287845l.jpg
3397,Young Love,Young Love,청춘로맨스,Manhwa,44,,2013,https://cdn.myanimelist.net/images/manga/1/292565l.jpg
3405,Amai Kuchizuke: Yuuwaku sareta Dansou Reijou,,甘いくちづけ～誘惑された男装令嬢～,Light Novel,43,,2013,https://cdn.myanimelist.net/images/manga/2/184069l.jpg
3405,Dondon Saka wo Kaketeku,Hurry on Up the Hill,どんどん 坂を駆けてく,Manga,43,,2013,https://cdn.myanimelist.net/images/manga/3/254078l.jpg
3405,Fighting☆Witch,,ファイティング☆ウィッチ,Light Novel,43,,2013,https://cdn.myanimelist.net/images/manga/2/164824l.jpg
3405,Fuchin Attacker,,不沈アタッカー,Manga,43,,2013,https://cdn.myanimelist.net/images/manga/2/221841l.jpg
3405,Hareru Unicorn,,ハレルユニコーン,Light Novel,43,,2013,https://cdn.myanimelist.net/images/manga/2/126363l.jpg
3405,Himitsu no Umanari: Tokubetsu Lesson♥,,秘密の馬なり特別Lesson♥,One-shot,43,,2013,https://cdn.myanimelist.net/images/manga/2/296069l.jpg
3405,Ingoku ni Ochita Onna-tachi,,淫獄に堕ちた女たち,Light Novel,43,,2013,https://cdn.myanimelist.net/images/manga/3/195970l.jpg
3405,Kaettekita Sachiko-san,,帰ってきたサチコさん,Manga,43,,2013,https://cdn.myanimelist.net/images/manga/3/164416l.jpg
3405,Keetai Shoujo♥ Re:dial,,ケータイ少女♥ Re:dial,Manga,43,,2013,https://cdn.myanimelist.net/images/manga/2/133373l.jpg
3405,Kouen no Crossmagia: Kurueru Ryuu to Saiyaku no Majo,,紅炎のクロスマギア ~狂える竜と災厄の魔女~,Light Novel,43,,2013,https://cdn.myanimelist.net/images/manga/3/120641l.jpg
3405,Koumon-sama: Suke-san no Yuuutsu,,黄門さま～助さんの憂鬱～,Manga,43,,2013,https://cdn.myanimelist.net/images/manga/3/226904l.jpg
3405,Mama Gohoubi,,ママごほうび,One-shot,43,,2013,https://cdn.myanimelist.net/images/manga/1/292655l.jpg
3405,Nisemono Koushu no Koukyuu Jijou,,にせもの公主の後宮事情,Light Novel,43,,2013,https://cdn.myanimelist.net/images/manga/3/153318l.jpg
3405,Tsukumogami wa Seishun wo Motenasa n to Horisu,,つくも神は青春をもてなさんと欲す,Light Novel,43,,2013,https://cdn.myanimelist.net/images/manga/2/147691l.jpg
3419,Diamond no Kuni no Alice: Wonderful Wonder World Anthology,,ダイヤの国のアリス～Wonderful Wonder World～アンソロジー,Manga,42,,2013,https://cdn.myanimelist.net/images/manga/2/282996l.jpg
3419,Gouman Ouji to Secret Love,The Arrogant Prince and Our Secret Love,傲慢王子とシークレットラブ,Manga,42,,2013,https://cdn.myanimelist.net/images/manga/3/287062l.jpg
3419,Juuni-kagetsu no Kekkon,The Twelve-Month Marriage Deal,十二カ月の結婚,Manga,42,,2013,https://cdn.myanimelist.net/images/manga/3/246983l.jpg
3419,Mujihi na Ou ga Kanadeshi wa Toraware no Utahime,,無慈悲な王が奏でしは囚われの歌姫,Light Novel,42,,2013,https://cdn.myanimelist.net/images/manga/1/181238l.jpg
3419,Paradise x Draft,,パラダイス×ドラフト,One-shot,42,,2013,https://cdn.myanimelist.net/images/manga/3/286428l.jpg
3419,Seitokai wa Megami wo Sagashiteru,Where is my goddess!,生徒会は女神をさがしてる。,Manga,42,,2013,https://cdn.myanimelist.net/images/manga/1/230521l.jpg
3419,Vampire Live,,ヴァンパイアライブ,Manga,42,,2013,https://cdn.myanimelist.net/images/manga/2/198114l.jpg
3426,"Bouquet Rouge Aichou Monogatari: Shinku no Heya de, Ouji no Inai ni Someagerarete",,ブーケ・ルージュ愛寵物語 深紅の部屋で、王子の淫愛に染め上げられて,Light Novel,41,,2013,https://cdn.myanimelist.net/images/manga/3/182782l.jpg
3426,Gokujou Ouji no Kyouikugakari: Kougi wa Midara na Mitsu no Aji,,極上王子の教育係 ~講義は淫らな蜜の味~,Light Novel,41,,2013,https://cdn.myanimelist.net/images/manga/3/184025l.jpg
3426,Julia ga Kubittake,Julia Is Crazy,ジュリアが首ったけ,Manga,41,,2013,https://cdn.myanimelist.net/images/manga/1/299155l.jpg
3426,Kutsujoku no Lesson,Practiced Deceiver,屈辱のレッスン,Manga,41,,2013,https://cdn.myanimelist.net/images/manga/2/247275l.jpg
3426,Kuwagata ni Chop shitara Time Slip shita,,クワガタにチョップしたらタイムスリップした,Light Novel,41,,2013,https://cdn.myanimelist.net/images/manga/1/125801l.jpg
3426,Loveless Treasoner,,ラブリストリズナー,Manga,41,,2013,https://cdn.myanimelist.net/images/manga/2/151285l.jpg
3426,Manga Grimm Douwa: Nemureru Mori no Bijo - Himegimi-tachi no Inmu,"A Sleeping Beauty, Indecent Dreams of Princesses",まんがグリム童話 眠れる森の美女~姫君たちの淫夢~,Manga,41,,2013,https://cdn.myanimelist.net/images/manga/1/141809l.jpg
3426,Nakayoshi no Tane,Love Seed,なかよしのたね,Manga,41,,2013,https://cdn.myanimelist.net/images/manga/2/230481l.jpg
3426,Rengoku no Koi,,煉獄の恋,Light Novel,41,,2013,https://cdn.myanimelist.net/images/manga/2/184974l.jpg
3426,Shoukan! Kengou Gakuen,,召喚! 剣豪学園,Manga,41,,2013,https://cdn.myanimelist.net/images/manga/1/281791l.jpg
3426,Slapstick,,スラップスティック,Manga,41,,2013,https://cdn.myanimelist.net/images/manga/2/202395l.jpg
3426,Tantei Appli,,探偵アプリ,Manga,41,,2013,https://cdn.myanimelist.net/images/manga/1/129975l.jpg
3426,Tsundere Voice,Stand-Offish Voice,ツンデレボイス,Manga,41,,2013,https://cdn.myanimelist.net/images/manga/3/331997l.jpg
3426,Zetsumei no Drlacroir,,絶名のドラクロア,Light Novel,41,,2013,https://cdn.myanimelist.net/images/manga/3/181846l.jpg
3440,Busubusu,,ぶすぶす,Manga,40,,2013,https://cdn.myanimelist.net/images/manga/3/154630l.jpg
3440,Inyoku no Kusari ni Tsunagarete,,淫欲の鎖に繋がれて,Light Novel,40,,2013,https://cdn.myanimelist.net/images/manga/1/195864l.jpg
3440,Joshi ni wa Darenimo Ienai Himitsu ga Aru n desu!,,女子には誰にも言えない秘密があるんです！,Light Novel,40,,2013,https://cdn.myanimelist.net/images/manga/2/145225l.jpg
3440,Kataomoi no Hibi,Matilda's Wedding,片思いの日々,Manga,40,,2013,https://cdn.myanimelist.net/images/manga/2/230165l.jpg
3440,"Konya, Dakaretekimasu. Hoka no Otoko ni.",,今夜、抱かれてきます。他の男に。,Manga,40,,2013,https://cdn.myanimelist.net/images/manga/1/128895l.jpg
3440,Lux Solis no Strategist,,ルクス・ソリスの探偵軍師〈ストラテジスト〉,Light Novel,40,,2013,https://cdn.myanimelist.net/images/manga/1/163860l.jpg
3440,Onna Kyoushi Anna,,女教師アンナ,Light Novel,40,,2013,https://cdn.myanimelist.net/images/manga/1/195971l.jpg
3440,Ore ga 4-nin no Oneesan ni Share sareru Koto ni Natta Ken,,オレが4人のお姉さんにシェアされる事になった件,Manga,40,,2013,https://cdn.myanimelist.net/images/manga/3/304385l.jpg
3440,Osakimochi: Ooedo Ayakashi Kitan,,おさきもち〜大江戸妖奇譚〜,Manga,40,,2013,https://cdn.myanimelist.net/images/manga/1/226882l.jpg
3440,Outaishihi no Haitoku no Koi,,王太子妃の背徳の恋,Light Novel,40,,2013,https://cdn.myanimelist.net/images/manga/3/181105l.jpg
3440,Ripoff!,,リップオフ!,Light Novel,40,,2013,https://cdn.myanimelist.net/images/manga/1/171398l.jpg
3440,Shimekiri Gohan,,〆切ごはん,Manga,40,,2013,https://cdn.myanimelist.net/images/manga/3/211404l.jpg
3440,Yousuruni Chikuri-bu desu,,ようするにチクリ部です,Manga,40,,2013,https://cdn.myanimelist.net/images/manga/1/171409l.jpg
3440,Zangyakuou to Ochikobore Hime no Kekkon,,残虐王とおちこぼれ姫の結婚,Light Novel,40,,2013,https://cdn.myanimelist.net/images/manga/3/195015l.jpg
3454,Akuma Otome ni Ijiwaru Tenshi,,悪魔乙女にいじわる天使,Light Novel,39,,2013,https://cdn.myanimelist.net/images/manga/2/181988l.jpg
3454,Bunmei Kaika to Antique: Kirishimadou Kobijutsuten,,文明開化とアンティーク～霧島堂古美術店～,Manga,39,,2013,https://cdn.myanimelist.net/images/manga/3/283041l.jpg
3454,Hashibiro Kazoku,,ハシビロ家族,Manga,39,,2013,https://cdn.myanimelist.net/images/manga/3/231150l.jpg
3454,Ikki: Legend of Takeyari Master,,いっき ーLEGEND OF TAKEYARI MASTERー,Light Novel,39,,2013,https://cdn.myanimelist.net/images/manga/3/178452l.jpg
3454,Itoshi no Saboten,,愛しのサボテン,One-shot,39,,2013,https://cdn.myanimelist.net/images/manga/3/252742l.jpg
3454,Jumokui,Arborist,樹木医,One-shot,39,,2013,https://cdn.myanimelist.net/images/manga/1/293642l.jpg
3454,Meguru Tenshi no Memoir,,巡る天使の走馬燈〈メモワール〉,Light Novel,39,,2013,https://cdn.myanimelist.net/images/manga/3/178444l.jpg
3454,Outo Torikaebaya Monogatari: Dansou Reijou to Ouji,,王都とりかへばや物語 男装令嬢と王子,Light Novel,39,,2013,https://cdn.myanimelist.net/images/manga/1/182387l.jpg
3454,Oyoge! Hinano-chan,,泳げ！ひなのちゃん,Manga,39,,2013,https://cdn.myanimelist.net/images/manga/1/172267l.jpg
3454,SYG: Kanojo wo Sutemasen ka,,SYG -彼女を捨てませんか-,One-shot,39,,2013,https://cdn.myanimelist.net/images/manga/1/296061l.jpg
3464,Anata wo Motto Tabetai no!!,,あなたをもっと食べたいの!!,Light Novel,38,,2013,https://cdn.myanimelist.net/images/manga/1/192303l.jpg
3464,Boku no Kawaii Serena,,僕の可愛いセレーナ,Light Novel,38,,2013,https://cdn.myanimelist.net/images/manga/3/185002l.jpg
3464,Cinderella Lesson,,シンデレラ・レッスン,Light Novel,38,,2013,https://cdn.myanimelist.net/images/manga/3/193048l.jpg
3464,Jikangai no Koibito,Unnoticed and Untouched,時間外の恋人,Manga,38,,2013,https://cdn.myanimelist.net/images/manga/1/229994l.jpg
3464,Kenkaku Taiheiki,,剣客太平記,Manga,38,,2013,https://cdn.myanimelist.net/images/manga/1/174534l.jpg
3464,Manga Grimm Douwa: Himegimi-tachi no Inbi na Shinshitsu,An Indecent Bedroom of Princesses,まんがグリム童話 姫君たちの淫靡な寝室,Manga,38,,2013,https://cdn.myanimelist.net/images/manga/3/142899l.jpg
3464,Manjuku Awabi,,まんじゅくアワビ,Manga,38,,2013,https://cdn.myanimelist.net/images/manga/2/264705l.jpg
3464,Mokuren no Hanayome: Toraware no Reijou wa Amaku Midareru,,木蓮の花嫁 ～囚われの令嬢は甘く乱れる～,Light Novel,38,,2013,https://cdn.myanimelist.net/images/manga/1/187181l.jpg
3464,Mushi Asobi,,虫遊戯〈あそび〉,Manga,38,,2013,https://cdn.myanimelist.net/images/manga/1/309009l.jpg
3464,"Nonomeme, Heartbreak",,ノノメメ、ハートブレイク,Light Novel,38,,2013,https://cdn.myanimelist.net/images/manga/3/171370l.jpg
3464,Tenin-san to Midara ni Koisuru 7-tsu no Houhou,,店員さんとミダラに恋する7つの方法,Manga,38,,2013,https://cdn.myanimelist.net/images/manga/1/294040l.jpg
3464,Uizakura: Muku na Tsubomi wa Yotsuyu ni Nureru,,初桜〈ういざくら〉 無垢な蕾は夜露に濡れる,Light Novel,38,,2013,https://cdn.myanimelist.net/images/manga/1/182918l.jpg
3464,Wonderful Life: Oogataken-kei Danshi no Iru Seikatsu,,ワンダフルライフ 大型犬系男子のいる生活,Doujinshi,38,,2013,https://cdn.myanimelist.net/images/manga/3/297787l.jpg
3477,Aiyoku Choukyou: Ojousama to Toshiue Boukun,,愛欲調教〜お嬢さまと年上暴君〜,Light Novel,37,,2013,https://cdn.myanimelist.net/images/manga/2/192340l.jpg
3477,Amai Kase: Hanabira wa Nido Hirakareru,,甘い枷 花びらは二度ひらかれる,Light Novel,37,,2013,https://cdn.myanimelist.net/images/manga/3/193397l.jpg
3477,Amai Majirai,Sweet Intimacy,甘いマジライ,Manga,37,,2013,https://cdn.myanimelist.net/images/manga/2/293866l.jpg
3477,Amai Yume wo Misasete: Goshujinsama to Ojousama to Watashi,,甘い夢を見させて ご主人様とお嬢様と私,Light Novel,37,,2013,https://cdn.myanimelist.net/images/manga/3/183106l.jpg
3477,Anata ni Ai no Kakuteru wo,,あなたに愛のカクテルを,Light Novel,37,,2013,https://cdn.myanimelist.net/images/manga/1/193054l.jpg
3477,BW: Mahjong Hoshitori Densetsu,,BW ビューティフルワールド 麻雀星取伝説,Manga,37,,2013,https://cdn.myanimelist.net/images/manga/3/248663l.jpg
3477,Dalsez: Lullaby for the Moon,Dalsez: Lullaby for the Moon,달세즈,Manhwa,37,,2013,https://cdn.myanimelist.net/images/manga/3/331675l.jpg
3477,France-jin no Bubu-san: Rikei de My Pace de Tokidoki Otaku na France-jin to no Kokusai Renai,,フランス人のブブさん 理系でマイペースで時々オタクなフランス人との国際恋愛,Manga,37,,2013,https://cdn.myanimelist.net/images/manga/1/189392l.jpg
3477,Invision World,,インヴィジョン・ワールド,Light Novel,37,,2013,https://cdn.myanimelist.net/images/manga/3/200051l.jpg
3477,Kin no Ouji to Dansou no Cinderella: Meiwaku na Hitomebore,,金の王子と男装のシンデレラ ～ 迷惑な一目惚れ ～,Light Novel,37,,2013,https://cdn.myanimelist.net/images/manga/2/186611l.jpg
3477,Konshuu no Kanade-san,,今週のかなでさん,Manga,37,,2013,https://cdn.myanimelist.net/images/manga/2/189894l.jpg
3477,Perfect Wedding: Hakushaku ni Aisareta Hanayome,,パーフェクトウェディング 伯爵に愛された花嫁,Light Novel,37,,2013,https://cdn.myanimelist.net/images/manga/2/182498l.jpg
3477,Sousei no Sousasen: Sayonara wa Bourbon de,Investigation of Disaster,双星の捜査線 ―さよならはバーボンで―,Light Novel,37,,2013,https://cdn.myanimelist.net/images/manga/2/165328l.jpg
3477,Spelunker: Fujimi no Yuusha to Oukoku no Nazo,,スペランカー 不死身の勇者と王国の謎,Light Novel,37,,2013,https://cdn.myanimelist.net/images/manga/2/149597l.jpg
3477,Wasureenu Jounetsu,The Greek Tycoon's Love-Child,忘れえぬ情熱,Manga,37,,2013,https://cdn.myanimelist.net/images/manga/2/229060l.jpg
3477,Yoru to Concrete,,夜とコンクリート,Manga,37,,2013,https://cdn.myanimelist.net/images/manga/1/296343l.jpg
3493,Bound Monsters,,バウンドモンスターズ,Manga,36,,2013,https://cdn.myanimelist.net/images/manga/2/150627l.jpg
3493,Chikai no Mae ni Kiss wo Shite,,誓いの前にキスをして,Light Novel,36,,2013,https://cdn.myanimelist.net/images/manga/1/194625l.jpg
3493,Gaseja!,,ガセジャ！,Light Novel,36,,2013,https://cdn.myanimelist.net/images/manga/3/164118l.jpg
3493,Karei naru Hibi,Jet-Set Wives,華麗なる日々,Manga,36,,2013,https://cdn.myanimelist.net/images/manga/3/228886l.jpg
3493,Kigan Nazobarai: Ayakashi no Koi,,鬼眼謎払い あやかしの恋,Manga,36,,2013,https://cdn.myanimelist.net/images/manga/3/108795l.jpg
3493,Koutaishi Denka no Chouai Lesson: Ushinawareta Koushaku wa Koi wo Shiru,,皇太子殿下の寵愛レッスン 失われた侯爵令嬢は恋を知る,Light Novel,36,,2013,https://cdn.myanimelist.net/images/manga/2/153329l.jpg
3493,Magical☆Mao,,まじかる☆マオ,Light Novel,36,,2013,https://cdn.myanimelist.net/images/manga/3/140469l.jpg
3493,Onzoushi-sama no Kyuuai Kiss,,御曹司様の求愛キス,Manga,36,,2013,https://cdn.myanimelist.net/images/manga/2/276679l.jpg
3493,Oyako no Utage,,母娘〈おやこ〉の淫宴〈うたげ〉,Manga,36,,2013,https://cdn.myanimelist.net/images/manga/1/312604l.jpg
3493,Rokudenashi no Aishikata,,ろくでなしの愛し方,Manga,36,,2013,https://cdn.myanimelist.net/images/manga/2/240292l.jpg
3493,Satori no Koma,,覚の駒,Manga,36,,2013,https://cdn.myanimelist.net/images/manga/3/236708l.jpg
3493,"Shikoutei, Nihon ni Tatsu!",,始皇帝、日本に起つ!,Light Novel,36,,2013,https://cdn.myanimelist.net/images/manga/3/126339l.jpg
3493,Soutarou no Shucchou Bocchi Meshi,,創太郎の出張ぼっちめし,Manga,36,,2013,https://cdn.myanimelist.net/images/manga/3/243097l.jpg
3493,Tokusen Sukimono BL,,特選スキモノBL,Manga,36,,2013,https://cdn.myanimelist.net/images/manga/2/282774l.jpg
3493,Watashi dake no Amaama Dekiai Hero,,わたしだけの甘々溺愛ヒーロー,Light Novel,36,,2013,https://cdn.myanimelist.net/images/manga/2/194637l.jpg
3493,What's Wrong with Secretary Kim?,What's Wrong with Secretary Kim?,김 비서가 왜 그럴까,Novel,36,,2013,https://cdn.myanimelist.net/images/manga/3/304225l.jpg
3493,White Tiger: Byakkotai Seibu Kaitakutan,White Tiger,White Tiger～白虎隊西部開拓譚～,Manga,36,,2013,https://cdn.myanimelist.net/images/manga/3/265728l.jpg
3493,Yaban de Kouki na Kyuukonsha,,野蛮で高貴な求婚者,Light Novel,36,,2013,https://cdn.myanimelist.net/images/manga/2/192341l.jpg
3511,Haitoku no Rakuin,The Salvatore Marriage,背徳の烙印,Manga,35,,2013,https://cdn.myanimelist.net/images/manga/1/247153l.jpg
3511,Iron Acguy,,アイアンアッガイ,Manga,35,,2013,https://cdn.myanimelist.net/images/manga/1/324399l.jpg
3511,Jitensha Danshi ni Koi wo Shita,I Fell in Love with a Bicycle Boy,自転車男子に恋をした,Manga,35,,2013,https://cdn.myanimelist.net/images/manga/1/183763l.jpg
3511,Kirakira Hikaru Sekai no Iro,,キラキラひかる世界の色,Doujinshi,35,,2013,https://cdn.myanimelist.net/images/manga/1/168907l.jpg
3511,Koibito wa Oresama Sakka!?,,恋人はオレ様作家!?,Light Novel,35,,2013,https://cdn.myanimelist.net/images/manga/1/153346l.jpg
3511,Mangaka-sensei no Assistant-kun,The Manga Artist's Assistant,マンガ家先生のアシスタントくん,Manga,35,,2013,https://cdn.myanimelist.net/images/manga/1/281213l.jpg
3511,Ninshin 17-kagetsu!: 40-dai de Haha ni Naru!,,妊娠17ヵ月! 40代で母になる!,Manga,35,,2013,https://cdn.myanimelist.net/images/manga/3/149501l.jpg
3511,Ryoshuu,,虜囚,Light Novel,35,,2013,https://cdn.myanimelist.net/images/manga/1/184858l.jpg
3511,Shunin no Ichinose-san,,主任の一ノ瀬さん,Manga,35,,2013,https://cdn.myanimelist.net/images/manga/1/195324l.jpg
3511,Souai Ero-ki,Pure Love's Sexy Time,相愛えろ期,Manga,35,,2013,https://cdn.myanimelist.net/images/manga/1/313701l.jpg
3511,The Restorer's Home,The Restorer's Home,복원가의 집,Manhwa,35,,2013,https://cdn.myanimelist.net/images/manga/2/317363l.jpg
3511,Youko Wedding!,,妖狐Wedding!,Manga,35,,2013,https://cdn.myanimelist.net/images/manga/1/214898l.jpg
3523,200-nen no Yoru to Kodoku: Ohitorisama Kyuuketsuki,,200年の夜と孤独～おひとりさま吸血鬼～,Manga,34,,2013,https://cdn.myanimelist.net/images/manga/3/253763l.jpg
3523,Ai no Monogatari no Ketsumatsu wa?,His Brother's Child,愛の物語の結末は?,Manga,34,,2013,https://cdn.myanimelist.net/images/manga/3/247199l.jpg
3523,Ani to Otouto no Niizuma Shoya Kentei,,兄と弟の新妻初夜検定,Light Novel,34,,2013,https://cdn.myanimelist.net/images/manga/3/198136l.jpg
3523,Canis: Dear Hatter,Canis: Dear Hatter,CANIS-Dear Hatter-,Manga,34,,2013,https://cdn.myanimelist.net/images/manga/3/350013l.jpg
3523,Cult no Omoide,Memories of Cult,カルトの思い出,Manga,34,,2013,https://cdn.myanimelist.net/images/manga/3/167486l.jpg
3523,Da Vinci-kei Joshikousei,,ダ・ヴィンチ系女子高生,Manga,34,,2013,https://cdn.myanimelist.net/images/manga/1/164357l.jpg
3523,Do S Shachou no Dorei: Gaman Dekinai Zecchou Game♥,,ドＳ社長の奴隷 ～我慢できない絶頂ゲームｖ～,Light Novel,34,,2013,https://cdn.myanimelist.net/images/manga/3/192329l.jpg
3523,Hikaru Genji to Fukigen na Hanayome: Hatsukoi wa Aoi no Himegoto,,光源氏と不機嫌な花嫁 初恋は葵の秘めごと,Light Novel,34,,2013,https://cdn.myanimelist.net/images/manga/1/184021l.jpg
3523,Koisuru Mahou: Kimi wo Hitorijime,,恋する魔法 ～キミを独り占め～,Light Novel,34,,2013,https://cdn.myanimelist.net/images/manga/3/194587l.jpg
3523,Kono Yo no Futari,,この世のふたり,Manga,34,,2013,https://cdn.myanimelist.net/images/manga/1/254378l.jpg
3523,Koori no Hakushaku: Muku naru Otome wa Ai ni Madou,,氷の伯爵～無垢なる乙女は愛に惑う～,Light Novel,34,,2013,https://cdn.myanimelist.net/images/manga/3/191888l.jpg
3523,Mori no Naka Shoten Tsurezure,,森の中書店つれづれ,Manga,34,,2013,https://cdn.myanimelist.net/images/manga/2/193296l.jpg
3523,Neko Enikki,,猫絵日記,Manga,34,,2013,https://cdn.myanimelist.net/images/manga/3/254379l.jpg
3523,Neko Rutsubo,Cat Melting Pot,ねこるつぼ,Manga,34,,2013,https://cdn.myanimelist.net/images/manga/1/323647l.jpg
3523,Oujisama no Neko,,王子様の猫,Light Novel,34,,2013,https://cdn.myanimelist.net/images/manga/3/185686l.jpg
3523,Shitsuji no Mitsuai ni Hanayome wa Aegu: Tebukuro wo Nuida Midara na Yubi,,執事の蜜愛に花嫁は喘ぐ 手袋を脱いだ淫らな指,Light Novel,34,,2013,https://cdn.myanimelist.net/images/manga/3/184068l.jpg
3523,Ubawareta Konyaku,,奪われた婚約,Light Novel,34,,2013,https://cdn.myanimelist.net/images/manga/1/181168l.jpg
3523,Yakusoku Tsukai! Nora Pom Pom no Oyakusoku,,約束使い！ ノーラ・ポムポムのお約束,Light Novel,34,,2013,https://cdn.myanimelist.net/images/manga/3/169838l.jpg
3541,Dannasama no Ijou na Aijou,,旦那さまの異常な愛情,Light Novel,33,,2013,https://cdn.myanimelist.net/images/manga/2/185542l.jpg
3541,Hanayome no Tamerai,The Bride Prize,花嫁のためらい,Manga,33,,2013,https://cdn.myanimelist.net/images/manga/1/206975l.jpg
3541,Hime wa Amayaka ni Saki Nureru: Sakura no Kuni Monogatari,,姫は甘やかに咲き濡れる～桜ノ國物語～,Light Novel,33,,2013,https://cdn.myanimelist.net/images/manga/2/184070l.jpg
3541,Honey Days Honey Marriage,,ハニーデイズ・ハニーマリアージュ,Light Novel,33,,2013,https://cdn.myanimelist.net/images/manga/2/182804l.jpg
3541,Hospi Meshi 2nd Season,,ホスピめし 2nd season,Manga,33,,2013,https://cdn.myanimelist.net/images/manga/1/231277l.jpg
3541,Kankin,,監禁,Light Novel,33,,2013,https://cdn.myanimelist.net/images/manga/2/185850l.jpg
3541,Kawareta Hatsukoi wa Mitsugetsu ni Oboreru,,買われた初恋は蜜月に溺れる,Light Novel,33,,2013,https://cdn.myanimelist.net/images/manga/3/184022l.jpg
3541,Koishita Kokoro,,コイシタココロ,Manga,33,,2013,https://cdn.myanimelist.net/images/manga/1/241586l.jpg
3541,Kokuyou no Kishi Hime: Gekka no Tsurgi wa Taorarete,,黒曜の騎士姫 ～月花の剣は手折られて～,Light Novel,33,,2013,https://cdn.myanimelist.net/images/manga/1/153328l.jpg
3541,"Koukyuu Hitan: Koutei no Mitsuai, Koukei no Mitsuai",,後宮秘譚 皇帝の蜜愛、皇兄の密愛,Light Novel,33,,2013,https://cdn.myanimelist.net/images/manga/2/181319l.jpg
3541,Masurao: Hihon Gikeiki - Oohime Aisouka,,ますらお 秘本義経記 大姫哀想歌,Manga,33,,2013,https://cdn.myanimelist.net/images/manga/3/234243l.jpg
3541,Neko no Te wa Karinai!,,猫の手はかりない！,Manga,33,,2013,https://cdn.myanimelist.net/images/manga/2/204476l.jpg
3541,Ookami Shounen wa Uso wo Tsukanai,A Boy Who Cried Wolf Won't Tell a Lie.,狼少年は嘘をつかない,Manga,33,,2013,https://cdn.myanimelist.net/images/manga/3/247563l.jpg
3541,Proposal wa Hanakanmuri de: Gin no Koushaku to Yumemiru Reijou,,プロポーズは花冠で～銀の公爵と夢みる令嬢～,Light Novel,33,,2013,https://cdn.myanimelist.net/images/manga/1/184121l.jpg
3541,Q no Keifu,The Genealogy of Q,Qの系譜,Manga,33,,2013,https://cdn.myanimelist.net/images/manga/1/215586l.jpg
3541,Reijou wa Hanakago ni Torawareru,,令嬢は花籠に囚われる,Light Novel,33,,2013,https://cdn.myanimelist.net/images/manga/2/185683l.jpg
3541,Rinjin wa Mayonaka ni Piano wo Hiku,The neighbor plays the piano around midnight,隣人は真夜中にピアノを弾く,Light Novel,33,,2013,https://cdn.myanimelist.net/images/manga/2/178095l.jpg
3541,Shokushu ni Nomare Shimai wa Warau,,触手に呑まれ姉妹は嗤う,Light Novel,33,,2013,https://cdn.myanimelist.net/images/manga/1/169714l.jpg
3541,Taihai Euphoria,,退廃ユーフォリア,Manga,33,,2013,https://cdn.myanimelist.net/images/manga/2/327132l.jpg
3541,The Fog,The Fog,연무,Manhwa,33,,2013,https://cdn.myanimelist.net/images/manga/2/332669l.jpg
3541,Tsugunai no Wedding: Bara ga Hada wo Someru Toki,,償いのウェディング～薔薇が肌を染めるとき～,Light Novel,33,,2013,https://cdn.myanimelist.net/images/manga/1/183989l.jpg
3562,Furachi na Romance Shousetsu no Kakikata,,不埒なロマンス小説の書き方,Light Novel,32,,2013,https://cdn.myanimelist.net/images/manga/3/183889l.jpg
3562,Gekiai♥Choukyou Romanesque: Hakushaku-sama to Tear Drop,,激愛♥調教ロマネスク 伯爵様とティアドロップ,Light Novel,32,,2013,https://cdn.myanimelist.net/images/manga/2/183334l.jpg
3562,Hana wa Koukyuu ni Moyuru: Ryuuou wa Kihi wo Nurasu,,花は後宮に燃ゆる 龍王は貴妃を濡らす,Light Novel,32,,2013,https://cdn.myanimelist.net/images/manga/3/183990l.jpg
3562,Haru no Hitoe,Single Petaled of Spring,春の一重,Manga,32,,2013,https://cdn.myanimelist.net/images/manga/1/321696l.jpg
3562,Koutei Heika,,皇帝陛下,Light Novel,32,,2013,https://cdn.myanimelist.net/images/manga/3/183055l.jpg
3562,Kuso Neko Shirou,,クソ猫シロー,Manga,32,,2013,https://cdn.myanimelist.net/images/manga/1/171675l.jpg
3562,Mangaka Soushingeki,,まんが家総進撃,Manga,32,,2013,https://cdn.myanimelist.net/images/manga/3/229946l.jpg
3562,S no Shouzou,,Sの肖像,One-shot,32,,2013,https://cdn.myanimelist.net/images/manga/2/109273l.jpg
3562,Shuuai no Kusari,,執愛の鎖,Light Novel,32,,2013,https://cdn.myanimelist.net/images/manga/1/185111l.jpg
3562,Tenshi wo Hirotta Yoru,Royal's Child,天使を拾った夜,Manga,32,,2013,https://cdn.myanimelist.net/images/manga/3/247161l.jpg
3562,The Beast Kingdom,,ザ ビーストキングダム,Manga,32,,2013,https://cdn.myanimelist.net/images/manga/2/123787l.jpg
3562,Tokumei OL Abakareta Himitsu,,特命OL暴かれた秘蜜,Light Novel,32,,2013,https://cdn.myanimelist.net/images/manga/3/195937l.jpg
3574,Bijo wa Tensai ga Osuki,Beauty and the Brain,美女は天才がお好き,Manga,31,,2013,https://cdn.myanimelist.net/images/manga/2/247025l.jpg
3574,Cinderella no Kako,The Secret Sinclair,シンデレラの過去,Manga,31,,2013,https://cdn.myanimelist.net/images/manga/2/230187l.jpg
3574,Gekokujou ni Chousen!,,下克上に挑戦!,Doujinshi,31,,2013,https://cdn.myanimelist.net/images/manga/2/299387l.jpg
3574,Harem Romance: Meikyuuden no Toraware Hanayome,,ハーレム・ロマンス ～ 迷宮殿の囚われ花嫁 ～,Light Novel,31,,2013,https://cdn.myanimelist.net/images/manga/3/187009l.jpg
3574,Isshuukan no Toriko: Ai wo Kureta Kankin Kyuuseishu,,一週間の虜 ～愛をくれた監禁救世主～,Light Novel,31,,2013,https://cdn.myanimelist.net/images/manga/3/194641l.jpg
3574,Itsuka Oujisama ga: Grandier Koushaku no Yuigon,,いつか王子様が ～グランディエ公爵の遺言～,Light Novel,31,,2013,https://cdn.myanimelist.net/images/manga/1/187014l.jpg
3574,Kaimetsu Kishidan to Toraware no Otome,The Destruction Knights and the Captured Maiden,壊滅騎士団と捕らわれの乙女,Light Novel,31,,2013,https://cdn.myanimelist.net/images/manga/2/219670l.jpg
3574,Kimi ni Hitamuki,,君にひたむき,Manga,31,,2013,https://cdn.myanimelist.net/images/manga/3/288472l.jpg
3574,Ouritsu Gakuen Concertino: Netsujou to Inbou no Kyousoukyoku,,王立学園コンチェルティーノ 熱情と陰謀の協奏曲,Light Novel,31,,2013,https://cdn.myanimelist.net/images/manga/2/191876l.jpg
3574,Shouta no Sushi 2: World Stage,,将太の寿司2 World Stage,Manga,31,,2013,https://cdn.myanimelist.net/images/manga/2/293698l.jpg
3574,Tenyuu no Kira-hime,,天佑の綺羅姫,Light Novel,31,,2013,https://cdn.myanimelist.net/images/manga/2/153345l.jpg
3574,The Queen: A Silent Classroom,The Queen: A Silent Classroom,더 퀸: 침묵의 교실,Manhwa,31,,2013,https://cdn.myanimelist.net/images/manga/1/332908l.jpg
3574,Toshokan de Moteasobarete: Chikan Bishounen no Amai Yubisaki,,図書館で玩ばれて～痴漢美少年の甘い指先～,Light Novel,31,,2013,https://cdn.myanimelist.net/images/manga/3/194627l.jpg
3587,Chouai no Kase,,寵愛の枷,Light Novel,30,,2013,https://cdn.myanimelist.net/images/manga/2/184856l.jpg
3587,Donketsu Gaiden,,ドンケツ外伝,Manga,30,,2013,https://cdn.myanimelist.net/images/manga/2/234191l.jpg
3587,Eyes: Aishuu no Shisen,,EYES―愛囚の視線,Light Novel,30,,2013,https://cdn.myanimelist.net/images/manga/3/193094l.jpg
3587,Futago Ouji no Amai Kyuukon: Emerald no Mitsuai,,双子王子の甘い求婚 ～エメラルドの蜜愛～,Light Novel,30,,2013,https://cdn.myanimelist.net/images/manga/3/192333l.jpg
3587,Godspeed 0.1,,GODSPEED 0.1,One-shot,30,,2013,https://cdn.myanimelist.net/images/manga/3/335916l.jpg
3587,Goshujinsama no Okiniiri: Dansou Juusha wa Amaku Dekiai sareru,,ご主人様のお気に入り 男装従者は甘く溺愛される,Light Novel,30,,2013,https://cdn.myanimelist.net/images/manga/3/183064l.jpg
3587,Hana Chirasu Kaze: Itsukimiya wa Tsuyumitsu ni Nurete,,花散らす風～斎いつき宮は露蜜に濡れて～,Light Novel,30,,2013,https://cdn.myanimelist.net/images/manga/2/183992l.jpg
3587,Hanayome wa Mitsu ni Oborete: Hakushaku no Wana,,花嫁は蜜に溺れて ～伯爵の罠～,Light Novel,30,,2013,https://cdn.myanimelist.net/images/manga/1/192328l.jpg
3587,Hoshikuzu-hime to Kudokima Ouji,,星屑姫と口説き魔王子,Light Novel,30,,2013,https://cdn.myanimelist.net/images/manga/3/183941l.jpg
3587,Hyouhyou,,ひょうひょう,Manga,30,,2013,https://cdn.myanimelist.net/images/manga/2/321058l.jpg
3587,"Inari Ouji no Gouin Kyuuai: Koishite, Aishite, Heian Emaki!",,稲荷皇子の強引求愛～恋して、愛して、平安絵巻！～,Light Novel,30,,2013,https://cdn.myanimelist.net/images/manga/3/192576l.jpg
3587,Kannou Shousetsuka no H na Iitsuke,,官能小説家のＨないいつけ,Light Novel,30,,2013,https://cdn.myanimelist.net/images/manga/2/192346l.jpg
3587,"Kindan 4P, Senpai no Ecchi na Koe de Nurechatta.",,禁断４Ｐ、先輩のエッチな声で濡れちゃった。,Light Novel,30,,2013,https://cdn.myanimelist.net/images/manga/3/193934l.jpg
3587,Kinjiraretemo Itoshikute,,禁じられても愛しくて,Light Novel,30,,2013,https://cdn.myanimelist.net/images/manga/1/195972l.jpg
3587,Koutetsu no Majo Annerose: Ingyaku no Mashoufu,,鋼鉄の魔女アンネローゼ～淫虐の魔娼婦～,Manga,30,,2013,https://cdn.myanimelist.net/images/manga/1/321945l.jpg
3587,Otome Ariadne to Koi no Meikyuu,,乙女アリアドネと恋の迷宮,Light Novel,30,,2013,https://cdn.myanimelist.net/images/manga/2/187011l.jpg
3587,Oyomesan ni Shite Ageru,,お嫁さんにしてあげる,Light Novel,30,,2013,https://cdn.myanimelist.net/images/manga/3/194588l.jpg
3587,Renai Meiro de Kiken na Kaori,,恋愛迷路で危険な香り,Light Novel,30,,2013,https://cdn.myanimelist.net/images/manga/3/195936l.jpg
3587,Seishun Vocaloid Kumikyoku: Vocaloid Comic Selection,,青春ボカロ組曲 ボカロコミックSELECTION,Manga,30,,2013,https://cdn.myanimelist.net/images/manga/3/298531l.jpg
3587,Shura no Hanayome: Hikisakareta Biniku,,修羅の花嫁 引き裂かれた媚肉,Light Novel,30,,2013,https://cdn.myanimelist.net/images/manga/3/195849l.jpg
3587,Sugar x Sugar x Honeymoon,,シュガー×シュガー×ハネムーン,Light Novel,30,,2013,https://cdn.myanimelist.net/images/manga/1/181046l.jpg
3587,Torikago no Himegimi: Zankoku na Kishi no Mekurumeku Yoru,,鳥籠の姫君～残酷な騎士のめくるめく夜～,Light Novel,30,,2013,https://cdn.myanimelist.net/images/manga/3/183942l.jpg
3587,Ubawareta Cinderella: Kodoku na Koushaku wa Ai wo Shitte,,奪われたシンデレラ 孤独な公爵は愛を知って,Light Novel,30,,2013,https://cdn.myanimelist.net/images/manga/3/182571l.jpg
3587,Ura Massage-ki no Kaikan Aesthetic: Love Machine wo Jitsuen Hanbai de,,裏マッサージ器の快感エステ ラブマシンを実演販売で,Light Novel,30,,2013,https://cdn.myanimelist.net/images/manga/2/198134l.jpg
3587,Yajuu wa Tasogare no Mori de Ai ni Deau,,野獣は黄昏の森で愛に出逢う,Light Novel,30,,2013,https://cdn.myanimelist.net/images/manga/3/183940l.jpg
3587,Yuuga na Outaishi to Dansou no Hime no Kekkon,,優雅な王太子と男装の姫の結婚,Light Novel,30,,2013,https://cdn.myanimelist.net/images/manga/2/195016l.jpg
3613,Chiisaku Tomoru,,ちいさくともる,Manga,29,,2013,https://cdn.myanimelist.net/images/manga/3/286002l.jpg
3613,Gensui Ouji no Hanayome,,元帥皇子の花嫁,Light Novel,29,,2013,https://cdn.myanimelist.net/images/manga/3/183469l.jpg
3613,Hikoi: Ouji ga Aishita Dansou Hanayome,,秘恋 皇子が愛した男装花嫁,Light Novel,29,,2013,https://cdn.myanimelist.net/images/manga/3/183424l.jpg
3613,"Hold Up, Hold Me","Hold Up, Hold Me","Hold up, Hold me",Manga,29,,2013,https://cdn.myanimelist.net/images/manga/1/292018l.jpg
3613,Kirai ni Narenai (Kari),,きらいになれない(仮),Manga,29,,2013,https://cdn.myanimelist.net/images/manga/1/256807l.jpg
3613,Kyou wa Shinu noni Mottekoi no Hi,It Is a Good Day to Die,今日は死ぬのにもってこいの日,Manga,29,,2013,https://cdn.myanimelist.net/images/manga/3/301544l.jpg
3613,Kyuutei Butoukai no Cinderella: Oujisama to Himeyaka na Lesson wo,,宮廷舞踏会のシンデレラ 王子様と秘めやかなレッスンを,Light Novel,29,,2013,https://cdn.myanimelist.net/images/manga/3/183147l.jpg
3613,Love Toy: Anata no Omocha,,ラブ・トイ～あなたのおもちゃ～,Light Novel,29,,2013,https://cdn.myanimelist.net/images/manga/3/194590l.jpg
3613,Ningyou-hime☆Kyuukon Monogatari,,人形姫☆求婚物語,Light Novel,29,,2013,https://cdn.myanimelist.net/images/manga/1/183598l.jpg
3613,Red Bull,,RED BULL,Doujinshi,29,,2013,https://cdn.myanimelist.net/images/manga/2/239327l.jpg
3613,Rifujin na Futari,,りふじんなふたり,Manga,29,,2013,https://cdn.myanimelist.net/images/manga/3/216307l.jpg
3613,Seinaru Otome no Midara na Tsumi,,聖なる乙女の淫らな罪,Light Novel,29,,2013,https://cdn.myanimelist.net/images/manga/2/192300l.jpg
3613,Unmei no Proposal: Sannin no Ouji to Shintaku no Hanayome,,運命のプロポーズ ～三人の王子と神託の花嫁～,Light Novel,29,,2013,https://cdn.myanimelist.net/images/manga/1/195014l.jpg
3613,Wasurena-hime to Kuro no Kishi: Midara na Karada wa Amai Yume ni Aegu,,忘れな姫と黒の騎士 ～淫らな身体は甘い夢に喘ぐ～,Light Novel,29,,2013,https://cdn.myanimelist.net/images/manga/3/187180l.jpg
3627,Doredake Amai Scenario datte,,どれだけ甘いシナリオだって,Manga,28,,2013,https://cdn.myanimelist.net/images/manga/2/184544l.jpg
3627,Gohoubi wo Ageru: Idol to Aisare Ecchi,,ご褒美をあげる ～アイドルと愛されえっち～,Light Novel,28,,2013,https://cdn.myanimelist.net/images/manga/2/192332l.jpg
3627,Kamen no Kyuuai,,仮面の求愛,Light Novel,28,,2013,https://cdn.myanimelist.net/images/manga/1/185679l.jpg
3627,Kannou Shoujo,,官能少女,Light Novel,28,,2013,https://cdn.myanimelist.net/images/manga/1/192974l.jpg
3627,Kinsei Tokkyuu Gaiden,,金星特急・外伝,Light Novel,28,,2013,https://cdn.myanimelist.net/images/manga/2/240233l.jpg
3627,Koi wa Gouin ni,The Reluctant Fiancee,恋は強引に,Manga,28,,2013,https://cdn.myanimelist.net/images/manga/1/247072l.jpg
3627,Konmei Shakai no Kosodate Mondou: Ikumon!,,混迷社会の子育て問答 いくもん！,Manga,28,,2013,https://cdn.myanimelist.net/images/manga/3/167134l.jpg
3627,Koushaku-sama to Watakushi no Koubou,,侯爵様と私の攻防,Light Novel,28,,2013,https://cdn.myanimelist.net/images/manga/3/185342l.jpg
3627,Koutei no Kyuukon: Koi wa Midara na Gishiki kara,,皇帝の求婚 恋は淫らな儀式から,Light Novel,28,,2013,https://cdn.myanimelist.net/images/manga/3/181318l.jpg
3627,Oujo to Dorei: Toriko no Hime wa Gouman na Shita ni Oboreru,,王女と奴隷 虜の姫は傲慢な舌に溺れる,Light Novel,28,,2013,https://cdn.myanimelist.net/images/manga/3/184499l.jpg
3627,Shinitagari to Hibari,,死にたがりと雲雀,Manga,28,,2013,https://cdn.myanimelist.net/images/manga/1/294785l.jpg
3627,Shitsuji M,,執事M,Manga,28,,2013,https://cdn.myanimelist.net/images/manga/1/241652l.jpg
3627,Tokyo Counselor,,東京カウンセラー,Manga,28,,2013,https://cdn.myanimelist.net/images/manga/2/234586l.jpg
3627,Watashi wo Shibatte Kudasai Norowareta DVD,,私を縛ってください 呪われたDVD,Light Novel,28,,2013,https://cdn.myanimelist.net/images/manga/3/144897l.jpg
3641,Gekiai Harem: Sultan to Migawari Koujo,,激愛ハレム スルタンと身代わり皇女,Light Novel,27,,2013,https://cdn.myanimelist.net/images/manga/3/182389l.jpg
3641,Gunshi x Kanojo,,軍師×彼女,Manga,27,,2013,https://cdn.myanimelist.net/images/manga/2/202973l.jpg
3641,Hinaasobi,,雛遊び,Light Novel,27,,2013,https://cdn.myanimelist.net/images/manga/1/183988l.jpg
3641,How to Hug an Elephant,,코끼리를 끌어안는 방법,Manhwa,27,,2013,https://cdn.myanimelist.net/images/manga/1/288349l.jpg
3641,"Jimi ni, Medatazu, Koishiteru.",,地味に、目立たず、恋してる。,Light Novel,27,,2013,https://cdn.myanimelist.net/images/manga/1/192975l.jpg
3641,Junjou Butterfly,,純情バタフライ,Manga,27,,2013,https://cdn.myanimelist.net/images/manga/3/213359l.jpg
3641,Kankinjou: Tsumetaku Amai Himitsu no Kiss,,監禁城～冷たく甘い秘密のキス～,Light Novel,27,,2013,https://cdn.myanimelist.net/images/manga/2/191853l.jpg
3641,"Kedamono Joushi, Choukyou shimasu!",,獣上司、調教します！,Light Novel,27,,2013,https://cdn.myanimelist.net/images/manga/1/192345l.jpg
3641,Koisomeshi Yoru no Shitone: Hanamachi Tsuyagatari,,恋染めし夜の褥 花街艶語,Light Novel,27,,2013,https://cdn.myanimelist.net/images/manga/2/184024l.jpg
3641,Koizakura: Onzoushi ni Sarawarete,,恋桜―御曹司にさらわれて,Light Novel,27,,2013,https://cdn.myanimelist.net/images/manga/1/192954l.jpg
3641,Kumo no Ito,,蜘蛛の糸,Doujinshi,27,,2013,https://cdn.myanimelist.net/images/manga/3/298706l.jpg
3641,Miko to Maid no Fuuunroku: Senritsu no Mariana-Oki Kaisen,,巫女とメイドの風雲録 —戦慄のマリアナ沖海戦—,Light Novel,27,,2013,https://cdn.myanimelist.net/images/manga/1/155085l.jpg
3641,Nigesokone,,逃げそこね,Light Novel,27,,2013,https://cdn.myanimelist.net/images/manga/3/185112l.jpg
3641,Ou no Ibara Gaiden,,王のいばら外伝,Manga,27,,2013,https://cdn.myanimelist.net/images/manga/2/202236l.jpg
3641,Shiro no Jubaku,,白の呪縛,Light Novel,27,,2013,https://cdn.myanimelist.net/images/manga/3/184857l.jpg
3641,Subway Line 1,Subway Line 1,1호선,Manhwa,27,,2013,https://cdn.myanimelist.net/images/manga/2/333735l.jpg
3641,Tora-san,,トラさん,Manga,27,,2013,https://cdn.myanimelist.net/images/manga/3/208081l.jpg
3641,Toshokan de Aimashou,,図書館で会いましょう,Light Novel,27,,2013,https://cdn.myanimelist.net/images/manga/1/192976l.jpg
3641,Tsugunai no Shirabe,,償いの調べ,Light Novel,27,,2013,https://cdn.myanimelist.net/images/manga/2/185685l.jpg
3641,Youko Darling!,,妖狐Darling!,Manga,27,,2013,https://cdn.myanimelist.net/images/manga/2/214899l.jpg
3661,Ai wa Uso to Tomoni,Untouched Until Marriage,愛は嘘とともに,Manga,26,,2013,https://cdn.myanimelist.net/images/manga/2/257470l.jpg
3661,Aiiro Keisatsu,,藍色警察,One-shot,26,,2013,https://cdn.myanimelist.net/images/manga/3/300765l.jpg
3661,Ashita-naki Futari demo,Zoe's Lesson,明日なき二人でも,Manga,26,,2013,https://cdn.myanimelist.net/images/manga/3/247200l.jpg
3661,Fukujuu Renai,,服従レンアイ,Light Novel,26,,2013,https://cdn.myanimelist.net/images/manga/2/198081l.jpg
3661,"Fumare, Najirare, Hirefushitai.",,踏まれ、詰られ、ひれ伏したい。,Light Novel,26,,2013,https://cdn.myanimelist.net/images/manga/2/192881l.jpg
3661,Futari no Mitsuame.,,ふたりの蜜あめ。,Light Novel,26,,2013,https://cdn.myanimelist.net/images/manga/2/194060l.jpg
3661,Gofukuya no Kyoudai ni Nugasarete: Yuuwaku no Kitsuke Kyoushitsu,,呉服屋の兄弟に脱がされて ～誘惑の着付け教室～,Light Novel,26,,2013,https://cdn.myanimelist.net/images/manga/3/194660l.jpg
3661,Himitsu no Doukyo Renai: Osananajimi to Aisare Ecchi,,秘密の同居恋愛 ～幼なじみと愛されえっち～,Light Novel,26,,2013,https://cdn.myanimelist.net/images/manga/3/192301l.jpg
3661,Kaiunou no Kyuukon: Dandy na Daifugou to Junshin Maid,,海運王の求婚 ダンディな大富豪と純真メイド,Light Novel,26,,2013,https://cdn.myanimelist.net/images/manga/1/182040l.jpg
3661,Karei naru Princess ni Naru Jouken,,華麗なるプリンセスになる条件,Light Novel,26,,2013,https://cdn.myanimelist.net/images/manga/1/187010l.jpg
3661,Kimi to Hajimete Koi wo Suru,,君と初めて恋をする,Light Novel,26,,2013,https://cdn.myanimelist.net/images/manga/1/185680l.jpg
3661,Koakuma Switch,Little Diabolic Girl Switch,小悪魔すいっち,Manga,26,,2013,https://cdn.myanimelist.net/images/manga/3/332641l.jpg
3661,Kouun no Kutsu wa Dare no Te ni: Yumemiru Ohariko wa Koi wo Suru,,幸運の靴は誰の手に ～夢見るお針子は恋をする～,Light Novel,26,,2013,https://cdn.myanimelist.net/images/manga/1/187012l.jpg
3661,Mittei Maid wa Koi no Wana ni Torawarete,,密偵メイドは恋の罠にとらわれて,Light Novel,26,,2013,https://cdn.myanimelist.net/images/manga/2/192354l.jpg
3661,Mustache & Suspender,Mustache & Suspender,수염 & 멜빵,Manhwa,26,,2013,https://cdn.myanimelist.net/images/manga/1/296552l.jpg
3661,Onzoushi-sama ga Yattekita!,,御曹司様がやって来た！,Light Novel,26,,2013,https://cdn.myanimelist.net/images/manga/3/197467l.jpg
3661,Ore to Basil no Automata,,俺とバジルの魔法人形〈オートマタ〉,Manga,26,,2013,https://cdn.myanimelist.net/images/manga/1/282766l.jpg
3661,Ori no Naka no Mitsugoto,,檻の中の蜜事,Light Novel,26,,2013,https://cdn.myanimelist.net/images/manga/1/184071l.jpg
3661,Ouji no Kiss dewa Mezamenai,,王子のキスでは目覚めない,Light Novel,26,,2013,https://cdn.myanimelist.net/images/manga/1/192948l.jpg
3661,Secret Heart: Sore ga Koi to Kizuku Toki,,シークレットハート それが恋と気づくとき,Light Novel,26,,2013,https://cdn.myanimelist.net/images/manga/3/193047l.jpg
3661,Sekirai Kensei Evil Buster Yuuka,,赤雷拳聖イビルバスターユウカ,One-shot,26,,2013,https://cdn.myanimelist.net/images/manga/1/330330l.jpg
3661,Shadaloo no Vega-san,Vega of Shadaloo,シャドルーのベガさん,Manga,26,,2013,https://cdn.myanimelist.net/images/manga/3/203809l.jpg
3661,Warui Uwasa no Otoko,Untamed,悪い噂の男,Manga,26,,2013,https://cdn.myanimelist.net/images/manga/1/257466l.jpg
3684,Arabian Wedding: Ouji no Chouai Lesson,,アラビアン・ウェディング ～王子の寵愛レッスン～,Light Novel,25,,2013,https://cdn.myanimelist.net/images/manga/3/240548l.jpg
3684,Ichigo-hime to Katabutsu Kishi no Koi no Tebiki: Nemureru Otome no Junketsu,,苺姫と堅物騎士の恋の手引き～眠れる乙女の純潔～,Light Novel,25,,2013,https://cdn.myanimelist.net/images/manga/1/183890l.jpg
3684,Kaikan Office de Onzoushi Kyoudai ni Kuruoshii hodo Aisarete: Triple Room no Midara na Proposal,,快感オフィスで御曹司兄弟に狂おしいほど愛されて ～トリプルルームの淫らなプロポーズ～,Light Novel,25,,2013,https://cdn.myanimelist.net/images/manga/3/198080l.jpg
3684,Koi Ranman,,恋爛漫,Manga,25,,2013,https://cdn.myanimelist.net/images/manga/1/303642l.jpg
3684,Koisuru Bangohan,,恋する晩ごはん,Manga,25,,2013,https://cdn.myanimelist.net/images/manga/3/169636l.jpg
3684,Kojin Jugyou no Amai Wana: Oujisama to Aisare Ecchi,,個人授業の甘い罠 ～王子様と愛されえっち～,Light Novel,25,,2013,https://cdn.myanimelist.net/images/manga/2/192334l.jpg
3684,Kuro no Ouji to Migawari Princess: Taikanshiki wa Mitsu ni Nurete,,黒の王子と身代わりプリンセス～戴冠式は蜜に濡れて～,Light Novel,25,,2013,https://cdn.myanimelist.net/images/manga/2/191889l.jpg
3684,Nimbus,,nimbus,One-shot,25,,2013,https://cdn.myanimelist.net/images/manga/2/333227l.jpg
3684,Playboy Okotowari!,,プレイボーイお断り！,Light Novel,25,,2013,https://cdn.myanimelist.net/images/manga/1/193011l.jpg
3684,S Kishi: Taikou-hime to Ijiwaru na Shimobe,,Ｓ騎士 大公姫といじわるな下僕,Light Novel,25,,2013,https://cdn.myanimelist.net/images/manga/2/182969l.jpg
3694,Akai Tsubaki to Warui Mushi,A Red Vermilion Camellia & a Bad Harmful Insect,紅い椿と悪い虫,Manga,24,,2013,https://cdn.myanimelist.net/images/manga/3/322766l.jpg
3694,Atsui Keiyaku,Awaken to Pleasure,熱い契約,Manga,24,,2013,https://cdn.myanimelist.net/images/manga/3/257657l.jpg
3694,Bravely Default: R no Techou,Bravely Default: The Pocketbook of R,ブレイブリーデフォルト Rの手帳,Novel,24,,2013,https://cdn.myanimelist.net/images/manga/1/309648l.jpg
3694,Card Game Shiyoko,,カードゲームしよ子,Manga,24,,2013,https://cdn.myanimelist.net/images/manga/1/287370l.jpg
3694,Chutorial!,,チューとりある!,Manga,24,,2013,https://cdn.myanimelist.net/images/manga/3/326819l.jpg
3694,Genjuu no Sougaku Kishidan,,幻獣の奏楽騎士団,Light Novel,24,,2013,https://cdn.myanimelist.net/images/manga/1/235585l.jpg
3694,Ikemen Manzaishi no Ikenai Tsukkomi!,,イケメン漫才師のいけないツッコミ！,Light Novel,24,,2013,https://cdn.myanimelist.net/images/manga/1/194632l.jpg
3694,Koisuru Jogger,,恋するジョガー,Light Novel,24,,2013,https://cdn.myanimelist.net/images/manga/3/197432l.jpg
3694,Minase Marin no Logbook,Minase Marin's Logbook,水瀬まりんの航海日誌〈ログブック〉,Manga,24,,2013,https://cdn.myanimelist.net/images/manga/2/257329l.jpg
3694,Passion Girls!!,,Passion Girls!!,Manga,24,,2013,https://cdn.myanimelist.net/images/manga/1/324769l.jpg
3694,Pokemon Card Game XY Yarouzee!,,ポケモンカードゲームXY やろうぜ〜っ!,Manga,24,,2013,https://cdn.myanimelist.net/images/manga/1/338498l.jpg
3694,Ryuuguu Renbu: Hime to Ouji to Panda,,龍宮恋舞 ～姫と皇子と大熊猫～,Light Novel,24,,2013,https://cdn.myanimelist.net/images/manga/2/187182l.jpg
3694,Senpai-chan to Ore.,,先輩ちゃんと俺。,Doujinshi,24,,2013,https://cdn.myanimelist.net/images/manga/3/335849l.jpg
3694,Tawamure Shojo,Tawamure with Virgin Girls,タワムレ処女,Manga,24,,2013,https://cdn.myanimelist.net/images/manga/3/330802l.jpg
3694,The Abandoned Empress,The Abandoned Empress,버림 받은 황비,Novel,24,,2013,https://cdn.myanimelist.net/images/manga/2/329298l.jpg
3694,Tokoton Osewa Itashimasu,,とことんお世話いたします!,Manga,24,,2013,https://cdn.myanimelist.net/images/manga/1/301723l.jpg
3694,Tsuma wo Katta Okuman Chouja,Bought by Her Husband,妻を買った億万長者,Manga,24,,2013,https://cdn.myanimelist.net/images/manga/1/263668l.jpg
3711,Cafe Tokidoki Kare,Heartthrob Cafe,カフェときどき彼,Manga,23,,2013,https://cdn.myanimelist.net/images/manga/3/295240l.jpg
3711,Dokidoki Hatsutaiken♪ Junai Nakadashi Bishoujo Collection,,ドキドキ初体験♪ 純愛中出し美少女コレクション,Manga,23,,2013,https://cdn.myanimelist.net/images/manga/2/336181l.jpg
3711,Gekkan Neconeco,,月刊ねこねこ,Manga,23,,2013,https://cdn.myanimelist.net/images/manga/3/330033l.jpg
3711,Hisho no Kanawanu Yume,Bargained Into Her Boss's Bed,秘書のかなわぬ夢,Manga,23,,2013,https://cdn.myanimelist.net/images/manga/2/231727l.jpg
3711,JK Oyaji!,,JKおやじ!,Manga,23,,2013,https://cdn.myanimelist.net/images/manga/3/314229l.jpg
3711,Jounetsu wa Horonigaku,Bittersweet Passion,情熱はほろ苦く,Manga,23,,2013,https://cdn.myanimelist.net/images/manga/3/257467l.jpg
3711,Kodoku na Yoru no Cinderella,If the Red Slipper Fits...,孤独な夜のシンデレラ,Manga,23,,2013,https://cdn.myanimelist.net/images/manga/2/232067l.jpg
3711,Kyonyuu Jukujo Kyoushi: Furyou ni Yarareta Around Forty Haha to Gakuen no Idol,,巨乳熟女教師 ～不良にヤられたアラフォー母と学園のアイドル～,One-shot,23,,2013,https://cdn.myanimelist.net/images/manga/3/328456l.jpg
3711,Sex Juice,,せっくすじゅーす,Manga,23,,2013,https://cdn.myanimelist.net/images/manga/2/327131l.jpg
3720,Kikumon Koukou Mote-bu,Abnormal Boys Life.,菊門高校モテ部,Manga,22,,2013,https://cdn.myanimelist.net/images/manga/1/215609l.jpg
3720,Koi wa Make no Nochi de,,恋はメイクの後で,Light Novel,22,,2013,https://cdn.myanimelist.net/images/manga/1/192955l.jpg
3720,Koutei no Kyuuai: Migawari Chouhi wa Amaku Midasare,,皇帝の求愛～身代わり寵妃は甘く乱され～,Light Novel,22,,2013,https://cdn.myanimelist.net/images/manga/1/184023l.jpg
3720,Love Thief,,LOVE thief,One-shot,22,,2013,https://cdn.myanimelist.net/images/manga/3/340441l.jpg
3720,Meganekko Ona Nikki,,眼鏡娘オナ日記,Doujinshi,22,,2013,https://cdn.myanimelist.net/images/manga/1/321000l.jpg
3720,Odoro Ryouiki Nayura,,おどろ領域ナユラ,Manga,22,,2013,https://cdn.myanimelist.net/images/manga/2/294303l.jpg
3720,"Otouto no Kao shite Warau no wa Mou, Yameru",,弟の顔して笑うのはもう、やめる,Manga,22,,2013,https://cdn.myanimelist.net/images/manga/1/298330l.jpg
3720,Oujisama wa Tasuke ni Konai,,王子様は助けに来ない,Light Novel,22,,2013,https://cdn.myanimelist.net/images/manga/2/192947l.jpg
3720,Saigo no Shishaku,The Last Rogue,最後の子爵,Manga,22,,2013,https://cdn.myanimelist.net/images/manga/3/229669l.jpg
3720,Shabake Manga,,しゃばけ漫画,Manga,22,,2013,https://cdn.myanimelist.net/images/manga/1/338641l.jpg
3720,Taka no Koushaku to Cinderella,The Duke's Cinderella Bride,鷹の公爵とシンデレラ,Manga,22,,2013,https://cdn.myanimelist.net/images/manga/3/257472l.jpg
3720,Toshiue Otoko to Seishun no March,,年上男と青春のマアチ,One-shot,22,,2013,https://cdn.myanimelist.net/images/manga/1/324458l.jpg
3732,Gallbladder,,쓸개,Manhwa,21,,2013,https://cdn.myanimelist.net/images/manga/3/308314l.jpg
3732,Hamegoro♡Low Teen,,ハメ頃♡ローティーン,Manga,21,,2013,https://cdn.myanimelist.net/images/manga/1/327771l.jpg
3732,Ienai Himitsu,Honeymoon Baby,言えない秘密,Manga,21,,2013,https://cdn.myanimelist.net/images/manga/1/297193l.jpg
3732,Kare no Te wa Himitsu no Switch,,彼の手は秘密のスイッチ,Light Novel,21,,2013,https://cdn.myanimelist.net/images/manga/3/192959l.jpg
3732,Koiami: Midori no Hitomi ni Miserarete,,恋編み―緑の瞳に魅せられて,Light Novel,21,,2013,https://cdn.myanimelist.net/images/manga/1/192953l.jpg
3732,Latin-kei Daifugou to no Koi,,ラテン系大富豪との恋,Manga,21,,2013,https://cdn.myanimelist.net/images/manga/2/231687l.jpg
3732,Lilliput,Lilliput,リリパット,Manga,21,,2013,https://cdn.myanimelist.net/images/manga/1/297830l.jpg
3732,Meteora,,メテオラ,Manga,21,,2013,https://cdn.myanimelist.net/images/manga/2/314500l.jpg
3732,Netori,,NETORI,Manga,21,,2013,https://cdn.myanimelist.net/images/manga/2/321456l.jpg
3732,Repeat After Me,,リピートアフターミー,Manga,21,,2013,https://cdn.myanimelist.net/images/manga/3/233881l.jpg
3732,Shou,,少,Doujinshi,21,,2013,https://cdn.myanimelist.net/images/manga/2/347119l.jpg
3732,Shoujo Kikou,A Little Girl's Journey,少女紀行,Manga,21,,2013,https://cdn.myanimelist.net/images/manga/2/327672l.jpg
3732,Sotozura-hime to Tsukikage no Seiyaku,,外面姫と月影の誓約,Light Novel,21,,2013,https://cdn.myanimelist.net/images/manga/3/235483l.jpg
3745,Himitsu,,ひみつ,Manga,20,,2013,https://cdn.myanimelist.net/images/manga/3/327550l.jpg
3745,Honey Campus,,ハニーキャンパス,One-shot,20,,2013,https://cdn.myanimelist.net/images/manga/1/326297l.jpg
3745,Joukyou Musume no Jouzu na Mi no Furikata Kouza,,上京娘の上手な身の振り方講座,One-shot,20,,2013,https://cdn.myanimelist.net/images/manga/1/328460l.jpg
3745,Saboten no Musume,,サボテンの娘,Manga,20,,2013,https://cdn.myanimelist.net/images/manga/1/299428l.jpg
3745,Second Virgin ni Kiseki nanka Okinai!?,Second Chances: There's No Accounting for Love!,セカンドバージンに奇跡なんか起きない!?,Manga,20,,2013,https://cdn.myanimelist.net/images/manga/3/291082l.jpg
3745,Suichuu Renka: Yoshiwara Oshoku Shikun,Underwater Flower of Love: Senior Courtesan Shikun,水中恋花 -吉原御職・紫薫-,One-shot,20,,2013,https://cdn.myanimelist.net/images/manga/1/293867l.jpg
3745,Tenkuu no Tobira: Uraguchi,,天空の扉 裏口,One-shot,20,,2013,https://cdn.myanimelist.net/images/manga/1/324933l.jpg
3752,Kanojo no Hada,,年上の肌〈カノジョノハダ〉,Manga,19,,2013,https://cdn.myanimelist.net/images/manga/3/335794l.jpg
3752,Kazoku Soukan Zushiki,,家族相姦図式,Manga,19,,2013,https://cdn.myanimelist.net/images/manga/2/328651l.jpg
3752,Love Kiss,,ラブキス,Manga,19,,2013,https://cdn.myanimelist.net/images/manga/2/332645l.jpg
3752,Osawagase Marriage,,お騒がせマリッジ,Novel,19,,2013,https://cdn.myanimelist.net/images/manga/3/309693l.jpg
3752,Sankaku Sando,,三角サンド,Manga,19,,2013,https://cdn.myanimelist.net/images/manga/2/296474l.jpg
3752,Tsumibukaki Waltz,Rebecca's Rogue,罪深きワルツ,Manga,19,,2013,https://cdn.myanimelist.net/images/manga/2/257473l.jpg
3758,4-koma Koushiki Anthology: Sakura-sou no Pet na Kanojo,,4コマ公式アンソロジー さくら荘のペットな彼女,Manga,18,,2013,https://cdn.myanimelist.net/images/manga/2/344527l.jpg
3758,Inran Patissier,,淫乱パティシエ〜ル,One-shot,18,,2013,https://cdn.myanimelist.net/images/manga/3/328461l.jpg
3758,Kizuna wo Mou Ichido,The Pregnancy Bond,絆をもう一度,Manga,18,,2013,https://cdn.myanimelist.net/images/manga/3/282270l.jpg
3758,Koisuru Kokoro wa Sakurairo,Love Heart Is Cherry Color,恋する心は桜色,Manga,18,,2013,https://cdn.myanimelist.net/images/manga/2/327545l.jpg
3758,Nakayoshi Ribbon,,なかよしりぼん,Manga,18,,2013,https://cdn.myanimelist.net/images/manga/3/327770l.jpg
3763,Dorokei,,ドロケイ,One-shot,17,,2013,https://cdn.myanimelist.net/images/manga/1/339821l.jpg
3763,Hengen Taima Yakou Karura Mau! Katsuragi no Kodaishin,,変幻退魔夜行 カルラ舞う! 葛城の古代神,Manga,17,,2013,https://cdn.myanimelist.net/images/manga/1/301334l.jpg
3763,"Nagi wo Sagashite: ""Neko ga Inai"" Tanpenshuu",Looking for Nagi: Short Stories Without Cats,『猫がいない』短編集 凪を探して,Manga,17,,2013,https://cdn.myanimelist.net/images/manga/2/337661l.jpg
3763,Over Steam,,오버 스팀,Manhwa,17,,2013,https://cdn.myanimelist.net/images/manga/1/334191l.jpg
3763,Spain Koushaku no Aijin,His Unknown Heir,スペイン公爵の愛人,Manga,17,,2013,https://cdn.myanimelist.net/images/manga/2/257583l.jpg
3768,Aoshi Jiuchong Tian,Transcending the Nine Heavens,傲世九重天,Novel,16,,2013,https://cdn.myanimelist.net/images/manga/2/333148l.jpg
3768,Honey Life④You,,ハニーライフ④ユー,Manga,16,,2013,https://cdn.myanimelist.net/images/manga/2/183603l.jpg
3768,Season of Su,Season of Su,수의 계절,Manhwa,16,,2013,https://cdn.myanimelist.net/images/manga/2/335960l.jpg
3768,Tales of Symphonia: Ratatosk no Kishi - Assort!,,テイルズ オブ シンフォニア ―ラタトスクの騎士― アソート!,Manga,16,,2013,https://cdn.myanimelist.net/images/manga/1/223812l.jpg
3772,Hajimete no Kedamono,My First Beast,はじめてのケダモノ,Manga,15,,2013,https://cdn.myanimelist.net/images/manga/1/321183l.jpg
3772,Ikasama Life Game,,イカサマライフゲイム,Light Novel,15,,2013,https://cdn.myanimelist.net/images/manga/1/334207l.jpg
3774,Kuroneko Kaiki Club,,黒猫怪奇クラブ,Manga,14,,2013,https://cdn.myanimelist.net/images/manga/3/313043l.jpg
3774,Ultimate Legend: Kang Hae Hyo,,최강전설 강해효,Manhwa,14,,2013,https://cdn.myanimelist.net/images/manga/3/347735l.jpg
3776,Horiguchi-san Chi no Reo Musuko,,堀口さんちのレオムスコ,Manga,13,,2013,https://cdn.myanimelist.net/images/manga/1/297873l.jpg
3776,Kodoku na Inu-tachi,,孤独な犬たち,Light Novel,13,,2013,https://cdn.myanimelist.net/images/manga/1/339881l.jpg
3776,Oniyaku,,鬼役,Manga,13,,2013,https://cdn.myanimelist.net/images/manga/2/328335l.jpg
3776,Operation Chromite,Operation Chromite,인천상륙작전,Manhwa,13,,2013,https://cdn.myanimelist.net/images/manga/2/333107l.jpg
3780,Kyou＊Kanoko,,京＊かのこ,Manga,12,,2013,https://cdn.myanimelist.net/images/manga/1/311791l.jpg
3780,Treasure Hunter 3,Treasure Hunter,트레져헌터3,Manhwa,12,,2013,https://cdn.myanimelist.net/images/manga/2/334584l.jpg
3782,Madoi no Yosoji,,まどいのよそじ〜惑いの四十路〜,Manga,11,,2013,https://cdn.myanimelist.net/images/manga/2/301059l.jpg
3782,Sucker for Love,Sucker for Love,호구의 사랑,Manhwa,11,,2013,https://cdn.myanimelist.net/images/manga/1/332909l.jpg
3784,Ojisama Koushaku wa Koisuru Otoshigoro,,おじさま侯爵は恋するお年頃,Manga,10,,2013,https://cdn.myanimelist.net/images/manga/2/336026l.jpg
3784,Oujisama no Concierge,Concierge of the Prince,王子様のコンシェルジュ,Light Novel,10,,2013,https://cdn.myanimelist.net/images/manga/1/339880l.jpg
3784,Uhyo! Tokyo-to Kita-ku Akabane,,ウヒョッ! 東京都北区赤羽,Manga,10,,2013,https://cdn.myanimelist.net/images/manga/2/322494l.jpg
3784,Uwasa no Kyabajou-kun,,ウワサのキャバ嬢くん,Manga,10,,2013,https://cdn.myanimelist.net/images/manga/1/344994l.jpg
3788,Knives,,칼부림,Manhwa,9,,2013,https://cdn.myanimelist.net/images/manga/2/319623l.jpg
3788,Nue no Eshi,,鵺の絵師,Manga,9,,2013,https://cdn.myanimelist.net/images/manga/3/348996l.jpg
3790,Katakoi Shuuchakueki,,片恋終着駅,Manga,8,,2013,https://cdn.myanimelist.net/images/manga/2/319780l.jpg
3791,Good Robot,,로봇이 상냥해,Manhwa,6,,2013,https://cdn.myanimelist.net/images/manga/2/342438l.jpg
