rank,title,title_english,title_japanese,type,members,score,year,image_url
1,Tower of God,Tower of God,신의 탑,Manhwa,215759,8.33,2010,https://cdn.myanimelist.net/images/manga/2/223694l.jpg
2,Noragami,Noragami: Stray God,ノラガミ,Manga,200889,8.35,2010,https://cdn.myanimelist.net/images/manga/3/161911l.jpg
3,Akame ga Kill!,Akame ga Kill!,アカメが斬る!,Manga,193491,7.81,2010,https://cdn.myanimelist.net/images/manga/1/260104l.jpg
4,Taiyou no Ie,House of the Sun,たいようのいえ,Manga,99604,8.2,2010,https://cdn.myanimelist.net/images/manga/2/149086l.jpg
5,The Breaker: New Waves,,브레이커NW,Manhwa,99007,8.36,2010,https://cdn.myanimelist.net/images/manga/1/62105l.jpg
6,Imawa no Kuni no Alice,Alice in Borderland,今際の国のアリス,Manga,97928,8.38,2010,https://cdn.myanimelist.net/images/manga/3/137237l.jpg
7,Annarasumanara,Annarasumanara,안나라수마나라,Manhwa,74333,8.26,2010,https://cdn.myanimelist.net/images/manga/3/157589l.jpg
8,Another,Another,Another,Manga,73151,7.61,2010,https://cdn.myanimelist.net/images/manga/2/159693l.jpg
9,Hinamatsuri,Hinamatsuri,ヒナまつり,Manga,61541,8.47,2010,https://cdn.myanimelist.net/images/manga/3/285804l.jpg
10,Hideout,Hideout,HIDEOUT,Manga,55459,6.9,2010,https://cdn.myanimelist.net/images/manga/2/65719l.jpg
11,To LOVE-Ru Darkness,To Love Ru: Darkness,To LOVEる -とらぶる- ダークネス,Manga,52718,7.84,2010,https://cdn.myanimelist.net/images/manga/3/253547l.jpg
12,Bokura wa Minna Kawai-sou,The Kawai Complex Guide to Manors and Hostel Behavior,僕らはみんな河合荘,Manga,47196,8.14,2010,https://cdn.myanimelist.net/images/manga/1/204982l.jpg
13,Trinity Seven: 7-nin no Mashotsukai,Trinity Seven: The Seven Magicians,トリニティセブン 7人の魔書使い,Manga,46914,7.66,2010,https://cdn.myanimelist.net/images/manga/1/63963l.jpg
14,Judge,Judge,JUDGE,Manga,43163,7.01,2010,https://cdn.myanimelist.net/images/manga/3/184476l.jpg
15,Ousama Game,King's Game,王様ゲーム,Manga,41086,6.36,2010,https://cdn.myanimelist.net/images/manga/1/116343l.jpg
16,Love Stage!!,Love Stage!!,LOVE STAGE!!,Manga,40874,7.79,2010,https://cdn.myanimelist.net/images/manga/3/267691l.jpg
17,Kase-san Series,Kase-san and...,加瀬さんシリーズ,Manga,38706,8.07,2010,https://cdn.myanimelist.net/images/manga/1/215181l.jpg
18,Byousoku 5 Centimeter,5 Centimeters per Second,秒速5センチメートル,Manga,34137,7.91,2010,https://cdn.myanimelist.net/images/manga/3/138585l.jpg
19,14-sai no Koi,Love at Fourteen,14歳の恋,Manga,31339,7.44,2010,https://cdn.myanimelist.net/images/manga/3/211907l.jpg
20,Feng Shen Ji,,封神記,Manhua,29151,8.15,2010,https://cdn.myanimelist.net/images/manga/2/177765l.jpg
21,Cheese in the Trap Season 1,Cheese in the Trap Season 1,치즈인더트랩 시즌1,Manhwa,29050,7.95,2010,https://cdn.myanimelist.net/images/manga/1/195590l.jpg
22,High School DxD,High School DxD,ハイスクールD×D,Manga,28816,7.57,2010,https://cdn.myanimelist.net/images/manga/1/206676l.jpg
23,Monogatari Series: Second Season,,〈物語〉シリーズ セカンドシーズン,Light Novel,28591,8.93,2010,https://cdn.myanimelist.net/images/manga/2/181553l.jpg
24,Boku wa Tomodachi ga Sukunai,Haganai: I Don't Have Many Friends,僕は友達が少ない,Manga,26756,7.58,2010,https://cdn.myanimelist.net/images/manga/1/171868l.jpg
25,Sunny,Sunny,Sunny,Manga,26406,8.31,2010,https://cdn.myanimelist.net/images/manga/1/151417l.jpg
26,Witch Craft Works,Witchcraft Works,ウィッチクラフトワークス,Manga,25452,7.39,2010,https://cdn.myanimelist.net/images/manga/2/250818l.jpg
27,Mayo Chiki!,Mayo Chiki!,まよチキ！,Manga,25000,7.68,2010,https://cdn.myanimelist.net/images/manga/3/54741l.jpg
28,Donten ni Warau,Laughing Under the Clouds,曇天に笑う,Manga,24923,8.09,2010,https://cdn.myanimelist.net/images/manga/1/254936l.jpg
29,Heroine Shikkaku,No Longer Heroine,ヒロイン失格,Manga,23727,7.01,2010,https://cdn.myanimelist.net/images/manga/1/37848l.jpg
30,"Nineteen, Twenty-One",,열아홉스물하나,Manhwa,23502,7.74,2010,https://cdn.myanimelist.net/images/manga/3/40772l.jpg
31,Kouishou Radio,PTSD Radio,後遺症ラジオ,Manga,22921,6.88,2010,https://cdn.myanimelist.net/images/manga/1/105385l.jpg
32,Himegoto: Juukyuusai no Seifuku,HIME-GOTO: uniforms at the age of nineteen,ヒメゴト ～十九歳の制服～,Manga,22114,7.48,2010,https://cdn.myanimelist.net/images/manga/1/188905l.jpg
33,Conveni-kun.,Mr Mini Mart,コンビニくん。,Manga,22082,7.98,2010,https://cdn.myanimelist.net/images/manga/4/60601l.jpg
34,Angel Beats!: Heaven's Door,Angel Beats!: Heaven's Door,Angel Beats! －Heaven's Door－,Manga,22059,7.95,2010,https://cdn.myanimelist.net/images/manga/1/153985l.jpg
35,Tokyo ESP,Tokyo ESP,東京ESP,Manga,21455,7.44,2010,https://cdn.myanimelist.net/images/manga/3/105767l.jpg
36,Tonari no Seki-kun,My Neighbor Seki,となりの関くん,Manga,21343,7.69,2010,https://cdn.myanimelist.net/images/manga/2/74647l.jpg
37,Yasashii Sekai no Tsukurikata,A Method to Make the Gentle World,やさしいセカイのつくりかた,Manga,21291,7.51,2010,https://cdn.myanimelist.net/images/manga/3/144221l.jpg
38,High Score Girl,Hi Score Girl,ハイスコアガール,Manga,20959,8.1,2010,https://cdn.myanimelist.net/images/manga/2/212640l.jpg
39,Can't See Can't Hear But Love,"See, Hear, Love",보지 못하고 듣지 못하고 사랑해,Manhwa,20431,8.16,2010,https://cdn.myanimelist.net/images/manga/1/268900l.jpg
40,Prism,,prism,Manga,19643,7.52,2010,https://cdn.myanimelist.net/images/manga/5/65033l.jpg
41,"Inari, Konkon, Koi Iroha.",Inari Konkon,いなり、こんこん、恋いろは。,Manga,19378,7.86,2010,https://cdn.myanimelist.net/images/manga/1/188898l.jpg
42,Mirai Nikki: Paradox,,未来日記・パラドックス,Manga,19184,7.24,2010,https://cdn.myanimelist.net/images/manga/3/307339l.jpg
43,Sword Art Online: Aincrad,Sword Art Online: Aincrad,ソードアート・オンライン アインクラッド,Manga,18929,6.82,2010,https://cdn.myanimelist.net/images/manga/2/77727l.jpg
44,Umineko no Naku Koro ni Chiru - Episode 5: End of the Golden Witch,Umineko WHEN THEY CRY Episode 5: End of the Golden Witch,うみねこのなく頃に散 - Episode 5: End of the Golden Witch,Manga,18675,8.55,2010,https://cdn.myanimelist.net/images/manga/2/273941l.jpg
45,Hakaijuu,Creature!,ハカイジュウ,Manga,18629,6.61,2010,https://cdn.myanimelist.net/images/manga/2/43301l.jpg
46,Sakura-sou no Pet na Kanojo,,さくら荘のペットな彼女,Light Novel,17866,7.95,2010,https://cdn.myanimelist.net/images/manga/2/159577l.jpg
47,Nana to Kaoru: Black Label,,ナナとカオル Black Label,Manga,17175,7.9,2010,https://cdn.myanimelist.net/images/manga/2/188990l.jpg
48,Mairunovich,,マイルノビッチ,Manga,16874,7.12,2010,https://cdn.myanimelist.net/images/manga/3/121261l.jpg
49,Kubera,,쿠베라,Manhwa,16515,8.05,2010,https://cdn.myanimelist.net/images/manga/3/74413l.jpg
50,Umineko no Naku Koro ni Chiru - Episode 6: Dawn of the Golden Witch,Umineko WHEN THEY CRY Episode 6: Dawn of the Golden Witch,うみねこのなく頃に散 Episode 6: Dawn of the Golden Witch,Manga,16452,8.51,2010,https://cdn.myanimelist.net/images/manga/2/273942l.jpg
51,Aphorism,Aphorism,アホリズム,Manga,16419,7.25,2010,https://cdn.myanimelist.net/images/manga/2/187771l.jpg
52,Hajimari no Niina,,はじまりのにいな,Manga,16297,7.96,2010,https://cdn.myanimelist.net/images/manga/5/261738l.jpg
53,Gekkou,,月光,Light Novel,16284,7.92,2010,https://cdn.myanimelist.net/images/manga/2/77871l.jpg
54,HajiOtsu.,,はじおつ。,Manga,16072,7.34,2010,https://cdn.myanimelist.net/images/manga/1/183079l.jpg
55,Starlike Words,,スターライクワーズ,Manga,16046,7.62,2010,https://cdn.myanimelist.net/images/manga/1/86487l.jpg
56,Machine-Doll wa Kizutsukanai,,機巧少女(マシンドール)は傷つかない,Manga,15811,7.58,2010,https://cdn.myanimelist.net/images/manga/3/38260l.jpg
57,Log Horizon,Log Horizon,ログ・ホライズン,Light Novel,15679,8.06,2010,https://cdn.myanimelist.net/images/manga/2/105755l.jpg
58,Kono Oneesan wa Fiction desu!?,Is this Girl for Real!?,このお姉さんはフィクションです!?,Manga,15424,6.55,2010,https://cdn.myanimelist.net/images/manga/1/149001l.jpg
59,360° Material,Three-sixty Materials,360°マテリアル,Manga,14991,7.22,2010,https://cdn.myanimelist.net/images/manga/2/176931l.jpg
60,Nejimaki Kagyuu,,ねじまきカギュー,Manga,14644,7.12,2010,https://cdn.myanimelist.net/images/manga/1/128255l.jpg
61,Yuureitou,,幽麗塔,Manga,14605,7.45,2010,https://cdn.myanimelist.net/images/manga/2/89667l.jpg
62,Kishibe Rohan Louvre e Iku,Rohan at the Louvre,岸辺露伴 ルーヴルへ行く,Manga,14602,7.69,2010,https://cdn.myanimelist.net/images/manga/2/175983l.jpg
63,Mujaki no Rakuen,Paradise of Innocence,無邪気の楽園,Manga,14513,6.83,2010,https://cdn.myanimelist.net/images/manga/3/86289l.jpg
64,AKB49: Renai Kinshi Jourei,,AKB49〜恋愛禁止条例〜,Manga,14451,7.7,2010,https://cdn.myanimelist.net/images/manga/2/167252l.jpg
65,Nickelodeon,,ニッケルオデオン,Manga,14367,7.67,2010,https://cdn.myanimelist.net/images/manga/1/64959l.jpg
66,Hana to Hoshi,,花と星,Manga,14058,7.14,2010,https://cdn.myanimelist.net/images/manga/3/65975l.jpg
67,"Sore wa Totsuzen, Unmei no Aite ga",,それは突然、運命の相手が,Manga,14037,7.51,2010,https://cdn.myanimelist.net/images/manga/1/109607l.jpg
68,Boku wa Ookami.,I am the only wolf.,ボクは狼。,Manga,13841,7.33,2010,https://cdn.myanimelist.net/images/manga/2/189820l.jpg
69,Usotsuki Mii-kun to Kowareta Maa-chan: Totteoki no Uso,,嘘つきみーくんと壊れたまーちゃん とっておきの嘘,Manga,13468,7.18,2010,https://cdn.myanimelist.net/images/manga/2/165163l.jpg
70,Mouryou no Yurikago,,魍魎の揺りかご,Manga,13456,7.06,2010,https://cdn.myanimelist.net/images/manga/2/179505l.jpg
71,Bakemono Recchan/Kinoko Takenoko: Asano Inio Tanpenshuu,,浅野いにお短編集 ばけものれっちゃん／きのこたけのこ,Manga,13419,6.88,2010,https://cdn.myanimelist.net/images/manga/1/216164l.jpg
72,Kokoro Connect,Kokoro Connect,ココロコネクト,Light Novel,12924,8.1,2010,https://cdn.myanimelist.net/images/manga/2/197785l.jpg
73,Junketsu + Kareshi,He's My Only Vampire,純血+彼氏,Manga,12845,7.4,2010,https://cdn.myanimelist.net/images/manga/1/139751l.jpg
74,Accel World,Accel World,アクセル・ワールド,Manga,12752,7.22,2010,https://cdn.myanimelist.net/images/manga/2/188839l.jpg
75,ənígmə,,ənígmə エニグマ,Manga,12512,7.03,2010,https://cdn.myanimelist.net/images/manga/3/305940l.jpg
76,Kiba no Tabishounin: The Arms Peddler,,牙の旅商人 ～The Arms Peddler～,Manga,12019,7.89,2010,https://cdn.myanimelist.net/images/manga/1/109235l.jpg
77,Himitsu no Akuma-chan,Secret Devil-chan,ひみつの悪魔ちゃん,Manga,11745,6.85,2010,https://cdn.myanimelist.net/images/manga/2/137687l.jpg
78,Shouwa Genroku Rakugo Shinjuu,Descending Stories: Showa Genroku Rakugo Shinju,昭和元禄落語心中,Manga,11496,8.37,2010,https://cdn.myanimelist.net/images/manga/2/261416l.jpg
79,/Blush-DC: Hi♥mitsu,,/Blush-DC～秘♥蜜～,Manga,11315,6.34,2010,https://cdn.myanimelist.net/images/manga/1/188907l.jpg
80,Game Over,,GAME OVER,Manga,11296,7.31,2010,https://cdn.myanimelist.net/images/manga/3/40378l.jpg
81,Ibitsu,,いびつ,Manga,11107,6.81,2010,https://cdn.myanimelist.net/images/manga/2/100663l.jpg
82,Otome no Teikoku,,オトメの帝国,Manga,10707,7.44,2010,https://cdn.myanimelist.net/images/manga/3/319406l.jpg
83,Endou-kun no Kansatsu Nikki,,えんどうくんの観察日記,Manga,10612,7.5,2010,https://cdn.myanimelist.net/images/manga/2/196127l.jpg
84,"Dakara Boku wa, H ga Dekinai.","So, I Can't Play H!",だから僕は、Hができない。,Manga,10523,6.64,2010,https://cdn.myanimelist.net/images/manga/3/161050l.jpg
85,Slow Starter,,スロースターター,Manga,10458,7.66,2010,https://cdn.myanimelist.net/images/manga/1/64709l.jpg
86,Kokoro Connect,Kokoro Connect,ココロコネクト,Manga,10302,7.46,2010,https://cdn.myanimelist.net/images/manga/3/129693l.jpg
87,Kore wa Koi no Hanashi,,これは恋のはなし,Manga,10215,7.69,2010,https://cdn.myanimelist.net/images/manga/2/196299l.jpg
88,Hitorijime Boyfriend,Hitorijime Boyfriend,ひとりじめボーイフレンド,Manga,10003,6.71,2010,https://cdn.myanimelist.net/images/manga/1/274402l.jpg
89,Pika☆Ichi,,ピカ☆イチ,Manga,9964,7.33,2010,https://cdn.myanimelist.net/images/manga/3/41218l.jpg
90,Lock On!,,LOCK ON！ ーロックオンー,Manga,9921,7.25,2010,https://cdn.myanimelist.net/images/manga/4/137235l.jpg
91,Nagareboshi Lens,Shooting Star☆Lens,流れ星レンズ,Manga,9545,7.56,2010,https://cdn.myanimelist.net/images/manga/1/147859l.jpg
92,Sugar Dark: Umerareta Yami to Shoujo,,シュガーダーク 埋められた闇と少女,Manga,9374,7.44,2010,https://cdn.myanimelist.net/images/manga/2/51981l.jpg
93,Come Come Vanilla!,,かむかむバニラ！,Manga,9301,6.69,2010,https://cdn.myanimelist.net/images/manga/1/260028l.jpg
94,Touhou Ibara Kasen: Wild and Horned Hermit.,,東方茨歌仙 ～Wild and Horned Hermit.,Manga,9259,8.19,2010,https://cdn.myanimelist.net/images/manga/3/149288l.jpg
95,Maji de Watashi ni Koi Shinasai!,,真剣で私に恋しなさい！,Manga,9205,7.36,2010,https://cdn.myanimelist.net/images/manga/3/95425l.jpg
96,Tokyo Ravens,Tokyo Ravens,東京レイヴンズ,Manga,9087,7.47,2010,https://cdn.myanimelist.net/images/manga/2/56569l.jpg
97,Fate/Zero,Fate/Zero,Fate/Zero,Manga,9040,7.81,2010,https://cdn.myanimelist.net/images/manga/3/196931l.jpg
98,Oumagadoki Doubutsuen,,逢魔ヶ刻動物園,Manga,9009,7.14,2010,https://cdn.myanimelist.net/images/manga/1/260532l.jpg
99,Puppy Lovers,,パピィラバーズ,Manga,8940,6.62,2010,https://cdn.myanimelist.net/images/manga/2/188953l.jpg
100,Reversible!,,リバーシブル！,Manga,8920,7.13,2010,https://cdn.myanimelist.net/images/manga/1/62059l.jpg
101,Seireitsukai no Blade Dance,,精霊使いの剣舞〈ブレイドダンス〉,Light Novel,8861,7.91,2010,https://cdn.myanimelist.net/images/manga/2/217828l.jpg
102,"Saikin, Imouto no Yousu ga Chotto Okashiinda ga.",,最近、妹のようすがちょっとおかしいんだが。,Manga,8851,6.64,2010,https://cdn.myanimelist.net/images/manga/1/63283l.jpg
103,Jigoku no Alice,,地獄のアリス,Manga,8698,7.26,2010,https://cdn.myanimelist.net/images/manga/1/76575l.jpg
104,Gate 7,Gate 7,GATE 7,Manga,8685,7.22,2010,https://cdn.myanimelist.net/images/manga/3/44915l.jpg
105,Swot,,SWOT,Manga,8647,6.58,2010,https://cdn.myanimelist.net/images/manga/1/205701l.jpg
106,Hana no Kishi,Knight of Flower,花の騎士,Manga,8644,7.64,2010,https://cdn.myanimelist.net/images/manga/3/269917l.jpg
107,6000,The Deep Sea of Madness,6000―ロクセン―,Manga,8641,6.27,2010,https://cdn.myanimelist.net/images/manga/2/181998l.jpg
108,"Gate: Jieitai Kanochi nite, Kaku Tatakaeri",,ゲート 自衛隊彼の地にて、斯く戦えり,Novel,8598,7.83,2010,https://cdn.myanimelist.net/images/manga/3/317770l.jpg
109,Kore wa Zombie desu ka?,Is this a Zombie?,これはゾンビですか?,Manga,8578,7.45,2010,https://cdn.myanimelist.net/images/manga/2/132833l.jpg
110,Bouken Elektriciteit-tou,Wandering Island,冒険エレキテ島,Manga,8458,7.43,2010,https://cdn.myanimelist.net/images/manga/1/65313l.jpg
111,Corpse Party: Musume,,コープスパーティー:娘,Manga,8343,5.83,2010,https://cdn.myanimelist.net/images/manga/3/166019l.jpg
112,Rec: Kimi ga Naita Hi,,REC－君が泣いた日－,Manga,8341,7.83,2010,https://cdn.myanimelist.net/images/manga/2/151524l.jpg
113,Hell's Kitchen,,ヘルズキッチン,Manga,8234,7.42,2010,https://cdn.myanimelist.net/images/manga/2/67459l.jpg
114,Transfer Student Storm Bringer,,폭풍의 전학생,Manhwa,8163,7.61,2010,https://cdn.myanimelist.net/images/manga/2/52425l.jpg
115,trash.,,trash.,Manga,8078,6.56,2010,https://cdn.myanimelist.net/images/manga/1/106257l.jpg
116,Centaur no Nayami,A Centaur's Life,セントールの悩み,Manga,8059,7.23,2010,https://cdn.myanimelist.net/images/manga/2/76597l.jpg
117,Maoyuu Maou Yuusha,,まおゆう魔王勇者,Light Novel,7943,7.85,2010,https://cdn.myanimelist.net/images/manga/1/45197l.jpg
118,Haru yo Koi,Awaiting Spring,はるよこい,One-shot,7884,6.54,2010,https://cdn.myanimelist.net/images/manga/1/47085l.jpg
119,Code Geass: Shikkoku no Renya,,コードギアス 漆黒の蓮夜,Manga,7829,6.77,2010,https://cdn.myanimelist.net/images/manga/3/118883l.jpg
120,Imori 201,,イモリ201,Manga,7812,6.5,2010,https://cdn.myanimelist.net/images/manga/3/281191l.jpg
121,Blue Friend,,ブルーフレンド,Manga,7561,7.17,2010,https://cdn.myanimelist.net/images/manga/4/127723l.jpg
122,Yajirobee,,やじろべえ,Manga,7419,7.37,2010,https://cdn.myanimelist.net/images/manga/1/125871l.jpg
123,Sore ga Kanojo no Seigi nara,,それが彼女のセイギなら,Manga,7378,6.49,2010,https://cdn.myanimelist.net/images/manga/2/118693l.jpg
124,"Semete, Ano Yuki no You ni",,せめて、あの雪のように,Doujinshi,7376,7.47,2010,https://cdn.myanimelist.net/images/manga/3/100065l.jpg
125,Kitsune no Akuma to Kuroi Grimoire,,狐の悪魔と黒い魔導書〈グリモア〉,Manga,7363,6.89,2010,https://cdn.myanimelist.net/images/manga/3/100499l.jpg
126,IS: Infinite Stratos,,IS〈インフィニット・ストラトス〉,Manga,7214,6.9,2010,https://cdn.myanimelist.net/images/manga/3/57473l.jpg
127,Bokura no Himitsu wo Kyouyuu Shiyou ka,,ボクらの秘密を共有しようか,Manga,7192,7.27,2010,https://cdn.myanimelist.net/images/manga/3/147737l.jpg
127,Shiki no Zenjitsu,The Wedding Eve,式の前日,Manga,7192,7.51,2010,https://cdn.myanimelist.net/images/manga/2/181264l.jpg
129,"Lonely Wolf, Lonely Sheep",,ロンリーウルフ・ロンリーシープ,Manga,7148,7.22,2010,https://cdn.myanimelist.net/images/manga/2/60225l.jpg
130,YuriCam: Yurika no Campus Life,,ゆりキャン～ゆりかのキャンパスライフ～,Manga,7078,6.78,2010,https://cdn.myanimelist.net/images/manga/3/62909l.jpg
131,Carnivorous Princess Yegrinna,,육식공주 예그리나,Manhwa,7057,7.13,2010,https://cdn.myanimelist.net/images/manga/2/63929l.jpg
132,Love Plus: Rinko Days,,ラブプラス Rinko Days,Manga,7025,7.43,2010,https://cdn.myanimelist.net/images/manga/3/58649l.jpg
133,GDGD-DOGS,Manga Dogs,グダグダドッグス,Manga,6847,6.6,2010,https://cdn.myanimelist.net/images/manga/1/34544l.jpg
134,Bleach: The Unforgivens,,BLEACH the unforgivens,One-shot,6843,6.78,2010,https://cdn.myanimelist.net/images/manga/1/161558l.jpg
135,"Sensei ni, Ageru.",,先生に、あげる。,Manga,6833,6.83,2010,https://cdn.myanimelist.net/images/manga/4/73625l.jpg
136,Mayoi Neko Overrun!,,迷い猫オーバーラン!,Manga,6765,6.99,2010,https://cdn.myanimelist.net/images/manga/3/53895l.jpg
137,Cyclops Shoujo Saipuu,,サイクロプス少女さいぷ～,Manga,6753,6.67,2010,https://cdn.myanimelist.net/images/manga/3/139185l.jpg
138,Golden Time,,ゴールデンタイム,Light Novel,6673,7.81,2010,https://cdn.myanimelist.net/images/manga/2/179802l.jpg
139,Kanojo wa Sore wo Gaman Dekinai,,彼女はソレを我慢できない,Manga,6667,6.44,2010,https://cdn.myanimelist.net/images/manga/1/72867l.jpg
140,Senakagurashi,,せなかぐらし,Manga,6617,7.27,2010,https://cdn.myanimelist.net/images/manga/2/120803l.jpg
141,Ouran Koukou Host Club Short Special,,桜蘭高校ホスト部,One-shot,6609,8.0,2010,https://cdn.myanimelist.net/images/manga/4/39258l.jpg
142,Best Ending?,,ベストエンディング?,Manga,6565,7.02,2010,https://cdn.myanimelist.net/images/manga/1/172591l.jpg
143,Nekoka Kareshi no Ayashikata,,ネコ科彼氏のあやし方,Manga,6554,7.4,2010,https://cdn.myanimelist.net/images/manga/1/80379l.jpg
144,Comic☆Studio,,こみっく☆すたじお,Manga,6539,7.23,2010,https://cdn.myanimelist.net/images/manga/1/171851l.jpg
145,"Kiben Gakuha, Yotsuya-senpai no Kaidan.",,詭弁学派、四ッ谷先輩の怪談。,Manga,6500,7.31,2010,https://cdn.myanimelist.net/images/manga/3/35775l.jpg
146,Rock Lee no Seishun Full-Power Ninden,,ロック・リーの青春フルパワー忍伝,Manga,6489,6.97,2010,https://cdn.myanimelist.net/images/manga/2/127187l.jpg
147,My Boyfriend Is a Vampire,My Boyfriend Is a Vampire,내 남친은 뱀파이어,Manhwa,6466,7.3,2010,https://cdn.myanimelist.net/images/manga/5/272251l.jpg
148,Zen Martial Arts Academy,,ZEN 마경 무인학원,Manhwa,6419,6.57,2010,https://cdn.myanimelist.net/images/manga/1/58109l.jpg
149,Montage,,三億円事件奇譚 モンタージュ SINCE 1968.12.10,Manga,6390,7.28,2010,https://cdn.myanimelist.net/images/manga/3/160210l.jpg
150,Higanbana no Saku Yoru ni,The Unforgiving Flowers Blossom in the Dead of Night,彼岸花の咲く夜に,Manga,6275,6.87,2010,https://cdn.myanimelist.net/images/manga/3/259717l.jpg
151,Amai Akuma ga Warau,,甘い悪魔が笑う,Manga,6269,7.02,2010,https://cdn.myanimelist.net/images/manga/2/73653l.jpg
152,Kimi to Koi no Tochuu,Can't stop falling in love with you.,キミと恋の途中,Manga,6255,7.08,2010,https://cdn.myanimelist.net/images/manga/3/86029l.jpg
153,Ouji no Kikan,Return of the Prince,王子の帰還,Manga,6240,7.37,2010,https://cdn.myanimelist.net/images/manga/1/33817l.jpg
154,Kimi Koi Limit,,キミ恋リミット,Manga,6158,7.11,2010,https://cdn.myanimelist.net/images/manga/2/153520l.jpg
155,Steins;Gate: Onshuu no Brownian Motion,,STEINS;GATE恩讐のブラウニアンモーション,Manga,6135,7.99,2010,https://cdn.myanimelist.net/images/manga/1/149165l.jpg
156,Spotted Flower,,Spotted Flower,Manga,6091,6.49,2010,https://cdn.myanimelist.net/images/manga/2/119485l.jpg
157,Shounen Note,Shonen Note: Boy Soprano,少年ノート,Manga,6045,7.52,2010,https://cdn.myanimelist.net/images/manga/1/152355l.jpg
158,Sono Koi ni wa Wake ga Aru,,その恋にはワケがある,Manga,6025,7.8,2010,https://cdn.myanimelist.net/images/manga/3/33252l.jpg
159,The Innocent,The Innocent,THE INNOCENT,Manga,5971,7.16,2010,https://cdn.myanimelist.net/images/manga/1/178196l.jpg
160,Dark Air,,다크에어,Manhwa,5921,7.33,2010,https://cdn.myanimelist.net/images/manga/1/62491l.jpg
161,Mashikaku Rock,,マシカク・ロック,Manga,5897,7.17,2010,https://cdn.myanimelist.net/images/manga/3/173789l.jpg
162,Itokoi Chidori,,愛恋千鳥,Manga,5794,5.96,2010,https://cdn.myanimelist.net/images/manga/3/60155l.jpg
163,Tokyo Ravens,,東京レイヴンズ,Light Novel,5776,7.8,2010,https://cdn.myanimelist.net/images/manga/1/150362l.jpg
164,City of Darkness,,九龍城寨,Manhua,5774,7.37,2010,https://cdn.myanimelist.net/images/manga/2/48489l.jpg
165,Panty & Stocking with Garterbelt,,パンティ&ストッキング with Garterbelt,Manga,5717,6.67,2010,https://cdn.myanimelist.net/images/manga/3/208641l.jpg
166,Kamikamikaeshi,Kamikamikaeshi,かみかみかえし,Manga,5604,7.34,2010,https://cdn.myanimelist.net/images/manga/1/161232l.jpg
167,Destroy and Revolution,,デストロイアンドレボリューション,Manga,5514,6.62,2010,https://cdn.myanimelist.net/images/manga/1/63977l.jpg
168,Kara no Kyoukai: The Garden of Sinners,,空の境界 the Garden of sinners,Manga,5454,7.72,2010,https://cdn.myanimelist.net/images/manga/5/67635l.jpg
169,Conductor,,コンダクター,Manga,5439,7.5,2010,https://cdn.myanimelist.net/images/manga/1/275968l.jpg
170,Kiss made no Kyori,,キスまでの距離,Manga,5422,7.15,2010,https://cdn.myanimelist.net/images/manga/2/39563l.jpg
171,Groundless,,GROUNDLESS,Manga,5399,7.55,2010,https://cdn.myanimelist.net/images/manga/3/139775l.jpg
172,Minimum,,ミニマム,Manga,5366,6.36,2010,https://cdn.myanimelist.net/images/manga/1/62141l.jpg
173,Fairy Tail+,,FAIRY TAIL+,Manga,5351,7.15,2010,https://cdn.myanimelist.net/images/manga/3/118931l.jpg
174,Chimoguri Ringo to Kingyobachi Otoko,,血潜り林檎と金魚鉢男,Manga,5324,6.78,2010,https://cdn.myanimelist.net/images/manga/1/193671l.jpg
175,Rakko 11-gou,Otter No. 11,ラッコ11号,One-shot,5275,6.44,2010,https://cdn.myanimelist.net/images/manga/3/34222l.jpg
176,Haruwaka,,はるわか,Manga,5259,6.11,2010,https://cdn.myanimelist.net/images/manga/1/156354l.jpg
177,TSF Monogatari,,TSF 物語,Manga,5254,7.08,2010,https://cdn.myanimelist.net/images/manga/1/49687l.jpg
178,Philosophia,,philosophia,Manga,5250,6.92,2010,https://cdn.myanimelist.net/images/manga/3/157106l.jpg
179,SS Sisters,Super Sadistic Sisters,SSシスターズ,Manga,5215,6.17,2010,https://cdn.myanimelist.net/images/manga/3/158584l.jpg
180,Fukigen Cinderella,,フキゲンシンデレラ,Manga,5185,6.41,2010,https://cdn.myanimelist.net/images/manga/2/58175l.jpg
181,Liar x Liar,Liar x Liar,ライアー×ライアー,Manga,5178,7.08,2010,https://cdn.myanimelist.net/images/manga/2/197565l.jpg
182,Hentai Ouji to Warawanai Neko.,"The ""HENTAI"" prince and the stony cat.",変態王子と笑わない猫。,Light Novel,5174,7.47,2010,https://cdn.myanimelist.net/images/manga/3/167383l.jpg
183,Hitori-tachi,,ひとりたち,Manga,5159,7.91,2010,https://cdn.myanimelist.net/images/manga/2/262915l.jpg
184,Cerberus,,ケルベロス,Manga,5102,6.59,2010,https://cdn.myanimelist.net/images/manga/3/117661l.jpg
185,Futagami☆Double,,フタガミ☆ダブル,One-shot,5081,7.02,2010,https://cdn.myanimelist.net/images/manga/1/26645l.jpg
186,Akaki Tsuki no Meguru Koro,,赤き月の廻るころ,Manga,5024,6.98,2010,https://cdn.myanimelist.net/images/manga/5/135009l.jpg
187,Mad Cinderella,Mad Cinderella,マッドシンデレラ,Manga,5019,7.57,2010,https://cdn.myanimelist.net/images/manga/2/174368l.jpg
188,Bokura no Koi wa Shi ni Itaru Yamai no You de,,僕らの恋は死にいたる病のようで,Manga,5003,6.52,2010,https://cdn.myanimelist.net/images/manga/2/148065l.jpg
189,Warui Koibito ja Dame?,,ワルイ恋人じゃダメ?,Manga,4960,7.74,2010,https://cdn.myanimelist.net/images/manga/5/41887l.jpg
190,Renai Manga,My Loved Cartoonist and Clumsy Me.,レンアイマンガ,Manga,4957,6.91,2010,https://cdn.myanimelist.net/images/manga/3/242950l.jpg
191,Kuchibiru ni Suketa Orange,A Transparent Orange in the Lip,くちびるに透けたオレンジ,Manga,4904,6.73,2010,https://cdn.myanimelist.net/images/manga/3/173657l.jpg
192,Ojousama no Untenshu,The Heiress and the Chauffeur,お嬢様の運転手,Manga,4836,7.42,2010,https://cdn.myanimelist.net/images/manga/1/287289l.jpg
193,Itoshi no Nekokke,My Darling Kitten Hair,いとしの猫っ毛,Manga,4816,8.04,2010,https://cdn.myanimelist.net/images/manga/2/262379l.jpg
194,Nozomu Nozomi,,のぞむのぞみ,Manga,4806,6.32,2010,https://cdn.myanimelist.net/images/manga/1/164500l.jpg
195,"Haikei, Niisan-sama",,拝啓、兄さん様,Manga,4794,7.54,2010,https://cdn.myanimelist.net/images/manga/1/90353l.jpg
196,La Pomme Prisonnière,,ポム・プリゾニエール,Manga,4750,6.36,2010,https://cdn.myanimelist.net/images/manga/2/170594l.jpg
197,Kirakira no Hibi,,キラキラの日々,Manga,4718,7.38,2010,https://cdn.myanimelist.net/images/manga/3/286561l.jpg
198,Kaitai Shinsho Ø,,怪体真書Ø,Manga,4704,7.32,2010,https://cdn.myanimelist.net/images/manga/3/191253l.jpg
199,&,,＆ －アンド－,Manga,4598,7.37,2010,https://cdn.myanimelist.net/images/manga/3/59089l.jpg
200,Dantalian no Shoka,,ダンタリアンの書架,Manga,4495,7.35,2010,https://cdn.myanimelist.net/images/manga/2/243920l.jpg
201,Liar Game: Roots of A #2,,LIAR GAME roots of A #2,One-shot,4479,6.97,2010,https://cdn.myanimelist.net/images/manga/1/38776l.jpg
202,Furou Kyoudai,,不老姉弟,Manga,4441,6.98,2010,https://cdn.myanimelist.net/images/manga/1/270292l.jpg
203,Dragon Ball SD,,ドラゴンボールSD,Manga,4436,6.72,2010,https://cdn.myanimelist.net/images/manga/2/135399l.jpg
204,Kimi no Neiro,Your Melody,キミノネイロ,Manga,4424,7.23,2010,https://cdn.myanimelist.net/images/manga/1/39119l.jpg
205,Zettai†Joousei,,絶対†女王政,Manga,4417,7.17,2010,https://cdn.myanimelist.net/images/manga/3/187412l.jpg
206,Yukarism,Yukarism,ゆかりズム,Manga,4369,7.63,2010,https://cdn.myanimelist.net/images/manga/2/166921l.jpg
207,Ringo ni Hachimitsu,Apple and Honey,リンゴに蜂蜜,Manga,4343,7.28,2010,https://cdn.myanimelist.net/images/manga/1/40427l.jpg
208,Double Baby,,ダブルベイビー,Manga,4299,7.02,2010,https://cdn.myanimelist.net/images/manga/2/69983l.jpg
209,Amagami: Love Goes On!,,アマガミ Love goes on!,Manga,4286,7.4,2010,https://cdn.myanimelist.net/images/manga/2/89631l.jpg
210,1/11: Juuichi Bun no Ichi,,1/11 じゅういちぶんのいち,Manga,4273,7.67,2010,https://cdn.myanimelist.net/images/manga/1/165621l.jpg
211,Kiniro Mosaic,Kiniro Mosaic,きんいろモザイク,Manga,4264,7.71,2010,https://cdn.myanimelist.net/images/manga/3/41828l.jpg
212,Nise no Chigiri,,二世の契り,Manga,4242,7.05,2010,https://cdn.myanimelist.net/images/manga/1/170928l.jpg
213,Boku wa Tomodachi ga Sukunai+,,僕は友達が少ない+,Manga,4210,7.11,2010,https://cdn.myanimelist.net/images/manga/3/64267l.jpg
214,Hana ni Kedamono,,花にけだもの,Manga,4167,7.31,2010,https://cdn.myanimelist.net/images/manga/3/39706l.jpg
215,Hitomi no Dokusenyoku,,瞳の独占欲,Manga,4120,7.17,2010,https://cdn.myanimelist.net/images/manga/2/59881l.jpg
216,Kagaku na Yatsura,,カガクなヤツら,Manga,4119,6.58,2010,https://cdn.myanimelist.net/images/manga/2/188895l.jpg
217,Gekka Bijin,Blade of the Moon Princess,月華美刃,Manga,4107,6.74,2010,https://cdn.myanimelist.net/images/manga/2/197654l.jpg
218,G-Maru Edition,,ジーまるえでぃしょん,Manga,4079,6.35,2010,https://cdn.myanimelist.net/images/manga/3/70733l.jpg
219,Kamisama no Inai Nichiyoubi,,神さまのいない日曜日,Manga,4067,7.08,2010,https://cdn.myanimelist.net/images/manga/1/100287l.jpg
220,Banana no Nana,,バナナのナナ,Manga,3990,6.17,2010,https://cdn.myanimelist.net/images/manga/2/188913l.jpg
221,Rakshasa Street,,镇魂街,Manhua,3978,7.18,2010,https://cdn.myanimelist.net/images/manga/4/258933l.jpg
222,2 Kaime no Hajimete no Koi,,２回目のはじめての恋,One-shot,3895,6.28,2010,https://cdn.myanimelist.net/images/manga/3/111685l.jpg
223,Red Raven,,Red Raven,Manga,3894,7.13,2010,https://cdn.myanimelist.net/images/manga/2/91845l.jpg
224,Sweet Guilty Love Bites,,スウィートギルティラブバイツ,Manga,3888,7.19,2010,https://cdn.myanimelist.net/images/manga/2/66933l.jpg
225,Nichijousahan Bi - Beautiful Life,,日常茶飯美 - Beautiful Life,Manga,3849,7.25,2010,https://cdn.myanimelist.net/images/manga/2/32130l.jpg
226,Kotoura-san,Kotoura-San,琴浦さん,Manga,3847,7.01,2010,https://cdn.myanimelist.net/images/manga/1/76501l.jpg
227,Zero no Tsukaima Chevalier,Zero's Familiar: Chevalier,ゼロの使い魔 シュヴァリエ,Manga,3844,7.32,2010,https://cdn.myanimelist.net/images/manga/2/173857l.jpg
228,Kohitsuji Project,,子羊プロジェクト,Manga,3840,7.51,2010,https://cdn.myanimelist.net/images/manga/3/201123l.jpg
229,Air Koi,,エアコイ,Manga,3839,7.3,2010,https://cdn.myanimelist.net/images/manga/3/35234l.jpg
229,Balance Policy,,バランスポリシー,Manga,3839,6.49,2010,https://cdn.myanimelist.net/images/manga/2/260632l.jpg
231,S.I.D.,S.I.D.,특영반,Manhwa,3838,7.33,2010,https://cdn.myanimelist.net/images/manga/3/64025l.jpg
232,Power Play!,Power Play!,Powerプレイ！,Manga,3798,7.57,2010,https://cdn.myanimelist.net/images/manga/3/64047l.jpg
233,Iyada nante Iwasenai,,イヤだなんて言わせない,Manga,3793,6.94,2010,https://cdn.myanimelist.net/images/manga/1/40369l.jpg
234,"Kakemakumo, Kashikoki",,かけまくも、かしこき,Manga,3785,6.99,2010,https://cdn.myanimelist.net/images/manga/3/189541l.jpg
235,Magnolia,,Magnolia,Manga,3755,7.15,2010,https://cdn.myanimelist.net/images/manga/1/153311l.jpg
236,Bloody Kiss,,Bloody Kiss,Manga,3741,6.74,2010,https://cdn.myanimelist.net/images/manga/3/132983l.jpg
237,Kintoki: Kinmezoku no Toki,Kintoki: Toki of the Kinme Clan,KINTOKI 金目族のトキ,One-shot,3715,6.56,2010,https://cdn.myanimelist.net/images/manga/2/283131l.jpg
237,Kiss Wood,,키스우드,Manhwa,3715,7.57,2010,https://cdn.myanimelist.net/images/manga/1/65275l.jpg
239,Sazanami Cherry,,さざなみチェリー,Manga,3710,6.76,2010,https://cdn.myanimelist.net/images/manga/3/128129l.jpg
240,Fella Hame Lips,,フェラハメりっぷす,Manga,3702,7.52,2010,https://cdn.myanimelist.net/images/manga/3/146431l.jpg
241,The Legend of the Sun Knight,,吾命騎士,Manhua,3697,7.59,2010,https://cdn.myanimelist.net/images/manga/2/173340l.jpg
242,Ikemen-kun to Saenai-kun,,イケメン君とさえない君,Manga,3645,7.04,2010,https://cdn.myanimelist.net/images/manga/1/34865l.jpg
243,Hanza Sky,,ハンザスカイ,Manga,3632,7.16,2010,https://cdn.myanimelist.net/images/manga/2/148803l.jpg
243,Love♥Zipper,,LOVE♥ZIPPER,Manga,3632,7.33,2010,https://cdn.myanimelist.net/images/manga/3/154432l.jpg
245,Yu☆Gi☆Oh! Zexal,Yu-Gi-Oh! Zexal,遊☆戯☆王 ZEXAL,Manga,3631,6.87,2010,https://cdn.myanimelist.net/images/manga/1/178242l.jpg
246,Last Ranker: Be the Last One,,LAST RANKER-Be The Last One-,Manga,3596,7.02,2010,https://cdn.myanimelist.net/images/manga/1/318387l.jpg
247,Totally Captivated: The Last Episode,,완전무결한 그들의 마지막 이야기,Doujinshi,3590,7.99,2010,https://cdn.myanimelist.net/images/manga/3/30851l.jpg
248,Onnanoko wa Koi wo Suru to Mousou Shichaun desu.,,女の子は恋を すると妄想しちゃうんです。,Manga,3584,7.15,2010,https://cdn.myanimelist.net/images/manga/3/150298l.jpg
249,1/2 L♡VE!,,1/2 L♡VE！,Manga,3572,6.73,2010,https://cdn.myanimelist.net/images/manga/3/111051l.jpg
250,Nana Maru San Batsu,,ナナマル サンバツ,Manga,3564,7.34,2010,https://cdn.myanimelist.net/images/manga/2/187861l.jpg
251,Hajimari no Natsu,,はじまりの夏,Manga,3551,6.96,2010,https://cdn.myanimelist.net/images/manga/2/74051l.jpg
252,Chronos: Deep,,CHRONOS-DEEP-,Manga,3518,7.04,2010,https://cdn.myanimelist.net/images/manga/2/172719l.jpg
253,Koakuma Kanojo,Cute Devil Girlfriend,小悪魔カノジョ,Manga,3511,7.32,2010,https://cdn.myanimelist.net/images/manga/1/87647l.jpg
254,Donten Prism Solar Car,,曇天・プリズム・ソーラーカー,Manga,3498,7.04,2010,https://cdn.myanimelist.net/images/manga/1/41856l.jpg
255,Delivery Cinderella,,デリバリーシンデレラ,Manga,3474,6.54,2010,https://cdn.myanimelist.net/images/manga/1/188777l.jpg
256,Kanchigai Hime to Usotsuki Shimobe,,かんちがい姫と嘘つき僕,Manga,3471,6.91,2010,https://cdn.myanimelist.net/images/manga/1/72445l.jpg
257,Sugarless,,シュガーレス,Manga,3467,7.02,2010,https://cdn.myanimelist.net/images/manga/1/169589l.jpg
258,Naruto Ninden Series,,NARUTO -ナルト- 忍伝シリーズ,Light Novel,3448,7.62,2010,https://cdn.myanimelist.net/images/manga/2/70963l.jpg
259,Cross Days,,クロスデイズ,Manga,3440,6.18,2010,https://cdn.myanimelist.net/images/manga/1/100765l.jpg
260,Ane Koi,Ane Koi: Elder Sister Love,姉恋,Manga,3431,7.42,2010,https://cdn.myanimelist.net/images/manga/3/68465l.jpg
261,Okujou-hime,Princess on the Roof,屋上姫,Manga,3411,6.4,2010,https://cdn.myanimelist.net/images/manga/1/148877l.jpg
262,Ayame to Amane,,あやめとあまね,Manga,3407,6.53,2010,https://cdn.myanimelist.net/images/manga/3/210547l.jpg
263,Golden Boy II: Sasurai no Obenkyou Yarou Geinoukai Ooabare-hen,,GOLDEN BOY II 〜さすらいのお勉強野郎 芸能界大暴れ編〜,Manga,3404,6.33,2010,https://cdn.myanimelist.net/images/manga/1/113633l.jpg
264,Radical Blood Monster,,ラジカル・ブラッド・モンスター,Manga,3400,7.3,2010,https://cdn.myanimelist.net/images/manga/3/80753l.jpg
265,Udon no Hito,The Lady of Udon,うどんの女,Manga,3397,7.06,2010,https://cdn.myanimelist.net/images/manga/5/262002l.jpg
266,Flying☆Witch,,ふらいんぐ☆ういっち,One-shot,3372,7.05,2010,https://cdn.myanimelist.net/images/manga/3/40415l.jpg
267,Citrus,,シトラス,Manga,3367,7.08,2010,https://cdn.myanimelist.net/images/manga/3/101283l.jpg
268,Candy,,キャンディ,Manga,3346,7.1,2010,https://cdn.myanimelist.net/images/manga/3/112595l.jpg
269,Sword Art☆Online.,,そーどあーと☆おんらいん。,Manga,3334,7.46,2010,https://cdn.myanimelist.net/images/manga/2/185073l.jpg
270,Senpai,,先輩,Manga,3324,7.49,2010,https://cdn.myanimelist.net/images/manga/3/70631l.jpg
271,Gachirin ni Kirisaku,,月輪に斬り咲く,Manga,3309,6.63,2010,https://cdn.myanimelist.net/images/manga/3/152035l.jpg
272,Colorful Harvest,Colorful Harvest,からふるはーべすと,Manga,3303,6.49,2010,https://cdn.myanimelist.net/images/manga/3/44191l.jpg
273,Fukurou-kun to Kare,,ふくろうくんとカレ,Manga,3283,7.13,2010,https://cdn.myanimelist.net/images/manga/3/333898l.jpg
274,Usotsuki Kusuriyubi,,嘘つきくすりゆび,Manga,3266,7.24,2010,https://cdn.myanimelist.net/images/manga/1/172313l.jpg
275,Sensei wa Sadistic,,先生はサディスティック,Manga,3263,7.52,2010,https://cdn.myanimelist.net/images/manga/1/108659l.jpg
276,Fetish Berry,,フェティッシュベリー,Manga,3236,6.97,2010,https://cdn.myanimelist.net/images/manga/2/162743l.jpg
277,Shiro Ali,,白アリッッ,Manga,3227,7.4,2010,https://cdn.myanimelist.net/images/manga/1/170578l.jpg
278,Toumei Ningen no Tsukurikata,How to make an invisible man.,透明人間の作り方,Manga,3210,6.92,2010,https://cdn.myanimelist.net/images/manga/3/157120l.jpg
279,Mousou Cherry,,妄想チェリー,Manga,3206,6.97,2010,https://cdn.myanimelist.net/images/manga/3/42037l.jpg
280,Hitotsu Futatsu Himitsu,,ひとつふたつひみつ,Manga,3201,6.92,2010,https://cdn.myanimelist.net/images/manga/3/86203l.jpg
281,Hagure Yuusha no Aesthetica,,はぐれ勇者の鬼畜美学〈エステティカ〉,Light Novel,3199,7.26,2010,https://cdn.myanimelist.net/images/manga/1/168047l.jpg
282,Alyosha!,,アリョーシャ,Manga,3198,7.08,2010,https://cdn.myanimelist.net/images/manga/3/68283l.jpg
282,Chiruran: Shinsengumi Requiem,The Shinsengumi,ちるらん 新撰組鎮魂歌〈レクイエム〉,Manga,3198,7.08,2010,https://cdn.myanimelist.net/images/manga/3/162944l.jpg
284,Hanasaku Iroha,,花咲くいろは,Manga,3192,7.3,2010,https://cdn.myanimelist.net/images/manga/1/153536l.jpg
285,"Houkago, Sensei to Koi ni Ochiru",,放課後、先生と恋に堕ちる,Manga,3182,6.94,2010,https://cdn.myanimelist.net/images/manga/2/148059l.jpg
286,Denpa Onna to Seishun Otoko,,電波女と青春男,Manga,3180,7.11,2010,https://cdn.myanimelist.net/images/manga/3/136111l.jpg
287,He Loves You,,HE LOVES YOU,Manga,3135,7.45,2010,https://cdn.myanimelist.net/images/manga/3/82194l.jpg
288,Aku no Meshitsukai,,悪ノ召使,Manga,3128,7.54,2010,https://cdn.myanimelist.net/images/manga/2/69961l.jpg
289,Tsukimi-sou no Akari,,月見荘のあかり,Manga,3125,7.18,2010,https://cdn.myanimelist.net/images/manga/3/165254l.jpg
290,Bakemonogatari Short Stories,,化物語アニメコンプリートガイドブック,Light Novel,3121,7.65,2010,https://cdn.myanimelist.net/images/manga/1/275369l.jpg
291,Boukyaku no Haou Rolan,Rolan the Forgotten King,忘却の覇王 ロラン,Manga,3114,6.95,2010,https://cdn.myanimelist.net/images/manga/1/129029l.jpg
291,Hajimete Datteba!,,はじめてだってば！,Manga,3114,6.75,2010,https://cdn.myanimelist.net/images/manga/1/71407l.jpg
293,"Dakara Boku wa, H ga Dekinai.",So I can't play H.,だから僕は、Ｈができない。,Light Novel,3086,7.13,2010,https://cdn.myanimelist.net/images/manga/3/148499l.jpg
294,Gu Fang Bu Zi Shang,,孤芳不自賞,Manhua,3083,7.51,2010,https://cdn.myanimelist.net/images/manga/1/83194l.jpg
295,Kurogane,,クロガネ,One-shot,3068,7.22,2010,https://cdn.myanimelist.net/images/manga/1/45653l.jpg
296,Seishokuki,,性食鬼,Manga,3047,6.06,2010,https://cdn.myanimelist.net/images/manga/2/137157l.jpg
297,Metallica Metalluca,,メタリカメタルカ,Manga,3044,6.26,2010,https://cdn.myanimelist.net/images/manga/2/35169l.jpg
298,Blood Soul,,ブラッドソウル,Manga,3025,6.54,2010,https://cdn.myanimelist.net/images/manga/2/174525l.jpg
299,Mitsuai Celeb,,蜜愛セレブ,Manga,3021,6.75,2010,https://cdn.myanimelist.net/images/manga/4/101057l.jpg
300,Devil's Honey,Devil's Honey,デビルズハニー,Manga,2999,7.66,2010,https://cdn.myanimelist.net/images/manga/2/266826l.jpg
300,Nishikaidan no Akuma,,西階段の悪魔,Doujinshi,2999,6.15,2010,https://cdn.myanimelist.net/images/manga/2/146669l.jpg
302,Ookami-san to Shichinin no Nakama-tachi,,オオカミさんと七人の仲間たち,Manga,2993,7.2,2010,https://cdn.myanimelist.net/images/manga/2/163082l.jpg
303,Oneechan ga Kita,,お姉ちゃんが来た,Manga,2976,6.8,2010,https://cdn.myanimelist.net/images/manga/2/191287l.jpg
304,Bench,,ベンチ,One-shot,2969,6.29,2010,https://cdn.myanimelist.net/images/manga/3/252248l.jpg
305,Koi to Senkyo to Chocolate,"Love, Election & Chocolate.",恋と選挙とチョコレート,Manga,2968,7.01,2010,https://cdn.myanimelist.net/images/manga/1/171567l.jpg
306,Shuuden ni wa Kaeshimasu,,終電にはかえします,Manga,2966,7.24,2010,https://cdn.myanimelist.net/images/manga/1/123387l.jpg
307,Kanojo de Ippai,,彼女で満室,Manga,2962,6.85,2010,https://cdn.myanimelist.net/images/manga/2/119411l.jpg
308,Principal,,プリンシパル,Manga,2956,7.49,2010,https://cdn.myanimelist.net/images/manga/1/198443l.jpg
309,Hitsugi no Chaika,,棺姫〈ひつぎ〉のチャイカ,Light Novel,2944,7.39,2010,https://cdn.myanimelist.net/images/manga/1/118449l.jpg
310,Boku no Hitsugi de Bansan wo,,僕の棺で晩餐を,Manga,2930,7.0,2010,https://cdn.myanimelist.net/images/manga/3/105135l.jpg
311,Oniichan dakedo Ai sae Areba Kankeinai yo ne!,,お兄ちゃんだけど愛さえあれば関係ないよねっ,Light Novel,2921,7.12,2010,https://cdn.myanimelist.net/images/manga/1/215857l.jpg
312,Raubritter*,,ローブリッター,Manga,2919,6.49,2010,https://cdn.myanimelist.net/images/manga/1/34644l.jpg
313,Chocolate Girl,,チョコレートガール,Manga,2908,7.06,2010,https://cdn.myanimelist.net/images/manga/2/174825l.jpg
314,7-jikanme no Note,Score of seventh class.,7時間目の音符〈ノート〉,Manga,2906,7.21,2010,https://cdn.myanimelist.net/images/manga/2/188842l.jpg
315,Kunisaki Izumo no Jijou,,國崎出雲の事情,Manga,2903,7.38,2010,https://cdn.myanimelist.net/images/manga/3/58173l.jpg
316,Josou Shounen Anthology Comic,,女装少年アンソロジーコミック,Manga,2875,7.14,2010,https://cdn.myanimelist.net/images/manga/3/111219l.jpg
317,Highschool of the Head,,学園黙示録 HIGHSCHOOL OF THE HEAD,Manga,2871,6.63,2010,https://cdn.myanimelist.net/images/manga/1/166342l.jpg
318,Natsu no Kakera,,夏のかけら,Manga,2836,7.53,2010,https://cdn.myanimelist.net/images/manga/1/269044l.jpg
319,Nigeru Otoko,,逃げる男,Manga,2832,6.52,2010,https://cdn.myanimelist.net/images/manga/3/40768l.jpg
320,Coda,,coda [コーダ],Manga,2831,7.51,2010,https://cdn.myanimelist.net/images/manga/1/114853l.jpg
321,Risou no Kareshi-tachi,,理想のカレシたち,One-shot,2830,6.32,2010,https://cdn.myanimelist.net/images/manga/2/116051l.jpg
322,Sagatte Omachi Kudasai,,下がってお待ち下さい,Manga,2811,7.16,2010,https://cdn.myanimelist.net/images/manga/2/57373l.jpg
323,Katekyo! Brap dj - Kemomimi,,ケモミミ！,Doujinshi,2797,7.54,2010,https://cdn.myanimelist.net/images/manga/3/46395l.jpg
324,Otodokeshimasu,,お届けします,Manga,2742,6.84,2010,https://cdn.myanimelist.net/images/manga/3/310872l.jpg
325,Tonari no Jijou,,となりの事情,Manga,2703,7.13,2010,https://cdn.myanimelist.net/images/manga/3/133453l.jpg
326,Space Chef Caisar,,スペースシェフ シーザー,Manga,2696,6.08,2010,https://cdn.myanimelist.net/images/manga/3/180450l.jpg
327,Iiki no Ki,Demon from Afar,異域之鬼,Manga,2692,6.69,2010,https://cdn.myanimelist.net/images/manga/2/174434l.jpg
328,Momo Raba,,ももらば,Manga,2690,7.27,2010,https://cdn.myanimelist.net/images/manga/1/41196l.jpg
329,Samurai Drive,Samurai Drive,サムライドライブ,Manga,2687,7.11,2010,https://cdn.myanimelist.net/images/manga/1/36031l.jpg
330,Sekai Maou,,セカイ魔王,Manga,2685,7.34,2010,https://cdn.myanimelist.net/images/manga/1/188943l.jpg
331,Bloody Maiden: Toomarimiki no Shima,,BLOODY MAIDEN ～十三鬼の島～,Manga,2683,5.61,2010,https://cdn.myanimelist.net/images/manga/3/57871l.jpg
332,"Yume no Shizuku, Kin no Torikago",,夢の雫、黄金〈きん〉の鳥籠,Manga,2636,7.57,2010,https://cdn.myanimelist.net/images/manga/1/285111l.jpg
333,Seikoku no Dragonar,,星刻の竜騎士〈ドラグナー〉,Light Novel,2624,7.28,2010,https://cdn.myanimelist.net/images/manga/3/158134l.jpg
334,Bijin Kakumei,,美人革命,Manga,2617,6.64,2010,https://cdn.myanimelist.net/images/manga/2/40306l.jpg
335,Past Future,,ぱすとふゅーちゃー,Manga,2603,6.82,2010,https://cdn.myanimelist.net/images/manga/3/86441l.jpg
336,Brothers Conflict,,ブラザーズ コンフリクト,Light Novel,2597,7.12,2010,https://cdn.myanimelist.net/images/manga/2/39289l.jpg
337,Hito ni Ienai Aidagara,,人に言えない間柄,Manga,2567,7.16,2010,https://cdn.myanimelist.net/images/manga/1/36588l.jpg
338,Heart no Kuni no Alice: Boushiya to Shinya no Ochakai,Alice in the Country of Hearts: The Mad Hatter's Late Night Tea Party,ハートの国のアリス ～帽子屋と深夜のお茶会～,Manga,2565,7.3,2010,https://cdn.myanimelist.net/images/manga/2/38209l.jpg
339,Bullet Armors,,BULLET ARMORS バレットアーマーズ,Manga,2552,6.59,2010,https://cdn.myanimelist.net/images/manga/2/105867l.jpg
340,Tenchi Shinmei!,,天地神鳴!,Manga,2550,7.3,2010,https://cdn.myanimelist.net/images/manga/4/113809l.jpg
341,Katekyo! Special Booklets,,カテキョ！ SPECIAL BOOK,Manga,2530,7.78,2010,https://cdn.myanimelist.net/images/manga/1/64245l.jpg
342,Ade-iro Yuugi,,艶色遊戯,Manga,2529,6.81,2010,https://cdn.myanimelist.net/images/manga/1/40738l.jpg
343,Eve no Jikan,,イヴの時間,Manga,2528,7.22,2010,https://cdn.myanimelist.net/images/manga/2/130963l.jpg
344,Under One Roof,,under one roof,Manga,2521,7.02,2010,https://cdn.myanimelist.net/images/manga/2/132767l.jpg
345,Sugar Apple Fairy Tale,Sugar Apple Fairy Tale,シュガーアップル・フェアリーテイル,Light Novel,2520,7.73,2010,https://cdn.myanimelist.net/images/manga/3/137949l.jpg
346,Karasu ni Diamond,,カラスにダイヤモンド,Manga,2516,6.89,2010,https://cdn.myanimelist.net/images/manga/3/84791l.jpg
347,Kamisama no Memochou,,神様のメモ帳,Manga,2484,7.24,2010,https://cdn.myanimelist.net/images/manga/1/82624l.jpg
348,Mizu no Haru,,水の春,Manga,2475,7.07,2010,https://cdn.myanimelist.net/images/manga/2/73369l.jpg
349,Choujigen Game Neptune: Megami Tsuushin,,超次元ゲイム ネプテューヌ ~めがみつうしん~,Manga,2474,7.51,2010,https://cdn.myanimelist.net/images/manga/3/120037l.jpg
350,Bara to Dangan,,バラと弾丸,One-shot,2464,6.83,2010,https://cdn.myanimelist.net/images/manga/3/82052l.jpg
351,Ikumen☆After,,イクメン☆アフター,Manga,2447,7.68,2010,https://cdn.myanimelist.net/images/manga/3/71155l.jpg
352,500-nen no Itonami,His Romance of 500 Years,500年の営み,Manga,2426,7.29,2010,https://cdn.myanimelist.net/images/manga/1/72559l.jpg
353,"Sensei to, Uwakichuu",,先生と、浮気中,Manga,2425,6.95,2010,https://cdn.myanimelist.net/images/manga/1/39707l.jpg
354,Kanojo ga Kare ni Ochiru Wake,,彼女が彼に落ちる理由〈わけ〉,Manga,2420,6.97,2010,https://cdn.myanimelist.net/images/manga/3/39722l.jpg
355,Shinseiki Evangelion: Ikari Shinji Tantei Nikki,Neon Genesis Evangelion: The Shinji Ikari Detective Diary,新世紀エヴァンゲリオン 碇シンジ探偵日記,Manga,2408,6.37,2010,https://cdn.myanimelist.net/images/manga/1/145055l.jpg
356,Love Share,,ラブ・シェア,Manga,2395,7.31,2010,https://cdn.myanimelist.net/images/manga/2/39742l.jpg
356,Te wo Tsunaide Koi wo,,手をつないで恋を,Manga,2395,6.85,2010,https://cdn.myanimelist.net/images/manga/1/170922l.jpg
358,"Houkago, Seifuku wo Nuide",,放課後、制服を脱いで,Manga,2392,6.48,2010,https://cdn.myanimelist.net/images/manga/2/38475l.jpg
359,Manazashi no Hayagane,,まなざしの早鐘,Manga,2391,7.16,2010,https://cdn.myanimelist.net/images/manga/3/59919l.jpg
360,Ningyo ga Fuchi,,人魚ヶ淵,One-shot,2383,6.96,2010,https://cdn.myanimelist.net/images/manga/1/83408l.jpg
361,Tony Takezaki no Evangelion,Tony Takezaki's Neon Genesis Evangelion,トニーたけざきのエヴァンゲリオン,Manga,2376,7.06,2010,https://cdn.myanimelist.net/images/manga/1/143805l.jpg
362,Koi made Hyakurin,100 Blossoms To Love,恋まで百輪,Manga,2366,7.24,2010,https://cdn.myanimelist.net/images/manga/2/64913l.jpg
362,Mako to Aki-chan no Koigokoro,,マコとアキちゃんの恋心,Manga,2366,7.06,2010,https://cdn.myanimelist.net/images/manga/2/61115l.jpg
364,Soushokukei Ism,,草食系イズム,Manga,2358,6.71,2010,https://cdn.myanimelist.net/images/manga/1/71209l.jpg
365,Shoujo no Toge,Every Girl Has Her Thorns,少女のトゲ,Manga,2353,7.06,2010,https://cdn.myanimelist.net/images/manga/3/110177l.jpg
366,Ilegenes: Giyoku no Koukyoukyoku,,イルゲネス～偽翼の交響曲～,Manga,2321,7.27,2010,https://cdn.myanimelist.net/images/manga/1/63197l.jpg
367,Song of the Doll,,인형歌,Manhwa,2316,7.06,2010,https://cdn.myanimelist.net/images/manga/1/286733l.jpg
368,Koi no Suicide,,恋のスーサイド,One-shot,2309,6.4,2010,https://cdn.myanimelist.net/images/manga/3/37026l.jpg
369,Beast 9,,비스트 나인,Manhwa,2298,6.87,2010,https://cdn.myanimelist.net/images/manga/1/94797l.jpg
370,Kingdom Hearts: Birth by Sleep,Kingdom Hearts: Birth by Sleep,キングダム ハーツ Birth by Sleep,Light Novel,2297,7.46,2010,https://cdn.myanimelist.net/images/manga/3/283851l.jpg
371,After School,,アフタースクール,Manga,2283,7.31,2010,https://cdn.myanimelist.net/images/manga/3/90179l.jpg
372,Love You!,,らぶゆ!,Manga,2276,5.98,2010,https://cdn.myanimelist.net/images/manga/2/163759l.jpg
373,Klan,,KLAN（クラン）,Manga,2267,6.81,2010,https://cdn.myanimelist.net/images/manga/1/54055l.jpg
374,Mitsukoi Honey,,蜜恋 Honey,Manga,2263,6.83,2010,https://cdn.myanimelist.net/images/manga/1/120861l.jpg
375,Haikyo Shoujo,,廃墟少女,Manga,2252,7.15,2010,https://cdn.myanimelist.net/images/manga/1/269647l.jpg
376,Koi♥Mane,,コイ♥マネ,Manga,2244,6.58,2010,https://cdn.myanimelist.net/images/manga/1/81916l.jpg
377,Boku no Idol,,ボクのアイドル,One-shot,2243,6.44,2010,https://cdn.myanimelist.net/images/manga/2/29923l.jpg
377,Toaru Majutsu no Index SS: Norse Mythology,A Certain Magical Index SS: Norse Mythology,とある魔術の禁書目録SS,Light Novel,2243,7.61,2010,https://cdn.myanimelist.net/images/manga/3/55293l.jpg
379,Steins;Gate: Youen no Valhalla,,遥遠のヴァルハラ,Light Novel,2228,7.76,2010,https://cdn.myanimelist.net/images/manga/2/83621l.jpg
380,Idol☆Sister,,アイドル☆シスター,Manga,2224,7.24,2010,https://cdn.myanimelist.net/images/manga/3/68831l.jpg
380,Yuukoku no Rasputin,,憂国のラスプーチン,Manga,2224,6.76,2010,https://cdn.myanimelist.net/images/manga/2/144087l.jpg
382,Kimi wo Chuushin ni Sekai wa Mawaru,,キミを中心に世界はまわる,Manga,2221,7.05,2010,https://cdn.myanimelist.net/images/manga/2/161130l.jpg
383,Delinquent Cinderella,,불량 신데렐라,Manhwa,2220,7.24,2010,https://cdn.myanimelist.net/images/manga/1/39686l.jpg
384,Ane no Kekkon,,姉の結婚,Manga,2215,7.12,2010,https://cdn.myanimelist.net/images/manga/2/41661l.jpg
385,Equus,,equus,Manga,2194,6.77,2010,https://cdn.myanimelist.net/images/manga/2/40663l.jpg
386,Parallel Lines,,パラレルライン,Manga,2183,7.04,2010,https://cdn.myanimelist.net/images/manga/2/74027l.jpg
387,Monochrome Myst,,Monochrome Myst,Manga,2182,6.98,2010,https://cdn.myanimelist.net/images/manga/2/80657l.jpg
387,Sabage-bu!,Survival Game Club!,さばげぶっ！,Manga,2182,6.98,2010,https://cdn.myanimelist.net/images/manga/1/186346l.jpg
389,Feng Yu Jiu Tian,The Ravishing of the Crown Prince,凤于九天,Manhua,2180,7.49,2010,https://cdn.myanimelist.net/images/manga/2/303637l.jpg
390,Tokyo Lastochika,,東京ラストチカ,Manga,2173,7.31,2010,https://cdn.myanimelist.net/images/manga/2/41734l.jpg
391,Okasubekarazu!! Junketsu Tokku!,,侵スベカラズ!! 純血特区!,Manga,2172,6.51,2010,https://cdn.myanimelist.net/images/manga/1/170856l.jpg
392,Hawkwood,,ホークウッド,Manga,2169,6.99,2010,https://cdn.myanimelist.net/images/manga/3/136319l.jpg
392,Yorokobi wa Hiza no Ue,,よろこびは膝の上,Manga,2169,6.81,2010,https://cdn.myanimelist.net/images/manga/3/40526l.jpg
394,Hidan no Aria AA,Aria the Scarlet Ammo Double A,緋弾のアリアAA,Manga,2161,7.24,2010,https://cdn.myanimelist.net/images/manga/3/211087l.jpg
395,Koibito wa 16-sai,,恋人は16さい,Manga,2154,6.99,2010,https://cdn.myanimelist.net/images/manga/3/66161l.jpg
396,Kamisama no Inai Nichiyoubi,,神さまのいない日曜日,Light Novel,2153,7.41,2010,https://cdn.myanimelist.net/images/manga/2/103531l.jpg
397,Ima♡Ria,Ima♡Real,いま♡りあ,Manga,2136,6.99,2010,https://cdn.myanimelist.net/images/manga/3/146393l.jpg
398,Green.,,Green．,Manga,2135,6.5,2010,https://cdn.myanimelist.net/images/manga/1/123871l.jpg
399,SiESTA,,SiESTA 시에스타,Manhwa,2118,7.27,2010,https://cdn.myanimelist.net/images/manga/4/43093l.jpg
400,Yakozen,,野狐禅,Manga,2109,7.2,2010,https://cdn.myanimelist.net/images/manga/1/41949l.jpg
401,Shinseiki Evangelion: Comic Tribute,Neon Genesis Evangelion: Comic Tribute,新世紀エヴァンゲリオン コミックトリビュート,Manga,2106,6.7,2010,https://cdn.myanimelist.net/images/manga/3/181288l.jpg
402,Living Dead!,The Living Dead!,りびんぐでっど!,Manga,2093,6.43,2010,https://cdn.myanimelist.net/images/manga/1/144459l.jpg
403,Kuutei Kaiko Toshi,,空挺懐古都市,Manga,2082,7.34,2010,https://cdn.myanimelist.net/images/manga/1/146557l.jpg
404,Dear!,,ディアー,Manga,2062,7.16,2010,https://cdn.myanimelist.net/images/manga/2/32996l.jpg
405,Kare wa Diablo!,,彼はディアボロ！,Manga,2060,6.93,2010,https://cdn.myanimelist.net/images/manga/2/143515l.jpg
405,Koi no Hajime,,恋のはじめ,Manga,2060,6.71,2010,https://cdn.myanimelist.net/images/manga/1/272088l.jpg
407,Teiden Shoujo to Hanemushi no Orchestra,,停電少女と羽蟲のオーケストラ,Manga,2058,7.37,2010,https://cdn.myanimelist.net/images/manga/4/39890l.jpg
408,Deep Clear,,Deep Clear 「Honey Bitter」×「こどものおもちゃ」特別番外編,Manga,2041,7.3,2010,https://cdn.myanimelist.net/images/manga/3/58043l.jpg
408,Lucifer no Migite,,ルシフェルの右手,Manga,2041,7.11,2010,https://cdn.myanimelist.net/images/manga/2/110209l.jpg
410,15: Meisetsu Kougyou Koukou Rugby-bu,FIFTEEN: Meisetsu Technical High School Rugby Football Club,15 明刹工業高校ラグビー部,Manga,2029,7.08,2010,https://cdn.myanimelist.net/images/manga/2/161797l.jpg
411,"Kai, Sasu",Stitches,怪、刺す,Light Novel,2028,6.29,2010,https://cdn.myanimelist.net/images/manga/2/115995l.jpg
412,Number Girl,,ナンバーガール,Manga,2025,7.09,2010,https://cdn.myanimelist.net/images/manga/2/176851l.jpg
413,Bokura no Yukue wa,,ぼくらのゆくえは,Manga,2017,6.96,2010,https://cdn.myanimelist.net/images/manga/1/107659l.jpg
414,Shounen Butterfly,,少年バタフライ,Manga,2015,7.01,2010,https://cdn.myanimelist.net/images/manga/2/30718l.jpg
415,Alosmente,,アルオスメンテ,Manga,2009,7.18,2010,https://cdn.myanimelist.net/images/manga/3/157898l.jpg
416,Love Flag★Girls!!,,ラブフラッグ★Girls!!,Manga,2005,6.55,2010,https://cdn.myanimelist.net/images/manga/2/33520l.jpg
417,Datte Asobi desho?,You Will Not Seriously?,だって遊びでしょ?,Manga,2003,6.92,2010,https://cdn.myanimelist.net/images/manga/1/149211l.jpg
417,Shinjuku Lucky Hole,,新宿ラッキーホール,Manga,2003,7.06,2010,https://cdn.myanimelist.net/images/manga/2/263644l.jpg
419,Zettai☆Reiiki,,絶対☆霊域,Manga,2001,7.15,2010,https://cdn.myanimelist.net/images/manga/2/133275l.jpg
420,"Houkago, Kimi to Koi wo Shite.",,放課後キミと恋いをして。,Manga,1986,6.66,2010,https://cdn.myanimelist.net/images/manga/3/88845l.jpg
421,Yume no Youna Hanashi,Dreaming Love,夢のような話,Manga,1983,7.05,2010,https://cdn.myanimelist.net/images/manga/1/43323l.jpg
422,Junai Ero-ki,Pure Love's Sexy Time,純愛えろ期,Manga,1978,6.97,2010,https://cdn.myanimelist.net/images/manga/2/172154l.jpg
423,Digimon Xros Wars,,デジモンクロスウォーズ,Manga,1963,7.4,2010,https://cdn.myanimelist.net/images/manga/1/194129l.jpg
424,Chiisana Koi no Melody,Promise of Children,小さな恋のメロディ,Manga,1962,7.2,2010,https://cdn.myanimelist.net/images/manga/1/326976l.jpg
425,Honto Yajuu x Suki tte?,,ほんと野獣×好きって？,Manga,1959,7.06,2010,https://cdn.myanimelist.net/images/manga/1/124127l.jpg
426,Seiketsu no Haguruma,,青血のハグルマ,Manga,1958,6.92,2010,https://cdn.myanimelist.net/images/manga/3/107285l.jpg
427,Hisohiso: Silent Voice,,ひそひそ -silent voice-,Manga,1954,7.62,2010,https://cdn.myanimelist.net/images/manga/1/151008l.jpg
428,Moon Walker LTD. Series,,,Manga,1949,6.98,2010,https://cdn.myanimelist.net/images/manga/1/37498l.jpg
429,Daisuki desu!! Mahou Tenshi Cosmos,,大好きです!! 魔法天使こすもす,Manga,1942,6.79,2010,https://cdn.myanimelist.net/images/manga/3/59829l.jpg
430,K-sensei no Yajuu na Aijou,,K先生の野獣な愛情,Manga,1920,6.93,2010,https://cdn.myanimelist.net/images/manga/2/72583l.jpg
431,GANTZ/EXA,,GANTZ/EXA,Light Novel,1919,6.6,2010,https://cdn.myanimelist.net/images/manga/2/39814l.jpg
431,Reset!,,りせっと！,Manga,1919,7.13,2010,https://cdn.myanimelist.net/images/manga/2/45937l.jpg
433,Anata no Mune ni Kaeru Hi made,,あなたの胸に還る日まで,Manga,1916,6.5,2010,https://cdn.myanimelist.net/images/manga/2/69847l.jpg
434,Akuma wa Hohoemu,,悪魔は微笑む,Manga,1915,6.97,2010,https://cdn.myanimelist.net/images/manga/2/161600l.jpg
435,Hana Michi Otome,,花みちおとめ,Manga,1914,6.33,2010,https://cdn.myanimelist.net/images/manga/2/102753l.jpg
436,Kono Kutsu Shirimasen ka?,Like a cinderella.,この靴しりませんか?,Manga,1913,6.9,2010,https://cdn.myanimelist.net/images/manga/5/72053l.jpg
437,Kimi wa Seiya ni Uso wo Tsuku,,君は聖夜に嘘をつく,One-shot,1908,6.35,2010,https://cdn.myanimelist.net/images/manga/3/39708l.jpg
438,Anniversary no Kuni no Alice: Tokeiya,Alice in the Country of Hearts: The Clockmaker's Story,アニバーサリーの国のアリス~時計屋~,Manga,1903,7.35,2010,https://cdn.myanimelist.net/images/manga/1/31380l.jpg
439,Kaichou to Fukukaichou,In Student's Meeting,会長と副会長,Manga,1892,6.41,2010,https://cdn.myanimelist.net/images/manga/2/65373l.jpg
440,Asamiya-san no Imouto,Sister of Ms. Asamiya,麻宮さんの妹,Manga,1890,6.23,2010,https://cdn.myanimelist.net/images/manga/3/110971l.jpg
441,Toxic,Toxic,トキシック,Manga,1882,6.86,2010,https://cdn.myanimelist.net/images/manga/3/38733l.jpg
442,Koi wo Suru DNA +,,恋するDNA＋,Manga,1880,7.01,2010,https://cdn.myanimelist.net/images/manga/2/29537l.jpg
443,Kimi no Ai de Motenashite,,君の愛で、もてなして,One-shot,1870,6.6,2010,https://cdn.myanimelist.net/images/manga/3/67611l.jpg
444,Ashita no Kyouko-san,Kyoko the Tomorrow,あしたの今日子さん,Manga,1867,6.48,2010,https://cdn.myanimelist.net/images/manga/1/174912l.jpg
445,Tora to Ookami,,虎と狼,Manga,1866,7.34,2010,https://cdn.myanimelist.net/images/manga/2/32971l.jpg
446,Tonari no Randsel w,,となりのランドセルw,Manga,1854,6.74,2010,https://cdn.myanimelist.net/images/manga/1/47901l.jpg
447,Megu♥Milk,,めぐ♥みるく,Manga,1846,6.49,2010,https://cdn.myanimelist.net/images/manga/2/137317l.jpg
448,Nobara,Wild Rose,野ばら,Manga,1838,7.14,2010,https://cdn.myanimelist.net/images/manga/1/262390l.jpg
449,Sono Saki no Fuukei,,その先の風景,Manga,1834,6.25,2010,https://cdn.myanimelist.net/images/manga/2/91285l.jpg
450,Bunbetsu to Takan,Sense and Sensibility,分別と多感,Manga,1825,6.52,2010,https://cdn.myanimelist.net/images/manga/1/270226l.jpg
451,Skyhigh 4,,スカイハイ4,Manga,1820,7.03,2010,https://cdn.myanimelist.net/images/manga/1/65977l.jpg
452,Scarlet Palace,,緋色王城,Manhua,1818,7.29,2010,https://cdn.myanimelist.net/images/manga/2/38428l.jpg
453,Higurashi no Naku Koro ni Jan,,ひぐらしの哭く頃に 雀,Manga,1815,6.92,2010,https://cdn.myanimelist.net/images/manga/2/137921l.jpg
453,Nishikaze to Taiyou,,西風と太陽,One-shot,1815,6.65,2010,https://cdn.myanimelist.net/images/manga/4/111743l.jpg
455,Mousou Megane,Girls in my Glasses,妄想メガネ,Manga,1813,5.82,2010,https://cdn.myanimelist.net/images/manga/3/180371l.jpg
456,T.R.A.P.,,T.R.A.P.,Manga,1812,7.09,2010,https://cdn.myanimelist.net/images/manga/1/170022l.jpg
457,Ranobe no Hen!,,らのべのへん！,Manga,1807,6.94,2010,https://cdn.myanimelist.net/images/manga/1/40843l.jpg
458,Re:LIVE,,リ：ライブ,Manga,1792,6.79,2010,https://cdn.myanimelist.net/images/manga/1/85593l.jpg
458,Suki Kirai Suki,"Like, Dislike, Like",好き・嫌い・好き,Manga,1792,6.65,2010,https://cdn.myanimelist.net/images/manga/1/165244l.jpg
460,Neo Arcadia: Yami ni Saku Niji,,ネオアルカディア ～闇に咲く虹～,Manga,1782,6.87,2010,https://cdn.myanimelist.net/images/manga/1/37165l.jpg
461,"Shite, Okeba Yokatta Koukai",,して、おけばよかった後悔,Manga,1774,6.99,2010,https://cdn.myanimelist.net/images/manga/3/57907l.jpg
462,"Kono Naka ni Hitori, Imouto ga Iru!",,この中に1人、妹がいる！,Light Novel,1769,6.92,2010,https://cdn.myanimelist.net/images/manga/1/42812l.jpg
463,Chopperman: Yuke Yuke! Minna no Chopper-sensei,,チョッパーマン ゆけゆけ! みんなのチョッパー先生,Manga,1767,5.75,2010,https://cdn.myanimelist.net/images/manga/3/65203l.jpg
463,Samurai Papa,,侍父〈パパ〉,Manga,1767,6.9,2010,https://cdn.myanimelist.net/images/manga/3/128507l.jpg
465,Guruguru Meguru,,ぐるぐるめぐる,Manga,1762,6.81,2010,https://cdn.myanimelist.net/images/manga/1/286568l.jpg
466,Kirakira,,キラキラ,Manga,1755,6.9,2010,https://cdn.myanimelist.net/images/manga/2/139325l.jpg
467,Second Life,,セカンドライフ,Manga,1752,7.14,2010,https://cdn.myanimelist.net/images/manga/3/40042l.jpg
468,Balance Days,,BALANCE DAYS,One-shot,1751,6.55,2010,https://cdn.myanimelist.net/images/manga/3/159437l.jpg
469,Minds,,マインズ,One-shot,1750,6.32,2010,https://cdn.myanimelist.net/images/manga/3/37797l.jpg
470,Katakoi Drops,,片恋ドロップス,Manga,1747,7.18,2010,https://cdn.myanimelist.net/images/manga/2/84313l.jpg
471,Majo to Boku,,まじょとぼく,One-shot,1744,6.06,2010,https://cdn.myanimelist.net/images/manga/4/45785l.jpg
472,Kanashii Doubutsu,,かなしいどうぶつ,Manga,1740,6.69,2010,https://cdn.myanimelist.net/images/manga/4/147827l.jpg
472,Sky Blue,,スカイブルー,Manga,1740,7.01,2010,https://cdn.myanimelist.net/images/manga/2/209463l.jpg
474,Retsujou,,劣情 -抱きたい男 抱かれたい男-,Manga,1726,6.95,2010,https://cdn.myanimelist.net/images/manga/1/31924l.jpg
475,Dame na Kurai ga Choudoii,,ダメなくらいが丁度いい,Manga,1722,6.96,2010,https://cdn.myanimelist.net/images/manga/2/31760l.jpg
476,Kimi to Koi wo Shitta,,君と恋を知った,Manga,1703,7.16,2010,https://cdn.myanimelist.net/images/manga/2/42486l.jpg
477,Infinity Game,,无尽游戏,Manhua,1697,6.36,2010,https://cdn.myanimelist.net/images/manga/1/45871l.jpg
478,Monster and Child,,モンスター アンド チャイルド,One-shot,1696,7.08,2010,https://cdn.myanimelist.net/images/manga/1/34328l.jpg
479,Love Hina: Special Project,,,One-shot,1693,6.97,2010,https://cdn.myanimelist.net/images/manga/5/35733l.jpg
480,Honorable Baek Dong Soo,,야뇌 백동수,Manhwa,1692,6.89,2010,https://cdn.myanimelist.net/images/manga/3/51323l.jpg
481,Suits no Kuni no Mahoutsukai,,スーツの国の魔法使い,One-shot,1679,6.96,2010,https://cdn.myanimelist.net/images/manga/3/41967l.jpg
482,Kami ka Akuma ka,God Doesn't Play Dice; God or Devil;,神か悪魔か,Manga,1678,7.21,2010,https://cdn.myanimelist.net/images/manga/1/40682l.jpg
483,Elhanburg no Tenshi,The Angel of Elhamburg,エルハンブルグの天使,Manga,1674,6.53,2010,https://cdn.myanimelist.net/images/manga/3/124319l.jpg
484,Shoujo Holic,,少女ホリック,Manga,1671,6.98,2010,https://cdn.myanimelist.net/images/manga/5/39694l.jpg
485,Zoushoku Shoujo Plana-chan!,,増殖少女プラナちゃん！,Manga,1656,6.94,2010,https://cdn.myanimelist.net/images/manga/3/219743l.jpg
486,2-dome no Koi wa Usotsuki,,2度目の恋は嘘つき,Manga,1655,6.83,2010,https://cdn.myanimelist.net/images/manga/3/45310l.jpg
487,Inu mo Kuwanai,,犬も喰わない,Manga,1651,6.9,2010,https://cdn.myanimelist.net/images/manga/3/170547l.jpg
488,Renai Demo Classic,,恋愛デモクラシック,Manga,1646,7.2,2010,https://cdn.myanimelist.net/images/manga/3/271378l.jpg
489,Bokura wa Minna Ikiteiru!,,ぼくラはミンナ生きテイル!,Manga,1645,6.81,2010,https://cdn.myanimelist.net/images/manga/1/42131l.jpg
490,Shuukaku no Juunigatsu,,収穫の十二月,Manga,1643,6.58,2010,https://cdn.myanimelist.net/images/manga/3/185993l.jpg
491,Shimauma,Zebra,シマウマ,Manga,1640,6.78,2010,https://cdn.myanimelist.net/images/manga/3/165573l.jpg
492,Shiro no Eden,,白のエデン,Manga,1638,6.92,2010,https://cdn.myanimelist.net/images/manga/1/36542l.jpg
493,Gensou Gynaecocracy,,幻想ギネコクラシー,Manga,1632,5.89,2010,https://cdn.myanimelist.net/images/manga/1/149798l.jpg
494,Ouji to Houkago,,王子と放課後,Manga,1630,6.88,2010,https://cdn.myanimelist.net/images/manga/1/68213l.jpg
495,Koibito wa Doukyonin,,恋人は同居人,One-shot,1622,6.8,2010,https://cdn.myanimelist.net/images/manga/1/39160l.jpg
496,Metronome,,메트로놈,Manhwa,1613,6.85,2010,https://cdn.myanimelist.net/images/manga/1/100265l.jpg
496,Renai Paradox,,恋愛Paradox,Manga,1613,6.94,2010,https://cdn.myanimelist.net/images/manga/2/207276l.jpg
498,Before Daylight Love,,ビフォアデイライト・ラブ,Manga,1608,7.03,2010,https://cdn.myanimelist.net/images/manga/3/81820l.jpg
499,Kimi-iro Shoujo,,キミイロ少女,Manga,1595,6.67,2010,https://cdn.myanimelist.net/images/manga/1/208712l.jpg
500,Koutetsu no Baby Leaf,,鋼鉄のベイビー・リーフ,Manga,1592,6.86,2010,https://cdn.myanimelist.net/images/manga/2/96995l.jpg
501,Amagami: Close to You,,アマガミ close to you,One-shot,1588,6.64,2010,https://cdn.myanimelist.net/images/manga/2/89627l.jpg
502,Psyren: Another Call,,PSYЯEN −サイレン− another call,Light Novel,1586,7.19,2010,https://cdn.myanimelist.net/images/manga/3/186038l.jpg
503,Chikatetsu no Inu,,地下鉄の犬,Manga,1579,6.85,2010,https://cdn.myanimelist.net/images/manga/2/35858l.jpg
504,Eien no 0,,永遠の0,Manga,1574,7.7,2010,https://cdn.myanimelist.net/images/manga/3/100859l.jpg
505,Kimi ni Ageru.,I Give to You,きみにあげる。,Manga,1569,7.24,2010,https://cdn.myanimelist.net/images/manga/1/252254l.jpg
506,Kyoukotsu no Yume,,狂骨の夢,Manga,1567,7.5,2010,https://cdn.myanimelist.net/images/manga/1/120953l.jpg
507,Junk Land,,JUNK LAND ジャンクランド,Manga,1566,6.92,2010,https://cdn.myanimelist.net/images/manga/1/68885l.jpg
508,Hammer Session! in High School,,ハンマーセッション！In High School,Manga,1560,7.02,2010,https://cdn.myanimelist.net/images/manga/1/96899l.jpg
509,B-Gata Kareshi no Aishikata,,B型彼氏の愛し方,Manga,1558,6.67,2010,https://cdn.myanimelist.net/images/manga/2/73325l.jpg
510,Rokuyoku,,ろくよく,One-shot,1554,6.85,2010,https://cdn.myanimelist.net/images/manga/1/147591l.jpg
511,Futsumashi na Yome desu ga.,,祓魔師な嫁ですが。,Manga,1552,6.52,2010,https://cdn.myanimelist.net/images/manga/3/190290l.jpg
512,Love Flicker,,ラブフリッカー,Manga,1549,7.1,2010,https://cdn.myanimelist.net/images/manga/2/34639l.jpg
513,Rewrite: Side-B,,Rewrite：SIDE-B,Manga,1533,7.45,2010,https://cdn.myanimelist.net/images/manga/3/157788l.jpg
514,Mottomo Utsukushii Uso no Koto,An Even More Beautiful Lie,最も美しい嘘のこと,Manga,1530,6.72,2010,https://cdn.myanimelist.net/images/manga/1/39161l.jpg
515,Maji Bura!?,,まじブラ!?,Manga,1529,6.09,2010,https://cdn.myanimelist.net/images/manga/2/207066l.jpg
515,Ookami-tachi no Shiikuhou,,オオカミたちの飼育法,Manga,1529,6.86,2010,https://cdn.myanimelist.net/images/manga/5/107839l.jpg
517,I-Ren,,아이렌 I-ren,Manhwa,1527,7.11,2010,https://cdn.myanimelist.net/images/manga/2/38781l.jpg
518,Amagami: Dreamy Forever,,アマガミ dreamy forever,Manga,1523,6.8,2010,https://cdn.myanimelist.net/images/manga/3/89629l.jpg
518,Suki to Iu no ni Naze Kashira,,好きというのになぜかしら,Manga,1523,7.37,2010,https://cdn.myanimelist.net/images/manga/3/36855l.jpg
520,Tsubakikan no Utsukushi Sugiru Garçon,,椿館の美しすぎるギャルソン,Manga,1521,6.46,2010,https://cdn.myanimelist.net/images/manga/1/63889l.jpg
521,Vongola GP Kuru!,,ボンゴレGP来る!,Manga,1516,6.53,2010,https://cdn.myanimelist.net/images/manga/4/338822l.jpg
522,Otome wa Boku ni Koishiteru: Futari no Elder,,乙女はお姉さまに恋してる 2人のエルダー,Manga,1509,6.78,2010,https://cdn.myanimelist.net/images/manga/1/39131l.jpg
523,"Pie wo Agemasho, Anata ni Pie wo ne",,パイをあげましょ、あなたにパイをね,Manga,1507,7.12,2010,https://cdn.myanimelist.net/images/manga/3/165454l.jpg
524,Honey Rabbit!,,はにらび！,Manga,1503,7.03,2010,https://cdn.myanimelist.net/images/manga/1/134979l.jpg
525,Nidome no Koi,,二度目の恋,One-shot,1499,6.53,2010,https://cdn.myanimelist.net/images/manga/2/87311l.jpg
526,Sakari Sakarare,Let's Get Horny,サカリサカラレ,Manga,1496,7.0,2010,https://cdn.myanimelist.net/images/manga/2/91457l.jpg
527,Play Zone - Nikushoku Kareshi to Kaikan Tenshi,,プレイゾーン~肉食彼氏と快感天使~,Manga,1490,6.69,2010,https://cdn.myanimelist.net/images/manga/1/53427l.jpg
528,Durarara!! Comic Anthology: Duralove!!,,デュラララ!!アンソロジーコミック 『デュララブ!!』,Manga,1481,7.17,2010,https://cdn.myanimelist.net/images/manga/2/114993l.jpg
529,Fractale,,フラクタル,Manga,1480,6.76,2010,https://cdn.myanimelist.net/images/manga/5/67741l.jpg
529,Tatsu no Otoshigo,,たつのおとしご,Manga,1480,6.86,2010,https://cdn.myanimelist.net/images/manga/2/98065l.jpg
531,Zenryou Naru Itan no Machi,,善良なる異端の街,Manga,1474,6.59,2010,https://cdn.myanimelist.net/images/manga/1/29758l.jpg
532,GJ-bu,,GJ部,Light Novel,1468,7.39,2010,https://cdn.myanimelist.net/images/manga/1/84451l.jpg
533,Neko Ane.,,ネコあね。,Manga,1466,7.2,2010,https://cdn.myanimelist.net/images/manga/2/188954l.jpg
534,"""Bungaku Shoujo"" to Ue Kawaku Ghost",,“文学少女”と飢え渇く幽霊【ゴースト】,Manga,1463,6.84,2010,https://cdn.myanimelist.net/images/manga/4/87567l.jpg
534,Void,,ヴォイド,Manga,1463,6.12,2010,https://cdn.myanimelist.net/images/manga/2/36601l.jpg
536,Mahoromi: Jikuu Kenchiku Genshitan,,マホロミ 時空建築幻視譚,Manga,1461,6.94,2010,https://cdn.myanimelist.net/images/manga/3/164932l.jpg
537,Juukinzoku Kanojo,,重金属彼女,Manga,1456,6.84,2010,https://cdn.myanimelist.net/images/manga/1/188467l.jpg
538,Kutsuzure Sensen: Majo Vasenka no Sensou,,靴ずれ戦線 -魔女ワーシェンカの戦争,Manga,1451,7.21,2010,https://cdn.myanimelist.net/images/manga/2/268031l.jpg
538,Sayonara Note,,サヨナラノート,Manga,1451,6.99,2010,https://cdn.myanimelist.net/images/manga/2/169796l.jpg
540,Toki no Maigo wo Sagashite!,,時の迷子を探して！,Manga,1447,7.16,2010,https://cdn.myanimelist.net/images/manga/1/37607l.jpg
541,Sayuri,Sayuri,サユリ,Manga,1445,6.47,2010,https://cdn.myanimelist.net/images/manga/3/125929l.jpg
542,Mugen no Minamo ni,,むげんのみなもに,Manga,1442,6.48,2010,https://cdn.myanimelist.net/images/manga/3/54333l.jpg
543,Jumbor,,ユンボル -ＪＵＭＢＯＲ-,Manga,1441,6.82,2010,https://cdn.myanimelist.net/images/manga/5/143041l.jpg
544,Otouto ja Irarenai!!,,弟じゃいられない!!,Manga,1439,6.66,2010,https://cdn.myanimelist.net/images/manga/3/179094l.jpg
545,Konya mo Jirettai,,今夜もじれったい,Manga,1438,6.61,2010,https://cdn.myanimelist.net/images/manga/1/150344l.jpg
546,Westwood Vibrato,,WESTWOOD VIBRATO,Manga,1436,7.48,2010,https://cdn.myanimelist.net/images/manga/2/259649l.jpg
547,Mukuchi na Bakemono wa Yoru ni Naku,,無口ナ化物ハ夜ニ鳴ク,One-shot,1433,6.45,2010,https://cdn.myanimelist.net/images/manga/2/34068l.jpg
548,Captain Tsubasa: Kaigai Gekitou-hen - En La Liga,,キャプテン翼 海外激闘編 EN LA LIGA,Manga,1431,7.29,2010,https://cdn.myanimelist.net/images/manga/3/33231l.jpg
549,34-sai Mushoku-san,,34歳無職さん,Manga,1429,6.77,2010,https://cdn.myanimelist.net/images/manga/2/91031l.jpg
550,Kemono ni Namida,,獣に涙,Manga,1424,6.36,2010,https://cdn.myanimelist.net/images/manga/1/87667l.jpg
551,Soushoku Joushi no Otoshikata,How to Seduce a Herbivorous Superior,草食上司のオトしかた,Manga,1420,6.96,2010,https://cdn.myanimelist.net/images/manga/2/70369l.jpg
551,Ushiro no Shindere-san,,うしろノしんでれさん,Manga,1420,6.82,2010,https://cdn.myanimelist.net/images/manga/3/154540l.jpg
553,Clover no Kuni no Alice: Sangatsu Usagi,Alice in the Country of Clover: March Hare,クローバーの国のアリス ～三月ウサギ～,Manga,1416,7.09,2010,https://cdn.myanimelist.net/images/manga/1/37202l.jpg
554,Clover no Kuni no Alice: Nightmare,Alice in the Country of Clover: Nightmare,クローバーの国のアリス ～ナイトメア～,Manga,1411,6.75,2010,https://cdn.myanimelist.net/images/manga/1/252250l.jpg
555,Binzume no Jigoku,,瓶詰の地獄,Manga,1410,6.66,2010,https://cdn.myanimelist.net/images/manga/3/150618l.jpg
556,Toraneko Folklore,,とらねこフォークロア,Manga,1409,7.06,2010,https://cdn.myanimelist.net/images/manga/2/174693l.jpg
557,Kuro Tenkousei,,黒転校生,One-shot,1405,6.77,2010,https://cdn.myanimelist.net/images/manga/1/57635l.jpg
557,Soukan Manual,,相姦マニュアル,Manga,1405,6.8,2010,https://cdn.myanimelist.net/images/manga/3/75693l.jpg
559,Sora no Deau Basho de,,空の出会う場所で,Manga,1402,7.06,2010,https://cdn.myanimelist.net/images/manga/1/190879l.jpg
560,Majo to Yajuu,,魔女と野獣,One-shot,1393,7.0,2010,https://cdn.myanimelist.net/images/manga/3/60327l.jpg
560,The Pink Album,The Pink Album,The Pink Album,Manga,1393,6.64,2010,https://cdn.myanimelist.net/images/manga/3/253474l.jpg
562,Yume Touka End Roll,,ゆめ糖花エンドロール,Manga,1391,6.44,2010,https://cdn.myanimelist.net/images/manga/3/104009l.jpg
563,Another♡World,,アナザー♡ワールド,Manga,1390,6.67,2010,https://cdn.myanimelist.net/images/manga/2/48719l.jpg
563,Higurashi no Naku Koro ni Jan: Tsubamegaeshi-hen,,ひぐらしの哭く頃に雀 燕返し編,Manga,1390,7.32,2010,https://cdn.myanimelist.net/images/manga/4/260766l.jpg
565,Clover no Kuni no Alice: Tokage no Hosakan,Alice in the Country of Clover: The Lizard Aide,クローバーの国のアリス ～トカゲの補佐官～,Manga,1385,6.81,2010,https://cdn.myanimelist.net/images/manga/2/28426l.jpg
566,Higanjima: Saigo no 47 Nichikan,,彼岸島 最後の47日間,Manga,1384,6.31,2010,https://cdn.myanimelist.net/images/manga/2/174021l.jpg
567,Otoko wo Misete yo Kurata-kun!,,オトコを見せてよ倉田くん!,Manga,1381,6.95,2010,https://cdn.myanimelist.net/images/manga/4/73999l.jpg
568,Aibou no Jouken,,相棒の条件,Manga,1368,6.46,2010,https://cdn.myanimelist.net/images/manga/2/97699l.jpg
568,Mao Marimo,,まおまりも,Manga,1368,6.38,2010,https://cdn.myanimelist.net/images/manga/3/79185l.jpg
570,Sora no Otoshimono,,そらのおとしもの,Light Novel,1365,7.67,2010,https://cdn.myanimelist.net/images/manga/3/171518l.jpg
571,Chu Berozu dj - Fukuyama-san,,福山さん。,Doujinshi,1358,7.16,2010,https://cdn.myanimelist.net/images/manga/3/120319l.jpg
572,Wagamama na Tarechichi,,我妻なたれ乳,Manga,1355,6.92,2010,https://cdn.myanimelist.net/images/manga/3/69223l.jpg
573,Sweet Days,,スイートデイズ,Manga,1348,7.24,2010,https://cdn.myanimelist.net/images/manga/2/53973l.jpg
574,Shinigami Doggy,,死神DOGGY,Manga,1344,6.97,2010,https://cdn.myanimelist.net/images/manga/1/151004l.jpg
575,Onnanoko Tokidoki Otokonoko,Girl [Heartbeat] Boy,女の子ときどき男のこ,Manga,1342,6.08,2010,https://cdn.myanimelist.net/images/manga/4/34118l.jpg
576,Love Kare: Gokujou Men's Dokuhon! - Gold,,ラブカレ ～極上メンズ読本!～ GOLD,Manga,1340,6.67,2010,https://cdn.myanimelist.net/images/manga/2/91399l.jpg
577,Hanjuku-hime,,半熟姫,Manga,1339,6.89,2010,https://cdn.myanimelist.net/images/manga/1/28747l.jpg
578,Boukyaku no Haou Rolan,,忘却の覇王 ロラン,Light Novel,1338,7.06,2010,https://cdn.myanimelist.net/images/manga/1/34648l.jpg
578,Seikimatsu Occult Gakuin,,世紀末オカルト学院,Manga,1338,5.94,2010,https://cdn.myanimelist.net/images/manga/1/60673l.jpg
580,Yorukumo,,よるくも,Manga,1334,6.87,2010,https://cdn.myanimelist.net/images/manga/1/134739l.jpg
581,Tsuki Tsuki!,,つきツキ!,Light Novel,1333,7.24,2010,https://cdn.myanimelist.net/images/manga/3/158601l.jpg
582,Shimoeda-san Chi no Akarui Shokutaku,Dinner at the Shimoedas,霜枝さんちの明るい食卓,Manga,1332,6.8,2010,https://cdn.myanimelist.net/images/manga/1/117773l.jpg
583,Eroge! H mo Game mo Kaihatsu Zanmai,,えろげー！～Hもゲームも開発三昧～,Light Novel,1330,7.28,2010,https://cdn.myanimelist.net/images/manga/1/173293l.jpg
584,Renai Kidou,orbit of the love,恋愛軌道,Manga,1325,6.85,2010,https://cdn.myanimelist.net/images/manga/2/139203l.jpg
585,Fu-fu dj - Fu-fu no Hon,,ふ~ふのほん,Doujinshi,1323,7.1,2010,https://cdn.myanimelist.net/images/manga/3/108215l.jpg
586,Cardfight!! Vanguard,Cardfight!! Vanguard,カードファイト!! ヴァンガード,Manga,1321,6.99,2010,https://cdn.myanimelist.net/images/manga/2/149219l.jpg
586,Kimi no Tame nara Shineru,,姫〈きみ〉のためなら死ねる,Manga,1321,7.02,2010,https://cdn.myanimelist.net/images/manga/1/154467l.jpg
588,Aku no Musume,,悪ノ娘,Light Novel,1320,7.38,2010,https://cdn.myanimelist.net/images/manga/3/104349l.jpg
589,Momo to Botan to Yuri no Hana,,桃と牡丹と百合の花,Manga,1318,6.29,2010,https://cdn.myanimelist.net/images/manga/3/36734l.jpg
590,Himitsu no Yoasobi,,ヒミツの夜遊び,Manga,1317,7.18,2010,https://cdn.myanimelist.net/images/manga/3/37501l.jpg
591,Barairo Emperor,,薔薇色エンペラー,Manga,1313,6.46,2010,https://cdn.myanimelist.net/images/manga/1/278241l.jpg
592,Mozaiku x Sanshimai,,モザイク×三姉妹,Manga,1311,7.14,2010,https://cdn.myanimelist.net/images/manga/1/70705l.jpg
593,Houkago Love Age,,放課後Love Age,Manga,1309,6.88,2010,https://cdn.myanimelist.net/images/manga/2/38296l.jpg
593,Onna no Buki ga Tsukaete koso Otoko no Ko desu.,,女の武器が使えてこそ男の娘です。,One-shot,1309,5.08,2010,https://cdn.myanimelist.net/images/manga/1/111265l.jpg
595,Cinderella Plot,,シンデレラ プロット,Manga,1308,7.13,2010,https://cdn.myanimelist.net/images/manga/3/144123l.jpg
596,Yellow/R,,YELLOW/R,Manga,1306,7.56,2010,https://cdn.myanimelist.net/images/manga/2/142099l.jpg
597,Gou: Hime-tachi no Sengoku,,江 姫たちの戦国,Manga,1301,7.38,2010,https://cdn.myanimelist.net/images/manga/3/115143l.jpg
598,Mousou Kikou: Adolescence Avatar,,妄想奇行 Adolescence Avatar,Manga,1299,6.59,2010,https://cdn.myanimelist.net/images/manga/2/101191l.jpg
599,Devilman vs Getter Robo,,デビルマン対ゲッターロボ,Manga,1297,6.25,2010,https://cdn.myanimelist.net/images/manga/2/183220l.jpg
600,Tonari no Oniisan,,隣りのお兄さん,One-shot,1292,6.55,2010,https://cdn.myanimelist.net/images/manga/1/28838l.jpg
601,BlazBlue: Chimelical Complex,,ブレイブルー キメリカルコンプレックス,Manga,1291,6.57,2010,https://cdn.myanimelist.net/images/manga/3/256472l.jpg
602,"Asanaga Fuugetsu, Shodouka desu.",,朝長風月、書道家です。,Manga,1289,6.35,2010,https://cdn.myanimelist.net/images/manga/3/135421l.jpg
603,Kimi no Iru Sekai shika Iranai,,君のいる世界しかいらない,Manga,1288,6.83,2010,https://cdn.myanimelist.net/images/manga/3/42678l.jpg
603,Yoake Mae,,夜明け前,Manga,1288,6.82,2010,https://cdn.myanimelist.net/images/manga/4/319659l.jpg
605,"Sono Otoko, Amatou ni Tsuki",,その男、甘党につき,Manga,1287,6.6,2010,https://cdn.myanimelist.net/images/manga/3/99813l.jpg
606,Ro-Kyu-Bu!,,ロウきゅーぶ！,Manga,1285,7.2,2010,https://cdn.myanimelist.net/images/manga/2/165926l.jpg
607,Toaru Kagaku no Railgun: Giten Railgun,Pseudepigraph Railgun,とある科学の超電磁砲 『偽典・超電磁砲』,Manga,1279,7.24,2010,https://cdn.myanimelist.net/images/manga/1/149214l.jpg
608,Kenban no Ue no Caress,,鍵盤の上のカレス,Manga,1273,7.27,2010,https://cdn.myanimelist.net/images/manga/1/82744l.jpg
608,Unsweet: Netorare Ochita Onna-tachi,,アンスイート－寝取られ堕ちた女たち－,Manga,1273,6.57,2010,https://cdn.myanimelist.net/images/manga/3/66029l.jpg
610,Ane Haha Kankei,,姉母姦系,Manga,1272,7.07,2010,https://cdn.myanimelist.net/images/manga/1/97471l.jpg
611,Atashi no Idol,,アタシのアイドル,One-shot,1271,5.78,2010,https://cdn.myanimelist.net/images/manga/3/110011l.jpg
612,Yuuyake Rocket Pencil,,夕焼けロケットペンシル,Manga,1268,7.33,2010,https://cdn.myanimelist.net/images/manga/3/57431l.jpg
613,Houkago Play 3,Afterschool Play 3,放課後プレイ3,Manga,1262,6.85,2010,https://cdn.myanimelist.net/images/manga/2/337240l.jpg
614,Runway no Koibito,,ランウェイの恋人,Manga,1252,7.1,2010,https://cdn.myanimelist.net/images/manga/1/99341l.jpg
615,Cherry na Teacher,,チェリーなティーチャー,Manga,1249,6.89,2010,https://cdn.myanimelist.net/images/manga/1/275621l.jpg
615,Yume Utsutsu,,ユメウツツ,Manga,1249,7.05,2010,https://cdn.myanimelist.net/images/manga/1/137057l.jpg
617,Darenimo Ienai,,誰にも言えない,Manga,1246,6.13,2010,https://cdn.myanimelist.net/images/manga/2/115279l.jpg
618,Aikata,,相方,Manga,1237,6.9,2010,https://cdn.myanimelist.net/images/manga/3/34272l.jpg
618,"Comic Anthology Kiwami: Horror, Suspense, Mystery",,コミックアンソロジー極 ホラー サスペンス ミステリー,Manga,1237,6.72,2010,https://cdn.myanimelist.net/images/manga/3/83945l.jpg
620,Kare no Iinari,,彼のイイナリ,One-shot,1229,6.72,2010,https://cdn.myanimelist.net/images/manga/1/39631l.jpg
621,Koibumi Toiro,,恋文十色,Manga,1228,6.64,2010,https://cdn.myanimelist.net/images/manga/2/170154l.jpg
622,Kendo Shitouden Cestvs,,拳奴死闘伝セスタス,Manga,1224,7.36,2010,https://cdn.myanimelist.net/images/manga/1/83360l.jpg
623,Seishun Shonbori Club,Heart Break Club,青春しょんぼりクラブ,Manga,1221,7.09,2010,https://cdn.myanimelist.net/images/manga/3/96377l.jpg
624,Cubism Love,,キュビズム･ラブ,Manga,1217,6.4,2010,https://cdn.myanimelist.net/images/manga/2/149782l.jpg
625,"Imamade, Korekara",,いままで、これから,Doujinshi,1214,6.46,2010,https://cdn.myanimelist.net/images/manga/1/140453l.jpg
626,Nemuri Hime: Yume Miru You ni Koi Shiteru,,眠り姫 夢みるように恋してる,Manga,1212,6.73,2010,https://cdn.myanimelist.net/images/manga/1/38274l.jpg
627,Kimi no Tame ni Hiku Chopin,,君のために弾くショパン,Manga,1211,7.36,2010,https://cdn.myanimelist.net/images/manga/3/62015l.jpg
628,Petit Yuri Hime,,Petit百合姫,Manga,1210,6.72,2010,https://cdn.myanimelist.net/images/manga/2/156913l.jpg
629,Tiger x Crane: Record of the Demon Master,,虎X鹤 妖师录,Manhua,1209,7.1,2010,https://cdn.myanimelist.net/images/manga/3/162711l.jpg
630,Psychedelics,,Psychedelics,Doujinshi,1205,7.17,2010,https://cdn.myanimelist.net/images/manga/2/98969l.jpg
631,Renai Fuyou Gakuha,,恋愛不要学派,Manga,1203,7.24,2010,https://cdn.myanimelist.net/images/manga/3/105739l.jpg
632,Hoken no Sensei,,ほけんのせんせい,Manga,1200,6.7,2010,https://cdn.myanimelist.net/images/manga/2/65585l.jpg
633,Mousou Honey,,妄想HONEY,Manga,1199,6.51,2010,https://cdn.myanimelist.net/images/manga/1/212352l.jpg
634,Meisaku 4-koma Hakurankai,,名作4コマ博覧会,Manga,1194,6.65,2010,https://cdn.myanimelist.net/images/manga/3/152359l.jpg
634,Shin Kidou Senki Gundam Wing: Endless Waltz - Haisha-tachi no Eikou,Mobile Suit Gundam Wing: Glory of the Losers,新機動戦記ガンダムW ENDLESS WALTZ 敗者たちの栄光,Manga,1194,7.46,2010,https://cdn.myanimelist.net/images/manga/2/148227l.jpg
636,Magical☆Change,,まじかる☆チェンジ,Manga,1191,6.6,2010,https://cdn.myanimelist.net/images/manga/3/222013l.jpg
637,Love Plus: Kanojo no Kako,,ラブプラス カノジョの過去,Manga,1190,6.73,2010,https://cdn.myanimelist.net/images/manga/2/176823l.jpg
638,Ano Koi no Tsuzuki,,あの恋のつづき,Manga,1174,6.95,2010,https://cdn.myanimelist.net/images/manga/1/46099l.jpg
639,Teiichi no Kuni,,帝一の國,Manga,1173,7.11,2010,https://cdn.myanimelist.net/images/manga/1/171025l.jpg
640,Stand Up!!!!,Stand Up!!!!,Stand UP!!!! -スタンドアップ-,Manga,1172,7.18,2010,https://cdn.myanimelist.net/images/manga/2/137795l.jpg
641,Nymphodelic,,Nymphodelic,Manga,1168,7.15,2010,https://cdn.myanimelist.net/images/manga/1/94715l.jpg
641,Watarai-kun Ke no Youkai-san,,渡会くん家の妖怪さん,One-shot,1168,7.06,2010,https://cdn.myanimelist.net/images/manga/3/269047l.jpg
643,Hatsukoi no Tsuzuki,,初恋のつづき,Manga,1163,7.22,2010,https://cdn.myanimelist.net/images/manga/1/39293l.jpg
644,Moyashi Otoko to Tane Shoujo,,もやし男と種少女,Manga,1162,6.49,2010,https://cdn.myanimelist.net/images/manga/5/73137l.jpg
645,Joker no Kuni no Alice: Yoake Mae ni Miru Yume,Alice in the Country of Joker: The Nightmare Trilogy Vol. 1 - Dream Before Dawn,ジョーカーの国のアリス 〜夜明け前にみる夢〜,Manga,1160,6.94,2010,https://cdn.myanimelist.net/images/manga/1/33183l.jpg
645,Negiho (Ito) Bun,Negiho: Mahora Little Girls,ネギほ（幼）文,Manga,1160,6.34,2010,https://cdn.myanimelist.net/images/manga/3/172894l.jpg
647,Smarg wa Utawanai,,魔物〈スマーグ〉は歌わない,One-shot,1154,6.99,2010,https://cdn.myanimelist.net/images/manga/3/27495l.jpg
648,Koaka Head,,コアカヘッド,Manga,1148,6.74,2010,https://cdn.myanimelist.net/images/manga/3/125155l.jpg
649,MC Gakuen,MC Academy,MC学園,Doujinshi,1147,7.07,2010,https://cdn.myanimelist.net/images/manga/3/93475l.jpg
650,"Suki de Suki de, Suki de",,好きで好きで、すきで,Manga,1142,6.89,2010,https://cdn.myanimelist.net/images/manga/2/130005l.jpg
651,Mitsubana,Secret Flower,密花,Doujinshi,1138,6.89,2010,https://cdn.myanimelist.net/images/manga/2/60081l.jpg
652,Kimi to Koibana,Love story with you,君とコイバナ,Manga,1131,6.72,2010,https://cdn.myanimelist.net/images/manga/1/169393l.jpg
652,Marriage Black,marriage black,マリッジ・ブラック,Manga,1131,6.51,2010,https://cdn.myanimelist.net/images/manga/3/50553l.jpg
654,Kick no Oneesan,Kick the Girl!,キックのお姉さん,Manga,1129,6.65,2010,https://cdn.myanimelist.net/images/manga/2/191609l.jpg
655,Hokuto no Ken - Juuza Gaiden,,彷徨の雲 北斗の拳 ジュウザ外伝,Manga,1125,6.53,2010,https://cdn.myanimelist.net/images/manga/3/37606l.jpg
656,Evergreen Days,,Evergreen Days,Manga,1123,7.05,2010,https://cdn.myanimelist.net/images/manga/1/170703l.jpg
657,Namanaka.,No condom sex,ナマナカ。,Manga,1122,6.93,2010,https://cdn.myanimelist.net/images/manga/3/54813l.jpg
658,Examurai,,エグザムライ,Manga,1121,6.47,2010,https://cdn.myanimelist.net/images/manga/5/39972l.jpg
659,Aigan Kitty,,愛玩キティ,Manga,1120,6.58,2010,https://cdn.myanimelist.net/images/manga/2/91555l.jpg
660,Shinshi na Meets Girl,Gentleman Meets Girl,紳士なミーツガール,Manga,1119,6.13,2010,https://cdn.myanimelist.net/images/manga/1/40671l.jpg
661,Bessatsu School Rumble,,別冊スクールランブル,One-shot,1114,6.94,2010,https://cdn.myanimelist.net/images/manga/3/29068l.jpg
662,Sweet Blood,Sweet Blood,달콤한 피,Manhwa,1112,6.89,2010,https://cdn.myanimelist.net/images/manga/3/281911l.jpg
663,Tennen Kakutou Shoujo Chihiro-chan♥,,天然格闘少女ちひろちゃん♥,Manga,1105,6.2,2010,https://cdn.myanimelist.net/images/manga/2/151965l.jpg
664,Assassine,,アサシネ,Manga,1104,6.76,2010,https://cdn.myanimelist.net/images/manga/3/273309l.jpg
665,Shoujo x Shoujo x Shoujo,,少女×少女×少女,Manga,1097,7.24,2010,https://cdn.myanimelist.net/images/manga/1/72921l.jpg
666,Love All!,,ラブオール！,Manga,1091,6.81,2010,https://cdn.myanimelist.net/images/manga/2/134895l.jpg
667,Kud Wafter,,クドわふたー,Manga,1090,7.18,2010,https://cdn.myanimelist.net/images/manga/3/154195l.jpg
668,Good Times!!,,グッドタイムズ,Manga,1089,7.02,2010,https://cdn.myanimelist.net/images/manga/2/78695l.jpg
669,30-sai no Hoken Taiiku,,30歳の保健体育,Manga,1086,6.25,2010,https://cdn.myanimelist.net/images/manga/3/97171l.jpg
670,"Chikai no Kiss wa, 16-sai",,誓いのキスは、16歳,Manga,1085,6.63,2010,https://cdn.myanimelist.net/images/manga/3/135455l.jpg
671,Acchel World.,,あくちぇる・わーるど。,Manga,1084,6.82,2010,https://cdn.myanimelist.net/images/manga/2/156320l.jpg
672,Ai no Konseki,,愛の痕跡 ～野獣軍曹と愛玩軍医～,Manga,1080,6.6,2010,https://cdn.myanimelist.net/images/manga/1/37296l.jpg
673,Kyonyuu Fantasy,,巨乳ファンタジー,Light Novel,1079,7.17,2010,https://cdn.myanimelist.net/images/manga/2/166146l.jpg
674,Love Plus: Manaka Days,,ラブプラス Manaka Days,Manga,1074,6.54,2010,https://cdn.myanimelist.net/images/manga/3/156366l.jpg
675,Megane no Megami,,メガネnoメガミ,Manga,1072,6.97,2010,https://cdn.myanimelist.net/images/manga/3/89953l.jpg
676,Shinzui Summer Ver.,,真髄 Summer Ver.,Doujinshi,1071,6.35,2010,https://cdn.myanimelist.net/images/manga/2/75923l.jpg
677,Durarara!! Minna wa Nakayoshi,,デュラララ!! みんなはなかよし,Light Novel,1070,7.13,2010,https://cdn.myanimelist.net/images/manga/3/167394l.jpg
678,Kemomimi Onsen e Youkoso,,ケモミミ温泉へようこそ,Manga,1069,7.18,2010,https://cdn.myanimelist.net/images/manga/4/38089l.jpg
679,♂Docchi♀,,♂どっち♀,Manga,1067,5.95,2010,https://cdn.myanimelist.net/images/manga/1/39149l.jpg
680,Clover no Kuni no Alice: Shirousagi to Tokeijikake no Wana,,クローバーの国のアリス ～白ウサギと時計仕掛けの罠～,Manga,1064,7.0,2010,https://cdn.myanimelist.net/images/manga/1/31377l.jpg
681,"Kore wa Zombie desu ka? Hai, Anata no Yome desu",,これはゾンビですか? はい、アナタの嫁です,Manga,1060,6.97,2010,https://cdn.myanimelist.net/images/manga/3/159838l.jpg
682,Merry Unbalance Christmas,,メリー・アンバランス・クリスマス,One-shot,1057,6.97,2010,https://cdn.myanimelist.net/images/manga/4/269614l.jpg
683,Haikei Date Masamune-sama,,拝啓 伊達政宗様,Manga,1056,6.95,2010,https://cdn.myanimelist.net/images/manga/2/74765l.jpg
683,Kuroinu: Kedakaki Seijo wa Hakudaku ni Somaru,,黒獣（クロイヌ）～気高き聖女は白濁に染まる～,Light Novel,1056,6.93,2010,https://cdn.myanimelist.net/images/manga/1/166725l.jpg
683,Pochapocha Suiei-bu,Pocha-Pocha Swimming Club,ぽちゃぽちゃ水泳部,Manga,1056,6.49,2010,https://cdn.myanimelist.net/images/manga/2/150555l.jpg
686,Freudstein no Futago,Twins of Darkness,フロイトシュテインの双子,Manga,1055,6.29,2010,https://cdn.myanimelist.net/images/manga/1/220964l.jpg
687,GIRL,,단하나뿐인 걸,Manhwa,1054,7.1,2010,https://cdn.myanimelist.net/images/manga/3/118545l.jpg
688,Aka no Sekai,,赤の世界,Manga,1045,6.8,2010,https://cdn.myanimelist.net/images/manga/1/42924l.jpg
689,Exoskull Zero,,エクゾスカル 零,Manga,1044,6.51,2010,https://cdn.myanimelist.net/images/manga/3/143571l.jpg
690,Heisei Umare,Natural Born Heisei,平成生まれ,Manga,1042,6.68,2010,https://cdn.myanimelist.net/images/manga/2/130259l.jpg
691,Mamagoto♥,,ままごと♥,Manga,1041,7.22,2010,https://cdn.myanimelist.net/images/manga/1/75757l.jpg
692,Tremolo Letra,,トレモロレトラ,Manga,1040,6.49,2010,https://cdn.myanimelist.net/images/manga/2/262038l.jpg
693,Hananusubito,The Flower Thief,花盗人,One-shot,1037,6.68,2010,https://cdn.myanimelist.net/images/manga/2/61297l.jpg
694,Shoujo Seiiki,,少女聖域,Manga,1035,6.61,2010,https://cdn.myanimelist.net/images/manga/2/48157l.jpg
695,Fake Second,,FAKE second,Doujinshi,1031,7.33,2010,https://cdn.myanimelist.net/images/manga/2/21363l.jpg
695,Tabezakari,A Healthy Appetite,たべざかり,Manga,1031,6.84,2010,https://cdn.myanimelist.net/images/manga/3/135681l.jpg
697,Strike Witches Zero: 1937 Fusou Kaijihen,Strike Witches: 1937 Fuso Sea Incident,ストライクウィッチーズ零 1937 扶桑海事変,Manga,1030,7.24,2010,https://cdn.myanimelist.net/images/manga/4/86979l.jpg
698,Tooriame,,通り雨,Doujinshi,1029,6.79,2010,https://cdn.myanimelist.net/images/manga/3/110485l.jpg
699,Kunoichi Gakuen Ninpouchou - Yogakure,,～くのいち学園忍法帖～ヨガクレ,Manga,1026,6.67,2010,https://cdn.myanimelist.net/images/manga/3/106217l.jpg
699,Samurai Ragazzi: Sengoku Shounen Seihou Kenbunroku,,サムライ・ラガッツィ -戦国少年西方見聞録-,Manga,1026,7.03,2010,https://cdn.myanimelist.net/images/manga/2/149581l.jpg
701,Yukemuri Journey,,湯けむりジャーニー,Manga,1025,6.9,2010,https://cdn.myanimelist.net/images/manga/2/65663l.jpg
702,Kyou kara Dame Inu!,,今日からダメ犬!,One-shot,1022,6.49,2010,https://cdn.myanimelist.net/images/manga/2/30102l.jpg
703,Pretty Haru,,꽃 같은 하루,Manhwa,1012,6.32,2010,https://cdn.myanimelist.net/images/manga/2/52273l.jpg
704,Starry☆Sky,Starry☆Sky,Starry☆Sky,Manga,1008,6.73,2010,https://cdn.myanimelist.net/images/manga/3/122815l.jpg
705,Angel Heart 2nd Season,,エンジェル・ハート 2ndシーズ,Manga,1006,7.28,2010,https://cdn.myanimelist.net/images/manga/4/155412l.jpg
705,Toshokan no Aruji,Master in library,図書館の主,Manga,1006,7.41,2010,https://cdn.myanimelist.net/images/manga/2/167480l.jpg
707,Boku wa Beatles,,僕はビートルズ,Manga,1005,6.68,2010,https://cdn.myanimelist.net/images/manga/3/265168l.jpg
707,Kyou Shashou,,狂車掌,One-shot,1005,6.89,2010,https://cdn.myanimelist.net/images/manga/1/32904l.jpg
709,Futabo,,双母,Manga,1002,7.14,2010,https://cdn.myanimelist.net/images/manga/2/49627l.jpg
710,Joker no Kuni no Alice: Mahiru ni Miru Yume,Alice in the Country of Joker: The Nightmare Trilogy Vol. 2 - Afternoon Dream,ジョーカーの国のアリス ～真昼にみる夢～,Manga,1000,6.97,2010,https://cdn.myanimelist.net/images/manga/2/38208l.jpg
710,Tear Drop,,ティアドロップ,Manga,1000,6.92,2010,https://cdn.myanimelist.net/images/manga/2/55557l.jpg
712,IS!,,あいえすっ！,Manga,996,7.04,2010,https://cdn.myanimelist.net/images/manga/3/67679l.jpg
712,Watashi no Shitai ○○ na Koto,,私のしたい○○なこと,Manga,996,7.09,2010,https://cdn.myanimelist.net/images/manga/2/165653l.jpg
714,Monster Master,,モンスターマスター,Manga,994,6.7,2010,https://cdn.myanimelist.net/images/manga/3/86085l.jpg
715,Oniyuri-san to Himeyuri-san,,鬼百合さんと姫百合さん,One-shot,992,6.84,2010,https://cdn.myanimelist.net/images/manga/1/152652l.jpg
716,Bakebare!,,ばけバレ！,Manga,990,6.79,2010,https://cdn.myanimelist.net/images/manga/1/68609l.jpg
717,15: Meisetsu Kougyou Koukou Rugby-bu,,15 明刹工業高校ラグビー部,Manga,987,7.01,2010,https://cdn.myanimelist.net/images/manga/1/31413l.jpg
717,Bitch☆Harem,,ビッチ☆ハーレム,Manga,987,6.69,2010,https://cdn.myanimelist.net/images/manga/2/171443l.jpg
719,My Sweet Honey?,,マイスイートハニー?,Manga,986,6.79,2010,https://cdn.myanimelist.net/images/manga/2/165506l.jpg
720,Kirisuke to Johnny 499-giri,,斬り介とジョニー 四百九十九人斬り,Manga,976,6.37,2010,https://cdn.myanimelist.net/images/manga/2/171493l.jpg
720,Kuroneko Suidou,,黒猫隧道,One-shot,976,6.73,2010,https://cdn.myanimelist.net/images/manga/2/37920l.jpg
722,Naisho no Otome Revolver,Secret Maiden Revolver,ないしょの乙女リボルバー,Manga,975,5.7,2010,https://cdn.myanimelist.net/images/manga/1/175460l.jpg
723,Persona 3 Portable: Comic Anthology - Dear Girl's,,ペルソナ3 ポータブル コミックアンソロジー 〜Dear Girl's〜,Manga,972,6.88,2010,https://cdn.myanimelist.net/images/manga/3/298571l.jpg
724,Fuson na Hana wo Aisureba,,不遜な華を愛すれば,Manga,968,6.78,2010,https://cdn.myanimelist.net/images/manga/1/149215l.jpg
725,Mechashiko Seven,,めちゃしこせぶん,Manga,967,6.57,2010,https://cdn.myanimelist.net/images/manga/3/156753l.jpg
726,Kimi koso Boku no Koimonogatari,,君こそ僕の恋物語,Manga,964,6.58,2010,https://cdn.myanimelist.net/images/manga/1/262006l.jpg
727,Devil☆Clutch,,デビル☆クラッチ,One-shot,963,6.67,2010,https://cdn.myanimelist.net/images/manga/5/29187l.jpg
727,Star Driver,,STAR DRIVER 輝きのタクト,Manga,963,6.9,2010,https://cdn.myanimelist.net/images/manga/2/64653l.jpg
729,Urara-chan no Naka no Hito,,うららちゃんのナカの人,Manga,961,6.56,2010,https://cdn.myanimelist.net/images/manga/2/55845l.jpg
730,Hiiro no Marionetta,,緋色のマリオネッタ,Manga,956,6.33,2010,https://cdn.myanimelist.net/images/manga/2/65551l.jpg
731,Kyou mo Nekasenai kara♥,,今日も寝かせないから♥,Manga,952,7.16,2010,https://cdn.myanimelist.net/images/manga/2/94059l.jpg
732,Bokunchi no Mikage-san,My Mikage-san,僕んちのミカゲさん,Manga,951,7.12,2010,https://cdn.myanimelist.net/images/manga/3/76059l.jpg
733,Haikyo Circle,,廃墟サークル,Manga,950,6.78,2010,https://cdn.myanimelist.net/images/manga/1/66679l.jpg
734,Salomelic,,さろめりっく,Manga,949,6.57,2010,https://cdn.myanimelist.net/images/manga/2/119081l.jpg
735,Yuri Hime Collection,,百合姫Collection,Manga,946,6.64,2010,https://cdn.myanimelist.net/images/manga/1/119555l.jpg
736,Suki tte Iuna!,,好きっていうな！,Manga,945,6.74,2010,https://cdn.myanimelist.net/images/manga/3/96073l.jpg
737,Smile Maker,,Smile Maker (スマイル メーカー),One-shot,943,6.2,2010,https://cdn.myanimelist.net/images/manga/1/113471l.jpg
737,Venus ni Kuchizuke,,ヴィーナスに接吻〈くちづけ〉,Manga,943,6.6,2010,https://cdn.myanimelist.net/images/manga/3/340694l.jpg
739,Sweet♥Life,,スウィート♥ライフ,Manga,942,6.56,2010,https://cdn.myanimelist.net/images/manga/2/57957l.jpg
740,Sono Te wo Toreba,,その手を取れば,Manga,936,6.88,2010,https://cdn.myanimelist.net/images/manga/1/37648l.jpg
741,Hakuouki,,薄桜鬼,Manga,934,7.18,2010,https://cdn.myanimelist.net/images/manga/3/210367l.jpg
742,Hakuyou Ayakashi Gatari,,白耀あやかし語り,Manga,931,6.86,2010,https://cdn.myanimelist.net/images/manga/2/60113l.jpg
743,Hajimete no!,,はじめての！,Manga,930,6.98,2010,https://cdn.myanimelist.net/images/manga/2/70557l.jpg
744,Devil Cherry Pie,,でびるちぇりーぱい,Manga,927,7.05,2010,https://cdn.myanimelist.net/images/manga/1/145715l.jpg
744,Shisei Gokumon,,死生獄門,Manga,927,6.97,2010,https://cdn.myanimelist.net/images/manga/1/72551l.jpg
746,Honey♥Dip,,ハニー♥ディップ,Manga,926,6.89,2010,https://cdn.myanimelist.net/images/manga/3/90015l.jpg
747,Miyata Shoten e Youkoso!,,宮田書店へようこそ! 水あさと短編集,Manga,924,6.49,2010,https://cdn.myanimelist.net/images/manga/2/101413l.jpg
748,Kirara no Hoshi,,キララの星,Manga,923,7.15,2010,https://cdn.myanimelist.net/images/manga/2/150068l.jpg
749,Ai to Bonyuu to Yamada-jiru,,愛と母乳と山田汁,One-shot,922,6.62,2010,https://cdn.myanimelist.net/images/manga/3/53855l.jpg
749,Gekijouban Pocket Monster Diamond & Pearl: Genei no Hasha Zoroark,Pokémon: Zoroark - Master of Illusions,劇場版ポケットモンスターダイヤモンド&パール 幻影の覇者ゾロアーク,Manga,922,6.54,2010,https://cdn.myanimelist.net/images/manga/3/45591l.jpg
751,Konna Hazu ja Nakatta no ni,Even though it wasn't supposed to be like this,こんなはずじゃなかったのに。,Manga,920,6.67,2010,https://cdn.myanimelist.net/images/manga/3/31390l.jpg
752,Tokarev no Ayaui Shiro,,トカレフの危うい城,Manga,919,6.07,2010,https://cdn.myanimelist.net/images/manga/4/48587l.jpg
753,Caramel,Caramel,カラメル,Manga,917,7.17,2010,https://cdn.myanimelist.net/images/manga/1/305300l.jpg
754,Henkano♡,Naughty Girlfriend,ヘンカノ♡,Manga,915,6.91,2010,https://cdn.myanimelist.net/images/manga/1/70555l.jpg
755,1LDK♥Shitsuji,My secret butler,1LDK♥執事,Manga,914,6.52,2010,https://cdn.myanimelist.net/images/manga/3/165532l.jpg
755,Bijin Henshuuchou no Himitsu,,美人編集長の秘密,Doujinshi,914,6.97,2010,https://cdn.myanimelist.net/images/manga/2/101767l.jpg
755,Midara Books,,ミダラBooks,Manga,914,6.82,2010,https://cdn.myanimelist.net/images/manga/2/177593l.jpg
758,Gekijouban Naruto: Shippuuden - The Lost Tower,,劇場版NARUTO 疾風伝 ザ・ロストタワー,Light Novel,911,7.03,2010,https://cdn.myanimelist.net/images/manga/3/172679l.jpg
759,Sawareru Taion,,触れる体温,Manga,909,6.62,2010,https://cdn.myanimelist.net/images/manga/4/340825l.jpg
760,Saburina,,サブリナ,Manga,906,7.0,2010,https://cdn.myanimelist.net/images/manga/4/340532l.jpg
760,Smile Brush: My Old Pictures,Smile Brush: My Old Pictures,스마일 브러시 오래된 사진,Manhwa,906,7.6,2010,https://cdn.myanimelist.net/images/manga/3/299838l.jpg
762,Konna Koto,Indecent Proposal,こんなこと,Manga,902,6.66,2010,https://cdn.myanimelist.net/images/manga/1/151759l.jpg
763,Goshimei Arigatou Gozaimasu!,,ご指名ありがとうございます！,Manga,901,6.99,2010,https://cdn.myanimelist.net/images/manga/2/186358l.jpg
763,Schwarzesmarken,,シュヴァルツェスマーケン,Light Novel,901,7.11,2010,https://cdn.myanimelist.net/images/manga/2/67137l.jpg
765,Akatoki Hoshi Residence,,あかとき星レジデンス,Manga,899,7.0,2010,https://cdn.myanimelist.net/images/manga/3/165453l.jpg
766,Demon 72,,デーモン72,Manga,898,6.86,2010,https://cdn.myanimelist.net/images/manga/1/170392l.jpg
767,Anata dake Houseki,,あなただけ宝石,Manga,893,6.06,2010,https://cdn.myanimelist.net/images/manga/3/246107l.jpg
768,Kyoumen no Silhouette,The Silhouette of Specular,鏡面のシルエット,Manga,892,6.69,2010,https://cdn.myanimelist.net/images/manga/3/111093l.jpg
769,32-sai Yokkyuu Fuman no Hitozuma,,32歳欲求不満の人妻,Manga,891,6.95,2010,https://cdn.myanimelist.net/images/manga/3/75997l.jpg
769,Unmei no Koi ni Naritai,I Want to be Your Destined Love,運命の恋になりたい,One-shot,891,6.96,2010,https://cdn.myanimelist.net/images/manga/1/29092l.jpg
771,Toki no Shoushitsu Ukeoinin,Time Eliminator,時の消失請負人,Manga,885,6.77,2010,https://cdn.myanimelist.net/images/manga/1/156381l.jpg
772,DH!: Himorogi Hyakuyomegatari,,でぃーエッチ！～ひもろぎ百嫁語～,Manga,883,7.03,2010,https://cdn.myanimelist.net/images/manga/2/53935l.jpg
772,Kiniro Kishi,,金色騎士,Manga,883,6.81,2010,https://cdn.myanimelist.net/images/manga/3/269562l.jpg
772,"Laika, Pavlov, Pochihachikou",,ライカ、パブロフ、ポチハチ公,Manga,883,7.08,2010,https://cdn.myanimelist.net/images/manga/3/107505l.jpg
775,Monster Hunter Episode,,モンスターハンターエピソード,Manga,880,6.96,2010,https://cdn.myanimelist.net/images/manga/3/63675l.jpg
775,Tsuioku,,追憶,Manga,880,6.88,2010,https://cdn.myanimelist.net/images/manga/3/66223l.jpg
777,Penguin Highway,Penguin Highway,ペンギン・ハイウェイ,Novel,877,7.25,2010,https://cdn.myanimelist.net/images/manga/3/231019l.jpg
778,Onnanoko no Sekkeizu,Drawing of a girl,女の子の設計図,Manga,876,6.63,2010,https://cdn.myanimelist.net/images/manga/1/168917l.jpg
779,China Girls,,,Manhua,873,6.47,2010,https://cdn.myanimelist.net/images/manga/3/44667l.jpg
779,Noboseru Karada,,のぼせるからだ,Manga,873,6.57,2010,https://cdn.myanimelist.net/images/manga/3/127827l.jpg
781,Omoni Naitemasu,,主に泣いてます,Manga,872,6.61,2010,https://cdn.myanimelist.net/images/manga/3/66395l.jpg
782,Japanese Preteen Suite,,Japanese Preteen Suite ジャボニーズ プリティーン スイート,Manga,871,7.07,2010,https://cdn.myanimelist.net/images/manga/3/45775l.jpg
783,Lover Boy,,러버보이,Manhwa,870,7.07,2010,https://cdn.myanimelist.net/images/manga/1/79345l.jpg
784,End of Eternity: The Secret Hours,,エンド オブ エタニティ ザ・シークレットアワーズ,Manga,869,6.56,2010,https://cdn.myanimelist.net/images/manga/3/50897l.jpg
784,ReMember,,ReMember,Manga,869,6.88,2010,https://cdn.myanimelist.net/images/manga/2/77259l.jpg
786,Hajirai Body,,恥じらいBody,Manga,868,7.08,2010,https://cdn.myanimelist.net/images/manga/1/76045l.jpg
787,Hentai Kansoku,,変態姦測,Manga,865,6.61,2010,https://cdn.myanimelist.net/images/manga/2/126493l.jpg
788,Swimming,Fukushima Teppei Collection of short stories,福島鉄平短編集 スイミング,Manga,861,6.73,2010,https://cdn.myanimelist.net/images/manga/3/178890l.jpg
789,Kurokami no Helga,HELGA of dark hair,黒髪のヘルガ,Manga,860,6.42,2010,https://cdn.myanimelist.net/images/manga/2/48531l.jpg
790,Classmate no Josou wo Tetsudattara Kawai sugite Furue ga Tomaranai Ken,My Cute Crossdresser,クラスメイトの女装を手伝ったら可愛すぎて震えが止まらない件 ～松本ミトヒ。 オトコの娘作品集～,Manga,856,6.26,2010,https://cdn.myanimelist.net/images/manga/3/163675l.jpg
791,Kiss Ariki.,Starting with a Kiss,キスアリキ。,Manga,854,6.98,2010,https://cdn.myanimelist.net/images/manga/2/270527l.jpg
792,Hatsukoi Succubus,,初恋▽サキュバス,Manga,850,7.02,2010,https://cdn.myanimelist.net/images/manga/1/272916l.jpg
793,.hack//Quantum+,,.hack//Quantum+,Manga,849,,2010,https://cdn.myanimelist.net/images/manga/3/99635l.jpg
793,Renai Stampede!,,恋愛スタンピード!,Manga,849,6.93,2010,https://cdn.myanimelist.net/images/manga/2/49925l.jpg
795,Bunkou no Hitotachi,Boy and Girl in Branch School,分校の人たち,Manga,848,5.91,2010,https://cdn.myanimelist.net/images/manga/3/229683l.jpg
796,Dirty Pair no Daibouken,Dirty Pair,ダーティペアの大冒険,Manga,842,6.65,2010,https://cdn.myanimelist.net/images/manga/3/280725l.jpg
797,Boulange no Koibito,,ブーランジェの恋人,Manga,840,7.26,2010,https://cdn.myanimelist.net/images/manga/1/82072l.jpg
797,Ibitsuna,,イビツナ,Manga,840,6.78,2010,https://cdn.myanimelist.net/images/manga/1/70551l.jpg
797,Osananajimi Kussetsuritsu,,幼なじみ屈折率。,Manga,840,6.86,2010,https://cdn.myanimelist.net/images/manga/2/59549l.jpg
800,Devil Bride,,악마신부,One-shot,839,5.73,2010,https://cdn.myanimelist.net/images/manga/1/34826l.jpg
801,Mine,,マイン,One-shot,838,6.33,2010,https://cdn.myanimelist.net/images/manga/1/105813l.jpg
802,Sis Plus,,シスプラス,Manga,837,7.02,2010,https://cdn.myanimelist.net/images/manga/1/159936l.jpg
803,Eiyuu Densetsu: Zero no Kiseki Pre-story - Shinpan no Yubiwa,,英雄伝説 零の軌跡プレストーリー -審判の指環-,Manga,833,7.22,2010,https://cdn.myanimelist.net/images/manga/2/333892l.jpg
804,Taming the Cat Master,,고양이 주인님을 길들이다,Manhwa,831,7.04,2010,https://cdn.myanimelist.net/images/manga/1/41025l.jpg
805,Gin no Spoon,,銀のスプーン,Manga,829,7.12,2010,https://cdn.myanimelist.net/images/manga/3/201333l.jpg
805,Toubou Kinshi!,,逃亡禁止！,Manga,829,6.54,2010,https://cdn.myanimelist.net/images/manga/1/56401l.jpg
807,Koibito Asobi,,コイビトアソビ,One-shot,828,6.94,2010,https://cdn.myanimelist.net/images/manga/3/41988l.jpg
808,Sheryl: Kiss in the Galaxy,,シェリル~キス・イン・ザ・ギャラクシー~,Manga,825,6.91,2010,https://cdn.myanimelist.net/images/manga/2/86039l.jpg
809,Princess Princess,,プリンセス・プリンセス,Manga,824,6.86,2010,https://cdn.myanimelist.net/images/manga/1/34774l.jpg
810,Boy & Cool,,ボーイ&クール,Manga,823,6.81,2010,https://cdn.myanimelist.net/images/manga/2/40387l.jpg
810,Milky Way,,Milky Way ~遠距離恋愛のススメ~,Manga,823,6.58,2010,https://cdn.myanimelist.net/images/manga/3/73747l.jpg
810,Naisho no Mangaka Tonari no Yutori-san,,ナイショのマンガ家 となりのゆとりさん,Manga,823,6.8,2010,https://cdn.myanimelist.net/images/manga/1/67423l.jpg
813,Koukai Benjo,,公開便所,Manga,822,6.73,2010,https://cdn.myanimelist.net/images/manga/3/67143l.jpg
814,Dousei Doumei,,同棲同盟,Manga,820,6.83,2010,https://cdn.myanimelist.net/images/manga/2/36817l.jpg
815,Crossover Love,,クロスオーバー・ラブ,Manga,817,6.69,2010,https://cdn.myanimelist.net/images/manga/2/181202l.jpg
815,Garden,,ガーデン,Manga,817,6.82,2010,https://cdn.myanimelist.net/images/manga/3/108029l.jpg
817,Sensei Ano ne.,,先生あのね。,Manga,814,6.42,2010,https://cdn.myanimelist.net/images/manga/1/81556l.jpg
818,Nakanai Hotaru,The firefly which does not cry,泣かないホタル,Manga,813,6.8,2010,https://cdn.myanimelist.net/images/manga/3/120801l.jpg
819,Light Wing,,LIGHT WING [ライトウィング],Manga,811,6.29,2010,https://cdn.myanimelist.net/images/manga/2/178951l.jpg
820,Haco,,HACO-ハコ-,One-shot,810,6.28,2010,https://cdn.myanimelist.net/images/manga/3/144457l.jpg
820,Koimitsu Fragrance,A Fragrance Called Love,恋蜜フレグランス,Manga,810,6.79,2010,https://cdn.myanimelist.net/images/manga/1/76077l.jpg
822,Juuhime: Phantom Pain,,銃姫 -Phantom Pain-,Manga,809,6.87,2010,https://cdn.myanimelist.net/images/manga/1/119197l.jpg
822,Yama Fu-Tang,,山風短,Manga,809,6.35,2010,https://cdn.myanimelist.net/images/manga/2/263119l.jpg
824,BlazBlue: Phase 0,,ブレイブルーフェイズ０,Light Novel,804,7.2,2010,https://cdn.myanimelist.net/images/manga/1/45899l.jpg
824,Oresama wa Koi no Dorei,,俺様は恋の奴隷,Manga,804,6.79,2010,https://cdn.myanimelist.net/images/manga/3/31353l.jpg
826,Celestial Clothes,,セレスティアルクローズ,Manga,803,6.56,2010,https://cdn.myanimelist.net/images/manga/1/188822l.jpg
827,Lemon no,,檸檬の,One-shot,802,6.21,2010,https://cdn.myanimelist.net/images/manga/2/72263l.jpg
828,God Seeker,,ゴッドシーカー,Manga,800,6.85,2010,https://cdn.myanimelist.net/images/manga/2/64323l.jpg
828,Miss Princess!,,ミスプリ！,Manga,800,7.29,2010,https://cdn.myanimelist.net/images/manga/1/186616l.jpg
830,Aaan Megami-sama,,あああん女神様,Manga,797,6.5,2010,https://cdn.myanimelist.net/images/manga/3/64437l.jpg
831,Kidou Senshi Gundam MSV-R: Johnny Ridden no Kikan,,機動戦士ガンダム MSV-R ジョニー・ライデンの帰還,Manga,795,7.32,2010,https://cdn.myanimelist.net/images/manga/2/176276l.jpg
831,Mahou Onna ga Kuru,,魔法女がくる,Manga,795,5.89,2010,https://cdn.myanimelist.net/images/manga/2/39925l.jpg
833,Dragon Nest: Shungeki no Sedo,,Dragon Nest 瞬撃のセド,Manga,793,6.66,2010,https://cdn.myanimelist.net/images/manga/3/271174l.jpg
834,Finlandia: Santa Yousei Gakkou,,フィンランディア―サンタ養成学校―,Manga,792,6.55,2010,https://cdn.myanimelist.net/images/manga/3/152674l.jpg
834,Itoshi Koishi Kimi dake ni,Love Only You,愛し恋し君だけに,Manga,792,6.62,2010,https://cdn.myanimelist.net/images/manga/3/130843l.jpg
836,Soko ni Osuwari!,,そこにオスわり!,Manga,791,6.36,2010,https://cdn.myanimelist.net/images/manga/3/158583l.jpg
837,Change the World,,チェンジ・ザ・ワールド,One-shot,790,6.71,2010,https://cdn.myanimelist.net/images/manga/2/77349l.jpg
837,Little Busters! EX: The 4-koma,,リトルバスターズ! EX The 4コマ,Manga,790,7.3,2010,https://cdn.myanimelist.net/images/manga/1/142051l.jpg
839,Hyakka Ryouran: Samurai Girls,,百花繚乱サムライガールズ,Manga,787,,2010,https://cdn.myanimelist.net/images/manga/1/74187l.jpg
839,"Seiya, Mayoeru Kohitsuji ni",,聖夜、迷える子羊に,One-shot,787,6.2,2010,https://cdn.myanimelist.net/images/manga/4/111247l.jpg
841,U,,U [ユー],Manga,786,6.16,2010,https://cdn.myanimelist.net/images/manga/3/178166l.jpg
842,Bitch Hi School,,びっちHiスクール,Manga,781,6.78,2010,https://cdn.myanimelist.net/images/manga/1/107491l.jpg
842,Nobara no Mori no Otome-tachi,Maidens in the forest of wild roses,野ばらの森の乙女たち,Manga,781,6.87,2010,https://cdn.myanimelist.net/images/manga/2/148177l.jpg
844,Tandem Lover,,タンデムLOVER,Manga,780,6.55,2010,https://cdn.myanimelist.net/images/manga/2/169817l.jpg
845,Musubenai Necktie,,結べないネクタイ,One-shot,779,6.48,2010,https://cdn.myanimelist.net/images/manga/2/197031l.jpg
846,Tomodachi Ijou,,友だち以上,Manga,777,6.56,2010,https://cdn.myanimelist.net/images/manga/1/66371l.jpg
847,Mukuro Chandelier,,骸シャンデリア,Manga,775,6.77,2010,https://cdn.myanimelist.net/images/manga/1/53343l.jpg
848,Tsuugaku Densha: Kimi to Boku no Heya,,通学电车~你和我的房间,Manga,774,6.88,2010,https://cdn.myanimelist.net/images/manga/3/38610l.jpg
849,Mazu wa Ubaiai!,,まずは奪いあい!,Manga,773,6.87,2010,https://cdn.myanimelist.net/images/manga/3/110987l.jpg
850,Josoo-bu.,Club for Crossdressers,ジョそぉ部。―クロマメオトコの娘作品セレクション―,Manga,771,6.27,2010,https://cdn.myanimelist.net/images/manga/1/170857l.jpg
851,Follow,,腐ォロー,Manga,769,6.42,2010,https://cdn.myanimelist.net/images/manga/2/36323l.jpg
852,Tsubaki-chan no Nayamigoto,,椿ちゃんの悩みごと,Manga,768,7.19,2010,https://cdn.myanimelist.net/images/manga/1/60587l.jpg
853,Sir Tiger's Table,,호랑님의 식탁,Manhwa,766,7.13,2010,https://cdn.myanimelist.net/images/manga/5/41576l.jpg
854,Corsair - Eigetsu,,コルセーア~盈月,Manga,765,7.06,2010,https://cdn.myanimelist.net/images/manga/3/42001l.jpg
854,Melange!,,メランジェ!!,One-shot,765,6.95,2010,https://cdn.myanimelist.net/images/manga/2/38295l.jpg
856,Kokuritsu Hitozuma Gakuen,,国立人妻学園,Manga,764,6.92,2010,https://cdn.myanimelist.net/images/manga/3/112193l.jpg
857,Ouji to,My Dear Prince,おうじと,Manga,763,7.15,2010,https://cdn.myanimelist.net/images/manga/1/64257l.jpg
858,Persona 3 Portable: Dengeki Comic Anthology,,ペルソナ3ポータブル 電撃コミックアンソロジー,Manga,762,,2010,https://cdn.myanimelist.net/images/manga/3/298547l.jpg
859,Jauhara Genya,,ジャウハラ幻夜,Manga,761,6.99,2010,https://cdn.myanimelist.net/images/manga/2/66623l.jpg
859,Munasawagi no Houkago,,胸騒ぎの放課後,Doujinshi,761,6.97,2010,https://cdn.myanimelist.net/images/manga/3/128799l.jpg
861,Black Jack no Yuuwaku,"Bought For Revenge, Bedded For Pleasure",ブラックジャックの誘惑,Manga,760,6.45,2010,https://cdn.myanimelist.net/images/manga/1/102049l.jpg
861,Sumikko no Sora-san,,すみっこの空さん,Manga,760,6.92,2010,https://cdn.myanimelist.net/images/manga/3/165771l.jpg
863,Love Plus: Nene Days,,ラブプラス Nene Days,Manga,759,6.26,2010,https://cdn.myanimelist.net/images/manga/3/43535l.jpg
864,Lost Girl,,ロストガール,One-shot,758,5.71,2010,https://cdn.myanimelist.net/images/manga/3/44039l.jpg
864,Survival of the Dead,,SURVIVAL OF THE DEAD サバイバル・オブ・ザ・デッド,One-shot,758,5.59,2010,https://cdn.myanimelist.net/images/manga/1/41431l.jpg
866,Watashi no Ouchi wa Honya-san,,私のおウチはHON屋さん,Manga,756,6.96,2010,https://cdn.myanimelist.net/images/manga/3/133743l.jpg
867,Tamayura,,たまゆら,Manga,753,,2010,https://cdn.myanimelist.net/images/manga/2/46421l.jpg
868,Hell Hell,,HELL HELL,Manga,752,6.99,2010,https://cdn.myanimelist.net/images/manga/4/46413l.jpg
869,Bed no Shita no Himitsu,,ベッドの下の秘密,Manga,750,6.95,2010,https://cdn.myanimelist.net/images/manga/2/35914l.jpg
869,Golden Time Gaiden: Nijigen-kun Special,,ゴールデンタイム外伝 二次元くんスペシャル,Light Novel,750,,2010,https://cdn.myanimelist.net/images/manga/1/106207l.jpg
869,Pandora,,パンドラ,Manga,750,6.42,2010,https://cdn.myanimelist.net/images/manga/3/128487l.jpg
872,Lovephobia,Lovephobia,ラヴフォビア,Manga,748,6.7,2010,https://cdn.myanimelist.net/images/manga/3/36579l.jpg
872,Urban Cross,,アーバンクロス,One-shot,748,6.24,2010,https://cdn.myanimelist.net/images/manga/1/39389l.jpg
874,Pokémon HGSS,,ポケットモンスター HG・SS,Manga,745,6.94,2010,https://cdn.myanimelist.net/images/manga/1/79143l.jpg
874,R-15,,R-15,Manga,745,6.65,2010,https://cdn.myanimelist.net/images/manga/3/38010l.jpg
876,Tokyo Yamimushi,,東京闇虫,Manga,743,6.7,2010,https://cdn.myanimelist.net/images/manga/1/145987l.jpg
877,Kidou Senshi Gundam Unicorn: Bande Dessinee,,機動戦士ガンダムUC バンデシネ,Manga,736,7.3,2010,https://cdn.myanimelist.net/images/manga/1/187857l.jpg
878,Tetsuo: The Bullet Man,,鉄男 THE BULLET MAN,Manga,731,6.0,2010,https://cdn.myanimelist.net/images/manga/2/155388l.jpg
879,Mokkai Suru no?,,もっかいするの?,Manga,729,6.89,2010,https://cdn.myanimelist.net/images/manga/1/172259l.jpg
880,Haha Futari,,母ふたり,Manga,726,7.0,2010,https://cdn.myanimelist.net/images/manga/2/193260l.jpg
880,Spree★Killer,,SPREE★KILLER スプリーキラー,Manga,726,,2010,https://cdn.myanimelist.net/images/manga/1/251885l.jpg
882,Kono Yo wo Hana ni Suru Tame ni,To Make This World A Flower,この世を花にするために,Manga,725,,2010,https://cdn.myanimelist.net/images/manga/2/128941l.jpg
883,Tourin,,闘鈴,One-shot,722,6.05,2010,https://cdn.myanimelist.net/images/manga/3/193262l.jpg
884,Koutetsu no Hanappashira,,鋼鉄の華っ柱,Manga,720,7.01,2010,https://cdn.myanimelist.net/images/manga/1/42532l.jpg
885,Yome ga Loli tte Doo yo!?,,嫁がロリってどーよ!?,Manga,716,6.17,2010,https://cdn.myanimelist.net/images/manga/3/142181l.jpg
886,Wana Wana Kiss,,ワナわなキス,Manga,715,6.78,2010,https://cdn.myanimelist.net/images/manga/1/29781l.jpg
887,Loli Hare Chu,,ろりはれっちゅ,Manga,713,6.7,2010,https://cdn.myanimelist.net/images/manga/3/100039l.jpg
887,Shishunki no Ayamachi,,思春期のあやまち,One-shot,713,6.37,2010,https://cdn.myanimelist.net/images/manga/3/97027l.jpg
889,Josou Danshi Anthology Syrup!,,女装男子アンソロジー Syrup!,Manga,711,6.58,2010,https://cdn.myanimelist.net/images/manga/1/316141l.jpg
890,Densetsu no Yuusha no Densetsu: Revision,,伝説の勇者の伝説 Revision,Manga,705,,2010,https://cdn.myanimelist.net/images/manga/1/44717l.jpg
891,Lover Puzzle,,애인퍼즐,Manhwa,704,7.04,2010,https://cdn.myanimelist.net/images/manga/1/29610l.jpg
892,Nureru Karada,,濡れるカラダ,Manga,702,6.06,2010,https://cdn.myanimelist.net/images/manga/4/288332l.jpg
893,Hayabusa: Sanada Dengekichou,,ハヤブサ -真田電撃帖-,Manga,699,7.19,2010,https://cdn.myanimelist.net/images/manga/3/42193l.jpg
894,Ameiro Koigokoro,Rainy Day Love,あめいろ恋ごころ,Manga,696,,2010,https://cdn.myanimelist.net/images/manga/1/41845l.jpg
894,Yuexia Meiren,,月下美人,Manhua,696,6.39,2010,https://cdn.myanimelist.net/images/manga/2/45236l.jpg
896,Nigeta Hitsuji no Tsukamaekata,How to Catch a Runaway Sheep,逃げたヒツジの捕まえ方,Manga,693,6.88,2010,https://cdn.myanimelist.net/images/manga/3/158946l.jpg
897,Gekiman!,,激マン!,Manga,689,7.14,2010,https://cdn.myanimelist.net/images/manga/2/268235l.jpg
898,"Shoujo wa Kyou,",,少女は今日、,Manga,687,6.98,2010,https://cdn.myanimelist.net/images/manga/1/106851l.jpg
899,Yuri-iro no Koibito,,百合色の恋人,One-shot,685,6.59,2010,https://cdn.myanimelist.net/images/manga/2/80118l.jpg
900,Goulart Knights,,グラール騎士団〈ナイツ〉,Manga,684,,2010,https://cdn.myanimelist.net/images/manga/1/172984l.jpg
901,Mako-san to Hachisuka-kun.,,真子さんとハチスカくん。,Manga,682,6.49,2010,https://cdn.myanimelist.net/images/manga/2/165557l.jpg
902,"Matataki suru Tabi, Koi wo Suru",One more time One more chance,瞬きするたび、恋をする,Manga,681,6.88,2010,https://cdn.myanimelist.net/images/manga/2/79249l.jpg
903,"Only You, Only",,"only you,only",Manga,678,6.95,2010,https://cdn.myanimelist.net/images/manga/2/157401l.jpg
904,Cream Pie,,Cream Pie,Doujinshi,677,6.01,2010,https://cdn.myanimelist.net/images/manga/2/61933l.jpg
905,Maigo no Kare to Kuma no Onegai,,迷子の彼とクマのお願い,Manga,676,6.63,2010,https://cdn.myanimelist.net/images/manga/1/136445l.jpg
906,Mahochuu!,,まほちゅー！,Manga,675,7.19,2010,https://cdn.myanimelist.net/images/manga/2/178109l.jpg
907,Ze Fan Book,,是―ZE― ファンブック,Manga,674,6.83,2010,https://cdn.myanimelist.net/images/manga/2/31898l.jpg
908,Love Bullet,,사랑의 총알,Manhwa,673,6.98,2010,https://cdn.myanimelist.net/images/manga/2/78923l.jpg
909,Edogawa Ranpo Ijinkan,,江戸川乱歩異人館,Manga,669,7.22,2010,https://cdn.myanimelist.net/images/manga/2/202864l.jpg
910,Feti Otome-kei,,ふぇち乙女系,Manga,668,6.64,2010,https://cdn.myanimelist.net/images/manga/3/73865l.jpg
910,Sengoku ARMORS,,戦国ARMORS,One-shot,668,6.87,2010,https://cdn.myanimelist.net/images/manga/2/32899l.jpg
912,Little Girl,,Little girl,Doujinshi,667,7.18,2010,https://cdn.myanimelist.net/images/manga/3/335390l.jpg
912,Pure-Mari,,プレ・マリ,Manga,667,6.47,2010,https://cdn.myanimelist.net/images/manga/2/79775l.jpg
914,Babylonia no Shishi,,バビロニアの獅子,Manga,666,6.71,2010,https://cdn.myanimelist.net/images/manga/3/127757l.jpg
915,Canaan,,カナン,Light Novel,665,,2010,https://cdn.myanimelist.net/images/manga/3/38834l.jpg
915,Chou Love Love Imouto,,超ラブラブいもうと,Manga,665,6.97,2010,https://cdn.myanimelist.net/images/manga/1/114617l.jpg
915,Deathless,,デスレス,Manga,665,6.9,2010,https://cdn.myanimelist.net/images/manga/2/149201l.jpg
918,Chicken Stalker,Chicken Stalker,チキン・ストーカー,Manga,663,6.28,2010,https://cdn.myanimelist.net/images/manga/3/222172l.jpg
918,"Oh, My Romantic Kumiho",,"Oh, My 로맨틱 구미호",Manhwa,663,6.94,2010,https://cdn.myanimelist.net/images/manga/4/161522l.jpg
920,Ikoku Shoujo to Sumire no Hanataba,Foreign Girl and Bouquet of Violets,異国少女とすみれの花束,Manga,662,6.37,2010,https://cdn.myanimelist.net/images/manga/1/43807l.jpg
921,Chou-Manzoku Delivery,,超満足デリバリー,Manga,661,6.99,2010,https://cdn.myanimelist.net/images/manga/1/62875l.jpg
922,Boku no Lily,My Lily,ぼくのリリィ,Manga,658,7.15,2010,https://cdn.myanimelist.net/images/manga/5/261903l.jpg
922,Kakuu no Koibito,,架空の恋人,Manga,658,6.57,2010,https://cdn.myanimelist.net/images/manga/1/61643l.jpg
922,Meguridokoro,,めぐりドコロ,Manga,658,6.9,2010,https://cdn.myanimelist.net/images/manga/3/167949l.jpg
922,Nee♥Summer!  Nee♥Sama!,,姉♥Summer! ～ねえ♥さまー！～,Light Novel,658,,2010,https://cdn.myanimelist.net/images/manga/3/169422l.jpg
922,Tenshi ½ Houteishiki,,天使½方程式,Manga,658,7.16,2010,https://cdn.myanimelist.net/images/manga/1/210736l.jpg
927,Eiyuu Densetsu: Zero no Kiseki,,英雄伝説 零の軌跡,Manga,657,,2010,https://cdn.myanimelist.net/images/manga/2/92141l.jpg
928,Onaji Sora wo Miteiru,I'm looking at the same sky,同じ空を見ている,Manga,656,6.61,2010,https://cdn.myanimelist.net/images/manga/2/159640l.jpg
929,Help Me! Misaki-san: Boku no Misaki-san-hen,,Help me! 美咲さん ～僕の美咲さん編～,One-shot,655,6.52,2010,https://cdn.myanimelist.net/images/manga/1/68889l.jpg
930,Monster Cage,,,One-shot,654,6.57,2010,https://cdn.myanimelist.net/images/manga/3/36688l.jpg
931,Kodou no Yokan - Vital Zero,,鼓動の予感～ヴァイタル・ゼロ～,Manga,652,6.69,2010,https://cdn.myanimelist.net/images/manga/1/35766l.jpg
932,Joshikousei: Girls-Live,,女子高生 Girls-Live,Manga,649,6.9,2010,https://cdn.myanimelist.net/images/manga/1/152454l.jpg
932,Wakasugita Hakushaku Fujin,,若すぎた伯爵夫人,Manga,649,6.58,2010,https://cdn.myanimelist.net/images/manga/1/341973l.jpg
934,Junketsu Lovers,The Blood-Tied Lovers,殉血LOVERS,Manga,648,6.64,2010,https://cdn.myanimelist.net/images/manga/2/109031l.jpg
934,Miman Renai dj - Summer Story,,黒瀬くんと小沢さん(夏編),Doujinshi,648,6.84,2010,https://cdn.myanimelist.net/images/manga/2/37244l.jpg
936,Blade Breaker,,ブレイドブレイカー,Manga,647,6.75,2010,https://cdn.myanimelist.net/images/manga/2/92687l.jpg
937,Egoistic Trap,,エゴイスティック トラップ,Manga,642,6.71,2010,https://cdn.myanimelist.net/images/manga/3/153439l.jpg
937,"Hatarake, Kentauros!",,はたらけ、ケンタウロス!,Manga,642,7.04,2010,https://cdn.myanimelist.net/images/manga/3/40662l.jpg
937,Loop (So-Sol),,루프,Manhwa,642,6.77,2010,https://cdn.myanimelist.net/images/manga/1/29414l.jpg
937,Zankokuna Kimi ni Tomoni,,残酷な君と共に,Manga,642,6.56,2010,https://cdn.myanimelist.net/images/manga/2/35629l.jpg
941,Eohwadungdungnae Boreumi,,어화둥둥 내♥보르미,Manhwa,641,6.89,2010,https://cdn.myanimelist.net/images/manga/2/104833l.jpg
941,Nemurenu Kishi ni Hanataba wo,,眠れぬ騎士に花束を,Manga,641,6.99,2010,https://cdn.myanimelist.net/images/manga/1/46401l.jpg
943,Baki Domoe,,バキどもえ,Manga,640,6.65,2010,https://cdn.myanimelist.net/images/manga/2/207743l.jpg
943,Naked☆Party,,ネイキッド☆パーティ,Manga,640,6.76,2010,https://cdn.myanimelist.net/images/manga/3/57603l.jpg
943,Oneesan Whisper,,おねえさんウィスパー,Manga,640,6.67,2010,https://cdn.myanimelist.net/images/manga/1/49961l.jpg
946,Oneppyu,,おねっぴゅ,Manga,639,6.71,2010,https://cdn.myanimelist.net/images/manga/2/49543l.jpg
947,Makamisama no Iutoori!,,真神様の言うとおり!,Manga,637,7.01,2010,https://cdn.myanimelist.net/images/manga/3/48451l.jpg
948,Gitei Otoshi,,義弟堕とし,Doujinshi,634,6.62,2010,https://cdn.myanimelist.net/images/manga/2/93433l.jpg
948,Okubyou na Koi,,臆病な恋,Manga,634,6.67,2010,https://cdn.myanimelist.net/images/manga/4/182996l.jpg
950,Girls☆Complex,,ガールズ☆コンプレックス,One-shot,633,6.48,2010,https://cdn.myanimelist.net/images/manga/3/39759l.jpg
951,Reversible,,,Manga,631,6.18,2010,https://cdn.myanimelist.net/images/manga/2/29665l.jpg
951,Wanderful Days,,わんダフルデイズ,One-shot,631,6.74,2010,https://cdn.myanimelist.net/images/manga/2/83188l.jpg
953,Yuurei Apartment Kanrinin,,ゆうれいアパート管理人,Manga,629,7.24,2010,https://cdn.myanimelist.net/images/manga/3/171202l.jpg
954,Yume Midokoro,,ゆめみどころ,One-shot,628,6.54,2010,https://cdn.myanimelist.net/images/manga/1/33404l.jpg
955,Nijiiro☆Prism Girl,,にじいろ☆プリズムガール,Manga,627,6.66,2010,https://cdn.myanimelist.net/images/manga/2/121611l.jpg
955,Otomegokoro no Jiyuugata,,乙女心?の自由形,Manga,627,6.34,2010,https://cdn.myanimelist.net/images/manga/5/62899l.jpg
957,Yosugara Sexology,,終夜〈よすがら〉セクソロジー,Manga,622,6.7,2010,https://cdn.myanimelist.net/images/manga/3/69775l.jpg
958,Koi ni Ochite Kudasai,,恋に落ちてください,Manga,621,6.69,2010,https://cdn.myanimelist.net/images/manga/1/164556l.jpg
959,Ame ni Nureta Tenshi,,雨に濡れた天使,Manga,619,6.78,2010,https://cdn.myanimelist.net/images/manga/2/61203l.jpg
960,Junai Twitter,,純愛ツイッター,Manga,616,6.11,2010,https://cdn.myanimelist.net/images/manga/2/40848l.jpg
961,Crown Latte Art,,王冠（クラウン）ラテアート,Manga,615,7.11,2010,https://cdn.myanimelist.net/images/manga/1/141067l.jpg
961,Higurashi no Naku Koro ni Kizuna,,ひぐらしのなく頃に 絆,Manga,615,6.85,2010,https://cdn.myanimelist.net/images/manga/3/260820l.jpg
963,Chichi Nikurin,,ちちにくりん,Manga,614,6.71,2010,https://cdn.myanimelist.net/images/manga/3/92855l.jpg
964,Sugar☆Spot,,しゅがー☆すぽっと,Manga,613,6.86,2010,https://cdn.myanimelist.net/images/manga/2/68463l.jpg
965,Docchi mo Love!?,,どっちもLOVE！？,Manga,611,6.9,2010,https://cdn.myanimelist.net/images/manga/2/49143l.jpg
966,Gakuen Kino,,学園キノ,Manga,610,,2010,https://cdn.myanimelist.net/images/manga/1/186219l.jpg
967,Brand-new♡Star,,ブランニュー♡スター,Manga,609,6.55,2010,https://cdn.myanimelist.net/images/manga/3/140507l.jpg
968,Wakaba*Girl,,わかば＊ガール,Manga,608,6.88,2010,https://cdn.myanimelist.net/images/manga/2/152083l.jpg
969,Magic: The Gathering - Moe Tsukinu Honoo,,マジック: ザ・ギャザリング 燃え尽きぬ炎,Manga,606,6.28,2010,https://cdn.myanimelist.net/images/manga/1/280719l.jpg
969,Shin Kidou Senki Gundam Wing: Frozen Teardrop,New Mobile Report Gundam Wing: Frozen Teardrop,新機動戦記ガンダムW Frozen Teardrop,Light Novel,606,,2010,https://cdn.myanimelist.net/images/manga/1/147435l.jpg
971,Kokuhaku,Confession,告白,Manga,604,6.58,2010,https://cdn.myanimelist.net/images/manga/2/46905l.jpg
972,Shippuu Jinrai,,疾風迅雷,Doujinshi,603,6.63,2010,https://cdn.myanimelist.net/images/manga/1/186930l.jpg
973,Mayo Mayo!,,まよマヨ!,Manga,602,,2010,https://cdn.myanimelist.net/images/manga/2/159855l.jpg
973,Yamiiro no Aijin,,闇色の愛人,Manga,602,6.11,2010,https://cdn.myanimelist.net/images/manga/3/85255l.jpg
975,Dokusen Kenrisho,,独占権利書,Manga,600,6.29,2010,https://cdn.myanimelist.net/images/manga/3/105615l.jpg
976,Bishounen de Meitantei de Doesu,,美少年で名探偵でドエス,Manga,598,,2010,https://cdn.myanimelist.net/images/manga/1/33543l.jpg
977,Masaka Kore ga Koi nante,,まさかこれが恋なんて,Manga,596,6.37,2010,https://cdn.myanimelist.net/images/manga/3/143975l.jpg
978,Hahaoya Shikkaku: Watashi wa Musuko Tomodachi no Mesu Buta Dorei,,母親失格・私は息子友達のメス豚奴隷,Doujinshi,595,6.54,2010,https://cdn.myanimelist.net/images/manga/1/94307l.jpg
979,Pokerface,,코커페이스,Manhwa,594,6.85,2010,https://cdn.myanimelist.net/images/manga/1/28942l.jpg
980,Soutaisei Koufukuron,,相対性幸福論,One-shot,589,6.97,2010,https://cdn.myanimelist.net/images/manga/1/46529l.jpg
981,Aoi Kizu to Doku no Ringo to,,青い傷と毒のリンゴと,Manga,588,6.32,2010,https://cdn.myanimelist.net/images/manga/3/90293l.jpg
982,Hanayome ni Naru Jouken,,花嫁になる条件,Manga,585,6.96,2010,https://cdn.myanimelist.net/images/manga/5/60123l.jpg
983,Yawarakai Taion,,やわらかい体温,One-shot,583,6.69,2010,https://cdn.myanimelist.net/images/manga/2/61415l.jpg
984,Honjitsu wa Seiten nari,,本日は晴天なり,Manga,581,6.55,2010,https://cdn.myanimelist.net/images/manga/3/140241l.jpg
984,Zettai Nyuuiki,,絶対乳域,Manga,581,6.68,2010,https://cdn.myanimelist.net/images/manga/1/69781l.jpg
986,Sensei to Himitsu wo...,,先生と秘密を…,Manga,578,6.59,2010,https://cdn.myanimelist.net/images/manga/3/262003l.jpg
987,Cat's♥Eye,,キャッツ♥愛,Manga,576,,2010,https://cdn.myanimelist.net/images/manga/3/100809l.jpg
988,Futanarikko Fantasia,,ふたなりっ娘ファンタジア,Manga,575,6.59,2010,https://cdn.myanimelist.net/images/manga/1/53945l.jpg
989,Ai Mai Mii Main,,あい妹みぃ妹ん,Manga,573,6.79,2010,https://cdn.myanimelist.net/images/manga/2/69169l.jpg
990,Carpe Diem,,カルペ・ディエム,One-shot,572,6.54,2010,https://cdn.myanimelist.net/images/manga/3/112441l.jpg
991,Oujisama 100%,,王子様100％,Manga,571,,2010,https://cdn.myanimelist.net/images/manga/2/37367l.jpg
992,God Eater: Kinki wo Yaburu Mono,,GOD EATER 禁忌を破る者,Light Novel,570,,2010,https://cdn.myanimelist.net/images/manga/3/34412l.jpg
992,Kuchibiru Kudasai,,くちびる下さい,One-shot,570,6.25,2010,https://cdn.myanimelist.net/images/manga/1/113121l.jpg
992,UnisiS,Uniform Sister,UnisiS,Doujinshi,570,6.69,2010,https://cdn.myanimelist.net/images/manga/3/179824l.jpg
995,Heavenly,,Heavenly へぶんりぃー,Manga,567,6.49,2010,https://cdn.myanimelist.net/images/manga/2/110105l.jpg
996,Nijiiro no Cinderella,,虹色のシンデレラ,Manga,565,6.75,2010,https://cdn.myanimelist.net/images/manga/5/335827l.jpg
997,Shougo no,,しょうごの,Manga,564,6.83,2010,https://cdn.myanimelist.net/images/manga/1/109011l.jpg
998,Otome Gokoro,,処女ゴコロ,Manga,559,6.84,2010,https://cdn.myanimelist.net/images/manga/2/49395l.jpg
999,Renai Otogibanashi: Chocolate Dragée,,恋愛おとぎ話～ショコラ・ドラジェ～,Manga,558,,2010,https://cdn.myanimelist.net/images/manga/1/28427l.jpg
1000,"No Bra, No Panties, No Future",,ノーブラノーパンノーフューチャー,One-shot,555,5.87,2010,https://cdn.myanimelist.net/images/manga/3/61517l.jpg
1001,Starry☆Sky: Comic Anthology - After Season,,Starry☆Skyコミックアンソロジー~After Season~,Manga,554,7.07,2010,https://cdn.myanimelist.net/images/manga/1/33685l.jpg
1001,Uso Mitai na Hanashi desu ga,,嘘みたいな話ですが,Manga,554,6.28,2010,https://cdn.myanimelist.net/images/manga/3/116005l.jpg
1003,Moon Trick,,MOON・TRICK,Manga,552,7.41,2010,https://cdn.myanimelist.net/images/manga/1/208262l.jpg
1004,Saijou no Meii: The King of Neet,,最上の明医～ザ・キング・オブ・ニート～,Manga,551,,2010,https://cdn.myanimelist.net/images/manga/2/328322l.jpg
1005,Akai Kami wa Yuuwaku no Shirushi,,赤い髪は誘惑のしるし,Manga,550,6.37,2010,https://cdn.myanimelist.net/images/manga/1/341974l.jpg
1005,Alice's Dream Files,,愛麗斯奇夢檔案,Manhua,550,6.27,2010,https://cdn.myanimelist.net/images/manga/3/30567l.jpg
1005,Fusoku no Renjou,,不測ノ恋情,Manga,550,7.2,2010,https://cdn.myanimelist.net/images/manga/2/65659l.jpg
1005,Sensei no Boku,,せんせいのぼく,Manga,550,6.13,2010,https://cdn.myanimelist.net/images/manga/3/42116l.jpg
1009,Smile Style,,スマイル・スタイル,Manga,549,,2010,https://cdn.myanimelist.net/images/manga/3/117391l.jpg
1010,Ijippari Love Panic,,いじっぱりLOVE♥パニック,Manga,548,6.66,2010,https://cdn.myanimelist.net/images/manga/3/94807l.jpg
1011,Hatsujou Baby,,発情ベイビー,Manga,547,6.95,2010,https://cdn.myanimelist.net/images/manga/2/94333l.jpg
1011,Love Kachu,Lovers Time,ラブかちゅ,Manga,547,6.74,2010,https://cdn.myanimelist.net/images/manga/2/97159l.jpg
1011,Mou Shoujo Manga nante,,もう少女まんがなんて,Manga,547,6.97,2010,https://cdn.myanimelist.net/images/manga/3/77203l.jpg
1014,Toppatsusei Inkou Shoukougun,,突発性淫行症候群,Manga,544,6.84,2010,https://cdn.myanimelist.net/images/manga/1/48211l.jpg
1015,Melo Holic,,멜로홀릭,Manhwa,543,7.15,2010,https://cdn.myanimelist.net/images/manga/2/264790l.jpg
1016,Aka☆Pro!!!: Akarui Sanshimai Project!,,あか☆ぷろ!!! ～明るい三姉妹プロジェクト～,Manga,542,,2010,https://cdn.myanimelist.net/images/manga/1/161724l.jpg
1016,Dantalian no Shoka: Dalian Days,,ダンタリアンの書架 ダリアンDays,Manga,542,,2010,https://cdn.myanimelist.net/images/manga/1/128327l.jpg
1018,Jigoku Iki Bus,A Bus to Hell,地獄行きバス,Manga,541,6.53,2010,https://cdn.myanimelist.net/images/manga/3/97341l.jpg
1019,B.A.D.,,B.A.D.,Light Novel,540,,2010,https://cdn.myanimelist.net/images/manga/3/163977l.jpg
1020,Mie Hariatte Surechigai,,見栄張りあってすれ違い,Manga,538,6.48,2010,https://cdn.myanimelist.net/images/manga/1/155036l.jpg
1021,Futanarikko no Sekai,,ふたなりっ娘の世界,Manga,533,6.46,2010,https://cdn.myanimelist.net/images/manga/2/68787l.jpg
1022,Shinzui Shinseikatsu Ver.,,真髄 新生活Ver.,Doujinshi,531,6.23,2010,https://cdn.myanimelist.net/images/manga/3/59643l.jpg
1023,Boku no Kirai na Otouto,,僕のキライな弟,Manga,529,5.71,2010,https://cdn.myanimelist.net/images/manga/3/189891l.jpg
1024,Kidou Senshi Gundam: Gyakushuu no Char - Beyond the Time,,機動戦士ガンダム 逆襲のシャア BEYOND THE TIME,Manga,527,6.63,2010,https://cdn.myanimelist.net/images/manga/1/293432l.jpg
1024,Kimi ni XOXO,,キミにＸＯＸＯ,Manga,527,6.42,2010,https://cdn.myanimelist.net/images/manga/3/42342l.jpg
1024,Moon Edge,,MOON EDGE,Manga,527,,2010,https://cdn.myanimelist.net/images/manga/1/63619l.jpg
1027,Nukinuki Family Sex: Haha to Ane to Imouto to Boku to Sex,,ヌキヌキファミリーセックス〜母と姉と妹と僕とセックス〜,Manga,525,6.41,2010,https://cdn.myanimelist.net/images/manga/3/244201l.jpg
1028,Kono Yoru no Subete,This Night's Everything,この夜のすべて,Manga,523,6.85,2010,https://cdn.myanimelist.net/images/manga/1/39163l.jpg
1028,Lingerie: Houmon Hanbai Futouki,,らんじぇり ～訪問販売奮闘記～,Doujinshi,523,6.75,2010,https://cdn.myanimelist.net/images/manga/3/75703l.jpg
1028,Sugar Kiss,,シュガー・キス,Manga,523,6.82,2010,https://cdn.myanimelist.net/images/manga/1/261425l.jpg
1031,Feng Yu Jiu Tian,,凤于九天,Light Novel,522,7.2,2010,https://cdn.myanimelist.net/images/manga/1/99331l.jpg
1031,Kami Yome,,カミヨメ,Manga,522,6.57,2010,https://cdn.myanimelist.net/images/manga/3/150845l.jpg
1033,Yawahada Otome,,やわはだおとめ,Manga,521,6.96,2010,https://cdn.myanimelist.net/images/manga/1/93507l.jpg
1034,Tsurugi to Kiri,Sword and Mist,剣と霧,Manga,519,7.21,2010,https://cdn.myanimelist.net/images/manga/2/166203l.jpg
1035,Koishite Hoshii,,恋してほしい,Manga,518,6.61,2010,https://cdn.myanimelist.net/images/manga/1/162986l.jpg
1035,Shounen Tsubaki,,少年椿,Manga,518,6.67,2010,https://cdn.myanimelist.net/images/manga/1/158662l.jpg
1037,Chibikko-tachi wa Natsu no Nioi.,,ちびっ子たちは夏のにおい。,Manga,517,7.0,2010,https://cdn.myanimelist.net/images/manga/1/137039l.jpg
1038,Heartcatch Precure!,,ハートキャッチプリキュア！,Manga,516,6.7,2010,https://cdn.myanimelist.net/images/manga/3/181254l.jpg
1039,Beauty & Beast,,Beauty&Beast,Manga,514,6.46,2010,https://cdn.myanimelist.net/images/manga/2/64753l.jpg
1039,Free!,,Free! フリー,Manga,514,,2010,https://cdn.myanimelist.net/images/manga/1/115533l.jpg
1039,Kouzen Waisetsu Kanojo,,公然ワイセツ彼女,Manga,514,6.67,2010,https://cdn.myanimelist.net/images/manga/3/69425l.jpg
1042,Himitsu no Sakana Pan,,ヒミツのさかなパン,One-shot,510,6.68,2010,https://cdn.myanimelist.net/images/manga/1/45671l.jpg
1042,Simple Days,,シンプルデイズ,Manga,510,6.54,2010,https://cdn.myanimelist.net/images/manga/3/117645l.jpg
1044,Suugaku Girl: Godel no Fukanzensei Teiri,Mathematical Girls: Godel's Incompleteness Theorems,数学ガール ゲーデルの不完全性定理,Manga,509,6.75,2010,https://cdn.myanimelist.net/images/manga/1/146265l.jpg
1045,Pretty Rhythm,,プリティーリズム,Manga,506,,2010,https://cdn.myanimelist.net/images/manga/1/61877l.jpg
1045,Sailor Magic Midori-chan,,制服魔法〈セーラーマジック〉みどりちゃん,Manga,506,6.5,2010,https://cdn.myanimelist.net/images/manga/2/159067l.jpg
1047,Hime Paco♥,PacoPaco Love with my Princess.,ヒメパコ♥,Manga,504,6.84,2010,https://cdn.myanimelist.net/images/manga/3/145793l.jpg
1047,Kikai Tonchi Banashi Hanasaka Ikkyuu,,奇怪とんち噺 花咲一休,One-shot,504,6.76,2010,https://cdn.myanimelist.net/images/manga/1/36949l.jpg
1047,Toraware Box,,トラワレBOX,Manga,504,6.62,2010,https://cdn.myanimelist.net/images/manga/3/101969l.jpg
1050,Meat Hole,,み～とほ～る,Manga,502,6.36,2010,https://cdn.myanimelist.net/images/manga/2/114859l.jpg
1051,My Sisters,,My Sisters,Manga,501,6.59,2010,https://cdn.myanimelist.net/images/manga/2/49843l.jpg
1052,Kokoro no Subete wo,Something from the Heart,心のすべてを,Manga,500,6.51,2010,https://cdn.myanimelist.net/images/manga/2/68319l.jpg
1052,Makia,,マキア,Manga,500,,2010,https://cdn.myanimelist.net/images/manga/3/81924l.jpg
1054,Waraenu Warashi: 108 no Karma,,笑えぬ童子 ～108の業～,Manga,499,,2010,https://cdn.myanimelist.net/images/manga/2/133117l.jpg
1055,Ecchi Life!,Life of H and Sexuality!,えっちライフ！,Manga,496,,2010,https://cdn.myanimelist.net/images/manga/1/101787l.jpg
1056,Namanaka Hyaku Percent!,,生膣ひゃくぱぁせんと！,Manga,493,,2010,https://cdn.myanimelist.net/images/manga/1/75481l.jpg
1057,Lavender wa Kiken na Kaori,,ラベンダーは危険な香り,Manga,491,6.67,2010,https://cdn.myanimelist.net/images/manga/2/62467l.jpg
1057,Shimekiri-sama ni Oyurushi wo,,〆切様におゆるしを,Manga,491,6.46,2010,https://cdn.myanimelist.net/images/manga/3/164387l.jpg
1057,Trauma Quantum,,トラウマ量子結晶〈クオンタム〉,Manga,491,,2010,https://cdn.myanimelist.net/images/manga/3/210816l.jpg
1060,Sensei no Kanojo,,センセイの彼女,Manga,489,6.83,2010,https://cdn.myanimelist.net/images/manga/3/65693l.jpg
1061,Another♥Another♥World,,アナザー♥アナザー♥ワールド,Doujinshi,487,6.43,2010,https://cdn.myanimelist.net/images/manga/2/93661l.jpg
1062,Azrael,,아즈라엘,Manhwa,485,6.83,2010,https://cdn.myanimelist.net/images/manga/1/60561l.jpg
1063,Yamamoto Mimikaki-ten,,山本耳かき店,Manga,483,6.39,2010,https://cdn.myanimelist.net/images/manga/3/153264l.jpg
1064,Engeki-bu no Majo to Kishi,Witch Meets Knight,演劇部の魔女と騎士,Manga,482,6.5,2010,https://cdn.myanimelist.net/images/manga/3/186007l.jpg
1065,Girls Monochrome,,Girlsmonochrome,Doujinshi,481,6.5,2010,https://cdn.myanimelist.net/images/manga/2/131103l.jpg
1065,Ikusa no Ko: Oda Saburou Nobunaga Den,Ikusa no Ko: Legend of Oda Nobunaga,いくさの子 織田三郎信長伝,Manga,481,,2010,https://cdn.myanimelist.net/images/manga/1/64169l.jpg
1065,Inbo Shiiku: Mama Pet,Slave Mother Rape,淫母飼育～ママペット～,Manga,481,6.42,2010,https://cdn.myanimelist.net/images/manga/2/68891l.jpg
1068,Soukou Akki Muramasa: Minagoroshi,,装甲悪鬼村正 鏖,Manga,480,,2010,https://cdn.myanimelist.net/images/manga/1/144333l.jpg
1069,Chichi Otome,,チチオトメ,Manga,479,6.7,2010,https://cdn.myanimelist.net/images/manga/2/116143l.jpg
1070,Vita Arcana,,秘身譚 ヴィータ・アルカーナ,Manga,478,,2010,https://cdn.myanimelist.net/images/manga/3/77127l.jpg
1071,Mr. Secret Floor - Shousetsuka no Tawamure na Hibiki,,Mr.シークレットフロア 〜小説家の戯れなひびき〜,Manga,477,6.99,2010,https://cdn.myanimelist.net/images/manga/3/31309l.jpg
1072,Bluish,Bluish,ブルーイッシュ,Manga,475,6.78,2010,https://cdn.myanimelist.net/images/manga/1/137931l.jpg
1072,DD Hokuto no Ken,,DD北斗の拳,Manga,475,,2010,https://cdn.myanimelist.net/images/manga/3/168517l.jpg
1072,Pink Rush,,ピンク・ラッシュ,Manga,475,6.28,2010,https://cdn.myanimelist.net/images/manga/3/156114l.jpg
1075,Shousetsu Higashi no Eden Gekijouban,,小説 東のエデン 劇場版,Light Novel,472,,2010,https://cdn.myanimelist.net/images/manga/2/115983l.jpg
1076,Arata no Tsukumogami,,アラタのツクモガミ,One-shot,469,6.13,2010,https://cdn.myanimelist.net/images/manga/3/37980l.jpg
1076,Kidou Senshi Gundam 00I 2314,,機動戦士ガンダム00I 2314,Manga,469,,2010,https://cdn.myanimelist.net/images/manga/2/282846l.jpg
1078,Kanpachi,,かんぱち,Manga,468,,2010,https://cdn.myanimelist.net/images/manga/1/201853l.jpg
1079,Inazuma Eleven: Special,,イナズマイレブンSPECIAL,Manga,467,6.67,2010,https://cdn.myanimelist.net/images/manga/1/112305l.jpg
1079,Tsukumono,,ツクモノ,One-shot,467,6.49,2010,https://cdn.myanimelist.net/images/manga/3/144471l.jpg
1081,Futanari Himekishi Elis,Futanari Princess Knight Elis,ふたなり姫騎士エリス,Manga,465,6.6,2010,https://cdn.myanimelist.net/images/manga/2/154888l.jpg
1081,Hana ni Somu,,花に染む,Manga,465,,2010,https://cdn.myanimelist.net/images/manga/3/192071l.jpg
1081,Melody,,メロディ,Manga,465,6.74,2010,https://cdn.myanimelist.net/images/manga/3/110387l.jpg
1084,Fuwafuwa no Kimochi,,ふわふわのきもち,Manga,464,6.68,2010,https://cdn.myanimelist.net/images/manga/3/141511l.jpg
1085,Shunkan x Heroism,,瞬間×ヒロイズム,One-shot,463,6.47,2010,https://cdn.myanimelist.net/images/manga/2/34441l.jpg
1085,Suugaku Girl: Fermat no Saishuu Teiri,Mathematical Girl: Fermat's Last Theorem,数学ガール フェルマーの最終定理,Manga,463,,2010,https://cdn.myanimelist.net/images/manga/2/165119l.jpg
1087,E.A.r.T.h ∞,,エアリセ∞（the endness）,Manga,460,,2010,https://cdn.myanimelist.net/images/manga/1/110845l.jpg
1088,Hime to Mahoutsukai,,姫と魔法使い,One-shot,459,6.43,2010,https://cdn.myanimelist.net/images/manga/3/69627l.jpg
1088,Togainu no Chi Anthology - Shiki Maniax,,咎狗の血アンソロジー シキ・マニアックス,Manga,459,,2010,https://cdn.myanimelist.net/images/manga/2/31433l.jpg
1090,Kainushi-sama to Oyobi!,,飼い主様とお呼びッ！,Manga,458,6.35,2010,https://cdn.myanimelist.net/images/manga/2/153608l.jpg
1090,Mahou Shoujo Lyrical Nanoha: Comic à la carte,,魔法少女リリカルなのは コミックアラカルト,Manga,458,7.03,2010,https://cdn.myanimelist.net/images/manga/1/40603l.jpg
1090,Mizuki Shigeru no Toono Monogatari,Tono Monogatari,水木しげるの遠野物語,Manga,458,6.7,2010,https://cdn.myanimelist.net/images/manga/3/36715l.jpg
1093,ComeCome Selection,,コメコメSelection,Manga,457,6.65,2010,https://cdn.myanimelist.net/images/manga/3/153650l.jpg
1093,Eien Extra,,EIEN Extra,Doujinshi,457,6.44,2010,https://cdn.myanimelist.net/images/manga/2/108311l.jpg
1095,Boku no Kawaii Oneesan,,僕の可愛いお姉さん,Manga,456,6.69,2010,https://cdn.myanimelist.net/images/manga/1/92733l.jpg
1096,Devil Kiss,,デビルキッス,Doujinshi,455,6.41,2010,https://cdn.myanimelist.net/images/manga/3/49463l.jpg
1097,Kusuguttai no... Suki♥,,くすぐったいの･･･好き♥,Manga,454,6.48,2010,https://cdn.myanimelist.net/images/manga/2/94995l.jpg
1098,Ai ga Ippai Ero wa Oppai,,愛がいっぱい エロはおっぱい,Manga,453,6.62,2010,https://cdn.myanimelist.net/images/manga/1/71575l.jpg
1098,Chouyaku Hyakuninisshu: Uta Koi.,,超訳百人一首 うた恋い。,Manga,453,,2010,https://cdn.myanimelist.net/images/manga/1/64873l.jpg
1098,Date Ningen,,伊達人間,Manga,453,,2010,https://cdn.myanimelist.net/images/manga/3/36511l.jpg
1101,Mugen Utamaro,,夢幻ウタマロ,Manga,452,6.67,2010,https://cdn.myanimelist.net/images/manga/1/70359l.jpg
1101,Sono Hanabira ni Kuchizuke wo: Natsu wo Gyutto ne!,,その花びらにくちづけを 夏をぎゅっとね!,Light Novel,452,,2010,https://cdn.myanimelist.net/images/manga/3/115735l.jpg
1103,Kinoko Inu,Kinokoinu: Mushroom Pup,きのこいぬ,Manga,451,,2010,https://cdn.myanimelist.net/images/manga/3/136725l.jpg
1103,Suna no Meiro,The Arabian Mistress,砂の迷路,Manga,451,6.02,2010,https://cdn.myanimelist.net/images/manga/1/107333l.jpg
1105,Angel Para Bellum,Angel Para Bellum,エンジェルパラベラム,Manga,450,,2010,https://cdn.myanimelist.net/images/manga/3/57489l.jpg
1106,Binkan☆Loli Torisu,,敏感☆ろりトリス,Manga,449,6.45,2010,https://cdn.myanimelist.net/images/manga/2/92745l.jpg
1106,Happy End Apartment,Apartments of Calle Feliz,ハッピーエンドアパートメント,Manga,449,7.16,2010,https://cdn.myanimelist.net/images/manga/1/57417l.jpg
1108,Chotto dake!,,ちょっとだけ！,Doujinshi,447,6.42,2010,https://cdn.myanimelist.net/images/manga/2/150218l.jpg
1108,Oyayubi Hime,,おやゆび姫,Manga,447,6.44,2010,https://cdn.myanimelist.net/images/manga/2/169031l.jpg
1110,My Beast,,나의 짐승남,Manhwa,446,,2010,https://cdn.myanimelist.net/images/manga/3/172299l.jpg
1111,Ohayou Rakuen-kun (Kari),,おはよう楽園くん（仮）,Manga,445,,2010,https://cdn.myanimelist.net/images/manga/1/156443l.jpg
1111,Raiatea,,ライアテア,Manga,445,7.14,2010,https://cdn.myanimelist.net/images/manga/2/190898l.jpg
1113,Hiza no Ue no Tanashi-san,,膝の上の田無さん,One-shot,444,6.81,2010,https://cdn.myanimelist.net/images/manga/1/68817l.jpg
1113,"Kigata ga Kita!: ""Kyoufu Shinbun"" yori",,キガタガキタ!～「恐怖新聞」より～,Manga,444,,2010,https://cdn.myanimelist.net/images/manga/3/46897l.jpg
1115,Tsuyahada Lovers,,艶肌らう゛ぁーず,Manga,443,6.37,2010,https://cdn.myanimelist.net/images/manga/2/203343l.jpg
1116,MaMaMa: Mahou Iinchou Mako-chan Mahou Shidou,MaMaMa: Magical Director Mako-chan's Magical Guidance,マママ～魔法委員長魔子ちゃんの魔法指導～,Manga,442,6.33,2010,https://cdn.myanimelist.net/images/manga/1/90073l.jpg
1116,Yome♂,,嫁♂,One-shot,442,5.95,2010,https://cdn.myanimelist.net/images/manga/2/66787l.jpg
1118,A to E no Aida,,アとエのあいだ,Manga,441,,2010,https://cdn.myanimelist.net/images/manga/3/69443l.jpg
1118,Planetary*,,planetary*,Manga,441,,2010,https://cdn.myanimelist.net/images/manga/1/36801l.jpg
1118,Shoushin no Monaco,The Frenchman's Marriage Demand,傷心のモナコ,Manga,441,6.26,2010,https://cdn.myanimelist.net/images/manga/3/119009l.jpg
1121,Kanojo ga Kimi wo Suki ni Natta Wake,,彼女が恋人【キミ】を好きになった理由【ワケ】,Manga,439,6.63,2010,https://cdn.myanimelist.net/images/manga/3/92333l.jpg
1121,Neko no Me no Horoscope,,猫の目のホロスコープ,Manga,439,,2010,https://cdn.myanimelist.net/images/manga/1/54215l.jpg
1121,Ningen Shikkaku Kai,,人間失格 壊,Manga,439,,2010,https://cdn.myanimelist.net/images/manga/1/66201l.jpg
1124,A-presto,,A-presto ～ア・プレスト～,Manga,438,6.83,2010,https://cdn.myanimelist.net/images/manga/3/128431l.jpg
1124,Tadashii Majutsu no Asobikata,The Right Way of Playing of Magic,正しい魔術の遊び方,Manga,438,,2010,https://cdn.myanimelist.net/images/manga/3/70185l.jpg
1126,Dr. DMAT: Gareki no Shita no Hippocrates,,Dr.DMAT～瓦礫の下のヒポクラテス～,Manga,436,,2010,https://cdn.myanimelist.net/images/manga/1/173076l.jpg
1126,Tobari,,トバリ,One-shot,436,6.82,2010,https://cdn.myanimelist.net/images/manga/3/69831l.jpg
1128,Namida no Memory,,なみだのメモリー,One-shot,435,6.55,2010,https://cdn.myanimelist.net/images/manga/3/72315l.jpg
1129,Kettama! Shuukyuu Riot☆Girls,,けったま！ ～蹴球☆らいおっとガールズ～,Manga,434,,2010,https://cdn.myanimelist.net/images/manga/2/226582l.jpg
1129,Renai Otogibanashi: Rose Petite Cœur,,恋愛おとぎ話~ローズ・プティクール,Manga,434,,2010,https://cdn.myanimelist.net/images/manga/3/31379l.jpg
1129,"Sakurada Reset: Cat, Ghost and Revolution Sunday",,"サクラダリセット CAT, GHOST and REVOLUTION SUNDAY",Manga,434,,2010,https://cdn.myanimelist.net/images/manga/1/183769l.jpg
1132,Shiina-kun no Torikemo Hyakka,Dr. Shiina's Wildlife Encyclopedia,椎名くんの鳥獣百科,Manga,433,,2010,https://cdn.myanimelist.net/images/manga/1/199109l.jpg
1133,Dokugan Ryuukai,,独眼龍改,Manga,432,,2010,https://cdn.myanimelist.net/images/manga/3/44679l.jpg
1134,Hame-Fes,,ハメフェス,Manga,431,6.81,2010,https://cdn.myanimelist.net/images/manga/3/125829l.jpg
1134,Seiyuu Ichinensei,,声優一年生,Manga,431,6.78,2010,https://cdn.myanimelist.net/images/manga/1/119579l.jpg
1136,Hentai♥Yamamoto-san,,へんたい♥山本さん,Manga,430,,2010,https://cdn.myanimelist.net/images/manga/2/69393l.jpg
1137,Kashikomi Mousu!,,かしこみ申す!,One-shot,429,6.61,2010,https://cdn.myanimelist.net/images/manga/5/67011l.jpg
1138,Ane-sama Inkou,,姉様淫香,Manga,428,6.5,2010,https://cdn.myanimelist.net/images/manga/2/75725l.jpg
1138,Koyoi Omae to,You and Tonight,今宵おまえと,Manga,428,6.9,2010,https://cdn.myanimelist.net/images/manga/1/109183l.jpg
1138,Ozu no Kakashi Tsukai,,オズのかかし使い,Manga,428,7.04,2010,https://cdn.myanimelist.net/images/manga/2/61255l.jpg
1141,Gurazeni,,グラゼニ,Manga,427,,2010,https://cdn.myanimelist.net/images/manga/2/149160l.jpg
1141,"Hana no Arashi wa,",Storm Flower,花の嵐は、,Manga,427,,2010,https://cdn.myanimelist.net/images/manga/3/39850l.jpg
1143,Blood Loop,,Blood loop,Manga,426,,2010,https://cdn.myanimelist.net/images/manga/3/67329l.jpg
1143,Kobako no Tegami,,小箱の手紙,One-shot,426,5.91,2010,https://cdn.myanimelist.net/images/manga/2/83769l.jpg
1143,Othello,,オセロ,Manga,426,,2010,https://cdn.myanimelist.net/images/manga/2/37096l.jpg
1143,Tempest,,テンペスト,Manga,426,,2010,https://cdn.myanimelist.net/images/manga/1/143451l.jpg
1147,Denma,Denma,덴마,Manhwa,424,6.96,2010,https://cdn.myanimelist.net/images/manga/1/174115l.jpg
1148,Seigi no Rokugou,,正義の禄号,Manga,422,,2010,https://cdn.myanimelist.net/images/manga/1/249081l.jpg
1149,Fermer Mardi,,フェルメルマルディ,One-shot,421,6.34,2010,https://cdn.myanimelist.net/images/manga/5/79235l.jpg
1149,Netorare Kanojo,,寝取られ彼女,Manga,421,6.63,2010,https://cdn.myanimelist.net/images/manga/3/70055l.jpg
1149,Toraware Voice,,とらわれボイス,One-shot,421,6.64,2010,https://cdn.myanimelist.net/images/manga/2/83450l.jpg
1152,Top wo Nerae! GunBuster,,トップをねらえ! GunBuster,Manga,420,,2010,https://cdn.myanimelist.net/images/manga/1/60019l.jpg
1153,Canaan Sfill,,CANAAN スフィル,Manga,419,,2010,https://cdn.myanimelist.net/images/manga/3/153534l.jpg
1154,Ohisama no Nioi no Suru Shoujo,,おひさまの匂いのする少女。,Manga,418,6.5,2010,https://cdn.myanimelist.net/images/manga/1/183204l.jpg
1155,Odoru Issun-boushi,,踊る一寸法師,One-shot,414,5.59,2010,https://cdn.myanimelist.net/images/manga/1/224176l.jpg
1155,Yume yori Suteki na,,ゆめよりすてきな,Manga,414,,2010,https://cdn.myanimelist.net/images/manga/3/73341l.jpg
1157,Imouto Zettai Ryouiki,,義妹絶対領域,Manga,412,6.68,2010,https://cdn.myanimelist.net/images/manga/3/107499l.jpg
1158,Dream Channel,,ドリームチャンネル,Manga,411,6.74,2010,https://cdn.myanimelist.net/images/manga/2/93227l.jpg
1159,FistFesta!,,FistFesta!,Doujinshi,409,6.55,2010,https://cdn.myanimelist.net/images/manga/1/94065l.jpg
1159,Pet wa Binyanshi.,,ペットは美ニャン子。,Manga,409,6.98,2010,https://cdn.myanimelist.net/images/manga/1/167150l.jpg
1159,Senjou no Valkyria 2,Valkyria Chronicles 2,戦場のヴァルキュリア2,Manga,409,,2010,https://cdn.myanimelist.net/images/manga/2/59155l.jpg
1162,Acchi to Kocchi,,あっちとこっち,Manga,408,,2010,https://cdn.myanimelist.net/images/manga/1/64301l.jpg
1162,Koi no Rule wo Wasuretara,Acting on Impulse,恋のルールを忘れたら,Manga,408,6.84,2010,https://cdn.myanimelist.net/images/manga/5/147091l.jpg
1162,My Summer Memory,,,One-shot,408,5.72,2010,https://cdn.myanimelist.net/images/manga/3/37019l.jpg
1165,Tsumasaki ni Hi,La Danse des Amants: The Dance of Lovers,つまさきに火,Manga,407,6.08,2010,https://cdn.myanimelist.net/images/manga/1/113451l.jpg
1166,Akuma Yashiki no Kyouikugakari,,悪魔屋敷の教育係,One-shot,405,6.52,2010,https://cdn.myanimelist.net/images/manga/2/40418l.jpg
1166,Mahou Bloomers,,魔法ブルマ,One-shot,405,5.75,2010,https://cdn.myanimelist.net/images/manga/3/39154l.jpg
1168,Hands Off!!,,,One-shot,404,6.77,2010,https://cdn.myanimelist.net/images/manga/3/33176l.jpg
1169,Chichiyoku,,乳欲,Manga,403,6.54,2010,https://cdn.myanimelist.net/images/manga/2/136997l.jpg
1169,Enma,,エンマ,One-shot,403,6.6,2010,https://cdn.myanimelist.net/images/manga/2/38148l.jpg
1169,Hataraku Oyomesan,,はたらく♥およめさん,One-shot,403,6.09,2010,https://cdn.myanimelist.net/images/manga/1/67267l.jpg
1172,Cyber Blue: Lost Number Children,,CYBER BLUE: LOST NUMBER CHILDREN -サイバーブルー 失われた子供たち-,Manga,402,,2010,https://cdn.myanimelist.net/images/manga/3/101315l.jpg
1172,Mai-HiME EXA,Mai-HiME EXA,舞-HiME戦（EXA）,Manga,402,,2010,https://cdn.myanimelist.net/images/manga/5/341965l.jpg
1172,"Natsuzora ni, Kimi to Mita Yume",,夏空に、きみと見た夢,Manga,402,,2010,https://cdn.myanimelist.net/images/manga/1/61077l.jpg
1172,Shoujo Nostalgica,,少女ノスタルジカ,Manga,402,6.66,2010,https://cdn.myanimelist.net/images/manga/3/90365l.jpg
1176,Kanojo wa Aitsu no Osumitsuki,"""He Belives Her""",カノジョはアイツのお墨つき,Manga,400,6.71,2010,https://cdn.myanimelist.net/images/manga/2/144801l.jpg
1176,Kidou Senshi Gundam 00: A Wakening of the Trailblazer,,機動戦士ガンダム00 ―A wakening of the Trailblazer―,Manga,400,,2010,https://cdn.myanimelist.net/images/manga/1/282854l.jpg
1176,Kuusou Garou,,空想画廊,Manga,400,6.49,2010,https://cdn.myanimelist.net/images/manga/1/194611l.jpg
1179,101-banme no Hyaku Monogatari,,101番目の百物語,Light Novel,398,,2010,https://cdn.myanimelist.net/images/manga/1/165226l.jpg
1179,Black Out,,BLACK OUT,Manga,398,,2010,https://cdn.myanimelist.net/images/manga/2/168063l.jpg
1179,Iinchou wa Supponpon,,委員長はすっぽんぽん,One-shot,398,5.53,2010,https://cdn.myanimelist.net/images/manga/3/122903l.jpg
1179,Receptacle,,レセプタクル,Manga,398,,2010,https://cdn.myanimelist.net/images/manga/3/150668l.jpg
1183,Maou sa,,まおうさ,One-shot,397,6.5,2010,https://cdn.myanimelist.net/images/manga/2/107917l.jpg
1184,Kurasu Hako,House Is Wonderland,くらすはこ,Manga,396,6.99,2010,https://cdn.myanimelist.net/images/manga/2/223775l.jpg
1185,Onedari Girl,,おねだりガール,Manga,395,,2010,https://cdn.myanimelist.net/images/manga/3/106313l.jpg
1185,Shirojishi no Kodomotachi,Children of White Lion,白獅子の子供たち,Manga,395,6.6,2010,https://cdn.myanimelist.net/images/manga/3/159488l.jpg
1187,Kemono Kingdom: Zoo,,ケモノキングダム~ZOO~,Manga,394,6.69,2010,https://cdn.myanimelist.net/images/manga/2/263637l.jpg
1188,Cha!!,,茶！！,Doujinshi,393,6.51,2010,https://cdn.myanimelist.net/images/manga/1/94195l.jpg
1188,Ikoku no Doctor,The Italian Doctor's Mistress,異国のドクター,Manga,393,6.28,2010,https://cdn.myanimelist.net/images/manga/1/108225l.jpg
1190,Yawaraka Onnanoko,Tender Hearts,やわらかおんなのこ,Manga,392,,2010,https://cdn.myanimelist.net/images/manga/2/167970l.jpg
1191,Komata-kun to Komata-chan,,こまったくんとこまったちゃん,Doujinshi,391,6.1,2010,https://cdn.myanimelist.net/images/manga/3/203756l.jpg
1192,Buruman,,ぶるまん,Manga,390,6.65,2010,https://cdn.myanimelist.net/images/manga/2/127137l.jpg
1192,Futari dake no Himitsu +,,ふたりだけのひみつ＋,Doujinshi,390,6.5,2010,https://cdn.myanimelist.net/images/manga/2/51017l.jpg
1194,Tsuki to Drop,,月とドロップ,One-shot,389,6.65,2010,https://cdn.myanimelist.net/images/manga/2/188490l.jpg
1195,Kono Tabi wa,,このたびは,Manga,388,6.62,2010,https://cdn.myanimelist.net/images/manga/3/36721l.jpg
1195,abgset,,abgset,Doujinshi,388,6.13,2010,https://cdn.myanimelist.net/images/manga/1/58459l.jpg
1197,Comic Lily Plus,,ComicリリィPLUS,Manga,387,6.23,2010,https://cdn.myanimelist.net/images/manga/3/167537l.jpg
1198,Koi Wakaba,,こいわかば,One-shot,386,6.2,2010,https://cdn.myanimelist.net/images/manga/2/41711l.jpg
1199,Oniwaka to Ushiwaka: Edge of the World,,鬼若と牛若 —Edge of the World—,Manga,383,,2010,https://cdn.myanimelist.net/images/manga/1/30663l.jpg
1200,Loveless dj - Sweet Mission,Sweet Mission,スイートミッション,Doujinshi,382,,2010,https://cdn.myanimelist.net/images/manga/3/72257l.jpg
1200,Mon-Oka,,悶犯,Manga,382,6.43,2010,https://cdn.myanimelist.net/images/manga/2/95123l.jpg
1202,Yubisaki de Ai wo Katare,,指先で愛を語れ,Manga,380,6.62,2010,https://cdn.myanimelist.net/images/manga/2/348621l.jpg
1203,Namida wo Yurushita Jigoku no Shisha,,涙を許した地獄の死者,One-shot,377,6.45,2010,https://cdn.myanimelist.net/images/manga/2/177498l.jpg
1203,Persona 3 Portable: Velvet Blue,,ペルソナ3ポータブル ベルベットブルー,Light Novel,377,,2010,https://cdn.myanimelist.net/images/manga/1/127031l.jpg
1203,Tonari no.,,となりの。,One-shot,377,6.51,2010,https://cdn.myanimelist.net/images/manga/1/41476l.jpg
1206,BL Douwa Anthology - Purikore,,ＢＬ童話アンソロジープリコレ,Manga,375,,2010,https://cdn.myanimelist.net/images/manga/3/32767l.jpg
1207,Narippanashi no Ai no Kane,,なりっぱなしの愛の鐘,Manga,374,6.87,2010,https://cdn.myanimelist.net/images/manga/2/100317l.jpg
1207,Tabekko Doubutsu: Neko-hen,,たべっこどうぶつ(猫編),One-shot,374,6.85,2010,https://cdn.myanimelist.net/images/manga/2/36980l.jpg
1209,Gaikou-kakkaku,,鎧光赫赫,Manga,373,,2010,https://cdn.myanimelist.net/images/manga/2/134919l.jpg
1210,Blossom Period,,ブロッサム・ピリオド,Manga,371,,2010,https://cdn.myanimelist.net/images/manga/1/69813l.jpg
1210,Rengoku no Joou,,煉獄の女王,One-shot,371,5.82,2010,https://cdn.myanimelist.net/images/manga/4/51937l.jpg
1212,Shishunki Seimeitai Vega,Puberty Organism Vega,思春期生命体ベガ,Manga,370,6.75,2010,https://cdn.myanimelist.net/images/manga/1/129561l.jpg
1213,Kedamono Dakara,,ケダモノだから。,Manga,369,6.6,2010,https://cdn.myanimelist.net/images/manga/2/59017l.jpg
1214,Rush!,,RUSH!,Manga,368,6.55,2010,https://cdn.myanimelist.net/images/manga/1/213038l.jpg
1215,Akaiito ga Tsunagaru Anata to Kiss ga Shitai.,,赤い糸が繋がるあなたとキスがしたい。,Manga,367,6.88,2010,https://cdn.myanimelist.net/images/manga/3/270777l.jpg
1215,Gunryoku no Jiu,,群緑の時雨,Manga,367,,2010,https://cdn.myanimelist.net/images/manga/1/42446l.jpg
1215,Harame! Nikubenki,,孕め！肉便器,Manga,367,6.7,2010,https://cdn.myanimelist.net/images/manga/3/93589l.jpg
1218,Azanael: The Case-Book of ENA,,アザナエル The Case-Book of ENA,Manga,366,,2010,https://cdn.myanimelist.net/images/manga/2/113217l.jpg
1219,Tsuitekimasu!,I'm Coming With You!,ついてきます!,Manga,363,,2010,https://cdn.myanimelist.net/images/manga/2/90363l.jpg
1220,Love Plus: Girls Talk,,ラブプラス Girls Talk,Manga,362,,2010,https://cdn.myanimelist.net/images/manga/3/43533l.jpg
1220,Saiyuki Anthology,Saiyuki Anthology,最遊記ANTHOLOGY,Manga,362,,2010,https://cdn.myanimelist.net/images/manga/3/33321l.jpg
1220,Tabun Motto Suki ni Naru,,多分もっと好きになる,Manga,362,6.36,2010,https://cdn.myanimelist.net/images/manga/1/128103l.jpg
1220,○○ se yo!! Sengoku Gakuen Seitokai,,○○せよ!! 戦国学園生徒会,Manga,362,6.18,2010,https://cdn.myanimelist.net/images/manga/1/56339l.jpg
1224,Koi no Jikan,Heart Flaming of Romance,恋の時間,Manga,361,6.45,2010,https://cdn.myanimelist.net/images/manga/1/143217l.jpg
1225,Bokura wa Minna Shindeiru♪,We Are All Already Dead,僕らはみんな死んでいる♪,Manga,360,,2010,https://cdn.myanimelist.net/images/manga/3/185994l.jpg
1225,Higasa-chan,,日傘ちゃん,Manga,360,,2010,https://cdn.myanimelist.net/images/manga/2/224393l.jpg
1225,Hoshikuzu Nina,,星屑ニーナ,Manga,360,,2010,https://cdn.myanimelist.net/images/manga/2/115073l.jpg
1225,Inferno,,Inferno -インフェルノ-,Manga,360,,2010,https://cdn.myanimelist.net/images/manga/2/37354l.jpg
1225,Neene - Ane Tokidoki Kanojo,,姉ときどき彼女,Manga,360,,2010,https://cdn.myanimelist.net/images/manga/1/49623l.jpg
1230,Immoral,,インモラル,Manga,359,,2010,https://cdn.myanimelist.net/images/manga/1/68749l.jpg
1230,Ososugita Saikai,,遅すぎた再会,Manga,359,6.69,2010,https://cdn.myanimelist.net/images/manga/1/57865l.jpg
1230,Shuuchi Nikurin,,羞恥肉林,Manga,359,6.49,2010,https://cdn.myanimelist.net/images/manga/1/48169l.jpg
1233,Agrippa,,アグリッパ-AGRIPPA-,Manga,358,,2010,https://cdn.myanimelist.net/images/manga/1/40724l.jpg
1233,Chounyuu for You,,超乳 for You,Manga,358,,2010,https://cdn.myanimelist.net/images/manga/1/109419l.jpg
1235,Hirugao,,ひるがお,Manga,357,,2010,https://cdn.myanimelist.net/images/manga/3/150126l.jpg
1235,Senaka made no Kyori,,背中までの距離,One-shot,357,6.64,2010,https://cdn.myanimelist.net/images/manga/2/95415l.jpg
1237,Dogesen,,どげせん,Manga,355,,2010,https://cdn.myanimelist.net/images/manga/1/74311l.jpg
1237,Shinigami no Kyou,Grim Reaper Kyou,死神のキョウ,Manga,355,,2010,https://cdn.myanimelist.net/images/manga/2/119705l.jpg
1239,Kawaru Sekai,,変わる世界,Manga,354,6.55,2010,https://cdn.myanimelist.net/images/manga/1/85347l.jpg
1240,Futari Soccer,,ふたりサッカー,Manga,352,,2010,https://cdn.myanimelist.net/images/manga/3/61377l.jpg
1240,Koukan Nikki,,校姦日記,Manga,352,6.5,2010,https://cdn.myanimelist.net/images/manga/2/300098l.jpg
1242,Mikazuki ga Waratteru,The Smiling Crescent.,三日月がわらってる,Manga,351,,2010,https://cdn.myanimelist.net/images/manga/1/124131l.jpg
1242,Shin Crayon Shin-chan,,新クレヨンしんちゃん,Manga,351,,2010,https://cdn.myanimelist.net/images/manga/1/164291l.jpg
1242,Shura no Mon Iden: Fudekage,,修羅の門異伝 ふでかげ,Manga,351,6.72,2010,https://cdn.myanimelist.net/images/manga/2/143853l.jpg
1245,Risou no Tsuma no Takurami wa,Something About Emmaline,理想の妻のたくらみは,Manga,348,7.0,2010,https://cdn.myanimelist.net/images/manga/3/38407l.jpg
1246,Yamato Nadeshiko Chichi Henge,,やまとなでしこちちへんげ,Manga,346,,2010,https://cdn.myanimelist.net/images/manga/2/119413l.jpg
1247,Attouteki Darling!,An Overwhelming Darling,圧倒的ダーリン!,Manga,345,6.78,2010,https://cdn.myanimelist.net/images/manga/2/91397l.jpg
1247,Kirakira Shingakki,,きらきら新学期,Manga,345,,2010,https://cdn.myanimelist.net/images/manga/3/75687l.jpg
1247,Shishaku Valmont: Kiken na Kankei,,子爵ヴァルモン～危険な関係～,Manga,345,6.97,2010,https://cdn.myanimelist.net/images/manga/3/40580l.jpg
1250,Yamome no Tamago,,やもめのたまご,Manga,344,6.29,2010,https://cdn.myanimelist.net/images/manga/1/228414l.jpg
1251,Himitsugoto,,秘密ごと,Manga,343,,2010,https://cdn.myanimelist.net/images/manga/1/64201l.jpg
1251,Namadashi Generation,,なまだしぜねれーしょん,One-shot,343,6.43,2010,https://cdn.myanimelist.net/images/manga/3/174712l.jpg
1251,Wonderful Days: 17-nin no Shojo to Inu,,ワンダフルデイズ～17人の処女と犬～,Manga,343,6.89,2010,https://cdn.myanimelist.net/images/manga/2/150897l.jpg
1251,Youshou no Hana no Himitsu,The secret of Girls flowers,幼少の花の秘密,Manga,343,6.48,2010,https://cdn.myanimelist.net/images/manga/3/165811l.jpg
1255,Monitoring Black Site,,モニタリング闇〈ブラック〉サイト,Manga,342,6.36,2010,https://cdn.myanimelist.net/images/manga/3/174146l.jpg
1256,Shimaichigai,,姉妹ちがい 米田和佐短編集,Manga,341,,2010,https://cdn.myanimelist.net/images/manga/3/169398l.jpg
1256,Shin Denyuuden Kakumei-hen: Ochita Kuroi Yuusha no Densetsu,,真伝勇伝・革命編 堕ちた黒い勇者の伝説,Manga,341,,2010,https://cdn.myanimelist.net/images/manga/4/71223l.jpg
1258,"Chicken: ""Drop"" Zenya no Monogatari",,チキン 「ドロップ」前夜の物語,Manga,340,,2010,https://cdn.myanimelist.net/images/manga/1/150316l.jpg
1258,Injo no Utage,,淫女乏宴,Manga,340,,2010,https://cdn.myanimelist.net/images/manga/3/69343l.jpg
1258,Oumi-sensei no Binetsu,,オーミ先生の微熱,Manga,340,,2010,https://cdn.myanimelist.net/images/manga/2/37212l.jpg
1261,Little Busters! Ecstasy: Wonderbit Wandering,,リトルバスターズ！エクスタシー ワンダービット ワンダリング,Manga,339,,2010,https://cdn.myanimelist.net/images/manga/3/34818l.jpg
1262,Aishiteru yo Bye-Bye,,愛してるよ バイバイ。,Manga,338,,2010,https://cdn.myanimelist.net/images/manga/3/46377l.jpg
1262,Justice: Wyatt Earp Monogatari,,正義―Justice―ワイアット・アープ物語,Manga,338,6.27,2010,https://cdn.myanimelist.net/images/manga/3/180678l.jpg
1262,Noukou Dorori,,濃厚どろ～り,Manga,338,,2010,https://cdn.myanimelist.net/images/manga/3/93649l.jpg
1262,Starry☆Sky: In Autumn - Comic Anthology,,Starry☆Sky ～in Autumn～ コミックアンソロジー,Manga,338,,2010,https://cdn.myanimelist.net/images/manga/3/28417l.jpg
1266,Masca: The Kings,,마스카 열왕기,Manhwa,337,,2010,https://cdn.myanimelist.net/images/manga/1/264804l.jpg
1267,Senjou no Valkyria 2: Soukou no Eriasu,,戦場のヴァルキュリア2 蒼光のエイリアス,Manga,336,,2010,https://cdn.myanimelist.net/images/manga/3/59153l.jpg
1268,Fujun Kouyuu,,不純交遊,One-shot,335,6.52,2010,https://cdn.myanimelist.net/images/manga/1/75845l.jpg
1268,Ima kara Kanojo ga Netoraremasu,,いまから彼女が寝盗られます,Manga,335,,2010,https://cdn.myanimelist.net/images/manga/3/199260l.jpg
1268,Ore Sen Kanojo,,俺専彼女,Manga,335,6.7,2010,https://cdn.myanimelist.net/images/manga/1/96877l.jpg
1268,Tamatama Otome♥: Shounen ga Shoujo ni Naru Toki,,たまたまオトメ♥ ~少年が少女になる時~,Manga,335,,2010,https://cdn.myanimelist.net/images/manga/3/88865l.jpg
1272,Lolita,,ロリ痛,Manga,334,,2010,https://cdn.myanimelist.net/images/manga/2/110847l.jpg
1273,My Lovely Master,,나의 사랑스런 주인님,Manhwa,333,,2010,https://cdn.myanimelist.net/images/manga/1/31303l.jpg
1274,Kyokugen Dasshutsu 9-jikan 9-nin 9 no Tobira: Alterna,,極限脱出 9時間9人9の扉 オルタナ,Light Novel,331,,2010,https://cdn.myanimelist.net/images/manga/1/172187l.jpg
1275,Hakuchuumu: Niku ni Otsu,,白昼夢 ～肉に堕つ～,Manga,330,6.53,2010,https://cdn.myanimelist.net/images/manga/3/92815l.jpg
1275,Oujo-sama to Bodyguard,,王女様とボディガード,Manga,330,6.52,2010,https://cdn.myanimelist.net/images/manga/4/127193l.jpg
1277,Farfalla,,FARFALLA,Doujinshi,329,6.34,2010,https://cdn.myanimelist.net/images/manga/3/49967l.jpg
1277,Nezha Zhuan,,哪吒传,Manhua,329,,2010,https://cdn.myanimelist.net/images/manga/1/65321l.jpg
1277,Nonono.,,ののの。,One-shot,329,6.27,2010,https://cdn.myanimelist.net/images/manga/3/77167l.jpg
1277,Pure Kare.,,ぴゅあカレ。,Manga,329,6.58,2010,https://cdn.myanimelist.net/images/manga/3/246387l.jpg
1277,"Secretly, Greatly","Secretly, Greatly",은밀하게 위대하게,Manhwa,329,,2010,https://cdn.myanimelist.net/images/manga/2/204708l.jpg
1282,Kinpatsu x Kyonyuu ni Henshin de,,金髪×巨乳に変身で,Manga,328,6.78,2010,https://cdn.myanimelist.net/images/manga/2/101965l.jpg
1282,M-shiki Princess,,M式プリンセス,Manga,328,,2010,https://cdn.myanimelist.net/images/manga/1/39836l.jpg
1284,Go for It!!,,ゴーフォーイット!!,Manga,326,,2010,https://cdn.myanimelist.net/images/manga/1/68421l.jpg
1285,"""Bungaku Shoujo"" to Koisuru Poet",,“文学少女”と恋する詩人,Manga,325,,2010,https://cdn.myanimelist.net/images/manga/1/126711l.jpg
1285,Adekoi Typhoon,,艶恋タイフーン,Manga,325,,2010,https://cdn.myanimelist.net/images/manga/2/42033l.jpg
1285,Ashita kara Mou Ichido,Again Tomorrow,あしたからもう一度,Manga,325,6.29,2010,https://cdn.myanimelist.net/images/manga/3/79357l.jpg
1285,Kokenoshima,,コケノシマ,One-shot,325,5.94,2010,https://cdn.myanimelist.net/images/manga/3/193816l.jpg
1285,"Sou Itte, Kimi wa Warau",,そう言って君は笑う,Doujinshi,325,6.52,2010,https://cdn.myanimelist.net/images/manga/3/42108l.jpg
1285,Starry☆Sky: In Winter - Anthology,,Starry☆Sky ~in Winter~ アンソロジー,Manga,325,,2010,https://cdn.myanimelist.net/images/manga/3/34791l.jpg
1285,Starry☆Sky: In Winter - Comic Anthology,,Starry☆Sky ～in Winter～ コミックアンソロジー,Manga,325,,2010,https://cdn.myanimelist.net/images/manga/1/29916l.jpg
1285,Yuugata made ni Kaeru yo,,夕方までに帰るよ,Manga,325,,2010,https://cdn.myanimelist.net/images/manga/3/234349l.jpg
1293,Love x Text!,,ラブ×テキ!―LOVE TEXT―,Manga,323,,2010,https://cdn.myanimelist.net/images/manga/2/261732l.jpg
1293,Shinzui Late Summer Ver.,,真髄 late summer ver.,Doujinshi,323,,2010,https://cdn.myanimelist.net/images/manga/1/58327l.jpg
1295,Renai Otogibanashi: Champagne Carnival,,恋愛おとぎ話 ～シャンパン・カーニバル～,Manga,322,,2010,https://cdn.myanimelist.net/images/manga/3/31378l.jpg
1296,Mimei no Girl,,未明のGirl,One-shot,321,6.17,2010,https://cdn.myanimelist.net/images/manga/3/125591l.jpg
1296,Xuerende Liwu,,雪人的礼物,Manhua,321,5.73,2010,https://cdn.myanimelist.net/images/manga/1/30725l.jpg
1298,Kankin Tantei,Hostage Detective,監禁探偵,Manga,320,6.48,2010,https://cdn.myanimelist.net/images/manga/1/123275l.jpg
1298,Kimi ga Tame Kokoro-gesou,Makeup For You,君がため心化粧,Manga,320,,2010,https://cdn.myanimelist.net/images/manga/2/122907l.jpg
1298,Mikazuki no Mitsu,,三日月の蜜,Manga,320,,2010,https://cdn.myanimelist.net/images/manga/3/104303l.jpg
1298,Wagahai wa Neko de Aru,,吾輩は猫である,Manga,320,6.38,2010,https://cdn.myanimelist.net/images/manga/1/149317l.jpg
1298,Yubisake no Koe,,指先の声,One-shot,320,6.63,2010,https://cdn.myanimelist.net/images/manga/3/162968l.jpg
1303,Shinzui Valentine Special,,真髄 Valentine Special,Doujinshi,319,,2010,https://cdn.myanimelist.net/images/manga/2/69181l.jpg
1304,AkogaLady wo Momi Time,,あこがレディをもみタイム,One-shot,318,6.08,2010,https://cdn.myanimelist.net/images/manga/2/157713l.jpg
1305,Lilpri,,リルぷりっ,Manga,317,,2010,https://cdn.myanimelist.net/images/manga/1/81866l.jpg
1305,Ooparts Sex,,オーパーツセックス,Manga,317,,2010,https://cdn.myanimelist.net/images/manga/2/41664l.jpg
1307,Cosmos,,コスモス,One-shot,316,,2010,https://cdn.myanimelist.net/images/manga/3/39517l.jpg
1307,Para Furi: Strange Those Who Cohabit,Strange Sex In Parallel Worlds,パラふり～Strange those who cohabit～,Manga,316,6.59,2010,https://cdn.myanimelist.net/images/manga/1/59907l.jpg
1309,Ame no Ato.,,雨のあと。,One-shot,315,6.34,2010,https://cdn.myanimelist.net/images/manga/2/62553l.jpg
1309,Keibu Zenigata,Captain Zenigata,警部銭形,Manga,315,,2010,https://cdn.myanimelist.net/images/manga/2/172507l.jpg
1309,Marimo no Hana: Saikyou Butouha Shougakusei Densetsu,,まりもの花～最強武闘派小学生伝説～,Manga,315,,2010,https://cdn.myanimelist.net/images/manga/2/66067l.jpg
1312,Goshimei Bushou Sanada Yukimura: Kageroi,,御指名武将真田幸村 かげろひ -KAGEROI-,Manga,314,,2010,https://cdn.myanimelist.net/images/manga/3/129461l.jpg
1312,Higurashi Fudousan Kuushitsu-ari,,日暮不動産 空室あり,Manga,314,,2010,https://cdn.myanimelist.net/images/manga/3/159917l.jpg
1312,"Him and Me, and Her",,"그 녀석과 나, 그리고 그녀",One-shot,314,6.28,2010,https://cdn.myanimelist.net/images/manga/1/111181l.jpg
1312,Osananajimi no Majo ni Tsuite,,幼なじみの魔女について,Manga,314,6.7,2010,https://cdn.myanimelist.net/images/manga/3/234712l.jpg
1312,Seimei desu ga Nani ka?,,清明ですがなにか？,One-shot,314,6.48,2010,https://cdn.myanimelist.net/images/manga/2/121353l.jpg
1312,Toilet wa Kirei Ni,,トイレはキレイに,One-shot,314,,2010,https://cdn.myanimelist.net/images/manga/3/68883l.jpg
1318,MonHun Manga: Pokapoka Airuu-mura Shucchouban - Present Daisakusen nano Nya!,,モンハン漫画ぽかぽかアイルー村しゅっちょうばんプレゼント大作戦なのニャ!,One-shot,313,,2010,https://cdn.myanimelist.net/images/manga/5/38725l.jpg
1319,Café-Café,,かふぇかふぇ,Manga,311,,2010,https://cdn.myanimelist.net/images/manga/3/104837l.jpg
1319,Deep Impact,,ディープ淫パクト,Manga,311,,2010,https://cdn.myanimelist.net/images/manga/2/106907l.jpg
1321,Enka: Zetsurin Ou to Yokubou Ouji,,艶華～絶倫王と欲望皇子～,Manga,310,6.25,2010,https://cdn.myanimelist.net/images/manga/2/60107l.jpg
1321,Tokurei Sochi Dantai Stella Jogakuin Chuutou-ka C³-bu,,特例措置団体ステラ女学院中等科C³部（しーきゅーぶ）,Manga,310,,2010,https://cdn.myanimelist.net/images/manga/2/86665l.jpg
1323,Bullet the Wizard,,ブレット・ザ・ウィザード,Manga,309,,2010,https://cdn.myanimelist.net/images/manga/1/183121l.jpg
1324,Dragon Jam,,DRAGON JAM,Manga,307,,2010,https://cdn.myanimelist.net/images/manga/3/175524l.jpg
1324,Heart Stealer,Heart Stealer,ハートスティーラー,One-shot,307,6.55,2010,https://cdn.myanimelist.net/images/manga/1/68017l.jpg
1324,Ojousama wa Budoukai de Odoru,,お嬢様は武道会で踊る,Manga,307,,2010,https://cdn.myanimelist.net/images/manga/1/59531l.jpg
1327,Tengoku mo Jigoku,,天国も地獄,One-shot,305,6.44,2010,https://cdn.myanimelist.net/images/manga/3/75839l.jpg
1327,Youkai Hunter: Yami no Kyakujin,,妖怪HUNTER~闇の客人~,Manga,305,,2010,https://cdn.myanimelist.net/images/manga/1/80451l.jpg
1329,Ore to Ichino no Game Doukoukai Katsudou Nisshi,,おれと一乃のゲーム同好会活動日誌,Light Novel,304,,2010,https://cdn.myanimelist.net/images/manga/1/158022l.jpg
1329,Otonaki Sekai,,音無き世界,Light Novel,304,,2010,https://cdn.myanimelist.net/images/manga/2/162099l.jpg
1329,Zen Zen,,zen zen ゼン ゼン,Manga,304,,2010,https://cdn.myanimelist.net/images/manga/1/66423l.jpg
1332,Seishokuki: Hatsujou Panic Toshi,All the Women Come into Heat in This Town.,性殖樹～発情パニック都市～,Manga,303,,2010,https://cdn.myanimelist.net/images/manga/3/151768l.jpg
1332,Triangle H,The Dirty Triangle,とらいあんぐるH,Manga,303,,2010,https://cdn.myanimelist.net/images/manga/3/93541l.jpg
1334,Abunai Kagaku to Oneechan,,危ない科学とお姉ちゃん,Manga,302,6.18,2010,https://cdn.myanimelist.net/images/manga/1/49757l.jpg
1334,Akuma no Namida,,悪魔の涙,One-shot,302,6.23,2010,https://cdn.myanimelist.net/images/manga/5/78965l.jpg
1334,Akumugari,,悪夢狩り,Manga,302,,2010,https://cdn.myanimelist.net/images/manga/1/101701l.jpg
1334,Buchiage!,,ぶちアゲっ!,Manga,302,,2010,https://cdn.myanimelist.net/images/manga/2/173856l.jpg
1338,Starry☆Sky: In Summer - 4-koma Anthology,,Starry☆Sky~in Summer~オール4コマアンソ,Manga,301,,2010,https://cdn.myanimelist.net/images/manga/1/34565l.jpg
1339,Hakoniwa Cosmos,,箱庭コスモス,Manga,300,,2010,https://cdn.myanimelist.net/images/manga/2/176616l.jpg
1339,Kuchu Kuchu Mama♥,,くちゅくちゅママ♥,Manga,300,6.4,2010,https://cdn.myanimelist.net/images/manga/3/105159l.jpg
1341,Bannou Kanteishi Q no Jikenbo,,万能鑑定士Qの事件簿,Light Novel,299,,2010,https://cdn.myanimelist.net/images/manga/2/86079l.jpg
1341,Pizza to Shoujuu,,ピザと小獣,One-shot,299,6.28,2010,https://cdn.myanimelist.net/images/manga/2/48865l.jpg
1343,Orange Days,Orange Days,オレンジ・デイズ,Manga,298,,2010,https://cdn.myanimelist.net/images/manga/1/72569l.jpg
1343,Ruri Ruri: Futago no Jijou,,るりるり ～双子の事情～,Manga,298,6.67,2010,https://cdn.myanimelist.net/images/manga/2/94115l.jpg
1345,Arcana - Gakuen / Seifuku,,ゼロサムオリジナルアンソロジーシリーズ Arcana (15) [学園/制服],Manga,297,,2010,https://cdn.myanimelist.net/images/manga/3/79111l.jpg
1345,Division,,ディヴィジョン,Manga,297,6.92,2010,https://cdn.myanimelist.net/images/manga/1/35238l.jpg
1345,Rinkan Gakuen: Haibokusha-tachi wa Midaremau,,輪姦学園 敗北者達は乱れ舞う,Manga,297,,2010,https://cdn.myanimelist.net/images/manga/3/137055l.jpg
1348,Onnanoko wa Yajuu,,おんなの仔は野獣,Manga,295,,2010,https://cdn.myanimelist.net/images/manga/2/151828l.jpg
1349,Yuusha no Musume to Debabouchou,Daughter of the Hero and Knife,勇者の娘と出刃包丁,Manga,294,,2010,https://cdn.myanimelist.net/images/manga/2/169132l.jpg
1350,Arcana - Douwa / Otogibanashi,,ゼロサムオリジナルアンソロジーシリーズ Arcana (16) [童話/おとぎ話],Manga,293,,2010,https://cdn.myanimelist.net/images/manga/3/39458l.jpg
1350,Bitter na Kokuin,,ビターな刻印,Manga,293,6.66,2010,https://cdn.myanimelist.net/images/manga/1/66319l.jpg
1350,Oshikko Sensei,,おしっ子先生,Doujinshi,293,,2010,https://cdn.myanimelist.net/images/manga/2/97379l.jpg
1350,Ryoute Kuchizuke,,両手にくちづけ,One-shot,293,,2010,https://cdn.myanimelist.net/images/manga/3/57353l.jpg
1350,Starry☆Sky: In Spring - 4-koma Anthology,,Starry☆Sky~in Spring~オール4コマアンソ,Manga,293,,2010,https://cdn.myanimelist.net/images/manga/3/34564l.jpg
1355,Gokujou de Bukiyou na Service,,極上で不器用なサービス,Manga,292,,2010,https://cdn.myanimelist.net/images/manga/2/42555l.jpg
1355,Intel Senpai,,いんてる先輩,Manga,292,,2010,https://cdn.myanimelist.net/images/manga/1/44939l.jpg
1355,Pink Labyrinth,Pink Labyrinth,ピンクラビリンス,Manga,292,,2010,https://cdn.myanimelist.net/images/manga/2/145901l.jpg
1355,Yashiko Shodai Seitokai,,ヤシコー初代生徒会,Manga,292,,2010,https://cdn.myanimelist.net/images/manga/2/51849l.jpg
1359,Kaina: Surugajou Gozen-Jiai,,腕~駿河城御前試合~,Manga,291,,2010,https://cdn.myanimelist.net/images/manga/2/155538l.jpg
1359,Sunny,,サニー,Manga,291,,2010,https://cdn.myanimelist.net/images/manga/1/37888l.jpg
1361,Heavy Wing: Liberate - Shugo Senki*Hoshi wo Kaihou suru Shoujo,,HEAVY WING: LIBERATE ～守護戦姫＊星を解放する少女～,Doujinshi,290,6.07,2010,https://cdn.myanimelist.net/images/manga/1/155210l.jpg
1361,Hito♥Kano,,ヒト♥カノ,Manga,290,,2010,https://cdn.myanimelist.net/images/manga/1/69561l.jpg
1361,Tokyo Shutter Girl,,東京シャッターガール,Manga,290,,2010,https://cdn.myanimelist.net/images/manga/2/191305l.jpg
1364,Dance Macabre: Seiyou Ankoku Shoushi,,ダンス・マカブル－西洋暗黒小史－,Manga,289,,2010,https://cdn.myanimelist.net/images/manga/2/70559l.jpg
1364,Kimi Love Story,,君・愛・物語 【キミ・ラブ・ストーリー】,Manga,289,,2010,https://cdn.myanimelist.net/images/manga/2/83785l.jpg
1364,Nariyuki Showgirl,,なりゆきショウガール,Manga,289,,2010,https://cdn.myanimelist.net/images/manga/2/75707l.jpg
1364,Nee♥Summer! 2: Nee♥Sama!,,姉♥Summer!2 ～ねえ♥さま～,Light Novel,289,,2010,https://cdn.myanimelist.net/images/manga/1/169423l.jpg
1364,Ubu-Chu!,,うぶchuッ♡,One-shot,289,6.17,2010,https://cdn.myanimelist.net/images/manga/3/61173l.jpg
1369,Fudanshiful!,,フダンシフル!,Manga,288,,2010,https://cdn.myanimelist.net/images/manga/3/62513l.jpg
1370,10-nen Tattemo Aishiteru?,,10年たっても愛してる?,Manga,287,,2010,https://cdn.myanimelist.net/images/manga/1/148655l.jpg
1370,MAZE,,MAZE,Manga,287,,2010,https://cdn.myanimelist.net/images/manga/2/81259l.jpg
1370,Plum FE,,プラム エフイー,Manga,287,,2010,https://cdn.myanimelist.net/images/manga/2/68525l.jpg
1370,Sensei to Naisho,,先生とナイショ,Manga,287,,2010,https://cdn.myanimelist.net/images/manga/1/33883l.jpg
1374,Insomnia,,インソムニア,Manga,286,,2010,https://cdn.myanimelist.net/images/manga/1/312032l.jpg
1374,Waifu,,猥婦; わいふ,Manga,286,,2010,https://cdn.myanimelist.net/images/manga/1/49629l.jpg
1376,Koibana Kiseki,,コイバナキセキ,Manga,285,,2010,https://cdn.myanimelist.net/images/manga/3/147369l.jpg
1376,Mata Au Hi made,,また会う日まで,One-shot,285,,2010,https://cdn.myanimelist.net/images/manga/1/68909l.jpg
1378,Fake,,フェイク,One-shot,284,,2010,https://cdn.myanimelist.net/images/manga/2/72471l.jpg
1379,Arcana - Ninja,,ゼロサムオリジナルアンソロジーシリーズ Arcana (14) [忍者],Manga,283,,2010,https://cdn.myanimelist.net/images/manga/1/39457l.jpg
1379,Kaki Gentei Tropical Parfait Jiken,The Special Tropical Parfait Case,夏期限定トロピカルパフェ事件,Manga,283,,2010,https://cdn.myanimelist.net/images/manga/3/294917l.jpg
1379,Kouboku no Keibu,,公僕の警部,Manga,283,,2010,https://cdn.myanimelist.net/images/manga/1/94457l.jpg
1379,Square,,SQUARE,Doujinshi,283,,2010,https://cdn.myanimelist.net/images/manga/3/152201l.jpg
1379,Suppli Extra,,サプリExtra,Manga,283,,2010,https://cdn.myanimelist.net/images/manga/1/32783l.jpg
1379,To Attract a Junior,,한살연하 유혹하기,Manhwa,283,,2010,https://cdn.myanimelist.net/images/manga/1/40188l.jpg
1379,Toscana no Yuuutsu,The Italian's Price,トスカーナの憂鬱,Manga,283,6.48,2010,https://cdn.myanimelist.net/images/manga/3/94461l.jpg
1386,Chou Nettaiya Orgy,,超熱帯夜orgy,Manga,282,,2010,https://cdn.myanimelist.net/images/manga/3/136645l.jpg
1386,Eroi Ko tte Omowarechau Kana♥,,エロい娘って思われちゃうかな♥,Manga,282,,2010,https://cdn.myanimelist.net/images/manga/2/160396l.jpg
1386,Izayoi no Hitomi,,十六夜の瞳,Manga,282,,2010,https://cdn.myanimelist.net/images/manga/5/65871l.jpg
1389,Koibito wa Tonari no Oneesan [Hatsujouki],,恋人はとなりのお姉さん [発情期],Manga,281,,2010,https://cdn.myanimelist.net/images/manga/2/107089l.jpg
1389,The Detective Cosplay,,コスプレ探偵,Manga,281,,2010,https://cdn.myanimelist.net/images/manga/4/34153l.jpg
1391,Futanari Ai,,ふたなり愛,Manga,280,,2010,https://cdn.myanimelist.net/images/manga/2/101875l.jpg
1392,Class Yomaid,,クラス嫁イド,Manga,279,,2010,https://cdn.myanimelist.net/images/manga/2/92697l.jpg
1393,Shounen Shikku,,少年疾駆,Manga,278,,2010,https://cdn.myanimelist.net/images/manga/3/35170l.jpg
1394,Chu Chu Island!,,CHUっちゅ あいらんど！,Manga,277,,2010,https://cdn.myanimelist.net/images/manga/3/93745l.jpg
1394,Hydromance,,ハイドロマンス,One-shot,277,6.11,2010,https://cdn.myanimelist.net/images/manga/3/190579l.jpg
1394,Mahoutsukai no Reikoku,,魔法使いの冷酷,Manga,277,,2010,https://cdn.myanimelist.net/images/manga/1/110067l.jpg
1397,Mahou Shoujo Isuka: After School,,魔法少女イスカ～After School～,Manga,276,,2010,https://cdn.myanimelist.net/images/manga/2/40868l.jpg
1397,Suzune to Issho!,,すずねといっしょ！,Doujinshi,276,,2010,https://cdn.myanimelist.net/images/manga/1/108201l.jpg
1399,Mahou Senki Lyrical Nanoha Force Dimension,,魔法戦記リリカルなのはForce Dimension,Manga,275,,2010,https://cdn.myanimelist.net/images/manga/3/98817l.jpg
1399,Mochizuki-sensei no Shuugaku Ryokou,,望月先生の修学旅行,One-shot,275,6.47,2010,https://cdn.myanimelist.net/images/manga/2/161159l.jpg
1399,Tales of Graces Comic Anthology,,テイルズオブグレイセス コミックアンソロジー,Manga,275,,2010,https://cdn.myanimelist.net/images/manga/2/39004l.jpg
1402,Chrono Mansion,,クロノマンション,One-shot,274,,2010,https://cdn.myanimelist.net/images/manga/3/194175l.jpg
1402,Chuuken wa Hana wo Matsu,The Faithful Dog Waits for Flowers,忠犬は花を待つ,Manga,274,,2010,https://cdn.myanimelist.net/images/manga/1/59319l.jpg
1402,Drop,,drop,Manga,274,,2010,https://cdn.myanimelist.net/images/manga/2/153949l.jpg
1402,Kurohyou: Ryuu ga Gotoku Shinshou,,クロヒョウ龍が如く新章,Manga,274,,2010,https://cdn.myanimelist.net/images/manga/2/264030l.jpg
1402,Sakaki Mirei no Tame nara Boku wa...!!,,榊美麗のためなら僕は…ッ!!,Manga,274,,2010,https://cdn.myanimelist.net/images/manga/4/87223l.jpg
1407,Kaoru Himegoto,,香ル秘メ事,One-shot,273,6.36,2010,https://cdn.myanimelist.net/images/manga/2/123461l.jpg
1407,Mazinkaiser SKL Versus,,マジンカイザーSKLヴァーサス,Manga,273,,2010,https://cdn.myanimelist.net/images/manga/2/252510l.jpg
1407,Waka to Banken,,若と番犬,Manga,273,,2010,https://cdn.myanimelist.net/images/manga/1/96285l.jpg
1410,Amai Shokutaku,The Sweet Dining Table,あまい食卓,Manga,272,,2010,https://cdn.myanimelist.net/images/manga/5/55521l.jpg
1410,Virgin Hunt,,ばーじんはんと,Manga,272,6.72,2010,https://cdn.myanimelist.net/images/manga/3/49645l.jpg
1412,Koi no Amai Toko,The sweet thing is stuffed into love.,恋の甘いとこ,Manga,271,6.4,2010,https://cdn.myanimelist.net/images/manga/1/203177l.jpg
1413,Don't Touch! Daddy,,Don’t touch! ダディ,Manga,270,6.01,2010,https://cdn.myanimelist.net/images/manga/3/128091l.jpg
1413,Line,,line,Manga,270,6.62,2010,https://cdn.myanimelist.net/images/manga/2/189890l.jpg
1413,Mawaru Sekai no Kimi to Boku dj - Meguru Sekai no 60 Byou,,廻る世界の６０秒,Doujinshi,270,,2010,https://cdn.myanimelist.net/images/manga/2/40641l.jpg
1413,Renai Switch,Love Passion Switch,恋愛スイッチ,Manga,270,,2010,https://cdn.myanimelist.net/images/manga/3/72565l.jpg
1413,Vanilla Essence,,ばにらえっせんす,Manga,270,,2010,https://cdn.myanimelist.net/images/manga/3/161705l.jpg
1418,Boku ga Nurse ni Natta Wake,,僕がナースになった理由,Manga,269,,2010,https://cdn.myanimelist.net/images/manga/3/287284l.jpg
1418,Kimi ni wa Ienai Ore no Nayami,,君には言えない俺の悩み,Manga,269,,2010,https://cdn.myanimelist.net/images/manga/1/196302l.jpg
1420,Eve to Love,,イブとラブ,Manga,268,,2010,https://cdn.myanimelist.net/images/manga/2/68877l.jpg
1420,Gifuu Doudou!!: Naoe Kanetsugu - Maeda Keiji Sakegatari,,義風堂々!! 直江兼続 ～前田慶次酒語り～,Manga,268,,2010,https://cdn.myanimelist.net/images/manga/2/163030l.jpg
1420,Starry☆Sky: In Autumn - 4-koma Anthology,,Starry☆Sky~in Autumn~オール4コマアンソ,Manga,268,,2010,https://cdn.myanimelist.net/images/manga/3/34566l.jpg
1423,Ane Plus,,姉+,Manga,266,6.39,2010,https://cdn.myanimelist.net/images/manga/1/40480l.jpg
1423,Garnet Cradle: Gekkou no Aria,,ガーネット・クレイドル～月光のアリア～,Manga,266,,2010,https://cdn.myanimelist.net/images/manga/3/153304l.jpg
1423,Kyonyuu Majo,,巨乳魔女,Light Novel,266,,2010,https://cdn.myanimelist.net/images/manga/1/166149l.jpg
1423,Strike Witches: Kimi to no Kizuna no Katachi,,ストライクウィッチーズ キミとの絆のカタチ,One-shot,266,,2010,https://cdn.myanimelist.net/images/manga/2/132409l.jpg
1427,Aigan Ningyou to Kako ni Torawareta Kanojo,,哀願人形と過去に囚われた彼女,Doujinshi,265,,2010,https://cdn.myanimelist.net/images/manga/1/152866l.jpg
1427,Aisai Nikki,,愛妻日記,Light Novel,265,,2010,https://cdn.myanimelist.net/images/manga/3/166063l.jpg
1427,Body Crawl,,BODY CRAWL,One-shot,265,,2010,https://cdn.myanimelist.net/images/manga/1/93799l.jpg
1427,Busujima Kyouju no Tamago,Professor Busujima's Egg,毒島教授の卵,One-shot,265,6.4,2010,https://cdn.myanimelist.net/images/manga/3/31638l.jpg
1427,Kongou Cheer Bu!,,混合チアー部!,Manga,265,,2010,https://cdn.myanimelist.net/images/manga/2/69117l.jpg
1432,Abaddon,,Abaddon,Manga,264,,2010,https://cdn.myanimelist.net/images/manga/3/247816l.jpg
1432,Inu to Watashi,,犬と私,Manga,264,,2010,https://cdn.myanimelist.net/images/manga/1/35847l.jpg
1432,Momoiro♥Nurse,,桃色♥ナース,Manga,264,,2010,https://cdn.myanimelist.net/images/manga/3/168955l.jpg
1432,Oishii Koi Café,,美味しい恋カフェ,Manga,264,6.51,2010,https://cdn.myanimelist.net/images/manga/3/61399l.jpg
1436,Captain Tsubasa Tokubetsu-hen: Live Together 2010,,キャプテン翼 特別編 LIVE TOGETHER 2010,One-shot,263,,2010,https://cdn.myanimelist.net/images/manga/1/43525l.jpg
1436,Marshmallow Honey,,マシュマロハニー,One-shot,263,6.62,2010,https://cdn.myanimelist.net/images/manga/2/77351l.jpg
1436,Shining @ Your Fingertip,,손끝에서 빛나다,Manhwa,263,,2010,https://cdn.myanimelist.net/images/manga/3/34362l.jpg
1436,Starry☆Sky: In Spring - Anthology,,Starry☆Sky ~in Spring~ アンソロジー,Manga,263,,2010,https://cdn.myanimelist.net/images/manga/2/34788l.jpg
1436,Tsuyayaka na Onna,Sometimes kiss.,艶やかな女,Manga,263,,2010,https://cdn.myanimelist.net/images/manga/3/150637l.jpg
1441,Docchi Docchi,,どっちどっち,One-shot,262,6.16,2010,https://cdn.myanimelist.net/images/manga/1/68599l.jpg
1441,Muchiri-san,,ムッチリさん,One-shot,262,,2010,https://cdn.myanimelist.net/images/manga/3/92833l.jpg
1441,Wakareta Otoko wa Ikaga desu ka?,How's Your Ex?,別れた男はいかがですか?,Manga,262,,2010,https://cdn.myanimelist.net/images/manga/2/267573l.jpg
1444,Touran Merry Rose,,燈港〈トウラン〉メリーローズ,Manga,260,,2010,https://cdn.myanimelist.net/images/manga/3/273950l.jpg
1445,Fuwa♡Kyun,,ふわ♡きゅん,One-shot,259,6.33,2010,https://cdn.myanimelist.net/images/manga/1/38614l.jpg
1445,Hayai Hanashi ga Ikutsuka,,早い話がいくつか,Doujinshi,259,6.2,2010,https://cdn.myanimelist.net/images/manga/3/280299l.jpg
1445,Melon Cream Soda,,メロンくりーむソーダ,Manga,259,,2010,https://cdn.myanimelist.net/images/manga/3/178385l.jpg
1445,Otoko no Ko Tic,,おとこのこちっく,Manga,259,,2010,https://cdn.myanimelist.net/images/manga/1/49535l.jpg
1445,Sacrifice Heroes,,SACRIFICE HEROES,Doujinshi,259,,2010,https://cdn.myanimelist.net/images/manga/1/93663l.jpg
1445,Warunai,,わるない,Manga,259,,2010,https://cdn.myanimelist.net/images/manga/3/45091l.jpg
1451,Gekibuno.,,げきぶの。,Manga,258,,2010,https://cdn.myanimelist.net/images/manga/2/221786l.jpg
1451,Innyuu M Oyako,,淫乳M母娘,Manga,258,,2010,https://cdn.myanimelist.net/images/manga/1/145967l.jpg
1453,Famima!,,ふぁみまっ！,Light Novel,257,,2010,https://cdn.myanimelist.net/images/manga/2/203973l.jpg
1453,Hadairo Renai,,肌色レンアイ,Manga,257,,2010,https://cdn.myanimelist.net/images/manga/3/75765l.jpg
1453,Kare wa S-kei Seitokaichou,,彼はS系生徒会長,Manga,257,,2010,https://cdn.myanimelist.net/images/manga/1/35235l.jpg
1453,Sougihime,,葬儀姫,Manga,257,,2010,https://cdn.myanimelist.net/images/manga/2/246969l.jpg
1453,Starry☆Sky: In Summer - Anthology,,Starry☆Sky ~in Summer~ アンソロジー,Manga,257,,2010,https://cdn.myanimelist.net/images/manga/3/34789l.jpg
1453,Tsunousagi,,ツノウサギ,Manga,257,,2010,https://cdn.myanimelist.net/images/manga/1/107989l.jpg
1459,Shura no Mon: Dai Ni Mon,,修羅の門 第弐門,Manga,256,,2010,https://cdn.myanimelist.net/images/manga/2/157719l.jpg
1460,BL Syndrome,Slash Fiction Friction,BLシンドローム,Manga,255,,2010,https://cdn.myanimelist.net/images/manga/2/141975l.jpg
1460,Deardrops,,DEARDROPS,One-shot,255,,2010,https://cdn.myanimelist.net/images/manga/2/102041l.jpg
1460,Hito no Tsuma,,ヒトノツマ,Manga,255,,2010,https://cdn.myanimelist.net/images/manga/1/58299l.jpg
1460,Yui,,結,Doujinshi,255,,2010,https://cdn.myanimelist.net/images/manga/2/108313l.jpg
1464,Hakumokuren ga Saita nara,Full Bloom,白木蓮が咲いたなら,Manga,254,,2010,https://cdn.myanimelist.net/images/manga/1/250401l.jpg
1464,Koi no Kekkai,,恋の結界,Manga,254,,2010,https://cdn.myanimelist.net/images/manga/3/325020l.jpg
1466,JK Madam,,JKマダム,Manga,253,,2010,https://cdn.myanimelist.net/images/manga/3/193797l.jpg
1466,Rule no Shimita Karada,,ルールの染みた身体,Manga,253,,2010,https://cdn.myanimelist.net/images/manga/2/89485l.jpg
1466,Starry☆Sky: In Winter - 4-koma Anthology,,Starry☆Sky~in Winter~オール4コマアンソ,Manga,253,,2010,https://cdn.myanimelist.net/images/manga/1/34846l.jpg
1466,Tonari no Obake-san,,となりのオバケさん,Manga,253,,2010,https://cdn.myanimelist.net/images/manga/1/149248l.jpg
1470,Ebihara-san no Iutoori,,海老原さんの言うとおり,Manga,252,,2010,https://cdn.myanimelist.net/images/manga/1/48445l.jpg
1470,Puni Puni Hatsujou Musume♡,,ぷにぷに発情娘♡,Manga,252,,2010,https://cdn.myanimelist.net/images/manga/1/114191l.jpg
1470,Sekimen Danshi Makkaasa,,赤面男子マッカーサー,One-shot,252,6.24,2010,https://cdn.myanimelist.net/images/manga/1/95079l.jpg
1470,Takayanagi-ke no Ban Gohan,,高柳家の晩ごはん,One-shot,252,6.63,2010,https://cdn.myanimelist.net/images/manga/5/341113l.jpg
1474,"Bye Bye, Niini.: Neko to Kikansha",,ばいばい、にぃに。～猫と機関車～,Manga,251,,2010,https://cdn.myanimelist.net/images/manga/1/83993l.jpg
1474,Doupo Cangqiong,Battle Through the Heavens,斗破苍穹,Novel,251,,2010,https://cdn.myanimelist.net/images/manga/1/301105l.jpg
1474,Kakarichou Shima Kousaku,Subsection Chief Shima Kosaku,係長 島耕作,Manga,251,,2010,https://cdn.myanimelist.net/images/manga/3/128997l.jpg
1474,Sekiei Ayakashi Mangatan,,石影妖漫画譚,Manga,251,,2010,https://cdn.myanimelist.net/images/manga/3/198880l.jpg
1474,Tentacle Play,,テンタクルプレイ,Manga,251,,2010,https://cdn.myanimelist.net/images/manga/1/93707l.jpg
1479,Choukyuu! Kidou Butouden G Gundam,Mobile Fighter G Gundam,超級!機動武闘伝Gガンダム,Manga,250,,2010,https://cdn.myanimelist.net/images/manga/2/227503l.jpg
1479,Eve no Jikan: Another Act,Time of Eve: Another Act,イヴの時間 another act,Light Novel,250,,2010,https://cdn.myanimelist.net/images/manga/2/103659l.jpg
1479,Otoko no Ko Renaissance,,男の娘るねっさんす,Manga,250,,2010,https://cdn.myanimelist.net/images/manga/2/87433l.jpg
1479,Terpsichore!,,テレプしこ～れ！,Manga,250,,2010,https://cdn.myanimelist.net/images/manga/3/136429l.jpg
1483,018,Love Eighteen,018 ラブ・エイティーン,Manga,249,,2010,https://cdn.myanimelist.net/images/manga/2/157058l.jpg
1483,Anata ga Shiranai Tsuma no Kao,,あなたが知らない妻の顔,Doujinshi,249,,2010,https://cdn.myanimelist.net/images/manga/2/45137l.jpg
1483,Niku☆Jiru,,にく☆じる,Manga,249,,2010,https://cdn.myanimelist.net/images/manga/3/48931l.jpg
1483,Seitenkan,,性転換,Manga,249,,2010,https://cdn.myanimelist.net/images/manga/1/102601l.jpg
1487,Haru no Seikatsu Ouen Fair,,春の性活応援フェア,One-shot,248,,2010,https://cdn.myanimelist.net/images/manga/3/48747l.jpg
1487,Kare to Caret.,,彼とカレット。,Manga,248,,2010,https://cdn.myanimelist.net/images/manga/1/227451l.jpg
1489,"Me, Him, and Her",,,One-shot,247,6.42,2010,https://cdn.myanimelist.net/images/manga/1/31191l.jpg
1489,Toshi no Sa: My Steady,,年の差 マイステディ,One-shot,247,6.51,2010,https://cdn.myanimelist.net/images/manga/2/90687l.jpg
1491,Nezumi Neko Kamu,,ネズミネコカム,Manga,246,,2010,https://cdn.myanimelist.net/images/manga/4/36990l.jpg
1491,Twin Prime,Twin Prime,Twin Prime,Doujinshi,246,,2010,https://cdn.myanimelist.net/images/manga/3/146165l.jpg
1491,Zubora Hime,,ズボラひめ,One-shot,246,,2010,https://cdn.myanimelist.net/images/manga/1/69345l.jpg
1494,Ginga Densetsu: Anju to Jiroumaru,,銀牙伝説 杏樹と次郎丸,Manga,245,7.15,2010,https://cdn.myanimelist.net/images/manga/2/175055l.jpg
1494,Kyonyuu Bijukujo Jikenbo,,巨乳美熟女事件簿,Manga,245,,2010,https://cdn.myanimelist.net/images/manga/3/75783l.jpg
1494,Yamato Takeru,,ヤマトタケル,One-shot,245,,2010,https://cdn.myanimelist.net/images/manga/1/76735l.jpg
1497,Futago ya Futago no Soujuusou: Tsuitsui Extended,,双子や双子の双重奏―ツイツイextended,Manga,244,,2010,https://cdn.myanimelist.net/images/manga/3/92823l.jpg
1497,Secret Flight,Secret Flight,シークレット フライト,Manga,244,,2010,https://cdn.myanimelist.net/images/manga/2/190205l.jpg
1497,Sweet Cherry Vibe,,スイートチェリーバイブ,Manga,244,,2010,https://cdn.myanimelist.net/images/manga/1/164717l.jpg
1500,Ecchi na Oneesan ni Sasowarete,,エッチなお姉さんに誘われて,Manga,243,,2010,https://cdn.myanimelist.net/images/manga/3/49823l.jpg
1500,Kougyaku Jugyou,,肛虐授業,Manga,243,,2010,https://cdn.myanimelist.net/images/manga/1/92957l.jpg
1500,Nanatsu no Kururi,,七つのくるり,Manga,243,,2010,https://cdn.myanimelist.net/images/manga/3/207067l.jpg
1503,JK Zukan,JK-Encyclopedia,JK図姦,Manga,242,,2010,https://cdn.myanimelist.net/images/manga/3/93847l.jpg
1503,Otokonoko no Kuruma,,おとこのこのくるま,One-shot,242,,2010,https://cdn.myanimelist.net/images/manga/1/93399l.jpg
1503,TS Gakuen Wonderful,,TS学園ワンダフル,Doujinshi,242,,2010,https://cdn.myanimelist.net/images/manga/1/93915l.jpg
1506,Matsuru Kami,,まつるかみ,Manga,241,,2010,https://cdn.myanimelist.net/images/manga/3/174375l.jpg
1506,Megami-tachi no Nijuusou,Duet of Beautiful Goddesses,女神たちの二重奏,Manga,241,,2010,https://cdn.myanimelist.net/images/manga/1/221618l.jpg
1506,Switch dj - Homes,,HOMES,Doujinshi,241,,2010,https://cdn.myanimelist.net/images/manga/5/120135l.jpg
1509,Mabui,Mabui,マブイ,Manga,240,,2010,https://cdn.myanimelist.net/images/manga/1/276542l.jpg
1509,Shoujo no Iroha,,少女のいろは,Manga,240,,2010,https://cdn.myanimelist.net/images/manga/2/102593l.jpg
1511,Boku-tachi Otoko no Ko.,,僕たちオトコの娘。,Manga,239,,2010,https://cdn.myanimelist.net/images/manga/2/48443l.jpg
1511,Erokawa Bitch,,えろかわびっっっち,Manga,239,,2010,https://cdn.myanimelist.net/images/manga/3/106903l.jpg
1511,Soukou Akki Muramasa: Makai-hen,,装甲悪鬼村正 魔界編,Manga,239,,2010,https://cdn.myanimelist.net/images/manga/3/296451l.jpg
1514,Sex Holic,,セックスホリック,Manga,238,,2010,https://cdn.myanimelist.net/images/manga/2/109947l.jpg
1515,Ano Hito no Angura!,,あの人のあんぐら！,One-shot,237,,2010,https://cdn.myanimelist.net/images/manga/1/92935l.jpg
1515,Necrolog,,ネクログ -尸彔-,Manga,237,,2010,https://cdn.myanimelist.net/images/manga/1/121497l.jpg
1515,There's Something About Sunyool,There's Something About Sunyool,그 남자의 취향,Manhwa,237,,2010,https://cdn.myanimelist.net/images/manga/2/183120l.jpg
1515,Yuuwaku Everyday♥,Temptation Everyday,ゆ～わくエブリディ♥,Manga,237,,2010,https://cdn.myanimelist.net/images/manga/1/150181l.jpg
1519,Juicy Canvas,,じゅ～しぃキャンバス,One-shot,236,,2010,https://cdn.myanimelist.net/images/manga/1/48411l.jpg
1519,Koubai no Procyon,Procyon in the school store,購買のプロキオン,Manga,236,,2010,https://cdn.myanimelist.net/images/manga/1/142023l.jpg
1519,Poyo Chichi!,,ぽよちちっ！,Manga,236,,2010,https://cdn.myanimelist.net/images/manga/3/145763l.jpg
1519,"Sono Otoko, Goyoujin",,その男、ご用心,Manga,236,,2010,https://cdn.myanimelist.net/images/manga/1/45795l.jpg
1519,Zettai Junshu☆Kyousei Kozukuri Kyokashou!!,,ぜったい遵守☆強制子作り許可証!!,Light Novel,236,,2010,https://cdn.myanimelist.net/images/manga/3/166279l.jpg
1524,Chuu Shite Vampire Girls,Kiss Me Vampire Girls,ちゅーしてヴァンパイアGirls,Doujinshi,235,,2010,https://cdn.myanimelist.net/images/manga/3/241643l.jpg
1524,Kuuchuu Houyou,,空中抱擁,Manga,235,,2010,https://cdn.myanimelist.net/images/manga/3/150461l.jpg
1526,Amagi Yuiko no Tsuno to Ai,,甘木唯子のツノと愛,Manga,234,,2010,https://cdn.myanimelist.net/images/manga/3/198583l.jpg
1526,Kidou Senshi Gundam: Zeon Koukoku Younen Gakkou,Mobile Suit Gundam: Principality of Zeon Military Preparatory School,機動戦士ガンダム ジオン公国幼年学校,Manga,234,,2010,https://cdn.myanimelist.net/images/manga/3/250754l.jpg
1526,Koujo Ryoujoku Ahan♥,,好女凌辱あはン♥,Manga,234,,2010,https://cdn.myanimelist.net/images/manga/3/69785l.jpg
1526,Little Busters! Ecstasy: Character Anthology,,リトルバスターズ! エクスタシー Character Anthology,Light Novel,234,,2010,https://cdn.myanimelist.net/images/manga/2/102013l.jpg
1526,Ookina Sakura no Ki no Shita de,,大きな桜の木の下で,One-shot,234,,2010,https://cdn.myanimelist.net/images/manga/2/152650l.jpg
1531,Honoo no Haramase Oppai Shintai Sokutei,,炎の孕ませおっぱい身体測定,Light Novel,233,,2010,https://cdn.myanimelist.net/images/manga/2/166875l.jpg
1531,Light Novel,,ライトノベル,Manga,233,,2010,https://cdn.myanimelist.net/images/manga/5/41215l.jpg
1533,Horn,,HORN,Doujinshi,232,,2010,https://cdn.myanimelist.net/images/manga/1/101929l.jpg
1533,Tumbling,,タンブリング,Manga,232,,2010,https://cdn.myanimelist.net/images/manga/5/67523l.jpg
1535,"Numurenu Mori no Hime, Ookami wo Daku",,眠れぬ森の姫、オオカミを抱く,Manga,231,,2010,https://cdn.myanimelist.net/images/manga/3/39358l.jpg
1535,Ushijima Iiniku,,うしじまいい肉,Manga,231,,2010,https://cdn.myanimelist.net/images/manga/3/75683l.jpg
1537,Boku mo Kitto...,,ボクもきっと...,One-shot,230,,2010,https://cdn.myanimelist.net/images/manga/2/39516l.jpg
1537,Full Swing,,フルスイング,Manga,230,,2010,https://cdn.myanimelist.net/images/manga/3/257872l.jpg
1537,Lost Girl wa Koi wo Suru,,ロストガールは恋をする,Manga,230,,2010,https://cdn.myanimelist.net/images/manga/3/67273l.jpg
1537,Otouto no Tomodachi,,おとうとのともだち,Doujinshi,230,,2010,https://cdn.myanimelist.net/images/manga/1/112395l.jpg
1537,Starry☆Sky: In Autumn - Anthology,,Starry☆Sky~in Autumn~ アンソロジー,Manga,230,,2010,https://cdn.myanimelist.net/images/manga/1/34790l.jpg
1537,Youki Kankan,,幼姫姦々,Manga,230,,2010,https://cdn.myanimelist.net/images/manga/1/106993l.jpg
1543,Before Sunrise,,before Sunrise,One-shot,229,,2010,https://cdn.myanimelist.net/images/manga/1/58399l.jpg
1543,Fidanzato no Tameiki,,フィダンツァートのためいき,Manga,229,,2010,https://cdn.myanimelist.net/images/manga/1/145389l.jpg
1543,Oogui Koushien,Chow Down Champs,大食い甲子園,Manga,229,,2010,https://cdn.myanimelist.net/images/manga/1/223476l.jpg
1546,Sister★Brother,,シス★ブラっ,Manga,228,,2010,https://cdn.myanimelist.net/images/manga/3/92735l.jpg
1547,Houkago,,ほうかご,One-shot,227,5.79,2010,https://cdn.myanimelist.net/images/manga/2/82864l.jpg
1547,Itsuka Tenma no Kuro Usagi: Kurenai Gekkou no Seitokaishitsu,,いつか天魔の黒ウサギ 紅月光の生徒会室,Light Novel,227,,2010,https://cdn.myanimelist.net/images/manga/1/99495l.jpg
1547,Tawamure Yuuoni,,戯れ遊鬼,Doujinshi,227,,2010,https://cdn.myanimelist.net/images/manga/1/101923l.jpg
1550,Aishiteru tte Iwanakya Korosu,,愛してるって言わなきゃ殺す -東京心中・2-,Manga,226,,2010,https://cdn.myanimelist.net/images/manga/3/89601l.jpg
1550,Gokko,,ごっこ,Manga,226,,2010,https://cdn.myanimelist.net/images/manga/3/239994l.jpg
1550,Momoiro Hatsujou Face,"""Estrus Pink Face""",桃色発情フェイス,Manga,226,,2010,https://cdn.myanimelist.net/images/manga/2/119849l.jpg
1550,Skinship Shoukougun,,スキンシップ症候群,One-shot,226,,2010,https://cdn.myanimelist.net/images/manga/1/59295l.jpg
1550,Yoake no Inu,,夜明けの犬,Manga,226,,2010,https://cdn.myanimelist.net/images/manga/1/66673l.jpg
1555,Erotic Comedy,,エロコメ,Manga,225,,2010,https://cdn.myanimelist.net/images/manga/2/94107l.jpg
1555,Kakusei Kanojo,,カクセイ彼女,Manga,225,,2010,https://cdn.myanimelist.net/images/manga/1/96945l.jpg
1555,Sonshi no Heihou,The Art of War,孫子の兵法,Manga,225,,2010,https://cdn.myanimelist.net/images/manga/3/80529l.jpg
1555,Yagi-san Yuubin,Lost Letters,やぎさん郵便,Manga,225,,2010,https://cdn.myanimelist.net/images/manga/3/179021l.jpg
1559,Advance of Z: Toki ni Aragaishi Mono,Advance of Z: The Traitor to Destiny,ADVANCE OF Ζ 刻に抗いし者,Novel,224,,2010,https://cdn.myanimelist.net/images/manga/1/230102l.jpg
1559,Dream Club Destiny,,ドリームクラブ Destiny,Manga,224,,2010,https://cdn.myanimelist.net/images/manga/2/36811l.jpg
1559,Er!,,er! えれくちおん! ～オトコノコ専門アンソロジーコミック～,Manga,224,,2010,https://cdn.myanimelist.net/images/manga/2/159961l.jpg
1559,Jaki no Haha,,邪鬼の母,Doujinshi,224,,2010,https://cdn.myanimelist.net/images/manga/2/94305l.jpg
1559,Kirakira Toron,,キラキラトロン,One-shot,224,,2010,https://cdn.myanimelist.net/images/manga/2/94153l.jpg
1559,Oyajina! ~Ryuu to Shinomiya no Baai~,,おやじな!~竜と紫ノ宮の場合~,Manga,224,,2010,https://cdn.myanimelist.net/images/manga/1/63567l.jpg
1565,Aisaretai dake nanoni!,,愛されたいだけなのに,One-shot,223,,2010,https://cdn.myanimelist.net/images/manga/2/38217l.jpg
1565,Hoshi ni Negattari nanka Shinai,I don't wish to the star.,星に願ったりなんかしない,Manga,223,,2010,https://cdn.myanimelist.net/images/manga/1/190885l.jpg
1565,Shinzui EX,,真髄 EX,Doujinshi,223,,2010,https://cdn.myanimelist.net/images/manga/2/93347l.jpg
1565,Theme World,,主题世界,Manhua,223,,2010,https://cdn.myanimelist.net/images/manga/2/70441l.jpg
1565,Transformers Animated: The Cool,,トランスフォーマー アニメイテッド ザ・クール,Manga,223,,2010,https://cdn.myanimelist.net/images/manga/3/313777l.jpg
1565,Witches With Huge Titties,,巨乳魔女,One-shot,223,,2010,https://cdn.myanimelist.net/images/manga/1/58385l.jpg
1571,Ane x Ane x Ane,,姉×姉×姉 〈ねえさん〉,Manga,222,,2010,https://cdn.myanimelist.net/images/manga/3/122891l.jpg
1571,"Kusabi, Aruiwa Kaihou no Tobira",,楔、あるいは解放の扉,Doujinshi,222,,2010,https://cdn.myanimelist.net/images/manga/3/129719l.jpg
1571,Oppai Heart: Kanojo wa Kedamono Hatsujouki!?,,おっぱいハート～彼女はケダモノ発情期ッ!?～,Light Novel,222,,2010,https://cdn.myanimelist.net/images/manga/2/166389l.jpg
1571,Strike Witches: Koushiki Comic à la Carte,,ストライクウィッチーズ 公式コミックアラカルト,Manga,222,,2010,https://cdn.myanimelist.net/images/manga/3/159997l.jpg
1575,Boyish Girl,,ボーイッシュガール,One-shot,221,,2010,https://cdn.myanimelist.net/images/manga/3/42283l.jpg
1575,Danganronpa: Kibou no Gakuen to Zetsubou no Koukousei,,ダンガンロンパ 希望の学園と絶望の高校生,Manga,221,,2010,https://cdn.myanimelist.net/images/manga/3/288746l.jpg
1575,Karen ni Musashi,,可憐にムサシ,One-shot,221,,2010,https://cdn.myanimelist.net/images/manga/2/39151l.jpg
1575,Onkai no Miyako,,音階の都,One-shot,221,6.44,2010,https://cdn.myanimelist.net/images/manga/3/302192l.jpg
1579,Koi to Keiji,,恋と刑事,Manga,220,,2010,https://cdn.myanimelist.net/images/manga/3/41947l.jpg
1580,Hana wa Sakura yori mo Hana no Gotoku Series,,花は桜よりも華のごとくシーリス,Light Novel,219,,2010,https://cdn.myanimelist.net/images/manga/3/156666l.jpg
1580,Nemuri Hime,,ねむり姫,One-shot,219,,2010,https://cdn.myanimelist.net/images/manga/3/76011l.jpg
1580,Seifuku to Kanojo to....,Her and Her Uniform,制服と彼女と…。,Manga,219,,2010,https://cdn.myanimelist.net/images/manga/2/122753l.jpg
1580,To LOVE-Ru: Sorekara...,,To LOVEる -とらぶる- それから…,One-shot,219,,2010,https://cdn.myanimelist.net/images/manga/3/294298l.jpg
1584,Anal Destroy,,アナルデストロイ,Manga,218,,2010,https://cdn.myanimelist.net/images/manga/1/92803l.jpg
1584,Yobidashi Hajime,,呼出し一,Manga,218,,2010,https://cdn.myanimelist.net/images/manga/5/34932l.jpg
1586,Dreams Come True,,Dreams Come True,One-shot,217,,2010,https://cdn.myanimelist.net/images/manga/3/86521l.jpg
1586,Inyouchuu Etsu: Kairaku Henka Taimaroku,,淫妖蟲 悦 ～怪楽変化退魔録～,Light Novel,217,,2010,https://cdn.myanimelist.net/images/manga/1/194605l.jpg
1586,Mama to Oshiri to Koumon to...,,ママとお尻と肛門と,Manga,217,,2010,https://cdn.myanimelist.net/images/manga/1/47723l.jpg
1586,Senjou no Valkyria 2: Gallian Ouritsu Shikan Gakkou - Our Only Days,Senjou no Valkyria 2 Gallian Royal Military Academy​ - Our Only Days,戦場のヴァルキュリア2-our only days-,Manga,217,,2010,https://cdn.myanimelist.net/images/manga/1/59137l.jpg
1590,Busou Senki: Shokuetsu no Nie,,武装戦姫~触悦の贄~,Manga,216,,2010,https://cdn.myanimelist.net/images/manga/1/92809l.jpg
1590,Kyle's Final Fantasy,,,Manhwa,216,,2010,https://cdn.myanimelist.net/images/manga/2/31245l.jpg
1592,Land Escape,,ランドエスケープ,One-shot,215,6.44,2010,https://cdn.myanimelist.net/images/manga/3/58975l.jpg
1593,Ai wo Ano Yo ni Oitekita,,あいをあの世に置いてきた,Manga,214,,2010,https://cdn.myanimelist.net/images/manga/2/140019l.jpg
1594,Usa Gyoro!,,うさギョロ!,Manga,213,,2010,https://cdn.myanimelist.net/images/manga/1/149128l.jpg
1595,Abunai Kyuutoushitsu,,アブナイ給湯室,One-shot,212,,2010,https://cdn.myanimelist.net/images/manga/1/102553l.jpg
1595,Devil's Cinderella,,"Devil's Xian Du Rui La, E Muo de Xian Du Rui La",Manhua,212,,2010,https://cdn.myanimelist.net/images/manga/3/67277l.jpg
1595,Hatsujou Lovers,,発情ラヴァーズ,Manga,212,,2010,https://cdn.myanimelist.net/images/manga/1/141725l.jpg
1598,Koibito 8-gou,,恋人8号,Manga,211,,2010,https://cdn.myanimelist.net/images/manga/3/103489l.jpg
1598,Nurunuru Meromero,,ぬるぬるめろめろ,Manga,211,,2010,https://cdn.myanimelist.net/images/manga/2/107497l.jpg
1600,Ghost Jim,,ゴースト・ジム,One-shot,210,,2010,https://cdn.myanimelist.net/images/manga/3/39091l.jpg
1600,Junai Tricolore,,純愛トリコロール,Manga,210,,2010,https://cdn.myanimelist.net/images/manga/1/75815l.jpg
1600,Tsuyudaku Futanari Musume,,つゆだくフタナリ娘,Manga,210,,2010,https://cdn.myanimelist.net/images/manga/2/95055l.jpg
1603,Before Sunset,,before Sunset,One-shot,209,,2010,https://cdn.myanimelist.net/images/manga/3/58401l.jpg
1604,Hamo Hamo Harmony,,ハモハモハーモニー,Manga,208,,2010,https://cdn.myanimelist.net/images/manga/3/68793l.jpg
1604,Torokechau no♡,,とろけちゃうのッ♡,Manga,208,,2010,https://cdn.myanimelist.net/images/manga/2/125341l.jpg
1606,Apricot-Pink,,apricot-pink,Doujinshi,207,,2010,https://cdn.myanimelist.net/images/manga/1/125865l.jpg
1606,Bitch Bitch♥Mermaid,,ビッチびっち♥マーメイド,One-shot,207,,2010,https://cdn.myanimelist.net/images/manga/3/75731l.jpg
1606,Hanihani Honey,,ハニハニHoney,Manga,207,,2010,https://cdn.myanimelist.net/images/manga/1/33199l.jpg
1606,Kizudarake no Shoujo-tachi,,傷だらけの少女たち,Manga,207,,2010,https://cdn.myanimelist.net/images/manga/3/111069l.jpg
1606,Minna no Sensei,,みんなの先生,Manga,207,,2010,https://cdn.myanimelist.net/images/manga/1/66439l.jpg
1611,Echo/Zeon,,エコー/ゼオン,Manga,206,,2010,https://cdn.myanimelist.net/images/manga/1/197921l.jpg
1611,Girl? Next Door,,GIRL? NEXT DOOR,Manga,206,,2010,https://cdn.myanimelist.net/images/manga/2/152889l.jpg
1611,Minori Scandal,,みのりスキャンダル,Manga,206,,2010,https://cdn.myanimelist.net/images/manga/1/148407l.jpg
1614,"Yukkuri Shiteitte ne: Slow Onanie Nyuumon ""Kaikan no Kakuchou to Jizoku""",,ゆっくりしていってね スローオナニー入門［快感の拡張と持続］,Manga,205,,2010,https://cdn.myanimelist.net/images/manga/2/97495l.jpg
1615,Chichigo Chichie,,乳期乳会,One-shot,204,,2010,https://cdn.myanimelist.net/images/manga/3/108865l.jpg
1615,Ookamikakushi,,おおかみかくし,Light Novel,204,,2010,https://cdn.myanimelist.net/images/manga/3/177752l.jpg
1615,Pure Puri Children,,ぴゅあプリ痴恋,Manga,204,,2010,https://cdn.myanimelist.net/images/manga/3/97009l.jpg
1615,Sonic Colors,,ソニック カラーズ,Manga,204,,2010,https://cdn.myanimelist.net/images/manga/2/37351l.jpg
1619,Bungaku Shoujo Short Stories from DVD,,,Light Novel,202,,2010,https://cdn.myanimelist.net/images/manga/3/36719l.jpg
1619,Kurohada no Nioi,,黒肌の匂い,One-shot,202,,2010,https://cdn.myanimelist.net/images/manga/3/93723l.jpg
1619,Onsen Ecchi!,,温泉えっち!,One-shot,202,,2010,https://cdn.myanimelist.net/images/manga/3/69589l.jpg
1619,STR,,シリトリ,One-shot,202,,2010,https://cdn.myanimelist.net/images/manga/1/109409l.jpg
1619,Uruwashi Kaitou Alice,A lovely phantom thief Alice,うるわし怪盗アリス,Manga,202,,2010,https://cdn.myanimelist.net/images/manga/3/134291l.jpg
1624,Boku no Kanojo ga Eroi Wake,,僕の彼女がエロい訳,Manga,201,,2010,https://cdn.myanimelist.net/images/manga/2/145697l.jpg
1624,Musou Sentai Itemaunjya,,夢想戦隊イテマウンジャー,Manga,201,,2010,https://cdn.myanimelist.net/images/manga/2/49497l.jpg
1624,Oni Kare,,鬼カレ,Manga,201,,2010,https://cdn.myanimelist.net/images/manga/3/140985l.jpg
1627,Delusion Miyuki,,デリユーション Miyuki,Doujinshi,200,,2010,https://cdn.myanimelist.net/images/manga/3/99917l.jpg
1627,Mou Ii yo,,もういーよ,Manga,200,,2010,https://cdn.myanimelist.net/images/manga/2/94395l.jpg
1627,Oshikko x Oshikko,,おしっこ×おしっ娘,Manga,200,,2010,https://cdn.myanimelist.net/images/manga/2/108211l.jpg
1630,Mesuinu Catalog: Choukyou Inpu,,牝犬カタログ ～調教淫婦～,Manga,199,,2010,https://cdn.myanimelist.net/images/manga/3/116131l.jpg
1631,8-gatsu no Manazashi,,8月のまなざし,Manga,198,,2010,https://cdn.myanimelist.net/images/manga/2/77241l.jpg
1631,Karimen Love Crisis,,仮免ラブクライシス,Manga,198,,2010,https://cdn.myanimelist.net/images/manga/3/58583l.jpg
1631,Munakata Kyouju Ikouroku: Daiei Hakubutsukan no Boukan,Professor Munakata's British Museum Adventure,宗像教授異考録 大英博物館の冒険,Manga,198,,2010,https://cdn.myanimelist.net/images/manga/3/38901l.jpg
1631,Paco-Paco,,パコパコっ,Manga,198,,2010,https://cdn.myanimelist.net/images/manga/3/70395l.jpg
1631,Plum LS,,プラム エルエス,Manga,198,,2010,https://cdn.myanimelist.net/images/manga/3/49769l.jpg
1631,Stand By Me,,スタンド・バイ・ミー,Manga,198,,2010,https://cdn.myanimelist.net/images/manga/2/147075l.jpg
1637,Oneechan no Koko mo Kimochi Ii,,お姉ちゃんのココも気持ちいい,Manga,197,,2010,https://cdn.myanimelist.net/images/manga/3/49489l.jpg
1637,Orgasmusume,,オルガムスメ,Manga,197,,2010,https://cdn.myanimelist.net/images/manga/1/109955l.jpg
1637,Repeat Libido,Repeat Libido,りぴーとりびどー,Manga,197,,2010,https://cdn.myanimelist.net/images/manga/1/152871l.jpg
1637,Suzu Rogu,,スズログ,Manga,197,,2010,https://cdn.myanimelist.net/images/manga/3/28874l.jpg
1641,Iro Dori,Colorful Dreams,イロドリ,Manga,196,,2010,https://cdn.myanimelist.net/images/manga/2/89321l.jpg
1641,Kyoudai Ijou Koibito Miman,,姉弟以上恋人未満,One-shot,196,,2010,https://cdn.myanimelist.net/images/manga/1/102865l.jpg
1643,Okosama Punch!,I'm Not a Child!,お子様ぱーんち！,Manga,195,,2010,https://cdn.myanimelist.net/images/manga/1/247868l.jpg
1643,Osananajimi ni Fureta Natsu,,幼なじみにふれた夏,Manga,195,,2010,https://cdn.myanimelist.net/images/manga/1/92781l.jpg
1643,Super Connected!,,スーパーコネクテッド!,One-shot,195,,2010,https://cdn.myanimelist.net/images/manga/2/68585l.jpg
1646,Chanto Kaitemasu kara!,,ちゃんと描いてますからっ！,Manga,194,,2010,https://cdn.myanimelist.net/images/manga/2/45302l.jpg
1646,Kamisama no Negaigoto,Wish of God,神様のねがいごと,Manga,194,,2010,https://cdn.myanimelist.net/images/manga/2/232488l.jpg
1648,Anata no Sentaku,,あなたの選択,Manga,193,,2010,https://cdn.myanimelist.net/images/manga/1/80355l.jpg
1648,G,,G,Manga,193,,2010,https://cdn.myanimelist.net/images/manga/1/180764l.jpg
1648,Lily Trigger,Lily Trigger,リリィ・トゥリガー,Manga,193,,2010,https://cdn.myanimelist.net/images/manga/1/132247l.jpg
1648,Nareru! SE,,なれる！SE,Light Novel,193,,2010,https://cdn.myanimelist.net/images/manga/3/164692l.jpg
1648,Shoujo Shiki Fuzoku Ogu Hinyoukika,,少女式付属おぐ泌尿器科,Manga,193,,2010,https://cdn.myanimelist.net/images/manga/2/96951l.jpg
1648,Suspicious Scandal,,수상한스캔들,Manhwa,193,,2010,https://cdn.myanimelist.net/images/manga/3/262971l.jpg
1654,Enma Versus: Dororon Enma-kun Gaiden,,炎魔VS～ドロロンえん魔くん外伝～,One-shot,192,,2010,https://cdn.myanimelist.net/images/manga/1/163530l.jpg
1654,H+P -HimePara-,,H+P ‐ひめぱら‐,Manga,192,,2010,https://cdn.myanimelist.net/images/manga/1/52091l.jpg
1654,In Bloom,,In Bloom,One-shot,192,,2010,https://cdn.myanimelist.net/images/manga/2/93533l.jpg
1654,Omoide Konpeitou,,おもいで金平糖,Manga,192,,2010,https://cdn.myanimelist.net/images/manga/3/60021l.jpg
1654,Shounen wa Watashi ni Hizamazuku,,少年は私に跪く,Manga,192,,2010,https://cdn.myanimelist.net/images/manga/2/104081l.jpg
1659,Apology Class,,Apology Class,One-shot,191,,2010,https://cdn.myanimelist.net/images/manga/3/140273l.jpg
1659,Fuyuame Nankin,,冬雨軟禁,One-shot,191,,2010,https://cdn.myanimelist.net/images/manga/2/48861l.jpg
1659,I Love UK,,I Love UK,Doujinshi,191,,2010,https://cdn.myanimelist.net/images/manga/3/49533l.jpg
1659,Uchuu Show e Youkoso,,宇宙ショーへようこそ,Manga,191,,2010,https://cdn.myanimelist.net/images/manga/3/41256l.jpg
1663,Horn,,혼 HORN,Manhwa,189,,2010,https://cdn.myanimelist.net/images/manga/1/58115l.jpg
1663,Icha Icha Bikini,,いちゃいちゃビキニ,One-shot,189,,2010,https://cdn.myanimelist.net/images/manga/1/48773l.jpg
1663,Metro Ecstasy,,メトロエクスタシー,Manga,189,,2010,https://cdn.myanimelist.net/images/manga/1/49923l.jpg
1663,Wakazuma Impossible!,,若妻Impossible!,One-shot,189,,2010,https://cdn.myanimelist.net/images/manga/1/53917l.jpg
1667,Sasori no Kokoro,,蠍の心,One-shot,188,,2010,https://cdn.myanimelist.net/images/manga/3/107177l.jpg
1667,Zannen Kunoichi Den,,残念くのいち伝,Manga,188,,2010,https://cdn.myanimelist.net/images/manga/2/45505l.jpg
1669,Elite!!: Expert Latitudinous Investigation TEam,,エリート!! ～Expert Latitudinous Investigation TEam～,Manga,187,,2010,https://cdn.myanimelist.net/images/manga/1/250373l.jpg
1669,Imouto Ijiri to Mama Asobi,,妹いじりとママあそび,Manga,187,,2010,https://cdn.myanimelist.net/images/manga/3/150791l.jpg
1671,Fuku wo Nugisutete,,服を脱ぎ捨てて,One-shot,186,,2010,https://cdn.myanimelist.net/images/manga/1/53865l.jpg
1671,Shitsuji wa Daitanfuteki ni Uso wo Tsuku,,執事は大胆不敵に嘘をつく,Manga,186,,2010,https://cdn.myanimelist.net/images/manga/1/31316l.jpg
1671,"Suki, dakara.",,好き、だから。,Manga,186,,2010,https://cdn.myanimelist.net/images/manga/1/328147l.jpg
1674,Hungry Tiger,Hungry Tiger,ハングリータイガー,Manga,185,,2010,https://cdn.myanimelist.net/images/manga/3/85533l.jpg
1674,Jihatsu Aruiwa Kyousei Shuuchi,,自発あるいは強制羞恥,Manga,185,,2010,https://cdn.myanimelist.net/images/manga/1/146607l.jpg
1674,Mushaburi Oneesan,,むしゃぶりお姉さん,Manga,185,,2010,https://cdn.myanimelist.net/images/manga/1/116715l.jpg
1674,Tanetsuke Stalking,,種付けストーキング,Manga,185,,2010,https://cdn.myanimelist.net/images/manga/3/180670l.jpg
1678,Hentai Seiheki Kyousei Saimin: Yume no Naka dake ja Manzoku Dekinai no,,変態性癖強制催眠～夢の中だけじゃ満足できないの～,Light Novel,184,,2010,https://cdn.myanimelist.net/images/manga/2/120417l.jpg
1678,Joshitetsu,,じょしてつ,Manga,184,,2010,https://cdn.myanimelist.net/images/manga/1/129665l.jpg
1678,Meshi Agare Ai wo,,召し上がれ愛を,Manga,184,,2010,https://cdn.myanimelist.net/images/manga/3/70113l.jpg
1678,Mousou Channel,,妄想チャンネル,Manga,184,,2010,https://cdn.myanimelist.net/images/manga/2/177133l.jpg
1682,Hero Kojin Sakuhinshuu,,HERO個人作品集,Manga,183,,2010,https://cdn.myanimelist.net/images/manga/2/79629l.jpg
1682,Sekurosu,,セクロス,Manga,183,,2010,https://cdn.myanimelist.net/images/manga/1/48589l.jpg
1684,Asuko March!: Kenritsu Asuka Kougyou Koukou Koushinkyoku,,アスコーマーチ!～県立明日香工業高校行進曲～,Manga,182,,2010,https://cdn.myanimelist.net/images/manga/2/161751l.jpg
1684,Jokyoushi Kyouko: Kairaku Choukyoushitsu,,女教師 京子～快楽調教室～,Manga,182,,2010,https://cdn.myanimelist.net/images/manga/1/145963l.jpg
1684,Rengoku Hime,,煉獄姫,Light Novel,182,,2010,https://cdn.myanimelist.net/images/manga/2/155825l.jpg
1684,Shibainuko-san,,しばいぬ子さん,Manga,182,,2010,https://cdn.myanimelist.net/images/manga/2/179950l.jpg
1684,Tororin Musume,,とろりん娘,Manga,182,,2010,https://cdn.myanimelist.net/images/manga/2/68917l.jpg
1684,Zankoku ni Ai wo Sasayaite,,残酷に愛をささやいて,Manga,182,,2010,https://cdn.myanimelist.net/images/manga/3/164850l.jpg
1690,Chiisana Koi no Ohanashi,,小さな恋のお話,One-shot,181,,2010,https://cdn.myanimelist.net/images/manga/2/107167l.jpg
1690,Fork in the Road,,FORK IN THE ROAD,Manga,181,,2010,https://cdn.myanimelist.net/images/manga/2/211841l.jpg
1690,Gochisou Tights,,ごちそうタイツ,Manga,181,,2010,https://cdn.myanimelist.net/images/manga/1/119281l.jpg
1690,Otokonoko Damono!,,男の子だもの！,Manga,181,,2010,https://cdn.myanimelist.net/images/manga/3/31619l.jpg
1690,Ultimate Special High School,,무적 특수교,Manhwa,181,,2010,https://cdn.myanimelist.net/images/manga/2/104127l.jpg
1695,Loli to Boin,,ロリとボイン,One-shot,180,,2010,https://cdn.myanimelist.net/images/manga/1/68561l.jpg
1695,Sunflower,,,Manhwa,180,,2010,https://cdn.myanimelist.net/images/manga/3/32923l.jpg
1695,Taimanin Asagi: Chigyaku no Ankoku Yuugi the Comic,,対魔忍アサギ 恥虐の暗黒遊戯 -THE COMIC-,Manga,180,,2010,https://cdn.myanimelist.net/images/manga/3/193247l.jpg
1698,Engei Shounen,,園芸少年,Manga,179,,2010,https://cdn.myanimelist.net/images/manga/2/41090l.jpg
1698,Moonlight Hair,Moonlight Hair,달빛머리,Manhwa,179,,2010,https://cdn.myanimelist.net/images/manga/1/204869l.jpg
1698,Onna no Ana,,女の穴,Manga,179,,2010,https://cdn.myanimelist.net/images/manga/2/212839l.jpg
1698,Sentimental★Grammar,,せんちめんたる★グラマー,Manga,179,,2010,https://cdn.myanimelist.net/images/manga/1/112893l.jpg
1702,Danzai no Exceed,,断罪のイクシード,Light Novel,178,,2010,https://cdn.myanimelist.net/images/manga/1/163420l.jpg
1702,Imadoki ☆ Joushi Buka,,イマドキ☆上司部下,Manga,178,,2010,https://cdn.myanimelist.net/images/manga/2/337599l.jpg
1702,Kuroyuri: Shoujo Vampire.,Vampire Girl Black Lily.,黒百合 少女ヴァンパイア。,Manga,178,,2010,https://cdn.myanimelist.net/images/manga/2/238878l.jpg
1702,Moratte Hoshikute,,もらってほしくて,One-shot,178,,2010,https://cdn.myanimelist.net/images/manga/3/92297l.jpg
1702,Shinzui Early Summer,,真髄 EARLY SUMMER,Doujinshi,178,,2010,https://cdn.myanimelist.net/images/manga/2/106867l.jpg
1707,Gakuen Harem,,学園ハーレム,Manga,177,,2010,https://cdn.myanimelist.net/images/manga/3/167385l.jpg
1707,Kiriya Hakushaku-ke no Roku Shimai,,霧谷伯爵家の六姉妹,Light Novel,177,,2010,https://cdn.myanimelist.net/images/manga/3/166000l.jpg
1707,Love Shelter,,らぶしぇるたぁ,Manga,177,,2010,https://cdn.myanimelist.net/images/manga/3/250400l.jpg
1707,Mariko-san: Hitozuma Yokujou Sign,,まりこさん -人妻欲情視線-,Manga,177,,2010,https://cdn.myanimelist.net/images/manga/3/93831l.jpg
1707,Onesho,,おねショ,Manga,177,,2010,https://cdn.myanimelist.net/images/manga/1/192996l.jpg
1707,Super Robot Taisen OG: The Inspector - Record of ATX,,スーパーロボット大戦OG -ジ・インスペクター- Record of ATX,Manga,177,,2010,https://cdn.myanimelist.net/images/manga/2/211800l.jpg
1713,Beautiful People Perfect World,,ビューティフルピープル・パーフェクトワールド,Manga,176,,2010,https://cdn.myanimelist.net/images/manga/4/146317l.jpg
1713,Toilet Girl: Kichiku no Ugomeku,,Toilet Girl～鬼畜の蠢き～,Manga,176,,2010,https://cdn.myanimelist.net/images/manga/2/49759l.jpg
1715,A Killer Paradox,A Killer Paradox,살인자ㅇ난감,Manhwa,175,,2010,https://cdn.myanimelist.net/images/manga/1/297059l.jpg
1715,Sakyubasu♥Saiyuuki,,サキュバス♥西遊記,One-shot,175,,2010,https://cdn.myanimelist.net/images/manga/2/58389l.jpg
1715,Youkai Gakuen: Intou Yakou,,妖怪学園 -淫蕩夜行-,Manga,175,,2010,https://cdn.myanimelist.net/images/manga/1/49667l.jpg
1718,2 Espressos,,トゥー・エスプレッソ,Manga,174,,2010,https://cdn.myanimelist.net/images/manga/3/177083l.jpg
1718,Hachimitsu Lemon Tea,,蜂蜜レモンティー,Doujinshi,174,,2010,https://cdn.myanimelist.net/images/manga/2/146155l.jpg
1718,Kimi no Hajimete,,きみのはじめて,Manga,174,,2010,https://cdn.myanimelist.net/images/manga/3/54051l.jpg
1718,Odoru Hoshifuru Renesickle,,踊る星降るレネシクル,Light Novel,174,,2010,https://cdn.myanimelist.net/images/manga/2/105601l.jpg
1722,Bakuon Densetsu Kaburagi,,爆音伝説カブラギ,Manga,173,,2010,https://cdn.myanimelist.net/images/manga/2/208252l.jpg
1722,Kabocha Ouji,,カボチャ王子,Manga,173,,2010,https://cdn.myanimelist.net/images/manga/3/31490l.jpg
1722,Oresama to Kooni,,俺様とこおに,Manga,173,,2010,https://cdn.myanimelist.net/images/manga/3/141401l.jpg
1725,Fukigen na Majo to Uchiki na Kedamono,,不機嫌な魔女と内気なケダモノ,One-shot,172,,2010,https://cdn.myanimelist.net/images/manga/1/149717l.jpg
1725,"Hashire, Ute!",,疾走れ、撃て!,Manga,172,,2010,https://cdn.myanimelist.net/images/manga/1/155750l.jpg
1725,Heisei Policemen!!,,へ～せいポリスメン！！,Manga,172,,2010,https://cdn.myanimelist.net/images/manga/1/27521l.jpg
1725,My Next Door Vampire,,僕の隣の吸血鬼,One-shot,172,,2010,https://cdn.myanimelist.net/images/manga/1/58383l.jpg
1725,Seieki Dorobou,,精液泥棒,Manga,172,,2010,https://cdn.myanimelist.net/images/manga/3/101981l.jpg
1730,Hidden Love Trick or True★,hidden love trick or true★,hidden love trick or true★,One-shot,171,,2010,https://cdn.myanimelist.net/images/manga/2/336682l.jpg
1730,Houkago no Charichuma,,放課後のかりちゅま,Manga,171,,2010,https://cdn.myanimelist.net/images/manga/3/175522l.jpg
1730,Kanashi Kanashi ka,,カナシカナシカ,Manga,171,,2010,https://cdn.myanimelist.net/images/manga/2/205020l.jpg
1730,Settai Play (Tekagen Nashi),,接待プレイ(手加減なし),One-shot,171,,2010,https://cdn.myanimelist.net/images/manga/1/54181l.jpg
1734,Baroque Knights,,バロック騎士団,Manga,170,,2010,https://cdn.myanimelist.net/images/manga/3/281599l.jpg
1734,Debutante,,Debutante,Manga,170,,2010,https://cdn.myanimelist.net/images/manga/1/96971l.jpg
1734,Kirin: The Happy Ridder Speedway,,キリン The Happy Ridder Speedway,Manga,170,,2010,https://cdn.myanimelist.net/images/manga/1/179691l.jpg
1737,Chichi Miko!: Inran Otome Zoushi,,ちちみこ！ ～淫乱処女草子～,Manga,169,,2010,https://cdn.myanimelist.net/images/manga/2/97915l.jpg
1737,"Dakedo, Amanojaku",,だけど、あまのじゃく,Manga,169,,2010,https://cdn.myanimelist.net/images/manga/3/84465l.jpg
1737,Kikkake wa Koi no Biyaku?,,キッカケは恋の媚薬？,One-shot,169,,2010,https://cdn.myanimelist.net/images/manga/3/80519l.jpg
1737,Sasurai Afro Tanaka,,さすらいアフロ田中,Manga,169,,2010,https://cdn.myanimelist.net/images/manga/3/169034l.jpg
1741,Kareshi no Hissatsu Waza ga Itai kara,,彼氏の必殺技が痛いから,One-shot,168,,2010,https://cdn.myanimelist.net/images/manga/1/42468l.jpg
1741,Momo Musume,,桃娘,Manga,168,,2010,https://cdn.myanimelist.net/images/manga/2/180672l.jpg
1741,Seitenkan shite Jibun Jishin to H Shitai!,,性転換して自分自身とHしたい！,Manga,168,,2010,https://cdn.myanimelist.net/images/manga/3/133673l.jpg
1744,Anemone Syndrome,,アネモネ症候群,Doujinshi,167,,2010,https://cdn.myanimelist.net/images/manga/1/114427l.jpg
1744,Arashi to Doctor,,嵐とドクター,Manga,167,,2010,https://cdn.myanimelist.net/images/manga/3/273958l.jpg
1744,Onigami,,オニガミ,One-shot,167,,2010,https://cdn.myanimelist.net/images/manga/3/79783l.jpg
1744,Trick and Treat♥,,Trick And Treat♥,Manga,167,,2010,https://cdn.myanimelist.net/images/manga/3/153641l.jpg
1744,Tsukigime Lunatic,,月極ルナティック,One-shot,167,,2010,https://cdn.myanimelist.net/images/manga/3/79169l.jpg
1749,Fist of Legend,Legendary Fist,전설의 주먹,Manhwa,166,,2010,https://cdn.myanimelist.net/images/manga/1/200203l.jpg
1749,M no Retsujou dj - Yukata de Retsujou,,浴衣で劣情,Doujinshi,166,,2010,https://cdn.myanimelist.net/images/manga/1/40040l.jpg
1749,Sekaiju no Meikyuu III: Shinkai no Ikusahime,,世界樹の迷宮III ~深海の戦姫~,Manga,166,,2010,https://cdn.myanimelist.net/images/manga/3/339539l.jpg
1752,Bath Time♥,,ばすたいむ♥,One-shot,165,,2010,https://cdn.myanimelist.net/images/manga/3/51303l.jpg
1752,Hatsu Date.,,はつでーと。,One-shot,165,,2010,https://cdn.myanimelist.net/images/manga/2/58353l.jpg
1752,Joshikousei Nobunaga-chan!!,,女子高生信長ちゃん!!,Manga,165,,2010,https://cdn.myanimelist.net/images/manga/3/103317l.jpg
1752,OurTube,,あわーちゅーぶ,Manga,165,,2010,https://cdn.myanimelist.net/images/manga/2/151731l.jpg
1756,Ethnicity 01,,エスニシティ ゼロワン,Manga,164,,2010,https://cdn.myanimelist.net/images/manga/3/64231l.jpg
1756,Harem Castle: The Beautiful Days,,ハーレムキャッスル The Beautiful Days,Manga,164,,2010,https://cdn.myanimelist.net/images/manga/3/182350l.jpg
1756,Ippiki to Kyuujuukyuuhiki to,With One and Ninety-Nine,一匹と九十九匹と,Manga,164,,2010,https://cdn.myanimelist.net/images/manga/2/238706l.jpg
1756,Ojousama wa A ga Osuki!,Ojousama Loves A!,お嬢様はAがお好き！,Light Novel,164,,2010,https://cdn.myanimelist.net/images/manga/1/165562l.jpg
1756,Sensei nimo Tsugou ga Aru,,医者〈センセイ〉にも都合がある,Doujinshi,164,,2010,https://cdn.myanimelist.net/images/manga/4/65055l.jpg
1756,Sensei to Issho,,先生といっしょ,Manga,164,,2010,https://cdn.myanimelist.net/images/manga/1/114841l.jpg
1756,Yuutousei Muchimuchi Chigoku,,優等生むちむち痴獄,Manga,164,,2010,https://cdn.myanimelist.net/images/manga/2/101765l.jpg
1763,Futometic Love,,ふとめちっくらぶ,One-shot,163,,2010,https://cdn.myanimelist.net/images/manga/2/153521l.jpg
1763,Hatsukoi,One's First Love,はつこい,Manga,163,,2010,https://cdn.myanimelist.net/images/manga/3/35652l.jpg
1765,Juso Kuraishi,,呪詛喰らい師,Light Novel,162,,2010,https://cdn.myanimelist.net/images/manga/2/168622l.jpg
1765,Machigai darake no Majo,,まちがいだらけの魔女,One-shot,162,,2010,https://cdn.myanimelist.net/images/manga/1/113911l.jpg
1765,Narikiri Tsun Dorei,,なりきりツンドレイ,Manga,162,,2010,https://cdn.myanimelist.net/images/manga/3/103895l.jpg
1765,Seiin Shoujo,,精飲少女,Manga,162,,2010,https://cdn.myanimelist.net/images/manga/1/119321l.jpg
1765,Soku Hame♡Channel,,ソクはめ♡ちゃんねる,Manga,162,,2010,https://cdn.myanimelist.net/images/manga/3/106811l.jpg
1765,"Super Otoko no Ko Time, Hajimaru yo★",,スーパー男の娘タイム、はじまるよっ★,Manga,162,,2010,https://cdn.myanimelist.net/images/manga/4/86713l.jpg
1771,"Daisuke!: Itsudatte Taisetsu na Kimi to, Aikawarazu na Bokura",,DAISUKE! ～いつだって大切なキミと、あいかわらずなボクら～,Manga,161,,2010,https://cdn.myanimelist.net/images/manga/2/149003l.jpg
1771,"Josou Shounen Anthology: Mushiro, Gohoubi",,女装少年アンソロジー むしろ、ごほうび,Manga,161,,2010,https://cdn.myanimelist.net/images/manga/2/129417l.jpg
1771,Soredemo Yappari Koi wo Suru.,,それでもやっぱり恋をする。,Manga,161,,2010,https://cdn.myanimelist.net/images/manga/1/153920l.jpg
1771,Yome Hole to Tsuma Hole,,ヨメホとツマホ,Manga,161,,2010,https://cdn.myanimelist.net/images/manga/1/192260l.jpg
1775,99's Amanojaku,,九十九のあまのじゃく,Manga,160,,2010,https://cdn.myanimelist.net/images/manga/2/44905l.jpg
1775,Daisuki: Hikaru to Sakura,,だいすきっ－ひかるとさくら－,Manga,160,,2010,https://cdn.myanimelist.net/images/manga/1/148473l.jpg
1775,Suki wo Watashi ni Kudasai,,好きを私にください,Manga,160,,2010,https://cdn.myanimelist.net/images/manga/3/38171l.jpg
1778,Himitsu no Jugyou Sankan,,ヒミツの授業参観,One-shot,159,,2010,https://cdn.myanimelist.net/images/manga/1/93967l.jpg
1778,Private Counselor,,プライベート・カウンセラー,Manga,159,,2010,https://cdn.myanimelist.net/images/manga/3/39520l.jpg
1778,Warabe no Kusa,,童の草,Manga,159,,2010,https://cdn.myanimelist.net/images/manga/1/36651l.jpg
1778,Yuuwaku♥Emotion,,誘惑♥えもーしょん,Manga,159,,2010,https://cdn.myanimelist.net/images/manga/2/157243l.jpg
1782,I'll Call You Mine,,I'll call you mine,Manga,158,,2010,https://cdn.myanimelist.net/images/manga/1/72557l.jpg
1782,Kakko Kawaii Sengen!,,カッコカワイイ宣言！,Manga,158,,2010,https://cdn.myanimelist.net/images/manga/1/37213l.jpg
1782,Lucky☆Laundry,,ラッキー☆ランドリー,One-shot,158,,2010,https://cdn.myanimelist.net/images/manga/3/69045l.jpg
1782,Sekaiju no Meikyuu III: Seikai no Raihousha,,世界樹の迷宮III ~星海の来訪者~,Manga,158,,2010,https://cdn.myanimelist.net/images/manga/1/35574l.jpg
1782,Yokubou no Arika...,,欲望の在処…,One-shot,158,,2010,https://cdn.myanimelist.net/images/manga/1/93127l.jpg
1787,Momoko-san no Nama Shitagi,,モモコさんの生下着,Manga,157,,2010,https://cdn.myanimelist.net/images/manga/3/130361l.jpg
1787,Princess Lover! Fujikura Yuu no Koiji,,プリンセスラバー！ 藤倉優の恋路,Light Novel,157,,2010,https://cdn.myanimelist.net/images/manga/3/152818l.jpg
1787,Rockman 10: Extra F,,ROCKMAN 10 -extra F-,One-shot,157,,2010,https://cdn.myanimelist.net/images/manga/3/35090l.jpg
1787,Sherlock Holmes,,シャーロック・ホームズは影にささやく,Manga,157,,2010,https://cdn.myanimelist.net/images/manga/3/46201l.jpg
1787,Taberu dake,,たべるダケ,Manga,157,,2010,https://cdn.myanimelist.net/images/manga/3/104887l.jpg
1792,Cutie Bitches',,キューティーびっちーず,Manga,156,,2010,https://cdn.myanimelist.net/images/manga/1/129659l.jpg
1792,Kazoku Kairaku,,家族快楽,Manga,156,,2010,https://cdn.myanimelist.net/images/manga/1/48317l.jpg
1792,Kurokishi Iron Dress,Black Knight Iron Dress,黒姫士アイアンドレス,Manga,156,,2010,https://cdn.myanimelist.net/images/manga/3/287255l.jpg
1792,"Moshi Koukou Yakyuu no Joshi Manager ga Drucker no ""Management"" wo Yondara","What If a Female Manager of a High School Baseball Team Read Drucker's ""Management""?",もし高校野球の女子マネージャーがドラッカーの『マネジメント』を読んだら,Manga,156,,2010,https://cdn.myanimelist.net/images/manga/2/84039l.jpg
1796,Mitsugetsu sura Ryakudatsu no Hate,,蜜月すら略奪の果て,Manga,155,,2010,https://cdn.myanimelist.net/images/manga/2/340273l.jpg
1796,Nazotokihime wa Meitantei♥,,ナゾトキ姫は名探偵♥,Manga,155,,2010,https://cdn.myanimelist.net/images/manga/1/173127l.jpg
1796,Shoujo-philia,,少女フィリア,Manga,155,,2010,https://cdn.myanimelist.net/images/manga/1/182021l.jpg
1799,Itazura Toshokan,,いたずら図書室,One-shot,154,,2010,https://cdn.myanimelist.net/images/manga/3/98103l.jpg
1799,Megami to Ichinen Kurashitemita.,I Tried Living with a Goddess for a Year,女神と一年暮らしてみた。,Manga,154,,2010,https://cdn.myanimelist.net/images/manga/3/182318l.jpg
1799,Suna no Eikan,,砂の栄冠,Manga,154,,2010,https://cdn.myanimelist.net/images/manga/1/160200l.jpg
1802,10-sai no Hoken Taiiku,,10歳の保健体育,Light Novel,153,,2010,https://cdn.myanimelist.net/images/manga/3/159876l.jpg
1802,Kidou Senshi Gundam 00: Crossword Puzzle Comic Characters Kuro!,,機動戦士ガンダム00クロスワードパズルコミック キャラクロ!,Manga,153,,2010,https://cdn.myanimelist.net/images/manga/1/282851l.jpg
1802,Kotonoha Hira,,コトノハヒラ,One-shot,153,,2010,https://cdn.myanimelist.net/images/manga/2/126877l.jpg
1802,Sansukumi,,さんすくみ,Manga,153,,2010,https://cdn.myanimelist.net/images/manga/2/150978l.jpg
1802,"She Loved Him, and He Loved Himself",,,Manhwa,153,,2010,https://cdn.myanimelist.net/images/manga/1/35402l.jpg
1802,Suggestive,,SUGGESTIVE,Doujinshi,153,,2010,https://cdn.myanimelist.net/images/manga/1/324580l.jpg
1802,Uchi no Maid wa Futeikei,,うちのメイドは不定形,Light Novel,153,,2010,https://cdn.myanimelist.net/images/manga/2/199734l.jpg
1809,Kyoukenn・Kareshi,"My Boyfriend, the Mad Dog",凶犬・彼氏,Manga,152,,2010,https://cdn.myanimelist.net/images/manga/3/46899l.jpg
1809,Sherlock Holmes: Gishi no Oyayubi,,シャーロックホームズ 技師の親指,One-shot,152,,2010,https://cdn.myanimelist.net/images/manga/3/41255l.jpg
1809,Yu-kkuri Shite ne♥,Hot and Steamy,湯～っくりシてね♥,Manga,152,,2010,https://cdn.myanimelist.net/images/manga/1/122797l.jpg
1812,Binetsu no Kajitsu: Butterfly Sky,Feverish Fruits: Butterfly Sky,微熱の果実~バタフライ・スカイ~,Manga,151,,2010,https://cdn.myanimelist.net/images/manga/2/340858l.jpg
1812,Majimekko desu ka!?,,優等生でスカ！？,Doujinshi,151,,2010,https://cdn.myanimelist.net/images/manga/3/93965l.jpg
1812,Mitsuboshi Oneesan,Three-Star Ladies,三ツ星お姉さん,Manga,151,,2010,https://cdn.myanimelist.net/images/manga/2/150249l.jpg
1812,Osana Sekai,,オサナセカイ,Manga,151,,2010,https://cdn.myanimelist.net/images/manga/2/59739l.jpg
1816,Barbie Fxxk,,バービーファック,Manga,150,,2010,https://cdn.myanimelist.net/images/manga/1/93097l.jpg
1816,Chicken Cutlet Prince,,雞排王子,Manhua,150,,2010,https://cdn.myanimelist.net/images/manga/1/121301l.jpg
1816,Goshujin-san to Maid-sama,,ご主人さんとメイドさま,Light Novel,150,,2010,https://cdn.myanimelist.net/images/manga/2/123593l.jpg
1816,Toushu na Ore to xxx na Kanojo,,当主な俺と×××な彼女,Manga,150,,2010,https://cdn.myanimelist.net/images/manga/2/109965l.jpg
1816,Will it Snow for Christmas?,,크리스마스에 눈이 올까요?,Manhwa,150,,2010,https://cdn.myanimelist.net/images/manga/1/31089l.jpg
1821,Haruyoi Kobanashi,,春宵小話,Doujinshi,149,,2010,https://cdn.myanimelist.net/images/manga/2/112175l.jpg
1821,Imouto Miseijuku,,いもーと未成熟,Manga,149,,2010,https://cdn.myanimelist.net/images/manga/2/133871l.jpg
1821,Kowashiya,,こわしや,One-shot,149,,2010,https://cdn.myanimelist.net/images/manga/1/44431l.jpg
1821,Last Cat,,LAST CAT,Manga,149,,2010,https://cdn.myanimelist.net/images/manga/4/162919l.jpg
1821,Ou no Ibara,,王のいばら,Manga,149,,2010,https://cdn.myanimelist.net/images/manga/1/202235l.jpg
1821,"Saraba, Yasashii Yuuzuru","Good-by, My Sweet Crane",さらば、やさしいゆうづる,Manga,149,,2010,https://cdn.myanimelist.net/images/manga/1/177394l.jpg
1821,The Ark File G,,ヅ・アーク・ファイルG,Manga,149,,2010,https://cdn.myanimelist.net/images/manga/2/93605l.jpg
1828,Chichikuri Choukyou Kitto: Saikyouban,,乳クリ調教キット－最恐版－,Manga,148,,2010,https://cdn.myanimelist.net/images/manga/2/161235l.jpg
1828,Gokinjo Loli Kyonyuu,Big breast Lolita,ご近所ロリ巨乳,Manga,148,,2010,https://cdn.myanimelist.net/images/manga/3/182023l.jpg
1828,NTR na Kankei,,NTRな関係,Manga,148,,2010,https://cdn.myanimelist.net/images/manga/3/145797l.jpg
1831,(Shiteki) Tantei Monogatari,,(私的)探偵物語,One-shot,147,,2010,https://cdn.myanimelist.net/images/manga/2/43243l.jpg
1831,Akatsuki no Kyoushitsu,,あかつきの教室,Manga,147,,2010,https://cdn.myanimelist.net/images/manga/3/54861l.jpg
1831,Dr. M no Sasayaka naru Yokubou,Doctor's Special Desire,Dr.Mのささやかなる欲望,Manga,147,,2010,https://cdn.myanimelist.net/images/manga/2/131009l.jpg
1831,Evil Heart: Kanketsuhen,,EVIL HEART 完結編,Manga,147,,2010,https://cdn.myanimelist.net/images/manga/3/154931l.jpg
1831,Hatsujou Futanarikko,,発情 ふたなりッ娘,Manga,147,,2010,https://cdn.myanimelist.net/images/manga/2/115805l.jpg
1831,I,,I 【アイ】,Manga,147,,2010,https://cdn.myanimelist.net/images/manga/3/60289l.jpg
1831,Imouto♥Logic,,妹♥ロジック,Manga,147,,2010,https://cdn.myanimelist.net/images/manga/3/96993l.jpg
1831,Mahouteki na Kanojo,,魔法的な彼女,Manga,147,,2010,https://cdn.myanimelist.net/images/manga/1/110315l.jpg
1839,Banyuu Inryoku,,万有引力,Manga,146,,2010,https://cdn.myanimelist.net/images/manga/1/71215l.jpg
1839,Furimukuna Kimi wa,,振り向くな君は,Manga,146,,2010,https://cdn.myanimelist.net/images/manga/2/196952l.jpg
1839,Otoko no Ko ni Naritai no,,おとこの娘になりたいの,One-shot,146,,2010,https://cdn.myanimelist.net/images/manga/3/71549l.jpg
1839,Shururun Yukiko Hime-chan feat. Dororon Enma-kun,,シュルルン雪子姫ちゃん feat.ドロロンえん魔くん,Manga,146,,2010,https://cdn.myanimelist.net/images/manga/1/38292l.jpg
1843,Forsythia,Forsythia,フォルシチア,One-shot,145,,2010,https://cdn.myanimelist.net/images/manga/1/60373l.jpg
1843,Kyouiku Shidou,,教育指導,Light Novel,145,,2010,https://cdn.myanimelist.net/images/manga/2/173649l.jpg
1843,Kyoukan,,教姦,Manga,145,,2010,https://cdn.myanimelist.net/images/manga/3/39079l.jpg
1843,Saigo no Page,,最後のページ,One-shot,145,,2010,https://cdn.myanimelist.net/images/manga/1/96287l.jpg
1843,Shirinchu♥,,シリんちゅ♥,Manga,145,,2010,https://cdn.myanimelist.net/images/manga/1/92805l.jpg
1848,Aishi no Salome,,愛しのサロメ,One-shot,144,,2010,https://cdn.myanimelist.net/images/manga/3/149674l.jpg
1848,Cerebrum no Hitsugi: Begins Game,,セレブラムの柩―begins game―,One-shot,144,,2010,https://cdn.myanimelist.net/images/manga/2/114187l.jpg
1848,Cosplay!,,こすぷる！,One-shot,144,,2010,https://cdn.myanimelist.net/images/manga/1/69121l.jpg
1848,Hirahira no Tree,,ひらひらのツリー,One-shot,144,,2010,https://cdn.myanimelist.net/images/manga/1/94551l.jpg
1848,Musunde Hiraite,,むすんでひらいて,Manga,144,,2010,https://cdn.myanimelist.net/images/manga/1/152115l.jpg
1848,SOS! Sukebe na Osananajimi ga Shinobikonde Kimashita.,,SOS！ スケベな幼なじみが忍び込んで来ました。,Manga,144,,2010,https://cdn.myanimelist.net/images/manga/1/102635l.jpg
1854,Acqua-Pianeta,,Acqua-Pianeta アクア・ピアネタ,Manga,143,,2010,https://cdn.myanimelist.net/images/manga/1/125089l.jpg
1854,"Ano Hi, Bokura wa...: Toki wo Kakeru Koimonogatari",,あの日、僕らは... ～時をかける恋物語～,Manga,143,,2010,https://cdn.myanimelist.net/images/manga/1/143517l.jpg
1854,Box!,,ボックス！,Manga,143,,2010,https://cdn.myanimelist.net/images/manga/1/187208l.jpg
1857,"7-byougo no Sakata-san to, Ore.",Sound in the future after seven seconds,7秒後の酒多さんと、俺。,Light Novel,142,,2010,https://cdn.myanimelist.net/images/manga/3/163959l.jpg
1857,Fantasy,,ファンタジー,Manga,142,,2010,https://cdn.myanimelist.net/images/manga/3/78193l.jpg
1857,Give and Take,,ギブ・アンド・テイク,One-shot,142,,2010,https://cdn.myanimelist.net/images/manga/3/97443l.jpg
1857,Ikenai Switch,Slightly dangerous switch.,イケないスイッチ,Manga,142,,2010,https://cdn.myanimelist.net/images/manga/3/141589l.jpg
1857,Kiba & Kiba,,KIBA&KIBA,One-shot,142,,2010,https://cdn.myanimelist.net/images/manga/3/193469l.jpg
1857,Shimijimi,,しみじみ,Doujinshi,142,,2010,https://cdn.myanimelist.net/images/manga/2/326982l.jpg
1863,Gabriela Senki,A Record of Gabriela War,ガブリエラ戦記,Light Novel,141,,2010,https://cdn.myanimelist.net/images/manga/3/162041l.jpg
1863,Happy Christmas,,ハッピークリスマス,One-shot,141,,2010,https://cdn.myanimelist.net/images/manga/1/51277l.jpg
1863,Minna no Mimi-chan,,みんなのみなみちゃん,One-shot,141,,2010,https://cdn.myanimelist.net/images/manga/3/69297l.jpg
1863,Strike Witches: CHIi Sanya,,ストライクウィッチーズ 小ぃサーニャ,Manga,141,,2010,https://cdn.myanimelist.net/images/manga/3/159999l.jpg
1863,Swan: Moscow-hen,,SWAN −白鳥− [モスクワ編],Manga,141,,2010,https://cdn.myanimelist.net/images/manga/2/175474l.jpg
1863,Yamada no Orochi,,ヤマダのオロチ,Manga,141,,2010,https://cdn.myanimelist.net/images/manga/2/51925l.jpg
1869,Abunai Sisters,,アブないシスターズ,Light Novel,140,,2010,https://cdn.myanimelist.net/images/manga/1/165791l.jpg
1869,Amakunai no ga Kawaikute,I love you just the way you are.,甘くないのがかわいくて,Manga,140,,2010,https://cdn.myanimelist.net/images/manga/3/143097l.jpg
1869,Boku no Yome ni Naranai ka!,,僕のヨメにならないか!,Manga,140,,2010,https://cdn.myanimelist.net/images/manga/2/151014l.jpg
1869,Hamidoru!,,はみどる!,Manga,140,,2010,https://cdn.myanimelist.net/images/manga/2/36839l.jpg
1869,Hatsukoi ni Miserarete,,初恋に魅せられて,One-shot,140,,2010,https://cdn.myanimelist.net/images/manga/3/46309l.jpg
1869,Hon yori Sugoi Koto,,本よりすごいコト,One-shot,140,,2010,https://cdn.myanimelist.net/images/manga/1/45617l.jpg
1869,Itsumo 3-nin Issho de ne?,"Always the Three of Us, Okay?",いつも3人一緒でね?,Manga,140,,2010,https://cdn.myanimelist.net/images/manga/3/256246l.jpg
1869,My Wish x Your Wish,,MY WISH×YOUR WISH,One-shot,140,,2010,https://cdn.myanimelist.net/images/manga/2/48799l.jpg
1869,Toushu no Utsuwa,,当主の器,One-shot,140,,2010,https://cdn.myanimelist.net/images/manga/1/93339l.jpg
1869,Watashi no Shiranai Mesu no Kao,,私の知らない妻（メス）の貌,Light Novel,140,,2010,https://cdn.myanimelist.net/images/manga/1/173648l.jpg
1869,fortissimo//Ein Wichtiges Recollection,,fortissimo//Ein wichtiges recollection,Manga,140,,2010,https://cdn.myanimelist.net/images/manga/1/97255l.jpg
1880,Ai wo Meshi Agare,,愛をめしあがれ;愛をめーあがれ,Manga,139,,2010,https://cdn.myanimelist.net/images/manga/1/79741l.jpg
1880,"Amai Netsu wo, Mada Bokura wa Shiranai",,甘い熱を、まだ僕らは知らない,Manga,139,,2010,https://cdn.myanimelist.net/images/manga/2/142237l.jpg
1880,Douken. - Nanohana Koukou Douga Kenkyuubu -,Do-ken. ~Nanohana High School Animation Research Club~,動研。 〜菜ノ花高校動画研究部〜,Manga,139,,2010,https://cdn.myanimelist.net/images/manga/1/49263l.jpg
1880,Roshutsu de Yume Gokochi,,露出で夢ごこち,Manga,139,,2010,https://cdn.myanimelist.net/images/manga/2/117061l.jpg
1880,Uta☆One,,うた☆おね,One-shot,139,,2010,https://cdn.myanimelist.net/images/manga/1/51929l.jpg
1885,Blast,,BLAST,Doujinshi,138,,2010,https://cdn.myanimelist.net/images/manga/1/155925l.jpg
1885,F no Yuuwaku,,Fの誘惑,Manga,138,,2010,https://cdn.myanimelist.net/images/manga/1/108635l.jpg
1885,Kuchuzuma,,クチュ妻,Manga,138,,2010,https://cdn.myanimelist.net/images/manga/2/143559l.jpg
1885,Nicotine,,ニコちん,One-shot,138,,2010,https://cdn.myanimelist.net/images/manga/1/76039l.jpg
1885,Wake Up Deadman,,웨이크 업 데드맨,Manhwa,138,,2010,https://cdn.myanimelist.net/images/manga/1/331720l.jpg
1890,Babel Nisei: The Returner,,バビル2世 ザ・リターナー,Manga,137,,2010,https://cdn.myanimelist.net/images/manga/2/296692l.jpg
1890,Million Smiles,,ミリオンスマイルズ,One-shot,137,,2010,https://cdn.myanimelist.net/images/manga/2/92233l.jpg
1890,Seishin Bunseki Nyuumon Yumehandan,,精神分析入門・夢判断,Manga,137,,2010,https://cdn.myanimelist.net/images/manga/2/160705l.jpg
1890,Stalker,,스토커,Manhwa,137,,2010,https://cdn.myanimelist.net/images/manga/2/285576l.jpg
1890,Sweet♥Pepper,,スウィート♥ペッパー,Manga,137,,2010,https://cdn.myanimelist.net/images/manga/3/69403l.jpg
1895,Copihan: Saya to Sayu no Daisakusen,,こぴはん -沙弥と沙遊の大作戦-,Manga,136,,2010,https://cdn.myanimelist.net/images/manga/1/109043l.jpg
1895,Ijimete Hoshii no♥,,イジメてほしいの♥,Manga,136,,2010,https://cdn.myanimelist.net/images/manga/1/155723l.jpg
1895,Itoshi no Koishi no,,いとしのこいしの,Manga,136,,2010,https://cdn.myanimelist.net/images/manga/3/118385l.jpg
1895,Mi Diablo,,ミ・ディアブロ,Manga,136,,2010,https://cdn.myanimelist.net/images/manga/3/173192l.jpg
1895,Navy Nats!,,ネイビー☆NATS！,Manga,136,,2010,https://cdn.myanimelist.net/images/manga/2/67675l.jpg
1895,Otomegokoro ni Koigokoro,,乙女心に恋心,Manga,136,,2010,https://cdn.myanimelist.net/images/manga/3/160596l.jpg
1901,Fuyu no Banya / Nagamochi no Naka,,冬の番屋/長持の中,Manga,135,,2010,https://cdn.myanimelist.net/images/manga/1/189111l.jpg
1901,Himawari to Hitsujitachi!,Sunflower and Sheeps!,ひまわりと羊たち,Manga,135,,2010,https://cdn.myanimelist.net/images/manga/3/84491l.jpg
1901,Kagome no Mura,,籠女の邑,Manga,135,,2010,https://cdn.myanimelist.net/images/manga/2/191176l.jpg
1901,Shikkari Yawa-san,,しっかり やわさん♡,One-shot,135,,2010,https://cdn.myanimelist.net/images/manga/2/53987l.jpg
1901,Yoru wa Kimi-iro,,夜は君色,Manga,135,,2010,https://cdn.myanimelist.net/images/manga/3/64607l.jpg
1906,Hibi Rock,,日々ロック,Manga,134,,2010,https://cdn.myanimelist.net/images/manga/3/150560l.jpg
1906,Lolisen?,,ろりせん？,Manga,134,,2010,https://cdn.myanimelist.net/images/manga/1/41365l.jpg
1906,Lovely Talk,Lovely Talk,ラブリートーク,Manga,134,,2010,https://cdn.myanimelist.net/images/manga/2/34867l.jpg
1909,Buka-chu,,ぶかちゅ,Manga,133,,2010,https://cdn.myanimelist.net/images/manga/3/128695l.jpg
1909,Chika><Chika,,チカ><チカ,Manga,133,,2010,https://cdn.myanimelist.net/images/manga/2/179460l.jpg
1909,Heart Porno,,ハートポルノ,Manga,133,,2010,https://cdn.myanimelist.net/images/manga/4/36314l.jpg
1909,Karadajuu de Oshiete Ageru,,身体中で教えてあげる,Manga,133,,2010,https://cdn.myanimelist.net/images/manga/3/116693l.jpg
1909,Kimi ga Tame,,きみがためっ,One-shot,133,,2010,https://cdn.myanimelist.net/images/manga/3/125869l.jpg
1914,Gitai Saimin: Gitai-hen,,擬態催眠 擬態編,Light Novel,132,,2010,https://cdn.myanimelist.net/images/manga/1/168157l.jpg
1914,Kimi wa Otoko no Ko.,,君は男の娘。,Manga,132,,2010,https://cdn.myanimelist.net/images/manga/1/86821l.jpg
1914,Nekomimi×Kareshi,,ネコ耳×彼氏,Manga,132,,2010,https://cdn.myanimelist.net/images/manga/1/46893l.jpg
1914,Sexy Lingerie,,セクシー★ランジェリー,Doujinshi,132,,2010,https://cdn.myanimelist.net/images/manga/2/49531l.jpg
1914,Tsukenakute Ii yo♥,,つけなくていいよ♥,Manga,132,,2010,https://cdn.myanimelist.net/images/manga/2/156760l.jpg
1914,Wifes,,ワイフズ,Manga,132,,2010,https://cdn.myanimelist.net/images/manga/1/201297l.jpg
1914,Zelbesty,,ZELBESTY ゼルベスティ,Doujinshi,132,,2010,https://cdn.myanimelist.net/images/manga/2/98331l.jpg
1921,Maido! Urayasu Tekkin Kazoku,,毎度! 浦安鉄筋家族,Manga,131,,2010,https://cdn.myanimelist.net/images/manga/2/46049l.jpg
1921,"Ookami-san, Sorosoro Junbi wa Ii desu ka",,狼さん、そろそろ準備はいいですか,Manga,131,,2010,https://cdn.myanimelist.net/images/manga/2/170052l.jpg
1921,Sacred Feather,,Sacred Feather,Manga,131,,2010,https://cdn.myanimelist.net/images/manga/1/39135l.jpg
1921,Tsukushite♪Amaete♪,,つくして♪ あまえて♪,Manga,131,,2010,https://cdn.myanimelist.net/images/manga/1/91537l.jpg
1925,Aruiwa Genzai Shinkoukei no Kuro Rekishi,,あるいは現在進行形の黒歴史,Light Novel,130,,2010,https://cdn.myanimelist.net/images/manga/2/163487l.jpg
1925,Card Master,Card Master,カードマスター,Manga,130,,2010,https://cdn.myanimelist.net/images/manga/2/323890l.jpg
1925,Christmas Erect,,クリスマスエレクト,One-shot,130,,2010,https://cdn.myanimelist.net/images/manga/3/112245l.jpg
1925,Hanaretai Hanaretakunai,,離れたい離れたくない,Manga,130,,2010,https://cdn.myanimelist.net/images/manga/2/33855l.jpg
1925,Machi Gurumi no Wana: Hakudaku ni Mamireta Shitai - Houkago no Mesu Kyoushi,,町ぐるみの罠～白濁にまみれた肢体 放課後の牝教師,Light Novel,130,,2010,https://cdn.myanimelist.net/images/manga/2/173638l.jpg
1925,Ouji to Kojiki,,王子と乞食,Manga,130,,2010,https://cdn.myanimelist.net/images/manga/3/100613l.jpg
1925,Sekai ga Dou toka Icchau Otoko no Ko wa Denpa Kawaii.,,セカイがどうとか言っちゃう男の娘は電波かわいい。,Doujinshi,130,,2010,https://cdn.myanimelist.net/images/manga/1/132257l.jpg
1925,Shiori Ojousama tte Yonde,,栞お嬢様って呼んでっ,One-shot,130,,2010,https://cdn.myanimelist.net/images/manga/3/48789l.jpg
1925,"Unmei no Aite desu ga, Nani ka?",,運命の相手ですが、何か？,Manga,130,,2010,https://cdn.myanimelist.net/images/manga/3/34864l.jpg
1934,Ai ga Hoshii Ai ga Hoshii,"Love me, love me, please.",愛が欲しい愛が欲しい,Manga,129,,2010,https://cdn.myanimelist.net/images/manga/3/193801l.jpg
1934,"Dai Ni Ji Super Otoko no Ko Time, Hajimaru yo★",,第二次 スーパー男の娘タイム、はじまるよっ★,Manga,129,,2010,https://cdn.myanimelist.net/images/manga/3/86711l.jpg
1934,Mayo Elle Otokonoko,,迷elleオトコノ娘,Manga,129,,2010,https://cdn.myanimelist.net/images/manga/3/53077l.jpg
1934,Shining...,,눈부시도록...,Manhwa,129,,2010,https://cdn.myanimelist.net/images/manga/3/31055l.jpg
1938,Hatsukoi Kikenbi,,初恋危険日,Manga,128,,2010,https://cdn.myanimelist.net/images/manga/1/193030l.jpg
1938,Ko-Mon!,,KO-MON！,Manga,128,,2010,https://cdn.myanimelist.net/images/manga/3/176302l.jpg
1938,Mama Tomo,,ママとも,Doujinshi,128,,2010,https://cdn.myanimelist.net/images/manga/2/136991l.jpg
1938,Pure♥Bitch,,ぴゅあ♥びっち,Manga,128,,2010,https://cdn.myanimelist.net/images/manga/2/94085l.jpg
1942,9-banme no Musashi: Red Scramble,,9番目のムサシ レッドスクランブル,Manga,127,,2010,https://cdn.myanimelist.net/images/manga/2/147775l.jpg
1942,Abarenbou Maid wa Amaenbou,My maid is violence but cute.,暴れん坊メイドは甘えん坊,Light Novel,127,,2010,https://cdn.myanimelist.net/images/manga/1/165563l.jpg
1942,Baku Tech! Bakugan,,爆TECH! 爆丸,Manga,127,,2010,https://cdn.myanimelist.net/images/manga/2/259116l.jpg
1942,Gakuen Eden*,,学園eden*,Manga,127,,2010,https://cdn.myanimelist.net/images/manga/1/79589l.jpg
1942,Hapi Navi!,,はぴナビ!,Manga,127,,2010,https://cdn.myanimelist.net/images/manga/3/121297l.jpg
1942,Hatsukoi Enagic Lotion,,ハツコイエナジックローション,Manga,127,,2010,https://cdn.myanimelist.net/images/manga/1/190100l.jpg
1942,Maid to Order Tyria,,オーダーメイド ティリア,One-shot,127,,2010,https://cdn.myanimelist.net/images/manga/3/95807l.jpg
1942,Rin Backstage,,RIN backstage,Manga,127,,2010,https://cdn.myanimelist.net/images/manga/1/203760l.jpg
1942,Shishunki - Sore wa Amaku Itai Koto,,思春期 ～それはあまく痛いコト。～,Manga,127,,2010,https://cdn.myanimelist.net/images/manga/3/46403l.jpg
1951,Hanjuku Developer,Late Bloomers,半熟でぃべろっぱー,Manga,126,,2010,https://cdn.myanimelist.net/images/manga/1/122301l.jpg
1951,Inmitsu Hanii,,淫蜜ハニー,One-shot,126,,2010,https://cdn.myanimelist.net/images/manga/1/68665l.jpg
1951,Thousand to Aegis,,千の魔剣と盾の乙女 〈サウザンドとイージス〉,Light Novel,126,,2010,https://cdn.myanimelist.net/images/manga/1/161065l.jpg
1951,Try☆Booking,,とらい☆ぶっきんぐ,Manga,126,,2010,https://cdn.myanimelist.net/images/manga/2/103527l.jpg
1955,"Amai, Nigai",,あまい、にがい,Manga,125,,2010,https://cdn.myanimelist.net/images/manga/2/246303l.jpg
1955,Baiou Ryouran: Choushuu Bakumatsu Kyousoukyoku,,梅鴬撩乱－長州幕末狂騒曲－,Manga,125,,2010,https://cdn.myanimelist.net/images/manga/3/166317l.jpg
1955,Bloody Lily,,ブラッディ・リリイ,Manga,125,,2010,https://cdn.myanimelist.net/images/manga/3/149699l.jpg
1955,Hanaori Soushi,,花檻草子,Manga,125,,2010,https://cdn.myanimelist.net/images/manga/1/46115l.jpg
1955,Honey Holic,,はにーほりっく,Manga,125,,2010,https://cdn.myanimelist.net/images/manga/2/52057l.jpg
1955,Ki ni Kuwanai Yatsu ga Imasu,,気に食わないヤツがいます,Manga,125,,2010,https://cdn.myanimelist.net/images/manga/2/161832l.jpg
1955,Kurogane Girl,,黒鉄ガール,Manga,125,,2010,https://cdn.myanimelist.net/images/manga/2/41221l.jpg
1955,Sex Shitai,,セックスしたい,Doujinshi,125,,2010,https://cdn.myanimelist.net/images/manga/2/107135l.jpg
1955,Tonari no Onenenene-san,,隣のおねねねねーさん,One-shot,125,,2010,https://cdn.myanimelist.net/images/manga/1/49821l.jpg
1964,Boku to Kanojo to Senpai no Hanashi,"Her, his, and my story",僕と彼女と先輩の話,Manga,124,,2010,https://cdn.myanimelist.net/images/manga/2/61733l.jpg
1964,Choioma!,,ちょいおま！,Manga,124,,2010,https://cdn.myanimelist.net/images/manga/1/179401l.jpg
1964,Kemono wo Aisuru Hitozuma,,獣を愛する人妻,Manga,124,,2010,https://cdn.myanimelist.net/images/manga/3/93027l.jpg
1964,Mousoukei Danshi!,,妄想系男子!,Manga,124,,2010,https://cdn.myanimelist.net/images/manga/2/51685l.jpg
1964,Saimin Mesuinu Gakuin,,催眠メス犬学院,Manga,124,,2010,https://cdn.myanimelist.net/images/manga/3/69415l.jpg
1964,Sex Life,,セックスライフ～SEX LIFE～,Light Novel,124,,2010,https://cdn.myanimelist.net/images/manga/3/166238l.jpg
1970,Akuma de Moteru xxx,,あくまでモテる×××,Manga,123,,2010,https://cdn.myanimelist.net/images/manga/3/207500l.jpg
1970,New Ring♥Toiro,,乳輪♥十色,Manga,123,,2010,https://cdn.myanimelist.net/images/manga/1/145713l.jpg
1970,Otoriyose Ouji Iida Yoshimi,Internet Shopping Prince Yoshimi Îda,おとりよせ王子飯田好実,Manga,123,,2010,https://cdn.myanimelist.net/images/manga/2/167473l.jpg
1973,Ayakashi Kaitou,,あやかし怪盗,Manga,122,,2010,https://cdn.myanimelist.net/images/manga/3/44713l.jpg
1973,Broadway of the Dead Jombie: Doutei SOS,,ブロードウェイ・オブ・ザ・デッド 女ンビ―童貞SOS―,Manga,122,,2010,https://cdn.myanimelist.net/images/manga/1/191175l.jpg
1973,Conspicuously Obvious,,著しく明らか,One-shot,122,,2010,https://cdn.myanimelist.net/images/manga/3/44563l.jpg
1973,Hobaku Wana,,捕縛罠,One-shot,122,,2010,https://cdn.myanimelist.net/images/manga/1/69125l.jpg
1973,Kaizoku Hime: Captain Rose no Bouken,,海賊姫 ～キャプテン・ローズの冒険～,Manga,122,,2010,https://cdn.myanimelist.net/images/manga/2/62383l.jpg
1973,Kumichou to Issho,,組長といっしょ,Manga,122,,2010,https://cdn.myanimelist.net/images/manga/2/38144l.jpg
1973,Mousou Shounen Kansoku Shoujo,,妄想少年観測少女,Manga,122,,2010,https://cdn.myanimelist.net/images/manga/1/134811l.jpg
1973,Oyakoi,,オヤコイ,Doujinshi,122,,2010,https://cdn.myanimelist.net/images/manga/1/102069l.jpg
1981,"77 Sevens: And, two stars meet again",,"77〈セブンズ〉 ~And, two stars meet again~",Light Novel,121,,2010,https://cdn.myanimelist.net/images/manga/2/167692l.jpg
1981,Genius Loci: Igyou Kenchikuka Ashura Choukou,,ゲニウス・ロキ 異形建築家阿修羅帖控,Manga,121,,2010,https://cdn.myanimelist.net/images/manga/1/192998l.jpg
1981,Hagane no Renkinjutsushi: Akatsuki no Ouji/Tasogare no Shoujo,Fullmetal Alchemist: Prince of the Dawn/Daughter of the Dusk,鋼の錬金術師 FULLMETAL ALCHEMIST 暁の王子-黄昏の少女,Novel,121,,2010,https://cdn.myanimelist.net/images/manga/1/318818l.jpg
1981,"Ii yo, Oniichan Daisuki Damon.",,いいよ、お兄ちゃん大好きだもん。,Doujinshi,121,,2010,https://cdn.myanimelist.net/images/manga/2/161703l.jpg
1981,Nina to Usagi to Mahou no Sensha,Nina & The Rabbits,ニーナとうさぎと魔法の戦車,Light Novel,121,,2010,https://cdn.myanimelist.net/images/manga/2/171410l.jpg
1981,Tamako-san to Kashiwa-kun,,多摩湖さんと黄鶏〈かしわ〉くん,Light Novel,121,,2010,https://cdn.myanimelist.net/images/manga/3/164648l.jpg
1981,Tricolor High School,,トリコロ ハイスクール,Manga,121,,2010,https://cdn.myanimelist.net/images/manga/2/152618l.jpg
1981,You're Mine,,ゆあまいん,Manga,121,,2010,https://cdn.myanimelist.net/images/manga/3/224084l.jpg
1989,Along with the Gods,,신과함께,Manhwa,120,,2010,https://cdn.myanimelist.net/images/manga/2/229586l.jpg
1989,"Binbou Hime desu ga, Nani ka?",,貧乏姫ですが、何か？,Manga,120,,2010,https://cdn.myanimelist.net/images/manga/1/34486l.jpg
1989,Gal Japon,,ギャルジャポン,Manga,120,,2010,https://cdn.myanimelist.net/images/manga/2/149193l.jpg
1989,Girls Bijutsu,,ガールズ美術,Manga,120,,2010,https://cdn.myanimelist.net/images/manga/2/171703l.jpg
1989,Itsuka Sora kara,,いつか空から,Manga,120,,2010,https://cdn.myanimelist.net/images/manga/1/80011l.jpg
1989,Penguin Loves Mev,Penguin Loves Mev,Penguin loves Mev,Manhwa,120,,2010,https://cdn.myanimelist.net/images/manga/1/167686l.jpg
1989,Shounen no Kimochi,,少年の気持ち,One-shot,120,,2010,https://cdn.myanimelist.net/images/manga/2/46261l.jpg
1989,Wanko-In,Puppy Lust,わんこ淫,Manga,120,,2010,https://cdn.myanimelist.net/images/manga/2/125251l.jpg
1989,Yoru no Aida ni...,,夜の間に…,One-shot,120,,2010,https://cdn.myanimelist.net/images/manga/1/156567l.jpg
1998,Hatsunyuu,,はつにゅ～,Manga,119,,2010,https://cdn.myanimelist.net/images/manga/3/169440l.jpg
1998,Mou Ochiru Shikanai,,もう堕ちるしかない,Manga,119,,2010,https://cdn.myanimelist.net/images/manga/2/102645l.jpg
1998,Okaasan no Seiteki na Jugyou,,お母さんの性的な授業,One-shot,119,,2010,https://cdn.myanimelist.net/images/manga/2/179238l.jpg
2001,Ane Tomo Oppai Special,,姉友おっぱいすぺしゃる,Manga,118,,2010,https://cdn.myanimelist.net/images/manga/2/156727l.jpg
2001,Boku no Imouto-san!,,ぼくの妹さん！,Manga,118,,2010,https://cdn.myanimelist.net/images/manga/3/250430l.jpg
2001,Kadafuu Raiden,The Journey of Hua Tuo,華佗風来伝,Manga,118,,2010,https://cdn.myanimelist.net/images/manga/2/90357l.jpg
2001,Sore ga Doushita!,,それがどうしたっ,Light Novel,118,,2010,https://cdn.myanimelist.net/images/manga/3/196361l.jpg
2001,Yuurei nanka Mienai!,,ゆうれいなんか見えない！,Light Novel,118,,2010,https://cdn.myanimelist.net/images/manga/2/163477l.jpg
2006,Akazukin-chan ga Fushigi no Kuni ni Mayoikondayou desu,,赤ずきんちゃんが不思議の国に迷い込んだようです,Manga,117,,2010,https://cdn.myanimelist.net/images/manga/3/38919l.jpg
2006,Arianrhod Saga Replay Death March,,アリアンロッド・サガ・リプレイ・デスマーチ,Light Novel,117,,2010,https://cdn.myanimelist.net/images/manga/2/157080l.jpg
2006,Rinkan!! Joshi Kendo-bu,,輪姦！！女子剣道部,One-shot,117,,2010,https://cdn.myanimelist.net/images/manga/1/112531l.jpg
2006,Sajitari,,サジタリ,One-shot,117,,2010,https://cdn.myanimelist.net/images/manga/1/57335l.jpg
2006,Sayonara Dekiru kana,,さよならできるかな,Manga,117,,2010,https://cdn.myanimelist.net/images/manga/3/197950l.jpg
2011,Anata no Inu ni Naritai,,貴方の犬になりたい,Manga,116,,2010,https://cdn.myanimelist.net/images/manga/3/88257l.jpg
2011,"Ane-Death: Aneshi Kakugo no ""Otouto Shibori"" na Natsu ga Kuru!",,姉です。〈Death〉～姉死覚悟の「弟しぼり」な夏が来る！～,Light Novel,116,,2010,https://cdn.myanimelist.net/images/manga/1/144403l.jpg
2011,Dopure,Pure Girl's Experiences,どぴゅあ,Manga,116,,2010,https://cdn.myanimelist.net/images/manga/2/280980l.jpg
2011,Hatsukoi Shimasho♥,,処女恋〈はつこい〉しましょ♥,Manga,116,,2010,https://cdn.myanimelist.net/images/manga/3/161499l.jpg
2011,Nangoku Chu Bakka!,,南国ちゅーばっか!,Manga,116,,2010,https://cdn.myanimelist.net/images/manga/2/86271l.jpg
2011,Takatou-san Chi no Komatta Jijou: Sewayaki na Ani no Kawashikata,,高遠さん家の困った事情 ～世話やきな兄のかわしかた～,Manga,116,,2010,https://cdn.myanimelist.net/images/manga/3/303900l.jpg
2017,Ahegao Minaide! Sensei wa Cool Taimashi,,アヘ顔見ないで！ 先生はクールな退魔士,Light Novel,115,,2010,https://cdn.myanimelist.net/images/manga/2/167882l.jpg
2017,JK Seifukukan,,JKせいふく感,Manga,115,,2010,https://cdn.myanimelist.net/images/manga/2/150189l.jpg
2017,Onedari Acme,,おねだりアクメ,Manga,115,,2010,https://cdn.myanimelist.net/images/manga/1/106827l.jpg
2017,Shihou Hatake de Tsukamate,,司法畑でつかまえて,Manga,115,,2010,https://cdn.myanimelist.net/images/manga/2/36546l.jpg
2021,Macaron? Ganache,,macaron ? Ganache,Doujinshi,114,,2010,https://cdn.myanimelist.net/images/manga/2/153611l.jpg
2021,Manzai Gang,,漫才ギャング,Manga,114,,2010,https://cdn.myanimelist.net/images/manga/1/167396l.jpg
2021,Nyanko Kareshi,,ニャンコ彼氏,Manga,114,,2010,https://cdn.myanimelist.net/images/manga/1/59105l.jpg
2021,Sonomura-san to Shinjin Kyouiku,,園村さんと新人教育,One-shot,114,,2010,https://cdn.myanimelist.net/images/manga/2/93953l.jpg
2021,Tatoeba Konna Hibi,,たとえばこんな日常,One-shot,114,,2010,https://cdn.myanimelist.net/images/manga/1/150174l.jpg
2021,Yousei Gari,,ヨウセイ狩り,Manga,114,,2010,https://cdn.myanimelist.net/images/manga/2/112891l.jpg
2021,Yumekui Ouji no Yuuutsu,The Melancholy of a Prince always hungry,夢喰い王子の憂鬱,Manga,114,,2010,https://cdn.myanimelist.net/images/manga/2/143621l.jpg
2028,Azatsukai,,痣使い,Manga,113,,2010,https://cdn.myanimelist.net/images/manga/3/42940l.jpg
2028,Bijo to Injuu,Beauty & Dirty,美女と淫獣,Manga,113,,2010,https://cdn.myanimelist.net/images/manga/1/146063l.jpg
2028,Haruko-san no Niizuma Recipe,,ハルコさんの新妻レシピ,Manga,113,,2010,https://cdn.myanimelist.net/images/manga/3/131391l.jpg
2028,Kamikakushi Ryou Kitan,,神隠し寮奇譚,Manga,113,,2010,https://cdn.myanimelist.net/images/manga/2/59051l.jpg
2028,Kidou Senshi Gundam Unicorn Testament,Mobile Suit Gundam Unicorn Testament,機動戦士ガンダムUC テスタメント,Manga,113,,2010,https://cdn.myanimelist.net/images/manga/3/285335l.jpg
2028,Omoide Broken Girl,,思い出ブロークンガール,One-shot,113,,2010,https://cdn.myanimelist.net/images/manga/2/115847l.jpg
2028,Second Contact,,セカンドコンタクト,One-shot,113,,2010,https://cdn.myanimelist.net/images/manga/2/138863l.jpg
2028,Sya,,射~Sya~,Manga,113,,2010,https://cdn.myanimelist.net/images/manga/2/114655l.jpg
2028,The Way I Am,,the way I am,Manga,113,,2010,https://cdn.myanimelist.net/images/manga/3/73081l.jpg
2028,°C Rikei.,,℃りけい。,Manga,113,,2010,https://cdn.myanimelist.net/images/manga/2/132971l.jpg
2038,Princess to Mahou no Kiss,The Princess and the Frog,プリンセスと魔法のキス,Manga,112,,2010,https://cdn.myanimelist.net/images/manga/2/40281l.jpg
2038,"Spica: The twin STARS of ""Kimi no Kakera""",,スピカ -The twin STARS of ”きみのカケラ”-,Manga,112,,2010,https://cdn.myanimelist.net/images/manga/2/131605l.jpg
2040,Daimajin Kanon,,大魔神カノン,Manga,111,,2010,https://cdn.myanimelist.net/images/manga/2/117215l.jpg
2040,Himemiya-san no Naka no Hito,,姫宮さんの中の人,Manga,111,,2010,https://cdn.myanimelist.net/images/manga/3/37023l.jpg
2040,Junbishitsu de Tsukamaete♥,,準備室でつかまえて♥,One-shot,111,,2010,https://cdn.myanimelist.net/images/manga/1/94255l.jpg
2040,Neko-kyuu 9,,ねこ球９,Manga,111,,2010,https://cdn.myanimelist.net/images/manga/2/30741l.jpg
2040,Shion no Ketsuzoku,,シオンの血族,Light Novel,111,,2010,https://cdn.myanimelist.net/images/manga/3/127643l.jpg
2040,Uchuu Sensou,The War of the Worlds,宇宙戦争,Manga,111,,2010,https://cdn.myanimelist.net/images/manga/1/121199l.jpg
2046,Gakkou no Kaidan,,学校の階段,Manga,110,,2010,https://cdn.myanimelist.net/images/manga/2/117603l.jpg
2046,Kiss Shinakya Shinjau!?,,キスしなきゃ死んじゃう!?,Manga,110,,2010,https://cdn.myanimelist.net/images/manga/2/98123l.jpg
2046,Mikakunin Seibutsu,,未確認生物,Doujinshi,110,,2010,https://cdn.myanimelist.net/images/manga/2/190252l.jpg
2046,Renai Mangaka,,レンアイ漫画家,Manga,110,,2010,https://cdn.myanimelist.net/images/manga/1/181537l.jpg
2046,Totsuzen Kishi ni Natte Mufufu na Ore ga Iru,,突然騎士になってムフフな俺がいる,Light Novel,110,,2010,https://cdn.myanimelist.net/images/manga/2/163607l.jpg
2051,Anemone☆Royale,,あねもね☆ろわいやる,Light Novel,109,,2010,https://cdn.myanimelist.net/images/manga/3/116525l.jpg
2051,Bakamono no Subete,,馬鹿者のすべて,Manga,109,,2010,https://cdn.myanimelist.net/images/manga/3/178758l.jpg
2051,Kaikan Rensa,,快感恋鎖,Manga,109,,2010,https://cdn.myanimelist.net/images/manga/3/193327l.jpg
2051,Kataomoi Love Game,,片想いラブ・ゲーム,Manga,109,,2010,https://cdn.myanimelist.net/images/manga/1/247502l.jpg
2051,Ranobe-bu,,ラノベ部,Manga,109,,2010,https://cdn.myanimelist.net/images/manga/2/90209l.jpg
2051,Shisen no Saki ni,,視線の先に,Manga,109,,2010,https://cdn.myanimelist.net/images/manga/3/74283l.jpg
2051,Sukebe-Bon,,すけべ本,Manga,109,,2010,https://cdn.myanimelist.net/images/manga/3/70071l.jpg
2051,Summon☆Summon,,サモン☆サモン,Doujinshi,109,,2010,https://cdn.myanimelist.net/images/manga/2/129715l.jpg
2051,Teppan!,,てっぱん!,Manga,109,,2010,https://cdn.myanimelist.net/images/manga/3/35224l.jpg
2051,Torikago no Reijin,,鳥籠の麗人,Manga,109,,2010,https://cdn.myanimelist.net/images/manga/1/226403l.jpg
2051,Wan Pug!,,わんぱぐ!,Manga,109,,2010,https://cdn.myanimelist.net/images/manga/3/155038l.jpg
2062,Bukatsu no Koakuma,,ブカツの小悪魔♥,Manga,108,,2010,https://cdn.myanimelist.net/images/manga/1/38635l.jpg
2062,Kidou Senshi Gundam: Shin Zeon no Saikou,Mobile Suit Gundam: The Revival of Zeon,機動戦士ガンダム 新ジオンの再興,Manga,108,,2010,https://cdn.myanimelist.net/images/manga/3/299279l.jpg
2062,Kikaijikake no Ai,,機械仕掛けの愛,Manga,108,,2010,https://cdn.myanimelist.net/images/manga/2/168059l.jpg
2062,Maou to Odore! Hakuyoku no Hime,,魔王と踊れ！ - 白翼の姫,Light Novel,108,,2010,https://cdn.myanimelist.net/images/manga/2/132623l.jpg
2062,Nejimaki Shoukougun,,ねじまき症候群,One-shot,108,,2010,https://cdn.myanimelist.net/images/manga/3/207783l.jpg
2062,Samayoeru Shinzou,,さ迷える心臓 二宮ひかる作品集2,Manga,108,,2010,https://cdn.myanimelist.net/images/manga/1/149846l.jpg
2062,Shikatsushi: Joou no Houigaku,,屍活師 女王の法医学,Manga,108,,2010,https://cdn.myanimelist.net/images/manga/3/211384l.jpg
2062,Warui Koto,Something Evil,わるいこと,Manga,108,,2010,https://cdn.myanimelist.net/images/manga/2/86801l.jpg
2070,Chou no You ni Hana no You ni!,Like a Butterfly or a Flower,蝶のように花のように!,Manga,107,,2010,https://cdn.myanimelist.net/images/manga/1/152492l.jpg
2070,Hyakuoku no Majogatari,,百億の魔女語り,Light Novel,107,,2010,https://cdn.myanimelist.net/images/manga/3/139587l.jpg
2070,Otona no Omocha,Sex Toys,オトナのオモチャ,Manga,107,,2010,https://cdn.myanimelist.net/images/manga/1/122285l.jpg
2073,Dangerous Jiisan Ja,,でんぢゃらすじーさん邪,Manga,106,,2010,https://cdn.myanimelist.net/images/manga/3/190072l.jpg
2073,Dyukatan no Musume,,ヂュカタンの娘,One-shot,106,,2010,https://cdn.myanimelist.net/images/manga/2/161342l.jpg
2073,Honey Trap!,,はにーとらっぷ！,Manga,106,,2010,https://cdn.myanimelist.net/images/manga/2/97949l.jpg
2073,Iita-san Payload,,イイタさんペイロード,Manga,106,,2010,https://cdn.myanimelist.net/images/manga/3/180410l.jpg
2073,Kisses Are to Be Taught,,키스는 배운대로,Manhwa,106,,2010,https://cdn.myanimelist.net/images/manga/2/40937l.jpg
2073,Our Alliance - A Lasting Partnership,,わたしたちの同盟 — 永続的パートナーシップ,Manga,106,,2010,https://cdn.myanimelist.net/images/manga/2/34221l.jpg
2073,Tora Oniisan to Wanko-san,Tiger's Big Brother and Mr. Dog,トラ兄さんとワンコさん,Manga,106,,2010,https://cdn.myanimelist.net/images/manga/2/87481l.jpg
2073,Yankee Quest,,ヤンキークエスト,Manga,106,,2010,https://cdn.myanimelist.net/images/manga/3/128185l.jpg
2073,Zannen na Hakoniwa,,残念な箱庭,One-shot,106,,2010,https://cdn.myanimelist.net/images/manga/2/46501l.jpg
2082,Kirakira Soda Chocolate,,キラキラ・ソーダ・チョコレート,Manga,105,,2010,https://cdn.myanimelist.net/images/manga/3/134607l.jpg
2082,Mimi no Nagai Ane no Hou.,,耳の長い姉のほう。,Doujinshi,105,,2010,https://cdn.myanimelist.net/images/manga/2/199744l.jpg
2082,Sawatari-san wo Kouryakusuru Houhou,,沢渡さんを攻略する方法,Manga,105,,2010,https://cdn.myanimelist.net/images/manga/3/71581l.jpg
2082,"Sensei to, Ikenai Koto",,せんせいと、いけないこと,Doujinshi,105,,2010,https://cdn.myanimelist.net/images/manga/3/119273l.jpg
2082,Suki na Bakari ni,,好きなばかりに,One-shot,105,,2010,https://cdn.myanimelist.net/images/manga/1/68815l.jpg
2087,Career Gate,Career Gate,キャリア・ゲート,Manga,104,,2010,https://cdn.myanimelist.net/images/manga/4/62905l.jpg
2087,Hakudaku Fiancé,,白濁フィアンセ,Manga,104,,2010,https://cdn.myanimelist.net/images/manga/1/49619l.jpg
2087,Hentai Kizoku,,変態貴族,Manga,104,,2010,https://cdn.myanimelist.net/images/manga/2/88155l.jpg
2087,Ichiban Suki na Hito,,いちばん好きな人,Manga,104,,2010,https://cdn.myanimelist.net/images/manga/2/58879l.jpg
2087,Mama no Yokujou Boku no Shitakokoro,,ママの欲情 僕の下心,Manga,104,,2010,https://cdn.myanimelist.net/images/manga/3/109117l.jpg
2087,Shitsuji ni Kokkyou Nante,,執事に国境なんて,Manga,104,,2010,https://cdn.myanimelist.net/images/manga/1/43347l.jpg
2087,The Chat,,THE CHAT,Manga,104,,2010,https://cdn.myanimelist.net/images/manga/1/155693l.jpg
2087,Ubu-Love,,うぶらぶ,Manga,104,,2010,https://cdn.myanimelist.net/images/manga/3/59653l.jpg
2095,First Master,,ファーストマスター,Manga,103,,2010,https://cdn.myanimelist.net/images/manga/2/81830l.jpg
2095,Gitai Saimin: Saimin-hen,,擬態催眠 催眠編,Light Novel,103,,2010,https://cdn.myanimelist.net/images/manga/2/168159l.jpg
2095,Kisu Meguru Sekai,,キスメグルセカイ,Manga,103,,2010,https://cdn.myanimelist.net/images/manga/1/37511l.jpg
2095,Mahou Shoujo Miharu,,魔法少女みはる,One-shot,103,,2010,https://cdn.myanimelist.net/images/manga/2/93337l.jpg
2095,Nakayoshi Dan no Bouken,,なかよし団の冒険,Manga,103,,2010,https://cdn.myanimelist.net/images/manga/1/184710l.jpg
2095,Rose Meets Rose,,ROSE MEETS ROSE,Manga,103,,2010,https://cdn.myanimelist.net/images/manga/3/34645l.jpg
2101,Ane ga Iru Kiseki,,姉がいるキセキ,Manga,102,,2010,https://cdn.myanimelist.net/images/manga/1/193174l.jpg
2101,Bishoujo Shanikusai,,美少女謝肉祭,Manga,102,,2010,https://cdn.myanimelist.net/images/manga/2/193029l.jpg
2101,Hlöcclinie,,フレクライン,Manga,102,,2010,https://cdn.myanimelist.net/images/manga/1/147873l.jpg
2101,Humming Girl,,ハミングガール,Manga,102,,2010,https://cdn.myanimelist.net/images/manga/2/152293l.jpg
2101,Inen Gangu-hime Naburi,,淫宴玩具姫嬲り,Manga,102,,2010,https://cdn.myanimelist.net/images/manga/1/58335l.jpg
2101,Pussycat Life,,猫暮らし,One-shot,102,,2010,https://cdn.myanimelist.net/images/manga/2/68521l.jpg
2101,Watashi Shijou Shugi,,ワタシ至上主義,Manga,102,,2010,https://cdn.myanimelist.net/images/manga/3/123419l.jpg
2101,Zucca x Zuca,,ZUCCA×ZUCA,Manga,102,,2010,https://cdn.myanimelist.net/images/manga/3/163834l.jpg
2109,Boku no Maid wa Doukyuusei,My maid is a classmate.,ボクのメイドは同級生,Light Novel,101,,2010,https://cdn.myanimelist.net/images/manga/1/168853l.jpg
2109,Inu no Seikatsu,,犬の生活,Manga,101,,2010,https://cdn.myanimelist.net/images/manga/2/87825l.jpg
2109,Iro,,情人,Manga,101,,2010,https://cdn.myanimelist.net/images/manga/2/62247l.jpg
2109,Katecho!,,かてチョー！,Manga,101,,2010,https://cdn.myanimelist.net/images/manga/2/93353l.jpg
2109,Kincaid-ke no Yuigon Game,,キンケイド家の遺言ゲーム,Manga,101,,2010,https://cdn.myanimelist.net/images/manga/2/154221l.jpg
2109,Kouryaku no Item,,攻略のアイテム,One-shot,101,,2010,https://cdn.myanimelist.net/images/manga/1/116127l.jpg
2109,Love♥Staff,,ラブ♥スタ,Manga,101,,2010,https://cdn.myanimelist.net/images/manga/1/38192l.jpg
2109,Saudade,,サウダーデ,Manga,101,,2010,https://cdn.myanimelist.net/images/manga/3/169511l.jpg
2109,Seigi ga Iro ni Nomareta Hi,,正義が色慾に呑まれた日,Manga,101,,2010,https://cdn.myanimelist.net/images/manga/2/115813l.jpg
2109,Tanpopo no Matsuri,,たんぽぽのまつり,Manga,101,,2010,https://cdn.myanimelist.net/images/manga/1/50021l.jpg
2109,Vehicle &,,ヴィークルエンド,Light Novel,101,,2010,https://cdn.myanimelist.net/images/manga/3/164646l.jpg
2109,m7,,マイナーセブン,Manga,101,,2010,https://cdn.myanimelist.net/images/manga/1/71605l.jpg
2121,Aratame!,,あらためっ,One-shot,100,,2010,https://cdn.myanimelist.net/images/manga/2/92237l.jpg
2121,Barairo Guardian,,薔薇色ガーディアン,Manga,100,,2010,https://cdn.myanimelist.net/images/manga/3/51957l.jpg
2121,Birdy Body Go!!,,バーディバディGO!!,Manga,100,,2010,https://cdn.myanimelist.net/images/manga/1/254214l.jpg
2121,Dorei-san,,奴隷さん,Manga,100,,2010,https://cdn.myanimelist.net/images/manga/1/150239l.jpg
2121,Hasha no Gyokuhai,The Conqueror's Chalice,覇者の玉杯 落日の華,Manga,100,,2010,https://cdn.myanimelist.net/images/manga/2/81802l.jpg
2121,Hiroshi-kun no no Sainan?,,ヒロシ君の災難？,One-shot,100,,2010,https://cdn.myanimelist.net/images/manga/2/114451l.jpg
2121,"Ikusa Otome, Haiboku no Nare no Hate",,戦乙女、敗北の成れの果て,Manga,100,,2010,https://cdn.myanimelist.net/images/manga/2/123357l.jpg
2121,Koisuru Savanna,,恋するサバンナ,Manga,100,,2010,https://cdn.myanimelist.net/images/manga/1/39523l.jpg
2121,O.Shi.Go.To.,O.SHI.GO.TO.,O.SHI.GO.TO. オ.シ.ゴ.ト.,Manga,100,,2010,https://cdn.myanimelist.net/images/manga/1/64213l.jpg
2121,Shitsuji-sama no Yubisaki,,執事様のゆびさき,Manga,100,,2010,https://cdn.myanimelist.net/images/manga/3/31197l.jpg
2121,Shosei Katsuragi Shinjirou no Nichijou,,書生葛木信二郎の日常,Manga,100,,2010,https://cdn.myanimelist.net/images/manga/1/207845l.jpg
2121,Ububae,,うぶ生え,Manga,100,,2010,https://cdn.myanimelist.net/images/manga/3/115173l.jpg
2121,Yume Miru Ojousama to Bokura no Aijou,,夢見るお嬢様と僕らの愛情,Manga,100,,2010,https://cdn.myanimelist.net/images/manga/2/57365l.jpg
2134,Asuka: Mahjong Garouden,,アスカ ―麻雀餓狼伝―,Light Novel,99,,2010,https://cdn.myanimelist.net/images/manga/2/164234l.jpg
2134,Baku Ero! Hisho no Oshigoto,,爆エロ！ 秘書のお仕事,Manga,99,,2010,https://cdn.myanimelist.net/images/manga/1/93871l.jpg
2134,Dana's Garden,,단아의 정원,One-shot,99,,2010,https://cdn.myanimelist.net/images/manga/1/161537l.jpg
2134,Hanako@Lavatory,,ハナコ＠ラバトリー,Manga,99,,2010,https://cdn.myanimelist.net/images/manga/3/208031l.jpg
2134,Haou Densetsu Lion,,牌王伝説ライオン,Manga,99,,2010,https://cdn.myanimelist.net/images/manga/1/180082l.jpg
2134,Kuro no Straika,The Dark Strika,黒のストライカ,Light Novel,99,,2010,https://cdn.myanimelist.net/images/manga/3/163000l.jpg
2134,Ran☆Koi: Konyakusha wa 16-nin!?,,乱☆恋 婚約者は16人! ?,Light Novel,99,,2010,https://cdn.myanimelist.net/images/manga/3/162495l.jpg
2134,Shigatsu Tsuitachi,,4月1日,Manga,99,,2010,https://cdn.myanimelist.net/images/manga/2/34070l.jpg
2134,Shima no Omawari-san,,島のおまわりさん,Manga,99,,2010,https://cdn.myanimelist.net/images/manga/2/70105l.jpg
2143,Docchi ga Hoshii no?,,どっちが欲しいの?,Manga,98,,2010,https://cdn.myanimelist.net/images/manga/1/46349l.jpg
2143,Koiji Sen,Romance Line,恋路線～話しかけたかった～,Manga,98,,2010,https://cdn.myanimelist.net/images/manga/2/31817l.jpg
2143,Mimura to Katagiri,,三村と片桐,Manga,98,,2010,https://cdn.myanimelist.net/images/manga/1/84613l.jpg
2143,Yunhai zhi Shang,Up to the Sky,云海之上,Manhua,98,,2010,https://cdn.myanimelist.net/images/manga/3/228361l.jpg
2147,Behind Story,Behind Story,비하인드 스토리,Manhwa,97,,2010,https://cdn.myanimelist.net/images/manga/1/281848l.jpg
2147,Dr. no Fureru Yubisaki,Doctors touch me gently,Dr.の触れる指先,Manga,97,,2010,https://cdn.myanimelist.net/images/manga/1/52379l.jpg
2147,Furachi na Kagai Kugyou,,フラチな課外・授業,Manga,97,,2010,https://cdn.myanimelist.net/images/manga/4/31283l.jpg
2147,Mamahaha to Onna Kyoushi to Boku,,継母と女教師と僕,Light Novel,97,,2010,https://cdn.myanimelist.net/images/manga/1/169210l.jpg
2147,Miko ni Shite Ageru,,巫女にしてあげる,One-shot,97,,2010,https://cdn.myanimelist.net/images/manga/3/93153l.jpg
2147,Million no Spell,,ミリオンの○×△□,Manga,97,,2010,https://cdn.myanimelist.net/images/manga/1/341291l.jpg
2147,Seme Hame!,,せめハメっ!,Manga,97,,2010,https://cdn.myanimelist.net/images/manga/3/112309l.jpg
2147,Tsuzuki wa Jugyou no Ato de,,続きは授業の後で,Manga,97,,2010,https://cdn.myanimelist.net/images/manga/1/87577l.jpg
2155,Metamo☆Layer Lv. 0,,メタモ☆レイヤーLV.0,Manga,96,,2010,https://cdn.myanimelist.net/images/manga/2/77825l.jpg
2155,Nekojima 2-choume 22-banchi,,猫島2丁目22番地,Manga,96,,2010,https://cdn.myanimelist.net/images/manga/2/164926l.jpg
2155,Oneesan Kageki desu!,,お姉さん過激ですッ,Manga,96,,2010,https://cdn.myanimelist.net/images/manga/3/82148l.jpg
2155,Oose no Mama ni Ojousama!,"Yes, My Master!",仰せのままにお嬢さま！,Light Novel,96,,2010,https://cdn.myanimelist.net/images/manga/3/165543l.jpg
2155,Ore to Kanojo ga Maou to Yuusha de Seitokaichou,,俺と彼女が魔王と勇者で生徒会長,Light Novel,96,,2010,https://cdn.myanimelist.net/images/manga/1/122217l.jpg
2155,Reisen,,レイセン,Light Novel,96,,2010,https://cdn.myanimelist.net/images/manga/3/177293l.jpg
2155,Sarasara Sasara,,さらさらささら,Light Novel,96,,2010,https://cdn.myanimelist.net/images/manga/3/143575l.jpg
2162,Diamond Step,,ダイアモンド・ステップ,Manga,95,,2010,https://cdn.myanimelist.net/images/manga/1/74809l.jpg
2162,Hanamote Katare,Say it with flowers.,花もて語れ,Manga,95,,2010,https://cdn.myanimelist.net/images/manga/1/180304l.jpg
2162,Houkago Atelier Toiro,,放課後アトリエといろ,Manga,95,,2010,https://cdn.myanimelist.net/images/manga/2/64797l.jpg
2162,Komekami Hyouhyou,A Truthful Picture,こめかみひょうひょう,Manga,95,,2010,https://cdn.myanimelist.net/images/manga/3/83767l.jpg
2162,Maiden/Aid,,メイデン／エイド,Manga,95,,2010,https://cdn.myanimelist.net/images/manga/3/165143l.jpg
2162,Mero Mero ni Shite!!,,牝ロ牝ロにして！！,Manga,95,,2010,https://cdn.myanimelist.net/images/manga/2/51931l.jpg
2162,Mini Love,,みにらぶ,One-shot,95,,2010,https://cdn.myanimelist.net/images/manga/2/129553l.jpg
2162,Neko no Mail,,ネコのメール,One-shot,95,,2010,https://cdn.myanimelist.net/images/manga/1/265692l.jpg
2162,Shinpaisyou Kareshi,,心配性彼氏,One-shot,95,,2010,https://cdn.myanimelist.net/images/manga/1/49755l.jpg
2162,Sponge Musume Awawa-chan,,スポンジ娘あわわちゃん,Manga,95,,2010,https://cdn.myanimelist.net/images/manga/1/94021l.jpg
2162,Utsu Gohan,,鬱ごはん,Manga,95,,2010,https://cdn.myanimelist.net/images/manga/2/211007l.jpg
2173,Busshimen! The Image Maker,,ブッシメン！ THE IMAGE MAKER,Manga,94,,2010,https://cdn.myanimelist.net/images/manga/3/45300l.jpg
2173,Nakagawa Shouko Monogatari: Sorairo Days,,中川翔子物語~空色デイズ~,Manga,94,,2010,https://cdn.myanimelist.net/images/manga/2/134275l.jpg
2173,Tsuki ni Sakura no Sakisoite,Blooming Moon,月に桜の咲き添ひて,Manga,94,,2010,https://cdn.myanimelist.net/images/manga/1/170748l.jpg
2173,Usotsuki Ookami wa Nido Propose suru,,嘘つき狼は二度求婚〈プロポーズ〉する,Manga,94,,2010,https://cdn.myanimelist.net/images/manga/3/146443l.jpg
2177,Dame,,堕女,Manga,93,,2010,https://cdn.myanimelist.net/images/manga/3/265583l.jpg
2177,Fushi no Kyuuketsuki ga Do S no Goshujinsama wo Boshuu Shiteiru you desu,,不死の吸血姫がドSのご主人様を募集しているようです,Light Novel,93,,2010,https://cdn.myanimelist.net/images/manga/2/168641l.jpg
2177,Kirikiri,,キリキリ,Manga,93,,2010,https://cdn.myanimelist.net/images/manga/2/179003l.jpg
2177,Natsuki-chan☆Overdrive,,なつきちゃん☆オーヴァドライブ,One-shot,93,,2010,https://cdn.myanimelist.net/images/manga/3/169066l.jpg
2177,No Other Way,,No other Way,One-shot,93,,2010,https://cdn.myanimelist.net/images/manga/1/51233l.jpg
2177,Otona Hatsukoi,,オトナ初恋,Manga,93,,2010,https://cdn.myanimelist.net/images/manga/2/43375l.jpg
2177,Overtime Play,,残業プレイ,One-shot,93,,2010,https://cdn.myanimelist.net/images/manga/1/58355l.jpg
2177,SP - Keishichou Keigobu Keigoka Daiyon-gakari,,SP 警視庁警備部警護課第四係,Manga,93,,2010,https://cdn.myanimelist.net/images/manga/3/80835l.jpg
2185,Akai Hana,,緋い花,Manga,92,,2010,https://cdn.myanimelist.net/images/manga/2/171225l.jpg
2185,Chikyuu Renai,,地球恋愛,Manga,92,,2010,https://cdn.myanimelist.net/images/manga/1/200585l.jpg
2185,Cool-maso!,Cool Masochist,クーマゾ！,Light Novel,92,,2010,https://cdn.myanimelist.net/images/manga/3/165787l.jpg
2185,Gunparade March: Another Princess,,ガンパレード・マーチ アナザー・プリンセス,Manga,92,,2010,https://cdn.myanimelist.net/images/manga/1/161225l.jpg
2185,Mahou Senshi Clover Witches,,魔法戦士クローバーウィッチーズ,Manga,92,,2010,https://cdn.myanimelist.net/images/manga/1/150135l.jpg
2185,Motto Kimi no Aji wo Shiritai,,もっと君の味を知りたい,Manga,92,,2010,https://cdn.myanimelist.net/images/manga/3/43377l.jpg
2185,Sekai wa Moe de Dekiteiru!!,,世界は萌えでできている!!,Manga,92,,2010,https://cdn.myanimelist.net/images/manga/1/99825l.jpg
2192,Harem Dynast: Shin Ougon Ryuu wo Shitagaeta Oukoku,,ハーレムダイナスト 新・黄金竜を従えた王国,Light Novel,91,,2010,https://cdn.myanimelist.net/images/manga/2/165793l.jpg
2192,Home for Lost Children,,미아보호소 일상사,One-shot,91,,2010,https://cdn.myanimelist.net/images/manga/2/110745l.jpg
2192,Kimi ni Gyokusai.,,キミに玉砕。,Manga,91,,2010,https://cdn.myanimelist.net/images/manga/2/163340l.jpg
2192,"Kono Mama ja, Ane to Sex shite Shimau!? Are, Otouto yo, Ima Naka de Dasanakatta?",,このままじゃ、姉とSEXしてしまう!? －あれ、弟よ、いま中でださなかった？,Light Novel,91,,2010,https://cdn.myanimelist.net/images/manga/2/168211l.jpg
2192,Maou Gakkou ni Ore dake Yuusha!?,,魔王学校に俺だけ勇者!?,Light Novel,91,,2010,https://cdn.myanimelist.net/images/manga/1/163609l.jpg
2192,Mukuchi Shoujo no Chikan Higai,,無口少女の痴漢被害,Doujinshi,91,,2010,https://cdn.myanimelist.net/images/manga/1/189864l.jpg
2192,Rokudenashi to Ore,Troublesome Man and Me,ろくでなしと俺,Manga,91,,2010,https://cdn.myanimelist.net/images/manga/2/254346l.jpg
2192,Tokyo Monogatari,,東京物語,Manga,91,,2010,https://cdn.myanimelist.net/images/manga/2/221746l.jpg
2192,VS Otokonoko♥,,VS男の子♥,Manga,91,,2010,https://cdn.myanimelist.net/images/manga/3/116265l.jpg
2201,Harem Meister,,ハーレムマイスター,Light Novel,90,,2010,https://cdn.myanimelist.net/images/manga/3/168768l.jpg
2201,Ikenai Seitokaichou,,イケない生徒会長,Manga,90,,2010,https://cdn.myanimelist.net/images/manga/2/31281l.jpg
2201,Koi-iro Parallel,,恋色ぱられる,Manga,90,,2010,https://cdn.myanimelist.net/images/manga/2/52113l.jpg
2201,Toriko to Narite,,トリコトナリテ,Doujinshi,90,,2010,https://cdn.myanimelist.net/images/manga/2/271148l.jpg
2205,"Ane wa Soba ni Imashi, Yo wa Nabete Koto mo Nashi",,姉は傍にいまし、世はなべてこともなし,Manga,89,,2010,https://cdn.myanimelist.net/images/manga/1/73589l.jpg
2205,Awesome Fellows! Perfect,,Awesome Fellows! Perfect,Manga,89,,2010,https://cdn.myanimelist.net/images/manga/2/304536l.jpg
2205,Binkan Kanojo,Sensitive Girls,敏感・彼女,Manga,89,,2010,https://cdn.myanimelist.net/images/manga/2/184713l.jpg
2205,Chishoujo Rinkan Club,,痴少女輪姦クラブ,Manga,89,,2010,https://cdn.myanimelist.net/images/manga/3/193794l.jpg
2205,Hana x Hana,,花×華,Light Novel,89,,2010,https://cdn.myanimelist.net/images/manga/2/168023l.jpg
2205,Hiro Hitohira,,黒ひとひら,One-shot,89,,2010,https://cdn.myanimelist.net/images/manga/2/93263l.jpg
2205,Kimama na Dolly,,気ままなDOLLY,One-shot,89,,2010,https://cdn.myanimelist.net/images/manga/3/94145l.jpg
2205,Koiwazurai Freaks,Lovesickness Freaks,恋煩いフリークス,Manga,89,,2010,https://cdn.myanimelist.net/images/manga/2/149729l.jpg
2205,Mikodoki!,,みこドキッ!,Manga,89,,2010,https://cdn.myanimelist.net/images/manga/2/36779l.jpg
2205,Ukkari Mariko-san,,うっかりマリ子さん,Manga,89,,2010,https://cdn.myanimelist.net/images/manga/3/35423l.jpg
2205,World End Lights,,ワールドエンドライツ,Light Novel,89,,2010,https://cdn.myanimelist.net/images/manga/3/163712l.jpg
2205,Zettai Fukujuu Ojousama,,絶対服従お嬢様,Manga,89,,2010,https://cdn.myanimelist.net/images/manga/3/105111l.jpg
2217,Ai no Kakehashi,Ai no Kakehashi,愛のかけ橋,Manga,88,,2010,https://cdn.myanimelist.net/images/manga/3/46877l.jpg
2217,Boku no Mawari no Uchuujin,,僕のまわりの宇宙人,Manga,88,,2010,https://cdn.myanimelist.net/images/manga/1/112951l.jpg
2217,Coffee Milk Mythology,,커피우유신화,Manhwa,88,,2010,https://cdn.myanimelist.net/images/manga/3/181950l.jpg
2217,Nekutai to Kamakiri,Necktie and Praying Mantis,ネクタイとカマキリ,Manga,88,,2010,https://cdn.myanimelist.net/images/manga/2/46901l.jpg
2217,Pukkuri Kanojo wa Hatsujou Mode♥,,ぷっくり彼女は発情モード♥,Manga,88,,2010,https://cdn.myanimelist.net/images/manga/1/132327l.jpg
2217,Shinba Shounen to Nemuru Kyojin,,シンバ少年と眠る巨人,One-shot,88,,2010,https://cdn.myanimelist.net/images/manga/2/77153l.jpg
2217,Tsuitenai!,,ツイてない!,Light Novel,88,,2010,https://cdn.myanimelist.net/images/manga/2/162976l.jpg
2217,Twin Bird,,ツインバード,Manga,88,,2010,https://cdn.myanimelist.net/images/manga/3/95733l.jpg
2225,A Course,,Aコース,Manga,87,,2010,https://cdn.myanimelist.net/images/manga/2/171742l.jpg
2225,Daisuke!: Crown & Anchor,,Daisuke! Crown&Anchor,Manga,87,,2010,https://cdn.myanimelist.net/images/manga/3/157212l.jpg
2225,Idol wa Tsukkomareru no ga Suki!,,彼女（アイドル）はつっこまれるのが好き!,Light Novel,87,,2010,https://cdn.myanimelist.net/images/manga/2/146081l.jpg
2225,Minami no Shima no Love Hunter,,南の島のラブハンタ;南の島のラブハンター,Manga,87,,2010,https://cdn.myanimelist.net/images/manga/2/31279l.jpg
2225,Nama Omocha,,生オモチャ,Manga,87,,2010,https://cdn.myanimelist.net/images/manga/2/80187l.jpg
2225,Persona 3 Portable: 4-koma Kings,,ペルソナ3ポータブル4コマKINGS,Manga,87,,2010,https://cdn.myanimelist.net/images/manga/3/298554l.jpg
2225,Shittori Lady to Amai Mitsu,Sweet Honey of a Graceful Lady.,しっとりレディと甘い蜜,Manga,87,,2010,https://cdn.myanimelist.net/images/manga/1/231386l.jpg
2232,Chiisai Hito: Aoba Jidou Soudanjo Monogatari,,ちいさいひと 青葉児童相談所物語,Manga,86,,2010,https://cdn.myanimelist.net/images/manga/3/192992l.jpg
2232,Concierge Platinum,,コンシェルジュ プラチナム,Manga,86,,2010,https://cdn.myanimelist.net/images/manga/2/186830l.jpg
2232,Deban desu yo? Kondou-san!,,出番ですよ? 近藤さん!,Manga,86,,2010,https://cdn.myanimelist.net/images/manga/3/165684l.jpg
2232,Himitsu no Ohana-chan,,ひみつのお花ちゃん,Manga,86,,2010,https://cdn.myanimelist.net/images/manga/2/46677l.jpg
2232,Hitozuma no Toiki,,人妻の吐息,Manga,86,,2010,https://cdn.myanimelist.net/images/manga/2/176877l.jpg
2232,Kamakiri Jisen Kessakushuu,,カマキリ自選傑作集,Manga,86,,2010,https://cdn.myanimelist.net/images/manga/2/93697l.jpg
2232,Nagaruru Rururuko,,ながるるるるるこ,Manga,86,,2010,https://cdn.myanimelist.net/images/manga/3/70233l.jpg
2232,Neko Masshigura,,ねこ まっしぐら,One-shot,86,,2010,https://cdn.myanimelist.net/images/manga/3/92741l.jpg
2232,Ojisama to...... Love Love,,おじさまと……らぶらぶ,One-shot,86,,2010,https://cdn.myanimelist.net/images/manga/2/161023l.jpg
2232,Rival mo Raku ja nai,,ライバルも楽じゃない,Manga,86,,2010,https://cdn.myanimelist.net/images/manga/2/38918l.jpg
2232,Sayu x Lily,,サユ×リリ,Manga,86,,2010,https://cdn.myanimelist.net/images/manga/2/154737l.jpg
2232,Schema no Schema,A Schema in the Schema,スキマノスキマ,Manga,86,,2010,https://cdn.myanimelist.net/images/manga/2/152636l.jpg
2232,Toki Henro,Love Beyond Time,時遍路,Manga,86,,2010,https://cdn.myanimelist.net/images/manga/2/62743l.jpg
2245,Asoko no Project,,アソコのプロジェクト,Manga,85,,2010,https://cdn.myanimelist.net/images/manga/1/151406l.jpg
2245,Boku no Karada wa Two Out,,ぼくの体はツーアウト,Manga,85,,2010,https://cdn.myanimelist.net/images/manga/3/170656l.jpg
2245,Gakuen Kakumeiden Mitsurugi Nakayoshi,,学園革命伝ミツルギ なかよし,Manga,85,,2010,https://cdn.myanimelist.net/images/manga/1/222018l.jpg
2245,Hana naru Mono,Under the Cherry Blossoms,華なるもの,Manga,85,,2010,https://cdn.myanimelist.net/images/manga/2/255590l.jpg
2245,Monogatari wa Shi de Owaranai,,物語は死で終わらない,Manga,85,,2010,https://cdn.myanimelist.net/images/manga/1/62251l.jpg
2245,Tsuyahada Okami to Yuuwaku Onsen,,艶肌女将と誘惑温泉,Light Novel,85,,2010,https://cdn.myanimelist.net/images/manga/1/169194l.jpg
2251,Bijutsukei Danshi,,美術系男子,One-shot,84,,2010,https://cdn.myanimelist.net/images/manga/3/32353l.jpg
2251,Futa Ane: Bitter & Sweet,,FUTA・ANE～ふたあね～bitter＆sweet,Light Novel,84,,2010,https://cdn.myanimelist.net/images/manga/3/122849l.jpg
2251,Hime Gal♥Yoroshiku,,姫ギャル♥夜露死苦,Manga,84,,2010,https://cdn.myanimelist.net/images/manga/1/151942l.jpg
2251,Joshi Mote na Imouto to Junan na Ore,,女子モテな妹と受難な俺,Light Novel,84,,2010,https://cdn.myanimelist.net/images/manga/1/171310l.jpg
2251,Kana-san,,カナさん,Manga,84,,2010,https://cdn.myanimelist.net/images/manga/1/100911l.jpg
2251,"Koibito Ijou, Tomodachi Miman",,こいびと以上、ともだち未満,Light Novel,84,,2010,https://cdn.myanimelist.net/images/manga/3/114117l.jpg
2251,Makai Shoujo R'lyeh Lulu,,魔海少女ルルイエ・ルル,Light Novel,84,,2010,https://cdn.myanimelist.net/images/manga/1/168649l.jpg
2251,Milk Gakuen: Nyu~ Seitokai Paradise,,ミルク学園 にゅ～生徒会パラダイス,Light Novel,84,,2010,https://cdn.myanimelist.net/images/manga/3/165559l.jpg
2251,Sasayaka na Fukushuu,Married by Mistake!,ささやかな復讐,Manga,84,,2010,https://cdn.myanimelist.net/images/manga/3/292063l.jpg
2251,Shikkoku no Neue Seele,,漆黒のノイエゼーレ,Manga,84,,2010,https://cdn.myanimelist.net/images/manga/3/149009l.jpg
2251,Temptation: Saiin no Naraku,,Temptation -催淫の奈落-,Light Novel,84,,2010,https://cdn.myanimelist.net/images/manga/2/165994l.jpg
2251,Yuzu-nee to Boku,,ゆず姉と僕,One-shot,84,,2010,https://cdn.myanimelist.net/images/manga/2/241431l.jpg
2251,fortissimo//Wiederbelebung der Seele,,fortissimo//Wiederbelebung der Seele,Light Novel,84,,2010,https://cdn.myanimelist.net/images/manga/3/169812l.jpg
2264,Amatou Penguin,Sweets Penguin,甘党ペンギン,Manga,83,,2010,https://cdn.myanimelist.net/images/manga/1/155718l.jpg
2264,D-Drops,,D・ドロップス,Manga,83,,2010,https://cdn.myanimelist.net/images/manga/1/40524l.jpg
2264,Hidarite ga Yondeiru,,左手が呼んでいる,One-shot,83,,2010,https://cdn.myanimelist.net/images/manga/3/93621l.jpg
2264,Houkago Random Dungeon,,放課後ランダムダンジョン,Light Novel,83,,2010,https://cdn.myanimelist.net/images/manga/2/125599l.jpg
2264,Koi no Bori,,恋のぼり,One-shot,83,,2010,https://cdn.myanimelist.net/images/manga/3/93341l.jpg
2264,Neck-Tie,Neck-Tie,ネクタイ,Manga,83,,2010,https://cdn.myanimelist.net/images/manga/3/79619l.jpg
2264,Neko☆Koi! Nekogami-sama to Nekomimi no Tatari,,ねこ☆こい！～猫神さまとネコミミのたたり～,Light Novel,83,,2010,https://cdn.myanimelist.net/images/manga/2/174072l.jpg
2264,Onmitsu Shigoto Shinobu: Injoku Shokushu Kousoku Naburi Seme,,隠密仕事忍 ~淫辱触手拘束嬲り責め~,One-shot,83,,2010,https://cdn.myanimelist.net/images/manga/2/101747l.jpg
2264,Oracle☆Himiko-san,Oracle of Secret Shrine Maiden,おらくる☆ヒミコさん,Manga,83,,2010,https://cdn.myanimelist.net/images/manga/2/160576l.jpg
2264,Uwasa no Hokenshitsu,,ウワサの保健室,One-shot,83,,2010,https://cdn.myanimelist.net/images/manga/2/191071l.jpg
2264,Zenryaku. Neko to Tenshi to Doukyo Hajimemashita.,,前略。ねこと天使と同居はじめました。,Light Novel,83,,2010,https://cdn.myanimelist.net/images/manga/1/163582l.jpg
2275,Android HANA,,,Manga,82,,2010,https://cdn.myanimelist.net/images/manga/2/37045l.jpg
2275,Choujin Locke: Kaze no Houyou,,超人ロック 風の抱擁,Manga,82,,2010,https://cdn.myanimelist.net/images/manga/1/124919l.jpg
2275,Fujun Mosaic,,不純モザイク,Manga,82,,2010,https://cdn.myanimelist.net/images/manga/3/149125l.jpg
2275,Hashikko no Koi,,はしっこの恋,Manga,82,,2010,https://cdn.myanimelist.net/images/manga/5/262000l.jpg
2275,Kaminaru Hime no Innocence,,神なる姫のイノセンス,Light Novel,82,,2010,https://cdn.myanimelist.net/images/manga/2/163224l.jpg
2275,Machiisha Jumbo!!,,町医者ジャンボ!!,Manga,82,,2010,https://cdn.myanimelist.net/images/manga/1/151354l.jpg
2275,Manon Keikan Minaraichu,,マノン 警官見習い中,Manga,82,,2010,https://cdn.myanimelist.net/images/manga/1/80879l.jpg
2275,Mekuri Mekuru,,めくりめくる,Manga,82,,2010,https://cdn.myanimelist.net/images/manga/3/129927l.jpg
2275,Shinpai Kaitou No Face,,心配怪盗 NO FACE,One-shot,82,,2010,https://cdn.myanimelist.net/images/manga/2/170641l.jpg
2284,Aokan!: Ojousama to Osoto de Shimashou?,,あおかん！ お嬢様とお外でシましょ？,Light Novel,81,,2010,https://cdn.myanimelist.net/images/manga/2/167750l.jpg
2284,Double Heroine,,ダブルヒロイン,Manga,81,,2010,https://cdn.myanimelist.net/images/manga/2/171279l.jpg
2284,Girl's Kingdom,,ガールズキングダム,Manga,81,,2010,https://cdn.myanimelist.net/images/manga/1/38225l.jpg
2284,Isshoukenmei na Kimi ga Suki,,一生懸命なキミが好き,Doujinshi,81,,2010,https://cdn.myanimelist.net/images/manga/2/237516l.jpg
2284,Mahoutsukai no Musume ni Arazu,,魔法使いの娘ニ非ズ,Manga,81,,2010,https://cdn.myanimelist.net/images/manga/1/188572l.jpg
2284,Ofuro Douzo,,おふろどうぞ,Manga,81,,2010,https://cdn.myanimelist.net/images/manga/2/198697l.jpg
2284,Pure Koi,,ぴゅあこい,Manga,81,,2010,https://cdn.myanimelist.net/images/manga/1/160197l.jpg
2284,Uchuu Kaizoku Gakuen Black Cat,,宇宙海賊学園ブラックキャット,Light Novel,81,,2010,https://cdn.myanimelist.net/images/manga/3/168638l.jpg
2292,Gakuen Crisis!,,学園クライシス!,Manga,80,,2010,https://cdn.myanimelist.net/images/manga/1/87653l.jpg
2292,Grimoire: Ore no Nounai Kanojo Nikki,,グリモア―俺の脳内彼女日記―,Light Novel,80,,2010,https://cdn.myanimelist.net/images/manga/1/196359l.jpg
2292,Host Club Sengoku,,ホストクラブSENGOKU,Manga,80,,2010,https://cdn.myanimelist.net/images/manga/1/164101l.jpg
2292,Kimi-iro Real.,,君色リアル。,Manga,80,,2010,https://cdn.myanimelist.net/images/manga/2/154135l.jpg
2292,Koinetsu Lips,Love & Heat Lips,こいねつリップス,Manga,80,,2010,https://cdn.myanimelist.net/images/manga/3/201353l.jpg
2292,Koisuru Yajuu,,恋する野獣,Manga,80,,2010,https://cdn.myanimelist.net/images/manga/1/154941l.jpg
2292,Koutei no Hanayome,,皇帝の花嫁,Manga,80,,2010,https://cdn.myanimelist.net/images/manga/2/61949l.jpg
2292,Makai Oujo: Kinme no Farsia,,魔界王女 金眼のファルシア,Light Novel,80,,2010,https://cdn.myanimelist.net/images/manga/2/168597l.jpg
2292,N-Ship,,Nシップ,Manga,80,,2010,https://cdn.myanimelist.net/images/manga/2/150747l.jpg
2292,Sekuken!,,セク研！,Light Novel,80,,2010,https://cdn.myanimelist.net/images/manga/3/171765l.jpg
2292,Why Not?,,,Manhwa,80,,2010,https://cdn.myanimelist.net/images/manga/3/145083l.jpg
2303,Aka no 9-ban [Reijuu],,赤の9番【隷従】,Light Novel,79,,2010,https://cdn.myanimelist.net/images/manga/1/165042l.jpg
2303,Buddha no Kotoba: Sutta Nipata,The Word of Buddha,ブッダのことば スッタニパータ,Manga,79,,2010,https://cdn.myanimelist.net/images/manga/3/270785l.jpg
2303,Chigatari.,,ちがたり。,Light Novel,79,,2010,https://cdn.myanimelist.net/images/manga/3/162977l.jpg
2303,Erodere,,エロデレ,Light Novel,79,,2010,https://cdn.myanimelist.net/images/manga/1/165795l.jpg
2303,Hadaka no Ousama,,裸の王様,Light Novel,79,,2010,https://cdn.myanimelist.net/images/manga/3/166147l.jpg
2303,Harem Destiny,,ハーレムデスティニー,Light Novel,79,,2010,https://cdn.myanimelist.net/images/manga/3/165595l.jpg
2303,Maid na Oneesan wa Ikaga desu ka?,Would you like maid sisters?,メイドなお姉さんはいかがですか？,Light Novel,79,,2010,https://cdn.myanimelist.net/images/manga/1/165554l.jpg
2303,Rongo,,論語,Manga,79,,2010,https://cdn.myanimelist.net/images/manga/1/145127l.jpg
2303,San Baka,,さんばか,Doujinshi,79,,2010,https://cdn.myanimelist.net/images/manga/1/129789l.jpg
2303,Sheikh wa Kiken na Koibito,The Sheikh and a Desert Pearl,シークは危険な恋人,Manga,79,,2010,https://cdn.myanimelist.net/images/manga/2/73889l.jpg
2303,Snow Blossom,,スノーブロッサム,Manga,79,,2010,https://cdn.myanimelist.net/images/manga/2/41338l.jpg
2303,Sorairo Pandemic,,空色パンデミック,Light Novel,79,,2010,https://cdn.myanimelist.net/images/manga/1/123863l.jpg
2315,Ani ga Rival!,,兄がライバル!,Manga,78,,2010,https://cdn.myanimelist.net/images/manga/3/137787l.jpg
2315,Boku no Osananajimi ga Kyabajou na Wake ga Nai,,僕の幼なじみがキャバ嬢なわけがない,Light Novel,78,,2010,https://cdn.myanimelist.net/images/manga/3/165552l.jpg
2315,Chabashira Club,,茶柱倶楽部,Manga,78,,2010,https://cdn.myanimelist.net/images/manga/1/299683l.jpg
2315,Déra Cinéma,,デラシネマ,Manga,78,,2010,https://cdn.myanimelist.net/images/manga/3/168700l.jpg
2315,Fox Tail?,,ふぉっくすている？,Light Novel,78,,2010,https://cdn.myanimelist.net/images/manga/2/163177l.jpg
2315,Haruka Kanata no Nendaiki,,はるかかなたの年代記,Light Novel,78,,2010,https://cdn.myanimelist.net/images/manga/1/123633l.jpg
2315,Jokyoushi-tachi no Doutei Ijiri: Bijiri Chouhatsu no Amai Wana,,女教師たちの童貞いじり 美尻挑発の甘い罠,Light Novel,78,,2010,https://cdn.myanimelist.net/images/manga/3/169259l.jpg
2315,Kapoon.,,カポーん。,Manga,78,,2010,https://cdn.myanimelist.net/images/manga/1/97621l.jpg
2315,Kaze yori Hayaku,,風より疾く,Manga,78,,2010,https://cdn.myanimelist.net/images/manga/2/152073l.jpg
2315,Marriage Royale,,マリッジロワイヤル,Light Novel,78,,2010,https://cdn.myanimelist.net/images/manga/2/128577l.jpg
2315,Mukashibanashi no Dekiru made,,昔話のできるまで,Manga,78,,2010,https://cdn.myanimelist.net/images/manga/1/158866l.jpg
2315,Rising Hearts,,ライジングハーツ,Manga,78,,2010,https://cdn.myanimelist.net/images/manga/2/79725l.jpg
2315,Sen: Rasen no Jou,,千 螺旋の錠,Manga,78,,2010,https://cdn.myanimelist.net/images/manga/3/268285l.jpg
2315,Sorairo Pandemic,,空色パンデミック,Manga,78,,2010,https://cdn.myanimelist.net/images/manga/1/123865l.jpg
2315,Tasogare Sekai no Zettai Tousou,,黄昏世界の絶対逃走,Light Novel,78,,2010,https://cdn.myanimelist.net/images/manga/1/164698l.jpg
2315,Tegowai Onna no Shitsukekata,How To Tame A Difficult Woman,手ごわい女のしつけ方,Manga,78,,2010,https://cdn.myanimelist.net/images/manga/1/72627l.jpg
2331,AV Maker no S na Oneesan-tachi: Doutei Yuuwaku,,AVメーカーのSなお姉さんたち 童貞誘惑,Light Novel,77,,2010,https://cdn.myanimelist.net/images/manga/1/169273l.jpg
2331,Aisaka Suteki na Shoukougun,,藍坂素敵な症候群,Light Novel,77,,2010,https://cdn.myanimelist.net/images/manga/3/164245l.jpg
2331,Boukun wa Dokusenyoku,,暴君は独占欲,Manga,77,,2010,https://cdn.myanimelist.net/images/manga/1/42715l.jpg
2331,Cherisen!,,チェリせん！,Manga,77,,2010,https://cdn.myanimelist.net/images/manga/2/247995l.jpg
2331,Eleonora no Hohoemi,,エレオノーラの微笑み,One-shot,77,,2010,https://cdn.myanimelist.net/images/manga/2/41568l.jpg
2331,Hebi to Maria to Otsuki-sama,,蛇とマリアとお月様,Manga,77,,2010,https://cdn.myanimelist.net/images/manga/3/151291l.jpg
2331,Hoshikawa Yorozu Sanrei Soushi,,星河万山霊草紙,Manga,77,,2010,https://cdn.myanimelist.net/images/manga/2/180785l.jpg
2331,Ikemen Cafe ni Youkoso,,イケメンカフェにようこそ,Manga,77,,2010,https://cdn.myanimelist.net/images/manga/3/31319l.jpg
2331,Ojisan wa Wasure Mono no Naka.,,おじさんは忘れモノのなか。,Manga,77,,2010,https://cdn.myanimelist.net/images/manga/3/61725l.jpg
2331,Prism Rhythm,Welcome to the world with kindness!,PrismRhythm -プリズムリズム-,Light Novel,77,,2010,https://cdn.myanimelist.net/images/manga/1/166535l.jpg
2331,Sensei wa Do S,,先生はドS,Manga,77,,2010,https://cdn.myanimelist.net/images/manga/4/31282l.jpg
2331,Sheikh to Koi no Butai e,To The Stage Of Love With The Sheik,シークと恋の舞台へ,Manga,77,,2010,https://cdn.myanimelist.net/images/manga/3/72629l.jpg
2331,Speedy Wonder,,スピーディワンダー,Manga,77,,2010,https://cdn.myanimelist.net/images/manga/1/171733l.jpg
2331,Tekichuu! Seishun 100%,,的中!青春100%,Manga,77,,2010,https://cdn.myanimelist.net/images/manga/2/172901l.jpg
2331,Temptation 2,,Temptation 2,Light Novel,77,,2010,https://cdn.myanimelist.net/images/manga/1/165992l.jpg
2331,Trans♂♀,,虎んす♂♀,Doujinshi,77,,2010,https://cdn.myanimelist.net/images/manga/3/155791l.jpg
2347,Bakunetsu Tenshi X-Sun,Prominence Angel X-Sunshine,爆熱天使Xサン,Light Novel,76,,2010,https://cdn.myanimelist.net/images/manga/2/148529l.jpg
2347,Dekiru Imouto wa Iya desu ka?,,デキる妹はイヤですか？,Light Novel,76,,2010,https://cdn.myanimelist.net/images/manga/1/165594l.jpg
2347,Fukumimi☆Bi Brothers,,福耳☆美ブラザーズ,Manga,76,,2010,https://cdn.myanimelist.net/images/manga/2/262008l.jpg
2347,Mabara no Himekishi: Kutsujoku no Jutai,,魔孕の姫騎士 屈辱の受胎,Light Novel,76,,2010,https://cdn.myanimelist.net/images/manga/3/168601l.jpg
2347,Oniichan to Love Night,,お兄ちゃんとラブ・ナイト,Manga,76,,2010,https://cdn.myanimelist.net/images/manga/2/35516l.jpg
2347,Persona 3 Portable: 4-koma Gag Battle,,ペルソナ3 ポータブル 4コマギャグバトル,Manga,76,,2010,https://cdn.myanimelist.net/images/manga/2/314466l.jpg
2347,Reizouko Tantei,,冷蔵庫探偵,Manga,76,,2010,https://cdn.myanimelist.net/images/manga/3/179470l.jpg
2347,Shin Meikai Road Grass,,神明解ろーどぐらす,Light Novel,76,,2010,https://cdn.myanimelist.net/images/manga/3/163265l.jpg
2347,Strange Voice,,ストレンジボイス,Light Novel,76,,2010,https://cdn.myanimelist.net/images/manga/1/159507l.jpg
2347,Wagahai wa Neko de Aru,Soseki Natsume's I Am A Cat: The Manga Edition,吾輩は猫である,Manga,76,,2010,https://cdn.myanimelist.net/images/manga/2/284042l.jpg
2347,Yomeheim,,よめはいむ,Manga,76,,2010,https://cdn.myanimelist.net/images/manga/3/35651l.jpg
2358,Dokusou Tanpen Series: Nozaki Mado Gekijou,,独創短編シリーズ 野﨑まど劇場,Light Novel,75,,2010,https://cdn.myanimelist.net/images/manga/1/151352l.jpg
2358,Gothic Erotica,,Gothic Erotica,Light Novel,75,,2010,https://cdn.myanimelist.net/images/manga/2/181722l.jpg
2358,Imouto-tachi no Ecchi na Himitsu,,妹たちのエッチなひみつ,Manga,75,,2010,https://cdn.myanimelist.net/images/manga/1/193396l.jpg
2358,Nogi: Inshuu Hakoku Sentain,Nogi,ノギ 隠衆破国戦譚,Manga,75,,2010,https://cdn.myanimelist.net/images/manga/1/50371l.jpg
2358,Sandaime wa Ume Kukuri!,Umesato the Third!,三代目は梅くくり!,Manga,75,,2010,https://cdn.myanimelist.net/images/manga/2/151278l.jpg
2358,Saraba Tomo yo,,さらば友よ,Manga,75,,2010,https://cdn.myanimelist.net/images/manga/3/149558l.jpg
2358,Sei Joruju Onna Gakuen Ankoku Ryouri Kenkyuukai Taverna,TAVERNA Dark Cooking Club of St.George's Girls' School,聖ジョルジュ女学園暗黒料理研究会タベルナ,Manga,75,,2010,https://cdn.myanimelist.net/images/manga/2/80547l.jpg
2358,Shakkin Shimai 2: After Story,,借金姉妹2 AfterStory,Light Novel,75,,2010,https://cdn.myanimelist.net/images/manga/1/164755l.jpg
2358,Suki Sugiru kara Koi nanda,"I Love Love, Too",好きすぎるから恋なんだ,Manga,75,,2010,https://cdn.myanimelist.net/images/manga/1/79561l.jpg
2358,Tentoumushi wa Yume wo Miru,,十十虫は夢を見る,Manga,75,,2010,https://cdn.myanimelist.net/images/manga/1/236994l.jpg
2358,Yuusha no Kokoroe,,勇者ノ心得,Light Novel,75,,2010,https://cdn.myanimelist.net/images/manga/3/163914l.jpg
2369,Audition!,,王ディション！,Light Novel,74,,2010,https://cdn.myanimelist.net/images/manga/2/134871l.jpg
2369,Gikochinai kedo Ai Darou,,ぎこちないけど愛だろう,Manga,74,,2010,https://cdn.myanimelist.net/images/manga/5/84701l.jpg
2369,Houjou Rurika wa Tomaranai!,,宝城瑠璃華は止まらない！,Light Novel,74,,2010,https://cdn.myanimelist.net/images/manga/2/124397l.jpg
2369,Mahou to Pantsu to Ore,,魔法とパンツとオレ,Manga,74,,2010,https://cdn.myanimelist.net/images/manga/1/124829l.jpg
2369,Onna Kanbu Mel-sama no Sekai Seifuku Keikaku!,,女幹部メル様のセカイ征服計画!,Light Novel,74,,2010,https://cdn.myanimelist.net/images/manga/2/168640l.jpg
2369,Sengoku Anthology ~ Itoshi no Sengoku Bushou Boys,,戦国アンソロジー愛しの戦国武将BOYS,Manga,74,,2010,https://cdn.myanimelist.net/images/manga/3/36863l.jpg
2369,Tsuki Robot,,つきロボ,Manga,74,,2010,https://cdn.myanimelist.net/images/manga/2/167914l.jpg
2369,Voisin,,ボアザン,Manga,74,,2010,https://cdn.myanimelist.net/images/manga/1/198019l.jpg
2377,Ano Machi♥Komachi,,あの町♥小町,Manga,73,,2010,https://cdn.myanimelist.net/images/manga/3/191379l.jpg
2377,Biniku Ijiri: Rensa suru Nikuyoku,,媚肉弄り 連鎖する肉欲,Light Novel,73,,2010,https://cdn.myanimelist.net/images/manga/2/169170l.jpg
2377,Hanayome no Kaze,,花嫁の風,Manga,73,,2010,https://cdn.myanimelist.net/images/manga/1/110437l.jpg
2377,Kairaku Hakurankai,An exhibition of the pleasure,快楽博覧会,Manga,73,,2010,https://cdn.myanimelist.net/images/manga/2/150308l.jpg
2377,LSD,Long Slow Distance,LSD ～ろんぐすろーでぃすたんす～,Manga,73,,2010,https://cdn.myanimelist.net/images/manga/2/152489l.jpg
2377,Nanaka-san wa Genjitsu,,ななかさんは現実,Light Novel,73,,2010,https://cdn.myanimelist.net/images/manga/1/114141l.jpg
2377,Onna Kaitou Lunatic Maria: Chijoku no Showtime,Phantom Thief Lunatic Maria,女怪盗ルナティックマリア 恥辱のショウタイム,Light Novel,73,,2010,https://cdn.myanimelist.net/images/manga/2/168594l.jpg
2377,Persona 3 Portable: 4-koma Maximum Boy Character-hen,,ペルソナ３ポータブル４コママキシマム ボーイズキャラクター編,Manga,73,,2010,https://cdn.myanimelist.net/images/manga/3/301117l.jpg
2377,Seiwa Gakuen Bentou-bu!,Seiwa High School Bento Club!,星和学園弁当部っ!,Manga,73,,2010,https://cdn.myanimelist.net/images/manga/2/100625l.jpg
2386,(Kari) Maid Kissa Mandrill,Temporary Maid Café Mandrill,（仮）メイド喫茶マンドリル,Manga,72,,2010,https://cdn.myanimelist.net/images/manga/3/163789l.jpg
2386,Dekiai Honey Bunch,,溺愛ハニーバンチ,Manga,72,,2010,https://cdn.myanimelist.net/images/manga/4/66469l.jpg
2386,"Fuuki Iinchou Seira: Anata Nante Daikirai, Shineba Ii no ni",,風紀委員長 聖薇（せいら）～あなたなんて大嫌い、死ねばいいのに～,Light Novel,72,,2010,https://cdn.myanimelist.net/images/manga/3/130341l.jpg
2386,Houkago no Mitsuhada Kyoushitsu: Hitozuma Onna Kyoushi to Yuutousei,,放課後の蜜肌教室 人妻女教師と優等生,Light Novel,72,,2010,https://cdn.myanimelist.net/images/manga/1/169230l.jpg
2386,Issho ni Kurasu Tame no Yakusoku wo Itsuka,,一緒に暮らすための約束をいくつか,Manga,72,,2010,https://cdn.myanimelist.net/images/manga/3/92623l.jpg
2386,Jarman Complex,German Complex,ジャーマン・コンプレックス,Manga,72,,2010,https://cdn.myanimelist.net/images/manga/1/36072l.jpg
2386,Lammermoor no Shounen Kiheitai,,ランメルモールの少年騎兵隊,Manga,72,,2010,https://cdn.myanimelist.net/images/manga/1/200748l.jpg
2386,My Young Master,,,Manhwa,72,,2010,https://cdn.myanimelist.net/images/manga/3/29505l.jpg
2386,Strange Strange,,Strange Strange,Light Novel,72,,2010,https://cdn.myanimelist.net/images/manga/3/176026l.jpg
2395,Bat x Dragon,,BAT×DRAGON,Manga,71,,2010,https://cdn.myanimelist.net/images/manga/3/164415l.jpg
2395,Extra Girl,,エキストラ・ガール,Manga,71,,2010,https://cdn.myanimelist.net/images/manga/2/174623l.jpg
2395,Harem wa Iya!!,,ハーレムはイヤッ!!,Light Novel,71,,2010,https://cdn.myanimelist.net/images/manga/1/128309l.jpg
2395,"Hello, Genius",,ハロー、ジーニアス,Light Novel,71,,2010,https://cdn.myanimelist.net/images/manga/2/159212l.jpg
2395,Hibichika Time,,ひびちかタイム,Manga,71,,2010,https://cdn.myanimelist.net/images/manga/2/315088l.jpg
2395,Love x Ota,,ラブ・オタ,Manga,71,,2010,https://cdn.myanimelist.net/images/manga/3/31207l.jpg
2395,LoveφSummit,,ラブφサミット,Manga,71,,2010,https://cdn.myanimelist.net/images/manga/2/149312l.jpg
2395,Persona 3 Portable: 4-koma Maximum Girl Character-hen,,ペルソナ3ポータブル4コマMAXIMUM ガールズキャラクター編,Manga,71,,2010,https://cdn.myanimelist.net/images/manga/3/301121l.jpg
2395,Rockwell + Gangster,,ロックウェル＋ギャングスター,Manga,71,,2010,https://cdn.myanimelist.net/images/manga/3/186582l.jpg
2395,Seigi no Mikata: Ichigo Moyou wa Seigi no Shirushi,,セイギのミカタいちご模様は正義の印,Light Novel,71,,2010,https://cdn.myanimelist.net/images/manga/1/161828l.jpg
2395,Sister Scheme 2,,しすたー・すきーむ2,Light Novel,71,,2010,https://cdn.myanimelist.net/images/manga/1/174413l.jpg
2395,Tsuda Bakery de Chuushoku wo,Lunch at Tsuda Bakery's,津田ベーカリーで昼食を,Manga,71,,2010,https://cdn.myanimelist.net/images/manga/3/144275l.jpg
2395,Welcome,,어서와,Manhwa,71,,2010,https://cdn.myanimelist.net/images/manga/2/263627l.jpg
2408,Dragon Blood,,ドラゴンブラッド,Light Novel,70,,2010,https://cdn.myanimelist.net/images/manga/3/162973l.jpg
2408,Famiplex,Family-Play or Complex?,ふぁみぷれっくす,Light Novel,70,,2010,https://cdn.myanimelist.net/images/manga/3/122155l.jpg
2408,Hozumi-kun no Do S na Darling,,穂実くんのドSなダーリン,Manga,70,,2010,https://cdn.myanimelist.net/images/manga/3/64185l.jpg
2408,Kaichou no Joker,,会長の切り札,Manga,70,,2010,https://cdn.myanimelist.net/images/manga/1/82376l.jpg
2408,Lan Li Zhen,Blue Carp Town,蓝鲤镇,Manhua,70,,2010,https://cdn.myanimelist.net/images/manga/1/263571l.jpg
2408,Last Escort: Club Katze,,ラストエスコート -クラブカッツェ-,Manga,70,,2010,https://cdn.myanimelist.net/images/manga/3/36580l.jpg
2408,My Hime: Nagomi,,My姫 なごみ,Light Novel,70,,2010,https://cdn.myanimelist.net/images/manga/1/166961l.jpg
2408,Risou no Hito,,理想のひと,Manga,70,,2010,https://cdn.myanimelist.net/images/manga/3/40460l.jpg
2408,Ryuu to Aitsu to Kawaige no Nai Watashi,,竜と勇者と可愛げのない私,Light Novel,70,,2010,https://cdn.myanimelist.net/images/manga/3/164483l.jpg
2408,Yuuzora no Sai,,夕空の彩,One-shot,70,,2010,https://cdn.myanimelist.net/images/manga/1/180907l.jpg
2418,Bakumatsu Mahoushi,,幕末魔法士,Light Novel,69,,2010,https://cdn.myanimelist.net/images/manga/1/164410l.jpg
2418,Cheer Danshi!!,,チア男子!!,Novel,69,,2010,https://cdn.myanimelist.net/images/manga/3/258127l.jpg
2418,Chizuka-san ni Tsutaete,,千束さんに伝えて,Manga,69,,2010,https://cdn.myanimelist.net/images/manga/2/226091l.jpg
2418,Dibetagurashi,It is living happily on ground everyday.,ぢべたぐらし,Manga,69,,2010,https://cdn.myanimelist.net/images/manga/4/174576l.jpg
2418,Harem Genesis,,ハーレムジェネシス,Light Novel,69,,2010,https://cdn.myanimelist.net/images/manga/3/165599l.jpg
2418,Houkago Kozukuri Club,,放課後子づくりクラブ,Light Novel,69,,2010,https://cdn.myanimelist.net/images/manga/2/167904l.jpg
2418,Icha Love Seitokaichou,Icha-Love the president of the student council,イチャらぶ生徒会長,Light Novel,69,,2010,https://cdn.myanimelist.net/images/manga/1/165550l.jpg
2418,Jukujo Kyoushi to no Saikai: Bijiri ni Sosorarete,,熟女教師との再会 美臀にそそられて,Light Novel,69,,2010,https://cdn.myanimelist.net/images/manga/1/169187l.jpg
2418,Kotodama Koro koro,,ことだまころころ,One-shot,69,,2010,https://cdn.myanimelist.net/images/manga/2/276330l.jpg
2418,"Manbiki, Dame. Zettai!! Seiso na Manbiki Joshi Class Zenin 2 Hon Sashi! Double ω Keikaku",,万引き、ダメ。絶対!! ～清楚な万引き女子・クラス全員2本挿し！ダブルω計画～,Light Novel,69,,2010,https://cdn.myanimelist.net/images/manga/1/132047l.jpg
2418,Mizu no Mori,,水の森,Manga,69,,2010,https://cdn.myanimelist.net/images/manga/2/202970l.jpg
2418,Mysteries: Detective Marple,,Mysteries ～華麗偵探團～,Manhua,69,,2010,https://cdn.myanimelist.net/images/manga/1/136371l.jpg
2418,Otome no Sono wo Hitorijime!,,乙女の園を独り占め！,Light Novel,69,,2010,https://cdn.myanimelist.net/images/manga/1/178901l.jpg
2418,Pandora Restaurant!,Pandora Restaurant!,パンドラレストラン!,Manga,69,,2010,https://cdn.myanimelist.net/images/manga/2/173028l.jpg
2418,Räikkönen no Nettaigyo,,ライコネンの熱帯魚,Manga,69,,2010,https://cdn.myanimelist.net/images/manga/3/115047l.jpg
2418,Wrestle Revenger: Chijoku no Tag Match,,レッスルリベンジャー 恥辱のタッグマッチ,Light Novel,69,,2010,https://cdn.myanimelist.net/images/manga/1/168602l.jpg
2434,Angel Strikers,,エンジェルストライカーズ,Light Novel,68,,2010,https://cdn.myanimelist.net/images/manga/1/168961l.jpg
2434,Antichrist,,アンチクリスト,Manga,68,,2010,https://cdn.myanimelist.net/images/manga/3/284491l.jpg
2434,Castle Prisoner Mesushoukou Reizoku Choukyou,,キャッスルプリズナー 雌将校隷属調教,Light Novel,68,,2010,https://cdn.myanimelist.net/images/manga/1/103583l.jpg
2434,Hana*Pare!: Hanasaku Shoutengai On Parade,,はな＊ぱれっ! 花咲商店街オンパレード,Manga,68,,2010,https://cdn.myanimelist.net/images/manga/3/165124l.jpg
2434,Harem Mistress,,ハーレムミストレス,Light Novel,68,,2010,https://cdn.myanimelist.net/images/manga/2/165792l.jpg
2434,Imouto wa Imbalance,,妹はアンバランス,Light Novel,68,,2010,https://cdn.myanimelist.net/images/manga/2/166958l.jpg
2434,Nanao Chi-toitsu,,ナナヲチートイツ,Manga,68,,2010,https://cdn.myanimelist.net/images/manga/1/157126l.jpg
2434,Nude wa Koi wo Matou,,ヌードは恋を纏う,Manga,68,,2010,https://cdn.myanimelist.net/images/manga/2/31278l.jpg
2434,Rinkanjima,,林間島,Light Novel,68,,2010,https://cdn.myanimelist.net/images/manga/2/172929l.jpg
2434,Saigo wa? Straight!!,The Last-Pitch Fastball,最後は？ストレート!!,Manga,68,,2010,https://cdn.myanimelist.net/images/manga/1/203711l.jpg
2434,Sanshimai to Choukyou Taiketsu! Kattara Otouto ni Shite Ageru,,三姉妹と調教対決！ 勝ったら弟にしてあげる,Light Novel,68,,2010,https://cdn.myanimelist.net/images/manga/2/187784l.jpg
2434,"Sekai ni Otoko wa Jibun dake, Zensekai no Josei wo Ninshin Sasete Jinrui wo Sukue! Semen Caravan Nintei Soft",,世界に男は自分だけ、全世界の女性を妊娠させて人類を救え！ ～ザーメンキャラバン認定ソフト～,Light Novel,68,,2010,https://cdn.myanimelist.net/images/manga/1/172922l.jpg
2434,Shitsuren Nikki,,失恋日記,Manga,68,,2010,https://cdn.myanimelist.net/images/manga/1/144107l.jpg
2434,Shoujo Koudan Apartment,,少女公団アパートメント,Manga,68,,2010,https://cdn.myanimelist.net/images/manga/2/115497l.jpg
2434,Yuki no Yousei,,雪の妖精,One-shot,68,,2010,https://cdn.myanimelist.net/img/sp/icon/apple-touch-icon-256.png
2449,Kami to Dorei no Syntax,,神と奴隷の誕生構文〈シンタックス〉,Light Novel,67,,2010,https://cdn.myanimelist.net/images/manga/1/164571l.jpg
2449,Maneuver! ride AT,,まにゅーば！ride AT,Manga,67,,2010,https://cdn.myanimelist.net/images/manga/2/130355l.jpg
2449,Shachou wa Erotic,,社長はエロシック,Manga,67,,2010,https://cdn.myanimelist.net/images/manga/2/87141l.jpg
2449,Shakaiteki ni wa Shindemo Kimi wo!,,社会的には死んでも君を！,Light Novel,67,,2010,https://cdn.myanimelist.net/images/manga/1/163242l.jpg
2449,The Great Merchant Kim Manduk,,거상 김만덕,Manhwa,67,,2010,https://cdn.myanimelist.net/images/manga/2/297879l.jpg
2449,Tokyo Mono Hara Shi: Karasu no Mori Gakuen Kitan: Hagi no Shigure,,東京鬼祓師 鴉乃杜學園奇譚‐萩の時雨‐,Manga,67,,2010,https://cdn.myanimelist.net/images/manga/2/126225l.jpg
2449,Tsuno Ari!,,ツノありっ！,Light Novel,67,,2010,https://cdn.myanimelist.net/images/manga/1/162998l.jpg
2449,Wakaokusama-tachi no Midarana Okaimono: Yawajiri Eigyou Nisshi,,若奥様たちの淫らなお買い物 柔尻営業日誌,Light Novel,67,,2010,https://cdn.myanimelist.net/images/manga/1/169183l.jpg
2449,Watashi no Maid wa Otoko no Ko!,,お嬢様〈わたし〉のメイドは男の娘〈こ〉!,Light Novel,67,,2010,https://cdn.myanimelist.net/images/manga/2/189485l.jpg
2458,Akitsu Kaede wa Ataranai!,,秋津楓はアたらない!,Light Novel,66,,2010,https://cdn.myanimelist.net/images/manga/3/145497l.jpg
2458,Bara to Ookamihime: Versailles Romance,,薔薇と狼姫 ヴェルサイユ・ロマンス,Light Novel,66,,2010,https://cdn.myanimelist.net/images/manga/2/181778l.jpg
2458,Boku no Uta,,ぼくのうた,Light Novel,66,,2010,https://cdn.myanimelist.net/images/manga/3/109631l.jpg
2458,Cheer Boy Hatsubutai,,チアボーイ初舞台,Doujinshi,66,,2010,https://cdn.myanimelist.net/images/manga/3/129537l.jpg
2458,Edo no Kenshikan,,江戸の検屍官,Manga,66,,2010,https://cdn.myanimelist.net/images/manga/3/225090l.jpg
2458,Eros Kourin!,,エロス降臨！,Light Novel,66,,2010,https://cdn.myanimelist.net/images/manga/2/163580l.jpg
2458,Futari no Mama: Hounyuu Gibo to Wakajiri Oba,,ふたりのママ 豊乳義母と若尻叔母,Light Novel,66,,2010,https://cdn.myanimelist.net/images/manga/3/169186l.jpg
2458,Hajimete no Ninshin,First Pregnancy,はじめての妊娠,Manga,66,,2010,https://cdn.myanimelist.net/images/manga/3/282065l.jpg
2458,Hanakuu Otome,,花食う乙女,Manga,66,,2010,https://cdn.myanimelist.net/images/manga/1/113447l.jpg
2458,Harem Royal Guard,,ハーレムロイヤルガード,Light Novel,66,,2010,https://cdn.myanimelist.net/images/manga/2/165560l.jpg
2458,Hayou no Tsurugi,,破妖の剣,Manga,66,,2010,https://cdn.myanimelist.net/images/manga/1/128409l.jpg
2458,Injoku Shinryou Club,,淫辱心療クラブ,Light Novel,66,,2010,https://cdn.myanimelist.net/images/manga/2/166728l.jpg
2458,KOBAN,,コーバン,Manga,66,,2010,https://cdn.myanimelist.net/images/manga/3/122779l.jpg
2458,Love-teki,Maybe This is Love,LOVE的,Manga,66,,2010,https://cdn.myanimelist.net/images/manga/1/172804l.jpg
2458,Manga Grimm Douwa: Kama Sutra - Aiyoku no Kyoukasho,"Kamasutra, Sex Sutra of Ancient India",まんがグリム童話 カーマ・スートラ~愛欲の教科書~,Manga,66,,2010,https://cdn.myanimelist.net/images/manga/3/140315l.jpg
2458,Miko Ama Sister,,巫女あまシスター,Light Novel,66,,2010,https://cdn.myanimelist.net/images/manga/2/165596l.jpg
2458,One + One,,one+one,One-shot,66,,2010,https://cdn.myanimelist.net/images/manga/2/164775l.jpg
2458,Oshiri Ai: Shinsatsuchuu,,おしり愛―診察中―,Manga,66,,2010,https://cdn.myanimelist.net/images/manga/1/261739l.jpg
2458,Pink Living,Pink Living,PINKリビング,Manga,66,,2010,https://cdn.myanimelist.net/images/manga/3/136271l.jpg
2458,Re:Ore no Ketai Nante Kawaikunai!,,Re：俺のケータイなんてかわいくない！,Light Novel,66,,2010,https://cdn.myanimelist.net/images/manga/1/163980l.jpg
2458,Tokubetsu na Kimi ni Ai no Te wo!,,特別な恋人に愛の手を!,Doujinshi,66,,2010,https://cdn.myanimelist.net/images/manga/3/237519l.jpg
2458,Usakame Combo!,,うさかめコンボ!,Manga,66,,2010,https://cdn.myanimelist.net/images/manga/1/170635l.jpg
2480,Akuma-teki Shoujo,,悪魔的少女,One-shot,65,,2010,https://cdn.myanimelist.net/images/manga/3/92179l.jpg
2480,Ariel,,エアリエル,Light Novel,65,,2010,https://cdn.myanimelist.net/images/manga/3/164589l.jpg
2480,Boku wa Imouto-sama ni wa Sakaraenai,,僕は妹サマには逆らえない,Light Novel,65,,2010,https://cdn.myanimelist.net/images/manga/3/189480l.jpg
2480,Harem General,,ハーレムジェネラル,Light Novel,65,,2010,https://cdn.myanimelist.net/images/manga/3/164838l.jpg
2480,Hoshi ni Idomu,,小惑星に挑む,Manga,65,,2010,https://cdn.myanimelist.net/images/manga/3/149371l.jpg
2480,Kichiku Heta Riiman,,鬼畜ヘタリーマン,Manga,65,,2010,https://cdn.myanimelist.net/images/manga/3/83501l.jpg
2480,Kirino-kun ni wa Kanojo ga Inai!?,,桐野くんには彼女がいない！？,Light Novel,65,,2010,https://cdn.myanimelist.net/images/manga/2/163984l.jpg
2480,Owa Rande!,,オワ・ランデ！,Light Novel,65,,2010,https://cdn.myanimelist.net/images/manga/1/160218l.jpg
2480,Saimin♥Seitokai,,さいみん♥生徒会,Light Novel,65,,2010,https://cdn.myanimelist.net/images/manga/3/178991l.jpg
2480,Shugohime: Inshin Fukkatsu no Utage,,守護姫 淫神復活の宴,Light Novel,65,,2010,https://cdn.myanimelist.net/images/manga/3/168593l.jpg
2490,Arienai Getsuyoubi,,アリエナイ月曜日,Manga,64,,2010,https://cdn.myanimelist.net/images/manga/2/67031l.jpg
2490,Chitai Senyou Gakuen,,痴態専用学園,Light Novel,64,,2010,https://cdn.myanimelist.net/images/manga/1/165980l.jpg
2490,Dorecho!: Seitokai Dorei Choukyou,,どれちょ! 生徒会ドレイちょーきょー,Light Novel,64,,2010,https://cdn.myanimelist.net/images/manga/2/178959l.jpg
2490,Gekka no Miko,,月下の巫女,Light Novel,64,,2010,https://cdn.myanimelist.net/images/manga/1/170304l.jpg
2490,Himekami,,ヒメカミ,Light Novel,64,,2010,https://cdn.myanimelist.net/images/manga/1/163011l.jpg
2490,Honjitsu Tsugou ni yori,It Closes Today,本日都合により,Manga,64,,2010,https://cdn.myanimelist.net/images/manga/3/131731l.jpg
2490,Joshi no Seifuku,,ジョシの制服,Manga,64,,2010,https://cdn.myanimelist.net/images/manga/2/131359l.jpg
2490,Kakikake to Keshiin,,かきかけとけしいん,Manga,64,,2010,https://cdn.myanimelist.net/images/manga/2/35846l.jpg
2490,Koisuru Kimon no Protocol,,恋する鬼門のプロトコル,Light Novel,64,,2010,https://cdn.myanimelist.net/images/manga/1/164320l.jpg
2490,Mahou Ninpu Haramase ∞ Harassment,,魔法妊婦ハラマセ∞ハラスメント,Light Novel,64,,2010,https://cdn.myanimelist.net/images/manga/1/168642l.jpg
2490,Manga Grimm Douwa: Enbun Genji Monogatari,"Erotic Talk, The Tale of Genji",まんがグリム童話 艶聞源氏物語,Manga,64,,2010,https://cdn.myanimelist.net/images/manga/3/139679l.jpg
2490,Renai Secret,,恋愛・SECRET,Manga,64,,2010,https://cdn.myanimelist.net/images/manga/2/31280l.jpg
2490,"Romance, Violence & Strawberry Republic",,ロマンス、バイオレンス＆ストロベリー・リパブリック,Light Novel,64,,2010,https://cdn.myanimelist.net/images/manga/1/171712l.jpg
2490,Sengoku Angelique,,戦国アンジェリーク,Manga,64,,2010,https://cdn.myanimelist.net/images/manga/3/40292l.jpg
2490,Tsundere Soutaisei Riron: Kyunkyun Wakaru E = mc²,,ツンデレ相対性理論: キュンキュンわかるE = mc²,Manga,64,,2010,https://cdn.myanimelist.net/images/manga/1/37641l.jpg
2490,Woman,,,Manga,64,,2010,https://cdn.myanimelist.net/images/manga/3/37532l.jpg
2506,Boireko!,,ぼいレコ！,Light Novel,63,,2010,https://cdn.myanimelist.net/images/manga/2/165780l.jpg
2506,"Doukyuusei wa, Nopanchu♥",,同級生は、のーぱんちゅ♥,Light Novel,63,,2010,https://cdn.myanimelist.net/images/manga/3/178960l.jpg
2506,Joutou! Seitokaichou-sama no Hanamichi,,上等！ 生徒会長サマの花道,Light Novel,63,,2010,https://cdn.myanimelist.net/images/manga/2/189496l.jpg
2506,Junai Kaijou Full Knot,,純愛海上フルノット,Manga,63,,2010,https://cdn.myanimelist.net/images/manga/3/84429l.jpg
2506,Kannou Shousetsu wo Kaku Onnanoko wa Kirai desu ka?,,官能小説を書く女の子はキライですか?,Light Novel,63,,2010,https://cdn.myanimelist.net/images/manga/3/164409l.jpg
2506,Kawaii Oniichan Nante Daikirai!,,カワイイお兄ちゃんなんて大キライ！,Light Novel,63,,2010,https://cdn.myanimelist.net/images/manga/3/187785l.jpg
2506,Mustard Honey,,マスタード・ハニー,Manga,63,,2010,https://cdn.myanimelist.net/images/manga/2/131727l.jpg
2506,Nico Nicholson no Manga Doujou Yaburi,,ニコ・ニコルソンのマンガ道場破り,Manga,63,,2010,https://cdn.myanimelist.net/images/manga/2/227377l.jpg
2506,Occulto Logic,,丘ルトロジック,Light Novel,63,,2010,https://cdn.myanimelist.net/images/manga/1/154549l.jpg
2506,Shitsuji wa Shujin ni Hizamazuku,The Kneeling Butler,執事は主人に跪く,Manga,63,,2010,https://cdn.myanimelist.net/images/manga/3/79673l.jpg
2506,The Writing of Secret Minds,,The Writing of Secret Minds,One-shot,63,,2010,https://cdn.myanimelist.net/images/manga/2/77405l.jpg
2506,Utsurosaki Masaki no Misshitsu Play,,撃路崎真咲の密室プレイ,Light Novel,63,,2010,https://cdn.myanimelist.net/images/manga/1/164262l.jpg
2518,Douraku Musuko,,どうらく息子,Manga,62,,2010,https://cdn.myanimelist.net/images/manga/3/235751l.jpg
2518,Gakuen to Sekai to Gakuen,,学園とセカイと楽園,Light Novel,62,,2010,https://cdn.myanimelist.net/images/manga/2/105695l.jpg
2518,Hakui no Gensoujutsushi to Kurogane no Harmonica,,白衣の元繰術士と黒銀の枢機都市〈ハーモニカ〉,Light Novel,62,,2010,https://cdn.myanimelist.net/images/manga/1/164707l.jpg
2518,Hatsukoi wa Chikan deshita.,First Love was a Molester,初恋はチカンでした。,Manga,62,,2010,https://cdn.myanimelist.net/images/manga/1/244604l.jpg
2518,Hinekure Ousama to Boku,The Twisted King and I,ひねくれおうさまとぼく,Manga,62,,2010,https://cdn.myanimelist.net/images/manga/3/256379l.jpg
2518,Kirisaki Kiseki no Kiseki,,桐咲キセキのキセキ,Light Novel,62,,2010,https://cdn.myanimelist.net/images/manga/2/123749l.jpg
2518,Mahou Shoujo☆Karimenkyo,,魔法少女☆仮免許,Light Novel,62,,2010,https://cdn.myanimelist.net/images/manga/1/162956l.jpg
2518,Meshibana Deka Tachibana,,めしばな刑事タチバナ,Manga,62,,2010,https://cdn.myanimelist.net/images/manga/2/176876l.jpg
2518,Miyama-san Chi no Berutein,,深山さんちのベルテイン,Light Novel,62,,2010,https://cdn.myanimelist.net/images/manga/1/163566l.jpg
2518,Oden,,おでん,Manga,62,,2010,https://cdn.myanimelist.net/images/manga/2/184493l.jpg
2518,Tsuiraku Sekai no High Diver,High Diver in the Crash World,墜落世界のハイダイバー,Light Novel,62,,2010,https://cdn.myanimelist.net/images/manga/3/162907l.jpg
2518,Uchi no Himesama ni wa Gakkari desu....,I'm thoroughly disappointed in our Princess...,ウチの姫さまにはがっかりです・・・。,Light Novel,62,,2010,https://cdn.myanimelist.net/images/manga/2/164570l.jpg
2518,Wakuwaku Rokkomotion,,わくわくろっこモーション,Manga,62,,2010,https://cdn.myanimelist.net/images/manga/1/159904l.jpg
2531,Aino Kekkon Soudanjo,Aino Mating Agency Inc.,あいの結婚相談所,Manga,61,,2010,https://cdn.myanimelist.net/images/manga/2/196948l.jpg
2531,Egg Star,,egg star,Manga,61,,2010,https://cdn.myanimelist.net/images/manga/1/211319l.jpg
2531,Eigahen,Movie Chapter,映画篇,Manga,61,,2010,https://cdn.myanimelist.net/images/manga/2/302372l.jpg
2531,Inaka no Gibo to Boku: Mura no Shinji wa Inbi na Kaori,,田舎の義母と僕 村の神事は淫靡な香り,Light Novel,61,,2010,https://cdn.myanimelist.net/images/manga/2/169146l.jpg
2531,Joshikousei Maid to Ana Dorei Onna Kyoushi,,女子高生メイドと穴奴隷女教師,Light Novel,61,,2010,https://cdn.myanimelist.net/images/manga/2/167805l.jpg
2531,Magi-Cu 4-koma: Kimi to Issho ni,,マジキュー4コマ 君と一緒に,Manga,61,,2010,https://cdn.myanimelist.net/images/manga/2/104523l.jpg
2531,Natsuyasumi no Tomo,,なつやすみのとも,Doujinshi,61,,2010,https://cdn.myanimelist.net/images/manga/3/198888l.jpg
2531,Onmyou Seitokai: Inju no Kusari,,陰陽生徒会 淫呪の鎖,Light Novel,61,,2010,https://cdn.myanimelist.net/images/manga/1/169111l.jpg
2531,Ore to Tenshi no Yggdrasil,,おれと天使の世界創生(ユグドラシル),Light Novel,61,,2010,https://cdn.myanimelist.net/images/manga/2/123753l.jpg
2531,Oshikake Double Idol,Double Idols Come Here!,おしかけダブルアイドル,Light Novel,61,,2010,https://cdn.myanimelist.net/images/manga/3/165597l.jpg
2531,Reijou Sousakan Sennou Keikaku: Aragaenu Bitai Choukyou,,令嬢捜査官洗脳計画 抗えぬ美態調教,Light Novel,61,,2010,https://cdn.myanimelist.net/images/manga/1/106509l.jpg
2531,Reijou-tachi no Houkago: Tennis-bu to Tosho Iinchou,,隷嬢たちの放課後 テニス部員と図書委員長,Light Novel,61,,2010,https://cdn.myanimelist.net/images/manga/1/169292l.jpg
2531,SD Gundam Sangokuden Brave Battle Warriors: Souseiki,,SDガンダム三国伝 Brave Battle Warriors 創世記,Manga,61,,2010,https://cdn.myanimelist.net/images/manga/2/241316l.jpg
2531,Sei Abelia Jogakuin,St. Abelia Girl School,聖アベリア女学院,Manga,61,,2010,https://cdn.myanimelist.net/images/manga/1/149110l.jpg
2531,"Tottemo, Otonarisan",,とっても、お隣さん,Manga,61,,2010,https://cdn.myanimelist.net/images/manga/1/85639l.jpg
2531,Whip Note,,ホイップノート,Manga,61,,2010,https://cdn.myanimelist.net/images/manga/1/99789l.jpg
2531,Yuugeki Shoujo Yuumi,,遊撃少女遊美,Manga,61,,2010,https://cdn.myanimelist.net/images/manga/4/35507l.jpg
2548,Ai no Ori: Kishi ni Midara ni Furerarete,,愛の檻 騎士に淫らに触れられて,Light Novel,60,,2010,https://cdn.myanimelist.net/images/manga/3/182041l.jpg
2548,Da Maid no Goshujinsama ni Natte Kudasai,,駄メイドのご主人様になってください,Light Novel,60,,2010,https://cdn.myanimelist.net/images/manga/3/187783l.jpg
2548,Dokidoki Date,,ドキドキデート,One-shot,60,,2010,https://cdn.myanimelist.net/img/sp/icon/apple-touch-icon-256.png
2548,Gemani.,,げーまに。,Light Novel,60,,2010,https://cdn.myanimelist.net/images/manga/3/162267l.jpg
2548,Heaven's Diary,,ヘヴンズ・ダイアリー,Light Novel,60,,2010,https://cdn.myanimelist.net/images/manga/2/162646l.jpg
2548,Himemiko Lucina: Aijoku Hanayome Shuugyou,,姫巫女ルキナ 愛辱花嫁修業,Light Novel,60,,2010,https://cdn.myanimelist.net/images/manga/3/168603l.jpg
2548,Ibara no Majinai-shi,,いばらの呪い師,Light Novel,60,,2010,https://cdn.myanimelist.net/images/manga/1/123013l.jpg
2548,Imouto ni Hitorijime!,,妹にひとりじめ！,Light Novel,60,,2010,https://cdn.myanimelist.net/images/manga/3/165558l.jpg
2548,Inuyomi,,イヌヨミ,Manga,60,,2010,https://cdn.myanimelist.net/images/manga/1/42930l.jpg
2548,Ippitsu Nyuukon!,,一筆入婚!,Manga,60,,2010,https://cdn.myanimelist.net/images/manga/1/165585l.jpg
2548,Kachou Reijou,,課長令嬢,Manga,60,,2010,https://cdn.myanimelist.net/images/manga/5/35980l.jpg
2548,Kukuryanse,,くくりゃんせ,Manga,60,,2010,https://cdn.myanimelist.net/images/manga/2/166582l.jpg
2548,Milk Tappuri Suiei-bu,,ミルクたっぷり水泳部,Light Novel,60,,2010,https://cdn.myanimelist.net/images/manga/2/178895l.jpg
2548,"Seiki Koyou: Seiyakugaisha no Shinjin Kyouiku ""Ichinichi Ichijou, Watashi Mi mo Kokoro mo Sasagemasu!""",,性器雇用 ～製薬会社の新人狂育「一日一錠、わたし身も心も捧げます！」～,Light Novel,60,,2010,https://cdn.myanimelist.net/images/manga/3/132201l.jpg
2548,Tamashii Ippai,,たましい いっぱい,Manga,60,,2010,https://cdn.myanimelist.net/images/manga/2/168061l.jpg
2548,Waza Ari Kiwami-chan,,わざアリっ♥きわみちゃん,Manga,60,,2010,https://cdn.myanimelist.net/images/manga/1/262039l.jpg
2548,Yokujou Suru Hirusagari,,欲情する昼下がり,Manga,60,,2010,https://cdn.myanimelist.net/images/manga/1/35518l.jpg
2548,Zankou no Vernerura,,斬光のバーンエルラ,Light Novel,60,,2010,https://cdn.myanimelist.net/images/manga/1/162000l.jpg
2566,Bijin Mangaka to Fushidara Assistants,The Pretty Manga-ka and her Slutty Assistants,美人マンガ家とふしだらアシスタンツ,Manga,59,,2010,https://cdn.myanimelist.net/images/manga/1/303975l.jpg
2566,Blue Roses: Yousei to Aoi Hitomi no Senshi-tachi,,BLUE ROSES ~妖精と青い瞳の戦士たち~,Manga,59,,2010,https://cdn.myanimelist.net/images/manga/2/95755l.jpg
2566,D Sword of Legend,,Dソード・オブ・レジェンド,Light Novel,59,,2010,https://cdn.myanimelist.net/images/manga/1/134867l.jpg
2566,Dark Lord,,ダークロード,Light Novel,59,,2010,https://cdn.myanimelist.net/images/manga/1/162621l.jpg
2566,Imouto Dragon Ani Wakahage,,妹ドラゴン兄若ハゲ,Light Novel,59,,2010,https://cdn.myanimelist.net/images/manga/2/124239l.jpg
2566,In Jack Out,,in JACK out,Manga,59,,2010,https://cdn.myanimelist.net/images/manga/3/261733l.jpg
2566,Kohitsuji wa Mayowanai,,子ひつじは迷わない,Light Novel,59,,2010,https://cdn.myanimelist.net/images/manga/2/162804l.jpg
2566,Kurenai no Trinity,,紅のトリニティ,Light Novel,59,,2010,https://cdn.myanimelist.net/images/manga/3/132485l.jpg
2566,Kuroki Hane Mau Sakyuu de,In the SAND DUNES where the black feathers dance,黒き羽舞う砂丘で,Manga,59,,2010,https://cdn.myanimelist.net/images/manga/1/72625l.jpg
2566,Kuroneko no Yuuutsu,,黒猫の憂鬱,Manga,59,,2010,https://cdn.myanimelist.net/images/manga/1/35857l.jpg
2566,Lucky✩Strike!,,ラッキー☆ストライク!,Manga,59,,2010,https://cdn.myanimelist.net/images/manga/2/87491l.jpg
2566,Nobunaga-sama to Okoshou Boys,,信長さまとお小姓Boys,Manga,59,,2010,https://cdn.myanimelist.net/images/manga/2/32935l.jpg
2566,Ojousama wa Shiroi no ga Tokoton Osuki!?,,お嬢様は白いのがトコトンお好き!?,Light Novel,59,,2010,https://cdn.myanimelist.net/images/manga/1/167880l.jpg
2566,Papa no Koibito,Daddy's Boyfriend,パパの恋人,Manga,59,,2010,https://cdn.myanimelist.net/images/manga/1/226115l.jpg
2566,Shisou Toshokan no Livre Blanche,,死想図書館のリヴル・ブランシェ,Light Novel,59,,2010,https://cdn.myanimelist.net/images/manga/1/164611l.jpg
2566,Tsuyameki Kengi: Hihou Meguri to Mitsu-iro no Miko,,艶めき剣戯 秘宝巡りと蜜色の巫女,Light Novel,59,,2010,https://cdn.myanimelist.net/images/manga/1/169191l.jpg
2566,Yume no Ue,,夢の上,Light Novel,59,,2010,https://cdn.myanimelist.net/images/manga/1/127957l.jpg
2583,3-goushitsu no Sekuhara Majin,The Rogue in Room 3,3号室のセクハラ魔人,Manga,58,,2010,https://cdn.myanimelist.net/images/manga/1/254544l.jpg
2583,@Home,,@HOME,Light Novel,58,,2010,https://cdn.myanimelist.net/images/manga/3/164675l.jpg
2583,A=Uchuu Shoujo 2x Tamashii no Sokudo,,A=宇宙少女2×魂の速度,Light Novel,58,,2010,https://cdn.myanimelist.net/images/manga/3/165330l.jpg
2583,Boku Cosplay nanka Kyoumi Arimasen kara!!,,ぼくコスプレなんか興味ありませんからっ!!,Manga,58,,2010,https://cdn.myanimelist.net/images/manga/3/148535l.jpg
2583,Chirasareta Junketsu,,散らされた純潔,Light Novel,58,,2010,https://cdn.myanimelist.net/images/manga/2/169161l.jpg
2583,Do S na Ama Ane to M na Tsun Imouto!,,ドSな甘姉とMなツン妹っ！,Light Novel,58,,2010,https://cdn.myanimelist.net/images/manga/3/168850l.jpg
2583,God Bird,,ゴッドバード,Manga,58,,2010,https://cdn.myanimelist.net/images/manga/1/207672l.jpg
2583,Himaturi,,ヒマツリ,Light Novel,58,,2010,https://cdn.myanimelist.net/images/manga/2/162920l.jpg
2583,Hollow Gram,,HOLLOW GRAM,Doujinshi,58,,2010,https://cdn.myanimelist.net/images/manga/2/183049l.jpg
2583,Ikenai Usugi Gasshuku: Hitozuma to Joshidaisei to Joshikousei,,いけない薄着合宿 人妻と女子大生と女子高生,Light Novel,58,,2010,https://cdn.myanimelist.net/images/manga/1/169231l.jpg
2583,Joshidaisei Oneesama no Nurejita Kojin Shidou,,女子大生お姉様の濡れ舌個人指導,Light Novel,58,,2010,https://cdn.myanimelist.net/images/manga/1/169257l.jpg
2583,Kemono no Oukoku,,獣の王国,Manga,58,,2010,https://cdn.myanimelist.net/images/manga/3/42922l.jpg
2583,Koigokoro,,恋心,Manga,58,,2010,https://cdn.myanimelist.net/images/manga/1/129905l.jpg
2583,Kukuru Kuru,,くくるくる,Light Novel,58,,2010,https://cdn.myanimelist.net/images/manga/2/171896l.jpg
2583,Love Chu! Boku ga Jokyoushi!?,,らぶちゅー! −ボクが女教師!?−,Light Novel,58,,2010,https://cdn.myanimelist.net/images/manga/1/126341l.jpg
2583,My Hime: Princess no Kyuujitsu,,My姫 プリンセスの休日,Light Novel,58,,2010,https://cdn.myanimelist.net/images/manga/3/166963l.jpg
2583,Oboreru hodo Itoshikute,,溺れるほど愛しくて,Manga,58,,2010,https://cdn.myanimelist.net/images/manga/1/118433l.jpg
2583,Prin-bote: Ohimesama Deki-kon Keikaku,Pribote The Princess's Pregnancy Project,プリボテ お姫さまデキ婚計画,Light Novel,58,,2010,https://cdn.myanimelist.net/images/manga/3/165790l.jpg
2583,Robinson Letter,,ロビンソンレター,Manga,58,,2010,https://cdn.myanimelist.net/images/manga/2/204423l.jpg
2583,Sakaime no Sumika,,さかいめの住処,Manga,58,,2010,https://cdn.myanimelist.net/images/manga/1/87391l.jpg
2583,Sugar+Spice 2: Ashita no Ashita no Mata Ashita,,Sugar＋Spice2 ～明日の明日のまた明日～,Light Novel,58,,2010,https://cdn.myanimelist.net/images/manga/3/172495l.jpg
2583,Tekkaba no Shin,,鉄火場のシン,Manga,58,,2010,https://cdn.myanimelist.net/images/manga/3/203681l.jpg
2583,Tenshi no Shinzou,Angel Heart,天使の心臓,Manga,58,,2010,https://cdn.myanimelist.net/images/manga/1/79367l.jpg
2583,Wagamamana Hitomi,,わがままな瞳,Manga,58,,2010,https://cdn.myanimelist.net/images/manga/4/262007l.jpg
2583,Wana Wana Kiss ~Sweet V.D.~,,ワナわなキス〜Sweet V.D.〜,One-shot,58,,2010,https://cdn.myanimelist.net/img/sp/icon/apple-touch-icon-256.png
2608,Blangel: Wa ni Narite Odoru Gusha no Yoru,,BLANGEL 輪になりて踊る愚者の夜,Light Novel,57,,2010,https://cdn.myanimelist.net/images/manga/3/168637l.jpg
2608,Hime Kenshi Elf Sophiel: Hakudaku no Jusei Yome Dorei,,姫剣士エルフソフィエル 白濁の受精嫁奴隷,Light Novel,57,,2010,https://cdn.myanimelist.net/images/manga/2/168451l.jpg
2608,Ichiban Ii Skirt,The Finest Skirt Ever,いちばんいいスカート,Manga,57,,2010,https://cdn.myanimelist.net/images/manga/2/146979l.jpg
2608,Imouto wa Futago Miko: Tsun de Yande Ani Omoi!,,妹はふたご巫女 ツンでヤンで兄想い!,Light Novel,57,,2010,https://cdn.myanimelist.net/images/manga/3/189483l.jpg
2608,Kikoushi no Gouman na Propose,,貴公子の傲慢な求愛〈プロポーズ〉,Light Novel,57,,2010,https://cdn.myanimelist.net/images/manga/3/153368l.jpg
2608,"Konya no Yotei, Dou Deshou?",,今夜の予定、どうでしょう？,Manga,57,,2010,https://cdn.myanimelist.net/images/manga/2/184300l.jpg
2608,Love Bind,,ラブ・バインド,Light Novel,57,,2010,https://cdn.myanimelist.net/images/manga/2/152441l.jpg
2608,Manga Grimm Douwa: Kuruwa Genji,Prostitute quarters of Genji,まんがグリム童話 廓源氏,Manga,57,,2010,https://cdn.myanimelist.net/images/manga/2/140331l.jpg
2608,Nanairo Reversible,,なないろリバーシブル,Light Novel,57,,2010,https://cdn.myanimelist.net/images/manga/1/129255l.jpg
2608,Nureta Shirt wo Nuide,,濡れたシャツを脱いで,Manga,57,,2010,https://cdn.myanimelist.net/images/manga/3/71959l.jpg
2608,Ohimesama to Issho: Dokidoki Dousei Life,With a princess the cohabitation life,お姫さまといっしょ どきどき同棲ライフ,Light Novel,57,,2010,https://cdn.myanimelist.net/images/manga/3/165598l.jpg
2608,Otomiko! Boku wa Otoko no Miko Musume,,オトミコ! 僕は男の巫女娘,Light Novel,57,,2010,https://cdn.myanimelist.net/images/manga/3/168626l.jpg
2608,Seinen Mangaka no Koi,The love of the young man cartoonist,青年漫画家の恋,Light Novel,57,,2010,https://cdn.myanimelist.net/images/manga/1/158255l.jpg
2608,Seitokaichou wa Eroge Suki,,生徒会長はエロゲー好き,Light Novel,57,,2010,https://cdn.myanimelist.net/images/manga/3/189484l.jpg
2608,Ue wo Muite Koi wo Shiyou,,上を向いて恋をしよう,Manga,57,,2010,https://cdn.myanimelist.net/images/manga/2/234413l.jpg
2608,Yuuwakusareru Riyuu,The Italian's Wedding Ultimatum,誘惑される理由,Manga,57,,2010,https://cdn.myanimelist.net/images/manga/3/172237l.jpg
2608,Zannen Ojousama ni wa Ore shika Inai,,残念お嬢様には俺しかいない,Light Novel,57,,2010,https://cdn.myanimelist.net/images/manga/1/189481l.jpg
2625,Betty the Kid,,ベティ・ザ・キッド,Light Novel,56,,2010,https://cdn.myanimelist.net/images/manga/3/158481l.jpg
2625,Galge Master Shiina,,ギャルゲーマスター椎名,Light Novel,56,,2010,https://cdn.myanimelist.net/images/manga/2/164378l.jpg
2625,Himitsu no Hanazono,Secret Garden,ひみつの花園,Manga,56,,2010,https://cdn.myanimelist.net/images/manga/3/144799l.jpg
2625,Imouto Peropero♥,,妹ぺろぺろ♥,Light Novel,56,,2010,https://cdn.myanimelist.net/images/manga/3/187240l.jpg
2625,Imouto☆Botechu,,妹☆ぼてちゅ,Light Novel,56,,2010,https://cdn.myanimelist.net/images/manga/1/189489l.jpg
2625,Kankin Shoujo,,姦禁少女,Light Novel,56,,2010,https://cdn.myanimelist.net/images/manga/2/169407l.jpg
2625,Koi ga Kanaderu Neiro,,恋が奏でる音色,Manga,56,,2010,https://cdn.myanimelist.net/images/manga/2/31286l.jpg
2625,Konotabi Imouto to Kekkon Shimashita.,,このたび妹と結婚しました。,Light Novel,56,,2010,https://cdn.myanimelist.net/images/manga/1/189486l.jpg
2625,Manakami!,,まなかみ！,Light Novel,56,,2010,https://cdn.myanimelist.net/images/manga/2/126371l.jpg
2625,Masenki Saya: Injoku no Touen,,魔戦姫 紗夜 淫辱の闘宴,Light Novel,56,,2010,https://cdn.myanimelist.net/images/manga/1/168595l.jpg
2625,Ohisama Rock,,おひさまロック,Manga,56,,2010,https://cdn.myanimelist.net/images/manga/2/61101l.jpg
2625,Ojousama Shimai wa W Yome!,,お嬢様姉妹はW嫁！,Light Novel,56,,2010,https://cdn.myanimelist.net/images/manga/1/178961l.jpg
2625,Oneechan wo Batsumasete♥,,お姉ちゃんを×ませて♥,Light Novel,56,,2010,https://cdn.myanimelist.net/images/manga/3/178981l.jpg
2625,Otome no Hozoshita,,乙女のホゾシタ,Manga,56,,2010,https://cdn.myanimelist.net/images/manga/2/233082l.jpg
2625,Royal☆Little Star,,ロイヤル☆リトルスター,Light Novel,56,,2010,https://cdn.myanimelist.net/images/manga/2/157063l.jpg
2625,SatoShio,,SatoShio,Manga,56,,2010,https://cdn.myanimelist.net/images/manga/2/258992l.jpg
2625,Sensei wa Ore no Yome!?,,センセイは俺の嫁!?,Light Novel,56,,2010,https://cdn.myanimelist.net/images/manga/3/178990l.jpg
2625,Sensei-sama no Shiikugakari,,先生サマの飼育係,Light Novel,56,,2010,https://cdn.myanimelist.net/images/manga/3/127259l.jpg
2625,Shibatte Aishite Ojousama!,,縛って愛してお嬢様！,Light Novel,56,,2010,https://cdn.myanimelist.net/images/manga/1/179041l.jpg
2625,Shougakugakusei,,小ガクガク生,Manga,56,,2010,https://cdn.myanimelist.net/images/manga/1/249871l.jpg
2625,Snow Dome,,スノードーム,One-shot,56,,2010,https://cdn.myanimelist.net/images/manga/2/170236l.jpg
2625,Sono Te ga Koi ni Kizuku Made,,その手が恋に気づくまで,Manga,56,,2010,https://cdn.myanimelist.net/images/manga/1/68139l.jpg
2625,Tsunbote: Ojousama Kozukuri Keikaku,,ツンボテ お嬢さま子作り計画,Light Novel,56,,2010,https://cdn.myanimelist.net/images/manga/1/165553l.jpg
2648,Getsuka Suimoku Kindo Ecchi,,月火水木金土えっち,Manga,55,,2010,https://cdn.myanimelist.net/images/manga/2/249870l.jpg
2648,Gijipoko,,ギジポコ,Manga,55,,2010,https://cdn.myanimelist.net/images/manga/3/36307l.jpg
2648,Gimmick: Warden no Kagegami,,GIMMICK 死神の影武者〈ギミック・ウォーデンのかげがみ〉,Light Novel,55,,2010,https://cdn.myanimelist.net/images/manga/3/164130l.jpg
2648,Girl's Underground,,ガールズ・アンダーグラウンド,Light Novel,55,,2010,https://cdn.myanimelist.net/images/manga/1/159123l.jpg
2648,Griotte no Nemurihime,,グリオットの眠り姫,Manga,55,,2010,https://cdn.myanimelist.net/images/manga/1/233463l.jpg
2648,Joukan Meirei,,上・官・命・令,Manga,55,,2010,https://cdn.myanimelist.net/images/manga/2/80459l.jpg
2648,Kaikyaku Leotard: Boku to Midara na Oyako,,開脚レオタード 僕と淫らな母娘,Light Novel,55,,2010,https://cdn.myanimelist.net/images/manga/2/169188l.jpg
2648,Kuina Passfinder,,くいなパスファインダー,Light Novel,55,,2010,https://cdn.myanimelist.net/images/manga/3/125603l.jpg
2648,Maman na Koibito wa Ikaga desu ka?,,ママンな恋人はいかがですか？,Light Novel,55,,2010,https://cdn.myanimelist.net/images/manga/1/165789l.jpg
2648,Moshi Daizaibatsu no Ojousama ga Saiminjutsu wo Kakeraretara,If lady is hypnotized...,もし大財閥のお嬢様が催眠術をかけられたら,Light Novel,55,,2010,https://cdn.myanimelist.net/images/manga/2/168819l.jpg
2648,Mujin no Jager,,無刃のイェーガー,Light Novel,55,,2010,https://cdn.myanimelist.net/images/manga/3/163581l.jpg
2648,Ojousama no Maid-kun,,お嬢様のメイドくん,Light Novel,55,,2010,https://cdn.myanimelist.net/images/manga/2/164119l.jpg
2648,Rasha to Rasha: Koji Butai no Sekai Eikyuu Sensou,,裸者と裸者 孤児部隊の世界永久戦争,Manga,55,,2010,https://cdn.myanimelist.net/images/manga/3/164001l.jpg
2648,"Sono Shitsuji, Tsuyoki ni Tsuki",,その執事、強気につき,Manga,55,,2010,https://cdn.myanimelist.net/images/manga/3/31308l.jpg
2648,Tanabata Iin: Hoshi ni Negai wo Hen,,七夕委員 星に願いを篇,Manga,55,,2010,https://cdn.myanimelist.net/images/manga/3/169733l.jpg
2648,Upset 15,,アップセット15,Manga,55,,2010,https://cdn.myanimelist.net/images/manga/1/66603l.jpg
2664,Gyon-Woo & Jik-Nyu,,견우와 직녀,Manhwa,54,,2010,https://cdn.myanimelist.net/images/manga/2/303072l.jpg
2664,Hana ni Umorete,Buried in Flowers,花に埋もれて,Manga,54,,2010,https://cdn.myanimelist.net/images/manga/1/256048l.jpg
2664,Hanayome Choukyou: Chijoku no Hirouen,,花嫁調教 恥辱の披露宴,Light Novel,54,,2010,https://cdn.myanimelist.net/images/manga/3/169281l.jpg
2664,Hazuki Rion no Teikoku,,羽月莉音の帝国,Light Novel,54,,2010,https://cdn.myanimelist.net/images/manga/3/171307l.jpg
2664,Hibi Kore...,,日々是…,Manga,54,,2010,https://cdn.myanimelist.net/images/manga/1/35786l.jpg
2664,Honjitsu Kaiten! Kunoichi Kissa,,本日開店！ くノ一喫茶,Light Novel,54,,2010,https://cdn.myanimelist.net/images/manga/2/189494l.jpg
2664,Kanojo wo Iimakasu no wa Tabun Muri,,彼女を言い負かすのはたぶん無理,Light Novel,54,,2010,https://cdn.myanimelist.net/images/manga/2/127817l.jpg
2664,Koisuru Otome no Renai Keikaku,,恋する乙女の恋愛計画,Manga,54,,2010,https://cdn.myanimelist.net/images/manga/3/73649l.jpg
2664,Kuroi Tsubasa: Fukushuuya Hana,,黒い翼 復讐屋・華,Manga,54,,2010,https://cdn.myanimelist.net/images/manga/2/107345l.jpg
2664,My Yome,,妹嫁,Light Novel,54,,2010,https://cdn.myanimelist.net/images/manga/1/165788l.jpg
2664,Noroi no Hate ni Saita Hana,,呪いの果てに咲いた花,One-shot,54,,2010,https://cdn.myanimelist.net/images/manga/3/79413l.jpg
2664,Pa-peki! Oneesan,,パーペキ!お姉さん,Manga,54,,2010,https://cdn.myanimelist.net/images/manga/2/36292l.jpg
2664,Platonic Form,,プラトニック・ホーム,Manga,54,,2010,https://cdn.myanimelist.net/images/manga/3/69499l.jpg
2664,Samurai Girl wa Ore no Yome!?,,サムライガールは俺の嫁!?,Light Novel,54,,2010,https://cdn.myanimelist.net/images/manga/2/157562l.jpg
2664,Shaker,,シェイカー,Manga,54,,2010,https://cdn.myanimelist.net/images/manga/1/250889l.jpg
2664,Shounen Hero,,少年ヒーロー,Manga,54,,2010,https://cdn.myanimelist.net/images/manga/1/88241l.jpg
2664,Snowpie,,スノウピー,Light Novel,54,,2010,https://cdn.myanimelist.net/images/manga/3/162638l.jpg
2664,Star's Last Wish,,별의 유언,Manhwa,54,,2010,https://cdn.myanimelist.net/images/manga/2/264702l.jpg
2664,Triple Oshikake Maid-zuma,,トリプル押しかけメイド妻,Light Novel,54,,2010,https://cdn.myanimelist.net/images/manga/1/179042l.jpg
2664,Tsuyameki Kenbu: Onna Kenshi to Midarezuma to Kunoichi to,,艶めき剣舞 女剣士とみだれ妻とくノ一と,Light Novel,54,,2010,https://cdn.myanimelist.net/images/manga/2/169189l.jpg
2664,Zassou Onna,,雑草女,Manga,54,,2010,https://cdn.myanimelist.net/images/manga/2/108717l.jpg
2685,Double Access,,ダブルアクセス,Light Novel,53,,2010,https://cdn.myanimelist.net/images/manga/3/163033l.jpg
2685,Hoshi no Ko!,,ほしのこ!,Manga,53,,2010,https://cdn.myanimelist.net/images/manga/3/266477l.jpg
2685,Imouto ni Saiminjutsu wo Kakete Nekkoneko ni Shitemita,,妹に催眠術をかけてネッコネコにしてみた,Light Novel,53,,2010,https://cdn.myanimelist.net/images/manga/2/189493l.jpg
2685,"Itsuka, Yuusha Datta Shounen",,いつか、勇者だった少年,Light Novel,53,,2010,https://cdn.myanimelist.net/images/manga/3/159120l.jpg
2685,Juusannin no Shikaku,,十三人の刺客,Manga,53,,2010,https://cdn.myanimelist.net/images/manga/2/192993l.jpg
2685,Kojika wa Seigi no Mikata ja Nai,Kojika Is Not a Crime Avenger,コジカは正義の味方じゃない,Manga,53,,2010,https://cdn.myanimelist.net/images/manga/1/171732l.jpg
2685,Kono Kajitsu wa Dare no Mono,,この果実は誰のもの,Manga,53,,2010,https://cdn.myanimelist.net/images/manga/1/74281l.jpg
2685,Lemon☆Aid,,れも☆ねーど,Light Novel,53,,2010,https://cdn.myanimelist.net/images/manga/2/163076l.jpg
2685,Manga Grimm Douwa: Cinderella - Higyaku no Hanayome,"Cinderella, A Oppressed Bride",まんがグリム童話 シンデレラ~被虐の花嫁~,Manga,53,,2010,https://cdn.myanimelist.net/images/manga/3/137369l.jpg
2685,Ojousama Nishikiori Yurina wa Hoken ga Nigate!,,お嬢様・錦織由梨菜は保健が苦手！,Light Novel,53,,2010,https://cdn.myanimelist.net/images/manga/1/189492l.jpg
2685,Oneechan wa 3-saiji!?,,お姉ちゃんは3歳児!?,Light Novel,53,,2010,https://cdn.myanimelist.net/images/manga/2/178980l.jpg
2685,Ruriiro no Yaiba to Shuiro no Kizuna,,瑠璃色の刃と朱色の絆,Light Novel,53,,2010,https://cdn.myanimelist.net/images/manga/2/132171l.jpg
2685,Shimaidon de Ikou!,,姉妹丼でいこう！,Light Novel,53,,2010,https://cdn.myanimelist.net/images/manga/3/189488l.jpg
2685,Sweet Blood,,すいーとブラッド,Light Novel,53,,2010,https://cdn.myanimelist.net/images/manga/1/162974l.jpg
2685,Uso no Ue de Tenshi wa Nansatsu Manga wo Yomeru ka?,,嘘の上で天使は何冊マンガを読めるか？,Light Novel,53,,2010,https://cdn.myanimelist.net/images/manga/3/162639l.jpg
2700,Darling wa 55-sai,My darlin' is 55,ダーリンは55歳,Manga,52,,2010,https://cdn.myanimelist.net/images/manga/3/181538l.jpg
2700,Dragonism,,Dragonism -ドラゴニズム-,One-shot,52,,2010,https://cdn.myanimelist.net/images/manga/1/92235l.jpg
2700,Hibernation!,,はいばねいしょん!,Manga,52,,2010,https://cdn.myanimelist.net/images/manga/2/230377l.jpg
2700,Kamisamabiyori,,かみさま日和,Manga,52,,2010,https://cdn.myanimelist.net/images/manga/1/233927l.jpg
2700,Knock'n!,,ノッキン!,Manga,52,,2010,https://cdn.myanimelist.net/images/manga/3/47065l.jpg
2700,Lady Chinoiserie,,レディ シノワズリ,Manga,52,,2010,https://cdn.myanimelist.net/images/manga/3/301915l.jpg
2700,Manga Grimm Douwa: Inbi de Zankoku na Shirayukihime,Obscene Cruel Snow White,まんがグリム童話 淫靡で残酷な白雪姫,Manga,52,,2010,https://cdn.myanimelist.net/images/manga/3/139209l.jpg
2700,Mobile Girl Memori,,モバイルガールめもり,Manga,52,,2010,https://cdn.myanimelist.net/images/manga/1/35576l.jpg
2700,Neko no Hitai de Asobu,,ねこのひたいであそぶ,Manga,52,,2010,https://cdn.myanimelist.net/images/manga/2/252494l.jpg
2700,Ojousama Maid wa Vampire!?,,お嬢様メイドはヴァンパイア!?,Light Novel,52,,2010,https://cdn.myanimelist.net/images/manga/2/133363l.jpg
2700,Ojousama Maid-ka Keikaku,,お嬢様☆メイド化計画,Light Novel,52,,2010,https://cdn.myanimelist.net/images/manga/2/178962l.jpg
2700,Rare Jewel,,レア・ジュエル,Manga,52,,2010,https://cdn.myanimelist.net/images/manga/2/158784l.jpg
2700,Sodatete! Maria!,,そだてて！ まりあ！,Light Novel,52,,2010,https://cdn.myanimelist.net/images/manga/1/132851l.jpg
2700,Sukumizu Maid ga Gohoushi Shimasu!,,スク水メイドがご奉仕します！,Light Novel,52,,2010,https://cdn.myanimelist.net/images/manga/2/168802l.jpg
2700,Yokubari na Bokura,,欲張りな僕ら,One-shot,52,,2010,https://cdn.myanimelist.net/images/manga/2/233333l.jpg
2700,Zip-per,,ジツパー,One-shot,52,,2010,https://cdn.myanimelist.net/images/manga/1/29386l.jpg
2716,Cronos: Shikkoku no Shinwa,,-クロノス- 漆黒の神話,Manga,51,,2010,https://cdn.myanimelist.net/images/manga/1/269042l.jpg
2716,Dianjiao Zhangwang,When You Standing on Your Tiptoe,踮脚张望,Manhua,51,,2010,https://cdn.myanimelist.net/images/manga/3/231513l.jpg
2716,Gakkou no Jikan - Hot na Onnanoko,,学校の時間 ホットな女の子,Manga,51,,2010,https://cdn.myanimelist.net/images/manga/2/110561l.jpg
2716,Gin no Hoshi,Star of silver,銀の星,Manga,51,,2010,https://cdn.myanimelist.net/images/manga/1/72845l.jpg
2716,Jingari Heisuke,,陣借り平助,Manga,51,,2010,https://cdn.myanimelist.net/images/manga/3/152371l.jpg
2716,Mikazuchi,,ミカヅチ,Light Novel,51,,2010,https://cdn.myanimelist.net/images/manga/2/163211l.jpg
2716,Milliard: Reijou Gohoushi Monogatari,Milliard: Slave Story,Milliard ―令嬢ご奉仕物語―,Manga,51,,2010,https://cdn.myanimelist.net/images/manga/3/304722l.jpg
2716,Oriental Romance: Kishi wa Hanayome no Ubau,,オリエンタル・ロマンス 騎士は花嫁を奪う,Light Novel,51,,2010,https://cdn.myanimelist.net/images/manga/2/181780l.jpg
2716,Senya Ichiya Monogatari,One Thousand and One Nights,千夜一夜物語,Manga,51,,2010,https://cdn.myanimelist.net/images/manga/3/270786l.jpg
2716,Uchi no Zashikiwarashi ga,The protective household deity in my room.,うちのざしきわらしが,Manga,51,,2010,https://cdn.myanimelist.net/images/manga/3/192306l.jpg
2716,Youth Without Youth.: Kochou no Yume,,Youth Without Youth. ~胡蝶の夢~,One-shot,51,,2010,https://cdn.myanimelist.net/images/manga/3/287895l.jpg
2727,Atarashii Hifu,My Favorite Skin,あたらしいひふ,Manga,50,,2010,https://cdn.myanimelist.net/images/manga/3/236526l.jpg
2727,Hanayome wa Zettai Zetsumei,The Marriage Debt,花嫁は絶体絶命,Manga,50,,2010,https://cdn.myanimelist.net/images/manga/1/229732l.jpg
2727,Ichioku Hensai Nikki,,壱億返済日記,Manga,50,,2010,https://cdn.myanimelist.net/images/manga/3/114775l.jpg
2727,Inu to Aruku,,犬と歩く,Manga,50,,2010,https://cdn.myanimelist.net/images/manga/1/53319l.jpg
2727,Itoshi no Mari: Love Drug Doll,,愛しのマリー LOVE DRUG DOLL,Manga,50,,2010,https://cdn.myanimelist.net/images/manga/1/155910l.jpg
2727,Megami to Deau Asa ni,The Morning I Met Goddess,女神と出会う朝に,Manga,50,,2010,https://cdn.myanimelist.net/images/manga/1/72509l.jpg
2727,Monster Collection: Rakuin Seminar,,モンスター・コレクション 烙印ゼミナール,Light Novel,50,,2010,https://cdn.myanimelist.net/images/manga/1/162538l.jpg
2727,Seitokaichou wo Nugasou!,,生徒会長を脱がそう！,Light Novel,50,,2010,https://cdn.myanimelist.net/images/manga/2/179043l.jpg
2727,Shurabababa!! Seitokaichou vs Osananajimi,,シュラバババ!! 生徒会長VS幼なじみ,Light Novel,50,,2010,https://cdn.myanimelist.net/images/manga/2/179047l.jpg
2727,Toshokan Meikyuu to Danshou no Himegimi,,図書館迷宮と断章の姫君,Light Novel,50,,2010,https://cdn.myanimelist.net/images/manga/3/124909l.jpg
2727,Wagamama na Otoko,A Selfish Man,わがままな男,Manga,50,,2010,https://cdn.myanimelist.net/images/manga/1/305355l.jpg
2738,Bicycle 3000,,삼천리,Manhwa,49,,2010,https://cdn.myanimelist.net/images/manga/1/229833l.jpg
2738,Crimson Ogre,,クリムゾン・オーガ,Light Novel,49,,2010,https://cdn.myanimelist.net/images/manga/1/123685l.jpg
2738,"Hanamura Sakadana: Shouwa 50-nendai, Osaka",,はなむら酒店 昭和50年代、大阪,Manga,49,,2010,https://cdn.myanimelist.net/images/manga/1/151664l.jpg
2738,Hi no Hitsugi,,焔の柩,Manga,49,,2010,https://cdn.myanimelist.net/images/manga/2/85939l.jpg
2738,Keitai☆Guardian: Believe,,KEITAI☆ガーディアン-BELIEVE-,Manga,49,,2010,https://cdn.myanimelist.net/images/manga/2/81850l.jpg
2738,Langene x Code,,ランジーン×コード,Light Novel,49,,2010,https://cdn.myanimelist.net/images/manga/3/147387l.jpg
2738,Meijite! Fukujuu Fräulein: à la carte,,命じて！服従フロイライン あらかると,Light Novel,49,,2010,https://cdn.myanimelist.net/images/manga/3/163923l.jpg
2738,Oneechan ga Tabechau zo: Gao!,,お姉ちゃんが食べちゃうぞ がお！,Light Novel,49,,2010,https://cdn.myanimelist.net/images/manga/3/179046l.jpg
2738,Sheikh no Tawamure,The Sheikh's Innocent Bride,シークのたわむれ,Manga,49,,2010,https://cdn.myanimelist.net/images/manga/3/228787l.jpg
2738,Tsunmazo!!!: M Himesama no Taikan,,ツンマゾ!!! M姫様の戴冠,Light Novel,49,,2010,https://cdn.myanimelist.net/images/manga/3/189487l.jpg
2738,Wakaba-senpai Miman,,わかば先輩未満,Manga,49,,2010,https://cdn.myanimelist.net/images/manga/3/152635l.jpg
2749,Chikai no Hanki: Blood of Bahamut yori,,誓いの反旗 ~ブラッドオブバハムートより~,Manga,48,,2010,https://cdn.myanimelist.net/images/manga/2/110663l.jpg
2749,Chuu no Ge!,,中〈チュー〉の下！,Light Novel,48,,2010,https://cdn.myanimelist.net/images/manga/3/162579l.jpg
2749,Erotics x Angel,,ＥＲＯＴＩＣＳ×ＡＮＧＥＬ,Light Novel,48,,2010,https://cdn.myanimelist.net/images/manga/3/182085l.jpg
2749,Hoshigarimasen Shuukaku made wa,,欲しがりません収穫までは,Manga,48,,2010,https://cdn.myanimelist.net/images/manga/2/229886l.jpg
2749,Kamitsuki,,カミツキ,Manga,48,,2010,https://cdn.myanimelist.net/images/manga/1/175919l.jpg
2749,Layered Summer,,レイヤード・サマー,Light Novel,48,,2010,https://cdn.myanimelist.net/images/manga/2/164746l.jpg
2749,Mune no Kodou,Please Feel My Pulse,胸の鼓動,Manga,48,,2010,https://cdn.myanimelist.net/images/manga/3/276054l.jpg
2749,Oneechan datte Chijo ni Nareru mon!,,お姉ちゃんだって痴女になれるもん！,Light Novel,48,,2010,https://cdn.myanimelist.net/images/manga/1/179202l.jpg
2749,Otome Renshin Prister: Marian Load Hen,,乙女恋心(れんしん)プリスター マリアンロード編,Light Novel,48,,2010,https://cdn.myanimelist.net/images/manga/1/130339l.jpg
2749,Super Robot-ko Tetsujin 23-gou,,スーパーロボッ娘 鉄刃23号,Light Novel,48,,2010,https://cdn.myanimelist.net/images/manga/2/123075l.jpg
2749,Tenkuu no Lily,,天空のリリー,Light Novel,48,,2010,https://cdn.myanimelist.net/images/manga/1/131283l.jpg
2760,Chizuka Map,,ちづかマップ,Manga,47,,2010,https://cdn.myanimelist.net/images/manga/2/164343l.jpg
2760,Dakara Hoikushi wa Kunou suru.,That's Why Nursery Teachers Suffer,だから保育士は苦悩する。,Manga,47,,2010,https://cdn.myanimelist.net/images/manga/3/255675l.jpg
2760,Earthlight Wars: Warenu Shoujo to Semi no Ou,,アースライト・ウォーズ 割れぬ少女と蝉の王,Light Novel,47,,2010,https://cdn.myanimelist.net/images/manga/1/132797l.jpg
2760,Gengetsu no Pandora,,幻月のパンドオラ,Light Novel,47,,2010,https://cdn.myanimelist.net/images/manga/2/167534l.jpg
2760,Hexyz Force: Tokoyami no Daichi,,エクシズ・フォルス ―常闇の大地―,Manga,47,,2010,https://cdn.myanimelist.net/images/manga/3/162565l.jpg
2760,Hinata Café e Youkoso,,ひなたCafeへようこそ,Manga,47,,2010,https://cdn.myanimelist.net/images/manga/3/152844l.jpg
2760,Honey & Mustard 2.5,,ハニー&マスタード2.5,Doujinshi,47,,2010,https://cdn.myanimelist.net/images/manga/3/334449l.jpg
2760,Honey Cafe,Honey Cafe,はちみつカフェ,Manga,47,,2010,https://cdn.myanimelist.net/images/manga/3/35611l.jpg
2760,Ikenai Yuuwaku Mizugi: Gravure Idol no Satsuei Nikki,,いけない誘惑水着 グラビアアイドルの撮影日記,Light Novel,47,,2010,https://cdn.myanimelist.net/images/manga/2/169177l.jpg
2760,Joshikousei Reijou-tachi no Midara na Hoken Jisshuu,,女子校生令嬢たちの淫らな保健実習,Light Novel,47,,2010,https://cdn.myanimelist.net/images/manga/2/169178l.jpg
2760,Karada ga Oboeteru,,カラダがおぼえてる,Manga,47,,2010,https://cdn.myanimelist.net/images/manga/3/45209l.jpg
2760,Koishi Koishi,,こいし恋いし,Manga,47,,2010,https://cdn.myanimelist.net/images/manga/1/47069l.jpg
2760,Scylla Darkly,,スキュラ・ダークリー,Light Novel,47,,2010,https://cdn.myanimelist.net/images/manga/1/125775l.jpg
2760,Seitou Gijinka Seitou-tan,,政党擬人化政党たん,Manga,47,,2010,https://cdn.myanimelist.net/images/manga/2/96617l.jpg
2760,Yatsugibaya no Lily,,D・キッサン短編集 矢継ぎ早のリリー,Manga,47,,2010,https://cdn.myanimelist.net/images/manga/1/82846l.jpg
2775,Himiko!,Enshrined,秘巫女ッ!,Manga,46,,2010,https://cdn.myanimelist.net/images/manga/3/148773l.jpg
2775,Imouto Sensei Nagisa,,妹先生 渚,Manga,46,,2010,https://cdn.myanimelist.net/images/manga/2/263240l.jpg
2775,Koumei no Yome.,,孔明のヨメ。,Manga,46,,2010,https://cdn.myanimelist.net/images/manga/1/115621l.jpg
2775,Maison de Nagaya-san,,メゾン de 長屋さん,Manga,46,,2010,https://cdn.myanimelist.net/images/manga/1/262100l.jpg
2775,Mannequin Ningyou,Tailors' Dummies,マネキン人形,One-shot,46,,2010,https://cdn.myanimelist.net/images/manga/3/266430l.jpg
2775,Minerva to Chie no Ki: Ouroboros,Minerva and the Tree of Wisdom,ミネルヴァと智慧の樹―始原〈ウロボロス〉,Light Novel,46,,2010,https://cdn.myanimelist.net/images/manga/1/164252l.jpg
2775,Santousei no Spica,,三等星のスピカ,Manga,46,,2010,https://cdn.myanimelist.net/images/manga/2/205858l.jpg
2775,Tsunmazo!! Butouha Seitokaichou Datte M,,ツンマゾ!! 武闘派生徒会長だってM,Light Novel,46,,2010,https://cdn.myanimelist.net/images/manga/1/178993l.jpg
2783,"Aru Aki no Sotsugyoushiki to, Aruiwa Sora wo Miageru Anemoi to.",,ある秋の卒業式と、あるいは空を見上げるアネモイと。,Light Novel,45,,2010,https://cdn.myanimelist.net/images/manga/1/238637l.jpg
2783,Ayakashi Koi Kitan: Kokuryuu to Datenshi,,妖かし恋奇譚 黒龍と堕天使,Light Novel,45,,2010,https://cdn.myanimelist.net/images/manga/1/182569l.jpg
2783,Boku dake no Bakunyuu Ona-Maid dj - Tama Matsuri,,玉祭,Doujinshi,45,,2010,https://cdn.myanimelist.net/images/manga/1/305925l.jpg
2783,Cross Link: Zankyou Shoujo,,クロス・リンク~残響少女,Light Novel,45,,2010,https://cdn.myanimelist.net/images/manga/1/163568l.jpg
2783,Heian Onihime Soushi: Kami nagara Kamisabisesu to,,平安鬼姫草子 ～神ながら神さびせすと～,Light Novel,45,,2010,https://cdn.myanimelist.net/images/manga/2/176194l.jpg
2783,Iida Tanaka Sakashita,,飯田田中坂下,Manga,45,,2010,https://cdn.myanimelist.net/images/manga/2/66015l.jpg
2783,Itasha Musume,Itasha Girl,痛車娘。,Manga,45,,2010,https://cdn.myanimelist.net/images/manga/1/36884l.jpg
2783,Juuman Dollar no Date,The Bachelor Bid,十万ドルのデート,Manga,45,,2010,https://cdn.myanimelist.net/images/manga/2/180876l.jpg
2783,Natsumi Shanon to Fushigi na Sekai,,夏海紗音と不思議な世界,Light Novel,45,,2010,https://cdn.myanimelist.net/images/manga/3/162647l.jpg
2783,Oden no Hito,,おでんの人,Manga,45,,2010,https://cdn.myanimelist.net/images/manga/1/59193l.jpg
2783,Sabaku no Bara to Umi no Hoshi,,砂漠の薔薇と海の星,Light Novel,45,,2010,https://cdn.myanimelist.net/images/manga/2/157872l.jpg
2783,Tenkyuu no Kamui,,天穹のカムイ,Light Novel,45,,2010,https://cdn.myanimelist.net/images/manga/1/164474l.jpg
2783,Tsunmazo!!!!: Shimai de Dorei Shigan,,ツンマゾ!!!! 姉妹でドレイ志願,Light Novel,45,,2010,https://cdn.myanimelist.net/images/manga/2/189482l.jpg
2783,Viking no Hanayome-tachi,Viking Brides,バイキングの花嫁たち,Manga,45,,2010,https://cdn.myanimelist.net/images/manga/1/228807l.jpg
2797,Aan Mucchiri Kyonyuu Oneesan: Uchiawase de Good Job! no Maki,,あぁんムッチリ巨乳お姉さん～打合せでgood job！の巻～(2),One-shot,44,,2010,https://cdn.myanimelist.net/images/manga/3/328450l.jpg
2797,Cerulean no Sora no Kanata ni: Kuro Hakushaku ni Aisarete,,セルリアンの空の彼方に 黒伯爵に愛されて,Light Novel,44,,2010,https://cdn.myanimelist.net/images/manga/1/182453l.jpg
2797,Dandarin 101,,ダンダリン一〇一,Manga,44,,2010,https://cdn.myanimelist.net/images/manga/1/225527l.jpg
2797,Joou-sama no Wagamama,It's a Woman's Prerogative...,女王様のワガママ,Manga,44,,2010,https://cdn.myanimelist.net/images/manga/3/144035l.jpg
2797,Kawaisou na Mayumi-san,,かわいそうな真弓さん,Manga,44,,2010,https://cdn.myanimelist.net/images/manga/1/229145l.jpg
2797,Patchwork! Wanderland,,パッチワーク！ワンダーランド,Light Novel,44,,2010,https://cdn.myanimelist.net/images/manga/2/163958l.jpg
2797,Playboy Hakushaku no Junai,,プレイボーイ伯爵の純愛,Light Novel,44,,2010,https://cdn.myanimelist.net/images/manga/2/181986l.jpg
2797,"Yoru, Anata no Amai Koe",Your Treacle Affects at Night,夜、あなたの甘い声,Manga,44,,2010,https://cdn.myanimelist.net/images/manga/2/266606l.jpg
2797,Zako Kamisama,,雑魚神様,Light Novel,44,,2010,https://cdn.myanimelist.net/images/manga/2/134865l.jpg
2806,Kidou Senshi Gundam Unicorn: Hoshizuki no Kakera,Mobile Suit Gundam Unicorn: The Truth of E.F.F.,機動戦士ガンダムUC 星月の欠片,Manga,43,,2010,https://cdn.myanimelist.net/images/manga/3/320812l.jpg
2806,Mikhail Jogakuin: Reido no Shukusai,,ミハエル女学院 隷奴の祝祭,Light Novel,43,,2010,https://cdn.myanimelist.net/images/manga/1/169278l.jpg
2806,Shinsetsu! Sakamocchan,,新説!さかもっちゃん,Manga,43,,2010,https://cdn.myanimelist.net/images/manga/1/216241l.jpg
2806,Shiritsu Oyome-sama Gakuen,,私立お嫁さま学園,Light Novel,43,,2010,https://cdn.myanimelist.net/images/manga/1/189490l.jpg
2806,Trinity Romance: Suzuran no Hanayome to Futago Prince,,トリニティ・ロマンス 鈴蘭の花嫁と双子プリンス,Light Novel,43,,2010,https://cdn.myanimelist.net/images/manga/1/181731l.jpg
2806,Tsubame no Suu,,つばめのすぅ,Manga,43,,2010,https://cdn.myanimelist.net/images/manga/3/53983l.jpg
2806,Vandal Garougai no Kiseki,,ヴァンダル画廊街の奇跡,Light Novel,43,,2010,https://cdn.myanimelist.net/images/manga/3/164308l.jpg
2806,Wandervogel,,Wandervogel,Light Novel,43,,2010,https://cdn.myanimelist.net/images/manga/3/175947l.jpg
2806,Young-kun,Young-kun,ヤングくん,Manga,43,,2010,https://cdn.myanimelist.net/images/manga/1/45449l.jpg
2806,Yoyuu Shakushaku,,よゆう酌々,Manga,43,,2010,https://cdn.myanimelist.net/images/manga/3/195396l.jpg
2816,Chonmage Purin,,ちょんまげぷりん,Manga,42,,2010,https://cdn.myanimelist.net/images/manga/2/152139l.jpg
2816,Hitori Asobi,,ひとりあそび,Manga,42,,2010,https://cdn.myanimelist.net/images/manga/3/228521l.jpg
2816,Kanojo to Order to Yasashii Uso,,カノジョとオーダーとやさしい嘘,Light Novel,42,,2010,https://cdn.myanimelist.net/images/manga/3/131003l.jpg
2816,"Kidou Senshi Gundam Unicorn: ""Sodetsuki"" no Kitsukichou wa Uta Utau",Mobile Suit Gundam Unicorn: The Noble Shroud,機動戦士ガンダムUC 『袖付き』の機付長は詩詠う,Manga,42,,2010,https://cdn.myanimelist.net/images/manga/1/317429l.jpg
2816,Love Comedy Kinshi desu no!,,ラブコメ禁止ですの！,Light Novel,42,,2010,https://cdn.myanimelist.net/images/manga/3/179138l.jpg
2816,Mizuchidou Houfukuroku,,蛟堂報復録,Manga,42,,2010,https://cdn.myanimelist.net/images/manga/2/206751l.jpg
2816,Seishaku no Isanatori,,星灼のイサナトリ,Light Novel,42,,2010,https://cdn.myanimelist.net/images/manga/1/164116l.jpg
2816,Shirasagi Konoha ni Sonoke wa Nai!,,白鷺このはにその気はない！,Light Novel,42,,2010,https://cdn.myanimelist.net/images/manga/3/119811l.jpg
2816,Soredemo Koishite Ii desho,,それでも恋していいでしょ,Manga,42,,2010,https://cdn.myanimelist.net/images/manga/2/63159l.jpg
2816,Tenohira Pachipachi,,てのひらパチパチ,One-shot,42,,2010,https://cdn.myanimelist.net/images/manga/3/316908l.jpg
2826,2-kai no Maria,Maria Lives Upstairs,2階のマリア,Manga,41,,2010,https://cdn.myanimelist.net/images/manga/1/294332l.jpg
2826,Keiyaku no Kiss: Daifugou to Kizoku Reijou,,契約のキス 大富豪と貴族令嬢,Light Novel,41,,2010,https://cdn.myanimelist.net/images/manga/1/153326l.jpg
2826,Ohisama no Shita no Luna,,お陽様の下のルナ,Manga,41,,2010,https://cdn.myanimelist.net/images/manga/1/95341l.jpg
2826,Ososugita Hatsukoi,,遅すぎた初恋,Manga,41,,2010,https://cdn.myanimelist.net/images/manga/2/97115l.jpg
2826,Para☆Labo,,パラ☆ラボ,Manga,41,,2010,https://cdn.myanimelist.net/images/manga/3/173157l.jpg
2826,Warawanai Kagakusha to Mahoutsukai Series,,笑わない科学者と魔法使いシリーズ,Light Novel,41,,2010,https://cdn.myanimelist.net/images/manga/2/163571l.jpg
2832,Hakouji Neruno to Daten Ressha Jiken,,破小路〈はこうじ〉ねるのと堕天〈だてん〉列車事件,Light Novel,40,,2010,https://cdn.myanimelist.net/images/manga/1/138715l.jpg
2832,Kill Love,,キル・ラブ,Manga,40,,2010,https://cdn.myanimelist.net/images/manga/2/262096l.jpg
2832,La Vie en Bouzu,,ラ・ヴィアン坊主,Manga,40,,2010,https://cdn.myanimelist.net/images/manga/2/165076l.jpg
2832,Saihate Keisatsu,,最果警察,Manga,40,,2010,https://cdn.myanimelist.net/images/manga/3/61739l.jpg
2832,Sawai-ke no Gohan wa Musuko no Hikari ga Tsuketteiru.,,澤飯家のごはんは息子の光がつくっている。,Manga,40,,2010,https://cdn.myanimelist.net/images/manga/2/164345l.jpg
2832,Shadow Homestay,,シャドウ・ホームステイ,Light Novel,40,,2010,https://cdn.myanimelist.net/images/manga/1/119815l.jpg
2832,Shounen Tengusa no Shoppai Jumon,,少年テングサのしょっぱい呪文,Light Novel,40,,2010,https://cdn.myanimelist.net/images/manga/2/164389l.jpg
2839,Kawaikute Shikatanai,,可愛くてしかたない,Manga,39,,2010,https://cdn.myanimelist.net/images/manga/3/228247l.jpg
2839,Makai Tantei Meiousei O,,魔界探偵 冥王星Ｏ,Novel,39,,2010,https://cdn.myanimelist.net/images/manga/3/317741l.jpg
2839,Mermaid Auction: Hakushaku ga Aishita Ningyo-hime,,マーメイド・オークション 伯爵が愛した人魚姫,Light Novel,39,,2010,https://cdn.myanimelist.net/images/manga/2/182841l.jpg
2839,Saku Hana,,咲く華,Manga,39,,2010,https://cdn.myanimelist.net/images/manga/1/38420l.jpg
2839,Sakurairo Koikaden: Gekka no Konrei,,桜色恋花伝 月下の婚礼,Light Novel,39,,2010,https://cdn.myanimelist.net/images/manga/1/182390l.jpg
2839,She Must Die,,シー・マスト・ダイ,Light Novel,39,,2010,https://cdn.myanimelist.net/images/manga/2/151973l.jpg
2839,Yawaraka na Toge,,やわらかな棘,Manga,39,,2010,https://cdn.myanimelist.net/images/manga/1/31277l.jpg
2839,Youki no Straight,Youki's Fastball,YOUKIの直球〈ストレート〉,Manga,39,,2010,https://cdn.myanimelist.net/images/manga/2/242624l.jpg
2847,"Hai, Kochira Tantei-bu desu",,はい、こちら探偵部です,Light Novel,38,,2010,https://cdn.myanimelist.net/images/manga/3/144247l.jpg
2847,Hush!,Hush!,HUSH!,Manga,38,,2010,https://cdn.myanimelist.net/images/manga/2/288595l.jpg
2847,Kakusei Idenshi,,～覚醒遺伝子～,Light Novel,38,,2010,https://cdn.myanimelist.net/images/manga/2/164676l.jpg
2847,Kanjiru Oppai Hatsuikuchuu♡,,感じるおっぱい発育中♡,Manga,38,,2010,https://cdn.myanimelist.net/images/manga/1/279027l.jpg
2847,Kanojo to Ninin de [C] Taiken!,,彼女と二人で「C」体験！,Light Novel,38,,2010,https://cdn.myanimelist.net/images/manga/3/162979l.jpg
2847,Manga Grimm Douwa: Chuugoku Zangyaku Hiden,The Tales of Chinese Cruel Queens,まんがグリム童話 中国残虐妃伝,Manga,38,,2010,https://cdn.myanimelist.net/images/manga/1/137371l.jpg
2847,Renai Complex,Love Complex,恋愛コンプレックス,Manga,38,,2010,https://cdn.myanimelist.net/images/manga/1/256802l.jpg
2847,Shobo-nyan,,しょぼにゃん,Manga,38,,2010,https://cdn.myanimelist.net/images/manga/1/167153l.jpg
2847,Tenshi kara Hyakunen,,天使から百年,Light Novel,38,,2010,https://cdn.myanimelist.net/images/manga/2/162637l.jpg
2856,Hakushaku Hime: Satsui ga Koi ni Naru Setsuna,,伯爵姫 殺意が恋になる刹那,Light Novel,37,,2010,https://cdn.myanimelist.net/images/manga/3/182149l.jpg
2856,Migawari Hanayome Alice: Oujisama to Ikinari Kekkon!?,,身代わり花嫁アリス 王子様といきなり結婚!?,Light Novel,37,,2010,https://cdn.myanimelist.net/images/manga/2/182556l.jpg
2856,Momiji Ryouran,Maple Leaves,紅葉繚乱,Manga,37,,2010,https://cdn.myanimelist.net/images/manga/2/79515l.jpg
2856,Momotose Hanabi,,ももとせ花火,Light Novel,37,,2010,https://cdn.myanimelist.net/images/manga/3/162412l.jpg
2856,Mondai x Kyoudai,,モンダイ×キョーダイ,One-shot,37,,2010,https://cdn.myanimelist.net/images/manga/1/243294l.jpg
2856,Yoru no Fuuki Iin Mitarashi Hanako-san,,夜の風紀委員 御手洗華子さん,Manga,37,,2010,https://cdn.myanimelist.net/images/manga/3/36767l.jpg
2862,Gakuyaura: Binbou Himanashi-hen,,楽屋裏―貧乏暇なし編―,Manga,36,,2010,https://cdn.myanimelist.net/images/manga/2/170043l.jpg
2862,Grimm Douwa: Sakaguchi Naomi Sakuhinshuu,,グリム童話 阪口ナオミ 作品集,Manga,36,,2010,https://cdn.myanimelist.net/images/manga/1/137475l.jpg
2862,Hanatori Kazetsuki: Bokutachi no Hatsukoi Kitan,The Beauties of Nature,花鳥風月～ぼくたちの初恋綺譚～,Manga,36,,2010,https://cdn.myanimelist.net/images/manga/3/284987l.jpg
2862,Hotel-ou,,ホテル王,Light Novel,36,,2010,https://cdn.myanimelist.net/images/manga/3/182384l.jpg
2862,Prave!,,ぷれいぶっ！,Light Novel,36,,2010,https://cdn.myanimelist.net/images/manga/2/164373l.jpg
2862,Sengoku Bikiden Kashura,,戦国美姫伝花修羅,Manga,36,,2010,https://cdn.myanimelist.net/images/manga/2/282903l.jpg
2868,Anata to Watashi no Koi Moyou,Love Story Between You & Me,あなたと私の恋模様,Manga,35,,2010,https://cdn.myanimelist.net/images/manga/2/296058l.jpg
2868,Dramatic Days,,ドラマチック・デイズ,Manga,35,,2010,https://cdn.myanimelist.net/images/manga/1/288436l.jpg
2868,Grimm Douwa: Watanabe Yaoyoi Sakuhinshuu 1,,グリム童話 渡辺やよい 作品集,Manga,35,,2010,https://cdn.myanimelist.net/images/manga/1/136089l.jpg
2868,Honoo no Dress no Yuuwaku,"Innocent Mistress, Royal Wife",炎のドレスの誘惑,Manga,35,,2010,https://cdn.myanimelist.net/images/manga/3/247137l.jpg
2868,Ichigo Suikoden,,いちご水滸伝,Light Novel,35,,2010,https://cdn.myanimelist.net/images/manga/3/160069l.jpg
2868,Lost Planet: Bound Raven,,ロストプラネットバウンドレイブン,Manga,35,,2010,https://cdn.myanimelist.net/images/manga/3/104503l.jpg
2868,Onaji Kakera de Dekiteiru,,同じかけらでできている,Manga,35,,2010,https://cdn.myanimelist.net/images/manga/1/245800l.jpg
2868,Yukiguni,,雪国,Manga,35,,2010,https://cdn.myanimelist.net/images/manga/3/239930l.jpg
2876,Damashie no Kuni no Vanessa,,騙し絵の国のヴァネッサ,Light Novel,34,,2010,https://cdn.myanimelist.net/images/manga/2/181728l.jpg
2876,Danshi★Gohan,,男子★ごはん,Doujinshi,34,,2010,https://cdn.myanimelist.net/images/manga/3/239326l.jpg
2876,Grimm Douwa: Watanabe Yaoyoi Sakuhinshuu 2,,グリム童話 渡辺やよい 作品集2,Manga,34,,2010,https://cdn.myanimelist.net/images/manga/1/136091l.jpg
2876,Kingin Sunago,,金銀砂子,Manga,34,,2010,https://cdn.myanimelist.net/images/manga/2/170062l.jpg
2876,Manatsu no Yoru no Inmu,,真夏の夜の淫夢,Manga,34,,2010,https://cdn.myanimelist.net/images/manga/1/192805l.jpg
2881,Bara wa Amaku Midara ni Yuuwaku suru,,薔薇は甘く淫らに誘惑する,Light Novel,33,,2010,https://cdn.myanimelist.net/images/manga/1/182840l.jpg
2881,Hana no Kimi,,花の君,Manga,33,,2010,https://cdn.myanimelist.net/images/manga/2/260715l.jpg
2881,Houkago no Pianist,,放課後のピアニスト,Manga,33,,2010,https://cdn.myanimelist.net/images/manga/2/137243l.jpg
2881,Kuni no Mahoroba,,くにのまほろば,Manga,33,,2010,https://cdn.myanimelist.net/images/manga/1/178121l.jpg
2881,Princess Ring: Ouji to Torawareta Himegimi,,プリンセス・リング 皇子と囚われた姫君,Light Novel,33,,2010,https://cdn.myanimelist.net/images/manga/2/182204l.jpg
2881,Saki-chan to Tennen-san,,サキちゃんと天然さん,Light Novel,33,,2010,https://cdn.myanimelist.net/images/manga/2/175943l.jpg
2881,Sukima Onna (Habahiro),,隙間女 (幅広),Light Novel,33,,2010,https://cdn.myanimelist.net/images/manga/2/164672l.jpg
2881,Tenshi ga Kureta Chance,Prince Baby,天使がくれたチャンス,Manga,33,,2010,https://cdn.myanimelist.net/images/manga/1/227488l.jpg
2889,Chimakoma: 4-koma Gekijou,,ちまこま 4コマ劇場,Doujinshi,32,,2010,https://cdn.myanimelist.net/images/manga/3/155467l.jpg
2889,Fukuemon Race: Yukimura Alto Sakuhinshuu,,福衛門レース ―幸村アルト作品集―,Manga,32,,2010,https://cdn.myanimelist.net/images/manga/2/295339l.jpg
2889,Kyou no Nyako-tan,,きょうのにゃこ譚,Manga,32,,2010,https://cdn.myanimelist.net/images/manga/2/237078l.jpg
2892,Gentil Oukoku Monogatari: Aka no Otome ni Shirobara wo,,ジャンティ王国物語 紅の乙女に白薔薇を,Light Novel,31,,2010,https://cdn.myanimelist.net/images/manga/3/182557l.jpg
2892,Lady Marianne Series,,レディ・マリアーヌシリーズ,Light Novel,31,,2010,https://cdn.myanimelist.net/images/manga/3/165953l.jpg
2892,Natsuyume Nagisa: Nostalgie,,ナツユメナギサ ～NOSTALGIE～,Light Novel,31,,2010,https://cdn.myanimelist.net/images/manga/3/237060l.jpg
2892,Princess Ring: Seikyoukai no Ryouai,,プリンセス・リング 聖教会の凌愛,Light Novel,31,,2010,https://cdn.myanimelist.net/images/manga/1/182205l.jpg
2892,Ryuu no Inai Oukoku,,竜のいない王国,Light Novel,31,,2010,https://cdn.myanimelist.net/images/manga/3/182261l.jpg
2897,Kokoro Curtain,,ココロカーテン,Manga,30,,2010,https://cdn.myanimelist.net/images/manga/1/285810l.jpg
2897,Naisho no Hanashi: Yamamoto Lunlun Sakuhinshuu,,ないしょの話 山本ルンルン作品集,Manga,30,,2010,https://cdn.myanimelist.net/images/manga/2/301614l.jpg
2897,Surikawatta Koi,Rosabelle,すり替わった恋,Manga,30,,2010,https://cdn.myanimelist.net/images/manga/3/229508l.jpg
2897,Tsuki no Hitomi no Ezer,,月の瞳のエゼル,Light Novel,30,,2010,https://cdn.myanimelist.net/images/manga/1/151141l.jpg
2901,Hikari no Oujo to Honoo no Ouji: Koi wa Midara na Keiyaku kara,,光の王女と炎の王子 恋は淫らな契約から,Light Novel,29,,2010,https://cdn.myanimelist.net/images/manga/3/182260l.jpg
2901,Kuru-Mix,,くるみっくす,Manga,29,,2010,https://cdn.myanimelist.net/images/manga/1/35609l.jpg
2901,Lion,Lion,ライオン,Manga,29,,2010,https://cdn.myanimelist.net/images/manga/2/291275l.jpg
2901,Mimi wa Wasurenai,Listening Is Remembering,耳は忘れない,Manga,29,,2010,https://cdn.myanimelist.net/images/manga/3/318332l.jpg
2901,Oboreru hodo Hana wo Ageru: Seijin wa Hanayome wo Ubau,,溺れるほど花をあげる 聖人は花嫁を奪う,Light Novel,29,,2010,https://cdn.myanimelist.net/images/manga/1/182729l.jpg
2906,Mesupako♥Nikki,Diary of Female Sex♥,メスパコ♥日記,Manga,28,,2010,https://cdn.myanimelist.net/images/manga/3/326282l.jpg
2906,Mitsuai,,密愛,Light Novel,28,,2010,https://cdn.myanimelist.net/images/manga/1/192973l.jpg
2906,Obahan Soul,,オバハンSOUL,Manga,28,,2010,https://cdn.myanimelist.net/images/manga/3/258659l.jpg
2906,Oshie Syllabus,Syllabus of Oshie,オシエシラバス,Manga,28,,2010,https://cdn.myanimelist.net/images/manga/1/257735l.jpg
2906,Soukyuu Koihime,,蒼穹恋姫,Light Novel,28,,2010,https://cdn.myanimelist.net/images/manga/2/182455l.jpg
2911,Corbeille Doll: Sekai sae Horoboseru Daimahoutsukai ni Totsuida Hime no Monogatari,,金の籠〈コルベイユドール〉 世界さえ滅ぼせる大魔法使いに嫁いだ姫の物語,Light Novel,27,,2010,https://cdn.myanimelist.net/images/manga/3/182558l.jpg
2911,Grimm Douwa: Iwamoto Reiko Sakuhinshuu,,グリム童話 岩本麗子 作品集,Manga,27,,2010,https://cdn.myanimelist.net/images/manga/1/137473l.jpg
2911,Limited Weapon,,소년전[Limit],Manhwa,27,,2010,https://cdn.myanimelist.net/images/manga/2/291946l.jpg
2911,Mahouhime no Kekkon: Honoo no Ou to Amethyst no Hanayome,,魔法姫の結婚 炎の王と〈アメジスト〉紫水晶の花嫁,Light Novel,27,,2010,https://cdn.myanimelist.net/images/manga/1/182118l.jpg
2911,Sensei to Boku: Natsume Souseki wo Kakomu Hitobito,,先生と僕～夏目漱石を囲む人々～,Manga,27,,2010,https://cdn.myanimelist.net/images/manga/3/192287l.jpg
2916,Grimm Douwa: Hitomi Akiko Sakuhinshuu,,グリム童話 瞳あきこ 作品集,Manga,26,,2010,https://cdn.myanimelist.net/images/manga/2/137477l.jpg
2916,"Hakuchou no Kikoushi, Kokuchou no Kikoushi: Hanayome wa Nido Aisareru",,白鳥の貴公子、黒鳥の貴公子 花嫁は二度愛される,Light Novel,26,,2010,https://cdn.myanimelist.net/images/manga/1/182838l.jpg
2916,Oushuu Youitan,,欧州妖異譚,Light Novel,26,,2010,https://cdn.myanimelist.net/images/manga/2/239240l.jpg
2919,Nekketsu! (Kibou) Taiga-sensei!!,,熱血!(希望) 大河先生!!,One-shot,25,,2010,https://cdn.myanimelist.net/images/manga/1/328445l.jpg
2919,Zankoku na Hatsukoi,The Pregnancy Affair,残酷な初恋,Manga,25,,2010,https://cdn.myanimelist.net/images/manga/2/227299l.jpg
2921,Chouyaku Gorin no Sho,,超訳 五輪書,Manga,24,,2010,https://cdn.myanimelist.net/images/manga/1/248068l.jpg
2921,Gone,,GONE,Manhwa,24,,2010,https://cdn.myanimelist.net/images/manga/2/333105l.jpg
2921,Grimm Douwa: Mikiuchi Maya Sakuhinshuu,,グリム童話 三木内麻耶 作品集,Manga,24,,2010,https://cdn.myanimelist.net/images/manga/3/137479l.jpg
2921,Hatsukoi ga Minoru Toki,Seducing Mr. Right,初恋が実るとき,Manga,24,,2010,https://cdn.myanimelist.net/images/manga/3/236009l.jpg
2921,Hengen Taima Yakou Karura Mau! Shoutoku Taishi no Jujutsu-hen,,変幻退魔夜行 カルラ舞う! 聖徳太子の呪術編,Manga,24,,2010,https://cdn.myanimelist.net/images/manga/2/301324l.jpg
2921,Meisou Kiss x Mousou Kiss: Atashi wo Madowasu Futatsu no Kuchibiru,,迷走キス×妄想キス あたしを惑わすふたつの唇,Light Novel,24,,2010,https://cdn.myanimelist.net/images/manga/2/193137l.jpg
2921,Nayameru Josai no Midori no Kisetsu,,悩める助祭の緑の季節,Light Novel,24,,2010,https://cdn.myanimelist.net/images/manga/3/241076l.jpg
2921,Sabotage,,サボタージュ,One-shot,24,,2010,https://cdn.myanimelist.net/images/manga/1/320674l.jpg
2921,Shinshoku suru Ai:  Sono Yubisaki ni Oborete,,侵蝕する愛―その指先に溺れて,Light Novel,24,,2010,https://cdn.myanimelist.net/images/manga/2/193009l.jpg
2921,Shousetsu Candy Candy: Final Story,,小説 キャンディ･キャンディ FINAL STORY,Novel,24,,2010,https://cdn.myanimelist.net/images/manga/1/255666l.jpg
2931,"Mitsuetsu: Ouji no Dekiai, Hanayome no Yuetsu",,蜜月 王子の溺愛、花嫁の愉悦,Light Novel,23,,2010,https://cdn.myanimelist.net/images/manga/1/182264l.jpg
2932,Hanamura Sanjussai,,ハナムラさんじゅっさい,Manga,22,,2010,https://cdn.myanimelist.net/images/manga/2/307388l.jpg
2932,Ningen Shikkaku,Osamu Dazai's No Longer Human: The Manga Edition,人間失格,Manga,22,,2010,https://cdn.myanimelist.net/images/manga/2/345198l.jpg
2934,Kaettekita Shishaku,The Rake's Secret Son,帰ってきた子爵,Manga,21,,2010,https://cdn.myanimelist.net/images/manga/1/229668l.jpg
2934,M.I.L.F Romance,,M.I.L.F ROMANCE,Doujinshi,21,,2010,https://cdn.myanimelist.net/images/manga/2/316051l.jpg
2936,Puni-chan,,プニちゃん,Manga,20,,2010,https://cdn.myanimelist.net/images/manga/2/340961l.jpg
2936,Reset,,リセット,Light Novel,20,,2010,https://cdn.myanimelist.net/images/manga/1/237966l.jpg
2936,Saint Teresa of Ávila: God's Troublemaker,Saint Teresa of Ávila: God's Troublemaker,아빌라의 성녀 데레사,Manhwa,20,,2010,https://cdn.myanimelist.net/images/manga/2/291823l.jpg
2939,God Is Love,,"하나님, 연애하다",Manhwa,19,,2010,https://cdn.myanimelist.net/images/manga/2/287883l.jpg
2939,Kyonyuu Mama to Kinshin Soukan,,巨乳ママと近親相姦,Manga,19,,2010,https://cdn.myanimelist.net/images/manga/3/342306l.jpg
2939,Mon,,門,Manga,19,,2010,https://cdn.myanimelist.net/images/manga/1/284044l.jpg
2939,One Winter,,겨울하나,Manhwa,19,,2010,https://cdn.myanimelist.net/images/manga/1/334249l.jpg
2939,Renai Hisshou no Housoku,The Marriage Campaign,恋愛必勝の法則,Manga,19,,2010,https://cdn.myanimelist.net/images/manga/3/257617l.jpg
2944,Akatsuki no Koiuta,Christmas at Wayfarer Inn,暁の恋歌,Manga,18,,2010,https://cdn.myanimelist.net/images/manga/2/307090l.jpg
2944,Tonari no Ana,,となりの穴,One-shot,18,,2010,https://cdn.myanimelist.net/images/manga/2/205367l.jpg
2944,if no Frame,"Frame of ""if""",ifの額縁〈フレーム〉,Manga,18,,2010,https://cdn.myanimelist.net/images/manga/2/295812l.jpg
2947,Magnolia ni Towa no Ai wo,Eternal Love Under the Magnolia Tree,マグノリアに永遠〈とわ〉の愛を,Manga,17,,2010,https://cdn.myanimelist.net/images/manga/2/271764l.jpg
2947,Nochi no Kousetsu Hyakumonogatari,,後巷説百物語,Manga,17,,2010,https://cdn.myanimelist.net/images/manga/3/329542l.jpg
2947,Soushoku-kei Danshi,,曹植系男子,Manga,17,,2010,https://cdn.myanimelist.net/images/manga/1/320507l.jpg
2950,Makai Tantei Meiousei O: Violin no V,,魔界探偵 冥王星O ヴァイオリンのV,Manga,16,,2010,https://cdn.myanimelist.net/images/manga/1/317749l.jpg
2950,My Love Tiger,,나와 호랑이님,Light Novel,16,,2010,https://cdn.myanimelist.net/images/manga/1/304461l.jpg
2952,Itsuka Kanau Yume,The Marriage Miracle,いつかかなう夢,Manga,15,,2010,https://cdn.myanimelist.net/images/manga/3/271798l.jpg
2953,Jigokuhen,Ryunosuke Akutagawa's Hell Screen: The Manga Edition,地獄変,Manga,14,,2010,https://cdn.myanimelist.net/images/manga/2/340579l.jpg
2954,Oujo to Maou (Kari),The Iron Fist Princess and Unconfirmed Demon Lord,殴女と魔王（仮）,Manga,13,,2010,https://cdn.myanimelist.net/images/manga/2/282561l.jpg
2954,Tsumi to Batsu,,罪と罰,Manga,13,,2010,https://cdn.myanimelist.net/images/manga/2/340415l.jpg
2956,Kateinai Seiai,Domesticated Sexual Love,家庭内性愛,Manga,12,,2010,https://cdn.myanimelist.net/images/manga/1/346524l.jpg
2956,Oda-kun to Hototogi-san,Oda and Hototogi,織田くんと蛍戸木さん,Doujinshi,12,,2010,https://cdn.myanimelist.net/images/manga/2/316325l.jpg
2956,Omurice Jamjam,,오무라이스 잼잼,Manhwa,12,,2010,https://cdn.myanimelist.net/images/manga/1/321055l.jpg
2956,Treasure Hunter 2,Treasure Hunter,트레져헌터2,Manhwa,12,,2010,https://cdn.myanimelist.net/images/manga/3/334583l.jpg
2960,Mama Milk Bokujou,Mama Milk Ranch,ママミルク牧場,Manga,11,,2010,https://cdn.myanimelist.net/images/manga/2/337054l.jpg
2960,Yoake no Toshokan,,夜明けの図書館,Manga,11,,2010,https://cdn.myanimelist.net/images/manga/3/344940l.jpg
2960,Yuniiru,,ゆにいる,Manga,11,,2010,https://cdn.myanimelist.net/images/manga/3/316271l.jpg
2963,Anti Lady,,안티 레이디,Manhwa,10,,2010,https://cdn.myanimelist.net/images/manga/3/337855l.jpg
2963,Mukoubuchi Gaiden: Ezaki,,むこうぶち外伝 EZAKI,Manga,10,,2010,https://cdn.myanimelist.net/images/manga/1/320655l.jpg
2963,Shayou,Osamu Dazai's The Setting Sun: The Manga Edition,斜陽,Manga,10,,2010,https://cdn.myanimelist.net/images/manga/2/345196l.jpg
2966,Carolaway,,CAROLAWAY,Manga,9,,2010,https://cdn.myanimelist.net/images/manga/3/348863l.jpg
2966,Cherry Blossom!,,チェリーブロッサム!,Manga,9,,2010,https://cdn.myanimelist.net/images/manga/1/344953l.jpg
2966,Kimi no Suki na Hana,,君の好きな花,One-shot,9,,2010,https://cdn.myanimelist.net/images/manga/1/340602l.jpg
2966,Torikago Miko to Seiken no Kishi,,鳥籠巫女と聖剣の騎士,Light Novel,9,,2010,https://cdn.myanimelist.net/images/manga/1/319254l.jpg
2970,Coração: Soccer Tamashii,,コラソン サッカー魂,Manga,6,,2010,https://cdn.myanimelist.net/images/manga/1/348176l.jpg
2970,Persona 3 Portable Anthology Comic,,ペルソナ3ポータブル アンソロジーコミック,Manga,6,,2010,https://cdn.myanimelist.net/images/manga/2/349792l.jpg
