rank,title,title_english,title_japanese,type,members,score,year,image_url
1,Omniscient Reader's Viewpoint,Omniscient Reader's Viewpoint,전지적 독자 시점,Novel,37442,9.03,2022,https://cdn.myanimelist.net/images/manga/1/265768l.jpg
2,Sayonara Eri,"Goodbye, Eri",さよなら絵梨,Manga,175261,8.63,2022,https://cdn.myanimelist.net/images/manga/3/263979l.jpg
3,One-Room TA,One-Room TA,원룸 조교님,Manhwa,3608,8.6,2022,https://cdn.myanimelist.net/images/manga/2/308543l.jpg
4,Reunion,Reunion,해후,Manhwa,1400,8.47,2022,https://cdn.myanimelist.net/images/manga/2/331105l.jpg
5,Sensou Kyoushitsu,The Bugle Call: Song of War,戦奏教室,Manga,21243,8.46,2022,https://cdn.myanimelist.net/images/manga/1/267772l.jpg
6,"Bungou Stray Dogs: Dazai, Chuuya, Juugosai","Bungo Stray Dogs: Dazai, Chuuya, Age Fifteen",文豪ストレイドッグス 太宰、中也、十五歳,Manga,3610,8.41,2022,https://cdn.myanimelist.net/images/manga/1/276010l.jpg
6,Pick Me Up,Pick Me Up,픽 미 업!,Manhwa,45564,8.41,2022,https://cdn.myanimelist.net/images/manga/2/337180l.jpg
8,Youkoso Jitsuryoku Shijou Shugi no Kyoushitsu e 0,,ようこそ実力至上主義の教室へ0,Light Novel,3715,8.35,2022,https://cdn.myanimelist.net/images/manga/2/295562l.jpg
9,"Tsuihou sareru Tabi ni Skill wo Te ni Ireta Ore ga, 100 no Isekai de 2-shuume Musou",,追放されるたびにスキルを手に入れた俺が、100の異世界で2周目無双,Manga,21414,8.34,2022,https://cdn.myanimelist.net/images/manga/1/278728l.jpg
10,Merry Marbling,Merry Marbling,메리 마블링,Manhwa,2288,8.29,2022,https://cdn.myanimelist.net/images/manga/3/328217l.jpg
11,I Love Amy,I Love Amy,나는 에이미를 사랑해,Manhwa,8357,8.27,2022,https://cdn.myanimelist.net/images/manga/2/311477l.jpg
12,Smyrna and Capri,Smyrna and Capri,스미르나 앤 카프리,Manhwa,1999,8.26,2022,https://cdn.myanimelist.net/images/manga/2/346934l.jpg
13,Super no Ura de Yani Suu Futari,Smoking Behind the Supermarket with You,スーパーの裏でヤニ吸うふたり,Manga,76458,8.22,2022,https://cdn.myanimelist.net/images/manga/3/267255l.jpg
14,Debut or Die!,Debut or Die!,데뷔 못 하면 죽는 병 걸림,Manhwa,6169,8.21,2022,https://cdn.myanimelist.net/images/manga/3/283354l.jpg
15,Gachiakuta,Gachiakuta,ガチアクタ,Manga,109573,8.18,2022,https://cdn.myanimelist.net/images/manga/1/259583l.jpg
16,Akane-banashi,Akane-banashi,あかね噺,Manga,39587,8.15,2022,https://cdn.myanimelist.net/images/manga/3/261832l.jpg
17,Muse on Fame,Muse on Fame,뮤즈 온 유명,Manhwa,4075,8.14,2022,https://cdn.myanimelist.net/images/manga/2/279732l.jpg
18,Our Secret Alliance,Our Secret Alliance,가짜 동맹,Manhwa,9237,8.13,2022,https://cdn.myanimelist.net/images/manga/3/297993l.jpg
19,The Ghost's Nocturne,The Ghost's Nocturne,귀야곡,Manhwa,3011,8.1,2022,https://cdn.myanimelist.net/images/manga/1/315518l.jpg
20,Otonari no Tenshi-sama ni Itsunomanika Dame Ningen ni Sareteita Ken,The Angel Next Door Spoils Me Rotten,お隣の天使様にいつの間にか駄目人間にされていた件,Manga,23319,8.09,2022,https://cdn.myanimelist.net/images/manga/2/265701l.jpg
21,Usuzumi no Hate,The Color of the End: Mission in the Apocalypse,ウスズミの果て,Manga,21758,8.08,2022,https://cdn.myanimelist.net/images/manga/2/280024l.jpg
22,Class de 2-banme ni Kawaii Onnanoko to Tomodachi ni Natta,I Made Friends with the Second Prettiest Girl in My Class,クラスで２番目に可愛い女の子と友だちになった,Manga,25109,8.06,2022,https://cdn.myanimelist.net/images/manga/3/277676l.jpg
22,Mother's Contract Marriage,Mother's Contract Marriage,엄마가 계약결혼 했다,Manhwa,8414,8.06,2022,https://cdn.myanimelist.net/images/manga/3/273920l.jpg
22,"Shinimodori no Mahou Gakkou Seikatsu wo, Moto Koibito to Prologue kara (※Tadashi Koukando wa Zero)",Re-Living My Life with a Boyfriend Who Doesn't Remember Me,死に戻りの魔法学校生活を、元恋人とプロローグから（※ただし好感度はゼロ）,Manga,5041,8.06,2022,https://cdn.myanimelist.net/images/manga/3/258257l.jpg
25,Lycoris Recoil,Lycoris Recoil,リコリス・リコイル,Manga,6741,8.05,2022,https://cdn.myanimelist.net/images/manga/1/273500l.jpg
25,The Broken Ring: This Marriage Will Fail Anyway,The Broken Ring: This Marriage Will Fail Anyway,이 결혼은 어차피 망하게 되어있다,Manhwa,12399,8.05,2022,https://cdn.myanimelist.net/images/manga/2/289064l.jpg
27,Boku no Papa to Papa no Hanashi,All About My Two Dads,ぼくのパパとパパの話,Manga,1719,8.04,2022,https://cdn.myanimelist.net/images/manga/3/276483l.jpg
27,Konjiki no Gash!! 2,,金色のガッシュ!! 2,Manga,4716,8.04,2022,https://cdn.myanimelist.net/images/manga/2/269154l.jpg
29,Lout of Count's Family,Lout of Count's Family,백작가의 망나니가 되었다,Novel,1827,8.02,2022,https://cdn.myanimelist.net/images/manga/1/278055l.jpg
30,Museru kurai no Ai wo Ageru,Choking on Love,むせるくらいの愛をあげる,Manga,19422,7.99,2022,https://cdn.myanimelist.net/images/manga/3/279612l.jpg
31,Tyrant of the Tower Defense Game,Tyrant of the Tower Defense Game,디펜스 게임의 폭군이 되었다,Manhwa,18041,7.98,2022,https://cdn.myanimelist.net/images/manga/1/272335l.jpg
32,Maybe Meant to Be,Maybe Meant to Be,어쩌다보니 천생연분,Manhwa,30368,7.96,2022,https://cdn.myanimelist.net/images/manga/3/313319l.jpg
33,Hoshikuzu Kazoku,Stardust Family,星屑家族,Manga,3455,7.95,2022,https://cdn.myanimelist.net/images/manga/1/288463l.jpg
33,Marriage of Convenience,Marriage of Convenience,결혼 장사,Manhwa,15943,7.95,2022,https://cdn.myanimelist.net/images/manga/1/311272l.jpg
35,Dungeon Odyssey,Dungeon Odyssey,던전 견문록,Manhwa,19796,7.94,2022,https://cdn.myanimelist.net/images/manga/2/269948l.jpg
35,Nigoru Hitomi de Nani wo Negau: Highserk Senki,Record of Highserk War,濁る瞳で何を願う ハイセルク戦記,Manga,12897,7.94,2022,https://cdn.myanimelist.net/images/manga/3/269765l.jpg
35,Otaku Tomodachi to no Sex wa Saikou ni Kimochi Ii,,オタク友達とのセックスは最高に気持ちいい,Doujinshi,1664,7.94,2022,https://cdn.myanimelist.net/images/manga/2/299592l.jpg
38,The Perks of Being a Villainess,The Perks of Being a Villainess,악녀라서 편하고 좋은데요?,Manhwa,13769,7.93,2022,https://cdn.myanimelist.net/images/manga/3/304917l.jpg
38,To Be an Actor,To Be an Actor,배우로서 살겠다,Manhwa,5584,7.93,2022,https://cdn.myanimelist.net/images/manga/3/277901l.jpg
40,Barbarian Quest,Barbarian Quest,바바리안 퀘스트,Manhwa,9749,7.92,2022,https://cdn.myanimelist.net/images/manga/3/267640l.jpg
41,The Perks of Being an S-Class Heroine,The Perks of Being an S-Class Heroine,빙의자를 위한 특혜,Manhwa,11889,7.91,2022,https://cdn.myanimelist.net/images/manga/1/265305l.jpg
42,Maru Is a Puppy,Maru Is a Puppy,마루는 강쥐,Manhwa,473,7.9,2022,https://cdn.myanimelist.net/images/manga/3/288740l.jpg
42,Punch Drunk Love,Punch Drunk Love,펀치 드렁크 러브,Manhwa,3113,7.9,2022,https://cdn.myanimelist.net/images/manga/2/273019l.jpg
44,Mission: Save the Hunter,Mission: Save the Hunter,유언 때문에 죽는 건 잠깐 미뤘습니다,Manhwa,993,7.89,2022,https://cdn.myanimelist.net/images/manga/1/331090l.jpg
45,I Don't Want to Play Matchmaker!,I Don't Want to Play Matchmaker!,오작교는 싫습니다,Manhwa,2807,7.86,2022,https://cdn.myanimelist.net/images/manga/1/273015l.jpg
46,Ending Maker,Ending Maker,엔딩메이커,Manhwa,14226,7.85,2022,https://cdn.myanimelist.net/images/manga/1/266272l.jpg
46,Shibou Yuugi de Meshi wo Kuu.,Playing Death Games to Put Food on the Table,死亡遊戯で飯を食う。,Light Novel,1954,7.85,2022,https://cdn.myanimelist.net/images/manga/2/284407l.jpg
48,Revelation of Youth,,청춘계시록,Manhwa,6204,7.84,2022,https://cdn.myanimelist.net/images/manga/2/313528l.jpg
48,The Infinite Mage,The Infinite Mage,무한의 마법사,Manhwa,41041,7.84,2022,https://cdn.myanimelist.net/images/manga/2/274476l.jpg
50,The Swordmaster's Son,The Swordmaster's Son,검술명가 막내아들,Manhwa,41048,7.83,2022,https://cdn.myanimelist.net/images/manga/2/264252l.jpg
51,Blue Lock: Episode Nagi,Blue Lock: Episode Nagi,ブルーロック-EPISODE 凪-,Manga,14980,7.81,2022,https://cdn.myanimelist.net/images/manga/1/269866l.jpg
52,Daraku Kazokuron,Dysfunctional Family Theory,堕落家族論,Manga,4685,7.8,2022,https://cdn.myanimelist.net/images/manga/1/309233l.jpg
52,For My Derelict Favorite,For My Derelict Favorite,버려진 나의 최애를 위하여,Manhwa,8453,7.8,2022,https://cdn.myanimelist.net/images/manga/3/266426l.jpg
54,My Blasted Reincarnated Life,My Blasted Reincarnated Life,빌어먹을 환생,Manhwa,34204,7.78,2022,https://cdn.myanimelist.net/images/manga/1/265119l.jpg
54,Tokyo卍Revengers: Baji Keisuke kara no Tegami,Tokyo Revengers: A Letter from Keisuke Baji,東京卍リベンジャーズ ～場地圭介からの手紙～,Manga,6006,7.78,2022,https://cdn.myanimelist.net/images/manga/1/271646l.jpg
56,40 made ni Shitai 10 no Koto,10 Things I Want to Do Before I Turn 40,40までにしたい10のこと,Manga,2840,7.77,2022,https://cdn.myanimelist.net/images/manga/1/283512l.jpg
56,Cheolsu Saves the World,Cheolsu Saves the World,철수를 구하시오,Manhwa,1453,7.77,2022,https://cdn.myanimelist.net/images/manga/1/331089l.jpg
56,"Kohaku no Aki, 0-byou no Tabi","An Autumn in Amber, a Zero-Second Journey",琥珀の秋、0秒の旅,Light Novel,1461,7.77,2022,https://cdn.myanimelist.net/images/manga/2/287201l.jpg
56,Martial Wild West,,무림서부,Manhwa,3953,7.77,2022,https://cdn.myanimelist.net/images/manga/3/291043l.jpg
56,Netkama PUNCH!!!,Netkama PUNCH!!!,넷카마 펀치!!!,Manhwa,1355,7.77,2022,https://cdn.myanimelist.net/images/manga/2/331130l.jpg
61,Boku no Suki na Hito ga Suki na Hito,My Crush's Crush,ぼくの好きな人が好きな人,Manga,10299,7.76,2022,https://cdn.myanimelist.net/images/manga/2/291386l.jpg
61,Dawn of the Dragon,Dawn of the Dragon,"새벽, 구름, 강",Manhwa,2407,7.76,2022,https://cdn.myanimelist.net/images/manga/1/301017l.jpg
61,Ruri Dragon,RuriDragon,ルリドラゴン,Manga,53404,7.76,2022,https://cdn.myanimelist.net/images/manga/2/269401l.jpg
61,Tsumetakute Yawaraka,Pink Candy Kiss,冷たくて 柔らか,Manga,5676,7.76,2022,https://cdn.myanimelist.net/images/manga/3/283733l.jpg
65,Hana Monogatari,,はなものがたり,Manga,2901,7.75,2022,https://cdn.myanimelist.net/images/manga/3/274486l.jpg
65,Kill Me If You Can,Kill Me If You Can,죽이는 관계,Manhwa,752,7.75,2022,https://cdn.myanimelist.net/images/manga/1/332027l.jpg
65,The Pizza Delivery Man and the Gold Palace,The Pizza Delivery Man and the Gold Palace,피자배달부와 골드팰리스,Manhwa,2077,7.75,2022,https://cdn.myanimelist.net/images/manga/2/331134l.jpg
68,Haikyuu!! Tokubetsu Bangai-hen: Matsuri Futatabi,Haikyu!! Special One-shot: A Party Reignited,ハイキュー!! 特別番外編 祭り再び,One-shot,2642,7.74,2022,https://cdn.myanimelist.net/images/manga/3/258941l.jpg
68,Red Blue,,レッドブルー,Manga,7331,7.74,2022,https://cdn.myanimelist.net/images/manga/2/258513l.jpg
68,The Reaper,The Reaper,사신표월,Manhwa,20522,7.74,2022,https://cdn.myanimelist.net/images/manga/3/266584l.jpg
71,Absolute Sword Sense,Absolute Sword Sense,절대검감,Manhwa,14109,7.73,2022,https://cdn.myanimelist.net/images/manga/3/268566l.jpg
71,Punks△Triangle,Punks△Triangle,PUNKS△TRIANGLE,Manga,2342,7.73,2022,https://cdn.myanimelist.net/images/manga/2/288520l.jpg
73,Kyou mo Veranda de,On the Balcony Again Today,今日もベランダで,Manga,7414,7.72,2022,https://cdn.myanimelist.net/images/manga/1/277049l.jpg
73,Reborn Rich,Reborn Rich,재벌집 막내아들,Manhwa,5430,7.72,2022,https://cdn.myanimelist.net/images/manga/1/273669l.jpg
75,Ryuu to Chameleon,Dragon and Chameleon,龍とカメレオン,Manga,7912,7.7,2022,https://cdn.myanimelist.net/images/manga/3/280382l.jpg
75,The Novel's Extra,The Novel's Extra,소설 속 엑스트라,Manhwa,28539,7.7,2022,https://cdn.myanimelist.net/images/manga/2/265163l.jpg
77,Idol x Idol Story!,Idol x Idol Story!,IDOL×IDOL STORY!,Manga,3073,7.69,2022,https://cdn.myanimelist.net/images/manga/1/280816l.jpg
77,Kimi no Yokogao wo Miteita,"I See Your Face, Turned Away",きみの横顔を見ていた,Manga,5931,7.69,2022,https://cdn.myanimelist.net/images/manga/3/270854l.jpg
77,Mietemasu yo! Aizawa-san,"I See You, Aizawa-san!",見えてますよ！愛沢さん,Manga,5306,7.69,2022,https://cdn.myanimelist.net/images/manga/3/278376l.jpg
80,Serena,Serena,세레나,Manhwa,5235,7.68,2022,https://cdn.myanimelist.net/images/manga/1/317963l.jpg
81,Shousetsu Suzume no Tojimari,Suzume,小説 すずめの戸締まり,Novel,1255,7.67,2022,https://cdn.myanimelist.net/images/manga/2/270999l.jpg
81,Suzume no Tojimari,Suzume,すずめの戸締まり,Manga,2068,7.67,2022,https://cdn.myanimelist.net/images/manga/1/278730l.jpg
81,Youchien Wars,Kindergarten Wars,幼稚園WARS,Manga,25261,7.67,2022,https://cdn.myanimelist.net/images/manga/1/277773l.jpg
84,Gaikotsu to Koi wa Dekiru no ka?,,骸骨と恋はできるのか？,One-shot,5067,7.66,2022,https://cdn.myanimelist.net/images/manga/1/260193l.jpg
84,I Stole the First Ranker's Soul,I Stole the First Ranker's Soul,랭킹 1위를 영혼까지 털어버림,Manhwa,7315,7.66,2022,https://cdn.myanimelist.net/images/manga/2/269773l.jpg
84,Lycoris Recoil,Lycoris Recoil,リコリス・リコイル,Light Novel,1415,7.66,2022,https://cdn.myanimelist.net/images/manga/2/269465l.jpg
84,Uso no Kodomo,False Child,嘘の子供,Manga,2379,7.66,2022,https://cdn.myanimelist.net/images/manga/3/281255l.jpg
88,Einen Koyou wa Kanou deshou ka,,永年雇用は可能でしょうか,Manga,3528,7.65,2022,https://cdn.myanimelist.net/images/manga/2/278832l.jpg
88,Genkai OL-san wa Akuyaku Reijou-sama ni Tsukaetai,The Fed-Up Office Lady Wants to Serve the Villainess,限界OLさんは悪役令嬢さまに仕えたい,Manga,7046,7.65,2022,https://cdn.myanimelist.net/images/manga/1/277046l.jpg
88,Gokurakugai,Gokurakugai,極楽街,Manga,76097,7.65,2022,https://cdn.myanimelist.net/images/manga/2/271134l.jpg
88,Jishou Akuyaku Reijou na Tsuma no Kansatsu Kiroku.,An Observation Log of My Wife Who Calls Herself a Villainess,自称悪役令嬢な妻の観察記録。,Manga,3215,7.65,2022,https://cdn.myanimelist.net/images/manga/3/272341l.jpg
88,Sasaki to Miyano: Koushiki Anthology Comic,Sasaki and Miyano Official Comic Anthology,佐々木と宮野 公式アンソロジーコミック,Manga,1635,7.65,2022,https://cdn.myanimelist.net/images/manga/3/259530l.jpg
88,Traces of the Sun,Traces of the Sun,해의 흔적,Manhwa,1032,7.65,2022,https://cdn.myanimelist.net/images/manga/3/331146l.jpg
94,Operation: True Love,Operation: True Love,작전명 순정,Manhwa,18183,7.64,2022,https://cdn.myanimelist.net/images/manga/3/312576l.jpg
94,Totsukuni no Shoujo: [dear.] Bangai-hen,"The Girl From the Other Side: Siúil, a Rún - [dear.] Side Stories",とつくにの少女 [dear.] 番外編,Manga,2093,7.64,2022,https://cdn.myanimelist.net/images/manga/2/273733l.jpg
96,"Kyou mo Ashita mo, Kazoku desu.","Our Family, Now and Forever",今日も明日も、家族です。,Manga,1166,7.63,2022,https://cdn.myanimelist.net/images/manga/3/284052l.jpg
96,Torano Tantei Jimusho e Youkoso,Welcome to Torano Detective Agency,寅野探偵事務所へようこそ,Manga,608,7.63,2022,https://cdn.myanimelist.net/images/manga/1/314862l.jpg
98,Night of Shadows,Night of Shadows,그림자의 밤,Manhwa,2379,7.62,2022,https://cdn.myanimelist.net/images/manga/2/270824l.jpg
98,Tokidoki Bosotto Russia-go de Dereru Tonari no Alya-san,Alya Sometimes Hides Her Feelings in Russian,時々ボソッとロシア語でデレる隣のアーリャさん,Manga,35928,7.62,2022,https://cdn.myanimelist.net/images/manga/1/277856l.jpg
100,The Dark Lord's Confession,The Dark Lord's Confession,마왕의 고백,Manhwa,2974,7.61,2022,https://cdn.myanimelist.net/images/manga/3/264527l.jpg
100,Versus,Versus,バーサス,Manga,17350,7.61,2022,https://cdn.myanimelist.net/images/manga/1/279303l.jpg
102,Erio to Denki Ningyou,Erio and Electric Doll,エリオと電気人形,Manga,4240,7.6,2022,https://cdn.myanimelist.net/images/manga/1/282074l.jpg
102,Koroshiya no Oshi,The Hitman Stans,殺し屋の推し,Manga,5222,7.6,2022,https://cdn.myanimelist.net/images/manga/1/292103l.jpg
102,"Maigo ni Natteita Youjo wo Tasuketara, Otonari ni Sumu Bishoujo Ryuugakusei ga Ie ni Asobi ni Kuru you ni Natta Ken ni Tsuite",,迷子になっていた幼女を助けたら、お隣に住む美少女留学生が家に遊びに来るようになった件について,Light Novel,1294,7.6,2022,https://cdn.myanimelist.net/images/manga/1/281395l.jpg
102,Oshi ni Amagami,Otaku Vampire's Love Bite,推しに甘噛み,Manga,5773,7.6,2022,https://cdn.myanimelist.net/images/manga/2/278468l.jpg
102,Sylph no Hanahime,The Flower Princess of Sylph,シルフの花姫,Manga,1965,7.6,2022,https://cdn.myanimelist.net/images/manga/1/288376l.jpg
107,Fake Fact Lips Break,Fake Fact Lips Break,フェイクファクトリップス break,Manga,1159,7.59,2022,https://cdn.myanimelist.net/images/manga/2/295164l.jpg
107,Hoteri Hotette First Kiss,Hoteri Hotette First Kiss,ほてりほてってファーストキス,Manga,2861,7.59,2022,https://cdn.myanimelist.net/images/manga/3/276059l.jpg
107,The Academy's Undercover Professor,The Academy's Undercover Professor,아카데미에 위장취업당했다,Manhwa,22272,7.59,2022,https://cdn.myanimelist.net/images/manga/2/265658l.jpg
110,Catenaccio,Catenaccio,カテナチオ,Manga,2268,7.58,2022,https://cdn.myanimelist.net/images/manga/2/282625l.jpg
110,Iribitari Gal ni Ma〇ko Tsukawasete Morau Hanashi,Drop-in Gyaru Lets Me Use Her Pussy,入り浸りギャルにま〇こ使わせて貰う話,Doujinshi,3447,7.58,2022,https://cdn.myanimelist.net/images/manga/3/276534l.jpg
110,Kekkai Sensen: Beat 3 Peat,,血界戦線 Beat 3 Peat,Manga,1421,7.58,2022,https://cdn.myanimelist.net/images/manga/2/284219l.jpg
110,The Crow's Prince,The Crow's Prince,하필이면 까마귀가 되어버렸다,Manhwa,10295,7.58,2022,https://cdn.myanimelist.net/images/manga/3/263429l.jpg
110,Yume de Furarete Hajimaru Yuri,A Yuri Love Story That Begins with Getting Dumped in a Dream,夢でフラれてはじまる百合,Manga,8241,7.58,2022,https://cdn.myanimelist.net/images/manga/2/280206l.jpg
115,Rock wa Lady no Tashinami deshite,Rock Is a Lady's Modesty,ロックは淑女〈レディ〉の嗜みでして,Manga,3353,7.57,2022,https://cdn.myanimelist.net/images/manga/2/281039l.jpg
115,Shousetsu Blue Lock,,小説 ブルーロック,Novel,754,7.57,2022,https://cdn.myanimelist.net/images/manga/3/287234l.jpg
115,Tasogare Out Focus: Long Take,Twilight Out of Focus: Long Take,黄昏アウトフォーカス long take,Manga,895,7.57,2022,https://cdn.myanimelist.net/images/manga/2/288655l.jpg
118,Dead or Alive,,데드 오어 어라이브,Manhwa,954,7.56,2022,https://cdn.myanimelist.net/images/manga/1/316574l.jpg
118,Lovesick Dog,Lovesick Dog,러브 시크 독,Manhwa,356,7.56,2022,https://cdn.myanimelist.net/images/manga/3/334577l.jpg
118,Nine Peaks,,NINE PEAKS,Manga,6339,7.56,2022,https://cdn.myanimelist.net/images/manga/2/269724l.jpg
118,Seitokai ni mo Ana wa Aru!,Even the Student Council Has Its Holes!,生徒会にも穴はある！,Manga,12944,7.56,2022,https://cdn.myanimelist.net/images/manga/1/268631l.jpg
122,Off Stage Love Side,Off Stage Love Side,オフステージラブサイド,Manga,1257,7.55,2022,https://cdn.myanimelist.net/images/manga/1/296488l.jpg
122,"Saikou Nando Meikyuu de Party ni Okizari ni Sareta S-Rank Kenshi, Hontou ni Mayoi Makutte Daremo Shiranai Saishinbu e: Ore no Kan dato Tabun Kocchi ga Deguchi dato Omou",My Blade Will Lead the Way! Abandoned in a Labyrinth as a Directionally Challenged S-Rank Swordsman,最高難度迷宮でパーティに置き去りにされたSランク剣士、本当に迷いまくって誰も知らない最深部へ ～俺の勘だとたぶんこっちが出口だと思う～,Manga,2575,7.55,2022,https://cdn.myanimelist.net/images/manga/3/287034l.jpg
122,The World After the Fall,The World After the Fall,멸망 이후의 세계,Manhwa,40172,7.55,2022,https://cdn.myanimelist.net/images/manga/3/260852l.jpg
122,Villain with a Crush,Villain with a Crush,순정빌런,Manhwa,11311,7.55,2022,https://cdn.myanimelist.net/images/manga/2/304916l.jpg
122,White Liar,White Liar,ホワイトライアー,Manga,1296,7.55,2022,https://cdn.myanimelist.net/images/manga/1/297722l.jpg
127,Dead Man's Switch,Dead Man's Switch,데드맨 스위치,Manhwa,730,7.54,2022,https://cdn.myanimelist.net/images/manga/2/331669l.jpg
127,Kurikoto Biyori,,くりことびより,Manga,953,7.54,2022,https://cdn.myanimelist.net/images/manga/3/286350l.jpg
127,Saishuu Densha no Koibito-tachi,Lovers on the Last Train,最終電車の恋人たち,Manga,684,7.54,2022,https://cdn.myanimelist.net/images/manga/1/320407l.jpg
130,Disney Twisted-Wonderland the Comic: Episode of Savanaclaw,Disney Twisted-Wonderland: The Manga - Book of Savanaclaw,DISNEY TWISTED-WONDERLAND THE COMIC ～EPISODE of SAVANACLAW～,Manga,1458,7.53,2022,https://cdn.myanimelist.net/images/manga/2/285743l.jpg
130,Imaizumin Chi wa Douyara Gal no Tamariba ni Natteru Rashii: Deep,Imaizumi Brings All the Gals to His House,今泉ん家はどうやらギャルの溜まり場になってるらしい～DEEP～,Manga,15511,7.53,2022,https://cdn.myanimelist.net/images/manga/3/270284l.jpg
130,OmegaComplex,OmegaComplex,오메가 콤플렉스,Manhwa,1640,7.53,2022,https://cdn.myanimelist.net/images/manga/2/331273l.jpg
130,Wakeari Shinrei Mansion,Welcome to Ghost Mansion,訳アリ心霊マンション,Manga,1895,7.53,2022,https://cdn.myanimelist.net/images/manga/2/297589l.jpg
134,Kaya-chan wa Kowakunai,Kaya-chan Isn't Scary,カヤちゃんはコワくない,Manga,5643,7.52,2022,https://cdn.myanimelist.net/images/manga/3/266329l.jpg
134,Kimi no Kaketeru Toko mo Suki,,君の欠けてるとこも好き,One-shot,2448,7.52,2022,https://cdn.myanimelist.net/images/manga/3/278747l.jpg
134,Muchuu ni Naru yo,,夢中になるよ,Manga,1300,7.52,2022,https://cdn.myanimelist.net/images/manga/2/289897l.jpg
134,Ore no Kokan wa Bishoujo Datta no ka,,俺の股間は美少女だったのか,Manga,9789,7.52,2022,https://cdn.myanimelist.net/images/manga/3/267960l.jpg
134,Sensei! Bokutachi ga Sekai wo Horoboshimasu.,"Teacher, We Will Destroy the World!",先生! 僕たちが世界を滅ぼします。,Manga,3328,7.52,2022,https://cdn.myanimelist.net/images/manga/3/297812l.jpg
134,Shounen ga Otona ni Natta Natsu,,少年が大人になった夏,Manga,1792,7.52,2022,https://cdn.myanimelist.net/images/manga/3/305266l.jpg
134,"Zai Jian, Wo de Guo Wang",The King and Me,再见，我的国王,Manhua,907,7.52,2022,https://cdn.myanimelist.net/images/manga/1/297923l.jpg
141,Ako to Bambi,Ako and Bambi,あことバンビ,Manga,1938,7.51,2022,https://cdn.myanimelist.net/images/manga/1/268853l.jpg
141,Ane no Tomodachi,The Cutest Girl Closest to Me.,姉のともだち,Manga,18135,7.51,2022,https://cdn.myanimelist.net/images/manga/1/298974l.jpg
141,Sigrid,Sigrid,시그리드,Manhwa,4270,7.51,2022,https://cdn.myanimelist.net/images/manga/2/274616l.jpg
144,Dear My Killer Tune,Dear My Killer Tune,ディアマイキラーチューン,Manga,483,7.5,2022,https://cdn.myanimelist.net/images/manga/1/283559l.jpg
144,Half of Me,Half of Me,하프 오브 미,Manhwa,751,7.5,2022,https://cdn.myanimelist.net/images/manga/2/275779l.jpg
144,"Suizou ga Kowaretara, Sukoshi Ikiyasuku Narimashita.","My Pancreas Broke, but My Life Got Better",膵臓がこわれたら、少し生きやすくなりました。,Manga,2532,7.5,2022,https://cdn.myanimelist.net/images/manga/1/275482l.jpg
144,Tonari no Stella,Gazing at the Star Next Door,隣のステラ,Manga,6807,7.5,2022,https://cdn.myanimelist.net/images/manga/1/259610l.jpg
148,Akari,,あかり,Manga,649,7.49,2022,https://cdn.myanimelist.net/images/manga/3/305712l.jpg
148,Fate/Grand Order: Okita Souji Makuai no Monogatari - Koko ni,,Fate/Grand Order「沖田総司 幕間の物語 ここに」,One-shot,701,7.49,2022,https://cdn.myanimelist.net/images/manga/1/263535l.jpg
148,Kyonyuu ga Futari Inai to Bokki Shinai Otto no Tame ni Tomodachi wo Tsuretekita Tsuma,"I Can't Get It up Without Two Pairs of Big Breasts, So My Wife Brought Her Friend!",巨乳が2人いないと勃起しない夫のために友達を連れてきた妻,Doujinshi,704,7.49,2022,https://cdn.myanimelist.net/images/manga/2/316049l.jpg
148,"Love Comedy Manga ni Haitteshimatta node, Oshi no Make Heroine wo Zenryoku de Shiawase ni Suru",,ラブコメ漫画に入ってしまったので、推しの負けヒロインを全力で幸せにする,Manga,9889,7.49,2022,https://cdn.myanimelist.net/images/manga/3/290254l.jpg
148,Marriagetoxin,Marriage Toxin,マリッジトキシン,Manga,29181,7.49,2022,https://cdn.myanimelist.net/images/manga/1/265955l.jpg
148,Mushoku Tensei: Eris wa Honki de Kiba wo Togu,Mushoku Tensei: Jobless Reincarnation - Eris Sharpens Her Fangs,無職転生～エリスは本気で牙を砥ぐ～,Manga,5601,7.49,2022,https://cdn.myanimelist.net/images/manga/3/272565l.jpg
148,Yongsa High: Dungeon Raiders,Yongsa High: Dungeon Raiders,용사고교 던전공략과,Manhwa,10877,7.49,2022,https://cdn.myanimelist.net/images/manga/3/270770l.jpg
155,Charming the Duke of the North,Charming the Duke of the North,북부 공작님을 유혹하겠습니다,Manhwa,8739,7.48,2022,https://cdn.myanimelist.net/images/manga/3/266139l.jpg
155,Kowamote no Rinjin ga Ω datta Toki no Taishohou,How to Deal When Your Intimidating Neighbor Is Actually an Omega,コワモテの隣人がΩだった時の対処法,Manga,1354,7.48,2022,https://cdn.myanimelist.net/images/manga/1/297766l.jpg
155,"Love Comedy Manga ni Haitteshimatta node, Oshi no Make Heroine wo Zenryoku de Shiawase ni Suru",,ラブコメ漫画に入ってしまったので、推しの負けヒロインを全力で幸せにする,Light Novel,815,7.48,2022,https://cdn.myanimelist.net/images/manga/3/266055l.jpg
155,The Tyrant Wants to Be Good,The Tyrant Wants to Be Good,폭군님은 착하게 살고 싶어,Manhwa,8091,7.48,2022,https://cdn.myanimelist.net/images/manga/1/277063l.jpg
159,Bless,Bless,ブレス,Manga,6959,7.47,2022,https://cdn.myanimelist.net/images/manga/3/266267l.jpg
159,Kingin Sasameku Himitsu wa Yoru,Twinkling Secrets Told Us Tonight Is the Night.,金銀ささめくひみつは夜,Manga,650,7.47,2022,https://cdn.myanimelist.net/images/manga/2/294044l.jpg
159,Ramen Akaneko,Red Cat Ramen,ラーメン赤猫,Manga,2245,7.47,2022,https://cdn.myanimelist.net/images/manga/3/284145l.jpg
159,Smell,Smell,SMELL,Manga,1661,7.47,2022,https://cdn.myanimelist.net/images/manga/3/296074l.jpg
159,The Divine Surgeon,The Divine Surgeon,화타가 된 외과의사,Manhwa,5581,7.47,2022,https://cdn.myanimelist.net/images/manga/3/264210l.jpg
164,Crowning a Spoiled Prince,Crowning a Spoiled Prince,망나니의 누님이시다,Manhwa,5932,7.46,2022,https://cdn.myanimelist.net/images/manga/2/269849l.jpg
164,"Destiny Unchain Online: Kyuuketsuki Shoujo to Natte, Yagate ""Aka no Maou"" to Yobareru you ni Narimashita",Destiny Unchain Online: How I Became the Crimson Devil,Destiny Unchain Online 〜吸血鬼少女となって、やがて『赤の魔王』と呼ばれるようになりました〜,Manga,5363,7.46,2022,https://cdn.myanimelist.net/images/manga/3/267930l.jpg
164,Mahoutsukai to Aka no Pilgrim,Wizard and Red Pilgrim,魔法使いと赤のピルグリム,Manga,3410,7.46,2022,https://cdn.myanimelist.net/images/manga/1/287907l.jpg
164,Monster and Ghost,Monster and Ghost,モンスターアンドゴースト,Manga,1273,7.46,2022,https://cdn.myanimelist.net/images/manga/2/284443l.jpg
164,Ore wa Shiranai Uchi ni Gakkouichi no Bishoujo wo Kudoiteita Rashii: Baito-saki no Soudan Aite ni Ore no Omoibito no Hanashi wo Suru to Kanojo wa Nazeka Terehajimeru,Falling for Her Secret Side,俺は知らないうちに学校一の美少女を口説いていたらしい ～バイト先の相談相手に俺の想い人の話をすると彼女はなぜか照れ始める～,Manga,7805,7.46,2022,https://cdn.myanimelist.net/images/manga/1/284155l.jpg
169,"Forget My Husband, I'll Go Make Money","Forget My Husband, I'll Go Make Money","남편은 됐고, 돈이나 벌렵니다",Manhwa,5348,7.45,2022,https://cdn.myanimelist.net/images/manga/1/267054l.jpg
169,Kedamono Arashi: Love Me Baby!,,ケダモノアラシ-Love me baby!-,Manga,837,7.45,2022,https://cdn.myanimelist.net/images/manga/3/281066l.jpg
169,Make Heroine ga Oosugiru! @comic,Too Many Losing Heroines!,負けヒロインが多すぎる!@comic,Manga,9169,7.45,2022,https://cdn.myanimelist.net/images/manga/3/270079l.jpg
169,Returning With Absolutely Nothing,Returning With Absolutely Nothing,쥐뿔도 없는 회귀,Manhwa,11959,7.45,2022,https://cdn.myanimelist.net/images/manga/2/270200l.jpg
169,Zomgan,Zomgan,좀간,Manhwa,5151,7.45,2022,https://cdn.myanimelist.net/images/manga/3/267804l.jpg
174,For the Third Time,For the Third Time,첫날밤만 세 번째,Manhwa,1074,7.44,2022,https://cdn.myanimelist.net/images/manga/2/284604l.jpg
174,Kyouran Reijou Nia Liston: Byoujaku Reijou ni Tensei shita Kamigoroshi no Bujin no Karei naru Musouroku,Nia Liston: The Merciless Maiden,凶乱令嬢ニア・リストン 病弱令嬢に転生した神殺しの武人の華麗なる無双録,Manga,2263,7.44,2022,https://cdn.myanimelist.net/images/manga/3/292822l.jpg
174,Mayonaka no Ore wo Mite,My Noons and Midnights Are for You,真夜中の俺を見て,Manga,1179,7.44,2022,https://cdn.myanimelist.net/images/manga/3/312260l.jpg
174,Return of the War God,Return of the War God,무신귀환록,Manhwa,9713,7.44,2022,https://cdn.myanimelist.net/images/manga/3/271901l.jpg
174,Tefuda ga Oome no Victoria,Victoria of Many Faces,手札が多めのビクトリア,Manga,969,7.44,2022,https://cdn.myanimelist.net/images/manga/3/309935l.jpg
179,18.44-,,18.44-,Manga,735,7.43,2022,https://cdn.myanimelist.net/images/manga/1/283152l.jpg
179,After Ten Millennia in Hell,After Ten Millennia in Hell,만 년 만에 귀환한 플레이어,Manhwa,31814,7.43,2022,https://cdn.myanimelist.net/images/manga/1/266274l.jpg
179,Reiwa no Dara-san,Dara-san of Reiwa,令和のダラさん,Manga,4012,7.43,2022,https://cdn.myanimelist.net/images/manga/3/285252l.jpg
182,Kanojo to Kare no Kankei: Heibon na Hayakawa-san to Heibon na Miura-kun no Hibon na Kankei,Relationship Between the Couple,彼女と彼の関係 ～平凡な早川さんと平凡な三浦くんの非凡な関係～,Manga,3310,7.42,2022,https://cdn.myanimelist.net/images/manga/3/286699l.jpg
182,Kowareta Bokura no Senryaku Renai,,壊れた僕らの戦略恋愛,One-shot,4852,7.42,2022,https://cdn.myanimelist.net/images/manga/3/266603l.jpg
182,My Failing Divorce,My Failing Divorce,흑막 남편과의 이혼에 실패한 것 같다,Manhwa,3210,7.42,2022,https://cdn.myanimelist.net/images/manga/3/277645l.jpg
182,"Ore ga Mitsuketa, Conveni no Koi",,俺が見つけた、コンビニの恋,Manga,656,7.42,2022,https://cdn.myanimelist.net/images/manga/1/265448l.jpg
182,"Shinyuu no ""Dousei shite"" ni ""Un"" te Iu made",Countdown to Yes,親友の「同棲して」に「うん」て言うまで,Manga,1110,7.42,2022,https://cdn.myanimelist.net/images/manga/2/295182l.jpg
182,Yatara Yarashii Fukami-kun,Unexpectedly Naughty Fukami,やたらやらしい深見くん,Manga,1492,7.42,2022,https://cdn.myanimelist.net/images/manga/3/294330l.jpg
188,Love Thy Neighbor,Love Thy Neighbor,너의 이웃을 사랑하라,Manhwa,788,7.41,2022,https://cdn.myanimelist.net/images/manga/2/332836l.jpg
188,My Lucky Strike,My Lucky Strike,이게 웬 떡,Manhwa,2016,7.41,2022,https://cdn.myanimelist.net/images/manga/1/287349l.jpg
190,A Heartfelt Andante,A Heartfelt Andante,손 안의 안단테,Manhwa,540,7.4,2022,https://cdn.myanimelist.net/images/manga/1/293678l.jpg
190,Batsuichi de Nakimushi na Otonarisan,A Divorced Crybaby Has Moved in Next Door,バツイチで泣き虫なおとなりさん,Manga,16894,7.4,2022,https://cdn.myanimelist.net/images/manga/2/260712l.jpg
190,Gomi Yashiki no Kamakura-san,The Stranger in the Hoarding House,ゴミ屋敷の鎌倉さん,Manga,1201,7.4,2022,https://cdn.myanimelist.net/images/manga/1/293350l.jpg
190,I'm Not That Kind of Talent,I'm Not That Kind of Talent,저 그런 인재 아닙니다,Manhwa,13731,7.4,2022,https://cdn.myanimelist.net/images/manga/1/276519l.jpg
190,I'm the Queen in This Life,I'm the Queen in This Life,"언니, 이번 생엔 내가 왕비야",Manhwa,7114,7.4,2022,https://cdn.myanimelist.net/images/manga/1/330542l.jpg
190,Kaika Apartment,,開花アパートメント,Manga,1303,7.4,2022,https://cdn.myanimelist.net/images/manga/3/295822l.jpg
190,Koibumi to 13-sai no Actress,,恋文と13歳の女優〈アクトレス〉,Manga,3805,7.4,2022,https://cdn.myanimelist.net/images/manga/1/289183l.jpg
190,Maou to Yuusha no Tatakai no Ura de,Reincarnated into a Game as the Hero's Friend: Running the Kingdom Behind the Scenes,魔王と勇者の戦いの裏で,Manga,4127,7.4,2022,https://cdn.myanimelist.net/images/manga/3/272330l.jpg
190,The Problematic Prince,The Problematic Prince,문제적 왕자님,Manhwa,1933,7.4,2022,https://cdn.myanimelist.net/images/manga/2/347792l.jpg
199,Corpse Knight Gunther,Corpse Knight Gunther,시체기사 군터,Manhwa,1635,7.39,2022,https://cdn.myanimelist.net/images/manga/3/279514l.jpg
199,I Will Fall With the Emperor,,황제와 함께 타락하겠습니다,Manhwa,3999,7.39,2022,https://cdn.myanimelist.net/images/manga/2/273606l.jpg
199,Sayonara no Moment,A Moment of Farewell,さよならのモーメント,Manga,782,7.39,2022,https://cdn.myanimelist.net/images/manga/3/274418l.jpg
199,The Villainess's Stationery Shop,The Villainess's Stationery Shop,악녀의 문구점에 오지 마세요!,Manhwa,9193,7.39,2022,https://cdn.myanimelist.net/images/manga/2/265162l.jpg
203,Mitsuba Monogatari: Noroi no Shoujo to Shi no Rondo,Mitsuba's Stories,みつばものがたり 呪いの少女と死の輪舞〈ロンド〉,Manga,1646,7.38,2022,https://cdn.myanimelist.net/images/manga/1/302194l.jpg
203,Shout Loud My Heart,"Shout Loud, My Heart",シャウト・ラウド・マイハート,Manga,839,7.38,2022,https://cdn.myanimelist.net/images/manga/3/303326l.jpg
205,I Can See Your Stats!,I Can See Your Stats!,너의 스탯이 보여!,Manhwa,529,7.37,2022,https://cdn.myanimelist.net/images/manga/1/331257l.jpg
205,June Peach,June Peach,유월의 복숭아,Manhwa,1266,7.37,2022,https://cdn.myanimelist.net/images/manga/1/268864l.jpg
205,Nigashita Sakana wa Ookikatta ga Tsuriageta Sakana ga Ookisugita Ken,Always a Catch!,逃がした魚は大きかったが釣りあげた魚が大きすぎた件,Manga,2205,7.37,2022,https://cdn.myanimelist.net/images/manga/3/273280l.jpg
205,Seihantai na Watashitachi,Pupposites Attract,正反対なわたしたち,Manga,3032,7.37,2022,https://cdn.myanimelist.net/images/manga/1/281131l.jpg
205,Talented Baby Squirrel,Talented Baby Squirrel,아기 다람쥐가 다 잘해요,Manhwa,4536,7.37,2022,https://cdn.myanimelist.net/images/manga/2/305018l.jpg
205,Why Don't I Have Anyone By My Side?,,내곁엔 없을까,Manhwa,1097,7.37,2022,https://cdn.myanimelist.net/images/manga/2/273395l.jpg
211,Believe My Sign,Believe My Sign,Believe my sign(빌리브 마이 사인),Manhwa,631,7.36,2022,https://cdn.myanimelist.net/images/manga/2/293352l.jpg
211,Heiwa no Kuni no Shimazaki e,Shimazaki in the Land of Peace,平和の国の島崎へ,Manga,2779,7.36,2022,https://cdn.myanimelist.net/images/manga/1/273501l.jpg
211,Inkya Gal demo Ikigaritai!,,陰キャギャルでもイキがりたい！,Manga,5349,7.36,2022,https://cdn.myanimelist.net/images/manga/2/290440l.jpg
211,Isekai Maid no Mitsuboshi Gourmet: Gendai Gohan Tsukuttara Oukyuu de Dai-bazuri shimashita,The Maid's Three-Star Cuisine in Another World I Used Real-Life Dishes to Become a Palace Sensation,異世界メイドの三ツ星グルメ 現代ごはん作ったら王宮で大バズリしました,Manga,841,7.36,2022,https://cdn.myanimelist.net/images/manga/3/308914l.jpg
211,Iyahaya Atami-kun,"My Oh My, Atami-kun",いやはや熱海くん,Manga,1342,7.36,2022,https://cdn.myanimelist.net/images/manga/3/288599l.jpg
211,Shuumatsu no Walküre Kitan: Jack the Ripper no Jikenbo,Record of Ragnarok: Jack the Ripper Case Files,終末のワルキューレ奇譚 ジャック・ザ・リッパーの事件簿,Manga,2741,7.36,2022,https://cdn.myanimelist.net/images/manga/3/278699l.jpg
211,That Which Flows By,That Which Flows By,"다비, 아찔하게 흐르는",Manhwa,598,7.36,2022,https://cdn.myanimelist.net/images/manga/3/287872l.jpg
211,Wet Sand,Wet Sand,웻샌드,Manhwa,3171,7.36,2022,https://cdn.myanimelist.net/images/manga/2/276887l.jpg
219,Between Fate and Fortune,Between Fate and Fortune,우연과 필연 사이,Manhwa,977,7.35,2022,https://cdn.myanimelist.net/images/manga/3/289076l.jpg
219,Emperor Hunt,Emperor Hunt,황제사냥,Manhwa,1896,7.35,2022,https://cdn.myanimelist.net/images/manga/3/283230l.jpg
219,Existence,Existence,존재,Manhwa,16919,7.35,2022,https://cdn.myanimelist.net/images/manga/3/291679l.jpg
219,Memorial,Memorial,메모리얼,Manhwa,436,7.35,2022,https://cdn.myanimelist.net/images/manga/3/298312l.jpg
219,Naraku no Hanazono,,奈落の花園,Manga,2137,7.35,2022,https://cdn.myanimelist.net/images/manga/1/313436l.jpg
219,Renai Side,Love's Luster,レンアイサイド,Manga,377,7.35,2022,https://cdn.myanimelist.net/images/manga/3/310243l.jpg
219,She Is Beautiful,,she is beautiful,Manga,2794,7.35,2022,https://cdn.myanimelist.net/images/manga/3/270277l.jpg
219,The Rewards of Marriage,The Rewards of Marriage,남주를 주웠더니 남편이 생겨버렸다,Manhwa,5838,7.35,2022,https://cdn.myanimelist.net/images/manga/3/263092l.jpg
227,Blue Archive: Benriya 68 Gyoumu Nisshi,Blue Archive: Problem Solver 68 Business Diary,ブルーアーカイブ 便利屋68業務日誌,Manga,786,7.34,2022,https://cdn.myanimelist.net/images/manga/3/286637l.jpg
227,"Kakyuu Majutsushi, Inmon ni Somaru",The Junior Spellcaster and the Succubus Curse,下級魔術師、淫紋に染まる,Doujinshi,725,7.34,2022,https://cdn.myanimelist.net/images/manga/1/277647l.jpg
227,Nan Hong,Eternal Love,难哄,Manhua,1044,7.34,2022,https://cdn.myanimelist.net/images/manga/3/297115l.jpg
227,Noisy Roommate: Ienashi ni Natta node Ikemen to Kaii Tsukimono Ken de Doukyo Hajimemashita,My Noisy Roommate: The Roof Over My Head Comes with Monsters and a Hottie,ノイジールームメイト ～家ナシになったのでイケメンと怪異つき物件で同居始めました～,Manga,721,7.34,2022,https://cdn.myanimelist.net/images/manga/2/274095l.jpg
227,Yankee to Caraméliser,Yankee & Carameliser,ヤンキーとキャラメリゼ,Manga,968,7.34,2022,https://cdn.myanimelist.net/images/manga/2/299975l.jpg
232,Akabane Honeko no Bodyguard,Honeko Akabane's Bodyguards,赤羽骨子のボディガード,Manga,7743,7.33,2022,https://cdn.myanimelist.net/images/manga/1/274126l.jpg
232,Ding Liu Fufu Youdian Tian,Sweethearts in the Spotlight,顶流夫妇有点甜,Manhua,428,7.33,2022,https://cdn.myanimelist.net/images/manga/2/316601l.jpg
232,Internet Love!,,インターネット・ラヴ!,Manga,606,7.33,2022,https://cdn.myanimelist.net/images/manga/3/289412l.jpg
232,Kingyoya-san no Karisome Fuufu,,金魚屋さんのかりそめ夫婦,Manga,2858,7.33,2022,https://cdn.myanimelist.net/images/manga/2/289034l.jpg
232,Takatora-kun to Omega-tachi,Takatora and the Omegas,鷹虎くんとオメガたち,Manga,769,7.33,2022,https://cdn.myanimelist.net/images/manga/2/308045l.jpg
237,Elden Ring: Ougonju e no Michi,Elden Ring: The Road to the Erdtree,ELDEN RING 黄金樹への道,Manga,7233,7.32,2022,https://cdn.myanimelist.net/images/manga/2/272569l.jpg
237,"Haikei, Sekensama.","Dear, the World.",拝啓、世間様。,Manga,998,7.32,2022,https://cdn.myanimelist.net/images/manga/3/280213l.jpg
237,Hatsukoi Kids Sitter,First Love Kids Sitter,初恋キッズシッター,Manga,941,7.32,2022,https://cdn.myanimelist.net/images/manga/3/284048l.jpg
237,Machikirenai Kouhai Kanojo Tsujinaka-chan,,待ちきれない後輩彼女辻中ちゃん,One-shot,558,7.32,2022,https://cdn.myanimelist.net/images/manga/2/283494l.jpg
237,Minmotion Syndrome,Minmotion Syndrome,민모션,Manhwa,1132,7.32,2022,https://cdn.myanimelist.net/images/manga/1/331523l.jpg
237,Tonari no Ren-kun wa Chotto Kowai,My Classmate Ren-kun Is Kinda Scary,隣の蓮君はちょっと怖い,Manga,847,7.32,2022,https://cdn.myanimelist.net/images/manga/3/286685l.jpg
243,Ano Otome Game wa Oretachi ni Kibishii Sekai desu,"Trapped in a Dating Sim: Otome Games Are Tough for Us, Too!",あの乙女ゲーは俺たちに厳しい世界です,Light Novel,480,7.31,2022,https://cdn.myanimelist.net/images/manga/1/282618l.jpg
243,Colori Colore Creare,Colori Colore Creare,Colori Colore Creare,Manga,867,7.31,2022,https://cdn.myanimelist.net/images/manga/2/271304l.jpg
243,Futari no Kokuhaku,,ふたりの告白,One-shot,295,7.31,2022,https://cdn.myanimelist.net/images/manga/2/302869l.jpg
243,Meiou-sama ga Tooru no desu yo! @comic,King of the Underworld Passing Through! @comic,冥王様が通るのですよ!@COMIC,Manga,3408,7.31,2022,https://cdn.myanimelist.net/images/manga/2/266521l.jpg
243,Rinraku no Susume,,淪落のすゝめ,Doujinshi,503,7.31,2022,https://cdn.myanimelist.net/images/manga/3/303887l.jpg
248,Almark,Almark,アルマーク,Manga,3049,7.3,2022,https://cdn.myanimelist.net/images/manga/3/275130l.jpg
248,Doushitara Osananajimi no Kanojo ni Naremasu ka!?,How Do I Turn My Best Friend into My Girlfriend?,どうしたら幼馴染の彼女になれますか!?,Manga,7278,7.3,2022,https://cdn.myanimelist.net/images/manga/1/280202l.jpg
248,Koujou Yakei: Aruga Rie Rensakushuu,Night View of the Factory: A Collection of Stories by Rie Aruga,有賀リエ連作集 工場夜景,Manga,1154,7.3,2022,https://cdn.myanimelist.net/images/manga/3/263457l.jpg
248,Monogatari no Kuromaku ni Tensei shite,Reincarnated as the Mastermind of the Story,物語の黒幕に転生して,Manga,8374,7.3,2022,https://cdn.myanimelist.net/images/manga/3/277406l.jpg
248,"Mou Ichido, Shitemitai.",I want to do it again.,もう一度、してみたい。,Manga,959,7.3,2022,https://cdn.myanimelist.net/images/manga/3/319165l.jpg
248,My Daughter Is the Final Boss,My Daughter Is the Final Boss,내 딸은 최종 보스,Manhwa,13938,7.3,2022,https://cdn.myanimelist.net/images/manga/2/266271l.jpg
248,Please Marry Me Again!,Please Marry Me Again!,"남편님, 다시 결혼해 주세요!",Manhwa,3830,7.3,2022,https://cdn.myanimelist.net/images/manga/2/265530l.jpg
248,Sankaku Twilight,Triangle Twilight,さんかくトワイライト,Manga,1403,7.3,2022,https://cdn.myanimelist.net/images/manga/3/283162l.jpg
256,Koharu to Minato: Watashi no Partner wa Onnanoko,Koharu and Minato: Happy Life with My Girlfriend,小春と湊 わたしのパートナーは女の子,Manga,2839,7.29,2022,https://cdn.myanimelist.net/images/manga/3/304466l.jpg
256,Koi yori Aoku,,恋より青く,One-shot,1516,7.29,2022,https://cdn.myanimelist.net/images/manga/2/289060l.jpg
258,Atri: My Dear Moments,,ATRI -My Dear Moments-,Manga,1185,7.28,2022,https://cdn.myanimelist.net/images/manga/1/288634l.jpg
258,Bocchi the Rock! Anthology Comic,Bocchi the Rock! Comic Anthology,ぼっち・ざ・ろっく!アンソロジーコミック,Manga,1453,7.28,2022,https://cdn.myanimelist.net/images/manga/1/276252l.jpg
258,Inu-kei no Kareshi,My Boyfriend Is a Dog,犬系の彼氏,Manga,577,7.28,2022,https://cdn.myanimelist.net/images/manga/3/285443l.jpg
258,Kirio Fanclub,Kirio Fan Club,霧尾ファンクラブ,Manga,1142,7.28,2022,https://cdn.myanimelist.net/images/manga/2/286427l.jpg
258,Last Karte: Houjuuigakusha Touma Kenshou no Kioku,,ラストカルテ ―法獣医学者 当麻健匠の記憶―,Manga,1264,7.28,2022,https://cdn.myanimelist.net/images/manga/2/257269l.jpg
258,Musket Girls! Tensei Sanbou to Senretsu Otome-tachi,,マスケットガールズ!～転生参謀と戦列乙女たち～,Manga,1151,7.28,2022,https://cdn.myanimelist.net/images/manga/3/283547l.jpg
264,Dungeon no Osananajimi,Dungeon Friends Forever,ダンジョンの幼なじみ,Manga,8124,7.27,2022,https://cdn.myanimelist.net/images/manga/2/263189l.jpg
264,Mythic Item Obtained,Mythic Item Obtained,신화급 귀속 아이템을 손에 넣었다,Manhwa,23470,7.27,2022,https://cdn.myanimelist.net/images/manga/2/266881l.jpg
264,Neko x Neko: Wedding,,ネコ×ネコ wedding,Manga,257,7.27,2022,https://cdn.myanimelist.net/images/manga/2/296346l.jpg
264,Summertime Render 2026: Mizen Jikobukken,Summertime Rendering 2026: The Room that Dreams of Murder,サマータイムレンダ2026 未然事故物件,Manga,3012,7.27,2022,https://cdn.myanimelist.net/images/manga/2/263978l.jpg
264,Tensai Majo no Maryoku Kare,The Genius Witch Lost MP.,天才魔女の魔力枯れ,Manga,2398,7.27,2022,https://cdn.myanimelist.net/images/manga/1/280023l.jpg
264,Tensei shitara Slime Datta Ken: Clayman Revenge,That Time I Got Reincarnated as a Slime: Clayman's Revenge,転生したらスライムだった件 クレイマンREVENGE,Manga,1731,7.27,2022,https://cdn.myanimelist.net/images/manga/2/271097l.jpg
264,The Esper's Game,The Esper's Game,초인의 게임,Manhwa,11782,7.27,2022,https://cdn.myanimelist.net/images/manga/1/265097l.jpg
264,Tomodachi no Neechan ni Koishita Hanashi to Neechan no Tomodachi ga Uzai Hanashi,I Fell for My Friend's Older Sister + My Older Sister's Friend is Annoying,友達の姉ちゃんに恋した話と姉ちゃんの友達がうざい話,Doujinshi,1512,7.27,2022,https://cdn.myanimelist.net/images/manga/1/280891l.jpg
272,A Friendship So Impure,A Friendship So Impure,"우정, 그 불순한",Manhwa,289,7.26,2022,https://cdn.myanimelist.net/images/manga/2/331584l.jpg
272,Can't Think Straight,Can't Think Straight,선 넘는 사이,Manhwa,2723,7.26,2022,https://cdn.myanimelist.net/images/manga/1/275212l.jpg
272,Chirijiri Yuku no,Bursting with Love,ちりぢりゆくの,Manga,580,7.26,2022,https://cdn.myanimelist.net/images/manga/2/303487l.jpg
272,I Failed to Oust the Villain!,I Failed to Oust the Villain!,흑막을 버리는 데 실패했다,Manhwa,7227,7.26,2022,https://cdn.myanimelist.net/images/manga/1/264365l.jpg
272,Itsuwari no Marigold,False Marigold,偽りのマリィゴールド,Manga,2382,7.26,2022,https://cdn.myanimelist.net/images/manga/1/287538l.jpg
272,Koboreru Yoru ni,Sheltering Eaves,零れるよるに,Manga,1963,7.26,2022,https://cdn.myanimelist.net/images/manga/2/278631l.jpg
278,A Whirlwind Campus Affair,A Whirlwind Campus Affair,그렇고 그런 바람에,Manhwa,1220,7.25,2022,https://cdn.myanimelist.net/images/manga/2/265214l.jpg
278,Anime 5-toubun no Hanayome Novelize,,アニメ 五等分の花嫁 ノベライズ,Novel,656,7.25,2022,https://cdn.myanimelist.net/images/manga/3/287232l.jpg
278,Douka Ore wo Houtteoite Kure: Nazeka Bocchi no Owatta Koukou Seikatsu wo Kanojo ga Kaeyou to Shitekuru,Let Me Be Single in Peace!,どうか俺を放っておいてくれ なぜかぼっちの終わった高校生活を彼女が変えようとしてくる,Manga,8468,7.25,2022,https://cdn.myanimelist.net/images/manga/2/271303l.jpg
278,Eat,Eat,EAT,Manga,2354,7.25,2022,https://cdn.myanimelist.net/images/manga/3/297341l.jpg
278,How to Train Your Healer,How to Train Your Healer,뉴비 키워서 갈아먹기,Manhwa,458,7.25,2022,https://cdn.myanimelist.net/images/manga/3/332332l.jpg
278,Inkya datta Ore no Seishun Revenge: Tenshi Sugiru Ano Ko to Ayumu Re Life,,陰キャだった俺の青春リベンジ 天使すぎるあの娘と歩むReライフ,Light Novel,663,7.25,2022,https://cdn.myanimelist.net/images/manga/1/259972l.jpg
278,Kizu darake Seijo yori Houfuku wo Komete,"With Vengeance, Sincerely, Your Broken Saintess",傷だらけ聖女より報復をこめて,Manga,2066,7.25,2022,https://cdn.myanimelist.net/images/manga/1/299416l.jpg
278,Neechan no Tomodachi ga Uzai Hanashi,,姉ちゃんの友達がうざい話,Manga,3406,7.25,2022,https://cdn.myanimelist.net/images/manga/2/280879l.jpg
278,Trash Belongs in the Trash Can!,Trash Belongs in the Trash Can!,쓰레기는 쓰레기통에!,Manhwa,3149,7.25,2022,https://cdn.myanimelist.net/images/manga/3/279625l.jpg
278,Watashi no Hatsukoi Aite ga Kiss shiteta,My First Love's Kiss,私の初恋相手がキスしてた,Light Novel,541,7.25,2022,https://cdn.myanimelist.net/images/manga/2/259757l.jpg
288,Auto Hunting With My Clones,Auto Hunting With My Clones,분신으로 자동사냥,Manhwa,10171,7.24,2022,https://cdn.myanimelist.net/images/manga/2/312577l.jpg
288,Cassmire: The Loyal Sword,Cassmire: The Loyal Sword,충직한 검이 되려 했는데,Manhwa,4022,7.24,2022,https://cdn.myanimelist.net/images/manga/1/265306l.jpg
288,Futsuu to Bakemono,Common-Sense Monster,フツーと化け物,Manga,4032,7.24,2022,https://cdn.myanimelist.net/images/manga/3/302787l.jpg
288,Helmut,Helmut,헬무트 버려진 아이,Manhwa,13499,7.24,2022,https://cdn.myanimelist.net/images/manga/1/267936l.jpg
288,Hoeru Inu to Kubittake,My Fluffy Moody Crush,吠える犬とくびったけ,Manga,811,7.24,2022,https://cdn.myanimelist.net/images/manga/1/304320l.jpg
288,I've Become a True Villainess,I've Become a True Villainess,합법적 악역의 사정,Manhwa,881,7.24,2022,https://cdn.myanimelist.net/images/manga/3/339918l.jpg
288,Kouun na Kimi to Boku no Mirai,Our Lucky Future Together,幸運な君と僕の未来,Manga,1116,7.24,2022,https://cdn.myanimelist.net/images/manga/3/288222l.jpg
288,"Modaete yo, Adam-kun",,悶えてよ、アダムくん,Manga,1412,7.24,2022,https://cdn.myanimelist.net/images/manga/1/296585l.jpg
288,My Little Tyrant,My Little Tyrant,우리 폭군이 어려졌어요,Manhwa,1589,7.24,2022,https://cdn.myanimelist.net/images/manga/3/271167l.jpg
288,Narita-kun wo Semetai!,,成田くんを攻めたい!,Manga,938,7.24,2022,https://cdn.myanimelist.net/images/manga/1/286225l.jpg
288,Records of the Swordsman Scholar,,학사검전,Manhwa,2115,7.24,2022,https://cdn.myanimelist.net/images/manga/1/282224l.jpg
288,Yoru no Manimani,Our Aimless Nights,夜のまにまに,Manga,2642,7.24,2022,https://cdn.myanimelist.net/images/manga/2/309127l.jpg
288,Yuusha ga Shinda!: Kami no Kuni-hen,The Legendary Hero Is Dead!: The Land of the Gods,勇者が死んだ! 神の国編,Manga,2097,7.24,2022,https://cdn.myanimelist.net/images/manga/1/278534l.jpg
301,Jimoto Saikou!,,地元最高!,Manga,1108,7.23,2022,https://cdn.myanimelist.net/images/manga/2/303170l.jpg
301,Majutsushi Kunon wa Mieteiru,Kunon the Sorcerer Can See,魔術師クノンは見えている,Manga,4861,7.23,2022,https://cdn.myanimelist.net/images/manga/2/273188l.jpg
301,Neko ni Naritai Tamagawa-kun,,猫になりたい田万川くん,Manga,1117,7.23,2022,https://cdn.myanimelist.net/images/manga/2/283513l.jpg
301,Ookami-kun wa Yuzuranai,Ookami-kun Won't Hand Over,オオカミくんはゆずらない,Manga,518,7.23,2022,https://cdn.myanimelist.net/images/manga/2/301217l.jpg
301,R15+ ja Dame desu ka?,,R15＋じゃダメですか？,Manga,6787,7.23,2022,https://cdn.myanimelist.net/images/manga/3/265716l.jpg
301,Tenohira Neko,Fairy Cat,手のひらねこ,Manga,575,7.23,2022,https://cdn.myanimelist.net/images/manga/2/296468l.jpg
301,The Secret of the Partner Next to You,,옆자리 짝꿍의 비밀,Manhwa,3937,7.23,2022,https://cdn.myanimelist.net/images/manga/2/273563l.jpg
308,Kono Ko Shirimasen ka?,,この子知りませんか？,Manga,2482,7.22,2022,https://cdn.myanimelist.net/images/manga/1/285139l.jpg
308,Rescue System,Rescue System,레스큐 시스템,Manhwa,1468,7.22,2022,https://cdn.myanimelist.net/images/manga/3/268571l.jpg
308,World's Strongest Troll,World's Strongest Troll,게임 최강 트롤러,Manhwa,7156,7.22,2022,https://cdn.myanimelist.net/images/manga/1/272963l.jpg
311,High Clear,High Clear,하이 클리어(HIGH CLEAR),Manhwa,733,7.21,2022,https://cdn.myanimelist.net/images/manga/2/331547l.jpg
311,Kimi wa Yakamashi Tojite yo Kuchi wo!,"You Talk Too Much, So Just Shut It Already!",君は喧し閉じてよ口を！,Manga,8320,7.21,2022,https://cdn.myanimelist.net/images/manga/1/268163l.jpg
311,Sensitive Boy,,センシティブ・ボーイ,Manga,8765,7.21,2022,https://cdn.myanimelist.net/images/manga/2/284781l.jpg
311,Short Circuit Love,Short Circuit Love,접촉 불량,Manhwa,277,7.21,2022,https://cdn.myanimelist.net/images/manga/1/289303l.jpg
311,The Crimson Lady,The Crimson Lady,리셋팅 레이디,Manhwa,5965,7.21,2022,https://cdn.myanimelist.net/images/manga/1/268108l.jpg
311,Yaotome x 2,,八乙女×２,Manga,1052,7.21,2022,https://cdn.myanimelist.net/images/manga/1/280004l.jpg
317,Bokutachi wa Mada Aoku: Daigaku Nyuugaku-hen,We're Still in the Spring of Life.,ボクたちはまだ青く 大学入学編,Manga,562,7.2,2022,https://cdn.myanimelist.net/images/manga/2/286057l.jpg
317,Designated Bully,Designated Bully,일진담당일진,Manhwa,11151,7.2,2022,https://cdn.myanimelist.net/images/manga/2/267636l.jpg
317,Hon nara Uru hodo,,本なら売るほど,Manga,904,7.2,2022,https://cdn.myanimelist.net/images/manga/2/332302l.jpg
317,Lycoris Recoil: Koushiki Comic Anthology - Reload,Lycoris Recoil Official Comic Anthology: Reload,リコリス・リコイル 公式コミックアンソロジー リロード,Manga,728,7.2,2022,https://cdn.myanimelist.net/images/manga/2/318998l.jpg
317,Majo no Inu,Witch's Dog,魔女の犬,Manga,441,7.2,2022,https://cdn.myanimelist.net/images/manga/3/301623l.jpg
317,Saiminjutsu tte Sugoi!,,催眠術ってすごい!,Doujinshi,635,7.2,2022,https://cdn.myanimelist.net/images/manga/3/278893l.jpg
317,Zange Ana,,懺悔穴,Doujinshi,705,7.2,2022,https://cdn.myanimelist.net/images/manga/2/279114l.jpg
324,Kitanai Kimi ga Ichiban Kawaii dj - Souieba Sonna Koto,,そういえばそんなこと,Doujinshi,1207,7.19,2022,https://cdn.myanimelist.net/images/manga/2/275886l.jpg
324,My Farm by the Palace,My Farm by the Palace,황제궁 옆 마로니에 농장,Manhwa,2352,7.19,2022,https://cdn.myanimelist.net/images/manga/2/286353l.jpg
324,No Man's Land,No Man's Land,남자가 없는 이세계,Manhwa,1313,7.19,2022,https://cdn.myanimelist.net/images/manga/1/298054l.jpg
324,Perfect Surgeon,Perfect Surgeon,퍼펙트 써전,Manhwa,2836,7.19,2022,https://cdn.myanimelist.net/images/manga/1/280523l.jpg
324,Rosalyn Vogart,Rosalyn Vogart,로잘린 보가트,Manhwa,1318,7.19,2022,https://cdn.myanimelist.net/images/manga/1/271185l.jpg
329,Horobi no Kuni no Seifukusha: Maou wa Sekai wo Seifuku suru you desu,The Conqueror from a Dying Kingdom,亡びの国の征服者 ～魔王は世界を征服するようです～,Manga,3251,7.18,2022,https://cdn.myanimelist.net/images/manga/3/284417l.jpg
329,"Kirakira Shitemo, Shinakutemo",,キラキラしても、しなくても,Manga,523,7.18,2022,https://cdn.myanimelist.net/images/manga/3/262621l.jpg
329,Tensei Idol to Dol-Ota no Kishi,Reincarnation Idol & Idol Freak Knight,転生アイドルとドルオタの騎士,Manga,1025,7.18,2022,https://cdn.myanimelist.net/images/manga/3/279873l.jpg
329,The Beloved Fake Saint,The Beloved Fake Saint,가짜 성녀인데 신들이 집착한다,Manhwa,3399,7.18,2022,https://cdn.myanimelist.net/images/manga/1/271562l.jpg
329,Tomodachi no Neechan ni Koishita Hanashi,,友達の姉ちゃんに恋した話,Manga,2528,7.18,2022,https://cdn.myanimelist.net/images/manga/1/280877l.jpg
329,Unmei no Tsugai ni Propose da Nante,Worst Soulmate Ever: Proposal,運命の番に求婚〈プロポーズ〉だなんて,Manga,777,7.18,2022,https://cdn.myanimelist.net/images/manga/3/290289l.jpg
335,I Thought My Time Was Up!,I Thought My Time Was Up!,시한부인 줄 알았어요!,Manhwa,6701,7.17,2022,https://cdn.myanimelist.net/images/manga/1/321295l.jpg
335,Kimi to Warui Koto ga Shitai,I Wanna Do Bad Things with You,君と悪いことがしたい,Manga,6237,7.17,2022,https://cdn.myanimelist.net/images/manga/3/275039l.jpg
335,King of the Octagon,King of the Octagon,옥타곤의 제왕,Manhwa,1712,7.17,2022,https://cdn.myanimelist.net/images/manga/2/277606l.jpg
335,Koibito Keiyakuchuu ni Tsuki,A Lover's Contract,恋人契約中につき,Manga,1046,7.17,2022,https://cdn.myanimelist.net/images/manga/3/294541l.jpg
335,Lion Heart,Lion Heart,라이언 하트,Manhwa,382,7.17,2022,https://cdn.myanimelist.net/images/manga/2/292238l.jpg
335,Only Hope,Only Hope,온리호프,Manhwa,2048,7.17,2022,https://cdn.myanimelist.net/images/manga/3/274495l.jpg
335,Steel Under Silk,Steel Under Silk,칼과 꽃,Manhwa,2296,7.17,2022,https://cdn.myanimelist.net/images/manga/1/292775l.jpg
335,The Breaker: Eternal Force,The Breaker: Eternal Force,이터널 포스,Manhwa,9328,7.17,2022,https://cdn.myanimelist.net/images/manga/1/264156l.jpg
335,Yukidoke to Agapanthus,Snowmelt and Agapanthus,雪解けとアガパンサス,Manga,2498,7.17,2022,https://cdn.myanimelist.net/images/manga/3/279048l.jpg
344,Dear Nemesis,Dear Nemesis,"오, 친애하는 숙적",Manhwa,2769,7.16,2022,https://cdn.myanimelist.net/images/manga/3/264737l.jpg
344,Kamikudaite Ai wo Oshiete,Chew Me Up and Teach Me About Love,噛み砕いて愛をおしえて,Manga,647,7.16,2022,https://cdn.myanimelist.net/images/manga/1/316297l.jpg
344,Lycoris Recoil: Koushiki Comic Anthology - React,Lycoris Recoil Official Comic Anthology: React,リコリス・リコイル 公式コミックアンソロジー リアクト,Manga,883,7.16,2022,https://cdn.myanimelist.net/images/manga/1/277064l.jpg
344,Maid wa Koisuru Hachiya-kun,,メイドは恋する蜂谷くん,Manga,822,7.16,2022,https://cdn.myanimelist.net/images/manga/1/292617l.jpg
344,Ryoushin no Shakkin wo Katagawari shite Morau Jouken wa Nihonichi Kawaii Joshikousei to Issho ni Kurasu Koto deshita.,I'm Gonna Live with You Not Because My Parents Left Me Their Debt But Because I Like You,両親の借金を肩代わりしてもらう条件は日本一可愛い女子高生と一緒に暮らすことでした。,Manga,14352,7.16,2022,https://cdn.myanimelist.net/images/manga/2/280207l.jpg
344,Ushiro no Seki no Gal ni Sukarete Shimatta. Mou Ore wa Dame Kamoshirenai.,"The Gal Is Sitting Behind Me, and Loves Me.",うしろの席のぎゃるに好かれてしまった。もう俺はダメかもしれない。,Light Novel,1071,7.16,2022,https://cdn.myanimelist.net/images/manga/1/270239l.jpg
350,Houkago no Idol ni wa Himitsu ga Aru,Everyone's Darling Has a Secret,放課後のアイドルには秘密がある,Manga,9483,7.15,2022,https://cdn.myanimelist.net/images/manga/3/284610l.jpg
350,Karappo no Shoujo to Niji no Kakera,A Girl With an Empty Heart and Fragments of a Rainbow,空っぽの少女と虹のかけら,Manga,958,7.15,2022,https://cdn.myanimelist.net/images/manga/2/262417l.jpg
350,Knight Under My Heart,Knight Under My Heart,나이트 언더 하트,Manhwa,2497,7.15,2022,https://cdn.myanimelist.net/images/manga/2/264627l.jpg
350,Koisuru Okashi to Étranger,Sweet for Sweets and Foreigners,恋するお菓子とエトランジェ,Manga,844,7.15,2022,https://cdn.myanimelist.net/images/manga/3/291814l.jpg
350,Lycoris Recoil: Koushiki Comic Anthology - Repeat,Lycoris Recoil Official Comic Anthology: Repeat,リコリス・リコイル 公式コミックアンソロジー リピート,Manga,670,7.15,2022,https://cdn.myanimelist.net/images/manga/3/291014l.jpg
350,My Far Too Tumultuous Marriage,My Far Too Tumultuous Marriage,내겐 너무 소란한 결혼,Manhwa,1179,7.15,2022,https://cdn.myanimelist.net/images/manga/3/284202l.jpg
350,Tamaki to Amane,Tamaki & Amane,環と周,Manga,593,7.15,2022,https://cdn.myanimelist.net/images/manga/2/290994l.jpg
357,Damekko Mii-chan,,だめっ子みーちゃん,One-shot,602,7.14,2022,https://cdn.myanimelist.net/images/manga/2/297717l.jpg
357,Hero's Diner,Hero's Diner,괴식식당,Manhwa,2601,7.14,2022,https://cdn.myanimelist.net/images/manga/2/290483l.jpg
357,I My Me Mine,,アイマイミーマイン,Manga,2112,7.14,2022,https://cdn.myanimelist.net/images/manga/3/267249l.jpg
357,Keiyaku Shimai,Contract Sisters,ケイヤクシマイ,Manga,3486,7.14,2022,https://cdn.myanimelist.net/images/manga/4/278448l.jpg
357,Kozure Ω to Boukun Yakuza Blooming,"I'll Make You Happy, Sweeties.",子連れΩと暴君ヤクザ blooming,Manga,489,7.14,2022,https://cdn.myanimelist.net/images/manga/3/292079l.jpg
357,Kuroneko to Majo no Kyoushitsu,The Classroom of a Black Cat and a Witch,黒猫と魔女の教室,Manga,6855,7.14,2022,https://cdn.myanimelist.net/images/manga/2/263983l.jpg
357,Naisho no Stalker-san,,ないしょのストーカーさん,Manga,834,7.14,2022,https://cdn.myanimelist.net/images/manga/1/299918l.jpg
357,Royal Marriage,Royal Marriage,로열 메리지,Manhwa,2738,7.14,2022,https://cdn.myanimelist.net/images/manga/1/268878l.jpg
357,Samezoku e no Sasagemono: After Marriage,Sacrificed to the Shark Clan,鮫族への捧げ物 after marriage,Manga,311,7.14,2022,https://cdn.myanimelist.net/images/manga/3/299331l.jpg
366,Elissa's Whirlwind Marriage,Elissa's Whirlwind Marriage,"악당 남편과 이혼하려는데, 아이가 생겼다",Manhwa,3188,7.13,2022,https://cdn.myanimelist.net/images/manga/1/268964l.jpg
366,"Konyaku Haki wo Neratte Kioku Soushitsu no Furi wo Shitara, Sokkenai Taido Datta Konyakusha ga ""Kioku wo Ushinau Mae no Kimi wa, Ore ni Betabore Datta"" to Iu, Tondemonai Uso wo Tsuki Hajimeta",Fake It to Break It! I Faked Amnesia to Break off My Engagement and Now He's All Lovey-Dovey?!,婚約破棄を狙って記憶喪失のフリをしたら、素っ気ない態度だった婚約者が「記憶を失う前の君は、俺にベタ惚れだった」という、とんでもない嘘をつき始めた,Manga,1155,7.13,2022,https://cdn.myanimelist.net/images/manga/1/283280l.jpg
366,Nichiyoubi no Ichigo-chan,Strawberry Moment on Sundays.,日曜日のいちごちゃん,Manga,1219,7.13,2022,https://cdn.myanimelist.net/images/manga/2/264647l.jpg
366,Rainbow City,Rainbow City,레인보우 시티,Manhwa,570,7.13,2022,https://cdn.myanimelist.net/images/manga/2/331243l.jpg
366,Seducing the Monster Duke,Seducing the Monster Duke,용사의 어머니가 되겠습니다,Manhwa,3627,7.13,2022,https://cdn.myanimelist.net/images/manga/3/273759l.jpg
366,The Archvillain's Daughter-In-Law,The Archvillain's Daughter-In-Law,시한부라서 흑막의 며느리가 되었는데,Manhwa,3691,7.13,2022,https://cdn.myanimelist.net/images/manga/1/270579l.jpg
366,When the Third Wheel Strikes Back,When the Third Wheel Strikes Back,서브 남주가 파업하면 생기는 일,Manhwa,2091,7.13,2022,https://cdn.myanimelist.net/images/manga/3/274056l.jpg
373,After Märchen,Ever After,アフターメルヘン,Manga,1939,7.12,2022,https://cdn.myanimelist.net/images/manga/2/293373l.jpg
373,Arknights: Rhodes Kitchen - Tidbits,Rhodes Kitchen: Tidbits,アークナイツ ロドスキッチン -TIDBITS-,Manga,381,7.12,2022,https://cdn.myanimelist.net/images/manga/1/281925l.jpg
373,Class 1-9,Class 1-9,1학년 9반,Manhwa,694,7.12,2022,https://cdn.myanimelist.net/images/manga/3/281920l.jpg
373,Dark Moon: The Blood Altar,Dark Moon: The Blood Altar,DARK MOON: 달의 제단,Manhwa,3659,7.12,2022,https://cdn.myanimelist.net/images/manga/2/293518l.jpg
373,Dark Moon: The Grey City,Dark Moon: The Grey City,DARK MOON: 회색 도시,Manhwa,797,7.12,2022,https://cdn.myanimelist.net/images/manga/1/278420l.jpg
373,Disciple of the Holy Sword,Disciple of the Holy Sword,검빨로 레벨업,Manhwa,11282,7.12,2022,https://cdn.myanimelist.net/images/manga/2/264984l.jpg
373,Gal-kun no Koi wa Kitto,Gal-kun Will Definitely Fall in Love!,ギャルくんの恋はきっと,Manga,367,7.12,2022,https://cdn.myanimelist.net/images/manga/3/273173l.jpg
373,Inu to Sandbag,Dogs and Punching Bags,犬とサンドバッグ,Manga,907,7.12,2022,https://cdn.myanimelist.net/images/manga/2/280368l.jpg
373,Kimi ni Nidome no Sayonara wo.,A Second Goodbye to You.,君に二度目のさよならを。,Manga,1951,7.12,2022,https://cdn.myanimelist.net/images/manga/3/270733l.jpg
373,Onna Kishi to Kemomimi no Ko,The Lady Knight and the Beast-Eared Child,女騎士とケモミミの子,Manga,4369,7.12,2022,https://cdn.myanimelist.net/images/manga/1/268119l.jpg
383,A Dance of Swords in the Night,A Dance of Swords in the Night,칼에 취한 밤을 걷다,Manhwa,6341,7.11,2022,https://cdn.myanimelist.net/images/manga/3/265031l.jpg
383,Assassin & Cinderella,Assassin & Cinderella,アサシン＆シンデレラ,Manga,6898,7.11,2022,https://cdn.myanimelist.net/images/manga/2/276618l.jpg
383,Koi wo Suru Tsumori wa Nakatta: Double,I Didn't Mean to Fall in Love: Double,恋をするつもりはなかった―double―,Manga,785,7.11,2022,https://cdn.myanimelist.net/images/manga/3/306525l.jpg
383,Koisuru Idol Ryuusei-kun wa Kujikenai!,,恋するアイドル流星くんはくじけない!,Manga,443,7.11,2022,https://cdn.myanimelist.net/images/manga/2/295897l.jpg
383,The Art of Reincarnation,The Art of Reincarnation,환생의 정석,Manhwa,18247,7.11,2022,https://cdn.myanimelist.net/images/manga/1/266946l.jpg
383,Tsukihime: A Piece of Blue Glass Moon - Comic à la Carte,,月姫 A piece of blue glass moon コミックアラカルト,Manga,526,7.11,2022,https://cdn.myanimelist.net/images/manga/2/263549l.jpg
383,Unstoppable Hayeong,Unstoppable Hayeong,노빠꾸 최하영,Manhwa,766,7.11,2022,https://cdn.myanimelist.net/images/manga/3/289846l.jpg
383,Wareta Cup wo Modosu ni wa,How to Repair a Broken Cup,割れたカップを戻すには,Manga,328,7.11,2022,https://cdn.myanimelist.net/images/manga/1/304331l.jpg
383,Yotta Kouhai ga Sunao ni Naru made,My Junior and Her Liquid Courage,酔った後輩が素直になるまで,Doujinshi,611,7.11,2022,https://cdn.myanimelist.net/images/manga/3/280493l.jpg
392,"Akutou Ikka no Manamusume, Tensei-saki mo Otome Game no Gokudou Reijou deshita. Saijoukyuu Rank no Akuyaku-sama, Sono Dekiai wa Fuyou desu! @comic",Reincarnated in a Mafia Dating Sim: A Yakuza Heiress Becomes the Top-Ranked Villain's Romantic Target!,悪党一家の愛娘、転生先も乙女ゲームの極道令嬢でした。～最上級ランクの悪役さま、その溺愛は不要です!～@COMIC,Manga,3121,7.1,2022,https://cdn.myanimelist.net/images/manga/1/281327l.jpg
392,Hectopascal,Hectopascal,헥토파스칼,Manhwa,5008,7.1,2022,https://cdn.myanimelist.net/images/manga/3/268751l.jpg
392,Nande Omae ga Ki ni Nannen!?,,なんで恋敵〈おまえ〉が気になんねん!?,Manga,684,7.1,2022,https://cdn.myanimelist.net/images/manga/3/287659l.jpg
392,Serial Killer Isekai ni Oritatsu,Isekai Executioner: The Serial Killer in Another World,シリアルキラー異世界に降り立つ,Manga,6870,7.1,2022,https://cdn.myanimelist.net/images/manga/3/276384l.jpg
396,Enrolling in the Transcendent Academy,Enrolling in the Transcendent Academy,초월자 학원의 수강생이 되었다,Manhwa,10260,7.09,2022,https://cdn.myanimelist.net/images/manga/1/271225l.jpg
396,Extraordinary Attorney Woo,Extraordinary Attorney Woo,이상한 변호사 우영우,Manhwa,887,7.09,2022,https://cdn.myanimelist.net/images/manga/3/273919l.jpg
396,Hawar in the Winter Garden,Hawar in the Winter Garden,겨울 정원의 하와르,Manhwa,943,7.09,2022,https://cdn.myanimelist.net/images/manga/1/273406l.jpg
396,How to Hide the Emperor's Child,How to Hide the Emperor's Child,황제의 아이를 숨기는 방법,Manhwa,6843,7.09,2022,https://cdn.myanimelist.net/images/manga/1/279083l.jpg
396,Koi no Tsuru wa Hanarerarenai,The Strings of Love Cannot Be Separated,恋の弦は離れられない,Manga,541,7.09,2022,https://cdn.myanimelist.net/images/manga/2/298603l.jpg
396,Maou ga Inaka ni Totsuidara,,魔王が田舎に嫁いだら,Manga,2387,7.09,2022,https://cdn.myanimelist.net/images/manga/3/282507l.jpg
396,The SSS-Ranker Returns,The SSS-Ranker Returns,SSS급 랭커 회귀하다,Manhwa,14055,7.09,2022,https://cdn.myanimelist.net/images/manga/1/268327l.jpg
396,Uragirimono no Love Song,Betrayer's Love Song,裏切り者のラブソング,Manga,773,7.09,2022,https://cdn.myanimelist.net/images/manga/1/295128l.jpg
404,E ni Kaita Mochi wo Kaita Mochi,,絵に描いた餅を描いた餅,One-shot,346,7.08,2022,https://cdn.myanimelist.net/images/manga/3/271154l.jpg
404,Hahaue mo Mesu Orc,,ハハウエモメスオーク,Doujinshi,692,7.08,2022,https://cdn.myanimelist.net/images/manga/1/275147l.jpg
404,Hana to Gin,,花と銀,Manga,655,7.08,2022,https://cdn.myanimelist.net/images/manga/1/287660l.jpg
404,"The Hero, the Demon, and the Villain","The Hero, the Demon, and the Villain",영웅&마왕&악당,Manhwa,2773,7.08,2022,https://cdn.myanimelist.net/images/manga/2/281389l.jpg
408,Call My Squall,,call my スコール,Manga,472,7.07,2022,https://cdn.myanimelist.net/images/manga/2/325190l.jpg
408,Goshujinsama ni wa Suwasemasen!,I Won't Let Mistress Suck My Blood,ご主人様には吸わせません!,Manga,1363,7.07,2022,https://cdn.myanimelist.net/images/manga/1/286083l.jpg
408,"Inkya no Boku ni Batsu Game de Kokuhaku shitekita Hazu no Gal ga, Dou Mitemo Boku ni Betabore desu",,陰キャの僕に罰ゲームで告白してきたはずのギャルが、どう見ても僕にベタ惚れです,Manga,13033,7.07,2022,https://cdn.myanimelist.net/images/manga/1/277405l.jpg
408,Lycoris Recoil: Recollect,,リコリス・リコイル リコレクト,Manga,1335,7.07,2022,https://cdn.myanimelist.net/images/manga/1/278731l.jpg
408,No Rose Without Thorns,No Rose Without Thorns,장미같은 소리,Manhwa,384,7.07,2022,https://cdn.myanimelist.net/images/manga/2/286625l.jpg
408,Saint Seiya: Kaiou Saiki - Rerise of Poseidon,,聖闘士星矢 海皇再起 RERISE OF POSEIDON,Manga,516,7.07,2022,https://cdn.myanimelist.net/images/manga/2/297398l.jpg
408,The Perfect Plan for a Fairy-Tale Ending,The Perfect Plan for a Fairy-Tale Ending,동화 속 악역의 완벽한 엔딩 플랜,Manhwa,3573,7.07,2022,https://cdn.myanimelist.net/images/manga/3/265303l.jpg
415,Amayakasanaide Nakisou dakara,"If You Spoil Me That Much, I'm Gonna Cry",甘やかさないで泣きそうだから,Manga,395,7.06,2022,https://cdn.myanimelist.net/images/manga/3/288225l.jpg
415,Baki Gaiden: Gaia to Sikorsky - Tokidoki Nomura Futari dakedo Sanningurashi,,バキ外伝 ガイアとシコルスキー ～ときどきノムラ 二人だけど三人暮らし～,Manga,608,7.06,2022,https://cdn.myanimelist.net/images/manga/1/277992l.jpg
415,Death God,,사신,Manhwa,1809,7.06,2022,https://cdn.myanimelist.net/images/manga/3/283642l.jpg
415,"Senpai, Naka Misete","Let Me See the Real You, Senpai!",先輩、ナカみせて,Manga,919,7.06,2022,https://cdn.myanimelist.net/images/manga/3/291906l.jpg
415,Unmei Dakedo Aiirenai,Fated NOT to Meet,運命だけどあいいれない,Manga,405,7.06,2022,https://cdn.myanimelist.net/images/manga/1/309403l.jpg
415,Watashi no Arika,When Arika Went Missing,私のアリカ,Manga,1373,7.06,2022,https://cdn.myanimelist.net/images/manga/3/279301l.jpg
415,Yuki to Sumi,Snow & Ink,雪と墨,Manga,2193,7.06,2022,https://cdn.myanimelist.net/images/manga/2/285564l.jpg
422,Boku to Jinginaki Ojisan,Me and My Gangster Neighbour,ぼくと仁義なきおじさん,Manga,1884,7.05,2022,https://cdn.myanimelist.net/images/manga/1/277778l.jpg
422,Lips Upon a Sword's Edge,Lips Upon a Sword's Edge,칼끝에 입술,Manhwa,3399,7.05,2022,https://cdn.myanimelist.net/images/manga/1/271789l.jpg
422,Sprite,,スプライト,Manga,306,7.05,2022,https://cdn.myanimelist.net/images/manga/3/299327l.jpg
422,The Hero's Savior,The Hero's Savior,주인공의 구원자가 될 운명입니다,Manhwa,3550,7.05,2022,https://cdn.myanimelist.net/images/manga/3/323044l.jpg
422,Winter Wolf,Winter Wolf,윈터 울프,Manhwa,582,7.05,2022,https://cdn.myanimelist.net/images/manga/3/331142l.jpg
427,How to Prey on Your Master,How to Prey on Your Master,주인님을 잡아먹는 방법,Manhwa,1494,7.04,2022,https://cdn.myanimelist.net/images/manga/2/267446l.jpg
427,Kono Subarashii Sekai ni Shukufuku wo!: Fantastic Days,Konosuba: God's Blessing on This Wonderful World! Fantastic Days,この素晴らしい世界に祝福を! ファンタスティックデイズ,Light Novel,730,7.04,2022,https://cdn.myanimelist.net/images/manga/3/262139l.jpg
427,"Kujaku no Dance, Dare ga Mita?",Who Saw the Peacock Dance in the Jungle?,クジャクのダンス、誰が見た？,Manga,1236,7.04,2022,https://cdn.myanimelist.net/images/manga/2/279815l.jpg
427,Kusunoki-san wa Koukou Debut ni Shippaishiteiru,Kusunoki's Flunking Her High School Glow-Up,楠木さんは高校デビューに失敗している,Manga,16307,7.04,2022,https://cdn.myanimelist.net/images/manga/2/278379l.jpg
427,OΣG!!! =Oh My God=,,OΣG!!!＝オー・マイ・ゴッド＝,Manga,679,7.04,2022,https://cdn.myanimelist.net/images/manga/1/333310l.jpg
427,The Baby Divine Beast,The Baby Divine Beast,아기 신수로 환생했습니다,Manhwa,2498,7.04,2022,https://cdn.myanimelist.net/images/manga/2/271155l.jpg
427,Tsuihou sareta Tensei Juukishi wa Game Chishiki de Musou suru,The Exiled Heavy Knight Knows How to Game the System,追放された転生重騎士はゲーム知識で無双する,Manga,13531,7.04,2022,https://cdn.myanimelist.net/images/manga/2/262304l.jpg
434,Anemone Theater,Anemone Theater,아네모네 극장,Manhwa,568,7.03,2022,https://cdn.myanimelist.net/images/manga/3/266317l.jpg
434,I Was the Final Boss,I Was the Final Boss,보스였음,Manhwa,12187,7.03,2022,https://cdn.myanimelist.net/images/manga/3/273394l.jpg
434,Kekkaishi no Ichirinka,Bride of the Barrier Master,結界師の一輪華,Manga,1458,7.03,2022,https://cdn.myanimelist.net/images/manga/3/268973l.jpg
434,Momoiro Montage,,ももいろモンタージュ,Manga,1099,7.03,2022,https://cdn.myanimelist.net/images/manga/3/271581l.jpg
434,My Unexpected Marriage,My Unexpected Marriage,백작가의 사생아가 결혼하면,Manhwa,4451,7.03,2022,https://cdn.myanimelist.net/images/manga/1/265089l.jpg
434,Shiori-sensei wa Ochi♡chin no Sodateya-san,,しおり先生はおち♡ちんの育て屋さん,Manga,376,7.03,2022,https://cdn.myanimelist.net/images/manga/1/295987l.jpg
434,Watashitachi wa Moto Joshi desu,,私たちは元女子です,Manga,2639,7.03,2022,https://cdn.myanimelist.net/images/manga/3/289810l.jpg
434,Yoiyami Sugar Cat,Twilight Sugar Cat,宵闇シュガーキャット,Manga,330,7.03,2022,https://cdn.myanimelist.net/images/manga/2/299107l.jpg
442,A Tactical Genius on the Field,A Tactical Genius on the Field,검은 머리 전술 천재,Manhwa,678,7.02,2022,https://cdn.myanimelist.net/images/manga/3/306300l.jpg
442,"Black Madougushi Guild wo Tsuihou sareta Watashi, Oukyuu Majutsushi toshite Hirowareru: White na Kyuutei de, Shiawase na Shinseikatsu wo Hajimemasu!",My Magical Career at Court: Living the Dream After My Nightmare Boss Fired Me from the Mages' Guild!,ブラック魔道具師ギルドを追放された私、王宮魔術師として拾われる ～ホワイトな宮廷で、幸せな新生活を始めます!～,Manga,1770,7.02,2022,https://cdn.myanimelist.net/images/manga/4/274409l.jpg
442,Choudokyuu Cheat Akuyaku Reijou no Karei naru Fukushuutan,The Remarkable Revenge of a Vindictive Villainess,超弩級チート悪役令嬢の華麗なる復讐譚,Manga,2213,7.02,2022,https://cdn.myanimelist.net/images/manga/2/297852l.jpg
442,Do It Yourself!!,Do It Yourself!!,Do It Yourself!! -どぅー・いっと・ゆあせるふ-,Manga,863,7.02,2022,https://cdn.myanimelist.net/images/manga/2/285904l.jpg
442,Kamiato to Fluorite,Bite Marks and Fluorite,噛み痕とフローライト,Manga,771,7.02,2022,https://cdn.myanimelist.net/images/manga/1/288515l.jpg
442,Kanan-sama wa Akumade Choroi,Mistress Kanan Is Devilishly Easy,カナン様はあくまでチョロい,Manga,21021,7.02,2022,https://cdn.myanimelist.net/images/manga/2/269764l.jpg
442,King of the Mound,,마운드 위의 절대자,Manhwa,1710,7.02,2022,https://cdn.myanimelist.net/images/manga/3/266585l.jpg
442,Naruto: Sasuke Retsuden - Uchiha no Matsuei to Tenkyuu no Hoshikuzu,Naruto: Sasuke's Story - The Uchiha and the Heavenly Stardust,NARUTO-ナルト- サスケ烈伝 うちはの末裔と天球の星屑,Manga,8569,7.02,2022,https://cdn.myanimelist.net/images/manga/1/276114l.jpg
442,Railway/Gateway,,レイルウェイ／ゲイトウェイ,One-shot,375,7.02,2022,https://cdn.myanimelist.net/images/manga/2/265651l.jpg
442,Scandal nante Souteigai,I Didn't Expect a Scandal Like This,スキャンダルなんて想定外,Manga,261,7.02,2022,https://cdn.myanimelist.net/images/manga/2/298247l.jpg
442,Thunder 3,Thunder 3,サンダー3,Manga,1764,7.02,2022,https://cdn.myanimelist.net/images/manga/3/270100l.jpg
442,Yorubenai 60 Days,,よるべない60デイズ,One-shot,704,7.02,2022,https://cdn.myanimelist.net/images/manga/3/284542l.jpg
454,Ashtarte,Ashtarte,아슈타르테,Manhwa,4507,7.01,2022,https://cdn.myanimelist.net/images/manga/1/268558l.jpg
454,Hajimete no Ojousama,,はじめてのお嬢様,Manga,3616,7.01,2022,https://cdn.myanimelist.net/images/manga/2/277993l.jpg
454,Hoshi wo Atsumeru Shounen,,星をあつめる少年,One-shot,344,7.01,2022,https://cdn.myanimelist.net/images/manga/3/289750l.jpg
454,Hoshi wo Tsukamaeru,Grab the Stars,星を掴まえる,Manga,954,7.01,2022,https://cdn.myanimelist.net/images/manga/2/283102l.jpg
454,Inma Soukutsu: Boku no Rinjin wa Inma Oyako,,淫魔巣窟 僕の隣人は淫魔親子,Doujinshi,827,7.01,2022,https://cdn.myanimelist.net/images/manga/3/277908l.jpg
454,Lottery Princess,Lottery Princess,로또 황녀님,Manhwa,1259,7.01,2022,https://cdn.myanimelist.net/images/manga/3/268882l.jpg
454,Mechanical Buddy Universe,Mechanical Buddy Universe,メカニカル バディ ユニバース,Manga,891,7.01,2022,https://cdn.myanimelist.net/images/manga/2/276136l.jpg
454,Re Cervin,,レ・セルバン,Manga,4053,7.01,2022,https://cdn.myanimelist.net/images/manga/1/280988l.jpg
454,Shoujo Nyuumon,,少女入門,Manga,977,7.01,2022,https://cdn.myanimelist.net/images/manga/1/284078l.jpg
463,Dorobou-chan,,どろぼうちゃん,Manga,4020,7.0,2022,https://cdn.myanimelist.net/images/manga/1/268633l.jpg
463,Futaribocchi no Yoru,,ふたりぼっちの夜,One-shot,316,7.0,2022,https://cdn.myanimelist.net/images/manga/1/316461l.jpg
463,Gendai Dungeon Life no Tsuzuki wa Isekai Open World de!,Enjoy the Continuation of the Modern Dungeon Life in a Different World Like an Open World!,現代ダンジョンライフの続きは異世界オープンワールドで!,Manga,743,7.0,2022,https://cdn.myanimelist.net/images/manga/3/321349l.jpg
463,Hina no Mama ja Dame desu ka?,,ヒナのままじゃだめですか？,Manga,1415,7.0,2022,https://cdn.myanimelist.net/images/manga/3/278229l.jpg
463,Skalighty,,スカライティ,Manga,585,7.0,2022,https://cdn.myanimelist.net/images/manga/1/285131l.jpg
463,The Night Without Shadows,The Night Without Shadows,그림자 없는 밤,Manhwa,605,7.0,2022,https://cdn.myanimelist.net/images/manga/3/331139l.jpg
463,Yandere Mahoutsukai wa Sekizou no Otome shika Aisenai: Majo wa Manadeshi no Atsui Kuchizuke de Tokeru,The Obsessed Mage and His Beloved Statue Bride: She Cannot Resist His Seductive Voice,ヤンデレ魔法使いは石像の乙女しか愛せない 魔女は愛弟子の熱い口づけでとける,Manga,440,7.0,2022,https://cdn.myanimelist.net/images/manga/1/315044l.jpg
470,+99 Reinforced Wooden Stick,+99 Reinforced Wooden Stick,99강화나무몽둥이,Manhwa,11641,6.99,2022,https://cdn.myanimelist.net/images/manga/2/324282l.jpg
470,Farming for Love,Farming for Love,귀농귀촌 성공기,Manhwa,510,6.99,2022,https://cdn.myanimelist.net/images/manga/1/273565l.jpg
470,Inkya datta Ore no Seishun Revenge: Tenshi Sugiru Ano Ko to Ayumu Re Life,The Revenge of My Youth: Re Life with an Angelic Girl,陰キャだった俺の青春リベンジ 天使すぎるあの娘と歩むReライフ,Manga,10121,6.99,2022,https://cdn.myanimelist.net/images/manga/2/282408l.jpg
470,Souei Sousho,,双影双書,Manga,590,6.99,2022,https://cdn.myanimelist.net/images/manga/3/275037l.jpg
470,The Overpowered Newbie,The Overpowered Newbie,뉴비가 너무 강함,Manhwa,9200,6.99,2022,https://cdn.myanimelist.net/images/manga/1/265034l.jpg
470,Wedding Strategy,Wedding Strategy,결혼공략,Manhwa,305,6.99,2022,https://cdn.myanimelist.net/images/manga/2/297065l.jpg
476,Doctor Player,Doctor Player,닥터 플레이어,Manhwa,5542,6.98,2022,https://cdn.myanimelist.net/images/manga/2/276411l.jpg
476,Kaijuu-kun,Kaijuu-kun,怪獣くん,Manga,780,6.98,2022,https://cdn.myanimelist.net/images/manga/1/288880l.jpg
476,Lavender in June,Lavender in June,6월의 라벤더,Manhwa,384,6.98,2022,https://cdn.myanimelist.net/images/manga/3/283437l.jpg
476,Natsu to Lemon to Overlay,"Summer, Lemon, and Overlay",夏とレモンとオーバーレイ,Manga,1141,6.98,2022,https://cdn.myanimelist.net/images/manga/1/275145l.jpg
476,Osananajimi wa Hikikomori,,幼馴染は引きこもり,One-shot,399,6.98,2022,https://cdn.myanimelist.net/images/manga/3/266589l.jpg
476,The Duke's Darling Daughter-in-Law,The Duke's Darling Daughter-in-Law,입양된 며느리는 파양을 준비합니다,Manhwa,3604,6.98,2022,https://cdn.myanimelist.net/images/manga/1/269491l.jpg
476,You're Perfect for Me,You're Perfect for Me,내게 딱인 너,Manhwa,519,6.98,2022,https://cdn.myanimelist.net/images/manga/3/267851l.jpg
476,[Oshi no Ko] Tokubetsu-hen,,【推しの子】特別編,One-shot,1089,6.98,2022,https://cdn.myanimelist.net/images/manga/1/306924l.jpg
484,Gal ni Yasashii Otaku-kun,Otaku x Gal,ギャルに優しいオタク君,Manga,8173,6.97,2022,https://cdn.myanimelist.net/images/manga/3/283396l.jpg
484,Galaxias,Galaxias,GALAXIAS,One-shot,1139,6.97,2022,https://cdn.myanimelist.net/images/manga/3/264190l.jpg
484,Miscreants and Mayhem,Miscreants and Mayhem,개차반,Manhwa,956,6.97,2022,https://cdn.myanimelist.net/images/manga/3/331412l.jpg
487,Futsuu ni Kiite Kure,Just Listen to the Song,フツーに聞いてくれ,One-shot,30301,6.96,2022,https://cdn.myanimelist.net/images/manga/2/264127l.jpg
487,I Became the Lousy Side Top,I Became the Lousy Side Top,찌질한 서브공이 되었습니다.,Manhwa,556,6.96,2022,https://cdn.myanimelist.net/images/manga/2/331214l.jpg
487,Okashi na Elf to Joshikousei,"Sweets, Elf, And A High School Girl",おかしなエルフと女子高生,Manga,601,6.96,2022,https://cdn.myanimelist.net/images/manga/1/285895l.jpg
487,"Ore ni Trauma wo Ataeta Joshi-tachi ga Chirachira Mitekuru kedo, Zannen desu ga Teokure desu","The Girls Who Traumatized Me Keep Glancing at Me, but Alas, It's Too Late.",俺にトラウマを与えた女子達がチラチラ見てくるけど、残念ですが手遅れです,Light Novel,880,6.96,2022,https://cdn.myanimelist.net/images/manga/2/258943l.jpg
487,Pen to Wappa to Jijitsukon,"A Pen, Handcuffs, and a Common-Law Marriage",ペンと手錠〈ワッパ〉と事実婚,Manga,1372,6.96,2022,https://cdn.myanimelist.net/images/manga/2/287752l.jpg
487,Revenge on the Real One,Revenge on the Real One,진짜 딸이 돌아왔다,Manhwa,3810,6.96,2022,https://cdn.myanimelist.net/images/manga/3/273613l.jpg
487,Surviving as the Illegitimate Princess,Surviving as the Illegitimate Princess,사생아 공주로 살아남기,Manhwa,3064,6.96,2022,https://cdn.myanimelist.net/images/manga/2/267809l.jpg
487,The Unrivaled Villain,The Unrivaled Villain,악역무쌍,Manhwa,1658,6.96,2022,https://cdn.myanimelist.net/images/manga/3/300789l.jpg
487,Tsukihime: A Piece of Blue Glass Moon - Anthology Comic Star,,月姫 －A piece of blue glass moon－ アンソロジーコミックSTAR,Manga,684,6.96,2022,https://cdn.myanimelist.net/images/manga/3/259662l.jpg
487,Your Ultimate Love Rival,Your Ultimate Love Rival,남주의 연적이 되어 버렸다,Manhwa,4226,6.96,2022,https://cdn.myanimelist.net/images/manga/3/262423l.jpg
497,Choose Your Heroes Carefully,Choose Your Heroes Carefully,영웅 뽑기는 신중하게,Manhwa,533,6.95,2022,https://cdn.myanimelist.net/images/manga/2/286618l.jpg
497,Higurashi no Naku Koro ni Oni,,ひぐらしのなく頃に 鬼,Manga,933,6.95,2022,https://cdn.myanimelist.net/images/manga/2/273009l.jpg
497,Hinekurebana ni Ai wo Sosoide,,ひねくれ花に愛をそそいで,Manga,480,6.95,2022,https://cdn.myanimelist.net/images/manga/1/284292l.jpg
497,"Hodoite, Musunde",,ほどいて、むすんで,Manga,3982,6.95,2022,https://cdn.myanimelist.net/images/manga/3/279573l.jpg
497,Honey Temptation,,ハニーテンプテーション,Manga,374,6.95,2022,https://cdn.myanimelist.net/images/manga/3/303513l.jpg
497,Matataki no Ao wo Tadotte,Follow the Twinkling Blue of the Stars.,またたきの青をたどって,Manga,481,6.95,2022,https://cdn.myanimelist.net/images/manga/1/287648l.jpg
497,"Run, Meil","Run, Meil",달려라 메일,Manhwa,679,6.95,2022,https://cdn.myanimelist.net/images/manga/2/268867l.jpg
497,Susumu x Minoru,Susumu x Minoru,ススム×ミノル,Manga,441,6.95,2022,https://cdn.myanimelist.net/images/manga/3/284295l.jpg
497,The Crown Prince's Fiancée,The Crown Prince's Fiancée,황태자의 약혼녀,Manhwa,1154,6.95,2022,https://cdn.myanimelist.net/images/manga/3/271553l.jpg
497,The Righteous Demon of Kunlun,The Righteous Demon of Kunlun,곤륜마협,Manhwa,1080,6.95,2022,https://cdn.myanimelist.net/images/manga/3/288602l.jpg
497,This Is a Campus Romance Series,This Is a Campus Romance Series,대충 캠퍼스로맨스임,Manhwa,478,6.95,2022,https://cdn.myanimelist.net/images/manga/2/296811l.jpg
497,"Watashi no Megami ga Kyou mo Oseru: Korekara mo, Itsumademo","My Goddess Is Precious Today, Too",私の女神が今日も推せる ～これからも、いつまでも～,Manga,1046,6.95,2022,https://cdn.myanimelist.net/images/manga/3/304003l.jpg
509,Blurred Lines,Blurred Lines,친구말고,Manhwa,843,6.94,2022,https://cdn.myanimelist.net/images/manga/1/286467l.jpg
509,Heishi to Burikiya,Soldier and Whitesmith,兵士とブリキ屋,One-shot,303,6.94,2022,https://cdn.myanimelist.net/images/manga/1/267214l.jpg
509,My Husband Changes Every Night,My Husband Changes Every Night,밤마다 남편이 바뀐다,Manhwa,2800,6.94,2022,https://cdn.myanimelist.net/images/manga/3/273548l.jpg
509,"Reporting for Duty, Duchess!","Reporting for Duty, Duchess!",대위님! 이번 전쟁터는 이곳인가요?,Manhwa,2782,6.94,2022,https://cdn.myanimelist.net/images/manga/2/283333l.jpg
509,The Guy with Pretty Lips,The Guy with Pretty Lips,입술이 예쁜 남자,Manhwa,481,6.94,2022,https://cdn.myanimelist.net/images/manga/1/287668l.jpg
509,holoX MEETing!,holoX MEETing!,ホロックスみーてぃんぐ!～holoX MEETing!～,Manga,835,6.94,2022,https://cdn.myanimelist.net/images/manga/2/279613l.jpg
515,Kimi no Kokoro wo Kanji-tai,,君の心を漢字たい,Manga,3420,6.93,2022,https://cdn.myanimelist.net/images/manga/1/275805l.jpg
515,"Koishita Hito wa, Imouto no Kawari ni Shindekure to Itta. Imouto to Kekkon shita Kataomoi Aite ga Naze Imasara Watashi no Moto ni? To Omottara @comic",The Person I Loved Asked Me to Die in My Sister's Stead,恋した人は、妹の代わりに死んでくれと言った。―妹と結婚した片思い相手がなぜ今さら私のもとに?と思ったら―@COMIC,Manga,835,6.93,2022,https://cdn.myanimelist.net/images/manga/3/296115l.jpg
515,Natsuki,,夏季-natsuki-,Doujinshi,341,6.93,2022,https://cdn.myanimelist.net/images/manga/2/282998l.jpg
515,Quartz no Oukoku,A Kingdom of Quartz,クオーツの王国,Manga,1967,6.93,2022,https://cdn.myanimelist.net/images/manga/2/282078l.jpg
515,Star Wars: Visions,Star Wars: Visions - The Manga Anthology,スター・ウォーズ:ビジョンズ,Manga,620,6.93,2022,https://cdn.myanimelist.net/images/manga/3/275678l.jpg
520,Among Us,,アモングアス,One-shot,6806,6.92,2022,https://cdn.myanimelist.net/images/manga/1/256571l.jpg
520,Call Me the Devil,Call Me the Devil,악마라고 불러다오,Manhwa,1518,6.92,2022,https://cdn.myanimelist.net/images/manga/1/267447l.jpg
520,Ijousha,,異常者,One-shot,484,6.92,2022,https://cdn.myanimelist.net/images/manga/3/296457l.jpg
520,Isekai Shachuuhaku Monogatari: Outrunner PHEV,Sleeping Overnight in My Car in Isekai,異世界車中泊物語 アウトランナーPHEV,Manga,1705,6.92,2022,https://cdn.myanimelist.net/images/manga/3/304159l.jpg
520,Maria Children,,少女戎機 〈マリアチルドレン〉,Manga,935,6.92,2022,https://cdn.myanimelist.net/images/manga/2/268970l.jpg
520,"Nee, Mou Isso Tsukiacchau? Osananajimi no Bishoujo ni Tanomarete, Camouflage Kareshi Hajimemashita",,ねぇ、もういっそつき合っちゃう?幼馴染の美少女に頼まれて、カモフラ彼氏はじめました,Manga,6717,6.92,2022,https://cdn.myanimelist.net/images/manga/1/270104l.jpg
520,Ode to Snow White,Ode to Snow White,백설을 위하여,Manhwa,904,6.92,2022,https://cdn.myanimelist.net/images/manga/3/271792l.jpg
520,Onnagokoro@Danshi Koukousei,,女心＠男子高校生,Manga,404,6.92,2022,https://cdn.myanimelist.net/images/manga/2/314725l.jpg
520,Ookami no Musume,Wolf's Daughter: A Werewolf's Tale,狼の娘,Manga,1244,6.92,2022,https://cdn.myanimelist.net/images/manga/3/278665l.jpg
520,Oyaku ni Tatsu node Chi wo Kudasai,"Please Give Me Your Blood, I Will Serve You in Gratitude.",お役に立つので血をください,Manga,4509,6.92,2022,https://cdn.myanimelist.net/images/manga/1/273609l.jpg
520,Secret Siblings,Secret Siblings,비밀남매,Manhwa,809,6.92,2022,https://cdn.myanimelist.net/images/manga/2/291324l.jpg
520,Sisters at War,Sisters at War,자매전쟁,Manhwa,1020,6.92,2022,https://cdn.myanimelist.net/images/manga/3/273918l.jpg
520,Super Dragon Ball Heroes: Ultra God Mission!!!!,,スーパードラゴンボールヒーローズ ウルトラゴッドミッション!!!!,Manga,676,6.92,2022,https://cdn.myanimelist.net/images/manga/3/288429l.jpg
520,The Poisonous Healer,The Poisonous Healer,독 먹는 힐러,Manhwa,5603,6.92,2022,https://cdn.myanimelist.net/images/manga/1/275783l.jpg
520,The Sacred One Speaks,The Sacred One Speaks,성스러운 그대 이르시길,Manhwa,1333,6.92,2022,https://cdn.myanimelist.net/images/manga/3/283871l.jpg
520,Under One Roof,Under One Roof,한지붕 아래,Manhwa,1428,6.92,2022,https://cdn.myanimelist.net/images/manga/1/266674l.jpg
520,When the Black Moon Rises,When the Black Moon Rises,검은 달이 뜨면,Manhwa,706,6.92,2022,https://cdn.myanimelist.net/images/manga/2/269759l.jpg
520,Yoru-san no Itoshi no Bansan,My Beloved Supper,夜さんの愛しの晩餐,Manga,682,6.92,2022,https://cdn.myanimelist.net/images/manga/2/287614l.jpg
538,A Modern Man Who Got Transmigrated Into the Murim World,,무림에 떨어진 현대인,Manhwa,4883,6.91,2022,https://cdn.myanimelist.net/images/manga/1/281309l.jpg
538,Gokusotsu Kraken,,獄卒クラーケン,Manga,7998,6.91,2022,https://cdn.myanimelist.net/images/manga/1/280592l.jpg
538,Make a Mark,,メイク・ア・マーク,Doujinshi,334,6.91,2022,https://cdn.myanimelist.net/images/manga/3/300879l.jpg
538,Netorase Club,Cuck You Club,ネトラセクラブ,Doujinshi,558,6.91,2022,https://cdn.myanimelist.net/images/manga/2/280127l.jpg
538,Ore to Renai Shitemimasen ka,,オレと恋愛してみませんか,Manga,474,6.91,2022,https://cdn.myanimelist.net/images/manga/2/295200l.jpg
538,Oshinobi Dousei,,お忍び同棲,Manga,3371,6.91,2022,https://cdn.myanimelist.net/images/manga/3/280817l.jpg
538,Secretary's Escape,Secretary's Escape,비서 일탈,Manhwa,711,6.91,2022,https://cdn.myanimelist.net/images/manga/2/282467l.jpg
538,Shinigami no Hanayome: Yomei 7-ka kara no Koufuku,Bride of the Death God,死神の花嫁―余命7日からの幸福―,Manga,1704,6.91,2022,https://cdn.myanimelist.net/images/manga/1/284473l.jpg
538,Shinketsu no Kyuuseishu: 0.00000001% wo Hikiate Saikyou e,Savior of Divine Blood,神血の救世主～0.00000001%を引き当て最強へ～,Manga,2517,6.91,2022,https://cdn.myanimelist.net/images/manga/1/303723l.jpg
538,Shiro Gal Kanojo ga Dekita Riyuu,,白ギャルカノジョができた理由,Doujinshi,507,6.91,2022,https://cdn.myanimelist.net/images/manga/1/283461l.jpg
538,Shitasaki kara Koi,Love from the Tip of the Tongue,舌先から恋,Manga,629,6.91,2022,https://cdn.myanimelist.net/images/manga/3/301647l.jpg
538,The Princess Demands a Divorce,The Princess Demands a Divorce,"이혼해 주세요, 황제가 돼야 해서요",Manhwa,430,6.91,2022,https://cdn.myanimelist.net/images/manga/1/331376l.jpg
538,What Happens in Rio...,What Happens in Rio...,카니발 베이비,Manhwa,397,6.91,2022,https://cdn.myanimelist.net/images/manga/3/281696l.jpg
538,Yamikin Shinshi no Kiken na Akuheki,Dangerous Vices of a Gentleman Loan Shark,闇金紳士のキケンな悪癖,Manga,376,6.91,2022,https://cdn.myanimelist.net/images/manga/3/295126l.jpg
538,Yumemiru Maid no Tea Time,Tea Time for Dreaming Maids,夢見るメイドのティータイム,Manga,543,6.91,2022,https://cdn.myanimelist.net/images/manga/1/278932l.jpg
553,An Unsettling Scent,An Unsettling Scent,불쾌의 미학,Manhwa,438,6.9,2022,https://cdn.myanimelist.net/images/manga/2/332436l.jpg
553,Drugstore Tenin Sacchan no Nichijou,"Daily Life of Sacchan, A Drugstore Staff.",ドラッグストア店員さっちゃんの日常,Manga,2769,6.9,2022,https://cdn.myanimelist.net/images/manga/3/273286l.jpg
553,Goblin Slayer: Day in the Life,Goblin Slayer: A Day in the Life,ゴブリンスレイヤー：デイ・イン・ザ・ライフ,Manga,1188,6.9,2022,https://cdn.myanimelist.net/images/manga/2/282079l.jpg
553,Hyouka no Emi ga Saku,,氷花の笑みが咲く,One-shot,705,6.9,2022,https://cdn.myanimelist.net/images/manga/3/269222l.jpg
553,Isekai de Ane ni Namae wo Ubawaremashita,"In Another World, My Sister Stole My Name",異世界で姉に名前を奪われました,Manga,1197,6.9,2022,https://cdn.myanimelist.net/images/manga/3/272323l.jpg
553,Netsu wo Obiru Veil,,熱を帯びるベール,One-shot,271,6.9,2022,https://cdn.myanimelist.net/images/manga/2/277095l.jpg
553,Perfect Addiction,Perfect Addiction,パーフェクトアディクション,Manga,991,6.9,2022,https://cdn.myanimelist.net/images/manga/3/301833l.jpg
553,The Rules of Rose Ivy Manor,The Rules of Rose Ivy Manor,로판인 줄 알았는데 괴담이다,Manhwa,990,6.9,2022,https://cdn.myanimelist.net/images/manga/3/291684l.jpg
553,What Melvin Left Behind,What Melvin Left Behind,멜빈이 그들에게 남긴 것,Manhwa,1458,6.9,2022,https://cdn.myanimelist.net/images/manga/1/268881l.jpg
553,Yuutousei wa Mi no Hodo Shirazu,,優等生は身のほど知らず,Manga,675,6.9,2022,https://cdn.myanimelist.net/images/manga/1/292789l.jpg
563,Adeline's Darkest Night,Adeline's Darkest Night,아델린의 깊은 밤,Manhwa,1501,6.89,2022,https://cdn.myanimelist.net/images/manga/2/273611l.jpg
563,"Ane no Seiyoku Shori wa Otouto ga Suru Mono da to, Gitei wa Omoi Hajimeteiru.",,姉の性欲処理は弟がするものだと、義弟は思いはじめている。,Doujinshi,555,6.89,2022,https://cdn.myanimelist.net/images/manga/1/284930l.jpg
563,Brother Knows Best,Brother Knows Best,남동생이 꽃길을 강요한다,Manhwa,1213,6.89,2022,https://cdn.myanimelist.net/images/manga/1/265531l.jpg
563,Chieri no Koi wa 8 Meters,My Girlfriend Is 8 Meters Tall,ちえりの恋は8メートル,Manga,11902,6.89,2022,https://cdn.myanimelist.net/images/manga/3/276119l.jpg
563,Cooking Sorcerer,Cooking Sorcerer,요리하는 마법사,Manhwa,1896,6.89,2022,https://cdn.myanimelist.net/images/manga/3/282686l.jpg
563,"Jouzu ni Dekita ne, Watase-san",,上手にできたね、渡瀬さん,Manga,247,6.89,2022,https://cdn.myanimelist.net/images/manga/3/296770l.jpg
563,My Warmonger Husband,My Warmonger Husband,전쟁광 남편의 아이를 빼돌렸다,Manhwa,1240,6.89,2022,https://cdn.myanimelist.net/images/manga/2/282413l.jpg
563,The Duchess's Contract Marriage,The Duchess's Contract Marriage,아쉴레앙 공작의 계약 결혼,Manhwa,1556,6.89,2022,https://cdn.myanimelist.net/images/manga/3/265495l.jpg
563,Tokyo Kaijin Rhapsody,Tokyo Fears Rhapsody,東京怪人ラプソディ,Manga,1211,6.89,2022,https://cdn.myanimelist.net/images/manga/3/287987l.jpg
563,Yu☆Gi☆Oh! OCG Stories,,遊☆戯☆王OCGストーリーズ,Manga,1110,6.89,2022,https://cdn.myanimelist.net/images/manga/2/273935l.jpg
573,Herami Shimai wa Docchi mo Yanderu,,平良深姉妹はどっちもヤんでる,Manga,1684,6.88,2022,https://cdn.myanimelist.net/images/manga/2/282519l.jpg
573,How to Refuse the Route,How to Refuse the Route,루트를 거부하는 방법,Manhwa,392,6.88,2022,https://cdn.myanimelist.net/images/manga/2/331691l.jpg
573,"Keikenzumi na Kimi to, Keiken Zero na Ore ga, Otsukiai suru Hanashi.","You Were Experienced, I Was Not: Our Dating Story",経験済みなキミと、経験ゼロなオレが、お付き合いする話。,Manga,12412,6.88,2022,https://cdn.myanimelist.net/images/manga/1/270147l.jpg
573,Merit Aikyuu God,Merit and the Egyptian God,メリトあいきゅうごっど,Manga,709,6.88,2022,https://cdn.myanimelist.net/images/manga/2/265292l.jpg
573,"Minus Skill Mochi Yonin ga Atsumattara, nanka Synergy Hakki shite Saikyou Party ga Dekita Ken",How Four Negative Skills = Unrivaled Synergy,マイナススキル持ち四人が集まったら、なんかシナジー発揮して最強パーティーができた件,Manga,1920,6.88,2022,https://cdn.myanimelist.net/images/manga/1/271302l.jpg
573,Onaho Hanbaiin no Oshigoto wa Taihen desu!,,オナホ販売員のお仕事は大変です！,Doujinshi,389,6.88,2022,https://cdn.myanimelist.net/images/manga/3/295707l.jpg
573,Tensei Colosseum: Saijaku Skill de Saikyou no Onna-tachi wo Kouryaku shite Dorei Harem Tsukurimasu,Reincarnation Coliseum: The Weakest Skill Conquers the Strongest Women and Creates a Harem,転生コロシアム～最弱スキルで最強の女たちを攻略して奴隷ハーレム作ります～,Manga,21986,6.88,2022,https://cdn.myanimelist.net/images/manga/2/273895l.jpg
573,Tensei shitara Zense no Otoko Tomodachi ni Kyuukon Saremashita,,転生したら前世の男友達に求婚されました,Manga,505,6.88,2022,https://cdn.myanimelist.net/images/manga/3/279644l.jpg
573,The Fateful Invitation,The Fateful Invitation,후궁의 초대,Manhwa,1079,6.88,2022,https://cdn.myanimelist.net/images/manga/2/292166l.jpg
582,A World Without You,A World Without You,사랑받는 언니가 사라진 세계,Manhwa,2792,6.87,2022,https://cdn.myanimelist.net/images/manga/1/273654l.jpg
582,Atarashiku Dekita Mama ga Ero Sugiru Nichijou.,,新しくできたママがエロすぎる日常。,Doujinshi,546,6.87,2022,https://cdn.myanimelist.net/images/manga/2/284931l.jpg
582,Becoming a Magic School Mage,Becoming a Magic School Mage,마법학교 마법사로 살아가는 법,Manhwa,8941,6.87,2022,https://cdn.myanimelist.net/images/manga/1/275504l.jpg
582,Goodbye Sengen,,グッバイ宣言,Manga,938,6.87,2022,https://cdn.myanimelist.net/images/manga/1/276338l.jpg
582,Imokusa Reijou desu ga Akuyaku Reisoku wo Tasuketara Kiniiraremashita,,芋くさ令嬢ですが悪役令息を助けたら気に入られました,Manga,2457,6.87,2022,https://cdn.myanimelist.net/images/manga/3/280284l.jpg
582,Rookie Chef with the Magic Touch,Rookie Chef with the Magic Touch,삼류호텔 막내셰프,Manhwa,1672,6.87,2022,https://cdn.myanimelist.net/images/manga/2/264896l.jpg
582,Self-Made Lady,Self-Made Lady,목표는 자수성가입니다,Manhwa,938,6.87,2022,https://cdn.myanimelist.net/images/manga/2/271135l.jpg
582,Surviving as a Fish,Surviving as a Fish,물고기로 살아남기,Manhwa,2071,6.87,2022,https://cdn.myanimelist.net/images/manga/2/268421l.jpg
582,The Doctor Is Out,The Doctor Is Out,주치의는 할 일 다 하고 사표 씁니다,Manhwa,1862,6.87,2022,https://cdn.myanimelist.net/images/manga/1/271954l.jpg
582,Tokimori-san ga Muboubi desu!!,,時森さんが無防備です!!,Manga,9372,6.87,2022,https://cdn.myanimelist.net/images/manga/1/281536l.jpg
582,Yoko-chan wa Positive,Yoko-chan is a Positive Girl,よこちゃんはポジティブ,One-shot,858,6.87,2022,https://cdn.myanimelist.net/images/manga/2/270505l.jpg
593,A Tree Without Roots,A Tree Without Roots,뿌리 없는 나무,Manhwa,2716,6.86,2022,https://cdn.myanimelist.net/images/manga/3/326711l.jpg
593,Black Lagoon: Eda - Initial Stage,,BLACK LAGOON エダ イニシャルステージ,Manga,1163,6.86,2022,https://cdn.myanimelist.net/images/manga/1/268606l.jpg
593,I Don't Hate Us,I Don't Hate Us,안미운 우리들,Manhwa,502,6.86,2022,https://cdn.myanimelist.net/images/manga/1/289704l.jpg
593,Musubime wo Hodoitara,,結び目をほどいたら,Manga,293,6.86,2022,https://cdn.myanimelist.net/images/manga/2/299404l.jpg
593,My Little Bookstore,My Little Bookstore,나의 작은 서점,Manhwa,708,6.86,2022,https://cdn.myanimelist.net/images/manga/3/279968l.jpg
593,"Okaeri, Hatsukoi.","Welcome Back, First Love.",おかえり、初恋。,Manga,1266,6.86,2022,https://cdn.myanimelist.net/images/manga/1/267269l.jpg
593,Shinimodori Reijou no Lucetta,"Lady Lucetta, Back from the Dead",死に戻り令嬢のルチェッタ,Manga,952,6.86,2022,https://cdn.myanimelist.net/images/manga/2/279300l.jpg
593,Surviving a Fantasy Adventure Comic,Surviving a Fantasy Adventure Comic,소년만화에서 살아남기,Manhwa,761,6.86,2022,https://cdn.myanimelist.net/images/manga/2/273605l.jpg
593,Uchikirare Mangaka to Doujin Onna,Axed Mangaka and Doujin Creator,打ち切られ漫画家と同人女,Manga,902,6.86,2022,https://cdn.myanimelist.net/images/manga/3/345897l.jpg
593,Yuusha ni Zenbu Ubawareta Ore wa Yuusha no Hahaoya to Party wo Kumimashita!,"Betrayed by the Hero, I Formed a MILF Party with His Mom!",勇者に全部奪われた俺は勇者の母親とパーティを組みました!,Manga,20597,6.86,2022,https://cdn.myanimelist.net/images/manga/1/282058l.jpg
603,Burberry Blue Period,,BURBERRY ブルーピリオド,Manga,646,6.85,2022,https://cdn.myanimelist.net/images/manga/2/285644l.jpg
603,"E, Shanai System Subete One Operation shiteiru Watashi wo Kaiko desu ka?",Fired? But I Maintain All the Software!,え、社内システム全てワンオペしている私を解雇ですか?,Manga,1610,6.85,2022,https://cdn.myanimelist.net/images/manga/3/295775l.jpg
603,Kono Subarashii Sekai ni Shukufuku wo!: Fantastic Days,,この素晴らしい世界に祝福を！ ファンタスティックデイズ,Manga,883,6.85,2022,https://cdn.myanimelist.net/images/manga/3/265754l.jpg
603,Nakimushi Ooya no Mikuru-chan,,泣き虫大家のみくるちゃん,Manga,529,6.85,2022,https://cdn.myanimelist.net/images/manga/1/276923l.jpg
603,Roku no Meiyaku,,ロクの冥約,One-shot,806,6.85,2022,https://cdn.myanimelist.net/images/manga/1/266466l.jpg
603,Shadows House x Kuro,,シャドーハウス × 黒,One-shot,505,6.85,2022,https://cdn.myanimelist.net/images/manga/2/266451l.jpg
603,Show Me Your Bust,Show Me Your Bust,쇼 미 유어 바스트(Show Me Your Bust),Manhwa,582,6.85,2022,https://cdn.myanimelist.net/images/manga/3/331346l.jpg
603,Tired of Living in Fiction,Tired of Living in Fiction,책빙의는 이제 지겹다,Manhwa,1497,6.85,2022,https://cdn.myanimelist.net/images/manga/3/273404l.jpg
611,A Kiss Is Not Enough,A Kiss Is Not Enough,키스만으론 부족해,Manhwa,344,6.84,2022,https://cdn.myanimelist.net/images/manga/2/284208l.jpg
611,Jitsu wa Imouto deshita.: Saikin Dekita Giri no Otouto no Kyorikan ga Yatara Chikai Wake,,じつは義妹でした。～最近できた義理の弟の距離感がやたら近いわけ～,Manga,6718,6.84,2022,https://cdn.myanimelist.net/images/manga/3/274493l.jpg
611,Kabukichou Cat Honey,Kabukicho Cat Honey,歌舞伎町キャットハニー,Manga,571,6.84,2022,https://cdn.myanimelist.net/images/manga/3/295849l.jpg
611,Sagesumu Shisen ga Saikou desu.,His Scornful Eyes Are the Best.,蔑む視線が最高です。,Manga,1895,6.84,2022,https://cdn.myanimelist.net/images/manga/1/276760l.jpg
611,Yukionna to Kani wo Kuu: Okinawa-hen,,雪女と蟹を食う 沖縄編,Manga,413,6.84,2022,https://cdn.myanimelist.net/images/manga/2/267320l.jpg
616,Attention Residents,Attention Residents,경비실에서 안내방송 드립니다,Manhwa,367,6.83,2022,https://cdn.myanimelist.net/images/manga/3/289133l.jpg
616,Insector,Insector,인섹터,Manhwa,1659,6.83,2022,https://cdn.myanimelist.net/images/manga/3/297479l.jpg
616,Kedamono-tachi no Hana ni Arashi,The Beasts' Flowers Taken By Storm,ケダモノたちの花に嵐,Manga,296,6.83,2022,https://cdn.myanimelist.net/images/manga/2/294273l.jpg
616,Mitasu no wa Kuufuku dake desu ka?,Do You Really Want Only a Meal?,満たすのは空腹だけですか?,Manga,483,6.83,2022,https://cdn.myanimelist.net/images/manga/3/284053l.jpg
616,My Second Husband,My Second Husband,두 번째 남편,Manhwa,529,6.83,2022,https://cdn.myanimelist.net/images/manga/3/278871l.jpg
616,Please Sponsor My Revenge,Please Sponsor My Revenge,복수를 후원해 주세요,Manhwa,1009,6.83,2022,https://cdn.myanimelist.net/images/manga/1/287563l.jpg
616,"Sarah, I'm Sorry: Welcome to Our Galaxy","Sarah, I'm Sorry: Welcome to Our Galaxy",세라미안,Manhwa,782,6.83,2022,https://cdn.myanimelist.net/images/manga/2/279693l.jpg
616,Urareta Henkyouhaku Reijou wa Ringoku no Outaishi ni Dekiai sareru,The Margrave's Daughter & the Enemy Prince,売られた辺境伯令嬢は隣国の王太子に溺愛される,Manga,618,6.83,2022,https://cdn.myanimelist.net/images/manga/1/274480l.jpg
616,World's Greatest Senior Disciple,,천하제일 대사형,Manhwa,1899,6.83,2022,https://cdn.myanimelist.net/images/manga/3/290359l.jpg
625,A Not So Fairy Tale,A Not So Fairy Tale,선녀외전,Manhwa,1328,6.82,2022,https://cdn.myanimelist.net/images/manga/2/290263l.jpg
625,"Ai da, Koi dano Shouhosen",,愛だ、恋だの処方箋,Manga,538,6.82,2022,https://cdn.myanimelist.net/images/manga/3/285042l.jpg
625,Futari Switch,Futari Switch,ふたりスイッチ,Manga,4909,6.82,2022,https://cdn.myanimelist.net/images/manga/1/268131l.jpg
625,Heavenly Sword's Grand Saga,,천검기협,Manhwa,3995,6.82,2022,https://cdn.myanimelist.net/images/manga/1/269947l.jpg
625,Hina to Bambi,Hina and Bambi,ヒナとバンビ,Manga,1806,6.82,2022,https://cdn.myanimelist.net/images/manga/2/280068l.jpg
625,I Can See Your Death,I Can See Your Death,너의 죽음이 보여,Manhwa,2029,6.82,2022,https://cdn.myanimelist.net/images/manga/1/266172l.jpg
625,Kimi no Dekkakute Kimochi Ii Yatsu,,君のでっかくてキモチいいヤツ,One-shot,306,6.82,2022,https://cdn.myanimelist.net/images/manga/1/258546l.jpg
625,Ore no Kareshi ga Ichiban Kawaii,,俺のカレシがいちばんかわいい,Manga,324,6.82,2022,https://cdn.myanimelist.net/images/manga/3/295870l.jpg
625,Sanbante Heroine no Sonogo,,三番手ヒロインのその後,One-shot,633,6.82,2022,https://cdn.myanimelist.net/images/manga/3/279289l.jpg
625,The Demon's Darling Daughter,The Demon's Darling Daughter,악마의 사랑을 받는 딸이래요,Manhwa,2490,6.82,2022,https://cdn.myanimelist.net/images/manga/1/271788l.jpg
625,The Dungeon Cleaning Life of a Once Genius Hunter,The Dungeon Cleaning Life of a Once Genius Hunter,회귀한 천재 헌터의 슬기로운 청소생활,Manhwa,6584,6.82,2022,https://cdn.myanimelist.net/images/manga/3/269523l.jpg
625,The Slumbering Ranker,The Slumbering Ranker,잠만 자도 랭커,Manhwa,7766,6.82,2022,https://cdn.myanimelist.net/images/manga/1/266830l.jpg
625,Yuusha-kei ni Shosu: Choubatsu Yuusha 9004-tai Keimu Kiroku,Sentenced to Be a Hero: The Prison Records of Penal Hero Unit 9004,勇者刑に処す 懲罰勇者9004隊刑務記録,Manga,3379,6.82,2022,https://cdn.myanimelist.net/images/manga/1/273007l.jpg
638,6-nin no Shinanai Shoujo to Kanarazu Shinu Unmei no Hito,,6人の死なない少女と必ず死ぬ運命の人,Manga,5110,6.81,2022,https://cdn.myanimelist.net/images/manga/1/315867l.jpg
638,Behind His Kind Mask,Behind His Kind Mask,상냥한 남자주인공의 가면을 벗기면,Manhwa,1169,6.81,2022,https://cdn.myanimelist.net/images/manga/2/268160l.jpg
638,Boku no Dokuhime wa Kyou mo Kawaii,My Poison Princess Is Still Cute,ぼくの毒姫は今日もかわいい,Manga,2020,6.81,2022,https://cdn.myanimelist.net/images/manga/3/273972l.jpg
638,Bunnie's Quest,,バニーズクエスト,Manga,606,6.81,2022,https://cdn.myanimelist.net/images/manga/1/278794l.jpg
638,From BFF to Obsessive Hubby,From BFF to Obsessive Hubby,소꿉친구가 집착 남편이 되었다,Manhwa,2150,6.81,2022,https://cdn.myanimelist.net/images/manga/2/271570l.jpg
638,Fushiou wa Slow Life wo Kibou shimasu,The Immortal King Wants To Live A Slow Life,不死王はスローライフを希望します,Manga,771,6.81,2022,https://cdn.myanimelist.net/images/manga/2/319532l.jpg
638,Himitsu Kichi ni Aijin,,秘密基地に愛人,Manga,312,6.81,2022,https://cdn.myanimelist.net/images/manga/3/272044l.jpg
638,Houkago Saitensei!,,ほうかご再テンセイ!,Manga,821,6.81,2022,https://cdn.myanimelist.net/images/manga/1/269944l.jpg
638,Kikkake,,きっかけ,One-shot,277,6.81,2022,https://cdn.myanimelist.net/images/manga/3/263584l.jpg
638,Lip Line wa Kiss de Midashite,,リップラインはキスでみだして,Manga,661,6.81,2022,https://cdn.myanimelist.net/images/manga/2/280204l.jpg
638,Naisho no Ofutari-sama.,,ないしょのおふたりさま。,Manga,959,6.81,2022,https://cdn.myanimelist.net/images/manga/1/285792l.jpg
638,Scroll If You Dare,Scroll If You Dare,2022 스크롤금지,Manhwa,454,6.81,2022,https://cdn.myanimelist.net/images/manga/3/282537l.jpg
638,Seducing the Lady's Lover,Seducing the Lady's Lover,백작 영애의 애인을 꼬셔라,Manhwa,656,6.81,2022,https://cdn.myanimelist.net/images/manga/2/269257l.jpg
638,The Great Wizard Transcendent,The Great Wizard Transcendent,회귀로 초월하는 대마도사,Manhwa,9204,6.81,2022,https://cdn.myanimelist.net/images/manga/1/272836l.jpg
638,The Perfect Hybrid,The Perfect Hybrid,규격 외 혈통 천재,Manhwa,7984,6.81,2022,https://cdn.myanimelist.net/images/manga/2/272841l.jpg
653,Kaijuu 8-gou: Micchaku! Dai-3 Butai,Kaiju No. 8: Exclusive on the Third Division,怪獣8号 密着!第3部隊,Light Novel,730,6.8,2022,https://cdn.myanimelist.net/images/manga/1/273077l.jpg
653,Koko wa Tengoku ja Nai kedo,,ここは天国じゃないけど,Doujinshi,521,6.8,2022,https://cdn.myanimelist.net/images/manga/1/302990l.jpg
653,Let's Get Hitched,Let's Get Hitched,저도 결혼은 처음이라서요,Manhwa,368,6.8,2022,https://cdn.myanimelist.net/images/manga/3/287750l.jpg
653,Liver Diver Lover,,ライバーダイバーラバー,Manga,826,6.8,2022,https://cdn.myanimelist.net/images/manga/1/275619l.jpg
653,Merry on the Rocks,Merry on the Rocks,메리 온더락,Manhwa,331,6.8,2022,https://cdn.myanimelist.net/images/manga/2/331931l.jpg
658,A Marriage Alliance for Revenge,A Marriage Alliance for Revenge,복수를 위한 결혼동맹,Manhwa,1296,6.79,2022,https://cdn.myanimelist.net/images/manga/1/266557l.jpg
658,Aizome,,藍染,Doujinshi,253,6.79,2022,https://cdn.myanimelist.net/images/manga/3/280922l.jpg
658,Boku to Gal ga Fuufu ni Naru made,,僕と君〈ギャル〉が夫婦になるまで,Manga,12976,6.79,2022,https://cdn.myanimelist.net/images/manga/1/288159l.jpg
658,Detroit: Become Human - Tokyo Stories,Detroit: Become Human -Tokyo Stories-,DETROIT: BECOME HUMAN -TOKYO STORIES-,Manga,650,6.79,2022,https://cdn.myanimelist.net/images/manga/2/277779l.jpg
658,Higawari Wig no Katsura-san,,日替わりウィッグの桂さん,Manga,926,6.79,2022,https://cdn.myanimelist.net/images/manga/3/284088l.jpg
658,Kaifukushoku no Akuyaku Reijou,From Villainess to Healer: I Know the Cheat to Change My Fate,回復職の悪役令嬢,Manga,1461,6.79,2022,https://cdn.myanimelist.net/images/manga/3/297237l.jpg
658,Mahou Shoujo♡Misoji,Dirty Thirty ♡ Magical Girl,魔法少女♡三十路,Manga,1210,6.79,2022,https://cdn.myanimelist.net/images/manga/3/278735l.jpg
658,My Egocentric Boss Is Obsessed With Me,My Egocentric Boss Is Obsessed With Me,자기중심적 사고방식,Manhwa,431,6.79,2022,https://cdn.myanimelist.net/images/manga/2/331176l.jpg
658,Satellite Coin Laundry,,サテライト・コインランドリー,Manga,654,6.79,2022,https://cdn.myanimelist.net/images/manga/1/283336l.jpg
658,Scary Campus College University,,スケアリー・キャンパス・カレッジ・ユニバーシティ,Manga,3309,6.79,2022,https://cdn.myanimelist.net/images/manga/2/270914l.jpg
658,Second Life Millionaire,Second Life Millionaire,인생 2회차 만능 아이돌,Manhwa,685,6.79,2022,https://cdn.myanimelist.net/images/manga/3/288130l.jpg
658,The Accidental Heiress,The Accidental Heiress,두 명의 상속인,Manhwa,387,6.79,2022,https://cdn.myanimelist.net/images/manga/2/331092l.jpg
658,The Nine Heavens Swordmaster,The Nine Heavens Swordmaster,구천구검,Manhwa,10558,6.79,2022,https://cdn.myanimelist.net/images/manga/1/272267l.jpg
658,Yuurei Yashiki Love Romance,Love Romance in a Haunted House,幽霊屋敷ラブロマンス,Doujinshi,472,6.79,2022,https://cdn.myanimelist.net/images/manga/1/274159l.jpg
658,Zashisu,,ザシス,Manga,771,6.79,2022,https://cdn.myanimelist.net/images/manga/3/280170l.jpg
673,A Dream Escape,A Dream Escape,손만 잡고 잘게,Manhwa,695,6.78,2022,https://cdn.myanimelist.net/images/manga/2/273407l.jpg
673,"Ano, Mou 1-kai Shimasen ka...?",,あの、もう1回しませんか...？,Manga,828,6.78,2022,https://cdn.myanimelist.net/images/manga/3/335815l.jpg
673,Dr. Choi Giseok Levels Up,Dr. Choi Giseok Levels Up,레벨업 닥터 최기석,Manhwa,1746,6.78,2022,https://cdn.myanimelist.net/images/manga/2/280522l.jpg
673,Following Eunju,Following Eunju,사공은주,Manhwa,396,6.78,2022,https://cdn.myanimelist.net/images/manga/1/295883l.jpg
673,Haru no Arashi to Monster,Spring Storm and Monster,春の嵐とモンスター,Manga,5595,6.78,2022,https://cdn.myanimelist.net/images/manga/2/271854l.jpg
673,Honey Trouble,Honey Trouble,허니 트러블,Manhwa,786,6.78,2022,https://cdn.myanimelist.net/images/manga/3/331614l.jpg
673,Kill the Dragon,Kill the Dragon,킬 더 드래곤,Manhwa,6617,6.78,2022,https://cdn.myanimelist.net/images/manga/2/264877l.jpg
673,Kimi to Ikirareru nara Shindemo Ii,,君と生きられるなら死んでもいい,Manga,248,6.78,2022,https://cdn.myanimelist.net/images/manga/2/310545l.jpg
673,Kinniku Jorei,,筋肉除霊,One-shot,558,6.78,2022,https://cdn.myanimelist.net/images/manga/3/275025l.jpg
673,Komiyama ga Kirai da,"I Never Fall in Love with Komiyama, Maybe.",小宮山がキライだ,Manga,1124,6.78,2022,https://cdn.myanimelist.net/images/manga/1/275575l.jpg
673,Melody: The Crazy Flower Blooms,Melody: The Crazy Flower Blooms,"황녀, 미친 꽃으로 피어나다",Manhwa,962,6.78,2022,https://cdn.myanimelist.net/images/manga/1/268862l.jpg
673,Mistress,Mistress,아씨,Manhwa,662,6.78,2022,https://cdn.myanimelist.net/images/manga/1/299092l.jpg
673,Moscow 2160,,モスクワ2160,Manga,1561,6.78,2022,https://cdn.myanimelist.net/images/manga/1/282080l.jpg
673,Ningen Maid Robot Meruru,,人間メイドロボめるる,One-shot,1181,6.78,2022,https://cdn.myanimelist.net/images/manga/2/277100l.jpg
673,Numasugite Mohaya Koi,"In So Deep, It's Love Already",沼すぎてもはや恋,Manga,2219,6.78,2022,https://cdn.myanimelist.net/images/manga/2/270038l.jpg
673,Summertime,Summertime,하절기,Manhwa,428,6.78,2022,https://cdn.myanimelist.net/images/manga/2/331362l.jpg
673,The Hero Returns,The Hero Returns,"영웅, 회귀하다",Manhwa,14036,6.78,2022,https://cdn.myanimelist.net/images/manga/1/266612l.jpg
673,"Yopparai Touzoku, Dorei no Shoujo wo Kau",,酔っぱらい盗賊、奴隷の少女を買う,Manga,4789,6.78,2022,https://cdn.myanimelist.net/images/manga/1/277677l.jpg
691,Be My Boomer,Be My Boomer,이상형이지만 꼰대,Manhwa,503,6.77,2022,https://cdn.myanimelist.net/images/manga/3/291700l.jpg
691,Buchigire Reijou wa Houfuku wo Chikaimashita. Madousho no Chikara de Sokoku wo Tatakitsubushimasu,A Livid Lady's Guide to Getting Even: How I Crushed My Homeland with My Mighty Grimoires,ブチ切れ令嬢は報復を誓いました。～魔導書の力で祖国を叩き潰します～,Manga,1991,6.77,2022,https://cdn.myanimelist.net/images/manga/1/292723l.jpg
691,Ningyou Yuugiroku,The Genius Puppeteer Loves the Holy Knight Fiercely,人形遊戯録,Manga,395,6.77,2022,https://cdn.myanimelist.net/images/manga/1/291820l.jpg
691,Office Romance from Hell,Office Romance from Hell,지옥연애환담,Manhwa,445,6.77,2022,https://cdn.myanimelist.net/images/manga/1/300658l.jpg
691,Only Virgins Left Alive,Only Virgins Left Alive,동정이 아니면 죽어야 해요,Manhwa,281,6.77,2022,https://cdn.myanimelist.net/images/manga/1/313705l.jpg
691,Oujisama no Tomodachi,A Prince of a Friend,王子様の友達,Manga,6207,6.77,2022,https://cdn.myanimelist.net/images/manga/3/293031l.jpg
691,Past Life Returner,Past Life Returner,전생자,Manhwa,5707,6.77,2022,https://cdn.myanimelist.net/images/manga/1/275380l.jpg
691,Puniru wa Kawaii Slime,Puniru Is a Kawaii Slime,ぷにるはかわいいスライム,Manga,1056,6.77,2022,https://cdn.myanimelist.net/images/manga/1/274767l.jpg
691,Shinjuku Liar♡Girls,,新宿LIAR♡GIRLS,One-shot,349,6.77,2022,https://cdn.myanimelist.net/images/manga/3/308684l.jpg
691,Suki no Onshoku wa Kikanaide,Your Sweet Tone Is Here in My Heart.,好きの音色は聴かないで,Manga,513,6.77,2022,https://cdn.myanimelist.net/images/manga/2/279904l.jpg
691,Zenbu Kimi no Sei da,It's All Your Fault,全部君のせいだ,Manga,1021,6.77,2022,https://cdn.myanimelist.net/images/manga/1/273608l.jpg
702,Boundless Ascension,Boundless Ascension,나 혼자 특성빨로 무한 성장,Manhwa,15079,6.76,2022,https://cdn.myanimelist.net/images/manga/3/275562l.jpg
702,Chouten-chan! Needy Girl Overdose Koushiki Anthology,,超てんちゃん! NEEDY GIRL OVERDOSE公式アンソロジー,Manga,1273,6.76,2022,https://cdn.myanimelist.net/images/manga/2/285524l.jpg
702,Class no Bocchi Gal wo Omochikaeri shite Seiso-kei Bijin ni Shiteyatta Hanashi,,クラスのぼっちギャルをお持ち帰りして清楚系美人にしてやった話,Manga,5914,6.76,2022,https://cdn.myanimelist.net/images/manga/2/278356l.jpg
702,Gal to Nekura no Kyuuketsu Kankei,The Bloody Relationship Between Nekura and Gal.,ギャルとネクラの吸血関係,Manga,1023,6.76,2022,https://cdn.myanimelist.net/images/manga/3/290041l.jpg
702,Hometown Hotties,Hometown Hotties,시골에서 같이 살까?,Manhwa,631,6.76,2022,https://cdn.myanimelist.net/images/manga/1/301188l.jpg
702,Kankaku Kyouyuu Maid-san!,,感覚共有メイドさん!,Manga,1106,6.76,2022,https://cdn.myanimelist.net/images/manga/3/284072l.jpg
702,Matagi Gunner,,マタギガンナー,Manga,1145,6.76,2022,https://cdn.myanimelist.net/images/manga/1/280008l.jpg
702,Resigning and Healing in Another World,Resigning and Healing in Another World,사표내고 이계에서 힐링합니다,Manhwa,2037,6.76,2022,https://cdn.myanimelist.net/images/manga/3/294063l.jpg
702,TRPG Player ga Isekai de Saikyou Build wo Mezasu: Henderson-shi no Fukuin wo,,TRPGプレイヤーが異世界で最強ビルドを目指す ～ヘンダーソン氏の福音を～,Manga,1331,6.76,2022,https://cdn.myanimelist.net/images/manga/1/280818l.jpg
702,The Reincarnated Armed Escort,The Reincarnated Armed Escort,환생표사,Manhwa,2629,6.76,2022,https://cdn.myanimelist.net/images/manga/2/291306l.jpg
712,Alabaster no Kisetsu,Season of Alabaster,アラバスターの季節,Manga,3492,6.75,2022,https://cdn.myanimelist.net/images/manga/1/274068l.jpg
712,Ame to Muchi,,あめとむち,Manga,705,6.75,2022,https://cdn.myanimelist.net/images/manga/1/297291l.jpg
712,Apollo's Heart,Apollo's Heart,아폴론의 심장,Manhwa,563,6.75,2022,https://cdn.myanimelist.net/images/manga/2/288521l.jpg
712,Dakkou Suru made Ochimasen,,脱稿するまでオチません,Manga,1942,6.75,2022,https://cdn.myanimelist.net/images/manga/3/272419l.jpg
712,"Darashinai desu, Hotta-sensei!","You're So Sloppy, Hotta-sensei",だらしないです 堀田先生!,Manga,2506,6.75,2022,https://cdn.myanimelist.net/images/manga/2/281851l.jpg
712,Heavenly Demon's Bakery,Heavenly Demon's Bakery,천마님의 베이커리,Manhwa,1054,6.75,2022,https://cdn.myanimelist.net/images/manga/3/272598l.jpg
712,Hokenshitsu wa Futarikiri,,保健室はふたりきり,Manga,1127,6.75,2022,https://cdn.myanimelist.net/images/manga/2/282075l.jpg
712,"Ichikoe, Nifuri, Tachiaoi",,いちこえ、にふり、タチアオイ,Manga,989,6.75,2022,https://cdn.myanimelist.net/images/manga/3/335757l.jpg
712,King Game,King Game,왕게임,Manhwa,1175,6.75,2022,https://cdn.myanimelist.net/images/manga/2/281908l.jpg
712,My Precious Little Villains,My Precious Little Villains,곱게 키운 악당들,Manhwa,1199,6.75,2022,https://cdn.myanimelist.net/images/manga/3/284098l.jpg
712,Saikyou Kawaii Aitsu (♂) ni Dokidoki Saserarechau Anthology,Very Cute Otokonoko Anthology Comics,最強かわいいアイツ（♂）にドキドキさせられちゃうアンソロジー,Manga,643,6.75,2022,https://cdn.myanimelist.net/images/manga/2/272600l.jpg
712,The Heroine Is a Man!,The Heroine Is a Man!,남장여주라고 했잖아요!,Manhwa,1248,6.75,2022,https://cdn.myanimelist.net/images/manga/2/271955l.jpg
712,The Little Lady Behind the Villain,The Little Lady Behind the Villain,악당 공작가의 실세 막내딸입니다,Manhwa,2930,6.75,2022,https://cdn.myanimelist.net/images/manga/3/268868l.jpg
712,"Tomodachi ga Urayamu H Sugiru Boku no Mama to Oneechan wa, Tokoro Kamawazu Boku wo Yuuwaku wo Shitekimasu.",,友達が羨むHすぎる僕のママとお姉ちゃんは、ところかまわず僕を誘惑をしてきます。,Doujinshi,488,6.75,2022,https://cdn.myanimelist.net/images/manga/3/284929l.jpg
712,Tsugihagi darake no Saikyou Yuusha,,ツギハギだらけの最強勇者,Manga,2182,6.75,2022,https://cdn.myanimelist.net/images/manga/2/306519l.jpg
727,Ai tte Yatsu wo Oshiete Kure yo,,愛ってやつを教えてくれよ,Manga,508,6.74,2022,https://cdn.myanimelist.net/images/manga/2/290249l.jpg
727,Boku wa Imasugu Zense no Kioku wo Sutetai. Akogare no Inaka wa Jingai Makyou deshita @comic,I Wish I Could Forget My Past Life: The Countryside I Dreamed of Living in Is Actually a Terrifyingly Dangerous Place! @comic,僕は今すぐ前世の記憶を捨てたい。～憧れの田舎は人外魔境でした～@COMIC,Manga,844,6.74,2022,https://cdn.myanimelist.net/images/manga/2/285109l.jpg
727,I Accidentally Saved the Male Lead's Brother,I Accidentally Saved the Male Lead's Brother,얼떨결에 남주 동생을 구해 버렸다,Manhwa,1846,6.74,2022,https://cdn.myanimelist.net/images/manga/3/273549l.jpg
727,"Joou Ophelia yo, Onore no Shi no Nazo wo Toke",,女王オフィーリアよ、己の死の謎を解け,Manga,496,6.74,2022,https://cdn.myanimelist.net/images/manga/1/289976l.jpg
727,Judge and Executioner,Judge and Executioner,사형소년,Manhwa,1609,6.74,2022,https://cdn.myanimelist.net/images/manga/3/271291l.jpg
727,Oresama na Doukyuusei no Kenzoku ni Narimashita,,オレ様な同級生の眷属になりました,Manga,668,6.74,2022,https://cdn.myanimelist.net/images/manga/2/294263l.jpg
727,Suki na Onnanoko ga Watashi ni Nazeka Kibishii,,好きな女の子が私にだけなぜか厳しい,Manga,1583,6.74,2022,https://cdn.myanimelist.net/images/manga/1/292695l.jpg
727,The Status Window to the Soul,The Status Window to the Soul,상태창 보는 아기 황녀님,Manhwa,2903,6.74,2022,https://cdn.myanimelist.net/images/manga/1/271157l.jpg
727,"Youjo Musou: Nakama ni Uragirareta Shoukanshi, Mazoku no Youjo ni Natte ""Eirei Shoukan"" de Dekiai Slow Life wo Okuru",,幼女無双〜仲間に裏切られた召喚師、魔族の幼女になって【英霊召喚】で溺愛スローライフを送る〜,Manga,768,6.74,2022,https://cdn.myanimelist.net/images/manga/1/284037l.jpg
727,"[Rouhou] Ore no Iinazuke ni Natta Jimiko, Ie dewa Kawaii shika Nai.",My Plain-looking Fiance Is Secretly Sweet with Me.,【朗報】俺の許嫁になった地味子、家では可愛いしかない。,Manga,4948,6.74,2022,https://cdn.myanimelist.net/images/manga/3/263146l.jpg
737,"4-jihan, Coin Laundry nite.",,4時半、コインランドリーにて。,One-shot,501,6.73,2022,https://cdn.myanimelist.net/images/manga/2/291653l.jpg
737,Elf to Bike to Teikoku Chiri Chousain to,Elf and Bike and Imperial Geographic Surveyor and...,エルフとバイクと帝国地理調査員と,Manga,1033,6.73,2022,https://cdn.myanimelist.net/images/manga/3/294497l.jpg
737,Fray,Fray,프레이,Manhwa,819,6.73,2022,https://cdn.myanimelist.net/images/manga/2/262400l.jpg
737,Isekai de Ore dake ga Maou no Pet ni!?,,異世界で俺だけが魔王のペットに!?,One-shot,343,6.73,2022,https://cdn.myanimelist.net/images/manga/3/314600l.jpg
737,"Kuraitsuite yo, Dannasama","Eat Me Up, My Husband",食らいついてよ、旦那さま,Manga,529,6.73,2022,https://cdn.myanimelist.net/images/manga/1/294089l.jpg
737,Neko no Cthulhu,Cthulhu Cat,ねこのクトゥルフ,Manga,223,6.73,2022,https://cdn.myanimelist.net/images/manga/2/304781l.jpg
737,OL VTuber to Oshi JK-chan,OL Vtuber and Oshi JK Chan,OL Vtuberと推しJKちゃん,Manga,739,6.73,2022,https://cdn.myanimelist.net/images/manga/2/307174l.jpg
737,Rewriting Our Love Story,Rewriting Our Love Story,다시쓰는 연애사,Manhwa,1219,6.73,2022,https://cdn.myanimelist.net/images/manga/2/264687l.jpg
737,Sleeping with the Enemy,Sleeping with the Enemy,숙적과의 동침,Manhwa,395,6.73,2022,https://cdn.myanimelist.net/images/manga/3/267986l.jpg
737,Surviving a Harem,Surviving a Harem,하렘에서 살아남기,Manhwa,611,6.73,2022,https://cdn.myanimelist.net/images/manga/3/297101l.jpg
737,The Duke's Bored Daughter Is My Master,The Duke's Bored Daughter Is My Master,만렙 공녀는 오늘도 무료하다,Manhwa,4827,6.73,2022,https://cdn.myanimelist.net/images/manga/1/264940l.jpg
737,The Hammer,The Hammer,더 해머,Manhwa,3527,6.73,2022,https://cdn.myanimelist.net/images/manga/3/279967l.jpg
737,The Wicked Wife of a Scheming CEO,The Wicked Wife of a Scheming CEO,나쁜 아내,Manhwa,382,6.73,2022,https://cdn.myanimelist.net/images/manga/1/266308l.jpg
737,Time and Reason,Time and Reason,시간과 사연,Manhwa,494,6.73,2022,https://cdn.myanimelist.net/images/manga/3/262562l.jpg
737,Tonari no Hachuurui-kun,,となりの爬虫類くん,Manga,1507,6.73,2022,https://cdn.myanimelist.net/images/manga/3/273923l.jpg
737,Weather Report,,ウェザーリポート,Doujinshi,277,6.73,2022,https://cdn.myanimelist.net/images/manga/3/274577l.jpg
753,Gal Gamer ni Homeraretai,I Want a Gal Gamer to Praise Me,ギャルゲーマーに褒められたい,Manga,10242,6.72,2022,https://cdn.myanimelist.net/images/manga/1/254188l.jpg
753,Hiding My True Self,Hiding My True Self,정체를 숨긴 서브남주에게 잘못 걸렸다,Manhwa,1134,6.72,2022,https://cdn.myanimelist.net/images/manga/1/273405l.jpg
753,"My Brothers, the Protagonists","My Brothers, the Protagonists",주인공의 여동생이다,Manhwa,1467,6.72,2022,https://cdn.myanimelist.net/images/manga/2/277031l.jpg
753,Tada dewa Dakaremasen,,タダでは抱かれません,Manga,6601,6.72,2022,https://cdn.myanimelist.net/images/manga/1/270105l.jpg
753,The Divorcée's Dessert Cafe,The Divorcée's Dessert Cafe,이혼한 악녀는 케이크를 굽는다,Manhwa,2809,6.72,2022,https://cdn.myanimelist.net/images/manga/1/273656l.jpg
753,The Villainess Tames the Beast,The Villainess Tames the Beast,악녀가 길들인 짐승,Manhwa,6094,6.72,2022,https://cdn.myanimelist.net/images/manga/3/265613l.jpg
753,Writing My Male Lead's Happily Ever After,Writing My Male Lead's Happily Ever After,남주의 복지를 책임지겠습니다,Manhwa,2494,6.72,2022,https://cdn.myanimelist.net/images/manga/1/264870l.jpg
760,Can I Take It Back?,Can I Take It Back?,고백 취소도 되나?,Manhwa,1586,6.71,2022,https://cdn.myanimelist.net/images/manga/2/262669l.jpg
760,Hagure Ningyo no Diana,Diana Is a Strange Mermaid,はぐれ人魚のディアナ,Manga,2283,6.71,2022,https://cdn.myanimelist.net/images/manga/1/278535l.jpg
760,It's Not Your Baby!,It's Not Your Baby!,너의 아이가 아니야,Manhwa,3815,6.71,2022,https://cdn.myanimelist.net/images/manga/1/264840l.jpg
760,"Kimi wa, Nina ja Nai",You Are Not Nina!,きみは、ニーナじゃない,Manga,7160,6.71,2022,https://cdn.myanimelist.net/images/manga/2/283990l.jpg
760,Misato-san wa Amasugi Joushi ni Chotto Kibishii,,三郷さんは甘すぎ上司にちょっとキビしい,Manga,4550,6.71,2022,https://cdn.myanimelist.net/images/manga/2/283548l.jpg
760,Tensei-saki wa Moumoku Youjo deshita: Zense no Kioku to Mahou wo Tayori ni Ikinobimasu,,転生先は盲目幼女でした ～前世の記憶と魔法を頼りに生き延びます～,Manga,1648,6.71,2022,https://cdn.myanimelist.net/images/manga/3/280334l.jpg
760,The Healing Solaris Cleric,The Healing Solaris Cleric,힐통령 - 태양의 사제,Manhwa,1752,6.71,2022,https://cdn.myanimelist.net/images/manga/3/265986l.jpg
760,Vampire,,ヴァンパイア,Manga,1075,6.71,2022,https://cdn.myanimelist.net/images/manga/2/295455l.jpg
760,Watch Dogs Tokyo,Watch Dogs Tokyo,Watch Dogs Tokyo,Manga,654,6.71,2022,https://cdn.myanimelist.net/images/manga/3/319303l.jpg
760,Will You Be My Male Lead?,Will You Be My Male Lead?,각색남주,Manhwa,743,6.71,2022,https://cdn.myanimelist.net/images/manga/1/265277l.jpg
760,You've Got the Wrong Girl,You've Got the Wrong Girl,병약한 남주를 꼬셔버렸다,Manhwa,1548,6.71,2022,https://cdn.myanimelist.net/images/manga/2/268863l.jpg
771,"Akuyaku Reijou to Akuyaku Reisoku ga, Deatte Koi ni Ochita nara: Nanashi no Seirei to Keiyaku shite Oidasareta Reijou wa, Kyou mo Reisoku to Kisoiatteiru you desu",If the Villainess and Villain Met and Fell in Love,悪役令嬢と悪役令息が、出逢って恋に落ちたなら ～名無しの精霊と契約して追い出された令嬢は、今日も令息と競い合っているようです～,Manga,4483,6.7,2022,https://cdn.myanimelist.net/images/manga/3/276621l.jpg
771,Between Seasons,Between Seasons,환절기,Manhwa,1349,6.7,2022,https://cdn.myanimelist.net/images/manga/3/276517l.jpg
771,Boku no Diamond Star,My Diamond Star,僕のダイヤモンド・スター,Manga,427,6.7,2022,https://cdn.myanimelist.net/images/manga/2/284049l.jpg
771,Chigau Miyahara Omae ja Nai!,,ちがう宮原おまえじゃない!,Manga,4289,6.7,2022,https://cdn.myanimelist.net/images/manga/1/290428l.jpg
771,Harmony,,ハーモニー,Manga,730,6.7,2022,https://cdn.myanimelist.net/images/manga/2/286133l.jpg
771,Inu to Yuusha wa Kazaranai,Dogs and the Brave Are Not Showy,犬と勇者は飾らない,Manga,1064,6.7,2022,https://cdn.myanimelist.net/images/manga/2/277192l.jpg
771,Lemon Soda Flavor Kiss,,レモンソーダフレーバーキス,Manga,379,6.7,2022,https://cdn.myanimelist.net/images/manga/2/292848l.jpg
771,Naruto: Konoha Shinden - Yukemuri Ninpouchou,Naruto: Konoha's Story - The Steam Ninja Scrolls: The Manga,NARUTO-ナルト- 木ノ葉新伝 湯煙忍法帖,Manga,3808,6.7,2022,https://cdn.myanimelist.net/images/manga/1/282751l.jpg
771,Please Kill My Husband,Please Kill My Husband,남편을 죽여줘요,Manhwa,1565,6.7,2022,https://cdn.myanimelist.net/images/manga/1/301060l.jpg
771,Shoushou no Amaregulus,Amaregulus: Soldier & Soother,将娼のアマレグルス,Manga,347,6.7,2022,https://cdn.myanimelist.net/images/manga/1/297245l.jpg
771,Wicked No More,Wicked No More,"악녀 시어머니를 그만뒀더니, 다들 내게 집착한다",Manhwa,2102,6.7,2022,https://cdn.myanimelist.net/images/manga/2/265932l.jpg
771,"Yamenaide, Kirara-kun",,やめないできららくん,One-shot,567,6.7,2022,https://cdn.myanimelist.net/images/manga/2/278548l.jpg
783,"""Okaeri, Papa""","Welcome Back, Papa",「おかえり、パパ」,Manga,12573,6.69,2022,https://cdn.myanimelist.net/images/manga/2/281532l.jpg
783,7Fates: Chakho,7Fates: Chakho,7FATES: CHAKHO,Manhwa,1682,6.69,2022,https://cdn.myanimelist.net/images/manga/2/290995l.jpg
783,Douse Naku nara Koi ga Ii,Anyway I'd Rather Be in Love Than Cry,どうせ泣くなら恋がいい,Manga,2209,6.69,2022,https://cdn.myanimelist.net/images/manga/1/280811l.jpg
783,Gokutora no Honey Bunny,,極虎のハニーバニー,Manga,735,6.69,2022,https://cdn.myanimelist.net/images/manga/2/293856l.jpg
783,Love Class,Love Class,열애 수업,Manhwa,297,6.69,2022,https://cdn.myanimelist.net/images/manga/1/297298l.jpg
783,Manatsu no Spica,,真夏のスピカ,One-shot,282,6.69,2022,https://cdn.myanimelist.net/images/manga/1/298767l.jpg
783,Relife Player,Relife Player,리라이프 플레이어,Manhwa,9565,6.69,2022,https://cdn.myanimelist.net/images/manga/2/273589l.jpg
783,Yowayowa Sensei,Yowayowa Teacher,よわよわ先生,Manga,6545,6.69,2022,https://cdn.myanimelist.net/images/manga/2/278138l.jpg
791,Akuyaku Reijou ga Sei Heroine wo Kudoki Otosu Hanashi.,When the Villainess Seduces the Main Heroine,悪役令嬢が正ヒロインを口説き落とす話。,Manga,1349,6.68,2022,https://cdn.myanimelist.net/images/manga/2/299960l.jpg
791,Gal to Onna Kishi,Gal & Knightess,ギャルと女騎士,Manga,727,6.68,2022,https://cdn.myanimelist.net/images/manga/1/281646l.jpg
791,Grand Warlock Streamer,Grand Warlock Streamer,BJ대마도사,Manhwa,5973,6.68,2022,https://cdn.myanimelist.net/images/manga/1/265335l.jpg
791,Harukaze Mound,,ハルカゼマウンド,One-shot,465,6.68,2022,https://cdn.myanimelist.net/images/manga/2/265266l.jpg
791,Hiasobi Doumei,The Fireplay Club,火遊び同盟,One-shot,404,6.68,2022,https://cdn.myanimelist.net/images/manga/3/286386l.jpg
791,Ichinose-ke no Taizai,The Ichinose Family's Deadly Sins,一ノ瀬家の大罪,Manga,23679,6.68,2022,https://cdn.myanimelist.net/images/manga/1/277775l.jpg
791,Jack Be Invincible,Jack Be Invincible,후작가의 역대급 막내아들,Manhwa,10162,6.68,2022,https://cdn.myanimelist.net/images/manga/2/267060l.jpg
791,"Kamigoroshi no Maou, Saijaku Shuzoku ni Tenseishi Shijou Saikyou ni Naru",The God-Slaying Demon King: Reincarnated as a Mere Mortal to Become the Strongest in History!,神殺しの魔王、最弱種族に転生し史上最強になる,Manga,2606,6.68,2022,https://cdn.myanimelist.net/images/manga/1/259093l.jpg
791,Love Meter 100%,Love Meter 100%,러브게이지 100%,Manhwa,1928,6.68,2022,https://cdn.myanimelist.net/images/manga/2/334406l.jpg
791,Marriage and Sword,Marriage and Sword,메리지 앤 소드,Manhwa,2017,6.68,2022,https://cdn.myanimelist.net/images/manga/2/263628l.jpg
791,No More Nice Sis,No More Nice Sis,착한 언니는 없다,Manhwa,1584,6.68,2022,https://cdn.myanimelist.net/images/manga/1/268796l.jpg
791,One Piece: Nami vs. Kalifa,,ONE PIECE ナミvsカリファ,One-shot,2995,6.68,2022,https://cdn.myanimelist.net/images/manga/2/258503l.jpg
791,Saiaku no Avalon,Finding Avalon: The Quest of a Chaosbringer,災悪のアヴァロン,Light Novel,508,6.68,2022,https://cdn.myanimelist.net/images/manga/3/288811l.jpg
791,Shin no Yasuragi wa Kono Yo ni Naku: Shin Kamen Rider - Shocker Side,,真の安らぎはこの世になく -シン・仮面ライダー SHOCKER SIDE-,Manga,622,6.68,2022,https://cdn.myanimelist.net/images/manga/3/278135l.jpg
791,The Beast Emperor and I,The Beast Emperor and I,폐하가 하필 짐승이라서,Manhwa,690,6.68,2022,https://cdn.myanimelist.net/images/manga/3/266309l.jpg
791,The Empress' Lipstick,The Empress' Lipstick,황후의 립스틱,Manhwa,775,6.68,2022,https://cdn.myanimelist.net/images/manga/1/279928l.jpg
791,The Secret of House Francesca,The Secret of House Francesca,빼앗긴 가문의 주인이 되려 합니다,Manhwa,714,6.68,2022,https://cdn.myanimelist.net/images/manga/1/292503l.jpg
791,The Villain's Beloved Daughter,The Villain's Beloved Daughter,악당의 소중한 따님,Manhwa,3102,6.68,2022,https://cdn.myanimelist.net/images/manga/2/268769l.jpg
809,A Monstrous First Day,A Monstrous First Day,임기 첫날에 게이트가 열렸다,Manhwa,663,6.67,2022,https://cdn.myanimelist.net/images/manga/3/279269l.jpg
809,"Blade Skill Online: Gomi Shokugyou de Saijaku Buki de Kuso Status no Ore, Itsunomanika ""Last Boss"" ni Nariagarimasu!","Blade Skill Online: Crushing the Competition with My Abysmal Stats, Useless Class, and Garbage Weapon!",ブレイドスキル・オンライン～ゴミ職業で最弱武器でクソステータスの俺、いつのまにか『ラスボス』に成り上がります!～,Manga,1503,6.67,2022,https://cdn.myanimelist.net/images/manga/2/282860l.jpg
809,Dosukebe Kyonyuu JC ga Kounai Onanie Suru Hanashi,,ドスケベ巨乳JCが校内オナニーする話,Doujinshi,377,6.67,2022,https://cdn.myanimelist.net/images/manga/3/278860l.jpg
809,How a Mage Welcomes Death,How a Mage Welcomes Death,마법사가 죽음을 맞이하는 방법,Manhwa,950,6.67,2022,https://cdn.myanimelist.net/images/manga/1/264780l.jpg
809,Inkya de Wotaku de Binbou dakedo Bijin Ojousama ni Osaretemasu,,陰キャでヲタクで貧乏だけど美人お嬢様に推されてます,Manga,8132,6.67,2022,https://cdn.myanimelist.net/images/manga/3/277998l.jpg
809,Kitanai Kimi ga Ichiban Kawaii dj - Warm Summer,,Warm summer,Doujinshi,322,6.67,2022,https://cdn.myanimelist.net/images/manga/3/323178l.jpg
809,"Kono Sekai ga Izure Horobu Koto wo, Ore dake ga Shitteiru: Monster ga Arawareta Sekai de, Shinimodori Level Up",Only I Know the World Is Ending and Getting Killed by Rampaging Beasts Only Makes Me Stronger,この世界がいずれ滅ぶことを、俺だけが知っている～モンスターが現れた世界で、死に戻りレベルアップ～,Manga,5474,6.67,2022,https://cdn.myanimelist.net/images/manga/2/273008l.jpg
809,Nijuu to Seijuu,Twenty and the Beast,二十と成獣,Manga,1844,6.67,2022,https://cdn.myanimelist.net/images/manga/2/286928l.jpg
809,Omae wa Watashi no Tsuma ni Nare,You'll Be My Wife,おまえは私の妻になれ,Manga,263,6.67,2022,https://cdn.myanimelist.net/images/manga/2/294662l.jpg
809,Oshi to Deaitakunai Joshidaisei,,推しと出会いたくない女子大生,Manga,596,6.67,2022,https://cdn.myanimelist.net/images/manga/3/283771l.jpg
809,"Saikyou no Maou ni Kitaerareta Yuusha, Isekai Kikansha-tachi no Gakuen de Musou suru",,最凶の魔王に鍛えられた勇者、異世界帰還者たちの学園で無双する,Manga,6610,6.67,2022,https://cdn.myanimelist.net/images/manga/2/280205l.jpg
809,The Princess in the Attic,The Princess in the Attic,다락방 황녀님,Manhwa,2142,6.67,2022,https://cdn.myanimelist.net/images/manga/3/265611l.jpg
809,Tsuitenai Game Jikkyousha wa Akogare no Hito ni Kakin sareru,The Unlucky Game Streamer Is Charged by the Person of Her Dream.,ツイてないゲーム実況者は憧れの人に課金される,Manga,425,6.67,2022,https://cdn.myanimelist.net/images/manga/1/303582l.jpg
809,Watashi no Hara no Naka no Bakemono,The Monster in My Womb,私の胎の中の化け物,Manga,707,6.67,2022,https://cdn.myanimelist.net/images/manga/2/266647l.jpg
823,Akatsuki Jihen,,朱月事変,Manga,1019,6.66,2022,https://cdn.myanimelist.net/images/manga/3/275036l.jpg
823,Batsuichi ga Moteru nante Kiitemasen,Since When Do Guys Find Divorcees Attractive?,バツイチがモテるなんて聞いてません,Manga,1252,6.66,2022,https://cdn.myanimelist.net/images/manga/1/283032l.jpg
823,Dantou no Archange,,断頭のアルカンジュ,Manga,1060,6.66,2022,https://cdn.myanimelist.net/images/manga/1/260021l.jpg
823,Kiraboshi Ojousama no Kyuukon,Miss Hikaru's Sparkling Proposal,きらぼしお嬢様の求婚,Manga,4664,6.66,2022,https://cdn.myanimelist.net/images/manga/2/278140l.jpg
823,Koori no Reijou no Tokashikata,How to Melt the Ice Queen's Heart,氷の令嬢の溶かし方,Manga,1477,6.66,2022,https://cdn.myanimelist.net/images/manga/1/269774l.jpg
823,"Kyou, Suki tte Iimasu",Today I Will Say I Love You,今日、好きっていいます,Manga,277,6.66,2022,https://cdn.myanimelist.net/images/manga/1/300852l.jpg
823,Osananajimi to wa Love Comedy ni Naranai,You Can't Be in a Rom-Com with Your Childhood Friends!,幼馴染とはラブコメにならない,Manga,11127,6.66,2022,https://cdn.myanimelist.net/images/manga/3/265958l.jpg
823,Otome Game Youchien wa Mob ni Kibishii Youchien desu,The World of Otome Games Kindergarten Is Tough for Mobs,乙女ゲー幼稚園はモブに厳しい幼稚園です,Manga,596,6.66,2022,https://cdn.myanimelist.net/images/manga/1/280266l.jpg
831,Doukyonin ga Kono Yo no Mon ja Nai,,同居人がこの世のモンじゃない,Manga,3795,6.65,2022,https://cdn.myanimelist.net/images/manga/2/312758l.jpg
831,Ero Mangaka Oneesan to Otsukare Ryman,,エロ漫画家おねーさんとお疲れリーマン,Manga,1394,6.65,2022,https://cdn.myanimelist.net/images/manga/3/296698l.jpg
831,Jack Jeanne: Foliage - Amber Onyx,,ジャックジャンヌ FOLIAGE 〜アンバー・オニキス〜,Manga,355,6.65,2022,https://cdn.myanimelist.net/images/manga/3/342090l.jpg
831,Rikon shinai Otoko,,離婚しない男,Manga,1085,6.65,2022,https://cdn.myanimelist.net/images/manga/1/278924l.jpg
831,"Trust Me, Little Duke!","Trust Me, Little Duke!","이봐요, 아기 공작님 누나만 믿어!",Manhwa,1342,6.65,2022,https://cdn.myanimelist.net/images/manga/1/268475l.jpg
836,Beast Burn,,비스트번,Manhwa,1081,6.64,2022,https://cdn.myanimelist.net/images/manga/3/284402l.jpg
836,Chaos Game,,カオスゲーム,Manga,1732,6.64,2022,https://cdn.myanimelist.net/images/manga/3/272446l.jpg
836,"Choukyoushi wa Mamono ni Kakomarete Ikiteikimasu. Yuusha Party ni Oiteikareta kedo, Densetsu no Mamono to Deai Saikyou ni Natteta",,調教師は魔物に囲まれて生きていきます。～勇者パーティーに置いていかれたけど、伝説の魔物と出会い最強になってた～,Manga,1094,6.64,2022,https://cdn.myanimelist.net/images/manga/2/323737l.jpg
836,Class no Inkya Ojousama no Shitsuji ni Narimashita,,クラスの陰キャお嬢様の執事になりました,Manga,1451,6.64,2022,https://cdn.myanimelist.net/images/manga/1/348364l.jpg
836,Client,,暗い案と〈クライアント〉,One-shot,273,6.64,2022,https://cdn.myanimelist.net/images/manga/3/274680l.jpg
836,"Danzai sareta Akuyaku Reijou wa, Gyakkou shite Kanpeki na Akujo wo Mezasu @comic",The Condemned Villainess Goes Back in Time and Aims to Become the Ultimate Villain,断罪された悪役令嬢は、逆行して完璧な悪女を目指す@COMIC,Manga,1447,6.64,2022,https://cdn.myanimelist.net/images/manga/2/282513l.jpg
836,Helena: Master of the Guardian Stone,Helena: Master of the Guardian Stone,이번 생은 내가 주인입니다,Manhwa,1499,6.64,2022,https://cdn.myanimelist.net/images/manga/1/268474l.jpg
836,Ikitsuku Saki wa Yuusha ka Maou ka: Moto Hai Player ga Iku Isekai Kouryakuki,,行き着く先は勇者か魔王か 元・廃プレイヤーが征く異世界攻略記,Manga,2503,6.64,2022,https://cdn.myanimelist.net/images/manga/2/280388l.jpg
836,Kiss Meow,Kiss Meow,집사가 되어줘,Manhwa,523,6.64,2022,https://cdn.myanimelist.net/images/manga/3/285852l.jpg
836,Koi wo Shitara Konna Kao,,恋をしたらこんな顔,Manga,379,6.64,2022,https://cdn.myanimelist.net/images/manga/2/289042l.jpg
836,Lady Swindler,Lady Swindler,사기꾼이지만 괜찮아,Manhwa,536,6.64,2022,https://cdn.myanimelist.net/images/manga/1/276848l.jpg
836,Love 0-en,,ラヴ0円,One-shot,712,6.64,2022,https://cdn.myanimelist.net/images/manga/1/271700l.jpg
836,My Daughter Is a Dragon!,My Daughter Is a Dragon!,내 딸은 드래곤!,Manhwa,5098,6.64,2022,https://cdn.myanimelist.net/images/manga/1/270204l.jpg
836,Okitsune-sama ni Totsugimashite,Marriage to Kitsune-sama,お狐様に嫁ぎまして,Manga,508,6.64,2022,https://cdn.myanimelist.net/images/manga/3/289521l.jpg
836,Osabori Jouzu na Komukai-san wa Ore wo Nigasanai!!,,おサボり上手な小向井さんは俺を逃さない!!,Manga,3361,6.64,2022,https://cdn.myanimelist.net/images/manga/1/281809l.jpg
851,Dolce na Bokura no Koi ni Tsuite,Play Me Softly,ドルチェな僕らの恋について,Manga,348,6.63,2022,https://cdn.myanimelist.net/images/manga/1/276987l.jpg
851,Holesome Romance,Holesome Romance,링크인더홀,Manhwa,419,6.63,2022,https://cdn.myanimelist.net/images/manga/1/289513l.jpg
851,Karamawari Weekend,,からまわりウィークエンド,One-shot,297,6.63,2022,https://cdn.myanimelist.net/images/manga/1/276983l.jpg
851,"Mujikaku Seijo wa Kyou mo Muishiki ni Chikara wo Tare Nagasu: Koushakuke no Ochikobore Reijou, Totsugisaki de Shiawase wo Tsukami Toru","The Oblivious Saint Can't Contain Her Power: Disgraced No Longer, I'm Finding Happiness with the Prince!",無自覚聖女は今日も無意識に力を垂れ流す ～公爵家の落ちこぼれ令嬢、嫁ぎ先で幸せを掴み取る～,Manga,1087,6.63,2022,https://cdn.myanimelist.net/images/manga/1/288812l.jpg
851,Occhoko Doji Oneesan,,おっちょこドジおねえさん,Manga,1637,6.63,2022,https://cdn.myanimelist.net/images/manga/3/278111l.jpg
851,Sierra on Strike!,Sierra on Strike!,시한부라서 파업했는데,Manhwa,1330,6.63,2022,https://cdn.myanimelist.net/images/manga/1/274105l.jpg
851,"Tensei Youjo. Shinjuu to Ouji to, Saikyou no Ojisan Youheidan no Naka de Ikiru.","The Reincarnated Little Girl Lives with Divine Beast, Prince, and Mercenaries of Tough Guys",転生幼女。神獣と王子と、最強のおじさん傭兵団の中で生きる。,Manga,901,6.63,2022,https://cdn.myanimelist.net/images/manga/2/304820l.jpg
858,A Red Laurel to My Emperor,A Red Laurel to My Emperor,나의 황제께 붉은 월계수 꽃을,Manhwa,724,6.62,2022,https://cdn.myanimelist.net/images/manga/1/271158l.jpg
858,Fly Me to the Moon,Fly Me to the Moon,플라이 미 투 더 문,Manhwa,430,6.62,2022,https://cdn.myanimelist.net/images/manga/2/331536l.jpg
858,"Ironna Onnanoko to Kiss wo Shiteitara, Yuri Kiss ni Mezamete Shimaimashita....",,色んな女の子とキスをしていたら、百合キスに目覚めてしまいました…。,Manga,1528,6.62,2022,https://cdn.myanimelist.net/images/manga/3/279150l.jpg
858,Kannagi no Yomeiri,,巫の嫁入り,Manga,326,6.62,2022,https://cdn.myanimelist.net/images/manga/2/287651l.jpg
858,Lydia's Great Escape,Lydia's Great Escape,악당의 누나는 오늘도 고통받고,Manhwa,1335,6.62,2022,https://cdn.myanimelist.net/images/manga/1/265302l.jpg
858,Madogiwa de Amu,,まどぎわで編む,One-shot,564,6.62,2022,https://cdn.myanimelist.net/images/manga/1/292526l.jpg
858,Mangaka no Neko de Aru.,,漫画家の猫である。,One-shot,368,6.62,2022,https://cdn.myanimelist.net/images/manga/3/262499l.jpg
858,Messiah: Isekai wo Sukutta Motoyuusha ga Mamono no Afureru Genjitsu Sekai wo Musou suru,,救世主〈メシア〉～異世界を救った元勇者が魔物のあふれる現実世界を無双する～,Manga,7293,6.62,2022,https://cdn.myanimelist.net/images/manga/3/276893l.jpg
858,Saotome-san ni wa Mou Death Game shika Nai,,早乙女さんにはもうデスゲームしかない,Manga,2237,6.62,2022,https://cdn.myanimelist.net/images/manga/2/264306l.jpg
867,House Mayton's Youngest,House Mayton's Youngest,마법명가 막내아들,Manhwa,9411,6.61,2022,https://cdn.myanimelist.net/images/manga/2/272391l.jpg
867,Isekai Walking,Let's Take a Walk in Another World,異世界ウォーキング,Manga,8863,6.61,2022,https://cdn.myanimelist.net/images/manga/3/278002l.jpg
867,Kakkoii tte Iwaretai!,I Want You to Say It's Cool!,カッコいいって言われたい！,One-shot,920,6.61,2022,https://cdn.myanimelist.net/images/manga/3/301692l.jpg
867,Kimi tte Watashi no Koto Suki Nandesho?,,きみって私のこと好きなんでしょ？,Manga,5645,6.61,2022,https://cdn.myanimelist.net/images/manga/3/287915l.jpg
867,Let's Get Divorced!,Let's Get Divorced!,진짜 진짜 이혼해,Manhwa,1221,6.61,2022,https://cdn.myanimelist.net/images/manga/3/277596l.jpg
867,The Archvillain's Young Patron,The Archvillain's Young Patron,흑막의 어린 후원자,Manhwa,959,6.61,2022,https://cdn.myanimelist.net/images/manga/1/273016l.jpg
873,Boukoku no Emanon,Aimless Emanon,亡国のエマノン,Manga,737,6.6,2022,https://cdn.myanimelist.net/images/manga/3/271742l.jpg
873,Catching Up to Luke Vischel,Catching Up to Luke Vischel,루크 비셸 따라잡기,Manhwa,1092,6.6,2022,https://cdn.myanimelist.net/images/manga/3/269314l.jpg
873,Doro no Bunzai de Watashi dake no Taisetsu wo Ubaou da nante,"Being Low as Dirt, Taking What's Important From Me",泥の分際で私だけの大切を奪おうだなんて,Manga,482,6.6,2022,https://cdn.myanimelist.net/images/manga/2/289528l.jpg
873,Fool Me Twice,Fool Me Twice,좋아해 아니 싫어해,Manhwa,420,6.6,2022,https://cdn.myanimelist.net/images/manga/2/281056l.jpg
873,"Fuguushoku ""Ningyoutsukai"" no Nariagari: Bishoujo Ningyou to Saikyou made Saikousoku de Nobori Tsumeru",,不遇職【人形遣い】の成り上がり 美少女人形と最強まで最高速で上りつめる,Manga,618,6.6,2022,https://cdn.myanimelist.net/images/manga/2/273761l.jpg
873,I Became a Top Actor Just by Reading Books!,,책만 보고 탑배우!,Manhwa,564,6.6,2022,https://cdn.myanimelist.net/images/manga/3/311375l.jpg
873,Is This Hero for Real?,Is This Hero for Real?,이 용사 실화냐,Manhwa,12958,6.6,2022,https://cdn.myanimelist.net/images/manga/3/265834l.jpg
873,Kataware Reijou ga Dansou suru Riyuu,The Reason for the Twin Lady's Disguise,かたわれ令嬢が男装する理由,Manga,1111,6.6,2022,https://cdn.myanimelist.net/images/manga/1/303263l.jpg
873,"Kyou, Eki de Mita Kawaii Onnanoko.",Cute Girl I Saw at the Station Today.,今日、駅で見た可愛い女の子。,Manga,656,6.6,2022,https://cdn.myanimelist.net/images/manga/1/291140l.jpg
873,"Ore to Mou Ichido, First Love.",Love at First Memory,俺ともう一度、初恋〈ファーストラブ〉。,Manga,1769,6.6,2022,https://cdn.myanimelist.net/images/manga/3/281485l.jpg
873,Reforming the Obsessive Male Lead,Reforming the Obsessive Male Lead,후회 광공의 여동생이 되었다,Manhwa,2519,6.6,2022,https://cdn.myanimelist.net/images/manga/3/268103l.jpg
873,Sakuma Junsa to Hanaoka Junsa wa Tsukiai Hajimeta,Constable Sakuma and Constable Hanaoka Started Dating,佐久間巡査と花岡巡査は付き合いはじめた,Manga,798,6.6,2022,https://cdn.myanimelist.net/images/manga/2/277194l.jpg
873,Savor the Taste,Savor the Taste,맛본 김에 꿀꺽!,Manhwa,1081,6.6,2022,https://cdn.myanimelist.net/images/manga/3/331174l.jpg
873,Tensei shitara Saikyoushu-tachi ga Sumau Shima deshita. Kono Shima de Slow Life wo Tanoshimimasu,Living a Laid-Back Second Life on the Island of the Strongest Species,転生したら最強種たちが住まう島でした。この島でスローライフを楽しみます,Manga,3038,6.6,2022,https://cdn.myanimelist.net/images/manga/1/285528l.jpg
873,The 18-Year-Old Spy,,간첩 18세,Manhwa,563,6.6,2022,https://cdn.myanimelist.net/images/manga/1/281873l.jpg
873,The Max Level Heroine,The Max Level Heroine,만렙으로 사는 법,Manhwa,1420,6.6,2022,https://cdn.myanimelist.net/images/manga/3/268861l.jpg
873,Trash Will Always Be Trash,Trash Will Always Be Trash,버린 쓰레기는 다시 줍지 않는다,Manhwa,1648,6.6,2022,https://cdn.myanimelist.net/images/manga/2/271139l.jpg
873,Wavering Worlds,Wavering Worlds,흔들리는 세계로부터,Manhwa,611,6.6,2022,https://cdn.myanimelist.net/images/manga/1/279435l.jpg
891,Genkai Dungeon no Hanshoku Jijou,,限界ダンジョンの繁殖事情,Manga,1004,6.59,2022,https://cdn.myanimelist.net/images/manga/1/293846l.jpg
891,I Became the Villainess in a Disastrous Novel,I Became the Villainess in a Disastrous Novel,용두사망 소설 속의 악녀가 되었다,Manhwa,1733,6.59,2022,https://cdn.myanimelist.net/images/manga/1/273612l.jpg
891,I'll Save the Heroine!,I'll Save the Heroine!,왜 하필 시누이죠?,Manhwa,563,6.59,2022,https://cdn.myanimelist.net/images/manga/1/282414l.jpg
891,Iya dato Itte Moratorium,Say No and Moratorium,嫌だと言ってモラトリアム,Manga,326,6.59,2022,https://cdn.myanimelist.net/images/manga/3/316328l.jpg
891,Kurosaki-kun wa Dokusen Shitagaru: Hajimete no Koi wa Amasugite,Kurosaki Wants Me All to Himself: The Intense Sweetness of First Love,黒崎くんは独占したがる～はじめての恋は甘すぎて～,Manga,2279,6.59,2022,https://cdn.myanimelist.net/images/manga/1/331020l.jpg
891,Love Story Show,,ラブストーリーショウ,One-shot,488,6.59,2022,https://cdn.myanimelist.net/images/manga/2/279730l.jpg
891,Papa no Sexy Doll,Daddy's Sexy Doll,パパのセクシードール,Manga,1241,6.59,2022,https://cdn.myanimelist.net/images/manga/3/285787l.jpg
891,Share House Nile,,シェアハウス・ナイル,Manga,1333,6.59,2022,https://cdn.myanimelist.net/images/manga/3/274664l.jpg
891,Succubus to Hajimeru Shinken Kousai,Going Steady With a Succubus,サキュバスとはじめる真剣交際,Manga,3944,6.59,2022,https://cdn.myanimelist.net/images/manga/2/267764l.jpg
891,The 10-Star Player's Lucky Draw,The 10-Star Player's Lucky Draw,뽑기로 강해진 10성급 플레이어,Manhwa,1302,6.59,2022,https://cdn.myanimelist.net/images/manga/3/275505l.jpg
891,The Frost Flower Knight,The Frost Flower Knight,얼음꽃 기사,Manhwa,2897,6.59,2022,https://cdn.myanimelist.net/images/manga/1/266314l.jpg
891,Tiger & Dragon: Osananajimi 3-nin no Otawamure Biyori,Tiger and Dragon,たいがー＆どらごん ～幼馴染3人のおたわむれ日和～,Manga,1999,6.59,2022,https://cdn.myanimelist.net/images/manga/3/263459l.jpg
903,Akuyaku Reijou wa Dekiai Route ni Hairimashita!?,The Villainess's Guide to (Not) Falling in Love,悪役令嬢は溺愛ルートに入りました!?,Manga,1044,6.58,2022,https://cdn.myanimelist.net/images/manga/1/267770l.jpg
903,Dokushin Kizoku wa Isekai wo Ouka suru: Kekkon shinai Otoko no Yuuga na Ohitorisama Life,,独身貴族は異世界を謳歌する ～結婚しない男の優雅なおひとりさまライフ～,Manga,2706,6.58,2022,https://cdn.myanimelist.net/images/manga/3/286848l.jpg
903,Kimi no Pink to Boku no Blue,,きみのピンクとぼくのブルー,Manga,242,6.58,2022,https://cdn.myanimelist.net/images/manga/2/295418l.jpg
903,Kishi Danchou no Elf-san datte Otome ga Shitai.,Even the Elf Captain Wants to be a Maiden,騎士団長のエルフさんだって乙女がしたい。,Manga,2903,6.58,2022,https://cdn.myanimelist.net/images/manga/3/285783l.jpg
903,The Holy Power of Modern Medicine,The Holy Power of Modern Medicine,"성자는 개뿔, 현대의학의 힘이다",Manhwa,7183,6.58,2022,https://cdn.myanimelist.net/images/manga/1/271069l.jpg
903,What the Duke Picked Up in the Forest,,숲속에서 공작이 주운 것은,Manhwa,890,6.58,2022,https://cdn.myanimelist.net/images/manga/1/276243l.jpg
909,#Zombie Sagashitemasu,#ImLookingForZombies,#ゾンビさがしてます,Manga,1509,6.57,2022,https://cdn.myanimelist.net/images/manga/3/273834l.jpg
909,God Tribe,God Tribe,갓트,Manhwa,995,6.57,2022,https://cdn.myanimelist.net/images/manga/3/262472l.jpg
909,"Hands Up, You're Mine","Hands Up, You're Mine",애타는 경감님,Manhwa,575,6.57,2022,https://cdn.myanimelist.net/images/manga/2/273564l.jpg
909,Kaoru Watashi ni Kiss wo Shite.,Please Kiss Sweet Me,香るわたしにキスをして。,Manga,1226,6.57,2022,https://cdn.myanimelist.net/images/manga/3/267114l.jpg
909,Kitazawa-kun wa A-Class,Top Boys & Queen Bee & Kitazawa in A-class!!,北沢くんはAクラス,Manga,3048,6.57,2022,https://cdn.myanimelist.net/images/manga/1/278139l.jpg
909,Tensei shitara Koutei deshita: Umarenagara no Koutei wa Konosaki Ikinokoreru ka? @comic,"Imperial Reincarnation: I Came, I Saw, I Survived",転生したら皇帝でした～生まれながらの皇帝はこの先生き残れるか～@COMIC,Manga,758,6.57,2022,https://cdn.myanimelist.net/images/manga/1/269294l.jpg
909,Zenith,Zenith,제니스,Manhwa,586,6.57,2022,https://cdn.myanimelist.net/images/manga/2/268569l.jpg
916,Ane ni Naritai Ane VS Yuri ni Naritai Imouto,,姉になりたい義姉VS百合になりたい義妹,Manga,1250,6.56,2022,https://cdn.myanimelist.net/images/manga/1/280689l.jpg
916,Aru Hi Onna ni Natteshimatta Shinyuu ga Shiawase ni Naru made no Hanashi,,ある日女になってしまった親友が幸せになるまでの話,Doujinshi,817,6.56,2022,https://cdn.myanimelist.net/images/manga/3/276725l.jpg
916,Kizetsu Yuusha to Ansatsu Hime,,気絶勇者と暗殺姫,Manga,2562,6.56,2022,https://cdn.myanimelist.net/images/manga/3/279572l.jpg
916,Kyuuketsuki ni Shite yo,,吸血鬼にしてよ,One-shot,641,6.56,2022,https://cdn.myanimelist.net/images/manga/1/277702l.jpg
916,Never Die Extra,,죽지 않는 엑스트라,Manhwa,3797,6.56,2022,https://cdn.myanimelist.net/images/manga/2/275304l.jpg
916,Shiranai Osananajimi,Childhood Friend?,知らない幼なじみ,One-shot,321,6.56,2022,https://cdn.myanimelist.net/images/manga/1/283120l.jpg
916,The Demon King Levels Up,The Demon King Levels Up,무공으로 레벨업하는 마왕님,Manhwa,4197,6.56,2022,https://cdn.myanimelist.net/images/manga/2/275303l.jpg
916,Youngest Son of the NamGung Clan,,남궁세가 막내공자,Manhwa,1294,6.56,2022,https://cdn.myanimelist.net/images/manga/3/307698l.jpg
924,Fudanshi no Ore ga Youkya Osananajimi ni Semarareteru Ken,,腐男子の俺が陽キャ幼馴染に迫られてる件,Manga,603,6.55,2022,https://cdn.myanimelist.net/images/manga/3/283341l.jpg
924,Gakuen 1 no Bishoujo wa xx Eshi no Ore ni Horeteiru!?,,学園1の美少女は××絵師の俺に惚れている!?,Manga,824,6.55,2022,https://cdn.myanimelist.net/images/manga/2/288205l.jpg
924,Hiroshima Gal wa Sukidarake,,ひろしまギャルはスキだらけ,One-shot,637,6.55,2022,https://cdn.myanimelist.net/images/manga/2/293824l.jpg
924,Netoge no Yome ga Ninki Idol datta: Cool-kei no Kanojo wa Genjitsu demo Yome no Tsumori de Iru,My Wife in the Web Game Is a Popular Idol.,ネトゲの嫁が人気アイドルだった ～クール系の彼女は現実でも嫁のつもりでいる～,Manga,9545,6.55,2022,https://cdn.myanimelist.net/images/manga/1/280387l.jpg
924,Shiro Gal to Kuro Gal no Yuuwaku,,白ギャルと黒ギャルの誘惑,Manga,4188,6.55,2022,https://cdn.myanimelist.net/images/manga/1/269309l.jpg
924,The Creator Is on Hiatus,,일신상의 이유로 잠시 휴재합니다,Manhwa,8692,6.55,2022,https://cdn.myanimelist.net/images/manga/2/270628l.jpg
924,The Male Lead Won't Let Me Be!,The Male Lead Won't Let Me Be!,남자 주인공이 내 앞길을 가로막는다,Manhwa,1746,6.55,2022,https://cdn.myanimelist.net/images/manga/1/264518l.jpg
931,17-sai kara Yarinaosu Proposal,Marriage Proposal to Start over from 17 Years Old.,17歳からやり直すプロポーズ,Manga,897,6.54,2022,https://cdn.myanimelist.net/images/manga/1/294037l.jpg
931,Born as the Second Daughter,Born as the Second Daughter,두 번째 딸로 태어났습니다,Manhwa,1866,6.54,2022,https://cdn.myanimelist.net/images/manga/1/267463l.jpg
931,Contractual Marriage to a Surly Duke,Contractual Marriage to a Surly Duke,병약한? 남편의 계약 아내,Manhwa,1278,6.54,2022,https://cdn.myanimelist.net/images/manga/1/266316l.jpg
931,House Garnet's Archvillain,House Garnet's Archvillain,공작가의 흑막 영애님,Manhwa,2331,6.54,2022,https://cdn.myanimelist.net/images/manga/3/271744l.jpg
931,Kawaii Hito,,かわいいひと,Manga,1371,6.54,2022,https://cdn.myanimelist.net/images/manga/1/272429l.jpg
931,Kimi ja Nakya Dame na Dorei Shoujo,,君じゃなきゃダメな奴隷少女,Manga,4846,6.54,2022,https://cdn.myanimelist.net/images/manga/3/271441l.jpg
931,Metsuki Warui Ko Kawaii Ko,A Cute Girl with Nasty Look,目つき悪い子かわいい子,Manga,6404,6.54,2022,https://cdn.myanimelist.net/images/manga/1/254722l.jpg
931,Ooyukiumi no Kaina,Kaina of the Great Snow Sea,大雪海のカイナ,Manga,2789,6.54,2022,https://cdn.myanimelist.net/images/manga/1/272816l.jpg
931,Sassato Tsukiae Jirettai!,,さっさと付き合えじれったい!,Doujinshi,534,6.54,2022,https://cdn.myanimelist.net/images/manga/2/263547l.jpg
931,Shoukan suru Sekai,The World of Summoning,召喚する世界,Manga,1123,6.54,2022,https://cdn.myanimelist.net/images/manga/3/262276l.jpg
931,The Duchess's Secret Boutique,The Duchess's Secret Boutique,공작 부인의 비밀 의상실,Manhwa,561,6.54,2022,https://cdn.myanimelist.net/images/manga/2/283878l.jpg
942,Divorcing My Tyrant Husband,Divorcing My Tyrant Husband,폭군 남편과 이혼하겠습니다,Manhwa,4103,6.53,2022,https://cdn.myanimelist.net/images/manga/2/268844l.jpg
942,Ikemen Dansou Layer ni Koishiteru!!,,イケメン男装レイヤーに恋してる!!,Manga,358,6.53,2022,https://cdn.myanimelist.net/images/manga/2/282394l.jpg
942,"Watashi, Nibanme no Kanojo de Ii kara.",I'm Fine with Being the Second Girlfriend,わたし、二番目の彼女でいいから。,Manga,1891,6.53,2022,https://cdn.myanimelist.net/images/manga/3/285791l.jpg
945,Babysitting the Male Lead,Babysitting the Male Lead,남주를 임시보호 중입니다,Manhwa,1118,6.52,2022,https://cdn.myanimelist.net/images/manga/1/284361l.jpg
945,Enkyori Kanojo ga Ai ni Kita.,,遠距離彼女が会いにきた。,Doujinshi,415,6.52,2022,https://cdn.myanimelist.net/images/manga/3/317442l.jpg
945,"He's Just My Brother, Your Grace!","He's Just My Brother, Your Grace!","그 남자는 제 친오빠인데요, 공작님",Manhwa,1104,6.52,2022,https://cdn.myanimelist.net/images/manga/2/271525l.jpg
945,"Hen na Ryuu to Motoyuusha Party Zatsuyougakari, Shintairiku de Nonbiri Slow Life",Frontier Life with a Weird Dragon and an Errand Boy,変な竜と元勇者パーティー雑用係、新大陸でのんびりスローライフ,Manga,1724,6.52,2022,https://cdn.myanimelist.net/images/manga/3/277011l.jpg
945,"Sekai ni Hitori, Zenzokusei Mahou no Tsukaite","The Only in the World, Omnipotent Wizard",世界に一人、全属性魔法の使い手,Manga,2710,6.52,2022,https://cdn.myanimelist.net/images/manga/2/283536l.jpg
945,Sora-sama wa Mitasaretai!,Sora Wanna Be Satisfied,ソラさまは満たされたい！,Manga,1107,6.52,2022,https://cdn.myanimelist.net/images/manga/2/278933l.jpg
945,The Tower's Trapped Hunter,The Tower's Trapped Hunter,탑에 갇혀 고인물,Manhwa,1620,6.52,2022,https://cdn.myanimelist.net/images/manga/1/285446l.jpg
945,The Tyrant's Translator,The Tyrant's Translator,폭군의 번역기가 되어버렸다,Manhwa,1848,6.52,2022,https://cdn.myanimelist.net/images/manga/1/268877l.jpg
953,Bad Thinking Diary,Bad Thinking Diary,배드띵킹 다이어리,Manhwa,8642,6.51,2022,https://cdn.myanimelist.net/images/manga/3/265920l.jpg
953,Marriage B: Wed to the Enemy,Marriage B: Wed to the Enemy,메리지 B,Manhwa,628,6.51,2022,https://cdn.myanimelist.net/images/manga/1/268770l.jpg
953,Ore no Kimochi wa...: Osananajimi Triangle,,俺の気持ちは…〜幼馴染トライアングル〜,One-shot,409,6.51,2022,https://cdn.myanimelist.net/images/manga/2/272070l.jpg
953,Seisan Mahoushi no Rakuraku Henkyou Kaitaku: Saikyou no Ajin-tachi to White Kokka wo Kizukimasu!,The Crafty Mage: Frontier Settling Made Easy,生産魔法師のらくらく辺境開拓 ～最強の亜人たちとホワイト国家を築きます!～,Manga,1082,6.51,2022,https://cdn.myanimelist.net/images/manga/1/293106l.jpg
953,The Secret Bedroom of the Abandoned Princess,The Secret Bedroom of the Abandoned Princess,버림받은 왕녀의 은밀한 침실,Manhwa,2317,6.51,2022,https://cdn.myanimelist.net/images/manga/3/271169l.jpg
953,Tiresias no Ori,Tiresias Cage,テイレシアスの檻,Manga,615,6.51,2022,https://cdn.myanimelist.net/images/manga/3/272567l.jpg
959,Absolute Submission,,절대복종,Manhwa,821,6.5,2022,https://cdn.myanimelist.net/images/manga/2/286273l.jpg
959,Angou Gakuen no Iroha,Cipher Academy,暗号学園のいろは,Manga,7101,6.5,2022,https://cdn.myanimelist.net/images/manga/2/277777l.jpg
959,Crimson Heart,Crimson Heart,크림슨 하트,Manhwa,523,6.5,2022,https://cdn.myanimelist.net/images/manga/2/272659l.jpg
959,Datenshiron,Fallen Angel Theory,堕天使論,Manga,1082,6.5,2022,https://cdn.myanimelist.net/images/manga/2/276118l.jpg
959,Futari nara Doko e demo,Wherever A Couple,夫婦〈ふたり〉ならどこへでも,Manga,2069,6.5,2022,https://cdn.myanimelist.net/images/manga/1/290453l.jpg
959,"Kokuminteki Idol ni Natta Osananajimi ga, Boro Apartment ni Sunderu Ore no Tonari ni Hikkoshite Kita Ken","My Childhood Friend, Who Became a National Idol Moved into My Dingy Flat Next Door.",国民的アイドルになった幼馴染みが、ボロアパートに住んでる俺の隣に引っ越してきた件,Manga,3377,6.5,2022,https://cdn.myanimelist.net/images/manga/3/283113l.jpg
959,OL ga Game Center de Atta Yankee Danshi Koukousei ni Natsukareru Hanashi,,OLがゲーセンで会ったヤンキー男子高校生に懐かれる話,Manga,922,6.5,2022,https://cdn.myanimelist.net/images/manga/3/286369l.jpg
959,Ore no Omocha wa Shinyuu ni Tsunagatteiru,"My ""Toy"" is Connected to My Best Friend",俺のオモチャは親友につながっている,Manga,295,6.5,2022,https://cdn.myanimelist.net/images/manga/3/296884l.jpg
959,Profundis,,프로푼디스,Manhwa,668,6.5,2022,https://cdn.myanimelist.net/images/manga/3/331171l.jpg
959,Shikigami,,シキガミ,One-shot,495,6.5,2022,https://cdn.myanimelist.net/images/manga/2/263735l.jpg
959,Taming My Villainous Little Brother,Taming My Villainous Little Brother,집착광공의 친누나입니다,Manhwa,1548,6.5,2022,https://cdn.myanimelist.net/images/manga/2/265386l.jpg
970,Akuyaku Reijou wa Ouji no Honshou (Dekiai) wo Shiranai,The Villainess Is Oblivious to the Prince's True (Doting) Nature,悪役令嬢は王子の本性（溺愛）を知らない,Manga,635,6.49,2022,https://cdn.myanimelist.net/images/manga/2/298169l.jpg
970,Dansou no Partner,,男装のパルトナー,Manga,2011,6.49,2022,https://cdn.myanimelist.net/images/manga/3/278928l.jpg
970,"I Bought Land, Not a Man!","I Bought Land, Not a Man!",제가 산 건 땅이지 남자가 아닌데요,Manhwa,726,6.49,2022,https://cdn.myanimelist.net/images/manga/3/269090l.jpg
970,I Have Max Level Luck,,내 행운은 만렙이다,Manhwa,2190,6.49,2022,https://cdn.myanimelist.net/images/manga/1/272265l.jpg
970,I Tamed My Ex-Husband's Mad Dog,I Tamed My Ex-Husband's Mad Dog,전남편의 미친개를 길들였다,Manhwa,6699,6.49,2022,https://cdn.myanimelist.net/images/manga/2/307969l.jpg
970,Kanojo no Imouto to Kiss wo Shita.,I Kissed My Girlfriend's Little Sister♥,カノジョの妹とキスをした。,Manga,3017,6.49,2022,https://cdn.myanimelist.net/images/manga/2/280211l.jpg
970,Love Comedy Quest,,ラブコメクエスト,Manga,1032,6.49,2022,https://cdn.myanimelist.net/images/manga/2/268450l.jpg
970,Mahou to Ore to Dekkai Shishou,,魔法と僕とでっかい師匠,Manga,1161,6.49,2022,https://cdn.myanimelist.net/images/manga/2/300576l.jpg
970,Mousou-sensei,,妄想先生,Manga,2537,6.49,2022,https://cdn.myanimelist.net/images/manga/2/294367l.jpg
970,Tengoku de Akuma ga Boku wo Miwaku suru,"In the Heavenly Prison, the Devil Enchants Me",天獄で悪魔がボクを魅惑する,Manga,4121,6.49,2022,https://cdn.myanimelist.net/images/manga/1/273725l.jpg
970,The Little Landlady,The Little Landlady,아기 건물주는 이만 은퇴합니다,Manhwa,1840,6.49,2022,https://cdn.myanimelist.net/images/manga/1/269010l.jpg
970,The Villainess's Bestie,The Villainess's Bestie,악녀 황후님이 날 너무 좋아해,Manhwa,1285,6.49,2022,https://cdn.myanimelist.net/images/manga/1/268164l.jpg
982,"Futago no Onnanoko wo ""Wakaraseru"" Anthology",,"双子の女の子を""わからせる""アンソロジー",Manga,408,6.48,2022,https://cdn.myanimelist.net/images/manga/1/301344l.jpg
982,Here From the Start,Here From the Start,처음부터 여기 있었는데요,Manhwa,994,6.48,2022,https://cdn.myanimelist.net/images/manga/3/266191l.jpg
982,Kono Manga no Heroine wa Morisaki Amane desu.,Morisaki Amane Is a Heroine of This Comic.,このマンガのヒロインは守崎あまねです。,Manga,1159,6.48,2022,https://cdn.myanimelist.net/images/manga/3/268498l.jpg
982,Locked Onto You,Locked Onto You,본능적인 그대,Manhwa,1228,6.48,2022,https://cdn.myanimelist.net/images/manga/3/288487l.jpg
982,Shittaka Elf to Koibito Gokko,"Let's Play Lovers with ""Elf"" Pretends to Know Lovers!",知ったかエルフと恋人ごっこ,Manga,436,6.48,2022,https://cdn.myanimelist.net/images/manga/1/298829l.jpg
982,Shiunji-ke no Kodomotachi,The Shiunji Family Children,紫雲寺家の子供たち,Manga,14608,6.48,2022,https://cdn.myanimelist.net/images/manga/2/264857l.jpg
982,Tonari no Uchuujin ga Kowai,,隣の宇宙人がコワい,Manga,1508,6.48,2022,https://cdn.myanimelist.net/images/manga/1/258096l.jpg
989,Dungeon Busters: Chuunen Otoko desu ga Niwa ni Dungeon ga Shutsugen shita node Sekai wo Sukuimasu,"Dungeon Busters: I Am Just Middle-Aged Man, But I Save the World Because of Appeared the Dungeon in My Home Garden.",ダンジョン・バスターズ ～中年男ですが庭にダンジョンが出現したので世界を救います～,Manga,1777,6.47,2022,https://cdn.myanimelist.net/images/manga/3/269329l.jpg
989,Imouto ni Kiiteminai to,,妹に聞いてみないと,Manga,1189,6.47,2022,https://cdn.myanimelist.net/images/manga/3/280814l.jpg
989,Like Fine Wine,Like Fine Wine,"못 참겠어요, 아줌마",Manhwa,466,6.47,2022,https://cdn.myanimelist.net/images/manga/1/298411l.jpg
989,My F-Rank High School Life,My F-Rank High School Life,폐급인 척했던 학교생활,Manhwa,12046,6.47,2022,https://cdn.myanimelist.net/images/manga/3/267741l.jpg
989,Tensei Mae wa Otoko Datta node Gyaku Harem wa Okotowarishite Orimasu: Kanpeki Shukujo e no Michi,,転生前は男だったので逆ハーレムはお断りしております 完璧淑女への道,Manga,1036,6.47,2022,https://cdn.myanimelist.net/images/manga/1/271306l.jpg
994,Akumyoutakai Ryoushu ni Totsugu Koto ni Narimashita ga Mainichi Shiawase desu,I'm Happily Married to a Lord with the Worst Reputation,悪名高い領主に嫁ぐことになりましたが毎日幸せです,Manga,316,6.46,2022,https://cdn.myanimelist.net/images/manga/2/291809l.jpg
994,Chasing Lilies,Chasing Lilies,집에 가는 길에 USB를 주웠다,Manhwa,833,6.46,2022,https://cdn.myanimelist.net/images/manga/3/282200l.jpg
994,Isekai Henshuusha: Manga de Sekai wo Sukuu Koto ni Narimashita,,異世界編集者～漫画で世界を救う事になりました～,Manga,998,6.46,2022,https://cdn.myanimelist.net/images/manga/2/283537l.jpg
994,"Isshun de Chiryou shiteita noni Yakutatazu to Tsuihou sareta Tensai Chiyushi, Yami Healer toshite Tanoshiku Ikiru",The Brilliant Healer's New Life in the Shadows,一瞬で治療していたのに役立たずと追放された天才治癒師、闇ヒーラーとして楽しく生きる,Manga,4877,6.46,2022,https://cdn.myanimelist.net/images/manga/1/288809l.jpg
994,Jinmyaku Cheat de Hajimeru Hitomakase Eiyuutan,,人脈チートで始める人任せ英雄譚,Manga,2595,6.46,2022,https://cdn.myanimelist.net/images/manga/2/273004l.jpg
994,Kamatte Shinsotsu-chan ga Maikai Sasottekuru,The Clingy New Hire Keeps Asking Me Out,かまって新卒ちゃんが毎回誘ってくる,Manga,1622,6.46,2022,https://cdn.myanimelist.net/images/manga/1/295663l.jpg
994,Maid-san wa Kyuuketsuki,The Maid Is a Vampire,メイドさんは吸血鬼,Manga,911,6.46,2022,https://cdn.myanimelist.net/images/manga/3/295494l.jpg
994,Mitai Mitai,,見たい・みたい,One-shot,320,6.46,2022,https://cdn.myanimelist.net/images/manga/1/266692l.jpg
994,My Dud to Stud Boyfriend,My Dud to Stud Boyfriend,내남친 킹카만들기,Manhwa,712,6.46,2022,https://cdn.myanimelist.net/images/manga/3/262509l.jpg
994,Shimotsuki-san wa Mob ga Suki: Hitomishiri na Kanojo wa Ore ni dake Dere Amai,She is in Love with the Mob,霜月さんはモブが好き～人見知りな彼女は俺にだけデレ甘い～,Manga,8941,6.46,2022,https://cdn.myanimelist.net/images/manga/2/282409l.jpg
994,Stellar Mom,Stellar Mom,엄마는 내 성좌,Manhwa,832,6.46,2022,https://cdn.myanimelist.net/images/manga/1/272584l.jpg
1005,Boku no Okusan wa Mahou Shoujo Kamoshirenai,,ぼくの奥さんは魔法少女かもしれない,Manga,1208,6.45,2022,https://cdn.myanimelist.net/images/manga/1/297040l.jpg
1005,Girlfriend for Hire,Girlfriend for Hire,비즈니스 여친,Manhwa,492,6.45,2022,https://cdn.myanimelist.net/images/manga/3/273063l.jpg
1005,Lucky! Housekeeper,,럭키! 가정부,Manhwa,464,6.45,2022,https://cdn.myanimelist.net/images/manga/3/272544l.jpg
1005,Miss Overprotected,Miss Overprotected,과보호 아가씨,Manhwa,618,6.45,2022,https://cdn.myanimelist.net/images/manga/3/268564l.jpg
1005,"Pick Me, My Queen","Pick Me, My Queen",여왕님 안 돼요!,Manhwa,747,6.45,2022,https://cdn.myanimelist.net/images/manga/3/266280l.jpg
1005,Reborn as the Protagonists' Daughter,Reborn as the Protagonists' Daughter,주인공들의 아이로 태어났다,Manhwa,1333,6.45,2022,https://cdn.myanimelist.net/images/manga/3/284552l.jpg
1005,Tenohira no Akira-kun,,てのひらの晃くん,Manga,419,6.45,2022,https://cdn.myanimelist.net/images/manga/2/272735l.jpg
1005,The Empire's Cutest Little Hostage,The Empire's Cutest Little Hostage,아기 볼모가 너무 귀여워,Manhwa,598,6.45,2022,https://cdn.myanimelist.net/images/manga/3/283882l.jpg
1005,The Rules of Insane Top,The Rules of Insane Top,나의 정우를 돌려줘!,Manhwa,356,6.45,2022,https://cdn.myanimelist.net/images/manga/2/273107l.jpg
1014,Batsu Hare,,バツハレ,Manga,4626,6.44,2022,https://cdn.myanimelist.net/images/manga/2/264969l.jpg
1014,Disconnected from Reality,Disconnected from Reality,일상이 무너졌다,Manhwa,1045,6.44,2022,https://cdn.myanimelist.net/images/manga/2/261819l.jpg
1014,Happy End no Kyuuseishu,,ハッピーエンドの救世手,Manga,417,6.44,2022,https://cdn.myanimelist.net/images/manga/2/279835l.jpg
1014,In the Castle: The Dragon's Erotic Education,In the Castle: The Dragon's Erotic Education,인더캐슬~성 안에서 이종족들이랑 성교♥육합니다~,Manhwa,658,6.44,2022,https://cdn.myanimelist.net/images/manga/3/284249l.jpg
1014,Kegare no Nai Hito,An Innocent Person,穢れのない人,Manga,932,6.44,2022,https://cdn.myanimelist.net/images/manga/1/288304l.jpg
1019,100-nichigo ni xxx Suru Onna Shachou to Shinnyuu Shain,,100日後に×××する女社長と新入社員,Manga,750,6.43,2022,https://cdn.myanimelist.net/images/manga/3/271095l.jpg
1019,Fuwamomi,,ふわもみ,One-shot,294,6.43,2022,https://cdn.myanimelist.net/images/manga/3/257879l.jpg
1019,Gyakuten Isekai de Ikiokure S-Rank Onna Boukensha-tachi ni Semarareteimasu,,逆転異世界で嫁き遅れＳランク女冒険者たちに迫られています,Manga,2114,6.43,2022,https://cdn.myanimelist.net/images/manga/2/302030l.jpg
1019,My Insanely Strong Henchmen,My Insanely Strong Henchmen,내 부하들이 미친듯이 유능하다,Manhwa,3002,6.43,2022,https://cdn.myanimelist.net/images/manga/3/274475l.jpg
1019,Watashi yori Tsuyoi Otoko to Kekkon shitai no: Seiso na Bijin Seito Kaichou (Jitsu wa Moto Banchou) no Himitsu wo Shiru Inkya (Jitsu wa Kanojo wo Koeru Saikyou no Yankee),,私より強い男と結婚したいの 清楚な美人生徒会長（実は元番長）の秘密を知る陰キャ（実は彼女を超える最強のヤンキー）,Manga,2795,6.43,2022,https://cdn.myanimelist.net/images/manga/2/280607l.jpg
1024,Abella's Dessert Cafe,Abella's Dessert Cafe,회귀한 영애는 디저트 가게를 연다,Manhwa,972,6.42,2022,https://cdn.myanimelist.net/images/manga/1/268797l.jpg
1024,Himekishi-sama no Himo,The Kept Man of the Princess Knight,姫騎士様のヒモ,Manga,1517,6.42,2022,https://cdn.myanimelist.net/images/manga/2/277407l.jpg
1024,"Oukoku no Saishuu Heiki, Rettousei toshite Kishi Gakuin e","The Ultimate Weapon of the Kingdom, He Went to the Knight Academy as an Inferior Student.",王国の最終兵器、劣等生として騎士学院へ,Manga,861,6.42,2022,https://cdn.myanimelist.net/images/manga/3/270425l.jpg
1027,Boku wa Ayashii Kimi no Mono,I Belong to You Immoral,僕は妖しいキミのもの,Manga,2909,6.41,2022,https://cdn.myanimelist.net/images/manga/1/277047l.jpg
1027,Gendai Shakai de Otome Game no Akuyaku Reijou wo Suru no wa Chotto Taihen,It's a Little Hard to Be a Villainess of an Otome Game in Modern Society,現代社会で乙女ゲームの悪役令嬢をするのはちょっと大変,Manga,1421,6.41,2022,https://cdn.myanimelist.net/images/manga/3/280386l.jpg
1027,"Isekaigaeri no Yuusha wa, Dungeon ga Shutsugen shita Genjitsu Sekai de, Influencer ni Natte Kane wo Kasegimasu!","Influencer Hero: After Saving Another World, I Got Rich Streaming Dungeons!",異世界帰りの勇者は、ダンジョンが出現した現実世界で、インフルエンサーになって金を稼ぎます！,Manga,2582,6.41,2022,https://cdn.myanimelist.net/images/manga/1/292606l.jpg
1027,Kishi Danchou no Musuko wa Akuyaku Reijou wo Dekiai suru,,騎士団長の息子は悪役令嬢を溺愛する,Manga,1597,6.41,2022,https://cdn.myanimelist.net/images/manga/3/304188l.jpg
1027,Nande Nanda-san,,なんで何田さん,One-shot,516,6.41,2022,https://cdn.myanimelist.net/images/manga/2/261942l.jpg
1027,The Fallen House of Ardan,The Fallen House of Ardan,회귀했더니 가문이 망했다,Manhwa,5276,6.41,2022,https://cdn.myanimelist.net/images/manga/2/275379l.jpg
1027,The Male Lead Is Mine!,The Male Lead Is Mine!,남주는 내가 차지한다,Manhwa,882,6.41,2022,https://cdn.myanimelist.net/images/manga/3/269367l.jpg
1027,Tonari no Hana wa Kyou mo Ichiban Kakkoii,The Flower Next to Me Is the Coolest Today,隣の花は今日もいちばんカッコいい,Manga,279,6.41,2022,https://cdn.myanimelist.net/images/manga/2/276835l.jpg
1035,Amefuri Harete Hana Hikaru,,雨降り晴れて花ひかる,Manga,275,6.4,2022,https://cdn.myanimelist.net/images/manga/3/321028l.jpg
1035,Genjitsu no Yohane: Unpolarized Reflexion,,幻日のヨハネ -Unpolarized Reflexion-,Manga,648,6.4,2022,https://cdn.myanimelist.net/images/manga/3/276092l.jpg
1035,"Hazure Zokusei Tsuchi Mahou no Sei de Henkyou ni Tsuihou sareta node, Gangan Ryouchi Kaitaku shimasu!",,ハズレ属性土魔法のせいで辺境に追放されたので、ガンガン領地開拓します！,Manga,1341,6.4,2022,https://cdn.myanimelist.net/images/manga/1/301993l.jpg
1035,Koibito Swap,,コイビト・スワップ,Manga,1025,6.4,2022,https://cdn.myanimelist.net/images/manga/3/274898l.jpg
1035,Ojousama to Zubora Meshi,,お嬢様とズボラ飯,One-shot,316,6.4,2022,https://cdn.myanimelist.net/images/manga/1/271295l.jpg
1035,Osore: Reiwa Kaidan,,怖れ -令和怪談-,Manga,487,6.4,2022,https://cdn.myanimelist.net/images/manga/1/312034l.jpg
1035,Stealing the Lady's Heart,Stealing the Lady's Heart,약탈★마드모아젤,Manhwa,833,6.4,2022,https://cdn.myanimelist.net/images/manga/2/265252l.jpg
1042,Kiite Kuremasu yo ne? Senpai,,聞いてくれますよね?先輩,Manga,1874,6.39,2022,https://cdn.myanimelist.net/images/manga/1/271985l.jpg
1042,Last Summer Vacation,,ラストサマー・バケーション,Manga,1770,6.39,2022,https://cdn.myanimelist.net/images/manga/3/285052l.jpg
1042,Meitantei no Jouken,"Requirements for a ""Crack"" Detective",迷探偵の条件,Manga,482,6.39,2022,https://cdn.myanimelist.net/images/manga/2/273502l.jpg
1042,MikotoHako,,みことはこ,One-shot,450,6.39,2022,https://cdn.myanimelist.net/images/manga/3/268705l.jpg
1042,"Nise Seijo Kuso of the Year: Risou no Seijo? Zannen, Nise Seijo deshita!",,偽聖女クソオブザイヤー 理想の聖女? 残念、偽聖女でした!,Manga,2543,6.39,2022,https://cdn.myanimelist.net/images/manga/1/289656l.jpg
1042,Renai Jakusha demo App de Koi ga Shitai no da.,,恋愛弱者でもアプリで恋がしたいのだ。,One-shot,375,6.39,2022,https://cdn.myanimelist.net/images/manga/3/264886l.jpg
1042,Shinkon-san no Ecchi na Tokoro wo Michau: Anthology Comic,Watching Love Affairs Of Newly-Weds Anthology Comic,新婚さんのエッチなところを見ちゃう アンソロジーコミック,Manga,801,6.39,2022,https://cdn.myanimelist.net/images/manga/3/278022l.jpg
1042,The Star Seekers,The Star Seekers,별을 쫓는 소년들,Manhwa,691,6.39,2022,https://cdn.myanimelist.net/images/manga/2/292581l.jpg
1042,"Yuusha Party wo Tsuihou sareta node, Maou wo Torikaeshi ga Tsukanai hodo Tsuyoku Sodatetemita",,勇者パーティーを追放されたので、魔王を取り返しがつかないほど強く育ててみた,Manga,2327,6.39,2022,https://cdn.myanimelist.net/images/manga/1/274214l.jpg
1051,I Became a Renowned Family's Sword Prodigy,,위대한 가문의 검술 천재가 되었다,Manhwa,4871,6.38,2022,https://cdn.myanimelist.net/images/manga/3/265618l.jpg
1051,Lysia Tries the Quiet Life,Lysia Tries the Quiet Life,이번 생은 조연으로 살겠습니다,Manhwa,957,6.38,2022,https://cdn.myanimelist.net/images/manga/2/268870l.jpg
1051,Mating with Idols,,아이돌의 짝짓기,Manhwa,453,6.38,2022,https://cdn.myanimelist.net/images/manga/1/306725l.jpg
1051,Tensei Yuusha no Kimama Tabi,The Carefree Journey of the Reincarnated Hero,転生勇者の気まま旅,Manga,1084,6.38,2022,https://cdn.myanimelist.net/images/manga/2/308610l.jpg
1051,The Dragon King's Bride,The Dragon King's Bride,약탈 신부,Manhwa,3476,6.38,2022,https://cdn.myanimelist.net/images/manga/3/286420l.jpg
1056,Elaine's Unique Situation,Elaine's Unique Situation,이레인의 사정,Manhwa,664,6.37,2022,https://cdn.myanimelist.net/images/manga/2/284461l.jpg
1056,Gran Familia,Gran Familia,Gran Familia,Manga,690,6.37,2022,https://cdn.myanimelist.net/images/manga/1/268162l.jpg
1056,Harapeko Succubus wa Ikasetai noni!,The Hungry Succubus Wants to Consume Him,はらぺこサキュバスはいかせたいのに!,Manga,1750,6.37,2022,https://cdn.myanimelist.net/images/manga/1/279897l.jpg
1056,Houkago no Dungeon Diver: Nihon to Isekai wo Ikiki Dekiru You ni Natta Boku wa Level Up ni Isoshimimasu,,放課後の迷宮冒険者〈ダンジョン・ダイバー〉～日本と異世界を行き来できるようになった僕はレベルアップに勤しみます～,Manga,1725,6.37,2022,https://cdn.myanimelist.net/images/manga/2/277995l.jpg
1056,Jinx,Jinx,징크스,Manhwa,15906,6.37,2022,https://cdn.myanimelist.net/images/manga/3/272696l.jpg
1056,Muteki Shounin no Isekai Nariagari Monogatari: Gendai no Seihin wo Jizai ni Toriyoseru Skill ga Aru node Isekai dewa Rakushou desu,,無敵商人の異世界成り上がり物語 ～現代の製品を自在に取り寄せるスキルがあるので異世界では楽勝です～,Manga,799,6.37,2022,https://cdn.myanimelist.net/images/manga/3/304872l.jpg
1056,Nani ka to Mujikaku na Joshi,A Girl Who Is Unaware of Something,何かと無自覚な女子,Manga,1811,6.37,2022,https://cdn.myanimelist.net/images/manga/1/268771l.jpg
1056,Ryuugoroshi no Brunhild,Brunhild the Dragonslayer,竜殺しのブリュンヒルド,Manga,1048,6.37,2022,https://cdn.myanimelist.net/images/manga/3/280813l.jpg
1056,Suterare Saikyou Ouji wa Jitsuryoku de Donna Onna mo Dakimakuru,,捨てられ最強王子は実力でどんな女も抱きまくる,Manga,1925,6.37,2022,https://cdn.myanimelist.net/images/manga/4/286417l.jpg
1056,The Admiral's Monstrous Wife,The Admiral's Monstrous Wife,제독의 괴물아내,Manhwa,1036,6.37,2022,https://cdn.myanimelist.net/images/manga/2/269190l.jpg
1056,Tsuihou sareta Akuyaku Reijou to Tensei Danshaku no Slow de Fushigi na Kekkon Seikatsu,,追放された悪役令嬢と転生男爵のスローで不思議な結婚生活,Manga,887,6.37,2022,https://cdn.myanimelist.net/images/manga/3/303954l.jpg
1067,"Dantoudai ni Kieta Densetsu no Akujo, Nidome no Jinsei dewa Gariben Jimi Megane ni Natte Heion wo Nozomu",,断頭台に消えた伝説の悪女、二度目の人生ではガリ勉地味眼鏡になって平穏を望む,Manga,975,6.36,2022,https://cdn.myanimelist.net/images/manga/2/278445l.jpg
1067,Gal niPA-chan wa Semararetai,,ギャルにぱちゃんはせまられたい,Manga,4135,6.36,2022,https://cdn.myanimelist.net/images/manga/3/273649l.jpg
1067,I Became the Villain's Trainer,I Became the Villain's Trainer,흑막들의 조련사가 되었습니다,Manhwa,898,6.36,2022,https://cdn.myanimelist.net/images/manga/2/276797l.jpg
1067,Ijin Tensei: Gokoku Warfare,,偉人転生 五國WARFARE,Manga,849,6.36,2022,https://cdn.myanimelist.net/images/manga/2/281538l.jpg
1067,Oshino-san wa Taeshinobu,,忍野さんは耐え忍ぶ,One-shot,255,6.36,2022,https://cdn.myanimelist.net/images/manga/3/270489l.jpg
1067,Seikishi ni Natta kedo Danchou no Oppai ga Sugosugite Kokoro ga Kiyomerarenai,,聖騎士になったけど団長のおっぱいが凄すぎて心が清められない,Manga,1646,6.36,2022,https://cdn.myanimelist.net/images/manga/2/280400l.jpg
1067,Shuumatsu no Jinrui ni Bunmei wa Hitsuyou desu ka?,,終末の人類に文明は必要ですか?,Manga,1012,6.36,2022,https://cdn.myanimelist.net/images/manga/1/273227l.jpg
1074,Duke Richard's Haven,Duke Richard's Haven,당신의 죽음을 바칠 시간,Manhwa,805,6.35,2022,https://cdn.myanimelist.net/images/manga/1/268866l.jpg
1074,Filter-goshi no Kanojo,The Girl Past the Filters,フィルター越しのカノジョ,Manga,6714,6.35,2022,https://cdn.myanimelist.net/images/manga/2/278203l.jpg
1074,Kibishii Onna Joushi ga Koukousei ni Modottara Ore ni Deredere suru Riyuu: Ryoukataomoi no Yarinaoshi Koukousei Seikatsu,Why Is My Strict Boss Melted by Me?,厳しい女上司が高校生に戻ったら俺にデレデレする理由～両片思いのやり直し高校生生活～,Manga,3081,6.35,2022,https://cdn.myanimelist.net/images/manga/1/274633l.jpg
1074,Love Attack,,ラブアタック,One-shot,308,6.35,2022,https://cdn.myanimelist.net/images/manga/1/265904l.jpg
1074,"Perfect Record, New World","Perfect Record, New World","격투 챔피언, 무림에 가다",Manhwa,1758,6.35,2022,https://cdn.myanimelist.net/images/manga/3/279202l.jpg
1074,"Saijaku na Boku wa ""Kabenuke Bug"" de Nariagaru: Kabe wo Surinuketara, Shokai Clear Houshuu wo Mugen Kaishuu Dekimashita!",,最弱な僕は＜壁抜けバグ＞で成り上がる～壁をすり抜けたら、初回クリア報酬を無限回収できました!～,Manga,1112,6.35,2022,https://cdn.myanimelist.net/images/manga/3/287521l.jpg
1074,Secret Player,,시크릿 플레이어,Manhwa,857,6.35,2022,https://cdn.myanimelist.net/images/manga/2/278418l.jpg
1081,Can I Even Move In?,,이런 저라도 입주할 수 있나요?,Manhwa,440,6.34,2022,https://cdn.myanimelist.net/images/manga/2/273108l.jpg
1081,Couple Gaihi desu!!,,恋仲〈カップル〉外秘です!!,One-shot,519,6.34,2022,https://cdn.myanimelist.net/images/manga/1/277104l.jpg
1081,Kairaku no Rou,,快楽の労,Manga,691,6.34,2022,https://cdn.myanimelist.net/images/manga/2/321326l.jpg
1081,Kimi ga Megami nara Ii noni,I Wish You Were My Muse,きみが女神ならいいのに,Manga,1831,6.34,2022,https://cdn.myanimelist.net/images/manga/3/269128l.jpg
1081,Kono Gomi wo Nanto Yobu,What Do You Call This Trash?,このゴミをなんとよぶ,Manga,9887,6.34,2022,https://cdn.myanimelist.net/images/manga/3/292031l.jpg
1081,"Kuro no Kenja wa Kage wo Oru: Seijo Dairi wa Mou Youzumi dato Tsuihou sareta ga, Kakerareta Noroi ""Yami Zokusei"" wa Bannou no Cheat Mahou Datta",,黒の賢者は影を織る ～聖女代理はもう用済みだと追放されたが、かけられた呪い【闇属性】は万能のチート魔法だった～,Manga,1050,6.34,2022,https://cdn.myanimelist.net/images/manga/1/277738l.jpg
1081,Oshibana!,,オシバナ！,Manga,1089,6.34,2022,https://cdn.myanimelist.net/images/manga/1/279430l.jpg
1088,"Class ""Mushoku"" no Eiyuutan: Koushakuke wo Tsuihou sareta ga, Jitsu wa Nagutta dake de Skill wo Kakutoku Dekiru to Wakari, Tairiku Ichi no Eiyuu ni Noboritsumeru",,クラス≪無職≫の英雄譚～公爵家を追放されたが、実は殴っただけでスキルを獲得できるとわかり、大陸一の英雄に上り詰める～,Manga,2445,6.33,2022,https://cdn.myanimelist.net/images/manga/1/287311l.jpg
1088,Dororo Re:Verse,Dororo Re:Verse,도로로 Re:Verse,Manhwa,729,6.33,2022,https://cdn.myanimelist.net/images/manga/3/274582l.jpg
1088,Gal Assistant,,ぎゃるアシ,Manga,4977,6.33,2022,https://cdn.myanimelist.net/images/manga/3/274887l.jpg
1088,I Accidentally Tamed the Duke,I Accidentally Tamed the Duke,폭군 남편이 어쩐지 조신해졌다,Manhwa,1544,6.33,2022,https://cdn.myanimelist.net/images/manga/3/269876l.jpg
1088,I Corrupted the Male Lead!,I Corrupted the Male Lead!,선량한 남자 주인공을 타락시켰다,Manhwa,695,6.33,2022,https://cdn.myanimelist.net/images/manga/3/268873l.jpg
1088,Konse wa Goen ga Arimasu You ni!,,今世は五縁がありますように!,Manga,2851,6.33,2022,https://cdn.myanimelist.net/images/manga/1/278003l.jpg
1088,Maou Tsukai no Saikyou Shihai,The Demon Lord Tamer's Strongest Domination,魔王使いの最強支配,Manga,1070,6.33,2022,https://cdn.myanimelist.net/images/manga/2/302166l.jpg
1088,Omae Imouto ja Nakute Iinazuke Datta no ka yo!?,"You Weren't My Sister, but My Fiancé!?",お前妹じゃなくて許嫁だったのかよ!?,Manga,5787,6.33,2022,https://cdn.myanimelist.net/images/manga/3/278931l.jpg
1088,Yuusha Party no Nimotsumochi,Porter of Heroes,勇者パーティーの荷物持ち,Manga,853,6.33,2022,https://cdn.myanimelist.net/images/manga/3/278729l.jpg
1097,Akuma Koujo,The Devil Princess,悪魔公女,Manga,852,6.32,2022,https://cdn.myanimelist.net/images/manga/2/279838l.jpg
1097,"Chiteki de Cool na Kouhai Bijo, Ore no Kaineko ni Naru",,知的でクールな後輩美女、俺の飼い猫になる,Manga,2517,6.32,2022,https://cdn.myanimelist.net/images/manga/1/284747l.jpg
1097,Ginka to Glüna,Ginka & Glüna,ギンカとリューナ,Manga,4915,6.32,2022,https://cdn.myanimelist.net/images/manga/3/276116l.jpg
1097,Lili-Men,Lili-Men,LILI-MEN,Manga,5112,6.32,2022,https://cdn.myanimelist.net/images/manga/2/274092l.jpg
1097,Monster Streamer for Gods,Monster Streamer for Gods,이 헌터 실화냐,Manhwa,2386,6.32,2022,https://cdn.myanimelist.net/images/manga/3/270005l.jpg
1102,"Ateuma Chara no Kuse shite, Super Darling Ouji ni Chouai sareteimasu.","The Perfect Prince Loves Me, His Rival?",当て馬キャラのくせして、スパダリ王子に寵愛されています。,Manga,933,6.31,2022,https://cdn.myanimelist.net/images/manga/1/285880l.jpg
1102,Isekai Danyuu: Shirudanyuu ga Isekai Tensei shite Ero Chishiki Full Katsuyou de Musou Danyuu ni Naru Hanashi,,異世界男優～汁男優が異世界転生してエロ知識フル活用で無双男優になる話～,Manga,5441,6.31,2022,https://cdn.myanimelist.net/images/manga/1/273221l.jpg
1102,"Koushaku Reijou ni Tensei shiteshimatta node, Mental Otome na Ore wa, Zenryoku de Onnanoko wo Tanoshimimasu",,公爵令嬢に転生してしまったので、メンタル乙女な俺は、全力で女の子を楽しみます,Manga,1793,6.31,2022,https://cdn.myanimelist.net/images/manga/2/283023l.jpg
1102,Kurobuta Ouji wa Zense wo Omoidashite Kaishin suru: Akuyaku Chara ni Tensei shita node Shibou End kara Nigeteitara Saikyou ni Natteita,,黒豚王子は前世を思いだして改心する 悪役キャラに転生したので死亡エンドから逃げていたら最強になっていた,Manga,931,6.31,2022,https://cdn.myanimelist.net/images/manga/2/285633l.jpg
1102,Lucky Striker,Lucky Striker,운빨,Manhwa,2466,6.31,2022,https://cdn.myanimelist.net/images/manga/2/268579l.jpg
1102,"Tensei Shachiku no Cheat Saien: Bannou Skill to Benri na Tsukaima Yousei wo Kushi shitetara, Kizukeba Tairiku Ichi no Seisan Kyoten ga Dekiteita",,転生社畜のチート菜園 ～万能スキルと便利な使い魔妖精を駆使してたら、気づけば大陸一の生産拠点ができていた～,Manga,1015,6.31,2022,https://cdn.myanimelist.net/images/manga/2/292201l.jpg
1102,The Empress of Ashes,The Empress of Ashes,잿더미 황후,Manhwa,721,6.31,2022,https://cdn.myanimelist.net/images/manga/2/286281l.jpg
1102,The Lazy Swordmaster,The Lazy Swordmaster,나태한 소드마스터,Manhwa,4974,6.31,2022,https://cdn.myanimelist.net/images/manga/1/265832l.jpg
1110,Cinderella Cosplaytion,Cinderella Cosplaytion,シンデレラコスプレイション,Manga,570,6.3,2022,https://cdn.myanimelist.net/images/manga/1/291745l.jpg
1110,Demon in Mount Hua,,마인화산,Manhwa,892,6.3,2022,https://cdn.myanimelist.net/images/manga/2/278969l.jpg
1110,I Am Reborn as the Sword God,,빙의검신,Manhwa,951,6.3,2022,https://cdn.myanimelist.net/images/manga/3/281383l.jpg
1110,The Imperious Young Lord,The Imperious Young Lord,갑질하는 영주님,Manhwa,1273,6.3,2022,https://cdn.myanimelist.net/images/manga/1/275560l.jpg
1110,The Villainess's Princely Predicament,The Villainess's Princely Predicament,악녀인데 남주를 주워버렸다,Manhwa,696,6.3,2022,https://cdn.myanimelist.net/images/manga/1/284359l.jpg
1110,"Thumbs Up, Level Up","Thumbs Up, Level Up",따봉으로 레벨업,Manhwa,1092,6.3,2022,https://cdn.myanimelist.net/images/manga/1/267938l.jpg
1110,"Watashi wo Koroshita Wanko-kei Kishi-sama ga, Yandere ni Job Change shite Kyou mo Inochi wo Nerattekuru",,私を殺したワンコ系騎士様が、ヤンデレにジョブチェンジして今日も命を狙ってくる,Manga,934,6.3,2022,https://cdn.myanimelist.net/images/manga/2/281042l.jpg
1117,Drug Devourer,,약빨이 신선함,Manhwa,2597,6.29,2022,https://cdn.myanimelist.net/images/manga/3/272959l.jpg
1117,Dungeon no Aru Sekai de Kashikoku Sukoyaka ni Ikiru Houhou,,ダンジョンのある世界で賢く健やかに生きる方法,Manga,1645,6.29,2022,https://cdn.myanimelist.net/images/manga/3/317046l.jpg
1117,Maid to Love or Die,Maid to Love or Die,역하렘 게임 속 메이드는 퇴사하고 싶습니다,Manhwa,989,6.29,2022,https://cdn.myanimelist.net/images/manga/3/275967l.jpg
1120,Jinzou Ningen 100,Fabricant 100,人造人間100,Manga,5681,6.28,2022,https://cdn.myanimelist.net/images/manga/1/279298l.jpg
1120,Level 1 Player,Level 1 Player,1레벨 플레이어,Manhwa,5971,6.28,2022,https://cdn.myanimelist.net/images/manga/3/264641l.jpg
1120,One-in-Seven-Billion Irregular,One-in-Seven-Billion Irregular,70억분의 1의 이레귤러,Manhwa,1274,6.28,2022,https://cdn.myanimelist.net/images/manga/2/270570l.jpg
1120,Sonna Hiroki mo Isekai e,"Hiroki, Too, Gets Summoned into Another World",そんなヒロキも異世界へ,Manga,1328,6.28,2022,https://cdn.myanimelist.net/images/manga/3/275576l.jpg
1120,The Grand Duchess of the North Was Secretly a Villainess,The Grand Duchess of the North Was Secretly a Villainess,북부 대공의 정체가 흑막 악녀라 곤란하다,Manhwa,2175,6.28,2022,https://cdn.myanimelist.net/images/manga/1/268622l.jpg
1125,Evangeline After the Ending,Evangeline After the Ending,완결 후 에반젤린,Manhwa,1121,6.27,2022,https://cdn.myanimelist.net/images/manga/1/268567l.jpg
1125,I Became the Crazy Emperor,I Became the Crazy Emperor,미친 황제가 되어버렸다,Manhwa,1512,6.27,2022,https://cdn.myanimelist.net/images/manga/3/279157l.jpg
1125,Koi wa Futago de Warikirenai,,恋は双子で割り切れない,Manga,2785,6.27,2022,https://cdn.myanimelist.net/images/manga/3/273901l.jpg
1125,Moebana,Moebana,もえばな,Manga,1955,6.27,2022,https://cdn.myanimelist.net/images/manga/3/267774l.jpg
1125,Point Gifter no Isekai Saikyou Solo Life: Black Guild kara Kaihou sareta Otoko wa Bannou Saikyoushoku toshite Musou suru,The Strongest Solo Life in Another World of a Point Gifter.,ポイントギフター《経験値分配能力者》の異世界最強ソロライフ ～ブラックギルドから解放された男は万能最強職として無双する～,Manga,1896,6.27,2022,https://cdn.myanimelist.net/images/manga/2/281394l.jpg
1125,Senpai! Waza to ja Nai n desu!,,センパイ！ わざとじゃないんです！,Manga,922,6.27,2022,https://cdn.myanimelist.net/images/manga/1/275780l.jpg
1125,Stella: The Lost Star,Stella: The Lost Star,엑스트라는 가장 먼저 버려진다,Manhwa,1260,6.27,2022,https://cdn.myanimelist.net/images/manga/2/276922l.jpg
1125,Trap,,트랩,Manhwa,314,6.27,2022,https://cdn.myanimelist.net/images/manga/1/272545l.jpg
1133,"Douse Suterareru no nara, Saigo ni Suki ni Sasete Itadakimasu","Before You Discard Me, I Shall Have My Way with You",どうせ捨てられるのなら、最後に好きにさせていただきます,Manga,1117,6.26,2022,https://cdn.myanimelist.net/images/manga/2/279085l.jpg
1133,Dungeon Athlete,,헬스던전,Manhwa,1126,6.26,2022,https://cdn.myanimelist.net/images/manga/2/272573l.jpg
1133,"Issho ni Ken no Shugyou wo Shita Osananajimi ga Dorei ni Natteita node, S-Rank Boukensha no Boku wa Kanojo wo Katte Mamoru Koto ni Shita",,一緒に剣の修行をした幼馴染が奴隷になっていたので、Sランク冒険者の僕は彼女を買って守ることにした,Manga,2788,6.26,2022,https://cdn.myanimelist.net/images/manga/3/280208l.jpg
1136,Aishita Bun dake Aishite Hoshii!,,愛したぶんだけ愛してほしいっ!,Manga,1811,6.25,2022,https://cdn.myanimelist.net/images/manga/1/295457l.jpg
1136,Sakusei Byoutou: Zennenrei-ban,,搾精病棟 全年齢版,Manga,1049,6.25,2022,https://cdn.myanimelist.net/images/manga/1/291064l.jpg
1136,Yankee Musume to Otomodachi kara Hajimete Mita,Developing Relationship from Friends with the Yankee Girl,ヤンキー娘とお友達から始めてみた,Manga,1820,6.25,2022,https://cdn.myanimelist.net/images/manga/3/255097l.jpg
1139,Iinchou desu ga Furyou ni Naru hodo Koishitemasu!,"I'm a Class President, but to Be in Love So Much That I Be a Bad Girl!",委員長ですが不良になるほど恋してます!,Manga,2681,6.24,2022,https://cdn.myanimelist.net/images/manga/2/304488l.jpg
1139,"Isekai Saikou no Kizoku, Harem wo Fuyasu hodo Tsuyokunaru",The Strongest Harem of Nobles,異世界最高の貴族、ハーレムを増やすほど強くなる,Manga,4820,6.24,2022,https://cdn.myanimelist.net/images/manga/2/273622l.jpg
1139,"Koukousei Web Sakka no Mote Seikatsu ""Anta ga Kami Sakka na Wakenai desho"" to Boku wo Futta Osananajimi ga Koukai shiteru kedo Mou Osoi",The Teen Web Novelist Is a Girl Magnet: Now My Crush Feels Bad for Rejecting Me!,高校生WEB作家のモテ生活「あんたが神作家なわけないでしょ」と僕を振った幼馴染が後悔してるけどもう遅い,Manga,2886,6.24,2022,https://cdn.myanimelist.net/images/manga/2/294882l.jpg
1139,Lady Isabella's Path to Happiness,Lady Isabella's Path to Happiness,시한부 대공자비의 꽃길 라이프,Manhwa,974,6.24,2022,https://cdn.myanimelist.net/images/manga/1/271140l.jpg
1139,On My Way to Kill God,,신을 죽이러 갑니다,Manhwa,1253,6.24,2022,https://cdn.myanimelist.net/images/manga/2/280443l.jpg
1139,"Ore ni wa Kono Kuragari ga Kokochi Yokatta: Zetsubou kara Hajimaru Isekai Seikatsu, Kami no Kimagure de Kyousei Haishinchuu",The Darkness Was Comfortable for Me,俺にはこの暗がりが心地よかった ―絶望から始まる異世界生活、神の気まぐれで強制配信中―,Manga,2375,6.24,2022,https://cdn.myanimelist.net/images/manga/3/290918l.jpg
1139,The Ravenous Hunter,The Ravenous Hunter,육식주의 헌터,Manhwa,1475,6.24,2022,https://cdn.myanimelist.net/images/manga/2/275305l.jpg
1146,Amarimono Isekaijin no Jiyuu Seikatsu: Yuusha ja Nai node Katte ni Yarasete Moraimasu,A Surplus Off-Worlder Lives His Life Freely: I'm No Hero So I'll Do It the Way I Want!,余りモノ異世界人の自由生活 勇者じゃないので勝手にやらせてもらいます,Manga,1694,6.23,2022,https://cdn.myanimelist.net/images/manga/3/275786l.jpg
1146,Isekai de Zenra Yuusha to Yobanaide,Don't Call Me a Naked Hero in Another World,異世界で全裸勇者と呼ばないで,Manga,766,6.23,2022,https://cdn.myanimelist.net/images/manga/1/280155l.jpg
1146,Lullaby,Lullaby,자장자장,Manhwa,555,6.23,2022,https://cdn.myanimelist.net/images/manga/1/261806l.jpg
1146,Otonari no Oneesan ni Arekore sareru Manga,,おとなりのおねえさんにアレコレされるまんが,Manga,1146,6.23,2022,https://cdn.myanimelist.net/images/manga/2/280983l.jpg
1146,Umeko-chan wa Koishiteru,,呻子ちゃんは恋してる,Manga,1600,6.23,2022,https://cdn.myanimelist.net/images/manga/1/274491l.jpg
1151,Isekai Nihon: Ansatsu Ikka no Sannan wa Isekaika shita Nihon de Musou suru,,異世界日本～暗殺一家の三男は異界化した日本で無双する～,Manga,2582,6.22,2022,https://cdn.myanimelist.net/images/manga/1/280378l.jpg
1151,Joucho wo Mechakucha ni Shitekuru Onna,,情緒をめちゃくちゃにしてくる女,Manga,6376,6.22,2022,https://cdn.myanimelist.net/images/manga/1/282407l.jpg
1151,"Kanojo ga Senpai ni NTR-reta node, Senpai no Kanojo wo NTR-masu",,彼女が先輩にNTRれたので、先輩の彼女をNTRます,Manga,8156,6.22,2022,https://cdn.myanimelist.net/images/manga/1/268971l.jpg
1151,"Kouunchi 999 no Watashi, ""Sokushi Mahou"" ga Zettai ni Seikou suru node Sekai Saikyou desu: Maryokuchi 1 de Tsuihou saremashita ga, Kakuritsu Cheat de Nariagaru",,幸運値999の私、【即死魔法】が絶対に成功するので世界最強です～魔力値1で追放されましたが、確率チートで成り上がる～,Manga,632,6.22,2022,https://cdn.myanimelist.net/images/manga/3/298774l.jpg
1151,Moto Saikyou Yuusha no Saishuushoku,Re-Employment of the Former Strongest Hero,元最強勇者の再就職,Manga,832,6.22,2022,https://cdn.myanimelist.net/images/manga/2/299675l.jpg
1151,SSS-Rank Dungeon de Knife Ippon Tewatasare Tsuihou sareta Shiromadoushi: Yggdrasil no Noroi ni yori Jakuten de Aru Maryoku Fusoku wo Kokufukushi Sekai Saikyou e to Itaru,,SSSランクダンジョンでナイフ一本手渡され追放された白魔導師 ユグドラシルの呪いにより弱点である魔力不足を克服し世界最強へと至る,Manga,2906,6.22,2022,https://cdn.myanimelist.net/images/manga/3/281534l.jpg
1151,Sarumane,Invasion of the Apes,さるまね,Manga,978,6.22,2022,https://cdn.myanimelist.net/images/manga/2/268664l.jpg
1151,Savage Fang Ojousama: Shijou Saikyou no Youhei wa Shijou Saikyou no Bougyaku Reijou to Natte Nidome no Sekai wo Musou suru,Miss Savage Fang: The Strongest Mercenary in History Is Reincarnated as an Unstoppable Noblewoman,サベージファングお嬢様 史上最強の傭兵は史上最凶の暴虐令嬢となって二度目の世界を無双する,Manga,2241,6.22,2022,https://cdn.myanimelist.net/images/manga/1/273433l.jpg
1151,"Umareta Chokugo ni Suterareta kedo, Zense ga Daikenja Datta node Yoyuu de Ikitemasu: Saikyou Akachan Daibousou","Since My Pervious Life Was a Wise Man, I Can Afford to Live.: Big Runaway of the Super Baby.",生まれた直後に捨てられたけど、前世が大賢者だったので余裕で生きてます ～最強赤ちゃん大暴走～,Manga,1812,6.22,2022,https://cdn.myanimelist.net/images/manga/1/287522l.jpg
1151,Wakarase♥Deka-Maid-chan,,わからせ♥巨娘メイドちゃん,Manga,1021,6.22,2022,https://cdn.myanimelist.net/images/manga/1/272264l.jpg
1151,Yandere Imouto ni Aisaresugite Kozukuri Kankin Seikatsu the Comic,,ヤンデレ妹に愛されすぎて子作り監禁生活 THE COMIC,Manga,1347,6.22,2022,https://cdn.myanimelist.net/images/manga/3/310990l.jpg
1162,"Geist x Revenant: Kusozako Mob na Ore wa, Aibou no Seirei wo Bishoujo ni Shinka sasete Saikyou ni! @comic",Geist & Revenant: How I Went from Zero to Hero When I Evolved My Geist into a Pretty Girl! @comic,ガイスト×レブナント クソザコモブな俺は、相棒の精霊を美少女に進化させて最強に!@COMIC,Manga,1751,6.21,2022,https://cdn.myanimelist.net/images/manga/1/269295l.jpg
1162,I'm Engaged to an Obsessive Male Lead,I'm Engaged to an Obsessive Male Lead,집착남주의 계약직 약혼자입니다,Manhwa,1529,6.21,2022,https://cdn.myanimelist.net/images/manga/1/268624l.jpg
1162,Kyojiri JK Nirugame-chan,Nirugame-chan with The Huge Ass,巨尻JKにるがめちゃん,Manga,2399,6.21,2022,https://cdn.myanimelist.net/images/manga/3/254690l.jpg
1162,Munou Nintei de Boukensha Kubi ni Natta kara Jimoto ni Kaette Kekkon suru: Kekkon Aite ga Sekai wo Horoboshikaketa Ryuuou no Musume de Ore no Nouryoku ga Kakusei shita,,無能認定で冒険者クビになったから地元に帰って結婚する～結婚相手が世界を滅ぼしかけた龍王の娘で俺の能力が覚醒した～,Manga,750,6.21,2022,https://cdn.myanimelist.net/images/manga/2/320448l.jpg
1162,"Nee, Boku ga Inai to Shinu tte Itte yo","Hey, Tell Me You Without Me",ねえ、僕がいないと死ぬって言ってよ,Manga,391,6.21,2022,https://cdn.myanimelist.net/images/manga/3/303591l.jpg
1162,"Ore dake Fuguu Skill no Isekai Shoukan Hangyakuki: Saijaku Skill ""Kyuushuu"" ga Subete wo Nomikomu made","I'm the Only One with Unfavorable Skills, Isekai Summoning Rebellion",俺だけ不遇スキルの異世界召喚叛逆記～最弱スキル【吸収】が全てを飲み込むまで～,Manga,6735,6.21,2022,https://cdn.myanimelist.net/images/manga/1/274769l.jpg
1162,Tsurara-chan wa Yuki Gal,,つららちゃんは雪ギャル,One-shot,294,6.21,2022,https://cdn.myanimelist.net/images/manga/1/268910l.jpg
1169,Infidelity 101,Infidelity 101,불륜학개론,Manhwa,570,6.2,2022,https://cdn.myanimelist.net/images/manga/2/270185l.jpg
1169,Isekai Hotel e Youkoso: Mazoku de Yuusha na Saikyou Ane-tachi kara Dekiai sarete Komattemasu,,異世界ホテルへようこそ ～魔族で勇者な最強姉たちから溺愛されて困ってます～,Manga,1857,6.2,2022,https://cdn.myanimelist.net/images/manga/3/291873l.jpg
1169,Saikyou no Chikara wo Te ni Ireta Kawari ni Onnanoko ni Narimashita: Onna dake no Party ni Boku ga Haittemo Iwakan ga Nai no wa Komaru ndesu ga,,最強の力を手に入れたかわりに女の子になりました 女だけのパーティに僕が入っても違和感がないのは困るんですが,Manga,790,6.2,2022,https://cdn.myanimelist.net/images/manga/3/272893l.jpg
1169,Tenshi wo Ikasete Item Get!! Zecchou Gacha de Dungeon Kouryaku!,,天使をイカせてアイテムゲット!! 絶頂ガチャでダンジョン攻略!,Manga,1308,6.2,2022,https://cdn.myanimelist.net/images/manga/3/294042l.jpg
1169,The Path to Vengeance,The Path to Vengeance,복수,Manhwa,426,6.2,2022,https://cdn.myanimelist.net/images/manga/3/275223l.jpg
1174,Barrel,,Barrel,Manhwa,651,6.19,2022,https://cdn.myanimelist.net/images/manga/3/281609l.jpg
1174,Land of the Crimson Moon,Land of the Crimson Moon,적월의 나라,Manhwa,652,6.19,2022,https://cdn.myanimelist.net/images/manga/1/264468l.jpg
1174,Osananajimi no Ohimesama,,幼馴染のお姫様,Manga,3288,6.19,2022,https://cdn.myanimelist.net/images/manga/3/281533l.jpg
1174,"Renia, the Crazy Princess","Renia, the Crazy Princess",미친 왕녀 레니아,Manhwa,619,6.19,2022,https://cdn.myanimelist.net/images/manga/1/282416l.jpg
1174,Toki-sensei wa Kigaetai,Ms. Toki Want to Change Clothes.,時先生は着替えたい,Manga,2487,6.19,2022,https://cdn.myanimelist.net/images/manga/2/306353l.jpg
1179,From Maid to Queen,From Maid to Queen,"하녀, 여왕이 되다",Manhwa,693,6.18,2022,https://cdn.myanimelist.net/images/manga/2/268565l.jpg
1179,Meikyuu Teikoku no Tsukurikata: Rensei Jutsushi wa Mazu Risou no Mura wo Kaitaku shimasu,,迷宮帝国の作り方 ～錬成術士はまず理想の村を開拓します～,Manga,547,6.18,2022,https://cdn.myanimelist.net/images/manga/2/273403l.jpg
1181,"Daijoubu, Omae ga Onna ni Nattemo Oretachi wa Shinyuu Dakara na!",,大丈夫、お前が女になっても俺たちは親友だからな!,Doujinshi,356,6.17,2022,https://cdn.myanimelist.net/images/manga/3/276687l.jpg
1181,Forging Rock'n Roll,,단조에서 로큰롤,Manhwa,354,6.17,2022,https://cdn.myanimelist.net/images/manga/3/272465l.jpg
1181,"Ore no ""Full Auto Buff"" de Nakama-tachi ga Sekai Saikyou: Soko ni Iru dake Mujikaku Musou","My ""Fully Automatic Buff"" Made My Friends the Strongest in the World.",俺の『全自動支援〈フルオートバフ〉』で仲間たちが世界最強 ～そこにいるだけ無自覚無双～,Manga,1018,6.17,2022,https://cdn.myanimelist.net/images/manga/1/319951l.jpg
1181,Saenai Boku ga Kimi no Heya de Shiteiru Koto wo Classmate wa Daremo Shiranai,"I Am Boring, but My Classmates Do Not Know What I Am Doing in Your Room.",冴えない僕が君の部屋でシている事をクラスメイトは誰も知らない,Manga,2943,6.17,2022,https://cdn.myanimelist.net/images/manga/2/283122l.jpg
1185,Kaminaki Sekai no Oneechan Katsudou,The Godless World of Onee-chan,神無き世界のおねーちゃん活動,Manga,1766,6.16,2022,https://cdn.myanimelist.net/images/manga/2/280526l.jpg
1185,Reloaded into the Other World,Reloaded into the Other World,이계진입 리로디드,Manhwa,3605,6.16,2022,https://cdn.myanimelist.net/images/manga/1/273168l.jpg
1185,"[Sekai Saikyou no Shitsuji] Black Shokuba wo Tsuihou sareta Ore, Koori no Reijou ni Hirowareru: Seikatsu Mahou wo Kushi shite Musou shiteitara Shiawase na Kurashi ga Hajimarimashita",,【世界最強の執事】ブラック職場を追放された俺、氷の令嬢に拾われる ～生活魔法を駆使して無双していたら、幸せな暮らしが始まりました～,Manga,4051,6.16,2022,https://cdn.myanimelist.net/images/manga/5/271906l.jpg
1188,Resigning as the Villainess,Resigning as the Villainess,악역도 귀찮아서,Manhwa,1309,6.15,2022,https://cdn.myanimelist.net/images/manga/1/263360l.jpg
1188,Shuumatsu no Hanayome-sama: Sweet Home†Melty Life,,終末の花嫁様-sweet home†melty life-,Manga,2139,6.15,2022,https://cdn.myanimelist.net/images/manga/2/283114l.jpg
1190,Boku wa Kimitachi wo Shihai suru,,僕は君たちを支配する,Manga,5037,6.14,2022,https://cdn.myanimelist.net/images/manga/1/263390l.jpg
1190,Haishinsha to Kekkon suru no wa Yameta Hou ga Ii,,配信者と結婚するのはやめた方がいい,Manga,916,6.14,2022,https://cdn.myanimelist.net/images/manga/1/287539l.jpg
1190,"Kiyoubinbou, Shiro wo Tateru: Kaitaku Gakuen no Rettousei nanoni, Joukyuushoku no Skill to Mahou ga Subete Tsukaemasu @comic",,器用貧乏、城を建てる ～開拓学園の劣等生なのに、上級職のスキルと魔法がすべて使えます～@COMIC,Manga,2672,6.14,2022,https://cdn.myanimelist.net/images/manga/2/273724l.jpg
1190,Sheep Mask,,양탈,Manhwa,284,6.14,2022,https://cdn.myanimelist.net/images/manga/3/338457l.jpg
1190,The Returning Hero's Restaurant,The Returning Hero's Restaurant,귀환용사의 골목식당,Manhwa,1141,6.14,2022,https://cdn.myanimelist.net/images/manga/3/269424l.jpg
1195,"Chou Nankan Dungeon de 10-mannen Shugyou shita Kekka, Sekai Saikyou ni: Saijaku Munou no Gekokujou",,超難関ダンジョンで10万年修行した結果、世界最強に～最弱無能の下剋上～,Manga,1334,6.13,2022,https://cdn.myanimelist.net/images/manga/1/318468l.jpg
1196,Class Maid,,クラスメイド,Manga,1709,6.12,2022,https://cdn.myanimelist.net/images/manga/1/269943l.jpg
1196,Elf Dorei to Kizuku Dungeon Harem: Isekai de Netotte Nakama wo Fuyashimasu,Dungeon Harem Made with Elf Slaves,エルフ奴隷と築くダンジョンハーレム―異世界で寝取って仲間を増やします―,Manga,1350,6.12,2022,https://cdn.myanimelist.net/images/manga/2/293074l.jpg
1196,Koukou Debut shita Juumai ga Mount Tottekuru.,,高校デビューした従妹がマウントとってくる。,Manga,728,6.12,2022,https://cdn.myanimelist.net/images/manga/1/280662l.jpg
1196,Onna Kajishi wa Ohitoyoshi Guild ni Hirowaremashita: Shintenchi de Ganbaru Kajishi Seikatsu,,女鍛冶師はお人好しギルドに拾われました ～新天地でがんばる鍛冶師生活～,Manga,814,6.12,2022,https://cdn.myanimelist.net/images/manga/3/272568l.jpg
1196,Renai Flops,Love Flops,恋愛フロップス,Manga,3637,6.12,2022,https://cdn.myanimelist.net/images/manga/2/270837l.jpg
1196,"Sekai de Yuiitsu no ""Shinkentsukai"" nanoni Senryokugai to Yobareta Ore, Kakusei shita ""Shinken"" to Saikyou ni Naru",,世界で唯一の【神剣使い】なのに戦力外と呼ばれた俺、覚醒した【神剣】と最強になる,Manga,1027,6.12,2022,https://cdn.myanimelist.net/images/manga/1/285627l.jpg
1196,Toki Majutsushi no Tsuyokute New Game: Kako ni Modotte Sekai Saikyou kara Yarinaosu,,時魔術士の強くてニューゲーム ～過去に戻って世界最強からやり直す～,Manga,2758,6.12,2022,https://cdn.myanimelist.net/images/manga/1/276726l.jpg
1203,All Hail Lady Blanche!,All Hail Lady Blanche!,악녀는 패밀리의 숭배를 받고,Manhwa,1950,6.11,2022,https://cdn.myanimelist.net/images/manga/1/265493l.jpg
1203,Imouto ga Oshisugiru!,,妹が推しすぎる!,Manga,967,6.11,2022,https://cdn.myanimelist.net/images/manga/3/272599l.jpg
1203,"Kiwameta Renkinjutsu ni, Fukanou wa Nai. Bannou Skill de Isekai Musou",Anything's Possible with Ultimate Alchemy,極めた錬金術に、不可能はない。 ～万能スキルで異世界無双～,Manga,2396,6.11,2022,https://cdn.myanimelist.net/images/manga/1/280210l.jpg
1206,Everybody Loves the Villainess,Everybody Loves the Villainess,"악녀인데요, 왜 집착하시죠?",Manhwa,784,6.1,2022,https://cdn.myanimelist.net/images/manga/2/269258l.jpg
1206,Stage S,Stage S,ステージS,Manga,3696,6.1,2022,https://cdn.myanimelist.net/images/manga/1/261834l.jpg
1208,Itoko no Oneechan ni wa Natsukanai!,,いとこのお姉ちゃんには懐かない！,Manga,900,6.08,2022,https://cdn.myanimelist.net/images/manga/1/284797l.jpg
1208,Love Is an Illusion! The Queen,Love Is an Illusion! The Queen,사랑은 환상! ~더 퀸~,Manhwa,1990,6.08,2022,https://cdn.myanimelist.net/images/manga/1/265328l.jpg
1208,Returned as the Duke,Returned as the Duke,회귀했더니 공작,Manhwa,3791,6.08,2022,https://cdn.myanimelist.net/images/manga/3/272574l.jpg
1208,Super Ball Girls,Super Ball Girls,スーパーボールガールズ,Manga,11394,6.08,2022,https://cdn.myanimelist.net/images/manga/3/277675l.jpg
1212,Don't Fall for the Villainess,Don't Fall for the Villainess,악녀에게 반하지 마세요,Manhwa,675,6.07,2022,https://cdn.myanimelist.net/images/manga/1/285642l.jpg
1212,Ouritsu Majutsu Gakuin no Kichiku Koushi,,王立魔術学院の鬼畜講師,Manga,2242,6.07,2022,https://cdn.myanimelist.net/images/manga/2/304485l.jpg
1214,"Isekaigaeri no Around 40 Ryman, 17-sai no Koro ni Modotte Musou suru",,異世界帰りのアラフォーリーマン、17歳の頃に戻って無双する,Manga,1871,6.06,2022,https://cdn.myanimelist.net/images/manga/1/275230l.jpg
1214,Kentei Gakuin no Magan Kenja,The Last Wizard of the Sword Emperor Academy,剣帝学院の魔眼賢者,Manga,1295,6.06,2022,https://cdn.myanimelist.net/images/manga/2/274093l.jpg
1214,Skeleton Double,Skeleton Double,スケルトンダブル,Manga,3102,6.06,2022,https://cdn.myanimelist.net/images/manga/1/272789l.jpg
1214,Sousei Mahou no Saigensha,The Reproducer of Creation Magic,創成魔法の再現者,Manga,868,6.06,2022,https://cdn.myanimelist.net/images/manga/2/274319l.jpg
1218,No Marriage Is Perfect,No Marriage Is Perfect,완벽한 부부는 없다,Manhwa,1068,6.05,2022,https://cdn.myanimelist.net/images/manga/2/266663l.jpg
1218,"S-Rank Party wo Munou dato Tsuihou sareta kedo, ""Kantei"" to ""Chiyu Mahou"" de Nariagari Musou",,Sランクパーティーを無能だと追放されたけど、【鑑定】と【治癒魔法】で成り上がり無双,Manga,1962,6.05,2022,https://cdn.myanimelist.net/images/manga/2/337722l.jpg
1218,Zangyaku Sugiru Isekai demo Suzuki wa Kawaii,,残虐すぎる異世界でも鈴木は可愛い,Manga,3667,6.05,2022,https://cdn.myanimelist.net/images/manga/2/276228l.jpg
1221,"""Honyaku"" no Sainou de Ore dake ga Sekai wo Kaihen Dekiru Ken: Hazure Sainou ""Honyaku"" de Kizukeba Sekai Saikyou ni Nattemashita",Only My Undesirable Translation Talent Can Change the World,【翻訳】の才能で俺だけが世界を改変できる件 ～ハズレ才能【翻訳】で気付けば世界最強になってました～,Manga,1506,6.04,2022,https://cdn.myanimelist.net/images/manga/1/292724l.jpg
1222,Kakushite! Makina-san!!,Makina-san's a Love Bot?!,かくして! マキナさん!!,Manga,2795,6.03,2022,https://cdn.myanimelist.net/images/manga/1/279608l.jpg
1223,"""Shop"" Skill sae Areba, Dungeon-ka shita Sekai demo Rakushou da: Hakugai sareta Shounen no Saikyou Zamaa Life",,『ショップ』スキルさえあれば、ダンジョン化した世界でも楽勝だ ～迫害された少年の最強ざまぁライフ～,Manga,4101,6.02,2022,https://cdn.myanimelist.net/images/manga/2/280599l.jpg
1223,"Please, Candy!","Please, Candy!","Please, candy!",Manhwa,1215,6.02,2022,https://cdn.myanimelist.net/images/manga/1/273123l.jpg
1223,The Carefree Life of an SSS-Class Knight,The Carefree Life of an SSS-Class Knight,SSS급 특성을 받았지만 적당히 살고 싶다,Manhwa,2055,6.02,2022,https://cdn.myanimelist.net/images/manga/3/267442l.jpg
1226,Erosugi Cheat de Isekai Harem♪ Comic Anthology,Otherworldly Harem with Extremely Erotic Cheats Comic Anthology,エロすぎチートで異世界ハーレム♪コミックアンソロジー,Manga,1363,6.01,2022,https://cdn.myanimelist.net/images/manga/3/297386l.jpg
1226,Ore no Level Up ga Okashii!: Dekiru Otoko no Isekai Tensei,,俺のレベルアップがおかしい！ ～デキる男の異世界転生～,Manga,4100,6.01,2022,https://cdn.myanimelist.net/images/manga/3/278816l.jpg
1226,Rouninsei to Eroi Yatsu,,浪人生とエロい奴,Manga,2707,6.01,2022,https://cdn.myanimelist.net/images/manga/1/287141l.jpg
1226,Weakness,,WEAKNESS,Manhwa,1387,6.01,2022,https://cdn.myanimelist.net/images/manga/2/281610l.jpg
1230,Fatal Mistake,Fatal Mistake,한 번의 실수,Manhwa,506,6.0,2022,https://cdn.myanimelist.net/images/manga/2/272790l.jpg
1230,Good Hunter & Bad Prey,,굿 헌터 & 배드 프레이,Manhwa,556,6.0,2022,https://cdn.myanimelist.net/images/manga/2/273111l.jpg
1230,Ittare Elf Neechan,,いったれエルフ姉ちゃん,Doujinshi,648,6.0,2022,https://cdn.myanimelist.net/images/manga/3/287103l.jpg
1230,Name.,,ナメ。,Manga,1122,6.0,2022,https://cdn.myanimelist.net/images/manga/3/284513l.jpg
1230,Sokushi to Hametsu no Saijaku Majutsushi,,即死と破滅の最弱魔術師,Manga,1338,6.0,2022,https://cdn.myanimelist.net/images/manga/2/278421l.jpg
1235,Isekai Shoukan Ojisan no Juu Musou Life: Sabagezuki Salaryman wa Kaisha Owari ni Isekai e Chokki suru,Middle-Aged Man Overpowers with Guns in the Another Universe.,異世界召喚おじさんの銃無双ライフ ～サバゲー好きサラリーマンは会社終わりに異世界へ直帰する～,Manga,2194,5.98,2022,https://cdn.myanimelist.net/images/manga/1/286490l.jpg
1235,"While I'm Back in Time, I'll Get My Revenge","While I'm Back in Time, I'll Get My Revenge",회귀한 김에 복수하겠습니다,Manhwa,801,5.98,2022,https://cdn.myanimelist.net/images/manga/1/271183l.jpg
1237,Bar Flowers,,BAR Flowers,Manga,1440,5.96,2022,https://cdn.myanimelist.net/images/manga/2/272532l.jpg
1238,Moebuta Tensei: Akutoku Shounin dakedo Yuusha wo Sashioite Isekai Musou shitemita,,萌え豚転生 ～悪徳商人だけど勇者を差し置いて異世界無双してみた～,Manga,818,5.95,2022,https://cdn.myanimelist.net/images/manga/3/296647l.jpg
1238,Motoyuusha wa Shizuka ni Kurashitai,,元勇者は静かに暮らしたい,Manga,3522,5.95,2022,https://cdn.myanimelist.net/images/manga/2/266943l.jpg
1240,"Ee, Nouryokunashi de Party Tsuihou sareta Ore ga Zenzokusei Mahoutsukai!?",,えっ、能力なしでパーティ追放された俺が全属性魔法使い!?,Manga,808,5.94,2022,https://cdn.myanimelist.net/images/manga/3/286887l.jpg
1240,Raidorl Seiken Senki,Excalibur Chronicle of Raidorl,レイドール聖剣戦記,Manga,523,5.94,2022,https://cdn.myanimelist.net/images/manga/1/334398l.jpg
1242,Koi no Zetsubou Koushinkyoku,Desperate March for Love,恋の絶望行進曲,Manga,767,5.93,2022,https://cdn.myanimelist.net/images/manga/1/288884l.jpg
1242,Level 1 kara Hajimaru Shoukan Musou the Comic,The Invincible Summoner Who Crawled Up from Level 1,レベル1から始まる召喚無双,Manga,2745,5.93,2022,https://cdn.myanimelist.net/images/manga/3/267464l.jpg
1242,Matei Kyoushi to Juuzoku Shoujo no Haitoku Keiyaku,,魔帝教師と従属少女の背徳契約,Manga,1255,5.93,2022,https://cdn.myanimelist.net/images/manga/3/280820l.jpg
1242,"Osananajimi Kanojo no Morahara ga Hidoin de Zetsuen Sengen shite Yatta: Jibunrashiku Ikiru Koto ni Shitara, Nazeka Tonari no Seki no Kakure Bishoujo kara Kokuhaku sareta",,幼馴染彼女のモラハラがひどいんで絶縁宣言してやった ~自分らしく生きることにしたら、なぜか隣の席の隠れ美少女から告白された~,Manga,13939,5.93,2022,https://cdn.myanimelist.net/images/manga/1/282073l.jpg
1246,Hellen,Hellen,Hellen (헬렌),Manhwa,710,5.91,2022,https://cdn.myanimelist.net/images/manga/1/272791l.jpg
1247,Aileen's on Fire!,Aileen's on Fire!,"악역인데, 인기가 너무 많다",Manhwa,932,5.9,2022,https://cdn.myanimelist.net/images/manga/2/265250l.jpg
1247,Neon Vampire,,NEON VAMPIRE,One-shot,381,5.9,2022,https://cdn.myanimelist.net/images/manga/3/270607l.jpg
1247,Oiroke Event no Oosa ni Teihyou no Aru Watashi desu ga Rival Reijou Toshite no Shimei wo Hatashimasu,,お色気イベントの多さに定評のある私ですがライバル令嬢としての使命を果たします,Manga,722,5.9,2022,https://cdn.myanimelist.net/images/manga/1/307010l.jpg
1250,Ore no Saenai Osananajimi ga S-Rank Yuusha ni Natteita Ken,My Boring Childhood Friend Became S-Rank Hero,俺の冴えない幼馴染がSランク勇者になっていた件,Manga,805,5.89,2022,https://cdn.myanimelist.net/images/manga/2/279592l.jpg
1251,"Jigoku ni Ochite yo, Oniichan",,地獄に堕ちてよ、お兄ちゃん,Manga,1776,5.88,2022,https://cdn.myanimelist.net/images/manga/1/272566l.jpg
1252,"Sasen sareta Munou Ouji wa Jitsuryoku wo Kakushitai: Nido Tensei shita Saikyou Kenja, Konse dewa Tanoshitai node Te wo Nuitetara, Ouke wo Tsuihou sareta. Imasara Kaettekoi to Iwaretemo Osoi, Ryoumin ni Jitsuryoku ga Barete, Jikka ni Kaeshite Kurenai kara.....",The Demotion Incompetent Prince Wants to Hide His Abilities,左遷された無能王子は実力を隠したい ～二度転生した最強賢者、今世では楽したいので手を抜いてたら、王家を追放された。今更帰ってこいと言われても遅い、領民に実力がバレて、実家に帰してくれないから……～,Manga,2179,5.84,2022,https://cdn.myanimelist.net/images/manga/1/281769l.jpg
1253,Game Maou,The Game Devil,ゲー魔王,Manga,2397,5.81,2022,https://cdn.myanimelist.net/images/manga/2/277774l.jpg
1253,My Civil Servant Life Reborn in the Strange World,My Civil Servant Life Reborn in the Strange World,전투종족으로 환생한 나의 공무원 생활기,Manhwa,3318,5.81,2022,https://cdn.myanimelist.net/images/manga/1/269284l.jpg
1253,Shin Tokyo,Tokyo Underworld,深東京,Manga,4250,5.81,2022,https://cdn.myanimelist.net/images/manga/3/272787l.jpg
1256,Blindspot,Blindspot,Blindspot,Manhwa,613,5.77,2022,https://cdn.myanimelist.net/images/manga/1/273122l.jpg
1256,Mukuchi na Miyashita-san no Shikiyoku Channel,Silent Miyashita-san's Sexy Channel,無口な宮下さんの色欲チャンネル,Manga,3330,5.77,2022,https://cdn.myanimelist.net/images/manga/1/280482l.jpg
1258,Aitsu no Kanojo,Someone's Girlfriend,アイツノカノジョ,Manga,10607,5.74,2022,https://cdn.myanimelist.net/images/manga/3/276539l.jpg
1259,Aliens Area,Aliens Area,ALIENS AREA,Manga,6481,5.73,2022,https://cdn.myanimelist.net/images/manga/3/269402l.jpg
1260,Eroge Tensei: Unmei ni Aragau Kane Buta Kizoku no Funtouki,,エロゲ転生 運命に抗う金豚貴族の奮闘記,Manga,1857,5.72,2022,https://cdn.myanimelist.net/images/manga/3/282861l.jpg
1260,Imouto wa Kanojo ni Dekinai noni,,妹はカノジョにできないのに,Manga,2609,5.72,2022,https://cdn.myanimelist.net/images/manga/1/284071l.jpg
1262,Kimi dake ga Hontou,,きみだけがほんとう,Manga,2093,5.7,2022,https://cdn.myanimelist.net/images/manga/2/273233l.jpg
1263,Gamer ga Isekai Konten shite Harem Jinsei e Continue suru Sou desu the Comic,,ゲーマーが異世界魂転してハーレム人生へコンティニューするそうです THE COMIC,Manga,1739,5.69,2022,https://cdn.myanimelist.net/images/manga/3/283633l.jpg
1264,Sugoi Smartphone,Super Smartphone,すごいスマホ,Manga,5410,5.68,2022,https://cdn.myanimelist.net/images/manga/1/267802l.jpg
1265,Ringo Tensei: Kindan no Kajitsu wa Kyou mo Korokoro to Musou suru,,林檎転生～禁断の果実は今日もコロコロと無双する～,Manga,575,5.66,2022,https://cdn.myanimelist.net/images/manga/3/272122l.jpg
1266,Dai Tokyo Oniyomeden,Tokyo Demon Bride Story,大東京鬼嫁伝,Manga,5258,5.65,2022,https://cdn.myanimelist.net/images/manga/1/276115l.jpg
1267,Sasha-chan to Classmate Otaku-kun,,サーシャちゃんとクラスメイトオタクくん,Manga,4897,5.62,2022,https://cdn.myanimelist.net/images/manga/1/263976l.jpg
1268,"Isekai Trip-saki de Tasukete Kureta no wa, Hitogoroshi no Shounen deshita.",The Man Who Saved Me on My Isekai Trip Is a Killer...,異世界トリップ先で助けてくれたのは、 人殺しの少年でした。,Manga,4179,5.61,2022,https://cdn.myanimelist.net/images/manga/1/274080l.jpg
1268,Keep a Dog,Keep a Dog,KEEP A DOG,Manhwa,759,5.61,2022,https://cdn.myanimelist.net/images/manga/3/272464l.jpg
1270,"Captain Velvet Meteor: Jump+ Isekai no ""Shou"" Bouken - Dounyuu-hen",Captain Velvet Meteor: The Jump+ Dimensions - The Beginning,"キャプテン・ベルベット・メテオ ジャンプ＋異世界の""小""冒険～導入編～",One-shot,413,5.57,2022,https://cdn.myanimelist.net/images/manga/3/265889l.jpg
1271,Umarekawattara Teisou Gyakuten Sekai,I'm Reincarnated into a World of Reversed Chastity,生まれ変わったら貞操逆転世界,Manga,1595,5.55,2022,https://cdn.myanimelist.net/images/manga/3/298326l.jpg
1272,Ore no Imouto ga Saikou no Okazu Datta,,俺の妹が最高のオカズだった,Manga,2128,5.45,2022,https://cdn.myanimelist.net/images/manga/1/296490l.jpg
1273,Mikudashi Ibari wa Mikudashitai!,,見下いばりは見下したい！,Manga,2461,5.4,2022,https://cdn.myanimelist.net/images/manga/2/288961l.jpg
1274,"Tsuihou suru Gawa no Monogatari: Nakama wo Tsuihou shitara Party ga Jakutaika shita kedo, Sekaiichi wo Mezashimasu.",Story of the Side to Expel,追放する側の物語 仲間を追放したらパーティーが弱体化したけど、世界一を目指します。,Manga,1246,5.37,2022,https://cdn.myanimelist.net/images/manga/2/288728l.jpg
1275,Chikyuu no Ko,Earthchild,地球の子,Manga,7028,5.2,2022,https://cdn.myanimelist.net/images/manga/2/261702l.jpg
1276,"Itsumo Baka ni Shitekuru Bishoujo-tachi to Zetsuen shitara, Jitsu wa Ore no Koto ga Daisuki Datta You da.",,いつも馬鹿にしてくる美少女たちと絶縁したら、実は俺のことが大好きだったようだ。,Manga,3122,5.18,2022,https://cdn.myanimelist.net/images/manga/2/298342l.jpg
1276,Tajuu Jinkaku Kanojo,,多重人格彼女,Manga,1531,5.18,2022,https://cdn.myanimelist.net/images/manga/1/270241l.jpg
1278,Ichigooki! Soujuuchuu,Ichigoki's Under Control!!,イチゴーキ!操縦中,Manga,1795,5.07,2022,https://cdn.myanimelist.net/images/manga/1/279297l.jpg
