rank,title,title_english,title_japanese,type,members,score,year,image_url
1,Guimi Zhi Zhu,Lord of Mysteries,诡秘之主,Novel,26460,9.2,2020,https://cdn.myanimelist.net/images/manga/2/287344l.jpg
2,Uma Musume Cinderella Gray,,ウマ娘 シンデレラグレイ,Manga,12574,8.98,2020,https://cdn.myanimelist.net/images/manga/3/240780l.jpg
3,Sousou no Frieren,Frieren: Beyond Journey's End,葬送のフリーレン,Manga,178822,8.87,2020,https://cdn.myanimelist.net/images/manga/3/232121l.jpg
4,Medalist,,メダリスト,Manga,24650,8.79,2020,https://cdn.myanimelist.net/images/manga/3/235204l.jpg
5,Kimi to Tsuzuru Utakata,The Summer You Were There,君と綴るうたかた,Manga,36710,8.74,2020,https://cdn.myanimelist.net/images/manga/1/239675l.jpg
6,Youkoso Jitsuryoku Shijou Shugi no Kyoushitsu e: 2-nensei-hen,Classroom of the Elite: Year 2,ようこそ実力至上主義の教室へ 2年生編,Light Novel,46559,8.71,2020,https://cdn.myanimelist.net/images/manga/3/235363l.jpg
7,Omniscient Reader's Viewpoint,Omniscient Reader's Viewpoint,전지적 독자 시점,Manhwa,177795,8.66,2020,https://cdn.myanimelist.net/images/manga/2/238873l.jpg
8,Koori no Jouheki,The Ramparts of Ice,氷の城壁,Manga,12639,8.64,2020,https://cdn.myanimelist.net/images/manga/3/296537l.jpg
9,Seasons of Blossom,Seasons of Blossom,청춘 블라썸,Manhwa,23083,8.6,2020,https://cdn.myanimelist.net/images/manga/3/257932l.jpg
10,After School Lessons for Unripe Apples,After School Lessons for Unripe Apples,세기말 풋사과 보습학원,Manhwa,10454,8.51,2020,https://cdn.myanimelist.net/images/manga/1/261508l.jpg
11,Villains Are Destined to Die,Villains Are Destined to Die,악역의 엔딩은 죽음뿐,Manhwa,52790,8.5,2020,https://cdn.myanimelist.net/images/manga/5/303096l.jpg
12,Haruka Tooki Ie,A Home Far Away,遥か遠き家,Manga,7939,8.49,2020,https://cdn.myanimelist.net/images/manga/1/246458l.jpg
12,Souyaku Toaru Majutsu no Index,,創約 とある魔術の禁書目録〈インデックス〉,Light Novel,5195,8.49,2020,https://cdn.myanimelist.net/images/manga/3/229100l.jpg
14,Lost in the Cloud,Lost in the Cloud,클라우드,Manhwa,15904,8.47,2020,https://cdn.myanimelist.net/images/manga/3/260548l.jpg
15,The Spark in Your Eyes,The Spark in Your Eyes,"저무는 해, 시린 눈",Manhwa,12371,8.43,2020,https://cdn.myanimelist.net/images/manga/2/262618l.jpg
16,"Kinou no Haru de, Kimi wo Matsu",Wait for Me Yesterday in Spring,きのうの春で、君を待つ,Light Novel,4755,8.34,2020,https://cdn.myanimelist.net/images/manga/2/264712l.jpg
17,SSS-Class Revival Hunter,SSS-Class Revival Hunter,SSS급 죽어야 사는 헌터,Manhwa,68318,8.32,2020,https://cdn.myanimelist.net/images/manga/1/263446l.jpg
18,Chi. Chikyuu no Undou ni Tsuite,Orb: On the Movements of the Earth,チ。―地球の運動について―,Manga,18129,8.31,2020,https://cdn.myanimelist.net/images/manga/2/246956l.jpg
19,Murderous Lewellyn's Candlelit Dinner,Murderous Lewellyn's Candlelit Dinner,살인마 르웰린 씨의 낭만적인 정찬,Manhwa,4064,8.3,2020,https://cdn.myanimelist.net/images/manga/3/287569l.jpg
19,Xiao Mogu,Little Mushroom,小蘑菇,Novel,1010,8.3,2020,https://cdn.myanimelist.net/images/manga/3/307581l.jpg
21,"Shangri-La Frontier: Kusoge Hunter, Kamige ni Idoman to su",Shangri-La Frontier,シャングリラ・フロンティア～クソゲーハンター、神ゲーに挑まんとす～,Manga,35213,8.28,2020,https://cdn.myanimelist.net/images/manga/3/235471l.jpg
22,Pink Heart Jam,Pink Heart Jam,ピンクハートジャム,Manga,10545,8.24,2020,https://cdn.myanimelist.net/images/manga/1/263201l.jpg
22,Yoake no Uta,Lullaby of the Dawn,夜明けの唄,Manga,5914,8.24,2020,https://cdn.myanimelist.net/images/manga/2/265253l.jpg
24,Semantic Error,Semantic Error,시맨틱 에러,Manhwa,12096,8.23,2020,https://cdn.myanimelist.net/images/manga/1/259484l.jpg
25,"Loop 7-kaime no Akuyaku Reijou wa, Moto Tekikoku de Jiyuu Kimama na Hanayome Seikatsu wo Mankitsu suru",7th Time Loop: The Villainess Enjoys a Carefree Life Married to Her Worst Enemy!,ループ7回目の悪役令嬢は、元敵国で自由気ままな花嫁生活を満喫する,Light Novel,4749,8.2,2020,https://cdn.myanimelist.net/images/manga/1/241432l.jpg
25,See You in My 19th Life,See You in My 19th Life,이번 생도 잘 부탁해,Manhwa,17333,8.2,2020,https://cdn.myanimelist.net/images/manga/3/264868l.jpg
27,Boku ga Otto ni Deau made,Until I Meet My Husband,僕が夫に出会うまで,Manga,9533,8.19,2020,https://cdn.myanimelist.net/images/manga/1/243238l.jpg
28,"Natsu e no Tunnel, Sayonara no Deguchi: Gunjou","The Tunnel to Summer, the Exit of Goodbyes: Ultramarine",夏へのトンネル、さよならの出口 群青,Manga,6953,8.18,2020,https://cdn.myanimelist.net/images/manga/2/247760l.jpg
29,Mystical,Mystical,신비,Manhwa,4650,8.13,2020,https://cdn.myanimelist.net/images/manga/2/244674l.jpg
30,Telework Yotabanashi,Home Office Romance,テレワァク与太話,Manga,25033,8.12,2020,https://cdn.myanimelist.net/images/manga/3/282072l.jpg
31,Nick to Lever,,ニックとレバー,Manga,4587,8.11,2020,https://cdn.myanimelist.net/images/manga/1/282286l.jpg
31,Villains Are Destined to Die,Villains Are Destined to Die,악역의 엔딩은 죽음뿐,Novel,1547,8.11,2020,https://cdn.myanimelist.net/images/manga/2/285014l.jpg
31,Your Throne,Your Throne,하루만 네가 되고 싶어,Manhwa,30282,8.11,2020,https://cdn.myanimelist.net/images/manga/1/236523l.jpg
34,Fool Night,Fool Night,フールナイト,Manga,20549,8.1,2020,https://cdn.myanimelist.net/images/manga/2/242975l.jpg
34,The Dangerous Convenience Store,The Dangerous Convenience Store,위험한 편의점,Manhwa,8678,8.1,2020,https://cdn.myanimelist.net/images/manga/2/272466l.jpg
36,Josee to Tora to Sakana-tachi,"Josee, the Tiger and the Fish",ジョゼと虎と魚たち,Manga,9694,8.06,2020,https://cdn.myanimelist.net/images/manga/3/236094l.jpg
36,Nano Machine,Nano Machine,나노마신,Manhwa,45697,8.06,2020,https://cdn.myanimelist.net/images/manga/1/312579l.jpg
36,[Oshi no Ko],[Oshi no Ko],【推しの子】,Manga,222513,8.06,2020,https://cdn.myanimelist.net/images/manga/3/233991l.jpg
39,Sakamoto Days,Sakamoto Days,SAKAMOTO DAYS,Manga,160187,8.05,2020,https://cdn.myanimelist.net/images/manga/1/242919l.jpg
40,One Piece: Episode A,One Piece: Ace's Story,ONE PIECE episode A,Manga,15511,8.03,2020,https://cdn.myanimelist.net/images/manga/2/266074l.jpg
40,Our Youth,Our Youth,미성년,Manhwa,1584,8.03,2020,https://cdn.myanimelist.net/images/manga/1/283378l.jpg
40,"Watashi wo Tabetai, Hitodenashi",This Monster Wants to Eat Me,私を喰べたい、ひとでなし,Manga,18362,8.03,2020,https://cdn.myanimelist.net/images/manga/3/242456l.jpg
43,Log-in Murim,Log-in Murim,로그인 무림,Manhwa,22344,8.01,2020,https://cdn.myanimelist.net/images/manga/1/264454l.jpg
43,Uruwashi no Yoi no Tsuki,In the Clear Moonlit Dusk,うるわしの宵の月,Manga,37821,8.01,2020,https://cdn.myanimelist.net/images/manga/2/238267l.jpg
45,Concubine Walkthrough,Concubine Walkthrough,후궁공략,Manhwa,1246,8.0,2020,https://cdn.myanimelist.net/images/manga/2/331192l.jpg
46,Famiresu Iko.,,ファミレス行こ。,Manga,2425,7.99,2020,https://cdn.myanimelist.net/images/manga/2/296459l.jpg
46,Positively Yours,Positively Yours,아기가 생겼어요,Manhwa,15111,7.99,2020,https://cdn.myanimelist.net/images/manga/1/264676l.jpg
46,Tensei Oujo to Tensai Reijou no Mahou Kakumei,The Magical Revolution of the Reincarnated Princess and the Genius Young Lady,転生王女と天才令嬢の魔法革命,Light Novel,4684,7.99,2020,https://cdn.myanimelist.net/images/manga/3/248626l.jpg
49,Asumi-chan wa Lesbian Fuuzoku ni Kyoumi ga Arimasu!,Asumi-chan Is Interested in Lesbian Brothels!,彩純ちゃんはレズ風俗に興味があります!,Manga,17503,7.98,2020,https://cdn.myanimelist.net/images/manga/3/244919l.jpg
50,Checkmate,Checkmate,체크 메이트,Manhwa,3469,7.97,2020,https://cdn.myanimelist.net/images/manga/1/286213l.jpg
50,Isekai no Sata wa Shachiku Shidai,The Other World's Books Depend on the Bean Counter,異世界の沙汰は社畜次第,Manga,7424,7.97,2020,https://cdn.myanimelist.net/images/manga/3/239128l.jpg
50,"Watashi ga Koibito ni Nareru Wake Nai jan, Muri Muri! (※Muri ja Nakatta!?)",There's No Freaking Way I'll be Your Lover! Unless...,わたしが恋人になれるわけないじゃん、ムリムリ! (※ムリじゃなかった!?),Light Novel,3771,7.97,2020,https://cdn.myanimelist.net/images/manga/1/236444l.jpg
53,A Man's Man,A Man's Man,상남자,Manhwa,5076,7.96,2020,https://cdn.myanimelist.net/images/manga/1/346124l.jpg
53,Onna no Sono no Hoshi,,女の園の星,Manga,5235,7.96,2020,https://cdn.myanimelist.net/images/manga/1/237629l.jpg
55,The House Without Time,,시간이 머문 집,Manhwa,1785,7.95,2020,https://cdn.myanimelist.net/images/manga/3/337536l.jpg
56,Anemone wa Netsu wo Obiru,The Anemone Feels the Heat,アネモネは熱を帯びる,Manga,14500,7.94,2020,https://cdn.myanimelist.net/images/manga/3/246368l.jpg
57,Jinrui wo Metsubou sasete wa Ikemasen,Don't Destroy Humanity,人類を滅亡させてはいけません,Manga,5552,7.93,2020,https://cdn.myanimelist.net/images/manga/1/244404l.jpg
57,Tiger Coming In,,호랑이 들어와요,Manhwa,1510,7.93,2020,https://cdn.myanimelist.net/images/manga/1/265897l.jpg
59,Rosen Garten Saga,Rosen Garten Saga,ローゼンガーテン・サーガ,Manga,20302,7.92,2020,https://cdn.myanimelist.net/images/manga/3/240421l.jpg
59,Seishun Buta Yarou wa Logical Witch no Yume wo Minai,Rascal Does Not Dream of Logical Witch,青春ブタ野郎はロジカルウィッチの夢を見ない,Manga,4379,7.92,2020,https://cdn.myanimelist.net/images/manga/2/243226l.jpg
61,Player,,플레이어,Manhwa,18102,7.91,2020,https://cdn.myanimelist.net/images/manga/3/265799l.jpg
61,Toumei na Ai no Utsuwa,The Vessel of a Transparent Love,透明な愛のうつわ,Manga,1542,7.91,2020,https://cdn.myanimelist.net/images/manga/2/262438l.jpg
61,Unholy Blood,Unholy Blood,화이트 블러드,Manhwa,29325,7.91,2020,https://cdn.myanimelist.net/images/manga/2/238421l.jpg
64,Disney Twisted-Wonderland Anthology Comic,Disney Twisted-Wonderland: The Manga - Anthology,『ディズニー ツイステッドワンダーランド』アンソロジーコミック,Manga,2200,7.9,2020,https://cdn.myanimelist.net/images/manga/2/238379l.jpg
64,Honzuki no Gekokujou: Shisho ni Naru Tame ni wa Shudan wo Erandeiraremasen Dai 4-bu - Kizokuin no Toshokan wo Sukuitai!,Ascendance of a Bookworm: I'll Do Anything to Become a Librarian! Part 4 - I Want to Save the Royal Academy's Library!,本好きの下剋上～司書になるためには手段を選んでいられません～第四部 貴族院の図書館を救いたい!,Manga,2400,7.9,2020,https://cdn.myanimelist.net/images/manga/3/242412l.jpg
64,Park Hanhoo's Manager,Park Hanhoo's Manager,박한후의 매니저,Manhwa,2174,7.9,2020,https://cdn.myanimelist.net/images/manga/2/266545l.jpg
67,Sleeping Dead,Sleeping Dead,スリーピングデッド,Manga,4484,7.88,2020,https://cdn.myanimelist.net/images/manga/1/268495l.jpg
67,Tsue to Tsurugi no Wistoria,Wistoria: Wand and Sword,杖と剣のウィストリア,Manga,27824,7.88,2020,https://cdn.myanimelist.net/images/manga/1/243105l.jpg
67,Uncanny Charm,Uncanny Charm,범을 길들이는 요령,Manhwa,982,7.88,2020,https://cdn.myanimelist.net/images/manga/3/331674l.jpg
70,Aekanaru,,アエカナル,Manga,5729,7.87,2020,https://cdn.myanimelist.net/images/manga/3/254641l.jpg
70,Happily Ever Afterwards,Happily Ever Afterwards,엔딩 후 서브남을 주웠다,Manhwa,8439,7.87,2020,https://cdn.myanimelist.net/images/manga/2/261156l.jpg
70,Hidamari ga Kikoeru: Shunkashuutou,I Hear the Sunspot: Four Seasons,ひだまりが聴こえる－春夏秋冬－,Manga,3334,7.87,2020,https://cdn.myanimelist.net/images/manga/1/253037l.jpg
70,Mo Dao Zu Shi Fanwai Ji,,魔道祖師番外集,Novel,1054,7.87,2020,https://cdn.myanimelist.net/images/manga/2/282959l.jpg
70,Watashi no Oshi wa Akuyaku Reijou.,I'm in Love with the Villainess,私の推しは悪役令嬢。,Manga,30882,7.87,2020,https://cdn.myanimelist.net/images/manga/2/238641l.jpg
75,Ryoushin no Shakkin wo Katagawari shite Morau Jouken wa Nihonichi Kawaii Joshikousei to Issho ni Kurasu Koto deshita.,I'm Gonna Live with You Not Because My Parents Left Me Their Debt But Because I Like You,両親の借金を肩代わりしてもらう条件は日本一可愛い女子高生と一緒に暮らすことでした。,Light Novel,4915,7.86,2020,https://cdn.myanimelist.net/images/manga/3/244996l.jpg
76,For Better or For Worse,For Better or For Worse,다행인지 불행인지,Manhwa,6956,7.85,2020,https://cdn.myanimelist.net/images/manga/2/262082l.jpg
76,Home,Classmates: Home,home,Manga,3355,7.85,2020,https://cdn.myanimelist.net/images/manga/1/281568l.jpg
76,XXX Buddy,XXX Buddy,퍼펙트 버디 FUCK-PECT BUDDY,Manhwa,984,7.85,2020,https://cdn.myanimelist.net/images/manga/1/329528l.jpg
79,Boys Run the Riot,Boys Run the Riot,ボーイズ・ラン・ザ・ライオット,Manga,20409,7.84,2020,https://cdn.myanimelist.net/images/manga/2/259389l.jpg
79,Gakkougurashi! Otayori,School-Live! Letters,がっこうぐらし!～おたより～,Manga,5801,7.84,2020,https://cdn.myanimelist.net/images/manga/1/251085l.jpg
79,Iken Senki Völundio,Völundio: Divergent Sword Saga,異剣戦記ヴェルンディオ,Manga,5627,7.84,2020,https://cdn.myanimelist.net/images/manga/3/241050l.jpg
79,Iki Dekinai no wa Kimi no Sei,Breathless Momentum,息できないのは君のせい,Manga,3219,7.84,2020,https://cdn.myanimelist.net/images/manga/1/245266l.jpg
79,"Loop 7-kaime no Akuyaku Reijou wa, Moto Tekikoku de Jiyuu Kimama na Hanayome Seikatsu wo Mankitsu suru",7th Time Loop: The Villainess Enjoys a Carefree Life Married to Her Worst Enemy!,ループ7回目の悪役令嬢は、元敵国で自由気ままな花嫁生活を満喫する,Manga,11235,7.84,2020,https://cdn.myanimelist.net/images/manga/2/246550l.jpg
84,Koisuru (Otome) no Tsukurikata,I Think I Turned My Childhood Friend Into a Girl,恋する（おとめ）の作り方,Manga,16870,7.83,2020,https://cdn.myanimelist.net/images/manga/2/234259l.jpg
85,Ookami no Kawa wo Kabutta Hitsuji Hime,Sheep Princess in Wolf's Clothing,狼の皮をかぶった羊姫,Manga,7190,7.82,2020,https://cdn.myanimelist.net/images/manga/1/245341l.jpg
85,The Villainess Turns the Hourglass,The Villainess Turns the Hourglass,악녀는 모래시계를 되돌린다,Manhwa,20435,7.82,2020,https://cdn.myanimelist.net/images/manga/2/311275l.jpg
87,Love Tractor,Love Tractor,트랙터는 사랑을 싣고,Manhwa,958,7.81,2020,https://cdn.myanimelist.net/images/manga/3/331115l.jpg
87,Old-Fashioned Cupcake with Cappuccino,Old-Fashioned Cupcake with Cappuccino,オールドファッションカップケーキ with カプチーノ,Manga,1901,7.81,2020,https://cdn.myanimelist.net/images/manga/1/245354l.jpg
87,Teenage Mercenary,Teenage Mercenary,입학용병,Manhwa,50774,7.81,2020,https://cdn.myanimelist.net/images/manga/3/260540l.jpg
87,Violet Evergarden Ever After,,ヴァイオレット・エヴァーガーデン エバー・アフター,Light Novel,1685,7.81,2020,https://cdn.myanimelist.net/images/manga/2/269178l.jpg
91,Futsutsuka na Akujo dewa Gozaimasu ga: Suuguu Chouso Torikae Den,Though I Am an Inept Villainess: Tale of the Butterfly-Rat Body Swap in the Maiden Court,ふつつかな悪女ではございますが ～雛宮蝶鼠とりかえ伝～,Manga,4434,7.79,2020,https://cdn.myanimelist.net/images/manga/1/247266l.jpg
91,Opium,Opium,오피움,Manhwa,1077,7.79,2020,https://cdn.myanimelist.net/images/manga/2/332146l.jpg
93,If AI Ruled the World,If AI Ruled the World,AI가 세상을 지배한다면,Manhwa,2151,7.78,2020,https://cdn.myanimelist.net/images/manga/1/263746l.jpg
94,Blue Giant Explorer,,BLUE GIANT EXPLORER,Manga,1781,7.77,2020,https://cdn.myanimelist.net/images/manga/2/237480l.jpg
94,Lout of Count's Family,Lout of Count's Family,백작가의 망나니가 되었다,Manhwa,35689,7.77,2020,https://cdn.myanimelist.net/images/manga/2/261316l.jpg
94,Love for Sale,Love for Sale,백만원의 로맨스,Manhwa,2288,7.77,2020,https://cdn.myanimelist.net/images/manga/1/268265l.jpg
97,Contradict,,コントラディクト,Manga,1663,7.76,2020,https://cdn.myanimelist.net/images/manga/1/275243l.jpg
97,Who Can Define Popularity?,Who Can Define Popularity?,인기는 무언가 잘못되었다,Manhwa,1983,7.76,2020,https://cdn.myanimelist.net/images/manga/2/262013l.jpg
99,"Kekkon suru tte, Hontou desu ka",365 Days to the Wedding,結婚するって、本当ですか 365 Days To The Wedding,Manga,27377,7.75,2020,https://cdn.myanimelist.net/images/manga/3/232925l.jpg
99,Kindan Shitei de Breakthrough: Boy Meets Satan,A Breakthrough Came Out by Forbidden Master and Disciple.,禁断師弟でブレイクスルー～ボーイ・ミーツ・サタン～,Manga,12216,7.75,2020,https://cdn.myanimelist.net/images/manga/3/234781l.jpg
101,Aisha,,艾莎,Manhua,1549,7.74,2020,https://cdn.myanimelist.net/images/manga/2/288367l.jpg
101,Beware the Villainess!,Beware the Villainess!,그 악녀를 조심하세요!,Manhwa,24170,7.74,2020,https://cdn.myanimelist.net/images/manga/2/260779l.jpg
101,Love So Pure,Love So Pure,지고지순,Manhwa,991,7.74,2020,https://cdn.myanimelist.net/images/manga/1/331598l.jpg
101,Plaza Wars,Plaza Wars,광장,Manhwa,1312,7.74,2020,https://cdn.myanimelist.net/images/manga/1/280753l.jpg
101,The First Night With the Duke,The First Night With the Duke,남주의 첫날밤을 가져버렸다,Manhwa,10711,7.74,2020,https://cdn.myanimelist.net/images/manga/1/268856l.jpg
101,Umi ga Hashiru End Roll,The Credits Roll Into the Sea,海が走るエンドロール,Manga,9194,7.74,2020,https://cdn.myanimelist.net/images/manga/2/253245l.jpg
101,Zoku Mahouka Koukou no Rettousei: Magian Company,The Irregular at Magic Highschool: Magian Company,続・魔法科高校の劣等生 メイジアン・カンパニー,Light Novel,1639,7.74,2020,https://cdn.myanimelist.net/images/manga/2/237178l.jpg
108,Fellatio Kenkyuubu,Fellatio Research Department,フェラチオ研究部,Manga,1284,7.73,2020,https://cdn.myanimelist.net/images/manga/3/277571l.jpg
108,Kuchi ga Saketemo Kimi ni wa,Even If You Slit My Mouth,口が裂けても君には,Manga,43018,7.73,2020,https://cdn.myanimelist.net/images/manga/2/243236l.jpg
108,Mitsuya-sensei no Keikakuteki na Ezuke.,Mr. Mitsuya's Planned Feeding,三ツ矢先生の計画的な餌付け。,Manga,2099,7.73,2020,https://cdn.myanimelist.net/images/manga/1/302027l.jpg
108,My Way with You,,향하는 길의 마지막 걸음,Manhwa,539,7.73,2020,https://cdn.myanimelist.net/images/manga/2/313403l.jpg
108,Quanqiu Gaokao,Global Examination,全球高考,Manhua,1454,7.73,2020,https://cdn.myanimelist.net/images/manga/3/271080l.jpg
108,Spy Kyoushitsu,Spy Classroom,スパイ教室,Light Novel,4912,7.73,2020,https://cdn.myanimelist.net/images/manga/1/235215l.jpg
108,Yaiteru Futari,How to Grill Our Love,焼いてるふたり,Manga,24860,7.73,2020,https://cdn.myanimelist.net/images/manga/3/238790l.jpg
115,Pyramid Game,Pyramid Game,피라미드 게임,Manhwa,2576,7.72,2020,https://cdn.myanimelist.net/images/manga/1/262128l.jpg
115,Sasaki to Miyano,Sasaki and Miyano,佐々木と宮野,Light Novel,950,7.72,2020,https://cdn.myanimelist.net/images/manga/2/271299l.jpg
115,Sekai de Ichiban Tooi Koi,The Farthest Love in the World,世界でいちばん遠い恋,Manga,1573,7.72,2020,https://cdn.myanimelist.net/images/manga/3/250774l.jpg
115,Undead Unluck,Undead Unluck,アンデッドアンラック,Manga,53439,7.72,2020,https://cdn.myanimelist.net/images/manga/2/289700l.jpg
119,Fake Fact Lips,Fake Fact Lips,フェイクファクトリップス,Manga,3411,7.71,2020,https://cdn.myanimelist.net/images/manga/3/255456l.jpg
119,Kabukichou Bad Trip,Kabukicho Bad Trip,歌舞伎町バッドトリップ,Manga,4542,7.71,2020,https://cdn.myanimelist.net/images/manga/2/244719l.jpg
119,"Makki Gan demo Genki desu: 38-sai Eromangaka, Daichou Gan ni Naru","I'm a Terminal Cancer Patient, But I'm Fine. Thirty-Eight-Year-Old Author of Erotic Manga Has Colon Cancer",末期ガンでも元気です 38歳エロ漫画家、大腸ガンになる,Manga,867,7.71,2020,https://cdn.myanimelist.net/images/manga/1/270988l.jpg
122,'Til Debt Do Us Part,'Til Debt Do Us Part,달콤살벌한 부부,Manhwa,6601,7.7,2020,https://cdn.myanimelist.net/images/manga/3/262678l.jpg
122,Happy of the End,Happy of the End,ハッピー・オブ・ジ・エンド,Manga,1430,7.7,2020,https://cdn.myanimelist.net/images/manga/1/246731l.jpg
122,Kataude no Amy,,片腕のエイミー,One-shot,7706,7.7,2020,https://cdn.myanimelist.net/images/manga/5/239592l.jpg
122,Odoriba ni Skirt ga Naru,The Skirt Sings at the Landing,踊り場にスカートが鳴る,Manga,4052,7.7,2020,https://cdn.myanimelist.net/images/manga/2/246831l.jpg
122,Overgeared,Overgeared,템빨,Manhwa,29993,7.7,2020,https://cdn.myanimelist.net/images/manga/3/303099l.jpg
122,Passion,Passion,패션(PASSION),Manhwa,1819,7.7,2020,https://cdn.myanimelist.net/images/manga/2/331103l.jpg
122,Tensei Oujo to Tensai Reijou no Mahou Kakumei,The Magical Revolution of the Reincarnated Princess and the Genius Young Lady,転生王女と天才令嬢の魔法革命,Manga,15667,7.7,2020,https://cdn.myanimelist.net/images/manga/2/248628l.jpg
129,Child of the Sheath,Child of the Sheath,칼집의 아이,Manhwa,3745,7.69,2020,https://cdn.myanimelist.net/images/manga/1/263427l.jpg
129,Hiraeth wa Tabiji no Hate,Hiraeth: The End of the Journey,ヒラエスは旅路の果て,Manga,9788,7.69,2020,https://cdn.myanimelist.net/images/manga/3/257836l.jpg
129,Horobi no Kuni no Seifukusha: Maou wa Sekai wo Seifuku suru you desu,The Conqueror from a Dying Kingdom,亡びの国の征服者 ～魔王は世界を征服するようです～,Light Novel,860,7.69,2020,https://cdn.myanimelist.net/images/manga/3/264741l.jpg
129,Hypnosis Mic: Division Rap Battle - side D.H & B.A.T,,ヒプノシスマイク -Division Rap Battle- side D.H & B.A.T,Manga,1081,7.69,2020,https://cdn.myanimelist.net/images/manga/1/236129l.jpg
129,Jibun no Karada wo Yurusu made,Until I Love Myself: The Journey of a Nonbinary Manga Artist,女の体をゆるすまで,Manga,2066,7.69,2020,https://cdn.myanimelist.net/images/manga/3/257327l.jpg
134,Clevatess: Majuu no Ou to Akago to Shikabane no Yuusha,"Clevatess: The King of Dark Beasts, the Baby, and the Undead Hero",クレバテス-魔獣の王と赤子と屍の勇者-,Manga,6643,7.68,2020,https://cdn.myanimelist.net/images/manga/2/254487l.jpg
134,Gekijouban Kimetsu no Yaiba: Mugen Ressha-hen Novelize,,劇場版 鬼滅の刃 無限列車編 ノベライズ,Light Novel,1554,7.68,2020,https://cdn.myanimelist.net/images/manga/3/285439l.jpg
134,Himemuko,Scarlet Secret,秘め婿,Manga,2295,7.68,2020,https://cdn.myanimelist.net/images/manga/2/249990l.jpg
134,Ke Zai Meiyan Jian,Engraved on My Heart,刻在眉眼间,Manhua,669,7.68,2020,https://cdn.myanimelist.net/images/manga/2/268030l.jpg
138,Kono Koi ni Kizuite,,この恋に気づいて,Manga,2739,7.67,2020,https://cdn.myanimelist.net/images/manga/2/255929l.jpg
138,The New Recruit,The New Recruit,신입사원,Manhwa,3731,7.67,2020,https://cdn.myanimelist.net/images/manga/1/259480l.jpg
138,YoRHa: Shinjuwan Kouka Sakusen Kiroku,YoRHa: Pearl Harbor Descent Record,ヨルハ 真珠湾降下作戦記録,Manga,4246,7.67,2020,https://cdn.myanimelist.net/images/manga/1/243769l.jpg
141,Jikyuu 300-en no Shinigami,The Wage of Angel of Death is 300 Yen Per Hour.,時給三〇〇円の死神,Manga,1498,7.66,2020,https://cdn.myanimelist.net/images/manga/2/238004l.jpg
141,Tokyo Aliens,Tokyo Aliens,東京エイリアンズ,Manga,12523,7.66,2020,https://cdn.myanimelist.net/images/manga/3/234828l.jpg
141,Unromantic Romance,Unromantic Romance,언로맨틱,Manhwa,991,7.66,2020,https://cdn.myanimelist.net/images/manga/3/331347l.jpg
141,Yeonwoo's Innocence,Yeonwoo's Innocence,연우의 순정,Manhwa,4959,7.66,2020,https://cdn.myanimelist.net/images/manga/2/270121l.jpg
145,Kawaii nante Kiitenai!!,You're My Cutie,カワイイなんて聞いてない!!,Manga,10529,7.65,2020,https://cdn.myanimelist.net/images/manga/2/239576l.jpg
146,Flirting with the Villain's Dad,Flirting with the Villain's Dad,악당의 아빠를 꼬셔라,Manhwa,14639,7.64,2020,https://cdn.myanimelist.net/images/manga/3/248837l.jpg
146,Innsmouth no Kage: Lovecraft Kessakushuu,H.P. Lovecraft's The Shadow Over Innsmouth,インスマスの影 ラヴクラフト傑作集,Manga,2092,7.64,2020,https://cdn.myanimelist.net/images/manga/3/244076l.jpg
146,Onna Tomodachi to Kekkon Shitemita.,I Married My Female Friend,女ともだちと結婚してみた。,Manga,8515,7.64,2020,https://cdn.myanimelist.net/images/manga/2/250277l.jpg
146,Otonari ni Ginga,A Galaxy Next Door,おとなりに銀河,Manga,14609,7.64,2020,https://cdn.myanimelist.net/images/manga/1/236056l.jpg
150,A Wicked Tale of Cinderella's Stepmom,A Wicked Tale of Cinderella's Stepmom,신데렐라를 곱게 키웠습니다,Manhwa,5451,7.63,2020,https://cdn.myanimelist.net/images/manga/1/256700l.jpg
150,Becoming the Monarch,Becoming the Monarch,말단 병사에서 군주까지,Manhwa,11211,7.63,2020,https://cdn.myanimelist.net/images/manga/1/264880l.jpg
150,I Stan the Prince,I Stan the Prince,황자님께 입덕합니다,Manhwa,6548,7.63,2020,https://cdn.myanimelist.net/images/manga/3/262397l.jpg
150,Jungle Juice,Jungle Juice,정글쥬스,Manhwa,20279,7.63,2020,https://cdn.myanimelist.net/images/manga/1/260827l.jpg
150,"Kiyoku, Yamashiku, Modokashiku.",,きよく、やましく、もどかしく。,Manga,4887,7.63,2020,https://cdn.myanimelist.net/images/manga/3/252328l.jpg
155,After the Curtain Call,After the Curtain Call,애프터 커튼콜,Manhwa,1539,7.62,2020,https://cdn.myanimelist.net/images/manga/3/266223l.jpg
155,Kamibukuro-kun wa Koishiteru,Mr. Paper Bag Is in Love,紙袋くんは恋してる,Manga,27406,7.62,2020,https://cdn.myanimelist.net/images/manga/3/236284l.jpg
155,Kimi no Sekai ni Koi wa Nai,Is Love the Answer?,きみのせかいに恋はない,Manga,5071,7.62,2020,https://cdn.myanimelist.net/images/manga/2/268275l.jpg
155,Like Wind on a Dry Branch,Like Wind on a Dry Branch,마른 가지에 바람처럼,Manhwa,7023,7.62,2020,https://cdn.myanimelist.net/images/manga/1/242316l.jpg
155,Terano-kun to Kumazaki-kun,Terano-kun & Kumazaki-kun,寺野くんと熊崎くん,Manga,3404,7.62,2020,https://cdn.myanimelist.net/images/manga/3/253402l.jpg
160,Alice-san Chi no Iroribata,,アリスさんちの囲炉裏端,Manga,5294,7.61,2020,https://cdn.myanimelist.net/images/manga/1/249854l.jpg
160,Takara no Vidro,Takara's Treasure,タカラのびいどろ,Manga,3151,7.61,2020,https://cdn.myanimelist.net/images/manga/3/265841l.jpg
162,Adabana,Adabana,adabana -徒花-,Manga,25133,7.6,2020,https://cdn.myanimelist.net/images/manga/2/242436l.jpg
162,Butai ni Sake!,,舞台に咲け!,Manga,3381,7.6,2020,https://cdn.myanimelist.net/images/manga/3/237490l.jpg
162,Delivery Hug Therapy,Delivery Hug Therapy,デリバリーハグセラピー,Manga,881,7.6,2020,https://cdn.myanimelist.net/images/manga/3/274447l.jpg
162,Kaijuu 8-gou,Kaiju No. 8,怪獣8号,Manga,196670,7.6,2020,https://cdn.myanimelist.net/images/manga/3/252929l.jpg
162,Mashle,Mashle: Magic and Muscles,マッシュル-MASHLE-,Manga,113167,7.6,2020,https://cdn.myanimelist.net/images/manga/1/230705l.jpg
162,When the Day Comes,When the Day Comes,각자의 디데이,Manhwa,2122,7.6,2020,https://cdn.myanimelist.net/images/manga/1/260607l.jpg
168,My Royal Awakening,My Royal Awakening,대군으로 살어리랏다,Manhwa,2211,7.59,2020,https://cdn.myanimelist.net/images/manga/1/268652l.jpg
169,Ao no Hako,,アオのハコ,One-shot,11896,7.58,2020,https://cdn.myanimelist.net/images/manga/2/233910l.jpg
169,Hotel Metsäpeura e Youkoso,,ホテル・メッツァペウラへようこそ,Manga,2035,7.58,2020,https://cdn.myanimelist.net/images/manga/1/259645l.jpg
169,"Saikyou no Shienshoku ""Wajutsushi"" de Aru Ore wa Sekai Saikyou Clan wo Shitagaeru","The Most Notorious ""Talker"" Runs the World's Greatest Clan",最凶の支援職【話術士】である俺は世界最強クランを従える,Manga,12985,7.58,2020,https://cdn.myanimelist.net/images/manga/3/237327l.jpg
169,Wotaku ni Koi wa Muzukashii: Comic Anthology,,ヲタクに恋は難しい コミックアンソロジー,Manga,1770,7.58,2020,https://cdn.myanimelist.net/images/manga/1/243915l.jpg
173,"Doumo, Suki na Hito ni Horegusuri wo Irai sareta Majo desu.","Hi, I'm a Witch, and My Crush Wants Me to Make a Love Potion",どうも、好きな人に惚れ薬を依頼された魔女です。,Manga,5832,7.57,2020,https://cdn.myanimelist.net/images/manga/3/238942l.jpg
173,Hikikomari Kyuuketsuki no Monmon,The Vexations of a Shut-In Vampire Princess,ひきこまり吸血姫の悶々,Light Novel,2443,7.57,2020,https://cdn.myanimelist.net/images/manga/2/248187l.jpg
173,I Married the Male Lead's Dad,I Married the Male Lead's Dad,남주의 엄마가 되어버렸다,Manhwa,8174,7.57,2020,https://cdn.myanimelist.net/images/manga/2/317207l.jpg
173,Osananajimi ja Gaman Dekinai,I Can't Stand Being Your Childhood Friend,幼馴染じゃ我慢できない,Manga,2495,7.57,2020,https://cdn.myanimelist.net/images/manga/1/255719l.jpg
173,Saijaku Tamer wa Gomi Hiroi no Tabi wo Hajimemashita. @comic,The Weakest Tamer Began a Journey to Pick Up Trash,最弱テイマーはゴミ拾いの旅を始めました。＠COMIC,Manga,7962,7.57,2020,https://cdn.myanimelist.net/images/manga/1/236905l.jpg
178,Class no Daikirai na Joshi to Kekkon suru Koto ni Natta.,I Got Married to the Girl I Hate Most in Class,クラスの大嫌いな女子と結婚することになった。,Light Novel,3178,7.56,2020,https://cdn.myanimelist.net/images/manga/2/245333l.jpg
178,Fukutsu no Zono,Indomitable Zono,不屈のゾノ,Manga,3399,7.56,2020,https://cdn.myanimelist.net/images/manga/3/253754l.jpg
178,Jianle Dongxi De Lang,The Wolf Who Picked Up,捡了东西的狼,Manhua,1169,7.56,2020,https://cdn.myanimelist.net/images/manga/2/287479l.jpg
178,Kimetsu no Yaiba: Kaze no Michishirube,Demon Slayer: Kimetsu no Yaiba - Signs from the Wind,鬼滅の刃 風の道しるべ,Light Novel,2534,7.56,2020,https://cdn.myanimelist.net/images/manga/3/248771l.jpg
178,Ookami-sama no Koiwazurai,Lovesickness of the Wolf,オオカミ様の恋煩い,Manga,2527,7.56,2020,https://cdn.myanimelist.net/images/manga/3/254650l.jpg
178,Re:Zero kara Hajimeru Isekai Seikatsu: Hyouketsu no Kizuna,"Re:ZERO -Starting Life in Another World-, The Frozen Bond",Re:ゼロから始める異世界生活 氷結の絆,Manga,1861,7.56,2020,https://cdn.myanimelist.net/images/manga/3/240385l.jpg
184,Dekoboko Sugar Days (Mou Ikkai!),Dekoboko Bittersweet Days,凸凹シュガーデイズ(もう一回!),Manga,2518,7.55,2020,https://cdn.myanimelist.net/images/manga/2/256255l.jpg
184,Kimi no Koe,,君ノ声,Manga,8191,7.55,2020,https://cdn.myanimelist.net/images/manga/2/237214l.jpg
184,The Shape of Sympathy,The Shape of Sympathy,동정의 형태,Manhwa,2048,7.55,2020,https://cdn.myanimelist.net/images/manga/1/253782l.jpg
187,Ame to Kimi to,With You and the Rain,雨と君と,Manga,8934,7.54,2020,https://cdn.myanimelist.net/images/manga/3/241988l.jpg
187,An Hour of Romance,An Hour of Romance,24분의 1 로맨스,Manhwa,1858,7.54,2020,https://cdn.myanimelist.net/images/manga/1/264239l.jpg
187,Futsutsuka na Akujo dewa Gozaimasu ga: Suuguu Chouso Torikae Den,Though I Am an Inept Villainess: Tale of the Butterfly-Rat Body Swap in the Maiden Court,ふつつかな悪女ではございますが ～雛宮蝶鼠とりかえ伝～,Light Novel,1033,7.54,2020,https://cdn.myanimelist.net/images/manga/1/261960l.jpg
187,Ore wa Seikan Kokka no Akutoku Ryoushu!,I'm the Evil Lord of an Intergalactic Empire!,俺は星間国家の悪徳領主!,Light Novel,2892,7.54,2020,https://cdn.myanimelist.net/images/manga/3/234717l.jpg
187,Suicide Girl,,スーサイドガール,Manga,12352,7.54,2020,https://cdn.myanimelist.net/images/manga/1/232528l.jpg
187,Tottemo Kawaii Watashi to Tsukiatte yo!,,とってもカワイイ私と付き合ってよ!,Light Novel,694,7.54,2020,https://cdn.myanimelist.net/images/manga/1/253827l.jpg
193,Kamonohashi Ron no Kindan Suiri,Ron Kamonohashi: Deranged Detective,鴨乃橋ロンの禁断推理,Manga,17950,7.53,2020,https://cdn.myanimelist.net/images/manga/2/240565l.jpg
193,Neko no Massage-ya-san,Cat Massage Therapy,ねこのマッサージ屋さん,Manga,1804,7.53,2020,https://cdn.myanimelist.net/images/manga/1/243098l.jpg
193,Online Game Nakama to Sashi Off shitara Shokuba no Oni Joushi ga Kita,Turns Out My Online Friend is My Real-Life Boss!,オンラインゲーム仲間とサシオフしたら職場の鬼上司が来た,Manga,5418,7.53,2020,https://cdn.myanimelist.net/images/manga/3/236820l.jpg
193,Tabun Korekara Ai no Hibi,Love Is Probably Around the Corner,多分これから愛の日々,Manga,469,7.53,2020,https://cdn.myanimelist.net/images/manga/2/270053l.jpg
193,Tada no Renai nanka de Kikkonai: Kojirase Joushi to Fetish na Buka,"We Can't Do Just Plain Love: She's Got a Fetish, Her Boss Has Low Self-Esteem",ただの恋愛なんかできっこない -こじらせ上司とフェチな部下-,Manga,4545,7.53,2020,https://cdn.myanimelist.net/images/manga/2/245516l.jpg
193,Under the Oak Tree,Under the Oak Tree,상수리나무 아래,Manhwa,3654,7.53,2020,https://cdn.myanimelist.net/images/manga/1/331107l.jpg
193,"Watashi ga Koibito ni Nareru Wake Nai jan, Muri Muri! (※Muri ja Nakatta!?)",There's No Freaking Way I'll be Your Lover! Unless...,わたしが恋人になれるわけないじゃん、ムリムリ! (※ムリじゃなかった!?),Manga,16544,7.53,2020,https://cdn.myanimelist.net/images/manga/2/236547l.jpg
193,Yoru wa Neko to Issho,Nights with a Cat,夜は猫といっしょ,Manga,1739,7.53,2020,https://cdn.myanimelist.net/images/manga/1/254302l.jpg
201,Kotaete My Drifter,Answer My Drifter,こたえてマイ・ドリフター,Manga,660,7.52,2020,https://cdn.myanimelist.net/images/manga/2/284213l.jpg
201,My Dear Agent,My Dear Agent,マイディア・エージェント,Manga,1847,7.52,2020,https://cdn.myanimelist.net/images/manga/3/262283l.jpg
201,Omega no Mukotori,,オメガの婿取り,Manga,1477,7.52,2020,https://cdn.myanimelist.net/images/manga/1/255465l.jpg
201,Ookami-kun wa Hanasanai,Ookami-kun Won't Let Go,オオカミくんははなさない,Manga,2279,7.52,2020,https://cdn.myanimelist.net/images/manga/1/242490l.jpg
201,Sekai wa Owattemo Ikiru tte Tanoshii,Have Fun! Its the End of the World!,世界は終わっても生きるって楽しい,Manga,2234,7.52,2020,https://cdn.myanimelist.net/images/manga/1/235114l.jpg
201,Under My Skin,Under My Skin,アンダーマイスキン,Manga,2039,7.52,2020,https://cdn.myanimelist.net/images/manga/1/238114l.jpg
201,"Your Majesty, Please Spare Me This Time","Your Majesty, Please Spare Me This Time","폐하, 또 죽이진 말아주세요",Manhwa,5742,7.52,2020,https://cdn.myanimelist.net/images/manga/1/255778l.jpg
208,Genjitsu de Love Comedy Dekinai to Dare ga Kimeta?,Who Says Romcoms Aren't Real?,現実でラブコメできないとだれが決めた?,Light Novel,950,7.51,2020,https://cdn.myanimelist.net/images/manga/3/246112l.jpg
208,Jujutsu Kaisen: Yoake no Ibara Michi,Jujutsu Kaisen: Thorny Road at Dawn,呪術廻戦 夜明けのいばら道,Light Novel,3988,7.51,2020,https://cdn.myanimelist.net/images/manga/2/244857l.jpg
208,Yojouhan Time Machine Blues,,四畳半タイムマシンブルース,Novel,524,7.51,2020,https://cdn.myanimelist.net/images/manga/2/269841l.jpg
211,Get Schooled,Get Schooled,참교육,Manhwa,13847,7.5,2020,https://cdn.myanimelist.net/images/manga/3/260759l.jpg
211,Guardians of the Lamb,Guardians of the Lamb,양의 사수,Manhwa,477,7.5,2020,https://cdn.myanimelist.net/images/manga/1/264745l.jpg
211,Kimetsu no Yaiba Novelize,,鬼滅の刃 ノベライズ,Novel,1316,7.5,2020,https://cdn.myanimelist.net/images/manga/1/285425l.jpg
211,"Kono Koi, Chaban ni Tsuki!?",Matcha Made in Heaven,この恋、茶番につき!?,Manga,3172,7.5,2020,https://cdn.myanimelist.net/images/manga/2/270781l.jpg
211,Parasol Doumei,A Parasol Alliance,ぱらそる同盟,One-shot,7241,7.5,2020,https://cdn.myanimelist.net/images/manga/3/239956l.jpg
216,4 Week Lovers,4 Week Lovers,4주 애인,Manhwa,1623,7.49,2020,https://cdn.myanimelist.net/images/manga/1/313703l.jpg
216,Kedamono Arashi: Hold Me Baby!,Beast's Storm: Hold Me Baby!,ケダモノアラシ -Hold me baby!-,Manga,1275,7.49,2020,https://cdn.myanimelist.net/images/manga/2/255209l.jpg
216,Nanami Minami wa Kagayakitai: Jaku-Chara Tomozaki-kun Gaiden,Minami Nanami Wants to Shine,七海みなみは輝きたい 弱キャラ友崎くん外伝,Manga,1942,7.49,2020,https://cdn.myanimelist.net/images/manga/1/238476l.jpg
216,Usotsuki Satsuki wa Shi ga Mieru,,ウソツキ皐月は死が視える,Manga,13091,7.49,2020,https://cdn.myanimelist.net/images/manga/2/238696l.jpg
220,Chikyuu Kiroku 0001,,地球記録0001,One-shot,3923,7.48,2020,https://cdn.myanimelist.net/images/manga/1/237152l.jpg
220,Cuprum no Hanayome,The Coppersmith's Bride,クプルムの花嫁,Manga,9009,7.48,2020,https://cdn.myanimelist.net/images/manga/1/239731l.jpg
220,Jigoku Kurayami Hana mo Naki,Hell Is Dark with No Flowers,地獄くらやみ花もなき,Manga,3837,7.48,2020,https://cdn.myanimelist.net/images/manga/3/234816l.jpg
220,Ruri Dragon,,ルリドラゴン,One-shot,9038,7.48,2020,https://cdn.myanimelist.net/images/manga/3/247766l.jpg
220,Trillion Game,Trillion Game,トリリオンゲーム,Manga,5565,7.48,2020,https://cdn.myanimelist.net/images/manga/3/242922l.jpg
220,Unnamed Memory,Unnamed Memory,Unnamed Memory,Manga,7719,7.48,2020,https://cdn.myanimelist.net/images/manga/1/243107l.jpg
220,Wo de Wanghong Nanyou,,我的網紅男友,Manhua,764,7.48,2020,https://cdn.myanimelist.net/images/manga/2/274398l.jpg
227,Elixir of the Sun,Elixir of the Sun,태양의 주인,Manhwa,3106,7.47,2020,https://cdn.myanimelist.net/images/manga/1/266310l.jpg
227,Hone Dragon no Mana Musume,The Skull Dragon's Precious Daughter,骨ドラゴンのマナ娘,Manga,2903,7.47,2020,https://cdn.myanimelist.net/images/manga/1/245805l.jpg
227,Meisou Senshi Nagata Kabi,My Wandering Warrior Existence,迷走戦士・永田カビ,Manga,4858,7.47,2020,https://cdn.myanimelist.net/images/manga/3/257320l.jpg
227,My Secretly Hot Husband,My Secretly Hot Husband,남편이 미모를 숨김,Manhwa,11265,7.47,2020,https://cdn.myanimelist.net/images/manga/2/264633l.jpg
227,Worst Gaiden: Zetton-sensei,Worst Gaiden: Mr. Zetton,WORST外伝 ゼットン先生,Manga,1320,7.47,2020,https://cdn.myanimelist.net/images/manga/1/236662l.jpg
227,Yoiyoi Monologue,Twilight Out of Focus: The Evening Monologues,宵々モノローグ,Manga,2207,7.47,2020,https://cdn.myanimelist.net/images/manga/2/263510l.jpg
227,Yoru no Namae wo Yonde,Call the Name of the Night,夜の名前を呼んで,Manga,4605,7.47,2020,https://cdn.myanimelist.net/images/manga/3/249036l.jpg
227,Your Smile is a Trap,Your Smile is a Trap,너의 미소가 함정,Manhwa,3883,7.47,2020,https://cdn.myanimelist.net/images/manga/1/261498l.jpg
235,86: Operation High School,86: Eighty Six - Operation High School,86―エイティシックス― オペレーション・ハイスクール,Manga,3632,7.46,2020,https://cdn.myanimelist.net/images/manga/2/239974l.jpg
235,Aioi Wakaba to Ita Hitotsuki ni Tsuite,,相生若葉といたひと月について,One-shot,1776,7.46,2020,https://cdn.myanimelist.net/images/manga/2/270409l.jpg
235,Infinite Leveling: Murim,Infinite Leveling: Murim,무한 레벨업 in 무림,Manhwa,3158,7.46,2020,https://cdn.myanimelist.net/images/manga/1/331088l.jpg
235,Rokujou Hitoma no Majo Life,Witch Life in a Micro Room,六畳一間の魔女ライフ,Manga,1674,7.46,2020,https://cdn.myanimelist.net/images/manga/3/235798l.jpg
235,Warui ga Watashi wa Yuri ja Nai,,悪いが私は百合じゃない,Manga,6598,7.46,2020,https://cdn.myanimelist.net/images/manga/1/237283l.jpg
240,Boku ga Shinu dake no Hyakumonogatari,100 Ghost Stories That Will Lead to My Death,僕が死ぬだけの百物語,Manga,7908,7.45,2020,https://cdn.myanimelist.net/images/manga/2/252324l.jpg
240,Hayaku Shitai Futari,Let's Do It Already!,はやくしたいふたり,Manga,16932,7.45,2020,https://cdn.myanimelist.net/images/manga/1/235171l.jpg
240,Neko to Kiss,A Kiss with a Cat,猫とキス,Manga,10154,7.45,2020,https://cdn.myanimelist.net/images/manga/1/249828l.jpg
240,Saihate no Solte,World End Solte,最果てのソルテ,Manga,2607,7.45,2020,https://cdn.myanimelist.net/images/manga/2/239645l.jpg
240,The Grand Mudang Saga,The Grand Mudang Saga,무당기협,Manhwa,9037,7.45,2020,https://cdn.myanimelist.net/images/manga/3/263430l.jpg
245,Girl Crush,Girl Crush,ガールクラッシュ,Manga,4689,7.44,2020,https://cdn.myanimelist.net/images/manga/3/266611l.jpg
245,Neko x Neko: Hopeful,,ネコ×ネコ hopeful,Manga,520,7.44,2020,https://cdn.myanimelist.net/images/manga/3/251559l.jpg
245,Pino,,ピノ:PINO,Manga,354,7.44,2020,https://cdn.myanimelist.net/images/manga/2/257887l.jpg
245,Yahari Ore no Seishun Love Comedy wa Machigatteiru. Shin,,やはり俺の青春ラブコメはまちがっている。‐新‐,Light Novel,2089,7.44,2020,https://cdn.myanimelist.net/images/manga/1/255602l.jpg
249,Efforts Never Betray,,노력의 결과,Manhwa,1241,7.43,2020,https://cdn.myanimelist.net/images/manga/1/266947l.jpg
249,Pearl Boy,Pearl Boy,조개소년,Manhwa,8132,7.43,2020,https://cdn.myanimelist.net/images/manga/1/260226l.jpg
251,Bakemono no Hanayome,The Beast's Bride,バケモノの花嫁,Manga,1605,7.42,2020,https://cdn.myanimelist.net/images/manga/3/253371l.jpg
251,Futari Escape,Futari Escape,ふたりエスケープ,Manga,7406,7.42,2020,https://cdn.myanimelist.net/images/manga/3/277209l.jpg
251,Ginmokusei no Shitateya,Haberdashery Ginmokusei,ギンモクセイの仕立て屋,Manga,1303,7.42,2020,https://cdn.myanimelist.net/images/manga/1/265735l.jpg
251,"Ijimeru Aitsu ga Warui no ka, Ijimerareta Boku ga Warui no ka?",Is It My Fault That I Got Bullied?,いじめるアイツが悪いのか、いじめられた僕が悪いのか?,Manga,12244,7.42,2020,https://cdn.myanimelist.net/images/manga/2/237724l.jpg
251,Nante Nasakenai Bokura da.,What a Pity We Are.,なんて情けない僕らだ。,One-shot,6274,7.42,2020,https://cdn.myanimelist.net/images/manga/1/234304l.jpg
251,Orc Eiyuu Monogatari: Sontaku Retsuden,Orc Eroica,オーク英雄物語 忖度列伝,Light Novel,2213,7.42,2020,https://cdn.myanimelist.net/images/manga/1/237531l.jpg
251,Romance ni wa Hodotooi,Far from Romance,ロマンスには程遠い,Manga,1807,7.42,2020,https://cdn.myanimelist.net/images/manga/2/255367l.jpg
251,Trump,,TRUMP,Manga,2269,7.42,2020,https://cdn.myanimelist.net/images/manga/2/259702l.jpg
259,#DRCL Midnight Children,#DRCL Midnight Children,#DRCL midnight children,Manga,16340,7.41,2020,https://cdn.myanimelist.net/images/manga/1/255900l.jpg
259,Act Like You Love Me!,Act Like You Love Me!,순정말고 순종,Manhwa,6422,7.41,2020,https://cdn.myanimelist.net/images/manga/2/264634l.jpg
259,Akuyaku Reijou Level 99: Watashi wa Ura-Boss desu ga Maou dewa Arimasen,Villainess Level 99: I May Be the Hidden Boss But I'm Not the Demon Lord,悪役令嬢レベル99 ～私は裏ボスですが魔王ではありません～,Manga,19301,7.41,2020,https://cdn.myanimelist.net/images/manga/1/238943l.jpg
259,Code Geass: Fukkatsu no Lelouch,,コードギアス 復活のルルーシュ,Manga,735,7.41,2020,https://cdn.myanimelist.net/images/manga/1/245515l.jpg
259,Ichizu Bitch-chan,,一途ビッチちゃん,Manga,16313,7.41,2020,https://cdn.myanimelist.net/images/manga/1/234782l.jpg
259,Kara no Kioku,,虚の記憶,Manga,10188,7.41,2020,https://cdn.myanimelist.net/images/manga/2/238897l.jpg
259,Lethal Romance,Lethal Romance,필살VS로맨스,Manhwa,2058,7.41,2020,https://cdn.myanimelist.net/images/manga/2/267250l.jpg
259,Lion-gotoki no Kuni kara,From a Country Like Lion,ライオン如きの国から,Manga,3134,7.41,2020,https://cdn.myanimelist.net/images/manga/2/239507l.jpg
259,Master Villainess the Invincible!,Master Villainess the Invincible!,무협지 악녀인데 내가 제일 쎄!,Manhwa,5947,7.41,2020,https://cdn.myanimelist.net/images/manga/2/262394l.jpg
259,Meika-san wa Oshikorosenai,Meika-San Can't Conceal Her Emotions,メイカさんは押しころせない,Manga,16055,7.41,2020,https://cdn.myanimelist.net/images/manga/1/236635l.jpg
259,Niwatori Fighter,Rooster Fighter,ニワトリ・ファイター,Manga,20697,7.41,2020,https://cdn.myanimelist.net/images/manga/3/244077l.jpg
259,"Onna Doushi toka Arienai desho to Iiharu Onnanoko wo, Hyakunichikan de Tetteiteki ni Otosu Yuri no Ohanashi",,女同士とかありえないでしょと言い張る女の子を、百日間で徹底的に落とす百合のお話,Light Novel,991,7.41,2020,https://cdn.myanimelist.net/images/manga/2/237059l.jpg
259,"Onna Doushi toka Arienai desho to Iiharu Onnanoko wo, Hyakunichikan de Tetteiteki ni Otosu Yuri no Ohanashi",,女同士とかありえないでしょと言い張る女の子を、百日間で徹底的に落とす百合のお話,Manga,5228,7.41,2020,https://cdn.myanimelist.net/images/manga/1/246111l.jpg
259,Watashi no Angela,,わたしのアンジェラ,Doujinshi,2037,7.41,2020,https://cdn.myanimelist.net/images/manga/2/284485l.jpg
273,Kimi no Ashimoto de Ai wo Shiru,Learning to Love at Your Feet,君の足元で愛を知る,Manga,1176,7.4,2020,https://cdn.myanimelist.net/images/manga/3/255535l.jpg
273,Nakitai Watashi wa Neko wo Kaburu,,泣きたい私は猫をかぶる,Manga,1811,7.4,2020,https://cdn.myanimelist.net/images/manga/1/242385l.jpg
273,Ore no Shibou Flag ga Todomaru Tokoro wo Shiranai,My Death Flags Show No Sign of Ending,俺の死亡フラグが留まるところを知らない,Manga,12377,7.4,2020,https://cdn.myanimelist.net/images/manga/1/241512l.jpg
273,"Saikyou no Shienshoku ""Wajutsushi"" de Aru Ore wa Sekai Saikyou Clan wo Shitagaeru","The Most Notorious ""Talker"" Runs the World's Greatest Clan",最凶の支援職【話術士】である俺は世界最強クランを従える,Light Novel,1440,7.4,2020,https://cdn.myanimelist.net/images/manga/3/241215l.jpg
273,Yakusoku no Neverland: Tokubetsu Bangai-hen - Haha no Ketsui,The Promised Neverland: Special Side Story - A Mother's Determination,約束のネバーランド特別番外編 母の決意,One-shot,4150,7.4,2020,https://cdn.myanimelist.net/images/manga/1/238453l.jpg
278,Fukigen na Doudou,,不機嫌なDOUDOU,Manga,772,7.39,2020,https://cdn.myanimelist.net/images/manga/3/264442l.jpg
278,Fuuki Iin to Fuuzoku Katsudou: Fuuki wo Mamoru Tame ni Keizokuteki ni Okonau Katsudou,The Hall Monitor on S.L.U.T Duty: Stopping Lewd and Unethical Tomfoolery,風紀委員とフーゾク活動 風紀を守るために継続的に行う活動,Manga,985,7.39,2020,https://cdn.myanimelist.net/images/manga/2/275579l.jpg
278,"Kono Kyoushi, Zettai Wazato.",,この教師、絶対わざと。,Manga,3336,7.39,2020,https://cdn.myanimelist.net/images/manga/1/242921l.jpg
278,Manshuu Ahen Squad,Manchuria Opium Squad,満州アヘンスクワッド,Manga,6901,7.39,2020,https://cdn.myanimelist.net/images/manga/3/235098l.jpg
278,Naked Color,,ネイキッドカラー,Manga,1844,7.39,2020,https://cdn.myanimelist.net/images/manga/2/249652l.jpg
278,Senshun Kansoku,Notes of Springtide,浅春観測,Manga,646,7.39,2020,https://cdn.myanimelist.net/images/manga/1/255104l.jpg
278,Smoky Nectar,,スモーキーネクター,Manga,1987,7.39,2020,https://cdn.myanimelist.net/images/manga/3/245809l.jpg
278,TRPG Player ga Isekai de Saikyou Build wo Mezasu: Henderson-shi no Fukuin wo,Min-Maxing My TRPG Build in Another World: Preach the Good Word of Mr. Henderson,TRPGプレイヤーが異世界で最強ビルドを目指す～ヘンダーソン氏の福音を～,Light Novel,1097,7.39,2020,https://cdn.myanimelist.net/images/manga/2/246508l.jpg
278,The Archmage Returns After 4000 Years,The Archmage Returns After 4000 Years,4000년 만에 귀환한 대마도사,Manhwa,29136,7.39,2020,https://cdn.myanimelist.net/images/manga/1/261964l.jpg
278,The Blood of the Butterfly,The Blood of the Butterfly,피와 나비,Manhwa,2856,7.39,2020,https://cdn.myanimelist.net/images/manga/1/263036l.jpg
278,Xiaoxin Bei Mengmo Chidiao O,Watch Out for the Dream Demon,小心被梦魔吃掉哦,Manhua,384,7.39,2020,https://cdn.myanimelist.net/images/manga/1/326067l.jpg
289,"Food Court de, Mata Ashita.",See You Tomorrow at the Food Court,フードコートで、また明日。,Manga,5575,7.38,2020,https://cdn.myanimelist.net/images/manga/1/245136l.jpg
289,Hatsukoi Maze,First Love Maze,ハツコイメイズ,Manga,6118,7.38,2020,https://cdn.myanimelist.net/images/manga/1/247220l.jpg
289,Higeki no Genkyou to Naru Saikyou Gedou Last Boss Joou wa Tami no Tame ni Tsukushimasu.,The Most Heretical Last Boss Queen: From Villainess to Savior,悲劇の元凶となる最強外道ラスボス女王は民の為に尽くします。,Manga,7504,7.38,2020,https://cdn.myanimelist.net/images/manga/1/236098l.jpg
289,Higurashi no Naku Koro ni Gou,Higurashi When They Cry: GOU,ひぐらしのなく頃に 業,Manga,3180,7.38,2020,https://cdn.myanimelist.net/images/manga/2/237112l.jpg
289,Kanshakudama no Love Song,The Love Song of the Cracker Ball,かんしゃく玉のラブソング,Manga,2338,7.38,2020,https://cdn.myanimelist.net/images/manga/1/256399l.jpg
289,She's Hopeless,She's Hopeless,노답소녀,Manhwa,6181,7.38,2020,https://cdn.myanimelist.net/images/manga/1/261506l.jpg
289,Shitsuren Junkie,Hooked on Being Dumped,失恋ジャンキー,Manga,1526,7.38,2020,https://cdn.myanimelist.net/images/manga/3/249742l.jpg
289,Sword Art Online: Progressive - Kuraki Yuuyami no Scherzo,Sword Art Online Progressive Scherzo of Deep Night,ソードアート・オンライン プログレッシブ 冥き夕闇のスケルツォ,Manga,1837,7.38,2020,https://cdn.myanimelist.net/images/manga/2/242632l.jpg
289,Yumemigaoka Wonderland,,夢見が丘ワンダーランド,Manga,1642,7.38,2020,https://cdn.myanimelist.net/images/manga/1/246050l.jpg
298,Back to You,Back to You,아는 여자애,Manhwa,2967,7.37,2020,https://cdn.myanimelist.net/images/manga/1/252437l.jpg
298,Bokura no Micro na Shuumatsu,The End of the World With You.,僕らのミクロな終末,Manga,1088,7.37,2020,https://cdn.myanimelist.net/images/manga/2/268157l.jpg
298,Hadashi no Tenshi,Barefoot Angel,はだしの天使,Manga,2158,7.37,2020,https://cdn.myanimelist.net/images/manga/3/253192l.jpg
298,I Am the Real One,I Am the Real One,사실은 내가 진짜였다,Manhwa,12116,7.37,2020,https://cdn.myanimelist.net/images/manga/1/261138l.jpg
298,Isshiki-san wa Koi wo Shiritai.,Isshiki-san Wants to Know About Love,一式さんは恋を知りたい。,Manga,6843,7.37,2020,https://cdn.myanimelist.net/images/manga/1/245817l.jpg
298,"Koe ga Dasenai Shoujo wa ""Kanojo ga Yasashisugiru"" to Omotteiru",,声がだせない少女は「彼女がやさしすぎる」と思っている,Manga,6591,7.37,2020,https://cdn.myanimelist.net/images/manga/1/236633l.jpg
298,Maou Evelogia ni Mi wo Sasage yo,Everything for Demon King Evelogia,魔王イブロギアに身を捧げよ,Manga,3292,7.37,2020,https://cdn.myanimelist.net/images/manga/2/245924l.jpg
298,My Gently Raised Beast,My Gently Raised Beast,"곱게 키웠더니, 짐승",Manhwa,9250,7.37,2020,https://cdn.myanimelist.net/images/manga/2/254956l.jpg
298,Yabun ni Kyuuketsu Shitsurei shimasu.,May I Have a Taste?,夜分に吸血失礼します。,Manga,1408,7.37,2020,https://cdn.myanimelist.net/images/manga/2/271293l.jpg
307,Hana Tokidoki Kuma,,花ときどきくま,Manga,1596,7.36,2020,https://cdn.myanimelist.net/images/manga/1/244677l.jpg
307,Isekai Mokushiroku Mynoghra: Hametsu no Bunmei de Hajimeru Sekai Seifuku,Apocalypse Bringer Mynoghra: World Conquest Begins with the Civilization of Ruin,異世界黙示録マイノグーラ ～破滅の文明で始める世界征服～,Manga,19985,7.36,2020,https://cdn.myanimelist.net/images/manga/1/243094l.jpg
307,Jiji Neko Kurashi,Living with My Old Cat,じじ猫くらし,Manga,628,7.36,2020,https://cdn.myanimelist.net/images/manga/1/233842l.jpg
307,Kimi ni Koisuru Hazu ga Nai,,君に恋するはずがない,Manga,1756,7.36,2020,https://cdn.myanimelist.net/images/manga/1/238425l.jpg
307,Melon no Aji,The Flavor of Melon,メロンの味,Manga,771,7.36,2020,https://cdn.myanimelist.net/images/manga/3/255463l.jpg
307,Seikyouiku 120%,Sex Ed 120%,性教育120％,Manga,2377,7.36,2020,https://cdn.myanimelist.net/images/manga/1/245323l.jpg
313,Futari wa Daitai Konna Kanji,The Two of Them Are Pretty Much Like This,ふたりはだいたいこんなかんじ,Manga,3702,7.35,2020,https://cdn.myanimelist.net/images/manga/1/236200l.jpg
313,Great Pretender,Great Pretender,GREAT PRETENDER,Manga,3527,7.35,2020,https://cdn.myanimelist.net/images/manga/2/281006l.jpg
313,Make Heroine wo Katasetai!!,,負けヒロインを勝たせたい!!,One-shot,1739,7.35,2020,https://cdn.myanimelist.net/images/manga/3/255810l.jpg
313,Shuumatsu Touring,Touring After the Apocalypse,終末ツーリング,Manga,4669,7.35,2020,https://cdn.myanimelist.net/images/manga/3/244075l.jpg
317,Aimai na Wolf,Kind of a Wolf,あいまいなウルフ,Manga,2122,7.34,2020,https://cdn.myanimelist.net/images/manga/2/253471l.jpg
317,Aketemo Kuretemo: Zoku Itsuka Koi ni Naru made,Night and Day: After Until the Love Blooms,明けても暮れても -続 いつか恋になるまで-,Manga,888,7.34,2020,https://cdn.myanimelist.net/images/manga/1/244260l.jpg
317,Deadpool: Samurai,Deadpool: Samurai,デッドプール：SAMURAI,Manga,10426,7.34,2020,https://cdn.myanimelist.net/images/manga/2/242625l.jpg
317,Kawa ni Sazanami,Ripples in the River,かわにさざなみ,Manga,1093,7.34,2020,https://cdn.myanimelist.net/images/manga/2/255788l.jpg
317,Kimetsu no Yaiba: Tokubetsu Yomikiri,Kimetsu no Yaiba: Special One-shot,鬼滅の刃 特別読切,One-shot,9060,7.34,2020,https://cdn.myanimelist.net/images/manga/3/236795l.jpg
317,Shinu hodo Kimi no Shojo ga Hoshii,I'm dying for your virginity.,死ぬほど君の処女が欲しい,Manga,4335,7.34,2020,https://cdn.myanimelist.net/images/manga/2/250283l.jpg
317,Shoujo Manga Shujinkou x Rival-san,,少女漫画主人公×ライバルさん,Manga,7783,7.34,2020,https://cdn.myanimelist.net/images/manga/3/229405l.jpg
317,The Villainess Lives Again,The Villainess Lives Again,악녀는 두 번 산다,Manhwa,11813,7.34,2020,https://cdn.myanimelist.net/images/manga/2/261206l.jpg
317,The Words in Your Snare,The Words in Your Snare,향현문자,Manhwa,1097,7.34,2020,https://cdn.myanimelist.net/images/manga/1/289344l.jpg
326,Bright Blue ni Shizumu,Sink into the Bright Blue,ブライトブルーに沈む,Manga,630,7.33,2020,https://cdn.myanimelist.net/images/manga/1/249874l.jpg
326,Koko wa Yes to Itte Kure,Please Say Yes,ここはYESと言ってくれ,Manga,552,7.33,2020,https://cdn.myanimelist.net/images/manga/1/282460l.jpg
326,Mahouka Koukou no Rettousei: Shizoku Kaigi-hen,The Irregular at Magic High School: Master Clans Summit,魔法科高校の劣等生 師族会議編,Manga,1166,7.33,2020,https://cdn.myanimelist.net/images/manga/2/246068l.jpg
326,Natsuzuma,Summer Affair: A Wife Seduced by Two Playboys,夏妻,Doujinshi,434,7.33,2020,https://cdn.myanimelist.net/images/manga/1/322118l.jpg
326,Relationship Guidelines,Relationship Guidelines,관계지침,Manhwa,2826,7.33,2020,https://cdn.myanimelist.net/images/manga/2/265401l.jpg
326,Suki na Otoko to Wakaretai,,好きなオトコと別れたい,Manga,337,7.33,2020,https://cdn.myanimelist.net/images/manga/3/291966l.jpg
326,"Tensei shitara Dainana Ouji Datta node, Kimama ni Majutsu wo Kiwamemasu",I Was Reincarnated as the 7th Prince so I Can Take My Time Perfecting My Magical Ability,転生したら第七王子だったので、気ままに魔術を極めます,Manga,21747,7.33,2020,https://cdn.myanimelist.net/images/manga/2/236885l.jpg
333,"Don't Get Me Wrong, Boss!","Don't Get Me Wrong, Boss!",그런 게 아닙니다만,Manhwa,1336,7.32,2020,https://cdn.myanimelist.net/images/manga/1/266184l.jpg
333,Goukaku no Tame no! Yasashii Sankaku Kankei Nyuumon,An Introduction to Easy Triangle Relationships.,合格のための！やさしい三角関係入門,Manga,6031,7.32,2020,https://cdn.myanimelist.net/images/manga/3/234275l.jpg
333,Kita no Toride nite,A Snow Fox at the Northern Fort,北の砦にて,Manga,1610,7.32,2020,https://cdn.myanimelist.net/images/manga/3/268336l.jpg
333,Maydare Tensei Monogatari: Kono Sekai de Ichiban Warui Majo,Tales of Reincarnation in Maydare: This World's Worst Witch,メイデーア転生物語〜この世界で一番悪い魔女〜,Manga,4249,7.32,2020,https://cdn.myanimelist.net/images/manga/2/234687l.jpg
333,Ochikazuki ni Naritai Miyazen-san,Miss Miyazen Would Love to Get Closer to You,お近づきになりたい宮膳さん,Manga,4326,7.32,2020,https://cdn.myanimelist.net/images/manga/1/229340l.jpg
333,Shojokon: Kohinata Fuufu wa Shitemitai,Virgin Marriage: A Maiden Voyage into Passion's Embrace,ショジョ婚 ～小日向夫婦はシてみたい～,Manga,995,7.32,2020,https://cdn.myanimelist.net/images/manga/3/270696l.jpg
339,Akira-kun Kamoshirenaishi Akira-chan Kamoshirenai,,晃くんかもしれないし晃ちゃんかもしれない,Manga,1261,7.31,2020,https://cdn.myanimelist.net/images/manga/2/293835l.jpg
339,Hana wa Shinitagaru,,花は死にたがる,One-shot,2840,7.31,2020,https://cdn.myanimelist.net/images/manga/3/239525l.jpg
339,Ikenie Monzenbarai,Leave the Sacrifice at the Gate,いけにえもんぜんばらい,Manga,1354,7.31,2020,https://cdn.myanimelist.net/images/manga/2/253585l.jpg
339,Jiisan Baasan Wakagaeru,,じいさんばあさん若返る,Manga,13593,7.31,2020,https://cdn.myanimelist.net/images/manga/1/232329l.jpg
339,"Keikenzumi na Kimi to, Keiken Zero na Ore ga, Otsukiai suru Hanashi.","You Were Experienced, I Was Not: Our Dating Story",経験済みなキミと、 経験ゼロなオレが、 お付き合いする話。,Light Novel,4565,7.31,2020,https://cdn.myanimelist.net/images/manga/2/246509l.jpg
339,Osananajimi Bartender to Hajimeru Kaikan Lesson,"A Childhood Friend, Now a Bartender, Offers Me Potent Lessons in Love",幼なじみバーテンダーと始める快感レッスン,Manga,639,7.31,2020,https://cdn.myanimelist.net/images/manga/2/269317l.jpg
339,The Build Up,The Build Up,빌드업,Manhwa,2801,7.31,2020,https://cdn.myanimelist.net/images/manga/1/261883l.jpg
339,Totsuidekita Yome ga Aisouwarai Bakari shiteru,My New Wife's Fake Smile,嫁いできた嫁が愛想笑いばかりしてる,Manga,15702,7.31,2020,https://cdn.myanimelist.net/images/manga/3/236988l.jpg
339,Villains Are Destined to Die Side Story,Villains Are Destined to Die Side Story,악역의 엔딩은 죽음뿐 : 외전,Novel,307,7.31,2020,https://cdn.myanimelist.net/images/manga/2/285452l.jpg
339,Yakusoku no Neverland: Senyuu-tachi no Record,,約束のネバーランド ～戦友たちのレコード～,Light Novel,1163,7.31,2020,https://cdn.myanimelist.net/images/manga/3/235267l.jpg
349,"Kanojo, Hitomishirimasu",Rent-A-(Really Shy!)-Girlfriend,彼女、人見知ります,Manga,11296,7.3,2020,https://cdn.myanimelist.net/images/manga/3/235003l.jpg
349,Rankou de Wakarou!,,乱交で分かろう！,Manga,582,7.3,2020,https://cdn.myanimelist.net/images/manga/2/279406l.jpg
349,Sahara no Sekiganrou,One-Eyed Wolf in the Sahara,サハラの隻眼狼,Manga,537,7.3,2020,https://cdn.myanimelist.net/images/manga/3/268897l.jpg
349,"Tanaka-ke, Tensei suru.",,田中家、転生する。,Manga,2857,7.3,2020,https://cdn.myanimelist.net/images/manga/2/247486l.jpg
349,Thoroughbred wa Yuruganai,Thoroughbred Doesn't Shake,サラブレッドはゆるがない,Manga,1830,7.3,2020,https://cdn.myanimelist.net/images/manga/1/242491l.jpg
354,Ayaka-chan wa Hiroko-senpai ni Koishiteru,Ayaka is in Love with Hiroko!,彩香ちゃんは弘子先輩に恋してる,Manga,5296,7.29,2020,https://cdn.myanimelist.net/images/manga/2/258175l.jpg
354,Hei no Naka no Biyoushitsu,The Depth of the Sky,塀の中の美容室,Manga,865,7.29,2020,https://cdn.myanimelist.net/images/manga/1/237466l.jpg
354,Rinjin-chan ga Shinpai,,隣神ちゃんが心配,Manga,973,7.29,2020,https://cdn.myanimelist.net/images/manga/1/280045l.jpg
354,Yumemiru Vampire,,ゆめみるヴァンパイア,Manga,901,7.29,2020,https://cdn.myanimelist.net/images/manga/2/245956l.jpg
358,D Genesis: Dungeon ga Dekite 3-nen,D-Genesis: Three Years after the Dungeons Appeared,Dジェネシス ダンジョンが出来て3年,Manga,1414,7.28,2020,https://cdn.myanimelist.net/images/manga/2/264501l.jpg
358,Doujima-kun wa Doujinai,,堂島くんは動じない,Manga,17916,7.28,2020,https://cdn.myanimelist.net/images/manga/1/244320l.jpg
358,Hell Mode: Yarikomizuki no Gamer wa Hai Settei no Isekai de Musou suru,Hell Mode: The Hardcore Gamer Dominates in Another World with Garbage Balancing,ヘルモード ～やり込み好きのゲーマーは廃設定の異世界で無双する～,Light Novel,1562,7.28,2020,https://cdn.myanimelist.net/images/manga/1/247759l.jpg
358,Kao dake ja Suki ni Narimasen,It Takes More than a Pretty Face to Fall in Love,顔だけじゃ好きになりません,Manga,9979,7.28,2020,https://cdn.myanimelist.net/images/manga/3/240024l.jpg
358,Ore no Imouto ga Konnani Kawaii Wake ga Nai: Ayase If,,俺の妹がこんなに可愛いわけがない あやせif,Manga,1520,7.28,2020,https://cdn.myanimelist.net/images/manga/1/241982l.jpg
358,Rekishi ni Nokoru Akujo ni Naru zo: Akuyaku Reijou ni Naru hodo Ouji no Dekiai wa Kasoku suru you desu!,I'll Become a Villainess Who Goes Down in History: It Seems Turning into a High-Born Baddie Makes the Prince All the More Lovestruck,歴史に残る悪女になるぞ 悪役令嬢になるほど王子の溺愛は加速するようです！,Manga,8133,7.28,2020,https://cdn.myanimelist.net/images/manga/1/238941l.jpg
358,Zettai ni Furo ni Hairitakunai Kanojo vs Zettai ni Furo ni Iretai Kareshi,,絶対に風呂に入りたくない彼女VS絶対に風呂に入れたい彼氏,Manga,6514,7.28,2020,https://cdn.myanimelist.net/images/manga/2/241277l.jpg
365,Collar ni Kuchizuke,Kiss the Collar,カラーにくちづけ,Manga,1347,7.27,2020,https://cdn.myanimelist.net/images/manga/1/252331l.jpg
365,Darwin Jihen,The Darwin Incident,ダーウィン事変,Manga,6715,7.27,2020,https://cdn.myanimelist.net/images/manga/1/236307l.jpg
365,Hell Dogs: Jigoku no Inu-tachi,Hell Dogs,ヘルドッグス 地獄の犬たち,Manga,953,7.27,2020,https://cdn.myanimelist.net/images/manga/1/235472l.jpg
365,Kasenjiki RomeJuli Kousoukyoku,,河川敷ロミジュリ抗争曲,Manga,1597,7.27,2020,https://cdn.myanimelist.net/images/manga/1/245974l.jpg
365,"Kiss de Fusaide, Barenaide.",Seal My Lips With a Kiss,キスでふさいで、バレないで。,Manga,3373,7.27,2020,https://cdn.myanimelist.net/images/manga/1/249615l.jpg
365,"One Room, Hiatari Futsuu, Tenshi-tsuki.","Studio Apartment, Good Lighting, Angel Included",ワンルーム、日当たり普通、天使つき。,Manga,4391,7.27,2020,https://cdn.myanimelist.net/images/manga/1/243534l.jpg
365,Pie Game,Pie Game,파이게임,Manhwa,375,7.27,2020,https://cdn.myanimelist.net/images/manga/2/312575l.jpg
372,Aikagi-kun to Shiawase Gohan,,合鍵くんと幸せごはん,Manga,4311,7.26,2020,https://cdn.myanimelist.net/images/manga/2/239513l.jpg
372,Hayama-sensei no Dakimakura,My Only Huggable Pillow,葉山せんせいの抱きまくら,Manga,963,7.26,2020,https://cdn.myanimelist.net/images/manga/1/249602l.jpg
372,I'll Save This Damned Family!,I'll Save This Damned Family!,망할 가문을 살려보겠습니다,Manhwa,2588,7.26,2020,https://cdn.myanimelist.net/images/manga/1/262695l.jpg
372,Ichaicha suru to Okane ga Waichau Futari no Hanashi,,イチャイチャするとお金が湧いちゃう２人の話,Manga,10527,7.26,2020,https://cdn.myanimelist.net/images/manga/2/234653l.jpg
372,Ii Fuufu no Hanashi,,いい夫婦の話,Doujinshi,6528,7.26,2020,https://cdn.myanimelist.net/images/manga/1/238335l.jpg
372,Kameba Kamu hodo Amaku Naru,"The More You Chew, The Sweeter It Gets",かめばかむほど甘くなる,Manga,3064,7.26,2020,https://cdn.myanimelist.net/images/manga/1/236959l.jpg
372,Kikaijikake no Marie,Mechanical Marie,機械じかけのマリー,Manga,3257,7.26,2020,https://cdn.myanimelist.net/images/manga/2/239155l.jpg
372,Kimi ni Tsumugu Bouhaku,Monologue Woven for You,君に紡ぐ傍白,Manga,4090,7.26,2020,https://cdn.myanimelist.net/images/manga/2/236306l.jpg
372,Kinyoubi no Baby Violet,Friday Night Baby Violet,金曜日のベイビーヴァイオレット,Manga,1257,7.26,2020,https://cdn.myanimelist.net/images/manga/3/269225l.jpg
372,Learning the Hard Way,Learning the Hard Way,일진녀 과외하기,Manhwa,3877,7.26,2020,https://cdn.myanimelist.net/images/manga/3/260069l.jpg
372,"Omiai Shitakunakatta node, Murinandai na Jouken wo Tsuketara Doukyuusei ga Kita Ken ni Tsuite",,お見合いしたくなかったので、無理難題な条件をつけたら同級生が来た件について,Light Novel,1015,7.26,2020,https://cdn.myanimelist.net/images/manga/2/248135l.jpg
372,Tai-Ari deshita.: Ojousama wa Kakutou Game nante Shinai,Young Ladies Don't Play Fighting Games,対ありでした。 ～お嬢さまは格闘ゲームなんてしない～,Manga,10201,7.26,2020,https://cdn.myanimelist.net/images/manga/2/288925l.jpg
372,Taiyou to Tsuki no Hagane,Steel of the Celestial Shadows,太陽と月の鋼,Manga,4900,7.26,2020,https://cdn.myanimelist.net/images/manga/1/236244l.jpg
372,Uchi no Kaisha no Chiisai Senpai no Hanashi,My Tiny Senpai,うちの会社の小さい先輩の話,Manga,13043,7.26,2020,https://cdn.myanimelist.net/images/manga/3/240531l.jpg
372,Yumemiru Danshi wa Genjitsushugisha,The Dreaming Boy Is a Realist,夢見る男子は現実主義者,Light Novel,3337,7.26,2020,https://cdn.myanimelist.net/images/manga/2/243655l.jpg
372,Yuri-ota ni Yuri wa Gohatto desu!?,,百合オタに百合はご法度です!?,Manga,2425,7.26,2020,https://cdn.myanimelist.net/images/manga/2/254742l.jpg
388,A Villainess for the Tyrant,A Villainess for the Tyrant,폭군에게는 악녀가 어울린다,Manhwa,7220,7.25,2020,https://cdn.myanimelist.net/images/manga/1/256474l.jpg
388,Houkago no Etude,After School Etude,放課後のエチュード,Manga,1226,7.25,2020,https://cdn.myanimelist.net/images/manga/2/262735l.jpg
388,Kimi ga Suki wo Wakaru made,,君が好きを分かるまで,Manga,563,7.25,2020,https://cdn.myanimelist.net/images/manga/2/278961l.jpg
388,"Konyaku Haki sareta Reijou wo Hirotta Ore ga, Ikenai Koto wo Oshiekomu: Oishii Mono wo Tabesasete Oshare wo Sasete, Sekaiichi Shiawase na Shoujo ni Produce!",I'm Giving the Disgraced Noble Lady I Rescued a Crash Course in Naughtiness: I'll Spoil Her with Delicacies and Style to Make Her the Happiest Woman in the World!,婚約破棄された令嬢を拾った俺が、イケナイことを教え込む ～美味しいものを食べさせておしゃれをさせて、世界一幸せな少女にプロデュース!～,Manga,7196,7.25,2020,https://cdn.myanimelist.net/images/manga/2/236421l.jpg
388,Korogaru Kyoudai,,転がる姉弟,Manga,540,7.25,2020,https://cdn.myanimelist.net/images/manga/1/277219l.jpg
388,Natsu no Teppen ni Saku,,夏のてっぺんに咲く,Manga,1736,7.25,2020,https://cdn.myanimelist.net/images/manga/2/254960l.jpg
388,Ore no Saioshi wo Kimi ni Sasagu!,I'll Make You My Number One Idol!,俺の最推しをキミに捧ぐ!,Manga,1482,7.25,2020,https://cdn.myanimelist.net/images/manga/1/253820l.jpg
395,Hypnosis Mic: Before the Battle - Dawn of Divisions,,ヒプノシスマイク -Before the Battle- Dawn of Divisions,Manga,457,7.24,2020,https://cdn.myanimelist.net/images/manga/3/252914l.jpg
395,Junjou de Nani ga Warui,What's Wrong with Being Innocent?,純情でなにが悪い,Manga,607,7.24,2020,https://cdn.myanimelist.net/images/manga/1/296167l.jpg
395,Mairimashita! Iruma-kun Koushiki Anthology: Houkago no! Iruma-kun,,魔入りました!入間くん公式アンソロジー 放課後の!入間くん,Manga,1606,7.24,2020,https://cdn.myanimelist.net/images/manga/2/246123l.jpg
395,Observing Elena Evoy,Observing Elena Evoy,일레나 에보이 관찰 일지,Manhwa,629,7.24,2020,https://cdn.myanimelist.net/images/manga/1/331097l.jpg
395,Otomege no Mob desura Nain da ga,I'm Not Even an NPC In This Otome Game!,乙女ゲーのモブですらないんだが,Manga,4552,7.24,2020,https://cdn.myanimelist.net/images/manga/2/246042l.jpg
395,Practiced Liar,,practiced liar,Manga,2647,7.24,2020,https://cdn.myanimelist.net/images/manga/3/246637l.jpg
395,Saimin Seishidou: Miyajima Sakura to Miyajima Tsubaki no Baai,,催眠性指導 宮島桜と宮島椿の場合,Light Novel,583,7.24,2020,https://cdn.myanimelist.net/images/manga/2/242281l.jpg
395,Tategami ni I Love You,All's Fair in Love and War,タテガミに愛羅武勇〈アイラビユー〉,Manga,1542,7.24,2020,https://cdn.myanimelist.net/images/manga/3/249341l.jpg
395,The Waiting,The Waiting,기다림,Manhwa,310,7.24,2020,https://cdn.myanimelist.net/images/manga/2/260546l.jpg
395,"Totsuzen Papa ni Natta Saikyou Dragon no Kosodate Nikki: Kawaii Musume, Honobono to Ningenkai Saikyou ni Sodatsu",Dragon Daddy Diaries: A Girl Grows to Greatness,突然パパになった最強ドラゴンの子育て日記～かわいい娘、ほのぼのと人間界最強に育つ〜,Manga,2549,7.24,2020,https://cdn.myanimelist.net/images/manga/3/246075l.jpg
395,Ura Baito: Toubou Kinshi,,裏バイト:逃亡禁止,Manga,1244,7.24,2020,https://cdn.myanimelist.net/images/manga/2/257359l.jpg
395,Watashitachi ga Koisuru Riyuu,The Reason We Fall in Love,私たちが恋する理由,Manga,1858,7.24,2020,https://cdn.myanimelist.net/images/manga/1/255622l.jpg
407,Ankai no Umi,,暗晦の海,Doujinshi,504,7.23,2020,https://cdn.myanimelist.net/images/manga/1/303986l.jpg
407,Double Face ni Kuchizuke,A Kiss for Each Face,ダブルフェイスにくちづけ,Manga,1268,7.23,2020,https://cdn.myanimelist.net/images/manga/2/245812l.jpg
407,Galge no Sekai de Shinyuu ♂ ga Ore wo Suki dato Iidashite!?,My Best Friend♂ Confessed to Me in a Dating Sim,ギャルゲの世界で親友♂が俺を好きだと言い出して!?,Manga,2529,7.23,2020,https://cdn.myanimelist.net/images/manga/2/245265l.jpg
407,Gochisou Ω wa Chuu to Naku,The Foxy Mouse's Romance,ごちそうΩはチュウと鳴く,Manga,1652,7.23,2020,https://cdn.myanimelist.net/images/manga/2/251706l.jpg
407,Harebare Biyori,,晴れ晴れ日和,Manga,712,7.23,2020,https://cdn.myanimelist.net/images/manga/3/247753l.jpg
407,Laika no Hoshi,,ライカの星,Manga,1266,7.23,2020,https://cdn.myanimelist.net/images/manga/3/243364l.jpg
407,Natsuaki-kun wa Kyou mo Kokuhaku shitai,Doing His Best to Confess,夏秋くんは今日も告白したい,Manga,2287,7.23,2020,https://cdn.myanimelist.net/images/manga/2/241041l.jpg
407,"Sensei, Kongetsu Dou desu ka",,先生、今月どうですか,Manga,2811,7.23,2020,https://cdn.myanimelist.net/images/manga/3/245941l.jpg
407,Sentai Red Isekai de Boukensha ni Naru,The Red Ranger Becomes an Adventurer in Another World,戦隊レッド 異世界で冒険者になる,Manga,4774,7.23,2020,https://cdn.myanimelist.net/images/manga/3/243304l.jpg
407,Tales of Greed,Tales of Greed,욕망일기,Manhwa,1552,7.23,2020,https://cdn.myanimelist.net/images/manga/3/263653l.jpg
407,Yakusoku no Neverland: Tokubetsu Bangai-hen - Hajimari no Isshi,The Promised Neverland: Special Side Story - The First Shot,約束のネバーランド 特別番外編 始まりの一矢,One-shot,3924,7.23,2020,https://cdn.myanimelist.net/images/manga/1/236799l.jpg
418,A Beloved Existence,,사랑하는 존재,Manhwa,520,7.22,2020,https://cdn.myanimelist.net/images/manga/1/334771l.jpg
418,Goodbye to Destiny,,グッドバイトゥデスティニー,Manga,960,7.22,2020,https://cdn.myanimelist.net/images/manga/2/252415l.jpg
418,Hanlim Gym,Hanlim Gym,한림체육관,Manhwa,2459,7.22,2020,https://cdn.myanimelist.net/images/manga/1/261220l.jpg
418,Hiroware Koneko to Moto Yakuza,Ex-Yakuza and Stray Kitten,拾われ子猫と元ヤクザ,Manga,2423,7.22,2020,https://cdn.myanimelist.net/images/manga/3/254519l.jpg
418,Kouiu no ga Ii,,こういうのがいい,Manga,7253,7.22,2020,https://cdn.myanimelist.net/images/manga/1/244983l.jpg
418,Neko no Youna Nanika,,猫のようなナニカ,Manga,1047,7.22,2020,https://cdn.myanimelist.net/images/manga/2/248596l.jpg
418,Sensei Shokushin shite Kudasai!,"Give Me a Physical, Doc",先生触診してくださいッ,Manga,958,7.22,2020,https://cdn.myanimelist.net/images/manga/1/255792l.jpg
418,Tensei shitara Ken deshita: Another Wish,Reincarnated as a Sword: Another Wish,転生したら剣でした Another Wish,Manga,2016,7.22,2020,https://cdn.myanimelist.net/images/manga/3/239533l.jpg
418,"Yatara to Sasshi no Ii Ore wa, Dokuzetsu Kuudere Bishoujo no Chiisana Dere mo Minogasazu ni Guigui Iku",From Toxic Classmate to Girlfriend Goals,やたらと察しのいい俺は、毒舌クーデレ美少女の小さなデレも見逃さずにぐいぐいいく,Light Novel,1830,7.22,2020,https://cdn.myanimelist.net/images/manga/1/249264l.jpg
427,Akuyaku Reijou no Shitsuji-sama: Hametsu Flag wa Ore ga Tsubusasete Itadakimasu,The Butler for Villain Daughter,悪役令嬢の執事様 破滅フラグは俺が潰させていただきます,Light Novel,1350,7.21,2020,https://cdn.myanimelist.net/images/manga/3/237204l.jpg
427,"Ato Ippo, Soba ni Kite","One More Step, Come Stand By My Side",あと一歩、そばに来て,Manga,867,7.21,2020,https://cdn.myanimelist.net/images/manga/1/279675l.jpg
427,Boku no Tsugai wa Thoroughbred Ω,"His Partner, the Thoroughbred Omega",僕の番はサラブレット,Manga,1388,7.21,2020,https://cdn.myanimelist.net/images/manga/2/248358l.jpg
427,His Little Amber,His Little Amber,ヒズ・リトル・アンバー,Manga,904,7.21,2020,https://cdn.myanimelist.net/images/manga/2/294074l.jpg
427,Kaibutsu Maid no Karei naru Oshigoto,The Splendid Work of a Monster Maid,怪物メイドの華麗なるお仕事,Manga,2115,7.21,2020,https://cdn.myanimelist.net/images/manga/3/236235l.jpg
427,Okaeri Alice,"Welcome Back, Alice",おかえりアリス,Manga,35817,7.21,2020,https://cdn.myanimelist.net/images/manga/2/235399l.jpg
427,Ookami Buka-kun to Hitsuji Joushi-san,"I'm a Wolf, but My Boss Is a Sheep!",オオカミ部下くんとヒツジ上司さん,Manga,1658,7.21,2020,https://cdn.myanimelist.net/images/manga/1/247571l.jpg
427,S to N,S&N,SとN,Manga,1800,7.21,2020,https://cdn.myanimelist.net/images/manga/1/248813l.jpg
427,Touhou Project Niji Sousaku Series: Kirenu Hai nado Anmari Nai!,Touhou Project Fan Fictions: There Aren't Many Tiles That Can't Be Discard,東方Project二次創作シリーズ 切れぬ牌などあんまりない!,Manga,427,7.21,2020,https://cdn.myanimelist.net/images/manga/2/255786l.jpg
436,Akuyaku Reijou Tensei Ojisan,From Bureaucrat to Villainess: Dad's Been Reincarnated!,悪役令嬢転生おじさん,Manga,6729,7.2,2020,https://cdn.myanimelist.net/images/manga/3/239054l.jpg
436,Alien in My Wardrobe,Alien in My Wardrobe,내 옷장 속의 외계인,Manhwa,642,7.2,2020,https://cdn.myanimelist.net/images/manga/2/266131l.jpg
436,Bie Ku,Don't Cry,别哭,Manhua,433,7.2,2020,https://cdn.myanimelist.net/images/manga/1/278562l.jpg
436,Caught By the Villain,Caught By the Villain,악역에게 정체를 들켜버렸다,Manhwa,6360,7.2,2020,https://cdn.myanimelist.net/images/manga/3/262062l.jpg
436,Imouto Trip♡,,妹TRIP♡,Manga,813,7.2,2020,https://cdn.myanimelist.net/images/manga/1/266644l.jpg
436,Koe no Chiisai Komori-san to Kusodeka Oogoe no Oobayashi-kun,Komori-san in a Small Voice & Obayashi-kun in a Loud Voice,声の小さい小森さんとクソデカ大声の大林くん,Manga,6693,7.2,2020,https://cdn.myanimelist.net/images/manga/2/243826l.jpg
436,Koisuru Gokudou Oniisan,Mobsters in Love,恋する極道おにいさん,Manga,883,7.2,2020,https://cdn.myanimelist.net/images/manga/3/252647l.jpg
436,Odd Love,Odd Love,외사랑,Manhwa,1407,7.2,2020,https://cdn.myanimelist.net/images/manga/2/272918l.jpg
436,Ookami wo Katteimasu,Raising a Wolf,オオカミを飼っています,Manga,535,7.2,2020,https://cdn.myanimelist.net/images/manga/3/268064l.jpg
436,Osananajimi wa Ore no Senzoku Okuchi Maid,,幼馴染は俺の専属お口メイド,Manga,559,7.2,2020,https://cdn.myanimelist.net/images/manga/2/283195l.jpg
436,The Legendary Beasts Animal Hospital,The Legendary Beasts Animal Hospital,접경지역의 동물병원,Manhwa,1152,7.2,2020,https://cdn.myanimelist.net/images/manga/1/268326l.jpg
447,"Ansatsu Skill de Isekai Saikyou: Renkinjutsu to Ansatsujutsu wo Kiwameta Ore wa, Sekai wo Kage kara Shihai suru",Killer Alchemist: Assassinations in Another World,暗殺スキルで異世界最強 ～錬金術と暗殺術を極めた俺は、世界を陰から支配する～,Manga,6495,7.19,2020,https://cdn.myanimelist.net/images/manga/2/248427l.jpg
447,Cutover Criteria,Cut-Over Criteria,カットオーバー・クライテリア,Manga,1095,7.19,2020,https://cdn.myanimelist.net/images/manga/1/256288l.jpg
447,Evol,,EVOL,Manga,823,7.19,2020,https://cdn.myanimelist.net/images/manga/1/273730l.jpg
447,Ihou no Otome,Otherworldly Maidens: Monster Girls from Another World,異邦ノ乙女,Manga,635,7.19,2020,https://cdn.myanimelist.net/images/manga/2/283595l.jpg
447,Kill the Hero,Kill the Hero,킬 더 히어로,Manhwa,17292,7.19,2020,https://cdn.myanimelist.net/images/manga/3/260795l.jpg
447,Koi no Shikata ga Wakaranai,I Don't Know How to Love,恋の仕方がわからない,Manga,1690,7.19,2020,https://cdn.myanimelist.net/images/manga/1/245045l.jpg
447,"Ryuusa no Ori: Kokoro no Naka no ""Kokoro""",,龍鎖のオリ－心の中の“こころ”－,Light Novel,830,7.19,2020,https://cdn.myanimelist.net/images/manga/3/253507l.jpg
447,Seiyuu Radio no Uraomote,The Many Sides of Voice Actor Radio,声優ラジオのウラオモテ,Manga,3929,7.19,2020,https://cdn.myanimelist.net/images/manga/1/237108l.jpg
455,Anthology Minna de Sarazanmai,Sarazanmai: The Official Manga Anthology,アンソロジー みんなでさらざんまい,Manga,346,7.18,2020,https://cdn.myanimelist.net/images/manga/3/245512l.jpg
455,Debby the Corsifa wa Makezugirai,Debby the Corsifa is Emulous,デビィ・ザ・コルシファは負けず嫌い,Manga,7256,7.18,2020,https://cdn.myanimelist.net/images/manga/1/244072l.jpg
455,Ginger and the Cursed Prince,Ginger and the Cursed Prince,악역이 베푸는 미덕,Manhwa,5771,7.18,2020,https://cdn.myanimelist.net/images/manga/2/298162l.jpg
455,"Itsuka, Kazoku ni Naru made",,いつか、家族になるまで,Manga,1178,7.18,2020,https://cdn.myanimelist.net/images/manga/1/255838l.jpg
455,Koishite Kiss shite Kanjaitai,"I Wanna Love You, Kiss You, Bite You",恋して キスして かんじゃいたい,Manga,1758,7.18,2020,https://cdn.myanimelist.net/images/manga/3/245712l.jpg
455,Korogaru Onna to Koi no Numa,She Is Rolling and Fall in Love.,転がる女と恋の沼,Manga,1771,7.18,2020,https://cdn.myanimelist.net/images/manga/2/247506l.jpg
455,Love You♡,,らぶゆー♡,Manga,600,7.18,2020,https://cdn.myanimelist.net/images/manga/3/285159l.jpg
455,Pygmalion,Pygmalion,피그말리온,Manhwa,363,7.18,2020,https://cdn.myanimelist.net/images/manga/3/333728l.jpg
455,Resign,,resign,One-shot,360,7.18,2020,https://cdn.myanimelist.net/images/manga/1/269256l.jpg
464,Baki Gaiden: Retsu Kaiou wa Isekai Tensei shitemo Ikkou ni Kamawan!,,バキ外伝 烈海王は異世界転生しても一向にかまわんッッ,Manga,1693,7.17,2020,https://cdn.myanimelist.net/images/manga/1/246962l.jpg
464,"Gariben Jimi Moe Reijou wa, Oresama Ouji nado Oyobidenai",The Lady Likes a Nerd over Princes,ガリ勉地味萌え令嬢は、俺様王子などお呼びでない,Manga,3736,7.17,2020,https://cdn.myanimelist.net/images/manga/3/239575l.jpg
464,Genkai Chitai,The Liminal Zone,幻怪地帯,Manga,5270,7.17,2020,https://cdn.myanimelist.net/images/manga/2/265838l.jpg
464,Junkyouju Takatsuki Akira no Suisatsu,Associate Professor Akira Takatsuki's Conjecture,准教授・高槻彰良の推察,Manga,1634,7.17,2020,https://cdn.myanimelist.net/images/manga/3/237711l.jpg
464,Light of My Life,Light of My Life,ライトオブマイライフ,Manga,1151,7.17,2020,https://cdn.myanimelist.net/images/manga/2/254332l.jpg
464,Mamotte Agetai Sawatari-san,"I Want to Protect You, Mr. Sawatari",守ってあげたい佐渡さん,Manga,501,7.17,2020,https://cdn.myanimelist.net/images/manga/2/279635l.jpg
464,Natsume-senpai ni Semarareru Hibi,Getting Closer to You,棗センパイに迫られる日々,Manga,3660,7.17,2020,https://cdn.myanimelist.net/images/manga/2/247860l.jpg
464,Shaman King & A Garden,Shaman King & a garden,SHAMAN KING & a garden,Manga,918,7.17,2020,https://cdn.myanimelist.net/images/manga/2/243038l.jpg
464,Tale of a Scribe Who Retires to the Countryside,,낙향문사전,Manhwa,4731,7.17,2020,https://cdn.myanimelist.net/images/manga/1/267467l.jpg
464,The Lady and the Beast,The Lady and the Beast,그녀와 야수,Manhwa,7544,7.17,2020,https://cdn.myanimelist.net/images/manga/2/343581l.jpg
474,Koi dewa Nai to Omoitai,This Can't Be First Love,恋ではないと思いたい,Manga,1722,7.16,2020,https://cdn.myanimelist.net/images/manga/2/255664l.jpg
474,Nise Seiken Monogatari: Osananajimi no Seijo wo Uttara Michizure ni Sareta,,偽・聖剣物語 幼なじみの聖女を売ったら道連れにされた,Manga,4331,7.16,2020,https://cdn.myanimelist.net/images/manga/3/237723l.jpg
474,One Chance!,Teacher's Pet,One Chance!,Manga,326,7.16,2020,https://cdn.myanimelist.net/images/manga/1/249678l.jpg
474,Shokei sareta Kenja wa Lich ni Tensei shite Shinryaku Sensou wo Hajimeru,The Executed Sage Who Was Reincarnated as a Lich Started an All-Out War,処刑された賢者はリッチに転生して侵略戦争を始める,Manga,15576,7.16,2020,https://cdn.myanimelist.net/images/manga/1/236955l.jpg
474,Shounen wo Kau,Taking in a Stray,少年を飼う,Manga,3461,7.16,2020,https://cdn.myanimelist.net/images/manga/2/243390l.jpg
474,Tada Arifureteita.,,ただあり触れていた。,Doujinshi,2381,7.16,2020,https://cdn.myanimelist.net/images/manga/1/246510l.jpg
480,Ikemen Sugiru Gorilla,,イケメンすぎるゴリラ,One-shot,1298,7.15,2020,https://cdn.myanimelist.net/images/manga/3/265858l.jpg
480,Imawa no Kuni no Alice Retry,Alice in Borderland Retry,今際の国のアリス RETRY,Manga,11321,7.15,2020,https://cdn.myanimelist.net/images/manga/3/238212l.jpg
480,Kanda Gokurachou Shokuninbanashi,Neighborhood Craftsmen: Stories from Kanda's Gokura-chou,神田ごくら町職人ばなし,Manga,1048,7.15,2020,https://cdn.myanimelist.net/images/manga/1/291141l.jpg
480,Koi no Hajimari,The Start of My Story,恋のはじまり,Manga,2612,7.15,2020,https://cdn.myanimelist.net/images/manga/1/256331l.jpg
480,Oni Joushi Gokudera-san wa Abakaretai.,"My Demon Boss, Mr. Gokudera, Wants to Be Exposed!",鬼上司・獄寺さんは暴かれたい。,Manga,955,7.15,2020,https://cdn.myanimelist.net/images/manga/1/248359l.jpg
480,Play After Call,,プレイアフターコール,Manga,838,7.15,2020,https://cdn.myanimelist.net/images/manga/2/274152l.jpg
480,Yume no Shizuku to Hoshi no Hana,,夢の雫と星の花,Manga,845,7.15,2020,https://cdn.myanimelist.net/images/manga/1/256383l.jpg
487,45-fun de Kare wo Todokete,Your Man Will Arrive in 45 Minutes,45分で彼を届けて,One-shot,701,7.14,2020,https://cdn.myanimelist.net/images/manga/1/242609l.jpg
487,Akuyaku Reijou no Shitsuji-sama: Hametsu Flag wa Ore ga Tsubusasete Itadakimasu,The Villainess' Butler: Death Flag Destroyer at Your Service,悪役令嬢の執事様 破滅フラグは俺が潰させていただきます,Manga,11264,7.14,2020,https://cdn.myanimelist.net/images/manga/3/239577l.jpg
487,Ashita Niji ga Denakutemo,Even if There's No Rainbow Tomorrow,あした虹がでなくても,Manga,1077,7.14,2020,https://cdn.myanimelist.net/images/manga/1/253755l.jpg
487,Gal to Inkya no Kousai Shuukan.,,ギャルと陰キャの交際週間。,Doujinshi,709,7.14,2020,https://cdn.myanimelist.net/images/manga/2/268022l.jpg
487,No Love Zone Side Story,,토끼전 : 연애제한구역 외전,Manhwa,482,7.14,2020,https://cdn.myanimelist.net/images/manga/1/308324l.jpg
487,"Painful, but Desirable","Painful, but Desirable",아파도 하고 싶은,Manhwa,874,7.14,2020,https://cdn.myanimelist.net/images/manga/2/263669l.jpg
487,Tonari no Seki-kun Junior,,となりの関くん じゅにあ,Manga,1911,7.14,2020,https://cdn.myanimelist.net/images/manga/3/247172l.jpg
487,Ushimitsu Dokidoki Koshotentan,Midnight Bookstore,うしみつどきどき古書店譚,Manga,328,7.14,2020,https://cdn.myanimelist.net/images/manga/1/277338l.jpg
495,Aien Catharsis,,逢縁カタルシス,Manga,778,7.13,2020,https://cdn.myanimelist.net/images/manga/3/245982l.jpg
495,Farmer of Spirits,Farmer of Spirits,정령 농사꾼,Manhwa,4586,7.13,2020,https://cdn.myanimelist.net/images/manga/3/262929l.jpg
495,Isekai Kita no de Sukebe Skill de Zenryoku Ouka Shiyou to Omou,"In a Different World, Try All My Might to Enjoy It With My Erotic Skills",異世界来たのでスケベスキルで全力謳歌しようと思う,Manga,518,7.13,2020,https://cdn.myanimelist.net/images/manga/1/315973l.jpg
495,Kanashiki Ningyo,Dearest Mermaid,愛〈かな〉しき人魚,Manga,818,7.13,2020,https://cdn.myanimelist.net/images/manga/2/253747l.jpg
495,"Kizoku kara Shomin ni Natta node, Konyaku wo Kaishou saremashita!","When I Became a Commoner, They Broke Off Our Engagement!",貴族から庶民になったので、婚約を解消されました！,Manga,783,7.13,2020,https://cdn.myanimelist.net/images/manga/3/275597l.jpg
495,Musume ja Nakute Mama ga Suki nano!?,"You Like Me, Not My Daughter?!",娘じゃなくて私〈ママ〉が好きなの!?,Manga,23459,7.13,2020,https://cdn.myanimelist.net/images/manga/3/244274l.jpg
495,Shounen no Abyss,Boy's Abyss,少年のアビス,Manga,105161,7.13,2020,https://cdn.myanimelist.net/images/manga/2/232167l.jpg
495,The Viridescent Tiara,The Viridescent Tiara,녹음의 관,Manhwa,5008,7.13,2020,https://cdn.myanimelist.net/images/manga/3/297529l.jpg
503,10000 Kounen Sougankyou,10000 Light-Year Binoculars,10000光年双眼鏡,Doujinshi,268,7.12,2020,https://cdn.myanimelist.net/images/manga/1/316930l.jpg
503,Ai wo Ataeru Kemono-tachi,Beasts Giving Love,愛を与える獣達,Manga,1405,7.12,2020,https://cdn.myanimelist.net/images/manga/2/246513l.jpg
503,Amagami-san Chi no Enmusubi,,甘神さんちの縁結び,One-shot,3075,7.12,2020,https://cdn.myanimelist.net/images/manga/1/239243l.jpg
503,Healing Paradox,Healing Paradox,ヒーリングパラドックス,Manga,749,7.12,2020,https://cdn.myanimelist.net/images/manga/2/282729l.jpg
503,Hikikomori Niizuma,,引きこもり新妻,Manga,1675,7.12,2020,https://cdn.myanimelist.net/images/manga/3/233896l.jpg
503,Keisenjou no Cantata,Cantata on the Ruled Line,罫線上のカンタータ,Manga,729,7.12,2020,https://cdn.myanimelist.net/images/manga/1/252791l.jpg
503,"Maou-sama, Retry! R","Demon Lord, Retry! R",魔王様、リトライ! R,Manga,5571,7.12,2020,https://cdn.myanimelist.net/images/manga/3/238838l.jpg
503,Nyaight of the Living Cat,Night of the Living Cat,ニャイト・オブ・ザ・リビングキャット,Manga,2572,7.12,2020,https://cdn.myanimelist.net/images/manga/3/259096l.jpg
511,200m Saki no Netsu,Heat 200 Meters Away,200m先の熱,Manga,1760,7.11,2020,https://cdn.myanimelist.net/images/manga/2/257192l.jpg
511,Chicchai Kanojo Senpai to Dousei Shimasu.,,ちっちゃい彼女先輩と同棲します。,Manga,1693,7.11,2020,https://cdn.myanimelist.net/images/manga/2/249050l.jpg
511,Hades-sama no Mujihi na Konin,Lord Hades's Ruthless Marriage,ハデスさまの無慈悲な婚姻,Manga,1110,7.11,2020,https://cdn.myanimelist.net/images/manga/2/250545l.jpg
511,Kokoro Nochi Hare,Partly-Cloudy Hearts With Chance of Sunshine,ココロのち晴れ,Manga,236,7.11,2020,https://cdn.myanimelist.net/images/manga/3/293854l.jpg
511,Love Live! Nijigasaki Gakuen School Idol Doukoukai: Kizuna Comic Book,,ラブライブ! 虹ヶ咲学園スクールアイドル同好会 キズナComicBook,Manga,313,7.11,2020,https://cdn.myanimelist.net/images/manga/2/297572l.jpg
511,Yakusoku no Neverland: Tokubetsu Bangai-hen - Jijyuu no Sora wo Motomete,The Promised Neverland: Special Side Story - Seeking the Sky of Freedom,約束のネバーランド 特別番外編 自由の空を求めて,One-shot,3902,7.11,2020,https://cdn.myanimelist.net/images/manga/4/238272l.jpg
511,Youjo to Scoop to Maganou,"The Girl, the Shovel, and the Evil Eye",幼女とスコップと魔眼王,Manga,5684,7.11,2020,https://cdn.myanimelist.net/images/manga/1/239824l.jpg
518,Assorted Wildness,Assorted Wildness,미친놈 종합세트,Manhwa,556,7.1,2020,https://cdn.myanimelist.net/images/manga/3/331364l.jpg
518,Daybreaking Romance,,동트는 로맨스,Manhwa,554,7.1,2020,https://cdn.myanimelist.net/images/manga/3/261715l.jpg
518,Friendly Competition,,선의의 경쟁,Manhwa,585,7.1,2020,https://cdn.myanimelist.net/images/manga/3/339935l.jpg
518,Hana to Kuchizuke,Kissing the Flower in Bloom,花とくちづけ,Manga,3647,7.1,2020,https://cdn.myanimelist.net/images/manga/3/240026l.jpg
518,"Haru Kakete, Uguisu",A Nightingale Awaits the Blooming Love of Spring,春懸けて、鶯,Manga,2024,7.1,2020,https://cdn.myanimelist.net/images/manga/3/255857l.jpg
518,Hoshoku Taishou Hinadori-kun Encore,Rock Your World!,捕食対象ひなどりくん アンコール,Manga,410,7.1,2020,https://cdn.myanimelist.net/images/manga/3/256390l.jpg
518,Kenshirou ni Yoroshiku,,ケンシロウによろしく,Manga,4566,7.1,2020,https://cdn.myanimelist.net/images/manga/2/232991l.jpg
518,Mania,Mania,열광,Manhwa,417,7.1,2020,https://cdn.myanimelist.net/images/manga/3/338283l.jpg
518,Memorize,Memorize,메모라이즈,Manhwa,8422,7.1,2020,https://cdn.myanimelist.net/images/manga/1/262254l.jpg
518,Omae ni Zettai Ienai Koto,,お前に絶対言えないコト,Manga,294,7.1,2020,https://cdn.myanimelist.net/images/manga/1/287847l.jpg
518,Otome no Itari,,乙女のいたり,One-shot,1173,7.1,2020,https://cdn.myanimelist.net/images/manga/3/236008l.jpg
518,Romantic Lament,Romantic Lament,ロマンチック・ラメント,Manga,820,7.1,2020,https://cdn.myanimelist.net/images/manga/2/255149l.jpg
518,"Seijo-sama? Iie, Toorisugari no Mamonotsukai desu!: Zettai Muteki no Seijo wa Mofumofu to Tabi wo Suru",Saint? No! I'm Just a Passing Beast Tamer!: The Invincible Saint and the Quest for Fluff,"聖女さま? いいえ, 通りすがりの魔物使いです! ～絶対無敵の聖女はモフモフと旅をする～",Manga,2905,7.1,2020,https://cdn.myanimelist.net/images/manga/1/241944l.jpg
518,Tougen Anki,Tougen Anki: Legend of the Cursed Blood,桃源暗鬼,Manga,33552,7.1,2020,https://cdn.myanimelist.net/images/manga/3/235398l.jpg
518,Uchi no Otouto-domo ga Sumimasen,,うちの弟どもがすみません,Manga,2166,7.1,2020,https://cdn.myanimelist.net/images/manga/3/273409l.jpg
518,Unmei no Hito desu.,His Nose Can Tell I'm the One,運命の人です。,Manga,578,7.1,2020,https://cdn.myanimelist.net/images/manga/3/274210l.jpg
518,Wild Shiki Nihonjin-zuma no Netorikata,Wild Style: How to Steal a Japanese Housewife,ワイルド式 日本人妻の寝取り方,Doujinshi,349,7.1,2020,https://cdn.myanimelist.net/images/manga/3/309077l.jpg
518,Yousei no Okyakusama,The Dressmaker and the Fairy,妖精のおきゃくさま,Manga,922,7.1,2020,https://cdn.myanimelist.net/images/manga/1/243308l.jpg
536,Boku no Otona Shokugyou Taiken,,ぼくのおとな職業体験,Manga,1007,7.09,2020,https://cdn.myanimelist.net/images/manga/2/243973l.jpg
536,Celestial Bride,Celestial Bride,천인의 신부,Manhwa,612,7.09,2020,https://cdn.myanimelist.net/images/manga/2/267202l.jpg
536,Futari de Papa Hajimemashita more,,二人でパパはじめました more,Manga,480,7.09,2020,https://cdn.myanimelist.net/images/manga/2/279943l.jpg
536,"Henkyougurashi no Maou, Tensei shite Saikyou no Majutsushi ni Naru",,辺境ぐらしの魔王、転生して最強の魔術師になる,Manga,7629,7.09,2020,https://cdn.myanimelist.net/images/manga/1/242734l.jpg
536,Kanojo no Imouto to Kiss wo Shita.,I Kissed My Girlfriend's Little Sister?!,カノジョの妹とキスをした。,Light Novel,1860,7.09,2020,https://cdn.myanimelist.net/images/manga/1/235138l.jpg
536,Mabataki yori Hayaku!!,,瞬きより迅く!!,Manga,838,7.09,2020,https://cdn.myanimelist.net/images/manga/2/254012l.jpg
536,Penguin Shinshi.,Penguin Gentlemen,ペンギン紳士。,Manga,487,7.09,2020,https://cdn.myanimelist.net/images/manga/3/246114l.jpg
536,Suda-kun no Himitsu,My Frilly Secret,須田くんのヒミツ,Manga,1312,7.09,2020,https://cdn.myanimelist.net/images/manga/3/255629l.jpg
536,VR Ojisan no Hatsukoi,An Older Guy's VR First Love,VRおじさんの初恋,Manga,363,7.09,2020,https://cdn.myanimelist.net/images/manga/2/268607l.jpg
545,Bergamot & Sunny Day,Bergamot & Sunny Day,ベルガモット＆サニーデイ,Manga,477,7.08,2020,https://cdn.myanimelist.net/images/manga/1/287256l.jpg
545,Houkago no Salome,,放課後のサロメ,Manga,1661,7.08,2020,https://cdn.myanimelist.net/images/manga/2/237064l.jpg
545,Innocent wo Kegasu Kiss,A Kiss that Stains the Innocence,イノセントを穢すキス,Manga,708,7.08,2020,https://cdn.myanimelist.net/images/manga/2/262679l.jpg
545,Kiss mo Mada na Watashi desu.,,キスもまだな私です。,One-shot,373,7.08,2020,https://cdn.myanimelist.net/images/manga/3/254577l.jpg
545,"Kuuki ga ""Yomeru"" Shinnyuu Shain to Buaisou na Senpai",,空気が「読める」新入社員と無愛想な先輩,Manga,3237,7.08,2020,https://cdn.myanimelist.net/images/manga/3/239426l.jpg
545,"Negai wo Kanaete Moraou to Akuma wo Shoukan shita kedo, Kawaikatta node Kekkon shimashita: Akuma no Niizuma",My New Devil Wife,願いを叶えてもらおうと悪魔を召喚したけど、可愛かったので結婚しました～悪魔の新妻～,Manga,13009,7.08,2020,https://cdn.myanimelist.net/images/manga/3/238968l.jpg
545,Otome Game no Hametsu Flag shika Nai Akuyaku Reijou ni Tensei shiteshimatta... Comic Anthology,,乙女ゲームの破滅フラグしかない悪役令嬢に転生してしまった… コミックアンソロジー,Manga,1159,7.08,2020,https://cdn.myanimelist.net/images/manga/1/234780l.jpg
545,Return to Player,Return to Player,리턴 투 플레이어,Manhwa,14510,7.08,2020,https://cdn.myanimelist.net/images/manga/2/261719l.jpg
545,Shinigami wa Korosenai,Reaper Cannot Kill,死神は殺せない,Manga,2742,7.08,2020,https://cdn.myanimelist.net/images/manga/1/244867l.jpg
545,Sono Mimi Sawarasete Kudasai,Let Me Touch That Ear.,その耳触らせてください,Manga,1048,7.08,2020,https://cdn.myanimelist.net/images/manga/2/248995l.jpg
545,Sore wa Rei no Shiwaza desu,,それは霊のしわざです,Manga,15092,7.08,2020,https://cdn.myanimelist.net/images/manga/1/276838l.jpg
545,Tasogareboshi no Sui to Neri,,黄昏星のスイとネリ,Manga,1249,7.08,2020,https://cdn.myanimelist.net/images/manga/1/241667l.jpg
545,"Tensei shitara Dainana Ouji Datta node, Kimama ni Majutsu wo Kiwamemasu",,転生したら第七王子だったので、気ままに魔術を極めます,Light Novel,1099,7.08,2020,https://cdn.myanimelist.net/images/manga/2/248690l.jpg
545,The Worn and Torn Newbie,The Worn and Torn Newbie,닳고닳은 뉴비,Manhwa,9506,7.08,2020,https://cdn.myanimelist.net/images/manga/2/262430l.jpg
545,Whispers Through the Willows,Whispers Through the Willows,버드나무 로맨스,Manhwa,545,7.08,2020,https://cdn.myanimelist.net/images/manga/3/331279l.jpg
560,"Answer Me, My Prince","Answer Me, My Prince","답장을 주세요, 왕자님",Manhwa,389,7.07,2020,https://cdn.myanimelist.net/images/manga/3/331250l.jpg
560,Anti P.T.,Anti P.T.,안티피티,Manhwa,3237,7.07,2020,https://cdn.myanimelist.net/images/manga/1/259529l.jpg
560,Buna no Mori no Aria,Aria of the Beech Forest,ブナの森のアリア,Manga,2130,7.07,2020,https://cdn.myanimelist.net/images/manga/2/267031l.jpg
560,Cinderella wa Sagasanai.,,シンデレラは探さない。,Manga,9533,7.07,2020,https://cdn.myanimelist.net/images/manga/4/250306l.jpg
560,Hatsukoi no Kaeru Shima,,初恋の帰る島,Manga,723,7.07,2020,https://cdn.myanimelist.net/images/manga/1/255464l.jpg
560,Ibitte Konai Gibo to Gishi,My Stepmother and Stepsisters Aren't Wicked,いびってこない義母と義姉,Manga,1905,7.07,2020,https://cdn.myanimelist.net/images/manga/2/256997l.jpg
560,Kimi ga Kagi wo Akeru made,Until You Unlock the Door,きみが鍵をあけるまで,Manga,560,7.07,2020,https://cdn.myanimelist.net/images/manga/2/250923l.jpg
560,Kono Sekai wa Fukanzen Sugiru,Quality Assurance in Another World,この世界は不完全すぎる,Manga,2363,7.07,2020,https://cdn.myanimelist.net/images/manga/3/235528l.jpg
560,Masamune-kun no Revenge Tokubetsu-hen: Rental Kareshi Masamune-kun,,政宗くんのリベンジ 特別編 レンタル彼氏 政宗くん,One-shot,1145,7.07,2020,https://cdn.myanimelist.net/images/manga/1/281591l.jpg
560,Mio no Na no Moto ni,In the Name of the Mermaid Princess,ミオの名のもとに,Manga,1658,7.07,2020,https://cdn.myanimelist.net/images/manga/1/250337l.jpg
560,Tomodachi toshite Daisuki,,友達として大好き,Manga,8158,7.07,2020,https://cdn.myanimelist.net/images/manga/1/236634l.jpg
560,Tonari no Otona-kun,My Darling Next Door,となりのオトナくん,Manga,4737,7.07,2020,https://cdn.myanimelist.net/images/manga/1/234365l.jpg
572,Aire,,아이레,Manhwa,1280,7.06,2020,https://cdn.myanimelist.net/images/manga/1/267637l.jpg
572,Hajimete no Suwa-san,My First Times with Suwa-san,はじめての諏訪さん,Manga,3731,7.06,2020,https://cdn.myanimelist.net/images/manga/2/241359l.jpg
572,Kake kara Hajimaru Sayonara no Koi,,賭けからはじまるサヨナラの恋,Manga,4540,7.06,2020,https://cdn.myanimelist.net/images/manga/1/242659l.jpg
572,Mahoutsukai wa Furete Hodokeru,,魔法使いは触れて解ける,Manga,579,7.06,2020,https://cdn.myanimelist.net/images/manga/1/262136l.jpg
572,Maid no Kishi-san,"My Maid, Miss Kishi",メイドの岸さん,Manga,3829,7.06,2020,https://cdn.myanimelist.net/images/manga/2/235948l.jpg
572,Mememori-kun ni wa Kanawanai,,目々盛くんには敵わない,Manga,2358,7.06,2020,https://cdn.myanimelist.net/images/manga/2/249072l.jpg
572,Playboy Beast,,プレイボーイ・ビースト,Manga,1583,7.06,2020,https://cdn.myanimelist.net/images/manga/1/244589l.jpg
572,Rajou Koizukiyo,Love at the City's Edge on a Moonlit Night,羅城恋月夜,Manga,502,7.06,2020,https://cdn.myanimelist.net/images/manga/1/253749l.jpg
572,Sonna Kao Shitemo Kiss wa Dame,"I'll Kiss You, You'll See.",そんな顔してもキスはだめ,Manga,987,7.06,2020,https://cdn.myanimelist.net/images/manga/1/255309l.jpg
581,Hitori Ecchi Online,I Caught Him Getting Off Online!,ひとりえっちオンライン,Manga,828,7.05,2020,https://cdn.myanimelist.net/images/manga/1/255394l.jpg
581,Kajiya de Hajimeru Isekai Slow Life,My Quiet Blacksmith Life in Another World,鍛冶屋ではじめる異世界スローライフ,Manga,12747,7.05,2020,https://cdn.myanimelist.net/images/manga/3/241629l.jpg
581,Mitsuba-kun wa Aniyome-san to.,,みつば君はあにヨメさんと。,Manga,562,7.05,2020,https://cdn.myanimelist.net/images/manga/1/255883l.jpg
581,Omae no Yubi de Toroketara,If Your Fingers Could Get Me Off,お前の指でとろけたら,Manga,785,7.05,2020,https://cdn.myanimelist.net/images/manga/1/250344l.jpg
581,"Senpai, Danjite Koi dewa!: Brush Up","Senpai, This Can’t Be Love! Brush Up",先輩、断じて恋では! Brush up,Manga,965,7.05,2020,https://cdn.myanimelist.net/images/manga/1/245963l.jpg
581,Shitto wa Ai wo Kumoraseru,Jealousy Blinds Love,嫉妬は愛を曇らせる,Manga,2453,7.05,2020,https://cdn.myanimelist.net/images/manga/3/250116l.jpg
587,A Beastly Scandal,,짐승같은 스캔들,Manhwa,868,7.04,2020,https://cdn.myanimelist.net/images/manga/1/290474l.jpg
587,Amaama Koakuma,Sweet Sweet Little Devil,あまあま小悪魔,Manga,357,7.04,2020,https://cdn.myanimelist.net/images/manga/3/262736l.jpg
587,Dungeon Reset,Dungeon Reset,던전 리셋,Manhwa,16316,7.04,2020,https://cdn.myanimelist.net/images/manga/1/261491l.jpg
587,Ganbare Douki-chan,,がんばれ同期ちゃん,Manga,10381,7.04,2020,https://cdn.myanimelist.net/images/manga/3/253748l.jpg
587,Hell Mode: Yarikomizuki no Gamer wa Hai Settei no Isekai de Musou suru - Hajimari no Shoukanshi,Hell Mode: The Hardcore Gamer Dominates Another World with Garbage Balancing - Summoner of the Beginning,ヘルモード ～やり込み好きのゲーマーは廃設定の異世界で無双する～ はじまりの召喚士,Manga,12941,7.04,2020,https://cdn.myanimelist.net/images/manga/1/244179l.jpg
587,I Fell into a Reverse Harem Game!,I Fell into a Reverse Harem Game!,역하렘 게임 속으로 떨어진 모양입니다,Manhwa,5325,7.04,2020,https://cdn.myanimelist.net/images/manga/3/262116l.jpg
587,Kimi ni Barenakya Honto wa Motto,Discover My Secret,君にバレなきゃホントはもっと,Manga,457,7.04,2020,https://cdn.myanimelist.net/images/manga/2/262447l.jpg
587,Kimidori,,キミドリ,Manga,707,7.04,2020,https://cdn.myanimelist.net/images/manga/2/256493l.jpg
587,Kyou wa Mada Futsuu ni Narenai,I'm Not Ready to Be Normal Today.,今日はまだフツーになれない,Manga,792,7.04,2020,https://cdn.myanimelist.net/images/manga/1/265144l.jpg
587,Log in to Lust-a-land,Log in to Lust-a-land,러브러브 원더랜드,Manhwa,924,7.04,2020,https://cdn.myanimelist.net/images/manga/1/298777l.jpg
587,"Moshi, Koi ga Mieta nara",If You Could See Love,もし、恋が見えたなら,Manga,5127,7.04,2020,https://cdn.myanimelist.net/images/manga/3/238954l.jpg
587,Platanus no Mi,,プラタナスの実,Manga,463,7.04,2020,https://cdn.myanimelist.net/images/manga/1/242925l.jpg
587,Ryoukataomoi na Futago Shimai,,両片想いな双子姉妹,Manga,2674,7.04,2020,https://cdn.myanimelist.net/images/manga/2/244995l.jpg
587,Saint Seiya: Meiou Iden - Dark Wing,Saint Seiya: Dark Wing,聖闘士星矢 冥王異伝 ダークウィング,Manga,641,7.04,2020,https://cdn.myanimelist.net/images/manga/1/246667l.jpg
587,Terror vs Revival,,테러대부활,Manhwa,995,7.04,2020,https://cdn.myanimelist.net/images/manga/1/265845l.jpg
587,The Savior's Time,The Savior's Time,구주의 시간,Manhwa,789,7.04,2020,https://cdn.myanimelist.net/images/manga/3/264975l.jpg
587,Yakuza ga Tensei shitara Mori Ranmaru Datta Ken,That Time a Gangster Was Reincarnated into a Historical Era: Nobunaga Wants to Make Me His Page!?,ヤクザが転生したら森蘭丸だった件,Manga,507,7.04,2020,https://cdn.myanimelist.net/images/manga/2/253399l.jpg
604,Boku dake no Inbo-tachi,,僕だけの淫母たち,Manga,799,7.03,2020,https://cdn.myanimelist.net/images/manga/2/242656l.jpg
604,Shachiku Succubus no Hanashi,,社畜サキュバスの話,Manga,20947,7.03,2020,https://cdn.myanimelist.net/images/manga/1/226132l.jpg
604,Tantei Jimusho no Kainushi-sama,The (Pet) Detective Agency,探偵事務所の飼い主さま,Manga,1793,7.03,2020,https://cdn.myanimelist.net/images/manga/2/249165l.jpg
604,The Villainess's Days are Numbered!,The Villainess's Days are Numbered!,시한부 악녀의 해피엔딩,Manhwa,3991,7.03,2020,https://cdn.myanimelist.net/images/manga/2/262529l.jpg
604,Touhou Project Niji Sousaku Series: Sanae-san wa Iedechuu!,Sanae is Running Away from Home!,東方Project二次創作シリーズ 早苗さんは家出中!,Manga,346,7.03,2020,https://cdn.myanimelist.net/images/manga/1/272808l.jpg
609,"Ashita, Kimi no Mono ni Shite","Tomorrow, Make Me Yours",明日、きみのものにして,Manga,1793,7.02,2020,https://cdn.myanimelist.net/images/manga/1/254296l.jpg
609,Dungeon no Naka no Hito,Dungeon People,ダンジョンの中のひと,Manga,1966,7.02,2020,https://cdn.myanimelist.net/images/manga/3/244530l.jpg
609,Gal no Haigo ni Rei ga Iru,The Ghost Is Behind the Gal.,ギャルの背後に霊がいる,Manga,2094,7.02,2020,https://cdn.myanimelist.net/images/manga/3/246759l.jpg
609,Hamuko to Gao-kun,Hamuko and Gao-kun,ハム子とガオくん,Manga,3001,7.02,2020,https://cdn.myanimelist.net/images/manga/2/248824l.jpg
609,Hatsukoi ni wa Kanawanai!,I Am No Match for the First Love!,初恋には敵わない!,Manga,1149,7.02,2020,https://cdn.myanimelist.net/images/manga/2/279905l.jpg
609,Kimi wo Mae ni Shitara Ore wa Mou... Nikushoku wa Danshi no Junjou na Yokujou,"When You're Near Me, I Just... An Alpha Male's Pure Love",君を前にしたら俺はもうっ… 肉食派男子の純情な欲情,Manga,882,7.02,2020,https://cdn.myanimelist.net/images/manga/3/253435l.jpg
609,Majo ni Sasageru Trick,Tricks Dedicated to Witches,魔女に捧げるトリック,Manga,4354,7.02,2020,https://cdn.myanimelist.net/images/manga/1/237121l.jpg
609,Neta Character Tensei toka Anmari da! the Comic,Did I Seriously Just Get Reincarnated as My Gag Character?!,ネタキャラ転生とかあんまりだ! THE COMIC,Manga,5850,7.02,2020,https://cdn.myanimelist.net/images/manga/1/238383l.jpg
609,Souteigai no Sweet Marriage,Unexpectedly Sweet Marriage,想定外のスウィートマリッジ,Manga,1026,7.02,2020,https://cdn.myanimelist.net/images/manga/1/260608l.jpg
609,Tamamo no Koi,,玉藻の恋,Manga,840,7.02,2020,https://cdn.myanimelist.net/images/manga/3/244546l.jpg
619,Chotto Bijin de Mune ga Dekakute Eroi dake no Baka-nee,,ちょっと美人で胸がデカくてエロいだけのバカ姉ぇ,Manga,849,7.01,2020,https://cdn.myanimelist.net/images/manga/3/268488l.jpg
619,Chuugaku Onaji dakedo Shabetta Koto Nai Tomodachi,,中学同じだけど喋ったことないトモダチ,One-shot,1136,7.01,2020,https://cdn.myanimelist.net/images/manga/3/233761l.jpg
619,Gendai Shakai de Otome Game no Akuyaku Reijou wo Suru no wa Chotto Taihen,Modern Villainess: It's Not Easy Building a Corporate Empire Before the Crash,現代社会で乙女ゲームの悪役令嬢をするのはちょっと大変,Light Novel,676,7.01,2020,https://cdn.myanimelist.net/images/manga/3/242666l.jpg
619,Getsuyoubi no Tawawa,Tawawa on Monday,月曜日のたわわ,Manga,14856,7.01,2020,https://cdn.myanimelist.net/images/manga/2/243101l.jpg
619,God of Blackfield,God of Blackfield,갓 오브 블랙필드,Manhwa,11519,7.01,2020,https://cdn.myanimelist.net/images/manga/2/261694l.jpg
619,Kamisama ga Koi wo Shiro to Itteiru!,,神様が恋をしろと言っている!,Manga,387,7.01,2020,https://cdn.myanimelist.net/images/manga/1/279515l.jpg
619,Kimi ni Koisuru Hazu ga Nai: Tokimeki-hen,,君に恋するはずがない―トキメキ篇―,Manga,393,7.01,2020,https://cdn.myanimelist.net/images/manga/2/282547l.jpg
619,S-Rank Boukensha de Aru Ore no Musume-tachi wa Juudo no Fathercon deshita,,Sランク冒険者である俺の娘たちは重度のファザコンでした,Manga,11302,7.01,2020,https://cdn.myanimelist.net/images/manga/2/237259l.jpg
619,Sekai de Ichiban Itaranu Koi,The Most Immature Love in the World,世界で一番いたらぬ恋,Manga,1755,7.01,2020,https://cdn.myanimelist.net/images/manga/1/241043l.jpg
619,Tachibana-kun Daite Kudasai!: Hajimete no Aite wa Douryou Ouji!?,"Please Sleep With Me, Tachibana!: My First Sexual Partner Is My Hot Coworker?!",橘くん 抱いてください! ハジメテの相手は同僚王子!?,Manga,588,7.01,2020,https://cdn.myanimelist.net/images/manga/3/279212l.jpg
619,The Beloved Little Princess,The Beloved Little Princess,막내 황녀님,Manhwa,7185,7.01,2020,https://cdn.myanimelist.net/images/manga/3/242275l.jpg
630,Fushisha no Deshi: Jashin no Fukyou wo Katte Naraku ni Otosareta Ore no Eiyuutan,Disciple of the Lich: Or How I Was Cursed By the Gods and Dropped into the Abyss,不死者の弟子 ～邪神の不興を買って奈落に落とされた俺の英雄譚～,Light Novel,1104,7.0,2020,https://cdn.myanimelist.net/images/manga/2/246772l.jpg
630,Hana Flowers,Loving Blossoms,花 flowers,Manga,486,7.0,2020,https://cdn.myanimelist.net/images/manga/1/276168l.jpg
630,Josou shite Off-kai ni Sanka shitemita.,I Cross-Dressed for the IRL Meetup,女装してオフ会に参加してみた。,Manga,1725,7.0,2020,https://cdn.myanimelist.net/images/manga/1/264744l.jpg
630,"Love Me, Doctor!","Love Me, Doctor!",럽미닥터!,Manhwa,457,7.0,2020,https://cdn.myanimelist.net/images/manga/3/331546l.jpg
630,"Otome Game Tensou, Ore ga Heroine de Kyuuseishu!?",,乙女ゲー転送、俺がヒロインで救世主!?,Manga,1366,7.0,2020,https://cdn.myanimelist.net/images/manga/3/239492l.jpg
630,Risou no Kareshi no Hazu nanoni,,理想の彼氏のはずなのに,Manga,1799,7.0,2020,https://cdn.myanimelist.net/images/manga/2/258748l.jpg
630,Saitei na Otoko no Ude no Naka,,最低な男の腕の中,Manga,698,7.0,2020,https://cdn.myanimelist.net/images/manga/3/253753l.jpg
630,Shiotaiou no Satou-san ga Ore ni dake Amai @comic,,塩対応の佐藤さんが俺にだけ甘い＠comic,Manga,15052,7.0,2020,https://cdn.myanimelist.net/images/manga/3/235208l.jpg
630,"Tantei wa Mou, Shindeiru.",The Detective Is Already Dead,探偵はもう、死んでいる。,Manga,4265,7.0,2020,https://cdn.myanimelist.net/images/manga/3/239488l.jpg
630,α no Ie no Ko,The Children of α's Clan,αの家の子,Manga,1053,7.0,2020,https://cdn.myanimelist.net/images/manga/1/254451l.jpg
640,Blank Space,,ブランクスペース,Manga,1413,6.99,2020,https://cdn.myanimelist.net/images/manga/2/243076l.jpg
640,Kanojo mo Kanojo,"Girlfriend, Girlfriend",カノジョも彼女,Manga,43032,6.99,2020,https://cdn.myanimelist.net/images/manga/3/279849l.jpg
640,Kimi wa Tomodachi,Be My Buddy,きみはともだち,Manga,1228,6.99,2020,https://cdn.myanimelist.net/images/manga/2/260902l.jpg
640,Meteoric Milky Night,Meteoric Milky Night,メテオリックミルキーナイト,Manga,316,6.99,2020,https://cdn.myanimelist.net/images/manga/3/316457l.jpg
640,Momichupa Oppub♂Fever Time,,もみチュパ雄っぱぶ♂フィーバータイム,Manga,644,6.99,2020,https://cdn.myanimelist.net/images/manga/1/246730l.jpg
640,Norainu no Yoru,Stray Dog's Night,野良犬の夜,Manga,1319,6.99,2020,https://cdn.myanimelist.net/images/manga/2/252412l.jpg
640,Omae no Hou ga Kawaii Kuse ni,You Know You're Cuter!,お前のほうがかわいいくせに,Manga,1068,6.99,2020,https://cdn.myanimelist.net/images/manga/2/262269l.jpg
640,Revenge Wedding,Revenge Wedding,리벤지 웨딩,Manhwa,3282,6.99,2020,https://cdn.myanimelist.net/images/manga/3/262623l.jpg
640,Vampire-sama ga Akiramenai!,This Vampire Won't Give Up!,ヴァンパイア様があきらめない!,Manga,1053,6.99,2020,https://cdn.myanimelist.net/images/manga/1/266582l.jpg
649,Devilish Romance,Devilish Romance,헬로맨스,Manhwa,1680,6.98,2020,https://cdn.myanimelist.net/images/manga/3/262903l.jpg
649,Mizuki-senpai no Koi Uranai,Mizuki-senpai's Love Fortune-Telling,水姫先輩の恋占い,Manga,9384,6.98,2020,https://cdn.myanimelist.net/images/manga/2/245351l.jpg
649,Queen in the Shadows,Queen in the Shadows,그림자 황비,Manhwa,4245,6.98,2020,https://cdn.myanimelist.net/images/manga/3/261877l.jpg
649,The Cook's Hidden Blessing,The Cook's Hidden Blessing,요리사가 축복을 숨김,Manhwa,707,6.98,2020,https://cdn.myanimelist.net/images/manga/2/263604l.jpg
649,Ω ni dake wa Naritakunai!!: Isekai Tensei shitara Ane no BL Manga no Naka deshita,,Ωにだけはなりたくない!! ～異世界転生したら姉のBL漫画の中でした～,Manga,801,6.98,2020,https://cdn.myanimelist.net/images/manga/2/265337l.jpg
654,A Summer Night's Dream,A Summer Night's Dream,"한여름, 밤의 꿈",Manhwa,1448,6.97,2020,https://cdn.myanimelist.net/images/manga/2/263341l.jpg
654,Dungeon Sherpa: Meikyuu Michisaki Annainin,Dungeon Sherpa: The Labyrinth Guide,ダンジョン・シェルパ 迷宮道先案内人,Manga,3113,6.97,2020,https://cdn.myanimelist.net/images/manga/2/235721l.jpg
654,Haga-kun wa Kamaretai,,羽賀くんは噛まれたい,Manga,2128,6.97,2020,https://cdn.myanimelist.net/images/manga/1/240964l.jpg
654,Kakine to Keidai,Kakine and Keidai,垣根と境内,Manga,654,6.97,2020,https://cdn.myanimelist.net/images/manga/2/274861l.jpg
654,Nibi to Kuroba,Lonely Wolf & Lovely Crow,ニビとクロバ,Manga,331,6.97,2020,https://cdn.myanimelist.net/images/manga/1/255483l.jpg
654,Pride ni Kiss,Kiss the Pride,プライドにキス,Manga,547,6.97,2020,https://cdn.myanimelist.net/images/manga/2/262742l.jpg
654,Shiro to Kuro: Black & White,Black and White: Tough Love at the Office,白と黒～Black & White～,Manga,2914,6.97,2020,https://cdn.myanimelist.net/images/manga/1/245895l.jpg
654,Sore wa Haru no Owari ni,It Was The End Of Spring,それは春の終わりに,Manga,1178,6.97,2020,https://cdn.myanimelist.net/images/manga/3/249581l.jpg
662,Daisy: How to Become the Duke's Fiancée,Daisy: How to Become the Duke's Fiancée,데이지-공작의 혼약자가 되는 법,Manhwa,2889,6.96,2020,https://cdn.myanimelist.net/images/manga/1/262585l.jpg
662,Keikakuteki Pavlov Maker,Pavlov's Lover,計画的パブロフメイカー,Manga,684,6.96,2020,https://cdn.myanimelist.net/images/manga/2/247850l.jpg
662,Perfect Pink Lover,,パーフェクトピンクラバー,Manga,334,6.96,2020,https://cdn.myanimelist.net/images/manga/1/255595l.jpg
662,Shuumatsu no Koe,,終末の声,One-shot,518,6.96,2020,https://cdn.myanimelist.net/images/manga/3/237861l.jpg
662,Suzuhebi Kyuuairon,The Snake Who Loved a Sparrow,スズヘビ求愛論,Manga,684,6.96,2020,https://cdn.myanimelist.net/images/manga/1/262495l.jpg
662,The Meaning of You,The Meaning of You,너의 의미,Manhwa,1090,6.96,2020,https://cdn.myanimelist.net/images/manga/3/269087l.jpg
662,The Nuna at Our Office,The Nuna at Our Office,오피스 누나 이야기,Manhwa,2996,6.96,2020,https://cdn.myanimelist.net/images/manga/2/263536l.jpg
662,Yarinaoshi Reijou wa Ryuutei Heika wo Kouryakuchuu,The Do-Over Damsel Conquers the Dragon Emperor,やり直し令嬢は竜帝陛下を攻略中,Manga,4216,6.96,2020,https://cdn.myanimelist.net/images/manga/2/236413l.jpg
662,Youmuin-san wa Yuusha ja Arimasen node,,用務員さんは勇者じゃありませんので,Manga,1164,6.96,2020,https://cdn.myanimelist.net/images/manga/3/276080l.jpg
671,Adachi to Shimamura: Koushiki Comic Anthology,,安達としまむら 公式コミックアンソロジー,Manga,709,6.95,2020,https://cdn.myanimelist.net/images/manga/1/250125l.jpg
671,Back to School: All Grown Up,Back to School: All Grown Up,복학생 [성인판],Manhwa,1577,6.95,2020,https://cdn.myanimelist.net/images/manga/1/272214l.jpg
671,Fascination Melt,Fascination Melt,ファシネーション・メルト,Manga,745,6.95,2020,https://cdn.myanimelist.net/images/manga/1/248872l.jpg
671,Hataraku Saibou Lady,Cells at Work! Lady,はたらく細胞LADY,Manga,848,6.95,2020,https://cdn.myanimelist.net/images/manga/1/240296l.jpg
671,Kokou Kemono to Obaka Yankee,,孤高けものとおバカヤンキー,Manga,832,6.95,2020,https://cdn.myanimelist.net/images/manga/3/254719l.jpg
671,"Konyakusha wa, Watashi no Imouto ni Koi wo Suru",Fiancés Fall in Love with My Sister.,婚約者は、私の妹に恋をする,Manga,2557,6.95,2020,https://cdn.myanimelist.net/images/manga/2/243842l.jpg
671,Shippo no Koi,Puppy Love,しっぽの恋,Manga,1281,6.95,2020,https://cdn.myanimelist.net/images/manga/2/257939l.jpg
671,Siscon Ani to Brocon Imouto ga Shoujiki ni Nattara dj - Siscon Ani to Brocon Imouto ga Fuufu ni Nattara Shiawase Sugite Bakuhatsu Shisou,Brother Complex & Sister Complex After Story,シスコン兄とブラコン妹が夫婦になったら幸せ過ぎて爆発しそう,Doujinshi,1361,6.95,2020,https://cdn.myanimelist.net/images/manga/2/265872l.jpg
671,The Long Way of the Warrior,,무사만리행,Manhwa,846,6.95,2020,https://cdn.myanimelist.net/images/manga/2/291305l.jpg
671,The Newlywed Game: How to Save My Husband,The Newlywed Game: How to Save My Husband,시월드 게임 -please save my husband-,Manhwa,658,6.95,2020,https://cdn.myanimelist.net/images/manga/1/267161l.jpg
671,Ushiro no Shoumen Kamui-san,,うしろの正面カムイさん,Manga,6412,6.95,2020,https://cdn.myanimelist.net/images/manga/2/271986l.jpg
671,Usotsuki Android,,うそつきアンドロイド,Manga,1549,6.95,2020,https://cdn.myanimelist.net/images/manga/3/240823l.jpg
683,Appare-Ranman!,Appare-Ranman!,天晴爛漫!,Manga,1063,6.94,2020,https://cdn.myanimelist.net/images/manga/1/244236l.jpg
683,Dekinai Futari,,デキないふたり,Manga,2994,6.94,2020,https://cdn.myanimelist.net/images/manga/1/250713l.jpg
683,Inran Joushi no Private Porno,Perverted Boss's Private Porno,淫乱上司のプライベートポルノ,Manga,452,6.94,2020,https://cdn.myanimelist.net/images/manga/1/255604l.jpg
683,Just Leave Me Be,Just Leave Me Be,나를 버려주세요,Manhwa,5997,6.94,2020,https://cdn.myanimelist.net/images/manga/2/276722l.jpg
683,Koori no Reijou no Tokashikata,How to Melt the Ice Queen's Heart,氷の令嬢の溶かし方,Light Novel,1632,6.94,2020,https://cdn.myanimelist.net/images/manga/1/241800l.jpg
683,Lyra to Mayonaka 3-ji no Daibouken,,ライラと真夜中3時の大冒険,One-shot,549,6.94,2020,https://cdn.myanimelist.net/images/manga/2/236036l.jpg
683,Marked By King Bs,Marked By King Bs,일진에게 찍혔을 때,Manhwa,980,6.94,2020,https://cdn.myanimelist.net/images/manga/3/265423l.jpg
683,My Purrfect Boss!,My Purrfect Boss!,팀장님이 괭장해!,Manhwa,2400,6.94,2020,https://cdn.myanimelist.net/images/manga/1/259888l.jpg
683,"Otaku Tomo ga Kareshi ni Nattara, Saikou, kamo Shirenai",Having an Idol-Loving Boyfriend is the Best!,オタ友が彼氏になったら、最高、かもしれない,Manga,1598,6.94,2020,https://cdn.myanimelist.net/images/manga/2/250074l.jpg
683,Sawaranu Futari wa Nani wo Suru,,さわらぬふたりはナニをする,Manga,926,6.94,2020,https://cdn.myanimelist.net/images/manga/3/253477l.jpg
683,The Lady's Butler,The Lady's Butler,그 아가씨의 집사님,Manhwa,2418,6.94,2020,https://cdn.myanimelist.net/images/manga/1/262937l.jpg
694,Arashi-kun no Dakimakura,Arashi-kun's Dakimakura,嵐士くんの抱きマクラ,Manga,2640,6.93,2020,https://cdn.myanimelist.net/images/manga/1/238799l.jpg
694,Deisui shite Osotta no wa Suki na Hito no Otouto deshita.,,泥酔して襲ったのは好きな人の弟でした。,Manga,1212,6.93,2020,https://cdn.myanimelist.net/images/manga/3/252338l.jpg
694,Eko Eko Azarak Reborn,Eko Eko Azarak Reborn,エコエコアザラク REBORN,Manga,750,6.93,2020,https://cdn.myanimelist.net/images/manga/2/239711l.jpg
694,Futari Asobi,,ふたりあそび,One-shot,315,6.93,2020,https://cdn.myanimelist.net/images/manga/3/255771l.jpg
694,Futsuu ni Koishite,Want to Have a Romantic Relationship Like Everybody Else.,普通に恋して,Manga,285,6.93,2020,https://cdn.myanimelist.net/images/manga/1/262373l.jpg
694,Himegami no Miko,,姫神の巫女,Manga,1446,6.93,2020,https://cdn.myanimelist.net/images/manga/2/239394l.jpg
694,Kaijuu Jieitai,Task Force for Paranormal Disaster Management,怪獣自衛隊,Manga,1882,6.93,2020,https://cdn.myanimelist.net/images/manga/1/244049l.jpg
694,Kuraki Kyuuden no Shisha no Ou,King of the Dead in Dark Palace,昏き宮殿の死者の王,Manga,5129,6.93,2020,https://cdn.myanimelist.net/images/manga/2/235002l.jpg
694,Kuzu demo Dekiru Renairon,What's Wrong with Being a Jerk?,クズでもできる恋愛論,Manga,352,6.93,2020,https://cdn.myanimelist.net/images/manga/3/255448l.jpg
694,Naraku no Futari,The Lovers in the Abyss,奈落のふたり,Manga,5645,6.93,2020,https://cdn.myanimelist.net/images/manga/3/236993l.jpg
694,Natsume to Natsume,Natsume & Natsume,なつめとなつめ,Manga,5129,6.93,2020,https://cdn.myanimelist.net/images/manga/1/238217l.jpg
694,Non-chan to Akari,Non and Akari,のんちゃんとアカリ,Manga,609,6.93,2020,https://cdn.myanimelist.net/images/manga/3/272805l.jpg
694,Shin no Jitsuryoku wa Girigiri made Kakushiteiyou to Omou,I Think I'll Hide My True Ability to the Last Moment.,真の実力はギリギリまで隠していようと思う,Manga,9385,6.93,2020,https://cdn.myanimelist.net/images/manga/1/242669l.jpg
694,Shunjou Biyori,,春情日和,Doujinshi,462,6.93,2020,https://cdn.myanimelist.net/images/manga/3/256014l.jpg
708,4-nin wa Sorezore Uso wo Tsuku,,4人はそれぞれウソをつく,Manga,1288,6.92,2020,https://cdn.myanimelist.net/images/manga/2/254406l.jpg
708,Arigatou tte Itte: Nikaidou Kou Tanpenshuu,Say Thank You: Collected Short Stories of Kou Nikaidou,二階堂幸短編集 ありがとうって言って,Manga,1935,6.92,2020,https://cdn.myanimelist.net/images/manga/3/239723l.jpg
708,Horang's Nightmare,Horang's Nightmare,2020 호랑 공포 단편선,Manhwa,980,6.92,2020,https://cdn.myanimelist.net/images/manga/3/264236l.jpg
708,Irokoi Shiai ni Shoubuari!,Who's Going To Win This Competition!?,色恋試合に勝負あり!,Manga,472,6.92,2020,https://cdn.myanimelist.net/images/manga/3/247923l.jpg
708,Isekai ni Otosareta... Jouka wa Kihon! @comic,Flung Into a New World? Time to Lift the 200-Year Curse!,異世界に落とされた…浄化は基本! @COMIC,Manga,4812,6.92,2020,https://cdn.myanimelist.net/images/manga/2/238718l.jpg
708,Juou Heika to Sunakaburi no Hanayome,,獣王陛下と砂かぶりの花嫁,Manga,362,6.92,2020,https://cdn.myanimelist.net/images/manga/1/260367l.jpg
708,Koroshiya wa Kyou mo BBA wo Korosenai.,The Killer Can't Kill BBA Today Either.,殺し屋は今日もBBAを殺せない。,Manga,601,6.92,2020,https://cdn.myanimelist.net/images/manga/3/236221l.jpg
708,Tameiki no Haru ni Koi no Natsu,"A Sigh in Spring, a Love in Summer",ためいきの春に恋の夏,Manga,440,6.92,2020,https://cdn.myanimelist.net/images/manga/2/262750l.jpg
708,Wash Me Hug Me!,,Wash me Hug me!,One-shot,851,6.92,2020,https://cdn.myanimelist.net/images/manga/2/239999l.jpg
708,Wife After Love,Wife After Love,아내가 돌아왔다,Manhwa,1163,6.92,2020,https://cdn.myanimelist.net/images/manga/2/264519l.jpg
708,"[Shougeki] Oshi no Biyou-kei Haishinsha ga Kyaku toshite Kita Kekka,,,","SHOCK! My Favorite Online Beauty Streamer Showed Up at My Work, and What Happened Next...",【衝撃】推しの美容系配信者が客として来た結果、、、,Manga,245,6.92,2020,https://cdn.myanimelist.net/images/manga/3/291005l.jpg
719,100-nichigo ni Shinu Wani,,100日後に死ぬワニ,Manga,2110,6.91,2020,https://cdn.myanimelist.net/images/manga/2/232814l.jpg
719,"Akuyaku Reijou, Cecilia Sylvie wa Shinitakunai node Dansou suru Koto ni Shita.",Cross-Dressing Villainess Cecilia Sylvie,悪役令嬢、セシリア・シルビィは死にたくないので男装することにした。,Manga,3161,6.91,2020,https://cdn.myanimelist.net/images/manga/1/235970l.jpg
719,Boku ga Shachiku wo Yamete kara,,僕が社畜をやめてから,One-shot,645,6.91,2020,https://cdn.myanimelist.net/images/manga/1/277683l.jpg
719,Epilogue,Epilogue,후기,Manhwa,476,6.91,2020,https://cdn.myanimelist.net/images/manga/2/263339l.jpg
719,Hitozuma to JK,,人妻とJK,Manga,2314,6.91,2020,https://cdn.myanimelist.net/images/manga/3/250427l.jpg
719,Ikeoji Monster to Zettai Reido Danshi,The Dashing Zaddy and His Icy Protégé,イケオジモンスターと絶対零度男子,Manga,599,6.91,2020,https://cdn.myanimelist.net/images/manga/2/274154l.jpg
719,Kaerenu Oni to no Momobiyori,,還れぬ鬼との桃日和,Manga,841,6.91,2020,https://cdn.myanimelist.net/images/manga/3/262705l.jpg
719,Kateikyoushi no Baito-saki de Yokkyuu Fuman no Hitozuma ni Kojin Lesson wo Tsuketemita.,,家庭教師のバイト先で欲求不満の人妻に個人レッスンをつけてみた。,Doujinshi,583,6.91,2020,https://cdn.myanimelist.net/images/manga/3/241531l.jpg
719,My Dad Is Too Strong,,아빠가 너무 강함,Manhwa,7012,6.91,2020,https://cdn.myanimelist.net/images/manga/2/264897l.jpg
719,Noroigo no Meshitsukai,The Cursed Prince's Servant,呪い子の召使い,Manga,1138,6.91,2020,https://cdn.myanimelist.net/images/manga/3/236269l.jpg
719,"Otouto no Seiyoku Shori wa, Ane ga Suru Mono da to Oneechan wa Omotteiru.",,弟の性欲処理は、姉がするものだと お義姉ちゃんは思っている。,Doujinshi,742,6.91,2020,https://cdn.myanimelist.net/images/manga/2/284926l.jpg
719,Spiteful Affection,Spiteful Affection,단짝의 경계,Manhwa,359,6.91,2020,https://cdn.myanimelist.net/images/manga/3/332744l.jpg
719,Tensei shitara Yadoya no Musuko deshita: Inaka Machi de Nonbiri Slow Life wo Okurou,I Got Reincarnated as a Son of Innkeepers!,転生したら宿屋の息子でした 田舎街でのんびりスローライフをおくろう,Manga,2027,6.91,2020,https://cdn.myanimelist.net/images/manga/3/251366l.jpg
719,The Man's Games,The Man's Games,그 남자의 계략,Manhwa,638,6.91,2020,https://cdn.myanimelist.net/images/manga/1/261752l.jpg
719,"Toratsuki Kaichou, Teawase Negaimasu!!",,虎憑き会長、手合わせ願います!!,Manga,417,6.91,2020,https://cdn.myanimelist.net/images/manga/2/301215l.jpg
734,Akai Kiri no Naka kara,From the Red Fog,紅い霧の中から,Manga,16746,6.9,2020,https://cdn.myanimelist.net/images/manga/1/235991l.jpg
734,Dungeons & Artifacts,Dungeons & Artifacts,던전 씹어먹는 아티팩트,Manhwa,6994,6.9,2020,https://cdn.myanimelist.net/images/manga/1/261658l.jpg
734,I Became the Chef of the Dragon King,,용왕님의 셰프가 되었습니다,Manhwa,2876,6.9,2020,https://cdn.myanimelist.net/images/manga/1/264981l.jpg
734,Itoshi no Kemukujara,"Lovely, Hairy",いとしの毛むくじゃら,Manga,974,6.9,2020,https://cdn.myanimelist.net/images/manga/2/262570l.jpg
734,Jigoku no Sata mo Yokume Shidai,Hell Is in the Eye of the Beholder,地獄の沙汰も欲目しだい,Manga,736,6.9,2020,https://cdn.myanimelist.net/images/manga/1/255951l.jpg
734,Katsuyoku Scandal,,渇欲スキャンダル,Manga,634,6.9,2020,https://cdn.myanimelist.net/images/manga/2/254422l.jpg
734,Kawaii wa Boku no Kizu,I'm More Than My Face,かわいいは僕のキズ,Manga,365,6.9,2020,https://cdn.myanimelist.net/images/manga/3/255760l.jpg
734,Kujou no Taizai,,九条の大罪,Manga,1163,6.9,2020,https://cdn.myanimelist.net/images/manga/3/241661l.jpg
734,Kuroki Kemono wa Ai ni Otsu,A Beast's Descent into Love,黒き獣は愛に落つ,Manga,585,6.9,2020,https://cdn.myanimelist.net/images/manga/1/261706l.jpg
734,Locker & Opener,Locker & Opener,"라커, 오프너",Manhwa,785,6.9,2020,https://cdn.myanimelist.net/images/manga/3/264525l.jpg
734,Nina wa Papa wo Ansatsu Shitai,Nina Is Plotting Daddy's Death,ニーナはパパを暗殺したい,Manga,1939,6.9,2020,https://cdn.myanimelist.net/images/manga/1/246335l.jpg
734,The Events of Romeo's Household,The Events of Romeo's Household,"나오세요, 로미오",Manhwa,432,6.9,2020,https://cdn.myanimelist.net/images/manga/3/264996l.jpg
734,Towa no Wa,Eternal Ring,永遠の環,One-shot,227,6.9,2020,https://cdn.myanimelist.net/images/manga/3/311611l.jpg
734,Under the Moonlight,Under the Moonlight,달빛에게 물리다,Manhwa,656,6.9,2020,https://cdn.myanimelist.net/images/manga/2/338397l.jpg
734,Wagamama Ouji wa Neko wo Karu,,わがまま王子は猫を狩る,Manga,465,6.9,2020,https://cdn.myanimelist.net/images/manga/3/246004l.jpg
749,Hard-Boiled Love,Hard-Boiled Love,앙앙(anan),Manhwa,514,6.89,2020,https://cdn.myanimelist.net/images/manga/1/331427l.jpg
749,"Heika, Kokoro no Koe ga Dadamore desu!",,陛下、心の声がだだ漏れです！,Manga,1385,6.89,2020,https://cdn.myanimelist.net/images/manga/1/243843l.jpg
749,His Devilish New Hire,His Devilish New Hire,마성의 신입사원,Manhwa,1041,6.89,2020,https://cdn.myanimelist.net/images/manga/1/266126l.jpg
749,Ishuzoku Reviewers Comic Anthology: Darkness,Interspecies Reviewers Comic Anthology: Darkness,異種族レビュアーズコミックアンソロジー 〜ダークネス〜,Manga,890,6.89,2020,https://cdn.myanimelist.net/images/manga/2/279429l.jpg
749,Program Me,Program Me,개발해주세요,Manhwa,368,6.89,2020,https://cdn.myanimelist.net/images/manga/1/335609l.jpg
749,Sokuseki Ad-Lib Lover,Instant Ad-Lib Lover,即席アドリブラバー,Manga,727,6.89,2020,https://cdn.myanimelist.net/images/manga/1/274419l.jpg
749,TS☆Revolution,,TS☆Revolution,Manga,690,6.89,2020,https://cdn.myanimelist.net/images/manga/3/264185l.jpg
749,The Max Level Hero Strikes Back,The Max Level Hero Strikes Back,만렙 영웅님께서 귀환하신다!,Manhwa,22522,6.89,2020,https://cdn.myanimelist.net/images/manga/2/261253l.jpg
749,Tonari no Aki to wa Kakawaranai,,となりの秋とは関わらない,Manga,286,6.89,2020,https://cdn.myanimelist.net/images/manga/3/283171l.jpg
749,Tonari no Otoko,,となりの男,Manga,575,6.89,2020,https://cdn.myanimelist.net/images/manga/3/250825l.jpg
759,Bowblade Spirit,,궁귀검신 1부,Manhwa,2099,6.88,2020,https://cdn.myanimelist.net/images/manga/3/282134l.jpg
759,Gourmet Gaming,Gourmet Gaming,밥만 먹고 레벨업,Manhwa,5475,6.88,2020,https://cdn.myanimelist.net/images/manga/1/272321l.jpg
759,Hataraku Saibou White,Cells at Work! White Brigade,はたらく細胞WHITE,Manga,864,6.88,2020,https://cdn.myanimelist.net/images/manga/3/251732l.jpg
759,Hitsuji no Kawa wo Kita Kemono,,羊の皮を着たケモノ,Manga,1181,6.88,2020,https://cdn.myanimelist.net/images/manga/3/246668l.jpg
759,I Woke Up as the Villain,I Woke Up as the Villain,나 혼자 소설 속 망나니,Manhwa,5298,6.88,2020,https://cdn.myanimelist.net/images/manga/3/262941l.jpg
759,Kishitan wa Jouheki no Naka ni Hana Hiraku,The Knight Blooms Behind Castle Walls,騎士譚は城壁の中に花ひらく,Manga,579,6.88,2020,https://cdn.myanimelist.net/images/manga/1/258635l.jpg
759,Koroshiya-chan to Shinanai Target,Killer and Immortal Target,殺し屋ちゃんと死なないターゲット,Manga,1222,6.88,2020,https://cdn.myanimelist.net/images/manga/1/235001l.jpg
759,Ore no Aoharu ga Susumanai,,俺のアオハルが進まない,Manga,523,6.88,2020,https://cdn.myanimelist.net/images/manga/1/254514l.jpg
759,Ore no Onna Tomodachi ga Saikou ni Kawaii.,She's the Cutest... But We're Just Friends!,俺の女友達が最高に可愛い。,Light Novel,1193,6.88,2020,https://cdn.myanimelist.net/images/manga/2/237153l.jpg
759,Shaman King: Marcos,Shaman King: Marcos,SHAMAN KING マルコス,Manga,1202,6.88,2020,https://cdn.myanimelist.net/images/manga/3/235898l.jpg
759,Yumemiru Choukyoushi no Risou no Goshujinsama,,夢みる調教師の理想のご主人様,Manga,553,6.88,2020,https://cdn.myanimelist.net/images/manga/1/265372l.jpg
770,Ane no Tomurai,,姉の弔い,One-shot,283,6.87,2020,https://cdn.myanimelist.net/images/manga/3/291685l.jpg
770,Bakashite Damashite,,化かして騙して,Manga,618,6.87,2020,https://cdn.myanimelist.net/images/manga/1/262751l.jpg
770,Ballpark de Tsukamaete!,The Catcher in the Ballpark!,ボールパークでつかまえて！,Manga,3252,6.87,2020,https://cdn.myanimelist.net/images/manga/1/246657l.jpg
770,Girl Under Trial,,소녀재판,Manhwa,697,6.87,2020,https://cdn.myanimelist.net/images/manga/1/248362l.jpg
770,Hanazono-san Chi no Futago-chan,"Oh, Those Hanazono Twins",花園さんちのふたごちゃん,Manga,10854,6.87,2020,https://cdn.myanimelist.net/images/manga/3/238145l.jpg
770,Imouto no Tomodachi ga Nani Kangaeteru no ka Wakaranai,I Don't Understand What My Sister's Friend Is Thinking,妹の友達が何考えてるのかわからない,Manga,10249,6.87,2020,https://cdn.myanimelist.net/images/manga/1/241358l.jpg
770,"Miki-san, Daisuki desu!",,美木さん、大好きです！,Manga,7706,6.87,2020,https://cdn.myanimelist.net/images/manga/1/237752l.jpg
770,Sekimen Shinaide Sekime-san,"Don't Blush, Sekime-san!",赤面しないで関目さん,Manga,21985,6.87,2020,https://cdn.myanimelist.net/images/manga/3/244109l.jpg
770,"Sono Otaku, Moto Koroshiya.",The Geek Ex-Hitman,そのヲタク、元殺し屋。,Manga,1899,6.87,2020,https://cdn.myanimelist.net/images/manga/3/252664l.jpg
770,Suterare Seijo no Isekai Gohan Tabi: Kakure Skill de Camping Car wo Shoukan shimashita,,捨てられ聖女の異世界ごはん旅 隠れスキルでキャンピングカーを召喚しました,Manga,2547,6.87,2020,https://cdn.myanimelist.net/images/manga/1/246012l.jpg
770,Take Your Time,Take Your Time,テイク ユアー タイム,Manga,402,6.87,2020,https://cdn.myanimelist.net/images/manga/2/276135l.jpg
770,Uchi no Neko ga Onnanoko de Kawaii,My Cat Is a Kawaii Girl,うちのねこが女の子でかわいい,Doujinshi,909,6.87,2020,https://cdn.myanimelist.net/images/manga/1/291492l.jpg
782,18,Eighteen,18 エイティーン,Manga,479,6.86,2020,https://cdn.myanimelist.net/images/manga/2/242072l.jpg
782,Bad Girl,Bad Girl,ばっどがーる,Manga,2018,6.86,2020,https://cdn.myanimelist.net/images/manga/1/256015l.jpg
782,Dai-9 Sabaku,Desert 9,第9砂漠,Manga,571,6.86,2020,https://cdn.myanimelist.net/images/manga/2/230011l.jpg
782,Hikensha α no Kyousei Hatsujou Kiroku,His Alpha Test Subject Helping Him Through His Heat,被験者αの強制発情記録,Manga,364,6.86,2020,https://cdn.myanimelist.net/images/manga/2/273848l.jpg
782,Last Order,,ラストオーダー,Manga,981,6.86,2020,https://cdn.myanimelist.net/images/manga/1/241418l.jpg
782,Liveta,Liveta,리베타,Manhwa,1969,6.86,2020,https://cdn.myanimelist.net/images/manga/2/265333l.jpg
782,Naraku no Ko,,奈落の仔,One-shot,515,6.86,2020,https://cdn.myanimelist.net/images/manga/1/233751l.jpg
782,Nare no Hate no Bokura,The Shadows of Who We Once Were,なれの果ての僕ら,Manga,1715,6.86,2020,https://cdn.myanimelist.net/images/manga/1/281674l.jpg
782,Obokoi Majo wa Majiwaritai!,,おぼこい魔女はまじわりたい！,Manga,2875,6.86,2020,https://cdn.myanimelist.net/images/manga/1/243728l.jpg
782,Oni no Hanayome wa Taberaretai,,鬼の花嫁は喰べられたい,Manga,1134,6.86,2020,https://cdn.myanimelist.net/images/manga/2/243725l.jpg
782,Ryuuou no Musume: Chuugoku Gensousen,A Chinese Fantasy: The Dragon King's Daughter,竜王の娘 中国幻想選,Manga,507,6.86,2020,https://cdn.myanimelist.net/images/manga/1/268710l.jpg
782,Saikin Yatotta Maid ga Ayashii,The Maid I Hired Recently Is Mysterious,最近雇ったメイドが怪しい,Manga,18196,6.86,2020,https://cdn.myanimelist.net/images/manga/2/229427l.jpg
782,Tsubame no Koufuku,Tsubame's Happiness,ツバメの幸福,Manga,306,6.86,2020,https://cdn.myanimelist.net/images/manga/3/283626l.jpg
782,Yuri Love Slave: Futari dake no Houkago,,百合ラブスレイブ ふたりだけの放課後,Manga,1911,6.86,2020,https://cdn.myanimelist.net/images/manga/2/261290l.jpg
796,Abyss Azure no Zainin,A Sinner of the Deep Sea,アビスアジュールの罪人,Manga,1934,6.85,2020,https://cdn.myanimelist.net/images/manga/1/255726l.jpg
796,Chiisakute Shiawase♥,Little and Happy♥,ちぃさくてしあわせ♥,Manga,619,6.85,2020,https://cdn.myanimelist.net/images/manga/2/265901l.jpg
796,City Lights Birthday,City Lights Birthday,シティ・ライツ・バースデイ,Manga,372,6.85,2020,https://cdn.myanimelist.net/images/manga/1/274445l.jpg
796,Gakuen Ura Service,,学園裏サービス,Manga,522,6.85,2020,https://cdn.myanimelist.net/images/manga/1/320904l.jpg
796,Hardcore Vanilla,Hardcore Vanilla,하드코어 바닐라,Manhwa,1551,6.85,2020,https://cdn.myanimelist.net/images/manga/2/262402l.jpg
796,Kimi to Pico-Pico,,きみとピコピコ,One-shot,1185,6.85,2020,https://cdn.myanimelist.net/images/manga/1/235983l.jpg
796,Konya Bed de Matteiro,,今夜ベッドで待っていろ,Manga,1145,6.85,2020,https://cdn.myanimelist.net/images/manga/1/256496l.jpg
796,"Last Boss, Yametemita: Shujinkou ni Taosareta Furishite Jiyuu ni Ikitemita",Final Boss Fake-out: The Protagonist Thinks She Killed Me So Now I'm Free!,ラスボス、やめてみた ～主人公に倒されたふりして自由に生きてみた～,Manga,4105,6.85,2020,https://cdn.myanimelist.net/images/manga/2/264927l.jpg
796,Pocha Musume wa Koakuma Move ga Yamerarenai,,ぽちゃ娘は小悪魔ムーブがやめられない,Manga,1379,6.85,2020,https://cdn.myanimelist.net/images/manga/1/239885l.jpg
796,Secret Playlist,Secret Playlist,"플레이, 플리",Manhwa,2099,6.85,2020,https://cdn.myanimelist.net/images/manga/2/261256l.jpg
796,Unmei wo Shinjinai Kare ga Iu ni wa,What He Who Doesn't Believe in Fate Says,運命を信じない彼が言うには,Manga,3119,6.85,2020,https://cdn.myanimelist.net/images/manga/2/241440l.jpg
807,Ane wo Suki na Oneesan to,With a Lady Who Likes My Sister.,姉を好きなお姉さんと,Manga,1714,6.84,2020,https://cdn.myanimelist.net/images/manga/1/250843l.jpg
807,BNA,,BNA ビー・エヌ・エー,Manga,2131,6.84,2020,https://cdn.myanimelist.net/images/manga/1/277861l.jpg
807,Burn the Witch,Burn the Witch,BURN THE WITCH,Manga,37920,6.84,2020,https://cdn.myanimelist.net/images/manga/3/238094l.jpg
807,Game: In High School,,GAME -in ハイスクール-,Manga,676,6.84,2020,https://cdn.myanimelist.net/images/manga/3/252820l.jpg
807,"Gojuu, Rokujuu, Yorokonde.","Fifty, Sixty, It's My Pleasure.",五十、六十、よろこんで。,Manga,1234,6.84,2020,https://cdn.myanimelist.net/images/manga/2/250255l.jpg
807,Grasp,Grasp,손아귀,Manhwa,389,6.84,2020,https://cdn.myanimelist.net/images/manga/2/264136l.jpg
807,Hakaishin Magu-chan,Magu-chan: God of Destruction,破壊神マグちゃん,Manga,6388,6.84,2020,https://cdn.myanimelist.net/images/manga/2/237234l.jpg
807,Inochigake demo Tarinai no sa,Devoting Everything to My Wonderful Youth,命がけでもたりないのさ,Manga,865,6.84,2020,https://cdn.myanimelist.net/images/manga/1/239262l.jpg
807,Jumbo Max,,JUMBO MAX,Manga,1383,6.84,2020,https://cdn.myanimelist.net/images/manga/1/248121l.jpg
807,Kiss de Okoshite.,Wake Up With The Kiss.,キスで起こして。,Manga,1098,6.84,2020,https://cdn.myanimelist.net/images/manga/2/234034l.jpg
807,Lord of Money,Lord of Money,로드 오브 머니,Manhwa,1170,6.84,2020,https://cdn.myanimelist.net/images/manga/1/264848l.jpg
807,Micchaku Act,,密着act,One-shot,329,6.84,2020,https://cdn.myanimelist.net/images/manga/2/247406l.jpg
807,Nanatsu no Taizai: Hajimari wo Sasou Ame no Mori,,七つの大罪 はじまりを誘う雨の森,One-shot,649,6.84,2020,https://cdn.myanimelist.net/images/manga/3/254428l.jpg
807,Priscilla's Marriage Proposal,Priscilla's Marriage Proposal,프리실라의 결혼 의뢰,Manhwa,2586,6.84,2020,https://cdn.myanimelist.net/images/manga/3/262505l.jpg
807,Supernova wa Kiss no Mae ni,Supernova Before the Kiss,スーパーノヴァはキスの前に,Manga,773,6.84,2020,https://cdn.myanimelist.net/images/manga/1/235805l.jpg
807,Taikan Yohou,My Personal Weatherman,体感予報,Manga,676,6.84,2020,https://cdn.myanimelist.net/images/manga/3/286065l.jpg
807,Tonosama to Stitch,Stitch and the Samurai,殿さまとスティッチ,Manga,515,6.84,2020,https://cdn.myanimelist.net/images/manga/1/235214l.jpg
807,Utsukushii Koto,Beautiful Things,美しいこと,Manga,748,6.84,2020,https://cdn.myanimelist.net/images/manga/3/249241l.jpg
825,AV Danyuu Hajimemashita,Manga Diary of a Male Porn Star,AV男優はじめました,Manga,1372,6.83,2020,https://cdn.myanimelist.net/images/manga/2/238505l.jpg
825,Batman: Justice Buster,,BATMAN JUSTICE BUSTER,Manga,815,6.83,2020,https://cdn.myanimelist.net/images/manga/2/258345l.jpg
825,Doukutsuou kara Hajimeru Rakuen Life: Bannou no Saikutsu Skill de Saikyou ni!?,A Cave King's Road to Paradise: Climbing to the Top with My Almighty Mining Skills!,洞窟王からはじめる楽園ライフ ～万能の採掘スキルで最強に!?～,Manga,8433,6.83,2020,https://cdn.myanimelist.net/images/manga/3/234757l.jpg
825,GT-giRl,,GT-giRl,Manga,1309,6.83,2020,https://cdn.myanimelist.net/images/manga/2/244059l.jpg
825,Happy Omegaverse,,ハッピー・オメガ・バース,Manga,978,6.83,2020,https://cdn.myanimelist.net/images/manga/3/250521l.jpg
825,Hosomura-san to Neko no Otsumami,Hosomura-san with Cat's Snack,細村さんと猫のおつまみ,Manga,579,6.83,2020,https://cdn.myanimelist.net/images/manga/1/254310l.jpg
825,Judge Lee Han Young,,판사 이한영,Manhwa,643,6.83,2020,https://cdn.myanimelist.net/images/manga/3/282738l.jpg
825,Kemono wa Oku made Nakasaretai,Please Make Love Deeply!,けものは奥まで鳴かされたい,Manga,748,6.83,2020,https://cdn.myanimelist.net/images/manga/1/255525l.jpg
825,Konyaku Haki saremashite (Wara),My Engagement Got Broken Off (lol),婚約破棄されまして（笑）,Manga,519,6.83,2020,https://cdn.myanimelist.net/images/manga/2/265949l.jpg
825,Lucky Paradise,Lucky Paradise,럭키 파라다이스,Manhwa,374,6.83,2020,https://cdn.myanimelist.net/images/manga/3/339425l.jpg
825,Mafuyu no Ice Cream,Midwinter Ice Cream,真冬のアイス,One-shot,331,6.83,2020,https://cdn.myanimelist.net/images/manga/1/255906l.jpg
825,"Osuwari, Yoku Dekimashita",Sit. Good Job.,おすわり、よくできました,Manga,506,6.83,2020,https://cdn.myanimelist.net/images/manga/3/276780l.jpg
825,Renai Kanjouron,Love Emotion Theory,恋愛感情論,Manga,434,6.83,2020,https://cdn.myanimelist.net/images/manga/1/264655l.jpg
825,Ruriiro de Kimi wo Kazatte,,瑠璃色で君を飾って,Manga,452,6.83,2020,https://cdn.myanimelist.net/images/manga/3/252854l.jpg
825,Toaru Tenin to Kyaku no Hanashi,The Story of a Waitress and Her Customer.,とある店員と客の話,Manga,4976,6.83,2020,https://cdn.myanimelist.net/images/manga/1/233403l.jpg
825,Yakuza in Love,Yakuza in Love,야쿠자가 사랑을 한다면,Manhwa,563,6.83,2020,https://cdn.myanimelist.net/images/manga/3/337999l.jpg
841,Dungeon ni Deai wo Motomeru no wa Machigatteiru Darou ka: Familia Chronicle - Episode Freya,Is It Wrong to Try to Pick Up Girls in a Dungeon? Familia Chronicle Episode Freya,ダンジョンに出会いを求めるのは間違っているだろうか ファミリアクロニクル episodeフレイヤ,Manga,823,6.82,2020,https://cdn.myanimelist.net/images/manga/2/263265l.jpg
841,Goshujinsama to Yuku Isekai Survival! The Comic,Survival in Another World with My Mistress!,ご主人様とゆく異世界サバイバル! THE COMIC,Manga,14230,6.82,2020,https://cdn.myanimelist.net/images/manga/1/233922l.jpg
841,"Hello, Innocent",,ハロー、イノセント,Manga,1050,6.82,2020,https://cdn.myanimelist.net/images/manga/1/236475l.jpg
841,Otome Game no Hametsu Flag shika Nai Akuyaku Reijou ni Tensei shiteshimatta... Girls Patch,My Next Life as a Villainess Side Story: Girls Patch,乙女ゲームの破滅フラグしかない悪役令嬢に転生してしまった… GIRLS PATCH,Manga,1522,6.82,2020,https://cdn.myanimelist.net/images/manga/3/237746l.jpg
841,Seibetsu X,X-Gender,性別X,Manga,1191,6.82,2020,https://cdn.myanimelist.net/images/manga/1/240788l.jpg
841,Teni-saki wa Kusushi ga Sukunai Sekai deshita,The Transfer Destination Was a World with Few Pharmacists,転移先は薬師が少ない世界でした,Manga,995,6.82,2020,https://cdn.myanimelist.net/images/manga/2/258633l.jpg
841,"Tensei Kizoku, Kantei Skill de Nariagaru: Jakushou Ryouchi wo Uketsuida node, Yuushuu na Jinzai wo Fuyashiteitara, Saikyou Ryouchi ni Natteta","As a Reincarnated Aristocrat, I'll Use My Appraisal Skill to Rise in the World",転生貴族、鑑定スキルで成り上がる～弱小領地を受け継いだので、優秀な人材を増やしていたら、最強領地になってた～,Light Novel,1227,6.82,2020,https://cdn.myanimelist.net/images/manga/1/242653l.jpg
841,Tsuihou Akuyaku Reijou no Dannasama,,追放悪役令嬢の旦那様,Manga,1551,6.82,2020,https://cdn.myanimelist.net/images/manga/3/240294l.jpg
841,Weekend Citron,,ウィークエンドシトロン,Manga,779,6.82,2020,https://cdn.myanimelist.net/images/manga/3/255725l.jpg
841,Yankee Ω wa Juuou-sama no Mono!,Delinquent Omega Belongs to the Beast King!,ヤンキーΩは獣王様のもの!,Manga,1004,6.82,2020,https://cdn.myanimelist.net/images/manga/1/255356l.jpg
851,Akuyaku Reijou ni Tensei shita Hazu ga Marie Antoinette deshita,,悪役令嬢に転生したはずがマリー・アントワネットでした,Manga,632,6.81,2020,https://cdn.myanimelist.net/images/manga/1/241459l.jpg
851,Bokura no Scramblues,SCRAMBLUES,僕らのスクランブルース,Manga,504,6.81,2020,https://cdn.myanimelist.net/images/manga/3/274678l.jpg
851,"If You Give Me Flowers, I'll Give You Myself","If You Give Me Flowers, I'll Give You Myself","꽃을 주면, 나를 줄게",Manhwa,892,6.81,2020,https://cdn.myanimelist.net/images/manga/1/263328l.jpg
851,Kando-chan ni wa Sawaccha Dame!,,かんどちゃんには触っちゃダメ！,Manga,812,6.81,2020,https://cdn.myanimelist.net/images/manga/1/244395l.jpg
851,Meccha Shoukan sareta Ken the Comic,"Oversummoned, Overpowered, and Over It!",めっちゃ召喚された件 THE COMIC,Manga,12765,6.81,2020,https://cdn.myanimelist.net/images/manga/2/237370l.jpg
851,Men of the Harem,Men of the Harem,하렘의 남자들,Manhwa,3908,6.81,2020,https://cdn.myanimelist.net/images/manga/3/261348l.jpg
851,Onnanoko ga Daicha Dame desu ka?,Ladies on Top,女の子が抱いちゃダメですか？,Manga,5685,6.81,2020,https://cdn.myanimelist.net/images/manga/1/234328l.jpg
851,Sakanai Hana ni Mizuyari,,咲かない花に水やり,Manga,528,6.81,2020,https://cdn.myanimelist.net/images/manga/2/276603l.jpg
851,Staff Only,Staff Only,도와주세요 선생님,Manhwa,323,6.81,2020,https://cdn.myanimelist.net/images/manga/1/337741l.jpg
851,Stranger Than Friends,Stranger Than Friends,남보다 못한 사이,Manhwa,3985,6.81,2020,https://cdn.myanimelist.net/images/manga/3/264890l.jpg
851,Super Genius DNA,Super Genius DNA,나 혼자 천재 DNA,Manhwa,1123,6.81,2020,https://cdn.myanimelist.net/images/manga/3/266719l.jpg
851,The Dictator,The Dictator,독재,Manhwa,820,6.81,2020,https://cdn.myanimelist.net/images/manga/2/263526l.jpg
863,Anata no Osoba ni,"I'm Here, Beside You",あなたのおソバに,Manga,342,6.8,2020,https://cdn.myanimelist.net/images/manga/2/309222l.jpg
863,Hetakuso Inma ja Dame desu ka?,I'm an Incubus Who's No Good at What He Does,へたくそ淫魔じゃダメですか？,Manga,672,6.8,2020,https://cdn.myanimelist.net/images/manga/2/246280l.jpg
863,Hyouri no Omoi,,表裏の想い,Doujinshi,319,6.8,2020,https://cdn.myanimelist.net/images/manga/2/289055l.jpg
863,Kekkon Yoteibi,Date of Marriage,結婚予定日,Manga,902,6.8,2020,https://cdn.myanimelist.net/images/manga/2/284693l.jpg
863,Mijuku na Papa wa Share House de Koi wo Shiru,,未熟なパパはシェアハウスで恋を知る,Manga,646,6.8,2020,https://cdn.myanimelist.net/images/manga/2/254328l.jpg
863,New Normal,New Normal,ニューノーマル,Manga,10448,6.8,2020,https://cdn.myanimelist.net/images/manga/2/247848l.jpg
863,Okinawa de Suki ni Natta Ko ga Hougen Sugite Tsurasugiru,,沖縄で好きになった子が方言すぎてツラすぎる,Manga,4540,6.8,2020,https://cdn.myanimelist.net/images/manga/2/236849l.jpg
863,"Ore wa Subete wo ""Parry"" suru: Gyaku Kanchigai no Sekai Saikyou wa Boukensha ni Naritai",I Parry Everything: What Do You Mean I'm the Strongest? I'm Not Even an Adventurer Yet!,俺は全てを【パリイ】する ～逆勘違いの世界最強は冒険者になりたい～,Light Novel,888,6.8,2020,https://cdn.myanimelist.net/images/manga/3/273087l.jpg
863,Oshi ga Tonari de Jugyou ni Shuuchuu Dekinai!,My Idol Sits the Next Desk Over!,推しが隣で授業に集中できない!,Manga,1767,6.8,2020,https://cdn.myanimelist.net/images/manga/1/254521l.jpg
863,"Senpai, Chotto Ii desu ka?",,先輩、ちょっといいですか?,Manga,1286,6.8,2020,https://cdn.myanimelist.net/images/manga/3/299157l.jpg
863,Tasogare Cure Important,Twilight Cure Important,黄昏キュアインポータント,Manga,298,6.8,2020,https://cdn.myanimelist.net/images/manga/1/279568l.jpg
863,Yuri SM de Futari no Kimochi wa Tsunagarimasu ka?,"Hearts of Two Girls Will Be Connect, Only by Their Painful Acts.",百合SMでふたりの気持ちはつながりますか?,Manga,1727,6.8,2020,https://cdn.myanimelist.net/images/manga/3/246822l.jpg
875,Around 30 OL Haman-sama,,アラサーOLハマーン様,Manga,1458,6.79,2020,https://cdn.myanimelist.net/images/manga/5/249925l.jpg
875,Daikenja no Manadeshi: Bougyo Mahou no Susume @comic,,大賢者の愛弟子～防御魔法のススメ～＠COMIC,Manga,2507,6.79,2020,https://cdn.myanimelist.net/images/manga/1/238268l.jpg
875,Faking It in Style,Faking It in Style,쇼윈도의 품격,Manhwa,607,6.79,2020,https://cdn.myanimelist.net/images/manga/3/264299l.jpg
875,"Haisha-san, Atattemasu!","Excuse Me Dentist, It's Touching Me!",歯医者さん、あタってます!,Manga,5313,6.79,2020,https://cdn.myanimelist.net/images/manga/1/235154l.jpg
875,I'm the Soldier's Ex-Girlfriend,I'm the Soldier's Ex-Girlfriend,용사의 전 여친입니다,Manhwa,3277,6.79,2020,https://cdn.myanimelist.net/images/manga/3/262356l.jpg
875,Insecret,Insecret,인시크릿,Manhwa,1277,6.79,2020,https://cdn.myanimelist.net/images/manga/2/268472l.jpg
875,Omae wa Itsumo Makezugirai,,お前はいつも負けず嫌い,One-shot,339,6.79,2020,https://cdn.myanimelist.net/images/manga/1/246530l.jpg
875,Shirouto dakedo Ari desu ka,,素人だけどアリですか,Manga,518,6.79,2020,https://cdn.myanimelist.net/images/manga/3/286318l.jpg
875,Tengoku no Hakoniwa,,天国の箱庭,One-shot,413,6.79,2020,https://cdn.myanimelist.net/images/manga/3/237390l.jpg
875,Watashi no Okaasama wa Tsuihou sareta Moto Akuyaku Reijou deshita: Heimin Busu Megane no Gekokujou,The Ex-Villainess's Unsightly Daughter: A Beady-Eyed Commoner's Journey to the Top,私のお母様は追放された元悪役令嬢でした 平民ブスメガネの下剋上,Manga,807,6.79,2020,https://cdn.myanimelist.net/images/manga/1/262119l.jpg
885,"Akuyaku Reijou desu ga, Heroine ni Kouryaku saretemasu wa!?: Anthology Comic",,悪役令嬢ですが、ヒロインに攻略されてますわ!? アンソロジーコミック,Manga,1827,6.78,2020,https://cdn.myanimelist.net/images/manga/3/242758l.jpg
885,Bareteru! Cocktail Knight,,バレてる！ カクテルナイト,Manga,2563,6.78,2020,https://cdn.myanimelist.net/images/manga/1/245084l.jpg
885,Gurung Baera,,グルン・バエラ,One-shot,511,6.78,2020,https://cdn.myanimelist.net/images/manga/1/243926l.jpg
885,Happy Parasite,,ハッピーパラサイト,Manga,520,6.78,2020,https://cdn.myanimelist.net/images/manga/3/256398l.jpg
885,Houkago Virginity,After-School Education,放課後ヴァージニティー,Manga,402,6.78,2020,https://cdn.myanimelist.net/images/manga/3/248555l.jpg
885,Midori-kun ni wa Sawarenai,The Untouchable Midori-kun,ミドリくんには触れない,Manga,654,6.78,2020,https://cdn.myanimelist.net/images/manga/3/259262l.jpg
885,Mikazuki Mao wa ♂♀ wo Erabenai,,三日月まおは♂♀をえらべない,Manga,944,6.78,2020,https://cdn.myanimelist.net/images/manga/3/246013l.jpg
885,Secret Therapy,Secret Therapy,시크릿 테라피,Manhwa,324,6.78,2020,https://cdn.myanimelist.net/images/manga/3/334473l.jpg
885,"Te wo Nobashitara, Tsubasa",Spread Your Wings and Fly,手を伸ばしたら、つばさ,Manga,811,6.78,2020,https://cdn.myanimelist.net/images/manga/3/255626l.jpg
885,The End of a Relationship,The End of a Relationship,관계의 종말,Manhwa,284,6.78,2020,https://cdn.myanimelist.net/images/manga/1/291832l.jpg
885,Tonde Hi ni Iru Yuri no Inu,,とんで火に入るゆりの犬,Manga,749,6.78,2020,https://cdn.myanimelist.net/images/manga/3/244773l.jpg
885,"Wake Up, Warrior","Wake Up, Warrior","깨어나세요, 용사여",Manhwa,1203,6.78,2020,https://cdn.myanimelist.net/images/manga/2/263553l.jpg
897,Akuyaku Reijou desu ga Kouryaku Taishou no Yousu ga Ijou Sugiru @comic,I Was Reincarnated as the Villainess in an Otome Game but the Boys Love Me Anyway!,悪役令嬢ですが攻略対象の様子が異常すぎる＠COMIC,Manga,2356,6.77,2020,https://cdn.myanimelist.net/images/manga/2/243964l.jpg
897,Chitose-kun wa Ramune Bin no Naka,Chitose Is in the Ramune Bottle,千歳くんはラムネ瓶のなか,Manga,4166,6.77,2020,https://cdn.myanimelist.net/images/manga/1/235705l.jpg
897,Crazy Food Truck,Crazy Food Truck,クレイジーフードトラック,Manga,9871,6.77,2020,https://cdn.myanimelist.net/images/manga/2/239862l.jpg
897,Legs That Won't Walk,Legs That Won't Walk,걷지 않는 다리,Manhwa,3536,6.77,2020,https://cdn.myanimelist.net/images/manga/1/288151l.jpg
897,Love Score,,ラブスコア,Manga,4893,6.77,2020,https://cdn.myanimelist.net/images/manga/3/238299l.jpg
897,Nemurenai,,ねむれない,One-shot,668,6.77,2020,https://cdn.myanimelist.net/images/manga/3/236722l.jpg
897,Suki ni Sasete Miseru kara!,I'll Let You Like It!,好きにさせてみせるから!,Manga,561,6.77,2020,https://cdn.myanimelist.net/images/manga/2/276484l.jpg
897,Tensei Goblin dakedo Shitsumon Aru?,So What's Wrong with Getting Reborn as a Goblin?,転生ゴブリンだけど質問ある?,Manga,5852,6.77,2020,https://cdn.myanimelist.net/images/manga/2/255262l.jpg
897,Tensei shitara Maou-sama ni Dekiai saremashita,Seduced by the Demon King: A Sensual Rebirth,転生したら魔王様に溺愛されました,Manga,1316,6.77,2020,https://cdn.myanimelist.net/images/manga/1/253354l.jpg
897,"Tsugai ni Natte, Goshujinsama","Be My Love, My Lord",番になって、ご主人様,Manga,406,6.77,2020,https://cdn.myanimelist.net/images/manga/3/272462l.jpg
897,Utakata no Minato,,ウタカタノミナト,Manga,2311,6.77,2020,https://cdn.myanimelist.net/images/manga/1/236632l.jpg
897,Welfare Center,Welfare Center,복지원,Manhwa,801,6.77,2020,https://cdn.myanimelist.net/images/manga/3/271224l.jpg
897,Yarichin ni Yoru Trauma Kokufuku xxx,,ヤリチンによるトラウマ克服×××,Manga,730,6.77,2020,https://cdn.myanimelist.net/images/manga/2/253406l.jpg
910,A Common Story of a Lady's New Life,A Common Story of a Lady's New Life,흔한 환생녀의 사정,Manhwa,542,6.76,2020,https://cdn.myanimelist.net/images/manga/3/331099l.jpg
910,"Douse, Koishite Shimaunda.","Anyway, I'm Falling in Love with You.",どうせ、恋してしまうんだ。,Manga,4841,6.76,2020,https://cdn.myanimelist.net/images/manga/2/242213l.jpg
910,Hiyori-chan no Onegai wa Zettai,When She Wish Upon a Planet,日和ちゃんのお願いは絶対,Manga,901,6.76,2020,https://cdn.myanimelist.net/images/manga/3/242556l.jpg
910,I Swear I Really Like You,I Swear I Really Like You,진짜 정말 맹세코 좋아해,Manhwa,421,6.76,2020,https://cdn.myanimelist.net/images/manga/2/286410l.jpg
910,Jigokuraku: Saikyou no Nukenin Gaman no Gabimaru,,じごくらく ～最強の抜け忍 がまんの画眉丸～,Manga,646,6.76,2020,https://cdn.myanimelist.net/images/manga/1/242994l.jpg
910,Kimi no Wasurekata wo Oshiete,I'm Still Thinking About You.,キミの忘れかたを教えて,Manga,5851,6.76,2020,https://cdn.myanimelist.net/images/manga/1/236089l.jpg
910,Kimi wa Shinenai Haikaburi no Majo,You Are the Cindery Witch That Will Not Die.,君は死ねない灰かぶりの魔女,Manga,2645,6.76,2020,https://cdn.myanimelist.net/images/manga/2/237564l.jpg
910,Lady Chef Royale,Lady Chef Royale,로열 셰프 영애님,Manhwa,4492,6.76,2020,https://cdn.myanimelist.net/images/manga/1/262683l.jpg
910,Mugen Tengoku,,無間天獄,One-shot,336,6.76,2020,https://cdn.myanimelist.net/images/manga/3/254354l.jpg
910,Naitatte E ni Naru ne,,泣いたって画になるね,Manga,405,6.76,2020,https://cdn.myanimelist.net/images/manga/3/235968l.jpg
910,When the Villainess Is in Love,When the Villainess Is in Love,악녀가 사랑할 때,Manhwa,7600,6.76,2020,https://cdn.myanimelist.net/images/manga/2/263114l.jpg
910,Yakyuu de Sensou suru Isekai de Chou Koukou-kyuu Ace ga Jakushou Kokka wo Sukuu you desu.,,野球で戦争する異世界で超高校級エースが弱小国家を救うようです。,Manga,2949,6.76,2020,https://cdn.myanimelist.net/images/manga/1/240798l.jpg
922,"""Ecchi shitai"" to Itte Kure: Seijin(?) Buchou to Junshin(?) OL",,「エッチしたい」と言ってくれ ～聖人（？）部長と純真（？）OL～,Manga,373,6.75,2020,https://cdn.myanimelist.net/images/manga/2/266713l.jpg
922,Aitai Jou to Usagi no Yamai,,愛たい情とうさぎの病,Manga,939,6.75,2020,https://cdn.myanimelist.net/images/manga/1/253472l.jpg
922,Boku wa Konyaku Haki nante Shimasen kara ne,I'm Not Breaking Off the Engagement.,僕は婚約破棄なんてしませんからね,Manga,1505,6.75,2020,https://cdn.myanimelist.net/images/manga/1/242687l.jpg
922,Chikan Saresou ni Natteiru S-kyuu Bishoujo wo Tasuketara Tonari no Seki no Osananajimi datta,The Girl I Saved on the Train Turned Out to Be My Childhood Friend,痴漢されそうになっているＳ級美少女を助けたら隣の席の幼馴染だった,Light Novel,1434,6.75,2020,https://cdn.myanimelist.net/images/manga/1/240390l.jpg
922,Kimi tte Watashi no Koto Suki Nandesho?,"You Like Me, Don't You?",きみって私のこと好きなんでしょ?,Light Novel,1302,6.75,2020,https://cdn.myanimelist.net/images/manga/2/236157l.jpg
922,"Kiwotsuke na yo, Oneesan.",,気をつけなよ、お姉さん。,Manga,1834,6.75,2020,https://cdn.myanimelist.net/images/manga/1/250278l.jpg
922,Mezase Gouka Kyakusen!! Fune Shoukan Skill de Isekai Rich Life wo Te ni Irero,The Quest for the Luxury Liner: Seize the Rich Life with a Ship-Summoning Skill in Another World,めざせ豪華客船!! ～船召喚スキルで異世界リッチライフを手に入れろ～,Manga,4325,6.75,2020,https://cdn.myanimelist.net/images/manga/3/245038l.jpg
922,Roku to Rui,Roku and Rui,六と類,Manga,910,6.75,2020,https://cdn.myanimelist.net/images/manga/3/255255l.jpg
922,Sankagetsu Mae ni Wakareta Senpai Kouhai no Hanashi,,三ヶ月前に別れた先輩後輩の話,Manga,1719,6.75,2020,https://cdn.myanimelist.net/images/manga/1/236977l.jpg
922,Urenai Mangaka to Sewayaki no Onryou-san,,売れない漫画家と世話焼きの怨霊さん,Manga,3665,6.75,2020,https://cdn.myanimelist.net/images/manga/2/248578l.jpg
922,Virus Tensei kara Hajimaru Isekai Kansen Monogatari,It's That Reincarnated-as-a-Virus Story,ウイルス転生から始まる異世界感染物語,Manga,5595,6.75,2020,https://cdn.myanimelist.net/images/manga/3/243222l.jpg
933,Gachikoi Nenchakujuu: Net Haishinsha no Kanojo ni Naritakute,Obsessive Fangirl Horror: I Want to Be That Streamer's Girlfriend,ガチ恋粘着獣 ~ネット配信者の彼女になりたくて~,Manga,1103,6.74,2020,https://cdn.myanimelist.net/images/manga/3/285178l.jpg
933,Gal to Bocchi,Gal and Bocchi,ギャルとぼっち,Manga,1841,6.74,2020,https://cdn.myanimelist.net/images/manga/1/240002l.jpg
933,"Genkaigoe no Skill wa, Tenseisha ni shika Atsukaenai: Over Limit Skill Holder",,限界超えの天賦〈スキル〉は、転生者にしか扱えない ―オーバーリミット・スキルホルダー―,Manga,4840,6.74,2020,https://cdn.myanimelist.net/images/manga/2/247203l.jpg
933,"Kanojo, Okarishimasu: Koushiki Anthology Comic",,彼女、お借りします 公式アンソロジーコミック,Manga,2306,6.74,2020,https://cdn.myanimelist.net/images/manga/1/239078l.jpg
933,Kare to Kanojo no Sentaku,Kazuma and Haruka's Life,カレとカノジョの選択,Manga,3579,6.74,2020,https://cdn.myanimelist.net/images/manga/1/234649l.jpg
933,Kitsune no Yosuga,,狐のよすが,Manga,545,6.74,2020,https://cdn.myanimelist.net/images/manga/2/252569l.jpg
933,Shunrai to Mitsu,,春雷と蜜,Manga,928,6.74,2020,https://cdn.myanimelist.net/images/manga/2/255631l.jpg
940,Akuyaku Reijou no Yakuwari wa Oemashita,My Role As The Villainess Is Over!,悪役令嬢の役割は終えました,Manga,1351,6.73,2020,https://cdn.myanimelist.net/images/manga/1/242731l.jpg
940,Arifureta Gakuen de Sekai Saikyou,,ありふれた学園で世界最強,Manga,1145,6.73,2020,https://cdn.myanimelist.net/images/manga/3/242790l.jpg
940,Hetare to Bakatare,The Loser and the Airhead,ヘタレと馬鹿たれ,Manga,459,6.73,2020,https://cdn.myanimelist.net/images/manga/2/256391l.jpg
940,"Moto, Ochikobore Koushaku Reijou desu. The Comic","Formerly, the Fallen Daughter of the Duke",元、落ちこぼれ公爵令嬢です。THE COMIC,Manga,1395,6.73,2020,https://cdn.myanimelist.net/images/manga/3/242081l.jpg
940,Ore ni Sosogasete Kudasai. Okute Succubus to Gochisou Miseinen,The Timid Succubus and Her Handsome Meal,俺に注がせてください。～奥手サキュバスとごちそう美青年,Manga,518,6.73,2020,https://cdn.myanimelist.net/images/manga/2/270780l.jpg
940,Phobia,,フォビア,Manga,596,6.73,2020,https://cdn.myanimelist.net/images/manga/2/250748l.jpg
940,"Sasen sareta Saikyou Kenja, Kyoushi ni Natte Muteki no Class wo Tsukuriageru","Demoted to a Teacher, the Strongest Sage Raises an Unbeatable Class",左遷された最強賢者、教師になって無敵のクラスを作り上げる,Manga,1866,6.73,2020,https://cdn.myanimelist.net/images/manga/3/237487l.jpg
940,Succubus & Hitman,Succubus and Hitman,サキュバス&ヒットマン,Manga,10522,6.73,2020,https://cdn.myanimelist.net/images/manga/2/236131l.jpg
940,The Lady I Served Became a Master,The Lady I Served Became a Master,모시던 아가씨가 도련님이 되어버렸다,Manhwa,3686,6.73,2020,https://cdn.myanimelist.net/images/manga/1/262448l.jpg
949,#DRCL Midnight Children,,#DRCL midnight children,One-shot,2354,6.72,2020,https://cdn.myanimelist.net/images/manga/1/238092l.jpg
949,About a Love Song,About a Love Song,アバウト ア ラブソング,Manga,411,6.72,2020,https://cdn.myanimelist.net/images/manga/2/276313l.jpg
949,Aisaretemo Iin da yo,,愛されてもいいんだよ,Manga,1131,6.72,2020,https://cdn.myanimelist.net/images/manga/1/238780l.jpg
949,Caligula no Koi,Caligula's Love,カリギュラの恋,Manga,491,6.72,2020,https://cdn.myanimelist.net/images/manga/3/257711l.jpg
949,Coffee Moon,Coffee Moon,コーヒームーン,Manga,5480,6.72,2020,https://cdn.myanimelist.net/images/manga/2/234249l.jpg
949,Hysteric na Kurokami Megane-kun wa Igai to Kawaii,The Hysteric Conservative Boy Happens to Be Somewhat Cute.,ヒステリックな黒髪メガネくんは意外とかわいい,Manga,417,6.72,2020,https://cdn.myanimelist.net/images/manga/1/295120l.jpg
949,Isekai de Toshishita Kishi ni Sewa wo Yakareteimasu,My Younger Knight Takes Care of Me in Another World,異世界で年下騎士に世話を焼かれています,Manga,316,6.72,2020,https://cdn.myanimelist.net/images/manga/2/315066l.jpg
949,"Itsudemo Jitaku ni Kaereru Ore wa, Isekai de Gyoushounin wo Hajimemashita",Peddler in Another World: I Can Go Back to My World Whenever I Want,いつでも自宅に帰れる俺は、異世界で行商人をはじめました,Manga,5750,6.72,2020,https://cdn.myanimelist.net/images/manga/3/243278l.jpg
949,Itsuka no True End,True End of Those Days,いつかのトゥルーエンド,Manga,341,6.72,2020,https://cdn.myanimelist.net/images/manga/2/276470l.jpg
949,Joou Heika no Isekai Strategy,Her Majesty's Swarm,女王陛下の異世界戦略〈ストラテジー〉,Manga,8825,6.72,2020,https://cdn.myanimelist.net/images/manga/1/241192l.jpg
949,Kakurenbo,,かく恋慕,One-shot,392,6.72,2020,https://cdn.myanimelist.net/images/manga/2/270120l.jpg
949,Kono Koi Buzz-rimasu ka?,Can This Love Go Viral?,この恋バズりますか?,Manga,466,6.72,2020,https://cdn.myanimelist.net/images/manga/2/250210l.jpg
949,Koukousei Kazoku,High School Family: Kokosei Kazoku,高校生家族,Manga,4717,6.72,2020,https://cdn.myanimelist.net/images/manga/3/240566l.jpg
949,Love Jinx,Love Jinx,러브 징크스,Manhwa,1238,6.72,2020,https://cdn.myanimelist.net/images/manga/3/331275l.jpg
949,SHWD,SHWD,SHWD《シュード》,Manga,1524,6.72,2020,https://cdn.myanimelist.net/images/manga/1/248415l.jpg
949,Surviving as a Maid,Surviving as a Maid,시녀로 살아남기,Manhwa,2298,6.72,2020,https://cdn.myanimelist.net/images/manga/3/259438l.jpg
949,The Pharmacy Where the Wolf Howls,The Pharmacy Where the Wolf Howls,늑대가 우는 약국,Manhwa,537,6.72,2020,https://cdn.myanimelist.net/images/manga/2/264280l.jpg
949,The Undefeatable Swordsman,The Undefeatable Swordsman,불패검선,Manhwa,1315,6.72,2020,https://cdn.myanimelist.net/images/manga/2/331246l.jpg
949,◯◯ na Maid-san,,◯◯なメイドさん,Manga,805,6.72,2020,https://cdn.myanimelist.net/images/manga/2/241952l.jpg
968,Aragane no Ko,Diamond in the Rough,アラガネの子,Manga,3610,6.71,2020,https://cdn.myanimelist.net/images/manga/2/241846l.jpg
968,Dachi no Imouto,The Friend's Sister,友人〈ダチ〉の妹,Manga,3703,6.71,2020,https://cdn.myanimelist.net/images/manga/3/249749l.jpg
968,Gokukon: Chou Dekiai Yakuza to Keiyaku Kekkon!?,Boss Wife,極婚～超溺愛ヤクザとケイヤク結婚!?～,Manga,1135,6.71,2020,https://cdn.myanimelist.net/images/manga/3/245729l.jpg
968,Hero Manager,Hero Manager,히어로 매니저,Manhwa,1296,6.71,2020,https://cdn.myanimelist.net/images/manga/3/266471l.jpg
968,Hokkaido no Geneki Hunter ga Isekai ni Hourikomaretemita: Elf Yome to Meguru Isekai Shuryou Life,Hunting in Another World With My Elf Wife,北海道の現役ハンターが異世界に放り込まれてみた～エルフ嫁と巡る異世界狩猟ライフ～,Manga,6812,6.71,2020,https://cdn.myanimelist.net/images/manga/1/244098l.jpg
968,How to Use an Angel,How to Use an Angel,천사의 용도,Manhwa,930,6.71,2020,https://cdn.myanimelist.net/images/manga/1/260004l.jpg
968,"I Dream of Health, Wealth, and a Long Life","I Dream of Health, Wealth, and a Long Life",목표는 금수저로 무병장수하기입니다,Manhwa,2022,6.71,2020,https://cdn.myanimelist.net/images/manga/1/262364l.jpg
968,Ieneko Nora wa Oogataken ga Nigate,,家猫ノラは大型犬が苦手,Manga,468,6.71,2020,https://cdn.myanimelist.net/images/manga/2/238170l.jpg
968,Kiss de Tokashita Sono Ato ni,,キスで溶かしたそのあとに,Manga,759,6.71,2020,https://cdn.myanimelist.net/images/manga/3/256018l.jpg
968,Kobayashi-senpai wa Onnanoko de Shitai,,小林先輩は女の子でシたい,Manga,919,6.71,2020,https://cdn.myanimelist.net/images/manga/1/266128l.jpg
968,Makai no Shuyaku wa Wareware da!,,魔界の主役は我々だ!,Manga,1389,6.71,2020,https://cdn.myanimelist.net/images/manga/2/282346l.jpg
968,"Mori no Kuma-san, Touminchuu.",Caressing the Nipples of My Hibernating Bear,森のくまさん、冬眠中。,Manga,975,6.71,2020,https://cdn.myanimelist.net/images/manga/2/255270l.jpg
968,Ookisugite Gomennasai!,Sorry If I'm Too Big For You!,大きすぎてごめんなさい!,Manga,320,6.71,2020,https://cdn.myanimelist.net/images/manga/1/255303l.jpg
968,Osananajimi no Kao ga Yosugite Sakaraenai,,幼なじみの顔が良すぎて逆らえない,Manga,583,6.71,2020,https://cdn.myanimelist.net/images/manga/3/238216l.jpg
968,"Seinen Shoujo yo, Haru wo Musabore.","Youth and Girl, Coveted Spring.",青年少女よ、春を貪れ。,Manga,657,6.71,2020,https://cdn.myanimelist.net/images/manga/1/243820l.jpg
968,Shinyuu Ouji to Koshiginchaku: Oshi no Ouji ni Kyuukon Sarete Komattemasu,,親友王子と腰巾着～推しの王子に求婚されて困ってます～,Manga,1486,6.71,2020,https://cdn.myanimelist.net/images/manga/3/239158l.jpg
968,Taming Master,Taming Master,테이밍 마스터,Manhwa,7878,6.71,2020,https://cdn.myanimelist.net/images/manga/3/262565l.jpg
968,Who's Your Daddy?,Who's Your Daddy?,후즈 유어 대디,Manhwa,584,6.71,2020,https://cdn.myanimelist.net/images/manga/1/331503l.jpg
968,Yuusha no Yome ni Naritakute (￣∇￣)ゞ,,勇者の嫁になりたくて(￣∇￣)ゞ,Manga,1089,6.71,2020,https://cdn.myanimelist.net/images/manga/2/235658l.jpg
987,100-byougo ni Sex suru Ane,,100秒後にセックスする義姉,One-shot,850,6.7,2020,https://cdn.myanimelist.net/images/manga/1/258287l.jpg
987,Arima-san wa Omega ni Naritai,Arima Wants To Be An Omega,有馬さんはオメガになりたい,Manga,1273,6.7,2020,https://cdn.myanimelist.net/images/manga/3/255528l.jpg
987,Dadadadaan,,ダダダダーン,One-shot,426,6.7,2020,https://cdn.myanimelist.net/images/manga/2/248328l.jpg
987,Dungeon-tou de Yadoya wo Yarou!: Souzou Mahou wo Moratta Ore no Hosoude Hanjouki,Let's Run an Inn on Dungeon Island! (In a World Ruled by Women),ダンジョン島で宿屋をやろう！創造魔法を貰った俺の細腕繁盛記,Manga,9503,6.7,2020,https://cdn.myanimelist.net/images/manga/1/258865l.jpg
987,Kimi no Namida wo Nomihoshitai,Your Tears Are Mine,君の涙を飲み干したい,Manga,3476,6.7,2020,https://cdn.myanimelist.net/images/manga/3/245309l.jpg
987,Kobayashi-san Chi no Maid Dragon: Okomorigurashi no Fafnir,Miss Kobayashi's Dragon Maid: Fafnir the Recluse,小林さんちのメイドラゴン お篭りぐらしのファフニール,Manga,1645,6.7,2020,https://cdn.myanimelist.net/images/manga/1/247859l.jpg
987,Let's Ibunka Communication!,Let's Intercultural Communication!,Let’s 異文化コミュニケーション！,One-shot,227,6.7,2020,https://cdn.myanimelist.net/images/manga/2/245795l.jpg
987,Nyuubu shitara Ore Igai Zenin Ero ROM Layer datta,,入部したらオレ以外全員エロROMレイヤーだった,Doujinshi,361,6.7,2020,https://cdn.myanimelist.net/images/manga/3/295256l.jpg
987,Raise no Kimi ni Kuchizuke wo,Our Love Will Continue on in the Next Life,来世の君にくちづけを,Manga,354,6.7,2020,https://cdn.myanimelist.net/images/manga/3/274206l.jpg
987,Seijo no Maryoku wa Bannou desu: Mou Hitori no Seijo,The Saint's Magic Power is Omnipotent: The Other Saint,聖女の魔力は万能です ～もう一人の聖女～,Manga,922,6.7,2020,https://cdn.myanimelist.net/images/manga/3/247684l.jpg
987,Spy no Tsuma,,スパイの妻,Manga,1231,6.7,2020,https://cdn.myanimelist.net/images/manga/3/241553l.jpg
987,"Tensei Ojisan, Heroine ni Naru.",,転生おじさん、ヒロインになる。,One-shot,276,6.7,2020,https://cdn.myanimelist.net/images/manga/1/269691l.jpg
987,Yankee JK Kuzuhana-chan,,ヤンキーJKクズハナちゃん,Manga,25761,6.7,2020,https://cdn.myanimelist.net/images/manga/2/232802l.jpg
1000,Ayakashi Triangle,Ayakashi Triangle,あやかしトライアングル,Manga,23039,6.69,2020,https://cdn.myanimelist.net/images/manga/2/236888l.jpg
1000,Chotto Kiken na Amaama Oniisan,,ちょっと危険な甘々おにいさん,One-shot,231,6.69,2020,https://cdn.myanimelist.net/images/manga/1/292725l.jpg
1000,Fushigi no Kuni no Heart no Joou,Queen of Hearts in Wonderland,不思議の国のハートの女王,Manga,602,6.69,2020,https://cdn.myanimelist.net/images/manga/3/237714l.jpg
1000,Jingi Naki Mukotori,,仁義なき婿取り,Manga,927,6.69,2020,https://cdn.myanimelist.net/images/manga/3/232380l.jpg
1000,"Kage no Eiyuu no Nichijou-tan: Yuusha no Ura de Anyaku Shiteita Saikyou no Agent. Soshiki ga Kaitai Sareta node, Shoutai Kakushite Hitonami no Nichijou wo Ouka suru.",Shadow Hero's Daily Life,影の英雄の日常譚 勇者の裏で暗躍していた最強のエージェント。組織が解体されたので、正体隠して人並みの日常を謳歌する。,Manga,7114,6.69,2020,https://cdn.myanimelist.net/images/manga/3/239979l.jpg
1000,Lady Devil,Lady Devil,마귀,Manhwa,1747,6.69,2020,https://cdn.myanimelist.net/images/manga/3/270037l.jpg
1000,Majo Taisen: 32-nin no Isai no Majo wa Koroshiau,The War of Greedy Witches: 32 of the Wickedest Women Duel to the Death,魔女大戦 32人の異才の魔女は殺し合う,Manga,7419,6.69,2020,https://cdn.myanimelist.net/images/manga/2/246864l.jpg
1000,Meikyuu Metro: Mezametara Saikyoushoku Datta node Shimarisu wo Tsurete Shinsekai wo Aruku,,迷宮メトロ ～目覚めたら最強職だったのでシマリスを連れて新世界を歩く～,Manga,1965,6.69,2020,https://cdn.myanimelist.net/images/manga/3/259661l.jpg
1000,Mesuiki x Ureoji BL,,メスイキ×熟れおじBL,Manga,326,6.69,2020,https://cdn.myanimelist.net/images/manga/2/294061l.jpg
1000,Platinum Blood,Platinum Blood,PlatinumBlood プラチナ・ブラッド,Manga,1289,6.69,2020,https://cdn.myanimelist.net/images/manga/2/260236l.jpg
1000,Super Dragon Ball Heroes: Big Bang Mission!!!,,スーパードラゴンボールヒーローズ ビッグバンミッション!!!,Manga,1287,6.69,2020,https://cdn.myanimelist.net/images/manga/3/245708l.jpg
1000,"Tensei Kizoku, Kantei Skill de Nariagaru: Jakushou Ryouchi wo Uketsuida node, Yuushuu na Jinzai wo Fuyashiteitara, Saikyou Ryouchi ni Natteta","As a Reincarnated Aristocrat, I'll Use My Appraisal Skill to Rise in the World",転生貴族、鑑定スキルで成り上がる～弱小領地を受け継いだので、優秀な人材を増やしていたら、最強領地になってた～,Manga,17810,6.69,2020,https://cdn.myanimelist.net/images/manga/3/236898l.jpg
1012,Aoi-kun ni wa Kanawanai,,蒼井くんにはかなわない,Manga,1128,6.68,2020,https://cdn.myanimelist.net/images/manga/2/240198l.jpg
1012,Bentouya-san no Omotenashi,,弁当屋さんのおもてなし,Manga,1054,6.68,2020,https://cdn.myanimelist.net/images/manga/2/250492l.jpg
1012,Bukiyou na Hakui no Nugashikata,How to Remove a Lab Coat,不器用な白衣の脱がし方,Manga,320,6.68,2020,https://cdn.myanimelist.net/images/manga/2/262183l.jpg
1012,Dine With a Vampire,Dine With a Vampire,박쥐와 식사,Manhwa,1422,6.68,2020,https://cdn.myanimelist.net/images/manga/1/334078l.jpg
1012,Futaribocchi no Otaku Circle no Hime,,ふたりぼっちのオタサーの姫,Manga,972,6.68,2020,https://cdn.myanimelist.net/images/manga/2/240459l.jpg
1012,Inkya na Boku ga Futago ni Aisareru Wake,,陰キャな僕が双子に愛される理由,Manga,473,6.68,2020,https://cdn.myanimelist.net/images/manga/2/264594l.jpg
1012,Kakkou no Iinazuke,A Couple of Cuckoos,カッコウの許嫁,Manga,45998,6.68,2020,https://cdn.myanimelist.net/images/manga/5/233993l.jpg
1012,Plaything: The Grand Duke's Boytoy,Plaything: The Grand Duke's Boytoy,Plaything(플레이싱)~어느 대공 각하의 장난감~,Manhwa,390,6.68,2020,https://cdn.myanimelist.net/images/manga/3/338554l.jpg
1012,Red Hood,,レッドフード,One-shot,1502,6.68,2020,https://cdn.myanimelist.net/images/manga/2/236802l.jpg
1012,Seishun Heavy Rotation,The Springtime of My Life,青春ヘビーローテーション,Manga,894,6.68,2020,https://cdn.myanimelist.net/images/manga/1/244871l.jpg
1012,Tensei Shirayukihime wa Doku Ringo wo Tabetakunai,,転生白雪姫は毒リンゴを食べたくない,Manga,893,6.68,2020,https://cdn.myanimelist.net/images/manga/2/240665l.jpg
1012,Yuki no Niizuma wa Boku to Tokeaitai,,雪の新妻は僕と溶け合いたい,Manga,3138,6.68,2020,https://cdn.myanimelist.net/images/manga/2/242772l.jpg
1024,Boku no Ω yo Samenaide,,僕のΩよ覚めないで,Manga,1292,6.67,2020,https://cdn.myanimelist.net/images/manga/1/238316l.jpg
1024,Boku yori Medatsuna Ryuugakusei,,僕より目立つな竜学生,Manga,3600,6.67,2020,https://cdn.myanimelist.net/images/manga/2/245380l.jpg
1024,Honomieru Shounen,Phantom Seer,仄見える少年,Manga,16139,6.67,2020,https://cdn.myanimelist.net/images/manga/1/237940l.jpg
1024,Kuroneko Osananajimi ga Nigashite Kurenai.,My Sneaky Childhood Friend Won't Let Me Get Away,黒猫おさななじみが逃がしてくれない。,Manga,742,6.67,2020,https://cdn.myanimelist.net/images/manga/2/257437l.jpg
1024,"Magical★Explorer: Eroge no Yuujin-Chara ni Tensei shita kedo, Game Chishiki Tsukatte Jiyuu ni Ikiru",Magical Explorer: Reborn as a Side Character in a Fantasy Dating Sim,マジカル★エクスプローラー エロゲの友人キャラに転生したけど、ゲーム知識使って自由に生きる,Manga,5041,6.67,2020,https://cdn.myanimelist.net/images/manga/2/241986l.jpg
1024,Orc Eiyuu Monogatari: Sontaku Retsuden,Orc Hero Story,オーク英雄物語 忖度列伝,Manga,4452,6.67,2020,https://cdn.myanimelist.net/images/manga/2/253095l.jpg
1024,"Shachou, Koibito no Furi wo Shite Watashi no Chichi ni Atte Kudasai.",,社長、恋人のフリをして私の父に会ってください。,Manga,897,6.67,2020,https://cdn.myanimelist.net/images/manga/3/245352l.jpg
1024,Spirit Hunter,Spirit Hunter,뫼신 사냥꾼,Manhwa,824,6.67,2020,https://cdn.myanimelist.net/images/manga/1/263458l.jpg
1024,Yankee Joshi wa Otaku ni Naritai,,ヤンキー女子は腐女子〈オタク〉になりたい,One-shot,480,6.67,2020,https://cdn.myanimelist.net/images/manga/3/273718l.jpg
1033,"""Watashi ga Inakutemo Shiawase ni Natte Kudasai"" Nante, Fuzakenna.",,「私がいなくても幸せになってください」なんて、ふざけんな。,Manga,365,6.66,2020,https://cdn.myanimelist.net/images/manga/2/235787l.jpg
1033,Babaa no Inu Ma ni Neechan to,,母〈ババア〉の居ぬ間に義姉ちゃんと,Doujinshi,832,6.66,2020,https://cdn.myanimelist.net/images/manga/2/250737l.jpg
1033,Daigaku de Hajimete Koibito ga Dekita Hito no Hanashi,A Story of a Person Who Made a Lover for the First Time at a University,大学ではじめて恋人ができた人の話,Manga,1197,6.66,2020,https://cdn.myanimelist.net/images/manga/2/234306l.jpg
1033,"Daishizen no Mahoushi Ashto, Sutareta Ryouchi de Slow Life",Nature Mage Ashto's Slow Life in an Abandoned Forest,大自然の魔法師アシュト、廃れた領地でスローライフ,Manga,1749,6.66,2020,https://cdn.myanimelist.net/images/manga/1/265524l.jpg
1033,"Dorei Tensei: Sono Dorei, Saikyou no Moto Ouji ni Tsuki",,奴隷転生～その奴隷、最強の元王子につき～,Manga,7243,6.66,2020,https://cdn.myanimelist.net/images/manga/1/243106l.jpg
1033,Himitsu no GalShota,,秘密のギャルショタ,Doujinshi,797,6.66,2020,https://cdn.myanimelist.net/images/manga/3/265887l.jpg
1033,Isekai Kuimetsu no Same,Killer Shark in Another World,異世界喰滅のサメ,Manga,6298,6.66,2020,https://cdn.myanimelist.net/images/manga/1/246284l.jpg
1033,"Itadakimasu, Ookami-san.",,いただきます、オオカミさん。,Manga,567,6.66,2020,https://cdn.myanimelist.net/images/manga/2/255350l.jpg
1033,"Koi no Otemae, Choudai Itashimasu.",,恋のお点前、恋のお点前、頂戴いたします。,Manga,479,6.66,2020,https://cdn.myanimelist.net/images/manga/2/262237l.jpg
1033,Kyuuketsuki to Yobaretai!,I Want To Be Called a Vampire!,吸血鬼と呼ばれたい！,Manga,2438,6.66,2020,https://cdn.myanimelist.net/images/manga/2/240258l.jpg
1033,"Nankoufuraku no Maoujou e Youkoso: Debuff wa Fuyou to Yuusha Party wo Oidasareta Kuro Madoushi, Maougun no Saikou Kanbu ni Mukaerareru",The Impregnable Demon King's Castle and the Expelled Black Mage of the Hero's Party,難攻不落の魔王城へようこそ～デバフは不要と勇者パーティーを追い出された黒魔導士、魔王軍の最高幹部に迎えられる～,Manga,7444,6.66,2020,https://cdn.myanimelist.net/images/manga/1/242645l.jpg
1033,Seeing Double,Seeing Double,라온의 남자,Manhwa,795,6.66,2020,https://cdn.myanimelist.net/images/manga/3/264749l.jpg
1033,Sex Influencer,Steamy Influencer,セックスインフルエンサー,Manga,288,6.66,2020,https://cdn.myanimelist.net/images/manga/2/270109l.jpg
1033,Shousha Man no Isekai Survival: Zettai Hito to wa Tsurumanee,Another World Survival of Trading Company Man,商社マンの異世界サバイバル ～絶対人とはつるまねえ～,Manga,2608,6.66,2020,https://cdn.myanimelist.net/images/manga/3/271699l.jpg
1033,"Tensei Daiseijo, Jitsuryoku wo Kakushite Renkinjutsu Gakka ni Nyuugaku suru: Kemonotsukai no Akuyaku Reijou, Game no Chishiki de Yarakashi Musou shi Dekiai sareru",How to Survive a Thousand Deaths: Accidentally Wooing Everyone as an Ex-gamer Made Villainess!,転生大聖女、実力を隠して錬金術学科に入学する ～けもの使いの悪役令嬢、ゲームの知識でやらかし無双し溺愛される～,Manga,1020,6.66,2020,https://cdn.myanimelist.net/images/manga/1/274679l.jpg
1033,Tensei Ouji wa Renkinjutsushi to Nari Koukoku Suru,The Reincarnated Prince Becomes an Alchemist and Brings Prosperity to His Country,転生王子は錬金術師となり興国する,Manga,1774,6.66,2020,https://cdn.myanimelist.net/images/manga/3/265102l.jpg
1033,The Pink District,,THE PINK DISTRICT,One-shot,368,6.66,2020,https://cdn.myanimelist.net/images/manga/3/286494l.jpg
1033,The Tyrant's Sister,The Tyrant's Sister,폭군의 누나로 산다는 것은,Manhwa,2795,6.66,2020,https://cdn.myanimelist.net/images/manga/1/262133l.jpg
1033,To You Who Swallowed a Star,To You Who Swallowed a Star,별을 삼킨 너에게,Manhwa,1594,6.66,2020,https://cdn.myanimelist.net/images/manga/1/261794l.jpg
1033,"Torotoro Hitou de Koi, Hajimaru.",A Steamy Romance Blossoms at the Secret Springs,とろとろ秘湯で恋、はじまる。,Manga,327,6.66,2020,https://cdn.myanimelist.net/images/manga/3/254180l.jpg
1033,Yasashiku nanka Dekinai,,やさしくなんかできない,Manga,546,6.66,2020,https://cdn.myanimelist.net/images/manga/2/271429l.jpg
1054,Alcohol Yuri Anthology: Strong!,,アルコール百合アンソロジー・ストロング!,Manga,1209,6.65,2020,https://cdn.myanimelist.net/images/manga/1/241920l.jpg
1054,Ask Affection,Ask for Affection,アスク・アフェクション,Manga,826,6.65,2020,https://cdn.myanimelist.net/images/manga/2/245467l.jpg
1054,"Dainana Ouji ni Umareta kedo, Nani Surya Ii no?","I Was Born as the Seventh Prince, What Should I Do?",第七王子に生まれたけど、何すりゃいいの?,Manga,2392,6.65,2020,https://cdn.myanimelist.net/images/manga/3/260541l.jpg
1054,Digimon Adventure: V-Tamer 01 - Arata naru Yuuki,,デジモンアドベンチャーVテイマー01～新たなる勇気～,One-shot,306,6.65,2020,https://cdn.myanimelist.net/images/manga/3/270738l.jpg
1054,Douki to Tawawa,,同期とたわわ,Doujinshi,1033,6.65,2020,https://cdn.myanimelist.net/images/manga/3/274165l.jpg
1054,Kiruru Kill Me,Kiruru Kill Me,きるる KILL ME,Manga,4183,6.65,2020,https://cdn.myanimelist.net/images/manga/2/242292l.jpg
1054,Koko kara wa Otona no Jikan desu.,It's an Acquired Taste.,ここからはオトナの時間です。,Manga,1038,6.65,2020,https://cdn.myanimelist.net/images/manga/1/249308l.jpg
1054,Koko made Yaru to wa Kiitenaii!,I Never Agreed to This!,ここまでヤるとは聞いてないっ!,Manga,585,6.65,2020,https://cdn.myanimelist.net/images/manga/3/247308l.jpg
1054,Neon Revenge,Neon Revenge,싸이코 리벤지,Manhwa,2065,6.65,2020,https://cdn.myanimelist.net/images/manga/3/262298l.jpg
1054,"Ookami-san wa Taberaretai: Bukiyou Joshi to Hetare Kyoushi, Konya Hatsutaiken shimasu.",I Want to be His Prey,オオカミさんは食べられたい～不器用女子とヘタレ教師、今夜初体験します。,Manga,934,6.65,2020,https://cdn.myanimelist.net/images/manga/3/235052l.jpg
1054,The Lady's Law of Survival,The Lady's Law of Survival,레이디 생존의 법칙,Manhwa,1956,6.65,2020,https://cdn.myanimelist.net/images/manga/2/262503l.jpg
1054,The Twins' New Life,The Twins' New Life,쌍둥이 남매의 뉴라이프,Manhwa,4672,6.65,2020,https://cdn.myanimelist.net/images/manga/3/261967l.jpg
1054,Uchuu Kenetsukan,Cosmic Censorship,宇宙検閲官,Manga,1269,6.65,2020,https://cdn.myanimelist.net/images/manga/3/270602l.jpg
1054,Undead Pappy,,アンデッドパピー,Manga,773,6.65,2020,https://cdn.myanimelist.net/images/manga/2/255361l.jpg
1054,Usotsuki Omega no Kamasekata,A Lying Omega's Guide to Getting Bitten,嘘つきオメガの噛ませ方,Manga,582,6.65,2020,https://cdn.myanimelist.net/images/manga/2/255393l.jpg
1069,Don't Touch Me,Don't Touch Me,돈 터치 미,Manhwa,332,6.64,2020,https://cdn.myanimelist.net/images/manga/3/271666l.jpg
1069,"Fuguushoku ""Kanteishi"" ga Jitsu wa Saikyou Datta: Naraku de Kitaeta Saikyou no ""Shingan"" de Musou suru","Even Given the Worthless ""Appraiser"" Class, I'm Actually the Strongest",不遇職【鑑定士】が実は最強だった～奈落で鍛えた最強の【神眼】で無双する～,Manga,9196,6.64,2020,https://cdn.myanimelist.net/images/manga/1/236663l.jpg
1069,Juujika no Rokunin,,十字架のろくにん,Manga,93726,6.64,2020,https://cdn.myanimelist.net/images/manga/2/234431l.jpg
1069,Oppai Yuri Anthology,,おっぱい百合アンソロジー,Manga,2323,6.64,2020,https://cdn.myanimelist.net/images/manga/1/237192l.jpg
1069,The Big Apple,The Big Apple,빅 애플(Big Apple),Manhwa,557,6.64,2020,https://cdn.myanimelist.net/images/manga/2/331168l.jpg
1074,A Kind Goblin's Bird,A Kind Goblin's Bird,상냥한 도깨비의 새,Manhwa,344,6.63,2020,https://cdn.myanimelist.net/images/manga/3/331278l.jpg
1074,Anzen de Nai Bokutachi wa,We Aren't Secure,安全でない僕たちは,Manga,430,6.63,2020,https://cdn.myanimelist.net/images/manga/2/254649l.jpg
1074,Botsuraku Reijou no Ikoku Kekkonroku,My Unexpected Marriage,没落令嬢の異国結婚録,Manga,549,6.63,2020,https://cdn.myanimelist.net/images/manga/1/280606l.jpg
1074,"Konyaku Haki wo Mochikakerarete Juusuunen, Soko made Iu nara Haki shimashou!",,婚約破棄を持ちかけられて十数年、そこまで言うなら破棄しましょう！,Manga,843,6.63,2020,https://cdn.myanimelist.net/images/manga/3/242730l.jpg
1074,Mother Parasite,Mother Parasite,マザーパラサイト,Manga,2146,6.63,2020,https://cdn.myanimelist.net/images/manga/2/256704l.jpg
1074,Shinyuu to Kozukuri suru Koto ni Narimashita.,We're Trying to Get Pregnant.,親友と子作りすることになりました。,Manga,282,6.63,2020,https://cdn.myanimelist.net/images/manga/1/290287l.jpg
1074,Spy Kyoushitsu,Spy Classroom,スパイ教室,Manga,3046,6.63,2020,https://cdn.myanimelist.net/images/manga/2/247351l.jpg
1074,Usotsuki Ω wa Sakaraenai!,The Lying Omega Can't Resist!,嘘つきΩは逆らえない!,Manga,588,6.63,2020,https://cdn.myanimelist.net/images/manga/1/255475l.jpg
1082,Akuyaku Reijou wa Kiraware Kizoku ni Koi wo Suru,,悪役令嬢は嫌われ貴族に恋をする,Manga,2388,6.62,2020,https://cdn.myanimelist.net/images/manga/2/236352l.jpg
1082,Beauty Brings the Predator,Beauty Brings the Predator,미학의 포식자,Manhwa,358,6.62,2020,https://cdn.myanimelist.net/images/manga/2/260542l.jpg
1082,Doctor Mermaid,,ドクターマーメイド,One-shot,228,6.62,2020,https://cdn.myanimelist.net/images/manga/1/240739l.jpg
1082,Holy Idol,,성스러운 아이돌,Manhwa,515,6.62,2020,https://cdn.myanimelist.net/images/manga/2/265237l.jpg
1082,"Hyouken no Majutsushi ga Sekai wo Suberu: Sekai Saikyou no Majutsushi de Aru Shounen wa, Majutsu Gakuin ni Nyuugaku suru",The Iceblade Sorcerer Shall Rule the World,冰剣の魔術師が世界を統べる 世界最強の魔術師である少年は、魔術学院に入学する,Manga,9265,6.62,2020,https://cdn.myanimelist.net/images/manga/2/236897l.jpg
1082,Pop One's Cherry,,pop one's cherry,Manga,1117,6.62,2020,https://cdn.myanimelist.net/images/manga/2/266120l.jpg
1082,"Senmetsu Madou no Saikyou Kenja: Musai no Kenja, Madou wo Kiwame Saikyou e Itaru",The Strongest Sage: The Story of a Talentless Man Who Mastered Magic and Became the Best,殲滅魔導の最強賢者 無才の賢者、魔導を極め最強へ至る,Manga,3089,6.62,2020,https://cdn.myanimelist.net/images/manga/3/241047l.jpg
1082,Shichiyou Jinkaku Shoukougun,Seven Day Alternating Personality Syndrome,七曜人格症候群,Manga,607,6.62,2020,https://cdn.myanimelist.net/images/manga/1/243194l.jpg
1082,The Live,The Live,더 라이브,Manhwa,6592,6.62,2020,https://cdn.myanimelist.net/images/manga/2/262689l.jpg
1091,Chinkou Discover,,珍好でぃすかばぁ～,Manga,229,6.61,2020,https://cdn.myanimelist.net/images/manga/1/279689l.jpg
1091,"Fuyu Fenrir no Itoshigo to Natta Watashi ga, Zetsubou kara Iyasareteiku Hanashi","The Story About How I Became a Daughter of Winter Fenrir, Healing from Dispair",冬フェンリルの愛子となった私が、絶望から癒されていく話,Manga,1927,6.61,2020,https://cdn.myanimelist.net/images/manga/3/241239l.jpg
1091,Koi wa Inamono Komarimono,Love Is Strange and Troublesome,恋は異なもの困りもの,Manga,625,6.61,2020,https://cdn.myanimelist.net/images/manga/3/256397l.jpg
1091,Koisuru Bukimi-chan,Bukimi-chan in Love,恋するブキミちゃん,Manga,787,6.61,2020,https://cdn.myanimelist.net/images/manga/1/240255l.jpg
1091,Kokoro no Koe ga Moreyasui Maid-san,,心の声が漏れやすいメイドさん,Manga,1671,6.61,2020,https://cdn.myanimelist.net/images/manga/3/258852l.jpg
1091,Konya wa Vanilla to Choco Mint,Tonight With Vanilla and Chocolate Mint,今夜はバニラとチョコミント,One-shot,284,6.61,2020,https://cdn.myanimelist.net/images/manga/2/252210l.jpg
1091,Ochikobore α to Elite Ω,,落ちこぼれαとエリートΩ,Manga,611,6.61,2020,https://cdn.myanimelist.net/images/manga/2/250543l.jpg
1091,Onsaemiro: Never Changing,Onsaemiro: Never Changing,온새미로,Manhwa,732,6.61,2020,https://cdn.myanimelist.net/images/manga/1/269880l.jpg
1091,Shishunki to Danshikou!? to Nakano-kun,Puberty & Boys' School!? Nakano-kun,思春期と男子校!?と中野くん,Manga,1893,6.61,2020,https://cdn.myanimelist.net/images/manga/1/248516l.jpg
1091,Teihen Ryoushu no Kanchigai Eiyuutan,The Bottom-Tier Baron's Accidental Rise to the Top,底辺領主の勘違い英雄譚,Manga,7129,6.61,2020,https://cdn.myanimelist.net/images/manga/1/244071l.jpg
1091,Tekkai no Senshi,Ashidaka: The Iron Hero,鉄界の戦士,Manga,722,6.61,2020,https://cdn.myanimelist.net/images/manga/3/250266l.jpg
1091,"Tensei Koushaku Reijou Funtouki: Watashi, Rippa ni Zamaa sarete Misemasu!",The Struggles of a Reincarnated Marquess's Daughter: I'll be Taken Down in Style!,転生侯爵令嬢奮闘記ーわたし、立派にざまぁされてみせます！,Manga,2399,6.61,2020,https://cdn.myanimelist.net/images/manga/2/245284l.jpg
1091,"Tensei shitara 15-sai no Ouhi deshita: Moto Shachiku no Watashi ga, Toshishita no Kokuou Heika ni Semarareteimasu!?","Reincarnated as a 15-Year-Old Queen: I'm an Ex-office Worker, but the Young King Is Interested in Me?!",転生したら15歳の王妃でした～元社畜の私が、年下の国王陛下に迫られています!?～,Manga,975,6.61,2020,https://cdn.myanimelist.net/images/manga/2/239114l.jpg
1104,Angel or Villainess,Angel or Villainess,엔젤릭 레이디,Manhwa,2413,6.6,2020,https://cdn.myanimelist.net/images/manga/1/262396l.jpg
1104,Gantz:E,,GANTZ:E,Manga,9962,6.6,2020,https://cdn.myanimelist.net/images/manga/3/233450l.jpg
1104,Indulgence,,indulgence,One-shot,357,6.6,2020,https://cdn.myanimelist.net/images/manga/3/283380l.jpg
1104,Isekai Teni shita node Cheat wo Ikashite Mahou Kenshi Yaru Koto ni Suru,I Think I'll Cheat to Become a Spellsword in Another World,異世界転移したのでチートを生かして魔法剣士やることにする,Manga,8241,6.6,2020,https://cdn.myanimelist.net/images/manga/3/237426l.jpg
1104,Joou Heika to Yobanaide,Please Don't Call Me Queen!,女王陛下と呼ばないで,Manga,1247,6.6,2020,https://cdn.myanimelist.net/images/manga/2/245161l.jpg
1104,Kimi wa Beta,,君はベータ,Manga,489,6.6,2020,https://cdn.myanimelist.net/images/manga/3/254307l.jpg
1104,Miboujin Elf no Kanamori-san,Kanamori-san the Widowed Elf,未亡人エルフの金森さん,Manga,1242,6.6,2020,https://cdn.myanimelist.net/images/manga/2/288341l.jpg
1104,Ojousama to Sono Shiyounin no Ojouji,Love Affair of the Lady and Her Servant,お嬢様とその使用人のお情事,One-shot,503,6.6,2020,https://cdn.myanimelist.net/images/manga/2/235833l.jpg
1104,Reverse Villain,Reverse Villain,리버스 빌런,Manhwa,6859,6.6,2020,https://cdn.myanimelist.net/images/manga/3/262651l.jpg
1104,Suterareta Tensei Kenja: Mamono no Mori de Saikyou no Daima Teikoku wo Tsukuriageru,The Abandoned Reincarnation Sage,捨てられた転生賢者～魔物の森で最強の大魔帝国を作り上げる～,Manga,8872,6.6,2020,https://cdn.myanimelist.net/images/manga/3/238265l.jpg
1104,Tabi Gal! Nihon Juudan Chari Kikou,,旅ぎゃる! 日本じゅーだんチャリきこー,Manga,602,6.6,2020,https://cdn.myanimelist.net/images/manga/3/237310l.jpg
1104,The Strongest Florist,The Strongest Florist,꽃만 키우는데 너무강함,Manhwa,4598,6.6,2020,https://cdn.myanimelist.net/images/manga/2/262122l.jpg
1116,Kangibanka,,カンギバンカ,Manga,787,6.59,2020,https://cdn.myanimelist.net/images/manga/1/240835l.jpg
1116,Neko to Bed,Cat & Bed,猫とベッド,Manga,607,6.59,2020,https://cdn.myanimelist.net/images/manga/1/245407l.jpg
1116,Neratte Shita kedo Nani ka?,,狙ってシたけど何か?,One-shot,376,6.59,2020,https://cdn.myanimelist.net/images/manga/3/267040l.jpg
1116,"Osake no Tame ni Otomege Settei wo Buchikowashita Kekka, Akuyaku Reijou ga Cheat Reijou ni Narimashita",,お酒のために乙女ゲー設定をぶち壊した結果、悪役令嬢がチート令嬢になりました,Manga,1901,6.59,2020,https://cdn.myanimelist.net/images/manga/1/235124l.jpg
1116,Spotlight,,スポットライト,Manga,1212,6.59,2020,https://cdn.myanimelist.net/images/manga/3/243386l.jpg
1116,Tayutau Hanairo,,たゆたうはないろ,One-shot,247,6.59,2020,https://cdn.myanimelist.net/images/manga/3/245822l.jpg
1116,The Crown Princess Audition,The Crown Princess Audition,왕세자비 오디션,Manhwa,762,6.59,2020,https://cdn.myanimelist.net/images/manga/1/263477l.jpg
1116,Tsumujimagari x Spring,,つむじまがり×すぷりんぐ,Manga,1104,6.59,2020,https://cdn.myanimelist.net/images/manga/3/237767l.jpg
1116,Ukkari Heika no Ko wo Ninshin shiteshimaimashita: Ouhi Berta no Shouzou,I Got Pregnant with His Majesty's Child: A Biography of Queen Berta,うっかり陛下の子を妊娠してしまいました～王妃ベルタの肖像～,Manga,1183,6.59,2020,https://cdn.myanimelist.net/images/manga/2/237167l.jpg
1125,1.5 Gongchi de Lianai Juli,1.5 Meters From Love,1.5公尺的戀愛距離,Doujinshi,400,6.58,2020,https://cdn.myanimelist.net/images/manga/2/268767l.jpg
1125,Ant,Ant,개미,Manhwa,314,6.58,2020,https://cdn.myanimelist.net/images/manga/3/265371l.jpg
1125,Bad Trip,Bad Trip,Bad trip,Manga,280,6.58,2020,https://cdn.myanimelist.net/images/manga/2/274517l.jpg
1125,Heal & Squeeze: Iyashite Shiboritore!,,HEAL&SQUEEZE〜癒して搾り取れ！〜,Manga,1474,6.58,2020,https://cdn.myanimelist.net/images/manga/3/258793l.jpg
1125,Himegasaki Sakurako wa Kyou mo Fubin Kawaii,Himegasaki Sakurako Is a Hot Mess,姫ヶ崎櫻子は今日も不憫可愛い,Manga,7044,6.58,2020,https://cdn.myanimelist.net/images/manga/1/240254l.jpg
1125,Himegimi wa Kishi Danchou,The Knight Captain Is the New Princess-to-Be,姫君は騎士団長,Manga,552,6.58,2020,https://cdn.myanimelist.net/images/manga/2/258271l.jpg
1125,Koisuru Ookami to Mille-Feuille,The Wolf in Love & Mille-Feuille,恋する狼とミルフィーユ,Manga,1491,6.58,2020,https://cdn.myanimelist.net/images/manga/1/238184l.jpg
1125,Sanzennenme no Kamitaiou,,三千年目の神対応,Manga,2291,6.58,2020,https://cdn.myanimelist.net/images/manga/1/245788l.jpg
1125,Sei-chan Capacity Over desu!,"Sei-chan, Your Love Is Too Much!",せいちゃんキャパオーバーです！,Manga,3961,6.58,2020,https://cdn.myanimelist.net/images/manga/3/241311l.jpg
1125,"Senpai wa, Ijiwaru ni Tsuki.",,先輩は、イジワルにつき。,Manga,489,6.58,2020,https://cdn.myanimelist.net/images/manga/2/281171l.jpg
1125,Shokei Shoujo no Virgin Road,The Executioner and Her Way of Life,処刑少女の生きる道〈バージンロード〉,Manga,4895,6.58,2020,https://cdn.myanimelist.net/images/manga/3/240694l.jpg
1125,Tensei Youjo wa Akiramenai,Reincarnation's little girl never gives up,転生幼女はあきらめない,Manga,2170,6.58,2020,https://cdn.myanimelist.net/images/manga/3/242354l.jpg
1125,The Male Lead's Girl Friend,The Male Lead's Girl Friend,남자주인공의 여자사람친구입니다,Manhwa,3374,6.58,2020,https://cdn.myanimelist.net/images/manga/1/261886l.jpg
1125,Wagaya wa Kakuriyo no Kashihonya-san,The Haunted Bookstore: Gateway to a Parallel Universe,わが家は幽世の貸本屋さん,Manga,1196,6.58,2020,https://cdn.myanimelist.net/images/manga/3/238547l.jpg
1139,Bokutachi wa Hanshoku wo Yameta,,僕たちは繁殖をやめた,Manga,6624,6.57,2020,https://cdn.myanimelist.net/images/manga/3/241987l.jpg
1139,Doppel-san,,ドッペルさん,Manga,1247,6.57,2020,https://cdn.myanimelist.net/images/manga/3/244536l.jpg
1139,Houkago Strongberry,,放課後ストロングベリー,One-shot,515,6.57,2020,https://cdn.myanimelist.net/images/manga/3/267872l.jpg
1139,Hyoujou ga Issai Wakaranai Shirogane-san,I Don't Understand Shirogane Facial Expression at All,表情が一切わからない白銀さん,Manga,4178,6.57,2020,https://cdn.myanimelist.net/images/manga/1/241772l.jpg
1139,"Kantoku, Neko na Ore wa Dame desu ka","Director, I'm a Bottom... No?",監督、ネコな俺はダメですか,Manga,693,6.57,2020,https://cdn.myanimelist.net/images/manga/1/245804l.jpg
1139,"Kawaikunai ne, Kouhai-kun",My Junior is Not Adorable,可愛くないね、後輩くん,Manga,414,6.57,2020,https://cdn.myanimelist.net/images/manga/2/249252l.jpg
1139,Kuro Gal-san ga Kuru!,,黒ギャルさんが来る！,Manga,6389,6.57,2020,https://cdn.myanimelist.net/images/manga/3/245886l.jpg
1139,Shimazaki Nana@Oshigoto Boshuuchuu,,島崎奈々＠お仕事募集中,Manga,3916,6.57,2020,https://cdn.myanimelist.net/images/manga/2/252542l.jpg
1139,Shinja Zero no Megami-sama to Hajimeru Isekai Kouryaku,Full Clearing Another World under a Goddess with Zero Believers,信者ゼロの女神サマと始める異世界攻略,Manga,4901,6.57,2020,https://cdn.myanimelist.net/images/manga/1/238871l.jpg
1139,Tensei shita Akuyaku Reijou wa Fukushuu wo Nozomanai the Comic,,転生した悪役令嬢は復讐を望まない THE COMIC,Manga,1561,6.57,2020,https://cdn.myanimelist.net/images/manga/2/245969l.jpg
1139,The Fabled Warrior,The Fabled Warrior,왕년엔 용사님,Manhwa,722,6.57,2020,https://cdn.myanimelist.net/images/manga/3/262832l.jpg
1150,Botabota,Drip Drip,ボタボタ,Manga,9388,6.56,2020,https://cdn.myanimelist.net/images/manga/3/243281l.jpg
1150,Hachigatsu Kokonoka Boku wa Kimi ni Kuwareru.,August 9 I Will Be Eaten by You,八月九日 僕は君に喰われる。,Manga,15952,6.56,2020,https://cdn.myanimelist.net/images/manga/3/233396l.jpg
1150,Haru to Arashi,,春と嵐,Manga,2509,6.56,2020,https://cdn.myanimelist.net/images/manga/1/241460l.jpg
1150,Joshiman.,,じょしまん。,Manga,681,6.56,2020,https://cdn.myanimelist.net/images/manga/1/278802l.jpg
1150,Love Me Dramatically,Love Me Dramatically,드라마틱하게 사랑해줘,Manhwa,252,6.56,2020,https://cdn.myanimelist.net/images/manga/3/337171l.jpg
1150,"Reiko no Fuugi: Akuyaku Reijou to Yobareteimasu ga, Tada no Binbou Musume desu",,麗子の風儀 悪役令嬢と呼ばれていますが、ただの貧乏娘です,Manga,1301,6.56,2020,https://cdn.myanimelist.net/images/manga/3/243039l.jpg
1150,Taimashi ni Nante Makenai!,,退魔師になんて負けない!,One-shot,331,6.56,2020,https://cdn.myanimelist.net/images/manga/3/245218l.jpg
1150,Valhalla Ochinchin-kan,,ヴァルハラ・オティンティン館,Manga,7861,6.56,2020,https://cdn.myanimelist.net/images/manga/1/246286l.jpg
1150,Your Good Boy,,ユアグッドボーイ,Manga,354,6.56,2020,https://cdn.myanimelist.net/images/manga/2/263255l.jpg
1159,Dekiai Reijou wa Dannasama kara Nigeraremasen...! ♡ Anthology Comic,,溺愛令嬢は旦那さまから逃げられません…っ♡ アンソロジーコミック,Manga,1064,6.55,2020,https://cdn.myanimelist.net/images/manga/1/239355l.jpg
1159,Do M Joshi to Gakkari Joou-sama,Which Is The Mistress?,ドM女子とがっかり女王様,Manga,773,6.55,2020,https://cdn.myanimelist.net/images/manga/3/250579l.jpg
1159,Fate/Grand Order: Ordú Beag,,Fate/Grand Order -Ordu Beag-,One-shot,785,6.55,2020,https://cdn.myanimelist.net/images/manga/4/235403l.jpg
1159,From the Grave and Back,,뒤끝작렬,Manhwa,968,6.55,2020,https://cdn.myanimelist.net/images/manga/1/284134l.jpg
1159,Fukigen na Kemono no Aishikata,This Is How to Love Beasts,不機嫌なケモノの愛し方,Manga,357,6.55,2020,https://cdn.myanimelist.net/images/manga/1/265278l.jpg
1159,I Became the Villain's Mother,I Became the Villain's Mother,악당의 엄마가 되어버렸다,Manhwa,5884,6.55,2020,https://cdn.myanimelist.net/images/manga/2/258008l.jpg
1159,Ikidaore mo Dekinai Konna Isekai ja,,行き倒れもできないこんな異世界じゃ,Manga,2160,6.55,2020,https://cdn.myanimelist.net/images/manga/1/241662l.jpg
1159,Kimi ga Radio wo Suki dakara,,きみがラジオを好きだから,Manga,1305,6.55,2020,https://cdn.myanimelist.net/images/manga/2/244520l.jpg
1159,"Oujisama nante, Kocchi kara Negaisage desu wa! Tsuihou sareta Moto Akuyaku Reijou, Mahou no Chikara de Mikaeshimasu",,王子様なんて、こっちから願い下げですわ！～追放された元悪役令嬢、魔法の力で見返します～,Manga,879,6.55,2020,https://cdn.myanimelist.net/images/manga/1/253224l.jpg
1159,Shujuu Yuri Anthology: Rhodanthe,Rhodanthe: Master and Servant Anthology,主従百合アンソロジー Rhodanthe,Manga,428,6.55,2020,https://cdn.myanimelist.net/images/manga/2/275034l.jpg
1159,The Hip Guy,The Hip Guy,힙한남자,Manhwa,615,6.55,2020,https://cdn.myanimelist.net/images/manga/1/262691l.jpg
1159,The Newlywed Diary of a Witch and a Dragon,The Newlywed Diary of a Witch and a Dragon,마녀와 용의 신혼일기,Manhwa,3010,6.55,2020,https://cdn.myanimelist.net/images/manga/2/261871l.jpg
1159,"Tsuihou sareta Akuyaku Reijou desu ga, Mofumofu-tsuki!? Slow Life Hajimemashita",The Simple Life of an Ex-Villainess (With a Fluffy Friend?!),追放された悪役令嬢ですが、モフモフ付き!?スローライフはじめました,Manga,874,6.55,2020,https://cdn.myanimelist.net/images/manga/3/249392l.jpg
1159,"Watashi, Elite Tenshi desu ga Nankoufuraku na JK ni Komattemasu!",,私、エリート天使ですが難攻不落なJKに困ってます!,Manga,2571,6.55,2020,https://cdn.myanimelist.net/images/manga/2/237849l.jpg
1173,11 of Me,11 of Me,11me,Manhwa,382,6.54,2020,https://cdn.myanimelist.net/images/manga/1/263038l.jpg
1173,Akuyaku Reijou tte Nani wo Sureba Iin dakke?,,悪役令嬢って何をすればいいんだっけ?,Manga,884,6.54,2020,https://cdn.myanimelist.net/images/manga/3/239898l.jpg
1173,Chikan Saresou ni Natteiru S-kyuu Bishoujo wo Tasuketara Tonari no Seki no Osananajimi datta,The Girl I Saved on the Train Turned Out to Be My Childhood Friend,痴漢されそうになっているＳ級美少女を助けたら隣の席の幼馴染だった,Manga,12778,6.54,2020,https://cdn.myanimelist.net/images/manga/3/244445l.jpg
1173,Ester De Valonia,,エステルドバロニア,Manga,973,6.54,2020,https://cdn.myanimelist.net/images/manga/2/241666l.jpg
1173,Hagure Yuusha no Isekai Bible,,はぐれ勇者の異世界バイブル,Manga,595,6.54,2020,https://cdn.myanimelist.net/images/manga/2/255673l.jpg
1173,Ietsukuri Skill de Isekai wo Ikinobiro,,家つくりスキルで異世界を生き延びろ,Manga,554,6.54,2020,https://cdn.myanimelist.net/images/manga/3/252015l.jpg
1173,Jigoku no Gouka de Yakare Tsuzuketa Shounen. Saikyou no Honootsukai to Natte Fukkatsu suru.,The Ultimate Fire Sorcerer's Return: Through Hellfire and Back!,地獄の業火で焼かれ続けた少年。最強の炎使いとなって復活する。,Manga,4888,6.54,2020,https://cdn.myanimelist.net/images/manga/1/236896l.jpg
1173,Rin-chan wa Suezen Shitai,,りんちゃんは据え膳したい,Manga,3019,6.54,2020,https://cdn.myanimelist.net/images/manga/2/248391l.jpg
1173,"Rokuhime wa Kamigoei ni Koi wo Suru: Saikyou no Shugo Kishi, Tensei shite Mahou Gakuen ni Iku",The God-Tier Guardian and the Love of Six Princesses,六姫は神護衛に恋をする ～最強の守護騎士、転生して魔法学園に行く～,Manga,3887,6.54,2020,https://cdn.myanimelist.net/images/manga/2/250118l.jpg
1173,The Flower Dances and the Wind Sings,The Flower Dances and the Wind Sings,꽃은 춤추고 바람은 노래한다,Manhwa,1956,6.54,2020,https://cdn.myanimelist.net/images/manga/3/262435l.jpg
1173,Usotsuki Kitsune no Koi Hanashi,,うそつきキツネの恋噺,Manga,1216,6.54,2020,https://cdn.myanimelist.net/images/manga/2/248185l.jpg
1173,Yo ga Yo nara!,It's Just Not My Night!: Tale of a Fallen Vampire Queen,世が夜なら!,Manga,1177,6.54,2020,https://cdn.myanimelist.net/images/manga/2/261947l.jpg
1173,Zutto Otokonoko dato Omotteita Gaki Taishou ga Onnanoko deshita,,ずっと男の子だと思っていたガキ大将が女の子でした,Doujinshi,1268,6.54,2020,https://cdn.myanimelist.net/images/manga/2/238130l.jpg
1186,24-ku no Hanako-san,,24区の花子さん,Manga,1041,6.53,2020,https://cdn.myanimelist.net/images/manga/2/239980l.jpg
1186,Araki-kun wa Kainarasenai,Araki Won't Be Tamed,あらきくんは飼いならせない,Manga,1774,6.53,2020,https://cdn.myanimelist.net/images/manga/3/236596l.jpg
1186,Classmate no Tanaka-san wa Sugoku Kowai,My Classmate Tanaka-san is Super Scary.,クラスメイトの田中さんはすごく怖い,Manga,5654,6.53,2020,https://cdn.myanimelist.net/images/manga/2/238034l.jpg
1186,Isekai Yurutto Survival Seikatsu: Gakkou no Mina to Isekai no Mujintou ni Teni shita kedo Ore dake Rakushou desu,,異世界ゆるっとサバイバル生活～学校の皆と異世界の無人島に転移したけど俺だけ楽勝です～,Manga,8495,6.53,2020,https://cdn.myanimelist.net/images/manga/1/241849l.jpg
1186,Kaya no Soto,,蚊帳の外,Doujinshi,365,6.53,2020,https://cdn.myanimelist.net/images/manga/2/265874l.jpg
1186,Nukitashi: Nukige Mitai na Shima ni Sunderu Watashi wa Dou Surya Ii desu ka?,,ぬきたし-抜きゲーみたいな島に住んでるわたしはどうすりゃいいですか?-,Manga,3373,6.53,2020,https://cdn.myanimelist.net/images/manga/3/265942l.jpg
1186,Siren's Song,Siren's Song,물 위에서 노래하다,Manhwa,855,6.53,2020,https://cdn.myanimelist.net/images/manga/3/334080l.jpg
1186,"Tatoeba Ore ga, Champion kara Oujo no Himo ni Job Change shita toshite.",,たとえば俺が、チャンピオンから王女のヒモにジョブチェンジしたとして。,Manga,2816,6.53,2020,https://cdn.myanimelist.net/images/manga/2/244992l.jpg
1186,The God of War,The God of War,풍운전신,Manhwa,1218,6.53,2020,https://cdn.myanimelist.net/images/manga/1/271543l.jpg
1186,Tokyo Kettou Kanjousen,Tokyo Duel,東京決闘環状戦,Manga,1752,6.53,2020,https://cdn.myanimelist.net/images/manga/2/262488l.jpg
1186,Tonari no Nobukuni-san wa Ore no Koto ga Suki na Ki ga Suru,I Get the Feeling That Nobukuni-san Likes Me,となりの信國さんは俺のことが好きな気がする,Manga,5169,6.53,2020,https://cdn.myanimelist.net/images/manga/3/243985l.jpg
1186,Wakeari Danjo no Secret Days,My Coworker Has a Secret!,ワケあり男女のシークレットデイズ,Manga,861,6.53,2020,https://cdn.myanimelist.net/images/manga/2/272557l.jpg
1198,Akuyaku Reijou no Taida na Tameiki,,悪役令嬢の怠惰な溜め息,Manga,765,6.52,2020,https://cdn.myanimelist.net/images/manga/1/244005l.jpg
1198,"Ani ga Kareshi de, Gomen.",,兄が彼氏で、ごめん。,Manga,478,6.52,2020,https://cdn.myanimelist.net/images/manga/1/243099l.jpg
1198,Darling for Dessert,Darling for Dessert,이사님의 디저트,Manhwa,1337,6.52,2020,https://cdn.myanimelist.net/images/manga/2/334075l.jpg
1198,"Ikusei Skill wa Mou Iranai to Yuusha Party wo Kaikosareta node, Taishoku Kingawari ni Moratta ""Ryouchi"" wo Tsuyoku shitemiru",From Leveling Up the Hero to Leveling Up a Nation,育成スキルはもういらないと勇者パーティを解雇されたので、退職金がわりにもらった【領地】を強くしてみる,Manga,7983,6.52,2020,https://cdn.myanimelist.net/images/manga/2/241625l.jpg
1198,"Kagonashi Reijou no Chiisana Mura: Saa, Ryouchi Unei wo Hajimemashou!",,加護なし令嬢の小さな村 ～さあ、領地運営を始めましょう！～,Manga,1419,6.52,2020,https://cdn.myanimelist.net/images/manga/3/236443l.jpg
1198,Konna Watashi ni Kitai Shinaide,,こんな私に期待しないデ,Manga,6457,6.52,2020,https://cdn.myanimelist.net/images/manga/1/245340l.jpg
1198,Mugi-kun ni Koi wo Shite wa Ikenai,,麦くんに恋をしてはいけない,Manga,786,6.52,2020,https://cdn.myanimelist.net/images/manga/2/266063l.jpg
1198,My Little Mars,,MY LITTLE MARS,One-shot,281,6.52,2020,https://cdn.myanimelist.net/images/manga/3/248338l.jpg
1198,Return of the Scholar,Return of the Scholar,학사귀환,Manhwa,1059,6.52,2020,https://cdn.myanimelist.net/images/manga/2/264938l.jpg
1198,Shakunetsu no Nirai Kanai,Hard-Boiled Cop and Dolphin,灼熱のニライカナイ,Manga,6740,6.52,2020,https://cdn.myanimelist.net/images/manga/2/236464l.jpg
1198,Silver Pole Flowers,,シルバーポールフラワーズ,Manga,917,6.52,2020,https://cdn.myanimelist.net/images/manga/3/238461l.jpg
1198,Yappari Oneesan ni Muchuu,,やっぱりおねーさんにむちゅう,Doujinshi,522,6.52,2020,https://cdn.myanimelist.net/images/manga/3/242084l.jpg
1210,"""Ou no Saien"" no Kishi to, ""Yasai"" no Ojousama",,『王の菜園』の騎士と、『野菜』のお嬢様,Manga,742,6.51,2020,https://cdn.myanimelist.net/images/manga/3/238713l.jpg
1210,Bonnou☆Saiyuuki,,煩悩☆西遊記,Manga,1173,6.51,2020,https://cdn.myanimelist.net/images/manga/2/240190l.jpg
1210,Daughter of the Spirit King,Daughter of the Spirit King,정령왕의 딸,Manhwa,1624,6.51,2020,https://cdn.myanimelist.net/images/manga/2/264157l.jpg
1210,Doukyuusei no Oshi Sakka ni Yuri Mousou ga Bareta Kekka,,同級生の推し作家に百合妄想がバレた結果,Manga,729,6.51,2020,https://cdn.myanimelist.net/images/manga/2/299096l.jpg
1210,Futago-tachi no Shojijou,The Personal Circumstances of the Twins.,双子たちの諸事情,Manga,6160,6.51,2020,https://cdn.myanimelist.net/images/manga/3/235840l.jpg
1210,Honki Daseba Omae Koroseru,,本気出せばお前殺せる,Manga,2226,6.51,2020,https://cdn.myanimelist.net/images/manga/2/252139l.jpg
1210,Karsearin: Adventures of a Red Dragon,Karsearin: Adventures of a Red Dragon,카르세아린,Manhwa,1288,6.51,2020,https://cdn.myanimelist.net/images/manga/1/264730l.jpg
1210,Koi no Youna Mono ja Naku,This Isn't Something Like Love.,恋のようなものじゃなく,Manga,925,6.51,2020,https://cdn.myanimelist.net/images/manga/2/248877l.jpg
1210,"Kyoukaizutome no Shinkan desu ga, Yuusha no Zansatsu Shitai Tensou saretekuru no Kanben shite Hoshii desu","I'm Working at the Church as a Priest, Please Cut Me Some Slack from the Mutilated Bodies of the Braves That Keep Getting Sent to Me",教会務めの神官ですが、勇者の惨殺死体転送されてくるの勘弁して欲しいです,Manga,652,6.51,2020,https://cdn.myanimelist.net/images/manga/2/233324l.jpg
1210,"Maou no Musume, Sugoku Choroi.",,魔王の娘、すごくチョロい。,Manga,5396,6.51,2020,https://cdn.myanimelist.net/images/manga/2/238676l.jpg
1210,Nidoto Ie ni wa Kaerimasen!,I'll Never Set Foot in That House Again!,二度と家には帰りません!,Manga,956,6.51,2020,https://cdn.myanimelist.net/images/manga/2/236786l.jpg
1210,Oni no Esa ja Arimasen,,鬼の餌じゃありません,Manga,812,6.51,2020,https://cdn.myanimelist.net/images/manga/1/248804l.jpg
1210,"Seijo no Hazu ga, Douyara Nottoraremashita","I Was Summoned to Be a Saint, but Was Robbed of the Position",聖女のはずが、どうやら乗っ取られました,Manga,2956,6.51,2020,https://cdn.myanimelist.net/images/manga/2/237708l.jpg
1210,Shadow Bride,Shadow Bride,그림자 신부,Manhwa,905,6.51,2020,https://cdn.myanimelist.net/images/manga/1/263359l.jpg
1210,Shujinkou ja Nai!,I'm Not the Hero!,主人公じゃない!,Manga,3495,6.51,2020,https://cdn.myanimelist.net/images/manga/3/244988l.jpg
1210,The Heroine of Drayfox,The Heroine of Drayfox,한 줄짜리 영애였을 터,Manhwa,1588,6.51,2020,https://cdn.myanimelist.net/images/manga/1/262593l.jpg
1210,Tokyo Babel,,トーキョーバベル,Manga,1298,6.51,2020,https://cdn.myanimelist.net/images/manga/2/235776l.jpg
1227,3P Lovers Share House,Rooming with My Two Lovers,3Pラヴァーズシェアハウス,Manga,576,6.5,2020,https://cdn.myanimelist.net/images/manga/1/282194l.jpg
1227,"Akuyaku Reijou ni nanka Narimasen. Watashi wa ""Futsuu"" no Koushaku Reijou desu!",,悪役令嬢になんかなりません。私は『普通』の公爵令嬢です!,Manga,2170,6.5,2020,https://cdn.myanimelist.net/images/manga/2/238944l.jpg
1227,Dating With a Tail,Dating With a Tail,꼬리 있는 연애,Manhwa,1215,6.5,2020,https://cdn.myanimelist.net/images/manga/2/262614l.jpg
1227,"Ingrid, the White Deer","Ingrid, the White Deer",흰 사슴 잉그리드,Manhwa,956,6.5,2020,https://cdn.myanimelist.net/images/manga/1/264815l.jpg
1227,Kinsei no Reveal,Reveal the Face of Venus,金星のリヴェール,Manga,875,6.5,2020,https://cdn.myanimelist.net/images/manga/3/245462l.jpg
1227,Koi wo Suru ni wa Chikasugiru,Too Close to Fall in Love,恋をするには近すぎる,Manga,299,6.5,2020,https://cdn.myanimelist.net/images/manga/2/280171l.jpg
1227,Kojirase Junai Monster,Twisted Love Monster,こじらせ純愛モンスター,Manga,424,6.5,2020,https://cdn.myanimelist.net/images/manga/3/265894l.jpg
1227,Kusozako Choroin Nishiga Hachi,,クソザコちょろイン西賀蜂,Manga,3001,6.5,2020,https://cdn.myanimelist.net/images/manga/3/271270l.jpg
1227,"Makentsukai no Moto Shounenhei wa, Moto Tekikanbu no Oneesan to Issho ni Ikitai",A Former Child Soldier Who Uses a Magic Sword Wants to Live With a Lady of Former Enemy Executive,魔剣使いの元少年兵は、元敵幹部のお姉さんと一緒に生きたい,Manga,4579,6.5,2020,https://cdn.myanimelist.net/images/manga/3/249491l.jpg
1227,Ore wa Lolicon ja Nai!,I'm Not a Lolita Complex!,俺はロリコンじゃない!,Manga,6342,6.5,2020,https://cdn.myanimelist.net/images/manga/3/232576l.jpg
1227,Ore wo Shiranai Kyou no Kimi,You Don't Know Me Today,オレを知らない今日の君,Manga,400,6.5,2020,https://cdn.myanimelist.net/images/manga/3/283383l.jpg
1227,Tokyo LACKs,,東京LACKs,Manga,412,6.5,2020,https://cdn.myanimelist.net/images/manga/1/236236l.jpg
1227,"Watashi no Shiranai, Senpai no 100-ko no Koto",100 Things I Don't Know About My Senior,わたしの知らない、先輩の100コのこと,Manga,1795,6.5,2020,https://cdn.myanimelist.net/images/manga/2/244964l.jpg
1227,"Watashi, Maou. Nazeka Yuusha ni Dekiai sareteimasu.",,私、魔王。―なぜか勇者に溺愛されています。,Manga,860,6.5,2020,https://cdn.myanimelist.net/images/manga/1/238266l.jpg
1227,Yuurei ni Natta kara Pantsu Misetemo Barenai yo ne!?,,幽霊になったからパンツ見せてもバレないよね!?,Manga,1248,6.5,2020,https://cdn.myanimelist.net/images/manga/3/283298l.jpg
1242,Atotori Musuko wa Gaman shinai,The Impatient Heir,跡取り息子は我慢しない,Manga,250,6.49,2020,https://cdn.myanimelist.net/images/manga/3/249991l.jpg
1242,Dream Life: Yume no Isekai Seikatsu,,ドリーム・ライフ～夢の異世界生活～,Manga,1019,6.49,2020,https://cdn.myanimelist.net/images/manga/3/246160l.jpg
1242,Ienai Himitsu no Aishikata,How to Love a Secret You Can't Tell Anyone About,いえない秘密の愛し方,Manga,2834,6.49,2020,https://cdn.myanimelist.net/images/manga/1/244108l.jpg
1242,It Was All a Mistake,It Was All a Mistake,모든 게 착각이었다,Manhwa,2806,6.49,2020,https://cdn.myanimelist.net/images/manga/3/274101l.jpg
1242,"Ore wa Subete wo ""Parry"" suru: Gyaku Kanchigai no Sekai Saikyou wa Boukensha no Yume wo Miru",I Parry Everything: What Do You Mean I'm the Strongest? I'm Not Even an Adventurer Yet!,俺は全てを【パリイ】する～逆勘違いの世界最強は冒険者の夢をみる～,Manga,5736,6.49,2020,https://cdn.myanimelist.net/images/manga/3/249442l.jpg
1242,Solo Glitch Player,Solo Glitch Player,나 홀로 버그로 꿀빠는 플레이어,Manhwa,1690,6.49,2020,https://cdn.myanimelist.net/images/manga/3/331109l.jpg
1242,Zombie Shoujo no Fujimi-san,,ゾン美少女の藤美さん,Manga,2121,6.49,2020,https://cdn.myanimelist.net/images/manga/1/237888l.jpg
1249,"Bishoujo-ka shita Ojisan dakedo, Gachikoi sarete Komattemasu","I'm a Pretty Girl-ized Ojisan, but I'm in Trouble for Being Seriously Loved.",美少女化したおじさんだけど、ガチ恋されて困ってます,Manga,576,6.48,2020,https://cdn.myanimelist.net/images/manga/2/296578l.jpg
1249,Isekai Joshi Kangoku,Girls Prison in Another World,異世界女子監獄,Manga,1086,6.48,2020,https://cdn.myanimelist.net/images/manga/2/255863l.jpg
1249,Ore no Sekai wo Hakai suru Otoko,The Man Who Shattered My World,俺の世界を破壊する男,Manga,465,6.48,2020,https://cdn.myanimelist.net/images/manga/1/262703l.jpg
1249,The Night When the Crow Caws,The Night When the Crow Caws,까마귀 우는 밤,Manhwa,562,6.48,2020,https://cdn.myanimelist.net/images/manga/2/264209l.jpg
1249,The Strongest Ever,,사상최강,Manhwa,509,6.48,2020,https://cdn.myanimelist.net/images/manga/1/283928l.jpg
1249,"Yotaka, Meguru",,夜鷹、廻る,Manga,847,6.48,2020,https://cdn.myanimelist.net/images/manga/3/245393l.jpg
1255,Boku ga Shiranai Kimi no Kao,,僕が知らない君の顔,Manga,706,6.47,2020,https://cdn.myanimelist.net/images/manga/3/256377l.jpg
1255,"Moto Juui no Reijou wa Konyaku Haki saremashita ga, Mofumofu-tachi ni Daininki desu!","Former Vet Lady Has Had Her Engagement Called Off, but Is Very Popular with the Fluffies!",元獣医の令嬢は婚約破棄されましたが、もふもふたちに大人気です!,Manga,1080,6.47,2020,https://cdn.myanimelist.net/images/manga/2/255623l.jpg
1255,Shikkaku kara Hajimeru Nariagari Madoushidou! The Comic,The Magician Who Rose From Failure,失格から始める成り上がり魔導師道! THE COMIC,Manga,1003,6.47,2020,https://cdn.myanimelist.net/images/manga/1/282221l.jpg
1255,Shiro no Necromancer: Shiryou Ou e no Michi,The White Necromancer: Road to the Spirit King,白のネクロマンサー ~死霊王への道~,Manga,970,6.47,2020,https://cdn.myanimelist.net/images/manga/3/264742l.jpg
1255,Souiu Toshigoro ni Nacchatta Toshi no Sa Shimai,,そういう年頃になっちゃった年の差姉妹,Manga,989,6.47,2020,https://cdn.myanimelist.net/images/manga/3/234826l.jpg
1255,The Rebirth of a Tyrannical Empress,The Rebirth of a Tyrannical Empress,소설 속 악녀 황제가 되었다,Manhwa,4176,6.47,2020,https://cdn.myanimelist.net/images/manga/2/261975l.jpg
1261,Aobara-hime no Yarinaoshi Kakumeiki,Revolutionary Restart for the Blue Rose Princess,青薔薇姫のやりなおし革命記,Manga,912,6.46,2020,https://cdn.myanimelist.net/images/manga/1/239270l.jpg
1261,Harakiri Gomen,,ハラキリゴメン,Manga,394,6.46,2020,https://cdn.myanimelist.net/images/manga/2/228082l.jpg
1261,Imouto ga Bunretsu shita.,,妹が分裂した。,Manga,1732,6.46,2020,https://cdn.myanimelist.net/images/manga/3/234725l.jpg
1261,"Kyuutei Mahoushi Kubi ni Nattande, Inaka ni Kaette Mahouka no Sensei ni Narimasu",I Got Fired as a Court Wizard so Now I'm Moving to the Country to Become a Magic Teacher,宮廷魔法師クビになったんで、田舎に帰って魔法科の先生になります,Manga,1423,6.46,2020,https://cdn.myanimelist.net/images/manga/1/244990l.jpg
1261,Marie-sama wo Wakarasetai!,Teach a Lesson Marie-sama!,マリー様をわからせたい！,Manga,684,6.46,2020,https://cdn.myanimelist.net/images/manga/3/244217l.jpg
1261,Ore no Imouto wa Shinonome-san,,俺の妹は東雲さん,One-shot,279,6.46,2020,https://cdn.myanimelist.net/images/manga/2/248698l.jpg
1261,The Advanced Player of the Tutorial Tower,The Advanced Player of the Tutorial Tower,튜토리얼 탑의 고인물,Manhwa,17291,6.46,2020,https://cdn.myanimelist.net/images/manga/1/260085l.jpg
1261,The Flower of Prencia,The Flower of Prencia,프렌시아의 꽃,Manhwa,495,6.46,2020,https://cdn.myanimelist.net/images/manga/2/263523l.jpg
1261,The Sultan's Love,The Sultan's Love,술탄의 꽃,Manhwa,1506,6.46,2020,https://cdn.myanimelist.net/images/manga/1/270874l.jpg
1270,"Binbou Reijou no Kanchigai Seijo-den: Okane no Tame ni Doryoku shitetara, Ouzoku Harem ga Dekiteimashita!?",,貧乏令嬢の勘違い聖女伝 ～お金のために努力してたら、王族ハーレムが出来ていました!?～,Manga,990,6.45,2020,https://cdn.myanimelist.net/images/manga/3/254845l.jpg
1270,Double Suicide,,double suicide,Manga,338,6.45,2020,https://cdn.myanimelist.net/images/manga/1/286963l.jpg
1270,Furenaide Little Star,"Don't Touch, Little Star",ふれないでリトルスター,Manga,654,6.45,2020,https://cdn.myanimelist.net/images/manga/3/250853l.jpg
1270,Inukai-san Chi no Oshikake JK,,犬飼さん家の押しかけJK,Manga,1087,6.45,2020,https://cdn.myanimelist.net/images/manga/2/247285l.jpg
1270,Kimi to Boku to Sekai no Hotori: Futaribocchi Christmas,,君と僕と世界のほとり ふたりぼっちクリスマス,Manga,295,6.45,2020,https://cdn.myanimelist.net/images/manga/1/276554l.jpg
1270,Kyou mo Korosezu ni Aishiau dake.,Another Day of Loving Instead of Killing,今日も殺せずに愛し合うだけ。,Manga,1159,6.45,2020,https://cdn.myanimelist.net/images/manga/2/244691l.jpg
1270,"Ossan, Yuusha to Maou wo Hirou @comic",Middle-Aged Man Pick Up a Brave and a Devil,おっさん、勇者と魔王を拾う＠COMIC,Manga,814,6.45,2020,https://cdn.myanimelist.net/images/manga/2/259859l.jpg
1270,She Would Never Know,She Would Never Know,"선배, 그 립스틱 바르지 마요",Manhwa,1091,6.45,2020,https://cdn.myanimelist.net/images/manga/1/263004l.jpg
1270,Tada Shiawase na Isekai Kazoku Seikatsu: Tensei shite Kondo koso Shiawase ni Kurashimasu,,ただ幸せな異世界家族生活 ～転生して今度こそ幸せに暮らします～,Manga,1899,6.45,2020,https://cdn.myanimelist.net/images/manga/2/243486l.jpg
1270,Tensei shitara Mahou to Ken no Bouken ga Matteiru to Omotteita noni,,転生したら魔法と剣の冒険が待っていると思っていたのに,One-shot,341,6.45,2020,https://cdn.myanimelist.net/images/manga/3/238358l.jpg
1270,Tensei-saki ga Shoujo Manga no Shirobuta Reijou datta reBoooot!,,転生先が少女漫画の白豚令嬢だった reBoooot！,Manga,727,6.45,2020,https://cdn.myanimelist.net/images/manga/1/240517l.jpg
1270,Tonari no Sugar Boy,Neighbor Sugar Boy,となりのシュガーボーイ,Manga,510,6.45,2020,https://cdn.myanimelist.net/images/manga/1/262493l.jpg
1270,Tsugi ni Attara Daku tte Kimeteta node. Saikai shita Hatsukoi no Kare ga Moujuuka shitara....,"First Love Reunion: A Decade Later, My High School Crush Is Determined to Make Me His!",次に会ったら抱くって決めてたので。 再会した初恋の彼が猛獣化したら…。,Manga,496,6.45,2020,https://cdn.myanimelist.net/images/manga/3/252903l.jpg
1270,Usotsuki Jouzu to Banken,Liar and Guard Dog,嘘つき上手と番犬,Manga,486,6.45,2020,https://cdn.myanimelist.net/images/manga/3/255368l.jpg
1270,Yougisha α to Keiji Ω: Zettai ni Aishite wa Ikenai Unmei no Tsugai,Suspect Alpha (α) x Detective Omega (Ω),容疑者αと刑事Ω～絶対に愛してはいけない運命の番,Manga,325,6.45,2020,https://cdn.myanimelist.net/images/manga/2/253921l.jpg
1270,"Yuusha-sama no Osananajimi to Iu Settei no Make Heroine ni Tensei shita node, Chougoushi ni Job Change Shimasu.",,勇者様の幼馴染という職業〈せってい〉の負けヒロインに転生したので、調合師にジョブチェンジします。,Manga,1863,6.45,2020,https://cdn.myanimelist.net/images/manga/3/234733l.jpg
1286,Akuyaku Reijou wa Ichizu ni Dekiai sarete,,悪役令嬢は一途に溺愛されて,Manga,1138,6.44,2020,https://cdn.myanimelist.net/images/manga/1/252316l.jpg
1286,Assassin no Kyuujitsu,The Assassin's Holiday,アサシンの休日,Manga,1608,6.44,2020,https://cdn.myanimelist.net/images/manga/1/255429l.jpg
1286,Baka to α no Kenkyuushitsu,An Idiot and an Alpha's Laboratory,バカとαの研究室,Manga,382,6.44,2020,https://cdn.myanimelist.net/images/manga/2/281827l.jpg
1286,Fushichou e no Tensei: Dragon Taoseru tte Futsuu no Tori ja Nai yo ne?,,不死鳥への転生 ドラゴン倒せるって普通の鳥じゃないよね?,Manga,1078,6.44,2020,https://cdn.myanimelist.net/images/manga/1/237773l.jpg
1286,Fushisha no Deshi: Jashin no Fukyou wo Katte Naraku ni Otosareta Ore no Eiyuutan,The Disciple of Lich,不死者の弟子 ～邪神の不興を買って奈落に落とされた俺の英雄譚～,Manga,990,6.44,2020,https://cdn.myanimelist.net/images/manga/3/241606l.jpg
1286,Ghost Girl,Ghost Reaper Girl,GHOST GIRL,Manga,7229,6.44,2020,https://cdn.myanimelist.net/images/manga/1/238042l.jpg
1286,Hell's Harem,Hell's Harem,그녀들의 보금자리,Manhwa,1105,6.44,2020,https://cdn.myanimelist.net/images/manga/3/260364l.jpg
1286,Heroic Complex,,ヒロイック・コンプレックス,Manga,602,6.44,2020,https://cdn.myanimelist.net/images/manga/3/273296l.jpg
1286,"Hitorigurashi, Netsu wo Dasu. Koi wo Shiru.","Live Alone, Get a Fever. Find Love.",一人暮らし、熱を出す。恋を知る。,Manga,666,6.44,2020,https://cdn.myanimelist.net/images/manga/3/308136l.jpg
1286,Ibara no Naka no Hana,,荊の中の花,Manga,692,6.44,2020,https://cdn.myanimelist.net/images/manga/3/253751l.jpg
1286,"Isekai Furin: Maou Toubatsu kara 10-nen, Tsuma to wa Less no Motoyuusha to, Otto wo Nakushita Onna Senshi","Isekai Affair: 10 Years After Defeating the Demon King, the Hero Cheats on His Wife with a Warrior Woman Who Lost Her Husband",異世界不倫～魔王討伐から十年、妻とはレスの元勇者と、夫を亡くした女戦士～,Manga,5617,6.44,2020,https://cdn.myanimelist.net/images/manga/1/242380l.jpg
1286,"Isekai no Binbou Nouka ni Tensei shita node, Renga wo Tsukutte Shiro wo Tateru Koto ni Shimashita @comic",,異世界の貧乏農家に転生したので、レンガを作って城を建てることにしました@COMIC,Manga,2076,6.44,2020,https://cdn.myanimelist.net/images/manga/3/286038l.jpg
1286,Kono Ato Mechakucha Love Comedy shita,,このあと滅茶苦茶ラブコメした,Manga,1594,6.44,2020,https://cdn.myanimelist.net/images/manga/3/238832l.jpg
1286,Matohazure Q-doubu,,まとはずれQ道部,One-shot,253,6.44,2020,https://cdn.myanimelist.net/images/manga/1/262881l.jpg
1286,Ookami ni Naritai,,狼になりたい,One-shot,843,6.44,2020,https://cdn.myanimelist.net/images/manga/2/263525l.jpg
1286,Oshi ni wa Zettai Hodasarenai!,"I Might Be Your Fan, but I'll Never Fall for You!",推しには絶対ほだされない！,Manga,366,6.44,2020,https://cdn.myanimelist.net/images/manga/3/245814l.jpg
1286,Saikyou Onmyouji no Isekai Tenseiki: Geboku no Youkai-domo ni Kurabete Monster ga Yowasugirun da ga,The Reincarnation of the Strongest Exorcist in Another World: Monsters Can't Match my Youkai!,最強陰陽師の異世界転生記 ～下僕の妖怪どもに比べてモンスターが弱すぎるんだが～,Manga,8369,6.44,2020,https://cdn.myanimelist.net/images/manga/1/236851l.jpg
1286,Silver Devil King,Silver Devil King,은빛마계왕,Manhwa,570,6.44,2020,https://cdn.myanimelist.net/images/manga/1/264924l.jpg
1286,Tamayura no Hibi,It's a Moment We Spent,たまゆらの日日,Manga,260,6.44,2020,https://cdn.myanimelist.net/images/manga/1/249580l.jpg
1286,Watashi no Otto wa Reitouko ni Nemutteiru,,私の夫は冷凍庫に眠っている,Manga,4091,6.44,2020,https://cdn.myanimelist.net/images/manga/2/255339l.jpg
1306,Bad Boy,,나쁜사람,Manhwa,2183,6.43,2020,https://cdn.myanimelist.net/images/manga/1/270503l.jpg
1306,Danshi Koukousei ga Mahou Shoujo ni Naru Hanashi,,男子高校生が魔法少女になる話,Manga,595,6.43,2020,https://cdn.myanimelist.net/images/manga/1/279528l.jpg
1306,Guardian Angel for Cursed Duke,Guardian Angel for Cursed Duke,저주받은 공작님을 구했습니다,Manhwa,638,6.43,2020,https://cdn.myanimelist.net/images/manga/2/265106l.jpg
1306,Hanasaku Bokura no Koiwazurai,,花咲く僕らの恋わずらい,Manga,697,6.43,2020,https://cdn.myanimelist.net/images/manga/2/255917l.jpg
1306,Hangyaku no Soul Eater,The Revenge of the Soul Eater,反逆のソウルイーター,Manga,2147,6.43,2020,https://cdn.myanimelist.net/images/manga/2/235101l.jpg
1306,Iseikai Tensei,Iseikai Tensei,異星界転星,Manga,2074,6.43,2020,https://cdn.myanimelist.net/images/manga/2/246306l.jpg
1306,"Isekai Tensei de Kenja ni Natte Boukensha Seikatsu: ""Mahou Kairyou"" de Isekai Saikyou",My Adventurer Life: I Became the Strongest Magic-Refining Sage in a New World,異世界転生で賢者になって冒険者生活 ～【魔法改良】で異世界最強～,Manga,4793,6.43,2020,https://cdn.myanimelist.net/images/manga/3/245059l.jpg
1306,"Mask Hazushite yo, Ishikawa-san","Take off Your Mask, Ishikawa",マスクはずしてよ、石川さん,Manga,1849,6.43,2020,https://cdn.myanimelist.net/images/manga/3/238982l.jpg
1306,Misetagari no Tsuyuno-chan,Tsuyuno-chan Likes to Show Off,見せたがりの露乃ちゃん,Manga,6017,6.43,2020,https://cdn.myanimelist.net/images/manga/3/234412l.jpg
1315,Am I Your Daughter?,Am I Your Daughter?,내가 딸이에요?,Manhwa,3570,6.42,2020,https://cdn.myanimelist.net/images/manga/3/262272l.jpg
1315,Isekai Shoukan! Maou ga Papa de Ore ga Mama!?,The Devil Is Dad and I'm Mom!?,異世界召喚!魔王がパパで俺がママ!?,Manga,515,6.42,2020,https://cdn.myanimelist.net/images/manga/2/265840l.jpg
1315,Kouhai Danyuu ni Dakareru Oshigoto,My Job Getting Plowed By My Younger Coworker,後輩男優に抱かれるオシゴト,Manga,271,6.42,2020,https://cdn.myanimelist.net/images/manga/2/276235l.jpg
1315,Kouiu no ga Ii,,こういうのがいい,One-shot,1945,6.42,2020,https://cdn.myanimelist.net/images/manga/1/237661l.jpg
1315,Koutetsu no Łucja,,鋼鉄のウツィア,Manga,688,6.42,2020,https://cdn.myanimelist.net/images/manga/1/253029l.jpg
1315,"Kusogaki, Sassato Watashi ni Horero!",,クソガキ、さっさと私に惚れろ！,One-shot,350,6.42,2020,https://cdn.myanimelist.net/images/manga/3/239026l.jpg
1315,Larkspur no Ori,,ラークスパーの檻,Manga,264,6.42,2020,https://cdn.myanimelist.net/images/manga/1/256265l.jpg
1315,Muchi na Boku to Warui Koto.,My Alter-Ego is a Gangster!,無知な僕とわるいこと。,Manga,423,6.42,2020,https://cdn.myanimelist.net/images/manga/3/253584l.jpg
1315,Murder Lock: Satsujinki no Kyoushitsu,Murder Lock: School of the Killing,マーダーロック-殺人鬼の凶室-,Manga,1478,6.42,2020,https://cdn.myanimelist.net/images/manga/3/243824l.jpg
1315,Ookami-kun wa Hayakawa-san ni Katenai,A Wolf Cannot Win to Hayakawa,オオカミくんは早川さんに勝てない,Manga,1697,6.42,2020,https://cdn.myanimelist.net/images/manga/2/238781l.jpg
1315,Romance in Reverse,Romance in Reverse,살인귀의 아이를 낳았다,Manhwa,1222,6.42,2020,https://cdn.myanimelist.net/images/manga/3/262589l.jpg
1315,Suki dakedo Suki dakara Uketorenai,,好きだけど好きだから受け取れない,One-shot,6369,6.42,2020,https://cdn.myanimelist.net/images/manga/1/241556l.jpg
1315,"Tokitsukai Majutsushi no Tensei Musou: Majutsu Gakuin no Rettousei, Jitsu wa Saikyou no Jikankei Majutsushi deshita",Reincarnation of the Unrivalled Time Mage: The Underachiever at the Magic Academy Turns Out to Be the Strongest Mage Who Controls Time!,時使い魔術師の転生無双 ～魔術学院の劣等生、実は最強の時間系魔術師でした～,Manga,891,6.42,2020,https://cdn.myanimelist.net/images/manga/3/246334l.jpg
1315,Yuujou Vibration,,友情バイブレーション,Manga,761,6.42,2020,https://cdn.myanimelist.net/images/manga/2/264592l.jpg
1329,Cheat na Tablet wo Motte Kaiteki Isekai Seikatsu,Cheating My Way through a Different World with My Tablet to Live a Comfortable Life,チートなタブレットを持って快適異世界生,Manga,1689,6.41,2020,https://cdn.myanimelist.net/images/manga/3/267448l.jpg
1329,Eldias Road: Megami ni Moratta Zettai Shinanai Kyuukyoku Skill de Nanatsu no Dungeon wo Kouryaku suru,,エルディアス・ロード 女神にもらった絶対死なない究極スキルで七つのダンジョンを攻略する,Manga,1074,6.41,2020,https://cdn.myanimelist.net/images/manga/1/241858l.jpg
1329,Iinari Saimin Love Hame 3P,Obedience Hypnosis Threesome Lovesex,いいなり催眠ラブハメ3P,Manga,349,6.41,2020,https://cdn.myanimelist.net/images/manga/3/277379l.jpg
1329,Josou Layer ga Joushi ni Baretara Shinuru,I'll Die If My Boss Finds Out That I Crossplay,女装レイヤーが上司にバレたらしぬる,Manga,614,6.41,2020,https://cdn.myanimelist.net/images/manga/2/283105l.jpg
1329,Limit Breaker,Limit Breaker,만렙돌파,Manhwa,8387,6.41,2020,https://cdn.myanimelist.net/images/manga/1/261660l.jpg
1329,Soretomo Time Leap ni Suru?,Or Do You Make Time Leap?,それともタイムリープにする？,Manga,1683,6.41,2020,https://cdn.myanimelist.net/images/manga/2/256902l.jpg
1335,A Handsome Swordsman,A Handsome Swordsman,신수제일검,Manhwa,455,6.4,2020,https://cdn.myanimelist.net/images/manga/3/279439l.jpg
1335,Kinka 1-mai de Kawaru Boukensha Seikatsu,How a Single Gold Coin Can Change an Adventurer's Life,金貨1枚で変わる冒険者生活,Manga,2034,6.4,2020,https://cdn.myanimelist.net/images/manga/1/234668l.jpg
1335,"Maou Gakuen no Hangyakusha: Jinrui Hatsu no Maou Kouhou, Kenzoku Shoujo to Ouza wo Mezashite Nariagaru",,魔王学園の反逆者 ～人類初の魔王候補、眷属少女と王座を目指して成り上がる～,Manga,10553,6.4,2020,https://cdn.myanimelist.net/images/manga/1/235201l.jpg
1335,"Mizu shika Denai Shingu ""Cup"" wo Sazukatta Boku wa, Fumou no Ryouchi de Suki ni Ikiru Koto ni Shimashita","After Receiving the Sacred Item ""Cup"" That Can Only Produce Water, I Decided To Live Freely in Barren Land",水しか出ない神具【コップ】を授かった僕は、不毛の領地で好きに生きる事にしました,Manga,795,6.4,2020,https://cdn.myanimelist.net/images/manga/2/296445l.jpg
1335,Ochikobore Kuni wo Deru: Jitsu wa Sekai de 4-ninme no Fuyo Jutsushi Datta Ken ni Tsuite,Homeland Dropout: The Time I Was Reincarnated as the Fourth Enchanter in the Entire World,落ちこぼれ国を出る ～実は世界で4人目の付与術師だった件について～,Manga,2960,6.4,2020,https://cdn.myanimelist.net/images/manga/3/246189l.jpg
1335,"Otome Game Rokushuume, Auto Mode ga Kiremashita.",The 6th Loop: I'm Finally Free of Auto Mode in this Otome Game,乙女ゲーム六周目、オートモードが切れました。,Manga,1209,6.4,2020,https://cdn.myanimelist.net/images/manga/1/241042l.jpg
1335,Princess in the Rough,Princess in the Rough,쓰레기장 속 황녀님,Manhwa,3891,6.4,2020,https://cdn.myanimelist.net/images/manga/3/262065l.jpg
1335,The Tyrant's Guardian Is an Evil Witch,The Tyrant's Guardian Is an Evil Witch,폭군의 보호자는 악역 마녀입니다,Manhwa,3062,6.4,2020,https://cdn.myanimelist.net/images/manga/1/262090l.jpg
1343,Buta no Liver wa Kanetsu Shiro,Butareba: The Story of a Man Turned into a Pig,豚のレバーは加熱しろ,Manga,1098,6.39,2020,https://cdn.myanimelist.net/images/manga/2/253282l.jpg
1343,Deatte Hitotsuki de Zecchou Jorei! @comic,,出会ってひと突きで絶頂除霊！@comic,Manga,3543,6.39,2020,https://cdn.myanimelist.net/images/manga/1/243458l.jpg
1343,Hankou Dekinai! Ibara-chan,,反抗できない！いばらちゃん,Manga,730,6.39,2020,https://cdn.myanimelist.net/images/manga/2/236631l.jpg
1343,"Kage no Kyuutei Majutsushi: Munou dato Omowareteita Otoko, Jitsu wa Saikyou no Gunshi Datta",The Court Wizard in Shadow,影の宮廷魔術師 ～無能だと思われていた男、実は最強の軍師だった～,Manga,860,6.39,2020,https://cdn.myanimelist.net/images/manga/1/239977l.jpg
1343,Out Bride: Ikei Konin,Outbride: Beauty and the Beasts,アウトブライド-異系婚姻-,Manga,974,6.39,2020,https://cdn.myanimelist.net/images/manga/3/262359l.jpg
1343,Shikabanegatana,Corpse Blade,屍刀 -シカバネガタナ-,Manga,1091,6.39,2020,https://cdn.myanimelist.net/images/manga/2/241687l.jpg
1343,Trigger,,트리거,Manhwa,608,6.39,2020,https://cdn.myanimelist.net/images/manga/1/264930l.jpg
1343,Watashi wa Succubus to Kiss wo Shita,I Have Kissed Succubus,わたしはサキュバスとキスをした,Manga,2219,6.39,2020,https://cdn.myanimelist.net/images/manga/3/243977l.jpg
1351,"Aru Hi, Burikko Akuyaku Reijou ni Narimashite.",,ある日、ぶりっ子悪役令嬢になりまして。,Manga,647,6.38,2020,https://cdn.myanimelist.net/images/manga/3/239475l.jpg
1351,Hits,,ヒッツ,Manga,1063,6.38,2020,https://cdn.myanimelist.net/images/manga/1/282655l.jpg
1351,Kami no Caveira,,神のカベイラ,One-shot,408,6.38,2020,https://cdn.myanimelist.net/images/manga/3/244256l.jpg
1351,Let Me Stay Over Tonight!,Let Me Stay Over Tonight!,오늘 밤만 재워줘,Manhwa,524,6.38,2020,https://cdn.myanimelist.net/images/manga/2/262697l.jpg
1351,Motokare x Security,My Ex-Boyfriend Is My Bodyguard,元彼×セキュリティ,Manga,288,6.38,2020,https://cdn.myanimelist.net/images/manga/1/255272l.jpg
1351,Nidoto Jidori Okutte Yannai!,I'll Never Send a Selfie Again!,二度と自撮り送ってやんない！,Manga,2323,6.38,2020,https://cdn.myanimelist.net/images/manga/2/249133l.jpg
1351,Renai Keikenchi Zero no Otome-san: Koibito Inai Reki = Nenrei no Onna Kyoushi ga Kodomo Atsukai shitekita Toshi no Hanareta Osananajimi no Seito wo Ishiki shiteshimau Hanashi,,恋愛経験値ゼロの乙女さん 恋人いない歴=年齢の女教師が子供扱いしてきた年の離れた幼馴染の生徒を意識してしまう話,Manga,835,6.38,2020,https://cdn.myanimelist.net/images/manga/3/236203l.jpg
1351,Strongest Fighter,,도사강호,Manhwa,780,6.38,2020,https://cdn.myanimelist.net/images/manga/3/300687l.jpg
1351,This Is It!: Seisaku Shinkou Shinonome Jirou,,THIS IS IT! 制作進行東雲次郎,Manga,917,6.38,2020,https://cdn.myanimelist.net/images/manga/2/242405l.jpg
1351,Tokimeki no Ikenie,,ときめきのいけにえ,Manga,1515,6.38,2020,https://cdn.myanimelist.net/images/manga/3/235030l.jpg
1361,Futago Yuri Ecchi Anthology,Double Your Pleasure: A Twin Yuri Anthology,双子百合えっちアンソロジー,Manga,1550,6.37,2020,https://cdn.myanimelist.net/images/manga/1/249896l.jpg
1361,Kiss on the Piano,Kiss on the Piano,펑크 덩크 펑크,Manhwa,553,6.37,2020,https://cdn.myanimelist.net/images/manga/2/334073l.jpg
1361,Retire shita Ningyoushi no MMO Chronicle @comic,,リタイヤした人形師のMMO機巧叙事詩〈クロニクル〉@COMIC,Manga,736,6.37,2020,https://cdn.myanimelist.net/images/manga/2/270506l.jpg
1361,Turn Off the Camera!,Turn Off the Camera!,체험! XX의 현장,Manhwa,1718,6.37,2020,https://cdn.myanimelist.net/images/manga/2/334051l.jpg
1361,Yuugen to Jorei Gakkyuu,Yugen's All-Ghouls Homeroom,ユーゲンと女霊学級,One-shot,1973,6.37,2020,https://cdn.myanimelist.net/images/manga/1/230540l.jpg
1366,Ano Oni Kyoushi ga Boku no Ane ni Naru n desu ka?,,あの鬼教師が僕の姉になるんですか？,Manga,8212,6.36,2020,https://cdn.myanimelist.net/images/manga/3/247754l.jpg
1366,Boku to Roboko,Me & Roboco,僕とロボコ,Manga,4130,6.36,2020,https://cdn.myanimelist.net/images/manga/4/236318l.jpg
1366,Boku wa Oniku ja Nai,I'm Not Meat,僕はお肉じゃない,Manga,433,6.36,2020,https://cdn.myanimelist.net/images/manga/2/254647l.jpg
1366,Free Oppai,,フリーおっぱい,Doujinshi,414,6.36,2020,https://cdn.myanimelist.net/images/manga/2/280924l.jpg
1366,Hatsujou Playroom,Hatsujo Playroom,発情プレイルーム,Manga,389,6.36,2020,https://cdn.myanimelist.net/images/manga/2/276794l.jpg
1366,Kemono-sama wa Ongaeshi de Haramasetai,Making a Child with a Beast,獣様は恩返しで孕ませたい,Manga,705,6.36,2020,https://cdn.myanimelist.net/images/manga/1/256800l.jpg
1366,Kitsune Biyori no Konjirou,Fox Weather’s Konjirou,狐日和の紺次郎,One-shot,261,6.36,2020,https://cdn.myanimelist.net/images/manga/3/238650l.jpg
1366,Kokkuri Majo Saiban,mage game,こっくりマジョ裁判,Manga,699,6.36,2020,https://cdn.myanimelist.net/images/manga/2/237003l.jpg
1366,Ore no Seito wa Kawaikunai,,俺の生徒はかわいくない,Manga,474,6.36,2020,https://cdn.myanimelist.net/images/manga/2/252389l.jpg
1366,Popo,,ポポ,One-shot,624,6.36,2020,https://cdn.myanimelist.net/images/manga/1/237013l.jpg
1366,Rettougan no Tensei Majutsushi: Shiitagerareta Saikyou no Koji ga Isekai de Musou Suru,,劣等眼の転生魔術師 ～虐げられた最強の孤児が異世界で無双する～,Manga,3117,6.36,2020,https://cdn.myanimelist.net/images/manga/2/239314l.jpg
1366,Saikyou Yankee ga Omega na Wake Nai!,The Toughest Guy in School Is an Omega!?,最強ヤンキーがオメガなわけない!,Manga,882,6.36,2020,https://cdn.myanimelist.net/images/manga/3/248650l.jpg
1366,"Tatoe Sekai ga Owattemo, Watashi wa Kanojo wo Erabanai",I Won't Choose Her When the World's End,たとえ世界が終わっても、私は彼女を選ばない,Manga,539,6.36,2020,https://cdn.myanimelist.net/images/manga/3/278936l.jpg
1379,A Villain Demands to Be Loved,A Villain Demands to Be Loved,악당에게 사랑을 강요받고 있습니다,Manhwa,1385,6.35,2020,https://cdn.myanimelist.net/images/manga/1/262896l.jpg
1379,"As You Wish, My Lady","As You Wish, My Lady",아가씨 뜻대로,Manhwa,846,6.35,2020,https://cdn.myanimelist.net/images/manga/1/264282l.jpg
1379,BL Game no Shujinkou ni Nattara Rival ni Dekiai sareta Ken,That Time I Became a BL Game Protagonist and My Rival Doted on Me,BLゲームの主人公になったらライバルに溺愛された件,Manga,502,6.35,2020,https://cdn.myanimelist.net/images/manga/3/263451l.jpg
1379,Bad Romance Freak Show,,バッドロマンス・フリーク・ショー,Manga,506,6.35,2020,https://cdn.myanimelist.net/images/manga/3/256414l.jpg
1379,I Woke Up as the Ugly Duckling,I Woke Up as the Ugly Duckling,못난이 공녀가 되었습니다,Manhwa,3474,6.35,2020,https://cdn.myanimelist.net/images/manga/1/262756l.jpg
1379,Isekai de Tawawa na Oppai ni Umoretai!: Kyonyuu Shoujo to Ichaero Anthology Comic,,異世界でたわわなおっぱいに埋もれたい！ 巨乳少女とイチャエロアンソロジーコミック,Manga,944,6.35,2020,https://cdn.myanimelist.net/images/manga/2/276513l.jpg
1379,Isekai de Uwamae Hanete Ikiteiku: Saisei Mahoutsukai no Yurufuwa Jinzai Haken Seikatsu,,異世界で 上前はねて 生きていく～再生魔法使いのゆるふわ人材派遣生活～,Manga,1950,6.35,2020,https://cdn.myanimelist.net/images/manga/1/280390l.jpg
1379,"Level 0 no Maou-sama, Isekai de Boukensha wo Hajimemasu",Level 0 Demon King Becomes an Adventurer in Another World,レベル0の魔王様、異世界で冒険者を始めます,Manga,4514,6.35,2020,https://cdn.myanimelist.net/images/manga/1/240568l.jpg
1379,"Tsuki 50-man Morattemo Ikigai no Nai Tonari no Oneesan ni 30-man de Yatowarete ""Okaeri"" tte Iu Oshigoto ga Tanoshii",,月50万もらっても生き甲斐のない隣のお姉さんに30万で雇われて「おかえり」って言うお仕事が楽しい,Manga,7295,6.35,2020,https://cdn.myanimelist.net/images/manga/3/236208l.jpg
1388,Engan no Cyclops,,炎眼のサイクロプス,One-shot,1524,6.34,2020,https://cdn.myanimelist.net/images/manga/3/238656l.jpg
1388,"Fuguushoku ""Kajishi"" dakedo Saikyou desu: Kizukeba Nandemo Tsukureru You ni Natteita Otoko no Nonbiri Slow Life",,不遇職『鍛冶師』だけど最強です ～気づけば何でも作れるようになっていた男ののんびりスローライフ～,Manga,10557,6.34,2020,https://cdn.myanimelist.net/images/manga/2/238725l.jpg
1388,Gahi-chan!,Gahi-chan!,画皮ちゃん!,Manga,2014,6.34,2020,https://cdn.myanimelist.net/images/manga/1/256424l.jpg
1388,"Keiji, Junai wo Kibou",The Detective Who Hopes for True Love,刑事、純愛を希望,Manga,310,6.34,2020,https://cdn.myanimelist.net/images/manga/2/252772l.jpg
1388,Midori no Mahou to Kaori no Tsukaite,,緑の魔法と香りの使い手,Manga,771,6.34,2020,https://cdn.myanimelist.net/images/manga/3/246938l.jpg
1393,"""Kawaii"" wa Kimi no Mono",,"""かわいい""はキミのもの",Manga,2374,6.33,2020,https://cdn.myanimelist.net/images/manga/3/238174l.jpg
1393,Around 30 Mama no Watashi de Ii no?,I'm Around 30 Is It OK with Me?,アラサーママの私でいいの?,Manga,7344,6.33,2020,https://cdn.myanimelist.net/images/manga/1/250087l.jpg
1393,Chikashitsu Dungeon: Binbou Kyoudai wa Goraku wo Motomete Saikyou e,Basement Dungeon: Poor Brother and Sister Become the Strongest in Search of Entertainment,地下室ダンジョン ～貧乏兄妹は娯楽を求めて最強へ～,Manga,1373,6.33,2020,https://cdn.myanimelist.net/images/manga/3/243096l.jpg
1393,Lamia Orphe is Dead,Lamia Orphe is Dead,라미아 오르페가 죽었다,Manhwa,983,6.33,2020,https://cdn.myanimelist.net/images/manga/1/262676l.jpg
1393,Ore no Zense no Chishiki de Teihenshoku Tamer ga Joukyuushoku ni Natte Shimaisou na Ken,Tamer: Trash-Tier to Top-Tier,俺の前世の知識で底辺職テイマーが上級職になってしまいそうな件,Manga,4736,6.33,2020,https://cdn.myanimelist.net/images/manga/3/247206l.jpg
1393,Slave B,,슬레이브 B,Manhwa,3710,6.33,2020,https://cdn.myanimelist.net/images/manga/2/272983l.jpg
1399,Josou Shinai no wa Ore dake nano ka!?,,女装しないのは俺だけなのか!?,Manga,718,6.32,2020,https://cdn.myanimelist.net/images/manga/2/248521l.jpg
1399,Kemono no Rokuban,Beast #6,獣の六番,Manga,602,6.32,2020,https://cdn.myanimelist.net/images/manga/3/236878l.jpg
1399,Moto Shougun no Undead Knight @comic,Undead Knight of Former General,元将軍のアンデッドナイト@comic,Manga,978,6.32,2020,https://cdn.myanimelist.net/images/manga/2/296464l.jpg
1399,My Sister Picked Up the Male Lead,My Sister Picked Up the Male Lead,언니가 남자 주인공을 주워 왔다,Manhwa,2740,6.32,2020,https://cdn.myanimelist.net/images/manga/3/262516l.jpg
1399,Shishi to Myoujou,Lion and Venus,獅子と明星,Manga,656,6.32,2020,https://cdn.myanimelist.net/images/manga/2/254359l.jpg
1399,"Sono Monban, Saikyou ni Tsuki: Tsuihou sareta Bougyoryoku 9999 no Senshi, Outo no Monban toshite Musou suru",,その門番、最強につき~追放された防御力9999の戦士、王都の門番として無双する~,Manga,4907,6.32,2020,https://cdn.myanimelist.net/images/manga/2/249203l.jpg
1399,The Double Agent,The Double Agent,이중첩자,Manhwa,1034,6.32,2020,https://cdn.myanimelist.net/images/manga/1/263460l.jpg
1406,"Akuyaku Reijou, Godome no Jinsei wo Jaryuu to Ikiru.: Hametsu no Jaryuu wa Hanayome wo Amayaka shitai","In Her Fifth Life, the Villainess Lives With the Evil Dragon: The Evil Dragon of Ruin Wants to Spoil His Bride",悪役令嬢、五度目の人生を邪竜と生きる。 ー破滅の邪竜は花嫁を甘やかしたいー,Manga,1370,6.31,2020,https://cdn.myanimelist.net/images/manga/3/272118l.jpg
1406,Fukushuu no Kyoukasho,,復讐の教科書,Manga,1419,6.31,2020,https://cdn.myanimelist.net/images/manga/3/232291l.jpg
1406,Love Me Not,Love Me Not,나를 사랑하지 않아도,Manhwa,1594,6.31,2020,https://cdn.myanimelist.net/images/manga/1/264735l.jpg
1406,Moshimo Tokyo,,もしも東京,One-shot,1407,6.31,2020,https://cdn.myanimelist.net/images/manga/1/247620l.jpg
1410,Attouteki Gacha Un de Isekai wo Nariagaru!,,圧倒的ガチャ運で異世界を成り上がる!,Manga,3590,6.3,2020,https://cdn.myanimelist.net/images/manga/1/242419l.jpg
1410,Heavenly Roommates,Heavenly Roommates,자취방 신선들,Manhwa,554,6.3,2020,https://cdn.myanimelist.net/images/manga/5/269369l.jpg
1410,Kawaii kara Kimi ga Warui,,可愛いから君がわるい,Manga,937,6.3,2020,https://cdn.myanimelist.net/images/manga/1/244448l.jpg
1410,Saikyou Mahoushi no Inton Keikaku: The Alternative,The Greatest Magicmaster's Retirement Plan: The Alternative,最強魔法師の隠遁計画－ジ・オルターネイティブ－,Manga,2687,6.3,2020,https://cdn.myanimelist.net/images/manga/2/240772l.jpg
1410,Tensei Kusushi wa Isekai wo Meguru,The Pilgrim Apothecary,転生薬師は異世界を巡る,Manga,1371,6.3,2020,https://cdn.myanimelist.net/images/manga/3/236486l.jpg
1410,Tensei shitara Butouha Reijou!?: Koi Shinakya Shinjau nante Murige desu,Reincarnated as a Feisty Noblewoman... And Now It's Fall in Love or Game Over!,転生したら武闘派令嬢!?～恋しなきゃ死んじゃうなんて無理ゲーです,Manga,643,6.3,2020,https://cdn.myanimelist.net/images/manga/3/234308l.jpg
1410,Time Paradox Ghostwriter,Time Paradox Ghostwriter,タイムパラドクスゴーストライター,Manga,14226,6.3,2020,https://cdn.myanimelist.net/images/manga/1/232565l.jpg
1410,Yuusha Densetsu no Uragawa de Ore wa Eiyuu Densetsu wo Tsukurimasu: Oudougoroshi no Eiyuutan,,勇者伝説の裏側で俺は英雄伝説を作ります 〜王道殺しの英雄譚〜,Manga,2740,6.3,2020,https://cdn.myanimelist.net/images/manga/1/260259l.jpg
1418,Futarijime Room Share,,ふたりじめルームシェア,One-shot,243,6.29,2020,https://cdn.myanimelist.net/images/manga/3/241433l.jpg
1418,Hazure Aka Madoushi wa Kenja Time ni Musou suru,,ハズレ赤魔道士は賢者タイムに無双する,Manga,3444,6.29,2020,https://cdn.myanimelist.net/images/manga/2/241851l.jpg
1418,Otome Game no Sekai de Watashi ga Akuyaku Reijou!? Sonna no Okotowari desu!,,乙女ゲームの世界で私が悪役令嬢!?そんなのお断りです!,Manga,900,6.29,2020,https://cdn.myanimelist.net/images/manga/2/240707l.jpg
1418,Shitsugyou Kenja no Nariagari: Kirawareta Sainou wa Sekai Saikyou deshita,The Rise of the Unemployed Wise Man,失業賢者の成り上がり～嫌われた才能は世界最強でした～,Manga,8114,6.29,2020,https://cdn.myanimelist.net/images/manga/2/236685l.jpg
1418,They Only Remembered Her,They Only Remembered Her,"사실, 그들은 오직 그녀만을 기억하고 있었습니다",Manhwa,1286,6.29,2020,https://cdn.myanimelist.net/images/manga/2/262427l.jpg
1423,Amakara Gishimai ni Hasamaretemasu,,甘辛義姉妹に挟まれてます,Manga,3094,6.28,2020,https://cdn.myanimelist.net/images/manga/3/253150l.jpg
1423,Deep Insanity: Nirvana,,Deep Insanity NIRVANA,Manga,1215,6.28,2020,https://cdn.myanimelist.net/images/manga/3/252049l.jpg
1423,I'll Marry Him!,I'll Marry Him!,그 결혼 제가 할게요,Manhwa,1758,6.28,2020,https://cdn.myanimelist.net/images/manga/2/262626l.jpg
1423,Kuroe to Mesu no Sono,Kuroe and the Garden of Feminine Pleasures,クロエと雌の園,Manga,315,6.28,2020,https://cdn.myanimelist.net/images/manga/3/254387l.jpg
1423,"Kyou mo, Karera no Otonari de",I'll Be with Them Again Today,今日も彼らのお隣で,Manga,1688,6.28,2020,https://cdn.myanimelist.net/images/manga/3/242214l.jpg
1423,Rettoujin no Makentsukai: Skill Board wo Kushi shite Saikyou ni Itaru,The Inferior Magic Swordsman,劣等人の魔剣使い スキルボードを駆使して最強に至る,Manga,14158,6.28,2020,https://cdn.myanimelist.net/images/manga/2/238263l.jpg
1423,"Umarekawatta ""Kensei"" wa Raku wo Shitai","The Master Swordsman Who Was Reincarnated, Wants to Live Freely.",生まれ変わった《剣聖》は楽をしたい,Manga,6256,6.28,2020,https://cdn.myanimelist.net/images/manga/2/234644l.jpg
1430,Empress? Empress!,Empress? Empress!,황비님? 황비님!,Manhwa,2015,6.27,2020,https://cdn.myanimelist.net/images/manga/1/262729l.jpg
1430,I Bid You Adieu,I Bid You Adieu,이별을 희망합니다,Manhwa,911,6.27,2020,https://cdn.myanimelist.net/images/manga/2/263006l.jpg
1430,Isekai NTR: Shinyuu no Onna wo Saikyou Skill de Otosu Houhou,,異世界NTR～親友のオンナを最強スキルで堕とす方法～,Manga,10364,6.27,2020,https://cdn.myanimelist.net/images/manga/2/237300l.jpg
1430,"Kawaranaide, Ogata-kun!","Don't change, Ogata-kun!",変わらないで、緒方くん!,Manga,733,6.27,2020,https://cdn.myanimelist.net/images/manga/3/245868l.jpg
1430,Koisuru Kichikujima,Love Love Evil Land,恋する鬼畜島,Manga,772,6.27,2020,https://cdn.myanimelist.net/images/manga/2/258190l.jpg
1435,"Akuyaku Reijou, Shomin ni Ochiru",Lady Villain Fell Into a Common Person,悪役令嬢、庶民に堕ちる,Manga,1227,6.26,2020,https://cdn.myanimelist.net/images/manga/1/245358l.jpg
1435,Blattodea,,ブラトデア,Manga,1972,6.26,2020,https://cdn.myanimelist.net/images/manga/1/245062l.jpg
1435,Double Play,,だぶるぷれい,Manga,2843,6.26,2020,https://cdn.myanimelist.net/images/manga/1/241397l.jpg
1435,JS-san to OL-chan,,JSさんとOLちゃん,Manga,625,6.26,2020,https://cdn.myanimelist.net/images/manga/1/294746l.jpg
1435,Kemono na Watashi to Yoimasen ka?,,ケモノな私と酔いませんか？,Manga,974,6.26,2020,https://cdn.myanimelist.net/images/manga/2/232344l.jpg
1435,Love Potion Blood Boy,Love Potion for a Vampire Boy,ラブポーションブラッドボーイ,Manga,470,6.26,2020,https://cdn.myanimelist.net/images/manga/1/246035l.jpg
1435,"Mudameshigurai Nintei sareta node Aiso wo Tsukashi, Teikoku ni Utsutte Shusse suru: Oukoku no Erai Hito ni wa Sore ga Wakaran no desu",,無駄飯食らい認定されたので愛想をつかし、帝国に移って出世する ～王国の偉い人にはそれが分からんのです～,Manga,757,6.26,2020,https://cdn.myanimelist.net/images/manga/1/320915l.jpg
1435,"Sekai Saikyou no Doryokuka: Dare mo Shiranai ""Doryoku"" no Sainou wo Sazukatta node Ore dake ga Dekiru Kikakugai no Doryoku de Saikyou ni Naru",World's Strongest Striver: Blessed with the Unknown Aptitude for Effort Only I Can Muster Extraordinary Levels of Effort to Make Me the World's Strongest,世界最強の努力家〜誰も知らない【努力】の才能を授かったので俺だけが出来る規格外の努力で最強になる〜,Manga,1848,6.26,2020,https://cdn.myanimelist.net/images/manga/1/246024l.jpg
1435,Ura Kyoto,Shadows of Kyoto,裏京都,Manga,566,6.26,2020,https://cdn.myanimelist.net/images/manga/2/268013l.jpg
1444,Hakui no Eiyuu,Hero in White Coat,白衣の英雄,Manga,957,6.25,2020,https://cdn.myanimelist.net/images/manga/2/260545l.jpg
1444,"Kensei no Osananajimi ga Power Harassment de Ore ni Tsuraku Ataru node, Zetsuen shite Henkyou de Makenshi toshite Denaosu Koto ni Shita.",,剣聖の幼馴染がパワハラで俺につらく当たるので、絶縁して辺境で魔剣士として出直すことにした。,Manga,4923,6.25,2020,https://cdn.myanimelist.net/images/manga/2/242564l.jpg
1444,Ookami no Bonito,,狼のボニート,Manga,601,6.25,2020,https://cdn.myanimelist.net/images/manga/3/262571l.jpg
1444,Rooftop Swordmaster,Rooftop Swordmaster,옥탑방 소드마스터,Manhwa,6317,6.25,2020,https://cdn.myanimelist.net/images/manga/1/264883l.jpg
1444,"Tensei Ryoushu no Yuuryou Kaitaku: Zense no Kioku wo Ikashite White ni Tsutometara, Yuunou na Jinzai ga Atsumarisugimashita",Reborn as a Feudal Lord Gathering a Talented Elite So This Land Can Thrive by Employing My Past Life Experiences as an Overworked White-Collar Worker,転生領主の優良開拓～前世の記憶を生かしてホワイトに努めたら、有能な人材が集まりすぎました～,Manga,2182,6.25,2020,https://cdn.myanimelist.net/images/manga/2/239037l.jpg
1449,Akuyaku Reijou wa Heroine wo Ijimeteiru Baai dewa Nai,This Is No Time for the Villainess to Bully the Heroine!,悪役令嬢はヒロインを虐めている場合ではない,Manga,833,6.24,2020,https://cdn.myanimelist.net/images/manga/2/253413l.jpg
1449,Black na Kishidan no Dorei ga White na Boukensha Guild ni Hikinukarete S-Rank ni Narimashita,"The Slave of the ""Black Knights"" Is Recruited by the ""White Adventurer's Guild"" as a S Rank Adventurer",ブラックな騎士団の奴隷がホワイトな冒険者ギルドに引き抜かれてSランクになりました,Manga,3081,6.24,2020,https://cdn.myanimelist.net/images/manga/3/241607l.jpg
1449,Golem Dungeon Rush,Golem Dungeon Rush,골렘 잡고 흙수저 탈출,Manhwa,852,6.24,2020,https://cdn.myanimelist.net/images/manga/2/263580l.jpg
1449,Hiiragi-sensei wa Kyoushi Shikkaku!?,,柊先生は教師失格!?,Manga,880,6.24,2020,https://cdn.myanimelist.net/images/manga/3/235716l.jpg
1449,Hinoenma ga Ore wo Yuuwaku shitekuru!!,Hinoenma's Temptation,三姉妹〈ヒノエンマ〉が俺をユウワクしてくる!!,Manga,3142,6.24,2020,https://cdn.myanimelist.net/images/manga/3/238806l.jpg
1449,Italia-jin no Onnanoko ga Isourou suru Koto ni Natta,La Ragazza: Living with Francesca,イタリア人の女の子が居候することになった,Manga,4358,6.24,2020,https://cdn.myanimelist.net/images/manga/3/240266l.jpg
1449,Jinjori Barai,,じんじょり祓い,One-shot,624,6.24,2020,https://cdn.myanimelist.net/images/manga/1/242366l.jpg
1449,Kansaiben Oneesan to Junshin Shounen,The Girl with Kansai Accent and the Pure Boy,関西弁お姉さんと純真少年,Manga,1674,6.24,2020,https://cdn.myanimelist.net/images/manga/3/232957l.jpg
1449,"Koushaku Reijou Theresia no Fukushuu: Akuma no Chikara, Okari Shimasu",The Duke's Daughter Tiaresia Takes Revenge,公爵令嬢ティアレシアの復讐～悪魔の力、お借りします～,Manga,893,6.24,2020,https://cdn.myanimelist.net/images/manga/2/243004l.jpg
1449,Koware Skill de Hajimeru Gendai Dungeon Kouryaku,Modern Dungeon Capture Starting with Broken Skills,壊れスキルで始める現代ダンジョン攻略,Manga,888,6.24,2020,https://cdn.myanimelist.net/images/manga/2/253366l.jpg
1449,Level 596 no Kaji Minarai,Blacksmith Apprentice at Level 596,レベル596の鍛冶見習い,Manga,864,6.24,2020,https://cdn.myanimelist.net/images/manga/1/293137l.jpg
1449,My Father Is a Tyrant,My Father Is a Tyrant,다음의 폭군 중 친아빠를 고르시오,Manhwa,1500,6.24,2020,https://cdn.myanimelist.net/images/manga/1/254229l.jpg
1449,Nameraretakunai Namekawa-san,Namekawa-san Won't Take a Licking!,ナメられたくないナメカワさん,Manga,2580,6.24,2020,https://cdn.myanimelist.net/images/manga/2/233399l.jpg
1449,"Ningen dakedo Maougun Shitennou ni Sodaterareta Ore wa, Maou no Musume ni Aisare Shihai Zokusei no Kennou wo Ataeraremashita.: The Guardian of Princess",The Guardian of Princess: I Was Raised by the Four Commandants of the Demon King's Army but I'm Human and So Loved by the Demon King's Daughter She Bestowed Upon Me the Power of Domination!,人間だけど魔王軍四天王に育てられた俺は、魔王の娘に愛され支配属性の権能を与えられました。～The guardian of princess～,Manga,1169,6.24,2020,https://cdn.myanimelist.net/images/manga/3/245044l.jpg
1449,Osananajimi ga Kaette Kimashita,,幼馴染みが還ってきました,Manga,1068,6.24,2020,https://cdn.myanimelist.net/images/manga/3/251261l.jpg
1449,Succubus na Iinchou ni Okotowari Saremashite,,サキュバスな委員長にお断りされまして,Manga,1820,6.24,2020,https://cdn.myanimelist.net/images/manga/3/239572l.jpg
1465,"Jukokuin no Tensei Boukensha: Saikyou Kenja, Jiyuu ni Ikiru",Reincarnated Adventurer of the Curse Mark: Enjoying Freedom As the Strongest Sage,呪刻印の転生冒険者 ～最強賢者、自由に生きる～,Manga,1000,6.23,2020,https://cdn.myanimelist.net/images/manga/3/258059l.jpg
1465,Kimi ni Koisuru Satsujinki,Killer in Love,きみに恋する殺人鬼,Manga,23177,6.23,2020,https://cdn.myanimelist.net/images/manga/1/246222l.jpg
1465,Koi ka Mahou ka Wakaranai!,I Don't Know If It's Love or Magic!,恋か魔法かわからない!,Manga,7583,6.23,2020,https://cdn.myanimelist.net/images/manga/2/242177l.jpg
1465,Kuro no Senki: Isekai Teni shita Boku ga Saikyou nano wa Bed no Ue dake no you desu,Record of Chrono's War: Apparently I'm Only the Strongest in Bed,クロの戦記 異世界転移した僕が最強なのはベッドの上だけのようです,Manga,4031,6.23,2020,https://cdn.myanimelist.net/images/manga/2/238354l.jpg
1465,"Saikyou no Mamono ni Naru Michi wo Tadoru Ore, Isekaijuu de Zamaa wo Shikkou suru",,最強の魔物になる道を辿る俺、異世界中でざまぁを執行する,Manga,1136,6.23,2020,https://cdn.myanimelist.net/images/manga/1/259493l.jpg
1465,Tensei-saki ga Zannen Ouji Datta Ken: Ima wa Fukkin 1-kai mo Dekinai kedo Yasete Isekai Sukuimasu,,転生先が残念王子だった件 ～今は腹筋１回もできないけど痩せて異世界救います～,Manga,1762,6.23,2020,https://cdn.myanimelist.net/images/manga/1/248453l.jpg
1465,The Most Ordinary Girl,The Most Ordinary Girl,가장 평범한 이세계,Manhwa,464,6.23,2020,https://cdn.myanimelist.net/images/manga/2/261875l.jpg
1465,Uchi no Ojousama ga Hametsu End shika Nai Akuyaku Reijou no You nanode Ore ga Kyuusai Shitai to Omoimasu.,My Not-So-Fair Lady is Doomed! (But Not If I Can Help It),うちのお嬢様が破滅エンドしかない悪役令嬢のようなので俺が救済したいと思います。,Manga,1655,6.23,2020,https://cdn.myanimelist.net/images/manga/2/239271l.jpg
1473,Around 30 Onna Yuusha to Shota Orc,This Is the Love Story of OneShota,アラサー女勇者とショタオーク,Manga,1339,6.22,2020,https://cdn.myanimelist.net/images/manga/2/245165l.jpg
1473,Saikyou Kensei no Mahou Shugyou: Level 99 no Status wo Tamotta Mama Level 1 kara Yarinaosu,"Strongest Swordsman's Magic Training: Reincarnated with Level 99 Stats, He Gets to Start Over from Level 1",最強剣聖の魔法修行 ～レベル99のステータスを保ったままレベル1からやり直す～,Manga,1571,6.22,2020,https://cdn.myanimelist.net/images/manga/1/246699l.jpg
1473,Shiniyasui Koushaku Reijou to Shichinin no Kikoushi,Deathbound Duke's Daughter and the Seven Noblemen,死にやすい公爵令嬢と七人の貴公子,Manga,1545,6.22,2020,https://cdn.myanimelist.net/images/manga/2/242215l.jpg
1476,Ie ga Moete Jinsei Doudemo Yoku Natta kara Nokotta Nakenashi no Kane de Dark Elf no Dorei wo Katta.,,家が燃えて人生どうでも良くなったから、残ったなけなしの金でダークエルフの奴隷を買った。,Manga,6118,6.21,2020,https://cdn.myanimelist.net/images/manga/3/243037l.jpg
1476,Koisuru Succubus no Ikenai Jijou,,恋するサキュバスのイケない事情,Manga,1504,6.21,2020,https://cdn.myanimelist.net/images/manga/2/251567l.jpg
1476,"Ore no ""Kantei"" Skill ga Cheat Sugite: Densetsu no Yuusha wo Yomi ""Tori"" Saikyou e",My Reveal Skill Is OP! Taking from Legendary Heroes to Become the Strongest,俺の『鑑定』スキルがチートすぎて～伝説の勇者を読み“盗り”最強へ～,Manga,1514,6.21,2020,https://cdn.myanimelist.net/images/manga/3/242680l.jpg
1476,"Sex & Dungeon!! Wagaya no Chika ni, H Kaisuu=Level no Dungeon ga Shutsugen shita!?",,セックス&ダンジョン!! ～我が家の地下に、H回数=レベルのダンジョンが出現した!?～,Manga,14002,6.21,2020,https://cdn.myanimelist.net/images/manga/2/241927l.jpg
1480,"Karada wa Kodomo, Nakami wa Ossan no Nariagari Boukenki",,身体は児童〈こども〉、中身はおっさんの成り上がり冒険記,Manga,917,6.2,2020,https://cdn.myanimelist.net/images/manga/3/248224l.jpg
1480,Saisoku Musou no B-kyuu Mahoutsukai: Ippatsu Utareru Mae ni Senpatsu Uchikaesu!,The B-Class Mage of Unrivaled Speed,最速無双のB級魔法使い 一発撃たれる前に千発撃ち返す!,Manga,1498,6.2,2020,https://cdn.myanimelist.net/images/manga/3/244741l.jpg
1480,The Max Level Returner,The Max Level Returner,나 혼자 만렙 귀환자,Manhwa,8100,6.2,2020,https://cdn.myanimelist.net/images/manga/2/262521l.jpg
1480,The Third Perspective,The Third Perspective,3의 시선,Manhwa,601,6.2,2020,https://cdn.myanimelist.net/images/manga/2/268993l.jpg
1484,8th Circle Mage Reborn,8th Circle Mage Reborn,8서클 마법사의 환생,Manhwa,4909,6.19,2020,https://cdn.myanimelist.net/images/manga/3/270501l.jpg
1484,I Got Pregnant With the Tyrant's Child,I Got Pregnant With the Tyrant's Child,폭군의 아이를 가졌습니다,Manhwa,511,6.19,2020,https://cdn.myanimelist.net/images/manga/3/331189l.jpg
1484,"Maryoku 0 de Saikyou no Daikenja: Sore wa Mahou dewa Nai, Butsuri da!",The Greatest Philosopher With Zero Magic Power.,魔力0で最強の大賢者 ～それは魔法ではない、物理だ！～,Manga,777,6.19,2020,https://cdn.myanimelist.net/images/manga/3/265375l.jpg
1484,My Husband's Reversal,My Husband's Reversal,폭군 남편이 달라졌어요,Manhwa,1453,6.19,2020,https://cdn.myanimelist.net/images/manga/1/263282l.jpg
1484,Tensei shitara Ore ga Heroine de Aitsu ga Yuusha Datta,"When I Was Reincarnated in Another World, I Was a Heroine and He Was a Hero",転生したらオレがヒロインであいつが勇者だった,Manga,3398,6.19,2020,https://cdn.myanimelist.net/images/manga/2/252667l.jpg
1489,"Cheat Skill ""Shisha Sosei"" ga Kakusei shite, Inishie no Maougun wo Fukkatsu sasete Shimaimashita: Daremo Shinasenai Saikyou Healer",,チートスキル『死者蘇生』が覚醒して、いにしえの魔王軍を復活させてしまいました～誰も死なせない最強ヒーラー～,Manga,7394,6.18,2020,https://cdn.myanimelist.net/images/manga/2/239721l.jpg
1489,"Haikei ""Koori no Kishi to Hazure-hime"" Datta Watashitachi e","Dear Sir, to Us Who Were ""Ice Knight and Mediocre Princess""",拝啓「氷の騎士とはずれ姫」だったわたしたちへ,Manga,801,6.18,2020,https://cdn.myanimelist.net/images/manga/2/239111l.jpg
1489,Makaigaeri no Rettou Nouryokusha,The Lesser Irregular Returns From the Demon World,魔界帰りの劣等能力者,Manga,2532,6.18,2020,https://cdn.myanimelist.net/images/manga/3/244963l.jpg
1489,"Makikomare Shoukan!? Soshite Watashi wa ""Kami"" deshita??","An Entangled Summon?! And I'm a ""God"" Now??",巻き込まれ召喚!? そして私は『神』でした??,Manga,835,6.18,2020,https://cdn.myanimelist.net/images/manga/1/255161l.jpg
1489,"Manadeshi ni Uragirarete Shinda Ossan Yuusha, Shijou Saikyou no Maou toshite Ikikaeru",,愛弟子に裏切られて死んだおっさん勇者、史上最強の魔王として生き返る,Manga,3333,6.18,2020,https://cdn.myanimelist.net/images/manga/3/239976l.jpg
1489,Musou Kouro: Tensei shite Uchuu Senkan no AI ni Narimashita,Space Cruiser Capricorn,無双航路 転生して宇宙戦艦のAIになりました,Manga,994,6.18,2020,https://cdn.myanimelist.net/images/manga/3/279628l.jpg
1489,"Tensei shite kara 40-nen. Sorosoro, Ojisan mo Koi ga Shitai.: Nidome no Jinsei wa Harem Route!?",,転生してから４０年。そろそろ、おじさんも恋がしたい。 二度目の人生はハーレムルート!?,Manga,3023,6.18,2020,https://cdn.myanimelist.net/images/manga/2/282874l.jpg
1496,"Ima wa Mada ""Osananajimi no Imouto"" desu kedo.",,今はまだ「幼馴染の妹」ですけど。,Manga,1250,6.17,2020,https://cdn.myanimelist.net/images/manga/3/257288l.jpg
1496,Kuzu na Kimi shika Aisenai,,クズな君しか愛せない,Manga,1091,6.17,2020,https://cdn.myanimelist.net/images/manga/1/238264l.jpg
1496,Oujougiwa no Imi wo Shire!,Documentary Of My Ex-Girlfriend Complex,往生際の意味を知れ!,Manga,1792,6.17,2020,https://cdn.myanimelist.net/images/manga/2/247654l.jpg
1496,Shiro Majutsushi wa Yuusha no Level wo Agetakunai,The White Mage Doesn't Want to Raise the Hero's Level,白魔術師は勇者のレベルを上げたくない,Manga,1871,6.17,2020,https://cdn.myanimelist.net/images/manga/2/252217l.jpg
1500,Tensei shitara Hime Datta node Dansou Joshi Kiwamete Saikyou Mahoutsukai Mezasu wa.,,転生したら姫だったので男装女子極めて最強魔法使い目指すわ。,Manga,660,6.16,2020,https://cdn.myanimelist.net/images/manga/1/269356l.jpg
1500,Tonari no Seki ni Natta Bishoujo ga Horesaseyou to Karakattekuru ga Itsunomanika Kaeriuchi ni Shiteita,Turning the Tables on the Seatmate Killer!,隣の席になった美少女が惚れさせようとからかってくるがいつの間にか返り討ちにしていた,Manga,9656,6.16,2020,https://cdn.myanimelist.net/images/manga/1/234808l.jpg
1500,Tsunderu Moto Akuyaku Reijou wa Do S Oujisama kara Nigedashitai,The Trapped Former Villainess Wants to Escape from the Sadistic Prince,詰んでる元悪役令嬢はドS王子様から逃げ出したい,Manga,813,6.16,2020,https://cdn.myanimelist.net/images/manga/3/245126l.jpg
1503,Genkai Level 1 kara no Nariagari: Saijaku Level no Ore ga Isekai Saikyou ni Naru made,I'm Capped at Level 1?! Thus Begins My Journey to Become the World's Strongest Badass!,限界レベル1からの成り上がり ～最弱レベルの俺が異世界最強になるまで～,Manga,9046,6.15,2020,https://cdn.myanimelist.net/images/manga/1/238460l.jpg
1503,I Login Alone,I Login Alone,나 홀로 로그인,Manhwa,3336,6.15,2020,https://cdn.myanimelist.net/images/manga/2/262424l.jpg
1503,"Isekai Monster Breeder: Cheat wa Aru kedo, Nonbiri Ikusei Shiteimasu",,異世界モンスターブリーダー ～チートはあるけど、のんびり育成しています～,Manga,6760,6.15,2020,https://cdn.myanimelist.net/images/manga/3/235709l.jpg
1503,The Readymade Queen,The Readymade Queen,레디메이드퀸,Manhwa,771,6.15,2020,https://cdn.myanimelist.net/images/manga/1/263270l.jpg
1507,6-sai no Kenja wa Hikage no Michi wo Ayumitai,The 6-Year-Old Sage Wants to Hide in the Shadows,6歳の賢者は日陰の道を歩みたい,Manga,2312,6.14,2020,https://cdn.myanimelist.net/images/manga/1/242563l.jpg
1507,Atsumare Doubutsu no Mori: Mujintou Diary,Animal Crossing: New Horizons - Deserted Island Diary,あつまれ どうぶつの森 ～無人島Diary～,Manga,893,6.14,2020,https://cdn.myanimelist.net/images/manga/1/247629l.jpg
1507,Hero Girl x Healer Boy: Touch or Death,,ヒーローガール×ヒーラーボーイ～TOUCH or DEATH～,Manga,3781,6.14,2020,https://cdn.myanimelist.net/images/manga/2/242539l.jpg
1507,"Kukkorose no Himekishi to Nari, Yuri Shoukan de Hataraku Koto ni Narimashita.",Becoming a Princess Knight and Working at a Yuri Brothel,くっ殺せの姫騎士となり、百合娼館で働くことになりました。,Manga,2157,6.14,2020,https://cdn.myanimelist.net/images/manga/3/249735l.jpg
1511,Eroi Skill de Isekai Musou the Comic,Record of Erotic Warrior,エロいスキルで異世界無双 THE COMIC,Manga,1415,6.13,2020,https://cdn.myanimelist.net/images/manga/1/243532l.jpg
1511,"Fuhoni desu ga, Ryukishidan ga Kahogo desu",,不本意ですが、竜騎士団が過保護です,Manga,518,6.13,2020,https://cdn.myanimelist.net/images/manga/3/235359l.jpg
1513,Kasshoku Henshuu-san to Shota Mangaka,,褐色編集さんとショタ漫画家,Manga,2786,6.12,2020,https://cdn.myanimelist.net/images/manga/3/238010l.jpg
1513,Kimi no Koto Tabete Iii?,Yummy Yummy in my Tummy,キミのこと喰べていーい？,Manga,3046,6.12,2020,https://cdn.myanimelist.net/images/manga/1/233796l.jpg
1513,Kisaki Kyouiku kara Nigetai Watashi,I Want to Escape from Princess Lessons,妃教育から逃げたい私,Manga,1491,6.12,2020,https://cdn.myanimelist.net/images/manga/2/239464l.jpg
1516,Isekai de Te ni Ireta Seisan Skill wa Saikyou Datta you desu.,,異世界で手に入れた生産スキルは最強だったようです。,Manga,5287,6.11,2020,https://cdn.myanimelist.net/images/manga/1/241362l.jpg
1516,Junai.,,純愛。,One-shot,592,6.11,2020,https://cdn.myanimelist.net/images/manga/3/240979l.jpg
1516,Leveling Up Alone,Leveling Up Alone,혼자 레벨업 합니다,Manhwa,3290,6.11,2020,https://cdn.myanimelist.net/images/manga/1/262826l.jpg
1516,Shuumatsu no Harem: Fantasia Gakuen,World's End Harem: Fantasia Academy,終末のハーレム ファンタジア学園,Manga,1991,6.11,2020,https://cdn.myanimelist.net/images/manga/3/239915l.jpg
1520,Shimai wo Sotsugyou shite Koibito ni Narimashita,,姉妹を卒業して恋人になりました,One-shot,335,6.1,2020,https://cdn.myanimelist.net/images/manga/3/255177l.jpg
1521,Harley Takes the House,Harley Takes the House,그 오빠들을 조심해!,Manhwa,2867,6.09,2020,https://cdn.myanimelist.net/images/manga/3/249117l.jpg
1521,Hoshigari Sugi desho!? Inaba-san,,ほしがりすぎでしょ!? 稲葉さん,Manga,792,6.09,2020,https://cdn.myanimelist.net/images/manga/2/273242l.jpg
1521,Isekai One Turn Kill Neesan: Ane Douhan no Isekai Seikatsu Hajimemashita,,異世界ワンターンキル姉さん ～姉同伴の異世界生活はじめました～,Manga,2886,6.09,2020,https://cdn.myanimelist.net/images/manga/1/235869l.jpg
1521,Love-Kyo: Kateikyoushi ga xx Sugite Benkyou Dokoro ja Nai,,らぶキョ ～家庭教師が××すぎて勉強どころじゃない～,Manga,1577,6.09,2020,https://cdn.myanimelist.net/images/manga/2/249325l.jpg
1521,Usotsuki Sensei to Emono na Watashi,,嘘つき先生と獲物な私,One-shot,582,6.09,2020,https://cdn.myanimelist.net/images/manga/1/239312l.jpg
1526,"Boku no Kawaii Musume wa Futago no Kenja: Tokugi ga Debuff no Teihen Kuro Madoushi, Sodateta Futago no Musume ga S-Rank no Daikenja ni Natte Shimau",,僕のかわいい娘は双子の賢者 ～特技がデバフの底辺黒魔導士、育てた双子の娘がＳランクの大賢者になってしまう～,Manga,2116,6.08,2020,https://cdn.myanimelist.net/images/manga/2/254055l.jpg
1526,Hazure Hantei kara Hajimatta Cheat Majutsushi Seikatsu,,ハズレ判定から始まったチート魔術士生活,Manga,2647,6.08,2020,https://cdn.myanimelist.net/images/manga/1/244915l.jpg
1526,Isekai Majutsushi wa Mahou wo Tonaenai the Comic,The another world's wizard does not chant.,異世界魔術師は魔法を唱えない THE COMIC,Manga,6098,6.08,2020,https://cdn.myanimelist.net/images/manga/1/240468l.jpg
1529,Souzounushi nanode Motto Yasashiku Shite Kudasai!,,創造主なのでもっと優しくしてください！,Manga,1395,6.07,2020,https://cdn.myanimelist.net/images/manga/2/247790l.jpg
1530,"108-kai Korosareta Akuyaku Reijou: Subete wo Omoidashita node, Otome wa Ruby de Kiseki Shimasu",The Villainess Who Has Been Killed 108 Times: She Remembers Everything!,108回殺された悪役令嬢 すべてを思い出したので、乙女はルビーでキセキします,Manga,2439,6.06,2020,https://cdn.myanimelist.net/images/manga/2/244073l.jpg
1530,Isekai Tensei shita kedo Pants wo Rensei suru Nouryoku shika Arimasen,,異世界転生したけどパンツを錬成する能力しかありません,One-shot,308,6.06,2020,https://cdn.myanimelist.net/images/manga/1/275018l.jpg
1532,"Hazure Skill ""Gacha"" de Tsuihou sareta Ore wa, Wagamama Osananajimi wo Zetsuenshi Kakusei suru: Bannou Cheat Skill wo Get shite, Mezase Rakuraku Saikyou Slow Life!",,ハズレスキル『ガチャ』で追放された俺は、わがまま幼馴染を絶縁し覚醒する ～万能チートスキルをゲットして、目指せ楽々最強スローライフ!～,Manga,4513,6.05,2020,https://cdn.myanimelist.net/images/manga/2/245292l.jpg
1532,"Shokubutsu Mahou Cheat de Nonbiri Ryoushu Seikatsu Hajimemasu: Zense no Chishiki wo Kushi shite Nougyou shitara, Gyakuten Jinsei Hajimatta Ken",Use Cheat Plant Magic and Live Comfortably as a Lord,植物魔法チートでのんびり領主生活始めます 前世の知識を駆使して農業したら、逆転人生始まった件,Manga,1944,6.05,2020,https://cdn.myanimelist.net/images/manga/1/249248l.jpg
1534,"Ichioku-nen Button wo Renda shita Ore wa, Kizuitara Saikyou ni Natteita: Rakudai Kenshi no Gakuin Musou",I Kept Pressing the 100-Million-Year Button and Came Out on Top: The Unbeatable Reject Swordsman,一億年ボタンを連打した俺は、気付いたら最強になっていた ～落第剣士の学院無双～,Manga,7571,6.04,2020,https://cdn.myanimelist.net/images/manga/3/236854l.jpg
1534,Isekai Hitokko Doubutsuen: Boku wa Zetsumetsu Kigushu no Shiikuin ni Narimashita,,異世界ひとっ娘動物園 僕は絶滅危惧種の飼育員になりました,Manga,1209,6.04,2020,https://cdn.myanimelist.net/images/manga/3/238070l.jpg
1534,Sekai Saikyou no Shinjuutsukai,Beastmaster,世界最強の神獣使い,Manga,1799,6.04,2020,https://cdn.myanimelist.net/images/manga/1/252893l.jpg
1534,Shitennou Saijaku Datta Ore. Tensei shita node Heion na Seikatsu wo Nozomu,,四天王最弱だった俺。転生したので平穏な生活を望む,Manga,2639,6.04,2020,https://cdn.myanimelist.net/images/manga/3/242079l.jpg
1538,Isekai Kakusei Chouzetsu Create Skill,,異世界覚醒超絶クリエイトスキル,Manga,1096,6.01,2020,https://cdn.myanimelist.net/images/manga/1/265526l.jpg
1538,Ohitoyoshi Shokunin no Burari Isekai Tabi,A Good-Natured Craftsman Leisurely Travels Through Another World,お人好し職人のぶらり異世界旅,Manga,1062,6.01,2020,https://cdn.myanimelist.net/images/manga/1/242253l.jpg
1538,The Villainous Violet,The Villainous Violet,극한 공녀,Manhwa,1034,6.01,2020,https://cdn.myanimelist.net/images/manga/2/263023l.jpg
1541,Ane ga Kensei de Imouto ga Kenja de,,姉が剣聖で妹が賢者で,Manga,2206,6.0,2020,https://cdn.myanimelist.net/images/manga/3/245007l.jpg
1541,Kisei Rettou,Parasitic Pandemic,寄生列島,Manga,476,6.0,2020,https://cdn.myanimelist.net/images/manga/2/235434l.jpg
1541,"Ossan Teihen Chiyushi to Manamusume no Henkyou Life: Chuunen Otoko ga Kaifuku Skill ni Kakusei shite, Eiyuu e Nariagaru",The Frontier Life of the Low-Class Ossan Healer and the Lovely Girl,おっさん底辺治癒士と愛娘の辺境ライフ~中年男が回復スキルに覚醒して、英雄へ成り上がる~,Manga,1576,6.0,2020,https://cdn.myanimelist.net/images/manga/1/240799l.jpg
1544,Bunkiten,,ブンキテン,Manga,814,5.99,2020,https://cdn.myanimelist.net/images/manga/3/245533l.jpg
1544,Shuuchaku α no Choukyou Method,Training Method of an Alpha: Totally Obsessed,執着αの調教メソッド,Manga,480,5.99,2020,https://cdn.myanimelist.net/images/manga/1/263813l.jpg
1544,The Stand Up Guy,The Stand Up Guy,성실한 민혁씨,Manhwa,409,5.99,2020,https://cdn.myanimelist.net/images/manga/2/266318l.jpg
1547,Fuji no Yamai wa Fushi no Yamai.,The Dark Doctor Ikuru,不治の病は不死の病.,Manga,1631,5.98,2020,https://cdn.myanimelist.net/images/manga/1/272792l.jpg
1547,Keppeki joou no Yarikaeshi,The Cleanliness Queen's Payback.,潔癖女王のヤリ返し,Manga,496,5.98,2020,https://cdn.myanimelist.net/images/manga/2/265010l.jpg
1549,"Ikemen ni Tensei shita kedo, Cheat wa Dekimasen deshita.",,イケメンに転生したけど、チートはできませんでした。,Manga,720,5.97,2020,https://cdn.myanimelist.net/images/manga/2/257922l.jpg
1550,Enzai de Shokei sareta Koushaku Reijou wa Konse dewa Mofugami-sama to Odayaka ni Sugoshitai,,冤罪で処刑された侯爵令嬢は今世ではもふ神様と穏やかに過ごしたい,Manga,1077,5.96,2020,https://cdn.myanimelist.net/images/manga/2/235966l.jpg
1550,Forbidden Fruit,Forbidden Fruit,혀의 열매,Manhwa,310,5.96,2020,https://cdn.myanimelist.net/images/manga/1/333877l.jpg
1550,"Isekai no Senshi toshite Kuni ni Manekareta kedo, Kotowatte Heishi kara Hajimeru Koto ni Shita","I Was Invited to the Otherworldly Country as a Warrior, but Refused and Decided to Start as a Soldier.",異世界の戦士として国に招かれたけど、断って兵士から始める事にした,Manga,1501,5.96,2020,https://cdn.myanimelist.net/images/manga/3/240765l.jpg
1550,Kyouhan,,響犯,Manga,355,5.96,2020,https://cdn.myanimelist.net/images/manga/1/278692l.jpg
1550,Your Wish Is My Command!,Your Wish Is My Command!,소원을 말해봐!,Manhwa,2071,5.96,2020,https://cdn.myanimelist.net/images/manga/3/265238l.jpg
1555,Abyss Calling: Moto Haikakin Gamer ga Saitei Saiaku no Soshage Isekai ni Shoukan Saretara,,アビス・コーリング 元廃課金ゲーマーが最低最悪のソシャゲ異世界に召喚されたら,Manga,919,5.95,2020,https://cdn.myanimelist.net/images/manga/3/243151l.jpg
1556,"Boukensha Guild no Bannou Advisor: Yuusha Party wo Tsuihou sareta kedo, Manadeshi-tachi ga Kawari ni Maou Toubatsu shite Kureru Sou desu",Adventurer's Guild Universal Advisor,冒険者ギルドの万能アドバイザー ～勇者パーティを追放されたけど、愛弟子達が代わりに魔王討伐してくれるそうです～,Manga,702,5.94,2020,https://cdn.myanimelist.net/images/manga/1/249120l.jpg
1556,Kintore Joshi to Ecchi na Micchaku Training Shichaimashita. Anthology Comic,"Hard and Tight, Sexy Training With A Lady Who Pumps Iron. Anthology Comic",筋トレ女子とエッチな密着トレーニングしちゃいました。アンソロジーコミック,Manga,1480,5.94,2020,https://cdn.myanimelist.net/images/manga/1/254324l.jpg
1556,Osananajimi no Mune ga Ookiku Natta no wa Ore no Sei kamo Shirenai,,幼馴染の胸が大きくなったのは俺のせいかもしれない,One-shot,1807,5.94,2020,https://cdn.myanimelist.net/images/manga/3/231214l.jpg
1559,Nakigoe Kikasete? Kanade-san,,なきごえ聞かせて? かなでさん,Manga,1149,5.92,2020,https://cdn.myanimelist.net/images/manga/1/245881l.jpg
1559,"Nishuume Cheat no Tensei Madoushi: Saikyou ga 1000-nengo ni Tensei shitara, Jinsei Yoyuu sugimashita","Second-Life Cheat Mage: Life Turned Out to Be Easy after Being Reincarnated 1,000 Years into the Future",二周目チートの転生魔導士 ～最強が1000年後に転生したら、人生余裕すぎました～,Manga,2663,5.92,2020,https://cdn.myanimelist.net/images/manga/2/246199l.jpg
1559,Soukyuu no Shihaisha: Konoyo no Hanbun wo Shihai suru! Hazure Cheat de Isekai wo Sukue!!,,双穹の支配者 この世の半分を支配する! ハズレチートで異世界を救え!!,Manga,1879,5.92,2020,https://cdn.myanimelist.net/images/manga/1/248145l.jpg
1562,Hontou ni Baka na Oneechan,,本当にバカなお姉ちゃん,One-shot,323,5.91,2020,https://cdn.myanimelist.net/images/manga/3/288607l.jpg
1562,"Ora, Yomekko sa Ikuda!: Cosplay JK no Himitsu no Aijou",,おら、嫁っこさ行くだ！ ーコスプレJKの秘密の愛情ー,Manga,2264,5.91,2020,https://cdn.myanimelist.net/images/manga/2/240483l.jpg
1562,Seisan-shoku wo Kiwamesugitara Densetsu no Buki ga Ore no Yome ni Narimashita,I've Mastered the Art of Production Too Much and a Legendary Weapon Has Become My Wife.,生産職を極め過ぎたら伝説の武器が俺の嫁になりました,Manga,1421,5.91,2020,https://cdn.myanimelist.net/images/manga/2/244009l.jpg
1562,Snowman,Snowman,스노우맨,Manhwa,377,5.91,2020,https://cdn.myanimelist.net/images/manga/3/270823l.jpg
1566,Hikyoumono dato Yuusha Party wo Tsuihou sareta node Hataraku Koto wo Yamemashita,Working seems Pointless After the Hero Labeled Me as a Coward and Kicked Me From His Party,卑怯者だと勇者パーティを追放されたので働くことを止めました,Manga,1086,5.9,2020,https://cdn.myanimelist.net/images/manga/3/253339l.jpg
1566,Jisatsu Houjo,,自殺幇女,Manga,698,5.9,2020,https://cdn.myanimelist.net/images/manga/3/241259l.jpg
1568,"Suteishi Yuusha, Maou no Shita de Restart",The Another World Demon King's Successor,捨て石勇者、魔王の下でリスタート,Manga,2215,5.87,2020,https://cdn.myanimelist.net/images/manga/1/256664l.jpg
1569,Kimi ga Niku ni Nattemo,Even if You Become Meat,君が肉になっても,Manga,1200,5.86,2020,https://cdn.myanimelist.net/images/manga/1/236153l.jpg
1570,Karma na Skill de Musou suru Isekai Harem Kaitoudan,Harem Thief Order Dominating in Different World With Karmic Skill,咎〈カルマ〉なスキルで無双する異世界ハーレム怪盗団,Manga,2156,5.85,2020,https://cdn.myanimelist.net/images/manga/3/239260l.jpg
1570,Oniichan wa Boku ga Katte Ageru,,お兄ちゃんは僕が飼ってあげる,Doujinshi,361,5.85,2020,https://cdn.myanimelist.net/images/manga/2/293728l.jpg
1572,Rengokujima: Kyokuchi Renai,,恋獄島～極地恋愛～,Manga,1330,5.84,2020,https://cdn.myanimelist.net/images/manga/3/246136l.jpg
1573,Assassin's Creed Valhalla x Vinland Saga,,『アサシンクリード ヴァルハラ』×『ヴィンランド・サガ』,One-shot,3554,5.83,2020,https://cdn.myanimelist.net/images/manga/1/242607l.jpg
1573,Minecraft: Sekai no Hate e no Tabi,Minecraft: The Manga,MINECRAFT～世界の果てへの旅～,Manga,739,5.83,2020,https://cdn.myanimelist.net/images/manga/1/254561l.jpg
1573,Oneechan wa Game wo Suru to Hito ga Kawaru Oneechan,My Oneechan's Personality Changes When She Plays Games.,お姉ちゃんはゲームをすると人が変わるお姉ちゃん,Manga,2388,5.83,2020,https://cdn.myanimelist.net/images/manga/3/279483l.jpg
1576,A Physical Education,A Physical Education,체육교사 M,Manhwa,656,5.82,2020,https://cdn.myanimelist.net/images/manga/1/265742l.jpg
1576,Ayame-senpai wa Boku to Himitsu no Keiyaku wo,,あやめ先輩は僕とヒミツの契約を,Manga,1601,5.82,2020,https://cdn.myanimelist.net/images/manga/1/243777l.jpg
1576,The Lone Spellcaster,The Lone Spellcaster,나 홀로 주문 사용자,Manhwa,6410,5.82,2020,https://cdn.myanimelist.net/images/manga/3/261803l.jpg
1579,"Isekai Saikyou no Daimaou, Tenseishi Boukensha ni Naru",The Greatest Demon King in the Other World,異世界最強の大魔王、転生し冒険者になる,Manga,2040,5.81,2020,https://cdn.myanimelist.net/images/manga/2/242594l.jpg
1580,"Watashi no Class no Seito ga, Hitoban de 24-nin Shinimashita.",,私のクラスの生徒が、一晩で24人死にました。,Manga,462,5.8,2020,https://cdn.myanimelist.net/images/manga/1/268597l.jpg
1581,Kami no Techigai de Shindara Cheat Gun-zumi de Isekai ni Hourikomaremashita,,神の手違いで死んだらチートガン積みで異世界に放り込まれました,Manga,4451,5.79,2020,https://cdn.myanimelist.net/images/manga/2/235256l.jpg
1581,"Zettai ni Damage wo Ukenai Skill wo Moratta node, Boukensha toshite Musou shitemiru","I Was Reincarnated with OP Invincibility, so I'll Beat 'em Up My Way as an Action-Adventurer",絶対にダメージを受けないスキルをもらったので、冒険者として無双してみる,Manga,2100,5.79,2020,https://cdn.myanimelist.net/images/manga/3/243263l.jpg
1583,"Botsuraku Yotei no Kizoku dakedo, Hima Datta kara Mahou wo Kiwametemita @comic","I'm a Noble on the Brink of Ruin, So I Might as Well Try Mastering Magic",没落予定の貴族だけど、暇だったから魔法を極めてみた＠COMIC,Manga,3182,5.78,2020,https://cdn.myanimelist.net/images/manga/1/254104l.jpg
1583,Futago Wazurai,Their Will is Complex and White.,ふたごわずらい,Manga,1465,5.78,2020,https://cdn.myanimelist.net/images/manga/2/235549l.jpg
1585,Inu ni Nattara Suki na Hito ni Hirowareta.,My Life as Inukai-san's Dog.,犬になったら好きな人に拾われた。,Manga,12853,5.75,2020,https://cdn.myanimelist.net/images/manga/1/237526l.jpg
1586,Destiny Lovers,,デスティニーラバーズ,Manga,4539,5.74,2020,https://cdn.myanimelist.net/images/manga/3/235514l.jpg
1586,Shinigami Musume wa Peropero Shitai,,死神娘はぺろぺろしたい,Manga,1679,5.74,2020,https://cdn.myanimelist.net/images/manga/1/240733l.jpg
1588,Elf Tensei kara no Cheat Kenkokuki,,エルフ転生からのチート建国記,Manga,1034,5.72,2020,https://cdn.myanimelist.net/images/manga/1/283714l.jpg
1588,"Uragirareta S-Rank Boukensha no Ore wa, Aisuru Dorei no Kanojora to Tomoni Dorei dake no Harem Guild wo Tsukuru",Betrayed S-Rank Adventurer I Make a Slave Only Harem Guild With My Loving Slaves.,裏切られたSランク冒険者の俺は、愛する奴隷の彼女らと共に奴隷だけのハーレムギルドを作る,Manga,11673,5.72,2020,https://cdn.myanimelist.net/images/manga/1/235282l.jpg
1590,Konchuki,Insect Girls,こんちゅき,Manga,2163,5.71,2020,https://cdn.myanimelist.net/images/manga/1/244107l.jpg
1591,Shinrin Ouja Moriking,Moriking,森林王者モリキング,Manga,3821,5.7,2020,https://cdn.myanimelist.net/images/manga/3/233878l.jpg
1592,Put a Smile On,Put a Smile On,오늘도 해맑음,Manhwa,454,5.69,2020,https://cdn.myanimelist.net/images/manga/1/266668l.jpg
1593,"Party kara Tsuihou sareta Sono Chiyushi, Jitsu wa Saikyou ni Tsuki","The Healer Who Was Banished From His Party, Is, in Fact, the Strongest",パーティーから追放されたその治癒師、実は最強につき,Manga,5142,5.66,2020,https://cdn.myanimelist.net/images/manga/1/238371l.jpg
1593,Yours to Claim,Yours to Claim,주인의 사정,Manhwa,3320,5.66,2020,https://cdn.myanimelist.net/images/manga/3/341842l.jpg
1595,Yuukaikon,,誘拐婚,Manga,356,5.63,2020,https://cdn.myanimelist.net/images/manga/3/239880l.jpg
1596,"Tensei Gotoki de Nigerareru to demo, Niisan?","Even If You Can Escape With Reincarnation, My Brother?",転生ごときで逃げられるとでも、兄さん？,Manga,8243,5.62,2020,https://cdn.myanimelist.net/images/manga/3/246285l.jpg
1597,Akai Ringo,,アカイリンゴ,Manga,4299,5.59,2020,https://cdn.myanimelist.net/images/manga/3/237642l.jpg
1597,Shokushu Majutsushi no Nariagari,,触手魔術師の成り上がり,Manga,1278,5.59,2020,https://cdn.myanimelist.net/images/manga/2/235284l.jpg
1599,Tensei Inja wa Hokusoemu,,転生隠者はほくそ笑む,Manga,3184,5.55,2020,https://cdn.myanimelist.net/images/manga/2/244078l.jpg
1600,Shuumatsu no Harem: Britannia Lumiére,World's End Harem: Britannia Lumiére,終末のハーレム～ブリタニア リュミエール～,Manga,1687,5.54,2020,https://cdn.myanimelist.net/images/manga/1/250753l.jpg
1601,Isekai wo Denma dake de Ikinuku!!,,異世界を電マだけで生き抜く!!,Manga,1372,5.51,2020,https://cdn.myanimelist.net/images/manga/1/280555l.jpg
1602,"Yuusha Party kara Tsuihou sareta kedo, EX Skill ""Kotei Damage"" ni Muteki no Sonzai ni Natta","Even Though I Was Kicked Out of the Brave Party, I Came to be Invincible with the EX Skill ""Fixed Damage.""",勇者パーティから追放されたけど、ＥＸスキル【固定ダメージ】で無敵の存在になった,Manga,7662,5.49,2020,https://cdn.myanimelist.net/images/manga/1/241357l.jpg
1603,Onna Kishi Goblin,Female Knight Goblin,女騎士ゴブリン,Manga,1464,5.45,2020,https://cdn.myanimelist.net/images/manga/3/251455l.jpg
1604,Sayonara Eden,"Goodbye, Eden",さよならエデン,Manga,760,5.42,2020,https://cdn.myanimelist.net/images/manga/2/235719l.jpg
1605,Akuma datta Kimitachi e,,悪魔だった君たちへ,Manga,1084,5.33,2020,https://cdn.myanimelist.net/images/manga/1/259001l.jpg
1606,Majo no Moribito,Guardian of the Witch,魔女の守人,Manga,4173,5.11,2020,https://cdn.myanimelist.net/images/manga/3/233698l.jpg
1607,"Mainichi Shine Shine Itte Kuru Gimai ga, Ore ga Neteiru Suki ni Saiminjutsu de Horesaseyou toshite Kuru n desu kedo......!",,毎日死ね死ね言ってくる義妹が、俺が寝ている隙に催眠術で惚れさせようとしてくるんですけど……！,Manga,5456,5.09,2020,https://cdn.myanimelist.net/images/manga/3/249037l.jpg
1608,Bone Collection,Bone Collection,ボーンコレクション,Manga,5366,5.03,2020,https://cdn.myanimelist.net/images/manga/3/233597l.jpg
1609,Bokura no Ketsumei,Our Blood Oath,ぼくらの血盟,Manga,3540,4.92,2020,https://cdn.myanimelist.net/images/manga/3/238856l.jpg
1610,Build King,Build King,BUILD KING,Manga,3307,4.82,2020,https://cdn.myanimelist.net/images/manga/1/242920l.jpg
1611,Kusakabe-san,Miss Kusakabe,日下部さん,One-shot,4483,4.75,2020,https://cdn.myanimelist.net/images/manga/3/228536l.jpg
1612,Karamizakari: Boku no Honto to Kimi no Uso,My Truth and Your Lies,カラミざかり ボクのほんとと君の嘘,Manga,2996,4.37,2020,https://cdn.myanimelist.net/images/manga/1/244914l.jpg
