rank,title,title_english,title_japanese,type,members,score,year,image_url
1,Yahari Ore no Seishun Love Comedy wa Machigatteiru.,"My Youth Romantic Comedy Is Wrong, As I Expected",やはり俺の青春ラブコメはまちがっている。,Light Novel,77568,8.75,2011,https://cdn.myanimelist.net/images/manga/1/122461l.jpg
2,Umineko no Naku Koro ni Chiru - Episode 7: Requiem of the Golden Witch,Umineko WHEN THEY CRY Episode 7: Requiem of the Golden Witch,うみねこのなく頃に散 - Episode 7: Requiem of the golden witch,Manga,18129,8.71,2011,https://cdn.myanimelist.net/images/manga/1/273943l.jpg
3,Shinyaku Toaru Majutsu no Index,A Certain Magical Index NT,新約 とある魔術の禁書目録,Light Novel,18362,8.66,2011,https://cdn.myanimelist.net/images/manga/2/221675l.jpg
4,Shigatsu wa Kimi no Uso,Your Lie in April,四月は君の嘘,Manga,88800,8.59,2011,https://cdn.myanimelist.net/images/manga/3/102691l.jpg
5,Tokyo Ghoul,Tokyo Ghoul,東京喰種トーキョーグール,Manga,577821,8.56,2011,https://cdn.myanimelist.net/images/manga/3/114037l.jpg
6,Steins;Gate,,STEINS;GATE,Light Novel,15759,8.54,2011,https://cdn.myanimelist.net/images/manga/3/72649l.jpg
7,JoJo no Kimyou na Bouken Part 8: JoJolion,,ジョジョの奇妙な冒険 Part8 ジョジョリオン,Manga,179247,8.5,2011,https://cdn.myanimelist.net/images/manga/1/179885l.jpg
8,Kakukaku Shikajika,Blank Canvas: My So-Called Artist's Journey,かくかくしかじか,Manga,31058,8.48,2011,https://cdn.myanimelist.net/images/manga/1/154270l.jpg
9,Song of the Long March,,長歌行,Manhua,32996,8.46,2011,https://cdn.myanimelist.net/images/manga/2/168139l.jpg
10,Saezuru Tori wa Habatakanai,Twittering Birds Never Fly,囀る鳥は羽ばたかない,Manga,27399,8.45,2011,https://cdn.myanimelist.net/images/manga/3/83655l.jpg
11,Gekkan Shoujo Nozaki-kun,Monthly Girls' Nozaki-kun,月刊少女野崎くん,Manga,86738,8.43,2011,https://cdn.myanimelist.net/images/manga/3/208752l.jpg
12,Horimiya,Horimiya,ホリミヤ,Manga,363173,8.4,2011,https://cdn.myanimelist.net/images/manga/2/245008l.jpg
13,Koe no Katachi,,聲の形,One-shot,63476,8.38,2011,https://cdn.myanimelist.net/images/manga/5/86737l.jpg
14,Ballroom e Youkoso,Welcome to the Ballroom,ボールルームへようこそ,Manga,44119,8.37,2011,https://cdn.myanimelist.net/images/manga/1/186664l.jpg
15,Gin no Saji,Silver Spoon,銀の匙 Silver Spoon,Manga,47066,8.35,2011,https://cdn.myanimelist.net/images/manga/1/231500l.jpg
16,Gochuumon wa Usagi desu ka?,Is the Order a Rabbit?,ご注文はうさぎですか?,Manga,8424,8.32,2011,https://cdn.myanimelist.net/images/manga/2/205168l.jpg
17,Chichi to Hige-Gorilla to Watashi,,父とヒゲゴリラと私,Manga,9834,8.31,2011,https://cdn.myanimelist.net/images/manga/2/147377l.jpg
18,Sekaiichi Hatsukoi: Yokozawa Takafumi no Baai,,世界一初恋 〜横澤隆史の場合〜,Light Novel,6522,8.28,2011,https://cdn.myanimelist.net/images/manga/2/81400l.jpg
19,Feng Shen Ji II,,封神紀Ⅱ,Manhua,14752,8.25,2011,https://cdn.myanimelist.net/images/manga/3/177766l.jpg
19,No.6,No.6,NO.6 [ナンバーシックス],Manga,52750,8.25,2011,https://cdn.myanimelist.net/images/manga/2/184479l.jpg
21,Date A Live,Date A Live,デート・ア・ライブ,Light Novel,20921,8.22,2011,https://cdn.myanimelist.net/images/manga/3/165177l.jpg
22,Rokka no Yuusha,Rokka: Braves of the Six Flowers,六花の勇者,Light Novel,15716,8.21,2011,https://cdn.myanimelist.net/images/manga/1/163592l.jpg
23,Mondaiji-tachi ga Isekai kara Kuru Sou desu yo?,,問題児たちが異世界から来るそうですよ？,Light Novel,16146,8.2,2011,https://cdn.myanimelist.net/images/manga/2/81003l.jpg
24,Hirunaka no Ryuusei,Daytime Shooting Star,ひるなかの流星,Manga,98016,8.18,2011,https://cdn.myanimelist.net/images/manga/5/261725l.jpg
24,Mahouka Koukou no Rettousei,The Irregular at Magic High School,魔法科高校の劣等生,Light Novel,31789,8.18,2011,https://cdn.myanimelist.net/images/manga/1/62151l.jpg
26,Last Game,Last Game,ラストゲーム,Manga,105742,8.17,2011,https://cdn.myanimelist.net/images/manga/3/258207l.jpg
27,Hajishirazu no Purple Haze: JoJo no Kimyou na Bouken yori,JoJo's Bizarre Adventure: Purple Smoke Distortion,恥知らずのパープルヘイズ －ジョジョの奇妙な冒険より－,Light Novel,16363,8.16,2011,https://cdn.myanimelist.net/images/manga/1/270479l.jpg
28,Ao Haru Ride,,アオハライド,Light Novel,27066,8.15,2011,https://cdn.myanimelist.net/images/manga/2/181438l.jpg
28,Be Blues! Ao ni Nare,,BE BLUES!~青になれ~,Manga,8893,8.15,2011,https://cdn.myanimelist.net/images/manga/1/105053l.jpg
30,Hakumei to Mikochi,Hakumei and Mikochi,ハクメイとミコチ,Manga,10657,8.14,2011,https://cdn.myanimelist.net/images/manga/3/140571l.jpg
31,Ore Monogatari!!,My Love Story!!,俺物語!!,Manga,38597,8.13,2011,https://cdn.myanimelist.net/images/manga/3/180382l.jpg
32,Ao Haru Ride,Ao Haru Ride,アオハライド AO―HARU―RIDE,Manga,208466,8.12,2011,https://cdn.myanimelist.net/images/manga/2/256907l.jpg
32,Hikaru ga Chikyuu ni Ita Koro......,When Hikaru was on the earth,ヒカルが地球にいたころ......,Light Novel,5956,8.12,2011,https://cdn.myanimelist.net/images/manga/2/145411l.jpg
34,Cheese in the Trap Season 2,Cheese in the Trap Season 2,치즈인더트랩 시즌2,Manhwa,12165,8.11,2011,https://cdn.myanimelist.net/images/manga/2/197138l.jpg
35,Mahou Shoujo Madoka★Magica,Puella Magi Madoka★Magica,魔法少女まどか★マギカ,Manga,44826,8.1,2011,https://cdn.myanimelist.net/images/manga/2/260243l.jpg
36,Ouran Koukou Host Club University Special,,桜蘭高校ホスト部,Manga,8080,8.08,2011,https://cdn.myanimelist.net/images/manga/2/268902l.jpg
37,Pandora Hearts: Caucus Race,Pandora Hearts: Caucus Race,PandoraHearts ～Caucus race～,Light Novel,5615,8.07,2011,https://cdn.myanimelist.net/images/manga/2/169649l.jpg
38,Gangsta.,Gangsta.,GANGSTA.,Manga,76048,8.06,2011,https://cdn.myanimelist.net/images/manga/2/271919l.jpg
39,Chuunibyou demo Koi ga Shitai!,,中二病でも恋がしたい！,Light Novel,10877,8.02,2011,https://cdn.myanimelist.net/images/manga/1/72265l.jpg
40,Himegoto Asobi,Hide and Seek,秘めごとあそび,Manga,7473,8.01,2011,https://cdn.myanimelist.net/images/manga/3/267572l.jpg
40,Saint Seiya: The Lost Canvas - Meiou Shinwa Gaiden,,聖闘士星矢 THE LOST CANVAS 冥王神話 外伝,Manga,5883,8.01,2011,https://cdn.myanimelist.net/images/manga/2/129599l.jpg
42,Mahou Shoujo Madoka★Magica,,魔法少女まどか★マギカ,Light Novel,4371,8.0,2011,https://cdn.myanimelist.net/images/manga/1/44827l.jpg
42,"Maoyuu Maou Yuusha: 'Kono Ware no Mono to Nare, Yuusha yo' 'Kotowaru!'","MAOYU: Archenemy and Hero ""Become mine, Hero"" ""I refuse!""",まおゆう魔王勇者 「この我のものとなれ、勇者よ」「断る!」,Manga,19783,8.0,2011,https://cdn.myanimelist.net/images/manga/1/119227l.jpg
42,Mujihi na Anata,,無慈悲なアナタ,Manga,5304,8.0,2011,https://cdn.myanimelist.net/images/manga/3/187971l.jpg
45,10 Dance,10 Dance,10DANCE,Manga,8805,7.98,2011,https://cdn.myanimelist.net/images/manga/1/84969l.jpg
45,Dr. Frost,Dr. Frost,닥터 프로스트,Manhwa,14531,7.98,2011,https://cdn.myanimelist.net/images/manga/3/293679l.jpg
45,Konya mo Nemurenai,,今夜も眠れない,Manga,20220,7.98,2011,https://cdn.myanimelist.net/images/manga/2/272158l.jpg
45,Noragami: Shuuishuu,Noragami: Stray Stories,ノラガミ 拾遺集,Manga,12821,7.98,2011,https://cdn.myanimelist.net/images/manga/2/294519l.jpg
49,Nijiiro Days,Rainbow Days,虹色デイズ,Manga,43788,7.96,2011,https://cdn.myanimelist.net/images/manga/3/192780l.jpg
50,Ano Hi Mita Hana no Namae wo Bokutachi wa Mada Shiranai.,,あの日見た花の名前を僕達はまだ知らない。,Light Novel,3150,7.94,2011,https://cdn.myanimelist.net/images/manga/3/84563l.jpg
50,Tetsugaku Letra,,鉄楽レトラ,Manga,19202,7.94,2011,https://cdn.myanimelist.net/images/manga/2/54189l.jpg
52,Hellper,,헬퍼,Manhwa,16559,7.93,2011,https://cdn.myanimelist.net/images/manga/3/106053l.jpg
53,High School DxD DX,,ハイスクールD×D DX,Light Novel,3233,7.92,2011,https://cdn.myanimelist.net/images/manga/2/152737l.jpg
54,My Kitty and Old Dog,My Kitty and Old Dog,내 어린고양이와 늙은개,Manhwa,3186,7.89,2011,https://cdn.myanimelist.net/images/manga/1/110527l.jpg
55,Kyou no Kira-kun,Kira-kun Today,きょうのキラ君,Manga,30618,7.88,2011,https://cdn.myanimelist.net/images/manga/1/134993l.jpg
55,"Puchitto Hajiketa,",,ぷちっとはじけた、,Manga,10312,7.88,2011,https://cdn.myanimelist.net/images/manga/1/274076l.jpg
57,Koibitogokoro,,コイビト心,Manga,6271,7.87,2011,https://cdn.myanimelist.net/images/manga/2/184259l.jpg
58,Koigokoro,,恋心,Manga,5237,7.85,2011,https://cdn.myanimelist.net/images/manga/5/109193l.jpg
58,Pinocchio,,피노키오,Manhwa,3680,7.85,2011,https://cdn.myanimelist.net/images/manga/2/100745l.jpg
60,Kare ja Nai kedo,,彼じゃないけど,Manga,5214,7.84,2011,https://cdn.myanimelist.net/images/manga/2/283854l.jpg
60,Murasakiiro no Qualia,Qualia the Purple,紫色のクオリア,Manga,13799,7.84,2011,https://cdn.myanimelist.net/images/manga/3/130549l.jpg
60,The Friendly Winter,,다정한 겨울,Manhwa,5417,7.84,2011,https://cdn.myanimelist.net/images/manga/2/134805l.jpg
63,Ame no Hi no Iris,Iris on Rainy Days,雨の日のアイリス,Light Novel,4738,7.83,2011,https://cdn.myanimelist.net/images/manga/3/164392l.jpg
63,Douluo Dalu,,斗罗大陆,Manhua,29217,7.83,2011,https://cdn.myanimelist.net/images/manga/4/221353l.jpg
63,Durarara!! Saika-hen,Durarara!! Saika Arc,デュラララ!! 罪歌編,Manga,6483,7.83,2011,https://cdn.myanimelist.net/images/manga/3/154267l.jpg
63,"Gate: Jieitai Kanochi nite, Kaku Tatakaeri",Gate: Where the JSDF Fought,ゲート 自衛隊彼の地にて、斯く戦えり,Manga,31835,7.83,2011,https://cdn.myanimelist.net/images/manga/1/237379l.jpg
63,Madan no Ou to Vanadis,,魔弾の王と戦姫〈ヴァナディース〉,Light Novel,7616,7.83,2011,https://cdn.myanimelist.net/images/manga/1/203786l.jpg
68,JoJo's Bizarre Adventure: Over Heaven,,JOJO'S BIZARRE ADVENTURE OVER HEAVEN,Light Novel,12349,7.81,2011,https://cdn.myanimelist.net/images/manga/2/270480l.jpg
68,Orange Marmalade,,오렌지 마말레이드,Manhwa,43691,7.81,2011,https://cdn.myanimelist.net/images/manga/1/95567l.jpg
70,Ad Astra: Scipio to Hannibal,,アド･アストラ-スキピオとハンニバル-,Manga,10439,7.8,2011,https://cdn.myanimelist.net/images/manga/1/132419l.jpg
71,Higurashi no Naku Koro ni Rei: Saikoroshi-hen,Higurashi WHEN THEY CRY: Dice Killing Arc,ひぐらしのなく頃に礼 賽殺し編,Manga,5408,7.79,2011,https://cdn.myanimelist.net/images/manga/1/259981l.jpg
71,Lucky Dog 1 Blast,,ラッキードッグ1 BLAST,Manga,5042,7.79,2011,https://cdn.myanimelist.net/images/manga/2/178408l.jpg
71,Omairi desu yo,Hopelessly Devoted,お参りですよ,Manga,9913,7.79,2011,https://cdn.myanimelist.net/images/manga/3/77891l.jpg
71,Sakura-sou no Pet na Kanojo,,さくら荘のペットな彼女,Manga,13824,7.79,2011,https://cdn.myanimelist.net/images/manga/3/159576l.jpg
71,Smells Like Green Spirit,Smells Like Green Spirit,スメルズライクグリーンスピリット,Manga,6967,7.79,2011,https://cdn.myanimelist.net/images/manga/3/302498l.jpg
76,Nobunaga no Chef,,信長のシェフ,Manga,7264,7.78,2011,https://cdn.myanimelist.net/images/manga/2/86733l.jpg
77,Junketsu Drop,,純潔ドロップ,Manga,13271,7.77,2011,https://cdn.myanimelist.net/images/manga/3/67795l.jpg
77,Shuujin Riku,,囚人リク,Manga,3086,7.77,2011,https://cdn.myanimelist.net/images/manga/2/166789l.jpg
77,The Pale Horse,The Pale Horse,창백한 말,Manhwa,5525,7.77,2011,https://cdn.myanimelist.net/images/manga/3/274144l.jpg
80,Kuroko no Basket: Replace,,黒子のバスケ -Replace-,Light Novel,3509,7.76,2011,https://cdn.myanimelist.net/images/manga/2/164178l.jpg
81,Fella Pure: Mitarashi-san Chi no Jijou,,フェラピュア ～御手洗さん家の事情～,Manga,6087,7.75,2011,https://cdn.myanimelist.net/images/manga/3/87211l.jpg
81,Gunka no Baltzar,,軍靴のバルツァー,Manga,9626,7.75,2011,https://cdn.myanimelist.net/images/manga/1/147023l.jpg
81,Hataraku Maou-sama!,The Devil Is a Part-Timer!,はたらく魔王さま!,Manga,39924,7.75,2011,https://cdn.myanimelist.net/images/manga/3/160910l.jpg
81,Mahouka Koukou no Rettousei: Nyuugaku-hen,,魔法科高校の劣等生 入学編,Manga,19334,7.75,2011,https://cdn.myanimelist.net/images/manga/3/120981l.jpg
85,Magico,,magico -マジコ-,Manga,17972,7.74,2011,https://cdn.myanimelist.net/images/manga/1/124073l.jpg
86,Danganronpa/Zero,,ダンガンロンパ/ゼロ,Light Novel,12304,7.73,2011,https://cdn.myanimelist.net/images/manga/1/88403l.jpg
86,Date A Live: Encore,,デート・ア・ライブ アンコール,Light Novel,2778,7.73,2011,https://cdn.myanimelist.net/images/manga/2/121831l.jpg
88,Back Stage!!,,BACK STAGE!!,Light Novel,6924,7.72,2011,https://cdn.myanimelist.net/images/manga/2/329814l.jpg
88,Biblia Koshodou no Jiken Techou,,ビブリア古書堂の事件手帖,Novel,2502,7.72,2011,https://cdn.myanimelist.net/images/manga/2/164402l.jpg
88,Nisekoi,Nisekoi: False Love,ニセコイ,Manga,211318,7.72,2011,https://cdn.myanimelist.net/images/manga/1/181212l.jpg
88,Sakamoto desu ga?,Haven't You Heard? I'm Sakamoto,坂本ですが?,Manga,36362,7.72,2011,https://cdn.myanimelist.net/images/manga/3/160912l.jpg
88,Watashi ga Motenai no wa Dou Kangaetemo Omaera ga Warui!,"No Matter How I Look at It, It's You Guys' Fault I'm Not Popular!",私がモテないのはどう考えてもお前らが悪い!,Manga,61255,7.72,2011,https://cdn.myanimelist.net/images/manga/5/63521l.jpg
93,Deadman Wonderland,,デッドマン・ワンダーランド,Light Novel,4761,7.71,2011,https://cdn.myanimelist.net/images/manga/3/160618l.jpg
94,Deadlock,Deadlock,DEADLOCK,Manga,3592,7.7,2011,https://cdn.myanimelist.net/images/manga/2/247805l.jpg
95,Golden Time,Golden Time,ゴールデンタイム,Manga,13843,7.69,2011,https://cdn.myanimelist.net/images/manga/2/66517l.jpg
95,"Yozora no Sumikko de,",,夜空のすみっこで、,Manga,8149,7.69,2011,https://cdn.myanimelist.net/images/manga/1/177221l.jpg
97,Hataraku Maou-sama!,The Devil Is a Part-Timer!,はたらく魔王さま！,Light Novel,27965,7.67,2011,https://cdn.myanimelist.net/images/manga/2/175210l.jpg
97,Kuro,Kuro,黒─kuro─,Manga,19577,7.67,2011,https://cdn.myanimelist.net/images/manga/3/179213l.jpg
97,The God of High School,The God of High School,갓 오브 하이스쿨,Manhwa,85872,7.67,2011,https://cdn.myanimelist.net/images/manga/1/205814l.jpg
100,Denpa Kyoushi,,電波教師,Manga,32793,7.66,2011,https://cdn.myanimelist.net/images/manga/1/272324l.jpg
100,Hoozuki no Reitetsu,Hozuki's Coolheadedness,鬼灯の冷徹,Manga,6266,7.66,2011,https://cdn.myanimelist.net/images/manga/2/176888l.jpg
100,Saki: Achiga-hen - Episode of Side-A,,咲-Saki- 阿知賀編 episode of side-A,Manga,2136,7.66,2011,https://cdn.myanimelist.net/images/manga/3/178508l.jpg
100,Star Strings yori,From Star Strings,スターストリングスより,Doujinshi,6831,7.66,2011,https://cdn.myanimelist.net/images/manga/2/204457l.jpg
104,Dimension W,Dimension W,Dimension W,Manga,16768,7.65,2011,https://cdn.myanimelist.net/images/manga/1/219581l.jpg
105,Kurayami ni Strobe,Strobe in the Dark,くらやみにストロボ,Manga,9138,7.63,2011,https://cdn.myanimelist.net/images/manga/1/348526l.jpg
105,Peak,,피크,Manhwa,4108,7.63,2011,https://cdn.myanimelist.net/images/manga/2/78763l.jpg
105,Shingeki no Kyojin: Before the Fall,Attack on Titan: Before the Fall,進撃の巨人 Before the fall,Light Novel,13515,7.63,2011,https://cdn.myanimelist.net/images/manga/2/275284l.jpg
108,Beelzebub,,べるぜバブ,Light Novel,1623,7.62,2011,https://cdn.myanimelist.net/images/manga/3/263071l.jpg
108,Maoyuu Maou Yuusha,,まおゆう魔王勇者,Manga,9476,7.62,2011,https://cdn.myanimelist.net/images/manga/2/101117l.jpg
108,"Sayonara, Itoshi no My Friend",,さよなら、愛しのマイフレンド,Manga,5885,7.62,2011,https://cdn.myanimelist.net/images/manga/3/84489l.jpg
111,Black Bullet,Black Bullet,ブラック・ブレット,Light Novel,8354,7.61,2011,https://cdn.myanimelist.net/images/manga/1/158321l.jpg
111,Danchigai,,だんちがい,Manga,6123,7.61,2011,https://cdn.myanimelist.net/images/manga/3/189054l.jpg
111,Itsuya-san,Ms. Itsuya,夜さん,Manga,4346,7.61,2011,https://cdn.myanimelist.net/images/manga/3/129471l.jpg
111,Servamp,Servamp,SERVAMP -サーヴァンプ-,Manga,19667,7.61,2011,https://cdn.myanimelist.net/images/manga/1/151037l.jpg
115,Ao no Exorcist,,青の祓魔師(エクソシスト),Light Novel,3014,7.6,2011,https://cdn.myanimelist.net/images/manga/1/117967l.jpg
115,Freezing: First Chronicle,,フリージング ファーストクロニクル,Manga,5891,7.6,2011,https://cdn.myanimelist.net/images/manga/2/64943l.jpg
117,Bloody Monday: Last Season,,BLOODY MONDAY ラストシーズン,Manga,8935,7.59,2011,https://cdn.myanimelist.net/images/manga/2/185386l.jpg
117,Hana-kun to Koisuru Watashi,When We're in Love,花君と恋する私,Manga,26819,7.59,2011,https://cdn.myanimelist.net/images/manga/2/162159l.jpg
117,Hito Hitori Futari,,ヒトヒトリフタリ,Manga,7670,7.59,2011,https://cdn.myanimelist.net/images/manga/1/70487l.jpg
117,K-On! College,K-On! College,けいおん! college,Manga,17566,7.59,2011,https://cdn.myanimelist.net/images/manga/2/260521l.jpg
117,Mawaru Penguindrum,Penguindrum,輪るピングドラム,Novel,2719,7.59,2011,https://cdn.myanimelist.net/images/manga/2/167526l.jpg
122,Crayon Days: Daikirai na Aitsu,The Crayon Days,くれよん・でいず~大キライなアイツ~,Manga,14415,7.58,2011,https://cdn.myanimelist.net/images/manga/1/277213l.jpg
122,Gugure! Kokkuri-san,Gugure! Kokkuri-san,繰繰れ！コックリさん,Manga,4904,7.58,2011,https://cdn.myanimelist.net/images/manga/2/118499l.jpg
122,K-On! Highschool,K-On! High School,けいおん! highschool,Manga,14757,7.58,2011,https://cdn.myanimelist.net/images/manga/3/260520l.jpg
122,Toaru Kagaku no Railgun SS2,A Certain Scientific Railgun SS2,とある科学の超電磁砲SS2,Light Novel,2123,7.58,2011,https://cdn.myanimelist.net/images/manga/2/46479l.jpg
126,Green Blood,,GREEN BLOOD,Manga,41163,7.57,2011,https://cdn.myanimelist.net/images/manga/1/65303l.jpg
126,Shindere Shoujo to Kodoku na Shinigami,,シンデレ少女と孤独な死神,Manga,11237,7.57,2011,https://cdn.myanimelist.net/images/manga/2/188986l.jpg
126,Steins Gate!,,しゅたいんず・げーと！,Manga,2039,7.57,2011,https://cdn.myanimelist.net/images/manga/1/128929l.jpg
126,Youkai Apartment no Yuuga na Nichijou,Elegant Yokai Apartment Life,妖怪アパートの幽雅な日常,Manga,4442,7.57,2011,https://cdn.myanimelist.net/images/manga/3/57981l.jpg
130,I Don't Want This Kind of Hero,I Don't Want This Kind of Hero,이런 영웅은 싫어,Manhwa,4632,7.56,2011,https://cdn.myanimelist.net/images/manga/3/295659l.jpg
130,Kobato. Epilogue: Happiness.,,こばと。Epilogue-Happiness.,One-shot,2807,7.56,2011,https://cdn.myanimelist.net/images/manga/3/65361l.jpg
130,Sakura Trick,,桜Trick,Manga,11800,7.56,2011,https://cdn.myanimelist.net/images/manga/1/172310l.jpg
130,Special A: Jougai Rantou,,S・A ─場外乱闘─,Manga,3383,7.56,2011,https://cdn.myanimelist.net/images/manga/1/101721l.jpg
130,Strike the Blood,Strike the Blood,ストライク・ザ・ブラッド,Light Novel,6323,7.56,2011,https://cdn.myanimelist.net/images/manga/3/163502l.jpg
135,Bleach Unmasked Short Stories,,BLEACH UNMASKED,Manga,7220,7.55,2011,https://cdn.myanimelist.net/images/manga/3/275375l.jpg
135,Kachou Fuugetsu,,花鳥風月,Manga,1759,7.55,2011,https://cdn.myanimelist.net/images/manga/3/152348l.jpg
135,Koishite Daddy,,恋してダディ,Manga,8238,7.55,2011,https://cdn.myanimelist.net/images/manga/4/147585l.jpg
135,Meiji Hiiro Kitan,,明治緋色綺譚,Manga,3444,7.55,2011,https://cdn.myanimelist.net/images/manga/1/274573l.jpg
135,Tobaku Haouden Zero: Gyanki-hen,,賭博覇王伝 零 ギャン鬼編,Manga,3543,7.55,2011,https://cdn.myanimelist.net/images/manga/1/59937l.jpg
135,Yokokuhan,Prophecy,予告犯,Manga,19572,7.55,2011,https://cdn.myanimelist.net/images/manga/3/70211l.jpg
141,Hakoiri Drops,,箱入りドロップス,Manga,5833,7.53,2011,https://cdn.myanimelist.net/images/manga/2/188792l.jpg
141,Kare no Barairo no Jinsei,His Rose Colored Life,彼のバラ色の人生,Manga,4199,7.53,2011,https://cdn.myanimelist.net/images/manga/1/69911l.jpg
141,Ore no Kanojo to Osananajimi ga Shuraba sugiru,,俺の彼女と幼なじみが修羅場すぎる,Light Novel,5573,7.53,2011,https://cdn.myanimelist.net/images/manga/4/80947l.jpg
141,Shounen Oujo,Mimic Royal Princess,少年王女,Manga,7964,7.53,2011,https://cdn.myanimelist.net/images/manga/1/131793l.jpg
141,Umineko no Naku Koro ni Tsubasa,,うみねこのなく頃に翼,Manga,1930,7.53,2011,https://cdn.myanimelist.net/images/manga/2/134977l.jpg
146,Girls of the Wild's,,소녀 더 와일즈,Manhwa,75123,7.52,2011,https://cdn.myanimelist.net/images/manga/2/83615l.jpg
146,"Ore ga Akuma de, Aitsu ga Yome de.",,オレが悪魔で、アイツが嫁で。,Manga,7980,7.52,2011,https://cdn.myanimelist.net/images/manga/5/71611l.jpg
148,"Kasa no Shita, Futari","Under the Umbrella, with You",傘の下、ふたり,Manga,14125,7.51,2011,https://cdn.myanimelist.net/images/manga/1/130109l.jpg
148,Mauri to Ryuu,Mauri and Dragon,マウリと竜,Manga,2180,7.51,2011,https://cdn.myanimelist.net/images/manga/2/183771l.jpg
148,Ore no Kouhai ga Konnani Kawaii Wake ga Nai,Oreimo: Kuroneko,俺の後輩がこんなに可愛いわけがない,Manga,5739,7.51,2011,https://cdn.myanimelist.net/images/manga/3/69829l.jpg
148,Steins;Gate: Shijou Saikyou no Slight Fever,,STEINS;GATE 史上最強のスライトフィーバー,Manga,2521,7.51,2011,https://cdn.myanimelist.net/images/manga/2/209061l.jpg
152,Blood and Steel,Blood and Steel,武道狂之詩,Manhua,6760,7.5,2011,https://cdn.myanimelist.net/images/manga/1/44697l.jpg
152,Isshuukan Friends.,One Week Friends,一週間フレンズ。,Manga,20795,7.5,2011,https://cdn.myanimelist.net/images/manga/3/106681l.jpg
152,Joujuu Senjin!! Mushibugyou,,常住戦陣!! ムシブギョー（蟲奉行）,Manga,6337,7.5,2011,https://cdn.myanimelist.net/images/manga/2/169921l.jpg
152,Negative-kun to Positive-kun,,ネガティブ君とポジティブ君,Manga,6188,7.5,2011,https://cdn.myanimelist.net/images/manga/3/40426l.jpg
152,Sannin Gurashi,,さんにんぐらし,Manga,2104,7.5,2011,https://cdn.myanimelist.net/images/manga/2/69909l.jpg
157,Crepuscule,,크리퍼스큘,Manhwa,10689,7.49,2011,https://cdn.myanimelist.net/images/manga/3/189103l.jpg
157,Hana to Usagi,Flower and Bunny,花とうさぎ,Manga,11292,7.49,2011,https://cdn.myanimelist.net/images/manga/1/120117l.jpg
157,Hitorijime My Hero,Hitorijime My Hero,ひとりじめマイヒーロー,Manga,14402,7.49,2011,https://cdn.myanimelist.net/images/manga/3/248370l.jpg
157,Junjou Aigan Kanojo,,純情愛玩カノジョ,Manga,1152,7.49,2011,https://cdn.myanimelist.net/images/manga/1/92711l.jpg
157,Keyman: The Hand of Judgement,,KEYMAN -THE HAND OF JUDMENT-,Manga,8152,7.49,2011,https://cdn.myanimelist.net/images/manga/2/168114l.jpg
157,Trace 1.5: Communicator,,교류자: TRACE 1.5,Manhwa,1265,7.49,2011,https://cdn.myanimelist.net/images/manga/1/144975l.jpg
163,Drug & Drop,Drug & Drop,ドラッグ＆ドロップ,Manga,4680,7.48,2011,https://cdn.myanimelist.net/images/manga/3/84971l.jpg
163,Joshikouhei,,女子攻兵,Manga,4453,7.48,2011,https://cdn.myanimelist.net/images/manga/3/152015l.jpg
163,Orenchi no Furo Jijou,Merman In My Tub,オレん家のフロ事情,Manga,6856,7.48,2011,https://cdn.myanimelist.net/images/manga/3/90859l.jpg
163,Prison School,Prison School,監獄学園〈プリズンスクール〉,Manga,150094,7.48,2011,https://cdn.myanimelist.net/images/manga/1/270150l.jpg
163,Real Girl,Real Girl,3D彼女〈リアルガール〉,Manga,27942,7.48,2011,https://cdn.myanimelist.net/images/manga/3/167484l.jpg
163,Seishun Forget!,,青春フォーゲット！,Manga,9230,7.48,2011,https://cdn.myanimelist.net/images/manga/2/115447l.jpg
163,Takeo-chan Bukkairoku,,タケヲちゃん物怪録,Manga,1347,7.48,2011,https://cdn.myanimelist.net/images/manga/3/229859l.jpg
163,Trace,,TRACE,Manga,1122,7.48,2011,https://cdn.myanimelist.net/images/manga/2/105635l.jpg
163,Tsuki no Sango,,月の珊瑚,Light Novel,2613,7.48,2011,https://cdn.myanimelist.net/images/manga/2/62547l.jpg
172,Dorei Usagi to Anthony,,奴隷兎とアンソニー,Manga,4234,7.47,2011,https://cdn.myanimelist.net/images/manga/2/102743l.jpg
172,Kimi to Parade,,君とパレード,Manga,3843,7.47,2011,https://cdn.myanimelist.net/images/manga/1/40450l.jpg
172,Ookami Shoujo to Kuro Ouji,Wolf Girl and Black Prince,オオカミ少女と黒王子,Manga,61354,7.47,2011,https://cdn.myanimelist.net/images/manga/1/163543l.jpg
172,Sorenari ni Shinken Nan desu. dj - Suki no Katei,,好きの過程,Doujinshi,1258,7.47,2011,https://cdn.myanimelist.net/images/manga/3/99773l.jpg
172,Takusan Meshiagare♡Goshujinsama,,たくさん召し上がれ♡ご主人様ぁ,Manga,3161,7.47,2011,https://cdn.myanimelist.net/images/manga/3/114973l.jpg
177,Beageruta,Die Wergelder,ベアゲルター,Manga,7569,7.46,2011,https://cdn.myanimelist.net/images/manga/4/272404l.jpg
177,Guilty Crown,,ギルティクラウン,Manga,7495,7.46,2011,https://cdn.myanimelist.net/images/manga/3/154129l.jpg
177,Katekyo! dj - Crème Brûlée,,Crème brûlée,Doujinshi,2092,7.46,2011,https://cdn.myanimelist.net/images/manga/2/105599l.jpg
177,Shibito no Koe wo Kiku ga Yoi,You Will Hear the Voice of the Dead,死人の声をきくがよい,Manga,7408,7.46,2011,https://cdn.myanimelist.net/images/manga/2/172166l.jpg
177,Suki darake,Love-Ridden,好きだらけ,Manga,4679,7.46,2011,https://cdn.myanimelist.net/images/manga/1/92055l.jpg
182,Apocalypse no Toride,Fort of Apocalypse,アポカリプスの砦,Manga,45515,7.45,2011,https://cdn.myanimelist.net/images/manga/2/162053l.jpg
182,Henshin Dekinai,,変身できない,Manga,2226,7.45,2011,https://cdn.myanimelist.net/images/manga/1/145341l.jpg
182,Kimi ga Koi ni Midareru,,きみが恋に乱れる,Manga,2691,7.45,2011,https://cdn.myanimelist.net/images/manga/1/83635l.jpg
182,Priapus,Priapus,Πριαπος -プリアポス-,Doujinshi,2518,7.45,2011,https://cdn.myanimelist.net/images/manga/2/152713l.jpg
182,Reimei no Arcana: Hajimari no Toki,,黎明のアルカナ －始まりの刻－,Light Novel,1147,7.45,2011,https://cdn.myanimelist.net/images/manga/4/161801l.jpg
182,Renai Sample,Renai Sample,レンアイサンプル,Manga,3552,7.45,2011,https://cdn.myanimelist.net/images/manga/2/109131l.jpg
182,Suashi no Meteorite,,素足のメテオライト,Manga,4828,7.45,2011,https://cdn.myanimelist.net/images/manga/1/158585l.jpg
189,Black★Rock Shooter: Innocent Soul,,ブラック★ロックシューター -イノセントソウル-,Manga,10244,7.44,2011,https://cdn.myanimelist.net/images/manga/2/61771l.jpg
189,Ichi Ni no San!,,いちにのさん!,Manga,3289,7.44,2011,https://cdn.myanimelist.net/images/manga/3/85387l.jpg
189,Junjou Drop,,純情ドロップ,Manga,6451,7.44,2011,https://cdn.myanimelist.net/images/manga/1/275497l.jpg
189,"Nanatsu no Taizai: Bangai-henshuu ""Genzai""",The Seven Deadly Sins: Original Sins Short Story Collection,七つの大罪 番外編集 ＜原罪＞,Manga,6167,7.44,2011,https://cdn.myanimelist.net/images/manga/3/279475l.jpg
189,Papa to Mama Hajimemashita.,,パパとママはじめました。,Manga,5529,7.44,2011,https://cdn.myanimelist.net/images/manga/2/88803l.jpg
189,Sekai no Hate,The End of the World,セカイの果て,Manga,5859,7.44,2011,https://cdn.myanimelist.net/images/manga/2/86391l.jpg
189,Shaman King Zero,Shaman King: Zero,シャーマンキング0-zero-,Manga,9114,7.44,2011,https://cdn.myanimelist.net/images/manga/3/97167l.jpg
196,Akatsuki no Fumi,,暁の文―乾みく短編集,Manga,2307,7.43,2011,https://cdn.myanimelist.net/images/manga/1/81910l.jpg
196,Haikyuu!!,,ハイキュー!!,One-shot,12204,7.43,2011,https://cdn.myanimelist.net/images/manga/1/275330l.jpg
196,Hana no Saku Koro,,はなのさく頃,Manga,1932,7.43,2011,https://cdn.myanimelist.net/images/manga/2/86421l.jpg
196,Hentai Ouji to Warawanai Neko.,The Hentai Prince and Stony Cat,変態王子と笑わない猫。,Manga,16106,7.43,2011,https://cdn.myanimelist.net/images/manga/3/207423l.jpg
196,Hibari no Asa,,ひばりの朝,Manga,4746,7.43,2011,https://cdn.myanimelist.net/images/manga/1/102839l.jpg
196,Hwaja,,화자,Manhwa,3994,7.43,2011,https://cdn.myanimelist.net/images/manga/1/158656l.jpg
196,Ikasama Memory,False Memories,いかさまメモリ,Manga,2289,7.43,2011,https://cdn.myanimelist.net/images/manga/1/267067l.jpg
196,Katekyo! dj - Chocolate Fondue,,Chocolate Fondue,Doujinshi,1354,7.43,2011,https://cdn.myanimelist.net/images/manga/1/167312l.jpg
196,Kidou Senshi Crossbone Gundam: Ghost,Mobile Suit Cross Bone Gundam: Ghost,機動戦士クロスボーン・ガンダム ゴースト,Manga,1106,7.43,2011,https://cdn.myanimelist.net/images/manga/1/173478l.jpg
196,Kurogane,,クロガネ,Manga,15684,7.43,2011,https://cdn.myanimelist.net/images/manga/1/256303l.jpg
196,Mayonaka no Oyatsu,,真夜中のおやつ,Manga,8845,7.43,2011,https://cdn.myanimelist.net/images/manga/3/107683l.jpg
196,Pochama ni,,ぽちゃまに,Manga,9852,7.43,2011,https://cdn.myanimelist.net/images/manga/1/195236l.jpg
196,Ryuu no Kawaii Nanatsu no Ko,Seven Little Sons of the Dragon: A Collection of Seven Stories,九井諒子作品集 竜のかわいい七つの子,Manga,3419,7.43,2011,https://cdn.myanimelist.net/images/manga/1/148545l.jpg
209,Area 51,,エリア51,Manga,2668,7.42,2011,https://cdn.myanimelist.net/images/manga/3/141573l.jpg
209,Denki-gai no Honya-san,,デンキ街の本屋さん,Manga,10292,7.42,2011,https://cdn.myanimelist.net/images/manga/1/188779l.jpg
209,"Omamori Shimasu, Dokomademo",,お護りします、どこまでも,Manga,10243,7.42,2011,https://cdn.myanimelist.net/images/manga/3/83158l.jpg
209,Suzumiya Haruhi no Hiwa: Rainy Day,,涼宮ハルヒの秘話 Rainy Day,Light Novel,1001,7.42,2011,https://cdn.myanimelist.net/images/manga/2/191442l.jpg
213,Ayakashi Hisen,,あやかし緋扇,Manga,3519,7.41,2011,https://cdn.myanimelist.net/images/manga/2/173467l.jpg
213,Sayonara Piano Sonata,,さよならピアノソナタ,Manga,8671,7.41,2011,https://cdn.myanimelist.net/images/manga/1/100821l.jpg
213,Steins;Gate: Hiyoku Renri no Sweets Honey,,STEINS;GATE 比翼恋理のスイーツはにー,Manga,2636,7.41,2011,https://cdn.myanimelist.net/images/manga/1/290244l.jpg
213,Sugar*Soldier,,シュガー＊ソルジャー,Manga,9455,7.41,2011,https://cdn.myanimelist.net/images/manga/2/147177l.jpg
213,Toaru Majutsu no Index SP,A Certain Magical Index SP,とある魔術の禁書目録SP,Light Novel,2373,7.41,2011,https://cdn.myanimelist.net/images/manga/2/58549l.jpg
213,Tsumasaki ni Kourozu,Tsumasaki ni Kourozu,爪先に光路図,Manga,2080,7.41,2011,https://cdn.myanimelist.net/images/manga/3/297034l.jpg
219,Boku no Ano Ko,,僕のあの子,Manga,9360,7.4,2011,https://cdn.myanimelist.net/images/manga/3/169798l.jpg
219,Boukyaku no Shirushi to Hime,,忘却の首と姫,Manga,2052,7.4,2011,https://cdn.myanimelist.net/images/manga/1/270181l.jpg
219,"Nee, Dare ni mo Himitsu da yo",Don't say to anyone about us.,ねぇ、誰にもヒミツだよ,Manga,3800,7.4,2011,https://cdn.myanimelist.net/images/manga/2/107821l.jpg
222,Akuma ni Itsukushimi no Te wo,,悪魔に慈しみの手を,One-shot,5714,7.39,2011,https://cdn.myanimelist.net/images/manga/2/165841l.jpg
222,God of Bath,,목욕의 신,Manhwa,3570,7.39,2011,https://cdn.myanimelist.net/images/manga/5/106187l.jpg
222,Hakuouki Shinsengumi Kitan,,薄桜鬼,Light Novel,1243,7.39,2011,https://cdn.myanimelist.net/images/manga/5/210017l.jpg
222,Kagami no Kuni no Harisugawa,,鏡の国の針栖川,Manga,21992,7.39,2011,https://cdn.myanimelist.net/images/manga/2/62475l.jpg
222,Porno Switch,Porno Switch,ポルノスイッチ,Manga,3069,7.39,2011,https://cdn.myanimelist.net/images/manga/2/87649l.jpg
222,Sword Art Online SS: Calibur SS-han,,ソードアート・オンライン SS キャリバーSS（すこししっぱい）版,Light Novel,2579,7.39,2011,https://cdn.myanimelist.net/images/manga/2/159662l.jpg
228,Bokura no☆Hikari Club,,ぼくらの☆ひかりクラブ,Manga,6644,7.38,2011,https://cdn.myanimelist.net/images/manga/3/181385l.jpg
228,Nakanmon!,,泣かんもん!,Manga,7863,7.38,2011,https://cdn.myanimelist.net/images/manga/1/69481l.jpg
228,Sora no Kiseki Gaiden: Löwe Monogatari,,空の軌跡外伝 レーヴェ物語,Manga,460,7.38,2011,https://cdn.myanimelist.net/images/manga/3/170740l.jpg
228,xxxHOLiC Shi,xxxHOLiC・Shi,xxxHOLiC・止,One-shot,1788,7.38,2011,https://cdn.myanimelist.net/images/manga/5/46411l.jpg
232,Ashi-Girl,,アシガール,Manga,2411,7.37,2011,https://cdn.myanimelist.net/images/manga/3/149258l.jpg
232,DistopiA: Mikansei na Sekai,,DistopiA 〜未完成な世界〜,Manga,2648,7.37,2011,https://cdn.myanimelist.net/images/manga/1/95071l.jpg
232,Hatsukoi no Atosaki,,初恋のあとさき,Manga,5000,7.37,2011,https://cdn.myanimelist.net/images/manga/3/187022l.jpg
232,Majo to Neko no Hanashi,The Story of Witches and Cats,魔女と猫の話,Manga,1360,7.37,2011,https://cdn.myanimelist.net/images/manga/2/170200l.jpg
232,Papa no Iukoto wo Kikinasai!,"Listen to me, girls. I am your father!",パパのいうことを聞きなさい！,Manga,6956,7.37,2011,https://cdn.myanimelist.net/images/manga/2/171415l.jpg
232,Sensei wo Mite Kudasai,,先生を見てください,Manga,3711,7.37,2011,https://cdn.myanimelist.net/images/manga/1/49189l.jpg
238,Anekomori,,あねこもり,Manga,1882,7.36,2011,https://cdn.myanimelist.net/images/manga/3/160301l.jpg
238,Bestiarius,,闘獣士 ベスティアリウス,Manga,14729,7.36,2011,https://cdn.myanimelist.net/images/manga/2/141557l.jpg
240,Again!!,Again!!,アゲイン!!,Manga,24590,7.35,2011,https://cdn.myanimelist.net/images/manga/2/201817l.jpg
240,Chounouryokusha Saiki Kusuo no Ψ-nan 0,,超能力者斉木楠雄のΨ難 0 麻生周一短編集,Manga,3830,7.35,2011,https://cdn.myanimelist.net/images/manga/2/95619l.jpg
240,Golondrina,,ゴロンドリーナ,Manga,1235,7.35,2011,https://cdn.myanimelist.net/images/manga/2/66615l.jpg
240,Kamisama no Iutoori,As the Gods Will,神さまの言うとおり,Manga,39244,7.35,2011,https://cdn.myanimelist.net/images/manga/3/309107l.jpg
240,Kuchizuke wa Niji no Ue de,,くちづけは虹の上で,Manga,3877,7.35,2011,https://cdn.myanimelist.net/images/manga/3/165770l.jpg
240,Madan no Ou to Vanadis,Lord Marksman and Vanadis,魔弾の王と戦姫〈ヴァナディース〉,Manga,12857,7.35,2011,https://cdn.myanimelist.net/images/manga/3/168316l.jpg
240,Maga-Tsuki,Maga-Tsuki,まがつき,Manga,35497,7.35,2011,https://cdn.myanimelist.net/images/manga/2/191823l.jpg
240,Wagatsuma-san wa Ore no Yome,My Wife Is Wagatsuma-san,我妻さんは俺のヨメ,Manga,24976,7.35,2011,https://cdn.myanimelist.net/images/manga/2/164478l.jpg
248,Hua Hua You Long,,花花遊龍,Manhua,1965,7.34,2011,https://cdn.myanimelist.net/images/manga/1/68103l.jpg
248,Joker no Kuni no Alice: Circus to Usotsuki Game,Alice in the Country of Joker: Circus and Liar's Game,ジョーカーの国のアリス ～サーカスと嘘つきゲーム～,Manga,2256,7.34,2011,https://cdn.myanimelist.net/images/manga/3/172749l.jpg
248,Koi ni Nare!,,恋になれ！,Manga,5338,7.34,2011,https://cdn.myanimelist.net/images/manga/2/163638l.jpg
248,"Omae wo Otaku ni Shiteyaru kara, Ore wo Riajuu ni Shitekure!",,おまえをオタクにしてやるから、俺をリア充にしてくれ！,Light Novel,1407,7.34,2011,https://cdn.myanimelist.net/images/manga/3/175093l.jpg
248,Outbreak Company: Moeru Shinryakusha,Outbreak Company: The Power of Moe,アウトブレイク・カンパニー 萌える侵略者,Light Novel,2933,7.34,2011,https://cdn.myanimelist.net/images/manga/2/195300l.jpg
253,Amanee!,Sweet Ladies!,アマネェ!,Manga,2452,7.33,2011,https://cdn.myanimelist.net/images/manga/3/102125l.jpg
253,Dementia 21,Dementia 21,ディメンシャ 21,Manga,7428,7.33,2011,https://cdn.myanimelist.net/images/manga/1/191015l.jpg
253,Lady Detective,Lizzie Newton: Victorian Mysteries,Lady Detective 레이디 디텍티브,Manhwa,1522,7.33,2011,https://cdn.myanimelist.net/images/manga/2/129359l.jpg
253,"Me wo Tojite 3-byou dj - Me wo Hiraitemo, 3 Senchi.",,目をひらいても、3センチ。,Doujinshi,1298,7.33,2011,https://cdn.myanimelist.net/images/manga/1/72871l.jpg
253,Tokoharusou e Youkoso,Welcome to Tokoharu Apartments,常春荘へようこそ,Manga,2665,7.33,2011,https://cdn.myanimelist.net/images/manga/2/100001l.jpg
253,Wanko ni Kuchizuke,Why not be my dog,犬神姫〈わんこ〉にくちづけ,Manga,4020,7.33,2011,https://cdn.myanimelist.net/images/manga/2/77333l.jpg
259,Abide in the Wind,,바람이 머무는 난,Manhwa,5171,7.32,2011,https://cdn.myanimelist.net/images/manga/3/97161l.jpg
259,Ano Ko to Ii Koto,,アノコトイイコト,Manga,1742,7.32,2011,https://cdn.myanimelist.net/images/manga/1/150156l.jpg
259,Hoshi wo Tsugu Mono,,星を継ぐもの,Manga,1399,7.32,2011,https://cdn.myanimelist.net/images/manga/1/265058l.jpg
259,Itadaki! Seieki♥,Gimme That Semen!,いただきっ！セーエキ♥,Manga,6699,7.32,2011,https://cdn.myanimelist.net/images/manga/3/87593l.jpg
259,Nekomori-kun no Himitsu no Tobira,,猫森くんの秘密の扉,One-shot,2256,7.32,2011,https://cdn.myanimelist.net/images/manga/3/60791l.jpg
259,"Soshite, Hare ni Naru",And It Will Be Sunny,そして、晴れになる,Manga,2461,7.32,2011,https://cdn.myanimelist.net/images/manga/2/147183l.jpg
265,Mahou Sensei Negima! Volume 0,,魔法先生ネギま! 0,Manga,1663,7.31,2011,https://cdn.myanimelist.net/images/manga/3/64641l.jpg
265,Mahoutsukai to Koi no Biyaku,,魔法使いと恋の媚薬,One-shot,2312,7.31,2011,https://cdn.myanimelist.net/images/manga/2/59381l.jpg
265,Majo to Houki to Kurobuchi Megane,,魔女とほうきと黒縁メガネ,Manga,3023,7.31,2011,https://cdn.myanimelist.net/images/manga/1/145167l.jpg
265,Sennen Mannen Ringo no Ko,Apple Children of Aeon,千年万年りんごの子,Manga,1194,7.31,2011,https://cdn.myanimelist.net/images/manga/3/175239l.jpg
269,Hadi Girl,,はぢがーる,Manga,13019,7.3,2011,https://cdn.myanimelist.net/images/manga/2/92939l.jpg
269,Hanagaya Eigyousho no Kare,,花ヶ谷営業所のカレ,Manga,1577,7.3,2011,https://cdn.myanimelist.net/images/manga/2/99737l.jpg
269,Hinatama,,ひなたま,Manga,3861,7.3,2011,https://cdn.myanimelist.net/images/manga/1/78063l.jpg
269,Koketsu Dining,,虎穴ダイニング,Manga,2505,7.3,2011,https://cdn.myanimelist.net/images/manga/2/295226l.jpg
269,Kuroori-hime to Kawaki no Ou,,黒檻姫と渇きの王,One-shot,4829,7.3,2011,https://cdn.myanimelist.net/images/manga/2/60947l.jpg
269,TiG-HuG Planet,,ちぐはぐプラネット,Manga,6009,7.3,2011,https://cdn.myanimelist.net/images/manga/2/191940l.jpg
269,Usotsuki Lily 0,,うそつきリリィ 0,Manga,2097,7.3,2011,https://cdn.myanimelist.net/images/manga/2/39997l.jpg
269,Wasureyuki,,わすれ雪,One-shot,4319,7.3,2011,https://cdn.myanimelist.net/images/manga/1/269046l.jpg
269,Wild Wing,,WILD WING,Manga,1389,7.3,2011,https://cdn.myanimelist.net/images/manga/3/111683l.jpg
278,Gokicha,,ごきチャ,Manga,4784,7.29,2011,https://cdn.myanimelist.net/images/manga/2/179815l.jpg
278,Latin,,Latin 高畠エナガ短編集①,Manga,1891,7.29,2011,https://cdn.myanimelist.net/images/manga/2/114419l.jpg
278,Nennen Saisai,NenNen-SaiSai: Years of Color,年々彩々,Manga,2296,7.29,2011,https://cdn.myanimelist.net/images/manga/1/110327l.jpg
278,Oddman 11,,オッドマン11,Manga,8370,7.29,2011,https://cdn.myanimelist.net/images/manga/3/191289l.jpg
278,Shiny Star,,シャイニースター,Manga,1910,7.29,2011,https://cdn.myanimelist.net/images/manga/2/101597l.jpg
278,Xu Ge Yuan Ba! Da Xi,,許個願吧！大喜,Manhua,642,7.29,2011,https://cdn.myanimelist.net/images/manga/3/202146l.jpg
284,Cheonnyeon Kumiho,,천년 구미호,Manhwa,2090,7.28,2011,https://cdn.myanimelist.net/images/manga/1/126503l.jpg
284,Not Lives,Not Lives,NOT LIVES -ノットライヴス-,Manga,7552,7.28,2011,https://cdn.myanimelist.net/images/manga/3/154153l.jpg
284,Sabaki no Mon,,裁きの門,One-shot,2457,7.28,2011,https://cdn.myanimelist.net/images/manga/5/181374l.jpg
284,Taihou to Stamp,,大砲とスタンプ,Manga,1183,7.28,2011,https://cdn.myanimelist.net/images/manga/1/84709l.jpg
288,Aoharu x Kikanjuu,,青春×機関銃,One-shot,2806,7.27,2011,https://cdn.myanimelist.net/images/manga/2/46683l.jpg
288,Flutter,Flutter,フラッター,Manga,881,7.27,2011,https://cdn.myanimelist.net/images/manga/2/59529l.jpg
288,High School DxD: Asia & Koneko no Himitsu no Keiyaku!?,High School DxD: Asia & Koneko's Secret Contract?!,ハイスクールD×D アーシア＆小猫の ヒミツのけいやく!?,Manga,4373,7.27,2011,https://cdn.myanimelist.net/images/manga/1/144667l.jpg
288,Koi-iro Otome,,恋色おとめ,Manga,896,7.27,2011,https://cdn.myanimelist.net/images/manga/1/97003l.jpg
288,Sai x Ai,,最×愛,Manga,1337,7.27,2011,https://cdn.myanimelist.net/images/manga/3/57935l.jpg
288,Tiger & Bunny The Comic,,TIGER&BUNNY THE COMIC,Manga,1168,7.27,2011,https://cdn.myanimelist.net/images/manga/2/176447l.jpg
294,Boku wa Tomodachi ga Sukunai Shobon!,Haganai: I Don't Have Many Friends - Now With 50% More Fail!,僕は友達が少ない ショボーン！,Manga,2969,7.26,2011,https://cdn.myanimelist.net/images/manga/3/75645l.jpg
294,Futari no Himitsu,,ふたりのヒミツ。,Manga,2703,7.26,2011,https://cdn.myanimelist.net/images/manga/3/64351l.jpg
294,Minamoto-kun Monogatari,,源君物語,Manga,60012,7.26,2011,https://cdn.myanimelist.net/images/manga/2/124721l.jpg
294,Wakako-zake,Wakako Zake,ワカコ酒,Manga,2061,7.26,2011,https://cdn.myanimelist.net/images/manga/2/110425l.jpg
298,Chichiiro Toiki,,乳色吐息,Manga,1605,7.25,2011,https://cdn.myanimelist.net/images/manga/3/118409l.jpg
298,Heart no Kuni no Alice: Koisuru Ibara no Meikyuu,Alice in the Country of Hearts: Love Labyrinth of Thorns,ハートの国のアリス～恋する茨の迷宮～,Manga,1564,7.25,2011,https://cdn.myanimelist.net/images/manga/2/161531l.jpg
298,Junai Bride,,純愛ブライド,Manga,2386,7.25,2011,https://cdn.myanimelist.net/images/manga/3/60605l.jpg
298,Kanemochi-kun to Binbou-kun,,金持ち君と貧乏君,Manga,3796,7.25,2011,https://cdn.myanimelist.net/images/manga/3/66919l.jpg
298,Rewrite: Side-R,,Rewrite:SIDE-R,Manga,919,7.25,2011,https://cdn.myanimelist.net/images/manga/1/121335l.jpg
298,Tanteiken Sherdock,Sherlock Bones,探偵犬シャードック,Manga,1752,7.25,2011,https://cdn.myanimelist.net/images/manga/1/136257l.jpg
304,Donyatsu,Donyatsu,どーにゃつ,Manga,2418,7.24,2011,https://cdn.myanimelist.net/images/manga/1/126329l.jpg
304,Sakura Discord,,さくらDISCORD,Manga,3958,7.24,2011,https://cdn.myanimelist.net/images/manga/1/149067l.jpg
304,Shinigamihime no Saikon,,死神姫の再婚,Manga,9386,7.24,2011,https://cdn.myanimelist.net/images/manga/2/111359l.jpg
304,Tiger & Bunny,Tiger & Bunny,TIGER & BUNNY,Manga,3433,7.24,2011,https://cdn.myanimelist.net/images/manga/1/161787l.jpg
304,Vanilla Resort,,バニラリゾート,Manga,2447,7.24,2011,https://cdn.myanimelist.net/images/manga/2/85767l.jpg
309,Inu-bu! Bokura no Shippo Senki,,犬部! ボクらのしっぽ戦記,Manga,408,7.23,2011,https://cdn.myanimelist.net/images/manga/1/138773l.jpg
309,Kamisama ga Yadoru Kotoba,,神様が宿る言葉,One-shot,3260,7.23,2011,https://cdn.myanimelist.net/images/manga/5/111309l.jpg
309,Oneesan to Koi Shiyou,,お姉さんと恋しよう,Manga,711,7.23,2011,https://cdn.myanimelist.net/images/manga/2/107501l.jpg
309,Seireitsukai no Blade Dance,,精霊使いの剣舞〈ブレイドダンス〉,Manga,2144,7.23,2011,https://cdn.myanimelist.net/images/manga/2/61721l.jpg
309,Terra Formars,Terra Formars,テラフォーマーズ,Manga,54376,7.23,2011,https://cdn.myanimelist.net/images/manga/2/311335l.jpg
309,Zelda no Densetsu: Skyward Sword,The Legend of Zelda: Skyward Sword,ゼルダの伝説 スカイウォードソード,One-shot,4789,7.23,2011,https://cdn.myanimelist.net/images/manga/3/61383l.jpg
315,"""Aoi"" Hikaru ga Chikyuu ni Ita Koro......","""Aoi"" When Hikaru was on the earth","""葵"" ヒカルが地球にいたころ……",Manga,6094,7.22,2011,https://cdn.myanimelist.net/images/manga/3/111511l.jpg
315,Aventurier: Shinyaku Arsène Lupin,,アバンチュリエ 新訳アルセーヌ・ルパン,Manga,650,7.22,2011,https://cdn.myanimelist.net/images/manga/1/67773l.jpg
315,Dakara Miyoko Desu,Therefore I am Miyoko.,だから美代子です,Manga,382,7.22,2011,https://cdn.myanimelist.net/images/manga/1/211349l.jpg
315,Gekkou SS,,月光SS,Light Novel,1921,7.22,2011,https://cdn.myanimelist.net/images/manga/3/106921l.jpg
315,Hatsukoi Ribbon.,,はつこいりぼん。,Manga,1286,7.22,2011,https://cdn.myanimelist.net/images/manga/1/137043l.jpg
315,Maoyuu Maou Yuusha: Oka no Mukou e,,まおゆう魔王勇者～丘の向こうへ～,Manga,2168,7.22,2011,https://cdn.myanimelist.net/images/manga/3/119225l.jpg
321,La Satanica dj - Fluffy Thing,,fluffy thing,Doujinshi,907,7.21,2011,https://cdn.myanimelist.net/images/manga/3/6754l.jpg
321,"Ore ga Ojousama Gakkou ni ""Shomin Sample"" Toshite Rachirareta Ken",,俺がお嬢様学校に「庶民サンプル」として拉致られた件,Light Novel,3522,7.21,2011,https://cdn.myanimelist.net/images/manga/3/91361l.jpg
321,Sunny Sunny Ann!,,Sunny Sunny Ann!,Manga,819,7.21,2011,https://cdn.myanimelist.net/images/manga/1/150305l.jpg
321,Wet Moon,,Wet Moon,Manga,3206,7.21,2011,https://cdn.myanimelist.net/images/manga/2/138987l.jpg
325,Bear Bear,,BEAR BEAR,Manga,1925,7.2,2011,https://cdn.myanimelist.net/images/manga/3/106559l.jpg
325,Mayonaka Lolita,,真夜中 ロリータ,Manga,1977,7.2,2011,https://cdn.myanimelist.net/images/manga/2/65721l.jpg
325,Mayonaka no Acchimono,Midnight Stranger,真夜中の彼方者,Manga,782,7.2,2011,https://cdn.myanimelist.net/images/manga/1/105731l.jpg
325,Nowhere Boy,,지상 최악의 소년,Manhwa,3622,7.2,2011,https://cdn.myanimelist.net/images/manga/2/73319l.jpg
325,Persona 4 The Magician,,ペルソナ4 The Magician,Manga,1796,7.2,2011,https://cdn.myanimelist.net/images/manga/5/87417l.jpg
325,Usotsuki Planet,,嘘つき惑星【プラネット】,Manga,2851,7.2,2011,https://cdn.myanimelist.net/images/manga/1/104841l.jpg
325,Yeonmo,,연모,Manhwa,991,7.2,2011,https://cdn.myanimelist.net/images/manga/3/179028l.jpg
332,Hanayamata,,ハナヤマタ,Manga,3299,7.19,2011,https://cdn.myanimelist.net/images/manga/1/207223l.jpg
332,"Koko ni Aru, Kimi no Oto",,ここにある、君のおと,Manga,1044,7.19,2011,https://cdn.myanimelist.net/images/manga/2/83735l.jpg
332,Majo no Biyaku,Spell of Desire,魔女の媚薬,Manga,4707,7.19,2011,https://cdn.myanimelist.net/images/manga/1/85789l.jpg
332,Mayple-san no Koucha Jikan,,メイプルさんの紅茶時間,Manga,721,7.19,2011,https://cdn.myanimelist.net/images/manga/2/68503l.jpg
332,Naruto: Blood Prison,,NARUTO 鬼燈の城〈ブラッド・プリズン〉,Light Novel,1180,7.19,2011,https://cdn.myanimelist.net/images/manga/2/228889l.jpg
332,Strike Witches: Katayoku no Majo-tachi,Strike Witches: One-Winged Witches,ストライクウィッチーズ 片翼の魔女たち,Manga,1221,7.19,2011,https://cdn.myanimelist.net/images/manga/5/86981l.jpg
338,Dororicchu,,どろりっチュ,Manga,913,7.18,2011,https://cdn.myanimelist.net/images/manga/1/77849l.jpg
338,Kijima-kun Series,,木嶋くんシリーズ,Manga,2155,7.18,2011,https://cdn.myanimelist.net/images/manga/2/98171l.jpg
338,Kimi ni Utsuru Hoshi,,きみにうつる星,Manga,1326,7.18,2011,https://cdn.myanimelist.net/images/manga/2/88479l.jpg
338,Koukyuu Days,Harem Days: The Seven-Starred Country,後宮デイズ,Manga,1918,7.18,2011,https://cdn.myanimelist.net/images/manga/3/204370l.jpg
338,Monster Hunter: Senkou no Kariudo,Monster Hunter: Flash Hunter,モンスターハンター 閃光の狩人,Manga,3062,7.18,2011,https://cdn.myanimelist.net/images/manga/3/149654l.jpg
338,Porno Superstar,,ポルノスーパースター,Manga,6940,7.18,2011,https://cdn.myanimelist.net/images/manga/2/278238l.jpg
338,Sangoku Rensenki: Otome no Heihou!,,三国恋戦記～オトメの兵法!～,Manga,789,7.18,2011,https://cdn.myanimelist.net/images/manga/1/121381l.jpg
338,Shiiba-san no Ura no Kao.,,椎葉さんのウラの顔。,Manga,1122,7.18,2011,https://cdn.myanimelist.net/images/manga/3/92701l.jpg
338,Sora no Otoshimono Pico,,そらのおとしものPICO,Manga,2259,7.18,2011,https://cdn.myanimelist.net/images/manga/2/115493l.jpg
347,Boku to Kimi to de Niji ni Naru,,僕と君とで 虹になる,Manga,4071,7.17,2011,https://cdn.myanimelist.net/images/manga/1/98879l.jpg
347,Brave 10 Spiral,,BRAVE10 S -スパイラル-,Manga,1740,7.17,2011,https://cdn.myanimelist.net/images/manga/3/161252l.jpg
347,Corpse Party: Another Child,,コープスパーティー Another Child,Manga,6595,7.17,2011,https://cdn.myanimelist.net/images/manga/1/166260l.jpg
347,Danna ga Nani wo Itteiru ka Wakaranai Ken,I Can't Understand What My Husband Is Saying,旦那が何を言っているかわからない件,Manga,6648,7.17,2011,https://cdn.myanimelist.net/images/manga/2/188775l.jpg
347,Tales of Graces f,,テイルズ オブ グレイセス エフ,Manga,647,7.17,2011,https://cdn.myanimelist.net/images/manga/2/61253l.jpg
347,Toshi Densetsu Bitch: Joshikai,Bitch the Urban Legend,都市伝説ビッチ－女子怪－,Manga,2525,7.17,2011,https://cdn.myanimelist.net/images/manga/2/198955l.jpg
353,Fukashigi Philia,,フカシギフィリア,Manga,5982,7.16,2011,https://cdn.myanimelist.net/images/manga/1/262980l.jpg
353,Hanazakari no Kimitachi e: After Story,,花ざかりの君たちへ アフターストーリー,Manga,669,7.16,2011,https://cdn.myanimelist.net/images/manga/3/71485l.jpg
353,Hanjuku Kajitsu,,半熟果実,Manga,1064,7.16,2011,https://cdn.myanimelist.net/images/manga/3/112003l.jpg
353,Heart Assassin,,ハートアサシン,One-shot,2722,7.16,2011,https://cdn.myanimelist.net/images/manga/1/63205l.jpg
353,Koisuru Sugar Cotton,,恋するシュガーコットン,One-shot,1100,7.16,2011,https://cdn.myanimelist.net/images/manga/2/110721l.jpg
353,Liselotte to Majo no Mori,Liselotte & the Witch's Forest,リーゼロッテと魔女の森,Manga,3095,7.16,2011,https://cdn.myanimelist.net/images/manga/2/270459l.jpg
353,Ludwig Gensoukyoku,,ルードヴィッヒ幻想曲,Manga,1518,7.16,2011,https://cdn.myanimelist.net/images/manga/4/337888l.jpg
353,Mahou Shoujo Madoka★Magica: Anthology Comic,,魔法少女まどか★マギカ [アンソロジーコミック],Manga,2201,7.16,2011,https://cdn.myanimelist.net/images/manga/3/110093l.jpg
353,Majime na Jikan,,まじめな時間,Manga,3884,7.16,2011,https://cdn.myanimelist.net/images/manga/3/254224l.jpg
353,Papa no Iukoto wo Kikinasai!: Takanashi no Hidamari,"Listen to me girls, I am your father! The sunny place for Takanashi sisters.",パパのいうことを聞きなさい！ ～小鳥遊の陽だまり～,Manga,1385,7.16,2011,https://cdn.myanimelist.net/images/manga/1/178667l.jpg
353,Sweet Little Devil,,Sweet Little Devil,Manga,1649,7.16,2011,https://cdn.myanimelist.net/images/manga/3/80677l.jpg
353,Tsuki Tsuki!,,つきツキ！,Manga,9492,7.16,2011,https://cdn.myanimelist.net/images/manga/1/178399l.jpg
353,Ultraman,,ULTRAMAN,Manga,6371,7.16,2011,https://cdn.myanimelist.net/images/manga/3/149472l.jpg
366,Kataribe no List,,カタリベのりすと,Manga,2857,7.15,2011,https://cdn.myanimelist.net/images/manga/2/156847l.jpg
366,Love Lesson,,ラブレッスン,Manga,3245,7.15,2011,https://cdn.myanimelist.net/images/manga/1/87995l.jpg
366,Naisho no Jikan,,ナイショノジカン,Manga,4557,7.15,2011,https://cdn.myanimelist.net/images/manga/1/168427l.jpg
366,Papa no Iukoto wo Kikinasai!: Rojou Kansatsu Kenkyuu Nisshi,,パパのいうことを聞きなさい! 路上観察研日誌,Manga,4144,7.15,2011,https://cdn.myanimelist.net/images/manga/1/171414l.jpg
366,Papa no Iukoto wo Kikinasai!: Usagi no Mark,,パパのいうことを聞きなさい! 〜うさぎのまぁく〜,Manga,1287,7.15,2011,https://cdn.myanimelist.net/images/manga/2/96911l.jpg
366,Renren Zakari,,恋々ざかり,Manga,4416,7.15,2011,https://cdn.myanimelist.net/images/manga/1/109257l.jpg
366,Ryuu no Gakkou wa Yama no Ue,The Dragon School Is Atop the Mountain,竜の学校は山の上 九井諒子作品集,Manga,1745,7.15,2011,https://cdn.myanimelist.net/images/manga/3/98813l.jpg
373,Dadadadan.,,ダダダダン。,Manga,2406,7.14,2011,https://cdn.myanimelist.net/images/manga/3/127621l.jpg
373,Fate/Extra,,Fate/EXTRA,Manga,5033,7.14,2011,https://cdn.myanimelist.net/images/manga/2/139337l.jpg
373,Kaworu-kun to Hana no Mori,,カヲルくんと花の森,Manga,4235,7.14,2011,https://cdn.myanimelist.net/images/manga/4/126589l.jpg
373,Mitsubachi Hakushaku to Hana no Dress,,蜜蜂伯爵と花のドレス,One-shot,1839,7.14,2011,https://cdn.myanimelist.net/images/manga/1/83398l.jpg
373,Oda Nobuna no Yabou,,織田信奈の野望,Manga,2520,7.14,2011,https://cdn.myanimelist.net/images/manga/3/86829l.jpg
373,Photokano: Sweet Snap,,フォトカノ Sweet Snap,Manga,2597,7.14,2011,https://cdn.myanimelist.net/images/manga/2/88649l.jpg
373,Steins;Gate: Drops,,STEINS;GATE DROPS,Manga,1193,7.14,2011,https://cdn.myanimelist.net/images/manga/2/128919l.jpg
373,Stranger,Stranger: A BL Western,ストレンジャー,Manga,1193,7.14,2011,https://cdn.myanimelist.net/images/manga/2/341941l.jpg
381,Me ni wa Sayaka ni,,めにはさやかに,Manga,622,7.13,2011,https://cdn.myanimelist.net/images/manga/2/77899l.jpg
381,Natsumeki!!,,ナツメキッ!!,Manga,1171,7.13,2011,https://cdn.myanimelist.net/images/manga/3/205637l.jpg
381,Nobody Knows,,아무도 모른다,Manhwa,1842,7.13,2011,https://cdn.myanimelist.net/images/manga/3/272297l.jpg
381,Ouji no Hakoniwa,,王子の箱庭,Manga,5738,7.13,2011,https://cdn.myanimelist.net/images/manga/1/190051l.jpg
381,"Toaru Kagaku no Railgun SS: Dasoku, Mata wa Toaru Jiken no Shuusoku",,とある科学の超電磁砲SS 蛇足、またはとある事件の終息,Light Novel,1139,7.13,2011,https://cdn.myanimelist.net/images/manga/2/66039l.jpg
386,Ane wa Shota wo Suki ni Naru,,姉はショタを好きになる,Manga,1140,7.12,2011,https://cdn.myanimelist.net/images/manga/2/93023l.jpg
386,Boku to Majo no Jikan,,ボクと魔女の時間,Manga,4140,7.12,2011,https://cdn.myanimelist.net/images/manga/4/47895l.jpg
386,Choco Strawberry Vanilla,Chocolate Strawberry Vanilla,チョコストロベリー バニラ,Manga,8949,7.12,2011,https://cdn.myanimelist.net/images/manga/3/119601l.jpg
386,Gan☆Kon,,GAN☆KON,Manga,4310,7.12,2011,https://cdn.myanimelist.net/images/manga/3/125137l.jpg
386,Hitorimi Haduki-san to.,With Hitorimi Haduki-san.,ひとりみ葉月さんと。,Manga,6128,7.12,2011,https://cdn.myanimelist.net/images/manga/3/130813l.jpg
386,Kimi to Asa Gohan!,,君と朝ごはん!,Manga,865,7.12,2011,https://cdn.myanimelist.net/images/manga/1/83190l.jpg
386,Ookamidomo no Shitsukekata,,オオカミどものしつけ方,Manga,16031,7.12,2011,https://cdn.myanimelist.net/images/manga/2/268776l.jpg
386,Ore no Kanojo to Osananajimi ga Shuraba sugiru,,俺の彼女と幼なじみが修羅場すぎる,Manga,8381,7.12,2011,https://cdn.myanimelist.net/images/manga/3/188875l.jpg
394,Anagle Mole,,アナグルモール,Manga,3588,7.11,2011,https://cdn.myanimelist.net/images/manga/1/155064l.jpg
394,Hoshi wo Ou Kodomo,,星を追う子ども,Manga,1329,7.11,2011,https://cdn.myanimelist.net/images/manga/2/99343l.jpg
394,Kaidan Tochuu no Big Noise,,階段途中のビッグ・ノイズ,Manga,1112,7.11,2011,https://cdn.myanimelist.net/images/manga/3/119165l.jpg
394,Kozouya Dokuhon LS,,子蔵屋読本LS,Doujinshi,633,7.11,2011,https://cdn.myanimelist.net/images/manga/1/136217l.jpg
394,Mahou Shoujo Kazumi★Magica: The Innocent Malice,Puella Magi Kazumi★Magica: The Innocent Malice,魔法少女かずみ★マギカ〜The innocent malice〜,Manga,9130,7.11,2011,https://cdn.myanimelist.net/images/manga/5/41783l.jpg
394,ShindoL no Bunka Jinruigaku,ShindoL's Cultural Anthropology,新堂エルの文化人類学,Manga,2789,7.11,2011,https://cdn.myanimelist.net/images/manga/2/107159l.jpg
394,Sono Rokudenashi ni You ga Aru,,そのろくでなしに用がある,Manga,730,7.11,2011,https://cdn.myanimelist.net/images/manga/3/99127l.jpg
394,Sweet Magic Syndrome,,スイート マジック シンドローム,Manga,1532,7.11,2011,https://cdn.myanimelist.net/images/manga/2/82614l.jpg
394,Tiger & Bunny Koushiki Anthology,Tiger & Bunny Comic Anthology,ＴＩＧＥＲ＆ＢＵＮＮＹ 公式コミックアンソロジー,Manga,481,7.11,2011,https://cdn.myanimelist.net/images/manga/1/108981l.jpg
403,Are←Nochi Kareshi,,アレ←のち彼氏,Manga,6719,7.1,2011,https://cdn.myanimelist.net/images/manga/3/83863l.jpg
403,Inu to Hasami wa Tsukaiyou,Dog & Scissors,犬とハサミは使いよう,Light Novel,1166,7.1,2011,https://cdn.myanimelist.net/images/manga/2/172692l.jpg
403,Kyou no Yuiko-san,Today's Yuiko-san,今日のユイコさん,Manga,14723,7.1,2011,https://cdn.myanimelist.net/images/manga/1/158551l.jpg
403,Renai♥Celebration,Love Celebration,恋愛♥せれぶれーしょん,Manga,868,7.1,2011,https://cdn.myanimelist.net/images/manga/3/68443l.jpg
403,"Sono Me, Kuchi hodo ni.",,その目、口ほどに。,Manga,3525,7.1,2011,https://cdn.myanimelist.net/images/manga/2/51913l.jpg
403,T x S,,T×S タフ バイ スマート,Manga,1092,7.1,2011,https://cdn.myanimelist.net/images/manga/3/193451l.jpg
403,The iDOLM@STER 2: The World Is All One!!,,アイドルマスター2 The world is all one!!,Manga,533,7.1,2011,https://cdn.myanimelist.net/images/manga/2/154231l.jpg
403,Tiger & Bunny Comic Anthology,Tiger & Bunny Comic Anthology,TIGER & BUNNY コミックアンソロジー,Manga,674,7.1,2011,https://cdn.myanimelist.net/images/manga/2/176448l.jpg
403,Young Black Jack,,ヤング ブラック・ジャック,Manga,2205,7.1,2011,https://cdn.myanimelist.net/images/manga/1/167528l.jpg
412,AKB0048: Episode 0,,AKB0048 EPISODE0,Manga,613,7.09,2011,https://cdn.myanimelist.net/images/manga/2/135049l.jpg
412,First Love,,ファーストラブ,Manga,1373,7.09,2011,https://cdn.myanimelist.net/images/manga/1/99865l.jpg
412,God Eater: The 2nd Break,,GOD EATER －the 2nd break－,Manga,1342,7.09,2011,https://cdn.myanimelist.net/images/manga/2/160487l.jpg
412,Hitsugi no Chaika,Chaika: The Coffin Princess,棺姫〈ひつぎ〉のチャイカ,Manga,7748,7.09,2011,https://cdn.myanimelist.net/images/manga/3/118509l.jpg
412,Hoshi wo Ou Kodomo: Agartha no Shounen,,星を追う子ども アガルタの少年,Manga,880,7.09,2011,https://cdn.myanimelist.net/images/manga/2/99351l.jpg
412,"Kamisama no Ude no Naka de dj - Goshujinsama, ano ne",,ご主人様、あのね,Doujinshi,871,7.09,2011,https://cdn.myanimelist.net/images/manga/1/68019l.jpg
412,Kono Kanojo wa Fiction desu.,,この彼女はフィクションです。,Manga,7429,7.09,2011,https://cdn.myanimelist.net/images/manga/3/57879l.jpg
412,Maou-sama Chotto Sore Totte!!,Hey! Miss Satan taking it!!,魔王様ちょっとそれとって!!,Manga,3627,7.09,2011,https://cdn.myanimelist.net/images/manga/1/164111l.jpg
412,Sougou Tovarisch,,総合タワーリシチ,Manga,4923,7.09,2011,https://cdn.myanimelist.net/images/manga/2/78057l.jpg
421,A Fairytale for the Demon Lord,,마왕을위한 동화 -Der Erlkönig und der Ritter-,Manhwa,10842,7.08,2011,https://cdn.myanimelist.net/images/manga/2/126409l.jpg
421,Acchimono no Konwaku,Midnight Stranger: The Trouble with Strangers,彼方者の困惑,Manga,422,7.08,2011,https://cdn.myanimelist.net/images/manga/1/164686l.jpg
421,Aruitou,,あるいとう,Manga,4284,7.08,2011,https://cdn.myanimelist.net/images/manga/1/163558l.jpg
421,Ato Hitoiki de Ai,,あと一息で愛,Manga,2052,7.08,2011,https://cdn.myanimelist.net/images/manga/1/100623l.jpg
421,Date A Origami,,デイト・ア・オリガミ,Manga,1981,7.08,2011,https://cdn.myanimelist.net/images/manga/2/118843l.jpg
421,Douse Mou Nigerarenai,,どうせもう逃げられない,Manga,1813,7.08,2011,https://cdn.myanimelist.net/images/manga/2/97359l.jpg
421,Gosick W,,GOSICK W－ゴシック・ダブル－,Manga,994,7.08,2011,https://cdn.myanimelist.net/images/manga/1/80107l.jpg
421,Mitsuami no Kamisama,,みつあみの神様,Manga,2296,7.08,2011,https://cdn.myanimelist.net/images/manga/3/123041l.jpg
421,Rinjin wa Chou,,隣人は蝶,Manga,4291,7.08,2011,https://cdn.myanimelist.net/images/manga/2/161197l.jpg
421,Soleil,,ソレイユ,One-shot,1912,7.08,2011,https://cdn.myanimelist.net/images/manga/1/42952l.jpg
421,Umi no Juunin to wa Koi wa Shinai,,海の住人とは恋はしない,Manga,1111,7.08,2011,https://cdn.myanimelist.net/images/manga/3/98555l.jpg
421,Yumekui Merry 4-koma Anthology Comic,,夢喰いメリー 4コマアンソロジーコミック,Manga,784,7.08,2011,https://cdn.myanimelist.net/images/manga/3/159077l.jpg
433,Clockwork,,CLOCKWORK,Manga,1008,7.07,2011,https://cdn.myanimelist.net/images/manga/2/209656l.jpg
433,End Love,,エンド・ラブ,Manga,3697,7.07,2011,https://cdn.myanimelist.net/images/manga/3/86057l.jpg
433,Ikumen datte Koishimasu.,,育メンだって恋します。,Manga,1962,7.07,2011,https://cdn.myanimelist.net/images/manga/3/172270l.jpg
433,Maoyuu Maou Yuusha Gaiden: Madoromi no Onna Mahou Tsukai,,まおゆう魔王勇者 外伝 まどろみの女魔法使い,Manga,1474,7.07,2011,https://cdn.myanimelist.net/images/manga/3/119211l.jpg
433,Ore no Mono ni Nareba Ii,,俺のものになればいい,Manga,2399,7.07,2011,https://cdn.myanimelist.net/images/manga/1/94517l.jpg
433,Shiro no Koro,,白のころ,Manga,934,7.07,2011,https://cdn.myanimelist.net/images/manga/1/118343l.jpg
433,Shishi mo Kobamazu,The Lion Doesn't Refuse,獅子も拒まず,Manga,1594,7.07,2011,https://cdn.myanimelist.net/images/manga/3/193233l.jpg
433,Termina,,てるみな,Manga,1385,7.07,2011,https://cdn.myanimelist.net/images/manga/3/149368l.jpg
441,Clover no Kuni no Alice: Kuroi Tokage to Nigai Aji,Alice in the Country of Clover: Black Lizard and Bitter Taste,クローバーの国のアリス ～黒いトカゲと苦い味～,Manga,1136,7.06,2011,https://cdn.myanimelist.net/images/manga/3/229492l.jpg
441,FutaOna: Toaru Futanari Musume no Onanie Nikki,,ふたオナ とあるふたなり娘のオナ日記,Doujinshi,1000,7.06,2011,https://cdn.myanimelist.net/images/manga/1/128715l.jpg
441,Haru Niwa,,春庭─ハルニワ─,Manga,1081,7.06,2011,https://cdn.myanimelist.net/images/manga/3/166467l.jpg
441,Henshin no News,,変身のニュース,Manga,4582,7.06,2011,https://cdn.myanimelist.net/images/manga/1/154750l.jpg
441,Himegoto,,ひめゴト,Manga,8791,7.06,2011,https://cdn.myanimelist.net/images/manga/3/138981l.jpg
441,Koi Chirakashite,,恋ちらかして,Manga,765,7.06,2011,https://cdn.myanimelist.net/images/manga/3/170850l.jpg
441,Kottou Nekoya,The Antique Cat Shop,骨董猫屋,Manga,656,7.06,2011,https://cdn.myanimelist.net/images/manga/1/203261l.jpg
441,Mada Amanogawa ni Ikenai,,まだ天の川にいけない,Manga,1568,7.06,2011,https://cdn.myanimelist.net/images/manga/1/46679l.jpg
441,Milkyway Hitchhiking,Milkyway Hitchhiking,은하수의 히치하이킹,Manhwa,762,7.06,2011,https://cdn.myanimelist.net/images/manga/2/279147l.jpg
441,Nice Guy Syndrome,,예쁜남자 신드롬,Manhwa,1095,7.06,2011,https://cdn.myanimelist.net/images/manga/4/208955l.jpg
441,Nozo x Kimi,,ノゾ×キミ,Manga,21438,7.06,2011,https://cdn.myanimelist.net/images/manga/2/78073l.jpg
441,Okusama ga Seitokaichou!,,おくさまが生徒会長！,Manga,22127,7.06,2011,https://cdn.myanimelist.net/images/manga/1/211231l.jpg
441,Ore to Atashi no Kareshi-sama,,オレとあたしの彼氏サマ,Manga,2231,7.06,2011,https://cdn.myanimelist.net/images/manga/2/171047l.jpg
454,Ama♥Ero,,あま♥エロ,Manga,644,7.05,2011,https://cdn.myanimelist.net/images/manga/1/125347l.jpg
454,Dorobou to Hatsukoi,A Thief and First Love,泥棒と初恋,Manga,925,7.05,2011,https://cdn.myanimelist.net/images/manga/1/155634l.jpg
454,Ginyuu Gikyoku Black Bard,Black Bard,吟遊戯曲BlackBard,Manga,830,7.05,2011,https://cdn.myanimelist.net/images/manga/1/178709l.jpg
454,Kare no Aijou no Hakari,,彼の愛情の秤,Manga,1738,7.05,2011,https://cdn.myanimelist.net/images/manga/2/67505l.jpg
454,Kyousou Giga,,京騒戯画,Manga,1875,7.05,2011,https://cdn.myanimelist.net/images/manga/2/81350l.jpg
454,Mahoroba no Hibi,,まほろばの日々,Manga,1564,7.05,2011,https://cdn.myanimelist.net/images/manga/2/155795l.jpg
454,Seikoku no Dragonar,Dragonar Academy,星刻の竜騎士〈ドラグナー〉,Manga,9269,7.05,2011,https://cdn.myanimelist.net/images/manga/3/101425l.jpg
454,Wagaya no Liliana-san,,我が家のリリアナさん,Manga,1049,7.05,2011,https://cdn.myanimelist.net/images/manga/2/68863l.jpg
462,Bikkuri Suru hodo Doji na Koi,,ビックリするほどドジな恋,Manga,1725,7.04,2011,https://cdn.myanimelist.net/images/manga/1/84501l.jpg
462,Chidori-san Chi ni Kagitte,,千鳥さん家に限って,Manga,1304,7.04,2011,https://cdn.myanimelist.net/images/manga/3/98061l.jpg
462,Chii-chan Kaihatsu Nikki,,ちーちゃん開発日記,Doujinshi,875,7.04,2011,https://cdn.myanimelist.net/images/manga/1/201956l.jpg
462,Gunjou,,群青,Manga,1127,7.04,2011,https://cdn.myanimelist.net/images/manga/1/142775l.jpg
462,Othello,Othello,オセロ,Manga,1396,7.04,2011,https://cdn.myanimelist.net/images/manga/3/42842l.jpg
462,Saki-biyori,,咲日和,Manga,1147,7.04,2011,https://cdn.myanimelist.net/images/manga/1/138759l.jpg
462,Sengoku Blood: Bara no Keiyaku,,戦国ブラッド〜薔薇の契約〜,Manga,1830,7.04,2011,https://cdn.myanimelist.net/images/manga/2/161941l.jpg
462,Trigun: Multiple Bullets,Trigun: Multiple Bullets,トライガン・マルチプルバレッツ,Manga,5639,7.04,2011,https://cdn.myanimelist.net/images/manga/5/86599l.jpg
462,Zerozaki Soushiki no Ningen Shiken,,零崎双識の人間試験,Manga,2741,7.04,2011,https://cdn.myanimelist.net/images/manga/1/60581l.jpg
471,Aiura,,あいうら,Manga,4000,7.03,2011,https://cdn.myanimelist.net/images/manga/2/139507l.jpg
471,Akunin wo Nakaseru Houhou,,悪人を泣かせる方法,Manga,1992,7.03,2011,https://cdn.myanimelist.net/images/manga/2/61731l.jpg
471,Cast Aoi,Cast Aoi,きゃすとあおい,Manga,3008,7.03,2011,https://cdn.myanimelist.net/images/manga/3/71711l.jpg
471,"Classmate, Kamimura Yuuka wa Kou Itta.",,クラスメート、上村ユウカはこう言った。,Manga,12710,7.03,2011,https://cdn.myanimelist.net/images/manga/1/188873l.jpg
471,Kamisama Onegai!,,神様おねがい！,Manga,1830,7.03,2011,https://cdn.myanimelist.net/images/manga/3/84321l.jpg
471,Manatsu no Hanazono: Oba + Shimai Ohame H,,真夏の花園～叔母＋姉妹生ハメＨ,Manga,1187,7.03,2011,https://cdn.myanimelist.net/images/manga/1/49203l.jpg
471,"Nee, Mou Sukoshi dake...",,ねぇ、もう少しだけ…,Manga,650,7.03,2011,https://cdn.myanimelist.net/images/manga/3/68895l.jpg
471,Riko to Haru to Onsen to Iruka,"Rico & Hal, & Irukawa hot springs",リコとハルと温泉とイルカ,Manga,3087,7.03,2011,https://cdn.myanimelist.net/images/manga/2/339559l.jpg
471,Shigatsu no Majo no Heya,,四月の魔女の部屋,Light Novel,440,7.03,2011,https://cdn.myanimelist.net/images/manga/2/172017l.jpg
471,Shitsuren no Susume,,失恋のススメ,Manga,524,7.03,2011,https://cdn.myanimelist.net/images/manga/3/46169l.jpg
471,The Country Is Saved!,,나라를 구했다!,Manhwa,592,7.03,2011,https://cdn.myanimelist.net/images/manga/2/164530l.jpg
482,Girls in the Frame,,Girls in the Frame,One-shot,1513,7.02,2011,https://cdn.myanimelist.net/images/manga/3/67691l.jpg
482,Hayachine!,,ハヤチネ！,Manga,1684,7.02,2011,https://cdn.myanimelist.net/images/manga/3/188798l.jpg
482,Honey Sweet♥Kitchen,,ハニースウィート♥キッチン,Manga,1451,7.02,2011,https://cdn.myanimelist.net/images/manga/2/74035l.jpg
482,Kanojo ga Flag wo Oraretara,,彼女がフラグをおられたら,Manga,5019,7.02,2011,https://cdn.myanimelist.net/images/manga/1/171359l.jpg
482,"Kono Naka ni Hitori, Imouto ga Iru!",,この中に1人、妹がいる!,Manga,2796,7.02,2011,https://cdn.myanimelist.net/images/manga/3/260958l.jpg
482,Kyou wa Kaisha Yasumimasu.,,きょうは会社休みます。,Manga,4248,7.02,2011,https://cdn.myanimelist.net/images/manga/2/188419l.jpg
482,Life Is Money,,ライフ・イズ・マネー,Manga,12491,7.02,2011,https://cdn.myanimelist.net/images/manga/2/196692l.jpg
482,Lost In London,,로스트 인 런던,Manhwa,1618,7.02,2011,https://cdn.myanimelist.net/images/manga/3/77821l.jpg
482,Maou Voice,,魔王ボイス,Manga,626,7.02,2011,https://cdn.myanimelist.net/images/manga/1/152351l.jpg
482,"Mazu wa, Hitokuchi.",,まずは、ひとくち。,Manga,2513,7.02,2011,https://cdn.myanimelist.net/images/manga/1/104501l.jpg
482,Ore no Kanojo to Osananajimi ga Shuraba sugiru 4-koma,,俺の彼女と幼なじみが修羅場すぎる 4コマ,Manga,1160,7.02,2011,https://cdn.myanimelist.net/images/manga/2/146253l.jpg
482,ST&RS,,ST&RS -スターズ-,Manga,5171,7.02,2011,https://cdn.myanimelist.net/images/manga/4/57779l.jpg
482,Sorako no Tabi,,宙子の旅,Doujinshi,596,7.02,2011,https://cdn.myanimelist.net/images/manga/1/200830l.jpg
482,Tomodachi Gokko,,トモダチごっこ,Manga,1311,7.02,2011,https://cdn.myanimelist.net/images/manga/1/204655l.jpg
482,Yama no Susume,Encouragement of Climb,ヤマノススメ,Manga,2282,7.02,2011,https://cdn.myanimelist.net/images/manga/2/171537l.jpg
497,Campione!,,カンピオーネ!,Manga,3262,7.01,2011,https://cdn.myanimelist.net/images/manga/2/152739l.jpg
497,Cloud,,鞍生人―くらうど―,Manga,2026,7.01,2011,https://cdn.myanimelist.net/images/manga/2/58617l.jpg
497,Corpse Party: Book of Shadows,Corpse Party: Book of Shadows,コープスパーティー Book of Shadows,Manga,6023,7.01,2011,https://cdn.myanimelist.net/images/manga/1/139025l.jpg
497,Dounimo Nannai Soushi Souai,,どうにもなんない相思相愛,Manga,4594,7.01,2011,https://cdn.myanimelist.net/images/manga/3/77895l.jpg
497,Katakoi,,カタコイ,One-shot,779,7.01,2011,https://cdn.myanimelist.net/images/manga/1/70361l.jpg
497,Kidou Senshi Gundam: U.C. Hard Graph - Tetsu no Kanba,,機動戦士ガンダムU.C. HARDGRAPH 鉄の駻馬,Manga,620,7.01,2011,https://cdn.myanimelist.net/images/manga/3/244462l.jpg
497,Last Exile: Sunadokei no Tabibito,,ラストエグザイル 砂時計の旅人,Manga,2183,7.01,2011,https://cdn.myanimelist.net/images/manga/2/210750l.jpg
497,Monster Hunter Epic,,モンスターハンターエピック,Manga,813,7.01,2011,https://cdn.myanimelist.net/images/manga/3/155128l.jpg
497,Otonarisan wa Alien,,お隣さんはエイリアン,Manga,642,7.01,2011,https://cdn.myanimelist.net/images/manga/2/97085l.jpg
497,Papa no Iukoto wo Kikinasai!: Sorairo no Hibiki,,パパのいうことを聞きなさい！－空色の響き－,Manga,1108,7.01,2011,https://cdn.myanimelist.net/images/manga/1/171411l.jpg
497,Shingakkou: Noli me Tangere,,神学校-Noli me tangere-,Manga,974,7.01,2011,https://cdn.myanimelist.net/images/manga/2/90195l.jpg
497,Toriaezu Chikyuu ga Horobiru Mae ni,,とりあえず地球が滅びる前に,Manga,843,7.01,2011,https://cdn.myanimelist.net/images/manga/2/72723l.jpg
509,Atashi no Bambi,,あたしのバンビ,Manga,9596,7.0,2011,https://cdn.myanimelist.net/images/manga/3/66817l.jpg
509,Ichiro Heian!,,一路平安！,Manga,951,7.0,2011,https://cdn.myanimelist.net/images/manga/2/58165l.jpg
509,Manken.,,マンけん。,Manga,811,7.0,2011,https://cdn.myanimelist.net/images/manga/3/64969l.jpg
509,Shiawase ni Narunosa,,幸せになるのさ!,Manga,604,7.0,2011,https://cdn.myanimelist.net/images/manga/1/44539l.jpg
509,Sora no Kakera,,そらのカケラ,One-shot,241,7.0,2011,https://cdn.myanimelist.net/images/manga/3/52405l.jpg
509,THE IDOLM@STER 2: Colorful Days,,アイドルマスター2 Colorful Days,Manga,457,7.0,2011,https://cdn.myanimelist.net/images/manga/1/61385l.jpg
509,Tales of Xillia: Side;Milla,,テイルズ オブ エクシリア SIDE;MILLA,Manga,1958,7.0,2011,https://cdn.myanimelist.net/images/manga/2/121371l.jpg
509,Tropical☆Oyako Mix,,トロピカル☆母娘mix,Manga,874,7.0,2011,https://cdn.myanimelist.net/images/manga/1/107069l.jpg
509,Yurikan Feuille,,百合缶Feuille,Manga,1155,7.0,2011,https://cdn.myanimelist.net/images/manga/2/81522l.jpg
518,Dokusai Grimoire,Dictatorial Grimoire,独裁グリムワール,Manga,1917,6.99,2011,https://cdn.myanimelist.net/images/manga/3/157347l.jpg
518,Imokami-sama,,いもかみさま《妹神様》,Manga,1094,6.99,2011,https://cdn.myanimelist.net/images/manga/3/96905l.jpg
518,Jigokuren: Love in the Hell,Love in Hell,地獄恋 LOVE in the HELL,Manga,17539,6.99,2011,https://cdn.myanimelist.net/images/manga/2/188893l.jpg
518,Junjou Shoujo Et Cetera,,純情少女エトセトラ,Manga,933,6.99,2011,https://cdn.myanimelist.net/images/manga/2/93037l.jpg
518,Kare ga Kanojo wo Tsukuranai Riyuu,Why He Doesn't Have a Girlfriend,彼が彼女を作らない理由,Manga,2027,6.99,2011,https://cdn.myanimelist.net/images/manga/3/113431l.jpg
518,LLOLL: Little Lips of Lovely Lolita,,LLOLL -Little Lips of Lovely Lolita-,Manga,1009,6.99,2011,https://cdn.myanimelist.net/images/manga/1/98741l.jpg
518,Shuuden na Ka-n-ke-i,,終電なカ・ン・ケ・イ,Manga,1021,6.99,2011,https://cdn.myanimelist.net/images/manga/3/78937l.jpg
518,Toaru Majutsu no Index SS: Love Letter Soudatsusen,,とある魔術の禁書目録 ラブレター争奪戦,Light Novel,1396,6.99,2011,https://cdn.myanimelist.net/images/manga/2/152203l.jpg
518,Yoshiwara Hana Oboro,,よしわら花おぼろ,Manga,4151,6.99,2011,https://cdn.myanimelist.net/images/manga/2/272623l.jpg
527,Eikyuu Shimei Onegaishimasu!,Make It an Eternity,永久指名おねがいします!,Manga,722,6.98,2011,https://cdn.myanimelist.net/images/manga/3/154251l.jpg
527,Hana ni Omoeba,,花に想えば,One-shot,1007,6.98,2011,https://cdn.myanimelist.net/images/manga/1/67387l.jpg
527,Hoshizora e Kakaru Hashi,,星空へ架かる橋,Manga,668,6.98,2011,https://cdn.myanimelist.net/images/manga/3/100113l.jpg
527,Inugami-san to Nekoyama-san,,犬神さんと猫山さん,Manga,5780,6.98,2011,https://cdn.myanimelist.net/images/manga/3/90515l.jpg
527,Kimi ga Iru Shinya 2-ji 20-pun,,キミがいる深夜2時20分,Manga,1077,6.98,2011,https://cdn.myanimelist.net/images/manga/2/179164l.jpg
527,Kyoukaisenjou no Horizon,Horizon on the Middle of Nowhere,境界線上のホライゾン,Manga,1830,6.98,2011,https://cdn.myanimelist.net/images/manga/2/150960l.jpg
527,Nan Eomma Nun Appa,,난 엄마 넌 아빠,Manhwa,1645,6.98,2011,https://cdn.myanimelist.net/images/manga/3/40472l.jpg
527,One Show Time!,,おねShowTime！,Manga,798,6.98,2011,https://cdn.myanimelist.net/images/manga/1/160398l.jpg
527,Ootagawa Junjou Lovers,,太田川純情ラバーズ,Manga,1965,6.98,2011,https://cdn.myanimelist.net/images/manga/3/184542l.jpg
527,Sumire Syrup,,スミレシロップ,Manga,1595,6.98,2011,https://cdn.myanimelist.net/images/manga/2/63683l.jpg
527,Tachibana-san Chi no Dansei Jijou,,橘さん家ノ男性事情,Doujinshi,2526,6.98,2011,https://cdn.myanimelist.net/images/manga/3/135607l.jpg
527,"Tada Koishikute, Aitakute...",,ただ恋しくて、会いたくて…,Manga,628,6.98,2011,https://cdn.myanimelist.net/images/manga/1/91437l.jpg
527,Tokyo Ghoul,,東京喰種－トーキョーグール－,One-shot,18670,6.98,2011,https://cdn.myanimelist.net/images/manga/1/140109l.jpg
540,Ayamachi wa Shinshi no Tashinami,A Mistake is Gentleman's Taste.,あやまちは紳士の嗜み,Manga,228,6.97,2011,https://cdn.myanimelist.net/images/manga/2/233264l.jpg
540,Bara to Juudan,,薔薇と銃弾,Manga,6515,6.97,2011,https://cdn.myanimelist.net/images/manga/3/114471l.jpg
540,Black Rock-chan,,ぶらっくろっくちゃん,Manga,3128,6.97,2011,https://cdn.myanimelist.net/images/manga/2/76905l.jpg
540,C³,,C³ -シーキューブ-,Manga,1806,6.97,2011,https://cdn.myanimelist.net/images/manga/1/139409l.jpg
540,Eliza-sama Goyoujin!!,,エリザ様ご用心!!,Manga,625,6.97,2011,https://cdn.myanimelist.net/images/manga/3/108093l.jpg
540,Hime Monogatari,,姫物語,Manga,682,6.97,2011,https://cdn.myanimelist.net/images/manga/2/92723l.jpg
540,Kurenai no Ookami to Ashikase no Hitsuji,,紅の狼と足枷の羊,Manga,2201,6.97,2011,https://cdn.myanimelist.net/images/manga/3/71701l.jpg
540,Rennyuu Tales,,恋乳ているず,Manga,718,6.97,2011,https://cdn.myanimelist.net/images/manga/2/125821l.jpg
548,Hima nanode Okujou ni imasu,,ヒマなので屋上にいます,One-shot,1375,6.96,2011,https://cdn.myanimelist.net/images/manga/2/84557l.jpg
548,JS☆JC,,じぇーえす☆じぇーしー,Manga,475,6.96,2011,https://cdn.myanimelist.net/images/manga/3/113743l.jpg
548,Kimi ni Happiness,Happiness for You.,キミにハピネス,Manga,10324,6.96,2011,https://cdn.myanimelist.net/images/manga/2/268778l.jpg
548,Koha-Ace,,コハエース,Manga,935,6.96,2011,https://cdn.myanimelist.net/images/manga/3/180809l.jpg
548,Koibito Kijunchi dj - U Know...,,U know...,Doujinshi,1073,6.96,2011,https://cdn.myanimelist.net/images/manga/1/146441l.jpg
548,Kuraku naru Made Matte,,暗くなるまで待って,One-shot,1336,6.96,2011,https://cdn.myanimelist.net/images/manga/3/62175l.jpg
548,Persona 2: Innocent Sin Comic Anthology,,ペルソナ2罪 コミックアンソロジー,Manga,601,6.96,2011,https://cdn.myanimelist.net/images/manga/2/147957l.jpg
548,Sora ga Haiiro dakara,,空が灰色だから,Manga,1839,6.96,2011,https://cdn.myanimelist.net/images/manga/1/188879l.jpg
548,Spotlight Lover,,スポットライト・ラヴァー,Manga,1698,6.96,2011,https://cdn.myanimelist.net/images/manga/4/282913l.jpg
548,Tiger & Bunny,,タイガー・アンド・バニー,One-shot,1437,6.96,2011,https://cdn.myanimelist.net/images/manga/5/44187l.jpg
558,Battle Royale: Tenshi-tachi no Kokkyou,Battle Royal: Angels' Border,バトル・ロワイアル 天使たちの国境,Manga,2070,6.95,2011,https://cdn.myanimelist.net/images/manga/2/106899l.jpg
558,Boku to Emono no Natsuyasumi,,ぼくと獲物の夏休み,Manga,2003,6.95,2011,https://cdn.myanimelist.net/images/manga/2/236108l.jpg
558,Brat★Blood Lad,Bloody★Brat,ぶらっと★ブラドラ,Manga,2896,6.95,2011,https://cdn.myanimelist.net/images/manga/2/96373l.jpg
558,F no Meikyuu,,Fの迷宮,Manga,531,6.95,2011,https://cdn.myanimelist.net/images/manga/1/92457l.jpg
558,Joousama no Shiro Usagi,,女王様の白兎,Manga,910,6.95,2011,https://cdn.myanimelist.net/images/manga/2/261722l.jpg
558,Pray for Japan,,東日本大震災チャリティ同人誌「pray for Japan」,Doujinshi,1107,6.95,2011,https://cdn.myanimelist.net/images/manga/1/338619l.jpg
558,PuniKano,PuniKano,ぷにかの,Manga,1319,6.95,2011,https://cdn.myanimelist.net/images/manga/3/109949l.jpg
565,Baka ga Zenra de Yattekuru,,バカが全裸でやってくる,Manga,2598,6.94,2011,https://cdn.myanimelist.net/images/manga/4/112005l.jpg
565,Crimsons: Akai Koukaisha-tachi,,CRIMSONS 紅き航海者たち,Manga,1568,6.94,2011,https://cdn.myanimelist.net/images/manga/3/65581l.jpg
565,Engage Knight,,エンゲージナイト,Manga,1085,6.94,2011,https://cdn.myanimelist.net/images/manga/1/66211l.jpg
565,Fresh Flesh,Fresh Meat,FRESH FLESH,Manga,774,6.94,2011,https://cdn.myanimelist.net/images/manga/2/193682l.jpg
565,Hana wa Sakura yori mo Hana no Gotoku,,花は桜よりも華のごとく,Manga,3307,6.94,2011,https://cdn.myanimelist.net/images/manga/3/82488l.jpg
565,Koimoku,,こいもく,Manga,11681,6.94,2011,https://cdn.myanimelist.net/images/manga/2/317624l.jpg
565,Matantei Loki Ragnarok: Shinsekai no Kamigami,,魔探偵ロキRAGNAROK～新世界の神々～,Manga,805,6.94,2011,https://cdn.myanimelist.net/images/manga/1/153919l.jpg
565,Meteor Methuselah Fan Book 2: Darling.,,Meteor Methuselah Fan Book 2 ダーリン。,Doujinshi,571,6.94,2011,https://cdn.myanimelist.net/images/manga/1/107637l.jpg
565,Momoiro Daydream,,ももいろデイドリーム,Manga,478,6.94,2011,https://cdn.myanimelist.net/images/manga/3/119305l.jpg
565,Neko no Yomeiri,Ninth Life Love,ねこの嫁入り,Manga,1443,6.94,2011,https://cdn.myanimelist.net/images/manga/2/286722l.jpg
565,Ore no Kanojo ni Nanika Youkai,My Monster Girl's Too Cool For You,俺の彼女に何かようかい,Manga,2195,6.94,2011,https://cdn.myanimelist.net/images/manga/1/146711l.jpg
565,Sister♡Control,,姉〈シスター 〉♡コントロール,Manga,1261,6.94,2011,https://cdn.myanimelist.net/images/manga/2/67291l.jpg
565,Watashi no Kuro-chan,,わたしのクロちゃん,One-shot,1203,6.94,2011,https://cdn.myanimelist.net/images/manga/2/198186l.jpg
565,Yajuu Kanojo,,野獣彼女,Manga,696,6.94,2011,https://cdn.myanimelist.net/images/manga/3/91001l.jpg
579,Black★Rock Shooter: The Game,,ブラック★ロックシューター THE GAME,Manga,4883,6.93,2011,https://cdn.myanimelist.net/images/manga/2/156580l.jpg
579,Code: Leviathan,,コード・リヴァイアサン,Manga,676,6.93,2011,https://cdn.myanimelist.net/images/manga/2/64103l.jpg
579,Locomoco,,ロコモコ,Manga,1894,6.93,2011,https://cdn.myanimelist.net/images/manga/2/98771l.jpg
579,Oniichan to Nyan Nyan Nyan,,お兄ちゃんとにゃんにゃんにゃん,Manga,509,6.93,2011,https://cdn.myanimelist.net/images/manga/1/68459l.jpg
579,Prototype Mademoiselle,,プロトタイプ マドモアゼル,Manga,476,6.93,2011,https://cdn.myanimelist.net/images/manga/3/193995l.jpg
579,Watashi ni Amaete...,,牝に甘えて…,Manga,646,6.93,2011,https://cdn.myanimelist.net/images/manga/1/94069l.jpg
585,Adult Teacher wa Osuki?,Do You Like Me?,アダルトティーチャーはお好き？,Manga,792,6.92,2011,https://cdn.myanimelist.net/images/manga/3/266827l.jpg
585,Amefurashi,,あめふらし,Manga,2233,6.92,2011,https://cdn.myanimelist.net/images/manga/1/190894l.jpg
585,Bitch Trap,,ビッチトラップ,Manga,837,6.92,2011,https://cdn.myanimelist.net/images/manga/1/51959l.jpg
585,Boku wa Tomodachi ga Sukunai: Koushiki Anthology Comic,,僕は友達が少ない 公式アンソロジーコミック,Manga,1596,6.92,2011,https://cdn.myanimelist.net/images/manga/1/111381l.jpg
585,Chiisai Onnanoko ga Suki de Nani ga Warui!,,小さい女の子が好きで何が悪い！,Manga,674,6.92,2011,https://cdn.myanimelist.net/images/manga/3/161838l.jpg
585,Furari.,Furari,ふらり。,Manga,1073,6.92,2011,https://cdn.myanimelist.net/images/manga/3/298139l.jpg
585,Kyoukaisenjou no Horako-san,,境界線上のホラ子さん,Manga,562,6.92,2011,https://cdn.myanimelist.net/images/manga/5/89047l.jpg
585,Megane no Incubus-kun,,めがねのインキュバス君,Manga,779,6.92,2011,https://cdn.myanimelist.net/images/manga/3/114089l.jpg
585,Namida Hanamizu Gushogusho Danshi,,涙はなみずぐしょぐしょ男子,Doujinshi,2353,6.92,2011,https://cdn.myanimelist.net/images/manga/2/73721l.jpg
585,Omerta: Kochou no Yume no Hate,,オメルタ ～胡蝶ノ夢ノ果テ～,Manga,2345,6.92,2011,https://cdn.myanimelist.net/images/manga/2/175161l.jpg
585,Ore ga Heroine wo Tasukesugite Sekai ga Little Apocalypse!?,,俺がヒロインを助けすぎて世界がリトル黙示録〈アポカリプス〉!?,Manga,5658,6.92,2011,https://cdn.myanimelist.net/images/manga/1/188876l.jpg
585,Oujisama to Haiiro no Hibi,The Prince in His Dark Days,王子様と灰色の日々,Manga,2651,6.92,2011,https://cdn.myanimelist.net/images/manga/3/59523l.jpg
585,Pai Fella Lady,,パイフェラレディ,Manga,956,6.92,2011,https://cdn.myanimelist.net/images/manga/2/93505l.jpg
585,Toshokan no Youkai,,図書館の妖怪,One-shot,1379,6.92,2011,https://cdn.myanimelist.net/images/manga/2/65265l.jpg
599,Blind Märchen,,블라인드 메르헨,Manhwa,987,6.91,2011,https://cdn.myanimelist.net/images/manga/1/66313l.jpg
599,Daydream★Nightmare,Daydream★Nightmare,Daydream★ナイトメア,Manga,1558,6.91,2011,https://cdn.myanimelist.net/images/manga/2/72527l.jpg
599,Dress na Boku ga Yangotonaki Katagata no Katei Kyoushi-sama na Ken,,ドレスな僕がやんごとなき方々の家庭教師様な件,Manga,1067,6.91,2011,https://cdn.myanimelist.net/images/manga/2/164690l.jpg
599,Gekkou Chou,,月光蝶,Manga,528,6.91,2011,https://cdn.myanimelist.net/images/manga/1/44367l.jpg
599,Good Morning,Good Morning,グッドモーニング,Manga,461,6.91,2011,https://cdn.myanimelist.net/images/manga/3/70839l.jpg
599,Idol Pretender,,アイドル・プリテンダー,Manga,9005,6.91,2011,https://cdn.myanimelist.net/images/manga/2/99769l.jpg
599,Kanojo Zokusei,,彼女属性,Manga,583,6.91,2011,https://cdn.myanimelist.net/images/manga/1/82924l.jpg
599,Murasame-kun no Tawagoto,,村雨くんの戯言,One-shot,2957,6.91,2011,https://cdn.myanimelist.net/images/manga/1/111135l.jpg
599,Ore no Imouto ga Konnani Kawaii Wake ga Nai Comic Anthology,Oreimo Comic Anthology,俺の妹がこんなに可愛いわけがない コミックアンソロジー,Manga,1046,6.91,2011,https://cdn.myanimelist.net/images/manga/5/93841l.jpg
599,Ryuu wa Tasogare no Yume wo Miru,,竜は黄昏の夢を見る,Manga,702,6.91,2011,https://cdn.myanimelist.net/images/manga/2/60683l.jpg
609,Baby Princess,,Baby Princess,Manga,2113,6.9,2011,https://cdn.myanimelist.net/images/manga/3/158532l.jpg
609,Bakuon!!,,ばくおん!!,Manga,2813,6.9,2011,https://cdn.myanimelist.net/images/manga/2/114503l.jpg
609,Dive in Me,,ダイヴ・イン・ミー,Manga,599,6.9,2011,https://cdn.myanimelist.net/images/manga/1/106985l.jpg
609,Hatsukoi no Itazura,,初恋の悪戯,Manga,1589,6.9,2011,https://cdn.myanimelist.net/images/manga/1/48387l.jpg
609,Issho ni Shiyo,Let's Do It,いっしょにしよ,Manga,1152,6.9,2011,https://cdn.myanimelist.net/images/manga/2/152855l.jpg
609,Makai Ishi Mephisto,Doctor Mephistopheles,魔界医師メフィスト,Manga,1420,6.9,2011,https://cdn.myanimelist.net/images/manga/3/68195l.jpg
609,Perfect Rose,,パーフェクト・ローズ,Manga,660,6.9,2011,https://cdn.myanimelist.net/images/manga/3/175817l.jpg
609,Renai Moratorium,,恋愛モラトリアム,Manga,1570,6.9,2011,https://cdn.myanimelist.net/images/manga/2/114235l.jpg
609,Sunao ni Narenai!,,素直になれない！,Manga,1065,6.9,2011,https://cdn.myanimelist.net/images/manga/3/150134l.jpg
609,Yume no Kaseki,Dream Fossil: The Complete Stories of Satoshi Kon,夢の化石 今敏全短篇,Manga,4096,6.9,2011,https://cdn.myanimelist.net/images/manga/1/157825l.jpg
619,Baketeriya,,化けてりや,Manga,6318,6.89,2011,https://cdn.myanimelist.net/images/manga/1/83965l.jpg
619,Familiar,,ファミリア,Manga,3084,6.89,2011,https://cdn.myanimelist.net/images/manga/1/55525l.jpg
619,Harapeko Vampino,,はらぺこバンピーノ,Manga,341,6.89,2011,https://cdn.myanimelist.net/images/manga/1/106067l.jpg
619,Hime Goto,,ひめごと,Manga,540,6.89,2011,https://cdn.myanimelist.net/images/manga/1/65305l.jpg
619,Koi wa Itsumo Tabekake,,恋はいつも食べかけ,Manga,658,6.89,2011,https://cdn.myanimelist.net/images/manga/2/58779l.jpg
619,Mucchiri Sukebe,Meaty Minxes,むっちりすけべ,Manga,1092,6.89,2011,https://cdn.myanimelist.net/images/manga/2/117065l.jpg
619,Nikuyoku Analyze,,肉欲穴ライズ,Manga,613,6.89,2011,https://cdn.myanimelist.net/images/manga/3/49869l.jpg
619,Sakura no Himegoto,The Secret Sakura Shares,サクラの秘事,Manga,849,6.89,2011,https://cdn.myanimelist.net/images/manga/2/261727l.jpg
627,1/4,,1/4 -よんぶんのいち-,Doujinshi,1016,6.88,2011,https://cdn.myanimelist.net/images/manga/1/61941l.jpg
627,Ben-To Zero: Road to Witch,,ベン・トー zero Road to witch,Manga,2544,6.88,2011,https://cdn.myanimelist.net/images/manga/2/173159l.jpg
627,Karada Meate de Warui ka,,カラダめあてで悪いか,Manga,3508,6.88,2011,https://cdn.myanimelist.net/images/manga/1/59551l.jpg
627,Milk Teacher,,MILKティーチャー,Manga,1394,6.88,2011,https://cdn.myanimelist.net/images/manga/2/107493l.jpg
627,My Honey Express,,マイハニーエクスプレス,Manga,893,6.88,2011,https://cdn.myanimelist.net/images/manga/1/134821l.jpg
627,Puku Yuri,,ぷくゆり,Manga,1219,6.88,2011,https://cdn.myanimelist.net/images/manga/2/176322l.jpg
627,Sakura Taisen: Kanadegumi,,サクラ大戦 奏組,Manga,1060,6.88,2011,https://cdn.myanimelist.net/images/manga/1/207507l.jpg
627,Storm Lover,,STORM LOVER 夏恋!!,Manga,771,6.88,2011,https://cdn.myanimelist.net/images/manga/2/66737l.jpg
627,Sweets Sweat,,スイーツスウェット,Manga,575,6.88,2011,https://cdn.myanimelist.net/images/manga/3/92767l.jpg
627,Yankee Juku e Iku,Yankee Go To Juku,ヤンキー塾へ行く,Manga,1820,6.88,2011,https://cdn.myanimelist.net/images/manga/1/221359l.jpg
637,Bara no Josephine,Josephine the French Rose,薔薇のジョゼフィーヌ,Manga,332,6.87,2011,https://cdn.myanimelist.net/images/manga/1/71067l.jpg
637,Hakamori Majo Bianca,,墓守り魔女ビアンカ,Manga,769,6.87,2011,https://cdn.myanimelist.net/images/manga/3/108223l.jpg
637,Hinamizawa Teiryuujo: Higurashi no Naku Koro ni Genten,,雛見沢停留所～ひぐらしのなく頃に原典～,Manga,3038,6.87,2011,https://cdn.myanimelist.net/images/manga/1/176843l.jpg
637,Junjou Ookami-san to Kohitsuji-kun,,純情狼さんと子羊くん,Manga,558,6.87,2011,https://cdn.myanimelist.net/images/manga/2/98559l.jpg
637,Last Exile: Ginyoku no Fam,,ラストエグザイル 銀翼のファム,Manga,869,6.87,2011,https://cdn.myanimelist.net/images/manga/1/86893l.jpg
637,"Maoyuu 4-koma: Muitemasen yo, Maou-sama!",,まおゆう4コマ 「向いてませんよ、魔王様」,Manga,1009,6.87,2011,https://cdn.myanimelist.net/images/manga/2/119229l.jpg
637,Orokamono no Koi,,愚か者の恋,Manga,2591,6.87,2011,https://cdn.myanimelist.net/images/manga/1/73563l.jpg
637,Princess no Shitsuren,,プリンセスの失恋,Manga,606,6.87,2011,https://cdn.myanimelist.net/images/manga/2/42473l.jpg
637,Rainy Song,,レイニーソング,Manga,1466,6.87,2011,https://cdn.myanimelist.net/images/manga/3/123149l.jpg
637,Seishun Rikon,,青春離婚,Manga,2703,6.87,2011,https://cdn.myanimelist.net/images/manga/2/80159l.jpg
637,Silent Blue,,Silent Blue,Manga,1483,6.87,2011,https://cdn.myanimelist.net/images/manga/3/203191l.jpg
637,So I Married an Anti-Fan,So I Married an Anti-Fan,안티팬과 결혼했다,Manhwa,1138,6.87,2011,https://cdn.myanimelist.net/images/manga/1/88357l.jpg
637,Spiritual Police,Spiritual Police,スピリチュアル ポリス,Manga,503,6.87,2011,https://cdn.myanimelist.net/images/manga/2/270526l.jpg
637,Yuri Mekuru Hibi,,ゆりめくる日々,Manga,2718,6.87,2011,https://cdn.myanimelist.net/images/manga/2/132975l.jpg
651,Black Yagi to Gekiyaku Madeleine,,ブラックヤギーと劇薬まどれーぬ,Manga,1584,6.86,2011,https://cdn.myanimelist.net/images/manga/3/149522l.jpg
651,Clover no Kuni no Alice: Futago no Koibito,Alice in the Country of Clover: Twin Lovers,クローバーの国のアリス ～双子の恋人～,Manga,1097,6.86,2011,https://cdn.myanimelist.net/images/manga/2/44877l.jpg
651,Danganronpa: Kibou no Gakuen to Zetsubou no Koukousei,,ダンガンロンパ 希望の学園と絶望の高校生,Manga,7788,6.86,2011,https://cdn.myanimelist.net/images/manga/3/149867l.jpg
651,Full Metal Panic! Another,,フルメタル・パニック! アナザー,Manga,1413,6.86,2011,https://cdn.myanimelist.net/images/manga/2/100751l.jpg
651,Halloween†Town: Party Time!!,,ハロウィン+タウン－Party time－,Manga,523,6.86,2011,https://cdn.myanimelist.net/images/manga/3/42275l.jpg
651,Joker no Kuni no Alice: Mayonaka ni Ochiru Yume,Alice in the Country of Joker: The Nightmare Trilogy Vol. 3 - Late Night Nightmare,ジョーカーの国のアリス ～真夜中に落ちる夢～,Manga,696,6.86,2011,https://cdn.myanimelist.net/images/manga/2/42624l.jpg
651,Ketsuen Jukujo,,けつえん熟女,Manga,943,6.86,2011,https://cdn.myanimelist.net/images/manga/1/112205l.jpg
651,Limiter,Limiter,リミッタ―,Manga,869,6.86,2011,https://cdn.myanimelist.net/images/manga/2/67055l.jpg
651,Otoko no Ko Heaven,,オトコのコHEAVEN,Manga,598,6.86,2011,https://cdn.myanimelist.net/images/manga/3/238827l.jpg
651,Papa no Iukoto wo Kikinasai!: Miu-sama no Iutoori,,パパのいうことを聞きなさい！ 美羽様のいう通り！,Manga,1119,6.86,2011,https://cdn.myanimelist.net/images/manga/3/177224l.jpg
651,Shinyuu to Watashi no Suki na Hito,,心友と私のスキな人,Manga,1200,6.86,2011,https://cdn.myanimelist.net/images/manga/2/63497l.jpg
651,Watashi no Sekai wo Kousei suru Chiri no You na Nani ka.,,私の世界を構成する塵のような何か。,Manga,4598,6.86,2011,https://cdn.myanimelist.net/images/manga/3/89879l.jpg
663,Bamford Koushakuke no Shitsuji,The House Steward of the Bamford Marqis House,バンフォード侯爵家の執事,Manga,1225,6.85,2011,https://cdn.myanimelist.net/images/manga/3/80727l.jpg
663,Beatless,Beatless,BEATLESS ビートレス,Light Novel,1887,6.85,2011,https://cdn.myanimelist.net/images/manga/3/112469l.jpg
663,Danball Senki,LBX: Little Battlers Experience,ダンボール戦機,Manga,381,6.85,2011,https://cdn.myanimelist.net/images/manga/2/109525l.jpg
663,Fate/Apocrypha: Unbirth,,Fate/Apocrypha Unbirth,Light Novel,1645,6.85,2011,https://cdn.myanimelist.net/images/manga/1/240203l.jpg
663,IS: Infinite Stratos - Koushiki Anthology Comic,Infinite Stratos: Official Anthology Comic,IS〈インフィニット・ストラトス〉 【公式】アンソロジーコミック,Manga,1026,6.85,2011,https://cdn.myanimelist.net/images/manga/1/143165l.jpg
663,Kuchutoris!,,クチュトリス！,Manga,508,6.85,2011,https://cdn.myanimelist.net/images/manga/1/107161l.jpg
663,Naraku Izuko Emaki - Anata no Tame Nara Doko Made mo - Heian-chou Special,,奈落何処絵巻 あなたのためならどこまでも 平安調スペシャル,Manga,745,6.85,2011,https://cdn.myanimelist.net/images/manga/1/109575l.jpg
663,Onigari no Mori de,,鬼狩りの森で,Manga,820,6.85,2011,https://cdn.myanimelist.net/images/manga/1/141989l.jpg
663,Oshikake Riot,,おしかけRIOT,Manga,797,6.85,2011,https://cdn.myanimelist.net/images/manga/2/100009l.jpg
663,Senki Zesshou Symphogear,,戦姫絶唱シンフォギア,Manga,1721,6.85,2011,https://cdn.myanimelist.net/images/manga/1/96399l.jpg
663,Soukai no Eve,,蒼界のイヴ,Manga,1515,6.85,2011,https://cdn.myanimelist.net/images/manga/3/121373l.jpg
663,Taiyou no Yuki,,たいようの雪,One-shot,423,6.85,2011,https://cdn.myanimelist.net/images/manga/2/70755l.jpg
663,Told Me,,Told Me,Doujinshi,981,6.85,2011,https://cdn.myanimelist.net/images/manga/2/119051l.jpg
663,Ueta Aikata,,飢えた相方,Manga,511,6.85,2011,https://cdn.myanimelist.net/images/manga/1/42660l.jpg
663,Wannin!,,ワンニン！,Manga,661,6.85,2011,https://cdn.myanimelist.net/images/manga/3/66523l.jpg
678,K-On! Story Anthology Comic,,けいおん! ストーリーアンソロジーコミック,Manga,757,6.84,2011,https://cdn.myanimelist.net/images/manga/1/248882l.jpg
678,Kanojo ga Flag wo Oraretara,,彼女がフラグをおられたら,Light Novel,1197,6.84,2011,https://cdn.myanimelist.net/images/manga/1/81290l.jpg
678,Kimi no Sei - Kizuato,,君のせい ~傷跡~,Manga,2031,6.84,2011,https://cdn.myanimelist.net/images/manga/2/119037l.jpg
678,Kuroyome,,くろよめ,Manga,1912,6.84,2011,https://cdn.myanimelist.net/images/manga/1/50439l.jpg
678,Mechakucha Sex Shiyo♥,,めちゃくちゃ交尾（セックス）しよっ♥,Manga,414,6.84,2011,https://cdn.myanimelist.net/images/manga/3/154914l.jpg
678,Oujisama wa Inai,,王子様はいない,Manga,1189,6.84,2011,https://cdn.myanimelist.net/images/manga/5/55531l.jpg
678,Ryuuma no Gagou,"The Pseudonym of ""Ryuma""",リュウマのガゴウ,Manga,1932,6.84,2011,https://cdn.myanimelist.net/images/manga/2/187972l.jpg
678,Triple Mix!,Triple Mix!,とりぷるみっくす！,Manga,605,6.84,2011,https://cdn.myanimelist.net/images/manga/3/93749l.jpg
686,Ahe Colle: Ahegao Collection,,アヘこれ～アヘ顔これくしょん～,Manga,783,6.83,2011,https://cdn.myanimelist.net/images/manga/3/114525l.jpg
686,Asahinagu,,あさひなぐ,Manga,2421,6.83,2011,https://cdn.myanimelist.net/images/manga/1/149866l.jpg
686,Choujuu Gitan II,,蝶獣戯譚Ⅱ,Manga,435,6.83,2011,https://cdn.myanimelist.net/images/manga/3/193035l.jpg
686,Dragon Ball: Episode of Bardock,Dragon Ball: Episode of Bardock,ドラゴンボール エピソード オブ バーダック,Manga,7356,6.83,2011,https://cdn.myanimelist.net/images/manga/2/319481l.jpg
686,Eternal Moment,,将爱情进行到底,Manhua,770,6.83,2011,https://cdn.myanimelist.net/images/manga/1/66089l.jpg
686,Ichido dake no Uta,,一度だけの歌,Doujinshi,452,6.83,2011,https://cdn.myanimelist.net/images/manga/2/316007l.jpg
686,Onnanoko x Onnanoko Collection,,女の子×女の子コレクション,Manga,1131,6.83,2011,https://cdn.myanimelist.net/images/manga/1/109259l.jpg
686,Steins;Gate: Hoshikuzu no Duplet,,STEINS;GATE 星屑のデュプレット,Manga,1017,6.83,2011,https://cdn.myanimelist.net/images/manga/1/128917l.jpg
686,Tarareba,,たられば,Manga,500,6.83,2011,https://cdn.myanimelist.net/images/manga/1/86023l.jpg
686,Yorokobi wa Ude no Naka,Pleasure is in my arms.,よろこびは腕の中,Manga,1813,6.83,2011,https://cdn.myanimelist.net/images/manga/3/78297l.jpg
696,33-sai Midarazuma,,33歳みだら妻,Manga,902,6.82,2011,https://cdn.myanimelist.net/images/manga/2/69373l.jpg
696,Another 0,Another 0,Another 0,Manga,9336,6.82,2011,https://cdn.myanimelist.net/images/manga/3/159691l.jpg
696,Dia Game,,ダイア・ゲーム,Manga,4189,6.82,2011,https://cdn.myanimelist.net/images/manga/5/165904l.jpg
696,Hinekure Shisho no Mikaiketsu Jikenroku,,ひねくれ司書の未解決事件録,Manga,2187,6.82,2011,https://cdn.myanimelist.net/images/manga/1/158521l.jpg
696,Hisho to Shachou no Himitsugoto,,秘書と社長のひみつごと,Manga,1315,6.82,2011,https://cdn.myanimelist.net/images/manga/1/97419l.jpg
696,Houyou Jikken,,抱擁実験,Manga,1978,6.82,2011,https://cdn.myanimelist.net/images/manga/4/103379l.jpg
696,"Ikebukuro-hatsu, Zensekai-yuki!",,池袋発、全セカイ行き!,Manga,3484,6.82,2011,https://cdn.myanimelist.net/images/manga/3/188900l.jpg
696,Inwai Akajuutan,,淫Y赤絨毯,Manga,360,6.82,2011,https://cdn.myanimelist.net/images/manga/2/273089l.jpg
696,Koguresou Monogatari,,木暮荘物語,Manga,1450,6.82,2011,https://cdn.myanimelist.net/images/manga/3/58813l.jpg
696,Love Me Baby,,ラブ・ミー・ベイベー,Manga,1377,6.82,2011,https://cdn.myanimelist.net/images/manga/1/80437l.jpg
696,Maid x4,,メイド×4,Manga,483,6.82,2011,https://cdn.myanimelist.net/images/manga/3/116983l.jpg
696,Ouji ka Prince,,皇子かプリンス,Manga,2824,6.82,2011,https://cdn.myanimelist.net/images/manga/1/172899l.jpg
696,Perfect Kareshi,Perfect Boyfriend,パーフェクト彼氏,Manga,1490,6.82,2011,https://cdn.myanimelist.net/images/manga/3/156700l.jpg
696,Sayonara Chocolate,,さよならチョコレート,Manga,337,6.82,2011,https://cdn.myanimelist.net/images/manga/4/262242l.jpg
710,Hatsujou♥Kareshi,Boyfriend in Heat,発情♥カレシ,Manga,3916,6.81,2011,https://cdn.myanimelist.net/images/manga/2/65899l.jpg
710,Ikezu Kareshi no Otoshikata,,イケズ彼氏の堕とし方,Manga,2807,6.81,2011,https://cdn.myanimelist.net/images/manga/1/96701l.jpg
710,Kanojo to Camera to Kanojo no Kisetsu,"She, Her Camera, and Her Seasons",彼女とカメラと彼女の季節,Manga,2004,6.81,2011,https://cdn.myanimelist.net/images/manga/1/106569l.jpg
710,Kingdom Hearts Re:coded,Kingdom Hearts Re:coded,キングダム ハーツ Re:コーデッド,Light Novel,1102,6.81,2011,https://cdn.myanimelist.net/images/manga/2/158379l.jpg
710,Kitakubu Katsudou Kiroku,,帰宅部活動記録,Manga,1168,6.81,2011,https://cdn.myanimelist.net/images/manga/2/67425l.jpg
710,Lespedeza,,レスペデーザ,One-shot,484,6.81,2011,https://cdn.myanimelist.net/images/manga/1/48973l.jpg
710,Maihime,,妹秘め,Manga,702,6.81,2011,https://cdn.myanimelist.net/images/manga/2/95011l.jpg
710,Midare Hajimeta Karada,,ミダレはじめたカラダ,Manga,683,6.81,2011,https://cdn.myanimelist.net/images/manga/1/102555l.jpg
710,Mune ga Kowaresou,,胸がこわれそう,Manga,577,6.81,2011,https://cdn.myanimelist.net/images/manga/1/181203l.jpg
710,Shiro Yuri: Girls Love Paradise,,白百合―Girls Love Paradise―,Manga,564,6.81,2011,https://cdn.myanimelist.net/images/manga/3/70785l.jpg
710,Sore ga Seiyuu!,Seiyu's Life!,それが声優！,Manga,924,6.81,2011,https://cdn.myanimelist.net/images/manga/1/161526l.jpg
710,Yokujou Bazooka,,欲情バズーカ,Manga,760,6.81,2011,https://cdn.myanimelist.net/images/manga/3/92763l.jpg
710,Zenryoku Otome,,全力乙女,Manga,1046,6.81,2011,https://cdn.myanimelist.net/images/manga/3/102029l.jpg
723,Awajima Hyakkei,Scenes from Awajima,淡島百景,Manga,1488,6.8,2011,https://cdn.myanimelist.net/images/manga/1/154640l.jpg
723,Black Coffee,,ブラックコーヒー,One-shot,2571,6.8,2011,https://cdn.myanimelist.net/images/manga/1/51469l.jpg
723,Chiccha na Onaka,,ちっちゃなおなか,Manga,1013,6.8,2011,https://cdn.myanimelist.net/images/manga/2/110179l.jpg
723,Crown Craze,,クラウン・クレイズ,Manga,1973,6.8,2011,https://cdn.myanimelist.net/images/manga/1/59029l.jpg
723,"Girls Love: Houkago, Ecchi na Yoshuu Fukushuu.",,Girls Love -放課後、えっちな予習復習。-,Manga,1075,6.8,2011,https://cdn.myanimelist.net/images/manga/1/44611l.jpg
723,Nibiiro no Hana,Flower of the dull color,鈍色の花,Manga,1399,6.8,2011,https://cdn.myanimelist.net/images/manga/1/168577l.jpg
723,Nyupuzuma!!: Mesuana Kaihatsu Club,,にゅぷ妻！！ ～牝穴開発倶楽部～,Manga,469,6.8,2011,https://cdn.myanimelist.net/images/manga/2/101891l.jpg
723,Rozen Maiden: Dolls Talk,,ローゼンメイデン dolls talk,Manga,980,6.8,2011,https://cdn.myanimelist.net/images/manga/2/119911l.jpg
723,Spicy & Sugary,,spicy & sugary,Manga,1219,6.8,2011,https://cdn.myanimelist.net/images/manga/1/166009l.jpg
723,Tadashi Nijigen ni Kagiru,,ただし二次元に限る,Manga,699,6.8,2011,https://cdn.myanimelist.net/images/manga/1/64287l.jpg
723,Yuri Danshi,,百合男子,Manga,1366,6.8,2011,https://cdn.myanimelist.net/images/manga/3/128981l.jpg
734,Amai Wana de Torokasete,,甘い罠で蕩かせて,Light Novel,521,6.79,2011,https://cdn.myanimelist.net/images/manga/2/137935l.jpg
734,Another Sky,,アナザースカイ,Manga,817,6.79,2011,https://cdn.myanimelist.net/images/manga/2/67391l.jpg
734,Another. Deadman Wonderland,,あなざー。デッドマン・ワンダーランド,Manga,1844,6.79,2011,https://cdn.myanimelist.net/images/manga/1/193599l.jpg
734,Ashigami,,アシガミ,Manga,797,6.79,2011,https://cdn.myanimelist.net/images/manga/3/92797l.jpg
734,Bakudan! - Bakumatsu Danshi,,ばくだん!～幕末男子～,Manga,849,6.79,2011,https://cdn.myanimelist.net/images/manga/3/73149l.jpg
734,Buyuden,,武勇伝,Manga,8217,6.79,2011,https://cdn.myanimelist.net/images/manga/5/59033l.jpg
734,City of Dead Sorcerers,,죽은 마법사의 도시,Manhwa,1064,6.79,2011,https://cdn.myanimelist.net/images/manga/3/264618l.jpg
734,Evil Eater,,EVIL EATER イーヴィル・イーター,Manga,921,6.79,2011,https://cdn.myanimelist.net/images/manga/3/115885l.jpg
734,Futari no Distance,,ふたりのディスタンス,One-shot,428,6.79,2011,https://cdn.myanimelist.net/images/manga/3/69203l.jpg
734,Haru Polish,,ハルポリッシュ,Manga,1030,6.79,2011,https://cdn.myanimelist.net/images/manga/2/188795l.jpg
734,Hiru,,ヒル,Manga,1100,6.79,2011,https://cdn.myanimelist.net/images/manga/2/157361l.jpg
734,Katakoi Densha,,片恋電車,Manga,6361,6.79,2011,https://cdn.myanimelist.net/images/manga/3/126101l.jpg
734,Kiwamero!! Pokémon BW,,究めろ！！ポケモンB・W,Manga,921,6.79,2011,https://cdn.myanimelist.net/images/manga/2/135973l.jpg
734,Lost Mouse Girl,,ロストマウズガール,One-shot,209,6.79,2011,https://cdn.myanimelist.net/images/manga/1/70753l.jpg
734,Mou Tamago wa Korosanai,,もう卵は殺さない,Manga,528,6.79,2011,https://cdn.myanimelist.net/images/manga/2/71621l.jpg
734,My Mai Secret,,my妹しーくれっと,Manga,505,6.79,2011,https://cdn.myanimelist.net/images/manga/2/115823l.jpg
734,"Rock it, GiRL!!",,"ロケット☆ガール -Rock it,GiRL!!-",Manga,3855,6.79,2011,https://cdn.myanimelist.net/images/manga/2/125675l.jpg
734,Senpai to Issho,,先輩といっしょ,Manga,701,6.79,2011,https://cdn.myanimelist.net/images/manga/2/136409l.jpg
734,Steps,,steps [ステップス],Manga,1462,6.79,2011,https://cdn.myanimelist.net/images/manga/3/145045l.jpg
734,"Trans ""B"" Maid x Asa Onna to Futanari Ojousama",,"トランス""B""メイド×朝女とふたなりお嬢様",Manga,372,6.79,2011,https://cdn.myanimelist.net/images/manga/3/200774l.jpg
754,Akai Sato no Tengu,,朱い里の天狗,One-shot,1000,6.78,2011,https://cdn.myanimelist.net/images/manga/1/65335l.jpg
754,Akuma wa Sasayaku,,悪魔は囁く,One-shot,5038,6.78,2011,https://cdn.myanimelist.net/images/manga/1/112827l.jpg
754,Devil Survivor 2: Show Your Free Will,,DEVIL SURVIVOR 2 -Show Your Free Will-,Manga,2516,6.78,2011,https://cdn.myanimelist.net/images/manga/1/186832l.jpg
754,Doutei Senka,,童貞専科,Manga,709,6.78,2011,https://cdn.myanimelist.net/images/manga/1/92705l.jpg
754,Egoistic Blue,Egoistic Blue,エゴイスティック・ブルー,Manga,723,6.78,2011,https://cdn.myanimelist.net/images/manga/3/171494l.jpg
754,Ever 17,,Ever17 エバーセブンティーン,Manga,870,6.78,2011,https://cdn.myanimelist.net/images/manga/2/117895l.jpg
754,Hame Pero,Lickety-Slit,はめぺろ,Manga,655,6.78,2011,https://cdn.myanimelist.net/images/manga/2/97095l.jpg
754,Jisshoku! Akuma no Mi!!,,実食! 悪魔の実!!,One-shot,7293,6.78,2011,https://cdn.myanimelist.net/images/manga/2/40484l.jpg
754,Junai Immoral,The Immorality of pure love,純愛インモラル,Manga,461,6.78,2011,https://cdn.myanimelist.net/images/manga/2/199224l.jpg
754,Kaname étoile,,かなめエトワール,Manga,1056,6.78,2011,https://cdn.myanimelist.net/images/manga/2/62407l.jpg
754,Koi Shitemasen!,,恋してません!,Manga,783,6.78,2011,https://cdn.myanimelist.net/images/manga/3/89599l.jpg
754,Koisuru Futari no Taion,,恋する二人の体温,Manga,2658,6.78,2011,https://cdn.myanimelist.net/images/manga/3/150297l.jpg
754,"Kyou, Curry!",,今日、カレー！,Manga,959,6.78,2011,https://cdn.myanimelist.net/images/manga/3/67767l.jpg
754,Ni no Maeshii no Tsukaikata,,二ノ前しいの使い方,Manga,764,6.78,2011,https://cdn.myanimelist.net/images/manga/3/71735l.jpg
754,Ore no Hahaoya,,俺の母親,Manga,955,6.78,2011,https://cdn.myanimelist.net/images/manga/3/84699l.jpg
754,Rinne no Lagrange: Akatsuki no Memoria,,輪廻のラグランジェ～暁月のメモリア～,Manga,771,6.78,2011,https://cdn.myanimelist.net/images/manga/1/166594l.jpg
754,Risou no Koibito,Ideal Lover,理想の恋人,Manga,1090,6.78,2011,https://cdn.myanimelist.net/images/manga/5/347801l.jpg
754,Shitasaki no Netsu,Warmth of the Tip of the Tounge,舌先の熱,One-shot,624,6.78,2011,https://cdn.myanimelist.net/images/manga/2/60381l.jpg
772,Aneki tte Rifujin da!?,,姉貴って理不尽だ!?,Manga,493,6.77,2011,https://cdn.myanimelist.net/images/manga/2/321444l.jpg
772,Bleach 4-koma: Komaburi,,BLEACH4コマ コマブリ,Manga,2177,6.77,2011,https://cdn.myanimelist.net/images/manga/2/85903l.jpg
772,Bokura no Polaris,,僕らのポラリス,Manga,1100,6.77,2011,https://cdn.myanimelist.net/images/manga/3/82450l.jpg
772,Inu to no Hibi,,犬との日々,Manga,1096,6.77,2011,https://cdn.myanimelist.net/images/manga/3/91145l.jpg
772,Kawaii Anata ni Amai Wana,,可愛いアナタに甘い罠,Manga,525,6.77,2011,https://cdn.myanimelist.net/images/manga/1/65875l.jpg
772,Momo Sora,,ももそら,Manga,1103,6.77,2011,https://cdn.myanimelist.net/images/manga/1/136229l.jpg
772,Oniichan dakedo Ai sae Areba Kankeinai yo ne!,,お兄ちゃんだけど愛さえあれば関係ないよねっ,Manga,4900,6.77,2011,https://cdn.myanimelist.net/images/manga/1/144563l.jpg
772,Ore to Ichino no Game Doukoukai Katsudou Nisshi,,おれと一乃のゲーム同好会活動日誌,Manga,1962,6.77,2011,https://cdn.myanimelist.net/images/manga/3/158021l.jpg
772,Oshiete Sensei♡,,教えてセンセイっ♡,Manga,523,6.77,2011,https://cdn.myanimelist.net/images/manga/2/119319l.jpg
772,Senran Kagura: Guren no Uroboros,,閃乱カグラ -紅蓮の蛇-,Manga,1747,6.77,2011,https://cdn.myanimelist.net/images/manga/1/75647l.jpg
772,Soto no Kuni no Yome,,そとの国のヨメ,Manga,429,6.77,2011,https://cdn.myanimelist.net/images/manga/3/87147l.jpg
783,A Bittersweet Life,,달콤한 인생,Manhwa,635,6.76,2011,https://cdn.myanimelist.net/images/manga/3/148197l.jpg
783,Arcana Famiglia: Amore Mangiare Cantare!,,アルカナ・ファミリア Amore Mangiare Cantare!,Manga,3740,6.76,2011,https://cdn.myanimelist.net/images/manga/1/81392l.jpg
783,Chichi Bitch,,ちちびっち,Manga,483,6.76,2011,https://cdn.myanimelist.net/images/manga/3/122905l.jpg
783,Hungry Joker,,HUNGRY JOKER [ハングリージョーカー],One-shot,3502,6.76,2011,https://cdn.myanimelist.net/images/manga/1/57321l.jpg
783,Nikutai Communication,Carnal Communication,肉体コミュニケーション,Manga,602,6.76,2011,https://cdn.myanimelist.net/images/manga/1/129411l.jpg
783,Propose no Okite,,プロポーズのオキテ,Manga,2746,6.76,2011,https://cdn.myanimelist.net/images/manga/1/83949l.jpg
783,Psychometrer,,サイコメトラー,Manga,849,6.76,2011,https://cdn.myanimelist.net/images/manga/1/145069l.jpg
783,Sister⇔Sister,,シスター⇔シスター,Manga,787,6.76,2011,https://cdn.myanimelist.net/images/manga/1/192157l.jpg
783,Sono Te wa Atatakai,,その手はあたたかい,One-shot,1320,6.76,2011,https://cdn.myanimelist.net/images/manga/3/42966l.jpg
783,Yuki ni Tsubasa,,雪にツバサ,Manga,2397,6.76,2011,https://cdn.myanimelist.net/images/manga/1/151003l.jpg
783,raven;od,,レイヴン;オーディ,Manga,1624,6.76,2011,https://cdn.myanimelist.net/images/manga/3/59559l.jpg
794,3 Hearts,,スリーハーツ,One-shot,3291,6.75,2011,https://cdn.myanimelist.net/images/manga/5/116631l.jpg
794,Adeyaka Prince,,艶やかプリンス,Manga,1515,6.75,2011,https://cdn.myanimelist.net/images/manga/3/39999l.jpg
794,Ani Omou Yue ni Imouto Ari,,兄想う故に妹あり,Manga,439,6.75,2011,https://cdn.myanimelist.net/images/manga/2/87723l.jpg
794,Classmate (♀) to Meikyuu no Futekisetsu na Kouryakuhou,,クラスメイト（♀）と迷宮の不適切な攻略法,Manga,3711,6.75,2011,https://cdn.myanimelist.net/images/manga/1/94727l.jpg
794,"Galge no Sekai yo, Youkoso!",,ギャルゲヱの世界よ、ようこそ!,Manga,2572,6.75,2011,https://cdn.myanimelist.net/images/manga/3/62731l.jpg
794,Gekka Bijin,A Queen of the Night,ゲッカビジン,Manga,503,6.75,2011,https://cdn.myanimelist.net/images/manga/2/154892l.jpg
794,Honey*Smile,Honey*Smile,Honey*Smile,Manga,296,6.75,2011,https://cdn.myanimelist.net/images/manga/2/82108l.jpg
794,Houkago Himitsu no Hokenshitsu,,放課後・秘密の保健室,Manga,355,6.75,2011,https://cdn.myanimelist.net/images/manga/1/84415l.jpg
794,Imouto Netsuai Ryouiki,,義妹熱愛領域,Manga,369,6.75,2011,https://cdn.myanimelist.net/images/manga/3/71539l.jpg
794,Kyokou no Ou,,虚構の王,Manga,1559,6.75,2011,https://cdn.myanimelist.net/images/manga/5/60685l.jpg
794,Loveless Labyrinth,,Loveless Labyrinth 【ラブレスラビリンス】,Manga,529,6.75,2011,https://cdn.myanimelist.net/images/manga/3/108701l.jpg
794,Perowan!: Hayakushinasai! Goshujinsama♪,,ぺろわん！－早くシなさい！ご主人さま♪－,Manga,6779,6.75,2011,https://cdn.myanimelist.net/images/manga/3/86149l.jpg
794,Young Bad Education,Young Bad Education,YOUNG BAD EDUCATION,Manga,1491,6.75,2011,https://cdn.myanimelist.net/images/manga/3/279146l.jpg
807,Imouto ga Dekimashita.,,妹ができました。,Manga,1391,6.74,2011,https://cdn.myanimelist.net/images/manga/1/165027l.jpg
807,Interval Zero,Interval Zero,インターバル・ゼロ,Manga,3635,6.74,2011,https://cdn.myanimelist.net/images/manga/3/281192l.jpg
807,Kisei Kanojo Sana,Parasite Girl Sana,寄生彼女サナ,Light Novel,883,6.74,2011,https://cdn.myanimelist.net/images/manga/1/163862l.jpg
807,"Kurai Mori, Shiroi Michi",,くらいもり、しろいみち,Manga,1130,6.74,2011,https://cdn.myanimelist.net/images/manga/3/152296l.jpg
807,Melty Blood X,,メルティブラッド X,Manga,3545,6.74,2011,https://cdn.myanimelist.net/images/manga/3/281602l.jpg
807,Otome Zukushi,,堕女ヅクシ,Manga,604,6.74,2011,https://cdn.myanimelist.net/images/manga/1/93523l.jpg
807,Ousama to Fushigi no Shiro,,王様とふしぎの城,Manga,1505,6.74,2011,https://cdn.myanimelist.net/images/manga/3/171550l.jpg
807,Rennyuu Order,,恋乳オーダー,Manga,699,6.74,2011,https://cdn.myanimelist.net/images/manga/1/129413l.jpg
807,Seigi no Mikata!,,正義のミカタ！,Manga,754,6.74,2011,https://cdn.myanimelist.net/images/manga/3/172881l.jpg
807,Twin Cake,,ツインケイク,Manga,1150,6.74,2011,https://cdn.myanimelist.net/images/manga/1/61651l.jpg
807,Water Cube,,water cube,Manga,690,6.74,2011,https://cdn.myanimelist.net/images/manga/3/57997l.jpg
818,Blood-C: Izayoi Kitan,Blood-C: Demonic Moonlight,Blood-C 十六夜鬼譚,Manga,1597,6.73,2011,https://cdn.myanimelist.net/images/manga/3/169859l.jpg
818,"Douzo, Meshiagare",,どうぞ、召し上がれ,Manga,430,6.73,2011,https://cdn.myanimelist.net/images/manga/1/84027l.jpg
818,Fuuzokugurui desu ga Toshishita Danshi ni Kokuraremashita,,風俗狂いですが年下男子に告られました,Manga,2581,6.73,2011,https://cdn.myanimelist.net/images/manga/3/157242l.jpg
818,Manga no You na Hitozuma to no Hibi,,漫画のような人妻との日々,Manga,494,6.73,2011,https://cdn.myanimelist.net/images/manga/3/130647l.jpg
818,Omae de Nakya Dame Mitai,If It's Not You.,お前でなきゃダメみたい,Manga,2757,6.73,2011,https://cdn.myanimelist.net/images/manga/3/288904l.jpg
823,Café Velomano,,카페 벨로마노,Manhwa,553,6.72,2011,https://cdn.myanimelist.net/images/manga/5/102051l.jpg
823,Houkago Play R,,放課後プレイR,Manga,830,6.72,2011,https://cdn.myanimelist.net/images/manga/3/118891l.jpg
823,Koutetsu Kishi Chevalion,Fullmetal Knights Chevalion,鋼鉄奇士シュヴァリオン,Manga,674,6.72,2011,https://cdn.myanimelist.net/images/manga/2/161677l.jpg
823,Satsuki no Sora,,サツキノソラ,One-shot,696,6.72,2011,https://cdn.myanimelist.net/images/manga/2/66451l.jpg
823,"Suki, Kirai... demo Suki",,スキ、キライ…でも好き。,Manga,830,6.72,2011,https://cdn.myanimelist.net/images/manga/1/105177l.jpg
823,Totsukitooka,,とつきとおか,Manga,843,6.72,2011,https://cdn.myanimelist.net/images/manga/1/193912l.jpg
829,Amakuchi Virgin,,あまくちバージン,Manga,803,6.71,2011,https://cdn.myanimelist.net/images/manga/2/127133l.jpg
829,Ana no Oku no Ii Tokoro,The good spot in the back of a hole,穴の奥のいい秘部〈ところ〉,Manga,813,6.71,2011,https://cdn.myanimelist.net/images/manga/1/120849l.jpg
829,Black Jack: Aoki Mirai,,ブラック・ジャック～青き未来～,Manga,825,6.71,2011,https://cdn.myanimelist.net/images/manga/1/152336l.jpg
829,Chikatetsu no Inu dj - Inu no Chikatetsu,,犬の地下鉄,Doujinshi,357,6.71,2011,https://cdn.myanimelist.net/images/manga/2/65185l.jpg
829,Futari no Tokubetsu Jugyou,,ふたりの特別授業,Manga,408,6.71,2011,https://cdn.myanimelist.net/images/manga/1/174152l.jpg
829,Ijimerarekko,,いじめられっ娘,Manga,793,6.71,2011,https://cdn.myanimelist.net/images/manga/1/89673l.jpg
829,Kitto Koi ni Chigainai,,きっと恋に違いない,Manga,394,6.71,2011,https://cdn.myanimelist.net/images/manga/2/120243l.jpg
829,Mahou Shoujo Oriko★Magica,Puella Magi Oriko★Magica,魔法少女おりこ★マギカ,Manga,8851,6.71,2011,https://cdn.myanimelist.net/images/manga/3/334685l.jpg
829,Monzetsu Kei!,,もんぜつ系！,Manga,485,6.71,2011,https://cdn.myanimelist.net/images/manga/3/69573l.jpg
829,Morning View,,morning view,Manga,363,6.71,2011,https://cdn.myanimelist.net/images/manga/2/179779l.jpg
829,Musunde Hiraite♥: Another Story,,むすんでひらいて♥ Another Story,One-shot,829,6.71,2011,https://cdn.myanimelist.net/images/manga/3/54175l.jpg
829,Nijiiro Secret,Rainbow Secret,にじいろシークレット,Manga,803,6.71,2011,https://cdn.myanimelist.net/images/manga/3/151287l.jpg
829,Oouso Swing,,大嘘スウィング,Manga,1910,6.71,2011,https://cdn.myanimelist.net/images/manga/1/109531l.jpg
829,Seven Sisters,,セブンシスターズ,Manga,1903,6.71,2011,https://cdn.myanimelist.net/images/manga/2/188874l.jpg
843,100-man Volt no Kanojo,One Million Volts Girl,100万ボルトの彼女,Manga,476,6.7,2011,https://cdn.myanimelist.net/images/manga/2/155816l.jpg
843,7 Seeds Bangai-hen: Memories - Sorezore no Natsu,,7SEEDS番外編 Memories それぞれの夏,One-shot,919,6.7,2011,https://cdn.myanimelist.net/images/manga/1/109705l.jpg
843,Aishiteru tte Ittemo Ii yo,,愛してるって言ってもいいよ,Manga,1306,6.7,2011,https://cdn.myanimelist.net/images/manga/1/40000l.jpg
843,Charon Siphon,,カロン サイフォン,Manga,1089,6.7,2011,https://cdn.myanimelist.net/images/manga/1/78061l.jpg
843,Cross You,,くろす ゆ~,One-shot,262,6.7,2011,https://cdn.myanimelist.net/images/manga/1/93063l.jpg
843,Dragon Collection: Ryuu wo Suberumono,,ドラゴンコレクション 竜を統べるもの,Manga,1037,6.7,2011,https://cdn.myanimelist.net/images/manga/2/84225l.jpg
843,Junmusu,,じゅんむす,Manga,371,6.7,2011,https://cdn.myanimelist.net/images/manga/1/183089l.jpg
843,Kamen Catharsis,,仮面カタルシス,One-shot,599,6.7,2011,https://cdn.myanimelist.net/images/manga/2/67003l.jpg
843,Koukou Kyoushi,Teacher's Secret Love,高校教師,Manga,457,6.7,2011,https://cdn.myanimelist.net/images/manga/4/303277l.jpg
843,Pensaki ni Syrup,,ペン先にシロップ,Manga,1156,6.7,2011,https://cdn.myanimelist.net/images/manga/2/148307l.jpg
843,Satsuki Complex,,さつきコンプレックス,Manga,706,6.7,2011,https://cdn.myanimelist.net/images/manga/1/124805l.jpg
843,Senran Kagura: Shoujo-tachi no Shinei,Senran Kagura: Skirting Shadows,閃乱カグラ 少女達の真影,Manga,3227,6.7,2011,https://cdn.myanimelist.net/images/manga/2/86251l.jpg
843,"Shounen, Hitozuma wo Kau",,少年、人妻を買う,One-shot,351,6.7,2011,https://cdn.myanimelist.net/images/manga/2/132265l.jpg
843,Take Out Honey,,テイクアウトハニー,Manga,639,6.7,2011,https://cdn.myanimelist.net/images/manga/2/146049l.jpg
843,The Strings Dolls,,the Strings Dolls,Manga,1683,6.7,2011,https://cdn.myanimelist.net/images/manga/3/65627l.jpg
843,Touch Me,,Touch Me,Doujinshi,1438,6.7,2011,https://cdn.myanimelist.net/images/manga/3/115827l.jpg
859,Crimezone,,CRIMEZONE -クリム・ゾン-,Manga,5010,6.69,2011,https://cdn.myanimelist.net/images/manga/2/188882l.jpg
859,Haiyore! Nyaruko-san,,這いよれ！ニャル子さん,Manga,1686,6.69,2011,https://cdn.myanimelist.net/images/manga/3/271687l.jpg
859,"Hime to Knight to, Tonari no Watashi.","A princess and a knight, and me just watching them.",姫とナイトと、となりの私。,Manga,2290,6.69,2011,https://cdn.myanimelist.net/images/manga/1/147021l.jpg
859,Kamitoki no Resist,,神解きのレジスト,Manga,1080,6.69,2011,https://cdn.myanimelist.net/images/manga/2/65243l.jpg
859,Love & Peach,,LOVE&PEACH,Manga,353,6.69,2011,https://cdn.myanimelist.net/images/manga/3/135707l.jpg
859,"Mata, Koko kara!!",,また、ここから!!,Manga,415,6.69,2011,https://cdn.myanimelist.net/images/manga/2/135635l.jpg
859,Minna Hatsujouki!,,みんな発情期！,Manga,563,6.69,2011,https://cdn.myanimelist.net/images/manga/1/193321l.jpg
859,Seiteki Jikan,,性的時間,Manga,403,6.69,2011,https://cdn.myanimelist.net/images/manga/1/95347l.jpg
859,Tabegoro Bambina,,たべごろバンビーナ,Manga,481,6.69,2011,https://cdn.myanimelist.net/images/manga/2/146279l.jpg
859,Tomodachi no Mama ja Iya Dakara,,友達のままじゃ嫌だから,Manga,382,6.69,2011,https://cdn.myanimelist.net/images/manga/2/322777l.jpg
859,"Uwasa no Okusan, do Hentai: Hitozuma Hitozuma Kyouko to Shimasen ka?",,噂の奥さん、ド変態！ ～人妻・響子とシませんか？～,Manga,462,6.69,2011,https://cdn.myanimelist.net/images/manga/2/92829l.jpg
859,Yaritai Sakari,,ヤリたい発情〈さか〉り,Manga,476,6.69,2011,https://cdn.myanimelist.net/images/manga/1/138847l.jpg
871,Ato ni mo Saki ni mo Kimi dake,,後にも先にもキミだけ,Manga,1456,6.68,2011,https://cdn.myanimelist.net/images/manga/2/72061l.jpg
871,Barcode Geass: Hanbai no Lelouch,,バーコードギアス 販売のルルーシュ,Manga,1614,6.68,2011,https://cdn.myanimelist.net/images/manga/1/74119l.jpg
871,God Eater: The Summer Wars,,GOD EATER the summer wars -ゴッドイーター ザ サマーウォーズ-,Manga,1793,6.68,2011,https://cdn.myanimelist.net/images/manga/2/117387l.jpg
871,Hachimitsu Ouji wa Shitsuji ni Madou,,蜂蜜王子は執事に惑う,Manga,827,6.68,2011,https://cdn.myanimelist.net/images/manga/3/86235l.jpg
871,Kouya no Koi,,荒野の恋,Manga,1149,6.68,2011,https://cdn.myanimelist.net/images/manga/2/72341l.jpg
871,Saitou-kun wa Esper Rashii,,サイトーくんは超能力者(エスパー)らしい,Manga,6821,6.68,2011,https://cdn.myanimelist.net/images/manga/1/115061l.jpg
871,Seifuku!,,せいふく!,Manga,1817,6.68,2011,https://cdn.myanimelist.net/images/manga/1/180141l.jpg
871,Shoujotachi no Kaidan,,少女達の怪談,Manga,1152,6.68,2011,https://cdn.myanimelist.net/images/manga/2/73527l.jpg
871,Suki Dakara Ijitte Hoshikunai,,好きだから弄ってほしくない,Manga,1498,6.68,2011,https://cdn.myanimelist.net/images/manga/1/145439l.jpg
871,Takamagahara,,タカマガハラ,One-shot,502,6.68,2011,https://cdn.myanimelist.net/images/manga/3/62713l.jpg
871,Zutto Issho ni Kurashimashou,,ずっと一緒に暮らしましょう,Manga,1182,6.68,2011,https://cdn.myanimelist.net/images/manga/2/170041l.jpg
882,Judar no Oukan,Throne of Judar,ジュダールの王冠,Manga,794,6.67,2011,https://cdn.myanimelist.net/images/manga/4/73901l.jpg
882,Nami Iro,,なみいろ,Manga,1508,6.67,2011,https://cdn.myanimelist.net/images/manga/5/67603l.jpg
882,Niini no Mori,Forest of Niini,ニィーニの森,Manga,327,6.67,2011,https://cdn.myanimelist.net/images/manga/2/175508l.jpg
882,Sexfriend no Pride,S Friends,セフレの品格―プライド―,Manga,690,6.67,2011,https://cdn.myanimelist.net/images/manga/3/165507l.jpg
882,Sirius to Mayu,,シリウスと繭,Manga,504,6.67,2011,https://cdn.myanimelist.net/images/manga/3/225428l.jpg
882,Stroboscope,,ストロボスコープ,Manga,952,6.67,2011,https://cdn.myanimelist.net/images/manga/1/164519l.jpg
882,The iDOLM@STER 2 Nemuri Hime,,THE iDOLM@STER 2 眠り姫,Manga,431,6.67,2011,https://cdn.myanimelist.net/images/manga/5/71461l.jpg
882,Tsumari wa Kimi ga Itoshii no desu,"After all, I love you.",つまりは君が愛しいのです,Manga,451,6.67,2011,https://cdn.myanimelist.net/images/manga/1/170472l.jpg
890,Ano Ko to Apa♥Man,,あの娘とアパ♥マン,Manga,447,6.66,2011,https://cdn.myanimelist.net/images/manga/4/87045l.jpg
890,Boku no Suki na Otoko no Ko,,ぼくの好きなオトコの娘,One-shot,1307,6.66,2011,https://cdn.myanimelist.net/images/manga/1/46189l.jpg
890,Chouritsu Soukou Zyklus;Code,,調律葬交Zyklus;CODE,Manga,1585,6.66,2011,https://cdn.myanimelist.net/images/manga/2/156422l.jpg
890,Come with Me,,かむういずみい,One-shot,416,6.66,2011,https://cdn.myanimelist.net/images/manga/1/69163l.jpg
890,Eclipse,Eclipse,イクリプス,Manga,547,6.66,2011,https://cdn.myanimelist.net/images/manga/1/106951l.jpg
890,Fragment,,,One-shot,329,6.66,2011,https://cdn.myanimelist.net/images/manga/3/48697l.jpg
890,Gakuen Heaven: Revolution,,学園ヘヴン レボリューション,Manga,646,6.66,2011,https://cdn.myanimelist.net/images/manga/2/43877l.jpg
890,Inazuma Eleven: Baku Gaidenshuu,,イナズマイレブン 爆外伝集,Manga,410,6.66,2011,https://cdn.myanimelist.net/images/manga/1/107561l.jpg
890,Konna Hatsukoi,,こんな初恋,Manga,727,6.66,2011,https://cdn.myanimelist.net/images/manga/1/84659l.jpg
890,Kuuchuu Teien no Hitobito: Toume Kei Sakuhinshuu,,冬目景作品集 空中庭園の人々,Manga,321,6.66,2011,https://cdn.myanimelist.net/images/manga/3/221421l.jpg
890,Mashiro-iro Symphony: Twinkle Moon,,ましろ色シンフォニー ‐Ｔｗｉｎｋｌｅ ｍｏｏｎ‐,Manga,544,6.66,2011,https://cdn.myanimelist.net/images/manga/1/83877l.jpg
890,Monokage no Iris,,ものかげのイリス,Manga,892,6.66,2011,https://cdn.myanimelist.net/images/manga/3/75831l.jpg
890,Ouji wa Tadaima Dekasegichuu,,王子はただいま出稼ぎ中,Manga,593,6.66,2011,https://cdn.myanimelist.net/images/manga/1/176613l.jpg
890,Pocket Monsters RéBURST,,ポケットモンスターRéBURST,Manga,1985,6.66,2011,https://cdn.myanimelist.net/images/manga/3/63023l.jpg
890,Pretty Babies,,,Manga,823,6.66,2011,https://cdn.myanimelist.net/images/manga/2/78775l.jpg
890,Puri★Puri,,プリ★プリ －プリン☆プリンス－,One-shot,612,6.66,2011,https://cdn.myanimelist.net/images/manga/2/87973l.jpg
890,Seishun Girigiri Outline,,青春ギリギリアウトライン,Manga,880,6.66,2011,https://cdn.myanimelist.net/images/manga/2/212407l.jpg
890,Terra Formars 1,,テラフォーマーズ1,One-shot,387,6.66,2011,https://cdn.myanimelist.net/images/manga/1/217601l.jpg
908,Beautiful Days,,ビューティフル デイズ,Manga,1840,6.65,2011,https://cdn.myanimelist.net/images/manga/1/72109l.jpg
908,Daremo Shiranai 29-nichi,,誰も知らない29日,One-shot,241,6.65,2011,https://cdn.myanimelist.net/images/manga/3/166331l.jpg
908,Doreizuma,Slave Wife,奴隷妻,Manga,747,6.65,2011,https://cdn.myanimelist.net/images/manga/1/97961l.jpg
908,Dr. Psyche,Dr. Psyche,Dr.サイケ,One-shot,871,6.65,2011,https://cdn.myanimelist.net/images/manga/2/59527l.jpg
908,Futanari Ojousama Zettai Shijou Shugi,,ふたなりお嬢様絶対至上主義,Doujinshi,564,6.65,2011,https://cdn.myanimelist.net/images/manga/3/146159l.jpg
908,Hahaoya Shikkaku: Watashi to Musuko no Mesu Buta Netorare Seikyoiku,,母親失格・私と息子のメス豚寝取られ性教育,Doujinshi,620,6.65,2011,https://cdn.myanimelist.net/images/manga/3/94309l.jpg
908,Hobgoblin: Majo to Futari,,ホブゴブリン 魔女とふたり,Manga,776,6.65,2011,https://cdn.myanimelist.net/images/manga/2/211854l.jpg
908,Illusion Girls,,イリュージョンガールズ,Manga,395,6.65,2011,https://cdn.myanimelist.net/images/manga/1/105741l.jpg
908,Koi wo Oshiete,Practice Husband,恋を教えて,Manga,472,6.65,2011,https://cdn.myanimelist.net/images/manga/2/127195l.jpg
908,Kowarekake no Orgel,,こわれかけのオルゴール,Manga,1164,6.65,2011,https://cdn.myanimelist.net/images/manga/1/194887l.jpg
908,Mashiro-iro Symphony: Wind of Silk,,ましろ色シンフォニー -Wind of silk-,Manga,627,6.65,2011,https://cdn.myanimelist.net/images/manga/1/83875l.jpg
908,Nostalgia,,ノスタルジア,Manga,759,6.65,2011,https://cdn.myanimelist.net/images/manga/1/101693l.jpg
908,Saiaku na Rinjin,The Worst Neighbor,サイアクな隣人,Manga,536,6.65,2011,https://cdn.myanimelist.net/images/manga/2/314444l.jpg
908,Sakikusa no Saku Koro,,さきくさの咲く頃,Manga,473,6.65,2011,https://cdn.myanimelist.net/images/manga/2/133731l.jpg
908,Turning Point☆: Moshi Ore ga 15-nenmae kara Jinsei Yarinaosetara,,た~妊ぐぽいんと☆ -もし俺が15年前から人生犯り直せたら-,Manga,391,6.65,2011,https://cdn.myanimelist.net/images/manga/3/95025l.jpg
908,Wabisabi,,わびさび 平尾アウリ作品集,Manga,551,6.65,2011,https://cdn.myanimelist.net/images/manga/2/198116l.jpg
924,Ai da Koi dano Ittenaide,Stop Quibbling About Love,愛だ恋だのいってないで,Manga,462,6.64,2011,https://cdn.myanimelist.net/images/manga/1/125815l.jpg
924,Akatsuki no Ageha,,朱月のアゲハ,Manga,834,6.64,2011,https://cdn.myanimelist.net/images/manga/2/76665l.jpg
924,Bokkonrinri,,ボッコンリンリ,Manga,777,6.64,2011,https://cdn.myanimelist.net/images/manga/3/114313l.jpg
924,Bokura no Yoake,Break of Dawn,ぼくらのよあけ,Manga,558,6.64,2011,https://cdn.myanimelist.net/images/manga/3/71793l.jpg
924,Furikaette Mite Mireba?,,振り返ってみてみれば?,Manga,236,6.64,2011,https://cdn.myanimelist.net/images/manga/2/127897l.jpg
924,Goku Onna Michi,,極・女道,One-shot,776,6.64,2011,https://cdn.myanimelist.net/images/manga/5/111491l.jpg
924,Gundam EXA,,ガンダムEXA,Manga,542,6.64,2011,https://cdn.myanimelist.net/images/manga/2/94379l.jpg
924,"Hajimete, Koi, shita.",,はじめて、恋、した。,Manga,1475,6.64,2011,https://cdn.myanimelist.net/images/manga/2/151921l.jpg
924,Hamlet,,ハムレット,Manga,419,6.64,2011,https://cdn.myanimelist.net/images/manga/3/138461l.jpg
924,Hatsukoi Switch,The Switch of First Love,初恋スイッチ,Manga,1183,6.64,2011,https://cdn.myanimelist.net/images/manga/1/42676l.jpg
924,Kagefumi Merry,,影踏みメリー,Manga,563,6.64,2011,https://cdn.myanimelist.net/images/manga/1/159669l.jpg
924,Koi x Kagi,,恋×カギ,Manga,509,6.64,2011,https://cdn.myanimelist.net/images/manga/2/165575l.jpg
924,Mou Hasamazu ni wa Irarenai♥,,もう挟まずにはいられない♥,Manga,834,6.64,2011,https://cdn.myanimelist.net/images/manga/1/186387l.jpg
924,Mousou Stampede!,,妄想すたんぴーど！,One-shot,721,6.64,2011,https://cdn.myanimelist.net/images/manga/2/43775l.jpg
924,Nobunagun,,ノブナガン,Manga,1121,6.64,2011,https://cdn.myanimelist.net/images/manga/2/111925l.jpg
924,Noenoto,,ノエノト,One-shot,270,6.64,2011,https://cdn.myanimelist.net/images/manga/2/72163l.jpg
924,Ojousama wa Nigedashita,Escape From Grace,お嬢様は逃げ出した,Manga,4675,6.64,2011,https://cdn.myanimelist.net/images/manga/2/121331l.jpg
924,Sachiusu,,サチウス,Manga,806,6.64,2011,https://cdn.myanimelist.net/images/manga/1/122941l.jpg
924,Shoujo Gensou Necrophilia,Necrophila of Darkside Sister,少女幻葬ネクロフィリア,Manga,2595,6.64,2011,https://cdn.myanimelist.net/images/manga/1/65873l.jpg
924,Supinamarada!,,スピナマラダ!,Manga,1874,6.64,2011,https://cdn.myanimelist.net/images/manga/3/265864l.jpg
944,Akuma de Keiyaku,,アクマで契約,Manga,1328,6.63,2011,https://cdn.myanimelist.net/images/manga/2/64639l.jpg
944,All for You!,,All for you!,Manga,884,6.63,2011,https://cdn.myanimelist.net/images/manga/2/141031l.jpg
944,Iya yo Yamete yo,,いやよやめてよ,Manga,1032,6.63,2011,https://cdn.myanimelist.net/images/manga/3/80931l.jpg
944,KemoMimi Hayaoki Daisakusen,,ケモミミ早起き大作戦,One-shot,329,6.63,2011,https://cdn.myanimelist.net/images/manga/2/52221l.jpg
944,Kokuhakumamire,,告白まみれ,Manga,1178,6.63,2011,https://cdn.myanimelist.net/images/manga/2/136669l.jpg
944,Kyoukai no Shinigami,In the Mirror of Death,鏡界の死神,One-shot,1270,6.63,2011,https://cdn.myanimelist.net/images/manga/2/166020l.jpg
944,Last 10 Millimeters,,ラスト10ミリ,One-shot,649,6.63,2011,https://cdn.myanimelist.net/images/manga/3/70813l.jpg
944,Mesu Saga,,牝性,Manga,613,6.63,2011,https://cdn.myanimelist.net/images/manga/2/97579l.jpg
944,Niichan to!!,,兄ちゃんと!!,Doujinshi,572,6.63,2011,https://cdn.myanimelist.net/images/manga/3/61921l.jpg
944,Shitsuji de Maid na Otoko no Ko,,執事でメイドなおとこのコ,Manga,594,6.63,2011,https://cdn.myanimelist.net/images/manga/2/152345l.jpg
944,Waisetsu Koubi,,猥褻交尾,Manga,351,6.63,2011,https://cdn.myanimelist.net/images/manga/2/94103l.jpg
955,Amanojaku ga Koi wo Shite,,アマノジャクが恋をして,Manga,734,6.62,2011,https://cdn.myanimelist.net/images/manga/1/70059l.jpg
955,Doutei Hitsuji to Abazure Ookami,,童貞ヒツジとあばずれ狼,Manga,2074,6.62,2011,https://cdn.myanimelist.net/images/manga/2/87665l.jpg
955,E,The next generation of Personal Computer,E,Manga,687,6.62,2011,https://cdn.myanimelist.net/images/manga/1/152357l.jpg
955,Euphoria: Another Room,,euphoria ~another room~,Light Novel,1551,6.62,2011,https://cdn.myanimelist.net/images/manga/1/181229l.jpg
955,GM Rimix,,GM Rimix,Doujinshi,370,6.62,2011,https://cdn.myanimelist.net/images/manga/2/60801l.jpg
955,Ghost Writer,,ゴーストライター,Manga,1469,6.62,2011,https://cdn.myanimelist.net/images/manga/3/334539l.jpg
955,Heart Stop,,Heart Stop,Manga,1267,6.62,2011,https://cdn.myanimelist.net/images/manga/1/70133l.jpg
955,Ingi no Hate,,淫戯の果て,Manga,497,6.62,2011,https://cdn.myanimelist.net/images/manga/1/169399l.jpg
955,Kedamono Kareshi!,,ケダモノ彼氏!,Manga,2479,6.62,2011,https://cdn.myanimelist.net/images/manga/2/153023l.jpg
955,Nostalgia,,ノスタルジア,One-shot,244,6.62,2011,https://cdn.myanimelist.net/images/manga/1/84559l.jpg
955,Otome Saku.,,乙女咲く。,Manga,929,6.62,2011,https://cdn.myanimelist.net/images/manga/2/95019l.jpg
955,Subete ga Chottozutsu Yasashii Sekai,,すべてがちょっとずつ優しい世界,Manga,615,6.62,2011,https://cdn.myanimelist.net/images/manga/2/143803l.jpg
955,X-Tai Shinsho,,Ｘ体新書,One-shot,633,6.62,2011,https://cdn.myanimelist.net/images/manga/2/88795l.jpg
968,Akudama,,悪玉,Manga,2536,6.61,2011,https://cdn.myanimelist.net/images/manga/5/103065l.jpg
968,Akuno Himitsu Kessha,,あくの秘密結社,Manga,695,6.61,2011,https://cdn.myanimelist.net/images/manga/3/100587l.jpg
968,Dame BL,,ダメ BL,Manga,2204,6.61,2011,https://cdn.myanimelist.net/images/manga/3/262391l.jpg
968,Dare ni mo Naisho,,誰にもナイショ,One-shot,735,6.61,2011,https://cdn.myanimelist.net/images/manga/3/70803l.jpg
968,Deep Stalker: Sono Kawa de Bishoujo ni Naru,Deep Stalker,Deep Stalker―ソノ皮デ美少女ニナル―,Manga,902,6.61,2011,https://cdn.myanimelist.net/images/manga/2/96925l.jpg
968,Eichhornia,,アイヒホルニア,One-shot,392,6.61,2011,https://cdn.myanimelist.net/images/manga/3/61605l.jpg
968,Ex-Vita,,EX-VITA,Manga,699,6.61,2011,https://cdn.myanimelist.net/images/manga/1/157711l.jpg
968,Hibi no Itonami,,卑美の営み,One-shot,277,6.61,2011,https://cdn.myanimelist.net/images/manga/1/58253l.jpg
968,Ibara no Namida,Tears of Thorn,いばらの泪,Manga,779,6.61,2011,https://cdn.myanimelist.net/images/manga/1/61707l.jpg
968,JC's EX,,JC'S EX,Manga,354,6.61,2011,https://cdn.myanimelist.net/images/manga/1/165216l.jpg
968,Kouryaku Syndrome,,攻略シンドローム,Manga,2386,6.61,2011,https://cdn.myanimelist.net/images/manga/1/116749l.jpg
968,Mahou Sensou,Magical Warfare,魔法戦争,Light Novel,1844,6.61,2011,https://cdn.myanimelist.net/images/manga/3/158061l.jpg
968,Malicious Code,,MaliciousCode マリシャスコード,Manga,2288,6.61,2011,https://cdn.myanimelist.net/images/manga/2/96915l.jpg
968,Off-time no Kemono,,オフタイムの獣,Manga,905,6.61,2011,https://cdn.myanimelist.net/images/manga/3/69929l.jpg
968,Saitei Megami,,最低女神,Manga,462,6.61,2011,https://cdn.myanimelist.net/images/manga/3/145385l.jpg
968,School☆Girls: Love Selection,,スクール☆ガールズ ラブセレクション,Manga,621,6.61,2011,https://cdn.myanimelist.net/images/manga/2/181883l.jpg
968,Shitsuke Ai,,しつけあい,Manga,523,6.61,2011,https://cdn.myanimelist.net/images/manga/1/141749l.jpg
968,Soul Eater NOT!,Soul Eater NOT!,ソウルイーターノット！,Manga,25592,6.61,2011,https://cdn.myanimelist.net/images/manga/3/121393l.jpg
968,Wolf & Mary,,野狼与玛莉,Manhua,601,6.61,2011,https://cdn.myanimelist.net/images/manga/1/99671l.jpg
987,5-ji kara Honban!,,5時から本番！,Manga,596,6.6,2011,https://cdn.myanimelist.net/images/manga/1/106809l.jpg
987,Akari wo Otoshita Ato de,After Turning off a Light,灯を落としたあとで,Manga,1403,6.6,2011,https://cdn.myanimelist.net/images/manga/2/62703l.jpg
987,Body Complex,,ボディコンプレックス,Manga,514,6.6,2011,https://cdn.myanimelist.net/images/manga/1/160391l.jpg
987,Boku no Kawaii Yopparai,Love Drunk,僕の可愛い酔っぱらい,Manga,568,6.6,2011,https://cdn.myanimelist.net/images/manga/3/224672l.jpg
987,Chippai wa Seikou no Moto,,ちっぱいはせいこうのもと,Manga,412,6.6,2011,https://cdn.myanimelist.net/images/manga/1/156762l.jpg
987,Hatsukoi no Kanata,The Far Side of First Love,ハツコイの彼方,Manga,1222,6.6,2011,https://cdn.myanimelist.net/images/manga/3/87673l.jpg
987,Inazuma Eleven Go,,イナズマイレブンGO,Manga,1273,6.6,2011,https://cdn.myanimelist.net/images/manga/3/68243l.jpg
987,Kago no Uchi,,籠のうち,One-shot,1166,6.6,2011,https://cdn.myanimelist.net/images/manga/1/40305l.jpg
987,Kaichou wa Mirareru no ga Osuki,,会長は見られるのがお好き,Manga,475,6.6,2011,https://cdn.myanimelist.net/images/manga/3/119371l.jpg
987,"Kirei de Yarashii Oneesan wa, Suki desu ka?",,綺麗でやらしいお姉さんは、好きですか？,One-shot,330,6.6,2011,https://cdn.myanimelist.net/images/manga/3/128719l.jpg
987,Kyou kara Hajimeru Kuromajutsu,,今日から始める黒魔術,Manga,296,6.6,2011,https://cdn.myanimelist.net/images/manga/3/127123l.jpg
987,Mon Mon Animal Girl,,もんもんアニマルガール,Manga,565,6.6,2011,https://cdn.myanimelist.net/images/manga/1/92703l.jpg
987,Nyoui na Otonarisan,,尿意なお隣さん,One-shot,376,6.6,2011,https://cdn.myanimelist.net/images/manga/2/69309l.jpg
987,Okaasan no Koubi.,,お母さんの交尾。,One-shot,442,6.6,2011,https://cdn.myanimelist.net/images/manga/2/94299l.jpg
987,Ore ga Heroine wo Tasukesugite Sekai ga Little Apocalypse!?,I Saved Too Many Girls and Caused the Apocalypse,俺がヒロインを助けすぎて世界がリトル黙示録〈アポカリプス〉!?,Light Novel,1363,6.6,2011,https://cdn.myanimelist.net/images/manga/3/148511l.jpg
987,Runway wo☆Produce!!,,ランウェイを☆プロデュース!!,Manga,284,6.6,2011,https://cdn.myanimelist.net/images/manga/2/202215l.jpg
987,Summer Vacation,,SUMMER VACATION,One-shot,635,6.6,2011,https://cdn.myanimelist.net/images/manga/2/69243l.jpg
987,Watashi no Kishi-sama wa Minaraichuu!,,私の騎士さまは見習い中！,One-shot,670,6.6,2011,https://cdn.myanimelist.net/images/manga/2/63879l.jpg
1005,12-ji no Kane ga Naru,Twelve O'Clock Bell Rings,12時の鐘が鳴る,One-shot,3945,6.59,2011,https://cdn.myanimelist.net/images/manga/1/111585l.jpg
1005,:REverSAL,,:REverSAL,Manga,6015,6.59,2011,https://cdn.myanimelist.net/images/manga/1/189816l.jpg
1005,Akaneiro Confiture,,茜色コンフィチュール,Manga,638,6.59,2011,https://cdn.myanimelist.net/images/manga/1/151402l.jpg
1005,Antimagia,,アンティマギア,Manga,3386,6.59,2011,https://cdn.myanimelist.net/images/manga/1/61103l.jpg
1005,Futsuu Hyakkei,,普通百景,One-shot,818,6.59,2011,https://cdn.myanimelist.net/images/manga/1/109301l.jpg
1005,Gin no Kerberos,Kerberos in the Silver Rain,銀のケルベロス,Manga,763,6.59,2011,https://cdn.myanimelist.net/images/manga/3/170590l.jpg
1005,Happy Project,,ハッピープロジェクト,Manga,1693,6.59,2011,https://cdn.myanimelist.net/images/manga/3/74421l.jpg
1005,Micchaku Crisis,,密着クライシス,One-shot,672,6.59,2011,https://cdn.myanimelist.net/images/manga/1/59897l.jpg
1005,Mirai Nikki: Mosaic Keshi,,未来日記モザイク消し,Manga,1247,6.59,2011,https://cdn.myanimelist.net/images/manga/1/184463l.jpg
1005,Naze Toudouin Seiya 16-sai wa Kanojo ga Dekinai no ka?,"Why Can't Seiya Todoin, 16-Year-Old, Get a Girlfriend?",なぜ東堂院聖也16歳は彼女が出来ないのか？,Manga,3340,6.59,2011,https://cdn.myanimelist.net/images/manga/2/188878l.jpg
1005,Rocker in Locker,,Rocker in ロッカー,One-shot,215,6.59,2011,https://cdn.myanimelist.net/images/manga/1/141859l.jpg
1005,Shino-chan wa Jibun no Namae ga Ienai,Shino Can't Say Her Name,志乃ちゃんは自分の名前が言えない,Manga,12573,6.59,2011,https://cdn.myanimelist.net/images/manga/2/181384l.jpg
1005,Tokyo Yamanote Boys,,TOKYOヤマノテBOYS,Manga,855,6.59,2011,https://cdn.myanimelist.net/images/manga/3/71743l.jpg
1005,Un-Go: Inga-ron,,UN-GO～因果論,Manga,866,6.59,2011,https://cdn.myanimelist.net/images/manga/2/166204l.jpg
1019,1-nen C-gumi Yoshida-gakari,,1年C組吉田係,One-shot,705,6.58,2011,https://cdn.myanimelist.net/images/manga/1/83989l.jpg
1019,72: Ryoujoku Tatekomori Jiken,,72~陵辱立てこもり事件,Manga,416,6.58,2011,https://cdn.myanimelist.net/images/manga/1/102016l.jpg
1019,Aka Yuri: Girls Love H,,紅百合―Girls Love H―,Manga,683,6.58,2011,https://cdn.myanimelist.net/images/manga/2/110713l.jpg
1019,Cantarella: Ao no Dokuyaku,Hatsune Miku: Cantarella - Poison of Blue,カンタレラ －碧の毒薬－,Manga,851,6.58,2011,https://cdn.myanimelist.net/images/manga/3/110867l.jpg
1019,Hetamen,,ヘタメン,Manga,1522,6.58,2011,https://cdn.myanimelist.net/images/manga/4/127421l.jpg
1019,Linden Hall no Aria,,菩提樹寮〈リンデンホール〉のアリア～金色のコルダシリーズ～,Manga,883,6.58,2011,https://cdn.myanimelist.net/images/manga/4/73829l.jpg
1019,Magical Lollipop,,マジカルロリポップ,Manga,329,6.58,2011,https://cdn.myanimelist.net/images/manga/3/135033l.jpg
1026,+C: Sword and Cornett APPENDix,,+C sword and cornett APPENDix,Manga,469,6.57,2011,https://cdn.myanimelist.net/images/manga/2/158906l.jpg
1026,2-nen F-gumi Zenin Seikou,,2年F組全員性交,Manga,322,6.57,2011,https://cdn.myanimelist.net/images/manga/3/176926l.jpg
1026,87 Clockers,,87CLOCKERS,Manga,2251,6.57,2011,https://cdn.myanimelist.net/images/manga/1/140759l.jpg
1026,Haitoku Syndrome,Immoral Girl Immoral Love,ハイトクシンドローム,Manga,353,6.57,2011,https://cdn.myanimelist.net/images/manga/2/130021l.jpg
1026,Megane wa Ai no Ichibu desu.,The Glasses Are a Part of Our Love,メガネは愛の一部です。,Manga,636,6.57,2011,https://cdn.myanimelist.net/images/manga/2/237795l.jpg
1026,Okusama wa♥Futanarikko,,奥様は♥ふたなりっ娘,Doujinshi,441,6.57,2011,https://cdn.myanimelist.net/images/manga/3/146163l.jpg
1026,Ore no Kanojo to Osananajimi ga Shuraba sugiru+H,,俺の彼女と幼なじみが修羅場すぎる+H,Manga,3310,6.57,2011,https://cdn.myanimelist.net/images/manga/3/78533l.jpg
1026,Yuuhi ni Fureru Sono Mae ni,,夕日に触れるその前に,Manga,552,6.57,2011,https://cdn.myanimelist.net/images/manga/2/194886l.jpg
1034,A Bias Girl,,편견소녀,Manhwa,2007,6.56,2011,https://cdn.myanimelist.net/images/manga/2/150659l.jpg
1034,Dog Days,,DOG DAYS,Manga,1477,6.56,2011,https://cdn.myanimelist.net/images/manga/3/145039l.jpg
1034,Godland Company,,GODLAND COMPANY ゴッドランド・カンパニー,One-shot,828,6.56,2011,https://cdn.myanimelist.net/images/manga/3/41680l.jpg
1034,Hyakuyou Daichou,,百葉台帳,One-shot,284,6.56,2011,https://cdn.myanimelist.net/images/manga/3/73159l.jpg
1034,NTR Shoujo,,NTR少女,Manga,474,6.56,2011,https://cdn.myanimelist.net/images/manga/3/74229l.jpg
1034,Ousama wa Shitsuji-sama,The Butler is King,王様は執事サマ,Manga,2508,6.56,2011,https://cdn.myanimelist.net/images/manga/2/171833l.jpg
1034,Poppin Cherry,,ぽっぴんcherry,Manga,307,6.56,2011,https://cdn.myanimelist.net/images/manga/1/64335l.jpg
1034,Soushoku Danshi Okotowari!?,,草食男子お断り!?,One-shot,772,6.56,2011,https://cdn.myanimelist.net/images/manga/3/137727l.jpg
1042,"Ayamachi, Hajimemashite.",,過ち、はじめまして。,Manga,654,6.55,2011,https://cdn.myanimelist.net/images/manga/2/125309l.jpg
1042,Enma Gavel,,エンマ・ガベル,One-shot,1070,6.55,2011,https://cdn.myanimelist.net/images/manga/1/39799l.jpg
1042,Freezing Tokuten Manga,,フリージング 特典漫画,Manga,733,6.55,2011,https://cdn.myanimelist.net/images/manga/1/194826l.jpg
1042,Hokkenshitsu,,ほっ健室,Manga,610,6.55,2011,https://cdn.myanimelist.net/images/manga/3/122435l.jpg
1042,Kanojo ga Ero Shitagi ni Kigaetara...♥,,彼女がエロ下着に着替えたら…♥,One-shot,277,6.55,2011,https://cdn.myanimelist.net/images/manga/3/129555l.jpg
1042,"Korosareru nara, Isso Sakura no Ki no Shita de",,殺されるなら、いっそ桜の木の下で,Manga,2310,6.55,2011,https://cdn.myanimelist.net/images/manga/2/45863l.jpg
1042,Mizugi Oneesan wo Meguru Bouken,,水着おねーさんをめぐる冒険,One-shot,353,6.55,2011,https://cdn.myanimelist.net/images/manga/2/71569l.jpg
1042,Tsubame-chan Chi no Kateinai Renai,,つばめちゃんちの家庭内恋愛,Manga,564,6.55,2011,https://cdn.myanimelist.net/images/manga/3/161781l.jpg
1050,"27-sai: Atashi, Koi ga, Shitai.",,27歳 －あたし、恋が、したい。－,Manga,1483,6.54,2011,https://cdn.myanimelist.net/images/manga/2/89323l.jpg
1050,Ajin Shoujo-tan,,亜人少女譚,Doujinshi,617,6.54,2011,https://cdn.myanimelist.net/images/manga/2/102551l.jpg
1050,Ana Kazoku,,穴家族,Manga,356,6.54,2011,https://cdn.myanimelist.net/images/manga/2/92959l.jpg
1050,BF: Bijoux Fantaisie,,BF-bijoux fantaisie-,Doujinshi,579,6.54,2011,https://cdn.myanimelist.net/images/manga/1/139465l.jpg
1050,Blood-C,Blood-C,BLOOD-C,Manga,7980,6.54,2011,https://cdn.myanimelist.net/images/manga/3/173357l.jpg
1050,Nemuri Haha,,眠り母,Doujinshi,341,6.54,2011,https://cdn.myanimelist.net/images/manga/3/68705l.jpg
1050,Oi!! Obasan,Fire-Hot Aunt,オイ!! オバさん,Manga,1587,6.54,2011,https://cdn.myanimelist.net/images/manga/2/153880l.jpg
1050,Oishii Otoko,,オイシイオトコ,Manga,1159,6.54,2011,https://cdn.myanimelist.net/images/manga/2/96581l.jpg
1050,Paladin,,팔라딘,Manhwa,1668,6.54,2011,https://cdn.myanimelist.net/images/manga/3/106327l.jpg
1050,Realist ni Yoru Romanticism,Realist's Romanticism,リアリストによるロマンチシズム,Manga,411,6.54,2011,https://cdn.myanimelist.net/images/manga/3/155663l.jpg
1050,Rika,,リカ,Manga,3665,6.54,2011,https://cdn.myanimelist.net/images/manga/1/245342l.jpg
1050,Star Children,,スターチルドレン,Manga,389,6.54,2011,https://cdn.myanimelist.net/images/manga/3/66367l.jpg
1050,Sweet Bitch!,,すい～とびっち！,Manga,382,6.54,2011,https://cdn.myanimelist.net/images/manga/1/139443l.jpg
1050,Yummy!,,Yummy!,Manga,471,6.54,2011,https://cdn.myanimelist.net/images/manga/3/122935l.jpg
1050,Zecchou Shoujo,,絶頂少女,Manga,471,6.54,2011,https://cdn.myanimelist.net/images/manga/1/93033l.jpg
1065,Hitozuma wo Mawasu 8-tsu no Houhou,,人妻を輪姦す8つの方法,Manga,345,6.53,2011,https://cdn.myanimelist.net/images/manga/3/58305l.jpg
1065,Isshunsaki wa Koi,,一瞬先は恋,One-shot,445,6.53,2011,https://cdn.myanimelist.net/images/manga/4/337416l.jpg
1065,Kamisama bakari Koi wo Suru,,神さまばかり恋をする,Manga,1929,6.53,2011,https://cdn.myanimelist.net/images/manga/1/103935l.jpg
1065,Koiito Island e Youkoso♥,,恋糸アイランドへようこそ♥,One-shot,813,6.53,2011,https://cdn.myanimelist.net/images/manga/3/48179l.jpg
1065,Manin Densha,,満員電車,One-shot,408,6.53,2011,https://cdn.myanimelist.net/images/manga/2/52017l.jpg
1065,Rad & Rinpu,,ラド＆リンプ,One-shot,458,6.53,2011,https://cdn.myanimelist.net/images/manga/3/69757l.jpg
1065,Rasen no Vamp,,螺旋のVAMP,Manga,1935,6.53,2011,https://cdn.myanimelist.net/images/manga/2/126793l.jpg
1065,Roundabout,,Roundabout,One-shot,802,6.53,2011,https://cdn.myanimelist.net/images/manga/3/60479l.jpg
1073,B.A.D.,,B.A.D.,Manga,1911,6.52,2011,https://cdn.myanimelist.net/images/manga/2/117167l.jpg
1073,Houkago no Fujun,,放課後の不純,Manga,618,6.52,2011,https://cdn.myanimelist.net/images/manga/1/81374l.jpg
1073,Jinrui wa Suitai Shimashita: Nonbirishita Houkoku,,人類は衰退しました のんびりした報告,Manga,917,6.52,2011,https://cdn.myanimelist.net/images/manga/3/154202l.jpg
1073,Marshmallow Loli,,ましゅまろりぃ,Manga,616,6.52,2011,https://cdn.myanimelist.net/images/manga/1/133691l.jpg
1073,Merry Bad End,,酒井まゆ短編集 メリーバッドエンド,Manga,2295,6.52,2011,https://cdn.myanimelist.net/images/manga/3/184029l.jpg
1073,Pocket Monsters BW-hen,,ポケットモンスターB・W編,Manga,555,6.52,2011,https://cdn.myanimelist.net/images/manga/1/142905l.jpg
1073,"Sensei, Suki.",,先生、スキ。,Manga,2273,6.52,2011,https://cdn.myanimelist.net/images/manga/3/110669l.jpg
1073,Unsweet Inoue Ai Plus,,アンスイート井上愛+(プラス),Doujinshi,357,6.52,2011,https://cdn.myanimelist.net/images/manga/3/141759l.jpg
1073,Yurikan Miel,,百合缶 Miel,Manga,365,6.52,2011,https://cdn.myanimelist.net/images/manga/2/137773l.jpg
1082,Ageha Chou Aishiteru,,あげはチョウあいしてる,One-shot,298,6.51,2011,https://cdn.myanimelist.net/images/manga/3/94991l.jpg
1082,Boku to Kanojo no Koi Log,,ボクとカノジョの恋愛目録【コイログ】,Manga,7794,6.51,2011,https://cdn.myanimelist.net/images/manga/1/161278l.jpg
1082,Corpse Party: Coupling x Anthology,,コープスパーティー カップリング×アンソロジー,Manga,1240,6.51,2011,https://cdn.myanimelist.net/images/manga/3/148637l.jpg
1082,Emeth Meth,,えめすめす,Manga,731,6.51,2011,https://cdn.myanimelist.net/images/manga/2/182316l.jpg
1082,Evil Virgin,,イビルばーじん,Manga,611,6.51,2011,https://cdn.myanimelist.net/images/manga/1/102687l.jpg
1082,Futanari Seisaikan,,ふたなり制裁姦,One-shot,305,6.51,2011,https://cdn.myanimelist.net/images/manga/1/119049l.jpg
1082,Koishirazu,You Don't Know What Love Is,コイシラズ YOU DON'T KNOW WHAT LOVE IS,Manga,321,6.51,2011,https://cdn.myanimelist.net/images/manga/3/157191l.jpg
1082,Mitsudaku Kanojo,,蜜だく彼女,Manga,462,6.51,2011,https://cdn.myanimelist.net/images/manga/3/113249l.jpg
1082,OOxKokuhakuxOre,,○○×告白×俺,One-shot,346,6.51,2011,https://cdn.myanimelist.net/images/manga/3/80731l.jpg
1082,Yadokari Honpo,,宿借り本舗,One-shot,264,6.51,2011,https://cdn.myanimelist.net/images/manga/1/78441l.jpg
1092,Benki ni Natta Otoko,,便器になった男,One-shot,318,6.5,2011,https://cdn.myanimelist.net/images/manga/1/70567l.jpg
1092,Byousoku Zero Mile,,秒速ゼロマイル,Manga,1446,6.5,2011,https://cdn.myanimelist.net/images/manga/1/43795l.jpg
1092,"Hanamachi Monogatari: Hatsuzakura Mau, Yoru no Shitone",,花町物語 －初桜舞う、夜の褥－,Manga,1582,6.5,2011,https://cdn.myanimelist.net/images/manga/3/94475l.jpg
1092,It to Lily,,イットとリリー,One-shot,379,6.5,2011,https://cdn.myanimelist.net/images/manga/4/42098l.jpg
1092,Muu-chan,,ムーちゃん,One-shot,320,6.5,2011,https://cdn.myanimelist.net/images/manga/3/60853l.jpg
1092,Onnanoko ga H na Manga Egaicha Dame desu ka?,,女のコがHなマンガ描いちゃダメですか？,Manga,2370,6.5,2011,https://cdn.myanimelist.net/images/manga/2/89615l.jpg
1092,Otasuke Miko Miko-chan,Rescue Maiden MIKO-chan,お助け巫女ミコちゃん,Manga,875,6.5,2011,https://cdn.myanimelist.net/images/manga/3/118401l.jpg
1092,Otokokemono desu!,,お届けものです!,Manga,950,6.5,2011,https://cdn.myanimelist.net/images/manga/3/104445l.jpg
1092,RealPG,,REALPG,Manga,6905,6.5,2011,https://cdn.myanimelist.net/images/manga/2/159060l.jpg
1092,Seto no Omise no Okyakusama,,セトのお店のお客様。,One-shot,665,6.5,2011,https://cdn.myanimelist.net/images/manga/1/67467l.jpg
1092,Squirm,,SQUIRM,Doujinshi,397,6.5,2011,https://cdn.myanimelist.net/images/manga/2/181215l.jpg
1092,Tora ni Tsubasa,,トラにツバサ,Manga,754,6.5,2011,https://cdn.myanimelist.net/images/manga/2/85349l.jpg
1092,Umi ni Sora,,ウミニソラ〜The Ocean Meets The Sky,One-shot,1307,6.5,2011,https://cdn.myanimelist.net/images/manga/2/67039l.jpg
1105,Akatsuki no Miko,,暁の巫子,One-shot,259,6.49,2011,https://cdn.myanimelist.net/images/manga/2/111731l.jpg
1105,Blood Parade,,BLOOD PARADE,Manga,6849,6.49,2011,https://cdn.myanimelist.net/images/manga/1/162679l.jpg
1105,Chijou wa Pocket no Naka no Niwa,The Land is a Garden in Your Pocket,地上はポケットの中の庭,Manga,688,6.49,2011,https://cdn.myanimelist.net/images/manga/2/42950l.jpg
1105,Doll's Folklore,,ドールズ フォークロア,Manga,1438,6.49,2011,https://cdn.myanimelist.net/images/manga/2/78629l.jpg
1105,Himitsu Note,,ひみつノート,One-shot,612,6.49,2011,https://cdn.myanimelist.net/images/manga/1/149714l.jpg
1105,Houkago Choukyou Housoushitsu,,放課後調教放送室,Manga,464,6.49,2011,https://cdn.myanimelist.net/images/manga/2/69013l.jpg
1105,Junk/Jewel,,Junk/Jewel,Doujinshi,327,6.49,2011,https://cdn.myanimelist.net/images/manga/2/169471l.jpg
1105,Momibaraishi,,揉み払い師,Manga,685,6.49,2011,https://cdn.myanimelist.net/images/manga/3/188983l.jpg
1105,Onna Enbo,,女えんぼ,Manga,338,6.49,2011,https://cdn.myanimelist.net/images/manga/2/161137l.jpg
1105,Pet Shimasu!,,ペットします！,Manga,559,6.49,2011,https://cdn.myanimelist.net/images/manga/3/288892l.jpg
1105,Roppyaku Page no Mystery,,六百頁のミステリー,Manga,1015,6.49,2011,https://cdn.myanimelist.net/images/manga/4/261726l.jpg
1105,Usotsuki na Kanojo,,嘘つきなカノジョ,Manga,365,6.49,2011,https://cdn.myanimelist.net/images/manga/2/64899l.jpg
1105,Yuukai Trouble,,誘拐トラブル,One-shot,556,6.49,2011,https://cdn.myanimelist.net/images/manga/1/68711l.jpg
1118,50 Million Km,,그녀와 나의 거리 5000만km,Manhwa,1905,6.48,2011,https://cdn.myanimelist.net/images/manga/5/144543l.jpg
1118,Aoharu Runnings,,アオハル・ラニングス,One-shot,663,6.48,2011,https://cdn.myanimelist.net/images/manga/3/154781l.jpg
1118,Bonten no Moribito,,梵天の守人,Manga,780,6.48,2011,https://cdn.myanimelist.net/images/manga/1/42717l.jpg
1118,Harem Time Someday,,ハームタイム サムデイ,One-shot,907,6.48,2011,https://cdn.myanimelist.net/images/manga/2/69101l.jpg
1118,Sore wa Kiss de Hajimatta,It Started With a Kiss,それはキスで始まった,Manga,304,6.48,2011,https://cdn.myanimelist.net/images/manga/2/94463l.jpg
1118,XO Sisters,,엑소시스터즈,Manhwa,5614,6.48,2011,https://cdn.myanimelist.net/images/manga/3/55043l.jpg
1118,Zombitch wa Bitch ni Fukumaremasu ka?,Zombie-Bitch SAKINA is in Bitch-girl?,ゾンビッチはビッチに含まれますか?,Manga,2403,6.48,2011,https://cdn.myanimelist.net/images/manga/3/188844l.jpg
1125,Dois Sol,,DOIS SOL [ドイソル],Manga,525,6.47,2011,https://cdn.myanimelist.net/images/manga/4/41857l.jpg
1125,Gekijouban Pocket Monsters Best Wishes: Victini to Kuroki Eiyuu Zekrom,Pokémon The Movie White: Victini and Zekrom,劇場版 ポケットモンスター ベストウィッシュ 「ビクティニと黒き英雄」,Manga,674,6.47,2011,https://cdn.myanimelist.net/images/manga/3/92627l.jpg
1125,Koibumi: Yamamoto Souichirou Tanpenshuu,,恋文－山本崇一朗短編集－,Manga,3232,6.47,2011,https://cdn.myanimelist.net/images/manga/1/244018l.jpg
1125,Mazinger Otome Taisen,,マジンガー乙女大戦,Manga,318,6.47,2011,https://cdn.myanimelist.net/images/manga/3/127425l.jpg
1125,Taiiku Souko no Kokuhaku,,体育倉庫の告白,One-shot,417,6.47,2011,https://cdn.myanimelist.net/images/manga/1/80189l.jpg
1130,Ai Love Nyuu,,愛 LOVE 乳,Manga,656,6.46,2011,https://cdn.myanimelist.net/images/manga/3/97703l.jpg
1130,Android Dilemma,,アンドロイド・ジレンマ,One-shot,255,6.46,2011,https://cdn.myanimelist.net/images/manga/2/77431l.jpg
1130,Futanari Musume ga Ryouteashi wo Kotei Sarete Nando mo Kyouseiteki ni Shasei Saserareru dake no Hon,,ふたなり娘が両手足を固定されて何度も強制的に射精させられるだけの本,Doujinshi,388,6.46,2011,https://cdn.myanimelist.net/images/manga/3/121637l.jpg
1130,Hanimero.,,はにめろ。,Manga,1336,6.46,2011,https://cdn.myanimelist.net/images/manga/3/71715l.jpg
1130,Izanai: Hyakunen no Koi,A Century of Temptation,誘い 百年の恋,Manga,1586,6.46,2011,https://cdn.myanimelist.net/images/manga/1/71231l.jpg
1130,Kira,,KIRA,Doujinshi,373,6.46,2011,https://cdn.myanimelist.net/images/manga/1/58711l.jpg
1130,Satsuei Jouken Kimi Gentei.,,さつえい条件キミ限定。,One-shot,335,6.46,2011,https://cdn.myanimelist.net/images/manga/1/138683l.jpg
1130,Shichakushitsu no Midara na Shinshi,Indecent Gentleman in the Fitting Room,試着室の淫らな紳士,Manga,508,6.46,2011,https://cdn.myanimelist.net/images/manga/1/222193l.jpg
1138,Cerberus Jam,,ケルベロスジャム,Manga,1538,6.45,2011,https://cdn.myanimelist.net/images/manga/1/59585l.jpg
1138,Crown Gear,,クラウンギア,One-shot,229,6.45,2011,https://cdn.myanimelist.net/images/manga/1/79469l.jpg
1138,Final Fantasy Reishiki,Final Fantasy Type-0,FINAL FANTASY 零式,Manga,1764,6.45,2011,https://cdn.myanimelist.net/images/manga/2/120183l.jpg
1138,Genei Realism,,現影リアリズム,One-shot,292,6.45,2011,https://cdn.myanimelist.net/images/manga/1/79161l.jpg
1138,Koijuu,Lovers beast,恋獣,Manga,341,6.45,2011,https://cdn.myanimelist.net/images/manga/1/141551l.jpg
1138,Miki no Houkago,Miki's after school,ミキの放課後,Manga,1025,6.45,2011,https://cdn.myanimelist.net/images/manga/2/162298l.jpg
1138,Onikujo,,阿部洋一短編集 オニクジョ,Manga,451,6.45,2011,https://cdn.myanimelist.net/images/manga/1/152594l.jpg
1138,Senpai no Mizugi,,先輩の水着,Manga,1342,6.45,2011,https://cdn.myanimelist.net/images/manga/3/51693l.jpg
1138,Trance Knights,,トランス・ナイツ,Manga,623,6.45,2011,https://cdn.myanimelist.net/images/manga/1/85713l.jpg
1138,Tsuki no Kanon,,月のカノン,One-shot,291,6.45,2011,https://cdn.myanimelist.net/images/manga/2/68387l.jpg
1148,Meina no Fukurou,Meina with Owl,めいなのフクロウ,Manga,707,6.44,2011,https://cdn.myanimelist.net/images/manga/3/93773l.jpg
1148,Nikubenki System Nendaiki,,肉便器システム年代記,Manga,334,6.44,2011,https://cdn.myanimelist.net/images/manga/1/48727l.jpg
1148,Our Time of Dawn,,僕とあの子の夜明けの音色,One-shot,442,6.44,2011,https://cdn.myanimelist.net/images/manga/2/77697l.jpg
1148,Pururun Pulling,,ぷるるんぷりんぐ,Manga,361,6.44,2011,https://cdn.myanimelist.net/images/manga/3/150223l.jpg
1148,Queen's Blade Rebellion: Zero,,クイーンズブレイド リベリオン ZERO,Manga,628,6.44,2011,https://cdn.myanimelist.net/images/manga/2/101317l.jpg
1148,Sekai de Ichiban Tsuyoku Naritai!,Wanna Be the Strongest in the World,世界でいちばん強くなりたい!,Manga,1534,6.44,2011,https://cdn.myanimelist.net/images/manga/2/173110l.jpg
1148,Skyhigh: Hévәn,,スカイハイ ヘヴン,Manga,564,6.44,2011,https://cdn.myanimelist.net/images/manga/3/270402l.jpg
1155,BoysLike!,,BoysLike!,One-shot,835,6.43,2011,https://cdn.myanimelist.net/images/manga/3/82074l.jpg
1155,Chotto Kawaii Iron Maiden,,ちょっとかわいいアイアンメイデン,Manga,1143,6.43,2011,https://cdn.myanimelist.net/images/manga/2/127579l.jpg
1155,Chotto dake! Hentai Rui-chan Daibousou,,ちょっとだけ！変態ルイちゃん大暴走,Doujinshi,307,6.43,2011,https://cdn.myanimelist.net/images/manga/3/150219l.jpg
1155,Fizon Core,,フィゾン コア,One-shot,686,6.43,2011,https://cdn.myanimelist.net/images/manga/2/60045l.jpg
1155,Fuudanjuku Monogatari,,風男塾物語,Manga,1107,6.43,2011,https://cdn.myanimelist.net/images/manga/5/62761l.jpg
1155,Gesshoku no Cavalier,,血蝕の守護者,One-shot,392,6.43,2011,https://cdn.myanimelist.net/images/manga/2/107481l.jpg
1155,"Hachigatsu, Kanojo wa Uso wo Tsuku.",,八月、彼女は嘘をつく。,Manga,386,6.43,2011,https://cdn.myanimelist.net/images/manga/3/129443l.jpg
1155,Hokenshitsu no Shounen,,保健室の娼年,Doujinshi,427,6.43,2011,https://cdn.myanimelist.net/images/manga/3/93417l.jpg
1155,Kekkon Zenya,The Night Before the Wedding,結婚前夜,Manga,289,6.43,2011,https://cdn.myanimelist.net/images/manga/1/267693l.jpg
1155,Kikoushi no Mune de Otoko wa Oboreru,,貴公子の胸で男は溺れる,Manga,487,6.43,2011,https://cdn.myanimelist.net/images/manga/1/307386l.jpg
1155,Midara na Shisen,,ミダラナシセン,Manga,415,6.43,2011,https://cdn.myanimelist.net/images/manga/2/74853l.jpg
1155,Never Let Go,,ネバーレットゴー,Manga,720,6.43,2011,https://cdn.myanimelist.net/images/manga/2/94401l.jpg
1155,Osananajimi to Natsuyasumi,,幼なじみとなつやすみ,One-shot,305,6.43,2011,https://cdn.myanimelist.net/images/manga/3/59809l.jpg
1155,Tsuki to Taiyou no Piece,,月と太陽のピース,Manga,759,6.43,2011,https://cdn.myanimelist.net/images/manga/1/275061l.jpg
1155,"Watashi no Mune, Hen ja Nai?",,私の胸、変じゃない？,One-shot,512,6.43,2011,https://cdn.myanimelist.net/images/manga/2/43315l.jpg
1170,Gives,,ギブズ,Manga,1282,6.42,2011,https://cdn.myanimelist.net/images/manga/3/72581l.jpg
1170,Harapeko Oujisama,,ハラペコ王子様,One-shot,899,6.42,2011,https://cdn.myanimelist.net/images/manga/3/111157l.jpg
1170,Jitsuryokuha Elite Jin,,実力派エリート迅,One-shot,763,6.42,2011,https://cdn.myanimelist.net/images/manga/1/57331l.jpg
1170,Kurogane Hime,,くろがね姫,Manga,1683,6.42,2011,https://cdn.myanimelist.net/images/manga/2/89773l.jpg
1170,Mada Maniau...?,It's not too late yet...?,まだ間に合う…?,Manga,290,6.42,2011,https://cdn.myanimelist.net/images/manga/2/247577l.jpg
1170,Pheromone Days,,フェロモン・デイズ,Manga,355,6.42,2011,https://cdn.myanimelist.net/images/manga/1/69115l.jpg
1176,Ani to Imouto no Jijou.,,兄と妹の事情。,Manga,963,6.41,2011,https://cdn.myanimelist.net/images/manga/2/94419l.jpg
1176,Anoko no Mizugi dj - Hanayome no Mizugi,,花嫁の水着,Doujinshi,472,6.41,2011,https://cdn.myanimelist.net/images/manga/3/164108l.jpg
1176,Gamen no Mukougawa,,画面の向こう側,One-shot,321,6.41,2011,https://cdn.myanimelist.net/images/manga/3/92285l.jpg
1176,Junketsu Diablos,,純潔ディアボロス,One-shot,488,6.41,2011,https://cdn.myanimelist.net/images/manga/2/106299l.jpg
1176,Kakumei Senshi Inudou Sadao,,革命戦士 犬童貞男,Manga,400,6.41,2011,https://cdn.myanimelist.net/images/manga/3/167472l.jpg
1176,Kousha no Ura ni wa Tenshi ga Umerareteiru,,校舎のうらには天使が埋められている,Manga,1675,6.41,2011,https://cdn.myanimelist.net/images/manga/1/120471l.jpg
1176,Mokkai Shiyo?,,もっかいしよ ?,Manga,1038,6.41,2011,https://cdn.myanimelist.net/images/manga/2/94223l.jpg
1176,Mune ga Naru no wa Kimi no Sei Bangai-hen,,胸が鳴るのは君のせい 番外編,Manga,856,6.41,2011,https://cdn.myanimelist.net/images/manga/3/164938l.jpg
1176,Ou to Sokkin,,王と側近,One-shot,887,6.41,2011,https://cdn.myanimelist.net/images/manga/3/62345l.jpg
1176,Queen's Blade Rebellion: Seiran no Hime Kishi,,クイーンズブレイド リベリオン青嵐の姫騎士,Manga,691,6.41,2011,https://cdn.myanimelist.net/images/manga/1/100789l.jpg
1176,Sakura no Kimi,,さくらの君,One-shot,1073,6.41,2011,https://cdn.myanimelist.net/images/manga/1/111249l.jpg
1176,Tengoku mo Jigoku mo,All of Heaven and Hell,天国も地獄も,Manga,332,6.41,2011,https://cdn.myanimelist.net/images/manga/2/74313l.jpg
1188,Beach no Megami,,ビーチの女神,One-shot,487,6.4,2011,https://cdn.myanimelist.net/images/manga/1/53849l.jpg
1188,Betsukiss,,ベツキス,Manga,2099,6.4,2011,https://cdn.myanimelist.net/images/manga/2/72131l.jpg
1188,Ever Green,Evergreen,エバーグリーン,Manga,14081,6.4,2011,https://cdn.myanimelist.net/images/manga/3/150961l.jpg
1188,Futari no Maharaja,,二人のマハラジャ,Manga,791,6.4,2011,https://cdn.myanimelist.net/images/manga/1/181102l.jpg
1188,H・E: The Hunt for Energy,,H・E The HUNT for ENERGY,Manga,1511,6.4,2011,https://cdn.myanimelist.net/images/manga/1/142853l.jpg
1188,"Koneko-chan, Kocchi ni Oide",Come on My Pussy Cat,仔猫ちゃん、こっちにおいで,Manga,1424,6.4,2011,https://cdn.myanimelist.net/images/manga/2/200306l.jpg
1188,Red House,red house,レッドハウス,One-shot,1032,6.4,2011,https://cdn.myanimelist.net/images/manga/2/152329l.jpg
1188,Sexless Friend,Sexless Friend,セックスレスフレンド,Manga,6241,6.4,2011,https://cdn.myanimelist.net/images/manga/2/67799l.jpg
1188,Tonari de Hanasaku Oto ga Shita,,隣で花さく音がした,Manga,398,6.4,2011,https://cdn.myanimelist.net/images/manga/1/211438l.jpg
1197,"""Sensei, Oshiete.""","Teach me, teacher.",「先生、おしえて。」,Manga,573,6.39,2011,https://cdn.myanimelist.net/images/manga/1/72325l.jpg
1197,Amahara-kun+,,あまはら君+,Manga,2292,6.39,2011,https://cdn.myanimelist.net/images/manga/1/164515l.jpg
1197,Gantz/Nishi,,GANTZ/NISHI,One-shot,6846,6.39,2011,https://cdn.myanimelist.net/images/manga/1/41908l.jpg
1197,Gothic Lolita with Dragon,,Gothic Lolita with Dragon,Doujinshi,695,6.39,2011,https://cdn.myanimelist.net/images/manga/1/97045l.jpg
1197,Karen,,華恋 KAREN,Manga,438,6.39,2011,https://cdn.myanimelist.net/images/manga/3/125807l.jpg
1197,Necro Dancer,,ネクロダンサー,Manga,789,6.39,2011,https://cdn.myanimelist.net/images/manga/3/71017l.jpg
1197,Netabare Sensou,,ネタバレ戦争,One-shot,766,6.39,2011,https://cdn.myanimelist.net/images/manga/2/118217l.jpg
1197,Tadashii Ace no Kouryakuhou,,正しいエースの攻略法,Manga,991,6.39,2011,https://cdn.myanimelist.net/images/manga/2/323686l.jpg
1205,Biotop,,ビオトープ,Manga,906,6.38,2011,https://cdn.myanimelist.net/images/manga/2/191477l.jpg
1205,Hakoniwa,,ハコニワ,Manga,538,6.38,2011,https://cdn.myanimelist.net/images/manga/3/158342l.jpg
1205,Kitto Kawaii Onnanoko Dakara,She must be a pretty Girl,きっと可愛い女の子だから,Manga,618,6.38,2011,https://cdn.myanimelist.net/images/manga/3/152913l.jpg
1205,Ningyou Saisei Koujou,,人形再生工場,One-shot,745,6.38,2011,https://cdn.myanimelist.net/images/manga/2/57407l.jpg
1205,Ruler of the Dark Region,,Ruler of the dark region～漆黒を統べる者～,One-shot,514,6.38,2011,https://cdn.myanimelist.net/images/manga/1/83605l.jpg
1210,Cafe Milk Paradise,,喫茶ミルクパラダイス,One-shot,416,6.37,2011,https://cdn.myanimelist.net/images/manga/1/59807l.jpg
1210,Navajo no Sousei Shinwa: Taiyou no Otoko to Daichi no Onna,,ナバホの創世神話 太陽の男と大地の女,One-shot,261,6.37,2011,https://cdn.myanimelist.net/images/manga/3/231480l.jpg
1210,Ryoute ni Darling,,両手にダーリン,Manga,1910,6.37,2011,https://cdn.myanimelist.net/images/manga/2/131595l.jpg
1210,Tonari no Gokudou-kun,,となりの極道くん。,Manga,489,6.37,2011,https://cdn.myanimelist.net/images/manga/3/62607l.jpg
1214,Akagi: Zawa... Zawa... Anthology,,アカギ ざわ・・ざわ・・アンソロジー,Manga,1179,6.36,2011,https://cdn.myanimelist.net/images/manga/2/260355l.jpg
1214,Cho-co-la-te.,,ち・ょ・こ・れ・い・と。,Doujinshi,313,6.36,2011,https://cdn.myanimelist.net/images/manga/1/77403l.jpg
1214,Crystal Palace,,クリスタルパレス,Manga,1134,6.36,2011,https://cdn.myanimelist.net/images/manga/1/96643l.jpg
1214,Darling no Oresama,,ダーリンの俺様,Manga,362,6.36,2011,https://cdn.myanimelist.net/images/manga/3/78851l.jpg
1214,Mayonaka Atashi ni Tomaru Chou,,真夜中あたしに留まる蝶,Manga,369,6.36,2011,https://cdn.myanimelist.net/images/manga/3/146515l.jpg
1214,Peace no Oshigoto,,ピースのおしごと,One-shot,530,6.36,2011,https://cdn.myanimelist.net/images/manga/2/72715l.jpg
1214,Yukemuri Tamatebako,,ゆけむりたまて箱,One-shot,848,6.36,2011,https://cdn.myanimelist.net/images/manga/1/66145l.jpg
1221,Akanai Tobira,Unlock Your Heart,開かない扉,One-shot,397,6.35,2011,https://cdn.myanimelist.net/images/manga/2/42030l.jpg
1221,Kiryuuin Kaya ni Chi wo Suwareru dake no Kantan na Oshigoto,,鬼龍院カヤに血を吸われるだけの簡単なおしごと,Manga,5709,6.35,2011,https://cdn.myanimelist.net/images/manga/1/101319l.jpg
1221,Shinigami-chan ga Yuku☆,,死神ちゃんが行く☆,Doujinshi,583,6.35,2011,https://cdn.myanimelist.net/images/manga/2/126617l.jpg
1221,Yamato Nadeshiko,,やまとなでシコ,Manga,468,6.35,2011,https://cdn.myanimelist.net/images/manga/2/70065l.jpg
1221,Zetsurin!,,ぜつりん!,Manga,1477,6.35,2011,https://cdn.myanimelist.net/images/manga/3/179841l.jpg
1226,0930,,0930[オクサマ],Manga,490,6.34,2011,https://cdn.myanimelist.net/images/manga/1/70391l.jpg
1226,B-Curse,,B-Curse,One-shot,257,6.34,2011,https://cdn.myanimelist.net/images/manga/2/76955l.jpg
1226,Enma no Hanayome to Kimetsukerareta Fukou na Ore no Jinsei Keikaku,,えんまの花嫁と決めつけられた不幸な俺の人生計画,Manga,4723,6.34,2011,https://cdn.myanimelist.net/images/manga/1/88643l.jpg
1226,Mada Ai ga Tarinai,Love is not enough yet.,まだ愛が足りない,Manga,313,6.34,2011,https://cdn.myanimelist.net/images/manga/1/82556l.jpg
1226,Micchaku♥Shitsudo 180%,,密着♥湿度180％,One-shot,273,6.34,2011,https://cdn.myanimelist.net/images/manga/2/79611l.jpg
1226,Ofuro de...♥,,お風呂で…♥,One-shot,298,6.34,2011,https://cdn.myanimelist.net/images/manga/2/70081l.jpg
1226,Okaeri Kudasai Yuushasama!,,お帰り下さい勇者様!,One-shot,276,6.34,2011,https://cdn.myanimelist.net/images/manga/3/201270l.jpg
1226,Senran Kagura: Spark!,,閃乱カグラ Spark！,Manga,2148,6.34,2011,https://cdn.myanimelist.net/images/manga/2/86267l.jpg
1234,Black Diamond,,BLACK DIAMOND,Manga,325,6.33,2011,https://cdn.myanimelist.net/images/manga/3/201064l.jpg
1234,Himeyaka na Tousaku,,秘めやかな倒錯,Manga,2839,6.33,2011,https://cdn.myanimelist.net/images/manga/2/63369l.jpg
1234,Kikai Banashi Hanasaka Ikkyuu,,奇怪噺 花咲一休,Manga,750,6.33,2011,https://cdn.myanimelist.net/images/manga/3/46355l.jpg
1234,Never Complex,,ネバーコンプレックス,Manga,1323,6.33,2011,https://cdn.myanimelist.net/images/manga/1/78849l.jpg
1234,Panty & Stocking with Garterbelt,,Panty ＆ Stocking with Garterbelt,Manga,1591,6.33,2011,https://cdn.myanimelist.net/images/manga/5/338337l.jpg
1234,RKGKMDK,,ラクガキマドカ,Doujinshi,1277,6.33,2011,https://cdn.myanimelist.net/images/manga/3/297780l.jpg
1234,The Vault of Horror: A Collection of Nightmares,The Vault of Horror: A Collection of Nightmares,2011 미스테리 단편,Manhwa,329,6.33,2011,https://cdn.myanimelist.net/images/manga/3/282940l.jpg
1241,Aniki no Shigoki!,,アニキのシゴキ!,Manga,330,6.32,2011,https://cdn.myanimelist.net/images/manga/1/223934l.jpg
1241,Colorful,,カラフル,Doujinshi,285,6.32,2011,https://cdn.myanimelist.net/images/manga/1/108307l.jpg
1241,Danshiryou de Himitsu no Kiss,,男子寮で秘密のkiss,One-shot,408,6.32,2011,https://cdn.myanimelist.net/images/manga/2/162755l.jpg
1241,Happy End no Uragawa,,ハッピーエンドの裏側,One-shot,622,6.32,2011,https://cdn.myanimelist.net/images/manga/3/83320l.jpg
1241,Hatsujou Eyes,,発情アイズ,Manga,268,6.32,2011,https://cdn.myanimelist.net/images/manga/2/72517l.jpg
1241,Kioh x Kioh,,Kioh×Kioh,One-shot,408,6.32,2011,https://cdn.myanimelist.net/images/manga/2/70187l.jpg
1241,Sengoku Armors,,戦国ARMORS,Manga,1251,6.32,2011,https://cdn.myanimelist.net/images/manga/4/144979l.jpg
1241,Yurikan Petale,,百合缶 Petale,Manga,571,6.32,2011,https://cdn.myanimelist.net/images/manga/3/164105l.jpg
1249,Chin☆Dere,,チン☆デレ,Manga,415,6.31,2011,https://cdn.myanimelist.net/images/manga/1/137737l.jpg
1249,Konna Joushi ni Okomari deshitara,The Trouble With My Boss,こんな上司にお困りでしたら,Manga,435,6.31,2011,https://cdn.myanimelist.net/images/manga/3/222998l.jpg
1249,Love Song,,ラブソング,Manga,731,6.31,2011,https://cdn.myanimelist.net/images/manga/2/135975l.jpg
1249,Selling Me Softly,,Selling Me Softly,One-shot,339,6.31,2011,https://cdn.myanimelist.net/images/manga/2/44331l.jpg
1249,Shinchiku,,新築,One-shot,293,6.31,2011,https://cdn.myanimelist.net/images/manga/3/74739l.jpg
1249,Shoujo Satellite,,少女サテライト,Manga,611,6.31,2011,https://cdn.myanimelist.net/images/manga/1/89499l.jpg
1249,Tokyo Girls Destruction,,トーキョー・ガールズ・デストラクション,Manga,3884,6.31,2011,https://cdn.myanimelist.net/images/manga/2/61997l.jpg
1249,Totsuzen... Kekkon!,Suddenly... Marriage!,突然…結婚！,Manga,363,6.31,2011,https://cdn.myanimelist.net/images/manga/1/128023l.jpg
1257,"Chuu Chuu Macaron, Lonely Pie","Kisses, Macarons, and Lonely Pie",ちゅーちゅーまかろん、ろんりーぱい,Manga,360,6.3,2011,https://cdn.myanimelist.net/images/manga/2/251282l.jpg
1257,Milk*Crown,,ミルク＊クラウン,Manga,501,6.3,2011,https://cdn.myanimelist.net/images/manga/2/125855l.jpg
1257,Phi Brain: Kami no Puzzle,,ファイ・ブレイン 神のパズル,Manga,928,6.3,2011,https://cdn.myanimelist.net/images/manga/3/74737l.jpg
1257,Shounen yo Taishi wo dake!,,少年よ大志を抱け！,Manga,5901,6.3,2011,https://cdn.myanimelist.net/images/manga/2/62103l.jpg
1257,The Warashiki!,,ざ・わらしき！,One-shot,253,6.3,2011,https://cdn.myanimelist.net/images/manga/3/118219l.jpg
1262,Ari & Kirigirisu: Assortment,,アリ＆キリギリス ～Assortment～,Manga,540,6.29,2011,https://cdn.myanimelist.net/images/manga/1/42274l.jpg
1262,Sekai de Ichiban Tadashii Kyuuketsuki no Kaikata,,世界で一番正しい吸血鬼の飼い方,Manga,2138,6.29,2011,https://cdn.myanimelist.net/images/manga/1/63621l.jpg
1262,The Animal Sacrifice,,The Animal Sacrifice,One-shot,237,6.29,2011,https://cdn.myanimelist.net/images/manga/3/77067l.jpg
1262,Yume Yume Shinjuu,,ゆめゆめ心中,Manga,2223,6.29,2011,https://cdn.myanimelist.net/images/manga/1/85619l.jpg
1266,Boku dake no Mukougawa,,僕だけの向こう側,Manga,416,6.28,2011,https://cdn.myanimelist.net/images/manga/2/154910l.jpg
1266,Chiguhagu Lovers,,ちぐはぐラバーズ,Manga,719,6.28,2011,https://cdn.myanimelist.net/images/manga/1/147359l.jpg
1266,Kedamono Hatsujouki!!,,ケダモノ発情期!!,Manga,636,6.28,2011,https://cdn.myanimelist.net/images/manga/2/150341l.jpg
1266,Mizugi no Chikara,,ミズギノチカラ,One-shot,351,6.28,2011,https://cdn.myanimelist.net/images/manga/2/92987l.jpg
1266,Sentou Hakai Gakuen Dangerous,,戦闘破壊学園ダンゲロス,Manga,2829,6.28,2011,https://cdn.myanimelist.net/images/manga/1/154469l.jpg
1266,Tsukimi no Soba,,ツキミのソバ,One-shot,547,6.28,2011,https://cdn.myanimelist.net/images/manga/3/57341l.jpg
1272,Nanako-san-teki na Nichijou Dash!!,,菜々子さん的な日常 DASH!!,Manga,2017,6.27,2011,https://cdn.myanimelist.net/images/manga/2/172693l.jpg
1272,Sakana no Miru Yume,,魚の見る夢,Manga,1740,6.27,2011,https://cdn.myanimelist.net/images/manga/3/122895l.jpg
1272,Without the Sun,,태양없이,One-shot,477,6.27,2011,https://cdn.myanimelist.net/images/manga/2/81396l.jpg
1275,Bombshells,,BOMBSHELLS,Doujinshi,1355,6.26,2011,https://cdn.myanimelist.net/images/manga/1/139907l.jpg
1275,Comic EroChari,,コミック「エロチャリ」,Doujinshi,635,6.26,2011,https://cdn.myanimelist.net/images/manga/3/49829l.jpg
1275,Honey Lesson,,ハニーレッスン,One-shot,359,6.26,2011,https://cdn.myanimelist.net/images/manga/1/75751l.jpg
1275,Ijimekko no Okada-kun,,いじめっこの岡田くん,Manga,1230,6.26,2011,https://cdn.myanimelist.net/images/manga/3/64181l.jpg
1275,Lesbian Solo!,,レズビアンSOLO！,Doujinshi,801,6.26,2011,https://cdn.myanimelist.net/images/manga/2/115615l.jpg
1275,"Sensei, Sotsugyou",,先生、卒業,Manga,695,6.26,2011,https://cdn.myanimelist.net/images/manga/3/94481l.jpg
1275,Tsurugi no Joou to Rakuin no Ko,The Sword Queen and The Branded Child,剣の女王と烙印の仔,Manga,673,6.26,2011,https://cdn.myanimelist.net/images/manga/3/115325l.jpg
1282,1/8 Kanojo,,1/8かのじょ,Manga,1390,6.25,2011,https://cdn.myanimelist.net/images/manga/3/70593l.jpg
1282,Addolorato,,アッドロラート,One-shot,420,6.25,2011,https://cdn.myanimelist.net/images/manga/3/160706l.jpg
1282,Bara Seiyoukan,,薔薇西洋館,Manga,335,6.25,2011,https://cdn.myanimelist.net/images/manga/1/93581l.jpg
1282,Boku no Dorei ni Narinasai,,僕の奴隷になりなさい,Manga,402,6.25,2011,https://cdn.myanimelist.net/images/manga/3/168271l.jpg
1282,Danshi Hanayakanare,,男子 華やかなれ,Manga,372,6.25,2011,https://cdn.myanimelist.net/images/manga/1/129111l.jpg
1282,Gals Police 24-ji,Gals Police Department,GALS POLICE 24時,Manga,1407,6.25,2011,https://cdn.myanimelist.net/images/manga/3/139197l.jpg
1282,Hybrid Boy Returns!,,ハイブリッド・ボーイ リターンズ！,Doujinshi,320,6.25,2011,https://cdn.myanimelist.net/images/manga/3/160335l.jpg
1282,Kanojo no Sekai,,彼女の世界,Manga,2001,6.25,2011,https://cdn.myanimelist.net/images/manga/1/89691l.jpg
1282,Migatte na Koigokoro,,身勝手な恋心,Manga,376,6.25,2011,https://cdn.myanimelist.net/images/manga/3/101741l.jpg
1282,Organ,,ORGAN,One-shot,916,6.25,2011,https://cdn.myanimelist.net/images/manga/3/79849l.jpg
1282,Paperweight Eye,,ペーパーウエイト アイ,Manga,2460,6.25,2011,https://cdn.myanimelist.net/images/manga/1/125315l.jpg
1282,Rinkan Fuck!! Josou Shounen Monzetsu Rape,,輪姦FUCK!! 女装少年悶絶レイプ!!,Doujinshi,592,6.25,2011,https://cdn.myanimelist.net/images/manga/1/93427l.jpg
1294,"""Aishiteru"", Uso dakedo.","I Love You..., It's Lie",「愛してる」、嘘だけど。,Manga,2890,6.24,2011,https://cdn.myanimelist.net/images/manga/2/77239l.jpg
1294,Bloody Folklore,,ブラッディーフォークロア,Manga,590,6.24,2011,https://cdn.myanimelist.net/images/manga/2/110195l.jpg
1294,Bloomed in Action,,ブルームド・イン・アクション,Manga,1587,6.24,2011,https://cdn.myanimelist.net/images/manga/1/61947l.jpg
1294,Momorubu,,ももるぶ,Manga,646,6.24,2011,https://cdn.myanimelist.net/images/manga/1/73585l.jpg
1294,Murahagane,,叢鋼 -ムラハガネ,One-shot,699,6.24,2011,https://cdn.myanimelist.net/images/manga/1/115503l.jpg
1294,Nana to Kaoru: Pink Pure,,ナナとカオルぴんくぴゅあ,Manga,2038,6.24,2011,https://cdn.myanimelist.net/images/manga/1/125073l.jpg
1294,Onnanoko no Hi,,女の子の日,Doujinshi,408,6.24,2011,https://cdn.myanimelist.net/images/manga/1/70569l.jpg
1294,Phase 20 2,,Phase20 2,One-shot,841,6.24,2011,https://cdn.myanimelist.net/images/manga/1/150359l.jpg
1294,Rairaiden,,電電伝,One-shot,504,6.24,2011,https://cdn.myanimelist.net/images/manga/1/62645l.jpg
1294,Scissor Sisters,,シザーシスターズ,Manga,392,6.24,2011,https://cdn.myanimelist.net/images/manga/4/78147l.jpg
1294,Usotsuki Lily,,うそつきリリィ,One-shot,1094,6.24,2011,https://cdn.myanimelist.net/images/manga/3/260189l.jpg
1305,Aijin Mensetsu,,愛人面接,Manga,373,6.23,2011,https://cdn.myanimelist.net/images/manga/1/145431l.jpg
1305,Busta!,,BUSTA!,Manga,540,6.23,2011,https://cdn.myanimelist.net/images/manga/1/155215l.jpg
1305,Kaiten!!,,カイテン!!,One-shot,564,6.23,2011,https://cdn.myanimelist.net/images/manga/2/66209l.jpg
1305,Miirareta Souichi,,魅入られた双一,One-shot,1492,6.23,2011,https://cdn.myanimelist.net/images/manga/1/240680l.jpg
1305,Tsuma ni Naru Hito,,妻になる人,One-shot,549,6.23,2011,https://cdn.myanimelist.net/images/manga/3/64255l.jpg
1310,Ao no Binetsu,,青の微熱,Manga,925,6.22,2011,https://cdn.myanimelist.net/images/manga/5/100867l.jpg
1310,Bloody Junkie,,BLOODY JUNKIE,Manga,6508,6.22,2011,https://cdn.myanimelist.net/images/manga/3/149724l.jpg
1310,Color Engineering,,カラー土木,Manga,714,6.22,2011,https://cdn.myanimelist.net/images/manga/3/80291l.jpg
1310,Cry Eye,,CRY EYE クライアイ,Manga,1408,6.22,2011,https://cdn.myanimelist.net/images/manga/2/137233l.jpg
1310,Konna Otouto to Seikatsu Shitara,,こんな弟と性活したら,Doujinshi,362,6.22,2011,https://cdn.myanimelist.net/images/manga/2/93421l.jpg
1310,Misakura Nankotsu ni Yoroshiku,,みさくらなんこつによろしく,Doujinshi,542,6.22,2011,https://cdn.myanimelist.net/images/manga/3/93479l.jpg
1310,Nemurenai Yoru wa...,,眠れない夜は...,One-shot,340,6.22,2011,https://cdn.myanimelist.net/images/manga/3/59715l.jpg
1310,Sugar Spot,,シュガースポット,One-shot,331,6.22,2011,https://cdn.myanimelist.net/images/manga/2/77293l.jpg
1310,Tomodachi Nanka Iranai,,友達なんかいらない,One-shot,253,6.22,2011,https://cdn.myanimelist.net/images/manga/2/77169l.jpg
1319,Eto Danshi,,干支男子,Manga,299,6.21,2011,https://cdn.myanimelist.net/images/manga/3/232445l.jpg
1319,Gozen 6-ji no Jouji,,午前6時の情事,One-shot,245,6.21,2011,https://cdn.myanimelist.net/images/manga/1/154961l.jpg
1319,Kirameki!! Otoko no Ko Juku,,煌!!男の娘塾,Manga,1090,6.21,2011,https://cdn.myanimelist.net/images/manga/1/201578l.jpg
1319,Tokyo Summer of the Dead,,東京サマーオブザデッド,Manga,2141,6.21,2011,https://cdn.myanimelist.net/images/manga/3/306834l.jpg
1323,Hiiro no Hana,,緋色の花,One-shot,743,6.2,2011,https://cdn.myanimelist.net/images/manga/3/152285l.jpg
1323,Irotoridori no,,いろとりどりの,One-shot,580,6.2,2011,https://cdn.myanimelist.net/images/manga/3/128109l.jpg
1323,Kamisama☆Permanent,,神様☆パーマネント,One-shot,2859,6.2,2011,https://cdn.myanimelist.net/images/manga/3/161333l.jpg
1323,Tama ni Onegai!,,タマにお願い!,One-shot,441,6.2,2011,https://cdn.myanimelist.net/images/manga/1/74769l.jpg
1327,Big Order,Big Order,ビッグオーダー,Manga,17795,6.19,2011,https://cdn.myanimelist.net/images/manga/2/179733l.jpg
1327,Himitsu no Bara Juujidan,,ヒミツの薔薇十字団,Manga,428,6.19,2011,https://cdn.myanimelist.net/images/manga/3/72101l.jpg
1327,Kokoro Rental,,ココロレンタル,One-shot,1658,6.19,2011,https://cdn.myanimelist.net/images/manga/3/58625l.jpg
1327,Shigan Kyoushuu,,此岸郷愁,One-shot,370,6.19,2011,https://cdn.myanimelist.net/images/manga/1/190459l.jpg
1331,Mika Ganbaru!,,ミカ頑張る！,One-shot,260,6.18,2011,https://cdn.myanimelist.net/images/manga/3/49863l.jpg
1331,Otome x Ranbu,,乙女×乱舞,Manga,966,6.18,2011,https://cdn.myanimelist.net/images/manga/1/88283l.jpg
1331,"Sawaranaide, Kowareteimasu.",,さわらないで、壊れています。,Manga,622,6.18,2011,https://cdn.myanimelist.net/images/manga/2/164631l.jpg
1334,Kontou Shoujo,The Girl in a Faint,昏倒少女,Manga,667,6.16,2011,https://cdn.myanimelist.net/images/manga/2/192204l.jpg
1335,Boku wa Hajikko ga Suki,,僕は恥っこが好き,Manga,3096,6.15,2011,https://cdn.myanimelist.net/images/manga/4/67419l.jpg
1336,Aki,,aki,Manga,664,6.14,2011,https://cdn.myanimelist.net/images/manga/2/60243l.jpg
1336,Azuke Honya,,預け本屋,Manga,1026,6.14,2011,https://cdn.myanimelist.net/images/manga/1/67567l.jpg
1336,Saegusa-sensei,,三枝先生,One-shot,592,6.14,2011,https://cdn.myanimelist.net/images/manga/3/275470l.jpg
1339,Hammer Maid!,,はんまめいど！,Manga,4634,6.13,2011,https://cdn.myanimelist.net/images/manga/2/94671l.jpg
1340,orz,,orz,Manga,497,6.12,2011,https://cdn.myanimelist.net/images/manga/2/124069l.jpg
1341,Kokken,,黒鍵,One-shot,261,6.11,2011,https://cdn.myanimelist.net/images/manga/1/58749l.jpg
1341,Tutor Maid,,ちゅーたーメイド,One-shot,351,6.11,2011,https://cdn.myanimelist.net/images/manga/3/64951l.jpg
1343,Crueler Than Dead,,クルエラー ザン デッド,Manga,939,6.1,2011,https://cdn.myanimelist.net/images/manga/1/225726l.jpg
1343,Vampire Girl,,Vampire girl ヴァンパイアガール,One-shot,1412,6.1,2011,https://cdn.myanimelist.net/images/manga/1/99099l.jpg
1345,Anorexia: Shikabane Hanako wa Kyoshokushou,,アノレクシア～しかばね華子は拒食症～,Manga,4730,6.09,2011,https://cdn.myanimelist.net/images/manga/1/134177l.jpg
1346,Dream Hunter Rem Alternative,,ドリームハンター麗夢alternative,Manga,526,6.08,2011,https://cdn.myanimelist.net/images/manga/2/117843l.jpg
1346,Saitei na Hito wo Suki ni Narimashita,,最低な人をスキになりました,One-shot,1327,6.08,2011,https://cdn.myanimelist.net/images/manga/2/72055l.jpg
1348,Hakushi no Fukakai na Yaen,,博士の不可解な夜宴,Manga,324,6.06,2011,https://cdn.myanimelist.net/images/manga/3/68209l.jpg
1349,Ai wo Kou Kemono,,愛を乞うケモノ,Manga,3109,6.05,2011,https://cdn.myanimelist.net/images/manga/3/329855l.jpg
1349,Konna Otouto to Kurashitara,,こんな弟と暮らしたら,Doujinshi,487,6.05,2011,https://cdn.myanimelist.net/images/manga/1/93419l.jpg
1349,Saiteihen no Otoko,Scumbag Loser,最底辺の男 -Scumbag Loser-,Manga,13691,6.05,2011,https://cdn.myanimelist.net/images/manga/3/130671l.jpg
1352,Ghostrong,,GHOSTRONG-ゴーストロング-,One-shot,310,6.04,2011,https://cdn.myanimelist.net/images/manga/3/208191l.jpg
1353,Gantz no Moto: Oku Hiroya to SF Eiga Monogatari,,GANTZの素 -奥浩哉とSF映画物語-,One-shot,3597,6.03,2011,https://cdn.myanimelist.net/images/manga/1/39512l.jpg
1353,Yadokari Fuck!! Iede DC Furousha Yogore Chinpo Josou Pako Pako Mebuta Akume,,宿借りFUCK!! 家出DC浮浪者汚ちんぽ女装パコパコ雌豚アクメ,Doujinshi,514,6.03,2011,https://cdn.myanimelist.net/images/manga/1/93429l.jpg
1355,Hakudaku no Kyoushitsu: Netorareta Onna Kyoushi,,白濁の教室 -寝取られた女教師-,One-shot,310,6.02,2011,https://cdn.myanimelist.net/images/manga/2/69369l.jpg
1355,Holy Knight,,ホーリーナイト,Manga,6975,6.02,2011,https://cdn.myanimelist.net/images/manga/3/58011l.jpg
1355,Kokoro Photography,,ココロ・フォトグラフィ,One-shot,234,6.02,2011,https://cdn.myanimelist.net/images/manga/1/65989l.jpg
1355,Sexual Hunter Riot,,セクシャル・ハンター・ライオット,Manga,6754,6.02,2011,https://cdn.myanimelist.net/images/manga/3/119173l.jpg
1359,Ane x Sensei x Imouto,,姉Ｘ先生Ｘ妹,One-shot,500,6.01,2011,https://cdn.myanimelist.net/images/manga/1/48681l.jpg
1360,Morning Cock,,MORNING COCK,One-shot,723,6.0,2011,https://cdn.myanimelist.net/images/manga/2/59679l.jpg
1361,"Aan, Obasan, Mata Ikasarechau!",,ああん、オバさん、またイかされちゃう！,Doujinshi,382,5.99,2011,https://cdn.myanimelist.net/images/manga/3/120267l.jpg
1361,Angel Game: Sayonara to Mirai no Kakera,,エンゼルゲーム さよならと未来のカケラ,Manga,1033,5.99,2011,https://cdn.myanimelist.net/images/manga/3/139405l.jpg
1361,Kachuu no Ou,,花中の王,One-shot,601,5.99,2011,https://cdn.myanimelist.net/images/manga/3/60105l.jpg
1364,Girl's End,,Girl's End,One-shot,378,5.97,2011,https://cdn.myanimelist.net/images/manga/2/42284l.jpg
1365,Hidari no Futari,,左の二人,One-shot,1079,5.93,2011,https://cdn.myanimelist.net/images/manga/3/42789l.jpg
1366,-SINS-,,-SINS-シンズ,One-shot,2819,5.92,2011,https://cdn.myanimelist.net/images/manga/2/45284l.jpg
1367,Warera Nishizaki Kiba Gundan,,われら西崎騎馬軍団,One-shot,292,5.91,2011,https://cdn.myanimelist.net/images/manga/4/111257l.jpg
1368,Boku no Otouto no Kawaisa wa Ijou,,僕の弟の可愛さは異常,One-shot,521,5.88,2011,https://cdn.myanimelist.net/images/manga/2/63703l.jpg
1368,Chocolate de Cousin,Chocolate de Cousin,,One-shot,664,5.88,2011,https://cdn.myanimelist.net/images/manga/4/39568l.jpg
1370,Shuugaku Ryokou no Yoru,,修学旅行の夜,One-shot,515,5.85,2011,https://cdn.myanimelist.net/images/manga/4/111237l.jpg
1371,Boy Fusion Girl,,ボーイ・フュージョン・ガール,One-shot,793,5.81,2011,https://cdn.myanimelist.net/images/manga/3/111325l.jpg
1372,Pupa,,pupa,Manga,23900,5.8,2011,https://cdn.myanimelist.net/images/manga/1/99057l.jpg
1372,Waza no Tabibito,,技の旅人,Manga,587,5.8,2011,https://cdn.myanimelist.net/images/manga/2/82724l.jpg
1374,Natsu da! Hanabi da! Otoko no koni wa Yukata da!,,夏だ！花火だ！おとこのこには浴衣だ,One-shot,358,5.79,2011,https://cdn.myanimelist.net/images/manga/2/111289l.jpg
1375,Abunai Mizugi,,あぶないみゆぎ,One-shot,410,5.77,2011,https://cdn.myanimelist.net/images/manga/1/77275l.jpg
1376,Hinichijousei Bias,,非日常性バイアス,Manga,538,5.75,2011,https://cdn.myanimelist.net/images/manga/1/112197l.jpg
1377,Truth,,なもり百合姫表紙画集 truth,One-shot,1239,5.74,2011,https://cdn.myanimelist.net/images/manga/2/133411l.jpg
1377,Uwa-Koi,,うわこい,Manga,15446,5.74,2011,https://cdn.myanimelist.net/images/manga/3/74247l.jpg
1379,Danzai no Maria,The Exorcism of Maria,断罪のマリア,Manga,530,5.73,2011,https://cdn.myanimelist.net/images/manga/2/64485l.jpg
1380,Tenshi no Drop,Angel's Drop,天使のどろっぷ,Manga,911,5.71,2011,https://cdn.myanimelist.net/images/manga/2/200732l.jpg
1381,Hanayome no Shikaku,,花嫁の資格,One-shot,432,5.7,2011,https://cdn.myanimelist.net/images/manga/1/69111l.jpg
1381,Okaasan,,おかあさん,One-shot,444,5.7,2011,https://cdn.myanimelist.net/images/manga/3/78049l.jpg
1383,Boy Meets Rape,,BOY meets RAPE,Doujinshi,1076,5.68,2011,https://cdn.myanimelist.net/images/manga/3/93405l.jpg
1383,Frog Princess,,青蛙公主,Manhua,336,5.68,2011,https://cdn.myanimelist.net/images/manga/3/63951l.jpg
1385,Izanaeru,,イザナエル,One-shot,422,5.65,2011,https://cdn.myanimelist.net/images/manga/1/213479l.jpg
1386,Yoru no Tenohira,,夜のてのひら,Manga,1014,5.64,2011,https://cdn.myanimelist.net/images/manga/3/46531l.jpg
1387,Aigan Cinderella,,愛玩シンデレラ,Manga,2016,5.63,2011,https://cdn.myanimelist.net/images/manga/1/157374l.jpg
1388,Kanojo no Kare,,彼女の彼,One-shot,449,5.61,2011,https://cdn.myanimelist.net/images/manga/2/78263l.jpg
1388,The Quiz,,ザ・クイズ,Manga,2239,5.61,2011,https://cdn.myanimelist.net/images/manga/3/90035l.jpg
1390,Hatsukoi wa Marude Yaiba no You ni,,初恋はまるで刃のように,Manga,1130,5.6,2011,https://cdn.myanimelist.net/images/manga/1/173085l.jpg
1390,Skirt.,,Skirt。,One-shot,472,5.6,2011,https://cdn.myanimelist.net/images/manga/1/61849l.jpg
1392,Aomidoro,,青味泥,One-shot,331,5.56,2011,https://cdn.myanimelist.net/images/manga/3/77151l.jpg
1393,Fragile,,フラジャイル,One-shot,1796,5.54,2011,https://cdn.myanimelist.net/images/manga/1/49287l.jpg
1394,Yumin ni Gohan wo Tabesasetai: Yumin to Issho ni Taberu Kankoku Ryouri,,ユミンにご飯を食べさせたい―ユミンと一緒に食べる韓国料理,Manga,1282,5.53,2011,https://cdn.myanimelist.net/images/manga/1/166299l.jpg
1395,Huvahh,,HUVAHH,One-shot,2347,5.5,2011,https://cdn.myanimelist.net/images/manga/2/144553l.jpg
1396,Zoo Factory,,ゾーファクトリー,One-shot,1158,5.46,2011,https://cdn.myanimelist.net/images/manga/1/40609l.jpg
1397,Watashi no Suki na Senpai,,私の好きな先輩,One-shot,882,5.44,2011,https://cdn.myanimelist.net/images/manga/2/84609l.jpg
1398,Sweet Poolside,Sweet Poolside,スイートプールサイド,Manga,7690,5.36,2011,https://cdn.myanimelist.net/images/manga/2/72979l.jpg
1399,Snuff Film Monologue,,スナッフフィルムモノローグ,One-shot,473,5.29,2011,https://cdn.myanimelist.net/images/manga/1/77317l.jpg
