rank,title,title_english,title_japanese,type,members,score,year,image_url
1,Monogatari Series: Second Season,,〈物語〉シリーズ セカンドシーズン,Light Novel,28591,8.93,2010,https://cdn.myanimelist.net/images/manga/2/181553l.jpg
2,Umineko no Naku Koro ni Chiru - Episode 5: End of the Golden Witch,Umineko WHEN THEY CRY Episode 5: End of the Golden Witch,うみねこのなく頃に散 - Episode 5: End of the Golden Witch,Manga,18675,8.55,2010,https://cdn.myanimelist.net/images/manga/2/273941l.jpg
3,Umineko no Naku Koro ni Chiru - Episode 6: Dawn of the Golden Witch,Umineko WHEN THEY CRY Episode 6: Dawn of the Golden Witch,うみねこのなく頃に散 Episode 6: Dawn of the Golden Witch,Manga,16452,8.51,2010,https://cdn.myanimelist.net/images/manga/2/273942l.jpg
4,Hinamatsuri,Hinamatsuri,ヒナまつり,Manga,61541,8.47,2010,https://cdn.myanimelist.net/images/manga/3/285804l.jpg
5,Imawa no Kuni no Alice,Alice in Borderland,今際の国のアリス,Manga,97928,8.38,2010,https://cdn.myanimelist.net/images/manga/3/137237l.jpg
6,Shouwa Genroku Rakugo Shinjuu,Descending Stories: Showa Genroku Rakugo Shinju,昭和元禄落語心中,Manga,11496,8.37,2010,https://cdn.myanimelist.net/images/manga/2/261416l.jpg
7,The Breaker: New Waves,,브레이커NW,Manhwa,99007,8.36,2010,https://cdn.myanimelist.net/images/manga/1/62105l.jpg
8,Noragami,Noragami: Stray God,ノラガミ,Manga,200889,8.35,2010,https://cdn.myanimelist.net/images/manga/3/161911l.jpg
9,Tower of God,Tower of God,신의 탑,Manhwa,215759,8.33,2010,https://cdn.myanimelist.net/images/manga/2/223694l.jpg
10,Sunny,Sunny,Sunny,Manga,26406,8.31,2010,https://cdn.myanimelist.net/images/manga/1/151417l.jpg
11,Annarasumanara,Annarasumanara,안나라수마나라,Manhwa,74333,8.26,2010,https://cdn.myanimelist.net/images/manga/3/157589l.jpg
12,Taiyou no Ie,House of the Sun,たいようのいえ,Manga,99604,8.2,2010,https://cdn.myanimelist.net/images/manga/2/149086l.jpg
13,Touhou Ibara Kasen: Wild and Horned Hermit.,,東方茨歌仙 ～Wild and Horned Hermit.,Manga,9259,8.19,2010,https://cdn.myanimelist.net/images/manga/3/149288l.jpg
14,Can't See Can't Hear But Love,"See, Hear, Love",보지 못하고 듣지 못하고 사랑해,Manhwa,20431,8.16,2010,https://cdn.myanimelist.net/images/manga/1/268900l.jpg
15,Feng Shen Ji,,封神記,Manhua,29151,8.15,2010,https://cdn.myanimelist.net/images/manga/2/177765l.jpg
16,Bokura wa Minna Kawai-sou,The Kawai Complex Guide to Manors and Hostel Behavior,僕らはみんな河合荘,Manga,47196,8.14,2010,https://cdn.myanimelist.net/images/manga/1/204982l.jpg
17,High Score Girl,Hi Score Girl,ハイスコアガール,Manga,20959,8.1,2010,https://cdn.myanimelist.net/images/manga/2/212640l.jpg
17,Kokoro Connect,Kokoro Connect,ココロコネクト,Light Novel,12924,8.1,2010,https://cdn.myanimelist.net/images/manga/2/197785l.jpg
19,Donten ni Warau,Laughing Under the Clouds,曇天に笑う,Manga,24923,8.09,2010,https://cdn.myanimelist.net/images/manga/1/254936l.jpg
20,Kase-san Series,Kase-san and...,加瀬さんシリーズ,Manga,38706,8.07,2010,https://cdn.myanimelist.net/images/manga/1/215181l.jpg
21,Log Horizon,Log Horizon,ログ・ホライズン,Light Novel,15679,8.06,2010,https://cdn.myanimelist.net/images/manga/2/105755l.jpg
22,Kubera,,쿠베라,Manhwa,16515,8.05,2010,https://cdn.myanimelist.net/images/manga/3/74413l.jpg
23,Itoshi no Nekokke,My Darling Kitten Hair,いとしの猫っ毛,Manga,4816,8.04,2010,https://cdn.myanimelist.net/images/manga/2/262379l.jpg
24,Ouran Koukou Host Club Short Special,,桜蘭高校ホスト部,One-shot,6609,8.0,2010,https://cdn.myanimelist.net/images/manga/4/39258l.jpg
25,Steins;Gate: Onshuu no Brownian Motion,,STEINS;GATE恩讐のブラウニアンモーション,Manga,6135,7.99,2010,https://cdn.myanimelist.net/images/manga/1/149165l.jpg
25,Totally Captivated: The Last Episode,,완전무결한 그들의 마지막 이야기,Doujinshi,3590,7.99,2010,https://cdn.myanimelist.net/images/manga/3/30851l.jpg
27,Conveni-kun.,Mr Mini Mart,コンビニくん。,Manga,22082,7.98,2010,https://cdn.myanimelist.net/images/manga/4/60601l.jpg
28,Hajimari no Niina,,はじまりのにいな,Manga,16297,7.96,2010,https://cdn.myanimelist.net/images/manga/5/261738l.jpg
29,Angel Beats!: Heaven's Door,Angel Beats!: Heaven's Door,Angel Beats! －Heaven's Door－,Manga,22059,7.95,2010,https://cdn.myanimelist.net/images/manga/1/153985l.jpg
29,Cheese in the Trap Season 1,Cheese in the Trap Season 1,치즈인더트랩 시즌1,Manhwa,29050,7.95,2010,https://cdn.myanimelist.net/images/manga/1/195590l.jpg
29,Sakura-sou no Pet na Kanojo,,さくら荘のペットな彼女,Light Novel,17866,7.95,2010,https://cdn.myanimelist.net/images/manga/2/159577l.jpg
32,Gekkou,,月光,Light Novel,16284,7.92,2010,https://cdn.myanimelist.net/images/manga/2/77871l.jpg
33,Byousoku 5 Centimeter,5 Centimeters per Second,秒速5センチメートル,Manga,34137,7.91,2010,https://cdn.myanimelist.net/images/manga/3/138585l.jpg
33,Hitori-tachi,,ひとりたち,Manga,5159,7.91,2010,https://cdn.myanimelist.net/images/manga/2/262915l.jpg
33,Seireitsukai no Blade Dance,,精霊使いの剣舞〈ブレイドダンス〉,Light Novel,8861,7.91,2010,https://cdn.myanimelist.net/images/manga/2/217828l.jpg
36,Nana to Kaoru: Black Label,,ナナとカオル Black Label,Manga,17175,7.9,2010,https://cdn.myanimelist.net/images/manga/2/188990l.jpg
37,Kiba no Tabishounin: The Arms Peddler,,牙の旅商人 ～The Arms Peddler～,Manga,12019,7.89,2010,https://cdn.myanimelist.net/images/manga/1/109235l.jpg
38,"Inari, Konkon, Koi Iroha.",Inari Konkon,いなり、こんこん、恋いろは。,Manga,19378,7.86,2010,https://cdn.myanimelist.net/images/manga/1/188898l.jpg
39,Maoyuu Maou Yuusha,,まおゆう魔王勇者,Light Novel,7943,7.85,2010,https://cdn.myanimelist.net/images/manga/1/45197l.jpg
40,To LOVE-Ru Darkness,To Love Ru: Darkness,To LOVEる -とらぶる- ダークネス,Manga,52718,7.84,2010,https://cdn.myanimelist.net/images/manga/3/253547l.jpg
41,"Gate: Jieitai Kanochi nite, Kaku Tatakaeri",,ゲート 自衛隊彼の地にて、斯く戦えり,Novel,8598,7.83,2010,https://cdn.myanimelist.net/images/manga/3/317770l.jpg
41,Rec: Kimi ga Naita Hi,,REC－君が泣いた日－,Manga,8341,7.83,2010,https://cdn.myanimelist.net/images/manga/2/151524l.jpg
43,Akame ga Kill!,Akame ga Kill!,アカメが斬る!,Manga,193491,7.81,2010,https://cdn.myanimelist.net/images/manga/1/260104l.jpg
43,Fate/Zero,Fate/Zero,Fate/Zero,Manga,9040,7.81,2010,https://cdn.myanimelist.net/images/manga/3/196931l.jpg
43,Golden Time,,ゴールデンタイム,Light Novel,6673,7.81,2010,https://cdn.myanimelist.net/images/manga/2/179802l.jpg
46,Sono Koi ni wa Wake ga Aru,,その恋にはワケがある,Manga,6025,7.8,2010,https://cdn.myanimelist.net/images/manga/3/33252l.jpg
46,Tokyo Ravens,,東京レイヴンズ,Light Novel,5776,7.8,2010,https://cdn.myanimelist.net/images/manga/1/150362l.jpg
48,Love Stage!!,Love Stage!!,LOVE STAGE!!,Manga,40874,7.79,2010,https://cdn.myanimelist.net/images/manga/3/267691l.jpg
49,Katekyo! Special Booklets,,カテキョ！ SPECIAL BOOK,Manga,2530,7.78,2010,https://cdn.myanimelist.net/images/manga/1/64245l.jpg
50,Steins;Gate: Youen no Valhalla,,遥遠のヴァルハラ,Light Novel,2228,7.76,2010,https://cdn.myanimelist.net/images/manga/2/83621l.jpg
51,"Nineteen, Twenty-One",,열아홉스물하나,Manhwa,23502,7.74,2010,https://cdn.myanimelist.net/images/manga/3/40772l.jpg
51,Warui Koibito ja Dame?,,ワルイ恋人じゃダメ?,Manga,4960,7.74,2010,https://cdn.myanimelist.net/images/manga/5/41887l.jpg
53,Sugar Apple Fairy Tale,Sugar Apple Fairy Tale,シュガーアップル・フェアリーテイル,Light Novel,2520,7.73,2010,https://cdn.myanimelist.net/images/manga/3/137949l.jpg
54,Kara no Kyoukai: The Garden of Sinners,,空の境界 the Garden of sinners,Manga,5454,7.72,2010,https://cdn.myanimelist.net/images/manga/5/67635l.jpg
55,Kiniro Mosaic,Kiniro Mosaic,きんいろモザイク,Manga,4264,7.71,2010,https://cdn.myanimelist.net/images/manga/3/41828l.jpg
56,AKB49: Renai Kinshi Jourei,,AKB49〜恋愛禁止条例〜,Manga,14451,7.7,2010,https://cdn.myanimelist.net/images/manga/2/167252l.jpg
56,Eien no 0,,永遠の0,Manga,1574,7.7,2010,https://cdn.myanimelist.net/images/manga/3/100859l.jpg
58,Kishibe Rohan Louvre e Iku,Rohan at the Louvre,岸辺露伴 ルーヴルへ行く,Manga,14602,7.69,2010,https://cdn.myanimelist.net/images/manga/2/175983l.jpg
58,Kore wa Koi no Hanashi,,これは恋のはなし,Manga,10215,7.69,2010,https://cdn.myanimelist.net/images/manga/2/196299l.jpg
58,Tonari no Seki-kun,My Neighbor Seki,となりの関くん,Manga,21343,7.69,2010,https://cdn.myanimelist.net/images/manga/2/74647l.jpg
61,Ikumen☆After,,イクメン☆アフター,Manga,2447,7.68,2010,https://cdn.myanimelist.net/images/manga/3/71155l.jpg
61,Mayo Chiki!,Mayo Chiki!,まよチキ！,Manga,25000,7.68,2010,https://cdn.myanimelist.net/images/manga/3/54741l.jpg
63,1/11: Juuichi Bun no Ichi,,1/11 じゅういちぶんのいち,Manga,4273,7.67,2010,https://cdn.myanimelist.net/images/manga/1/165621l.jpg
63,Nickelodeon,,ニッケルオデオン,Manga,14367,7.67,2010,https://cdn.myanimelist.net/images/manga/1/64959l.jpg
63,Sora no Otoshimono,,そらのおとしもの,Light Novel,1365,7.67,2010,https://cdn.myanimelist.net/images/manga/3/171518l.jpg
66,Devil's Honey,Devil's Honey,デビルズハニー,Manga,2999,7.66,2010,https://cdn.myanimelist.net/images/manga/2/266826l.jpg
66,Slow Starter,,スロースターター,Manga,10458,7.66,2010,https://cdn.myanimelist.net/images/manga/1/64709l.jpg
66,Trinity Seven: 7-nin no Mashotsukai,Trinity Seven: The Seven Magicians,トリニティセブン 7人の魔書使い,Manga,46914,7.66,2010,https://cdn.myanimelist.net/images/manga/1/63963l.jpg
69,Bakemonogatari Short Stories,,化物語アニメコンプリートガイドブック,Light Novel,3121,7.65,2010,https://cdn.myanimelist.net/images/manga/1/275369l.jpg
70,Hana no Kishi,Knight of Flower,花の騎士,Manga,8644,7.64,2010,https://cdn.myanimelist.net/images/manga/3/269917l.jpg
71,Yukarism,Yukarism,ゆかりズム,Manga,4369,7.63,2010,https://cdn.myanimelist.net/images/manga/2/166921l.jpg
72,Hisohiso: Silent Voice,,ひそひそ -silent voice-,Manga,1954,7.62,2010,https://cdn.myanimelist.net/images/manga/1/151008l.jpg
72,Naruto Ninden Series,,NARUTO -ナルト- 忍伝シリーズ,Light Novel,3448,7.62,2010,https://cdn.myanimelist.net/images/manga/2/70963l.jpg
72,Starlike Words,,スターライクワーズ,Manga,16046,7.62,2010,https://cdn.myanimelist.net/images/manga/1/86487l.jpg
75,Another,Another,Another,Manga,73151,7.61,2010,https://cdn.myanimelist.net/images/manga/2/159693l.jpg
75,Toaru Majutsu no Index SS: Norse Mythology,A Certain Magical Index SS: Norse Mythology,とある魔術の禁書目録SS,Light Novel,2243,7.61,2010,https://cdn.myanimelist.net/images/manga/3/55293l.jpg
75,Transfer Student Storm Bringer,,폭풍의 전학생,Manhwa,8163,7.61,2010,https://cdn.myanimelist.net/images/manga/2/52425l.jpg
78,Smile Brush: My Old Pictures,Smile Brush: My Old Pictures,스마일 브러시 오래된 사진,Manhwa,906,7.6,2010,https://cdn.myanimelist.net/images/manga/3/299838l.jpg
79,The Legend of the Sun Knight,,吾命騎士,Manhua,3697,7.59,2010,https://cdn.myanimelist.net/images/manga/2/173340l.jpg
80,Boku wa Tomodachi ga Sukunai,Haganai: I Don't Have Many Friends,僕は友達が少ない,Manga,26756,7.58,2010,https://cdn.myanimelist.net/images/manga/1/171868l.jpg
80,Machine-Doll wa Kizutsukanai,,機巧少女(マシンドール)は傷つかない,Manga,15811,7.58,2010,https://cdn.myanimelist.net/images/manga/3/38260l.jpg
82,High School DxD,High School DxD,ハイスクールD×D,Manga,28816,7.57,2010,https://cdn.myanimelist.net/images/manga/1/206676l.jpg
82,Kiss Wood,,키스우드,Manhwa,3715,7.57,2010,https://cdn.myanimelist.net/images/manga/1/65275l.jpg
82,Mad Cinderella,Mad Cinderella,マッドシンデレラ,Manga,5019,7.57,2010,https://cdn.myanimelist.net/images/manga/2/174368l.jpg
82,Power Play!,Power Play!,Powerプレイ！,Manga,3798,7.57,2010,https://cdn.myanimelist.net/images/manga/3/64047l.jpg
82,"Yume no Shizuku, Kin no Torikago",,夢の雫、黄金〈きん〉の鳥籠,Manga,2636,7.57,2010,https://cdn.myanimelist.net/images/manga/1/285111l.jpg
87,Nagareboshi Lens,Shooting Star☆Lens,流れ星レンズ,Manga,9545,7.56,2010,https://cdn.myanimelist.net/images/manga/1/147859l.jpg
87,Yellow/R,,YELLOW/R,Manga,1306,7.56,2010,https://cdn.myanimelist.net/images/manga/2/142099l.jpg
89,Groundless,,GROUNDLESS,Manga,5399,7.55,2010,https://cdn.myanimelist.net/images/manga/3/139775l.jpg
90,Aku no Meshitsukai,,悪ノ召使,Manga,3128,7.54,2010,https://cdn.myanimelist.net/images/manga/2/69961l.jpg
90,"Haikei, Niisan-sama",,拝啓、兄さん様,Manga,4794,7.54,2010,https://cdn.myanimelist.net/images/manga/1/90353l.jpg
90,Katekyo! Brap dj - Kemomimi,,ケモミミ！,Doujinshi,2797,7.54,2010,https://cdn.myanimelist.net/images/manga/3/46395l.jpg
93,Natsu no Kakera,,夏のかけら,Manga,2836,7.53,2010,https://cdn.myanimelist.net/images/manga/1/269044l.jpg
94,Fella Hame Lips,,フェラハメりっぷす,Manga,3702,7.52,2010,https://cdn.myanimelist.net/images/manga/3/146431l.jpg
94,Prism,,prism,Manga,19643,7.52,2010,https://cdn.myanimelist.net/images/manga/5/65033l.jpg
94,Sensei wa Sadistic,,先生はサディスティック,Manga,3263,7.52,2010,https://cdn.myanimelist.net/images/manga/1/108659l.jpg
94,Shounen Note,Shonen Note: Boy Soprano,少年ノート,Manga,6045,7.52,2010,https://cdn.myanimelist.net/images/manga/1/152355l.jpg
98,Choujigen Game Neptune: Megami Tsuushin,,超次元ゲイム ネプテューヌ ~めがみつうしん~,Manga,2474,7.51,2010,https://cdn.myanimelist.net/images/manga/3/120037l.jpg
98,Coda,,coda [コーダ],Manga,2831,7.51,2010,https://cdn.myanimelist.net/images/manga/1/114853l.jpg
98,Gu Fang Bu Zi Shang,,孤芳不自賞,Manhua,3083,7.51,2010,https://cdn.myanimelist.net/images/manga/1/83194l.jpg
98,Kohitsuji Project,,子羊プロジェクト,Manga,3840,7.51,2010,https://cdn.myanimelist.net/images/manga/3/201123l.jpg
98,Shiki no Zenjitsu,The Wedding Eve,式の前日,Manga,7192,7.51,2010,https://cdn.myanimelist.net/images/manga/2/181264l.jpg
98,"Sore wa Totsuzen, Unmei no Aite ga",,それは突然、運命の相手が,Manga,14037,7.51,2010,https://cdn.myanimelist.net/images/manga/1/109607l.jpg
98,Yasashii Sekai no Tsukurikata,A Method to Make the Gentle World,やさしいセカイのつくりかた,Manga,21291,7.51,2010,https://cdn.myanimelist.net/images/manga/3/144221l.jpg
105,Conductor,,コンダクター,Manga,5439,7.5,2010,https://cdn.myanimelist.net/images/manga/1/275968l.jpg
105,Endou-kun no Kansatsu Nikki,,えんどうくんの観察日記,Manga,10612,7.5,2010,https://cdn.myanimelist.net/images/manga/2/196127l.jpg
105,Kyoukotsu no Yume,,狂骨の夢,Manga,1567,7.5,2010,https://cdn.myanimelist.net/images/manga/1/120953l.jpg
108,Feng Yu Jiu Tian,The Ravishing of the Crown Prince,凤于九天,Manhua,2180,7.49,2010,https://cdn.myanimelist.net/images/manga/2/303637l.jpg
108,Principal,,プリンシパル,Manga,2956,7.49,2010,https://cdn.myanimelist.net/images/manga/1/198443l.jpg
108,Senpai,,先輩,Manga,3324,7.49,2010,https://cdn.myanimelist.net/images/manga/3/70631l.jpg
111,Himegoto: Juukyuusai no Seifuku,HIME-GOTO: uniforms at the age of nineteen,ヒメゴト ～十九歳の制服～,Manga,22114,7.48,2010,https://cdn.myanimelist.net/images/manga/1/188905l.jpg
111,Westwood Vibrato,,WESTWOOD VIBRATO,Manga,1436,7.48,2010,https://cdn.myanimelist.net/images/manga/2/259649l.jpg
113,Hentai Ouji to Warawanai Neko.,"The ""HENTAI"" prince and the stony cat.",変態王子と笑わない猫。,Light Novel,5174,7.47,2010,https://cdn.myanimelist.net/images/manga/3/167383l.jpg
113,"Semete, Ano Yuki no You ni",,せめて、あの雪のように,Doujinshi,7376,7.47,2010,https://cdn.myanimelist.net/images/manga/3/100065l.jpg
113,Tokyo Ravens,Tokyo Ravens,東京レイヴンズ,Manga,9087,7.47,2010,https://cdn.myanimelist.net/images/manga/2/56569l.jpg
116,Kingdom Hearts: Birth by Sleep,Kingdom Hearts: Birth by Sleep,キングダム ハーツ Birth by Sleep,Light Novel,2297,7.46,2010,https://cdn.myanimelist.net/images/manga/3/283851l.jpg
116,Kokoro Connect,Kokoro Connect,ココロコネクト,Manga,10302,7.46,2010,https://cdn.myanimelist.net/images/manga/3/129693l.jpg
116,Shin Kidou Senki Gundam Wing: Endless Waltz - Haisha-tachi no Eikou,Mobile Suit Gundam Wing: Glory of the Losers,新機動戦記ガンダムW ENDLESS WALTZ 敗者たちの栄光,Manga,1194,7.46,2010,https://cdn.myanimelist.net/images/manga/2/148227l.jpg
116,Sword Art☆Online.,,そーどあーと☆おんらいん。,Manga,3334,7.46,2010,https://cdn.myanimelist.net/images/manga/2/185073l.jpg
120,He Loves You,,HE LOVES YOU,Manga,3135,7.45,2010,https://cdn.myanimelist.net/images/manga/3/82194l.jpg
120,Kore wa Zombie desu ka?,Is this a Zombie?,これはゾンビですか?,Manga,8578,7.45,2010,https://cdn.myanimelist.net/images/manga/2/132833l.jpg
120,Rewrite: Side-B,,Rewrite：SIDE-B,Manga,1533,7.45,2010,https://cdn.myanimelist.net/images/manga/3/157788l.jpg
120,Yuureitou,,幽麗塔,Manga,14605,7.45,2010,https://cdn.myanimelist.net/images/manga/2/89667l.jpg
124,14-sai no Koi,Love at Fourteen,14歳の恋,Manga,31339,7.44,2010,https://cdn.myanimelist.net/images/manga/3/211907l.jpg
124,Otome no Teikoku,,オトメの帝国,Manga,10707,7.44,2010,https://cdn.myanimelist.net/images/manga/3/319406l.jpg
124,Sugar Dark: Umerareta Yami to Shoujo,,シュガーダーク 埋められた闇と少女,Manga,9374,7.44,2010,https://cdn.myanimelist.net/images/manga/2/51981l.jpg
124,Tokyo ESP,Tokyo ESP,東京ESP,Manga,21455,7.44,2010,https://cdn.myanimelist.net/images/manga/3/105767l.jpg
128,Bouken Elektriciteit-tou,Wandering Island,冒険エレキテ島,Manga,8458,7.43,2010,https://cdn.myanimelist.net/images/manga/1/65313l.jpg
128,Love Plus: Rinko Days,,ラブプラス Rinko Days,Manga,7025,7.43,2010,https://cdn.myanimelist.net/images/manga/3/58649l.jpg
130,Ane Koi,Ane Koi: Elder Sister Love,姉恋,Manga,3431,7.42,2010,https://cdn.myanimelist.net/images/manga/3/68465l.jpg
130,Hell's Kitchen,,ヘルズキッチン,Manga,8234,7.42,2010,https://cdn.myanimelist.net/images/manga/2/67459l.jpg
130,Ojousama no Untenshu,The Heiress and the Chauffeur,お嬢様の運転手,Manga,4836,7.42,2010,https://cdn.myanimelist.net/images/manga/1/287289l.jpg
133,Kamisama no Inai Nichiyoubi,,神さまのいない日曜日,Light Novel,2153,7.41,2010,https://cdn.myanimelist.net/images/manga/2/103531l.jpg
133,Moon Trick,,MOON・TRICK,Manga,552,7.41,2010,https://cdn.myanimelist.net/images/manga/1/208262l.jpg
133,Toshokan no Aruji,Master in library,図書館の主,Manga,1006,7.41,2010,https://cdn.myanimelist.net/images/manga/2/167480l.jpg
136,Amagami: Love Goes On!,,アマガミ Love goes on!,Manga,4286,7.4,2010,https://cdn.myanimelist.net/images/manga/2/89631l.jpg
136,Digimon Xros Wars,,デジモンクロスウォーズ,Manga,1963,7.4,2010,https://cdn.myanimelist.net/images/manga/1/194129l.jpg
136,Junketsu + Kareshi,He's My Only Vampire,純血+彼氏,Manga,12845,7.4,2010,https://cdn.myanimelist.net/images/manga/1/139751l.jpg
136,Nekoka Kareshi no Ayashikata,,ネコ科彼氏のあやし方,Manga,6554,7.4,2010,https://cdn.myanimelist.net/images/manga/1/80379l.jpg
136,Shiro Ali,,白アリッッ,Manga,3227,7.4,2010,https://cdn.myanimelist.net/images/manga/1/170578l.jpg
141,GJ-bu,,GJ部,Light Novel,1468,7.39,2010,https://cdn.myanimelist.net/images/manga/1/84451l.jpg
141,Hitsugi no Chaika,,棺姫〈ひつぎ〉のチャイカ,Light Novel,2944,7.39,2010,https://cdn.myanimelist.net/images/manga/1/118449l.jpg
141,Witch Craft Works,Witchcraft Works,ウィッチクラフトワークス,Manga,25452,7.39,2010,https://cdn.myanimelist.net/images/manga/2/250818l.jpg
144,Aku no Musume,,悪ノ娘,Light Novel,1320,7.38,2010,https://cdn.myanimelist.net/images/manga/3/104349l.jpg
144,Gou: Hime-tachi no Sengoku,,江 姫たちの戦国,Manga,1301,7.38,2010,https://cdn.myanimelist.net/images/manga/3/115143l.jpg
144,Kirakira no Hibi,,キラキラの日々,Manga,4718,7.38,2010,https://cdn.myanimelist.net/images/manga/3/286561l.jpg
144,Kunisaki Izumo no Jijou,,國崎出雲の事情,Manga,2903,7.38,2010,https://cdn.myanimelist.net/images/manga/3/58173l.jpg
148,&,,＆ －アンド－,Manga,4598,7.37,2010,https://cdn.myanimelist.net/images/manga/3/59089l.jpg
148,City of Darkness,,九龍城寨,Manhua,5774,7.37,2010,https://cdn.myanimelist.net/images/manga/2/48489l.jpg
148,Ouji no Kikan,Return of the Prince,王子の帰還,Manga,6240,7.37,2010,https://cdn.myanimelist.net/images/manga/1/33817l.jpg
148,Suki to Iu no ni Naze Kashira,,好きというのになぜかしら,Manga,1523,7.37,2010,https://cdn.myanimelist.net/images/manga/3/36855l.jpg
148,Teiden Shoujo to Hanemushi no Orchestra,,停電少女と羽蟲のオーケストラ,Manga,2058,7.37,2010,https://cdn.myanimelist.net/images/manga/4/39890l.jpg
148,Yajirobee,,やじろべえ,Manga,7419,7.37,2010,https://cdn.myanimelist.net/images/manga/1/125871l.jpg
154,Kendo Shitouden Cestvs,,拳奴死闘伝セスタス,Manga,1224,7.36,2010,https://cdn.myanimelist.net/images/manga/1/83360l.jpg
154,Kimi no Tame ni Hiku Chopin,,君のために弾くショパン,Manga,1211,7.36,2010,https://cdn.myanimelist.net/images/manga/3/62015l.jpg
154,Maji de Watashi ni Koi Shinasai!,,真剣で私に恋しなさい！,Manga,9205,7.36,2010,https://cdn.myanimelist.net/images/manga/3/95425l.jpg
157,Anniversary no Kuni no Alice: Tokeiya,Alice in the Country of Hearts: The Clockmaker's Story,アニバーサリーの国のアリス~時計屋~,Manga,1903,7.35,2010,https://cdn.myanimelist.net/images/manga/1/31380l.jpg
157,Dantalian no Shoka,,ダンタリアンの書架,Manga,4495,7.35,2010,https://cdn.myanimelist.net/images/manga/2/243920l.jpg
159,HajiOtsu.,,はじおつ。,Manga,16072,7.34,2010,https://cdn.myanimelist.net/images/manga/1/183079l.jpg
159,Kamikamikaeshi,Kamikamikaeshi,かみかみかえし,Manga,5604,7.34,2010,https://cdn.myanimelist.net/images/manga/1/161232l.jpg
159,Kuutei Kaiko Toshi,,空挺懐古都市,Manga,2082,7.34,2010,https://cdn.myanimelist.net/images/manga/1/146557l.jpg
159,Nana Maru San Batsu,,ナナマル サンバツ,Manga,3564,7.34,2010,https://cdn.myanimelist.net/images/manga/2/187861l.jpg
159,Sekai Maou,,セカイ魔王,Manga,2685,7.34,2010,https://cdn.myanimelist.net/images/manga/1/188943l.jpg
159,Tora to Ookami,,虎と狼,Manga,1866,7.34,2010,https://cdn.myanimelist.net/images/manga/2/32971l.jpg
165,Boku wa Ookami.,I am the only wolf.,ボクは狼。,Manga,13841,7.33,2010,https://cdn.myanimelist.net/images/manga/2/189820l.jpg
165,Dark Air,,다크에어,Manhwa,5921,7.33,2010,https://cdn.myanimelist.net/images/manga/1/62491l.jpg
165,Fake Second,,FAKE second,Doujinshi,1031,7.33,2010,https://cdn.myanimelist.net/images/manga/2/21363l.jpg
165,Love♥Zipper,,LOVE♥ZIPPER,Manga,3632,7.33,2010,https://cdn.myanimelist.net/images/manga/3/154432l.jpg
165,Pika☆Ichi,,ピカ☆イチ,Manga,9964,7.33,2010,https://cdn.myanimelist.net/images/manga/3/41218l.jpg
165,S.I.D.,S.I.D.,특영반,Manhwa,3838,7.33,2010,https://cdn.myanimelist.net/images/manga/3/64025l.jpg
165,Yuuyake Rocket Pencil,,夕焼けロケットペンシル,Manga,1268,7.33,2010,https://cdn.myanimelist.net/images/manga/3/57431l.jpg
172,Higurashi no Naku Koro ni Jan: Tsubamegaeshi-hen,,ひぐらしの哭く頃に雀 燕返し編,Manga,1390,7.32,2010,https://cdn.myanimelist.net/images/manga/4/260766l.jpg
172,Kaitai Shinsho Ø,,怪体真書Ø,Manga,4704,7.32,2010,https://cdn.myanimelist.net/images/manga/3/191253l.jpg
172,Kidou Senshi Gundam MSV-R: Johnny Ridden no Kikan,,機動戦士ガンダム MSV-R ジョニー・ライデンの帰還,Manga,795,7.32,2010,https://cdn.myanimelist.net/images/manga/2/176276l.jpg
172,Koakuma Kanojo,Cute Devil Girlfriend,小悪魔カノジョ,Manga,3511,7.32,2010,https://cdn.myanimelist.net/images/manga/1/87647l.jpg
172,Zero no Tsukaima Chevalier,Zero's Familiar: Chevalier,ゼロの使い魔 シュヴァリエ,Manga,3844,7.32,2010,https://cdn.myanimelist.net/images/manga/2/173857l.jpg
177,After School,,アフタースクール,Manga,2283,7.31,2010,https://cdn.myanimelist.net/images/manga/3/90179l.jpg
177,Game Over,,GAME OVER,Manga,11296,7.31,2010,https://cdn.myanimelist.net/images/manga/3/40378l.jpg
177,Hana ni Kedamono,,花にけだもの,Manga,4167,7.31,2010,https://cdn.myanimelist.net/images/manga/3/39706l.jpg
177,"Kiben Gakuha, Yotsuya-senpai no Kaidan.",,詭弁学派、四ッ谷先輩の怪談。,Manga,6500,7.31,2010,https://cdn.myanimelist.net/images/manga/3/35775l.jpg
177,Love Share,,ラブ・シェア,Manga,2395,7.31,2010,https://cdn.myanimelist.net/images/manga/2/39742l.jpg
177,Tokyo Lastochika,,東京ラストチカ,Manga,2173,7.31,2010,https://cdn.myanimelist.net/images/manga/2/41734l.jpg
183,Air Koi,,エアコイ,Manga,3839,7.3,2010,https://cdn.myanimelist.net/images/manga/3/35234l.jpg
183,Deep Clear,,Deep Clear 「Honey Bitter」×「こどものおもちゃ」特別番外編,Manga,2041,7.3,2010,https://cdn.myanimelist.net/images/manga/3/58043l.jpg
183,Hanasaku Iroha,,花咲くいろは,Manga,3192,7.3,2010,https://cdn.myanimelist.net/images/manga/1/153536l.jpg
183,Heart no Kuni no Alice: Boushiya to Shinya no Ochakai,Alice in the Country of Hearts: The Mad Hatter's Late Night Tea Party,ハートの国のアリス ～帽子屋と深夜のお茶会～,Manga,2565,7.3,2010,https://cdn.myanimelist.net/images/manga/2/38209l.jpg
183,Kidou Senshi Gundam Unicorn: Bande Dessinee,,機動戦士ガンダムUC バンデシネ,Manga,736,7.3,2010,https://cdn.myanimelist.net/images/manga/1/187857l.jpg
183,Little Busters! EX: The 4-koma,,リトルバスターズ! EX The 4コマ,Manga,790,7.3,2010,https://cdn.myanimelist.net/images/manga/1/142051l.jpg
183,My Boyfriend Is a Vampire,My Boyfriend Is a Vampire,내 남친은 뱀파이어,Manhwa,6466,7.3,2010,https://cdn.myanimelist.net/images/manga/5/272251l.jpg
183,Radical Blood Monster,,ラジカル・ブラッド・モンスター,Manga,3400,7.3,2010,https://cdn.myanimelist.net/images/manga/3/80753l.jpg
183,Tenchi Shinmei!,,天地神鳴!,Manga,2550,7.3,2010,https://cdn.myanimelist.net/images/manga/4/113809l.jpg
192,500-nen no Itonami,His Romance of 500 Years,500年の営み,Manga,2426,7.29,2010,https://cdn.myanimelist.net/images/manga/1/72559l.jpg
192,Captain Tsubasa: Kaigai Gekitou-hen - En La Liga,,キャプテン翼 海外激闘編 EN LA LIGA,Manga,1431,7.29,2010,https://cdn.myanimelist.net/images/manga/3/33231l.jpg
192,Miss Princess!,,ミスプリ！,Manga,800,7.29,2010,https://cdn.myanimelist.net/images/manga/1/186616l.jpg
192,Scarlet Palace,,緋色王城,Manhua,1818,7.29,2010,https://cdn.myanimelist.net/images/manga/2/38428l.jpg
196,Angel Heart 2nd Season,,エンジェル・ハート 2ndシーズ,Manga,1006,7.28,2010,https://cdn.myanimelist.net/images/manga/4/155412l.jpg
196,Eroge! H mo Game mo Kaihatsu Zanmai,,えろげー！～Hもゲームも開発三昧～,Light Novel,1330,7.28,2010,https://cdn.myanimelist.net/images/manga/1/173293l.jpg
196,Montage,,三億円事件奇譚 モンタージュ SINCE 1968.12.10,Manga,6390,7.28,2010,https://cdn.myanimelist.net/images/manga/3/160210l.jpg
196,Ringo ni Hachimitsu,Apple and Honey,リンゴに蜂蜜,Manga,4343,7.28,2010,https://cdn.myanimelist.net/images/manga/1/40427l.jpg
196,Seikoku no Dragonar,,星刻の竜騎士〈ドラグナー〉,Light Novel,2624,7.28,2010,https://cdn.myanimelist.net/images/manga/3/158134l.jpg
201,Bokura no Himitsu wo Kyouyuu Shiyou ka,,ボクらの秘密を共有しようか,Manga,7192,7.27,2010,https://cdn.myanimelist.net/images/manga/3/147737l.jpg
201,Ilegenes: Giyoku no Koukyoukyoku,,イルゲネス～偽翼の交響曲～,Manga,2321,7.27,2010,https://cdn.myanimelist.net/images/manga/1/63197l.jpg
201,Kenban no Ue no Caress,,鍵盤の上のカレス,Manga,1273,7.27,2010,https://cdn.myanimelist.net/images/manga/1/82744l.jpg
201,Momo Raba,,ももらば,Manga,2690,7.27,2010,https://cdn.myanimelist.net/images/manga/1/41196l.jpg
201,Senakagurashi,,せなかぐらし,Manga,6617,7.27,2010,https://cdn.myanimelist.net/images/manga/2/120803l.jpg
201,SiESTA,,SiESTA 시에스타,Manhwa,2118,7.27,2010,https://cdn.myanimelist.net/images/manga/4/43093l.jpg
207,Boulange no Koibito,,ブーランジェの恋人,Manga,840,7.26,2010,https://cdn.myanimelist.net/images/manga/1/82072l.jpg
207,Hagure Yuusha no Aesthetica,,はぐれ勇者の鬼畜美学〈エステティカ〉,Light Novel,3199,7.26,2010,https://cdn.myanimelist.net/images/manga/1/168047l.jpg
207,Jigoku no Alice,,地獄のアリス,Manga,8698,7.26,2010,https://cdn.myanimelist.net/images/manga/1/76575l.jpg
210,Aphorism,Aphorism,アホリズム,Manga,16419,7.25,2010,https://cdn.myanimelist.net/images/manga/2/187771l.jpg
210,Lock On!,,LOCK ON！ ーロックオンー,Manga,9921,7.25,2010,https://cdn.myanimelist.net/images/manga/4/137235l.jpg
210,Nichijousahan Bi - Beautiful Life,,日常茶飯美 - Beautiful Life,Manga,3849,7.25,2010,https://cdn.myanimelist.net/images/manga/2/32130l.jpg
210,Penguin Highway,Penguin Highway,ペンギン・ハイウェイ,Novel,877,7.25,2010,https://cdn.myanimelist.net/images/manga/3/231019l.jpg
214,Delinquent Cinderella,,불량 신데렐라,Manhwa,2220,7.24,2010,https://cdn.myanimelist.net/images/manga/1/39686l.jpg
214,Hidan no Aria AA,Aria the Scarlet Ammo Double A,緋弾のアリアAA,Manga,2161,7.24,2010,https://cdn.myanimelist.net/images/manga/3/211087l.jpg
214,Idol☆Sister,,アイドル☆シスター,Manga,2224,7.24,2010,https://cdn.myanimelist.net/images/manga/3/68831l.jpg
214,Kamisama no Memochou,,神様のメモ帳,Manga,2484,7.24,2010,https://cdn.myanimelist.net/images/manga/1/82624l.jpg
214,Kimi ni Ageru.,I Give to You,きみにあげる。,Manga,1569,7.24,2010,https://cdn.myanimelist.net/images/manga/1/252254l.jpg
214,Koi made Hyakurin,100 Blossoms To Love,恋まで百輪,Manga,2366,7.24,2010,https://cdn.myanimelist.net/images/manga/2/64913l.jpg
214,Mirai Nikki: Paradox,,未来日記・パラドックス,Manga,19184,7.24,2010,https://cdn.myanimelist.net/images/manga/3/307339l.jpg
214,Renai Fuyou Gakuha,,恋愛不要学派,Manga,1203,7.24,2010,https://cdn.myanimelist.net/images/manga/3/105739l.jpg
214,Shoujo x Shoujo x Shoujo,,少女×少女×少女,Manga,1097,7.24,2010,https://cdn.myanimelist.net/images/manga/1/72921l.jpg
214,Shuuden ni wa Kaeshimasu,,終電にはかえします,Manga,2966,7.24,2010,https://cdn.myanimelist.net/images/manga/1/123387l.jpg
214,Strike Witches Zero: 1937 Fusou Kaijihen,Strike Witches: 1937 Fuso Sea Incident,ストライクウィッチーズ零 1937 扶桑海事変,Manga,1030,7.24,2010,https://cdn.myanimelist.net/images/manga/4/86979l.jpg
214,Sweet Days,,スイートデイズ,Manga,1348,7.24,2010,https://cdn.myanimelist.net/images/manga/2/53973l.jpg
214,Toaru Kagaku no Railgun: Giten Railgun,Pseudepigraph Railgun,とある科学の超電磁砲 『偽典・超電磁砲』,Manga,1279,7.24,2010,https://cdn.myanimelist.net/images/manga/1/149214l.jpg
214,Tsuki Tsuki!,,つきツキ!,Light Novel,1333,7.24,2010,https://cdn.myanimelist.net/images/manga/3/158601l.jpg
214,Usotsuki Kusuriyubi,,嘘つきくすりゆび,Manga,3266,7.24,2010,https://cdn.myanimelist.net/images/manga/1/172313l.jpg
214,Yuurei Apartment Kanrinin,,ゆうれいアパート管理人,Manga,629,7.24,2010,https://cdn.myanimelist.net/images/manga/3/171202l.jpg
230,Centaur no Nayami,A Centaur's Life,セントールの悩み,Manga,8059,7.23,2010,https://cdn.myanimelist.net/images/manga/2/76597l.jpg
230,Comic☆Studio,,こみっく☆すたじお,Manga,6539,7.23,2010,https://cdn.myanimelist.net/images/manga/1/171851l.jpg
230,Kimi no Neiro,Your Melody,キミノネイロ,Manga,4424,7.23,2010,https://cdn.myanimelist.net/images/manga/1/39119l.jpg
233,360° Material,Three-sixty Materials,360°マテリアル,Manga,14991,7.22,2010,https://cdn.myanimelist.net/images/manga/2/176931l.jpg
233,Accel World,Accel World,アクセル・ワールド,Manga,12752,7.22,2010,https://cdn.myanimelist.net/images/manga/2/188839l.jpg
233,Edogawa Ranpo Ijinkan,,江戸川乱歩異人館,Manga,669,7.22,2010,https://cdn.myanimelist.net/images/manga/2/202864l.jpg
233,Eiyuu Densetsu: Zero no Kiseki Pre-story - Shinpan no Yubiwa,,英雄伝説 零の軌跡プレストーリー -審判の指環-,Manga,833,7.22,2010,https://cdn.myanimelist.net/images/manga/2/333892l.jpg
233,Eve no Jikan,,イヴの時間,Manga,2528,7.22,2010,https://cdn.myanimelist.net/images/manga/2/130963l.jpg
233,Gate 7,Gate 7,GATE 7,Manga,8685,7.22,2010,https://cdn.myanimelist.net/images/manga/3/44915l.jpg
233,Hatsukoi no Tsuzuki,,初恋のつづき,Manga,1163,7.22,2010,https://cdn.myanimelist.net/images/manga/1/39293l.jpg
233,Kurogane,,クロガネ,One-shot,3068,7.22,2010,https://cdn.myanimelist.net/images/manga/1/45653l.jpg
233,"Lonely Wolf, Lonely Sheep",,ロンリーウルフ・ロンリーシープ,Manga,7148,7.22,2010,https://cdn.myanimelist.net/images/manga/2/60225l.jpg
233,Mamagoto♥,,ままごと♥,Manga,1041,7.22,2010,https://cdn.myanimelist.net/images/manga/1/75757l.jpg
243,7-jikanme no Note,Score of seventh class.,7時間目の音符〈ノート〉,Manga,2906,7.21,2010,https://cdn.myanimelist.net/images/manga/2/188842l.jpg
243,Kami ka Akuma ka,God Doesn't Play Dice; God or Devil;,神か悪魔か,Manga,1678,7.21,2010,https://cdn.myanimelist.net/images/manga/1/40682l.jpg
243,Kutsuzure Sensen: Majo Vasenka no Sensou,,靴ずれ戦線 -魔女ワーシェンカの戦争,Manga,1451,7.21,2010,https://cdn.myanimelist.net/images/manga/2/268031l.jpg
243,Tsurugi to Kiri,Sword and Mist,剣と霧,Manga,519,7.21,2010,https://cdn.myanimelist.net/images/manga/2/166203l.jpg
247,BlazBlue: Phase 0,,ブレイブルーフェイズ０,Light Novel,804,7.2,2010,https://cdn.myanimelist.net/images/manga/1/45899l.jpg
247,Chiisana Koi no Melody,Promise of Children,小さな恋のメロディ,Manga,1962,7.2,2010,https://cdn.myanimelist.net/images/manga/1/326976l.jpg
247,Feng Yu Jiu Tian,,凤于九天,Light Novel,522,7.2,2010,https://cdn.myanimelist.net/images/manga/1/99331l.jpg
247,Fusoku no Renjou,,不測ノ恋情,Manga,550,7.2,2010,https://cdn.myanimelist.net/images/manga/2/65659l.jpg
247,Neko Ane.,,ネコあね。,Manga,1466,7.2,2010,https://cdn.myanimelist.net/images/manga/2/188954l.jpg
247,Ookami-san to Shichinin no Nakama-tachi,,オオカミさんと七人の仲間たち,Manga,2993,7.2,2010,https://cdn.myanimelist.net/images/manga/2/163082l.jpg
247,Renai Demo Classic,,恋愛デモクラシック,Manga,1646,7.2,2010,https://cdn.myanimelist.net/images/manga/3/271378l.jpg
247,Ro-Kyu-Bu!,,ロウきゅーぶ！,Manga,1285,7.2,2010,https://cdn.myanimelist.net/images/manga/2/165926l.jpg
247,Yakozen,,野狐禅,Manga,2109,7.2,2010,https://cdn.myanimelist.net/images/manga/1/41949l.jpg
256,Hayabusa: Sanada Dengekichou,,ハヤブサ -真田電撃帖-,Manga,699,7.19,2010,https://cdn.myanimelist.net/images/manga/3/42193l.jpg
256,Mahochuu!,,まほちゅー！,Manga,675,7.19,2010,https://cdn.myanimelist.net/images/manga/2/178109l.jpg
256,Psyren: Another Call,,PSYЯEN −サイレン− another call,Light Novel,1586,7.19,2010,https://cdn.myanimelist.net/images/manga/3/186038l.jpg
256,Sweet Guilty Love Bites,,スウィートギルティラブバイツ,Manga,3888,7.19,2010,https://cdn.myanimelist.net/images/manga/2/66933l.jpg
256,Tsubaki-chan no Nayamigoto,,椿ちゃんの悩みごと,Manga,768,7.19,2010,https://cdn.myanimelist.net/images/manga/1/60587l.jpg
261,Alosmente,,アルオスメンテ,Manga,2009,7.18,2010,https://cdn.myanimelist.net/images/manga/3/157898l.jpg
261,Hakuouki,,薄桜鬼,Manga,934,7.18,2010,https://cdn.myanimelist.net/images/manga/3/210367l.jpg
261,Himitsu no Yoasobi,,ヒミツの夜遊び,Manga,1317,7.18,2010,https://cdn.myanimelist.net/images/manga/3/37501l.jpg
261,Katakoi Drops,,片恋ドロップス,Manga,1747,7.18,2010,https://cdn.myanimelist.net/images/manga/2/84313l.jpg
261,Kemomimi Onsen e Youkoso,,ケモミミ温泉へようこそ,Manga,1069,7.18,2010,https://cdn.myanimelist.net/images/manga/4/38089l.jpg
261,Kud Wafter,,クドわふたー,Manga,1090,7.18,2010,https://cdn.myanimelist.net/images/manga/3/154195l.jpg
261,Little Girl,,Little girl,Doujinshi,667,7.18,2010,https://cdn.myanimelist.net/images/manga/3/335390l.jpg
261,Rakshasa Street,,镇魂街,Manhua,3978,7.18,2010,https://cdn.myanimelist.net/images/manga/4/258933l.jpg
261,Stand Up!!!!,Stand Up!!!!,Stand UP!!!! -スタンドアップ-,Manga,1172,7.18,2010,https://cdn.myanimelist.net/images/manga/2/137795l.jpg
261,Tsukimi-sou no Akari,,月見荘のあかり,Manga,3125,7.18,2010,https://cdn.myanimelist.net/images/manga/3/165254l.jpg
261,Usotsuki Mii-kun to Kowareta Maa-chan: Totteoki no Uso,,嘘つきみーくんと壊れたまーちゃん とっておきの嘘,Manga,13468,7.18,2010,https://cdn.myanimelist.net/images/manga/2/165163l.jpg
272,Blue Friend,,ブルーフレンド,Manga,7561,7.17,2010,https://cdn.myanimelist.net/images/manga/4/127723l.jpg
272,Caramel,Caramel,カラメル,Manga,917,7.17,2010,https://cdn.myanimelist.net/images/manga/1/305300l.jpg
272,Durarara!! Comic Anthology: Duralove!!,,デュラララ!!アンソロジーコミック 『デュララブ!!』,Manga,1481,7.17,2010,https://cdn.myanimelist.net/images/manga/2/114993l.jpg
272,Hitomi no Dokusenyoku,,瞳の独占欲,Manga,4120,7.17,2010,https://cdn.myanimelist.net/images/manga/2/59881l.jpg
272,Kyonyuu Fantasy,,巨乳ファンタジー,Light Novel,1079,7.17,2010,https://cdn.myanimelist.net/images/manga/2/166146l.jpg
272,Mashikaku Rock,,マシカク・ロック,Manga,5897,7.17,2010,https://cdn.myanimelist.net/images/manga/3/173789l.jpg
272,Psychedelics,,Psychedelics,Doujinshi,1205,7.17,2010,https://cdn.myanimelist.net/images/manga/2/98969l.jpg
272,Zettai†Joousei,,絶対†女王政,Manga,4417,7.17,2010,https://cdn.myanimelist.net/images/manga/3/187412l.jpg
280,Chu Berozu dj - Fukuyama-san,,福山さん。,Doujinshi,1358,7.16,2010,https://cdn.myanimelist.net/images/manga/3/120319l.jpg
280,Dear!,,ディアー,Manga,2062,7.16,2010,https://cdn.myanimelist.net/images/manga/2/32996l.jpg
280,Hanza Sky,,ハンザスカイ,Manga,3632,7.16,2010,https://cdn.myanimelist.net/images/manga/2/148803l.jpg
280,Happy End Apartment,Apartments of Calle Feliz,ハッピーエンドアパートメント,Manga,449,7.16,2010,https://cdn.myanimelist.net/images/manga/1/57417l.jpg
280,Hito ni Ienai Aidagara,,人に言えない間柄,Manga,2567,7.16,2010,https://cdn.myanimelist.net/images/manga/1/36588l.jpg
280,Kimi to Koi wo Shitta,,君と恋を知った,Manga,1703,7.16,2010,https://cdn.myanimelist.net/images/manga/2/42486l.jpg
280,Kyou mo Nekasenai kara♥,,今日も寝かせないから♥,Manga,952,7.16,2010,https://cdn.myanimelist.net/images/manga/2/94059l.jpg
280,Manazashi no Hayagane,,まなざしの早鐘,Manga,2391,7.16,2010,https://cdn.myanimelist.net/images/manga/3/59919l.jpg
280,Sagatte Omachi Kudasai,,下がってお待ち下さい,Manga,2811,7.16,2010,https://cdn.myanimelist.net/images/manga/2/57373l.jpg
280,Tenshi ½ Houteishiki,,天使½方程式,Manga,658,7.16,2010,https://cdn.myanimelist.net/images/manga/1/210736l.jpg
280,The Innocent,The Innocent,THE INNOCENT,Manga,5971,7.16,2010,https://cdn.myanimelist.net/images/manga/1/178196l.jpg
280,Toki no Maigo wo Sagashite!,,時の迷子を探して！,Manga,1447,7.16,2010,https://cdn.myanimelist.net/images/manga/1/37607l.jpg
292,Boku no Lily,My Lily,ぼくのリリィ,Manga,658,7.15,2010,https://cdn.myanimelist.net/images/manga/5/261903l.jpg
292,Fairy Tail+,,FAIRY TAIL+,Manga,5351,7.15,2010,https://cdn.myanimelist.net/images/manga/3/118931l.jpg
292,Ginga Densetsu: Anju to Jiroumaru,,銀牙伝説 杏樹と次郎丸,Manga,245,7.15,2010,https://cdn.myanimelist.net/images/manga/2/175055l.jpg
292,Haikyo Shoujo,,廃墟少女,Manga,2252,7.15,2010,https://cdn.myanimelist.net/images/manga/1/269647l.jpg
292,Kirara no Hoshi,,キララの星,Manga,923,7.15,2010,https://cdn.myanimelist.net/images/manga/2/150068l.jpg
292,Kiss made no Kyori,,キスまでの距離,Manga,5422,7.15,2010,https://cdn.myanimelist.net/images/manga/2/39563l.jpg
292,Magnolia,,Magnolia,Manga,3755,7.15,2010,https://cdn.myanimelist.net/images/manga/1/153311l.jpg
292,Melo Holic,,멜로홀릭,Manhwa,543,7.15,2010,https://cdn.myanimelist.net/images/manga/2/264790l.jpg
292,Nymphodelic,,Nymphodelic,Manga,1168,7.15,2010,https://cdn.myanimelist.net/images/manga/1/94715l.jpg
292,Onnanoko wa Koi wo Suru to Mousou Shichaun desu.,,女の子は恋を すると妄想しちゃうんです。,Manga,3584,7.15,2010,https://cdn.myanimelist.net/images/manga/3/150298l.jpg
292,Ouji to,My Dear Prince,おうじと,Manga,763,7.15,2010,https://cdn.myanimelist.net/images/manga/1/64257l.jpg
292,Zettai☆Reiiki,,絶対☆霊域,Manga,2001,7.15,2010,https://cdn.myanimelist.net/images/manga/2/133275l.jpg
304,Futabo,,双母,Manga,1002,7.14,2010,https://cdn.myanimelist.net/images/manga/2/49627l.jpg
304,Gekiman!,,激マン!,Manga,689,7.14,2010,https://cdn.myanimelist.net/images/manga/2/268235l.jpg
304,Hana to Hoshi,,花と星,Manga,14058,7.14,2010,https://cdn.myanimelist.net/images/manga/3/65975l.jpg
304,Josou Shounen Anthology Comic,,女装少年アンソロジーコミック,Manga,2875,7.14,2010,https://cdn.myanimelist.net/images/manga/3/111219l.jpg
304,Mozaiku x Sanshimai,,モザイク×三姉妹,Manga,1311,7.14,2010,https://cdn.myanimelist.net/images/manga/1/70705l.jpg
304,Nobara,Wild Rose,野ばら,Manga,1838,7.14,2010,https://cdn.myanimelist.net/images/manga/1/262390l.jpg
304,Oumagadoki Doubutsuen,,逢魔ヶ刻動物園,Manga,9009,7.14,2010,https://cdn.myanimelist.net/images/manga/1/260532l.jpg
304,Raiatea,,ライアテア,Manga,445,7.14,2010,https://cdn.myanimelist.net/images/manga/2/190898l.jpg
304,Second Life,,セカンドライフ,Manga,1752,7.14,2010,https://cdn.myanimelist.net/images/manga/3/40042l.jpg
313,Carnivorous Princess Yegrinna,,육식공주 예그리나,Manhwa,7057,7.13,2010,https://cdn.myanimelist.net/images/manga/2/63929l.jpg
313,Cinderella Plot,,シンデレラ プロット,Manga,1308,7.13,2010,https://cdn.myanimelist.net/images/manga/3/144123l.jpg
313,"Dakara Boku wa, H ga Dekinai.",So I can't play H.,だから僕は、Ｈができない。,Light Novel,3086,7.13,2010,https://cdn.myanimelist.net/images/manga/3/148499l.jpg
313,Durarara!! Minna wa Nakayoshi,,デュラララ!! みんなはなかよし,Light Novel,1070,7.13,2010,https://cdn.myanimelist.net/images/manga/3/167394l.jpg
313,Fukurou-kun to Kare,,ふくろうくんとカレ,Manga,3283,7.13,2010,https://cdn.myanimelist.net/images/manga/3/333898l.jpg
313,Red Raven,,Red Raven,Manga,3894,7.13,2010,https://cdn.myanimelist.net/images/manga/2/91845l.jpg
313,Reset!,,りせっと！,Manga,1919,7.13,2010,https://cdn.myanimelist.net/images/manga/2/45937l.jpg
313,Reversible!,,リバーシブル！,Manga,8920,7.13,2010,https://cdn.myanimelist.net/images/manga/1/62059l.jpg
313,Sir Tiger's Table,,호랑님의 식탁,Manhwa,766,7.13,2010,https://cdn.myanimelist.net/images/manga/5/41576l.jpg
313,Tonari no Jijou,,となりの事情,Manga,2703,7.13,2010,https://cdn.myanimelist.net/images/manga/3/133453l.jpg
323,Ane no Kekkon,,姉の結婚,Manga,2215,7.12,2010,https://cdn.myanimelist.net/images/manga/2/41661l.jpg
323,Bokunchi no Mikage-san,My Mikage-san,僕んちのミカゲさん,Manga,951,7.12,2010,https://cdn.myanimelist.net/images/manga/3/76059l.jpg
323,Brothers Conflict,,ブラザーズ コンフリクト,Light Novel,2597,7.12,2010,https://cdn.myanimelist.net/images/manga/2/39289l.jpg
323,Gin no Spoon,,銀のスプーン,Manga,829,7.12,2010,https://cdn.myanimelist.net/images/manga/3/201333l.jpg
323,Mairunovich,,マイルノビッチ,Manga,16874,7.12,2010,https://cdn.myanimelist.net/images/manga/3/121261l.jpg
323,Nejimaki Kagyuu,,ねじまきカギュー,Manga,14644,7.12,2010,https://cdn.myanimelist.net/images/manga/1/128255l.jpg
323,Oniichan dakedo Ai sae Areba Kankeinai yo ne!,,お兄ちゃんだけど愛さえあれば関係ないよねっ,Light Novel,2921,7.12,2010,https://cdn.myanimelist.net/images/manga/1/215857l.jpg
323,"Pie wo Agemasho, Anata ni Pie wo ne",,パイをあげましょ、あなたにパイをね,Manga,1507,7.12,2010,https://cdn.myanimelist.net/images/manga/3/165454l.jpg
331,Boku wa Tomodachi ga Sukunai+,,僕は友達が少ない+,Manga,4210,7.11,2010,https://cdn.myanimelist.net/images/manga/3/64267l.jpg
331,Crown Latte Art,,王冠（クラウン）ラテアート,Manga,615,7.11,2010,https://cdn.myanimelist.net/images/manga/1/141067l.jpg
331,Denpa Onna to Seishun Otoko,,電波女と青春男,Manga,3180,7.11,2010,https://cdn.myanimelist.net/images/manga/3/136111l.jpg
331,I-Ren,,아이렌 I-ren,Manhwa,1527,7.11,2010,https://cdn.myanimelist.net/images/manga/2/38781l.jpg
331,Kimi Koi Limit,,キミ恋リミット,Manga,6158,7.11,2010,https://cdn.myanimelist.net/images/manga/2/153520l.jpg
331,Lucifer no Migite,,ルシフェルの右手,Manga,2041,7.11,2010,https://cdn.myanimelist.net/images/manga/2/110209l.jpg
331,Samurai Drive,Samurai Drive,サムライドライブ,Manga,2687,7.11,2010,https://cdn.myanimelist.net/images/manga/1/36031l.jpg
331,Schwarzesmarken,,シュヴァルツェスマーケン,Light Novel,901,7.11,2010,https://cdn.myanimelist.net/images/manga/2/67137l.jpg
331,Teiichi no Kuni,,帝一の國,Manga,1173,7.11,2010,https://cdn.myanimelist.net/images/manga/1/171025l.jpg
340,Candy,,キャンディ,Manga,3346,7.1,2010,https://cdn.myanimelist.net/images/manga/3/112595l.jpg
340,Fu-fu dj - Fu-fu no Hon,,ふ~ふのほん,Doujinshi,1323,7.1,2010,https://cdn.myanimelist.net/images/manga/3/108215l.jpg
340,GIRL,,단하나뿐인 걸,Manhwa,1054,7.1,2010,https://cdn.myanimelist.net/images/manga/3/118545l.jpg
340,Love Flicker,,ラブフリッカー,Manga,1549,7.1,2010,https://cdn.myanimelist.net/images/manga/2/34639l.jpg
340,Runway no Koibito,,ランウェイの恋人,Manga,1252,7.1,2010,https://cdn.myanimelist.net/images/manga/1/99341l.jpg
340,Tiger x Crane: Record of the Demon Master,,虎X鹤 妖师录,Manhua,1209,7.1,2010,https://cdn.myanimelist.net/images/manga/3/162711l.jpg
346,Clover no Kuni no Alice: Sangatsu Usagi,Alice in the Country of Clover: March Hare,クローバーの国のアリス ～三月ウサギ～,Manga,1416,7.09,2010,https://cdn.myanimelist.net/images/manga/1/37202l.jpg
346,Number Girl,,ナンバーガール,Manga,2025,7.09,2010,https://cdn.myanimelist.net/images/manga/2/176851l.jpg
346,Seishun Shonbori Club,Heart Break Club,青春しょんぼりクラブ,Manga,1221,7.09,2010,https://cdn.myanimelist.net/images/manga/3/96377l.jpg
346,T.R.A.P.,,T.R.A.P.,Manga,1812,7.09,2010,https://cdn.myanimelist.net/images/manga/1/170022l.jpg
346,Watashi no Shitai ○○ na Koto,,私のしたい○○なこと,Manga,996,7.09,2010,https://cdn.myanimelist.net/images/manga/2/165653l.jpg
351,15: Meisetsu Kougyou Koukou Rugby-bu,FIFTEEN: Meisetsu Technical High School Rugby Football Club,15 明刹工業高校ラグビー部,Manga,2029,7.08,2010,https://cdn.myanimelist.net/images/manga/2/161797l.jpg
351,Alyosha!,,アリョーシャ,Manga,3198,7.08,2010,https://cdn.myanimelist.net/images/manga/3/68283l.jpg
351,Chiruran: Shinsengumi Requiem,The Shinsengumi,ちるらん 新撰組鎮魂歌〈レクイエム〉,Manga,3198,7.08,2010,https://cdn.myanimelist.net/images/manga/3/162944l.jpg
351,Citrus,,シトラス,Manga,3367,7.08,2010,https://cdn.myanimelist.net/images/manga/3/101283l.jpg
351,Hajirai Body,,恥じらいBody,Manga,868,7.08,2010,https://cdn.myanimelist.net/images/manga/1/76045l.jpg
351,Kamisama no Inai Nichiyoubi,,神さまのいない日曜日,Manga,4067,7.08,2010,https://cdn.myanimelist.net/images/manga/1/100287l.jpg
351,Kimi to Koi no Tochuu,Can't stop falling in love with you.,キミと恋の途中,Manga,6255,7.08,2010,https://cdn.myanimelist.net/images/manga/3/86029l.jpg
351,"Laika, Pavlov, Pochihachikou",,ライカ、パブロフ、ポチハチ公,Manga,883,7.08,2010,https://cdn.myanimelist.net/images/manga/3/107505l.jpg
351,Liar x Liar,Liar x Liar,ライアー×ライアー,Manga,5178,7.08,2010,https://cdn.myanimelist.net/images/manga/2/197565l.jpg
351,Monster and Child,,モンスター アンド チャイルド,One-shot,1696,7.08,2010,https://cdn.myanimelist.net/images/manga/1/34328l.jpg
351,TSF Monogatari,,TSF 物語,Manga,5254,7.08,2010,https://cdn.myanimelist.net/images/manga/1/49687l.jpg
362,Ane Haha Kankei,,姉母姦系,Manga,1272,7.07,2010,https://cdn.myanimelist.net/images/manga/1/97471l.jpg
362,Japanese Preteen Suite,,Japanese Preteen Suite ジャボニーズ プリティーン スイート,Manga,871,7.07,2010,https://cdn.myanimelist.net/images/manga/3/45775l.jpg
362,Lover Boy,,러버보이,Manhwa,870,7.07,2010,https://cdn.myanimelist.net/images/manga/1/79345l.jpg
362,MC Gakuen,MC Academy,MC学園,Doujinshi,1147,7.07,2010,https://cdn.myanimelist.net/images/manga/3/93475l.jpg
362,Mizu no Haru,,水の春,Manga,2475,7.07,2010,https://cdn.myanimelist.net/images/manga/2/73369l.jpg
362,Starry☆Sky: Comic Anthology - After Season,,Starry☆Skyコミックアンソロジー~After Season~,Manga,554,7.07,2010,https://cdn.myanimelist.net/images/manga/1/33685l.jpg
368,Boukyaku no Haou Rolan,,忘却の覇王 ロラン,Light Novel,1338,7.06,2010,https://cdn.myanimelist.net/images/manga/1/34648l.jpg
368,Chocolate Girl,,チョコレートガール,Manga,2908,7.06,2010,https://cdn.myanimelist.net/images/manga/2/174825l.jpg
368,Corsair - Eigetsu,,コルセーア~盈月,Manga,765,7.06,2010,https://cdn.myanimelist.net/images/manga/3/42001l.jpg
368,Honto Yajuu x Suki tte?,,ほんと野獣×好きって？,Manga,1959,7.06,2010,https://cdn.myanimelist.net/images/manga/1/124127l.jpg
368,Mako to Aki-chan no Koigokoro,,マコとアキちゃんの恋心,Manga,2366,7.06,2010,https://cdn.myanimelist.net/images/manga/2/61115l.jpg
368,Mouryou no Yurikago,,魍魎の揺りかご,Manga,13456,7.06,2010,https://cdn.myanimelist.net/images/manga/2/179505l.jpg
368,Shinjuku Lucky Hole,,新宿ラッキーホール,Manga,2003,7.06,2010,https://cdn.myanimelist.net/images/manga/2/263644l.jpg
368,Shoujo no Toge,Every Girl Has Her Thorns,少女のトゲ,Manga,2353,7.06,2010,https://cdn.myanimelist.net/images/manga/3/110177l.jpg
368,Song of the Doll,,인형歌,Manhwa,2316,7.06,2010,https://cdn.myanimelist.net/images/manga/1/286733l.jpg
368,Sora no Deau Basho de,,空の出会う場所で,Manga,1402,7.06,2010,https://cdn.myanimelist.net/images/manga/1/190879l.jpg
368,Tony Takezaki no Evangelion,Tony Takezaki's Neon Genesis Evangelion,トニーたけざきのエヴァンゲリオン,Manga,2376,7.06,2010,https://cdn.myanimelist.net/images/manga/1/143805l.jpg
368,Toraneko Folklore,,とらねこフォークロア,Manga,1409,7.06,2010,https://cdn.myanimelist.net/images/manga/2/174693l.jpg
368,Udon no Hito,The Lady of Udon,うどんの女,Manga,3397,7.06,2010,https://cdn.myanimelist.net/images/manga/5/262002l.jpg
368,Watarai-kun Ke no Youkai-san,,渡会くん家の妖怪さん,One-shot,1168,7.06,2010,https://cdn.myanimelist.net/images/manga/3/269047l.jpg
382,Devil Cherry Pie,,でびるちぇりーぱい,Manga,927,7.05,2010,https://cdn.myanimelist.net/images/manga/1/145715l.jpg
382,Evergreen Days,,Evergreen Days,Manga,1123,7.05,2010,https://cdn.myanimelist.net/images/manga/1/170703l.jpg
382,Flying☆Witch,,ふらいんぐ☆ういっち,One-shot,3372,7.05,2010,https://cdn.myanimelist.net/images/manga/3/40415l.jpg
382,Kimi wo Chuushin ni Sekai wa Mawaru,,キミを中心に世界はまわる,Manga,2221,7.05,2010,https://cdn.myanimelist.net/images/manga/2/161130l.jpg
382,Nise no Chigiri,,二世の契り,Manga,4242,7.05,2010,https://cdn.myanimelist.net/images/manga/1/170928l.jpg
382,Yume Utsutsu,,ユメウツツ,Manga,1249,7.05,2010,https://cdn.myanimelist.net/images/manga/1/137057l.jpg
382,Yume no Youna Hanashi,Dreaming Love,夢のような話,Manga,1983,7.05,2010,https://cdn.myanimelist.net/images/manga/1/43323l.jpg
389,Chronos: Deep,,CHRONOS-DEEP-,Manga,3518,7.04,2010,https://cdn.myanimelist.net/images/manga/2/172719l.jpg
389,Donten Prism Solar Car,,曇天・プリズム・ソーラーカー,Manga,3498,7.04,2010,https://cdn.myanimelist.net/images/manga/1/41856l.jpg
389,"Hatarake, Kentauros!",,はたらけ、ケンタウロス!,Manga,642,7.04,2010,https://cdn.myanimelist.net/images/manga/3/40662l.jpg
389,IS!,,あいえすっ！,Manga,996,7.04,2010,https://cdn.myanimelist.net/images/manga/3/67679l.jpg
389,Ikemen-kun to Saenai-kun,,イケメン君とさえない君,Manga,3645,7.04,2010,https://cdn.myanimelist.net/images/manga/1/34865l.jpg
389,Lover Puzzle,,애인퍼즐,Manhwa,704,7.04,2010,https://cdn.myanimelist.net/images/manga/1/29610l.jpg
389,Ozu no Kakashi Tsukai,,オズのかかし使い,Manga,428,7.04,2010,https://cdn.myanimelist.net/images/manga/2/61255l.jpg
389,Parallel Lines,,パラレルライン,Manga,2183,7.04,2010,https://cdn.myanimelist.net/images/manga/2/74027l.jpg
389,Taming the Cat Master,,고양이 주인님을 길들이다,Manhwa,831,7.04,2010,https://cdn.myanimelist.net/images/manga/1/41025l.jpg
398,Before Daylight Love,,ビフォアデイライト・ラブ,Manga,1608,7.03,2010,https://cdn.myanimelist.net/images/manga/3/81820l.jpg
398,DH!: Himorogi Hyakuyomegatari,,でぃーエッチ！～ひもろぎ百嫁語～,Manga,883,7.03,2010,https://cdn.myanimelist.net/images/manga/2/53935l.jpg
398,Gekijouban Naruto: Shippuuden - The Lost Tower,,劇場版NARUTO 疾風伝 ザ・ロストタワー,Light Novel,911,7.03,2010,https://cdn.myanimelist.net/images/manga/3/172679l.jpg
398,Honey Rabbit!,,はにらび！,Manga,1503,7.03,2010,https://cdn.myanimelist.net/images/manga/1/134979l.jpg
398,Mahou Shoujo Lyrical Nanoha: Comic à la carte,,魔法少女リリカルなのは コミックアラカルト,Manga,458,7.03,2010,https://cdn.myanimelist.net/images/manga/1/40603l.jpg
398,Samurai Ragazzi: Sengoku Shounen Seihou Kenbunroku,,サムライ・ラガッツィ -戦国少年西方見聞録-,Manga,1026,7.03,2010,https://cdn.myanimelist.net/images/manga/2/149581l.jpg
398,Skyhigh 4,,スカイハイ4,Manga,1820,7.03,2010,https://cdn.myanimelist.net/images/manga/1/65977l.jpg
398,ənígmə,,ənígmə エニグマ,Manga,12512,7.03,2010,https://cdn.myanimelist.net/images/manga/3/305940l.jpg
406,Amai Akuma ga Warau,,甘い悪魔が笑う,Manga,6269,7.02,2010,https://cdn.myanimelist.net/images/manga/2/73653l.jpg
406,Best Ending?,,ベストエンディング?,Manga,6565,7.02,2010,https://cdn.myanimelist.net/images/manga/1/172591l.jpg
406,Double Baby,,ダブルベイビー,Manga,4299,7.02,2010,https://cdn.myanimelist.net/images/manga/2/69983l.jpg
406,Futagami☆Double,,フタガミ☆ダブル,One-shot,5081,7.02,2010,https://cdn.myanimelist.net/images/manga/1/26645l.jpg
406,Good Times!!,,グッドタイムズ,Manga,1089,7.02,2010,https://cdn.myanimelist.net/images/manga/2/78695l.jpg
406,Hammer Session! in High School,,ハンマーセッション！In High School,Manga,1560,7.02,2010,https://cdn.myanimelist.net/images/manga/1/96899l.jpg
406,Hatsukoi Succubus,,初恋▽サキュバス,Manga,850,7.02,2010,https://cdn.myanimelist.net/images/manga/1/272916l.jpg
406,Kimi no Tame nara Shineru,,姫〈きみ〉のためなら死ねる,Manga,1321,7.02,2010,https://cdn.myanimelist.net/images/manga/1/154467l.jpg
406,Last Ranker: Be the Last One,,LAST RANKER-Be The Last One-,Manga,3596,7.02,2010,https://cdn.myanimelist.net/images/manga/1/318387l.jpg
406,Sis Plus,,シスプラス,Manga,837,7.02,2010,https://cdn.myanimelist.net/images/manga/1/159936l.jpg
406,Sugarless,,シュガーレス,Manga,3467,7.02,2010,https://cdn.myanimelist.net/images/manga/1/169589l.jpg
406,Under One Roof,,under one roof,Manga,2521,7.02,2010,https://cdn.myanimelist.net/images/manga/2/132767l.jpg
418,15: Meisetsu Kougyou Koukou Rugby-bu,,15 明刹工業高校ラグビー部,Manga,987,7.01,2010,https://cdn.myanimelist.net/images/manga/1/31413l.jpg
418,Heroine Shikkaku,No Longer Heroine,ヒロイン失格,Manga,23727,7.01,2010,https://cdn.myanimelist.net/images/manga/1/37848l.jpg
418,Judge,Judge,JUDGE,Manga,43163,7.01,2010,https://cdn.myanimelist.net/images/manga/3/184476l.jpg
418,Koi to Senkyo to Chocolate,"Love, Election & Chocolate.",恋と選挙とチョコレート,Manga,2968,7.01,2010,https://cdn.myanimelist.net/images/manga/1/171567l.jpg
418,Koi wo Suru DNA +,,恋するDNA＋,Manga,1880,7.01,2010,https://cdn.myanimelist.net/images/manga/2/29537l.jpg
418,Kotoura-san,Kotoura-San,琴浦さん,Manga,3847,7.01,2010,https://cdn.myanimelist.net/images/manga/1/76501l.jpg
418,Koutetsu no Hanappashira,,鋼鉄の華っ柱,Manga,720,7.01,2010,https://cdn.myanimelist.net/images/manga/1/42532l.jpg
418,Makamisama no Iutoori!,,真神様の言うとおり!,Manga,637,7.01,2010,https://cdn.myanimelist.net/images/manga/3/48451l.jpg
418,Shounen Butterfly,,少年バタフライ,Manga,2015,7.01,2010,https://cdn.myanimelist.net/images/manga/2/30718l.jpg
418,Sky Blue,,スカイブルー,Manga,1740,7.01,2010,https://cdn.myanimelist.net/images/manga/2/209463l.jpg
428,Akatoki Hoshi Residence,,あかとき星レジデンス,Manga,899,7.0,2010,https://cdn.myanimelist.net/images/manga/3/165453l.jpg
428,Boku no Hitsugi de Bansan wo,,僕の棺で晩餐を,Manga,2930,7.0,2010,https://cdn.myanimelist.net/images/manga/3/105135l.jpg
428,Chibikko-tachi wa Natsu no Nioi.,,ちびっ子たちは夏のにおい。,Manga,517,7.0,2010,https://cdn.myanimelist.net/images/manga/1/137039l.jpg
428,Clover no Kuni no Alice: Shirousagi to Tokeijikake no Wana,,クローバーの国のアリス ～白ウサギと時計仕掛けの罠～,Manga,1064,7.0,2010,https://cdn.myanimelist.net/images/manga/1/31377l.jpg
428,Haha Futari,,母ふたり,Manga,726,7.0,2010,https://cdn.myanimelist.net/images/manga/2/193260l.jpg
428,Majo to Yajuu,,魔女と野獣,One-shot,1393,7.0,2010,https://cdn.myanimelist.net/images/manga/3/60327l.jpg
428,Risou no Tsuma no Takurami wa,Something About Emmaline,理想の妻のたくらみは,Manga,348,7.0,2010,https://cdn.myanimelist.net/images/manga/3/38407l.jpg
428,Saburina,,サブリナ,Manga,906,7.0,2010,https://cdn.myanimelist.net/images/manga/4/340532l.jpg
428,Sakari Sakarare,Let's Get Horny,サカリサカラレ,Manga,1496,7.0,2010,https://cdn.myanimelist.net/images/manga/2/91457l.jpg
437,Cardfight!! Vanguard,Cardfight!! Vanguard,カードファイト!! ヴァンガード,Manga,1321,6.99,2010,https://cdn.myanimelist.net/images/manga/2/149219l.jpg
437,Chou-Manzoku Delivery,,超満足デリバリー,Manga,661,6.99,2010,https://cdn.myanimelist.net/images/manga/1/62875l.jpg
437,Goshimei Arigatou Gozaimasu!,,ご指名ありがとうございます！,Manga,901,6.99,2010,https://cdn.myanimelist.net/images/manga/2/186358l.jpg
437,Hawkwood,,ホークウッド,Manga,2169,6.99,2010,https://cdn.myanimelist.net/images/manga/3/136319l.jpg
437,Hell Hell,,HELL HELL,Manga,752,6.99,2010,https://cdn.myanimelist.net/images/manga/4/46413l.jpg
437,Ima♡Ria,Ima♡Real,いま♡りあ,Manga,2136,6.99,2010,https://cdn.myanimelist.net/images/manga/3/146393l.jpg
437,Jauhara Genya,,ジャウハラ幻夜,Manga,761,6.99,2010,https://cdn.myanimelist.net/images/manga/2/66623l.jpg
437,"Kakemakumo, Kashikoki",,かけまくも、かしこき,Manga,3785,6.99,2010,https://cdn.myanimelist.net/images/manga/3/189541l.jpg
437,Koibito wa 16-sai,,恋人は16さい,Manga,2154,6.99,2010,https://cdn.myanimelist.net/images/manga/3/66161l.jpg
437,Kurasu Hako,House Is Wonderland,くらすはこ,Manga,396,6.99,2010,https://cdn.myanimelist.net/images/manga/2/223775l.jpg
437,Mayoi Neko Overrun!,,迷い猫オーバーラン!,Manga,6765,6.99,2010,https://cdn.myanimelist.net/images/manga/3/53895l.jpg
437,Mr. Secret Floor - Shousetsuka no Tawamure na Hibiki,,Mr.シークレットフロア 〜小説家の戯れなひびき〜,Manga,477,6.99,2010,https://cdn.myanimelist.net/images/manga/3/31309l.jpg
437,Nemurenu Kishi ni Hanataba wo,,眠れぬ騎士に花束を,Manga,641,6.99,2010,https://cdn.myanimelist.net/images/manga/1/46401l.jpg
437,Sayonara Note,,サヨナラノート,Manga,1451,6.99,2010,https://cdn.myanimelist.net/images/manga/2/169796l.jpg
437,"Shite, Okeba Yokatta Koukai",,して、おけばよかった後悔,Manga,1774,6.99,2010,https://cdn.myanimelist.net/images/manga/3/57907l.jpg
437,Smarg wa Utawanai,,魔物〈スマーグ〉は歌わない,One-shot,1154,6.99,2010,https://cdn.myanimelist.net/images/manga/3/27495l.jpg
453,Akaki Tsuki no Meguru Koro,,赤き月の廻るころ,Manga,5024,6.98,2010,https://cdn.myanimelist.net/images/manga/5/135009l.jpg
453,Furou Kyoudai,,不老姉弟,Manga,4441,6.98,2010,https://cdn.myanimelist.net/images/manga/1/270292l.jpg
453,Hajimete no!,,はじめての！,Manga,930,6.98,2010,https://cdn.myanimelist.net/images/manga/2/70557l.jpg
453,Kiss Ariki.,Starting with a Kiss,キスアリキ。,Manga,854,6.98,2010,https://cdn.myanimelist.net/images/manga/2/270527l.jpg
453,Love Bullet,,사랑의 총알,Manhwa,673,6.98,2010,https://cdn.myanimelist.net/images/manga/2/78923l.jpg
453,Monochrome Myst,,Monochrome Myst,Manga,2182,6.98,2010,https://cdn.myanimelist.net/images/manga/2/80657l.jpg
453,Moon Walker LTD. Series,,,Manga,1949,6.98,2010,https://cdn.myanimelist.net/images/manga/1/37498l.jpg
453,Pet wa Binyanshi.,,ペットは美ニャン子。,Manga,409,6.98,2010,https://cdn.myanimelist.net/images/manga/1/167150l.jpg
453,Sabage-bu!,Survival Game Club!,さばげぶっ！,Manga,2182,6.98,2010,https://cdn.myanimelist.net/images/manga/1/186346l.jpg
453,Shoujo Holic,,少女ホリック,Manga,1671,6.98,2010,https://cdn.myanimelist.net/images/manga/5/39694l.jpg
453,"Shoujo wa Kyou,",,少女は今日、,Manga,687,6.98,2010,https://cdn.myanimelist.net/images/manga/1/106851l.jpg
464,Akuma wa Hohoemu,,悪魔は微笑む,Manga,1915,6.97,2010,https://cdn.myanimelist.net/images/manga/2/161600l.jpg
464,Bijin Henshuuchou no Himitsu,,美人編集長の秘密,Doujinshi,914,6.97,2010,https://cdn.myanimelist.net/images/manga/2/101767l.jpg
464,Chou Love Love Imouto,,超ラブラブいもうと,Manga,665,6.97,2010,https://cdn.myanimelist.net/images/manga/1/114617l.jpg
464,Fetish Berry,,フェティッシュベリー,Manga,3236,6.97,2010,https://cdn.myanimelist.net/images/manga/2/162743l.jpg
464,Joker no Kuni no Alice: Mahiru ni Miru Yume,Alice in the Country of Joker: The Nightmare Trilogy Vol. 2 - Afternoon Dream,ジョーカーの国のアリス ～真昼にみる夢～,Manga,1000,6.97,2010,https://cdn.myanimelist.net/images/manga/2/38208l.jpg
464,Junai Ero-ki,Pure Love's Sexy Time,純愛えろ期,Manga,1978,6.97,2010,https://cdn.myanimelist.net/images/manga/2/172154l.jpg
464,Kanojo ga Kare ni Ochiru Wake,,彼女が彼に落ちる理由〈わけ〉,Manga,2420,6.97,2010,https://cdn.myanimelist.net/images/manga/3/39722l.jpg
464,"Kore wa Zombie desu ka? Hai, Anata no Yome desu",,これはゾンビですか? はい、アナタの嫁です,Manga,1060,6.97,2010,https://cdn.myanimelist.net/images/manga/3/159838l.jpg
464,Liar Game: Roots of A #2,,LIAR GAME roots of A #2,One-shot,4479,6.97,2010,https://cdn.myanimelist.net/images/manga/1/38776l.jpg
464,Love Hina: Special Project,,,One-shot,1693,6.97,2010,https://cdn.myanimelist.net/images/manga/5/35733l.jpg
464,Megane no Megami,,メガネnoメガミ,Manga,1072,6.97,2010,https://cdn.myanimelist.net/images/manga/3/89953l.jpg
464,Merry Unbalance Christmas,,メリー・アンバランス・クリスマス,One-shot,1057,6.97,2010,https://cdn.myanimelist.net/images/manga/4/269614l.jpg
464,Mou Shoujo Manga nante,,もう少女まんがなんて,Manga,547,6.97,2010,https://cdn.myanimelist.net/images/manga/3/77203l.jpg
464,Mousou Cherry,,妄想チェリー,Manga,3206,6.97,2010,https://cdn.myanimelist.net/images/manga/3/42037l.jpg
464,Munasawagi no Houkago,,胸騒ぎの放課後,Doujinshi,761,6.97,2010,https://cdn.myanimelist.net/images/manga/3/128799l.jpg
464,Rock Lee no Seishun Full-Power Ninden,,ロック・リーの青春フルパワー忍伝,Manga,6489,6.97,2010,https://cdn.myanimelist.net/images/manga/2/127187l.jpg
464,Shinigami Doggy,,死神DOGGY,Manga,1344,6.97,2010,https://cdn.myanimelist.net/images/manga/1/151004l.jpg
464,Shisei Gokumon,,死生獄門,Manga,927,6.97,2010,https://cdn.myanimelist.net/images/manga/1/72551l.jpg
464,Shishaku Valmont: Kiken na Kankei,,子爵ヴァルモン～危険な関係～,Manga,345,6.97,2010,https://cdn.myanimelist.net/images/manga/3/40580l.jpg
464,Soutaisei Koufukuron,,相対性幸福論,One-shot,589,6.97,2010,https://cdn.myanimelist.net/images/manga/1/46529l.jpg
484,Bokura no Yukue wa,,ぼくらのゆくえは,Manga,2017,6.96,2010,https://cdn.myanimelist.net/images/manga/1/107659l.jpg
484,Dame na Kurai ga Choudoii,,ダメなくらいが丁度いい,Manga,1722,6.96,2010,https://cdn.myanimelist.net/images/manga/2/31760l.jpg
484,Denma,Denma,덴마,Manhwa,424,6.96,2010,https://cdn.myanimelist.net/images/manga/1/174115l.jpg
484,Hajimari no Natsu,,はじまりの夏,Manga,3551,6.96,2010,https://cdn.myanimelist.net/images/manga/2/74051l.jpg
484,Hanayome ni Naru Jouken,,花嫁になる条件,Manga,585,6.96,2010,https://cdn.myanimelist.net/images/manga/5/60123l.jpg
484,Monster Hunter Episode,,モンスターハンターエピソード,Manga,880,6.96,2010,https://cdn.myanimelist.net/images/manga/3/63675l.jpg
484,Ningyo ga Fuchi,,人魚ヶ淵,One-shot,2383,6.96,2010,https://cdn.myanimelist.net/images/manga/1/83408l.jpg
484,Soushoku Joushi no Otoshikata,How to Seduce a Herbivorous Superior,草食上司のオトしかた,Manga,1420,6.96,2010,https://cdn.myanimelist.net/images/manga/2/70369l.jpg
484,Suits no Kuni no Mahoutsukai,,スーツの国の魔法使い,One-shot,1679,6.96,2010,https://cdn.myanimelist.net/images/manga/3/41967l.jpg
484,Unmei no Koi ni Naritai,I Want to be Your Destined Love,運命の恋になりたい,One-shot,891,6.96,2010,https://cdn.myanimelist.net/images/manga/1/29092l.jpg
484,Watashi no Ouchi wa Honya-san,,私のおウチはHON屋さん,Manga,756,6.96,2010,https://cdn.myanimelist.net/images/manga/3/133743l.jpg
484,Yawahada Otome,,やわはだおとめ,Manga,521,6.96,2010,https://cdn.myanimelist.net/images/manga/1/93507l.jpg
496,32-sai Yokkyuu Fuman no Hitozuma,,32歳欲求不満の人妻,Manga,891,6.95,2010,https://cdn.myanimelist.net/images/manga/3/75997l.jpg
496,Ano Koi no Tsuzuki,,あの恋のつづき,Manga,1174,6.95,2010,https://cdn.myanimelist.net/images/manga/1/46099l.jpg
496,Bed no Shita no Himitsu,,ベッドの下の秘密,Manga,750,6.95,2010,https://cdn.myanimelist.net/images/manga/2/35914l.jpg
496,Boukyaku no Haou Rolan,Rolan the Forgotten King,忘却の覇王 ロラン,Manga,3114,6.95,2010,https://cdn.myanimelist.net/images/manga/1/129029l.jpg
496,Haikei Date Masamune-sama,,拝啓 伊達政宗様,Manga,1056,6.95,2010,https://cdn.myanimelist.net/images/manga/2/74765l.jpg
496,Hatsujou Baby,,発情ベイビー,Manga,547,6.95,2010,https://cdn.myanimelist.net/images/manga/2/94333l.jpg
496,Melange!,,メランジェ!!,One-shot,765,6.95,2010,https://cdn.myanimelist.net/images/manga/2/38295l.jpg
496,"Only You, Only",,"only you,only",Manga,678,6.95,2010,https://cdn.myanimelist.net/images/manga/2/157401l.jpg
496,Otoko wo Misete yo Kurata-kun!,,オトコを見せてよ倉田くん!,Manga,1381,6.95,2010,https://cdn.myanimelist.net/images/manga/4/73999l.jpg
496,Retsujou,,劣情 -抱きたい男 抱かれたい男-,Manga,1726,6.95,2010,https://cdn.myanimelist.net/images/manga/1/31924l.jpg
496,"Sensei to, Uwakichuu",,先生と、浮気中,Manga,2425,6.95,2010,https://cdn.myanimelist.net/images/manga/1/39707l.jpg
507,Bessatsu School Rumble,,別冊スクールランブル,One-shot,1114,6.94,2010,https://cdn.myanimelist.net/images/manga/3/29068l.jpg
507,"Houkago, Sensei to Koi ni Ochiru",,放課後、先生と恋に堕ちる,Manga,3182,6.94,2010,https://cdn.myanimelist.net/images/manga/2/148059l.jpg
507,Iyada nante Iwasenai,,イヤだなんて言わせない,Manga,3793,6.94,2010,https://cdn.myanimelist.net/images/manga/1/40369l.jpg
507,Joker no Kuni no Alice: Yoake Mae ni Miru Yume,Alice in the Country of Joker: The Nightmare Trilogy Vol. 1 - Dream Before Dawn,ジョーカーの国のアリス 〜夜明け前にみる夢〜,Manga,1160,6.94,2010,https://cdn.myanimelist.net/images/manga/1/33183l.jpg
507,Koibito Asobi,,コイビトアソビ,One-shot,828,6.94,2010,https://cdn.myanimelist.net/images/manga/3/41988l.jpg
507,Mahoromi: Jikuu Kenchiku Genshitan,,マホロミ 時空建築幻視譚,Manga,1461,6.94,2010,https://cdn.myanimelist.net/images/manga/3/164932l.jpg
507,"Oh, My Romantic Kumiho",,"Oh, My 로맨틱 구미호",Manhwa,663,6.94,2010,https://cdn.myanimelist.net/images/manga/4/161522l.jpg
507,Pokémon HGSS,,ポケットモンスター HG・SS,Manga,745,6.94,2010,https://cdn.myanimelist.net/images/manga/1/79143l.jpg
507,Ranobe no Hen!,,らのべのへん！,Manga,1807,6.94,2010,https://cdn.myanimelist.net/images/manga/1/40843l.jpg
507,Renai Paradox,,恋愛Paradox,Manga,1613,6.94,2010,https://cdn.myanimelist.net/images/manga/2/207276l.jpg
507,Zoushoku Shoujo Plana-chan!,,増殖少女プラナちゃん！,Manga,1656,6.94,2010,https://cdn.myanimelist.net/images/manga/3/219743l.jpg
518,K-sensei no Yajuu na Aijou,,K先生の野獣な愛情,Manga,1920,6.93,2010,https://cdn.myanimelist.net/images/manga/2/72583l.jpg
518,Kare wa Diablo!,,彼はディアボロ！,Manga,2060,6.93,2010,https://cdn.myanimelist.net/images/manga/2/143515l.jpg
518,Kuroinu: Kedakaki Seijo wa Hakudaku ni Somaru,,黒獣（クロイヌ）～気高き聖女は白濁に染まる～,Light Novel,1056,6.93,2010,https://cdn.myanimelist.net/images/manga/1/166725l.jpg
518,Namanaka.,No condom sex,ナマナカ。,Manga,1122,6.93,2010,https://cdn.myanimelist.net/images/manga/3/54813l.jpg
518,Renai Stampede!,,恋愛スタンピード!,Manga,849,6.93,2010,https://cdn.myanimelist.net/images/manga/2/49925l.jpg
523,Datte Asobi desho?,You Will Not Seriously?,だって遊びでしょ?,Manga,2003,6.92,2010,https://cdn.myanimelist.net/images/manga/1/149211l.jpg
523,Division,,ディヴィジョン,Manga,297,6.92,2010,https://cdn.myanimelist.net/images/manga/1/35238l.jpg
523,Higurashi no Naku Koro ni Jan,,ひぐらしの哭く頃に 雀,Manga,1815,6.92,2010,https://cdn.myanimelist.net/images/manga/2/137921l.jpg
523,Hitotsu Futatsu Himitsu,,ひとつふたつひみつ,Manga,3201,6.92,2010,https://cdn.myanimelist.net/images/manga/3/86203l.jpg
523,Junk Land,,JUNK LAND ジャンクランド,Manga,1566,6.92,2010,https://cdn.myanimelist.net/images/manga/1/68885l.jpg
523,Kokuritsu Hitozuma Gakuen,,国立人妻学園,Manga,764,6.92,2010,https://cdn.myanimelist.net/images/manga/3/112193l.jpg
523,"Kono Naka ni Hitori, Imouto ga Iru!",,この中に1人、妹がいる！,Light Novel,1769,6.92,2010,https://cdn.myanimelist.net/images/manga/1/42812l.jpg
523,Philosophia,,philosophia,Manga,5250,6.92,2010,https://cdn.myanimelist.net/images/manga/3/157106l.jpg
523,Seiketsu no Haguruma,,青血のハグルマ,Manga,1958,6.92,2010,https://cdn.myanimelist.net/images/manga/3/107285l.jpg
523,Shiro no Eden,,白のエデン,Manga,1638,6.92,2010,https://cdn.myanimelist.net/images/manga/1/36542l.jpg
523,Sumikko no Sora-san,,すみっこの空さん,Manga,760,6.92,2010,https://cdn.myanimelist.net/images/manga/3/165771l.jpg
523,Tear Drop,,ティアドロップ,Manga,1000,6.92,2010,https://cdn.myanimelist.net/images/manga/2/55557l.jpg
523,Toumei Ningen no Tsukurikata,How to make an invisible man.,透明人間の作り方,Manga,3210,6.92,2010,https://cdn.myanimelist.net/images/manga/3/157120l.jpg
523,Wagamama na Tarechichi,,我妻なたれ乳,Manga,1355,6.92,2010,https://cdn.myanimelist.net/images/manga/3/69223l.jpg
537,Henkano♡,Naughty Girlfriend,ヘンカノ♡,Manga,915,6.91,2010,https://cdn.myanimelist.net/images/manga/1/70555l.jpg
537,Kanchigai Hime to Usotsuki Shimobe,,かんちがい姫と嘘つき僕,Manga,3471,6.91,2010,https://cdn.myanimelist.net/images/manga/1/72445l.jpg
537,Renai Manga,My Loved Cartoonist and Clumsy Me.,レンアイマンガ,Manga,4957,6.91,2010,https://cdn.myanimelist.net/images/manga/3/242950l.jpg
537,Sheryl: Kiss in the Galaxy,,シェリル~キス・イン・ザ・ギャラクシー~,Manga,825,6.91,2010,https://cdn.myanimelist.net/images/manga/2/86039l.jpg
541,Aikata,,相方,Manga,1237,6.9,2010,https://cdn.myanimelist.net/images/manga/3/34272l.jpg
541,Deathless,,デスレス,Manga,665,6.9,2010,https://cdn.myanimelist.net/images/manga/2/149201l.jpg
541,Docchi mo Love!?,,どっちもLOVE！？,Manga,611,6.9,2010,https://cdn.myanimelist.net/images/manga/2/49143l.jpg
541,Hideout,Hideout,HIDEOUT,Manga,55459,6.9,2010,https://cdn.myanimelist.net/images/manga/2/65719l.jpg
541,IS: Infinite Stratos,,IS〈インフィニット・ストラトス〉,Manga,7214,6.9,2010,https://cdn.myanimelist.net/images/manga/3/57473l.jpg
541,Inu mo Kuwanai,,犬も喰わない,Manga,1651,6.9,2010,https://cdn.myanimelist.net/images/manga/3/170547l.jpg
541,Joshikousei: Girls-Live,,女子高生 Girls-Live,Manga,649,6.9,2010,https://cdn.myanimelist.net/images/manga/1/152454l.jpg
541,Kirakira,,キラキラ,Manga,1755,6.9,2010,https://cdn.myanimelist.net/images/manga/2/139325l.jpg
541,Kono Kutsu Shirimasen ka?,Like a cinderella.,この靴しりませんか?,Manga,1913,6.9,2010,https://cdn.myanimelist.net/images/manga/5/72053l.jpg
541,Koyoi Omae to,You and Tonight,今宵おまえと,Manga,428,6.9,2010,https://cdn.myanimelist.net/images/manga/1/109183l.jpg
541,Meguridokoro,,めぐりドコロ,Manga,658,6.9,2010,https://cdn.myanimelist.net/images/manga/3/167949l.jpg
541,Samurai Papa,,侍父〈パパ〉,Manga,1767,6.9,2010,https://cdn.myanimelist.net/images/manga/3/128507l.jpg
541,Star Driver,,STAR DRIVER 輝きのタクト,Manga,963,6.9,2010,https://cdn.myanimelist.net/images/manga/2/64653l.jpg
541,Yukemuri Journey,,湯けむりジャーニー,Manga,1025,6.9,2010,https://cdn.myanimelist.net/images/manga/2/65663l.jpg
555,Cherry na Teacher,,チェリーなティーチャー,Manga,1249,6.89,2010,https://cdn.myanimelist.net/images/manga/1/275621l.jpg
555,Eohwadungdungnae Boreumi,,어화둥둥 내♥보르미,Manhwa,641,6.89,2010,https://cdn.myanimelist.net/images/manga/2/104833l.jpg
555,Hanjuku-hime,,半熟姫,Manga,1339,6.89,2010,https://cdn.myanimelist.net/images/manga/1/28747l.jpg
555,Honey♥Dip,,ハニー♥ディップ,Manga,926,6.89,2010,https://cdn.myanimelist.net/images/manga/3/90015l.jpg
555,Honorable Baek Dong Soo,,야뇌 백동수,Manhwa,1692,6.89,2010,https://cdn.myanimelist.net/images/manga/3/51323l.jpg
555,Karasu ni Diamond,,カラスにダイヤモンド,Manga,2516,6.89,2010,https://cdn.myanimelist.net/images/manga/3/84791l.jpg
555,Kitsune no Akuma to Kuroi Grimoire,,狐の悪魔と黒い魔導書〈グリモア〉,Manga,7363,6.89,2010,https://cdn.myanimelist.net/images/manga/3/100499l.jpg
555,Kyou Shashou,,狂車掌,One-shot,1005,6.89,2010,https://cdn.myanimelist.net/images/manga/1/32904l.jpg
555,Mitsubana,Secret Flower,密花,Doujinshi,1138,6.89,2010,https://cdn.myanimelist.net/images/manga/2/60081l.jpg
555,Mokkai Suru no?,,もっかいするの?,Manga,729,6.89,2010,https://cdn.myanimelist.net/images/manga/1/172259l.jpg
555,"Suki de Suki de, Suki de",,好きで好きで、すきで,Manga,1142,6.89,2010,https://cdn.myanimelist.net/images/manga/2/130005l.jpg
555,Sweet Blood,Sweet Blood,달콤한 피,Manhwa,1112,6.89,2010,https://cdn.myanimelist.net/images/manga/3/281911l.jpg
555,Wonderful Days: 17-nin no Shojo to Inu,,ワンダフルデイズ～17人の処女と犬～,Manga,343,6.89,2010,https://cdn.myanimelist.net/images/manga/2/150897l.jpg
568,Akaiito ga Tsunagaru Anata to Kiss ga Shitai.,,赤い糸が繋がるあなたとキスがしたい。,Manga,367,6.88,2010,https://cdn.myanimelist.net/images/manga/3/270777l.jpg
568,Bakemono Recchan/Kinoko Takenoko: Asano Inio Tanpenshuu,,浅野いにお短編集 ばけものれっちゃん／きのこたけのこ,Manga,13419,6.88,2010,https://cdn.myanimelist.net/images/manga/1/216164l.jpg
568,Houkago Love Age,,放課後Love Age,Manga,1309,6.88,2010,https://cdn.myanimelist.net/images/manga/2/38296l.jpg
568,Kouishou Radio,PTSD Radio,後遺症ラジオ,Manga,22921,6.88,2010,https://cdn.myanimelist.net/images/manga/1/105385l.jpg
568,"Matataki suru Tabi, Koi wo Suru",One more time One more chance,瞬きするたび、恋をする,Manga,681,6.88,2010,https://cdn.myanimelist.net/images/manga/2/79249l.jpg
568,Nigeta Hitsuji no Tsukamaekata,How to Catch a Runaway Sheep,逃げたヒツジの捕まえ方,Manga,693,6.88,2010,https://cdn.myanimelist.net/images/manga/3/158946l.jpg
568,Ouji to Houkago,,王子と放課後,Manga,1630,6.88,2010,https://cdn.myanimelist.net/images/manga/1/68213l.jpg
568,Persona 3 Portable: Comic Anthology - Dear Girl's,,ペルソナ3 ポータブル コミックアンソロジー 〜Dear Girl's〜,Manga,972,6.88,2010,https://cdn.myanimelist.net/images/manga/3/298571l.jpg
568,ReMember,,ReMember,Manga,869,6.88,2010,https://cdn.myanimelist.net/images/manga/2/77259l.jpg
568,Sono Te wo Toreba,,その手を取れば,Manga,936,6.88,2010,https://cdn.myanimelist.net/images/manga/1/37648l.jpg
568,Tsuioku,,追憶,Manga,880,6.88,2010,https://cdn.myanimelist.net/images/manga/3/66223l.jpg
568,Tsuugaku Densha: Kimi to Boku no Heya,,通学电车~你和我的房间,Manga,774,6.88,2010,https://cdn.myanimelist.net/images/manga/3/38610l.jpg
568,Wakaba*Girl,,わかば＊ガール,Manga,608,6.88,2010,https://cdn.myanimelist.net/images/manga/2/152083l.jpg
581,Beast 9,,비스트 나인,Manhwa,2298,6.87,2010,https://cdn.myanimelist.net/images/manga/1/94797l.jpg
581,Higanbana no Saku Yoru ni,The Unforgiving Flowers Blossom in the Dead of Night,彼岸花の咲く夜に,Manga,6275,6.87,2010,https://cdn.myanimelist.net/images/manga/3/259717l.jpg
581,Juuhime: Phantom Pain,,銃姫 -Phantom Pain-,Manga,809,6.87,2010,https://cdn.myanimelist.net/images/manga/1/119197l.jpg
581,Mazu wa Ubaiai!,,まずは奪いあい!,Manga,773,6.87,2010,https://cdn.myanimelist.net/images/manga/3/110987l.jpg
581,Narippanashi no Ai no Kane,,なりっぱなしの愛の鐘,Manga,374,6.87,2010,https://cdn.myanimelist.net/images/manga/2/100317l.jpg
581,Neo Arcadia: Yami ni Saku Niji,,ネオアルカディア ～闇に咲く虹～,Manga,1782,6.87,2010,https://cdn.myanimelist.net/images/manga/1/37165l.jpg
581,Nobara no Mori no Otome-tachi,Maidens in the forest of wild roses,野ばらの森の乙女たち,Manga,781,6.87,2010,https://cdn.myanimelist.net/images/manga/2/148177l.jpg
581,Sengoku ARMORS,,戦国ARMORS,One-shot,668,6.87,2010,https://cdn.myanimelist.net/images/manga/2/32899l.jpg
581,Yorukumo,,よるくも,Manga,1334,6.87,2010,https://cdn.myanimelist.net/images/manga/1/134739l.jpg
581,Yu☆Gi☆Oh! Zexal,Yu-Gi-Oh! Zexal,遊☆戯☆王 ZEXAL,Manga,3631,6.87,2010,https://cdn.myanimelist.net/images/manga/1/178242l.jpg
591,Demon 72,,デーモン72,Manga,898,6.86,2010,https://cdn.myanimelist.net/images/manga/1/170392l.jpg
591,Hakuyou Ayakashi Gatari,,白耀あやかし語り,Manga,931,6.86,2010,https://cdn.myanimelist.net/images/manga/2/60113l.jpg
591,Koutetsu no Baby Leaf,,鋼鉄のベイビー・リーフ,Manga,1592,6.86,2010,https://cdn.myanimelist.net/images/manga/2/96995l.jpg
591,Ookami-tachi no Shiikuhou,,オオカミたちの飼育法,Manga,1529,6.86,2010,https://cdn.myanimelist.net/images/manga/5/107839l.jpg
591,Osananajimi Kussetsuritsu,,幼なじみ屈折率。,Manga,840,6.86,2010,https://cdn.myanimelist.net/images/manga/2/59549l.jpg
591,Princess Princess,,プリンセス・プリンセス,Manga,824,6.86,2010,https://cdn.myanimelist.net/images/manga/1/34774l.jpg
591,Sugar☆Spot,,しゅがー☆すぽっと,Manga,613,6.86,2010,https://cdn.myanimelist.net/images/manga/2/68463l.jpg
591,Tatsu no Otoshigo,,たつのおとしご,Manga,1480,6.86,2010,https://cdn.myanimelist.net/images/manga/2/98065l.jpg
591,Toxic,Toxic,トキシック,Manga,1882,6.86,2010,https://cdn.myanimelist.net/images/manga/3/38733l.jpg
600,Chikatetsu no Inu,,地下鉄の犬,Manga,1579,6.85,2010,https://cdn.myanimelist.net/images/manga/2/35858l.jpg
600,God Seeker,,ゴッドシーカー,Manga,800,6.85,2010,https://cdn.myanimelist.net/images/manga/2/64323l.jpg
600,Higurashi no Naku Koro ni Kizuna,,ひぐらしのなく頃に 絆,Manga,615,6.85,2010,https://cdn.myanimelist.net/images/manga/3/260820l.jpg
600,Himitsu no Akuma-chan,Secret Devil-chan,ひみつの悪魔ちゃん,Manga,11745,6.85,2010,https://cdn.myanimelist.net/images/manga/2/137687l.jpg
600,Houkago Play 3,Afterschool Play 3,放課後プレイ3,Manga,1262,6.85,2010,https://cdn.myanimelist.net/images/manga/2/337240l.jpg
600,Kanojo de Ippai,,彼女で満室,Manga,2962,6.85,2010,https://cdn.myanimelist.net/images/manga/2/119411l.jpg
600,Kono Yoru no Subete,This Night's Everything,この夜のすべて,Manga,523,6.85,2010,https://cdn.myanimelist.net/images/manga/1/39163l.jpg
600,Metronome,,메트로놈,Manhwa,1613,6.85,2010,https://cdn.myanimelist.net/images/manga/1/100265l.jpg
600,Pokerface,,코커페이스,Manhwa,594,6.85,2010,https://cdn.myanimelist.net/images/manga/1/28942l.jpg
600,Renai Kidou,orbit of the love,恋愛軌道,Manga,1325,6.85,2010,https://cdn.myanimelist.net/images/manga/2/139203l.jpg
600,Rokuyoku,,ろくよく,One-shot,1554,6.85,2010,https://cdn.myanimelist.net/images/manga/1/147591l.jpg
600,Tabekko Doubutsu: Neko-hen,,たべっこどうぶつ(猫編),One-shot,374,6.85,2010,https://cdn.myanimelist.net/images/manga/2/36980l.jpg
600,Te wo Tsunaide Koi wo,,手をつないで恋を,Manga,2395,6.85,2010,https://cdn.myanimelist.net/images/manga/1/170922l.jpg
613,"""Bungaku Shoujo"" to Ue Kawaku Ghost",,“文学少女”と飢え渇く幽霊【ゴースト】,Manga,1463,6.84,2010,https://cdn.myanimelist.net/images/manga/4/87567l.jpg
613,Hime Paco♥,PacoPaco Love with my Princess.,ヒメパコ♥,Manga,504,6.84,2010,https://cdn.myanimelist.net/images/manga/3/145793l.jpg
613,Juukinzoku Kanojo,,重金属彼女,Manga,1456,6.84,2010,https://cdn.myanimelist.net/images/manga/1/188467l.jpg
613,Koi no Rule wo Wasuretara,Acting on Impulse,恋のルールを忘れたら,Manga,408,6.84,2010,https://cdn.myanimelist.net/images/manga/5/147091l.jpg
613,Miman Renai dj - Summer Story,,黒瀬くんと小沢さん(夏編),Doujinshi,648,6.84,2010,https://cdn.myanimelist.net/images/manga/2/37244l.jpg
613,Oniyuri-san to Himeyuri-san,,鬼百合さんと姫百合さん,One-shot,992,6.84,2010,https://cdn.myanimelist.net/images/manga/1/152652l.jpg
613,Otodokeshimasu,,お届けします,Manga,2742,6.84,2010,https://cdn.myanimelist.net/images/manga/3/310872l.jpg
613,Otome Gokoro,,処女ゴコロ,Manga,559,6.84,2010,https://cdn.myanimelist.net/images/manga/2/49395l.jpg
613,Tabezakari,A Healthy Appetite,たべざかり,Manga,1031,6.84,2010,https://cdn.myanimelist.net/images/manga/3/135681l.jpg
613,Toppatsusei Inkou Shoukougun,,突発性淫行症候群,Manga,544,6.84,2010,https://cdn.myanimelist.net/images/manga/1/48211l.jpg
623,2-dome no Koi wa Usotsuki,,2度目の恋は嘘つき,Manga,1655,6.83,2010,https://cdn.myanimelist.net/images/manga/3/45310l.jpg
623,A-presto,,A-presto ～ア・プレスト～,Manga,438,6.83,2010,https://cdn.myanimelist.net/images/manga/3/128431l.jpg
623,Azrael,,아즈라엘,Manhwa,485,6.83,2010,https://cdn.myanimelist.net/images/manga/1/60561l.jpg
623,Bara to Dangan,,バラと弾丸,One-shot,2464,6.83,2010,https://cdn.myanimelist.net/images/manga/3/82052l.jpg
623,Dousei Doumei,,同棲同盟,Manga,820,6.83,2010,https://cdn.myanimelist.net/images/manga/2/36817l.jpg
623,Kimi no Iru Sekai shika Iranai,,君のいる世界しかいらない,Manga,1288,6.83,2010,https://cdn.myanimelist.net/images/manga/3/42678l.jpg
623,Mitsukoi Honey,,蜜恋 Honey,Manga,2263,6.83,2010,https://cdn.myanimelist.net/images/manga/1/120861l.jpg
623,Mujaki no Rakuen,Paradise of Innocence,無邪気の楽園,Manga,14513,6.83,2010,https://cdn.myanimelist.net/images/manga/3/86289l.jpg
623,"Sensei ni, Ageru.",,先生に、あげる。,Manga,6833,6.83,2010,https://cdn.myanimelist.net/images/manga/4/73625l.jpg
623,Sensei no Kanojo,,センセイの彼女,Manga,489,6.83,2010,https://cdn.myanimelist.net/images/manga/3/65693l.jpg
623,Shougo no,,しょうごの,Manga,564,6.83,2010,https://cdn.myanimelist.net/images/manga/1/109011l.jpg
623,Ze Fan Book,,是―ZE― ファンブック,Manga,674,6.83,2010,https://cdn.myanimelist.net/images/manga/2/31898l.jpg
635,Acchel World.,,あくちぇる・わーるど。,Manga,1084,6.82,2010,https://cdn.myanimelist.net/images/manga/2/156320l.jpg
635,Garden,,ガーデン,Manga,817,6.82,2010,https://cdn.myanimelist.net/images/manga/3/108029l.jpg
635,Jumbor,,ユンボル -ＪＵＭＢＯＲ-,Manga,1441,6.82,2010,https://cdn.myanimelist.net/images/manga/5/143041l.jpg
635,Midara Books,,ミダラBooks,Manga,914,6.82,2010,https://cdn.myanimelist.net/images/manga/2/177593l.jpg
635,Past Future,,ぱすとふゅーちゃー,Manga,2603,6.82,2010,https://cdn.myanimelist.net/images/manga/3/86441l.jpg
635,Sugar Kiss,,シュガー・キス,Manga,523,6.82,2010,https://cdn.myanimelist.net/images/manga/1/261425l.jpg
635,Sword Art Online: Aincrad,Sword Art Online: Aincrad,ソードアート・オンライン アインクラッド,Manga,18929,6.82,2010,https://cdn.myanimelist.net/images/manga/2/77727l.jpg
635,Tobari,,トバリ,One-shot,436,6.82,2010,https://cdn.myanimelist.net/images/manga/3/69831l.jpg
635,Ushiro no Shindere-san,,うしろノしんでれさん,Manga,1420,6.82,2010,https://cdn.myanimelist.net/images/manga/3/154540l.jpg
635,Yoake Mae,,夜明け前,Manga,1288,6.82,2010,https://cdn.myanimelist.net/images/manga/4/319659l.jpg
645,Ade-iro Yuugi,,艶色遊戯,Manga,2529,6.81,2010,https://cdn.myanimelist.net/images/manga/1/40738l.jpg
645,Bokura wa Minna Ikiteiru!,,ぼくラはミンナ生きテイル!,Manga,1645,6.81,2010,https://cdn.myanimelist.net/images/manga/1/42131l.jpg
645,Boy & Cool,,ボーイ&クール,Manga,823,6.81,2010,https://cdn.myanimelist.net/images/manga/2/40387l.jpg
645,Clover no Kuni no Alice: Tokage no Hosakan,Alice in the Country of Clover: The Lizard Aide,クローバーの国のアリス ～トカゲの補佐官～,Manga,1385,6.81,2010,https://cdn.myanimelist.net/images/manga/2/28426l.jpg
645,Guruguru Meguru,,ぐるぐるめぐる,Manga,1762,6.81,2010,https://cdn.myanimelist.net/images/manga/1/286568l.jpg
645,Hame-Fes,,ハメフェス,Manga,431,6.81,2010,https://cdn.myanimelist.net/images/manga/3/125829l.jpg
645,Hiza no Ue no Tanashi-san,,膝の上の田無さん,One-shot,444,6.81,2010,https://cdn.myanimelist.net/images/manga/1/68817l.jpg
645,Ibitsu,,いびつ,Manga,11107,6.81,2010,https://cdn.myanimelist.net/images/manga/2/100663l.jpg
645,Kiniro Kishi,,金色騎士,Manga,883,6.81,2010,https://cdn.myanimelist.net/images/manga/3/269562l.jpg
645,Klan,,KLAN（クラン）,Manga,2267,6.81,2010,https://cdn.myanimelist.net/images/manga/1/54055l.jpg
645,Love All!,,ラブオール！,Manga,1091,6.81,2010,https://cdn.myanimelist.net/images/manga/2/134895l.jpg
645,Yorokobi wa Hiza no Ue,,よろこびは膝の上,Manga,2169,6.81,2010,https://cdn.myanimelist.net/images/manga/3/40526l.jpg
657,Aka no Sekai,,赤の世界,Manga,1045,6.8,2010,https://cdn.myanimelist.net/images/manga/1/42924l.jpg
657,Amagami: Dreamy Forever,,アマガミ dreamy forever,Manga,1523,6.8,2010,https://cdn.myanimelist.net/images/manga/3/89629l.jpg
657,Koibito wa Doukyonin,,恋人は同居人,One-shot,1622,6.8,2010,https://cdn.myanimelist.net/images/manga/1/39160l.jpg
657,Naisho no Mangaka Tonari no Yutori-san,,ナイショのマンガ家 となりのゆとりさん,Manga,823,6.8,2010,https://cdn.myanimelist.net/images/manga/1/67423l.jpg
657,Nakanai Hotaru,The firefly which does not cry,泣かないホタル,Manga,813,6.8,2010,https://cdn.myanimelist.net/images/manga/3/120801l.jpg
657,Oneechan ga Kita,,お姉ちゃんが来た,Manga,2976,6.8,2010,https://cdn.myanimelist.net/images/manga/2/191287l.jpg
657,Shimoeda-san Chi no Akarui Shokutaku,Dinner at the Shimoedas,霜枝さんちの明るい食卓,Manga,1332,6.8,2010,https://cdn.myanimelist.net/images/manga/1/117773l.jpg
657,Soukan Manual,,相姦マニュアル,Manga,1405,6.8,2010,https://cdn.myanimelist.net/images/manga/3/75693l.jpg
665,Ai Mai Mii Main,,あい妹みぃ妹ん,Manga,573,6.79,2010,https://cdn.myanimelist.net/images/manga/2/69169l.jpg
665,Bakebare!,,ばけバレ！,Manga,990,6.79,2010,https://cdn.myanimelist.net/images/manga/1/68609l.jpg
665,Daisuki desu!! Mahou Tenshi Cosmos,,大好きです!! 魔法天使こすもす,Manga,1942,6.79,2010,https://cdn.myanimelist.net/images/manga/3/59829l.jpg
665,Koimitsu Fragrance,A Fragrance Called Love,恋蜜フレグランス,Manga,810,6.79,2010,https://cdn.myanimelist.net/images/manga/1/76077l.jpg
665,My Sweet Honey?,,マイスイートハニー?,Manga,986,6.79,2010,https://cdn.myanimelist.net/images/manga/2/165506l.jpg
665,Oresama wa Koi no Dorei,,俺様は恋の奴隷,Manga,804,6.79,2010,https://cdn.myanimelist.net/images/manga/3/31353l.jpg
665,Re:LIVE,,リ：ライブ,Manga,1792,6.79,2010,https://cdn.myanimelist.net/images/manga/1/85593l.jpg
665,Tooriame,,通り雨,Doujinshi,1029,6.79,2010,https://cdn.myanimelist.net/images/manga/3/110485l.jpg
673,Ame ni Nureta Tenshi,,雨に濡れた天使,Manga,619,6.78,2010,https://cdn.myanimelist.net/images/manga/2/61203l.jpg
673,Attouteki Darling!,An Overwhelming Darling,圧倒的ダーリン!,Manga,345,6.78,2010,https://cdn.myanimelist.net/images/manga/2/91397l.jpg
673,Bitch Hi School,,びっちHiスクール,Manga,781,6.78,2010,https://cdn.myanimelist.net/images/manga/1/107491l.jpg
673,Bleach: The Unforgivens,,BLEACH the unforgivens,One-shot,6843,6.78,2010,https://cdn.myanimelist.net/images/manga/1/161558l.jpg
673,Bluish,Bluish,ブルーイッシュ,Manga,475,6.78,2010,https://cdn.myanimelist.net/images/manga/1/137931l.jpg
673,Chimoguri Ringo to Kingyobachi Otoko,,血潜り林檎と金魚鉢男,Manga,5324,6.78,2010,https://cdn.myanimelist.net/images/manga/1/193671l.jpg
673,Fuson na Hana wo Aisureba,,不遜な華を愛すれば,Manga,968,6.78,2010,https://cdn.myanimelist.net/images/manga/1/149215l.jpg
673,Haikyo Circle,,廃墟サークル,Manga,950,6.78,2010,https://cdn.myanimelist.net/images/manga/1/66679l.jpg
673,Ibitsuna,,イビツナ,Manga,840,6.78,2010,https://cdn.myanimelist.net/images/manga/1/70551l.jpg
673,Kinpatsu x Kyonyuu ni Henshin de,,金髪×巨乳に変身で,Manga,328,6.78,2010,https://cdn.myanimelist.net/images/manga/2/101965l.jpg
673,Otome wa Boku ni Koishiteru: Futari no Elder,,乙女はお姉さまに恋してる 2人のエルダー,Manga,1509,6.78,2010,https://cdn.myanimelist.net/images/manga/1/39131l.jpg
673,Seiyuu Ichinensei,,声優一年生,Manga,431,6.78,2010,https://cdn.myanimelist.net/images/manga/1/119579l.jpg
673,Shimauma,Zebra,シマウマ,Manga,1640,6.78,2010,https://cdn.myanimelist.net/images/manga/3/165573l.jpg
673,Wana Wana Kiss,,ワナわなキス,Manga,715,6.78,2010,https://cdn.myanimelist.net/images/manga/1/29781l.jpg
673,YuriCam: Yurika no Campus Life,,ゆりキャン～ゆりかのキャンパスライフ～,Manga,7078,6.78,2010,https://cdn.myanimelist.net/images/manga/3/62909l.jpg
688,34-sai Mushoku-san,,34歳無職さん,Manga,1429,6.77,2010,https://cdn.myanimelist.net/images/manga/2/91031l.jpg
688,Code Geass: Shikkoku no Renya,,コードギアス 漆黒の蓮夜,Manga,7829,6.77,2010,https://cdn.myanimelist.net/images/manga/3/118883l.jpg
688,Equus,,equus,Manga,2194,6.77,2010,https://cdn.myanimelist.net/images/manga/2/40663l.jpg
688,Hands Off!!,,,One-shot,404,6.77,2010,https://cdn.myanimelist.net/images/manga/3/33176l.jpg
688,Kuro Tenkousei,,黒転校生,One-shot,1405,6.77,2010,https://cdn.myanimelist.net/images/manga/1/57635l.jpg
688,Loop (So-Sol),,루프,Manhwa,642,6.77,2010,https://cdn.myanimelist.net/images/manga/1/29414l.jpg
688,Mukuro Chandelier,,骸シャンデリア,Manga,775,6.77,2010,https://cdn.myanimelist.net/images/manga/1/53343l.jpg
688,Toki no Shoushitsu Ukeoinin,Time Eliminator,時の消失請負人,Manga,885,6.77,2010,https://cdn.myanimelist.net/images/manga/1/156381l.jpg
696,Assassine,,アサシネ,Manga,1104,6.76,2010,https://cdn.myanimelist.net/images/manga/3/273309l.jpg
696,Fractale,,フラクタル,Manga,1480,6.76,2010,https://cdn.myanimelist.net/images/manga/5/67741l.jpg
696,Kikai Tonchi Banashi Hanasaka Ikkyuu,,奇怪とんち噺 花咲一休,One-shot,504,6.76,2010,https://cdn.myanimelist.net/images/manga/1/36949l.jpg
696,Naked☆Party,,ネイキッド☆パーティ,Manga,640,6.76,2010,https://cdn.myanimelist.net/images/manga/3/57603l.jpg
696,Sazanami Cherry,,さざなみチェリー,Manga,3710,6.76,2010,https://cdn.myanimelist.net/images/manga/3/128129l.jpg
696,Yuukoku no Rasputin,,憂国のラスプーチン,Manga,2224,6.76,2010,https://cdn.myanimelist.net/images/manga/2/144087l.jpg
702,Blade Breaker,,ブレイドブレイカー,Manga,647,6.75,2010,https://cdn.myanimelist.net/images/manga/2/92687l.jpg
702,Clover no Kuni no Alice: Nightmare,Alice in the Country of Clover: Nightmare,クローバーの国のアリス ～ナイトメア～,Manga,1411,6.75,2010,https://cdn.myanimelist.net/images/manga/1/252250l.jpg
702,Hajimete Datteba!,,はじめてだってば！,Manga,3114,6.75,2010,https://cdn.myanimelist.net/images/manga/1/71407l.jpg
702,Lingerie: Houmon Hanbai Futouki,,らんじぇり ～訪問販売奮闘記～,Doujinshi,523,6.75,2010,https://cdn.myanimelist.net/images/manga/3/75703l.jpg
702,Mitsuai Celeb,,蜜愛セレブ,Manga,3021,6.75,2010,https://cdn.myanimelist.net/images/manga/4/101057l.jpg
702,Nijiiro no Cinderella,,虹色のシンデレラ,Manga,565,6.75,2010,https://cdn.myanimelist.net/images/manga/5/335827l.jpg
702,Shishunki Seimeitai Vega,Puberty Organism Vega,思春期生命体ベガ,Manga,370,6.75,2010,https://cdn.myanimelist.net/images/manga/1/129561l.jpg
702,Suugaku Girl: Godel no Fukanzensei Teiri,Mathematical Girls: Godel's Incompleteness Theorems,数学ガール ゲーデルの不完全性定理,Manga,509,6.75,2010,https://cdn.myanimelist.net/images/manga/1/146265l.jpg
710,Bloody Kiss,,Bloody Kiss,Manga,3741,6.74,2010,https://cdn.myanimelist.net/images/manga/3/132983l.jpg
710,Dream Channel,,ドリームチャンネル,Manga,411,6.74,2010,https://cdn.myanimelist.net/images/manga/2/93227l.jpg
710,Gekka Bijin,Blade of the Moon Princess,月華美刃,Manga,4107,6.74,2010,https://cdn.myanimelist.net/images/manga/2/197654l.jpg
710,Koaka Head,,コアカヘッド,Manga,1148,6.74,2010,https://cdn.myanimelist.net/images/manga/3/125155l.jpg
710,Love Kachu,Lovers Time,ラブかちゅ,Manga,547,6.74,2010,https://cdn.myanimelist.net/images/manga/2/97159l.jpg
710,Melody,,メロディ,Manga,465,6.74,2010,https://cdn.myanimelist.net/images/manga/3/110387l.jpg
710,Suki tte Iuna!,,好きっていうな！,Manga,945,6.74,2010,https://cdn.myanimelist.net/images/manga/3/96073l.jpg
710,Tonari no Randsel w,,となりのランドセルw,Manga,1854,6.74,2010,https://cdn.myanimelist.net/images/manga/1/47901l.jpg
710,Wanderful Days,,わんダフルデイズ,One-shot,631,6.74,2010,https://cdn.myanimelist.net/images/manga/2/83188l.jpg
719,1/2 L♡VE!,,1/2 L♡VE！,Manga,3572,6.73,2010,https://cdn.myanimelist.net/images/manga/3/111051l.jpg
719,Koukai Benjo,,公開便所,Manga,822,6.73,2010,https://cdn.myanimelist.net/images/manga/3/67143l.jpg
719,Kuchibiru ni Suketa Orange,A Transparent Orange in the Lip,くちびるに透けたオレンジ,Manga,4904,6.73,2010,https://cdn.myanimelist.net/images/manga/3/173657l.jpg
719,Kuroneko Suidou,,黒猫隧道,One-shot,976,6.73,2010,https://cdn.myanimelist.net/images/manga/2/37920l.jpg
719,Love Plus: Kanojo no Kako,,ラブプラス カノジョの過去,Manga,1190,6.73,2010,https://cdn.myanimelist.net/images/manga/2/176823l.jpg
719,Nemuri Hime: Yume Miru You ni Koi Shiteru,,眠り姫 夢みるように恋してる,Manga,1212,6.73,2010,https://cdn.myanimelist.net/images/manga/1/38274l.jpg
719,Starry☆Sky,Starry☆Sky,Starry☆Sky,Manga,1008,6.73,2010,https://cdn.myanimelist.net/images/manga/3/122815l.jpg
719,Swimming,Fukushima Teppei Collection of short stories,福島鉄平短編集 スイミング,Manga,861,6.73,2010,https://cdn.myanimelist.net/images/manga/3/178890l.jpg
727,"Comic Anthology Kiwami: Horror, Suspense, Mystery",,コミックアンソロジー極 ホラー サスペンス ミステリー,Manga,1237,6.72,2010,https://cdn.myanimelist.net/images/manga/3/83945l.jpg
727,Dragon Ball SD,,ドラゴンボールSD,Manga,4436,6.72,2010,https://cdn.myanimelist.net/images/manga/2/135399l.jpg
727,Kare no Iinari,,彼のイイナリ,One-shot,1229,6.72,2010,https://cdn.myanimelist.net/images/manga/1/39631l.jpg
727,Kimi to Koibana,Love story with you,君とコイバナ,Manga,1131,6.72,2010,https://cdn.myanimelist.net/images/manga/1/169393l.jpg
727,Mottomo Utsukushii Uso no Koto,An Even More Beautiful Lie,最も美しい嘘のこと,Manga,1530,6.72,2010,https://cdn.myanimelist.net/images/manga/1/39161l.jpg
727,Petit Yuri Hime,,Petit百合姫,Manga,1210,6.72,2010,https://cdn.myanimelist.net/images/manga/2/156913l.jpg
727,Shura no Mon Iden: Fudekage,,修羅の門異伝 ふでかげ,Manga,351,6.72,2010,https://cdn.myanimelist.net/images/manga/2/143853l.jpg
727,Virgin Hunt,,ばーじんはんと,Manga,272,6.72,2010,https://cdn.myanimelist.net/images/manga/3/49645l.jpg
735,Babylonia no Shishi,,バビロニアの獅子,Manga,666,6.71,2010,https://cdn.myanimelist.net/images/manga/3/127757l.jpg
735,Change the World,,チェンジ・ザ・ワールド,One-shot,790,6.71,2010,https://cdn.myanimelist.net/images/manga/2/77349l.jpg
735,Chichi Nikurin,,ちちにくりん,Manga,614,6.71,2010,https://cdn.myanimelist.net/images/manga/3/92855l.jpg
735,Egoistic Trap,,エゴイスティック トラップ,Manga,642,6.71,2010,https://cdn.myanimelist.net/images/manga/3/153439l.jpg
735,Hitorijime Boyfriend,Hitorijime Boyfriend,ひとりじめボーイフレンド,Manga,10003,6.71,2010,https://cdn.myanimelist.net/images/manga/1/274402l.jpg
735,Kanojo wa Aitsu no Osumitsuki,"""He Belives Her""",カノジョはアイツのお墨つき,Manga,400,6.71,2010,https://cdn.myanimelist.net/images/manga/2/144801l.jpg
735,Koi no Hajime,,恋のはじめ,Manga,2060,6.71,2010,https://cdn.myanimelist.net/images/manga/1/272088l.jpg
735,Oneppyu,,おねっぴゅ,Manga,639,6.71,2010,https://cdn.myanimelist.net/images/manga/2/49543l.jpg
735,Soushokukei Ism,,草食系イズム,Manga,2358,6.71,2010,https://cdn.myanimelist.net/images/manga/1/71209l.jpg
744,Chichi Otome,,チチオトメ,Manga,479,6.7,2010,https://cdn.myanimelist.net/images/manga/2/116143l.jpg
744,Harame! Nikubenki,,孕め！肉便器,Manga,367,6.7,2010,https://cdn.myanimelist.net/images/manga/3/93589l.jpg
744,Heartcatch Precure!,,ハートキャッチプリキュア！,Manga,516,6.7,2010,https://cdn.myanimelist.net/images/manga/3/181254l.jpg
744,Hoken no Sensei,,ほけんのせんせい,Manga,1200,6.7,2010,https://cdn.myanimelist.net/images/manga/2/65585l.jpg
744,Loli Hare Chu,,ろりはれっちゅ,Manga,713,6.7,2010,https://cdn.myanimelist.net/images/manga/3/100039l.jpg
744,Lovephobia,Lovephobia,ラヴフォビア,Manga,748,6.7,2010,https://cdn.myanimelist.net/images/manga/3/36579l.jpg
744,Mizuki Shigeru no Toono Monogatari,Tono Monogatari,水木しげるの遠野物語,Manga,458,6.7,2010,https://cdn.myanimelist.net/images/manga/3/36715l.jpg
744,Monster Master,,モンスターマスター,Manga,994,6.7,2010,https://cdn.myanimelist.net/images/manga/3/86085l.jpg
744,Ore Sen Kanojo,,俺専彼女,Manga,335,6.7,2010,https://cdn.myanimelist.net/images/manga/1/96877l.jpg
744,Osananajimi no Majo ni Tsuite,,幼なじみの魔女について,Manga,314,6.7,2010,https://cdn.myanimelist.net/images/manga/3/234712l.jpg
744,Shinseiki Evangelion: Comic Tribute,Neon Genesis Evangelion: Comic Tribute,新世紀エヴァンゲリオン コミックトリビュート,Manga,2106,6.7,2010,https://cdn.myanimelist.net/images/manga/3/181288l.jpg
744,Tokyo Yamimushi,,東京闇虫,Manga,743,6.7,2010,https://cdn.myanimelist.net/images/manga/1/145987l.jpg
744,Yosugara Sexology,,終夜〈よすがら〉セクソロジー,Manga,622,6.7,2010,https://cdn.myanimelist.net/images/manga/3/69775l.jpg
757,Bitch☆Harem,,ビッチ☆ハーレム,Manga,987,6.69,2010,https://cdn.myanimelist.net/images/manga/2/171443l.jpg
757,Boku no Kawaii Oneesan,,僕の可愛いお姉さん,Manga,456,6.69,2010,https://cdn.myanimelist.net/images/manga/1/92733l.jpg
757,Come Come Vanilla!,,かむかむバニラ！,Manga,9301,6.69,2010,https://cdn.myanimelist.net/images/manga/1/260028l.jpg
757,Crossover Love,,クロスオーバー・ラブ,Manga,817,6.69,2010,https://cdn.myanimelist.net/images/manga/2/181202l.jpg
757,Iiki no Ki,Demon from Afar,異域之鬼,Manga,2692,6.69,2010,https://cdn.myanimelist.net/images/manga/2/174434l.jpg
757,Kanashii Doubutsu,,かなしいどうぶつ,Manga,1740,6.69,2010,https://cdn.myanimelist.net/images/manga/4/147827l.jpg
757,Kemono Kingdom: Zoo,,ケモノキングダム~ZOO~,Manga,394,6.69,2010,https://cdn.myanimelist.net/images/manga/2/263637l.jpg
757,Kodou no Yokan - Vital Zero,,鼓動の予感～ヴァイタル・ゼロ～,Manga,652,6.69,2010,https://cdn.myanimelist.net/images/manga/1/35766l.jpg
757,Koi ni Ochite Kudasai,,恋に落ちてください,Manga,621,6.69,2010,https://cdn.myanimelist.net/images/manga/1/164556l.jpg
757,Kyoumen no Silhouette,The Silhouette of Specular,鏡面のシルエット,Manga,892,6.69,2010,https://cdn.myanimelist.net/images/manga/3/111093l.jpg
757,Ososugita Saikai,,遅すぎた再会,Manga,359,6.69,2010,https://cdn.myanimelist.net/images/manga/1/57865l.jpg
757,Play Zone - Nikushoku Kareshi to Kaikan Tenshi,,プレイゾーン~肉食彼氏と快感天使~,Manga,1490,6.69,2010,https://cdn.myanimelist.net/images/manga/1/53427l.jpg
757,UnisiS,Uniform Sister,UnisiS,Doujinshi,570,6.69,2010,https://cdn.myanimelist.net/images/manga/3/179824l.jpg
757,Yawarakai Taion,,やわらかい体温,One-shot,583,6.69,2010,https://cdn.myanimelist.net/images/manga/2/61415l.jpg
771,Boku wa Beatles,,僕はビートルズ,Manga,1005,6.68,2010,https://cdn.myanimelist.net/images/manga/3/265168l.jpg
771,Fuwafuwa no Kimochi,,ふわふわのきもち,Manga,464,6.68,2010,https://cdn.myanimelist.net/images/manga/3/141511l.jpg
771,Hananusubito,The Flower Thief,花盗人,One-shot,1037,6.68,2010,https://cdn.myanimelist.net/images/manga/2/61297l.jpg
771,Heisei Umare,Natural Born Heisei,平成生まれ,Manga,1042,6.68,2010,https://cdn.myanimelist.net/images/manga/2/130259l.jpg
771,Himitsu no Sakana Pan,,ヒミツのさかなパン,One-shot,510,6.68,2010,https://cdn.myanimelist.net/images/manga/1/45671l.jpg
771,Imouto Zettai Ryouiki,,義妹絶対領域,Manga,412,6.68,2010,https://cdn.myanimelist.net/images/manga/3/107499l.jpg
771,Zettai Nyuuiki,,絶対乳域,Manga,581,6.68,2010,https://cdn.myanimelist.net/images/manga/1/69781l.jpg
778,Another♡World,,アナザー♡ワールド,Manga,1390,6.67,2010,https://cdn.myanimelist.net/images/manga/2/48719l.jpg
778,B-Gata Kareshi no Aishikata,,B型彼氏の愛し方,Manga,1558,6.67,2010,https://cdn.myanimelist.net/images/manga/2/73325l.jpg
778,Cyclops Shoujo Saipuu,,サイクロプス少女さいぷ～,Manga,6753,6.67,2010,https://cdn.myanimelist.net/images/manga/3/139185l.jpg
778,Devil☆Clutch,,デビル☆クラッチ,One-shot,963,6.67,2010,https://cdn.myanimelist.net/images/manga/5/29187l.jpg
778,Inazuma Eleven: Special,,イナズマイレブンSPECIAL,Manga,467,6.67,2010,https://cdn.myanimelist.net/images/manga/1/112305l.jpg
778,Kimi-iro Shoujo,,キミイロ少女,Manga,1595,6.67,2010,https://cdn.myanimelist.net/images/manga/1/208712l.jpg
778,Konna Hazu ja Nakatta no ni,Even though it wasn't supposed to be like this,こんなはずじゃなかったのに。,Manga,920,6.67,2010,https://cdn.myanimelist.net/images/manga/3/31390l.jpg
778,Kouzen Waisetsu Kanojo,,公然ワイセツ彼女,Manga,514,6.67,2010,https://cdn.myanimelist.net/images/manga/3/69425l.jpg
778,Kunoichi Gakuen Ninpouchou - Yogakure,,～くのいち学園忍法帖～ヨガクレ,Manga,1026,6.67,2010,https://cdn.myanimelist.net/images/manga/3/106217l.jpg
778,Lavender wa Kiken na Kaori,,ラベンダーは危険な香り,Manga,491,6.67,2010,https://cdn.myanimelist.net/images/manga/2/62467l.jpg
778,Love Kare: Gokujou Men's Dokuhon! - Gold,,ラブカレ ～極上メンズ読本!～ GOLD,Manga,1340,6.67,2010,https://cdn.myanimelist.net/images/manga/2/91399l.jpg
778,Mugen Utamaro,,夢幻ウタマロ,Manga,452,6.67,2010,https://cdn.myanimelist.net/images/manga/1/70359l.jpg
778,Okubyou na Koi,,臆病な恋,Manga,634,6.67,2010,https://cdn.myanimelist.net/images/manga/4/182996l.jpg
778,Oneesan Whisper,,おねえさんウィスパー,Manga,640,6.67,2010,https://cdn.myanimelist.net/images/manga/1/49961l.jpg
778,Panty & Stocking with Garterbelt,,パンティ&ストッキング with Garterbelt,Manga,5717,6.67,2010,https://cdn.myanimelist.net/images/manga/3/208641l.jpg
778,Ruri Ruri: Futago no Jijou,,るりるり ～双子の事情～,Manga,298,6.67,2010,https://cdn.myanimelist.net/images/manga/2/94115l.jpg
778,Shounen Tsubaki,,少年椿,Manga,518,6.67,2010,https://cdn.myanimelist.net/images/manga/1/158662l.jpg
795,Binzume no Jigoku,,瓶詰の地獄,Manga,1410,6.66,2010,https://cdn.myanimelist.net/images/manga/3/150618l.jpg
795,Bitter na Kokuin,,ビターな刻印,Manga,293,6.66,2010,https://cdn.myanimelist.net/images/manga/1/66319l.jpg
795,Dragon Nest: Shungeki no Sedo,,Dragon Nest 瞬撃のセド,Manga,793,6.66,2010,https://cdn.myanimelist.net/images/manga/3/271174l.jpg
795,"Houkago, Kimi to Koi wo Shite.",,放課後キミと恋いをして。,Manga,1986,6.66,2010,https://cdn.myanimelist.net/images/manga/3/88845l.jpg
795,Ijippari Love Panic,,いじっぱりLOVE♥パニック,Manga,548,6.66,2010,https://cdn.myanimelist.net/images/manga/3/94807l.jpg
795,Konna Koto,Indecent Proposal,こんなこと,Manga,902,6.66,2010,https://cdn.myanimelist.net/images/manga/1/151759l.jpg
795,Nijiiro☆Prism Girl,,にじいろ☆プリズムガール,Manga,627,6.66,2010,https://cdn.myanimelist.net/images/manga/2/121611l.jpg
795,Otouto ja Irarenai!!,,弟じゃいられない!!,Manga,1439,6.66,2010,https://cdn.myanimelist.net/images/manga/3/179094l.jpg
795,Shoujo Nostalgica,,少女ノスタルジカ,Manga,402,6.66,2010,https://cdn.myanimelist.net/images/manga/3/90365l.jpg
804,Baki Domoe,,バキどもえ,Manga,640,6.65,2010,https://cdn.myanimelist.net/images/manga/2/207743l.jpg
804,Buruman,,ぶるまん,Manga,390,6.65,2010,https://cdn.myanimelist.net/images/manga/2/127137l.jpg
804,ComeCome Selection,,コメコメSelection,Manga,457,6.65,2010,https://cdn.myanimelist.net/images/manga/3/153650l.jpg
804,Dirty Pair no Daibouken,Dirty Pair,ダーティペアの大冒険,Manga,842,6.65,2010,https://cdn.myanimelist.net/images/manga/3/280725l.jpg
804,Kick no Oneesan,Kick the Girl!,キックのお姉さん,Manga,1129,6.65,2010,https://cdn.myanimelist.net/images/manga/2/191609l.jpg
804,Meisaku 4-koma Hakurankai,,名作4コマ博覧会,Manga,1194,6.65,2010,https://cdn.myanimelist.net/images/manga/3/152359l.jpg
804,Nishikaze to Taiyou,,西風と太陽,One-shot,1815,6.65,2010,https://cdn.myanimelist.net/images/manga/4/111743l.jpg
804,R-15,,R-15,Manga,745,6.65,2010,https://cdn.myanimelist.net/images/manga/3/38010l.jpg
804,Suki Kirai Suki,"Like, Dislike, Like",好き・嫌い・好き,Manga,1792,6.65,2010,https://cdn.myanimelist.net/images/manga/1/165244l.jpg
804,Tsuki to Drop,,月とドロップ,One-shot,389,6.65,2010,https://cdn.myanimelist.net/images/manga/2/188490l.jpg
814,Amagami: Close to You,,アマガミ close to you,One-shot,1588,6.64,2010,https://cdn.myanimelist.net/images/manga/2/89627l.jpg
814,Bijin Kakumei,,美人革命,Manga,2617,6.64,2010,https://cdn.myanimelist.net/images/manga/2/40306l.jpg
814,"Dakara Boku wa, H ga Dekinai.","So, I Can't Play H!",だから僕は、Hができない。,Manga,10523,6.64,2010,https://cdn.myanimelist.net/images/manga/3/161050l.jpg
814,Feti Otome-kei,,ふぇち乙女系,Manga,668,6.64,2010,https://cdn.myanimelist.net/images/manga/3/73865l.jpg
814,Junketsu Lovers,The Blood-Tied Lovers,殉血LOVERS,Manga,648,6.64,2010,https://cdn.myanimelist.net/images/manga/2/109031l.jpg
814,Koibumi Toiro,,恋文十色,Manga,1228,6.64,2010,https://cdn.myanimelist.net/images/manga/2/170154l.jpg
814,"Saikin, Imouto no Yousu ga Chotto Okashiinda ga.",,最近、妹のようすがちょっとおかしいんだが。,Manga,8851,6.64,2010,https://cdn.myanimelist.net/images/manga/1/63283l.jpg
814,Senaka made no Kyori,,背中までの距離,One-shot,357,6.64,2010,https://cdn.myanimelist.net/images/manga/2/95415l.jpg
814,The Pink Album,The Pink Album,The Pink Album,Manga,1393,6.64,2010,https://cdn.myanimelist.net/images/manga/3/253474l.jpg
814,Toraware Voice,,とらわれボイス,One-shot,421,6.64,2010,https://cdn.myanimelist.net/images/manga/2/83450l.jpg
814,Yuri Hime Collection,,百合姫Collection,Manga,946,6.64,2010,https://cdn.myanimelist.net/images/manga/1/119555l.jpg
825,"Chikai no Kiss wa, 16-sai",,誓いのキスは、16歳,Manga,1085,6.63,2010,https://cdn.myanimelist.net/images/manga/3/135455l.jpg
825,Gachirin ni Kirisaku,,月輪に斬り咲く,Manga,3309,6.63,2010,https://cdn.myanimelist.net/images/manga/3/152035l.jpg
825,Highschool of the Head,,学園黙示録 HIGHSCHOOL OF THE HEAD,Manga,2871,6.63,2010,https://cdn.myanimelist.net/images/manga/1/166342l.jpg
825,Kanojo ga Kimi wo Suki ni Natta Wake,,彼女が恋人【キミ】を好きになった理由【ワケ】,Manga,439,6.63,2010,https://cdn.myanimelist.net/images/manga/3/92333l.jpg
825,Kidou Senshi Gundam: Gyakushuu no Char - Beyond the Time,,機動戦士ガンダム 逆襲のシャア BEYOND THE TIME,Manga,527,6.63,2010,https://cdn.myanimelist.net/images/manga/1/293432l.jpg
825,Maigo no Kare to Kuma no Onegai,,迷子の彼とクマのお願い,Manga,676,6.63,2010,https://cdn.myanimelist.net/images/manga/1/136445l.jpg
825,Netorare Kanojo,,寝取られ彼女,Manga,421,6.63,2010,https://cdn.myanimelist.net/images/manga/3/70055l.jpg
825,Onnanoko no Sekkeizu,Drawing of a girl,女の子の設計図,Manga,876,6.63,2010,https://cdn.myanimelist.net/images/manga/1/168917l.jpg
825,Shippuu Jinrai,,疾風迅雷,Doujinshi,603,6.63,2010,https://cdn.myanimelist.net/images/manga/1/186930l.jpg
825,Takayanagi-ke no Ban Gohan,,高柳家の晩ごはん,One-shot,252,6.63,2010,https://cdn.myanimelist.net/images/manga/5/341113l.jpg
825,Yubisake no Koe,,指先の声,One-shot,320,6.63,2010,https://cdn.myanimelist.net/images/manga/3/162968l.jpg
836,Ai ga Ippai Ero wa Oppai,,愛がいっぱい エロはおっぱい,Manga,453,6.62,2010,https://cdn.myanimelist.net/images/manga/1/71575l.jpg
836,Ai to Bonyuu to Yamada-jiru,,愛と母乳と山田汁,One-shot,922,6.62,2010,https://cdn.myanimelist.net/images/manga/3/53855l.jpg
836,Destroy and Revolution,,デストロイアンドレボリューション,Manga,5514,6.62,2010,https://cdn.myanimelist.net/images/manga/1/63977l.jpg
836,Gitei Otoshi,,義弟堕とし,Doujinshi,634,6.62,2010,https://cdn.myanimelist.net/images/manga/2/93433l.jpg
836,Itoshi Koishi Kimi dake ni,Love Only You,愛し恋し君だけに,Manga,792,6.62,2010,https://cdn.myanimelist.net/images/manga/3/130843l.jpg
836,Kono Tabi wa,,このたびは,Manga,388,6.62,2010,https://cdn.myanimelist.net/images/manga/3/36721l.jpg
836,Line,,line,Manga,270,6.62,2010,https://cdn.myanimelist.net/images/manga/2/189890l.jpg
836,Marshmallow Honey,,マシュマロハニー,One-shot,263,6.62,2010,https://cdn.myanimelist.net/images/manga/2/77351l.jpg
836,Puppy Lovers,,パピィラバーズ,Manga,8940,6.62,2010,https://cdn.myanimelist.net/images/manga/2/188953l.jpg
836,Sawareru Taion,,触れる体温,Manga,909,6.62,2010,https://cdn.myanimelist.net/images/manga/4/340825l.jpg
836,Toraware Box,,トラワレBOX,Manga,504,6.62,2010,https://cdn.myanimelist.net/images/manga/3/101969l.jpg
836,Yubisaki de Ai wo Katare,,指先で愛を語れ,Manga,380,6.62,2010,https://cdn.myanimelist.net/images/manga/2/348621l.jpg
848,Hakaijuu,Creature!,ハカイジュウ,Manga,18629,6.61,2010,https://cdn.myanimelist.net/images/manga/2/43301l.jpg
848,Hentai Kansoku,,変態姦測,Manga,865,6.61,2010,https://cdn.myanimelist.net/images/manga/2/126493l.jpg
848,Kashikomi Mousu!,,かしこみ申す!,One-shot,429,6.61,2010,https://cdn.myanimelist.net/images/manga/5/67011l.jpg
848,Koishite Hoshii,,恋してほしい,Manga,518,6.61,2010,https://cdn.myanimelist.net/images/manga/1/162986l.jpg
848,Konya mo Jirettai,,今夜もじれったい,Manga,1438,6.61,2010,https://cdn.myanimelist.net/images/manga/1/150344l.jpg
848,Omoni Naitemasu,,主に泣いてます,Manga,872,6.61,2010,https://cdn.myanimelist.net/images/manga/3/66395l.jpg
848,Onaji Sora wo Miteiru,I'm looking at the same sky,同じ空を見ている,Manga,656,6.61,2010,https://cdn.myanimelist.net/images/manga/2/159640l.jpg
848,Shoujo Seiiki,,少女聖域,Manga,1035,6.61,2010,https://cdn.myanimelist.net/images/manga/2/48157l.jpg
856,Ai no Konseki,,愛の痕跡 ～野獣軍曹と愛玩軍医～,Manga,1080,6.6,2010,https://cdn.myanimelist.net/images/manga/1/37296l.jpg
856,Enma,,エンマ,One-shot,403,6.6,2010,https://cdn.myanimelist.net/images/manga/2/38148l.jpg
856,Futanari Himekishi Elis,Futanari Princess Knight Elis,ふたなり姫騎士エリス,Manga,465,6.6,2010,https://cdn.myanimelist.net/images/manga/2/154888l.jpg
856,GANTZ/EXA,,GANTZ/EXA,Light Novel,1919,6.6,2010,https://cdn.myanimelist.net/images/manga/2/39814l.jpg
856,GDGD-DOGS,Manga Dogs,グダグダドッグス,Manga,6847,6.6,2010,https://cdn.myanimelist.net/images/manga/1/34544l.jpg
856,Kedamono Dakara,,ケダモノだから。,Manga,369,6.6,2010,https://cdn.myanimelist.net/images/manga/2/59017l.jpg
856,Kimi no Ai de Motenashite,,君の愛で、もてなして,One-shot,1870,6.6,2010,https://cdn.myanimelist.net/images/manga/3/67611l.jpg
856,Magical☆Change,,まじかる☆チェンジ,Manga,1191,6.6,2010,https://cdn.myanimelist.net/images/manga/3/222013l.jpg
856,Shirojishi no Kodomotachi,Children of White Lion,白獅子の子供たち,Manga,395,6.6,2010,https://cdn.myanimelist.net/images/manga/3/159488l.jpg
856,"Sono Otoko, Amatou ni Tsuki",,その男、甘党につき,Manga,1287,6.6,2010,https://cdn.myanimelist.net/images/manga/3/99813l.jpg
856,Venus ni Kuchizuke,,ヴィーナスに接吻〈くちづけ〉,Manga,943,6.6,2010,https://cdn.myanimelist.net/images/manga/3/340694l.jpg
867,Bullet Armors,,BULLET ARMORS バレットアーマーズ,Manga,2552,6.59,2010,https://cdn.myanimelist.net/images/manga/2/105867l.jpg
867,Cerberus,,ケルベロス,Manga,5102,6.59,2010,https://cdn.myanimelist.net/images/manga/3/117661l.jpg
867,Futanarikko Fantasia,,ふたなりっ娘ファンタジア,Manga,575,6.59,2010,https://cdn.myanimelist.net/images/manga/1/53945l.jpg
867,Mousou Kikou: Adolescence Avatar,,妄想奇行 Adolescence Avatar,Manga,1299,6.59,2010,https://cdn.myanimelist.net/images/manga/2/101191l.jpg
867,My Sisters,,My Sisters,Manga,501,6.59,2010,https://cdn.myanimelist.net/images/manga/2/49843l.jpg
867,Para Furi: Strange Those Who Cohabit,Strange Sex In Parallel Worlds,パラふり～Strange those who cohabit～,Manga,316,6.59,2010,https://cdn.myanimelist.net/images/manga/1/59907l.jpg
867,Sensei to Himitsu wo...,,先生と秘密を…,Manga,578,6.59,2010,https://cdn.myanimelist.net/images/manga/3/262003l.jpg
867,Yuri-iro no Koibito,,百合色の恋人,One-shot,685,6.59,2010,https://cdn.myanimelist.net/images/manga/2/80118l.jpg
867,Zenryou Naru Itan no Machi,,善良なる異端の街,Manga,1474,6.59,2010,https://cdn.myanimelist.net/images/manga/1/29758l.jpg
876,Aigan Kitty,,愛玩キティ,Manga,1120,6.58,2010,https://cdn.myanimelist.net/images/manga/2/91555l.jpg
876,Josou Danshi Anthology Syrup!,,女装男子アンソロジー Syrup!,Manga,711,6.58,2010,https://cdn.myanimelist.net/images/manga/1/316141l.jpg
876,Kagaku na Yatsura,,カガクなヤツら,Manga,4119,6.58,2010,https://cdn.myanimelist.net/images/manga/2/188895l.jpg
876,Kimi koso Boku no Koimonogatari,,君こそ僕の恋物語,Manga,964,6.58,2010,https://cdn.myanimelist.net/images/manga/1/262006l.jpg
876,Koi♥Mane,,コイ♥マネ,Manga,2244,6.58,2010,https://cdn.myanimelist.net/images/manga/1/81916l.jpg
876,Kokuhaku,Confession,告白,Manga,604,6.58,2010,https://cdn.myanimelist.net/images/manga/2/46905l.jpg
876,Milky Way,,Milky Way ~遠距離恋愛のススメ~,Manga,823,6.58,2010,https://cdn.myanimelist.net/images/manga/3/73747l.jpg
876,Pure Kare.,,ぴゅあカレ。,Manga,329,6.58,2010,https://cdn.myanimelist.net/images/manga/3/246387l.jpg
876,Shuukaku no Juunigatsu,,収穫の十二月,Manga,1643,6.58,2010,https://cdn.myanimelist.net/images/manga/3/185993l.jpg
876,Swot,,SWOT,Manga,8647,6.58,2010,https://cdn.myanimelist.net/images/manga/1/205701l.jpg
876,Wakasugita Hakushaku Fujin,,若すぎた伯爵夫人,Manga,649,6.58,2010,https://cdn.myanimelist.net/images/manga/1/341973l.jpg
887,BlazBlue: Chimelical Complex,,ブレイブルー キメリカルコンプレックス,Manga,1291,6.57,2010,https://cdn.myanimelist.net/images/manga/3/256472l.jpg
887,Kakuu no Koibito,,架空の恋人,Manga,658,6.57,2010,https://cdn.myanimelist.net/images/manga/1/61643l.jpg
887,Kami Yome,,カミヨメ,Manga,522,6.57,2010,https://cdn.myanimelist.net/images/manga/3/150845l.jpg
887,Mechashiko Seven,,めちゃしこせぶん,Manga,967,6.57,2010,https://cdn.myanimelist.net/images/manga/3/156753l.jpg
887,Monster Cage,,,One-shot,654,6.57,2010,https://cdn.myanimelist.net/images/manga/3/36688l.jpg
887,Noboseru Karada,,のぼせるからだ,Manga,873,6.57,2010,https://cdn.myanimelist.net/images/manga/3/127827l.jpg
887,Salomelic,,さろめりっく,Manga,949,6.57,2010,https://cdn.myanimelist.net/images/manga/2/119081l.jpg
887,Unsweet: Netorare Ochita Onna-tachi,,アンスイート－寝取られ堕ちた女たち－,Manga,1273,6.57,2010,https://cdn.myanimelist.net/images/manga/3/66029l.jpg
887,Zen Martial Arts Academy,,ZEN 마경 무인학원,Manhwa,6419,6.57,2010,https://cdn.myanimelist.net/images/manga/1/58109l.jpg
896,Celestial Clothes,,セレスティアルクローズ,Manga,803,6.56,2010,https://cdn.myanimelist.net/images/manga/1/188822l.jpg
896,End of Eternity: The Secret Hours,,エンド オブ エタニティ ザ・シークレットアワーズ,Manga,869,6.56,2010,https://cdn.myanimelist.net/images/manga/3/50897l.jpg
896,Kintoki: Kinmezoku no Toki,Kintoki: Toki of the Kinme Clan,KINTOKI 金目族のトキ,One-shot,3715,6.56,2010,https://cdn.myanimelist.net/images/manga/2/283131l.jpg
896,Sweet♥Life,,スウィート♥ライフ,Manga,942,6.56,2010,https://cdn.myanimelist.net/images/manga/2/57957l.jpg
896,Tomodachi Ijou,,友だち以上,Manga,777,6.56,2010,https://cdn.myanimelist.net/images/manga/1/66371l.jpg
896,Urara-chan no Naka no Hito,,うららちゃんのナカの人,Manga,961,6.56,2010,https://cdn.myanimelist.net/images/manga/2/55845l.jpg
896,Zankokuna Kimi ni Tomoni,,残酷な君と共に,Manga,642,6.56,2010,https://cdn.myanimelist.net/images/manga/2/35629l.jpg
896,trash.,,trash.,Manga,8078,6.56,2010,https://cdn.myanimelist.net/images/manga/1/106257l.jpg
904,Balance Days,,BALANCE DAYS,One-shot,1751,6.55,2010,https://cdn.myanimelist.net/images/manga/3/159437l.jpg
904,Brand-new♡Star,,ブランニュー♡スター,Manga,609,6.55,2010,https://cdn.myanimelist.net/images/manga/3/140507l.jpg
904,Finlandia: Santa Yousei Gakkou,,フィンランディア―サンタ養成学校―,Manga,792,6.55,2010,https://cdn.myanimelist.net/images/manga/3/152674l.jpg
904,FistFesta!,,FistFesta!,Doujinshi,409,6.55,2010,https://cdn.myanimelist.net/images/manga/1/94065l.jpg
904,Heart Stealer,Heart Stealer,ハートスティーラー,One-shot,307,6.55,2010,https://cdn.myanimelist.net/images/manga/1/68017l.jpg
904,Honjitsu wa Seiten nari,,本日は晴天なり,Manga,581,6.55,2010,https://cdn.myanimelist.net/images/manga/3/140241l.jpg
904,Kawaru Sekai,,変わる世界,Manga,354,6.55,2010,https://cdn.myanimelist.net/images/manga/1/85347l.jpg
904,Kono Oneesan wa Fiction desu!?,Is this Girl for Real!?,このお姉さんはフィクションです!?,Manga,15424,6.55,2010,https://cdn.myanimelist.net/images/manga/1/149001l.jpg
904,Love Flag★Girls!!,,ラブフラッグ★Girls!!,Manga,2005,6.55,2010,https://cdn.myanimelist.net/images/manga/2/33520l.jpg
904,Namida no Memory,,なみだのメモリー,One-shot,435,6.55,2010,https://cdn.myanimelist.net/images/manga/3/72315l.jpg
904,Rush!,,RUSH!,Manga,368,6.55,2010,https://cdn.myanimelist.net/images/manga/1/213038l.jpg
904,Tandem Lover,,タンデムLOVER,Manga,780,6.55,2010,https://cdn.myanimelist.net/images/manga/2/169817l.jpg
904,Tonari no Oniisan,,隣りのお兄さん,One-shot,1292,6.55,2010,https://cdn.myanimelist.net/images/manga/1/28838l.jpg
917,Blood Soul,,ブラッドソウル,Manga,3025,6.54,2010,https://cdn.myanimelist.net/images/manga/2/174525l.jpg
917,Carpe Diem,,カルペ・ディエム,One-shot,572,6.54,2010,https://cdn.myanimelist.net/images/manga/3/112441l.jpg
917,Chichiyoku,,乳欲,Manga,403,6.54,2010,https://cdn.myanimelist.net/images/manga/2/136997l.jpg
917,Delivery Cinderella,,デリバリーシンデレラ,Manga,3474,6.54,2010,https://cdn.myanimelist.net/images/manga/1/188777l.jpg
917,Gekijouban Pocket Monster Diamond & Pearl: Genei no Hasha Zoroark,Pokémon: Zoroark - Master of Illusions,劇場版ポケットモンスターダイヤモンド&パール 幻影の覇者ゾロアーク,Manga,922,6.54,2010,https://cdn.myanimelist.net/images/manga/3/45591l.jpg
917,Hahaoya Shikkaku: Watashi wa Musuko Tomodachi no Mesu Buta Dorei,,母親失格・私は息子友達のメス豚奴隷,Doujinshi,595,6.54,2010,https://cdn.myanimelist.net/images/manga/1/94307l.jpg
917,Haru yo Koi,Awaiting Spring,はるよこい,One-shot,7884,6.54,2010,https://cdn.myanimelist.net/images/manga/1/47085l.jpg
917,Love Plus: Manaka Days,,ラブプラス Manaka Days,Manga,1074,6.54,2010,https://cdn.myanimelist.net/images/manga/3/156366l.jpg
917,Simple Days,,シンプルデイズ,Manga,510,6.54,2010,https://cdn.myanimelist.net/images/manga/3/117645l.jpg
917,Toubou Kinshi!,,逃亡禁止！,Manga,829,6.54,2010,https://cdn.myanimelist.net/images/manga/1/56401l.jpg
917,Yume Midokoro,,ゆめみどころ,One-shot,628,6.54,2010,https://cdn.myanimelist.net/images/manga/1/33404l.jpg
928,Ayame to Amane,,あやめとあまね,Manga,3407,6.53,2010,https://cdn.myanimelist.net/images/manga/3/210547l.jpg
928,Elhanburg no Tenshi,The Angel of Elhamburg,エルハンブルグの天使,Manga,1674,6.53,2010,https://cdn.myanimelist.net/images/manga/3/124319l.jpg
928,Hakuchuumu: Niku ni Otsu,,白昼夢 ～肉に堕つ～,Manga,330,6.53,2010,https://cdn.myanimelist.net/images/manga/3/92815l.jpg
928,Hokuto no Ken - Juuza Gaiden,,彷徨の雲 北斗の拳 ジュウザ外伝,Manga,1125,6.53,2010,https://cdn.myanimelist.net/images/manga/3/37606l.jpg
928,Jigoku Iki Bus,A Bus to Hell,地獄行きバス,Manga,541,6.53,2010,https://cdn.myanimelist.net/images/manga/3/97341l.jpg
928,Nidome no Koi,,二度目の恋,One-shot,1499,6.53,2010,https://cdn.myanimelist.net/images/manga/2/87311l.jpg
928,Vongola GP Kuru!,,ボンゴレGP来る!,Manga,1516,6.53,2010,https://cdn.myanimelist.net/images/manga/4/338822l.jpg
935,1LDK♥Shitsuji,My secret butler,1LDK♥執事,Manga,914,6.52,2010,https://cdn.myanimelist.net/images/manga/3/165532l.jpg
935,Akuma Yashiki no Kyouikugakari,,悪魔屋敷の教育係,One-shot,405,6.52,2010,https://cdn.myanimelist.net/images/manga/2/40418l.jpg
935,Bokura no Koi wa Shi ni Itaru Yamai no You de,,僕らの恋は死にいたる病のようで,Manga,5003,6.52,2010,https://cdn.myanimelist.net/images/manga/2/148065l.jpg
935,Bunbetsu to Takan,Sense and Sensibility,分別と多感,Manga,1825,6.52,2010,https://cdn.myanimelist.net/images/manga/1/270226l.jpg
935,Fujun Kouyuu,,不純交遊,One-shot,335,6.52,2010,https://cdn.myanimelist.net/images/manga/1/75845l.jpg
935,Futsumashi na Yome desu ga.,,祓魔師な嫁ですが。,Manga,1552,6.52,2010,https://cdn.myanimelist.net/images/manga/3/190290l.jpg
935,Help Me! Misaki-san: Boku no Misaki-san-hen,,Help me! 美咲さん ～僕の美咲さん編～,One-shot,655,6.52,2010,https://cdn.myanimelist.net/images/manga/1/68889l.jpg
935,Nigeru Otoko,,逃げる男,Manga,2832,6.52,2010,https://cdn.myanimelist.net/images/manga/3/40768l.jpg
935,Oujo-sama to Bodyguard,,王女様とボディガード,Manga,330,6.52,2010,https://cdn.myanimelist.net/images/manga/4/127193l.jpg
935,"Sou Itte, Kimi wa Warau",,そう言って君は笑う,Doujinshi,325,6.52,2010,https://cdn.myanimelist.net/images/manga/3/42108l.jpg
945,Cha!!,,茶！！,Doujinshi,393,6.51,2010,https://cdn.myanimelist.net/images/manga/1/94195l.jpg
945,Exoskull Zero,,エクゾスカル 零,Manga,1044,6.51,2010,https://cdn.myanimelist.net/images/manga/3/143571l.jpg
945,Kokoro no Subete wo,Something from the Heart,心のすべてを,Manga,500,6.51,2010,https://cdn.myanimelist.net/images/manga/2/68319l.jpg
945,Marriage Black,marriage black,マリッジ・ブラック,Manga,1131,6.51,2010,https://cdn.myanimelist.net/images/manga/3/50553l.jpg
945,Mousou Honey,,妄想HONEY,Manga,1199,6.51,2010,https://cdn.myanimelist.net/images/manga/1/212352l.jpg
945,Oishii Koi Café,,美味しい恋カフェ,Manga,264,6.51,2010,https://cdn.myanimelist.net/images/manga/3/61399l.jpg
945,Okasubekarazu!! Junketsu Tokku!,,侵スベカラズ!! 純血特区!,Manga,2172,6.51,2010,https://cdn.myanimelist.net/images/manga/1/170856l.jpg
945,Tonari no.,,となりの。,One-shot,377,6.51,2010,https://cdn.myanimelist.net/images/manga/1/41476l.jpg
945,Toshi no Sa: My Steady,,年の差 マイステディ,One-shot,247,6.51,2010,https://cdn.myanimelist.net/images/manga/2/90687l.jpg
954,Aaan Megami-sama,,あああん女神様,Manga,797,6.5,2010,https://cdn.myanimelist.net/images/manga/3/64437l.jpg
954,Anata no Mune ni Kaeru Hi made,,あなたの胸に還る日まで,Manga,1916,6.5,2010,https://cdn.myanimelist.net/images/manga/2/69847l.jpg
954,Ane-sama Inkou,,姉様淫香,Manga,428,6.5,2010,https://cdn.myanimelist.net/images/manga/2/75725l.jpg
954,Engeki-bu no Majo to Kishi,Witch Meets Knight,演劇部の魔女と騎士,Manga,482,6.5,2010,https://cdn.myanimelist.net/images/manga/3/186007l.jpg
954,Futari dake no Himitsu +,,ふたりだけのひみつ＋,Doujinshi,390,6.5,2010,https://cdn.myanimelist.net/images/manga/2/51017l.jpg
954,Girls Monochrome,,Girlsmonochrome,Doujinshi,481,6.5,2010,https://cdn.myanimelist.net/images/manga/2/131103l.jpg
954,Green.,,Green．,Manga,2135,6.5,2010,https://cdn.myanimelist.net/images/manga/1/123871l.jpg
954,Imori 201,,イモリ201,Manga,7812,6.5,2010,https://cdn.myanimelist.net/images/manga/3/281191l.jpg
954,Koukan Nikki,,校姦日記,Manga,352,6.5,2010,https://cdn.myanimelist.net/images/manga/2/300098l.jpg
954,Maou sa,,まおうさ,One-shot,397,6.5,2010,https://cdn.myanimelist.net/images/manga/2/107917l.jpg
954,Ohisama no Nioi no Suru Shoujo,,おひさまの匂いのする少女。,Manga,418,6.5,2010,https://cdn.myanimelist.net/images/manga/1/183204l.jpg
954,Sailor Magic Midori-chan,,制服魔法〈セーラーマジック〉みどりちゃん,Manga,506,6.5,2010,https://cdn.myanimelist.net/images/manga/2/159067l.jpg
966,Balance Policy,,バランスポリシー,Manga,3839,6.49,2010,https://cdn.myanimelist.net/images/manga/2/260632l.jpg
966,Colorful Harvest,Colorful Harvest,からふるはーべすと,Manga,3303,6.49,2010,https://cdn.myanimelist.net/images/manga/3/44191l.jpg
966,Heavenly,,Heavenly へぶんりぃー,Manga,567,6.49,2010,https://cdn.myanimelist.net/images/manga/2/110105l.jpg
966,Kuusou Garou,,空想画廊,Manga,400,6.49,2010,https://cdn.myanimelist.net/images/manga/1/194611l.jpg
966,Kyou kara Dame Inu!,,今日からダメ犬!,One-shot,1022,6.49,2010,https://cdn.myanimelist.net/images/manga/2/30102l.jpg
966,Mako-san to Hachisuka-kun.,,真子さんとハチスカくん。,Manga,682,6.49,2010,https://cdn.myanimelist.net/images/manga/2/165557l.jpg
966,Megu♥Milk,,めぐ♥みるく,Manga,1846,6.49,2010,https://cdn.myanimelist.net/images/manga/2/137317l.jpg
966,Miyata Shoten e Youkoso!,,宮田書店へようこそ! 水あさと短編集,Manga,924,6.49,2010,https://cdn.myanimelist.net/images/manga/2/101413l.jpg
966,Moyashi Otoko to Tane Shoujo,,もやし男と種少女,Manga,1162,6.49,2010,https://cdn.myanimelist.net/images/manga/5/73137l.jpg
966,Pochapocha Suiei-bu,Pocha-Pocha Swimming Club,ぽちゃぽちゃ水泳部,Manga,1056,6.49,2010,https://cdn.myanimelist.net/images/manga/2/150555l.jpg
966,Raubritter*,,ローブリッター,Manga,2919,6.49,2010,https://cdn.myanimelist.net/images/manga/1/34644l.jpg
966,Shuuchi Nikurin,,羞恥肉林,Manga,359,6.49,2010,https://cdn.myanimelist.net/images/manga/1/48169l.jpg
966,Sore ga Kanojo no Seigi nara,,それが彼女のセイギなら,Manga,7378,6.49,2010,https://cdn.myanimelist.net/images/manga/2/118693l.jpg
966,Spotted Flower,,Spotted Flower,Manga,6091,6.49,2010,https://cdn.myanimelist.net/images/manga/2/119485l.jpg
966,Tremolo Letra,,トレモロレトラ,Manga,1040,6.49,2010,https://cdn.myanimelist.net/images/manga/2/262038l.jpg
966,Tsukumono,,ツクモノ,One-shot,467,6.49,2010,https://cdn.myanimelist.net/images/manga/3/144471l.jpg
982,Ashita no Kyouko-san,Kyoko the Tomorrow,あしたの今日子さん,Manga,1867,6.48,2010,https://cdn.myanimelist.net/images/manga/1/174912l.jpg
982,Girls☆Complex,,ガールズ☆コンプレックス,One-shot,633,6.48,2010,https://cdn.myanimelist.net/images/manga/3/39759l.jpg
982,"Houkago, Seifuku wo Nuide",,放課後、制服を脱いで,Manga,2392,6.48,2010,https://cdn.myanimelist.net/images/manga/2/38475l.jpg
982,Kankin Tantei,Hostage Detective,監禁探偵,Manga,320,6.48,2010,https://cdn.myanimelist.net/images/manga/1/123275l.jpg
982,Kusuguttai no... Suki♥,,くすぐったいの･･･好き♥,Manga,454,6.48,2010,https://cdn.myanimelist.net/images/manga/2/94995l.jpg
982,Mie Hariatte Surechigai,,見栄張りあってすれ違い,Manga,538,6.48,2010,https://cdn.myanimelist.net/images/manga/1/155036l.jpg
982,Mugen no Minamo ni,,むげんのみなもに,Manga,1442,6.48,2010,https://cdn.myanimelist.net/images/manga/3/54333l.jpg
982,Musubenai Necktie,,結べないネクタイ,One-shot,779,6.48,2010,https://cdn.myanimelist.net/images/manga/2/197031l.jpg
982,Seimei desu ga Nani ka?,,清明ですがなにか？,One-shot,314,6.48,2010,https://cdn.myanimelist.net/images/manga/2/121353l.jpg
982,Toscana no Yuuutsu,The Italian's Price,トスカーナの憂鬱,Manga,283,6.48,2010,https://cdn.myanimelist.net/images/manga/3/94461l.jpg
982,Youshou no Hana no Himitsu,The secret of Girls flowers,幼少の花の秘密,Manga,343,6.48,2010,https://cdn.myanimelist.net/images/manga/3/165811l.jpg
993,China Girls,,,Manhua,873,6.47,2010,https://cdn.myanimelist.net/images/manga/3/44667l.jpg
993,Examurai,,エグザムライ,Manga,1121,6.47,2010,https://cdn.myanimelist.net/images/manga/5/39972l.jpg
993,Mochizuki-sensei no Shuugaku Ryokou,,望月先生の修学旅行,One-shot,275,6.47,2010,https://cdn.myanimelist.net/images/manga/2/161159l.jpg
993,Pure-Mari,,プレ・マリ,Manga,667,6.47,2010,https://cdn.myanimelist.net/images/manga/2/79775l.jpg
993,Sayuri,Sayuri,サユリ,Manga,1445,6.47,2010,https://cdn.myanimelist.net/images/manga/3/125929l.jpg
993,Shunkan x Heroism,,瞬間×ヒロイズム,One-shot,463,6.47,2010,https://cdn.myanimelist.net/images/manga/2/34441l.jpg
999,Aibou no Jouken,,相棒の条件,Manga,1368,6.46,2010,https://cdn.myanimelist.net/images/manga/2/97699l.jpg
999,Barairo Emperor,,薔薇色エンペラー,Manga,1313,6.46,2010,https://cdn.myanimelist.net/images/manga/1/278241l.jpg
999,Beauty & Beast,,Beauty&Beast,Manga,514,6.46,2010,https://cdn.myanimelist.net/images/manga/2/64753l.jpg
999,Futanarikko no Sekai,,ふたなりっ娘の世界,Manga,533,6.46,2010,https://cdn.myanimelist.net/images/manga/2/68787l.jpg
999,"Imamade, Korekara",,いままで、これから,Doujinshi,1214,6.46,2010,https://cdn.myanimelist.net/images/manga/1/140453l.jpg
999,Shimekiri-sama ni Oyurushi wo,,〆切様におゆるしを,Manga,491,6.46,2010,https://cdn.myanimelist.net/images/manga/3/164387l.jpg
999,Tsubakikan no Utsukushi Sugiru Garçon,,椿館の美しすぎるギャルソン,Manga,1521,6.46,2010,https://cdn.myanimelist.net/images/manga/1/63889l.jpg
1006,Binkan☆Loli Torisu,,敏感☆ろりトリス,Manga,449,6.45,2010,https://cdn.myanimelist.net/images/manga/2/92745l.jpg
1006,Black Jack no Yuuwaku,"Bought For Revenge, Bedded For Pleasure",ブラックジャックの誘惑,Manga,760,6.45,2010,https://cdn.myanimelist.net/images/manga/1/102049l.jpg
1006,Koi no Jikan,Heart Flaming of Romance,恋の時間,Manga,361,6.45,2010,https://cdn.myanimelist.net/images/manga/1/143217l.jpg
1006,Mukuchi na Bakemono wa Yoru ni Naku,,無口ナ化物ハ夜ニ鳴ク,One-shot,1433,6.45,2010,https://cdn.myanimelist.net/images/manga/2/34068l.jpg
1006,Namida wo Yurushita Jigoku no Shisha,,涙を許した地獄の死者,One-shot,377,6.45,2010,https://cdn.myanimelist.net/images/manga/2/177498l.jpg
1011,Boku no Idol,,ボクのアイドル,One-shot,2243,6.44,2010,https://cdn.myanimelist.net/images/manga/2/29923l.jpg
1011,Eien Extra,,EIEN Extra,Doujinshi,457,6.44,2010,https://cdn.myanimelist.net/images/manga/2/108311l.jpg
1011,Kanojo wa Sore wo Gaman Dekinai,,彼女はソレを我慢できない,Manga,6667,6.44,2010,https://cdn.myanimelist.net/images/manga/1/72867l.jpg
1011,Land Escape,,ランドエスケープ,One-shot,215,6.44,2010,https://cdn.myanimelist.net/images/manga/3/58975l.jpg
1011,Onkai no Miyako,,音階の都,One-shot,221,6.44,2010,https://cdn.myanimelist.net/images/manga/3/302192l.jpg
1011,Oyayubi Hime,,おやゆび姫,Manga,447,6.44,2010,https://cdn.myanimelist.net/images/manga/2/169031l.jpg
1011,Rakko 11-gou,Otter No. 11,ラッコ11号,One-shot,5275,6.44,2010,https://cdn.myanimelist.net/images/manga/3/34222l.jpg
1011,Tengoku mo Jigoku,,天国も地獄,One-shot,305,6.44,2010,https://cdn.myanimelist.net/images/manga/3/75839l.jpg
1011,Yume Touka End Roll,,ゆめ糖花エンドロール,Manga,1391,6.44,2010,https://cdn.myanimelist.net/images/manga/3/104009l.jpg
1020,Another♥Another♥World,,アナザー♥アナザー♥ワールド,Doujinshi,487,6.43,2010,https://cdn.myanimelist.net/images/manga/2/93661l.jpg
1020,Hime to Mahoutsukai,,姫と魔法使い,One-shot,459,6.43,2010,https://cdn.myanimelist.net/images/manga/3/69627l.jpg
1020,Living Dead!,The Living Dead!,りびんぐでっど!,Manga,2093,6.43,2010,https://cdn.myanimelist.net/images/manga/1/144459l.jpg
1020,Mon-Oka,,悶犯,Manga,382,6.43,2010,https://cdn.myanimelist.net/images/manga/2/95123l.jpg
1020,Namadashi Generation,,なまだしぜねれーしょん,One-shot,343,6.43,2010,https://cdn.myanimelist.net/images/manga/3/174712l.jpg
1025,Chotto dake!,,ちょっとだけ！,Doujinshi,447,6.42,2010,https://cdn.myanimelist.net/images/manga/2/150218l.jpg
1025,Follow,,腐ォロー,Manga,769,6.42,2010,https://cdn.myanimelist.net/images/manga/2/36323l.jpg
1025,Inbo Shiiku: Mama Pet,Slave Mother Rape,淫母飼育～ママペット～,Manga,481,6.42,2010,https://cdn.myanimelist.net/images/manga/2/68891l.jpg
1025,Kimi ni XOXO,,キミにＸＯＸＯ,Manga,527,6.42,2010,https://cdn.myanimelist.net/images/manga/3/42342l.jpg
1025,Kurokami no Helga,HELGA of dark hair,黒髪のヘルガ,Manga,860,6.42,2010,https://cdn.myanimelist.net/images/manga/2/48531l.jpg
1025,"Me, Him, and Her",,,One-shot,247,6.42,2010,https://cdn.myanimelist.net/images/manga/1/31191l.jpg
1025,Pandora,,パンドラ,Manga,750,6.42,2010,https://cdn.myanimelist.net/images/manga/3/128487l.jpg
1025,Sensei Ano ne.,,先生あのね。,Manga,814,6.42,2010,https://cdn.myanimelist.net/images/manga/1/81556l.jpg
1033,Devil Kiss,,デビルキッス,Doujinshi,455,6.41,2010,https://cdn.myanimelist.net/images/manga/3/49463l.jpg
1033,Fukigen Cinderella,,フキゲンシンデレラ,Manga,5185,6.41,2010,https://cdn.myanimelist.net/images/manga/2/58175l.jpg
1033,Kaichou to Fukukaichou,In Student's Meeting,会長と副会長,Manga,1892,6.41,2010,https://cdn.myanimelist.net/images/manga/2/65373l.jpg
1033,Nukinuki Family Sex: Haha to Ane to Imouto to Boku to Sex,,ヌキヌキファミリーセックス〜母と姉と妹と僕とセックス〜,Manga,525,6.41,2010,https://cdn.myanimelist.net/images/manga/3/244201l.jpg
1037,Busujima Kyouju no Tamago,Professor Busujima's Egg,毒島教授の卵,One-shot,265,6.4,2010,https://cdn.myanimelist.net/images/manga/3/31638l.jpg
1037,Cubism Love,,キュビズム･ラブ,Manga,1217,6.4,2010,https://cdn.myanimelist.net/images/manga/2/149782l.jpg
1037,Koi no Amai Toko,The sweet thing is stuffed into love.,恋の甘いとこ,Manga,271,6.4,2010,https://cdn.myanimelist.net/images/manga/1/203177l.jpg
1037,Koi no Suicide,,恋のスーサイド,One-shot,2309,6.4,2010,https://cdn.myanimelist.net/images/manga/3/37026l.jpg
1037,Kuchu Kuchu Mama♥,,くちゅくちゅママ♥,Manga,300,6.4,2010,https://cdn.myanimelist.net/images/manga/3/105159l.jpg
1037,Okujou-hime,Princess on the Roof,屋上姫,Manga,3411,6.4,2010,https://cdn.myanimelist.net/images/manga/1/148877l.jpg
1043,Ane Plus,,姉+,Manga,266,6.39,2010,https://cdn.myanimelist.net/images/manga/1/40480l.jpg
1043,Yamamoto Mimikaki-ten,,山本耳かき店,Manga,483,6.39,2010,https://cdn.myanimelist.net/images/manga/3/153264l.jpg
1043,Yuexia Meiren,,月下美人,Manhua,696,6.39,2010,https://cdn.myanimelist.net/images/manga/2/45236l.jpg
1046,Mao Marimo,,まおまりも,Manga,1368,6.38,2010,https://cdn.myanimelist.net/images/manga/3/79185l.jpg
1046,Wagahai wa Neko de Aru,,吾輩は猫である,Manga,320,6.38,2010,https://cdn.myanimelist.net/images/manga/1/149317l.jpg
1048,Akai Kami wa Yuuwaku no Shirushi,,赤い髪は誘惑のしるし,Manga,550,6.37,2010,https://cdn.myanimelist.net/images/manga/1/341974l.jpg
1048,Ikoku Shoujo to Sumire no Hanataba,Foreign Girl and Bouquet of Violets,異国少女とすみれの花束,Manga,662,6.37,2010,https://cdn.myanimelist.net/images/manga/1/43807l.jpg
1048,Kirisuke to Johnny 499-giri,,斬り介とジョニー 四百九十九人斬り,Manga,976,6.37,2010,https://cdn.myanimelist.net/images/manga/2/171493l.jpg
1048,Masaka Kore ga Koi nante,,まさかこれが恋なんて,Manga,596,6.37,2010,https://cdn.myanimelist.net/images/manga/3/143975l.jpg
1048,Shinseiki Evangelion: Ikari Shinji Tantei Nikki,Neon Genesis Evangelion: The Shinji Ikari Detective Diary,新世紀エヴァンゲリオン 碇シンジ探偵日記,Manga,2408,6.37,2010,https://cdn.myanimelist.net/images/manga/1/145055l.jpg
1048,Shishunki no Ayamachi,,思春期のあやまち,One-shot,713,6.37,2010,https://cdn.myanimelist.net/images/manga/3/97027l.jpg
1048,Tsuyahada Lovers,,艶肌らう゛ぁーず,Manga,443,6.37,2010,https://cdn.myanimelist.net/images/manga/2/203343l.jpg
1055,Infinity Game,,无尽游戏,Manhua,1697,6.36,2010,https://cdn.myanimelist.net/images/manga/1/45871l.jpg
1055,Kaoru Himegoto,,香ル秘メ事,One-shot,273,6.36,2010,https://cdn.myanimelist.net/images/manga/2/123461l.jpg
1055,Kemono ni Namida,,獣に涙,Manga,1424,6.36,2010,https://cdn.myanimelist.net/images/manga/1/87667l.jpg
1055,La Pomme Prisonnière,,ポム・プリゾニエール,Manga,4750,6.36,2010,https://cdn.myanimelist.net/images/manga/2/170594l.jpg
1055,Meat Hole,,み～とほ～る,Manga,502,6.36,2010,https://cdn.myanimelist.net/images/manga/2/114859l.jpg
1055,Minimum,,ミニマム,Manga,5366,6.36,2010,https://cdn.myanimelist.net/images/manga/1/62141l.jpg
1055,Monitoring Black Site,,モニタリング闇〈ブラック〉サイト,Manga,342,6.36,2010,https://cdn.myanimelist.net/images/manga/3/174146l.jpg
1055,Ousama Game,King's Game,王様ゲーム,Manga,41086,6.36,2010,https://cdn.myanimelist.net/images/manga/1/116343l.jpg
1055,Soko ni Osuwari!,,そこにオスわり!,Manga,791,6.36,2010,https://cdn.myanimelist.net/images/manga/3/158583l.jpg
1055,Tabun Motto Suki ni Naru,,多分もっと好きになる,Manga,362,6.36,2010,https://cdn.myanimelist.net/images/manga/1/128103l.jpg
1065,"Asanaga Fuugetsu, Shodouka desu.",,朝長風月、書道家です。,Manga,1289,6.35,2010,https://cdn.myanimelist.net/images/manga/3/135421l.jpg
1065,G-Maru Edition,,ジーまるえでぃしょん,Manga,4079,6.35,2010,https://cdn.myanimelist.net/images/manga/3/70733l.jpg
1065,Kainushi-sama to Oyobi!,,飼い主様とお呼びッ！,Manga,458,6.35,2010,https://cdn.myanimelist.net/images/manga/2/153608l.jpg
1065,Kimi wa Seiya ni Uso wo Tsuku,,君は聖夜に嘘をつく,One-shot,1908,6.35,2010,https://cdn.myanimelist.net/images/manga/3/39708l.jpg
1065,Shinzui Summer Ver.,,真髄 Summer Ver.,Doujinshi,1071,6.35,2010,https://cdn.myanimelist.net/images/manga/2/75923l.jpg
1065,Yama Fu-Tang,,山風短,Manga,809,6.35,2010,https://cdn.myanimelist.net/images/manga/2/263119l.jpg
1071,/Blush-DC: Hi♥mitsu,,/Blush-DC～秘♥蜜～,Manga,11315,6.34,2010,https://cdn.myanimelist.net/images/manga/1/188907l.jpg
1071,Ame no Ato.,,雨のあと。,One-shot,315,6.34,2010,https://cdn.myanimelist.net/images/manga/2/62553l.jpg
1071,Farfalla,,FARFALLA,Doujinshi,329,6.34,2010,https://cdn.myanimelist.net/images/manga/3/49967l.jpg
1071,Fermer Mardi,,フェルメルマルディ,One-shot,421,6.34,2010,https://cdn.myanimelist.net/images/manga/5/79235l.jpg
1071,Negiho (Ito) Bun,Negiho: Mahora Little Girls,ネギほ（幼）文,Manga,1160,6.34,2010,https://cdn.myanimelist.net/images/manga/3/172894l.jpg
1071,Otomegokoro no Jiyuugata,,乙女心?の自由形,Manga,627,6.34,2010,https://cdn.myanimelist.net/images/manga/5/62899l.jpg
1077,Fuwa♡Kyun,,ふわ♡きゅん,One-shot,259,6.33,2010,https://cdn.myanimelist.net/images/manga/1/38614l.jpg
1077,Golden Boy II: Sasurai no Obenkyou Yarou Geinoukai Ooabare-hen,,GOLDEN BOY II 〜さすらいのお勉強野郎 芸能界大暴れ編〜,Manga,3404,6.33,2010,https://cdn.myanimelist.net/images/manga/1/113633l.jpg
1077,Hana Michi Otome,,花みちおとめ,Manga,1914,6.33,2010,https://cdn.myanimelist.net/images/manga/2/102753l.jpg
1077,Hiiro no Marionetta,,緋色のマリオネッタ,Manga,956,6.33,2010,https://cdn.myanimelist.net/images/manga/2/65551l.jpg
1077,MaMaMa: Mahou Iinchou Mako-chan Mahou Shidou,MaMaMa: Magical Director Mako-chan's Magical Guidance,マママ～魔法委員長魔子ちゃんの魔法指導～,Manga,442,6.33,2010,https://cdn.myanimelist.net/images/manga/1/90073l.jpg
1077,Mine,,マイン,One-shot,838,6.33,2010,https://cdn.myanimelist.net/images/manga/1/105813l.jpg
1083,Aoi Kizu to Doku no Ringo to,,青い傷と毒のリンゴと,Manga,588,6.32,2010,https://cdn.myanimelist.net/images/manga/3/90293l.jpg
1083,Minds,,マインズ,One-shot,1750,6.32,2010,https://cdn.myanimelist.net/images/manga/3/37797l.jpg
1083,Nozomu Nozomi,,のぞむのぞみ,Manga,4806,6.32,2010,https://cdn.myanimelist.net/images/manga/1/164500l.jpg
1083,Pretty Haru,,꽃 같은 하루,Manhwa,1012,6.32,2010,https://cdn.myanimelist.net/images/manga/2/52273l.jpg
1083,Risou no Kareshi-tachi,,理想のカレシたち,One-shot,2830,6.32,2010,https://cdn.myanimelist.net/images/manga/2/116051l.jpg
1088,Higanjima: Saigo no 47 Nichikan,,彼岸島 最後の47日間,Manga,1384,6.31,2010,https://cdn.myanimelist.net/images/manga/2/174021l.jpg
1089,Ashita kara Mou Ichido,Again Tomorrow,あしたからもう一度,Manga,325,6.29,2010,https://cdn.myanimelist.net/images/manga/3/79357l.jpg
1089,Bench,,ベンチ,One-shot,2969,6.29,2010,https://cdn.myanimelist.net/images/manga/3/252248l.jpg
1089,Dokusen Kenrisho,,独占権利書,Manga,600,6.29,2010,https://cdn.myanimelist.net/images/manga/3/105615l.jpg
1089,Freudstein no Futago,Twins of Darkness,フロイトシュテインの双子,Manga,1055,6.29,2010,https://cdn.myanimelist.net/images/manga/1/220964l.jpg
1089,"Kai, Sasu",Stitches,怪、刺す,Light Novel,2028,6.29,2010,https://cdn.myanimelist.net/images/manga/2/115995l.jpg
1089,Light Wing,,LIGHT WING [ライトウィング],Manga,811,6.29,2010,https://cdn.myanimelist.net/images/manga/2/178951l.jpg
1089,Momo to Botan to Yuri no Hana,,桃と牡丹と百合の花,Manga,1318,6.29,2010,https://cdn.myanimelist.net/images/manga/3/36734l.jpg
1089,Yamome no Tamago,,やもめのたまご,Manga,344,6.29,2010,https://cdn.myanimelist.net/images/manga/1/228414l.jpg
1097,2 Kaime no Hajimete no Koi,,２回目のはじめての恋,One-shot,3895,6.28,2010,https://cdn.myanimelist.net/images/manga/3/111685l.jpg
1097,Chicken Stalker,Chicken Stalker,チキン・ストーカー,Manga,663,6.28,2010,https://cdn.myanimelist.net/images/manga/3/222172l.jpg
1097,Haco,,HACO-ハコ-,One-shot,810,6.28,2010,https://cdn.myanimelist.net/images/manga/3/144457l.jpg
1097,"Him and Me, and Her",,"그 녀석과 나, 그리고 그녀",One-shot,314,6.28,2010,https://cdn.myanimelist.net/images/manga/1/111181l.jpg
1097,Ikoku no Doctor,The Italian Doctor's Mistress,異国のドクター,Manga,393,6.28,2010,https://cdn.myanimelist.net/images/manga/1/108225l.jpg
1097,Magic: The Gathering - Moe Tsukinu Honoo,,マジック: ザ・ギャザリング 燃え尽きぬ炎,Manga,606,6.28,2010,https://cdn.myanimelist.net/images/manga/1/280719l.jpg
1097,Pink Rush,,ピンク・ラッシュ,Manga,475,6.28,2010,https://cdn.myanimelist.net/images/manga/3/156114l.jpg
1097,Pizza to Shoujuu,,ピザと小獣,One-shot,299,6.28,2010,https://cdn.myanimelist.net/images/manga/2/48865l.jpg
1097,Uso Mitai na Hanashi desu ga,,嘘みたいな話ですが,Manga,554,6.28,2010,https://cdn.myanimelist.net/images/manga/3/116005l.jpg
1106,6000,The Deep Sea of Madness,6000―ロクセン―,Manga,8641,6.27,2010,https://cdn.myanimelist.net/images/manga/2/181998l.jpg
1106,Alice's Dream Files,,愛麗斯奇夢檔案,Manhua,550,6.27,2010,https://cdn.myanimelist.net/images/manga/3/30567l.jpg
1106,Josoo-bu.,Club for Crossdressers,ジョそぉ部。―クロマメオトコの娘作品セレクション―,Manga,771,6.27,2010,https://cdn.myanimelist.net/images/manga/1/170857l.jpg
1106,Justice: Wyatt Earp Monogatari,,正義―Justice―ワイアット・アープ物語,Manga,338,6.27,2010,https://cdn.myanimelist.net/images/manga/3/180678l.jpg
1106,Nonono.,,ののの。,One-shot,329,6.27,2010,https://cdn.myanimelist.net/images/manga/3/77167l.jpg
1111,Classmate no Josou wo Tetsudattara Kawai sugite Furue ga Tomaranai Ken,My Cute Crossdresser,クラスメイトの女装を手伝ったら可愛すぎて震えが止まらない件 ～松本ミトヒ。 オトコの娘作品集～,Manga,856,6.26,2010,https://cdn.myanimelist.net/images/manga/3/163675l.jpg
1111,Love Plus: Nene Days,,ラブプラス Nene Days,Manga,759,6.26,2010,https://cdn.myanimelist.net/images/manga/3/43535l.jpg
1111,Metallica Metalluca,,メタリカメタルカ,Manga,3044,6.26,2010,https://cdn.myanimelist.net/images/manga/2/35169l.jpg
1111,Shoushin no Monaco,The Frenchman's Marriage Demand,傷心のモナコ,Manga,441,6.26,2010,https://cdn.myanimelist.net/images/manga/3/119009l.jpg
1115,30-sai no Hoken Taiiku,,30歳の保健体育,Manga,1086,6.25,2010,https://cdn.myanimelist.net/images/manga/3/97171l.jpg
1115,Devilman vs Getter Robo,,デビルマン対ゲッターロボ,Manga,1297,6.25,2010,https://cdn.myanimelist.net/images/manga/2/183220l.jpg
1115,Enka: Zetsurin Ou to Yokubou Ouji,,艶華～絶倫王と欲望皇子～,Manga,310,6.25,2010,https://cdn.myanimelist.net/images/manga/2/60107l.jpg
1115,Kuchibiru Kudasai,,くちびる下さい,One-shot,570,6.25,2010,https://cdn.myanimelist.net/images/manga/1/113121l.jpg
1115,Sono Saki no Fuukei,,その先の風景,Manga,1834,6.25,2010,https://cdn.myanimelist.net/images/manga/2/91285l.jpg
1120,Sekimen Danshi Makkaasa,,赤面男子マッカーサー,One-shot,252,6.24,2010,https://cdn.myanimelist.net/images/manga/1/95079l.jpg
1120,Urban Cross,,アーバンクロス,One-shot,748,6.24,2010,https://cdn.myanimelist.net/images/manga/1/39389l.jpg
1122,Akuma no Namida,,悪魔の涙,One-shot,302,6.23,2010,https://cdn.myanimelist.net/images/manga/5/78965l.jpg
1122,Asamiya-san no Imouto,Sister of Ms. Asamiya,麻宮さんの妹,Manga,1890,6.23,2010,https://cdn.myanimelist.net/images/manga/3/110971l.jpg
1122,Comic Lily Plus,,ComicリリィPLUS,Manga,387,6.23,2010,https://cdn.myanimelist.net/images/manga/3/167537l.jpg
1122,Shinzui Shinseikatsu Ver.,,真髄 新生活Ver.,Doujinshi,531,6.23,2010,https://cdn.myanimelist.net/images/manga/3/59643l.jpg
1126,Lemon no,,檸檬の,One-shot,802,6.21,2010,https://cdn.myanimelist.net/images/manga/2/72263l.jpg
1127,Hayai Hanashi ga Ikutsuka,,早い話がいくつか,Doujinshi,259,6.2,2010,https://cdn.myanimelist.net/images/manga/3/280299l.jpg
1127,Koi Wakaba,,こいわかば,One-shot,386,6.2,2010,https://cdn.myanimelist.net/images/manga/2/41711l.jpg
1127,"Seiya, Mayoeru Kohitsuji ni",,聖夜、迷える子羊に,One-shot,787,6.2,2010,https://cdn.myanimelist.net/images/manga/4/111247l.jpg
1127,Smile Maker,,Smile Maker (スマイル メーカー),One-shot,943,6.2,2010,https://cdn.myanimelist.net/images/manga/1/113471l.jpg
1127,Tennen Kakutou Shoujo Chihiro-chan♥,,天然格闘少女ちひろちゃん♥,Manga,1105,6.2,2010,https://cdn.myanimelist.net/images/manga/2/151965l.jpg
1132,Abunai Kagaku to Oneechan,,危ない科学とお姉ちゃん,Manga,302,6.18,2010,https://cdn.myanimelist.net/images/manga/1/49757l.jpg
1132,Cross Days,,クロスデイズ,Manga,3440,6.18,2010,https://cdn.myanimelist.net/images/manga/1/100765l.jpg
1132,Reversible,,,Manga,631,6.18,2010,https://cdn.myanimelist.net/images/manga/2/29665l.jpg
1132,○○ se yo!! Sengoku Gakuen Seitokai,,○○せよ!! 戦国学園生徒会,Manga,362,6.18,2010,https://cdn.myanimelist.net/images/manga/1/56339l.jpg
1136,Banana no Nana,,バナナのナナ,Manga,3990,6.17,2010,https://cdn.myanimelist.net/images/manga/2/188913l.jpg
1136,Mimei no Girl,,未明のGirl,One-shot,321,6.17,2010,https://cdn.myanimelist.net/images/manga/3/125591l.jpg
1136,SS Sisters,Super Sadistic Sisters,SSシスターズ,Manga,5215,6.17,2010,https://cdn.myanimelist.net/images/manga/3/158584l.jpg
1136,Ubu-Chu!,,うぶchuッ♡,One-shot,289,6.17,2010,https://cdn.myanimelist.net/images/manga/3/61173l.jpg
1136,Yome ga Loli tte Doo yo!?,,嫁がロリってどーよ!?,Manga,716,6.17,2010,https://cdn.myanimelist.net/images/manga/3/142181l.jpg
1141,Docchi Docchi,,どっちどっち,One-shot,262,6.16,2010,https://cdn.myanimelist.net/images/manga/1/68599l.jpg
1141,U,,U [ユー],Manga,786,6.16,2010,https://cdn.myanimelist.net/images/manga/3/178166l.jpg
1143,Nishikaidan no Akuma,,西階段の悪魔,Doujinshi,2999,6.15,2010,https://cdn.myanimelist.net/images/manga/2/146669l.jpg
1144,Arata no Tsukumogami,,アラタのツクモガミ,One-shot,469,6.13,2010,https://cdn.myanimelist.net/images/manga/3/37980l.jpg
1144,Darenimo Ienai,,誰にも言えない,Manga,1246,6.13,2010,https://cdn.myanimelist.net/images/manga/2/115279l.jpg
1144,Sensei no Boku,,せんせいのぼく,Manga,550,6.13,2010,https://cdn.myanimelist.net/images/manga/3/42116l.jpg
1144,Shinshi na Meets Girl,Gentleman Meets Girl,紳士なミーツガール,Manga,1119,6.13,2010,https://cdn.myanimelist.net/images/manga/1/40671l.jpg
1144,abgset,,abgset,Doujinshi,388,6.13,2010,https://cdn.myanimelist.net/images/manga/1/58459l.jpg
1149,Void,,ヴォイド,Manga,1463,6.12,2010,https://cdn.myanimelist.net/images/manga/2/36601l.jpg
1150,Haruwaka,,はるわか,Manga,5259,6.11,2010,https://cdn.myanimelist.net/images/manga/1/156354l.jpg
1150,Hydromance,,ハイドロマンス,One-shot,277,6.11,2010,https://cdn.myanimelist.net/images/manga/3/190579l.jpg
1150,Junai Twitter,,純愛ツイッター,Manga,616,6.11,2010,https://cdn.myanimelist.net/images/manga/2/40848l.jpg
1150,Yamiiro no Aijin,,闇色の愛人,Manga,602,6.11,2010,https://cdn.myanimelist.net/images/manga/3/85255l.jpg
1154,Komata-kun to Komata-chan,,こまったくんとこまったちゃん,Doujinshi,391,6.1,2010,https://cdn.myanimelist.net/images/manga/3/203756l.jpg
1155,Hataraku Oyomesan,,はたらく♥およめさん,One-shot,403,6.09,2010,https://cdn.myanimelist.net/images/manga/1/67267l.jpg
1155,Maji Bura!?,,まじブラ!?,Manga,1529,6.09,2010,https://cdn.myanimelist.net/images/manga/2/207066l.jpg
1157,AkogaLady wo Momi Time,,あこがレディをもみタイム,One-shot,318,6.08,2010,https://cdn.myanimelist.net/images/manga/2/157713l.jpg
1157,Onnanoko Tokidoki Otokonoko,Girl [Heartbeat] Boy,女の子ときどき男のこ,Manga,1342,6.08,2010,https://cdn.myanimelist.net/images/manga/4/34118l.jpg
1157,Space Chef Caisar,,スペースシェフ シーザー,Manga,2696,6.08,2010,https://cdn.myanimelist.net/images/manga/3/180450l.jpg
1157,Tsumasaki ni Hi,La Danse des Amants: The Dance of Lovers,つまさきに火,Manga,407,6.08,2010,https://cdn.myanimelist.net/images/manga/1/113451l.jpg
1161,Heavy Wing: Liberate - Shugo Senki*Hoshi wo Kaihou suru Shoujo,,HEAVY WING: LIBERATE ～守護戦姫＊星を解放する少女～,Doujinshi,290,6.07,2010,https://cdn.myanimelist.net/images/manga/1/155210l.jpg
1161,Tokarev no Ayaui Shiro,,トカレフの危うい城,Manga,919,6.07,2010,https://cdn.myanimelist.net/images/manga/4/48587l.jpg
1163,Anata dake Houseki,,あなただけ宝石,Manga,893,6.06,2010,https://cdn.myanimelist.net/images/manga/3/246107l.jpg
1163,Majo to Boku,,まじょとぼく,One-shot,1744,6.06,2010,https://cdn.myanimelist.net/images/manga/4/45785l.jpg
1163,Nureru Karada,,濡れるカラダ,Manga,702,6.06,2010,https://cdn.myanimelist.net/images/manga/4/288332l.jpg
1163,Seishokuki,,性食鬼,Manga,3047,6.06,2010,https://cdn.myanimelist.net/images/manga/2/137157l.jpg
1167,Tourin,,闘鈴,One-shot,722,6.05,2010,https://cdn.myanimelist.net/images/manga/3/193262l.jpg
1168,Suna no Meiro,The Arabian Mistress,砂の迷路,Manga,451,6.02,2010,https://cdn.myanimelist.net/images/manga/1/107333l.jpg
1169,Cream Pie,,Cream Pie,Doujinshi,677,6.01,2010,https://cdn.myanimelist.net/images/manga/2/61933l.jpg
1169,Don't Touch! Daddy,,Don’t touch! ダディ,Manga,270,6.01,2010,https://cdn.myanimelist.net/images/manga/3/128091l.jpg
1171,Tetsuo: The Bullet Man,,鉄男 THE BULLET MAN,Manga,731,6.0,2010,https://cdn.myanimelist.net/images/manga/2/155388l.jpg
1172,Love You!,,らぶゆ!,Manga,2276,5.98,2010,https://cdn.myanimelist.net/images/manga/2/163759l.jpg
1173,Itokoi Chidori,,愛恋千鳥,Manga,5794,5.96,2010,https://cdn.myanimelist.net/images/manga/3/60155l.jpg
1174,Yome♂,,嫁♂,One-shot,442,5.95,2010,https://cdn.myanimelist.net/images/manga/2/66787l.jpg
1174,♂Docchi♀,,♂どっち♀,Manga,1067,5.95,2010,https://cdn.myanimelist.net/images/manga/1/39149l.jpg
1176,Kokenoshima,,コケノシマ,One-shot,325,5.94,2010,https://cdn.myanimelist.net/images/manga/3/193816l.jpg
1176,Seikimatsu Occult Gakuin,,世紀末オカルト学院,Manga,1338,5.94,2010,https://cdn.myanimelist.net/images/manga/1/60673l.jpg
1178,Bunkou no Hitotachi,Boy and Girl in Branch School,分校の人たち,Manga,848,5.91,2010,https://cdn.myanimelist.net/images/manga/3/229683l.jpg
1178,Kobako no Tegami,,小箱の手紙,One-shot,426,5.91,2010,https://cdn.myanimelist.net/images/manga/2/83769l.jpg
1180,Gensou Gynaecocracy,,幻想ギネコクラシー,Manga,1632,5.89,2010,https://cdn.myanimelist.net/images/manga/1/149798l.jpg
1180,Mahou Onna ga Kuru,,魔法女がくる,Manga,795,5.89,2010,https://cdn.myanimelist.net/images/manga/2/39925l.jpg
1182,"No Bra, No Panties, No Future",,ノーブラノーパンノーフューチャー,One-shot,555,5.87,2010,https://cdn.myanimelist.net/images/manga/3/61517l.jpg
1183,Corpse Party: Musume,,コープスパーティー:娘,Manga,8343,5.83,2010,https://cdn.myanimelist.net/images/manga/3/166019l.jpg
1184,Mousou Megane,Girls in my Glasses,妄想メガネ,Manga,1813,5.82,2010,https://cdn.myanimelist.net/images/manga/3/180371l.jpg
1184,Rengoku no Joou,,煉獄の女王,One-shot,371,5.82,2010,https://cdn.myanimelist.net/images/manga/4/51937l.jpg
1186,Houkago,,ほうかご,One-shot,227,5.79,2010,https://cdn.myanimelist.net/images/manga/2/82864l.jpg
1187,Atashi no Idol,,アタシのアイドル,One-shot,1271,5.78,2010,https://cdn.myanimelist.net/images/manga/3/110011l.jpg
1188,Chopperman: Yuke Yuke! Minna no Chopper-sensei,,チョッパーマン ゆけゆけ! みんなのチョッパー先生,Manga,1767,5.75,2010,https://cdn.myanimelist.net/images/manga/3/65203l.jpg
1188,Mahou Bloomers,,魔法ブルマ,One-shot,405,5.75,2010,https://cdn.myanimelist.net/images/manga/3/39154l.jpg
1190,Devil Bride,,악마신부,One-shot,839,5.73,2010,https://cdn.myanimelist.net/images/manga/1/34826l.jpg
1190,Xuerende Liwu,,雪人的礼物,Manhua,321,5.73,2010,https://cdn.myanimelist.net/images/manga/1/30725l.jpg
1192,My Summer Memory,,,One-shot,408,5.72,2010,https://cdn.myanimelist.net/images/manga/3/37019l.jpg
1193,Boku no Kirai na Otouto,,僕のキライな弟,Manga,529,5.71,2010,https://cdn.myanimelist.net/images/manga/3/189891l.jpg
1193,Lost Girl,,ロストガール,One-shot,758,5.71,2010,https://cdn.myanimelist.net/images/manga/3/44039l.jpg
1195,Naisho no Otome Revolver,Secret Maiden Revolver,ないしょの乙女リボルバー,Manga,975,5.7,2010,https://cdn.myanimelist.net/images/manga/1/175460l.jpg
1196,Bloody Maiden: Toomarimiki no Shima,,BLOODY MAIDEN ～十三鬼の島～,Manga,2683,5.61,2010,https://cdn.myanimelist.net/images/manga/3/57871l.jpg
1197,Odoru Issun-boushi,,踊る一寸法師,One-shot,414,5.59,2010,https://cdn.myanimelist.net/images/manga/1/224176l.jpg
1197,Survival of the Dead,,SURVIVAL OF THE DEAD サバイバル・オブ・ザ・デッド,One-shot,758,5.59,2010,https://cdn.myanimelist.net/images/manga/1/41431l.jpg
1199,Iinchou wa Supponpon,,委員長はすっぽんぽん,One-shot,398,5.53,2010,https://cdn.myanimelist.net/images/manga/3/122903l.jpg
1200,Onna no Buki ga Tsukaete koso Otoko no Ko desu.,,女の武器が使えてこそ男の娘です。,One-shot,1309,5.08,2010,https://cdn.myanimelist.net/images/manga/1/111265l.jpg
